"","freq","prev","p.freq","p.prev","p","contaminant"
"Zotu198",0.000868039284160209,57,NA,0.452380952380952,0.452380952380952,FALSE
"Zotu5",0.00867167386449028,63,NA,0.5,0.5,FALSE
"Zotu62",0.00249963858636997,31,NA,0.746031746031746,0.746031746031746,FALSE
"Zotu15",0.00475890854148949,61,NA,0.984126984126984,0.984126984126984,FALSE
"Zotu66",0.001637879742401,59,NA,0.468253968253968,0.468253968253968,FALSE
"Zotu766",0.000226027247600427,24,NA,0.69047619047619,0.69047619047619,FALSE
"Zotu5726",1.79579313536103e-05,9,NA,0.571428571428571,0.571428571428571,FALSE
"Zotu282",0.000732571761728501,62,NA,0.492063492063492,0.492063492063492,FALSE
"Zotu7",0.00788876736966915,63,NA,0.5,0.5,FALSE
"Zotu58",0.00254632681626609,63,NA,0.5,0.5,FALSE
"Zotu236",0.000706636132271522,54,NA,0.428571428571428,0.428571428571428,FALSE
"Zotu342",0.000444422398528227,41,NA,0.825396825396825,0.825396825396825,FALSE
"Zotu1",0.0764830828155721,63,NA,0.5,0.5,FALSE
"Zotu5769",2.19025641764673e-05,14,NA,0.611111111111111,0.611111111111111,FALSE
"Zotu2615",4.24568560210187e-05,6,NA,0.547619047619048,0.547619047619048,FALSE
"Zotu802",0.000170363732695363,21,NA,0.666666666666667,0.666666666666667,FALSE
"Zotu70",0.00166001972636602,62,NA,0.492063492063492,0.492063492063492,FALSE
"Zotu14",0.00485443455894468,31,NA,0.746031746031746,0.746031746031746,FALSE
"Zotu132",0.00112193434814787,44,NA,0.849206349206349,0.849206349206349,FALSE
"Zotu147",0.000893195337424627,58,NA,0.46031746031746,0.46031746031746,FALSE
"Zotu10",0.00544604297379864,63,NA,0.5,0.5,FALSE
"Zotu314",0.000475337794149396,46,NA,0.865079365079365,0.865079365079365,FALSE
"Zotu6",0.00714361294199804,63,NA,0.5,0.5,FALSE
"Zotu285",0.00087296506368274,62,NA,0.492063492063492,0.492063492063492,FALSE
"Zotu840",0.00019149363334964,31,NA,0.746031746031746,0.746031746031746,FALSE
"Zotu183",0.000811742600115165,52,NA,0.912698412698413,0.912698412698413,FALSE
"Zotu52",0.00251752069913728,63,NA,0.5,0.5,FALSE
"Zotu85",0.00143922079704758,63,NA,0.5,0.5,FALSE
"Zotu446",0.000377095447711228,30,NA,0.738095238095238,0.738095238095238,FALSE
"Zotu151",0.000937663494419846,56,NA,0.444444444444444,0.444444444444444,FALSE
"Zotu162",0.00122166869416352,56,NA,0.944444444444444,0.944444444444444,FALSE
"Zotu8",0.00602593762989569,63,NA,0.5,0.5,FALSE
"Zotu1023",0.000140120049883684,20,NA,0.658730158730159,0.658730158730159,FALSE
"Zotu156",0.000959617451545462,62,NA,0.492063492063492,0.492063492063492,FALSE
"Zotu1427",0.000106835950135801,19,NA,0.650793650793651,0.650793650793651,FALSE
"Zotu2021",8.47296250335125e-05,14,NA,0.611111111111111,0.611111111111111,FALSE
"Zotu3",0.0232560759377101,63,NA,0.5,0.5,FALSE
"Zotu358",0.000502379691689744,28,NA,0.722222222222222,0.722222222222222,FALSE
"Zotu1283",0.000107499931328138,14,NA,0.611111111111111,0.611111111111111,FALSE
"Zotu347",0.00167819394357658,56,NA,0.444444444444444,0.444444444444444,FALSE
"Zotu43",0.00228252067858608,34,NA,0.76984126984127,0.76984126984127,FALSE
"Zotu434",0.000421897627363582,53,NA,0.920634920634921,0.920634920634921,FALSE
"Zotu1703",9.78146547472671e-05,28,NA,0.222222222222222,0.222222222222222,FALSE
"Zotu467",0.000355588535270889,47,NA,0.873015873015873,0.873015873015873,FALSE
"Zotu69",0.00181344509244905,60,NA,0.476190476190476,0.476190476190476,FALSE
"Zotu235",0.000663121326418417,53,NA,0.420634920634921,0.420634920634921,FALSE
"Zotu2133",5.53804636555909e-05,7,NA,0.555555555555556,0.555555555555556,FALSE
"Zotu74",0.00183895228721515,63,NA,0.5,0.5,FALSE
"Zotu460",0.000311111193452757,32,NA,0.753968253968254,0.753968253968254,FALSE
"Zotu44",0.00229317701294137,57,NA,0.452380952380952,0.452380952380952,FALSE
"Zotu1186",0.000120165115337094,33,NA,0.261904761904762,0.261904761904762,FALSE
"Zotu166",0.000988019166373356,60,NA,0.476190476190476,0.476190476190476,FALSE
"Zotu542",0.000343601540331692,56,NA,0.444444444444444,0.444444444444444,FALSE
"Zotu1707",8.09444432771676e-05,11,NA,0.587301587301587,0.587301587301587,FALSE
"Zotu1141",0.000136786296458954,22,NA,0.674603174603175,0.674603174603175,FALSE
"Zotu109",0.00109348420612361,38,NA,0.801587301587302,0.801587301587302,FALSE
"Zotu2256",5.79704890077588e-05,10,NA,0.57936507936508,0.57936507936508,FALSE
"Zotu29",0.00287738908100076,63,NA,0.5,0.5,FALSE
"Zotu18",0.00418259577114778,63,NA,0.5,0.5,FALSE
"Zotu83",0.00145809673302027,63,NA,0.5,0.5,FALSE
"Zotu280",0.000602350042133269,53,NA,0.920634920634921,0.920634920634921,FALSE
"Zotu3014",3.91860146464914e-05,17,NA,0.634920634920635,0.634920634920635,FALSE
"Zotu5707",7.98947602379987e-05,13,NA,0.603174603174603,0.603174603174603,FALSE
"Zotu1440",8.64531539475498e-05,18,NA,0.642857142857143,0.642857142857143,FALSE
"Zotu287",0.000635048129126697,62,NA,0.492063492063492,0.492063492063492,FALSE
"Zotu64",0.00183120737448236,63,NA,0.5,0.5,FALSE
"Zotu2417",4.95696179066921e-05,21,NA,0.666666666666667,0.666666666666667,FALSE
"Zotu33",0.00319560342619882,63,NA,0.5,0.5,FALSE
"Zotu315",0.000538868534782448,60,NA,0.476190476190476,0.476190476190476,FALSE
"Zotu17",0.00363981034112141,63,NA,0.5,0.5,FALSE
"Zotu471",0.000345100379057844,33,NA,0.761904761904762,0.761904761904762,FALSE
"Zotu1645",8.70952003590263e-05,17,NA,0.634920634920635,0.634920634920635,FALSE
"Zotu189",0.000777189300453225,60,NA,0.476190476190476,0.476190476190476,FALSE
"Zotu46",0.00266749694950634,63,NA,0.5,0.5,FALSE
"Zotu907",0.000210774852820182,30,NA,0.738095238095238,0.738095238095238,FALSE
"Zotu45",0.00214850054439638,63,NA,0.5,0.5,FALSE
"Zotu330",0.000456426335791993,48,NA,0.880952380952381,0.880952380952381,FALSE
"Zotu2866",3.3992667991507e-05,14,NA,0.611111111111111,0.611111111111111,FALSE
"Zotu814",0.000231133867707876,43,NA,0.841269841269841,0.841269841269841,FALSE
"Zotu394",0.0010993203286069,46,NA,0.365079365079365,0.365079365079365,FALSE
"Zotu1980",7.34661545914669e-05,20,NA,0.658730158730159,0.658730158730159,FALSE
"Zotu75",0.0016028394588511,62,NA,0.492063492063492,0.492063492063492,FALSE
"Zotu1360",0.00013766441934751,25,NA,0.698412698412698,0.698412698412698,FALSE
"Zotu35",0.0023048951483534,31,NA,0.746031746031746,0.746031746031746,FALSE
"Zotu1138",0.000166253787755023,40,NA,0.317460317460317,0.317460317460317,FALSE
"Zotu3208",5.98503129728029e-05,25,NA,0.698412698412698,0.698412698412698,FALSE
"Zotu3924",1.48968983860527e-05,3,NA,0.523809523809524,0.523809523809524,FALSE
"Zotu179",0.000905362109154301,62,NA,0.492063492063492,0.492063492063492,FALSE
"Zotu693",0.00018500751525754,25,NA,0.698412698412698,0.698412698412698,FALSE
"Zotu291",0.000576390596159312,58,NA,0.46031746031746,0.46031746031746,FALSE
"Zotu4787",7.68337796071652e-05,14,NA,0.611111111111111,0.611111111111111,FALSE
"Zotu2898",4.41018796258171e-05,19,NA,0.150793650793651,0.150793650793651,FALSE
"Zotu27",0.00288410459632893,63,NA,0.5,0.5,FALSE
"Zotu2601",5.21711749324158e-05,27,NA,0.714285714285714,0.714285714285714,FALSE
"Zotu1546",0.000101091810760608,18,NA,0.642857142857143,0.642857142857143,FALSE
"Zotu405",0.000392961423906729,40,NA,0.317460317460317,0.317460317460317,FALSE
"Zotu5819",3.13351363602559e-05,16,NA,0.626984126984127,0.626984126984127,FALSE
"Zotu93",0.00128884212259284,63,NA,0.5,0.5,FALSE
"Zotu641",0.000248739493846406,50,NA,0.896825396825397,0.896825396825397,FALSE
"Zotu305",0.000592005299440799,56,NA,0.944444444444444,0.944444444444444,FALSE
"Zotu110",0.00112321851078188,63,NA,0.5,0.5,FALSE
"Zotu233",0.000726388922825581,60,NA,0.476190476190476,0.476190476190476,FALSE
"Zotu295",0.000582983402693952,56,NA,0.444444444444444,0.444444444444444,FALSE
"Zotu155",0.000902205225391045,33,NA,0.761904761904762,0.761904761904762,FALSE
"Zotu568",0.000306696095822315,45,NA,0.857142857142857,0.857142857142857,FALSE
"Zotu3311",6.30578958990259e-05,29,NA,0.73015873015873,0.73015873015873,FALSE
"Zotu82",0.00154531215718739,60,NA,0.976190476190476,0.976190476190476,FALSE
"Zotu1444",9.60282251970917e-05,15,NA,0.619047619047619,0.619047619047619,FALSE
"Zotu2457",6.54141463205542e-05,17,NA,0.634920634920635,0.634920634920635,FALSE
"Zotu387",0.000374873465038076,43,NA,0.841269841269841,0.841269841269841,FALSE
"Zotu165",0.00091039501560523,60,NA,0.476190476190476,0.476190476190476,FALSE
"Zotu19",0.00396497069412037,63,NA,0.5,0.5,FALSE
"Zotu2891",5.86842628818059e-05,3,NA,0.523809523809524,0.523809523809524,FALSE
"Zotu20",0.00429895619722458,62,NA,0.492063492063492,0.492063492063492,FALSE
"Zotu5218",1.89070506691279e-05,8,NA,0.563492063492063,0.563492063492063,FALSE
"Zotu3087",4.32059929933169e-05,16,NA,0.626984126984127,0.626984126984127,FALSE
"Zotu2411",3.13840238346483e-05,4,NA,0.531746031746032,0.531746031746032,FALSE
"Zotu5069",9.93586729865472e-06,3,NA,0.523809523809524,0.523809523809524,FALSE
"Zotu81",0.0014627514508315,59,NA,0.468253968253968,0.468253968253968,FALSE
"Zotu4",0.0146684712501064,63,NA,0.5,0.5,FALSE
"Zotu2310",4.25502576855165e-05,9,NA,0.571428571428571,0.571428571428571,FALSE
"Zotu2511",5.52372300620863e-05,18,NA,0.642857142857143,0.642857142857143,FALSE
"Zotu23",0.00304859585886053,63,NA,0.5,0.5,FALSE
"Zotu30",0.003101531564544,63,NA,0.5,0.5,FALSE
"Zotu50",0.00184089548240841,62,NA,0.492063492063492,0.492063492063492,FALSE
"Zotu478",0.000343985579037837,42,NA,0.333333333333333,0.333333333333333,FALSE
"Zotu31",0.00278246381416215,63,NA,0.5,0.5,FALSE
"Zotu4825",2.74878612677262e-05,8,NA,0.563492063492063,0.563492063492063,FALSE
"Zotu450",0.000563900582477082,58,NA,0.46031746031746,0.46031746031746,FALSE
"Zotu1096",0.000159862467829052,22,NA,0.674603174603175,0.674603174603175,FALSE
"Zotu4108",2.71089227268889e-05,11,NA,0.587301587301587,0.587301587301587,FALSE
"Zotu652",0.000266898250536273,34,NA,0.76984126984127,0.76984126984127,FALSE
"Zotu310",0.000550281810004548,53,NA,0.420634920634921,0.420634920634921,FALSE
"Zotu25",0.0032372078986019,63,NA,0.5,0.5,FALSE
"Zotu203",0.000770490930224338,53,NA,0.420634920634921,0.420634920634921,FALSE
"Zotu56",0.00207846608405577,61,NA,0.484126984126984,0.484126984126984,FALSE
"Zotu119",0.00113551382473381,63,NA,0.5,0.5,FALSE
"Zotu199",0.000837460353109125,34,NA,0.76984126984127,0.76984126984127,FALSE
"Zotu3517",2.56702005208241e-05,8,NA,0.563492063492063,0.563492063492063,FALSE
"Zotu587",0.000249114429762772,47,NA,0.873015873015873,0.873015873015873,FALSE
"Zotu1027",0.000156258314590501,21,NA,0.666666666666667,0.666666666666667,FALSE
"Zotu79",0.00147626463273201,63,NA,0.5,0.5,FALSE
"Zotu961",0.000139659471278841,19,NA,0.650793650793651,0.650793650793651,FALSE
"Zotu706",0.000301819795083831,38,NA,0.801587301587302,0.801587301587302,FALSE
"Zotu36",0.00298485424361894,63,NA,0.5,0.5,FALSE
"Zotu3478",3.6598168673721e-05,8,NA,0.563492063492063,0.563492063492063,FALSE
"Zotu4114",1.91234936757516e-05,12,NA,0.595238095238095,0.595238095238095,FALSE
"Zotu1626",8.70840843736672e-05,33,NA,0.761904761904762,0.761904761904762,FALSE
"Zotu149",0.000957502750154212,62,NA,0.492063492063492,0.492063492063492,FALSE
"Zotu207",0.00072379664180746,57,NA,0.452380952380952,0.452380952380952,FALSE
"Zotu2404",5.90296146892373e-05,19,NA,0.650793650793651,0.650793650793651,FALSE
"Zotu32",0.00271913731193979,63,NA,0.5,0.5,FALSE
"Zotu578",0.000297670582701215,21,NA,0.666666666666667,0.666666666666667,FALSE
"Zotu223",0.000758772413172248,62,NA,0.492063492063492,0.492063492063492,FALSE
"Zotu782",0.000200644085002117,29,NA,0.73015873015873,0.73015873015873,FALSE
"Zotu3696",2.48703232759231e-05,7,NA,0.555555555555556,0.555555555555556,FALSE
"Zotu5303",3.57155396077277e-05,18,NA,0.642857142857143,0.642857142857143,FALSE
"Zotu213",0.000769909859847596,62,NA,0.492063492063492,0.492063492063492,FALSE
"Zotu546",0.000314893419618013,38,NA,0.801587301587302,0.801587301587302,FALSE
"Zotu108",0.00139924608809901,59,NA,0.468253968253968,0.468253968253968,FALSE
"Zotu225",0.000697666245537114,63,NA,0.5,0.5,FALSE
"Zotu325",0.000467421713050481,57,NA,0.452380952380952,0.452380952380952,FALSE
"Zotu180",0.000792542659027433,31,NA,0.746031746031746,0.746031746031746,FALSE
"Zotu941",0.000165526527017588,30,NA,0.238095238095238,0.238095238095238,FALSE
"Zotu4771",4.53846585581944e-05,14,NA,0.611111111111111,0.611111111111111,FALSE
"Zotu369",0.000398479044358059,52,NA,0.912698412698413,0.912698412698413,FALSE
"Zotu88",0.00135439157641633,63,NA,0.5,0.5,FALSE
"Zotu9",0.00573033684417818,63,NA,0.5,0.5,FALSE
"Zotu3334",6.54128733587085e-05,14,NA,0.611111111111111,0.611111111111111,FALSE
"Zotu486",0.000367057208618984,57,NA,0.452380952380952,0.452380952380952,FALSE
"Zotu2334",6.06907046830949e-05,15,NA,0.619047619047619,0.619047619047619,FALSE
"Zotu1335",0.000112099972854362,28,NA,0.222222222222222,0.222222222222222,FALSE
"Zotu3751",4.21385618416171e-05,14,NA,0.611111111111111,0.611111111111111,FALSE
"Zotu1004",0.000146184603918331,35,NA,0.777777777777778,0.777777777777778,FALSE
"Zotu408",0.000408251724403075,47,NA,0.373015873015873,0.373015873015873,FALSE
"Zotu424",0.000370189718929037,27,NA,0.714285714285714,0.714285714285714,FALSE
"Zotu59",0.00199129342979297,63,NA,0.5,0.5,FALSE
"Zotu445",0.000425930268361364,41,NA,0.825396825396825,0.825396825396825,FALSE
"Zotu13",0.00499928927616042,63,NA,0.5,0.5,FALSE
"Zotu1193",0.000107948462115933,29,NA,0.23015873015873,0.23015873015873,FALSE
"Zotu2",0.0254189958075872,63,NA,0.5,0.5,FALSE
"Zotu41",0.0024054981338984,63,NA,0.5,0.5,FALSE
"Zotu536",0.000330266346315369,53,NA,0.420634920634921,0.420634920634921,FALSE
"Zotu635",0.000211901967090236,28,NA,0.722222222222222,0.722222222222222,FALSE
"Zotu1895",0.000100823337022182,29,NA,0.73015873015873,0.73015873015873,FALSE
"Zotu1132",0.000102456825946932,14,NA,0.611111111111111,0.611111111111111,FALSE
"Zotu344",0.000449302406258243,51,NA,0.404761904761905,0.404761904761905,FALSE
"Zotu143",0.000969903794218188,32,NA,0.753968253968254,0.753968253968254,FALSE
"Zotu5906",3.97638234474178e-05,11,NA,0.587301587301587,0.587301587301587,FALSE
"Zotu4975",4.64290399645683e-05,17,NA,0.634920634920635,0.634920634920635,FALSE
"Zotu5627",2.3088860135765e-05,6,NA,0.547619047619048,0.547619047619048,FALSE
"Zotu964",0.000177919670386413,32,NA,0.253968253968254,0.253968253968254,FALSE
"Zotu211",0.000820794567975341,62,NA,0.492063492063492,0.492063492063492,FALSE
"Zotu2608",5.19977320646932e-05,9,NA,0.571428571428571,0.571428571428571,FALSE
"Zotu77",0.00148246411539714,62,NA,0.492063492063492,0.492063492063492,FALSE
"Zotu239",0.000590220342766626,55,NA,0.436507936507937,0.436507936507937,FALSE
"Zotu885",0.000207358166374398,33,NA,0.761904761904762,0.761904761904762,FALSE
"Zotu28",0.00276299371226636,63,NA,0.5,0.5,FALSE
"Zotu144",0.000973691007142088,62,NA,0.492063492063492,0.492063492063492,FALSE
"Zotu279",0.00053500708316838,39,NA,0.80952380952381,0.80952380952381,FALSE
"Zotu217",0.000761687774492086,56,NA,0.444444444444444,0.444444444444444,FALSE
"Zotu114",0.0010538525991381,61,NA,0.484126984126984,0.484126984126984,FALSE
"Zotu2705",4.58638367036012e-05,7,NA,0.555555555555556,0.555555555555556,FALSE
"Zotu2871",4.20317429160867e-05,8,NA,0.563492063492063,0.563492063492063,FALSE
"Zotu296",0.000530619576645782,57,NA,0.452380952380952,0.452380952380952,FALSE
"Zotu48",0.0025200477316994,63,NA,0.5,0.5,FALSE
"Zotu3360",4.42026623062661e-05,22,NA,0.674603174603175,0.674603174603175,FALSE
"Zotu160",0.000996103608814518,46,NA,0.865079365079365,0.865079365079365,FALSE
"Zotu6163",9.24756939270188e-06,8,NA,0.563492063492063,0.563492063492063,FALSE
"Zotu116",0.00113229767137581,56,NA,0.944444444444444,0.944444444444444,FALSE
"Zotu800",0.000211927601081009,52,NA,0.912698412698413,0.912698412698413,FALSE
"Zotu5041",4.54406044896011e-05,15,NA,0.619047619047619,0.619047619047619,FALSE
"Zotu507",0.000300655539675276,35,NA,0.777777777777778,0.777777777777778,FALSE
"Zotu658",0.000295936519685143,44,NA,0.349206349206349,0.349206349206349,FALSE
"Zotu354",0.00047191702213181,53,NA,0.420634920634921,0.420634920634921,FALSE
"Zotu4250",2.73306332009355e-05,14,NA,0.611111111111111,0.611111111111111,FALSE
"Zotu106",0.00118163186520464,34,NA,0.76984126984127,0.76984126984127,FALSE
"Zotu1933",6.6445352997694e-05,25,NA,0.698412698412698,0.698412698412698,FALSE
"Zotu3510",8.83371336487055e-05,25,NA,0.698412698412698,0.698412698412698,FALSE
"Zotu429",0.000406947661636707,50,NA,0.896825396825397,0.896825396825397,FALSE
"Zotu150",0.000934877733662231,61,NA,0.484126984126984,0.484126984126984,FALSE
"Zotu4750",4.45317496350235e-05,15,NA,0.619047619047619,0.619047619047619,FALSE
"Zotu2545",4.43938074180821e-05,16,NA,0.626984126984127,0.626984126984127,FALSE
"Zotu2815",5.33382584537381e-05,23,NA,0.182539682539683,0.182539682539683,FALSE
"Zotu1036",0.000199296572176231,20,NA,0.658730158730159,0.658730158730159,FALSE
"Zotu57",0.00260362838954914,63,NA,0.5,0.5,FALSE
"Zotu297",0.000536681677650453,54,NA,0.428571428571428,0.428571428571428,FALSE
"Zotu138",0.00105577142011701,61,NA,0.484126984126984,0.484126984126984,FALSE
"Zotu1260",0.000106427197651917,30,NA,0.738095238095238,0.738095238095238,FALSE
"Zotu636",0.000233196327385504,31,NA,0.746031746031746,0.746031746031746,FALSE
"Zotu3249",4.13700763228409e-05,16,NA,0.626984126984127,0.626984126984127,FALSE
"Zotu1698",9.4200739142285e-05,25,NA,0.198412698412698,0.198412698412698,FALSE
"Zotu318",0.000504765086434722,50,NA,0.396825396825397,0.396825396825397,FALSE
"Zotu432",0.000406529977221243,39,NA,0.80952380952381,0.80952380952381,FALSE
"Zotu273",0.000584598197067143,31,NA,0.746031746031746,0.746031746031746,FALSE
"Zotu1389",0.000106700334060487,31,NA,0.746031746031746,0.746031746031746,FALSE
"Zotu5708",1.68858974598627e-05,12,NA,0.595238095238095,0.595238095238095,FALSE
"Zotu1729",0.000104776552733225,33,NA,0.761904761904762,0.761904761904762,FALSE
"Zotu411",0.000402974620149989,51,NA,0.904761904761905,0.904761904761905,FALSE
"Zotu47",0.00264659199291312,63,NA,0.5,0.5,FALSE
"Zotu721",0.000222142708017663,25,NA,0.698412698412698,0.698412698412698,FALSE
"Zotu2562",5.37989357728524e-05,10,NA,0.57936507936508,0.57936507936508,FALSE
"Zotu111",0.00130125399254409,63,NA,0.5,0.5,FALSE
"Zotu3158",3.54858428890154e-05,11,NA,0.587301587301587,0.587301587301587,FALSE
"Zotu2414",5.1415132704523e-05,23,NA,0.682539682539683,0.682539682539683,FALSE
"Zotu3799",3.11429404001285e-05,5,NA,0.53968253968254,0.53968253968254,FALSE
"Zotu622",0.000225976101963786,34,NA,0.76984126984127,0.76984126984127,FALSE
"Zotu42",0.00253954805748885,63,NA,0.5,0.5,FALSE
"Zotu158",0.0011830455483128,63,NA,0.5,0.5,FALSE
"Zotu527",0.000336537377741049,43,NA,0.841269841269841,0.841269841269841,FALSE
"Zotu204",0.000748760937098133,59,NA,0.468253968253968,0.468253968253968,FALSE
"Zotu135",0.00105215980136301,61,NA,0.484126984126984,0.484126984126984,FALSE
"Zotu89",0.00128051155318471,63,NA,0.5,0.5,FALSE
"Zotu5751",5.81577200509719e-05,19,NA,0.650793650793651,0.650793650793651,FALSE
"Zotu248",0.000709554428978462,59,NA,0.468253968253968,0.468253968253968,FALSE
"Zotu113",0.00121985747218291,63,NA,0.5,0.5,FALSE
"Zotu134",0.00104190330432471,61,NA,0.484126984126984,0.484126984126984,FALSE
"Zotu170",0.000975187070211976,60,NA,0.976190476190476,0.976190476190476,FALSE
"Zotu4137",2.86839755111753e-05,17,NA,0.134920634920635,0.134920634920635,FALSE
"Zotu313",0.00059692340574538,60,NA,0.476190476190476,0.476190476190476,FALSE
"Zotu1473",9.56196743475656e-05,15,NA,0.619047619047619,0.619047619047619,FALSE
"Zotu1277",0.000126867013551078,21,NA,0.666666666666667,0.666666666666667,FALSE
"Zotu4151",1.72602511927734e-05,13,NA,0.603174603174603,0.603174603174603,FALSE
"Zotu4134",1.92567042620521e-05,7,NA,0.555555555555556,0.555555555555556,FALSE
"Zotu1721",7.10416004574474e-05,14,NA,0.111111111111111,0.111111111111111,FALSE
"Zotu67",0.00155702463996173,62,NA,0.492063492063492,0.492063492063492,FALSE
"Zotu4427",4.95131892491113e-05,16,NA,0.626984126984127,0.626984126984127,FALSE
"Zotu302",0.000522195879957443,58,NA,0.96031746031746,0.96031746031746,FALSE
"Zotu61",0.00196826923356004,48,NA,0.880952380952381,0.880952380952381,FALSE
"Zotu872",0.000179927747214459,39,NA,0.80952380952381,0.80952380952381,FALSE
"Zotu1381",0.000103622570445822,34,NA,0.76984126984127,0.76984126984127,FALSE
"Zotu6143",2.02361102318097e-05,9,NA,0.571428571428571,0.571428571428571,FALSE
"Zotu34",0.00252274098730623,63,NA,0.5,0.5,FALSE
"Zotu1090",0.000129011465410502,18,NA,0.642857142857143,0.642857142857143,FALSE
"Zotu2026",6.86860866209792e-05,28,NA,0.722222222222222,0.722222222222222,FALSE
"Zotu6232",2.21502445445822e-05,14,NA,0.611111111111111,0.611111111111111,FALSE
"Zotu1535",8.96282223190416e-05,18,NA,0.642857142857143,0.642857142857143,FALSE
"Zotu910",0.000131412885248127,39,NA,0.80952380952381,0.80952380952381,FALSE
"Zotu260",0.000575414906733297,54,NA,0.428571428571428,0.428571428571428,FALSE
"Zotu1603",8.30722791248214e-05,26,NA,0.206349206349206,0.206349206349206,FALSE
"Zotu5840",3.58688051409838e-05,11,NA,0.587301587301587,0.587301587301587,FALSE
"Zotu3905",3.50062571312223e-05,13,NA,0.603174603174603,0.603174603174603,FALSE
"Zotu4264",2.90225257249946e-05,11,NA,0.587301587301587,0.587301587301587,FALSE
"Zotu218",0.000716520395864638,62,NA,0.492063492063492,0.492063492063492,FALSE
"Zotu153",0.00122412299095467,63,NA,0.5,0.5,FALSE
"Zotu38",0.00270785400874497,63,NA,0.5,0.5,FALSE
"Zotu1676",0.000108665923313013,25,NA,0.698412698412698,0.698412698412698,FALSE
"Zotu177",0.000777181691510129,39,NA,0.80952380952381,0.80952380952381,FALSE
"Zotu1325",0.000159114857602997,31,NA,0.746031746031746,0.746031746031746,FALSE
"Zotu601",0.000215871309202792,46,NA,0.365079365079365,0.365079365079365,FALSE
"Zotu6184",9.03916383026982e-06,4,NA,0.0317460317460317,0.0317460317460317,TRUE
"Zotu618",0.000203668401717252,41,NA,0.325396825396825,0.325396825396825,FALSE
"Zotu2767",0.000104416080638149,26,NA,0.706349206349206,0.706349206349206,FALSE
"Zotu919",0.000154064655722258,36,NA,0.285714285714286,0.285714285714286,FALSE
"Zotu588",0.000270047252094121,41,NA,0.825396825396825,0.825396825396825,FALSE
"Zotu128",0.00111426765660074,63,NA,0.5,0.5,FALSE
"Zotu5989",2.18556204230231e-05,14,NA,0.611111111111111,0.611111111111111,FALSE
"Zotu1297",0.000104677028048273,11,NA,0.587301587301587,0.587301587301587,FALSE
"Zotu1495",0.000107502850649968,25,NA,0.698412698412698,0.698412698412698,FALSE
"Zotu148",0.000969342879739709,42,NA,0.833333333333333,0.833333333333333,FALSE
"Zotu1014",0.000148978266554647,38,NA,0.801587301587302,0.801587301587302,FALSE
"Zotu190",0.000709941217391702,61,NA,0.484126984126984,0.484126984126984,FALSE
"Zotu5928",2.8767715658004e-05,11,NA,0.587301587301587,0.587301587301587,FALSE
"Zotu447",0.000348253407515661,31,NA,0.746031746031746,0.746031746031746,FALSE
"Zotu940",0.000139636090776454,27,NA,0.214285714285714,0.214285714285714,FALSE
"Zotu1712",5.56832635142355e-05,21,NA,0.666666666666667,0.666666666666667,FALSE
"Zotu845",0.000170564189549536,17,NA,0.634920634920635,0.634920634920635,FALSE
"Zotu675",0.000279384335993443,44,NA,0.349206349206349,0.349206349206349,FALSE
"Zotu161",0.000946686523685891,62,NA,0.492063492063492,0.492063492063492,FALSE
"Zotu939",0.00022837578915661,41,NA,0.325396825396825,0.325396825396825,FALSE
"Zotu209",0.000755416874756608,58,NA,0.96031746031746,0.96031746031746,FALSE
"Zotu497",0.000377306215039729,34,NA,0.76984126984127,0.76984126984127,FALSE
"Zotu145",0.00138299129463462,63,NA,0.5,0.5,FALSE
"Zotu206",0.000798110593579785,60,NA,0.476190476190476,0.476190476190476,FALSE
"Zotu2504",6.96469175752981e-05,25,NA,0.198412698412698,0.198412698412698,FALSE
"Zotu942",0.000139851667932191,26,NA,0.706349206349206,0.706349206349206,FALSE
"Zotu361",0.000426307419340977,58,NA,0.96031746031746,0.96031746031746,FALSE
"Zotu1779",8.76427993932009e-05,14,NA,0.611111111111111,0.611111111111111,FALSE
"Zotu617",0.000266458020058441,42,NA,0.833333333333333,0.833333333333333,FALSE
"Zotu240",0.000733482015778797,58,NA,0.46031746031746,0.46031746031746,FALSE
"Zotu283",0.000555975260802611,56,NA,0.444444444444444,0.444444444444444,FALSE
"Zotu2159",5.88785551397287e-05,14,NA,0.611111111111111,0.611111111111111,FALSE
"Zotu2469",4.7886909033304e-05,13,NA,0.603174603174603,0.603174603174603,FALSE
"Zotu494",0.000274042258990053,46,NA,0.865079365079365,0.865079365079365,FALSE
"Zotu1600",0.000108087513078786,28,NA,0.722222222222222,0.722222222222222,FALSE
"Zotu2001",6.13225179285865e-05,12,NA,0.595238095238095,0.595238095238095,FALSE
"Zotu1704",8.2587702796469e-05,25,NA,0.698412698412698,0.698412698412698,FALSE
"Zotu2498",4.80320651673868e-05,9,NA,0.571428571428571,0.571428571428571,FALSE
"Zotu256",0.000618417643822133,56,NA,0.444444444444444,0.444444444444444,FALSE
"Zotu1050",0.000135815157505124,26,NA,0.206349206349206,0.206349206349206,FALSE
"Zotu481",0.000313291149609863,50,NA,0.896825396825397,0.896825396825397,FALSE
"Zotu781",0.000179612216749484,37,NA,0.793650793650794,0.793650793650794,FALSE
"Zotu263",0.000565593956831354,49,NA,0.388888888888889,0.388888888888889,FALSE
"Zotu92",0.00150344573015971,62,NA,0.492063492063492,0.492063492063492,FALSE
"Zotu245",0.000680062292970423,61,NA,0.484126984126984,0.484126984126984,FALSE
"Zotu131",0.0012234913843886,63,NA,0.5,0.5,FALSE
"Zotu367",0.000433786273551265,56,NA,0.444444444444444,0.444444444444444,FALSE
"Zotu1000",0.000156093193835467,30,NA,0.738095238095238,0.738095238095238,FALSE
"Zotu40",0.00235210205132083,62,NA,0.492063492063492,0.492063492063492,FALSE
"Zotu104",0.001607635976447,61,NA,0.484126984126984,0.484126984126984,FALSE
"Zotu865",0.000150721267122817,25,NA,0.698412698412698,0.698412698412698,FALSE
"Zotu685",0.000287606314019549,28,NA,0.722222222222222,0.722222222222222,FALSE
"Zotu68",0.00162318725430392,62,NA,0.492063492063492,0.492063492063492,FALSE
"Zotu307",0.000578554954813701,58,NA,0.46031746031746,0.46031746031746,FALSE
"Zotu118",0.00132678049593708,63,NA,0.5,0.5,FALSE
"Zotu1276",0.000126249018960993,21,NA,0.166666666666667,0.166666666666667,FALSE
"Zotu276",0.000569775280508353,32,NA,0.753968253968254,0.753968253968254,FALSE
"Zotu428",0.000454279967242105,59,NA,0.468253968253968,0.468253968253968,FALSE
"Zotu242",0.000548787419892175,49,NA,0.888888888888889,0.888888888888889,FALSE
"Zotu54",0.00193796429627687,62,NA,0.492063492063492,0.492063492063492,FALSE
"Zotu102",0.00127965612219852,55,NA,0.436507936507937,0.436507936507937,FALSE
"Zotu5913",2.36149286113384e-05,13,NA,0.603174603174603,0.603174603174603,FALSE
"Zotu232",0.000747274328714246,61,NA,0.484126984126984,0.484126984126984,FALSE
"Zotu227",0.0006980043783486,42,NA,0.833333333333333,0.833333333333333,FALSE
"Zotu1398",0.000155197867133095,31,NA,0.746031746031746,0.746031746031746,FALSE
"Zotu11",0.00477010126956982,63,NA,0.5,0.5,FALSE
"Zotu731",0.000213185380809597,35,NA,0.777777777777778,0.777777777777778,FALSE
"Zotu4415",2.48132635722567e-05,9,NA,0.571428571428571,0.571428571428571,FALSE
"Zotu393",0.000425702131346447,55,NA,0.936507936507937,0.936507936507937,FALSE
"Zotu1396",0.000105746407237124,22,NA,0.674603174603175,0.674603174603175,FALSE
"Zotu24",0.00367652681460348,63,NA,0.5,0.5,FALSE
"Zotu1560",8.88866530390961e-05,22,NA,0.674603174603175,0.674603174603175,FALSE
"Zotu3949",4.21420923300089e-05,23,NA,0.682539682539683,0.682539682539683,FALSE
"Zotu1270",0.000139957345228639,11,NA,0.587301587301587,0.587301587301587,FALSE
"Zotu219",0.000741008764353735,62,NA,0.492063492063492,0.492063492063492,FALSE
"Zotu764",0.00023060222436815,42,NA,0.833333333333333,0.833333333333333,FALSE
"Zotu521",0.000261941618444136,44,NA,0.349206349206349,0.349206349206349,FALSE
"Zotu1910",6.80937431978893e-05,18,NA,0.642857142857143,0.642857142857143,FALSE
"Zotu1686",6.08999907628392e-05,9,NA,0.571428571428571,0.571428571428571,FALSE
"Zotu2344",7.01656926215461e-05,16,NA,0.626984126984127,0.626984126984127,FALSE
"Zotu1183",0.000142992364891639,29,NA,0.23015873015873,0.23015873015873,FALSE
"Zotu355",0.000471392323731223,53,NA,0.920634920634921,0.920634920634921,FALSE
"Zotu1488",0.000115186158049039,40,NA,0.817460317460317,0.817460317460317,FALSE
"Zotu237",0.000592376923358043,61,NA,0.484126984126984,0.484126984126984,FALSE
"Zotu1322",8.21973772400955e-05,24,NA,0.69047619047619,0.69047619047619,FALSE
"Zotu99",0.00128572807349473,62,NA,0.492063492063492,0.492063492063492,FALSE
"Zotu3442",2.73394642598468e-05,12,NA,0.595238095238095,0.595238095238095,FALSE
"Zotu73",0.00163219179739264,63,NA,0.5,0.5,FALSE
"Zotu488",0.000257778553198468,40,NA,0.317460317460317,0.317460317460317,FALSE
"Zotu504",0.000273757801545314,38,NA,0.801587301587302,0.801587301587302,FALSE
"Zotu3925",3.35436733028554e-05,13,NA,0.603174603174603,0.603174603174603,FALSE
"Zotu1441",0.00012315618043271,29,NA,0.73015873015873,0.73015873015873,FALSE
"Zotu3521",4.45180962204864e-05,17,NA,0.634920634920635,0.634920634920635,FALSE
"Zotu284",0.000546182193685214,49,NA,0.888888888888889,0.888888888888889,FALSE
"Zotu1549",0.000133226484967157,26,NA,0.706349206349206,0.706349206349206,FALSE
"Zotu1104",0.000149784201892442,36,NA,0.785714285714286,0.785714285714286,FALSE
"Zotu186",0.000779716122717684,63,NA,0.5,0.5,FALSE
"Zotu101",0.00135897824950618,63,NA,0.5,0.5,FALSE
"Zotu477",0.000366992009100262,35,NA,0.777777777777778,0.777777777777778,FALSE
"Zotu906",0.000171171631544139,46,NA,0.865079365079365,0.865079365079365,FALSE
"Zotu378",0.000448220497130705,54,NA,0.428571428571428,0.428571428571428,FALSE
"Zotu53",0.00219465591647785,63,NA,0.5,0.5,FALSE
"Zotu3704",3.34902467838275e-05,14,NA,0.111111111111111,0.111111111111111,FALSE
"Zotu2811",5.93462808561703e-05,25,NA,0.698412698412698,0.698412698412698,FALSE
"Zotu980",0.000133161739238258,28,NA,0.722222222222222,0.722222222222222,FALSE
"Zotu803",0.000195526592055601,28,NA,0.722222222222222,0.722222222222222,FALSE
"Zotu12",0.00547306806846792,63,NA,0.5,0.5,FALSE
"Zotu5900",4.71531822172214e-05,22,NA,0.174603174603175,0.174603174603175,FALSE
"Zotu167",0.00094604766581013,61,NA,0.984126984126984,0.984126984126984,FALSE
"Zotu3622",2.31685050295627e-05,12,NA,0.595238095238095,0.595238095238095,FALSE
"Zotu5772",1.32981415151331e-05,8,NA,0.563492063492063,0.563492063492063,FALSE
"Zotu2514",4.94464245006604e-05,18,NA,0.142857142857143,0.142857142857143,FALSE
"Zotu4123",7.05001425642306e-05,15,NA,0.619047619047619,0.619047619047619,FALSE
"Zotu6310",4.65866750536632e-05,15,NA,0.619047619047619,0.619047619047619,FALSE
"Zotu5357",1.22240616796325e-05,7,NA,0.555555555555556,0.555555555555556,FALSE
"Zotu322",0.000439413769593314,46,NA,0.865079365079365,0.865079365079365,FALSE
"Zotu2012",0.00012285025809336,37,NA,0.793650793650794,0.793650793650794,FALSE
"Zotu549",0.000330631491974227,48,NA,0.380952380952381,0.380952380952381,FALSE
"Zotu416",0.000453096409509969,55,NA,0.436507936507937,0.436507936507937,FALSE
"Zotu187",0.000738685757147121,49,NA,0.888888888888889,0.888888888888889,FALSE
"Zotu1205",0.000159891634516462,24,NA,0.69047619047619,0.69047619047619,FALSE
"Zotu2658",5.10831323482049e-05,29,NA,0.73015873015873,0.73015873015873,FALSE
"Zotu2262",5.3301278347843e-05,30,NA,0.238095238095238,0.238095238095238,FALSE
"Zotu181",0.00121012733108122,61,NA,0.484126984126984,0.484126984126984,FALSE
"Zotu2382",3.68068189669408e-05,6,NA,0.547619047619048,0.547619047619048,FALSE
"Zotu137",0.00105544919236455,61,NA,0.484126984126984,0.484126984126984,FALSE
"Zotu631",0.000228234482973762,37,NA,0.793650793650794,0.793650793650794,FALSE
"Zotu37",0.00251818605608396,63,NA,0.5,0.5,FALSE
"Zotu451",0.000340267505157775,34,NA,0.76984126984127,0.76984126984127,FALSE
"Zotu4699",2.64758375620866e-05,13,NA,0.603174603174603,0.603174603174603,FALSE
"Zotu1605",8.37858299498338e-05,18,NA,0.642857142857143,0.642857142857143,FALSE
"Zotu2154",7.28131321331411e-05,27,NA,0.714285714285714,0.714285714285714,FALSE
"Zotu2273",7.41805793519037e-05,20,NA,0.658730158730159,0.658730158730159,FALSE
"Zotu1228",0.000152389706570643,41,NA,0.325396825396825,0.325396825396825,FALSE
"Zotu2116",6.46506564184724e-05,28,NA,0.722222222222222,0.722222222222222,FALSE
"Zotu1968",5.7649382630471e-05,17,NA,0.634920634920635,0.634920634920635,FALSE
"Zotu1614",6.91878204513978e-05,19,NA,0.650793650793651,0.650793650793651,FALSE
"Zotu168",0.000914920008037295,58,NA,0.96031746031746,0.96031746031746,FALSE
"Zotu1734",8.84564489340275e-05,32,NA,0.753968253968254,0.753968253968254,FALSE
"Zotu39",0.00260392977919268,63,NA,0.5,0.5,FALSE
"Zotu642",0.000253415928391935,27,NA,0.714285714285714,0.714285714285714,FALSE
"Zotu3163",3.0888438785611e-05,7,NA,0.555555555555556,0.555555555555556,FALSE
"Zotu2284",9.75111975303118e-05,36,NA,0.785714285714286,0.785714285714286,FALSE
"Zotu21",0.00333340544051731,63,NA,0.5,0.5,FALSE
"Zotu2586",4.15486167182206e-05,19,NA,0.650793650793651,0.650793650793651,FALSE
"Zotu87",0.00159007010244849,63,NA,0.5,0.5,FALSE
"Zotu2576",5.08435436731821e-05,18,NA,0.642857142857143,0.642857142857143,FALSE
"Zotu4852",2.16038093817027e-05,8,NA,0.563492063492063,0.563492063492063,FALSE
"Zotu5369",2.92468574860128e-05,15,NA,0.619047619047619,0.619047619047619,FALSE
"Zotu2957",5.28904920982735e-05,22,NA,0.674603174603175,0.674603174603175,FALSE
"Zotu3734",4.21968817221102e-05,11,NA,0.587301587301587,0.587301587301587,FALSE
"Zotu1013",0.000140596923908098,22,NA,0.674603174603175,0.674603174603175,FALSE
"Zotu998",0.000160439521411059,36,NA,0.785714285714286,0.785714285714286,FALSE
"Zotu3371",7.6706853593323e-05,20,NA,0.658730158730159,0.658730158730159,FALSE
"Zotu2258",5.64887559228342e-05,16,NA,0.626984126984127,0.626984126984127,FALSE
"Zotu5700",3.87946068203967e-05,16,NA,0.626984126984127,0.626984126984127,FALSE
"Zotu1672",7.0413921212532e-05,10,NA,0.57936507936508,0.57936507936508,FALSE
"Zotu3632",6.1903882287443e-05,24,NA,0.69047619047619,0.69047619047619,FALSE
"Zotu4774",2.68816261757057e-05,10,NA,0.57936507936508,0.57936507936508,FALSE
"Zotu5146",2.24912329734497e-05,6,NA,0.547619047619048,0.547619047619048,FALSE
"Zotu797",0.000140505200492233,28,NA,0.722222222222222,0.722222222222222,FALSE
"Zotu1448",0.000113308285597006,32,NA,0.753968253968254,0.753968253968254,FALSE
"Zotu3301",2.8155707426534e-05,6,NA,0.547619047619048,0.547619047619048,FALSE
"Zotu1997",0.000118550854522335,29,NA,0.23015873015873,0.23015873015873,FALSE
"Zotu3146",5.73884635409998e-05,22,NA,0.674603174603175,0.674603174603175,FALSE
"Zotu146",0.000973349196258756,56,NA,0.944444444444444,0.944444444444444,FALSE
"Zotu2169",6.4715361643258e-05,14,NA,0.611111111111111,0.611111111111111,FALSE
"Zotu1654",7.797713291032e-05,22,NA,0.674603174603175,0.674603174603175,FALSE
"Zotu538",0.000230178812706123,38,NA,0.301587301587302,0.301587301587302,FALSE
"Zotu5836",2.43041723488081e-05,8,NA,0.563492063492063,0.563492063492063,FALSE
"Zotu881",0.000175109715172439,27,NA,0.714285714285714,0.714285714285714,FALSE
"Zotu5830",1.78656465937621e-05,5,NA,0.53968253968254,0.53968253968254,FALSE
"Zotu2105",5.87301160300928e-05,15,NA,0.119047619047619,0.119047619047619,FALSE
"Zotu2200",5.42140246792083e-05,16,NA,0.626984126984127,0.626984126984127,FALSE
"Zotu55",0.00193882086390056,63,NA,0.5,0.5,FALSE
"Zotu4400",2.47960744903071e-05,14,NA,0.611111111111111,0.611111111111111,FALSE
"Zotu1995",0.00011016669433956,42,NA,0.333333333333333,0.333333333333333,FALSE
"Zotu3570",4.71331530538223e-05,12,NA,0.595238095238095,0.595238095238095,FALSE
"Zotu1344",0.000112386172306542,27,NA,0.714285714285714,0.714285714285714,FALSE
"Zotu212",0.000797367858774521,31,NA,0.746031746031746,0.746031746031746,FALSE
"Zotu5195",5.50850896985248e-05,24,NA,0.69047619047619,0.69047619047619,FALSE
"Zotu174",0.000940333581755421,57,NA,0.452380952380952,0.452380952380952,FALSE
"Zotu3084",4.8481227655383e-05,15,NA,0.619047619047619,0.619047619047619,FALSE
"Zotu912",0.000226996278987272,35,NA,0.777777777777778,0.777777777777778,FALSE
"Zotu1823",8.45393220897067e-05,18,NA,0.642857142857143,0.642857142857143,FALSE
"Zotu1642",8.77391118991844e-05,30,NA,0.738095238095238,0.738095238095238,FALSE
"Zotu421",0.000405164820367293,51,NA,0.904761904761905,0.904761904761905,FALSE
"Zotu243",0.00073306859770896,57,NA,0.952380952380952,0.952380952380952,FALSE
"Zotu576",0.000257951906299864,31,NA,0.246031746031746,0.246031746031746,FALSE
"Zotu340",0.000506870835359656,51,NA,0.904761904761905,0.904761904761905,FALSE
"Zotu896",0.000189011381271238,35,NA,0.777777777777778,0.777777777777778,FALSE
"Zotu80",0.00194543245679124,57,NA,0.452380952380952,0.452380952380952,FALSE
"Zotu16",0.00395570549417918,63,NA,0.5,0.5,FALSE
"Zotu455",0.000427608527434002,59,NA,0.468253968253968,0.468253968253968,FALSE
"Zotu353",0.000510121293052757,56,NA,0.444444444444444,0.444444444444444,FALSE
"Zotu194",0.000805645451340363,34,NA,0.76984126984127,0.76984126984127,FALSE
"Zotu201",0.000751799098034579,61,NA,0.484126984126984,0.484126984126984,FALSE
"Zotu157",0.000959675865723815,63,NA,0.5,0.5,FALSE
"Zotu152",0.000951516946280092,62,NA,0.492063492063492,0.492063492063492,FALSE
"Zotu463",0.000436352603635609,49,NA,0.888888888888889,0.888888888888889,FALSE
"Zotu51",0.00190953438764913,61,NA,0.484126984126984,0.484126984126984,FALSE
"Zotu86",0.00155113927191903,60,NA,0.476190476190476,0.476190476190476,FALSE
"Zotu1250",0.000111599433979775,24,NA,0.19047619047619,0.19047619047619,FALSE
"Zotu2789",3.4832911991336e-05,10,NA,0.57936507936508,0.57936507936508,FALSE
"Zotu308",0.000561172589755014,50,NA,0.396825396825397,0.396825396825397,FALSE
"Zotu363",0.000427868968367334,53,NA,0.920634920634921,0.920634920634921,FALSE
"Zotu351",0.000471146606379122,55,NA,0.436507936507937,0.436507936507937,FALSE
"Zotu882",0.00015246449041753,34,NA,0.76984126984127,0.76984126984127,FALSE
"Zotu602",0.00024634823216408,33,NA,0.261904761904762,0.261904761904762,FALSE
"Zotu715",0.000243268331588483,39,NA,0.80952380952381,0.80952380952381,FALSE
"Zotu90",0.00137411281644245,62,NA,0.492063492063492,0.492063492063492,FALSE
"Zotu4435",3.84337763408812e-05,13,NA,0.603174603174603,0.603174603174603,FALSE
"Zotu5949",1.94511338308663e-05,13,NA,0.603174603174603,0.603174603174603,FALSE
"Zotu621",0.000263791064407694,43,NA,0.341269841269841,0.341269841269841,FALSE
"Zotu6065",3.02632856916537e-05,13,NA,0.603174603174603,0.603174603174603,FALSE
"Zotu2040",7.2057353500006e-05,13,NA,0.603174603174603,0.603174603174603,FALSE
"Zotu274",0.000559023200714506,57,NA,0.452380952380952,0.452380952380952,FALSE
"Zotu5574",1.99257941619997e-05,8,NA,0.563492063492063,0.563492063492063,FALSE
"Zotu210",0.000696007955210369,47,NA,0.373015873015873,0.373015873015873,FALSE
"Zotu188",0.00111836021220787,61,NA,0.484126984126984,0.484126984126984,FALSE
"Zotu1665",5.25875085138035e-05,10,NA,0.57936507936508,0.57936507936508,FALSE
"Zotu1656",7.72545234727787e-05,18,NA,0.642857142857143,0.642857142857143,FALSE
"Zotu371",0.000476545414503764,54,NA,0.928571428571428,0.928571428571428,FALSE
"Zotu2735",4.14012779581698e-05,9,NA,0.571428571428571,0.571428571428571,FALSE
"Zotu71",0.00161434717826381,61,NA,0.484126984126984,0.484126984126984,FALSE
"Zotu960",0.000152912997672009,20,NA,0.658730158730159,0.658730158730159,FALSE
"Zotu1099",0.000142901381435824,36,NA,0.785714285714286,0.785714285714286,FALSE
"Zotu1401",0.000101235490369102,29,NA,0.23015873015873,0.23015873015873,FALSE
"Zotu76",0.00159231154019244,63,NA,0.5,0.5,FALSE
"Zotu826",0.0001459818771439,16,NA,0.626984126984127,0.626984126984127,FALSE
"Zotu754",0.000237825177929462,31,NA,0.746031746031746,0.746031746031746,FALSE
"Zotu4854",2.60145214222502e-05,6,NA,0.547619047619048,0.547619047619048,FALSE
"Zotu503",0.000303517184023751,46,NA,0.865079365079365,0.865079365079365,FALSE
"Zotu334",0.000538330331746748,61,NA,0.484126984126984,0.484126984126984,FALSE
"Zotu901",0.000215364260471845,28,NA,0.722222222222222,0.722222222222222,FALSE
"Zotu419",0.000402585545246974,51,NA,0.904761904761905,0.904761904761905,FALSE
"Zotu309",0.000513087504849741,53,NA,0.920634920634921,0.920634920634921,FALSE
"Zotu3769",2.45865388592509e-05,10,NA,0.57936507936508,0.57936507936508,FALSE
"Zotu430",0.000366300178161503,48,NA,0.380952380952381,0.380952380952381,FALSE
"Zotu2072",6.11139206236216e-05,12,NA,0.595238095238095,0.595238095238095,FALSE
"Zotu763",0.000240608400985379,45,NA,0.357142857142857,0.357142857142857,FALSE
"Zotu2385",4.73553347635161e-05,9,NA,0.571428571428571,0.571428571428571,FALSE
"Zotu154",0.000873511478105251,60,NA,0.476190476190476,0.476190476190476,FALSE
"Zotu2213",8.60211447144921e-05,25,NA,0.698412698412698,0.698412698412698,FALSE
"Zotu1863",8.57981403545417e-05,29,NA,0.73015873015873,0.73015873015873,FALSE
"Zotu744",0.000222289476689931,43,NA,0.341269841269841,0.341269841269841,FALSE
"Zotu701",0.000175085094397151,22,NA,0.174603174603175,0.174603174603175,FALSE
"Zotu770",0.000334903895749927,31,NA,0.746031746031746,0.746031746031746,FALSE
"Zotu202",0.000712642776957216,63,NA,0.5,0.5,FALSE
"Zotu670",0.000233030319488023,36,NA,0.285714285714286,0.285714285714286,FALSE
"Zotu3784",2.35439377463746e-05,9,NA,0.571428571428571,0.571428571428571,FALSE
"Zotu251",0.000546343423051668,57,NA,0.452380952380952,0.452380952380952,FALSE
"Zotu377",0.000408904410899312,53,NA,0.420634920634921,0.420634920634921,FALSE
"Zotu540",0.000337645854077381,38,NA,0.801587301587302,0.801587301587302,FALSE
"Zotu3270",3.57362397806903e-05,12,NA,0.595238095238095,0.595238095238095,FALSE
"Zotu3904",1.81785320809239e-05,5,NA,0.53968253968254,0.53968253968254,FALSE
"Zotu4935",1.24976193997e-05,7,NA,0.555555555555556,0.555555555555556,FALSE
"Zotu4001",2.30210615740872e-05,10,NA,0.57936507936508,0.57936507936508,FALSE
"Zotu3111",5.53295585490637e-05,16,NA,0.626984126984127,0.626984126984127,FALSE
"Zotu836",0.000189708671055372,31,NA,0.746031746031746,0.746031746031746,FALSE
"Zotu1391",9.37697352893353e-05,28,NA,0.722222222222222,0.722222222222222,FALSE
"Zotu328",0.000507341831172319,58,NA,0.46031746031746,0.46031746031746,FALSE
"Zotu734",0.00026629775812819,30,NA,0.738095238095238,0.738095238095238,FALSE
"Zotu290",0.000641601123122178,56,NA,0.444444444444444,0.444444444444444,FALSE
"Zotu472",0.000291059947606752,39,NA,0.30952380952381,0.30952380952381,FALSE
"Zotu6107",1.74320480771895e-05,9,NA,0.571428571428571,0.571428571428571,FALSE
"Zotu72",0.00165813271435782,63,NA,0.5,0.5,FALSE
"Zotu127",0.00103491788392873,61,NA,0.484126984126984,0.484126984126984,FALSE
"Zotu984",0.000194213838480895,41,NA,0.325396825396825,0.325396825396825,FALSE
"Zotu261",0.000699471113193339,53,NA,0.420634920634921,0.420634920634921,FALSE
"Zotu3081",2.9352449431944e-05,12,NA,0.595238095238095,0.595238095238095,FALSE
"Zotu163",0.000773107764475522,60,NA,0.476190476190476,0.476190476190476,FALSE
"Zotu1114",0.000164776824938697,33,NA,0.761904761904762,0.761904761904762,FALSE
"Zotu599",0.000287584026885032,35,NA,0.777777777777778,0.777777777777778,FALSE
"Zotu406",0.000430221714263569,37,NA,0.293650793650794,0.293650793650794,FALSE
"Zotu1046",0.000129140261459077,25,NA,0.698412698412698,0.698412698412698,FALSE
"Zotu2783",4.98954746119692e-05,14,NA,0.611111111111111,0.611111111111111,FALSE
"Zotu1304",0.000119991231926215,35,NA,0.777777777777778,0.777777777777778,FALSE
"Zotu63",0.00164926838832176,61,NA,0.484126984126984,0.484126984126984,FALSE
"Zotu4631",1.93133077646552e-05,9,NA,0.571428571428571,0.571428571428571,FALSE
"Zotu1300",0.000128355326245723,24,NA,0.69047619047619,0.69047619047619,FALSE
"Zotu6161",3.15276454371571e-05,11,NA,0.587301587301587,0.587301587301587,FALSE
"Zotu1165",0.000124045913939896,41,NA,0.825396825396825,0.825396825396825,FALSE
"Zotu5332",9.72381376368259e-06,2,NA,0.515873015873016,0.515873015873016,FALSE
"Zotu3392",9.00371151140643e-05,45,NA,0.857142857142857,0.857142857142857,FALSE
"Zotu468",0.000369176378444779,26,NA,0.706349206349206,0.706349206349206,FALSE
"Zotu4792",5.36697607481432e-05,23,NA,0.682539682539683,0.682539682539683,FALSE
"Zotu3248",3.32477836840703e-05,7,NA,0.555555555555556,0.555555555555556,FALSE
"Zotu2178",6.63387855481687e-05,17,NA,0.634920634920635,0.634920634920635,FALSE
"Zotu3559",4.15749557830305e-05,21,NA,0.666666666666667,0.666666666666667,FALSE
"Zotu4545",2.98625340342512e-05,7,NA,0.555555555555556,0.555555555555556,FALSE
"Zotu319",0.000506625480572108,31,NA,0.746031746031746,0.746031746031746,FALSE
"Zotu2653",4.22631921441922e-05,14,NA,0.611111111111111,0.611111111111111,FALSE
"Zotu856",0.000257210577688545,52,NA,0.912698412698413,0.912698412698413,FALSE
"Zotu1520",9.86735675870673e-05,21,NA,0.666666666666667,0.666666666666667,FALSE
"Zotu396",0.0004576307670686,54,NA,0.428571428571428,0.428571428571428,FALSE
"Zotu275",0.000526820868019888,54,NA,0.428571428571428,0.428571428571428,FALSE
"Zotu247",0.000668031269180781,61,NA,0.484126984126984,0.484126984126984,FALSE
"Zotu6226",1.78677482078686e-05,10,NA,0.57936507936508,0.57936507936508,FALSE
"Zotu339",0.000442009282266641,39,NA,0.80952380952381,0.80952380952381,FALSE
"Zotu765",0.000295615940812851,28,NA,0.722222222222222,0.722222222222222,FALSE
"Zotu2795",7.09344607140796e-05,27,NA,0.714285714285714,0.714285714285714,FALSE
"Zotu5740",2.25176446890425e-05,6,NA,0.547619047619048,0.547619047619048,FALSE
"Zotu448",0.000478824461120278,59,NA,0.468253968253968,0.468253968253968,FALSE
"Zotu360",0.000464404575805424,53,NA,0.420634920634921,0.420634920634921,FALSE
"Zotu117",0.00134593360072694,63,NA,0.5,0.5,FALSE
"Zotu1310",0.000157010030189222,41,NA,0.825396825396825,0.825396825396825,FALSE
"Zotu301",0.000546503082672057,59,NA,0.468253968253968,0.468253968253968,FALSE
"Zotu2028",6.52743770852971e-05,20,NA,0.658730158730159,0.658730158730159,FALSE
"Zotu2165",7.81312188476111e-05,31,NA,0.746031746031746,0.746031746031746,FALSE
"Zotu121",0.00109930117592334,59,NA,0.468253968253968,0.468253968253968,FALSE
"Zotu657",0.000288455455307007,46,NA,0.865079365079365,0.865079365079365,FALSE
"Zotu1593",0.000107548776441054,25,NA,0.698412698412698,0.698412698412698,FALSE
"Zotu4379",2.74464907486942e-05,12,NA,0.595238095238095,0.595238095238095,FALSE
"Zotu1782",0.000105791728973857,24,NA,0.19047619047619,0.19047619047619,FALSE
"Zotu4306",3.32794880032369e-05,16,NA,0.626984126984127,0.626984126984127,FALSE
"Zotu483",0.000352393276250531,41,NA,0.325396825396825,0.325396825396825,FALSE
"Zotu3738",2.72146901693224e-05,18,NA,0.642857142857143,0.642857142857143,FALSE
"Zotu3403",4.35862514407121e-05,15,NA,0.619047619047619,0.619047619047619,FALSE
"Zotu4111",6.51538244421333e-05,18,NA,0.642857142857143,0.642857142857143,FALSE
"Zotu120",0.00106860707978546,62,NA,0.492063492063492,0.492063492063492,FALSE
"Zotu3169",3.48003843422114e-05,7,NA,0.555555555555556,0.555555555555556,FALSE
"Zotu1619",9.08656268006663e-05,19,NA,0.650793650793651,0.650793650793651,FALSE
"Zotu2680",3.42599878057213e-05,13,NA,0.103174603174603,0.103174603174603,FALSE
"Zotu1268",0.000115140441210047,21,NA,0.666666666666667,0.666666666666667,FALSE
"Zotu495",0.000298442656979369,45,NA,0.857142857142857,0.857142857142857,FALSE
"Zotu5852",6.07809005134927e-05,18,NA,0.142857142857143,0.142857142857143,FALSE
"Zotu141",0.00150899842151466,62,NA,0.492063492063492,0.492063492063492,FALSE
"Zotu2429",6.31808896012959e-05,26,NA,0.706349206349206,0.706349206349206,FALSE
"Zotu427",0.000375015231894974,51,NA,0.404761904761905,0.404761904761905,FALSE
"Zotu250",0.000691979792681377,57,NA,0.452380952380952,0.452380952380952,FALSE
"Zotu6200",1.5989975558964e-05,6,NA,0.547619047619048,0.547619047619048,FALSE
"Zotu459",0.000362438212419223,51,NA,0.404761904761905,0.404761904761905,FALSE
"Zotu5813",8.18446862997193e-06,4,NA,0.531746031746032,0.531746031746032,FALSE
"Zotu182",0.00077269931662477,32,NA,0.753968253968254,0.753968253968254,FALSE
"Zotu2806",4.41944932544934e-05,15,NA,0.619047619047619,0.619047619047619,FALSE
"Zotu2721",5.21968682663036e-05,16,NA,0.626984126984127,0.626984126984127,FALSE
"Zotu376",0.000416806250699809,39,NA,0.30952380952381,0.30952380952381,FALSE
"Zotu4353",1.86705644726525e-05,11,NA,0.587301587301587,0.587301587301587,FALSE
"Zotu306",0.000546354802860856,56,NA,0.444444444444444,0.444444444444444,FALSE
"Zotu2546",6.25295009644518e-05,17,NA,0.634920634920635,0.634920634920635,FALSE
"Zotu673",0.000233256989147274,49,NA,0.888888888888889,0.888888888888889,FALSE
"Zotu1106",0.000169909004739259,44,NA,0.849206349206349,0.849206349206349,FALSE
"Zotu2039",8.45398477758414e-05,29,NA,0.23015873015873,0.23015873015873,FALSE
"Zotu3758",2.55071918132193e-05,11,NA,0.587301587301587,0.587301587301587,FALSE
"Zotu2501",5.47465602212117e-05,19,NA,0.650793650793651,0.650793650793651,FALSE
"Zotu3120",3.52395304419279e-05,4,NA,0.531746031746032,0.531746031746032,FALSE
"Zotu404",0.000492364775463784,56,NA,0.444444444444444,0.444444444444444,FALSE
"Zotu2802",4.84430292725172e-05,7,NA,0.555555555555556,0.555555555555556,FALSE
"Zotu395",0.000357153592004058,49,NA,0.388888888888889,0.388888888888889,FALSE
"Zotu3813",3.24211438743052e-05,19,NA,0.150793650793651,0.150793650793651,FALSE
"Zotu1347",0.000203616310037879,29,NA,0.73015873015873,0.73015873015873,FALSE
"Zotu2768",5.70882946334155e-05,19,NA,0.650793650793651,0.650793650793651,FALSE
"Zotu270",0.000624029200650941,58,NA,0.46031746031746,0.46031746031746,FALSE
"Zotu4806",1.53095979519513e-05,6,NA,0.547619047619048,0.547619047619048,FALSE
"Zotu3668",4.3611092046863e-05,7,NA,0.555555555555556,0.555555555555556,FALSE
"Zotu417",0.000378359180457607,45,NA,0.357142857142857,0.357142857142857,FALSE
"Zotu1523",0.000143019428637718,18,NA,0.642857142857143,0.642857142857143,FALSE
"Zotu897",0.000175019666910787,34,NA,0.76984126984127,0.76984126984127,FALSE
"Zotu1136",0.000106510051050182,20,NA,0.658730158730159,0.658730158730159,FALSE
"Zotu4996",5.89651628163125e-05,12,NA,0.595238095238095,0.595238095238095,FALSE
"Zotu5961",4.11414132723844e-05,15,NA,0.619047619047619,0.619047619047619,FALSE
"Zotu1188",0.000103132711444643,34,NA,0.26984126984127,0.26984126984127,FALSE
"Zotu6001",2.33662438040272e-05,3,NA,0.523809523809524,0.523809523809524,FALSE
"Zotu3561",8.02170339337169e-05,22,NA,0.174603174603175,0.174603174603175,FALSE
"Zotu2031",9.81398436138894e-05,21,NA,0.666666666666667,0.666666666666667,FALSE
"Zotu216",0.000687340231329222,59,NA,0.468253968253968,0.468253968253968,FALSE
"Zotu700",0.000223513112811192,46,NA,0.865079365079365,0.865079365079365,FALSE
"Zotu558",0.000274817126987064,40,NA,0.817460317460317,0.817460317460317,FALSE
"Zotu370",0.000454627335559852,53,NA,0.420634920634921,0.420634920634921,FALSE
"Zotu1581",8.19546454619981e-05,22,NA,0.674603174603175,0.674603174603175,FALSE
"Zotu1272",0.000114406087328668,34,NA,0.76984126984127,0.76984126984127,FALSE
"Zotu241",0.000591325334089438,59,NA,0.468253968253968,0.468253968253968,FALSE
"Zotu639",0.000251605677760751,29,NA,0.73015873015873,0.73015873015873,FALSE
"Zotu4620",2.14192638987745e-05,13,NA,0.603174603174603,0.603174603174603,FALSE
"Zotu1330",9.18052679262653e-05,27,NA,0.714285714285714,0.714285714285714,FALSE
"Zotu1641",0.000116062630172764,39,NA,0.30952380952381,0.30952380952381,FALSE
"Zotu863",0.000161521583953999,34,NA,0.76984126984127,0.76984126984127,FALSE
"Zotu2237",5.84206073595403e-05,15,NA,0.619047619047619,0.619047619047619,FALSE
"Zotu1031",0.000147940684349352,39,NA,0.30952380952381,0.30952380952381,FALSE
"Zotu3411",2.81342623424827e-05,10,NA,0.57936507936508,0.57936507936508,FALSE
"Zotu997",0.000149405780643002,31,NA,0.746031746031746,0.746031746031746,FALSE
"Zotu1853",8.8915862777118e-05,7,NA,0.555555555555556,0.555555555555556,FALSE
"Zotu3482",2.99059011933624e-05,18,NA,0.642857142857143,0.642857142857143,FALSE
"Zotu502",0.000351480493040022,30,NA,0.738095238095238,0.738095238095238,FALSE
"Zotu465",0.000387068668208767,53,NA,0.920634920634921,0.920634920634921,FALSE
"Zotu950",0.000129477362032439,16,NA,0.626984126984127,0.626984126984127,FALSE
"Zotu1249",0.000122849982558255,24,NA,0.69047619047619,0.69047619047619,FALSE
"Zotu142",0.00103356581046039,54,NA,0.928571428571428,0.928571428571428,FALSE
"Zotu3726",3.33295653050094e-05,13,NA,0.603174603174603,0.603174603174603,FALSE
"Zotu3861",9.15485298824443e-05,36,NA,0.785714285714286,0.785714285714286,FALSE
"Zotu473",0.000317340653761184,51,NA,0.404761904761905,0.404761904761905,FALSE
"Zotu259",0.000638989976989573,54,NA,0.428571428571428,0.428571428571428,FALSE
"Zotu129",0.00109413878154407,61,NA,0.484126984126984,0.484126984126984,FALSE
"Zotu1644",8.90666744508701e-05,8,NA,0.563492063492063,0.563492063492063,FALSE
"Zotu508",0.000286207384115726,49,NA,0.388888888888889,0.388888888888889,FALSE
"Zotu311",0.000562755999533779,55,NA,0.936507936507937,0.936507936507937,FALSE
"Zotu2508",4.93061795599446e-05,20,NA,0.658730158730159,0.658730158730159,FALSE
"Zotu100",0.00130201353912665,63,NA,0.5,0.5,FALSE
"Zotu407",0.000446685849466583,50,NA,0.396825396825397,0.396825396825397,FALSE
"Zotu2400",7.41343187180178e-05,20,NA,0.658730158730159,0.658730158730159,FALSE
"Zotu289",0.000590155246436733,57,NA,0.452380952380952,0.452380952380952,FALSE
"Zotu1612",6.86546036990422e-05,11,NA,0.587301587301587,0.587301587301587,FALSE
"Zotu1040",0.000175006126746827,38,NA,0.301587301587302,0.301587301587302,FALSE
"Zotu634",0.000228509351128805,46,NA,0.365079365079365,0.365079365079365,FALSE
"Zotu469",0.00029299794137238,54,NA,0.428571428571428,0.428571428571428,FALSE
"Zotu5755",4.23118376395835e-05,13,NA,0.603174603174603,0.603174603174603,FALSE
"Zotu1026",0.000120924534439327,22,NA,0.674603174603175,0.674603174603175,FALSE
"Zotu373",0.000434491629954102,57,NA,0.452380952380952,0.452380952380952,FALSE
"Zotu3880",2.89464615511288e-05,10,NA,0.57936507936508,0.57936507936508,FALSE
"Zotu1598",9.36830899828645e-05,22,NA,0.674603174603175,0.674603174603175,FALSE
"Zotu3714",4.18643685617679e-05,18,NA,0.642857142857143,0.642857142857143,FALSE
"Zotu1480",8.35797251267106e-05,33,NA,0.261904761904762,0.261904761904762,FALSE
"Zotu2093",5.44308494023637e-05,16,NA,0.626984126984127,0.626984126984127,FALSE
"Zotu859",0.000173016632539626,47,NA,0.873015873015873,0.873015873015873,FALSE
"Zotu989",0.000130148185639869,33,NA,0.261904761904762,0.261904761904762,FALSE
"Zotu5542",2.47734791282311e-05,8,NA,0.563492063492063,0.563492063492063,FALSE
"Zotu3867",3.05440747086801e-05,13,NA,0.603174603174603,0.603174603174603,FALSE
"Zotu1666",8.82616529158769e-05,23,NA,0.682539682539683,0.682539682539683,FALSE
"Zotu196",0.00071391592137925,58,NA,0.46031746031746,0.46031746031746,FALSE
"Zotu1402",0.000105916713827917,24,NA,0.19047619047619,0.19047619047619,FALSE
"Zotu582",0.000644289357708701,59,NA,0.468253968253968,0.468253968253968,FALSE
"Zotu2529",5.79900855352981e-05,13,NA,0.603174603174603,0.603174603174603,FALSE
"Zotu2528",6.38146568098991e-05,20,NA,0.658730158730159,0.658730158730159,FALSE
"Zotu173",0.000703509325031481,60,NA,0.476190476190476,0.476190476190476,FALSE
"Zotu1371",9.32069619133879e-05,27,NA,0.714285714285714,0.714285714285714,FALSE
"Zotu973",0.000182148902236058,34,NA,0.76984126984127,0.76984126984127,FALSE
"Zotu596",0.000316851502875057,49,NA,0.388888888888889,0.388888888888889,FALSE
"Zotu2423",7.21181116588291e-05,4,NA,0.531746031746032,0.531746031746032,FALSE
"Zotu26",0.00314812870588282,62,NA,0.492063492063492,0.492063492063492,FALSE
"Zotu1512",7.90949261000439e-05,29,NA,0.73015873015873,0.73015873015873,FALSE
"Zotu257",0.000656731020242209,63,NA,0.5,0.5,FALSE
"Zotu384",0.000437009038476122,56,NA,0.444444444444444,0.444444444444444,FALSE
"Zotu1870",0.000102010224418085,31,NA,0.746031746031746,0.746031746031746,FALSE
"Zotu3388",2.59157891887583e-05,13,NA,0.603174603174603,0.603174603174603,FALSE
"Zotu534",0.000280294140396383,33,NA,0.261904761904762,0.261904761904762,FALSE
"Zotu1006",0.00016402465055195,28,NA,0.722222222222222,0.722222222222222,FALSE
"Zotu115",0.00115047954542191,61,NA,0.484126984126984,0.484126984126984,FALSE
"Zotu392",0.000567300948194671,35,NA,0.777777777777778,0.777777777777778,FALSE
"Zotu3387",5.47300861364666e-05,18,NA,0.642857142857143,0.642857142857143,FALSE
"Zotu1776",9.39999402389114e-05,31,NA,0.746031746031746,0.746031746031746,FALSE
"Zotu811",0.00019754104402766,35,NA,0.777777777777778,0.777777777777778,FALSE
"Zotu178",0.000834116892387713,43,NA,0.341269841269841,0.341269841269841,FALSE
"Zotu4192",3.58895526767254e-05,14,NA,0.611111111111111,0.611111111111111,FALSE
"Zotu6147",4.98040054003718e-05,6,NA,0.547619047619048,0.547619047619048,FALSE
"Zotu6321",2.54967481939105e-05,10,NA,0.57936507936508,0.57936507936508,FALSE
"Zotu6264",8.8686950820337e-06,3,NA,0.523809523809524,0.523809523809524,FALSE
"Zotu269",0.00052079899239129,36,NA,0.785714285714286,0.785714285714286,FALSE
"Zotu660",0.000265365457638053,51,NA,0.404761904761905,0.404761904761905,FALSE
"Zotu684",0.000207041565494263,44,NA,0.349206349206349,0.349206349206349,FALSE
"Zotu1728",6.27755409935648e-05,22,NA,0.174603174603175,0.174603174603175,FALSE
"Zotu265",0.000624758586866776,57,NA,0.952380952380952,0.952380952380952,FALSE
"Zotu479",0.000275044092265786,40,NA,0.317460317460317,0.317460317460317,FALSE
"Zotu399",0.000363632326661665,31,NA,0.746031746031746,0.746031746031746,FALSE
"Zotu3598",2.33136296945572e-05,12,NA,0.595238095238095,0.595238095238095,FALSE
"Zotu4949",3.7861636735814e-05,12,NA,0.595238095238095,0.595238095238095,FALSE
"Zotu1671",7.99117989080515e-05,19,NA,0.650793650793651,0.650793650793651,FALSE
"Zotu4321",2.33855758921812e-05,14,NA,0.611111111111111,0.611111111111111,FALSE
"Zotu112",0.00127455288699658,56,NA,0.444444444444444,0.444444444444444,FALSE
"Zotu1574",0.000122927181350468,33,NA,0.761904761904762,0.761904761904762,FALSE
"Zotu5283",2.52374141279088e-05,15,NA,0.619047619047619,0.619047619047619,FALSE
"Zotu1880",8.37247092205572e-05,22,NA,0.674603174603175,0.674603174603175,FALSE
"Zotu5076",1.47646800728573e-05,7,NA,0.555555555555556,0.555555555555556,FALSE
"Zotu3009",6.98288619839166e-05,30,NA,0.738095238095238,0.738095238095238,FALSE
"Zotu1416",0.000101694166263215,22,NA,0.674603174603175,0.674603174603175,FALSE
"Zotu4440",3.91409109016183e-05,22,NA,0.674603174603175,0.674603174603175,FALSE
"Zotu3909",1.73756690881866e-05,9,NA,0.571428571428571,0.571428571428571,FALSE
"Zotu3676",3.37365541941347e-05,17,NA,0.634920634920635,0.634920634920635,FALSE
"Zotu139",0.00111510745744692,60,NA,0.476190476190476,0.476190476190476,FALSE
"Zotu5213",4.37990748169575e-05,20,NA,0.658730158730159,0.658730158730159,FALSE
"Zotu3453",3.20251735986919e-05,7,NA,0.555555555555556,0.555555555555556,FALSE
"Zotu1570",0.000141257754776269,41,NA,0.325396825396825,0.325396825396825,FALSE
"Zotu1388",0.00011542703092691,32,NA,0.753968253968254,0.753968253968254,FALSE
"Zotu5039",1.96883957622826e-05,12,NA,0.595238095238095,0.595238095238095,FALSE
"Zotu327",0.000599180922665835,51,NA,0.404761904761905,0.404761904761905,FALSE
"Zotu1818",9.5679068865908e-05,20,NA,0.658730158730159,0.658730158730159,FALSE
"Zotu1579",6.06307495446265e-05,20,NA,0.658730158730159,0.658730158730159,FALSE
"Zotu2638",4.89598500092004e-05,8,NA,0.563492063492063,0.563492063492063,FALSE
"Zotu2016",6.81232038572775e-05,17,NA,0.634920634920635,0.634920634920635,FALSE
"Zotu3354",3.19756417469325e-05,10,NA,0.57936507936508,0.57936507936508,FALSE
"Zotu575",0.000256336418005701,44,NA,0.849206349206349,0.849206349206349,FALSE
"Zotu580",0.000303513347285175,50,NA,0.896825396825397,0.896825396825397,FALSE
"Zotu1553",0.000105075528521728,35,NA,0.277777777777778,0.277777777777778,FALSE
"Zotu329",0.000459182745758058,42,NA,0.333333333333333,0.333333333333333,FALSE
"Zotu548",0.000319027751224129,54,NA,0.928571428571428,0.928571428571428,FALSE
"Zotu1509",0.000134548758977327,39,NA,0.80952380952381,0.80952380952381,FALSE
"Zotu2444",6.78829932769395e-05,21,NA,0.666666666666667,0.666666666666667,FALSE
"Zotu1567",8.71778064359928e-05,14,NA,0.611111111111111,0.611111111111111,FALSE
"Zotu254",0.000590967944087949,60,NA,0.476190476190476,0.476190476190476,FALSE
"Zotu4919",2.54635914356174e-05,9,NA,0.571428571428571,0.571428571428571,FALSE
"Zotu2687",3.53462061839856e-05,13,NA,0.603174603174603,0.603174603174603,FALSE
"Zotu374",0.000433648472167563,15,NA,0.619047619047619,0.619047619047619,FALSE
"Zotu2365",3.88723489081548e-05,17,NA,0.634920634920635,0.634920634920635,FALSE
"Zotu2603",4.40016448469668e-05,21,NA,0.666666666666667,0.666666666666667,FALSE
"Zotu4272",1.89940049992268e-05,8,NA,0.563492063492063,0.563492063492063,FALSE
"Zotu605",0.000261638053661297,57,NA,0.952380952380952,0.952380952380952,FALSE
"Zotu5132",1.91558759572136e-05,5,NA,0.53968253968254,0.53968253968254,FALSE
"Zotu3414",3.75313859317911e-05,16,NA,0.626984126984127,0.626984126984127,FALSE
"Zotu3182",3.96524046902066e-05,18,NA,0.642857142857143,0.642857142857143,FALSE
"Zotu5661",2.46435567250928e-05,15,NA,0.619047619047619,0.619047619047619,FALSE
"Zotu774",0.000200169561442323,41,NA,0.825396825396825,0.825396825396825,FALSE
"Zotu5773",1.30298816196373e-05,7,NA,0.555555555555556,0.555555555555556,FALSE
"Zotu3971",3.16103066071875e-05,10,NA,0.57936507936508,0.57936507936508,FALSE
"Zotu435",0.000402360891051237,51,NA,0.404761904761905,0.404761904761905,FALSE
"Zotu3465",3.0583099077631e-05,9,NA,0.571428571428571,0.571428571428571,FALSE
"Zotu3941",3.33849405888179e-05,18,NA,0.642857142857143,0.642857142857143,FALSE
"Zotu1059",0.000146428088193603,37,NA,0.793650793650794,0.793650793650794,FALSE
"Zotu246",0.000689110003152809,58,NA,0.46031746031746,0.46031746031746,FALSE
"Zotu238",0.000579289131931923,51,NA,0.404761904761905,0.404761904761905,FALSE
"Zotu1840",7.7847026641166e-05,18,NA,0.642857142857143,0.642857142857143,FALSE
"Zotu4067",2.74594768853078e-05,7,NA,0.555555555555556,0.555555555555556,FALSE
"Zotu4527",2.12187915931348e-05,8,NA,0.563492063492063,0.563492063492063,FALSE
"Zotu3895",2.97581301348805e-05,4,NA,0.531746031746032,0.531746031746032,FALSE
"Zotu2451",4.44317132789624e-05,14,NA,0.611111111111111,0.611111111111111,FALSE
"Zotu5842",2.80760066563518e-05,9,NA,0.571428571428571,0.571428571428571,FALSE
"Zotu226",0.000605109240550048,32,NA,0.753968253968254,0.753968253968254,FALSE
"Zotu6000",2.47312150263302e-05,12,NA,0.595238095238095,0.595238095238095,FALSE
"Zotu600",0.000253427482556348,45,NA,0.857142857142857,0.857142857142857,FALSE
"Zotu2669",4.69799641908553e-05,25,NA,0.698412698412698,0.698412698412698,FALSE
"Zotu743",0.000179853354640026,49,NA,0.888888888888889,0.888888888888889,FALSE
"Zotu3030",2.78812889998152e-05,9,NA,0.571428571428571,0.571428571428571,FALSE
"Zotu1094",0.000110529906379918,13,NA,0.603174603174603,0.603174603174603,FALSE
"Zotu946",0.00021811651297717,49,NA,0.888888888888889,0.888888888888889,FALSE
"Zotu595",0.000210303861842303,34,NA,0.26984126984127,0.26984126984127,FALSE
"Zotu647",0.000240512308356031,44,NA,0.849206349206349,0.849206349206349,FALSE
"Zotu4177",2.2099114240659e-05,8,NA,0.563492063492063,0.563492063492063,FALSE
"Zotu365",0.000506390828704904,56,NA,0.444444444444444,0.444444444444444,FALSE
"Zotu140",0.00103100361926206,62,NA,0.492063492063492,0.492063492063492,FALSE
"Zotu1634",0.000113861815279295,15,NA,0.619047619047619,0.619047619047619,FALSE
"Zotu4671",4.59214656068474e-05,13,NA,0.603174603174603,0.603174603174603,FALSE
"Zotu1811",9.28167253369995e-05,31,NA,0.746031746031746,0.746031746031746,FALSE
"Zotu1158",0.000133230310029357,22,NA,0.174603174603175,0.174603174603175,FALSE
"Zotu3832",6.39244891234962e-05,16,NA,0.626984126984127,0.626984126984127,FALSE
"Zotu613",0.000254916857648957,43,NA,0.341269841269841,0.341269841269841,FALSE
"Zotu3954",5.47110134785083e-05,36,NA,0.285714285714286,0.285714285714286,FALSE
"Zotu944",0.000116424525387387,27,NA,0.714285714285714,0.714285714285714,FALSE
"Zotu425",0.00045238383905643,48,NA,0.880952380952381,0.880952380952381,FALSE
"Zotu91",0.00138820487459857,61,NA,0.984126984126984,0.984126984126984,FALSE
"Zotu172",0.000723870076543887,52,NA,0.912698412698413,0.912698412698413,FALSE
"Zotu4681",2.62791450006302e-05,8,NA,0.563492063492063,0.563492063492063,FALSE
"Zotu4207",6.68439755778994e-05,24,NA,0.69047619047619,0.69047619047619,FALSE
"Zotu2554",4.79205229224394e-05,18,NA,0.642857142857143,0.642857142857143,FALSE
"Zotu458",0.000386660669873353,48,NA,0.880952380952381,0.880952380952381,FALSE
"Zotu5878",2.19787340663908e-05,14,NA,0.611111111111111,0.611111111111111,FALSE
"Zotu490",0.000330629983906866,31,NA,0.746031746031746,0.746031746031746,FALSE
"Zotu461",0.000335558327573609,39,NA,0.80952380952381,0.80952380952381,FALSE
"Zotu1496",9.60376795083116e-05,18,NA,0.642857142857143,0.642857142857143,FALSE
"Zotu49",0.00207685256651003,63,NA,0.5,0.5,FALSE
"Zotu221",0.000849407935753569,57,NA,0.452380952380952,0.452380952380952,FALSE
"Zotu854",0.000191917516909139,26,NA,0.706349206349206,0.706349206349206,FALSE
"Zotu3379",2.69628729140314e-05,15,NA,0.619047619047619,0.619047619047619,FALSE
"Zotu5366",3.24050832634081e-05,13,NA,0.603174603174603,0.603174603174603,FALSE
"Zotu2466",6.43887778327164e-05,28,NA,0.722222222222222,0.722222222222222,FALSE
"Zotu266",0.000571772705968112,58,NA,0.46031746031746,0.46031746031746,FALSE
"Zotu789",0.00021677625051635,19,NA,0.650793650793651,0.650793650793651,FALSE
"Zotu735",0.000205245000725494,30,NA,0.738095238095238,0.738095238095238,FALSE
"Zotu2755",7.18893225691584e-05,23,NA,0.682539682539683,0.682539682539683,FALSE
"Zotu2727",5.51557309284181e-05,21,NA,0.666666666666667,0.666666666666667,FALSE
"Zotu1722",6.82430430114875e-05,18,NA,0.642857142857143,0.642857142857143,FALSE
"Zotu4922",3.12640100347652e-05,10,NA,0.57936507936508,0.57936507936508,FALSE
"Zotu5050",2.46516464952051e-05,8,NA,0.563492063492063,0.563492063492063,FALSE
"Zotu1562",8.65598502606484e-05,17,NA,0.634920634920635,0.634920634920635,FALSE
"Zotu713",0.000211309062393177,33,NA,0.761904761904762,0.761904761904762,FALSE
"Zotu1822",9.32041726177143e-05,21,NA,0.666666666666667,0.666666666666667,FALSE
"Zotu4077",2.77253335685654e-05,8,NA,0.563492063492063,0.563492063492063,FALSE
"Zotu2665",3.62951376758227e-05,17,NA,0.634920634920635,0.634920634920635,FALSE
"Zotu133",0.00100217248619648,62,NA,0.492063492063492,0.492063492063492,FALSE
"Zotu2448",6.61722605254499e-05,21,NA,0.666666666666667,0.666666666666667,FALSE
"Zotu4277",6.17828095202018e-05,16,NA,0.626984126984127,0.626984126984127,FALSE
"Zotu2844",4.8434550607393e-05,21,NA,0.666666666666667,0.666666666666667,FALSE
"Zotu224",0.000742057473140213,59,NA,0.468253968253968,0.468253968253968,FALSE
"Zotu529",0.000302005299416864,41,NA,0.325396825396825,0.325396825396825,FALSE
"Zotu514",0.00034633027406205,50,NA,0.396825396825397,0.396825396825397,FALSE
"Zotu2674",5.83208783900761e-05,21,NA,0.666666666666667,0.666666666666667,FALSE
"Zotu2777",6.08050256731037e-05,23,NA,0.182539682539683,0.182539682539683,FALSE
"Zotu526",0.000301705108517704,43,NA,0.341269841269841,0.341269841269841,FALSE
"Zotu4739",4.94457753884906e-05,26,NA,0.706349206349206,0.706349206349206,FALSE
"Zotu2663",4.00221455818483e-05,14,NA,0.611111111111111,0.611111111111111,FALSE
"Zotu711",0.000229399801133519,31,NA,0.746031746031746,0.746031746031746,FALSE
"Zotu884",0.000189522500708574,29,NA,0.73015873015873,0.73015873015873,FALSE
"Zotu736",0.000219162794123843,49,NA,0.888888888888889,0.888888888888889,FALSE
"Zotu2032",4.71638842993017e-05,15,NA,0.619047619047619,0.619047619047619,FALSE
"Zotu2587",5.28988298577008e-05,26,NA,0.206349206349206,0.206349206349206,FALSE
"Zotu654",0.000221021374226664,25,NA,0.698412698412698,0.698412698412698,FALSE
"Zotu1483",9.56090816639524e-05,35,NA,0.777777777777778,0.777777777777778,FALSE
"Zotu6242",2.39896525947114e-05,11,NA,0.587301587301587,0.587301587301587,FALSE
"Zotu2565",5.64112107690651e-05,24,NA,0.19047619047619,0.19047619047619,FALSE
"Zotu616",0.000264050594706753,29,NA,0.73015873015873,0.73015873015873,FALSE
"Zotu893",0.00018600459265755,37,NA,0.293650793650794,0.293650793650794,FALSE
"Zotu3455",4.10114874110394e-05,16,NA,0.626984126984127,0.626984126984127,FALSE
"Zotu2952",5.90433612877357e-05,23,NA,0.682539682539683,0.682539682539683,FALSE
"Zotu5229",3.55427986211456e-05,19,NA,0.650793650793651,0.650793650793651,FALSE
"Zotu2049",0.000132547058440315,32,NA,0.753968253968254,0.753968253968254,FALSE
"Zotu3960",2.63401883235018e-05,4,NA,0.531746031746032,0.531746031746032,FALSE
"Zotu1252",0.000136816695178172,25,NA,0.698412698412698,0.698412698412698,FALSE
"Zotu610",0.000256423123609014,43,NA,0.841269841269841,0.841269841269841,FALSE
"Zotu184",0.000806650736729372,58,NA,0.46031746031746,0.46031746031746,FALSE
"Zotu3994",2.88448855105065e-05,18,NA,0.642857142857143,0.642857142857143,FALSE
"Zotu65",0.00177932008468716,50,NA,0.396825396825397,0.396825396825397,FALSE
"Zotu5577",2.10321317954451e-05,13,NA,0.603174603174603,0.603174603174603,FALSE
"Zotu4628",2.65852938319985e-05,12,NA,0.0952380952380952,0.0952380952380952,TRUE
"Zotu2269",5.85729100144591e-05,21,NA,0.666666666666667,0.666666666666667,FALSE
"Zotu4943",4.21721759203624e-05,16,NA,0.626984126984127,0.626984126984127,FALSE
"Zotu1081",0.000194626521172906,40,NA,0.317460317460317,0.317460317460317,FALSE
"Zotu917",0.000137753626930378,31,NA,0.246031746031746,0.246031746031746,FALSE
"Zotu4780",3.49412397496978e-05,21,NA,0.666666666666667,0.666666666666667,FALSE
"Zotu3721",2.23335167908263e-05,13,NA,0.603174603174603,0.603174603174603,FALSE
"Zotu525",0.000294184242153301,46,NA,0.365079365079365,0.365079365079365,FALSE
"Zotu1236",0.000153306440441896,27,NA,0.714285714285714,0.714285714285714,FALSE
"Zotu60",0.00206726620013821,57,NA,0.452380952380952,0.452380952380952,FALSE
"Zotu4718",4.12925197813059e-05,15,NA,0.619047619047619,0.619047619047619,FALSE
"Zotu2534",3.86111433907215e-05,8,NA,0.563492063492063,0.563492063492063,FALSE
"Zotu442",0.000320776847078363,28,NA,0.722222222222222,0.722222222222222,FALSE
"Zotu103",0.00152205094424719,60,NA,0.476190476190476,0.476190476190476,FALSE
"Zotu2235",5.98824994364776e-05,19,NA,0.650793650793651,0.650793650793651,FALSE
"Zotu843",0.00020965247003286,50,NA,0.896825396825397,0.896825396825397,FALSE
"Zotu707",0.00024598017996752,29,NA,0.73015873015873,0.73015873015873,FALSE
"Zotu271",0.00062075810055315,55,NA,0.436507936507937,0.436507936507937,FALSE
"Zotu164",0.000953390870438703,60,NA,0.476190476190476,0.476190476190476,FALSE
"Zotu1750",5.97515180088334e-05,14,NA,0.611111111111111,0.611111111111111,FALSE
"Zotu5265",1.08412077134057e-05,5,NA,0.53968253968254,0.53968253968254,FALSE
"Zotu579",0.000486119400792242,58,NA,0.96031746031746,0.96031746031746,FALSE
"Zotu1647",7.93486963568077e-05,18,NA,0.642857142857143,0.642857142857143,FALSE
"Zotu191",0.00076861406212123,51,NA,0.404761904761905,0.404761904761905,FALSE
"Zotu627",0.000236433854094915,39,NA,0.80952380952381,0.80952380952381,FALSE
"Zotu1217",0.000132327758636678,35,NA,0.777777777777778,0.777777777777778,FALSE
"Zotu963",0.000142017598779518,47,NA,0.873015873015873,0.873015873015873,FALSE
"Zotu5495",2.63823584842846e-05,18,NA,0.642857142857143,0.642857142857143,FALSE
"Zotu480",0.000346257334411351,35,NA,0.777777777777778,0.777777777777778,FALSE
"Zotu2766",4.17482842629012e-05,15,NA,0.619047619047619,0.619047619047619,FALSE
"Zotu6361",8.88354630995339e-05,31,NA,0.746031746031746,0.746031746031746,FALSE
"Zotu136",0.00100673943001403,62,NA,0.492063492063492,0.492063492063492,FALSE
"Zotu567",0.000266998904808741,24,NA,0.69047619047619,0.69047619047619,FALSE
"Zotu3610",3.28625961443718e-05,16,NA,0.126984126984127,0.126984126984127,FALSE
"Zotu3206",2.93430359166966e-05,14,NA,0.611111111111111,0.611111111111111,FALSE
"Zotu125",0.00106694099413791,61,NA,0.484126984126984,0.484126984126984,FALSE
"Zotu3317",6.37048710424452e-05,26,NA,0.206349206349206,0.206349206349206,FALSE
"Zotu678",0.000227232582854239,46,NA,0.365079365079365,0.365079365079365,FALSE
"Zotu78",0.00144346926155483,63,NA,0.5,0.5,FALSE
"Zotu2066",7.22883814947727e-05,28,NA,0.722222222222222,0.722222222222222,FALSE
"Zotu2142",9.0594114002462e-05,28,NA,0.722222222222222,0.722222222222222,FALSE
"Zotu813",0.000184792991746317,44,NA,0.349206349206349,0.349206349206349,FALSE
"Zotu1531",0.000114767328619071,40,NA,0.317460317460317,0.317460317460317,FALSE
"Zotu1101",0.000125768246274756,34,NA,0.76984126984127,0.76984126984127,FALSE
"Zotu3996",4.76199862534436e-05,20,NA,0.658730158730159,0.658730158730159,FALSE
"Zotu2925",5.91024857108509e-05,23,NA,0.682539682539683,0.682539682539683,FALSE
"Zotu584",0.000263462653912853,48,NA,0.380952380952381,0.380952380952381,FALSE
"Zotu664",0.000261875858434232,43,NA,0.841269841269841,0.841269841269841,FALSE
"Zotu857",0.000192993154106534,24,NA,0.69047619047619,0.69047619047619,FALSE
"Zotu159",0.000997353699240543,61,NA,0.484126984126984,0.484126984126984,FALSE
"Zotu300",0.000533189894824666,55,NA,0.436507936507937,0.436507936507937,FALSE
"Zotu94",0.00118885666587128,62,NA,0.492063492063492,0.492063492063492,FALSE
"Zotu1008",0.00014217672995433,32,NA,0.253968253968254,0.253968253968254,FALSE
"Zotu2662",8.42283274127564e-05,33,NA,0.261904761904762,0.261904761904762,FALSE
"Zotu786",0.000180334267891227,34,NA,0.26984126984127,0.26984126984127,FALSE
"Zotu1785",6.82851122057911e-05,24,NA,0.69047619047619,0.69047619047619,FALSE
"Zotu1885",8.32750558147782e-05,17,NA,0.634920634920635,0.634920634920635,FALSE
"Zotu1576",6.22894172105538e-05,20,NA,0.658730158730159,0.658730158730159,FALSE
"Zotu6140",1.23284166621058e-05,5,NA,0.53968253968254,0.53968253968254,FALSE
"Zotu3820",2.11175157053946e-05,5,NA,0.53968253968254,0.53968253968254,FALSE
"Zotu1071",0.000142155925177332,26,NA,0.706349206349206,0.706349206349206,FALSE
"Zotu485",0.000361994254344184,43,NA,0.341269841269841,0.341269841269841,FALSE
"Zotu2513",4.46008785443506e-05,10,NA,0.57936507936508,0.57936507936508,FALSE
"Zotu1793",7.70073945466386e-05,26,NA,0.706349206349206,0.706349206349206,FALSE
"Zotu293",0.000565880069642653,45,NA,0.357142857142857,0.357142857142857,FALSE
"Zotu5489",2.3822029841218e-05,12,NA,0.595238095238095,0.595238095238095,FALSE
"Zotu570",0.000259451207782643,32,NA,0.753968253968254,0.753968253968254,FALSE
"Zotu3073",4.46894421554913e-05,15,NA,0.619047619047619,0.619047619047619,FALSE
"Zotu1212",0.000113271652441655,13,NA,0.603174603174603,0.603174603174603,FALSE
"Zotu437",0.000459138260500557,52,NA,0.912698412698413,0.912698412698413,FALSE
"Zotu3067",4.60606422150249e-05,11,NA,0.587301587301587,0.587301587301587,FALSE
"Zotu4589",1.98523613181918e-05,5,NA,0.53968253968254,0.53968253968254,FALSE
"Zotu1034",0.000116789123896017,12,NA,0.595238095238095,0.595238095238095,FALSE
"Zotu820",0.000184371966662752,24,NA,0.69047619047619,0.69047619047619,FALSE
"Zotu169",0.000926182459946523,60,NA,0.476190476190476,0.476190476190476,FALSE
"Zotu5124",2.92035886999455e-05,14,NA,0.611111111111111,0.611111111111111,FALSE
"Zotu6399",2.11468689398652e-05,10,NA,0.57936507936508,0.57936507936508,FALSE
"Zotu679",0.000221417268549862,39,NA,0.80952380952381,0.80952380952381,FALSE
"Zotu431",0.000399705854509246,48,NA,0.880952380952381,0.880952380952381,FALSE
"Zotu6050",2.12287321444705e-05,8,NA,0.0634920634920635,0.0634920634920635,TRUE
"Zotu4687",3.00209400712439e-05,12,NA,0.595238095238095,0.595238095238095,FALSE
"Zotu2839",4.73935574699523e-05,17,NA,0.634920634920635,0.634920634920635,FALSE
"Zotu3359",3.80189694284153e-05,14,NA,0.611111111111111,0.611111111111111,FALSE
"Zotu3332",3.17603036644667e-05,21,NA,0.666666666666667,0.666666666666667,FALSE
"Zotu1191",0.000113315652161179,38,NA,0.801587301587302,0.801587301587302,FALSE
"Zotu6072",2.81217083106555e-05,8,NA,0.563492063492063,0.563492063492063,FALSE
"Zotu1981",7.47614221490737e-05,21,NA,0.666666666666667,0.666666666666667,FALSE
"Zotu1834",8.25530083618291e-05,27,NA,0.714285714285714,0.714285714285714,FALSE
"Zotu2357",7.58038449939705e-05,21,NA,0.666666666666667,0.666666666666667,FALSE
"Zotu2560",4.16394613691173e-05,20,NA,0.658730158730159,0.658730158730159,FALSE
"Zotu5705",3.27026946362711e-05,17,NA,0.634920634920635,0.634920634920635,FALSE
"Zotu1606",6.85320069190453e-05,18,NA,0.642857142857143,0.642857142857143,FALSE
"Zotu761",0.000398084784398987,44,NA,0.349206349206349,0.349206349206349,FALSE
"Zotu1133",0.000160705713242494,31,NA,0.746031746031746,0.746031746031746,FALSE
"Zotu4587",2.72514283414594e-05,6,NA,0.547619047619048,0.547619047619048,FALSE
"Zotu875",0.000153300841719259,22,NA,0.674603174603175,0.674603174603175,FALSE
"Zotu773",0.000166394368240405,38,NA,0.801587301587302,0.801587301587302,FALSE
"Zotu410",0.000416273851118771,48,NA,0.880952380952381,0.880952380952381,FALSE
"Zotu1595",8.7984661753037e-05,31,NA,0.246031746031746,0.246031746031746,FALSE
"Zotu6412",5.20626759607344e-05,15,NA,0.619047619047619,0.619047619047619,FALSE
"Zotu1469",8.42084363204204e-05,13,NA,0.603174603174603,0.603174603174603,FALSE
"Zotu6275",6.13979853129795e-05,10,NA,0.57936507936508,0.57936507936508,FALSE
"Zotu1065",0.000150158469518315,25,NA,0.698412698412698,0.698412698412698,FALSE
"Zotu4748",3.67290355711275e-05,16,NA,0.626984126984127,0.626984126984127,FALSE
"Zotu2698",6.75716493305518e-05,12,NA,0.595238095238095,0.595238095238095,FALSE
"Zotu720",0.000200316276202711,41,NA,0.325396825396825,0.325396825396825,FALSE
"Zotu1490",0.000141178391315348,37,NA,0.793650793650794,0.793650793650794,FALSE
"Zotu5936",3.20472019959799e-05,15,NA,0.619047619047619,0.619047619047619,FALSE
"Zotu2609",6.76240126986694e-05,22,NA,0.674603174603175,0.674603174603175,FALSE
"Zotu787",0.000165841857763659,44,NA,0.849206349206349,0.849206349206349,FALSE
"Zotu1954",6.46296681976728e-05,8,NA,0.563492063492063,0.563492063492063,FALSE
"Zotu5075",2.35680590977906e-05,5,NA,0.53968253968254,0.53968253968254,FALSE
"Zotu1142",0.000124622748983885,16,NA,0.626984126984127,0.626984126984127,FALSE
"Zotu1962",7.25966792141825e-05,22,NA,0.174603174603175,0.174603174603175,FALSE
"Zotu5510",1.87598676884578e-05,10,NA,0.57936507936508,0.57936507936508,FALSE
"Zotu552",0.000327532636817526,51,NA,0.404761904761905,0.404761904761905,FALSE
"Zotu2969",3.56515726156307e-05,10,NA,0.57936507936508,0.57936507936508,FALSE
"Zotu1266",0.000105282540407236,17,NA,0.634920634920635,0.634920634920635,FALSE
"Zotu2268",9.82512457612979e-05,33,NA,0.761904761904762,0.761904761904762,FALSE
"Zotu3636",3.93616062897847e-05,19,NA,0.650793650793651,0.650793650793651,FALSE
"Zotu2778",5.75890216710246e-05,13,NA,0.103174603174603,0.103174603174603,FALSE
"Zotu1482",8.22196409298066e-05,28,NA,0.222222222222222,0.222222222222222,FALSE
"Zotu1410",8.86565364878387e-05,25,NA,0.198412698412698,0.198412698412698,FALSE
"Zotu1312",0.000100786532506713,28,NA,0.722222222222222,0.722222222222222,FALSE
"Zotu3353",3.24941284926074e-05,7,NA,0.555555555555556,0.555555555555556,FALSE
"Zotu749",0.000206834440341486,33,NA,0.761904761904762,0.761904761904762,FALSE
"Zotu604",0.000219886787872346,31,NA,0.246031746031746,0.246031746031746,FALSE
"Zotu1178",0.000172782443896057,43,NA,0.341269841269841,0.341269841269841,FALSE
"Zotu5086",3.32757554260708e-05,11,NA,0.587301587301587,0.587301587301587,FALSE
"Zotu1927",7.79783688679151e-05,20,NA,0.658730158730159,0.658730158730159,FALSE
"Zotu1930",9.78496492354378e-05,32,NA,0.753968253968254,0.753968253968254,FALSE
"Zotu714",0.000215121668261783,29,NA,0.73015873015873,0.73015873015873,FALSE
"Zotu784",0.000215248856126734,39,NA,0.80952380952381,0.80952380952381,FALSE
"Zotu2253",5.59364340244989e-05,24,NA,0.19047619047619,0.19047619047619,FALSE
"Zotu1194",0.000117140937997893,32,NA,0.753968253968254,0.753968253968254,FALSE
"Zotu3063",3.84663548106424e-05,13,NA,0.603174603174603,0.603174603174603,FALSE
"Zotu1066",0.000134175156916717,25,NA,0.698412698412698,0.698412698412698,FALSE
"Zotu397",0.000507090185688862,28,NA,0.722222222222222,0.722222222222222,FALSE
"Zotu2921",7.36579420638005e-05,13,NA,0.603174603174603,0.603174603174603,FALSE
"Zotu5408",2.76927382922922e-05,10,NA,0.57936507936508,0.57936507936508,FALSE
"Zotu2076",7.70916750074847e-05,26,NA,0.206349206349206,0.206349206349206,FALSE
"Zotu6303",1.09660882123989e-05,7,NA,0.555555555555556,0.555555555555556,FALSE
"Zotu1366",0.000106216629846811,16,NA,0.626984126984127,0.626984126984127,FALSE
"Zotu2781",5.03364606430588e-05,12,NA,0.595238095238095,0.595238095238095,FALSE
"Zotu1377",0.000101026296590814,25,NA,0.698412698412698,0.698412698412698,FALSE
"Zotu4258",6.02702238351313e-05,20,NA,0.658730158730159,0.658730158730159,FALSE
"Zotu6171",2.84505900514192e-05,12,NA,0.595238095238095,0.595238095238095,FALSE
"Zotu6012",1.37870204163373e-05,11,NA,0.587301587301587,0.587301587301587,FALSE
"Zotu2107",0.000106654226965064,25,NA,0.698412698412698,0.698412698412698,FALSE
"Zotu3650",7.99031047624752e-05,16,NA,0.626984126984127,0.626984126984127,FALSE
"Zotu2842",4.60530985420275e-05,14,NA,0.611111111111111,0.611111111111111,FALSE
"Zotu255",0.000738913663898066,54,NA,0.428571428571428,0.428571428571428,FALSE
"Zotu452",0.000357377045747322,53,NA,0.420634920634921,0.420634920634921,FALSE
"Zotu674",0.000251556188086191,27,NA,0.714285714285714,0.714285714285714,FALSE
"Zotu2074",6.23634841801091e-05,27,NA,0.714285714285714,0.714285714285714,FALSE
"Zotu1874",6.20864176376013e-05,21,NA,0.666666666666667,0.666666666666667,FALSE
"Zotu2058",7.17971014159776e-05,28,NA,0.722222222222222,0.722222222222222,FALSE
"Zotu3485",4.00543489081777e-05,14,NA,0.611111111111111,0.611111111111111,FALSE
"Zotu1187",9.5394258759193e-05,19,NA,0.650793650793651,0.650793650793651,FALSE
"Zotu2709",4.64215693983104e-05,14,NA,0.611111111111111,0.611111111111111,FALSE
"Zotu1146",0.000190783865075941,47,NA,0.373015873015873,0.373015873015873,FALSE
"Zotu1108",0.00013642692165047,21,NA,0.666666666666667,0.666666666666667,FALSE
"Zotu1088",0.00017980144159119,27,NA,0.714285714285714,0.714285714285714,FALSE
"Zotu4401",3.0279233366644e-05,13,NA,0.603174603174603,0.603174603174603,FALSE
"Zotu5610",6.91395982635875e-05,21,NA,0.666666666666667,0.666666666666667,FALSE
"Zotu3260",4.71589258390843e-05,14,NA,0.611111111111111,0.611111111111111,FALSE
"Zotu818",0.000181053818396364,34,NA,0.76984126984127,0.76984126984127,FALSE
"Zotu3587",2.19615625978416e-05,4,NA,0.531746031746032,0.531746031746032,FALSE
"Zotu2611",3.8750148224686e-05,13,NA,0.603174603174603,0.603174603174603,FALSE
"Zotu2966",4.49845330667399e-05,14,NA,0.611111111111111,0.611111111111111,FALSE
"Zotu1638",0.000102374573423459,27,NA,0.714285714285714,0.714285714285714,FALSE
"Zotu390",0.000422579102805503,51,NA,0.404761904761905,0.404761904761905,FALSE
"Zotu5413",2.81556454780408e-05,10,NA,0.57936507936508,0.57936507936508,FALSE
"Zotu1367",0.00010928456585819,35,NA,0.777777777777778,0.777777777777778,FALSE
"Zotu5942",1.09087894393621e-05,9,NA,0.571428571428571,0.571428571428571,FALSE
"Zotu229",0.000739781207197444,57,NA,0.452380952380952,0.452380952380952,FALSE
"Zotu386",0.000438518504801982,57,NA,0.452380952380952,0.452380952380952,FALSE
"Zotu4853",1.36656413112943e-05,8,NA,0.563492063492063,0.563492063492063,FALSE
"Zotu2693",6.06375971532235e-05,22,NA,0.674603174603175,0.674603174603175,FALSE
"Zotu5943",1.16858332732919e-05,2,NA,0.515873015873016,0.515873015873016,FALSE
"Zotu3775",1.57634613368773e-05,7,NA,0.555555555555556,0.555555555555556,FALSE
"Zotu331",0.000536918223555076,61,NA,0.484126984126984,0.484126984126984,FALSE
"Zotu3201",5.00143619702414e-05,25,NA,0.198412698412698,0.198412698412698,FALSE
"Zotu5216",1.42831815001311e-05,9,NA,0.571428571428571,0.571428571428571,FALSE
"Zotu2223",6.32668965005212e-05,12,NA,0.595238095238095,0.595238095238095,FALSE
"Zotu3678",8.91489939323714e-05,27,NA,0.714285714285714,0.714285714285714,FALSE
"Zotu3004",3.1328933976463e-05,6,NA,0.547619047619048,0.547619047619048,FALSE
"Zotu3603",2.25158826748673e-05,5,NA,0.53968253968254,0.53968253968254,FALSE
"Zotu2849",4.71970302171574e-05,23,NA,0.682539682539683,0.682539682539683,FALSE
"Zotu1045",0.000130500775342385,24,NA,0.69047619047619,0.69047619047619,FALSE
"Zotu1408",0.000151822554459348,13,NA,0.603174603174603,0.603174603174603,FALSE
"Zotu920",0.000168416524507792,43,NA,0.841269841269841,0.841269841269841,FALSE
"Zotu3951",7.55638547033131e-05,14,NA,0.611111111111111,0.611111111111111,FALSE
"Zotu598",0.000310171716386219,47,NA,0.373015873015873,0.373015873015873,FALSE
"Zotu965",0.000182257129482226,37,NA,0.293650793650794,0.293650793650794,FALSE
"Zotu2095",6.14422264186108e-05,26,NA,0.706349206349206,0.706349206349206,FALSE
"Zotu130",0.00105125176148023,61,NA,0.484126984126984,0.484126984126984,FALSE
"Zotu2257",7.19691858314542e-05,25,NA,0.698412698412698,0.698412698412698,FALSE
"Zotu4284",5.59882468011901e-05,25,NA,0.198412698412698,0.198412698412698,FALSE
"Zotu816",0.000159309052125477,36,NA,0.785714285714286,0.785714285714286,FALSE
"Zotu2972",4.28009813954873e-05,14,NA,0.611111111111111,0.611111111111111,FALSE
"Zotu573",0.000275946707026211,54,NA,0.428571428571428,0.428571428571428,FALSE
"Zotu3897",1.97815016397038e-05,9,NA,0.571428571428571,0.571428571428571,FALSE
"Zotu2320",5.77321810543686e-05,15,NA,0.619047619047619,0.619047619047619,FALSE
"Zotu4212",2.72296182671691e-05,8,NA,0.563492063492063,0.563492063492063,FALSE
"Zotu1308",0.000118889704312259,30,NA,0.738095238095238,0.738095238095238,FALSE
"Zotu1275",0.000103942615103109,24,NA,0.69047619047619,0.69047619047619,FALSE
"Zotu5748",3.36434576861578e-05,5,NA,0.53968253968254,0.53968253968254,FALSE
"Zotu288",0.00055377270645212,50,NA,0.896825396825397,0.896825396825397,FALSE
"Zotu3343",4.78567131005619e-05,12,NA,0.595238095238095,0.595238095238095,FALSE
"Zotu379",0.00054936302619055,54,NA,0.428571428571428,0.428571428571428,FALSE
"Zotu193",0.000813280497366088,61,NA,0.484126984126984,0.484126984126984,FALSE
"Zotu381",0.000498101275933403,49,NA,0.388888888888889,0.388888888888889,FALSE
"Zotu1599",0.000101990483944046,31,NA,0.746031746031746,0.746031746031746,FALSE
"Zotu1151",0.000127526650040496,34,NA,0.76984126984127,0.76984126984127,FALSE
"Zotu762",0.000211754253533102,33,NA,0.261904761904762,0.261904761904762,FALSE
"Zotu185",0.000973553596415427,57,NA,0.452380952380952,0.452380952380952,FALSE
"Zotu2276",9.18581541088633e-05,49,NA,0.388888888888889,0.388888888888889,FALSE
"Zotu759",0.000190281244416073,32,NA,0.753968253968254,0.753968253968254,FALSE
"Zotu3489",5.13925268893816e-05,10,NA,0.57936507936508,0.57936507936508,FALSE
"Zotu3481",0.000200582159845531,38,NA,0.301587301587302,0.301587301587302,FALSE
"Zotu1092",0.000151021713048343,39,NA,0.30952380952381,0.30952380952381,FALSE
"Zotu176",0.000883427023469771,58,NA,0.46031746031746,0.46031746031746,FALSE
"Zotu5293",2.58699416227921e-05,13,NA,0.603174603174603,0.603174603174603,FALSE
"Zotu515",0.000328239765029845,56,NA,0.444444444444444,0.444444444444444,FALSE
"Zotu958",0.000167538193660135,38,NA,0.801587301587302,0.801587301587302,FALSE
"Zotu1267",0.000108892200648061,30,NA,0.738095238095238,0.738095238095238,FALSE
"Zotu3296",4.33376028964974e-05,13,NA,0.603174603174603,0.603174603174603,FALSE
"Zotu4316",3.2250077729219e-05,13,NA,0.603174603174603,0.603174603174603,FALSE
"Zotu5165",1.75254146823771e-05,4,NA,0.531746031746032,0.531746031746032,FALSE
"Zotu4346",0.000105938555827776,29,NA,0.73015873015873,0.73015873015873,FALSE
"Zotu5392",4.73327234463933e-05,27,NA,0.214285714285714,0.214285714285714,FALSE
"Zotu705",0.000194727662206577,34,NA,0.76984126984127,0.76984126984127,FALSE
"Zotu1423",0.000123630580573973,31,NA,0.746031746031746,0.746031746031746,FALSE
"Zotu1741",0.000121608438756536,31,NA,0.746031746031746,0.746031746031746,FALSE
"Zotu2023",9.6358243931793e-05,19,NA,0.650793650793651,0.650793650793651,FALSE
"Zotu758",0.000235144668601837,34,NA,0.76984126984127,0.76984126984127,FALSE
"Zotu1466",0.000114044636836619,21,NA,0.666666666666667,0.666666666666667,FALSE
"Zotu349",0.000471522096435493,43,NA,0.341269841269841,0.341269841269841,FALSE
"Zotu3156",3.76874852436539e-05,13,NA,0.603174603174603,0.603174603174603,FALSE
"Zotu2078",6.3054903925664e-05,23,NA,0.682539682539683,0.682539682539683,FALSE
"Zotu1109",0.000170456545660305,36,NA,0.785714285714286,0.785714285714286,FALSE
"Zotu5599",2.39575351288707e-05,14,NA,0.611111111111111,0.611111111111111,FALSE
"Zotu5858",7.91880568676749e-06,2,NA,0.515873015873016,0.515873015873016,FALSE
"Zotu3002",3.94367702980745e-05,13,NA,0.603174603174603,0.603174603174603,FALSE
"Zotu4473",4.0278591961209e-05,16,NA,0.626984126984127,0.626984126984127,FALSE
"Zotu724",0.000187703131802386,13,NA,0.603174603174603,0.603174603174603,FALSE
"Zotu626",0.000347632780748929,43,NA,0.841269841269841,0.841269841269841,FALSE
"Zotu1328",0.000128849560269122,27,NA,0.714285714285714,0.714285714285714,FALSE
"Zotu4658",1.21912002157726e-05,5,NA,0.53968253968254,0.53968253968254,FALSE
"Zotu420",0.000429526624147201,46,NA,0.865079365079365,0.865079365079365,FALSE
"Zotu6301",2.6082664131231e-05,13,NA,0.603174603174603,0.603174603174603,FALSE
"Zotu1207",0.000135718868689359,23,NA,0.182539682539683,0.182539682539683,FALSE
"Zotu1336",8.64545745493098e-05,24,NA,0.69047619047619,0.69047619047619,FALSE
"Zotu5469",1.0795598570348e-05,4,NA,0.531746031746032,0.531746031746032,FALSE
"Zotu443",0.000403468485513371,50,NA,0.896825396825397,0.896825396825397,FALSE
"Zotu5282",2.45310256343544e-05,7,NA,0.555555555555556,0.555555555555556,FALSE
"Zotu1929",6.89777332672027e-05,13,NA,0.603174603174603,0.603174603174603,FALSE
"Zotu528",0.000314076629373311,42,NA,0.833333333333333,0.833333333333333,FALSE
"Zotu676",0.000231769718689501,47,NA,0.873015873015873,0.873015873015873,FALSE
"Zotu326",0.000576939121411822,44,NA,0.849206349206349,0.849206349206349,FALSE
"Zotu3859",3.38707242292238e-05,11,NA,0.587301587301587,0.587301587301587,FALSE
"Zotu5498",4.56879458678174e-05,20,NA,0.658730158730159,0.658730158730159,FALSE
"Zotu5592",1.37581215488325e-05,7,NA,0.555555555555556,0.555555555555556,FALSE
"Zotu1064",0.000131105109186951,33,NA,0.761904761904762,0.761904761904762,FALSE
"Zotu2696",6.03416793883453e-05,21,NA,0.666666666666667,0.666666666666667,FALSE
"Zotu4215",3.1324406274131e-05,9,NA,0.571428571428571,0.571428571428571,FALSE
"Zotu2011",7.41365748130854e-05,28,NA,0.722222222222222,0.722222222222222,FALSE
"Zotu298",0.000521466339201094,46,NA,0.365079365079365,0.365079365079365,FALSE
"Zotu3076",4.09326426400079e-05,15,NA,0.619047619047619,0.619047619047619,FALSE
"Zotu3669",2.20688381558777e-05,3,NA,0.523809523809524,0.523809523809524,FALSE
"Zotu3795",2.35179651293347e-05,9,NA,0.571428571428571,0.571428571428571,FALSE
"Zotu3160",3.40262235889363e-05,16,NA,0.626984126984127,0.626984126984127,FALSE
"Zotu5112",2.7566135897637e-05,18,NA,0.642857142857143,0.642857142857143,FALSE
"Zotu1419",0.000105739024965445,26,NA,0.706349206349206,0.706349206349206,FALSE
"Zotu286",0.000607103568044484,28,NA,0.722222222222222,0.722222222222222,FALSE
"Zotu337",0.00048073148629505,61,NA,0.484126984126984,0.484126984126984,FALSE
"Zotu962",0.000270538834853832,29,NA,0.73015873015873,0.73015873015873,FALSE
"Zotu5907",2.53464222767356e-05,8,NA,0.563492063492063,0.563492063492063,FALSE
"Zotu1511",9.47880538844189e-05,22,NA,0.174603174603175,0.174603174603175,FALSE
"Zotu214",0.000767485068081485,54,NA,0.428571428571428,0.428571428571428,FALSE
"Zotu3750",1.80475838278991e-05,11,NA,0.587301587301587,0.587301587301587,FALSE
"Zotu1893",9.97769624022438e-05,11,NA,0.587301587301587,0.587301587301587,FALSE
"Zotu5344",2.09121118984184e-05,4,NA,0.531746031746032,0.531746031746032,FALSE
"Zotu3346",4.03065427306566e-05,14,NA,0.611111111111111,0.611111111111111,FALSE
"Zotu1364",0.000141190588130881,37,NA,0.793650793650794,0.793650793650794,FALSE
"Zotu4310",1.97456861060906e-05,10,NA,0.57936507936508,0.57936507936508,FALSE
"Zotu1533",8.10598277727651e-05,27,NA,0.214285714285714,0.214285714285714,FALSE
"Zotu935",0.000149469737896065,26,NA,0.706349206349206,0.706349206349206,FALSE
"Zotu3336",4.54042339152739e-05,9,NA,0.571428571428571,0.571428571428571,FALSE
"Zotu2454",5.58563765209287e-05,9,NA,0.571428571428571,0.571428571428571,FALSE
"Zotu5115",1.67581926310144e-05,10,NA,0.57936507936508,0.57936507936508,FALSE
"Zotu3264",2.93846604529934e-05,14,NA,0.611111111111111,0.611111111111111,FALSE
"Zotu2734",5.73097048788934e-05,19,NA,0.650793650793651,0.650793650793651,FALSE
"Zotu1590",9.16240337608775e-05,16,NA,0.626984126984127,0.626984126984127,FALSE
"Zotu1464",9.14412405952969e-05,20,NA,0.658730158730159,0.658730158730159,FALSE
"Zotu975",0.000141482169025111,18,NA,0.642857142857143,0.642857142857143,FALSE
"Zotu1471",6.95661834606078e-05,18,NA,0.642857142857143,0.642857142857143,FALSE
"Zotu597",0.000261474273496596,27,NA,0.714285714285714,0.714285714285714,FALSE
"Zotu5864",1.7608111315133e-05,8,NA,0.563492063492063,0.563492063492063,FALSE
"Zotu838",0.000197282846508166,41,NA,0.325396825396825,0.325396825396825,FALSE
"Zotu5915",2.0099262155607e-05,11,NA,0.587301587301587,0.587301587301587,FALSE
"Zotu343",0.000421499053043876,56,NA,0.944444444444444,0.944444444444444,FALSE
"Zotu3005",7.68680764597712e-05,31,NA,0.746031746031746,0.746031746031746,FALSE
"Zotu1528",0.000138706391432536,31,NA,0.746031746031746,0.746031746031746,FALSE
"Zotu541",0.000329316009048893,53,NA,0.420634920634921,0.420634920634921,FALSE
"Zotu1830",7.89149042536645e-05,18,NA,0.642857142857143,0.642857142857143,FALSE
"Zotu348",0.000518693807448272,56,NA,0.444444444444444,0.444444444444444,FALSE
"Zotu879",0.000189991116465788,35,NA,0.777777777777778,0.777777777777778,FALSE
"Zotu6394",9.79619143342856e-06,7,NA,0.555555555555556,0.555555555555556,FALSE
"Zotu1555",9.34548822635872e-05,35,NA,0.777777777777778,0.777777777777778,FALSE
"Zotu208",0.000789931276890546,59,NA,0.468253968253968,0.468253968253968,FALSE
"Zotu2497",3.92618647828669e-05,16,NA,0.626984126984127,0.626984126984127,FALSE
"Zotu2118",7.87299366488687e-05,15,NA,0.619047619047619,0.619047619047619,FALSE
"Zotu753",0.000177644111690214,34,NA,0.26984126984127,0.26984126984127,FALSE
"Zotu6271",1.36690898518224e-05,9,NA,0.571428571428571,0.571428571428571,FALSE
"Zotu1550",9.20892826559751e-05,29,NA,0.73015873015873,0.73015873015873,FALSE
"Zotu3029",4.93051773363089e-05,23,NA,0.682539682539683,0.682539682539683,FALSE
"Zotu5174",1.28896897959627e-05,6,NA,0.547619047619048,0.547619047619048,FALSE
"Zotu1856",7.53254075765421e-05,8,NA,0.563492063492063,0.563492063492063,FALSE
"Zotu3031",4.30177884040162e-05,23,NA,0.682539682539683,0.682539682539683,FALSE
"Zotu1157",0.000125069170337898,28,NA,0.722222222222222,0.722222222222222,FALSE
"Zotu4294",2.9059428168564e-05,14,NA,0.611111111111111,0.611111111111111,FALSE
"Zotu3767",2.10739720142025e-05,4,NA,0.531746031746032,0.531746031746032,FALSE
"Zotu5789",2.08506645948325e-05,9,NA,0.571428571428571,0.571428571428571,FALSE
"Zotu1020",0.000153170014151626,7,NA,0.555555555555556,0.555555555555556,FALSE
"Zotu2594",5.4314257586966e-05,19,NA,0.650793650793651,0.650793650793651,FALSE
"Zotu5562",2.3101482069231e-05,9,NA,0.571428571428571,0.571428571428571,FALSE
"Zotu2667",6.18972234572711e-05,11,NA,0.587301587301587,0.587301587301587,FALSE
"Zotu98",0.00162523422297495,58,NA,0.46031746031746,0.46031746031746,FALSE
"Zotu352",0.000457971027148147,31,NA,0.746031746031746,0.746031746031746,FALSE
"Zotu890",0.000154413306585898,36,NA,0.785714285714286,0.785714285714286,FALSE
"Zotu2994",3.22804009260525e-05,16,NA,0.626984126984127,0.626984126984127,FALSE
"Zotu5400",1.22258815169593e-05,10,NA,0.57936507936508,0.57936507936508,FALSE
"Zotu5978",1.35148178935166e-05,7,NA,0.555555555555556,0.555555555555556,FALSE
"Zotu2678",4.18784112193772e-05,10,NA,0.57936507936508,0.57936507936508,FALSE
"Zotu2367",7.92936313412735e-05,22,NA,0.674603174603175,0.674603174603175,FALSE
"Zotu1719",6.75426063637912e-05,11,NA,0.587301587301587,0.587301587301587,FALSE
"Zotu3715",2.54386125237634e-05,7,NA,0.555555555555556,0.555555555555556,FALSE
"Zotu3174",3.93589556325031e-05,18,NA,0.642857142857143,0.642857142857143,FALSE
"Zotu1699",7.92193761349075e-05,19,NA,0.650793650793651,0.650793650793651,FALSE
"Zotu2787",3.8301924731611e-05,22,NA,0.674603174603175,0.674603174603175,FALSE
"Zotu359",0.000486110199673432,34,NA,0.76984126984127,0.76984126984127,FALSE
"Zotu3386",5.54763910594201e-05,12,NA,0.595238095238095,0.595238095238095,FALSE
"Zotu983",0.000153839368885627,33,NA,0.761904761904762,0.761904761904762,FALSE
"Zotu1220",0.000121323388208557,25,NA,0.698412698412698,0.698412698412698,FALSE
"Zotu413",0.00041332953418996,49,NA,0.888888888888889,0.888888888888889,FALSE
"Zotu5717",8.97291808335366e-06,6,NA,0.547619047619048,0.547619047619048,FALSE
"Zotu3279",3.70570346928725e-05,16,NA,0.626984126984127,0.626984126984127,FALSE
"Zotu2569",4.08649874957114e-05,21,NA,0.666666666666667,0.666666666666667,FALSE
"Zotu3374",4.49767129907903e-05,19,NA,0.650793650793651,0.650793650793651,FALSE
"Zotu4389",6.56697736093734e-05,18,NA,0.642857142857143,0.642857142857143,FALSE
"Zotu1154",9.48994617852559e-05,17,NA,0.634920634920635,0.634920634920635,FALSE
"Zotu3700",5.03354366672644e-05,13,NA,0.603174603174603,0.603174603174603,FALSE
"Zotu3151",6.46895489102244e-05,25,NA,0.698412698412698,0.698412698412698,FALSE
"Zotu591",0.000281238088187516,47,NA,0.873015873015873,0.873015873015873,FALSE
"Zotu978",0.000139762406177441,33,NA,0.761904761904762,0.761904761904762,FALSE
"Zotu1175",0.000117870107235638,25,NA,0.698412698412698,0.698412698412698,FALSE
"Zotu671",0.000171400413343878,44,NA,0.349206349206349,0.349206349206349,FALSE
"Zotu5187",1.3250981522703e-05,7,NA,0.555555555555556,0.555555555555556,FALSE
"Zotu1620",8.61970453231942e-05,19,NA,0.650793650793651,0.650793650793651,FALSE
"Zotu2438",7.19456236532886e-05,15,NA,0.619047619047619,0.619047619047619,FALSE
"Zotu3648",2.75718565709041e-05,8,NA,0.563492063492063,0.563492063492063,FALSE
"Zotu2671",5.78833030107698e-05,16,NA,0.626984126984127,0.626984126984127,FALSE
"Zotu3866",3.44575883843957e-05,11,NA,0.587301587301587,0.587301587301587,FALSE
"Zotu4480",2.41662147485956e-05,11,NA,0.587301587301587,0.587301587301587,FALSE
"Zotu2537",7.54187041059833e-05,19,NA,0.650793650793651,0.650793650793651,FALSE
"Zotu1039",0.000139069349518005,23,NA,0.682539682539683,0.682539682539683,FALSE
"Zotu846",0.000144683653834023,27,NA,0.714285714285714,0.714285714285714,FALSE
"Zotu1800",7.06007160573588e-05,25,NA,0.698412698412698,0.698412698412698,FALSE
"Zotu1342",8.5852317085199e-05,21,NA,0.666666666666667,0.666666666666667,FALSE
"Zotu409",0.000350771285698429,51,NA,0.404761904761905,0.404761904761905,FALSE
"Zotu1087",0.000119573964586532,29,NA,0.73015873015873,0.73015873015873,FALSE
"Zotu746",0.000211569808905491,26,NA,0.706349206349206,0.706349206349206,FALSE
"Zotu778",0.000162702681952562,31,NA,0.746031746031746,0.746031746031746,FALSE
"Zotu383",0.000411757433304615,49,NA,0.388888888888889,0.388888888888889,FALSE
"Zotu2183",5.31986525060705e-05,17,NA,0.634920634920635,0.634920634920635,FALSE
"Zotu2227",5.87653662363113e-05,20,NA,0.658730158730159,0.658730158730159,FALSE
"Zotu537",0.000293109046936931,41,NA,0.825396825396825,0.825396825396825,FALSE
"Zotu4861",2.22340830729338e-05,11,NA,0.587301587301587,0.587301587301587,FALSE
"Zotu953",0.000125002741715915,37,NA,0.793650793650794,0.793650793650794,FALSE
"Zotu316",0.000571671636107824,52,NA,0.412698412698413,0.412698412698413,FALSE
"Zotu6225",1.67762445710397e-05,11,NA,0.587301587301587,0.587301587301587,FALSE
"Zotu1970",8.05155215247056e-05,25,NA,0.698412698412698,0.698412698412698,FALSE
"Zotu2064",6.99557788027763e-05,22,NA,0.674603174603175,0.674603174603175,FALSE
"Zotu4089",1.75455198296983e-05,7,NA,0.555555555555556,0.555555555555556,FALSE
"Zotu632",0.000256591457743536,43,NA,0.341269841269841,0.341269841269841,FALSE
"Zotu2927",4.56962531458852e-05,11,NA,0.587301587301587,0.587301587301587,FALSE
"Zotu686",0.000235288290018883,29,NA,0.73015873015873,0.73015873015873,FALSE
"Zotu5138",3.97993111426042e-05,17,NA,0.634920634920635,0.634920634920635,FALSE
"Zotu694",0.000240731985089302,49,NA,0.888888888888889,0.888888888888889,FALSE
"Zotu3187",5.55455655832095e-05,21,NA,0.166666666666667,0.166666666666667,FALSE
"Zotu911",0.000167909266212405,23,NA,0.682539682539683,0.682539682539683,FALSE
"Zotu5946",1.30315649391241e-05,4,NA,0.531746031746032,0.531746031746032,FALSE
"Zotu4766",4.3816024608806e-05,21,NA,0.666666666666667,0.666666666666667,FALSE
"Zotu620",0.000223255589420428,34,NA,0.76984126984127,0.76984126984127,FALSE
"Zotu324",0.000519441576930364,55,NA,0.936507936507937,0.936507936507937,FALSE
"Zotu628",0.000207171841597172,25,NA,0.698412698412698,0.698412698412698,FALSE
"Zotu4487",2.62543686515832e-05,11,NA,0.587301587301587,0.587301587301587,FALSE
"Zotu3984",1.80331098509744e-05,6,NA,0.547619047619048,0.547619047619048,FALSE
"Zotu231",0.001092964647747,51,NA,0.904761904761905,0.904761904761905,FALSE
"Zotu3213",3.78546735293585e-05,15,NA,0.619047619047619,0.619047619047619,FALSE
"Zotu228",0.000802666258002285,59,NA,0.468253968253968,0.468253968253968,FALSE
"Zotu1047",0.000150801685845062,28,NA,0.722222222222222,0.722222222222222,FALSE
"Zotu4907",2.13922246885807e-05,12,NA,0.595238095238095,0.595238095238095,FALSE
"Zotu2182",5.76681087185761e-05,21,NA,0.666666666666667,0.666666666666667,FALSE
"Zotu5856",1.59026726277883e-05,10,NA,0.57936507936508,0.57936507936508,FALSE
"Zotu645",0.000210906881512816,33,NA,0.261904761904762,0.261904761904762,FALSE
"Zotu3900",3.48154381233429e-05,13,NA,0.603174603174603,0.603174603174603,FALSE
"Zotu1787",6.76975898712354e-05,7,NA,0.555555555555556,0.555555555555556,FALSE
"Zotu5690",3.38868439995246e-05,16,NA,0.126984126984127,0.126984126984127,FALSE
"Zotu1135",0.000120283668506811,37,NA,0.793650793650794,0.793650793650794,FALSE
"Zotu1009",0.000147991206547018,36,NA,0.785714285714286,0.785714285714286,FALSE
"Zotu869",0.00015074161294885,27,NA,0.714285714285714,0.714285714285714,FALSE
"Zotu382",0.000513300175606303,45,NA,0.357142857142857,0.357142857142857,FALSE
"Zotu834",0.000162449172654116,28,NA,0.722222222222222,0.722222222222222,FALSE
"Zotu375",0.000434312948886548,56,NA,0.944444444444444,0.944444444444444,FALSE
"Zotu4232",5.1016485506554e-05,14,NA,0.611111111111111,0.611111111111111,FALSE
"Zotu2770",4.04235264185914e-05,14,NA,0.611111111111111,0.611111111111111,FALSE
"Zotu5263",1.99297416865782e-05,6,NA,0.547619047619048,0.547619047619048,FALSE
"Zotu572",0.00030215344153244,47,NA,0.373015873015873,0.373015873015873,FALSE
"Zotu710",0.000174256098605376,41,NA,0.325396825396825,0.325396825396825,FALSE
"Zotu4486",2.89729277413717e-05,12,NA,0.595238095238095,0.595238095238095,FALSE
"Zotu5429",1.14750530879092e-05,7,NA,0.555555555555556,0.555555555555556,FALSE
"Zotu2000",7.11393739993267e-05,21,NA,0.166666666666667,0.166666666666667,FALSE
"Zotu3283",4.8840359498429e-05,15,NA,0.619047619047619,0.619047619047619,FALSE
"Zotu4802",3.17280640321723e-05,9,NA,0.571428571428571,0.571428571428571,FALSE
"Zotu5440",2.2825897398153e-05,13,NA,0.603174603174603,0.603174603174603,FALSE
"Zotu5609",1.88003633651049e-05,6,NA,0.547619047619048,0.547619047619048,FALSE
"Zotu5250",1.73327072428702e-05,11,NA,0.587301587301587,0.587301587301587,FALSE
"Zotu3339",3.2817006559805e-05,7,NA,0.555555555555556,0.555555555555556,FALSE
"Zotu3663",3.42014590935705e-05,15,NA,0.619047619047619,0.619047619047619,FALSE
"Zotu1538",0.000113374053220291,17,NA,0.634920634920635,0.634920634920635,FALSE
"Zotu2062",6.62875721146273e-05,18,NA,0.642857142857143,0.642857142857143,FALSE
"Zotu806",0.000255800249323898,16,NA,0.626984126984127,0.626984126984127,FALSE
"Zotu4335",1.77649673570764e-05,11,NA,0.587301587301587,0.587301587301587,FALSE
"Zotu317",0.000605013319109022,56,NA,0.944444444444444,0.944444444444444,FALSE
"Zotu426",0.00038113294352276,48,NA,0.380952380952381,0.380952380952381,FALSE
"Zotu1383",8.46773806044768e-05,20,NA,0.658730158730159,0.658730158730159,FALSE
"Zotu230",0.000712710298441663,51,NA,0.404761904761905,0.404761904761905,FALSE
"Zotu2458",4.81239690593106e-05,13,NA,0.603174603174603,0.603174603174603,FALSE
"Zotu4263",1.52648624588626e-05,4,NA,0.531746031746032,0.531746031746032,FALSE
"Zotu3790",4.02816019201132e-05,14,NA,0.611111111111111,0.611111111111111,FALSE
"Zotu4078",2.50342734247802e-05,16,NA,0.626984126984127,0.626984126984127,FALSE
"Zotu1911",8.23974211881282e-05,30,NA,0.738095238095238,0.738095238095238,FALSE
"Zotu729",0.000482012390135798,45,NA,0.857142857142857,0.857142857142857,FALSE
"Zotu476",0.000335157692580184,49,NA,0.388888888888889,0.388888888888889,FALSE
"Zotu5629",4.2578263779405e-05,20,NA,0.658730158730159,0.658730158730159,FALSE
"Zotu798",0.000203053382973202,44,NA,0.349206349206349,0.349206349206349,FALSE
"Zotu2059",9.40655310929761e-05,9,NA,0.571428571428571,0.571428571428571,FALSE
"Zotu496",0.000302207757334541,51,NA,0.404761904761905,0.404761904761905,FALSE
"Zotu6402",3.40568379108864e-05,14,NA,0.611111111111111,0.611111111111111,FALSE
"Zotu2087",5.48969005421951e-05,17,NA,0.634920634920635,0.634920634920635,FALSE
"Zotu2170",4.45034202223265e-05,21,NA,0.166666666666667,0.166666666666667,FALSE
"Zotu1202",0.000143587942476721,38,NA,0.301587301587302,0.301587301587302,FALSE
"Zotu5362",2.03984733939487e-05,5,NA,0.53968253968254,0.53968253968254,FALSE
"Zotu1234",0.000122081200754286,18,NA,0.642857142857143,0.642857142857143,FALSE
"Zotu2302",5.97497357721208e-05,17,NA,0.634920634920635,0.634920634920635,FALSE
"Zotu5990",9.95641263345839e-06,11,NA,0.587301587301587,0.587301587301587,FALSE
"Zotu1582",0.000110497965287337,17,NA,0.634920634920635,0.634920634920635,FALSE
"Zotu2283",6.4755303974148e-05,22,NA,0.674603174603175,0.674603174603175,FALSE
"Zotu5803",2.27446196681954e-05,9,NA,0.571428571428571,0.571428571428571,FALSE
"Zotu4433",2.62625685819143e-05,14,NA,0.611111111111111,0.611111111111111,FALSE
"Zotu3033",3.60632208429279e-05,14,NA,0.611111111111111,0.611111111111111,FALSE
"Zotu682",0.000242904615603689,37,NA,0.293650793650794,0.293650793650794,FALSE
"Zotu422",0.000489621915299373,50,NA,0.396825396825397,0.396825396825397,FALSE
"Zotu475",0.000338585504846051,51,NA,0.404761904761905,0.404761904761905,FALSE
"Zotu4383",2.38888107955372e-05,9,NA,0.571428571428571,0.571428571428571,FALSE
"Zotu1565",0.000113935849821736,37,NA,0.793650793650794,0.793650793650794,FALSE
"Zotu2110",8.22570806863156e-05,28,NA,0.722222222222222,0.722222222222222,FALSE
"Zotu4347",2.3372178975891e-05,13,NA,0.603174603174603,0.603174603174603,FALSE
"Zotu4499",3.33189399355591e-05,14,NA,0.611111111111111,0.611111111111111,FALSE
"Zotu482",0.00028014959677059,38,NA,0.801587301587302,0.801587301587302,FALSE
"Zotu683",0.000194916003968378,28,NA,0.722222222222222,0.722222222222222,FALSE
"Zotu2067",6.68006862834167e-05,15,NA,0.619047619047619,0.619047619047619,FALSE
"Zotu5594",2.64272557004269e-05,10,NA,0.57936507936508,0.57936507936508,FALSE
"Zotu3826",3.34454541474114e-05,14,NA,0.611111111111111,0.611111111111111,FALSE
"Zotu681",0.000283356313615482,44,NA,0.349206349206349,0.349206349206349,FALSE
"Zotu3133",3.59634229378773e-05,10,NA,0.57936507936508,0.57936507936508,FALSE
"Zotu5380",1.98807130478504e-05,12,NA,0.595238095238095,0.595238095238095,FALSE
"Zotu3891",3.38476753316509e-05,10,NA,0.57936507936508,0.57936507936508,FALSE
"Zotu2521",6.14065129046361e-05,15,NA,0.619047619047619,0.619047619047619,FALSE
"Zotu1192",0.000140698611572012,28,NA,0.722222222222222,0.722222222222222,FALSE
"Zotu505",0.000412573467620022,54,NA,0.928571428571428,0.928571428571428,FALSE
"Zotu554",0.000258241852003879,50,NA,0.396825396825397,0.396825396825397,FALSE
"Zotu851",0.000142331437013736,24,NA,0.69047619047619,0.69047619047619,FALSE
"Zotu1169",0.000107161780939836,26,NA,0.706349206349206,0.706349206349206,FALSE
"Zotu5035",2.18822692144957e-05,8,NA,0.563492063492063,0.563492063492063,FALSE
"Zotu3372",6.45040341959513e-05,19,NA,0.650793650793651,0.650793650793651,FALSE
"Zotu321",0.000475048059893484,57,NA,0.452380952380952,0.452380952380952,FALSE
"Zotu5787",1.58276651869476e-05,6,NA,0.547619047619048,0.547619047619048,FALSE
"Zotu192",0.000715410591947604,45,NA,0.357142857142857,0.357142857142857,FALSE
"Zotu909",0.000135963532970835,25,NA,0.698412698412698,0.698412698412698,FALSE
"Zotu5812",1.35556953725463e-05,9,NA,0.571428571428571,0.571428571428571,FALSE
"Zotu1630",7.44881009457081e-05,21,NA,0.666666666666667,0.666666666666667,FALSE
"Zotu4485",3.62603108929211e-05,12,NA,0.595238095238095,0.595238095238095,FALSE
"Zotu2187",7.96612461177313e-05,28,NA,0.222222222222222,0.222222222222222,FALSE
"Zotu3071",3.45531997023617e-05,12,NA,0.595238095238095,0.595238095238095,FALSE
"Zotu6079",5.39542232462128e-05,13,NA,0.603174603174603,0.603174603174603,FALSE
"Zotu2419",5.75238284278612e-05,15,NA,0.619047619047619,0.619047619047619,FALSE
"Zotu3052",3.88483633565289e-05,7,NA,0.555555555555556,0.555555555555556,FALSE
"Zotu561",0.000285007477791392,45,NA,0.857142857142857,0.857142857142857,FALSE
"Zotu1321",0.000115794940783195,25,NA,0.698412698412698,0.698412698412698,FALSE
"Zotu2436",8.04398043655751e-05,27,NA,0.714285714285714,0.714285714285714,FALSE
"Zotu3717",2.70431302905864e-05,8,NA,0.563492063492063,0.563492063492063,FALSE
"Zotu6122",2.22921432364137e-05,6,NA,0.547619047619048,0.547619047619048,FALSE
"Zotu3373",4.15692720179691e-05,19,NA,0.650793650793651,0.650793650793651,FALSE
"Zotu6298",2.25561776537804e-05,8,NA,0.563492063492063,0.563492063492063,FALSE
"Zotu560",0.000283464040917785,46,NA,0.365079365079365,0.365079365079365,FALSE
"Zotu531",0.000304735530620229,53,NA,0.420634920634921,0.420634920634921,FALSE
"Zotu805",0.000179929383578053,32,NA,0.753968253968254,0.753968253968254,FALSE
"Zotu5617",3.85282605351781e-05,10,NA,0.57936507936508,0.57936507936508,FALSE
"Zotu533",0.000278302197160887,41,NA,0.825396825396825,0.825396825396825,FALSE
"Zotu1317",0.000172346280881276,38,NA,0.801587301587302,0.801587301587302,FALSE
"Zotu1293",0.00013449978672144,33,NA,0.761904761904762,0.761904761904762,FALSE
"Zotu2393",6.7089937729866e-05,18,NA,0.642857142857143,0.642857142857143,FALSE
"Zotu1821",7.80285629264243e-05,24,NA,0.69047619047619,0.69047619047619,FALSE
"Zotu5970",1.62802316175783e-05,10,NA,0.57936507936508,0.57936507936508,FALSE
"Zotu3445",4.40580600165453e-05,13,NA,0.603174603174603,0.603174603174603,FALSE
"Zotu1222",8.97294690930836e-05,16,NA,0.626984126984127,0.626984126984127,FALSE
"Zotu1417",9.42476742213307e-05,20,NA,0.658730158730159,0.658730158730159,FALSE
"Zotu4790",2.69925051635277e-05,18,NA,0.642857142857143,0.642857142857143,FALSE
"Zotu1752",6.69224185258093e-05,22,NA,0.674603174603175,0.674603174603175,FALSE
"Zotu1339",0.000119663550983824,21,NA,0.666666666666667,0.666666666666667,FALSE
"Zotu3757",3.50634565658438e-05,12,NA,0.595238095238095,0.595238095238095,FALSE
"Zotu2352",7.02828729914547e-05,21,NA,0.666666666666667,0.666666666666667,FALSE
"Zotu5923",4.76013011248119e-05,20,NA,0.658730158730159,0.658730158730159,FALSE
"Zotu401",0.000471248733731345,56,NA,0.444444444444444,0.444444444444444,FALSE
"Zotu5776",2.25746523527933e-05,9,NA,0.571428571428571,0.571428571428571,FALSE
"Zotu362",0.000386462210729156,39,NA,0.30952380952381,0.30952380952381,FALSE
"Zotu3106",3.59376573640598e-05,11,NA,0.587301587301587,0.587301587301587,FALSE
"Zotu1838",7.30099280633217e-05,22,NA,0.674603174603175,0.674603174603175,FALSE
"Zotu827",0.000188295465020133,44,NA,0.849206349206349,0.849206349206349,FALSE
"Zotu3068",3.94883262055439e-05,15,NA,0.619047619047619,0.619047619047619,FALSE
"Zotu1139",0.000141885545869058,31,NA,0.246031746031746,0.246031746031746,FALSE
"Zotu22",0.00290737750562741,63,NA,0.5,0.5,FALSE
"Zotu1541",8.68963405634945e-05,25,NA,0.198412698412698,0.198412698412698,FALSE
"Zotu5166",1.81602885656466e-05,8,NA,0.563492063492063,0.563492063492063,FALSE
"Zotu1902",8.29169890046227e-05,24,NA,0.69047619047619,0.69047619047619,FALSE
"Zotu894",0.000147812022893072,26,NA,0.706349206349206,0.706349206349206,FALSE
"Zotu3434",2.77235983890916e-05,5,NA,0.53968253968254,0.53968253968254,FALSE
"Zotu4764",2.33979989388361e-05,2,NA,0.515873015873016,0.515873015873016,FALSE
"Zotu267",0.000663680917078843,58,NA,0.46031746031746,0.46031746031746,FALSE
"Zotu3535",2.8323963184922e-05,8,NA,0.563492063492063,0.563492063492063,FALSE
"Zotu5480",2.8014415947825e-05,12,NA,0.595238095238095,0.595238095238095,FALSE
"Zotu790",0.000192690625041876,38,NA,0.301587301587302,0.301587301587302,FALSE
"Zotu3018",5.40949379928605e-05,18,NA,0.642857142857143,0.642857142857143,FALSE
"Zotu874",0.000212492605873529,28,NA,0.222222222222222,0.222222222222222,FALSE
"Zotu839",0.000197751083552142,37,NA,0.293650793650794,0.293650793650794,FALSE
"Zotu1301",9.1783379768538e-05,22,NA,0.674603174603175,0.674603174603175,FALSE
"Zotu4182",3.78659809477044e-05,13,NA,0.603174603174603,0.603174603174603,FALSE
"Zotu5917",8.25496918344713e-06,2,NA,0.515873015873016,0.515873015873016,FALSE
"Zotu1504",0.000111146417087567,14,NA,0.611111111111111,0.611111111111111,FALSE
"Zotu338",0.000434353335049317,50,NA,0.396825396825397,0.396825396825397,FALSE
"Zotu2519",4.62811699398413e-05,19,NA,0.650793650793651,0.650793650793651,FALSE
"Zotu493",0.000266053937084346,46,NA,0.865079365079365,0.865079365079365,FALSE
"Zotu530",0.000343466656402663,36,NA,0.785714285714286,0.785714285714286,FALSE
"Zotu4449",2.96789612469408e-05,7,NA,0.555555555555556,0.555555555555556,FALSE
"Zotu830",0.000162428746918894,19,NA,0.150793650793651,0.150793650793651,FALSE
"Zotu272",0.000982846572148165,44,NA,0.349206349206349,0.349206349206349,FALSE
"Zotu4569",1.8941828907299e-05,2,NA,0.515873015873016,0.515873015873016,FALSE
"Zotu4923",1.41045388794411e-05,6,NA,0.547619047619048,0.547619047619048,FALSE
"Zotu550",0.000272300955802346,34,NA,0.26984126984127,0.26984126984127,FALSE
"Zotu2055",5.98637750791182e-05,20,NA,0.658730158730159,0.658730158730159,FALSE
"Zotu1218",0.000153103859959322,32,NA,0.753968253968254,0.753968253968254,FALSE
"Zotu5117",2.19148862709865e-05,3,NA,0.523809523809524,0.523809523809524,FALSE
"Zotu4744",2.70771909234488e-05,9,NA,0.571428571428571,0.571428571428571,FALSE
"Zotu2092",6.12825074254064e-05,23,NA,0.682539682539683,0.682539682539683,FALSE
"Zotu303",0.000536671473792098,58,NA,0.46031746031746,0.46031746031746,FALSE
"Zotu4013",2.65877481847147e-05,10,NA,0.57936507936508,0.57936507936508,FALSE
"Zotu3518",2.86337670406116e-05,6,NA,0.547619047619048,0.547619047619048,FALSE
"Zotu5935",2.44572232704518e-05,11,NA,0.587301587301587,0.587301587301587,FALSE
"Zotu3377",4.95014464582426e-05,10,NA,0.57936507936508,0.57936507936508,FALSE
"Zotu718",0.000260671355428243,49,NA,0.888888888888889,0.888888888888889,FALSE
"Zotu439",0.00040377095882504,54,NA,0.428571428571428,0.428571428571428,FALSE
"Zotu581",0.000241843323009299,40,NA,0.817460317460317,0.817460317460317,FALSE
"Zotu2904",5.07637258978929e-05,11,NA,0.587301587301587,0.587301587301587,FALSE
"Zotu2204",5.43269067228517e-05,22,NA,0.674603174603175,0.674603174603175,FALSE
"Zotu1315",0.000127028005549042,21,NA,0.666666666666667,0.666666666666667,FALSE
"Zotu2580",5.20033086975231e-05,18,NA,0.642857142857143,0.642857142857143,FALSE
"Zotu4395",2.27188926612317e-05,7,NA,0.555555555555556,0.555555555555556,FALSE
"Zotu1961",0.00011208134034415,22,NA,0.174603174603175,0.174603174603175,FALSE
"Zotu4260",4.94365339999463e-05,12,NA,0.0952380952380952,0.0952380952380952,TRUE
"Zotu1865",6.46210031091497e-05,16,NA,0.626984126984127,0.626984126984127,FALSE
"Zotu574",0.000253265555788347,23,NA,0.182539682539683,0.182539682539683,FALSE
"Zotu2741",4.19223214540996e-05,10,NA,0.57936507936508,0.57936507936508,FALSE
"Zotu722",0.000217547240446163,45,NA,0.357142857142857,0.357142857142857,FALSE
"Zotu2623",5.99458043825159e-05,22,NA,0.674603174603175,0.674603174603175,FALSE
"Zotu583",0.000242369974266324,45,NA,0.857142857142857,0.857142857142857,FALSE
"Zotu3145",5.95777735042516e-05,17,NA,0.634920634920635,0.634920634920635,FALSE
"Zotu876",0.000161841407482936,24,NA,0.69047619047619,0.69047619047619,FALSE
"Zotu1807",6.10938620790891e-05,13,NA,0.603174603174603,0.603174603174603,FALSE
"Zotu1736",0.000100602411904306,22,NA,0.674603174603175,0.674603174603175,FALSE
"Zotu3590",4.1549396298027e-05,12,NA,0.595238095238095,0.595238095238095,FALSE
"Zotu3893",5.10758037260804e-05,10,NA,0.57936507936508,0.57936507936508,FALSE
"Zotu518",0.000396950595707212,55,NA,0.436507936507937,0.436507936507937,FALSE
"Zotu501",0.000260201308786041,44,NA,0.849206349206349,0.849206349206349,FALSE
"Zotu563",0.000266732739433843,38,NA,0.301587301587302,0.301587301587302,FALSE
"Zotu932",0.000155084530519438,25,NA,0.698412698412698,0.698412698412698,FALSE
"Zotu2870",3.98067365588063e-05,15,NA,0.619047619047619,0.619047619047619,FALSE
"Zotu3199",5.84800292107478e-05,10,NA,0.57936507936508,0.57936507936508,FALSE
"Zotu3764",4.55346474139727e-05,27,NA,0.214285714285714,0.214285714285714,FALSE
"Zotu5142",3.48624328847759e-05,8,NA,0.563492063492063,0.563492063492063,FALSE
"Zotu3987",1.89518578272754e-05,10,NA,0.57936507936508,0.57936507936508,FALSE
"Zotu1477",8.42771431963796e-05,21,NA,0.666666666666667,0.666666666666667,FALSE
"Zotu3096",3.4897761613093e-05,12,NA,0.595238095238095,0.595238095238095,FALSE
"Zotu5238",4.63673412317759e-05,8,NA,0.563492063492063,0.563492063492063,FALSE
"Zotu3595",2.46503323501027e-05,13,NA,0.603174603174603,0.603174603174603,FALSE
"Zotu2328",8.34452790261423e-05,31,NA,0.746031746031746,0.746031746031746,FALSE
"Zotu1298",9.39261950037101e-05,32,NA,0.253968253968254,0.253968253968254,FALSE
"Zotu3292",4.52211535907231e-05,16,NA,0.626984126984127,0.626984126984127,FALSE
"Zotu3553",3.80506516043551e-05,16,NA,0.626984126984127,0.626984126984127,FALSE
"Zotu878",0.00018148517798907,27,NA,0.714285714285714,0.714285714285714,FALSE
"Zotu3266",2.84493096884105e-05,9,NA,0.571428571428571,0.571428571428571,FALSE
"Zotu1159",0.000106327667131533,18,NA,0.642857142857143,0.642857142857143,FALSE
"Zotu2682",3.30698338683066e-05,14,NA,0.611111111111111,0.611111111111111,FALSE
"Zotu2865",5.43531130113838e-05,19,NA,0.650793650793651,0.650793650793651,FALSE
"Zotu3495",2.56651192872806e-05,9,NA,0.571428571428571,0.571428571428571,FALSE
"Zotu2547",0.000305727698346251,44,NA,0.849206349206349,0.849206349206349,FALSE
"Zotu519",0.000308944498854622,48,NA,0.380952380952381,0.380952380952381,FALSE
"Zotu590",0.000258482381732861,21,NA,0.666666666666667,0.666666666666667,FALSE
"Zotu268",0.000572348211290823,48,NA,0.380952380952381,0.380952380952381,FALSE
"Zotu2602",4.97095914456414e-05,19,NA,0.650793650793651,0.650793650793651,FALSE
"Zotu516",0.00034730500879945,44,NA,0.849206349206349,0.849206349206349,FALSE
"Zotu5894",2.83954647129428e-05,12,NA,0.595238095238095,0.595238095238095,FALSE
"Zotu1112",0.000127174592631055,34,NA,0.76984126984127,0.76984126984127,FALSE
"Zotu440",0.000485215816516867,40,NA,0.817460317460317,0.817460317460317,FALSE
"Zotu985",0.000150483899707041,29,NA,0.73015873015873,0.73015873015873,FALSE
"Zotu372",0.000472934334296062,30,NA,0.738095238095238,0.738095238095238,FALSE
"Zotu3762",2.7755338891477e-05,12,NA,0.595238095238095,0.595238095238095,FALSE
"Zotu464",0.000438751549216982,56,NA,0.444444444444444,0.444444444444444,FALSE
"Zotu988",0.00014078983390753,32,NA,0.753968253968254,0.753968253968254,FALSE
"Zotu1363",0.000104890542798505,31,NA,0.746031746031746,0.746031746031746,FALSE
"Zotu999",0.00014816526485446,26,NA,0.206349206349206,0.206349206349206,FALSE
"Zotu3448",2.97665639011332e-05,6,NA,0.547619047619048,0.547619047619048,FALSE
"Zotu385",0.000383980903332848,31,NA,0.746031746031746,0.746031746031746,FALSE
"Zotu810",0.000184589550629573,44,NA,0.849206349206349,0.849206349206349,FALSE
"Zotu234",0.0006993482875303,59,NA,0.468253968253968,0.468253968253968,FALSE
"Zotu4052",3.936168693482e-05,17,NA,0.634920634920635,0.634920634920635,FALSE
"Zotu2336",5.485941676171e-05,10,NA,0.57936507936508,0.57936507936508,FALSE
"Zotu1637",0.000116725117207792,28,NA,0.722222222222222,0.722222222222222,FALSE
"Zotu3179",4.21024385965727e-05,16,NA,0.126984126984127,0.126984126984127,FALSE
"Zotu6062",4.56457914627352e-05,17,NA,0.634920634920635,0.634920634920635,FALSE
"Zotu5248",3.64655808987054e-05,21,NA,0.666666666666667,0.666666666666667,FALSE
"Zotu5043",2.24936629714885e-05,8,NA,0.563492063492063,0.563492063492063,FALSE
"Zotu5586",6.96838326319137e-05,19,NA,0.650793650793651,0.650793650793651,FALSE
"Zotu4525",3.97561197693396e-05,20,NA,0.158730158730159,0.158730158730159,FALSE
"Zotu2238",4.96015796177194e-05,16,NA,0.626984126984127,0.626984126984127,FALSE
"Zotu1118",0.000127361298252205,34,NA,0.26984126984127,0.26984126984127,FALSE
"Zotu4650",2.07883863997382e-05,10,NA,0.57936507936508,0.57936507936508,FALSE
"Zotu1963",4.59130950207671e-05,17,NA,0.634920634920635,0.634920634920635,FALSE
"Zotu4002",1.76919288444086e-05,7,NA,0.555555555555556,0.555555555555556,FALSE
"Zotu3998",6.24500372108925e-05,20,NA,0.658730158730159,0.658730158730159,FALSE
"Zotu6177",4.00581002533506e-05,7,NA,0.0555555555555555,0.0555555555555555,TRUE
"Zotu996",0.000127031312646186,37,NA,0.293650793650794,0.293650793650794,FALSE
"Zotu1400",0.000131850990564642,37,NA,0.793650793650794,0.793650793650794,FALSE
"Zotu491",0.00034072481073484,54,NA,0.928571428571428,0.928571428571428,FALSE
"Zotu6117",1.46080422137739e-05,6,NA,0.547619047619048,0.547619047619048,FALSE
"Zotu2109",6.82374538341306e-05,15,NA,0.619047619047619,0.619047619047619,FALSE
"Zotu122",0.00101121723117398,59,NA,0.468253968253968,0.468253968253968,FALSE
"Zotu3484",2.526410999116e-05,12,NA,0.595238095238095,0.595238095238095,FALSE
"Zotu6172",1.7545669826652e-05,8,NA,0.563492063492063,0.563492063492063,FALSE
"Zotu4035",2.0445785247968e-05,9,NA,0.571428571428571,0.571428571428571,FALSE
"Zotu3061",3.14030957271775e-05,15,NA,0.619047619047619,0.619047619047619,FALSE
"Zotu1926",6.08855860938568e-05,18,NA,0.642857142857143,0.642857142857143,FALSE
"Zotu952",0.000173046456661589,32,NA,0.253968253968254,0.253968253968254,FALSE
"Zotu462",0.000410561358312162,50,NA,0.396825396825397,0.396825396825397,FALSE
"Zotu594",0.000304673425237666,44,NA,0.349206349206349,0.349206349206349,FALSE
"Zotu1311",0.000134697392666463,33,NA,0.261904761904762,0.261904761904762,FALSE
"Zotu2279",6.62697700059947e-05,16,NA,0.626984126984127,0.626984126984127,FALSE
"Zotu967",0.000154621938183077,37,NA,0.793650793650794,0.793650793650794,FALSE
"Zotu615",0.000281431426247889,43,NA,0.841269841269841,0.841269841269841,FALSE
"Zotu1379",9.50153781121859e-05,25,NA,0.698412698412698,0.698412698412698,FALSE
"Zotu5522",1.60701686852655e-05,13,NA,0.603174603174603,0.603174603174603,FALSE
"Zotu3395",3.67545623691504e-05,8,NA,0.563492063492063,0.563492063492063,FALSE
"Zotu1382",0.000106309984152439,19,NA,0.650793650793651,0.650793650793651,FALSE
"Zotu5980",1.70735343529163e-05,12,NA,0.595238095238095,0.595238095238095,FALSE
"Zotu3800",3.77774128481224e-05,14,NA,0.611111111111111,0.611111111111111,FALSE
"Zotu2312",0.000113614168636312,33,NA,0.261904761904762,0.261904761904762,FALSE
"Zotu6023",1.21494460472562e-05,5,NA,0.53968253968254,0.53968253968254,FALSE
"Zotu1465",0.000100823959846264,29,NA,0.73015873015873,0.73015873015873,FALSE
"Zotu2505",4.75473802231494e-05,10,NA,0.57936507936508,0.57936507936508,FALSE
"Zotu1631",8.0097195731113e-05,29,NA,0.73015873015873,0.73015873015873,FALSE
"Zotu825",0.000195562966911639,37,NA,0.293650793650794,0.293650793650794,FALSE
"Zotu1881",5.89441806480366e-05,13,NA,0.603174603174603,0.603174603174603,FALSE
"Zotu1387",0.000146769218885829,36,NA,0.285714285714286,0.285714285714286,FALSE
"Zotu732",0.000187543161005054,44,NA,0.849206349206349,0.849206349206349,FALSE
"Zotu4074",1.57586239586892e-05,7,NA,0.555555555555556,0.555555555555556,FALSE
"Zotu4926",1.16723985400716e-05,4,NA,0.531746031746032,0.531746031746032,FALSE
"Zotu1044",0.000175456222256136,54,NA,0.428571428571428,0.428571428571428,FALSE
"Zotu5286",2.48975800264924e-05,10,NA,0.57936507936508,0.57936507936508,FALSE
"Zotu1254",0.000116091645334213,13,NA,0.603174603174603,0.603174603174603,FALSE
"Zotu3670",5.70150790614816e-05,23,NA,0.682539682539683,0.682539682539683,FALSE
"Zotu3473",4.23131039419342e-05,17,NA,0.634920634920635,0.634920634920635,FALSE
"Zotu4635",3.63987207811309e-05,17,NA,0.634920634920635,0.634920634920635,FALSE
"Zotu3433",2.98983039691875e-05,5,NA,0.0396825396825397,0.0396825396825397,TRUE
"Zotu4173",2.77216458230259e-05,6,NA,0.547619047619048,0.547619047619048,FALSE
"Zotu672",0.000231196750674905,47,NA,0.873015873015873,0.873015873015873,FALSE
"Zotu2380",0.000115540553197922,33,NA,0.761904761904762,0.761904761904762,FALSE
"Zotu5683",8.25525407659717e-06,7,NA,0.555555555555556,0.555555555555556,FALSE
"Zotu1438",7.34852066336424e-05,21,NA,0.666666666666667,0.666666666666667,FALSE
"Zotu1185",0.000124746494538542,25,NA,0.698412698412698,0.698412698412698,FALSE
"Zotu1982",4.6722840285212e-05,15,NA,0.619047619047619,0.619047619047619,FALSE
"Zotu3824",3.23411893706785e-05,11,NA,0.587301587301587,0.587301587301587,FALSE
"Zotu1370",9.5966245208019e-05,24,NA,0.69047619047619,0.69047619047619,FALSE
"Zotu2953",4.18482667806757e-05,19,NA,0.150793650793651,0.150793650793651,FALSE
"Zotu586",0.000279193644904682,38,NA,0.301587301587302,0.301587301587302,FALSE
"Zotu4218",6.17711392292286e-05,22,NA,0.174603174603175,0.174603174603175,FALSE
"Zotu4065",2.77444628155957e-05,9,NA,0.571428571428571,0.571428571428571,FALSE
"Zotu2722",3.45504374397884e-05,12,NA,0.595238095238095,0.595238095238095,FALSE
"Zotu294",0.000551717578907906,43,NA,0.341269841269841,0.341269841269841,FALSE
"Zotu4640",4.00613354677181e-05,10,NA,0.57936507936508,0.57936507936508,FALSE
"Zotu3675",4.19729886043416e-05,16,NA,0.626984126984127,0.626984126984127,FALSE
"Zotu6048",9.22793285561782e-06,1,NA,NA,NA,FALSE
"Zotu2231",5.03794733412498e-05,14,NA,0.611111111111111,0.611111111111111,FALSE
"Zotu1115",0.000127755090402418,25,NA,0.698412698412698,0.698412698412698,FALSE
"Zotu1394",0.000108153710184435,29,NA,0.23015873015873,0.23015873015873,FALSE
"Zotu4092",3.51732156164317e-05,17,NA,0.634920634920635,0.634920634920635,FALSE
"Zotu3964",1.86689304392394e-05,6,NA,0.547619047619048,0.547619047619048,FALSE
"Zotu391",0.000432968297454194,52,NA,0.412698412698413,0.412698412698413,FALSE
"Zotu987",0.000140857924597443,34,NA,0.76984126984127,0.76984126984127,FALSE
"Zotu986",0.00014955849053172,40,NA,0.317460317460317,0.317460317460317,FALSE
"Zotu195",0.000761915295861524,45,NA,0.357142857142857,0.357142857142857,FALSE
"Zotu2544",3.4838684224456e-05,12,NA,0.595238095238095,0.595238095238095,FALSE
"Zotu5406",4.77017110637037e-05,18,NA,0.642857142857143,0.642857142857143,FALSE
"Zotu1285",0.000111706162403896,31,NA,0.746031746031746,0.746031746031746,FALSE
"Zotu2112",5.55296256136535e-05,20,NA,0.658730158730159,0.658730158730159,FALSE
"Zotu278",0.000567520348564579,57,NA,0.452380952380952,0.452380952380952,FALSE
"Zotu948",0.000154140073289762,33,NA,0.761904761904762,0.761904761904762,FALSE
"Zotu3198",3.96676906375188e-05,12,NA,0.595238095238095,0.595238095238095,FALSE
"Zotu4807",2.19732833676342e-05,14,NA,0.611111111111111,0.611111111111111,FALSE
"Zotu2699",5.09782174027675e-05,20,NA,0.658730158730159,0.658730158730159,FALSE
"Zotu4913",1.77145754314759e-05,7,NA,0.555555555555556,0.555555555555556,FALSE
"Zotu5955",2.05073392619989e-05,6,NA,0.547619047619048,0.547619047619048,FALSE
"Zotu3094",3.40159154990512e-05,21,NA,0.666666666666667,0.666666666666667,FALSE
"Zotu1862",7.85542654204179e-05,23,NA,0.682539682539683,0.682539682539683,FALSE
"Zotu2525",6.58483933384402e-05,6,NA,0.547619047619048,0.547619047619048,FALSE
"Zotu3796",3.40984742870277e-05,6,NA,0.547619047619048,0.547619047619048,FALSE
"Zotu1486",7.4662677502666e-05,19,NA,0.650793650793651,0.650793650793651,FALSE
"Zotu2266",5.20987481406976e-05,15,NA,0.619047619047619,0.619047619047619,FALSE
"Zotu1700",8.34595730523713e-05,30,NA,0.738095238095238,0.738095238095238,FALSE
"Zotu2774",3.74180053065681e-05,10,NA,0.57936507936508,0.57936507936508,FALSE
"Zotu332",0.000445089438023103,50,NA,0.396825396825397,0.396825396825397,FALSE
"Zotu3234",3.12398712908364e-05,10,NA,0.57936507936508,0.57936507936508,FALSE
"Zotu5477",2.40848477886317e-05,14,NA,0.611111111111111,0.611111111111111,FALSE
"Zotu1905",8.0728873730816e-05,26,NA,0.706349206349206,0.706349206349206,FALSE
"Zotu2234",4.65087895575115e-05,12,NA,0.595238095238095,0.595238095238095,FALSE
"Zotu2405",8.12778415152757e-05,22,NA,0.674603174603175,0.674603174603175,FALSE
"Zotu1769",0.000104551096873582,10,NA,0.57936507936508,0.57936507936508,FALSE
"Zotu2738",3.55529000313901e-05,18,NA,0.642857142857143,0.642857142857143,FALSE
"Zotu2963",5.52806729819752e-05,28,NA,0.722222222222222,0.722222222222222,FALSE
"Zotu4493",3.85955809668836e-05,13,NA,0.603174603174603,0.603174603174603,FALSE
"Zotu637",0.000221417208535595,22,NA,0.674603174603175,0.674603174603175,FALSE
"Zotu1121",0.000144042062443051,29,NA,0.23015873015873,0.23015873015873,FALSE
"Zotu3197",4.56643668693039e-05,14,NA,0.611111111111111,0.611111111111111,FALSE
"Zotu524",0.000296756906527491,48,NA,0.380952380952381,0.380952380952381,FALSE
"Zotu2987",4.81385836117903e-05,15,NA,0.619047619047619,0.619047619047619,FALSE
"Zotu915",0.000158961299811187,27,NA,0.714285714285714,0.714285714285714,FALSE
"Zotu3810",4.64849524620776e-05,15,NA,0.619047619047619,0.619047619047619,FALSE
"Zotu6255",2.38470416474088e-05,12,NA,0.0952380952380952,0.0952380952380952,TRUE
"Zotu4847",2.333141306092e-05,8,NA,0.563492063492063,0.563492063492063,FALSE
"Zotu2293",6.33540502976697e-05,24,NA,0.69047619047619,0.69047619047619,FALSE
"Zotu4534",2.31315826465716e-05,7,NA,0.555555555555556,0.555555555555556,FALSE
"Zotu3768",2.74548337783617e-05,15,NA,0.619047619047619,0.619047619047619,FALSE
"Zotu6148",2.17329150077559e-05,12,NA,0.595238095238095,0.595238095238095,FALSE
"Zotu916",0.000156153958742397,23,NA,0.182539682539683,0.182539682539683,FALSE
"Zotu1950",7.5278429926913e-05,30,NA,0.738095238095238,0.738095238095238,FALSE
"Zotu4800",4.92800360507728e-05,10,NA,0.57936507936508,0.57936507936508,FALSE
"Zotu5745",2.53992920762356e-05,7,NA,0.555555555555556,0.555555555555556,FALSE
"Zotu1414",0.00013107872781655,34,NA,0.76984126984127,0.76984126984127,FALSE
"Zotu498",0.000338626667273668,44,NA,0.349206349206349,0.349206349206349,FALSE
"Zotu3651",4.91958970638915e-05,20,NA,0.158730158730159,0.158730158730159,FALSE
"Zotu244",0.000602326315226705,46,NA,0.365079365079365,0.365079365079365,FALSE
"Zotu2621",6.2717183616211e-05,18,NA,0.642857142857143,0.642857142857143,FALSE
"Zotu2188",6.4646723706352e-05,27,NA,0.714285714285714,0.714285714285714,FALSE
"Zotu388",0.000512286140296573,37,NA,0.293650793650794,0.293650793650794,FALSE
"Zotu2339",0.000147015843884562,29,NA,0.73015873015873,0.73015873015873,FALSE
"Zotu3886",3.61250483908645e-05,11,NA,0.587301587301587,0.587301587301587,FALSE
"Zotu1539",8.89309484859934e-05,18,NA,0.642857142857143,0.642857142857143,FALSE
"Zotu2480",7.15689450280344e-05,18,NA,0.642857142857143,0.642857142857143,FALSE
"Zotu123",0.00108772704146116,57,NA,0.452380952380952,0.452380952380952,FALSE
"Zotu5405",3.63049619661461e-05,25,NA,0.698412698412698,0.698412698412698,FALSE
"Zotu1425",9.89930428829971e-05,28,NA,0.722222222222222,0.722222222222222,FALSE
"Zotu4206",3.57649509326163e-05,20,NA,0.658730158730159,0.658730158730159,FALSE
"Zotu2025",8.59603478272553e-05,31,NA,0.746031746031746,0.746031746031746,FALSE
"Zotu2413",4.65455486714663e-05,13,NA,0.603174603174603,0.603174603174603,FALSE
"Zotu509",0.000316806859660752,51,NA,0.904761904761905,0.904761904761905,FALSE
"Zotu933",0.000153232974454765,16,NA,0.626984126984127,0.626984126984127,FALSE
"Zotu5517",1.19124622459353e-05,7,NA,0.555555555555556,0.555555555555556,FALSE
"Zotu4986",2.36513243014744e-05,11,NA,0.587301587301587,0.587301587301587,FALSE
"Zotu1727",9.45311038612793e-05,26,NA,0.706349206349206,0.706349206349206,FALSE
"Zotu4751",4.28946176418285e-05,9,NA,0.571428571428571,0.571428571428571,FALSE
"Zotu1016",0.000113228267540113,24,NA,0.69047619047619,0.69047619047619,FALSE
"Zotu755",0.000203748437856945,31,NA,0.246031746031746,0.246031746031746,FALSE
"Zotu3942",6.21509411860535e-05,11,NA,0.587301587301587,0.587301587301587,FALSE
"Zotu436",0.00034073460702536,34,NA,0.26984126984127,0.26984126984127,FALSE
"Zotu2115",5.858302961798e-05,15,NA,0.619047619047619,0.619047619047619,FALSE
"Zotu1085",0.000133547714852199,39,NA,0.80952380952381,0.80952380952381,FALSE
"Zotu2251",6.24774266713985e-05,26,NA,0.706349206349206,0.706349206349206,FALSE
"Zotu5091",2.34906339647905e-05,9,NA,0.571428571428571,0.571428571428571,FALSE
"Zotu3492",4.59408985427586e-05,14,NA,0.611111111111111,0.611111111111111,FALSE
"Zotu1392",0.000103210440609844,21,NA,0.666666666666667,0.666666666666667,FALSE
"Zotu1150",0.000121915113030646,37,NA,0.793650793650794,0.793650793650794,FALSE
"Zotu842",0.000174402412494083,42,NA,0.333333333333333,0.333333333333333,FALSE
"Zotu2442",6.06278507856141e-05,17,NA,0.634920634920635,0.634920634920635,FALSE
"Zotu1374",0.00010163763392951,21,NA,0.666666666666667,0.666666666666667,FALSE
"Zotu3251",2.90107712731702e-05,7,NA,0.555555555555556,0.555555555555556,FALSE
"Zotu346",0.000461666317909397,31,NA,0.746031746031746,0.746031746031746,FALSE
"Zotu1805",6.98254683322242e-05,25,NA,0.698412698412698,0.698412698412698,FALSE
"Zotu3741",2.99559875758745e-05,14,NA,0.611111111111111,0.611111111111111,FALSE
"Zotu510",0.000246865652566891,38,NA,0.801587301587302,0.801587301587302,FALSE
"Zotu2156",5.26408754003473e-05,7,NA,0.555555555555556,0.555555555555556,FALSE
"Zotu3803",1.76216379583272e-05,7,NA,0.555555555555556,0.555555555555556,FALSE
"Zotu2341",5.74660665756321e-05,19,NA,0.150793650793651,0.150793650793651,FALSE
"Zotu1130",0.000125349414943731,24,NA,0.69047619047619,0.69047619047619,FALSE
"Zotu1037",0.000148785252944545,25,NA,0.698412698412698,0.698412698412698,FALSE
"Zotu3391",3.6606127918686e-05,18,NA,0.642857142857143,0.642857142857143,FALSE
"Zotu6151",2.2075446500312e-05,10,NA,0.57936507936508,0.57936507936508,FALSE
"Zotu979",0.000151529051432775,26,NA,0.206349206349206,0.206349206349206,FALSE
"Zotu4405",2.68094564789786e-05,2,NA,0.515873015873016,0.515873015873016,FALSE
"Zotu2193",5.06742214040071e-05,11,NA,0.587301587301587,0.587301587301587,FALSE
"Zotu2974",3.62863399544763e-05,4,NA,0.531746031746032,0.531746031746032,FALSE
"Zotu6059",1.9701777771318e-05,7,NA,0.555555555555556,0.555555555555556,FALSE
"Zotu5550",4.71715094500804e-05,12,NA,0.595238095238095,0.595238095238095,FALSE
"Zotu1588",0.000107407954076456,28,NA,0.222222222222222,0.222222222222222,FALSE
"Zotu1386",0.000131314758223048,27,NA,0.714285714285714,0.714285714285714,FALSE
"Zotu3935",3.28481095788729e-05,11,NA,0.587301587301587,0.587301587301587,FALSE
"Zotu3212",2.21794540336555e-05,9,NA,0.571428571428571,0.571428571428571,FALSE
"Zotu795",0.000199876565726042,28,NA,0.722222222222222,0.722222222222222,FALSE
"Zotu3060",4.41022050327047e-05,13,NA,0.603174603174603,0.603174603174603,FALSE
"Zotu6346",1.97098792046245e-05,6,NA,0.547619047619048,0.547619047619048,FALSE
"Zotu5102",2.5897548664641e-05,4,NA,0.531746031746032,0.531746031746032,FALSE
"Zotu2171",5.11298821813095e-05,19,NA,0.650793650793651,0.650793650793651,FALSE
"Zotu2139",5.79352847203989e-05,18,NA,0.642857142857143,0.642857142857143,FALSE
"Zotu5009",3.97583554222959e-05,16,NA,0.626984126984127,0.626984126984127,FALSE
"Zotu4779",3.61606543080784e-05,15,NA,0.619047619047619,0.619047619047619,FALSE
"Zotu2855",3.33721786876611e-05,11,NA,0.587301587301587,0.587301587301587,FALSE
"Zotu532",0.000307471845944994,47,NA,0.373015873015873,0.373015873015873,FALSE
"Zotu862",0.000179879427317448,38,NA,0.801587301587302,0.801587301587302,FALSE
"Zotu1812",8.16083551259838e-05,26,NA,0.206349206349206,0.206349206349206,FALSE
"Zotu522",0.000312941413103106,43,NA,0.841269841269841,0.841269841269841,FALSE
"Zotu336",0.00052879853686045,40,NA,0.317460317460317,0.317460317460317,FALSE
"Zotu2407",3.8035724741172e-05,15,NA,0.619047619047619,0.619047619047619,FALSE
"Zotu6130",1.63804237669635e-05,7,NA,0.555555555555556,0.555555555555556,FALSE
"Zotu4179",1.94431674030668e-05,13,NA,0.103174603174603,0.103174603174603,FALSE
"Zotu6376",1.36957534792436e-05,5,NA,0.53968253968254,0.53968253968254,FALSE
"Zotu2060",5.65198648937663e-05,20,NA,0.658730158730159,0.658730158730159,FALSE
"Zotu4634",2.31214869964157e-05,4,NA,0.531746031746032,0.531746031746032,FALSE
"Zotu1282",0.000120370436074172,39,NA,0.80952380952381,0.80952380952381,FALSE
"Zotu1573",9.44369981918293e-05,37,NA,0.293650793650794,0.293650793650794,FALSE
"Zotu5860",2.09520236595891e-05,7,NA,0.555555555555556,0.555555555555556,FALSE
"Zotu1145",0.000181105198605734,42,NA,0.333333333333333,0.333333333333333,FALSE
"Zotu5739",1.10515389880194e-05,6,NA,0.547619047619048,0.547619047619048,FALSE
"Zotu712",0.000184273390415416,30,NA,0.738095238095238,0.738095238095238,FALSE
"Zotu2162",8.58241449064716e-05,25,NA,0.698412698412698,0.698412698412698,FALSE
"Zotu5650",1.66135131704876e-05,7,NA,0.555555555555556,0.555555555555556,FALSE
"Zotu1731",8.69610607342727e-05,30,NA,0.738095238095238,0.738095238095238,FALSE
"Zotu3191",2.74403852871067e-05,8,NA,0.563492063492063,0.563492063492063,FALSE
"Zotu5930",1.70106577599851e-05,9,NA,0.571428571428571,0.571428571428571,FALSE
"Zotu1817",8.99061218487862e-05,32,NA,0.753968253968254,0.753968253968254,FALSE
"Zotu4882",4.54414084222426e-05,28,NA,0.722222222222222,0.722222222222222,FALSE
"Zotu4268",4.00949004515419e-05,18,NA,0.642857142857143,0.642857142857143,FALSE
"Zotu197",0.000689577550530758,51,NA,0.404761904761905,0.404761904761905,FALSE
"Zotu4626",1.17888390904653e-05,7,NA,0.555555555555556,0.555555555555556,FALSE
"Zotu107",0.00115845657317708,46,NA,0.865079365079365,0.865079365079365,FALSE
"Zotu6237",8.82143891498363e-06,4,NA,0.531746031746032,0.531746031746032,FALSE
"Zotu936",0.000159402947833249,41,NA,0.825396825396825,0.825396825396825,FALSE
"Zotu4133",3.95881733835477e-05,19,NA,0.650793650793651,0.650793650793651,FALSE
"Zotu4298",9.41235195600111e-05,39,NA,0.30952380952381,0.30952380952381,FALSE
"Zotu2573",5.5064408041463e-05,26,NA,0.706349206349206,0.706349206349206,FALSE
"Zotu4479",1.25876399929156e-05,7,NA,0.555555555555556,0.555555555555556,FALSE
"Zotu2125",6.86053266047232e-05,8,NA,0.563492063492063,0.563492063492063,FALSE
"Zotu1239",0.000104764109462322,19,NA,0.650793650793651,0.650793650793651,FALSE
"Zotu2979",3.78606074757549e-05,14,NA,0.111111111111111,0.111111111111111,FALSE
"Zotu543",0.00036855661535736,32,NA,0.753968253968254,0.753968253968254,FALSE
"Zotu2595",5.13019771493256e-05,12,NA,0.595238095238095,0.595238095238095,FALSE
"Zotu2208",6.41880162276163e-05,17,NA,0.634920634920635,0.634920634920635,FALSE
"Zotu3763",3.02136810192455e-05,9,NA,0.571428571428571,0.571428571428571,FALSE
"Zotu4498",1.82986516143502e-05,8,NA,0.563492063492063,0.563492063492063,FALSE
"Zotu903",0.000169563200519423,21,NA,0.666666666666667,0.666666666666667,FALSE
"Zotu4952",1.36800296493558e-05,9,NA,0.571428571428571,0.571428571428571,FALSE
"Zotu771",0.000171679142183689,33,NA,0.761904761904762,0.761904761904762,FALSE
"Zotu3969",2.67407861753206e-05,14,NA,0.611111111111111,0.611111111111111,FALSE
"Zotu4139",1.61078130834487e-05,5,NA,0.53968253968254,0.53968253968254,FALSE
"Zotu299",0.000563389451817626,31,NA,0.746031746031746,0.746031746031746,FALSE
"Zotu4972",2.39987120572492e-05,8,NA,0.563492063492063,0.563492063492063,FALSE
"Zotu5382",2.38774791360513e-05,15,NA,0.119047619047619,0.119047619047619,FALSE
"Zotu1289",0.000158658101624982,26,NA,0.706349206349206,0.706349206349206,FALSE
"Zotu3175",4.07933298769696e-05,17,NA,0.634920634920635,0.634920634920635,FALSE
"Zotu739",0.000227930449075375,33,NA,0.261904761904762,0.261904761904762,FALSE
"Zotu5188",2.98417970009983e-05,16,NA,0.626984126984127,0.626984126984127,FALSE
"Zotu1258",0.000112250490258595,12,NA,0.595238095238095,0.595238095238095,FALSE
"Zotu2462",6.467707573258e-05,22,NA,0.674603174603175,0.674603174603175,FALSE
"Zotu1184",0.000109049639827039,33,NA,0.761904761904762,0.761904761904762,FALSE
"Zotu5271",3.99695249260489e-05,15,NA,0.619047619047619,0.619047619047619,FALSE
"Zotu1650",0.000118466622807114,31,NA,0.746031746031746,0.746031746031746,FALSE
"Zotu520",0.000317340039659134,21,NA,0.166666666666667,0.166666666666667,FALSE
"Zotu861",0.00021409722945149,43,NA,0.841269841269841,0.841269841269841,FALSE
"Zotu2332",5.90081868072307e-05,20,NA,0.658730158730159,0.658730158730159,FALSE
"Zotu926",0.000153475803569434,39,NA,0.30952380952381,0.30952380952381,FALSE
"Zotu5345",1.50262079434331e-05,4,NA,0.531746031746032,0.531746031746032,FALSE
"Zotu1086",0.000129592937356889,33,NA,0.261904761904762,0.261904761904762,FALSE
"Zotu6316",1.0026269143387e-05,8,NA,0.563492063492063,0.563492063492063,FALSE
"Zotu655",0.000244752657702859,40,NA,0.817460317460317,0.817460317460317,FALSE
"Zotu3141",4.17001985242011e-05,18,NA,0.642857142857143,0.642857142857143,FALSE
"Zotu1279",0.000127019633522127,39,NA,0.80952380952381,0.80952380952381,FALSE
"Zotu3664",3.11275690921301e-05,8,NA,0.563492063492063,0.563492063492063,FALSE
"Zotu1763",8.64344097592198e-05,28,NA,0.722222222222222,0.722222222222222,FALSE
"Zotu5375",2.32600906596622e-05,12,NA,0.595238095238095,0.595238095238095,FALSE
"Zotu829",0.000184455019935891,46,NA,0.365079365079365,0.365079365079365,FALSE
"Zotu1623",8.34614187118406e-05,21,NA,0.666666666666667,0.666666666666667,FALSE
"Zotu1048",0.000126376231603489,23,NA,0.682539682539683,0.682539682539683,FALSE
"Zotu539",0.000290582591785922,36,NA,0.285714285714286,0.285714285714286,FALSE
"Zotu1433",9.03115839106046e-05,24,NA,0.69047619047619,0.69047619047619,FALSE
"Zotu886",0.000177418113652245,40,NA,0.817460317460317,0.817460317460317,FALSE
"Zotu1706",9.54285764825921e-05,34,NA,0.26984126984127,0.26984126984127,FALSE
"Zotu5027",8.35014577648437e-06,6,NA,0.547619047619048,0.547619047619048,FALSE
"Zotu5785",2.31865043114939e-05,10,NA,0.57936507936508,0.57936507936508,FALSE
"Zotu3546",4.83250702093722e-05,25,NA,0.698412698412698,0.698412698412698,FALSE
"Zotu638",0.00024334736023891,38,NA,0.801587301587302,0.801587301587302,FALSE
"Zotu3607",2.37208784540225e-05,9,NA,0.571428571428571,0.571428571428571,FALSE
"Zotu3255",2.79710999305631e-05,12,NA,0.595238095238095,0.595238095238095,FALSE
"Zotu2681",4.71979176859842e-05,12,NA,0.595238095238095,0.595238095238095,FALSE
"Zotu898",0.000177624377970173,39,NA,0.80952380952381,0.80952380952381,FALSE
"Zotu412",0.000421545174724238,44,NA,0.349206349206349,0.349206349206349,FALSE
"Zotu1198",0.000115644022871535,30,NA,0.738095238095238,0.738095238095238,FALSE
"Zotu444",0.000340647485364239,33,NA,0.761904761904762,0.761904761904762,FALSE
"Zotu2088",5.72747037469236e-05,25,NA,0.698412698412698,0.698412698412698,FALSE
"Zotu2390",5.15743060314683e-05,17,NA,0.634920634920635,0.634920634920635,FALSE
"Zotu380",0.000394451464681853,43,NA,0.841269841269841,0.841269841269841,FALSE
"Zotu126",0.00116374582178862,60,NA,0.476190476190476,0.476190476190476,FALSE
"Zotu4612",2.39492665136384e-05,9,NA,0.571428571428571,0.571428571428571,FALSE
"Zotu4724",4.98456284550224e-05,14,NA,0.611111111111111,0.611111111111111,FALSE
"Zotu2197",6.33348784993112e-05,14,NA,0.611111111111111,0.611111111111111,FALSE
"Zotu667",0.000191023438137751,38,NA,0.801587301587302,0.801587301587302,FALSE
"Zotu4754",1.85961849689893e-05,10,NA,0.57936507936508,0.57936507936508,FALSE
"Zotu4685",2.97124073819047e-05,18,NA,0.642857142857143,0.642857142857143,FALSE
"Zotu3095",4.53678194392093e-05,19,NA,0.150793650793651,0.150793650793651,FALSE
"Zotu740",0.000214431747789537,34,NA,0.76984126984127,0.76984126984127,FALSE
"Zotu3189",3.25012866764913e-05,16,NA,0.626984126984127,0.626984126984127,FALSE
"Zotu1985",6.40669606702043e-05,14,NA,0.611111111111111,0.611111111111111,FALSE
"Zotu1365",9.59505260957177e-05,19,NA,0.650793650793651,0.650793650793651,FALSE
"Zotu3946",2.38198151029547e-05,6,NA,0.547619047619048,0.547619047619048,FALSE
"Zotu5503",3.39409549201831e-05,17,NA,0.634920634920635,0.634920634920635,FALSE
"Zotu4758",3.50677202818931e-05,9,NA,0.571428571428571,0.571428571428571,FALSE
"Zotu2556",3.65537419131637e-05,8,NA,0.563492063492063,0.563492063492063,FALSE
"Zotu1674",9.45307915454888e-05,29,NA,0.73015873015873,0.73015873015873,FALSE
"Zotu1742",9.32109421539609e-05,6,NA,0.547619047619048,0.547619047619048,FALSE
"Zotu5701",1.02293329723786e-05,6,NA,0.547619047619048,0.547619047619048,FALSE
"Zotu1514",8.89214010312431e-05,28,NA,0.722222222222222,0.722222222222222,FALSE
"Zotu3718",4.10482329260169e-05,13,NA,0.603174603174603,0.603174603174603,FALSE
"Zotu1519",6.8924991724298e-05,22,NA,0.174603174603175,0.174603174603175,FALSE
"Zotu441",0.000367367074962979,46,NA,0.365079365079365,0.365079365079365,FALSE
"Zotu249",0.00055342608331505,55,NA,0.436507936507937,0.436507936507937,FALSE
"Zotu4447",1.6089050809518e-05,2,NA,0.515873015873016,0.515873015873016,FALSE
"Zotu4451",5.05513556377792e-05,17,NA,0.634920634920635,0.634920634920635,FALSE
"Zotu1111",0.000130080796437347,36,NA,0.285714285714286,0.285714285714286,FALSE
"Zotu3931",3.41053741969615e-05,17,NA,0.634920634920635,0.634920634920635,FALSE
"Zotu5995",8.67243270004657e-06,4,NA,0.531746031746032,0.531746031746032,FALSE
"Zotu2995",3.38633387801009e-05,9,NA,0.0714285714285715,0.0714285714285715,TRUE
"Zotu2131",5.52802066955948e-05,16,NA,0.626984126984127,0.626984126984127,FALSE
"Zotu3099",4.36697200828605e-05,15,NA,0.619047619047619,0.619047619047619,FALSE
"Zotu1001",0.000161530015040284,38,NA,0.301587301587302,0.301587301587302,FALSE
"Zotu2173",5.87662277331348e-05,19,NA,0.650793650793651,0.650793650793651,FALSE
"Zotu4456",3.18317395441656e-05,9,NA,0.571428571428571,0.571428571428571,FALSE
"Zotu1003",0.000150484172500579,27,NA,0.214285714285714,0.214285714285714,FALSE
"Zotu2991",3.06773846728477e-05,13,NA,0.103174603174603,0.103174603174603,FALSE
"Zotu1063",0.000120543928187243,33,NA,0.761904761904762,0.761904761904762,FALSE
"Zotu3035",7.3595108528131e-05,31,NA,0.746031746031746,0.746031746031746,FALSE
"Zotu2903",3.73594683131459e-05,13,NA,0.603174603174603,0.603174603174603,FALSE
"Zotu3927",3.79421976880957e-05,18,NA,0.642857142857143,0.642857142857143,FALSE
"Zotu1174",0.000133683841087572,40,NA,0.317460317460317,0.317460317460317,FALSE
"Zotu3203",3.99240186605087e-05,15,NA,0.619047619047619,0.619047619047619,FALSE
"Zotu2917",4.2058897323564e-05,12,NA,0.595238095238095,0.595238095238095,FALSE
"Zotu2702",4.51666352866639e-05,16,NA,0.626984126984127,0.626984126984127,FALSE
"Zotu1435",8.22045567101141e-05,8,NA,0.563492063492063,0.563492063492063,FALSE
"Zotu4452",1.93917678479846e-05,9,NA,0.571428571428571,0.571428571428571,FALSE
"Zotu6404",1.10827712776915e-05,3,NA,0.523809523809524,0.523809523809524,FALSE
"Zotu5866",1.65826892757113e-05,7,NA,0.555555555555556,0.555555555555556,FALSE
"Zotu1871",8.28778669646085e-05,18,NA,0.642857142857143,0.642857142857143,FALSE
"Zotu3463",4.19870920282635e-05,15,NA,0.619047619047619,0.619047619047619,FALSE
"Zotu523",0.000269586906112437,44,NA,0.849206349206349,0.849206349206349,FALSE
"Zotu3400",3.68624876189554e-05,18,NA,0.142857142857143,0.142857142857143,FALSE
"Zotu2763",7.0166033909336e-05,21,NA,0.666666666666667,0.666666666666667,FALSE
"Zotu4734",1.58465230882239e-05,12,NA,0.0952380952380952,0.0952380952380952,TRUE
"Zotu4760",2.79316542542183e-05,7,NA,0.555555555555556,0.555555555555556,FALSE
"Zotu1334",0.000100555102204458,32,NA,0.753968253968254,0.753968253968254,FALSE
"Zotu1460",8.6763655584464e-05,19,NA,0.650793650793651,0.650793650793651,FALSE
"Zotu1760",6.36688617391215e-05,12,NA,0.595238095238095,0.595238095238095,FALSE
"Zotu1859",8.23293358594425e-05,38,NA,0.801587301587302,0.801587301587302,FALSE
"Zotu2816",5.3305724511473e-05,20,NA,0.658730158730159,0.658730158730159,FALSE
"Zotu612",0.000238703357430125,35,NA,0.777777777777778,0.777777777777778,FALSE
"Zotu4934",1.41839135060146e-05,8,NA,0.563492063492063,0.563492063492063,FALSE
"Zotu3152",4.75465204395004e-05,20,NA,0.158730158730159,0.158730158730159,FALSE
"Zotu4216",2.06974388399035e-05,7,NA,0.555555555555556,0.555555555555556,FALSE
"Zotu5774",1.67842625229331e-05,5,NA,0.53968253968254,0.53968253968254,FALSE
"Zotu3451",7.18792671837712e-05,31,NA,0.746031746031746,0.746031746031746,FALSE
"Zotu717",0.000225575307388092,39,NA,0.30952380952381,0.30952380952381,FALSE
"Zotu547",0.000260352836592853,40,NA,0.817460317460317,0.817460317460317,FALSE
"Zotu5031",4.20922268390629e-05,19,NA,0.650793650793651,0.650793650793651,FALSE
"Zotu1307",7.5466700774701e-05,18,NA,0.642857142857143,0.642857142857143,FALSE
"Zotu5247",1.06594320985962e-05,6,NA,0.547619047619048,0.547619047619048,FALSE
"Zotu629",0.000317021349146931,36,NA,0.785714285714286,0.785714285714286,FALSE
"Zotu1107",0.000105741284193505,17,NA,0.634920634920635,0.634920634920635,FALSE
"Zotu5111",4.38551881729678e-05,24,NA,0.69047619047619,0.69047619047619,FALSE
"Zotu2862",3.18180139661442e-05,6,NA,0.547619047619048,0.547619047619048,FALSE
"Zotu6368",8.16006057472448e-06,2,NA,0.515873015873016,0.515873015873016,FALSE
"Zotu1925",6.47720262528915e-05,22,NA,0.674603174603175,0.674603174603175,FALSE
"Zotu253",0.000633004361575826,57,NA,0.452380952380952,0.452380952380952,FALSE
"Zotu4966",2.71758307570496e-05,15,NA,0.619047619047619,0.619047619047619,FALSE
"Zotu2666",3.53605229161439e-05,11,NA,0.587301587301587,0.587301587301587,FALSE
"Zotu2564",3.8220651503013e-05,19,NA,0.650793650793651,0.650793650793651,FALSE
"Zotu345",0.00056395209286388,40,NA,0.817460317460317,0.817460317460317,FALSE
"Zotu702",0.000216024437686523,31,NA,0.246031746031746,0.246031746031746,FALSE
"Zotu3836",2.59244892558775e-05,6,NA,0.547619047619048,0.547619047619048,FALSE
"Zotu3501",2.23880039767575e-05,9,NA,0.571428571428571,0.571428571428571,FALSE
"Zotu4417",1.96980267782578e-05,14,NA,0.111111111111111,0.111111111111111,FALSE
"Zotu1983",8.7296370927985e-05,16,NA,0.626984126984127,0.626984126984127,FALSE
"Zotu1119",0.000134483545245791,31,NA,0.746031746031746,0.746031746031746,FALSE
"Zotu1070",0.000221252709172173,20,NA,0.658730158730159,0.658730158730159,FALSE
"Zotu1170",0.000193110301837548,38,NA,0.801587301587302,0.801587301587302,FALSE
"Zotu3680",5.27630671545609e-05,12,NA,0.595238095238095,0.595238095238095,FALSE
"Zotu3804",2.9539316458261e-05,6,NA,0.547619047619048,0.547619047619048,FALSE
"Zotu3023",4.3473158221543e-05,18,NA,0.642857142857143,0.642857142857143,FALSE
"Zotu1941",0.000131440409397518,22,NA,0.674603174603175,0.674603174603175,FALSE
"Zotu1575",0.000106812443952701,30,NA,0.738095238095238,0.738095238095238,FALSE
"Zotu2929",4.16629757800894e-05,13,NA,0.603174603174603,0.603174603174603,FALSE
"Zotu4381",2.33953488920297e-05,14,NA,0.611111111111111,0.611111111111111,FALSE
"Zotu4157",1.87982341773796e-05,4,NA,0.531746031746032,0.531746031746032,FALSE
"Zotu794",0.000171218365410141,33,NA,0.761904761904762,0.761904761904762,FALSE
"Zotu3184",4.07881889552978e-05,21,NA,0.666666666666667,0.666666666666667,FALSE
"Zotu1227",0.000104061925477079,24,NA,0.19047619047619,0.19047619047619,FALSE
"Zotu3464",1.95922891099947e-05,6,NA,0.547619047619048,0.547619047619048,FALSE
"Zotu489",0.000326339744000896,43,NA,0.341269841269841,0.341269841269841,FALSE
"Zotu1173",0.000109556786797708,33,NA,0.761904761904762,0.761904761904762,FALSE
"Zotu1405",0.000126460749485549,18,NA,0.642857142857143,0.642857142857143,FALSE
"Zotu5832",1.91729322563371e-05,9,NA,0.571428571428571,0.571428571428571,FALSE
"Zotu6238",2.19598858225469e-05,11,NA,0.587301587301587,0.587301587301587,FALSE
"Zotu3051",4.89445045419261e-05,17,NA,0.634920634920635,0.634920634920635,FALSE
"Zotu6199",5.8999738971479e-06,3,NA,0.523809523809524,0.523809523809524,FALSE
"Zotu1857",6.34683817602557e-05,21,NA,0.666666666666667,0.666666666666667,FALSE
"Zotu5877",4.6171993240759e-05,18,NA,0.642857142857143,0.642857142857143,FALSE
"Zotu3323",3.50385160994886e-05,14,NA,0.611111111111111,0.611111111111111,FALSE
"Zotu2324",7.90932037301942e-05,18,NA,0.642857142857143,0.642857142857143,FALSE
"Zotu2104",7.48637713759587e-05,18,NA,0.642857142857143,0.642857142857143,FALSE
"Zotu3972",1.78421748349905e-05,7,NA,0.555555555555556,0.555555555555556,FALSE
"Zotu1210",0.000117063700359711,40,NA,0.817460317460317,0.817460317460317,FALSE
"Zotu661",0.000218145039848136,38,NA,0.301587301587302,0.301587301587302,FALSE
"Zotu1041",0.00012050987706846,16,NA,0.626984126984127,0.626984126984127,FALSE
"Zotu3584",4.53084784251421e-05,14,NA,0.611111111111111,0.611111111111111,FALSE
"Zotu6131",3.58534950188944e-05,16,NA,0.626984126984127,0.626984126984127,FALSE
"Zotu3042",3.49461228095677e-05,7,NA,0.555555555555556,0.555555555555556,FALSE
"Zotu5589",1.853880627927e-05,10,NA,0.57936507936508,0.57936507936508,FALSE
"Zotu4443",4.12964553728554e-05,15,NA,0.619047619047619,0.619047619047619,FALSE
"Zotu3183",3.1951011136242e-05,11,NA,0.587301587301587,0.587301587301587,FALSE
"Zotu304",0.000514543570946071,39,NA,0.30952380952381,0.30952380952381,FALSE
"Zotu6110",3.66783411322113e-05,14,NA,0.611111111111111,0.611111111111111,FALSE
"Zotu5677",1.3384487543955e-05,6,NA,0.547619047619048,0.547619047619048,FALSE
"Zotu4948",2.81216935766095e-05,5,NA,0.53968253968254,0.53968253968254,FALSE
"Zotu1430",0.000142410203216002,34,NA,0.76984126984127,0.76984126984127,FALSE
"Zotu1891",7.44214927410289e-05,6,NA,0.547619047619048,0.547619047619048,FALSE
"Zotu2769",3.8444853686547e-05,6,NA,0.547619047619048,0.547619047619048,FALSE
"Zotu614",0.000218998904321534,44,NA,0.849206349206349,0.849206349206349,FALSE
"Zotu708",0.000199569215574999,17,NA,0.634920634920635,0.634920634920635,FALSE
"Zotu1076",0.000140479928857581,36,NA,0.785714285714286,0.785714285714286,FALSE
"Zotu2485",5.02958149520946e-05,20,NA,0.658730158730159,0.658730158730159,FALSE
"Zotu5956",1.42403738875372e-05,7,NA,0.555555555555556,0.555555555555556,FALSE
"Zotu1503",8.96214226923538e-05,18,NA,0.142857142857143,0.142857142857143,FALSE
"Zotu1155",0.000155554157933603,14,NA,0.611111111111111,0.611111111111111,FALSE
"Zotu3560",2.90180601524737e-05,7,NA,0.555555555555556,0.555555555555556,FALSE
"Zotu2618",4.50806228353517e-05,20,NA,0.658730158730159,0.658730158730159,FALSE
"Zotu1214",0.000140476266752066,20,NA,0.658730158730159,0.658730158730159,FALSE
"Zotu4563",5.05274260697226e-05,25,NA,0.698412698412698,0.698412698412698,FALSE
"Zotu5771",8.90581317487213e-06,7,NA,0.555555555555556,0.555555555555556,FALSE
"Zotu3376",4.83897627029668e-05,15,NA,0.619047619047619,0.619047619047619,FALSE
"Zotu1784",5.99494284374033e-05,17,NA,0.634920634920635,0.634920634920635,FALSE
"Zotu3806",3.25292324699605e-05,13,NA,0.603174603174603,0.603174603174603,FALSE
"Zotu2772",3.15642738852578e-05,7,NA,0.555555555555556,0.555555555555556,FALSE
"Zotu4876",3.01293661021968e-05,15,NA,0.619047619047619,0.619047619047619,FALSE
"Zotu1375",0.00010921992863451,29,NA,0.73015873015873,0.73015873015873,FALSE
"Zotu2459",0.000108846868572,19,NA,0.650793650793651,0.650793650793651,FALSE
"Zotu3879",3.46185163686233e-05,8,NA,0.563492063492063,0.563492063492063,FALSE
"Zotu688",0.000240391435323349,46,NA,0.365079365079365,0.365079365079365,FALSE
"Zotu2381",4.47065186999154e-05,17,NA,0.634920634920635,0.634920634920635,FALSE
"Zotu1451",9.52087173578597e-05,19,NA,0.650793650793651,0.650793650793651,FALSE
"Zotu4511",2.86802217960959e-05,18,NA,0.642857142857143,0.642857142857143,FALSE
"Zotu5513",1.7287330435799e-05,5,NA,0.53968253968254,0.53968253968254,FALSE
"Zotu648",0.000225574256369335,24,NA,0.69047619047619,0.69047619047619,FALSE
"Zotu4901",1.97706268809109e-05,11,NA,0.587301587301587,0.587301587301587,FALSE
"Zotu1295",0.00011565251001703,26,NA,0.706349206349206,0.706349206349206,FALSE
"Zotu1343",0.000108150234485112,18,NA,0.642857142857143,0.642857142857143,FALSE
"Zotu277",0.000561831752161794,35,NA,0.777777777777778,0.777777777777778,FALSE
"Zotu3997",2.1373984082674e-05,3,NA,0.523809523809524,0.523809523809524,FALSE
"Zotu5616",2.75197014781504e-05,13,NA,0.603174603174603,0.603174603174603,FALSE
"Zotu804",0.000185421663124465,42,NA,0.833333333333333,0.833333333333333,FALSE
"Zotu1527",8.31243187755744e-05,12,NA,0.595238095238095,0.595238095238095,FALSE
"Zotu2804",4.81766485679187e-05,15,NA,0.619047619047619,0.619047619047619,FALSE
"Zotu1979",5.44682974783834e-05,16,NA,0.626984126984127,0.626984126984127,FALSE
"Zotu2703",3.76916509554996e-05,15,NA,0.619047619047619,0.619047619047619,FALSE
"Zotu1771",8.55077905078644e-05,14,NA,0.611111111111111,0.611111111111111,FALSE
"Zotu200",0.0010430737490155,50,NA,0.396825396825397,0.396825396825397,FALSE
"Zotu3497",5.72917519725727e-05,21,NA,0.666666666666667,0.666666666666667,FALSE
"Zotu4674",2.44222561697914e-05,14,NA,0.611111111111111,0.611111111111111,FALSE
"Zotu611",0.000294507028763015,43,NA,0.341269841269841,0.341269841269841,FALSE
"Zotu4749",2.33879642587885e-05,10,NA,0.57936507936508,0.57936507936508,FALSE
"Zotu1947",6.95879431136987e-05,16,NA,0.626984126984127,0.626984126984127,FALSE
"Zotu5615",1.61180410493618e-05,6,NA,0.547619047619048,0.547619047619048,FALSE
"Zotu651",0.000232413535596711,19,NA,0.650793650793651,0.650793650793651,FALSE
"Zotu5061",1.1165329329055e-05,6,NA,0.547619047619048,0.547619047619048,FALSE
"Zotu2943",4.86491495493222e-05,15,NA,0.119047619047619,0.119047619047619,FALSE
"Zotu2321",4.77917254926173e-05,20,NA,0.658730158730159,0.658730158730159,FALSE
"Zotu1357",0.000112419542172142,27,NA,0.214285714285714,0.214285714285714,FALSE
"Zotu1245",0.000131204646200986,29,NA,0.23015873015873,0.23015873015873,FALSE
"Zotu3496",4.95881894965991e-05,19,NA,0.650793650793651,0.650793650793651,FALSE
"Zotu656",0.00020018904321535,20,NA,0.658730158730159,0.658730158730159,FALSE
"Zotu1702",8.32290565638839e-05,28,NA,0.722222222222222,0.722222222222222,FALSE
"Zotu4769",2.30151737179188e-05,11,NA,0.587301587301587,0.587301587301587,FALSE
"Zotu3828",3.44521620623485e-05,9,NA,0.571428571428571,0.571428571428571,FALSE
"Zotu1424",8.13040537866545e-05,18,NA,0.642857142857143,0.642857142857143,FALSE
"Zotu1384",8.63046907901131e-05,19,NA,0.650793650793651,0.650793650793651,FALSE
"Zotu6156",6.79954753460384e-06,3,NA,0.523809523809524,0.523809523809524,FALSE
"Zotu2861",3.54535444008842e-05,10,NA,0.57936507936508,0.57936507936508,FALSE
"Zotu1432",9.19184275786217e-05,23,NA,0.682539682539683,0.682539682539683,FALSE
"Zotu1226",0.000103669653038476,24,NA,0.69047619047619,0.69047619047619,FALSE
"Zotu2585",6.38425201313288e-05,7,NA,0.555555555555556,0.555555555555556,FALSE
"Zotu6217",1.5337832856433e-05,9,NA,0.571428571428571,0.571428571428571,FALSE
"Zotu2349",7.34020870506146e-05,20,NA,0.158730158730159,0.158730158730159,FALSE
"Zotu5784",3.39174743941172e-05,9,NA,0.0714285714285715,0.0714285714285715,TRUE
"Zotu6157",1.11448782332957e-05,13,NA,0.603174603174603,0.603174603174603,FALSE
"Zotu3545",3.00097268387849e-05,11,NA,0.587301587301587,0.587301587301587,FALSE
"Zotu3711",2.82372645126842e-05,9,NA,0.571428571428571,0.571428571428571,FALSE
"Zotu1219",0.000111982976263893,33,NA,0.761904761904762,0.761904761904762,FALSE
"Zotu5670",2.08897744119858e-05,14,NA,0.611111111111111,0.611111111111111,FALSE
"Zotu3959",2.57671432321569e-05,7,NA,0.555555555555556,0.555555555555556,FALSE
"Zotu1248",9.33881044683714e-05,18,NA,0.642857142857143,0.642857142857143,FALSE
"Zotu3574",3.72213459565575e-05,18,NA,0.642857142857143,0.642857142857143,FALSE
"Zotu3088",3.3745211048209e-05,15,NA,0.619047619047619,0.619047619047619,FALSE
"Zotu4152",1.58576205477917e-05,10,NA,0.57936507936508,0.57936507936508,FALSE
"Zotu2472",5.41766578055071e-05,21,NA,0.666666666666667,0.666666666666667,FALSE
"Zotu2589",6.13393706669735e-05,19,NA,0.650793650793651,0.650793650793651,FALSE
"Zotu6258",4.56573480144571e-05,20,NA,0.658730158730159,0.658730158730159,FALSE
"Zotu1936",8.06109374476649e-05,24,NA,0.69047619047619,0.69047619047619,FALSE
"Zotu5018",1.58123856671652e-05,9,NA,0.571428571428571,0.571428571428571,FALSE
"Zotu6109",5.8914996666166e-06,5,NA,0.53968253968254,0.53968253968254,FALSE
"Zotu1251",0.000171755719070151,8,NA,0.563492063492063,0.563492063492063,FALSE
"Zotu1529",9.06630654081736e-05,14,NA,0.611111111111111,0.611111111111111,FALSE
"Zotu4897",1.40995413950078e-05,5,NA,0.53968253968254,0.53968253968254,FALSE
"Zotu222",0.000691150707170316,48,NA,0.880952380952381,0.880952380952381,FALSE
"Zotu2354",4.89312625374932e-05,18,NA,0.642857142857143,0.642857142857143,FALSE
"Zotu1238",0.000108056069034142,13,NA,0.603174603174603,0.603174603174603,FALSE
"Zotu1904",7.49711365557706e-05,15,NA,0.619047619047619,0.619047619047619,FALSE
"Zotu3269",4.20871704764588e-05,13,NA,0.603174603174603,0.603174603174603,FALSE
"Zotu3732",2.55998857736733e-05,10,NA,0.57936507936508,0.57936507936508,FALSE
"Zotu6002",1.41059050701025e-05,7,NA,0.555555555555556,0.555555555555556,FALSE
"Zotu769",0.000189683454747436,33,NA,0.261904761904762,0.261904761904762,FALSE
"Zotu4428",3.08817649710487e-05,13,NA,0.603174603174603,0.603174603174603,FALSE
"Zotu1801",9.6091761455683e-05,25,NA,0.698412698412698,0.698412698412698,FALSE
"Zotu4131",2.31680091768657e-05,2,NA,0.515873015873016,0.515873015873016,FALSE
"Zotu4313",2.29767663844287e-05,8,NA,0.563492063492063,0.563492063492063,FALSE
"Zotu1651",9.14296125996467e-05,28,NA,0.722222222222222,0.722222222222222,FALSE
"Zotu2452",4.45525479772732e-05,10,NA,0.57936507936508,0.57936507936508,FALSE
"Zotu5470",1.19514593085697e-05,6,NA,0.547619047619048,0.547619047619048,FALSE
"Zotu4359",4.51566561575525e-05,10,NA,0.57936507936508,0.57936507936508,FALSE
"Zotu1720",9.61601681808506e-05,25,NA,0.698412698412698,0.698412698412698,FALSE
"Zotu423",0.000465140341782881,56,NA,0.444444444444444,0.444444444444444,FALSE
"Zotu1497",7.72877070400496e-05,19,NA,0.650793650793651,0.650793650793651,FALSE
"Zotu6293",1.35027341818925e-05,4,NA,0.531746031746032,0.531746031746032,FALSE
"Zotu2157",5.05253710408407e-05,16,NA,0.626984126984127,0.626984126984127,FALSE
"Zotu2199",4.13312730020187e-05,16,NA,0.626984126984127,0.626984126984127,FALSE
"Zotu3737",2.99676030369163e-05,20,NA,0.158730158730159,0.158730158730159,FALSE
"Zotu1908",5.52918397847027e-05,9,NA,0.571428571428571,0.571428571428571,FALSE
"Zotu1491",0.000111016900248338,37,NA,0.293650793650794,0.293650793650794,FALSE
"Zotu2150",9.21253395981736e-05,19,NA,0.650793650793651,0.650793650793651,FALSE
"Zotu2384",7.44624182577607e-05,30,NA,0.738095238095238,0.738095238095238,FALSE
"Zotu3856",1.91948894378385e-05,4,NA,0.531746031746032,0.531746031746032,FALSE
"Zotu5557",2.32994146553917e-05,13,NA,0.603174603174603,0.603174603174603,FALSE
"Zotu3144",2.96267979754731e-05,5,NA,0.53968253968254,0.53968253968254,FALSE
"Zotu6195",1.23687217796927e-05,5,NA,0.53968253968254,0.53968253968254,FALSE
"Zotu2338",4.50507017046456e-05,11,NA,0.587301587301587,0.587301587301587,FALSE
"Zotu5999",2.11214296853554e-05,12,NA,0.595238095238095,0.595238095238095,FALSE
"Zotu1472",9.45358710820664e-05,6,NA,0.547619047619048,0.547619047619048,FALSE
"Zotu1557",9.58960135664265e-05,28,NA,0.722222222222222,0.722222222222222,FALSE
"Zotu1887",5.81952377021226e-05,16,NA,0.626984126984127,0.626984126984127,FALSE
"Zotu649",0.000243517782658029,36,NA,0.285714285714286,0.285714285714286,FALSE
"Zotu457",0.000314737642154401,44,NA,0.349206349206349,0.349206349206349,FALSE
"Zotu4210",2.47182547981509e-05,11,NA,0.587301587301587,0.587301587301587,FALSE
"Zotu1462",0.000103962023469816,21,NA,0.666666666666667,0.666666666666667,FALSE
"Zotu2803",5.71775245124001e-05,16,NA,0.626984126984127,0.626984126984127,FALSE
"Zotu1223",0.000137223724202993,10,NA,0.57936507936508,0.57936507936508,FALSE
"Zotu4290",3.90979323615025e-05,19,NA,0.650793650793651,0.650793650793651,FALSE
"Zotu3246",3.77940862103812e-05,12,NA,0.595238095238095,0.595238095238095,FALSE
"Zotu3348",4.5889974694619e-05,21,NA,0.166666666666667,0.166666666666667,FALSE
"Zotu2916",4.41042077113564e-05,18,NA,0.642857142857143,0.642857142857143,FALSE
"Zotu4602",2.65211932285436e-05,9,NA,0.571428571428571,0.571428571428571,FALSE
"Zotu2825",6.19202257932514e-05,11,NA,0.587301587301587,0.587301587301587,FALSE
"Zotu3300",4.30918823957259e-05,23,NA,0.682539682539683,0.682539682539683,FALSE
"Zotu5613",2.30666652308318e-05,9,NA,0.571428571428571,0.571428571428571,FALSE
"Zotu4471",2.7996103202424e-05,14,NA,0.611111111111111,0.611111111111111,FALSE
"Zotu5963",2.93104847795456e-05,12,NA,0.595238095238095,0.595238095238095,FALSE
"Zotu5388",2.3237897704861e-05,12,NA,0.595238095238095,0.595238095238095,FALSE
"Zotu737",0.000193572626297804,45,NA,0.357142857142857,0.357142857142857,FALSE
"Zotu5539",9.42377977294e-06,7,NA,0.555555555555556,0.555555555555556,FALSE
"Zotu3865",3.05830389316178e-05,12,NA,0.595238095238095,0.595238095238095,FALSE
"Zotu968",0.0001651529201254,33,NA,0.261904761904762,0.261904761904762,FALSE
"Zotu3357",2.31528188040656e-05,4,NA,0.531746031746032,0.531746031746032,FALSE
"Zotu608",0.000293522553856264,28,NA,0.722222222222222,0.722222222222222,FALSE
"Zotu5782",1.26050269333925e-05,4,NA,0.531746031746032,0.531746031746032,FALSE
"Zotu1358",0.000103586130565755,22,NA,0.674603174603175,0.674603174603175,FALSE
"Zotu5763",1.22235921046635e-05,6,NA,0.547619047619048,0.547619047619048,FALSE
"Zotu6215",1.79078091694166e-05,11,NA,0.0873015873015873,0.0873015873015873,TRUE
"Zotu949",0.000127402545987928,12,NA,0.595238095238095,0.595238095238095,FALSE
"Zotu1781",7.77722330935543e-05,24,NA,0.69047619047619,0.69047619047619,FALSE
"Zotu1035",0.000182477210275253,19,NA,0.650793650793651,0.650793650793651,FALSE
"Zotu2598",4.23401565122156e-05,14,NA,0.611111111111111,0.611111111111111,FALSE
"Zotu4630",3.55482501646041e-05,20,NA,0.158730158730159,0.158730158730159,FALSE
"Zotu981",0.000146871259586657,24,NA,0.69047619047619,0.69047619047619,FALSE
"Zotu3527",3.62952135704399e-05,14,NA,0.611111111111111,0.611111111111111,FALSE
"Zotu2506",0.000117236161215084,24,NA,0.69047619047619,0.69047619047619,FALSE
"Zotu565",0.000250732672185137,37,NA,0.793650793650794,0.793650793650794,FALSE
"Zotu5136",1.48248221842978e-05,8,NA,0.563492063492063,0.563492063492063,FALSE
"Zotu6113",1.37956855176084e-05,4,NA,0.531746031746032,0.531746031746032,FALSE
"Zotu2018",9.44017545533557e-05,24,NA,0.69047619047619,0.69047619047619,FALSE
"Zotu2397",5.09002880614642e-05,10,NA,0.57936507936508,0.57936507936508,FALSE
"Zotu5062",3.0923068614432e-05,11,NA,0.587301587301587,0.587301587301587,FALSE
"Zotu1687",8.35010528042589e-05,21,NA,0.666666666666667,0.666666666666667,FALSE
"Zotu4551",2.18952068785058e-05,7,NA,0.555555555555556,0.555555555555556,FALSE
"Zotu6381",2.41279416483861e-05,13,NA,0.603174603174603,0.603174603174603,FALSE
"Zotu6064",1.8916525873625e-05,8,NA,0.563492063492063,0.563492063492063,FALSE
"Zotu4539",4.6984076472047e-05,24,NA,0.69047619047619,0.69047619047619,FALSE
"Zotu3368",4.4921450538755e-05,20,NA,0.658730158730159,0.658730158730159,FALSE
"Zotu5567",3.05209166865603e-05,16,NA,0.626984126984127,0.626984126984127,FALSE
"Zotu4223",1.56546432124555e-05,6,NA,0.547619047619048,0.547619047619048,FALSE
"Zotu982",0.000136355749847778,27,NA,0.714285714285714,0.714285714285714,FALSE
"Zotu3350",3.43540213443923e-05,7,NA,0.555555555555556,0.555555555555556,FALSE
"Zotu3988",2.06615691643147e-05,7,NA,0.555555555555556,0.555555555555556,FALSE
"Zotu500",0.000300208740464436,41,NA,0.825396825396825,0.825396825396825,FALSE
"Zotu1552",9.81897223878324e-05,23,NA,0.682539682539683,0.682539682539683,FALSE
"Zotu3435",3.51910599692455e-05,12,NA,0.595238095238095,0.595238095238095,FALSE
"Zotu5145",1.4126430117591e-05,4,NA,0.531746031746032,0.531746031746032,FALSE
"Zotu4659",2.42317118995082e-05,6,NA,0.547619047619048,0.547619047619048,FALSE
"Zotu4953",2.39848138917604e-05,8,NA,0.563492063492063,0.563492063492063,FALSE
"Zotu1684",7.87207836230853e-05,18,NA,0.142857142857143,0.142857142857143,FALSE
"Zotu4377",2.18427620230687e-05,10,NA,0.57936507936508,0.57936507936508,FALSE
"Zotu551",0.000304646084600805,27,NA,0.714285714285714,0.714285714285714,FALSE
"Zotu2965",3.69749368871695e-05,23,NA,0.682539682539683,0.682539682539683,FALSE
"Zotu1578",8.18751447298335e-05,27,NA,0.714285714285714,0.714285714285714,FALSE
"Zotu1247",0.000131735299366425,29,NA,0.73015873015873,0.73015873015873,FALSE
"Zotu4537",1.53246920666363e-05,6,NA,0.547619047619048,0.547619047619048,FALSE
"Zotu1924",7.5705603708242e-05,31,NA,0.746031746031746,0.746031746031746,FALSE
"Zotu5632",2.69543117885008e-05,10,NA,0.57936507936508,0.57936507936508,FALSE
"Zotu1563",9.14027717951298e-05,19,NA,0.650793650793651,0.650793650793651,FALSE
"Zotu4431",2.6034931057126e-05,7,NA,0.555555555555556,0.555555555555556,FALSE
"Zotu484",0.000383251252765086,45,NA,0.357142857142857,0.357142857142857,FALSE
"Zotu1378",0.000101231361568961,22,NA,0.674603174603175,0.674603174603175,FALSE
"Zotu1380",9.83538186962084e-05,20,NA,0.658730158730159,0.658730158730159,FALSE
"Zotu1825",9.39301666634249e-05,19,NA,0.650793650793651,0.650793650793651,FALSE
"Zotu696",0.000277587597737205,43,NA,0.341269841269841,0.341269841269841,FALSE
"Zotu474",0.000317880309723957,38,NA,0.301587301587302,0.301587301587302,FALSE
"Zotu335",0.000441785197189738,46,NA,0.365079365079365,0.365079365079365,FALSE
"Zotu3214",4.67717728640735e-05,19,NA,0.650793650793651,0.650793650793651,FALSE
"Zotu2168",7.42855478874229e-05,18,NA,0.642857142857143,0.642857142857143,FALSE
"Zotu1513",8.77902661852827e-05,30,NA,0.738095238095238,0.738095238095238,FALSE
"Zotu4910",2.76363654331839e-05,9,NA,0.571428571428571,0.571428571428571,FALSE
"Zotu767",0.000257881396943424,33,NA,0.761904761904762,0.761904761904762,FALSE
"Zotu5215",1.88236327240697e-05,9,NA,0.571428571428571,0.571428571428571,FALSE
"Zotu4653",2.25009376968835e-05,10,NA,0.57936507936508,0.57936507936508,FALSE
"Zotu2468",5.69283119851281e-05,21,NA,0.666666666666667,0.666666666666667,FALSE
"Zotu1875",9.26017401346197e-05,30,NA,0.738095238095238,0.738095238095238,FALSE
"Zotu2358",5.40389533025353e-05,19,NA,0.650793650793651,0.650793650793651,FALSE
"Zotu5526",2.54184789189026e-05,18,NA,0.642857142857143,0.642857142857143,FALSE
"Zotu1450",0.00013875673336422,21,NA,0.666666666666667,0.666666666666667,FALSE
"Zotu6056",3.85692741050997e-05,23,NA,0.682539682539683,0.682539682539683,FALSE
"Zotu2409",6.29193070237785e-05,18,NA,0.642857142857143,0.642857142857143,FALSE
"Zotu752",0.000177943396745772,39,NA,0.80952380952381,0.80952380952381,FALSE
"Zotu4547",2.63394135423348e-05,9,NA,0.571428571428571,0.571428571428571,FALSE
"Zotu5743",2.0147431893045e-05,8,NA,0.563492063492063,0.563492063492063,FALSE
"Zotu2232",7.35639686851928e-05,23,NA,0.682539682539683,0.682539682539683,FALSE
"Zotu5902",3.14426655716152e-05,12,NA,0.595238095238095,0.595238095238095,FALSE
"Zotu3074",4.93063513879929e-05,6,NA,0.547619047619048,0.547619047619048,FALSE
"Zotu3647",2.40915129556287e-05,7,NA,0.555555555555556,0.555555555555556,FALSE
"Zotu2392",6.66521382795224e-05,12,NA,0.595238095238095,0.595238095238095,FALSE
"Zotu4584",1.91091161113489e-05,11,NA,0.587301587301587,0.587301587301587,FALSE
"Zotu4796",2.02569583501071e-05,5,NA,0.53968253968254,0.53968253968254,FALSE
"Zotu2648",6.8209569362335e-05,15,NA,0.619047619047619,0.619047619047619,FALSE
"Zotu3548",4.52099354178097e-05,19,NA,0.650793650793651,0.650793650793651,FALSE
"Zotu5412",3.15219047582152e-05,13,NA,0.603174603174603,0.603174603174603,FALSE
"Zotu414",0.000404051113277147,51,NA,0.404761904761905,0.404761904761905,FALSE
"Zotu5056",2.86593229256703e-05,12,NA,0.595238095238095,0.595238095238095,FALSE
"Zotu668",0.000197126251874288,31,NA,0.746031746031746,0.746031746031746,FALSE
"Zotu5249",4.08054645640757e-05,24,NA,0.69047619047619,0.69047619047619,FALSE
"Zotu2027",6.44941885008392e-05,23,NA,0.682539682539683,0.682539682539683,FALSE
"Zotu4300",2.23898397401703e-05,14,NA,0.611111111111111,0.611111111111111,FALSE
"Zotu5052",3.14838191899791e-05,12,NA,0.595238095238095,0.595238095238095,FALSE
"Zotu741",0.000241295602039194,39,NA,0.80952380952381,0.80952380952381,FALSE
"Zotu2659",4.30556012072048e-05,17,NA,0.634920634920635,0.634920634920635,FALSE
"Zotu828",0.000152047845790897,17,NA,0.634920634920635,0.634920634920635,FALSE
"Zotu4453",3.99217019672815e-05,24,NA,0.19047619047619,0.19047619047619,FALSE
"Zotu2539",4.33235543197161e-05,10,NA,0.57936507936508,0.57936507936508,FALSE
"Zotu4786",2.32740081764592e-05,13,NA,0.603174603174603,0.603174603174603,FALSE
"Zotu1257",0.000143234219295539,24,NA,0.69047619047619,0.69047619047619,FALSE
"Zotu687",0.000221289168698229,34,NA,0.26984126984127,0.26984126984127,FALSE
"Zotu923",0.000124511867364732,24,NA,0.69047619047619,0.69047619047619,FALSE
"Zotu1868",7.15750719550644e-05,19,NA,0.650793650793651,0.650793650793651,FALSE
"Zotu2221",5.58554056013811e-05,13,NA,0.603174603174603,0.603174603174603,FALSE
"Zotu4390",2.13466273570436e-05,8,NA,0.0634920634920635,0.0634920634920635,TRUE
"Zotu4021",3.21780827072858e-05,19,NA,0.650793650793651,0.650793650793651,FALSE
"Zotu5053",1.21726075650026e-05,3,NA,0.523809523809524,0.523809523809524,FALSE
"Zotu2984",6.55205410377877e-05,26,NA,0.706349206349206,0.706349206349206,FALSE
"Zotu1516",9.04734003658502e-05,23,NA,0.682539682539683,0.682539682539683,FALSE
"Zotu5764",1.06899705600785e-05,2,NA,0.515873015873016,0.515873015873016,FALSE
"Zotu5312",3.51291229000851e-05,13,NA,0.103174603174603,0.103174603174603,FALSE
"Zotu2189",8.91709468745924e-05,21,NA,0.666666666666667,0.666666666666667,FALSE
"Zotu350",0.000405591593233782,49,NA,0.388888888888889,0.388888888888889,FALSE
"Zotu2214",5.7805839775671e-05,14,NA,0.611111111111111,0.611111111111111,FALSE
"Zotu2502",7.80202912670028e-05,27,NA,0.214285714285714,0.214285714285714,FALSE
"Zotu1329",0.000105095862839571,15,NA,0.619047619047619,0.619047619047619,FALSE
"Zotu6333",1.1047399190065e-05,7,NA,0.555555555555556,0.555555555555556,FALSE
"Zotu2270",8.03809247103696e-05,18,NA,0.642857142857143,0.642857142857143,FALSE
"Zotu1144",0.000124960820345473,37,NA,0.793650793650794,0.793650793650794,FALSE
"Zotu4878",2.59242252355093e-05,11,NA,0.587301587301587,0.587301587301587,FALSE
"Zotu5071",4.07578145964743e-05,15,NA,0.619047619047619,0.619047619047619,FALSE
"Zotu4181",1.98440545875615e-05,6,NA,0.547619047619048,0.547619047619048,FALSE
"Zotu2614",4.98235508759671e-05,12,NA,0.595238095238095,0.595238095238095,FALSE
"Zotu3139",3.89434404573436e-05,15,NA,0.119047619047619,0.119047619047619,FALSE
"Zotu760",0.000207285139887464,36,NA,0.785714285714286,0.785714285714286,FALSE
"Zotu3314",4.37396007211594e-05,13,NA,0.603174603174603,0.603174603174603,FALSE
"Zotu6388",7.66943690743191e-06,7,NA,0.555555555555556,0.555555555555556,FALSE
"Zotu506",0.000299617646894984,28,NA,0.222222222222222,0.222222222222222,FALSE
"Zotu4214",3.10183534121373e-05,13,NA,0.603174603174603,0.603174603174603,FALSE
"Zotu3325",7.04682380657624e-05,37,NA,0.793650793650794,0.793650793650794,FALSE
"Zotu4043",1.34967808747398e-05,7,NA,0.555555555555556,0.555555555555556,FALSE
"Zotu3643",2.88453257145745e-05,7,NA,0.555555555555556,0.555555555555556,FALSE
"Zotu4914",2.08633823276515e-05,10,NA,0.57936507936508,0.57936507936508,FALSE
"Zotu4743",1.55438070628519e-05,6,NA,0.547619047619048,0.547619047619048,FALSE
"Zotu1986",7.07811480116503e-05,19,NA,0.650793650793651,0.650793650793651,FALSE
"Zotu2577",4.83706673508849e-05,20,NA,0.658730158730159,0.658730158730159,FALSE
"Zotu6101",1.96772780142429e-05,17,NA,0.634920634920635,0.634920634920635,FALSE
"Zotu3629",2.36931301628676e-05,5,NA,0.53968253968254,0.53968253968254,FALSE
"Zotu6193",1.49887912560098e-05,5,NA,0.53968253968254,0.53968253968254,FALSE
"Zotu2970",3.78199178638913e-05,12,NA,0.595238095238095,0.595238095238095,FALSE
"Zotu5845",1.70966465826051e-05,5,NA,0.53968253968254,0.53968253968254,FALSE
"Zotu2628",5.65607136497292e-05,13,NA,0.603174603174603,0.603174603174603,FALSE
"Zotu864",0.000152185521822947,40,NA,0.817460317460317,0.817460317460317,FALSE
"Zotu921",0.000149091686191407,31,NA,0.246031746031746,0.246031746031746,FALSE
"Zotu730",0.000218628772648167,30,NA,0.238095238095238,0.238095238095238,FALSE
"Zotu2841",4.71160498321743e-05,23,NA,0.682539682539683,0.682539682539683,FALSE
"Zotu2647",5.28956706427168e-05,17,NA,0.634920634920635,0.634920634920635,FALSE
"Zotu1244",0.000127206993373142,27,NA,0.714285714285714,0.714285714285714,FALSE
"Zotu5202",1.31649387705962e-05,4,NA,0.531746031746032,0.531746031746032,FALSE
"Zotu3397",2.64967415433181e-05,7,NA,0.555555555555556,0.555555555555556,FALSE
"Zotu1054",0.000116962480052235,18,NA,0.142857142857143,0.142857142857143,FALSE
"Zotu4957",2.0145351511628e-05,13,NA,0.603174603174603,0.603174603174603,FALSE
"Zotu3850",2.45395645904764e-05,11,NA,0.587301587301587,0.587301587301587,FALSE
"Zotu2052",7.30667718244248e-05,26,NA,0.706349206349206,0.706349206349206,FALSE
"Zotu3312",4.04216721014819e-05,11,NA,0.587301587301587,0.587301587301587,FALSE
"Zotu5370",2.77059160538405e-05,14,NA,0.611111111111111,0.611111111111111,FALSE
"Zotu6356",2.65256433317373e-05,15,NA,0.619047619047619,0.619047619047619,FALSE
"Zotu5996",1.98364749761777e-05,8,NA,0.563492063492063,0.563492063492063,FALSE
"Zotu4709",4.37667304091899e-05,17,NA,0.634920634920635,0.634920634920635,FALSE
"Zotu1434",8.82368102630393e-05,31,NA,0.746031746031746,0.746031746031746,FALSE
"Zotu1790",0.00010596175388418,19,NA,0.650793650793651,0.650793650793651,FALSE
"Zotu1350",8.74520377066291e-05,12,NA,0.595238095238095,0.595238095238095,FALSE
"Zotu5196",4.2266407546773e-05,19,NA,0.650793650793651,0.650793650793651,FALSE
"Zotu4619",2.49503018661002e-05,11,NA,0.587301587301587,0.587301587301587,FALSE
"Zotu5987",1.80063544437366e-05,10,NA,0.57936507936508,0.57936507936508,FALSE
"Zotu5287",1.88077647252898e-05,7,NA,0.555555555555556,0.555555555555556,FALSE
"Zotu5600",2.4954397580712e-05,10,NA,0.57936507936508,0.57936507936508,FALSE
"Zotu3480",2.66227146440953e-05,11,NA,0.587301587301587,0.587301587301587,FALSE
"Zotu3529",3.33122435312183e-05,12,NA,0.595238095238095,0.595238095238095,FALSE
"Zotu2190",6.40693464278619e-05,16,NA,0.626984126984127,0.626984126984127,FALSE
"Zotu1412",8.53494954988409e-05,25,NA,0.698412698412698,0.698412698412698,FALSE
"Zotu2119",6.16005114842508e-05,8,NA,0.563492063492063,0.563492063492063,FALSE
"Zotu4667",3.5944535952267e-05,16,NA,0.626984126984127,0.626984126984127,FALSE
"Zotu2127",5.00619923953255e-05,20,NA,0.658730158730159,0.658730158730159,FALSE
"Zotu3072",4.92102104482881e-05,15,NA,0.619047619047619,0.619047619047619,FALSE
"Zotu262",0.000585768762535711,35,NA,0.777777777777778,0.777777777777778,FALSE
"Zotu1597",0.00011261622519509,27,NA,0.214285714285714,0.214285714285714,FALSE
"Zotu860",0.000135637753858922,38,NA,0.301587301587302,0.301587301587302,FALSE
"Zotu1409",8.35094523315944e-05,11,NA,0.587301587301587,0.587301587301587,FALSE
"Zotu3918",3.7894375645147e-05,11,NA,0.587301587301587,0.587301587301587,FALSE
"Zotu3515",4.14310124258661e-05,15,NA,0.619047619047619,0.619047619047619,FALSE
"Zotu1028",0.000175341422263587,14,NA,0.611111111111111,0.611111111111111,FALSE
"Zotu4394",2.92275566863779e-05,12,NA,0.595238095238095,0.595238095238095,FALSE
"Zotu1554",0.000106646596155992,28,NA,0.722222222222222,0.722222222222222,FALSE
"Zotu2833",6.99437180283587e-05,15,NA,0.619047619047619,0.619047619047619,FALSE
"Zotu6292",2.37959346228055e-05,13,NA,0.603174603174603,0.603174603174603,FALSE
"Zotu97",0.00126786364877554,47,NA,0.873015873015873,0.873015873015873,FALSE
"Zotu2103",6.20010962420872e-05,22,NA,0.674603174603175,0.674603174603175,FALSE
"Zotu4607",6.49630903562279e-05,12,NA,0.595238095238095,0.595238095238095,FALSE
"Zotu1548",8.37838220046358e-05,32,NA,0.253968253968254,0.253968253968254,FALSE
"Zotu3649",2.89350884503983e-05,11,NA,0.587301587301587,0.587301587301587,FALSE
"Zotu5097",1.38798662248107e-05,6,NA,0.547619047619048,0.547619047619048,FALSE
"Zotu4061",4.00748956448928e-05,14,NA,0.611111111111111,0.611111111111111,FALSE
"Zotu2794",5.64942842167859e-05,16,NA,0.626984126984127,0.626984126984127,FALSE
"Zotu5149",1.9742726967034e-05,8,NA,0.563492063492063,0.563492063492063,FALSE
"Zotu2933",6.24883157362445e-05,11,NA,0.587301587301587,0.587301587301587,FALSE
"Zotu5372",1.79815971443874e-05,7,NA,0.555555555555556,0.555555555555556,FALSE
"Zotu4976",2.06673104556444e-05,9,NA,0.571428571428571,0.571428571428571,FALSE
"Zotu5791",1.44880132319446e-05,9,NA,0.571428571428571,0.571428571428571,FALSE
"Zotu2424",8.78746607071144e-05,13,NA,0.603174603174603,0.603174603174603,FALSE
"Zotu5651",2.31613767810812e-05,12,NA,0.595238095238095,0.595238095238095,FALSE
"Zotu4529",2.56510799670104e-05,9,NA,0.571428571428571,0.571428571428571,FALSE
"Zotu389",0.000408238187158364,48,NA,0.380952380952381,0.380952380952381,FALSE
"Zotu511",0.000294939834717866,20,NA,0.658730158730159,0.658730158730159,FALSE
"Zotu2418",4.66701830571197e-05,6,NA,0.547619047619048,0.547619047619048,FALSE
"Zotu4533",1.64335365237941e-05,7,NA,0.555555555555556,0.555555555555556,FALSE
"Zotu2290",4.64107390899653e-05,10,NA,0.57936507936508,0.57936507936508,FALSE
"Zotu4746",2.22937023193542e-05,10,NA,0.57936507936508,0.57936507936508,FALSE
"Zotu1439",0.000110743514722534,32,NA,0.253968253968254,0.253968253968254,FALSE
"Zotu704",0.000278281292493225,18,NA,0.642857142857143,0.642857142857143,FALSE
"Zotu1737",0.000134650588010921,21,NA,0.166666666666667,0.166666666666667,FALSE
"Zotu1493",7.07078648509423e-05,15,NA,0.619047619047619,0.619047619047619,FALSE
"Zotu607",0.000363013607589549,27,NA,0.714285714285714,0.714285714285714,FALSE
"Zotu6209",1.00169008998855e-05,2,NA,0.515873015873016,0.515873015873016,FALSE
"Zotu6165",1.59893992830118e-05,5,NA,0.53968253968254,0.53968253968254,FALSE
"Zotu3104",4.2998976265206e-05,6,NA,0.547619047619048,0.547619047619048,FALSE
"Zotu5021",1.43532382426629e-05,8,NA,0.563492063492063,0.563492063492063,FALSE
"Zotu2642",5.60479175893378e-05,21,NA,0.666666666666667,0.666666666666667,FALSE
"Zotu3066",6.34538064891093e-05,13,NA,0.603174603174603,0.603174603174603,FALSE
"Zotu3159",3.384351280274e-05,8,NA,0.563492063492063,0.563492063492063,FALSE
"Zotu5425",1.33655658238819e-05,6,NA,0.547619047619048,0.547619047619048,FALSE
"Zotu3901",3.75781751179912e-05,13,NA,0.603174603174603,0.603174603174603,FALSE
"Zotu4899",1.55008305413887e-05,12,NA,0.595238095238095,0.595238095238095,FALSE
"Zotu5019",2.86901383357423e-05,10,NA,0.57936507936508,0.57936507936508,FALSE
"Zotu6069",5.53743328713852e-05,16,NA,0.626984126984127,0.626984126984127,FALSE
"Zotu3765",1.97471436175483e-05,4,NA,0.531746031746032,0.531746031746032,FALSE
"Zotu4165",3.27698604628215e-05,15,NA,0.619047619047619,0.619047619047619,FALSE
"Zotu4812",1.51729955588631e-05,5,NA,0.53968253968254,0.53968253968254,FALSE
"Zotu3258",3.36889325549328e-05,11,NA,0.587301587301587,0.587301587301587,FALSE
"Zotu1669",9.69774932827558e-05,22,NA,0.174603174603175,0.174603174603175,FALSE
"Zotu4942",2.52096498820295e-05,17,NA,0.634920634920635,0.634920634920635,FALSE
"Zotu1359",0.000106055886464019,24,NA,0.19047619047619,0.19047619047619,FALSE
"Zotu938",0.000156185389395356,19,NA,0.650793650793651,0.650793650793651,FALSE
"Zotu3112",5.91062936706387e-05,21,NA,0.666666666666667,0.666666666666667,FALSE
"Zotu4783",2.23575620344688e-05,10,NA,0.57936507936508,0.57936507936508,FALSE
"Zotu5765",8.55140980464672e-06,4,NA,0.531746031746032,0.531746031746032,FALSE
"Zotu1601",7.70426789900208e-05,33,NA,0.761904761904762,0.761904761904762,FALSE
"Zotu3092",3.47276086255293e-05,6,NA,0.547619047619048,0.547619047619048,FALSE
"Zotu2449",4.80171538837614e-05,13,NA,0.603174603174603,0.603174603174603,FALSE
"Zotu3032",4.06554147616109e-05,21,NA,0.166666666666667,0.166666666666667,FALSE
"Zotu2094",6.58808665991556e-05,17,NA,0.634920634920635,0.634920634920635,FALSE
"Zotu6330",3.10011001895496e-05,18,NA,0.642857142857143,0.642857142857143,FALSE
"Zotu3913",2.12181042444345e-05,3,NA,0.523809523809524,0.523809523809524,FALSE
"Zotu84",0.00162510306175645,39,NA,0.30952380952381,0.30952380952381,FALSE
"Zotu3209",4.22115269998743e-05,13,NA,0.603174603174603,0.603174603174603,FALSE
"Zotu699",0.000229514047741065,23,NA,0.682539682539683,0.682539682539683,FALSE
"Zotu1069",0.000139197163304156,20,NA,0.658730158730159,0.658730158730159,FALSE
"Zotu2198",5.59198899046148e-05,15,NA,0.619047619047619,0.619047619047619,FALSE
"Zotu1303",0.000104006320478757,29,NA,0.73015873015873,0.73015873015873,FALSE
"Zotu2114",7.67417248776801e-05,19,NA,0.150793650793651,0.150793650793651,FALSE
"Zotu3692",2.05881275053862e-05,10,NA,0.57936507936508,0.57936507936508,FALSE
"Zotu3990",7.52188399844104e-05,10,NA,0.57936507936508,0.57936507936508,FALSE
"Zotu2926",4.33957213173624e-05,18,NA,0.642857142857143,0.642857142857143,FALSE
"Zotu454",0.000352532377815641,38,NA,0.301587301587302,0.301587301587302,FALSE
"Zotu6152",8.42823463857007e-06,3,NA,0.523809523809524,0.523809523809524,FALSE
"Zotu5631",1.32724355656348e-05,5,NA,0.53968253968254,0.53968253968254,FALSE
"Zotu924",0.000146751025393028,23,NA,0.682539682539683,0.682539682539683,FALSE
"Zotu1618",6.25809607736615e-05,11,NA,0.587301587301587,0.587301587301587,FALSE
"Zotu1765",6.97120212284818e-05,19,NA,0.650793650793651,0.650793650793651,FALSE
"Zotu3502",2.78225551074628e-05,12,NA,0.595238095238095,0.595238095238095,FALSE
"Zotu6039",2.85799144481765e-05,16,NA,0.626984126984127,0.626984126984127,FALSE
"Zotu2716",5.94582759700234e-05,15,NA,0.619047619047619,0.619047619047619,FALSE
"Zotu4276",3.21424700943695e-05,9,NA,0.571428571428571,0.571428571428571,FALSE
"Zotu2754",4.62234228908081e-05,17,NA,0.634920634920635,0.634920634920635,FALSE
"Zotu5295",1.74214659186545e-05,9,NA,0.571428571428571,0.571428571428571,FALSE
"Zotu5099",2.3940372102736e-05,7,NA,0.555555555555556,0.555555555555556,FALSE
"Zotu3697",3.21066618583791e-05,7,NA,0.555555555555556,0.555555555555556,FALSE
"Zotu1912",5.08879098690963e-05,15,NA,0.619047619047619,0.619047619047619,FALSE
"Zotu1305",0.000100710184583997,14,NA,0.611111111111111,0.611111111111111,FALSE
"Zotu4765",2.65432259718808e-05,10,NA,0.57936507936508,0.57936507936508,FALSE
"Zotu5738",9.13006298065458e-06,3,NA,0.523809523809524,0.523809523809524,FALSE
"Zotu3177",5.7103064081036e-05,8,NA,0.563492063492063,0.563492063492063,FALSE
"Zotu4921",1.59158099751909e-05,6,NA,0.547619047619048,0.547619047619048,FALSE
"Zotu592",0.00019978603222658,27,NA,0.214285714285714,0.214285714285714,FALSE
"Zotu5158",5.02734007345887e-05,9,NA,0.571428571428571,0.571428571428571,FALSE
"Zotu677",0.000184668991907156,29,NA,0.73015873015873,0.73015873015873,FALSE
"Zotu5458",1.72870324279586e-05,9,NA,0.571428571428571,0.571428571428571,FALSE
"Zotu364",0.000477859421848916,51,NA,0.404761904761905,0.404761904761905,FALSE
"Zotu5066",2.17367448729353e-05,5,NA,0.53968253968254,0.53968253968254,FALSE
"Zotu3356",4.84353033833824e-05,19,NA,0.650793650793651,0.650793650793651,FALSE
"Zotu5210",2.07675618508176e-05,15,NA,0.619047619047619,0.619047619047619,FALSE
"Zotu2873",6.24444570993708e-05,14,NA,0.611111111111111,0.611111111111111,FALSE
"Zotu6281",1.61486930387851e-05,7,NA,0.555555555555556,0.555555555555556,FALSE
"Zotu3253",4.14026608818405e-05,11,NA,0.0873015873015873,0.0873015873015873,TRUE
"Zotu3468",4.55621038583018e-05,14,NA,0.111111111111111,0.111111111111111,FALSE
"Zotu1256",0.000107636801969171,18,NA,0.642857142857143,0.642857142857143,FALSE
"Zotu1505",9.13374408945793e-05,31,NA,0.246031746031746,0.246031746031746,FALSE
"Zotu512",0.000345930873998079,43,NA,0.341269841269841,0.341269841269841,FALSE
"Zotu1296",0.000127913162640212,33,NA,0.761904761904762,0.761904761904762,FALSE
"Zotu665",0.000318978464720956,32,NA,0.753968253968254,0.753968253968254,FALSE
"Zotu1796",6.29915929639044e-05,5,NA,0.53968253968254,0.53968253968254,FALSE
"Zotu5950",1.24976881746639e-05,5,NA,0.53968253968254,0.53968253968254,FALSE
"Zotu3703",4.29404464201937e-05,18,NA,0.642857142857143,0.642857142857143,FALSE
"Zotu1854",0.000108814883468333,30,NA,0.238095238095238,0.238095238095238,FALSE
"Zotu6344",5.29164138762441e-05,15,NA,0.619047619047619,0.619047619047619,FALSE
"Zotu5884",2.37344181635579e-05,12,NA,0.595238095238095,0.595238095238095,FALSE
"Zotu4521",1.72147505989057e-05,10,NA,0.57936507936508,0.57936507936508,FALSE
"Zotu5208",2.17714932590323e-05,8,NA,0.563492063492063,0.563492063492063,FALSE
"Zotu1181",0.000109936052495282,30,NA,0.738095238095238,0.738095238095238,FALSE
"Zotu5272",2.71846095384482e-05,17,NA,0.634920634920635,0.634920634920635,FALSE
"Zotu3190",3.63541630189957e-05,15,NA,0.619047619047619,0.619047619047619,FALSE
"Zotu3091",4.33438952008351e-05,19,NA,0.650793650793651,0.650793650793651,FALSE
"Zotu4101",2.51611282291342e-05,7,NA,0.555555555555556,0.555555555555556,FALSE
"Zotu3058",3.81744541187757e-05,7,NA,0.555555555555556,0.555555555555556,FALSE
"Zotu1180",0.000126580751959275,33,NA,0.261904761904762,0.261904761904762,FALSE
"Zotu4637",2.5875989997327e-05,7,NA,0.555555555555556,0.555555555555556,FALSE
"Zotu3254",5.42494346691359e-05,22,NA,0.674603174603175,0.674603174603175,FALSE
"Zotu3229",4.54657724490731e-05,10,NA,0.57936507936508,0.57936507936508,FALSE
"Zotu5070",1.45894590973949e-05,8,NA,0.563492063492063,0.563492063492063,FALSE
"Zotu3974",8.22106279322234e-05,22,NA,0.674603174603175,0.674603174603175,FALSE
"Zotu1536",0.000114268884852669,12,NA,0.595238095238095,0.595238095238095,FALSE
"Zotu5011",4.70914396206413e-05,4,NA,0.531746031746032,0.531746031746032,FALSE
"Zotu1012",0.000121166831286915,23,NA,0.182539682539683,0.182539682539683,FALSE
"Zotu1746",6.6175915763156e-05,10,NA,0.57936507936508,0.57936507936508,FALSE
"Zotu4531",1.09335404742274e-05,1,NA,NA,NA,FALSE
"Zotu1057",0.000149941293116375,39,NA,0.30952380952381,0.30952380952381,FALSE
"Zotu5311",1.33757740319438e-05,7,NA,0.555555555555556,0.555555555555556,FALSE
"Zotu4835",4.32004371387313e-05,11,NA,0.587301587301587,0.587301587301587,FALSE
"Zotu403",0.000428694230180296,38,NA,0.301587301587302,0.301587301587302,FALSE
"Zotu1633",6.65294929998168e-05,16,NA,0.626984126984127,0.626984126984127,FALSE
"Zotu4535",2.30130066754069e-05,8,NA,0.563492063492063,0.563492063492063,FALSE
"Zotu2086",6.1686265582704e-05,20,NA,0.658730158730159,0.658730158730159,FALSE
"Zotu1945",6.69076528087274e-05,27,NA,0.714285714285714,0.714285714285714,FALSE
"Zotu5461",2.88883432626392e-05,14,NA,0.611111111111111,0.611111111111111,FALSE
"Zotu2261",7.83515510598312e-05,22,NA,0.674603174603175,0.674603174603175,FALSE
"Zotu625",0.000266235063165316,37,NA,0.293650793650794,0.293650793650794,FALSE
"Zotu6243",1.76968357935513e-05,6,NA,0.547619047619048,0.547619047619048,FALSE
"Zotu5110",2.44842603746759e-05,7,NA,0.555555555555556,0.555555555555556,FALSE
"Zotu4104",2.40026582597425e-05,7,NA,0.555555555555556,0.555555555555556,FALSE
"Zotu5212",2.28871765388337e-05,9,NA,0.571428571428571,0.571428571428571,FALSE
"Zotu3039",5.62033024906983e-05,19,NA,0.650793650793651,0.650793650793651,FALSE
"Zotu3815",3.08687990257504e-05,8,NA,0.563492063492063,0.563492063492063,FALSE
"Zotu3267",2.98428298038123e-05,5,NA,0.53968253968254,0.53968253968254,FALSE
"Zotu3022",5.95318397351346e-05,11,NA,0.587301587301587,0.587301587301587,FALSE
"Zotu4458",2.46322502043975e-05,6,NA,0.547619047619048,0.547619047619048,FALSE
"Zotu3170",3.62722750101349e-05,10,NA,0.57936507936508,0.57936507936508,FALSE
"Zotu4060",1.9786117596362e-05,4,NA,0.531746031746032,0.531746031746032,FALSE
"Zotu4432",1.21824368046685e-05,5,NA,0.53968253968254,0.53968253968254,FALSE
"Zotu2555",6.25520566501242e-05,13,NA,0.103174603174603,0.103174603174603,FALSE
"Zotu3773",2.90418279693237e-05,13,NA,0.603174603174603,0.603174603174603,FALSE
"Zotu2967",5.65730401291944e-05,16,NA,0.626984126984127,0.626984126984127,FALSE
"Zotu4031",2.1773368947232e-05,13,NA,0.603174603174603,0.603174603174603,FALSE
"Zotu1916",7.03264704722663e-05,22,NA,0.674603174603175,0.674603174603175,FALSE
"Zotu2295",6.05567641681962e-05,9,NA,0.571428571428571,0.571428571428571,FALSE
"Zotu4125",2.84957539077298e-05,10,NA,0.57936507936508,0.57936507936508,FALSE
"Zotu5706",6.4949392255245e-06,2,NA,0.515873015873016,0.515873015873016,FALSE
"Zotu4020",5.62877399035467e-05,17,NA,0.634920634920635,0.634920634920635,FALSE
"Zotu2184",7.25689296340706e-05,10,NA,0.57936507936508,0.57936507936508,FALSE
"Zotu2316",4.4140464394861e-05,8,NA,0.563492063492063,0.563492063492063,FALSE
"Zotu2798",4.32107562336054e-05,13,NA,0.603174603174603,0.603174603174603,FALSE
"Zotu5325",3.30767975996053e-05,8,NA,0.563492063492063,0.563492063492063,FALSE
"Zotu777",0.000174188460856844,26,NA,0.206349206349206,0.206349206349206,FALSE
"Zotu4463",2.6292074558672e-05,12,NA,0.595238095238095,0.595238095238095,FALSE
"Zotu6166",9.58211861939856e-06,4,NA,0.531746031746032,0.531746031746032,FALSE
"Zotu3534",2.44604947033652e-05,4,NA,0.531746031746032,0.531746031746032,FALSE
"Zotu4708",2.37138042656081e-05,6,NA,0.547619047619048,0.547619047619048,FALSE
"Zotu5869",1.36904966212353e-05,9,NA,0.571428571428571,0.571428571428571,FALSE
"Zotu719",0.000203116535584727,40,NA,0.317460317460317,0.317460317460317,FALSE
"Zotu4937",3.63182919861437e-05,15,NA,0.619047619047619,0.619047619047619,FALSE
"Zotu2394",7.08249033154876e-05,11,NA,0.587301587301587,0.587301587301587,FALSE
"Zotu5170",6.32771949762704e-05,21,NA,0.666666666666667,0.666666666666667,FALSE
"Zotu4829",1.65517915314199e-05,9,NA,0.571428571428571,0.571428571428571,FALSE
"Zotu4575",1.8828726689697e-05,11,NA,0.587301587301587,0.587301587301587,FALSE
"Zotu5206",2.07141148869581e-05,9,NA,0.571428571428571,0.571428571428571,FALSE
"Zotu2668",4.02319120001083e-05,18,NA,0.642857142857143,0.642857142857143,FALSE
"Zotu2212",0.000122256861802249,18,NA,0.642857142857143,0.642857142857143,FALSE
"Zotu4170",3.20145510224119e-05,15,NA,0.619047619047619,0.619047619047619,FALSE
"Zotu3585",2.2513392377111e-05,5,NA,0.53968253968254,0.53968253968254,FALSE
"Zotu2759",3.2725779775303e-05,11,NA,0.587301587301587,0.587301587301587,FALSE
"Zotu3420",4.13000514895339e-05,12,NA,0.595238095238095,0.595238095238095,FALSE
"Zotu1774",9.14020924715859e-05,25,NA,0.698412698412698,0.698412698412698,FALSE
"Zotu3327",2.88710999292955e-05,11,NA,0.587301587301587,0.587301587301587,FALSE
"Zotu1755",8.77062204570688e-05,30,NA,0.238095238095238,0.238095238095238,FALSE
"Zotu6319",9.60008670301866e-06,7,NA,0.555555555555556,0.555555555555556,FALSE
"Zotu3845",3.95336097336702e-05,16,NA,0.626984126984127,0.626984126984127,FALSE
"Zotu3122",3.53861915708282e-05,16,NA,0.626984126984127,0.626984126984127,FALSE
"Zotu1314",8.57321479546799e-05,17,NA,0.634920634920635,0.634920634920635,FALSE
"Zotu5143",3.606091167431e-05,11,NA,0.587301587301587,0.587301587301587,FALSE
"Zotu4187",2.91714911464557e-05,16,NA,0.626984126984127,0.626984126984127,FALSE
"Zotu1662",0.000100638803478832,23,NA,0.682539682539683,0.682539682539683,FALSE
"Zotu6167",1.19620397432662e-05,4,NA,0.531746031746032,0.531746031746032,FALSE
"Zotu1021",0.000135528573707568,31,NA,0.246031746031746,0.246031746031746,FALSE
"Zotu1745",7.94070530113904e-05,11,NA,0.587301587301587,0.587301587301587,FALSE
"Zotu733",0.00021914497027131,21,NA,0.166666666666667,0.166666666666667,FALSE
"Zotu1869",9.52577347457071e-05,25,NA,0.698412698412698,0.698412698412698,FALSE
"Zotu3928",2.38917217288894e-05,13,NA,0.603174603174603,0.603174603174603,FALSE
"Zotu1341",0.000143596607562547,36,NA,0.285714285714286,0.285714285714286,FALSE
"Zotu5938",2.21327275860601e-05,17,NA,0.634920634920635,0.634920634920635,FALSE
"Zotu2160",5.44691047550296e-05,15,NA,0.619047619047619,0.619047619047619,FALSE
"Zotu1952",6.53155086244351e-05,17,NA,0.634920634920635,0.634920634920635,FALSE
"Zotu2024",7.08520357945318e-05,27,NA,0.214285714285714,0.214285714285714,FALSE
"Zotu6013",1.48794056634743e-05,7,NA,0.555555555555556,0.555555555555556,FALSE
"Zotu1083",0.000118621469616676,36,NA,0.785714285714286,0.785714285714286,FALSE
"Zotu4270",2.38159424762786e-05,11,NA,0.587301587301587,0.587301587301587,FALSE
"Zotu3217",6.16821325621095e-05,19,NA,0.650793650793651,0.650793650793651,FALSE
"Zotu5578",2.63865346856771e-05,7,NA,0.555555555555556,0.555555555555556,FALSE
"Zotu3786",2.20716378921344e-05,9,NA,0.571428571428571,0.571428571428571,FALSE
"Zotu2946",3.65502081062431e-05,8,NA,0.0634920634920635,0.0634920634920635,TRUE
"Zotu5674",1.71636867322044e-05,4,NA,0.531746031746032,0.531746031746032,FALSE
"Zotu3293",5.56403950602586e-05,20,NA,0.658730158730159,0.658730158730159,FALSE
"Zotu5354",6.90083230909091e-05,17,NA,0.634920634920635,0.634920634920635,FALSE
"Zotu2350",5.47507387802601e-05,10,NA,0.57936507936508,0.57936507936508,FALSE
"Zotu776",0.000196672896761724,35,NA,0.777777777777778,0.777777777777778,FALSE
"Zotu333",0.000440844443544065,44,NA,0.349206349206349,0.349206349206349,FALSE
"Zotu1007",0.000133167472735591,23,NA,0.682539682539683,0.682539682539683,FALSE
"Zotu3746",3.95823880420906e-05,13,NA,0.603174603174603,0.603174603174603,FALSE
"Zotu3727",3.32695560621365e-05,15,NA,0.119047619047619,0.119047619047619,FALSE
"Zotu1613",0.000100256037273681,14,NA,0.611111111111111,0.611111111111111,FALSE
"Zotu368",0.000465020884628358,33,NA,0.261904761904762,0.261904761904762,FALSE
"Zotu2500",3.52028697344208e-05,16,NA,0.626984126984127,0.626984126984127,FALSE
"Zotu5559",2.10356966891758e-05,8,NA,0.563492063492063,0.563492063492063,FALSE
"Zotu3565",6.61829290533902e-05,13,NA,0.603174603174603,0.603174603174603,FALSE
"Zotu6181",1.66237043067659e-05,5,NA,0.53968253968254,0.53968253968254,FALSE
"Zotu889",0.000258095414321743,22,NA,0.674603174603175,0.674603174603175,FALSE
"Zotu5147",4.23187433611099e-05,12,NA,0.595238095238095,0.595238095238095,FALSE
"Zotu5920",4.02686718314416e-05,14,NA,0.611111111111111,0.611111111111111,FALSE
"Zotu1587",0.000120289402125244,17,NA,0.634920634920635,0.634920634920635,FALSE
"Zotu6360",1.05637073452408e-05,3,NA,0.523809523809524,0.523809523809524,FALSE
"Zotu5430",2.00642263656373e-05,7,NA,0.555555555555556,0.555555555555556,FALSE
"Zotu4588",1.32732570291813e-05,5,NA,0.53968253968254,0.53968253968254,FALSE
"Zotu3695",1.77770926001935e-05,4,NA,0.531746031746032,0.531746031746032,FALSE
"Zotu5294",1.14075408251486e-05,5,NA,0.53968253968254,0.53968253968254,FALSE
"Zotu470",0.000350003355790948,43,NA,0.841269841269841,0.841269841269841,FALSE
"Zotu5189",1.67500137565299e-05,9,NA,0.571428571428571,0.571428571428571,FALSE
"Zotu6328",1.40818103537849e-05,9,NA,0.571428571428571,0.571428571428571,FALSE
"Zotu433",0.000337941272771069,40,NA,0.317460317460317,0.317460317460317,FALSE
"Zotu925",0.000155389213491705,26,NA,0.706349206349206,0.706349206349206,FALSE
"Zotu4448",3.19190310865989e-05,11,NA,0.587301587301587,0.587301587301587,FALSE
"Zotu2282",2.89787201414944e-05,10,NA,0.57936507936508,0.57936507936508,FALSE
"Zotu6406",2.34956035825353e-05,9,NA,0.571428571428571,0.571428571428571,FALSE
"Zotu2085",9.01945577702366e-05,15,NA,0.619047619047619,0.619047619047619,FALSE
"Zotu1861",6.76608714105016e-05,16,NA,0.626984126984127,0.626984126984127,FALSE
"Zotu2479",5.19285525069875e-05,20,NA,0.158730158730159,0.158730158730159,FALSE
"Zotu1467",7.88204739719406e-05,26,NA,0.206349206349206,0.206349206349206,FALSE
"Zotu5352",1.50919991570217e-05,10,NA,0.57936507936508,0.57936507936508,FALSE
"Zotu2317",8.82940121091847e-05,23,NA,0.682539682539683,0.682539682539683,FALSE
"Zotu2254",4.71611923944715e-05,16,NA,0.626984126984127,0.626984126984127,FALSE
"Zotu1470",0.000101948391413687,30,NA,0.738095238095238,0.738095238095238,FALSE
"Zotu6347",1.59056745537908e-05,3,NA,0.523809523809524,0.523809523809524,FALSE
"Zotu4176",2.20127554929597e-05,3,NA,0.523809523809524,0.523809523809524,FALSE
"Zotu4600",2.23134644973022e-05,8,NA,0.563492063492063,0.563492063492063,FALSE
"Zotu2563",5.78618447724149e-05,13,NA,0.603174603174603,0.603174603174603,FALSE
"Zotu1337",0.000121110716967252,20,NA,0.658730158730159,0.658730158730159,FALSE
"Zotu5342",2.24203477467094e-05,16,NA,0.626984126984127,0.626984126984127,FALSE
"Zotu4773",1.76517794313496e-05,9,NA,0.571428571428571,0.571428571428571,FALSE
"Zotu3609",1.99786584400467e-05,5,NA,0.53968253968254,0.53968253968254,FALSE
"Zotu3730",1.91333803486787e-05,9,NA,0.571428571428571,0.571428571428571,FALSE
"Zotu6357",2.28869434829226e-05,10,NA,0.57936507936508,0.57936507936508,FALSE
"Zotu3016",7.51868344637401e-05,28,NA,0.722222222222222,0.722222222222222,FALSE
"Zotu553",0.000306106999471365,40,NA,0.317460317460317,0.317460317460317,FALSE
"Zotu4842",1.98521787087001e-05,7,NA,0.555555555555556,0.555555555555556,FALSE
"Zotu2651",3.78967872647986e-05,13,NA,0.603174603174603,0.603174603174603,FALSE
"Zotu1542",7.17389756505015e-05,24,NA,0.19047619047619,0.19047619047619,FALSE
"Zotu3406",2.66537283078627e-05,10,NA,0.0793650793650794,0.0793650793650794,TRUE
"Zotu1068",0.000175722657180049,20,NA,0.658730158730159,0.658730158730159,FALSE
"Zotu880",0.000164046149537799,33,NA,0.261904761904762,0.261904761904762,FALSE
"Zotu1652",8.90903934152114e-05,28,NA,0.222222222222222,0.222222222222222,FALSE
"Zotu3181",4.75533289922498e-05,32,NA,0.753968253968254,0.753968253968254,FALSE
"Zotu5437",2.25896968921745e-05,14,NA,0.611111111111111,0.611111111111111,FALSE
"Zotu3619",3.15828455685027e-05,9,NA,0.571428571428571,0.571428571428571,FALSE
"Zotu2271",8.78875330843726e-05,22,NA,0.674603174603175,0.674603174603175,FALSE
"Zotu663",0.000243986360169978,14,NA,0.611111111111111,0.611111111111111,FALSE
"Zotu3657",5.08677734419232e-05,27,NA,0.714285714285714,0.714285714285714,FALSE
"Zotu4109",3.44020290744246e-05,16,NA,0.126984126984127,0.126984126984127,FALSE
"Zotu623",0.000257949998665114,43,NA,0.341269841269841,0.341269841269841,FALSE
"Zotu2899",3.57344652936459e-05,8,NA,0.563492063492063,0.563492063492063,FALSE
"Zotu4271",1.76893217126615e-05,5,NA,0.53968253968254,0.53968253968254,FALSE
"Zotu2071",5.66436897379251e-05,4,NA,0.531746031746032,0.531746031746032,FALSE
"Zotu5306",1.36216172103131e-05,9,NA,0.571428571428571,0.571428571428571,FALSE
"Zotu3852",5.85118118502575e-05,16,NA,0.626984126984127,0.626984126984127,FALSE
"Zotu5307",6.63640176737471e-05,23,NA,0.682539682539683,0.682539682539683,FALSE
"Zotu2913",4.09748915738436e-05,17,NA,0.634920634920635,0.634920634920635,FALSE
"Zotu3572",3.67237650925847e-05,14,NA,0.611111111111111,0.611111111111111,FALSE
"Zotu2758",4.19477338369288e-05,15,NA,0.619047619047619,0.619047619047619,FALSE
"Zotu3638",4.11344536617791e-05,15,NA,0.619047619047619,0.619047619047619,FALSE
"Zotu2084",6.23192459406034e-05,8,NA,0.563492063492063,0.563492063492063,FALSE
"Zotu2186",9.02290401443191e-05,23,NA,0.182539682539683,0.182539682539683,FALSE
"Zotu3129",3.68447676172274e-05,17,NA,0.634920634920635,0.634920634920635,FALSE
"Zotu4509",1.8499562954508e-05,13,NA,0.603174603174603,0.603174603174603,FALSE
"Zotu1747",8.59145643119084e-05,23,NA,0.682539682539683,0.682539682539683,FALSE
"Zotu6354",1.44053201191288e-05,5,NA,0.53968253968254,0.53968253968254,FALSE
"Zotu2493",4.37654824253648e-05,13,NA,0.603174603174603,0.603174603174603,FALSE
"Zotu1131",0.000114730410545283,25,NA,0.698412698412698,0.698412698412698,FALSE
"Zotu1123",0.000133534430045017,29,NA,0.73015873015873,0.73015873015873,FALSE
"Zotu5585",2.23663588211478e-05,9,NA,0.571428571428571,0.571428571428571,FALSE
"Zotu2410",6.3884850095061e-05,21,NA,0.166666666666667,0.166666666666667,FALSE
"Zotu1820",9.88062597597537e-05,29,NA,0.73015873015873,0.73015873015873,FALSE
"Zotu4795",1.80746757668472e-05,8,NA,0.563492063492063,0.563492063492063,FALSE
"Zotu6036",4.1427199548133e-05,13,NA,0.603174603174603,0.603174603174603,FALSE
"Zotu366",0.000489747222568409,33,NA,0.261904761904762,0.261904761904762,FALSE
"Zotu5908",1.19714774924165e-05,5,NA,0.53968253968254,0.53968253968254,FALSE
"Zotu5289",1.46217283407612e-05,6,NA,0.547619047619048,0.547619047619048,FALSE
"Zotu1730",8.13185546674412e-05,11,NA,0.587301587301587,0.587301587301587,FALSE
"Zotu2398",5.76568549346601e-05,24,NA,0.69047619047619,0.69047619047619,FALSE
"Zotu2918",4.06572837871791e-05,15,NA,0.119047619047619,0.119047619047619,FALSE
"Zotu4624",0.000203373436397177,24,NA,0.69047619047619,0.69047619047619,FALSE
"Zotu2492",5.02239760323532e-05,24,NA,0.69047619047619,0.69047619047619,FALSE
"Zotu5276",2.95498968686009e-05,16,NA,0.626984126984127,0.626984126984127,FALSE
"Zotu2788",4.812157414244e-05,10,NA,0.57936507936508,0.57936507936508,FALSE
"Zotu2056",6.95219309618611e-05,15,NA,0.619047619047619,0.619047619047619,FALSE
"Zotu2292",6.14115101586444e-05,20,NA,0.158730158730159,0.158730158730159,FALSE
"Zotu5150",1.2771531139047e-05,5,NA,0.53968253968254,0.53968253968254,FALSE
"Zotu2079",6.09582799565475e-05,22,NA,0.674603174603175,0.674603174603175,FALSE
"Zotu3036",2.9984213217448e-05,6,NA,0.547619047619048,0.547619047619048,FALSE
"Zotu5368",1.3669801923389e-05,6,NA,0.547619047619048,0.547619047619048,FALSE
"Zotu5313",1.38656656531228e-05,6,NA,0.547619047619048,0.547619047619048,FALSE
"Zotu1426",0.000122812671935701,33,NA,0.761904761904762,0.761904761904762,FALSE
"Zotu5565",7.88343282410609e-06,4,NA,0.531746031746032,0.531746031746032,FALSE
"Zotu1890",6.01862756598758e-05,18,NA,0.142857142857143,0.142857142857143,FALSE
"Zotu899",0.000171579421453782,36,NA,0.785714285714286,0.785714285714286,FALSE
"Zotu1987",5.2353454804247e-05,26,NA,0.706349206349206,0.706349206349206,FALSE
"Zotu3432",4.72914247002289e-05,15,NA,0.619047619047619,0.619047619047619,FALSE
"Zotu3671",4.45493001296726e-05,14,NA,0.611111111111111,0.611111111111111,FALSE
"Zotu5974",9.90392865446513e-06,7,NA,0.555555555555556,0.555555555555556,FALSE
"Zotu3238",3.4709495477764e-05,12,NA,0.595238095238095,0.595238095238095,FALSE
"Zotu2151",7.1163239093657e-05,18,NA,0.642857142857143,0.642857142857143,FALSE
"Zotu3853",5.06881668562527e-05,11,NA,0.587301587301587,0.587301587301587,FALSE
"Zotu3744",4.27656295576108e-05,12,NA,0.595238095238095,0.595238095238095,FALSE
"Zotu2192",5.42836971639761e-05,22,NA,0.674603174603175,0.674603174603175,FALSE
"Zotu3916",2.94645485866899e-05,9,NA,0.571428571428571,0.571428571428571,FALSE
"Zotu1196",0.000142640902727553,24,NA,0.69047619047619,0.69047619047619,FALSE
"Zotu2122",5.59235224547413e-05,23,NA,0.182539682539683,0.182539682539683,FALSE
"Zotu3062",4.11163744770121e-05,12,NA,0.595238095238095,0.595238095238095,FALSE
"Zotu1948",9.36405916499645e-05,29,NA,0.23015873015873,0.23015873015873,FALSE
"Zotu908",0.000183906945548931,34,NA,0.26984126984127,0.26984126984127,FALSE
"Zotu2907",5.25909367132379e-05,13,NA,0.603174603174603,0.603174603174603,FALSE
"Zotu5643",2.00302195060451e-05,12,NA,0.595238095238095,0.595238095238095,FALSE
"Zotu5422",9.30064738878619e-06,5,NA,0.53968253968254,0.53968253968254,FALSE
"Zotu3168",3.59243530402413e-05,10,NA,0.57936507936508,0.57936507936508,FALSE
"Zotu3134",4.93526063114113e-05,7,NA,0.555555555555556,0.555555555555556,FALSE
"Zotu4925",2.50713057791196e-05,18,NA,0.642857142857143,0.642857142857143,FALSE
"Zotu453",0.000395336862541228,37,NA,0.293650793650794,0.293650793650794,FALSE
"Zotu4872",3.34564228451651e-05,9,NA,0.571428571428571,0.571428571428571,FALSE
"Zotu6265",2.36052000199028e-05,6,NA,0.547619047619048,0.547619047619048,FALSE
"Zotu3539",2.73316904259801e-05,13,NA,0.603174603174603,0.603174603174603,FALSE
"Zotu2370",7.95240258728643e-05,12,NA,0.595238095238095,0.595238095238095,FALSE
"Zotu3200",4.44714652319917e-05,19,NA,0.650793650793651,0.650793650793651,FALSE
"Zotu3627",3.5526008955808e-05,22,NA,0.674603174603175,0.674603174603175,FALSE
"Zotu1920",7.00166174592692e-05,23,NA,0.682539682539683,0.682539682539683,FALSE
"Zotu791",0.000188988327649164,27,NA,0.714285714285714,0.714285714285714,FALSE
"Zotu1415",7.38031222432888e-05,14,NA,0.611111111111111,0.611111111111111,FALSE
"Zotu1446",0.000108581776344804,39,NA,0.80952380952381,0.80952380952381,FALSE
"Zotu2467",4.1052078713941e-05,10,NA,0.57936507936508,0.57936507936508,FALSE
"Zotu2362",4.1486141066022e-05,10,NA,0.57936507936508,0.57936507936508,FALSE
"Zotu3493",3.05736715479688e-05,7,NA,0.555555555555556,0.555555555555556,FALSE
"Zotu4810",1.87976344430663e-05,9,NA,0.571428571428571,0.571428571428571,FALSE
"Zotu1437",7.27621754051187e-05,13,NA,0.603174603174603,0.603174603174603,FALSE
"Zotu6320",2.8907346287375e-05,12,NA,0.595238095238095,0.595238095238095,FALSE
"Zotu2935",3.82058790147669e-05,14,NA,0.611111111111111,0.611111111111111,FALSE
"Zotu5723",1.52662835882838e-05,8,NA,0.563492063492063,0.563492063492063,FALSE
"Zotu1476",9.8111453006048e-05,33,NA,0.761904761904762,0.761904761904762,FALSE
"Zotu4342",1.45374779018754e-05,7,NA,0.555555555555556,0.555555555555556,FALSE
"Zotu4056",1.77248683969611e-05,14,NA,0.611111111111111,0.611111111111111,FALSE
"Zotu4437",2.40607535679776e-05,11,NA,0.587301587301587,0.587301587301587,FALSE
"Zotu258",0.000629161652571146,36,NA,0.285714285714286,0.285714285714286,FALSE
"Zotu4541",2.2782274407456e-05,11,NA,0.587301587301587,0.587301587301587,FALSE
"Zotu3540",5.15239794135043e-05,10,NA,0.57936507936508,0.57936507936508,FALSE
"Zotu4368",2.6157898538018e-05,8,NA,0.563492063492063,0.563492063492063,FALSE
"Zotu3556",2.84131287504096e-05,12,NA,0.595238095238095,0.595238095238095,FALSE
"Zotu6410",2.84194487102976e-05,14,NA,0.611111111111111,0.611111111111111,FALSE
"Zotu1319",0.000116055191454645,21,NA,0.666666666666667,0.666666666666667,FALSE
"Zotu3171",4.44851204912155e-05,10,NA,0.57936507936508,0.57936507936508,FALSE
"Zotu3950",2.66802951839892e-05,11,NA,0.587301587301587,0.587301587301587,FALSE
"Zotu4421",4.82014365902417e-05,16,NA,0.626984126984127,0.626984126984127,FALSE
"Zotu4980",1.37155168319425e-05,3,NA,0.523809523809524,0.523809523809524,FALSE
"Zotu3382",4.37396662203051e-05,11,NA,0.0873015873015873,0.0873015873015873,TRUE
"Zotu4312",4.17238563936816e-05,11,NA,0.0873015873015873,0.0873015873015873,TRUE
"Zotu1082",0.000117479503967275,31,NA,0.246031746031746,0.246031746031746,FALSE
"Zotu2745",2.85579429708892e-05,11,NA,0.587301587301587,0.587301587301587,FALSE
"Zotu1873",7.42748174647648e-05,22,NA,0.674603174603175,0.674603174603175,FALSE
"Zotu1849",6.7457136182391e-05,19,NA,0.650793650793651,0.650793650793651,FALSE
"Zotu4029",1.88043187275606e-05,4,NA,0.531746031746032,0.531746031746032,FALSE
"Zotu1355",0.000113054794565158,30,NA,0.738095238095238,0.738095238095238,FALSE
"Zotu5490",2.91314898284815e-05,10,NA,0.0793650793650794,0.0793650793650794,TRUE
"Zotu2123",7.31330499849989e-05,24,NA,0.69047619047619,0.69047619047619,FALSE
"Zotu4204",3.56008989644123e-05,15,NA,0.619047619047619,0.619047619047619,FALSE
"Zotu1585",8.90869775582466e-05,16,NA,0.626984126984127,0.626984126984127,FALSE
"Zotu4231",2.80380562483892e-05,10,NA,0.57936507936508,0.57936507936508,FALSE
"Zotu4794",1.01692570381517e-05,3,NA,0.523809523809524,0.523809523809524,FALSE
"Zotu3919",3.46591450341989e-05,12,NA,0.595238095238095,0.595238095238095,FALSE
"Zotu3285",4.3761063693723e-05,14,NA,0.111111111111111,0.111111111111111,FALSE
"Zotu5494",1.2324807190826e-05,8,NA,0.563492063492063,0.563492063492063,FALSE
"Zotu1442",7.88062576874224e-05,12,NA,0.595238095238095,0.595238095238095,FALSE
"Zotu1839",8.15347967359004e-05,20,NA,0.658730158730159,0.658730158730159,FALSE
"Zotu5849",1.48496976237142e-05,9,NA,0.571428571428571,0.571428571428571,FALSE
"Zotu2878",3.87492470865074e-05,14,NA,0.611111111111111,0.611111111111111,FALSE
"Zotu792",0.000171586169715279,34,NA,0.26984126984127,0.26984126984127,FALSE
"Zotu3573",3.01848916721204e-05,8,NA,0.563492063492063,0.563492063492063,FALSE
"Zotu3602",2.66431064529807e-05,9,NA,0.571428571428571,0.571428571428571,FALSE
"Zotu4185",2.65145492614822e-05,16,NA,0.626984126984127,0.626984126984127,FALSE
"Zotu5172",1.29565306576452e-05,3,NA,0.523809523809524,0.523809523809524,FALSE
"Zotu4243",2.00167374254389e-05,5,NA,0.53968253968254,0.53968253968254,FALSE
"Zotu3109",5.83746054094029e-05,15,NA,0.619047619047619,0.619047619047619,FALSE
"Zotu2010",7.75507168110687e-05,20,NA,0.658730158730159,0.658730158730159,FALSE
"Zotu4327",2.55335607474333e-05,13,NA,0.603174603174603,0.603174603174603,FALSE
"Zotu1661",7.26419008994585e-05,19,NA,0.650793650793651,0.650793650793651,FALSE
"Zotu535",0.000256721758505127,45,NA,0.357142857142857,0.357142857142857,FALSE
"Zotu5416",3.54651580479261e-05,18,NA,0.642857142857143,0.642857142857143,FALSE
"Zotu2793",4.2235601130894e-05,17,NA,0.634920634920635,0.634920634920635,FALSE
"Zotu5479",1.70839442974272e-05,7,NA,0.555555555555556,0.555555555555556,FALSE
"Zotu1199",0.000161153465561102,19,NA,0.650793650793651,0.650793650793651,FALSE
"Zotu2910",5.24132958859878e-05,10,NA,0.57936507936508,0.57936507936508,FALSE
"Zotu3973",4.12063910700445e-05,13,NA,0.603174603174603,0.603174603174603,FALSE
"Zotu3578",2.92455730079684e-05,6,NA,0.547619047619048,0.547619047619048,FALSE
"Zotu4598",1.78751794356108e-05,9,NA,0.571428571428571,0.571428571428571,FALSE
"Zotu2014",4.60685183553722e-05,12,NA,0.595238095238095,0.595238095238095,FALSE
"Zotu1740",0.000119299354213504,35,NA,0.277777777777778,0.277777777777778,FALSE
"Zotu2303",4.79106646000204e-05,9,NA,0.571428571428571,0.571428571428571,FALSE
"Zotu3439",6.7600900368287e-05,21,NA,0.666666666666667,0.666666666666667,FALSE
"Zotu750",0.000244783021032547,26,NA,0.706349206349206,0.706349206349206,FALSE
"Zotu5516",4.55124093377076e-05,13,NA,0.603174603174603,0.603174603174603,FALSE
"Zotu517",0.000310261442178291,40,NA,0.817460317460317,0.817460317460317,FALSE
"Zotu105",0.0011552845691995,39,NA,0.30952380952381,0.30952380952381,FALSE
"Zotu4153",1.61857458050792e-05,10,NA,0.57936507936508,0.57936507936508,FALSE
"Zotu1677",8.04947247844436e-05,7,NA,0.555555555555556,0.555555555555556,FALSE
"Zotu1696",0.000117802040087734,18,NA,0.642857142857143,0.642857142857143,FALSE
"Zotu2831",6.16843466839233e-05,14,NA,0.611111111111111,0.611111111111111,FALSE
"Zotu4331",3.97423975183303e-05,9,NA,0.571428571428571,0.571428571428571,FALSE
"Zotu666",0.000192286960566755,41,NA,0.825396825396825,0.825396825396825,FALSE
"Zotu5377",3.15913347926158e-05,16,NA,0.626984126984127,0.626984126984127,FALSE
"Zotu6049",2.66474930468012e-05,5,NA,0.53968253968254,0.53968253968254,FALSE
"Zotu2736",6.72162119367903e-05,19,NA,0.650793650793651,0.650793650793651,FALSE
"Zotu2889",6.07118850846912e-05,12,NA,0.595238095238095,0.595238095238095,FALSE
"Zotu6224",2.31761716991771e-05,10,NA,0.57936507936508,0.57936507936508,FALSE
"Zotu2558",5.1537802226187e-05,18,NA,0.642857142857143,0.642857142857143,FALSE
"Zotu3922",2.54997653170564e-05,14,NA,0.611111111111111,0.611111111111111,FALSE
"Zotu3413",4.22714253651231e-05,18,NA,0.642857142857143,0.642857142857143,FALSE
"Zotu4997",2.37279164661054e-05,10,NA,0.57936507936508,0.57936507936508,FALSE
"Zotu1216",9.19545272275847e-05,19,NA,0.650793650793651,0.650793650793651,FALSE
"Zotu1797",7.71843871302945e-05,31,NA,0.746031746031746,0.746031746031746,FALSE
"Zotu1110",0.000126053495149074,27,NA,0.714285714285714,0.714285714285714,FALSE
"Zotu3366",4.93501590254746e-05,20,NA,0.658730158730159,0.658730158730159,FALSE
"Zotu4632",1.33100753890388e-05,5,NA,0.53968253968254,0.53968253968254,FALSE
"Zotu449",0.000472237047078503,45,NA,0.357142857142857,0.357142857142857,FALSE
"Zotu4402",2.411279821485e-05,13,NA,0.603174603174603,0.603174603174603,FALSE
"Zotu1098",0.000125295819427493,16,NA,0.626984126984127,0.626984126984127,FALSE
"Zotu4532",1.81442947380924e-05,5,NA,0.53968253968254,0.53968253968254,FALSE
"Zotu5581",1.38021364330712e-05,5,NA,0.53968253968254,0.53968253968254,FALSE
"Zotu1105",0.000175875593505503,13,NA,0.103174603174603,0.103174603174603,FALSE
"Zotu2100",6.85096385497814e-05,16,NA,0.626984126984127,0.626984126984127,FALSE
"Zotu3889",2.05319186096043e-05,9,NA,0.571428571428571,0.571428571428571,FALSE
"Zotu5822",2.79451849506713e-05,10,NA,0.57936507936508,0.57936507936508,FALSE
"Zotu5459",1.29178191704556e-05,4,NA,0.531746031746032,0.531746031746032,FALSE
"Zotu1274",0.000100243667165104,28,NA,0.722222222222222,0.722222222222222,FALSE
"Zotu3284",5.13077392660157e-05,11,NA,0.587301587301587,0.587301587301587,FALSE
"Zotu5555",2.04690852321751e-05,11,NA,0.587301587301587,0.587301587301587,FALSE
"Zotu1262",9.74647005636759e-05,22,NA,0.674603174603175,0.674603174603175,FALSE
"Zotu4522",1.52359592853394e-05,6,NA,0.547619047619048,0.547619047619048,FALSE
"Zotu3355",5.15282931620989e-05,17,NA,0.134920634920635,0.134920634920635,FALSE
"Zotu5118",1.6087660526211e-05,3,NA,0.523809523809524,0.523809523809524,FALSE
"Zotu5644",2.13496552343678e-05,7,NA,0.555555555555556,0.555555555555556,FALSE
"Zotu1332",8.63670399194933e-05,16,NA,0.126984126984127,0.126984126984127,FALSE
"Zotu3119",2.87333354965785e-05,9,NA,0.571428571428571,0.571428571428571,FALSE
"Zotu2476",0.000105659394264062,21,NA,0.166666666666667,0.166666666666667,FALSE
"Zotu2955",5.70028052508955e-05,15,NA,0.619047619047619,0.619047619047619,FALSE
"Zotu1566",0.00010968431935846,30,NA,0.738095238095238,0.738095238095238,FALSE
"Zotu2902",7.19788221323605e-05,7,NA,0.555555555555556,0.555555555555556,FALSE
"Zotu3693",4.32006006544907e-05,12,NA,0.595238095238095,0.595238095238095,FALSE
"Zotu2533",4.23039466619246e-05,12,NA,0.595238095238095,0.595238095238095,FALSE
"Zotu2440",4.89717394405455e-05,5,NA,0.53968253968254,0.53968253968254,FALSE
"Zotu5466",1.62057601632031e-05,10,NA,0.57936507936508,0.57936507936508,FALSE
"Zotu3281",5.56888891387559e-05,14,NA,0.611111111111111,0.611111111111111,FALSE
"Zotu3113",3.09204975640437e-05,3,NA,0.523809523809524,0.523809523809524,FALSE
"Zotu4691",2.89473103978048e-05,11,NA,0.587301587301587,0.587301587301587,FALSE
"Zotu5725",1.2411278561947e-05,6,NA,0.547619047619048,0.547619047619048,FALSE
"Zotu1176",9.59475792920837e-05,19,NA,0.650793650793651,0.650793650793651,FALSE
"Zotu6247",2.81464791792117e-05,12,NA,0.595238095238095,0.595238095238095,FALSE
"Zotu6400",1.26233011150924e-05,11,NA,0.587301587301587,0.587301587301587,FALSE
"Zotu4911",1.92431055490079e-05,7,NA,0.555555555555556,0.555555555555556,FALSE
"Zotu171",0.00083458782419281,49,NA,0.388888888888889,0.388888888888889,FALSE
"Zotu5002",2.91197740569952e-05,15,NA,0.619047619047619,0.619047619047619,FALSE
"Zotu5611",3.56234090821911e-05,17,NA,0.134920634920635,0.134920634920635,FALSE
"Zotu2395",6.3349521483198e-05,13,NA,0.603174603174603,0.603174603174603,FALSE
"Zotu2248",7.23228297123716e-05,26,NA,0.706349206349206,0.706349206349206,FALSE
"Zotu1053",0.000178486984208947,35,NA,0.777777777777778,0.777777777777778,FALSE
"Zotu5159",2.24054407678662e-05,11,NA,0.587301587301587,0.587301587301587,FALSE
"Zotu4171",2.55320803972647e-05,8,NA,0.563492063492063,0.563492063492063,FALSE
"Zotu4281",1.2815571429269e-05,5,NA,0.53968253968254,0.53968253968254,FALSE
"Zotu3389",2.14550289975957e-05,5,NA,0.53968253968254,0.53968253968254,FALSE
"Zotu6211",1.32263124929171e-05,9,NA,0.571428571428571,0.571428571428571,FALSE
"Zotu3275",3.64787783175298e-05,13,NA,0.603174603174603,0.603174603174603,FALSE
"Zotu4889",2.29291059478475e-05,7,NA,0.555555555555556,0.555555555555556,FALSE
"Zotu5682",3.28740838887752e-05,13,NA,0.603174603174603,0.603174603174603,FALSE
"Zotu3652",2.80883785002851e-05,8,NA,0.563492063492063,0.563492063492063,FALSE
"Zotu831",0.000151930773232356,40,NA,0.817460317460317,0.817460317460317,FALSE
"Zotu6137",2.86079916608682e-05,13,NA,0.603174603174603,0.603174603174603,FALSE
"Zotu2220",6.14934995203477e-05,8,NA,0.563492063492063,0.563492063492063,FALSE
"Zotu5534",1.18809273691312e-05,8,NA,0.563492063492063,0.563492063492063,FALSE
"Zotu2008",8.43216407439869e-05,18,NA,0.142857142857143,0.142857142857143,FALSE
"Zotu1017",0.000165068113924352,34,NA,0.76984126984127,0.76984126984127,FALSE
"Zotu2252",5.41765247166933e-05,9,NA,0.571428571428571,0.571428571428571,FALSE
"Zotu4523",2.93822519111043e-05,10,NA,0.57936507936508,0.57936507936508,FALSE
"Zotu5904",1.99026619218808e-05,9,NA,0.571428571428571,0.571428571428571,FALSE
"Zotu5988",2.15191969100309e-05,12,NA,0.595238095238095,0.595238095238095,FALSE
"Zotu2461",5.28398695498839e-05,20,NA,0.658730158730159,0.658730158730159,FALSE
"Zotu850",0.000196729441265417,16,NA,0.626984126984127,0.626984126984127,FALSE
"Zotu4490",1.52203413047187e-05,6,NA,0.547619047619048,0.547619047619048,FALSE
"Zotu4296",2.76312341043579e-05,10,NA,0.57936507936508,0.57936507936508,FALSE
"Zotu544",0.00027871629686537,35,NA,0.277777777777778,0.277777777777778,FALSE
"Zotu4785",3.37997675319258e-05,14,NA,0.611111111111111,0.611111111111111,FALSE
"Zotu3341",5.49123130145924e-05,17,NA,0.634920634920635,0.634920634920635,FALSE
"Zotu398",0.000508507348476217,56,NA,0.444444444444444,0.444444444444444,FALSE
"Zotu1627",6.91248375036135e-05,10,NA,0.57936507936508,0.57936507936508,FALSE
"Zotu2578",7.2417271429057e-05,21,NA,0.666666666666667,0.666666666666667,FALSE
"Zotu4102",2.74181793839825e-05,7,NA,0.555555555555556,0.555555555555556,FALSE
"Zotu1168",0.000157534352921129,31,NA,0.246031746031746,0.246031746031746,FALSE
"Zotu4544",2.46196205075618e-05,13,NA,0.603174603174603,0.603174603174603,FALSE
"Zotu3808",3.0096525297672e-05,13,NA,0.603174603174603,0.603174603174603,FALSE
"Zotu5326",1.866768836362e-05,7,NA,0.555555555555556,0.555555555555556,FALSE
"Zotu3476",3.29414555275503e-05,5,NA,0.53968253968254,0.53968253968254,FALSE
"Zotu4700",2.14537484798794e-05,11,NA,0.587301587301587,0.587301587301587,FALSE
"Zotu4391",4.15923643672326e-05,13,NA,0.603174603174603,0.603174603174603,FALSE
"Zotu5911",1.40002747830478e-05,5,NA,0.53968253968254,0.53968253968254,FALSE
"Zotu1024",0.000123569870693404,23,NA,0.682539682539683,0.682539682539683,FALSE
"Zotu2890",2.92134854592799e-05,8,NA,0.563492063492063,0.563492063492063,FALSE
"Zotu1932",6.96927483508665e-05,14,NA,0.611111111111111,0.611111111111111,FALSE
"Zotu3681",3.54094897190361e-05,9,NA,0.571428571428571,0.571428571428571,FALSE
"Zotu5968",2.60969675355632e-05,14,NA,0.611111111111111,0.611111111111111,FALSE
"Zotu6386",1.98362449013882e-05,12,NA,0.595238095238095,0.595238095238095,FALSE
"Zotu5373",1.34416689208039e-05,6,NA,0.547619047619048,0.547619047619048,FALSE
"Zotu4334",4.79671949333971e-05,9,NA,0.571428571428571,0.571428571428571,FALSE
"Zotu780",0.000204083390854277,45,NA,0.357142857142857,0.357142857142857,FALSE
"Zotu4333",2.35630465625851e-05,9,NA,0.571428571428571,0.571428571428571,FALSE
"Zotu1369",0.000103256780837319,20,NA,0.658730158730159,0.658730158730159,FALSE
"Zotu1718",0.000111914769852365,22,NA,0.174603174603175,0.174603174603175,FALSE
"Zotu6397",9.26373582342438e-06,3,NA,0.523809523809524,0.523809523809524,FALSE
"Zotu3760",3.33414823645858e-05,10,NA,0.57936507936508,0.57936507936508,FALSE
"Zotu3575",1.83814128975291e-05,5,NA,0.53968253968254,0.53968253968254,FALSE
"Zotu779",0.000245585057178296,39,NA,0.30952380952381,0.30952380952381,FALSE
"Zotu1049",0.000133373345723611,27,NA,0.214285714285714,0.214285714285714,FALSE
"Zotu1894",9.33404105629708e-05,17,NA,0.634920634920635,0.634920634920635,FALSE
"Zotu1594",5.88817478499873e-05,9,NA,0.571428571428571,0.571428571428571,FALSE
"Zotu5922",2.79129423931405e-05,12,NA,0.595238095238095,0.595238095238095,FALSE
"Zotu877",0.000160145275576059,32,NA,0.753968253968254,0.753968253968254,FALSE
"Zotu888",0.000145647858852519,27,NA,0.714285714285714,0.714285714285714,FALSE
"Zotu487",0.000341877417913862,37,NA,0.293650793650794,0.293650793650794,FALSE
"Zotu3375",4.00778247971326e-05,8,NA,0.563492063492063,0.563492063492063,FALSE
"Zotu5806",1.07593059306111e-05,6,NA,0.547619047619048,0.547619047619048,FALSE
"Zotu2810",4.20752830760017e-05,9,NA,0.571428571428571,0.571428571428571,FALSE
"Zotu2590",5.36042024739483e-05,16,NA,0.626984126984127,0.626984126984127,FALSE
"Zotu2835",6.00685500062928e-05,17,NA,0.134920634920635,0.134920634920635,FALSE
"Zotu6304",1.97881730218642e-05,5,NA,0.53968253968254,0.53968253968254,FALSE
"Zotu3779",3.187114453905e-05,16,NA,0.626984126984127,0.626984126984127,FALSE
"Zotu3872",3.58665183605607e-05,11,NA,0.587301587301587,0.587301587301587,FALSE
"Zotu2399",7.46097074717245e-05,7,NA,0.555555555555556,0.555555555555556,FALSE
"Zotu3450",2.5317691808281e-05,9,NA,0.571428571428571,0.571428571428571,FALSE
"Zotu3093",3.84066940576951e-05,11,NA,0.587301587301587,0.587301587301587,FALSE
"Zotu4330",2.85837048442073e-05,7,NA,0.555555555555556,0.555555555555556,FALSE
"Zotu6374",1.7000129336115e-05,10,NA,0.57936507936508,0.57936507936508,FALSE
"Zotu2791",2.92428828626311e-05,11,NA,0.587301587301587,0.587301587301587,FALSE
"Zotu1743",9.33509319923467e-05,20,NA,0.658730158730159,0.658730158730159,FALSE
"Zotu2244",5.94302305246452e-05,17,NA,0.634920634920635,0.634920634920635,FALSE
"Zotu1481",8.69179287005183e-05,14,NA,0.611111111111111,0.611111111111111,FALSE
"Zotu3833",2.88055715430847e-05,13,NA,0.603174603174603,0.603174603174603,FALSE
"Zotu1989",7.06712873371805e-05,25,NA,0.198412698412698,0.198412698412698,FALSE
"Zotu566",0.000295464806701557,48,NA,0.880952380952381,0.880952380952381,FALSE
"Zotu2053",6.6969079468133e-05,24,NA,0.69047619047619,0.69047619047619,FALSE
"Zotu1526",8.53404991012032e-05,27,NA,0.714285714285714,0.714285714285714,FALSE
"Zotu2646",4.94212860463946e-05,12,NA,0.595238095238095,0.595238095238095,FALSE
"Zotu4373",4.14178603454947e-05,18,NA,0.642857142857143,0.642857142857143,FALSE
"Zotu1484",9.13933839914125e-05,23,NA,0.682539682539683,0.682539682539683,FALSE
"Zotu341",0.000457635874084079,44,NA,0.349206349206349,0.349206349206349,FALSE
"Zotu646",0.000178697637425883,15,NA,0.119047619047619,0.119047619047619,FALSE
"Zotu4233",4.30045739822056e-05,14,NA,0.611111111111111,0.611111111111111,FALSE
"Zotu624",0.000259609767682328,38,NA,0.301587301587302,0.301587301587302,FALSE
"Zotu2645",3.27495642827593e-05,10,NA,0.57936507936508,0.57936507936508,FALSE
"Zotu6332",1.85600381672468e-05,10,NA,0.57936507936508,0.57936507936508,FALSE
"Zotu1942",7.00120839722309e-05,22,NA,0.174603174603175,0.174603174603175,FALSE
"Zotu1225",0.000117763859986479,25,NA,0.198412698412698,0.198412698412698,FALSE
"Zotu3621",3.53619229761364e-05,15,NA,0.619047619047619,0.619047619047619,FALSE
"Zotu1229",0.000107825416502736,27,NA,0.714285714285714,0.714285714285714,FALSE
"Zotu4705",3.27414665925574e-05,9,NA,0.571428571428571,0.571428571428571,FALSE
"Zotu4291",2.3856867057426e-05,12,NA,0.595238095238095,0.595238095238095,FALSE
"Zotu1679",9.33794197452731e-05,27,NA,0.714285714285714,0.714285714285714,FALSE
"Zotu4099",4.50256423835961e-05,15,NA,0.619047619047619,0.619047619047619,FALSE
"Zotu1998",0.000114324141371317,15,NA,0.619047619047619,0.619047619047619,FALSE
"Zotu6086",1.4074695078248e-05,4,NA,0.531746031746032,0.531746031746032,FALSE
"Zotu2960",2.35224638754034e-05,7,NA,0.555555555555556,0.555555555555556,FALSE
"Zotu832",0.000126350018705552,19,NA,0.650793650793651,0.650793650793651,FALSE
"Zotu5753",1.9535320424435e-05,12,NA,0.595238095238095,0.595238095238095,FALSE
"Zotu931",0.000141095545738855,33,NA,0.761904761904762,0.761904761904762,FALSE
"Zotu1909",8.56308548102044e-05,24,NA,0.69047619047619,0.69047619047619,FALSE
"Zotu577",0.000283288440905768,32,NA,0.253968253968254,0.253968253968254,FALSE
"Zotu4361",2.14587168845113e-05,10,NA,0.57936507936508,0.57936507936508,FALSE
"Zotu6284",1.22967469954645e-05,6,NA,0.547619047619048,0.547619047619048,FALSE
"Zotu5476",2.74787935785494e-05,11,NA,0.587301587301587,0.587301587301587,FALSE
"Zotu5593",1.51410489621563e-05,4,NA,0.531746031746032,0.531746031746032,FALSE
"Zotu747",0.00019653700221225,32,NA,0.253968253968254,0.253968253968254,FALSE
"Zotu2383",8.69029631554572e-05,16,NA,0.626984126984127,0.626984126984127,FALSE
"Zotu1788",8.52222515273835e-05,26,NA,0.706349206349206,0.706349206349206,FALSE
"Zotu2327",6.51800832032321e-05,14,NA,0.611111111111111,0.611111111111111,FALSE
"Zotu3874",2.00593864106518e-05,7,NA,0.555555555555556,0.555555555555556,FALSE
"Zotu2708",5.06802493404133e-05,23,NA,0.682539682539683,0.682539682539683,FALSE
"Zotu5393",1.65929475404149e-05,8,NA,0.563492063492063,0.563492063492063,FALSE
"Zotu3526",3.66740847637773e-05,14,NA,0.611111111111111,0.611111111111111,FALSE
"Zotu1657",9.3219552922156e-05,16,NA,0.626984126984127,0.626984126984127,FALSE
"Zotu4155",2.61858515424907e-05,8,NA,0.563492063492063,0.563492063492063,FALSE
"Zotu2739",4.96323128727246e-05,12,NA,0.595238095238095,0.595238095238095,FALSE
"Zotu2982",4.17228664714751e-05,10,NA,0.57936507936508,0.57936507936508,FALSE
"Zotu4927",3.84824523060864e-05,15,NA,0.619047619047619,0.619047619047619,FALSE
"Zotu1843",8.14040868828124e-05,27,NA,0.714285714285714,0.714285714285714,FALSE
"Zotu3679",2.24546178830986e-05,7,NA,0.555555555555556,0.555555555555556,FALSE
"Zotu2361",4.40829125106511e-05,19,NA,0.150793650793651,0.150793650793651,FALSE
"Zotu3923",3.13516708909675e-05,7,NA,0.555555555555556,0.555555555555556,FALSE
"Zotu954",0.000176562696570746,8,NA,0.563492063492063,0.563492063492063,FALSE
"Zotu4898",1.63163869363812e-05,12,NA,0.595238095238095,0.595238095238095,FALSE
"Zotu5169",1.21381761117514e-05,7,NA,0.555555555555556,0.555555555555556,FALSE
"Zotu5790",1.5863102628872e-05,7,NA,0.555555555555556,0.555555555555556,FALSE
"Zotu2570",4.44180953567233e-05,17,NA,0.634920634920635,0.634920634920635,FALSE
"Zotu5106",3.29720643012692e-05,7,NA,0.555555555555556,0.555555555555556,FALSE
"Zotu4016",2.50908210484957e-05,10,NA,0.57936507936508,0.57936507936508,FALSE
"Zotu2886",4.70592379725365e-05,14,NA,0.611111111111111,0.611111111111111,FALSE
"Zotu2944",5.12308293806876e-05,13,NA,0.603174603174603,0.603174603174603,FALSE
"Zotu3080",3.29399971977596e-05,8,NA,0.563492063492063,0.563492063492063,FALSE
"Zotu1124",9.1396493364498e-05,28,NA,0.722222222222222,0.722222222222222,FALSE
"Zotu3890",2.72532120410916e-05,14,NA,0.611111111111111,0.611111111111111,FALSE
"Zotu2073",4.90788897874847e-05,13,NA,0.603174603174603,0.603174603174603,FALSE
"Zotu4698",1.40989385757993e-05,6,NA,0.547619047619048,0.547619047619048,FALSE
"Zotu2782",6.46413906303721e-05,23,NA,0.182539682539683,0.182539682539683,FALSE
"Zotu2840",3.34483394275683e-05,13,NA,0.103174603174603,0.103174603174603,FALSE
"Zotu5327",2.60656514753282e-05,12,NA,0.595238095238095,0.595238095238095,FALSE
"Zotu5131",1.5208915293167e-05,12,NA,0.595238095238095,0.595238095238095,FALSE
"Zotu785",0.000180225564400667,31,NA,0.246031746031746,0.246031746031746,FALSE
"Zotu1571",9.37139577178452e-05,22,NA,0.174603174603175,0.174603174603175,FALSE
"Zotu745",0.000191727984322876,33,NA,0.261904761904762,0.261904761904762,FALSE
"Zotu4726",2.47028607497154e-05,17,NA,0.634920634920635,0.634920634920635,FALSE
"Zotu3568",6.39308654080441e-05,8,NA,0.563492063492063,0.563492063492063,FALSE
"Zotu3593",4.50212743016481e-05,14,NA,0.611111111111111,0.611111111111111,FALSE
"Zotu3531",5.60627839374256e-05,25,NA,0.198412698412698,0.198412698412698,FALSE
"Zotu822",0.000207548637240945,20,NA,0.158730158730159,0.158730158730159,FALSE
"Zotu6127",9.44724566256259e-06,4,NA,0.531746031746032,0.531746031746032,FALSE
"Zotu5177",1.78781282050114e-05,10,NA,0.57936507936508,0.57936507936508,FALSE
"Zotu1221",0.000102770150630986,19,NA,0.650793650793651,0.650793650793651,FALSE
"Zotu5103",2.09894660075464e-05,14,NA,0.611111111111111,0.611111111111111,FALSE
"Zotu1943",5.87489668089835e-05,11,NA,0.587301587301587,0.587301587301587,FALSE
"Zotu640",0.000296041264655323,45,NA,0.357142857142857,0.357142857142857,FALSE
"Zotu5620",1.80664717008548e-05,6,NA,0.547619047619048,0.547619047619048,FALSE
"Zotu799",0.000260029551036082,20,NA,0.658730158730159,0.658730158730159,FALSE
"Zotu3361",2.57097195397063e-05,7,NA,0.555555555555556,0.555555555555556,FALSE
"Zotu2450",5.29183246106735e-05,21,NA,0.666666666666667,0.666666666666667,FALSE
"Zotu4409",3.65483727625066e-05,14,NA,0.611111111111111,0.611111111111111,FALSE
"Zotu5905",1.17641713876869e-05,3,NA,0.523809523809524,0.523809523809524,FALSE
"Zotu2940",5.14080671341499e-05,10,NA,0.57936507936508,0.57936507936508,FALSE
"Zotu5371",8.31509540712615e-05,22,NA,0.674603174603175,0.674603174603175,FALSE
"Zotu974",0.000128314381532382,24,NA,0.69047619047619,0.69047619047619,FALSE
"Zotu2431",4.3609371347688e-05,13,NA,0.603174603174603,0.603174603174603,FALSE
"Zotu3520",4.83505911598618e-05,21,NA,0.666666666666667,0.666666666666667,FALSE
"Zotu5088",2.74689690182362e-05,6,NA,0.547619047619048,0.547619047619048,FALSE
"Zotu2975",5.35411120189042e-05,12,NA,0.595238095238095,0.595238095238095,FALSE
"Zotu1215",0.000111431128163283,33,NA,0.761904761904762,0.761904761904762,FALSE
"Zotu3862",3.1007405005581e-05,13,NA,0.603174603174603,0.603174603174603,FALSE
"Zotu5899",2.89751366146812e-05,5,NA,0.53968253968254,0.53968253968254,FALSE
"Zotu3308",5.48393307598426e-05,21,NA,0.666666666666667,0.666666666666667,FALSE
"Zotu5322",4.46005976366677e-05,17,NA,0.634920634920635,0.634920634920635,FALSE
"Zotu2004",9.54877820055535e-05,24,NA,0.69047619047619,0.69047619047619,FALSE
"Zotu1559",9.04247974411497e-05,11,NA,0.587301587301587,0.587301587301587,FALSE
"Zotu571",0.000254574939294618,45,NA,0.857142857142857,0.857142857142857,FALSE
"Zotu3512",3.25091324481411e-05,9,NA,0.571428571428571,0.571428571428571,FALSE
"Zotu2635",4.57741926822735e-05,11,NA,0.587301587301587,0.587301587301587,FALSE
"Zotu4723",2.43888933751766e-05,7,NA,0.555555555555556,0.555555555555556,FALSE
"Zotu5346",1.8368362872145e-05,7,NA,0.555555555555556,0.555555555555556,FALSE
"Zotu905",0.000133615216513862,22,NA,0.674603174603175,0.674603174603175,FALSE
"Zotu1664",8.499140419968e-05,4,NA,0.531746031746032,0.531746031746032,FALSE
"Zotu4956",6.47307371486615e-05,16,NA,0.626984126984127,0.626984126984127,FALSE
"Zotu6037",1.76673271878376e-05,4,NA,0.531746031746032,0.531746031746032,FALSE
"Zotu2814",4.58376716382465e-05,16,NA,0.626984126984127,0.626984126984127,FALSE
"Zotu3725",1.94495912249117e-05,8,NA,0.563492063492063,0.563492063492063,FALSE
"Zotu2867",9.26364057149096e-05,24,NA,0.69047619047619,0.69047619047619,FALSE
"Zotu2330",5.13875594014013e-05,22,NA,0.674603174603175,0.674603174603175,FALSE
"Zotu5551",1.80930653846123e-05,7,NA,0.555555555555556,0.555555555555556,FALSE
"Zotu4849",2.17102571376119e-05,13,NA,0.603174603174603,0.603174603174603,FALSE
"Zotu2801",3.73157254549039e-05,3,NA,0.523809523809524,0.523809523809524,FALSE
"Zotu5214",2.27728257132726e-05,10,NA,0.57936507936508,0.57936507936508,FALSE
"Zotu4562",1.28017891924646e-05,9,NA,0.571428571428571,0.571428571428571,FALSE
"Zotu3116",3.10188904287291e-05,9,NA,0.571428571428571,0.571428571428571,FALSE
"Zotu5965",1.63955458882194e-05,5,NA,0.53968253968254,0.53968253968254,FALSE
"Zotu3611",5.9236694886143e-05,22,NA,0.174603174603175,0.174603174603175,FALSE
"Zotu2491",7.41322766997797e-05,19,NA,0.150793650793651,0.150793650793651,FALSE
"Zotu2416",5.77843717626672e-05,16,NA,0.626984126984127,0.626984126984127,FALSE
"Zotu4819",2.46906565828979e-05,13,NA,0.603174603174603,0.603174603174603,FALSE
"Zotu1397",0.00012441439441394,25,NA,0.698412698412698,0.698412698412698,FALSE
"Zotu606",0.000330124438931732,29,NA,0.73015873015873,0.73015873015873,FALSE
"Zotu2453",6.55964353241228e-05,24,NA,0.69047619047619,0.69047619047619,FALSE
"Zotu3337",3.3632157018694e-05,17,NA,0.634920634920635,0.634920634920635,FALSE
"Zotu6033",9.81286834702517e-06,4,NA,0.531746031746032,0.531746031746032,FALSE
"Zotu5882",1.74971082778006e-05,7,NA,0.555555555555556,0.555555555555556,FALSE
"Zotu3968",2.22186516686911e-05,9,NA,0.571428571428571,0.571428571428571,FALSE
"Zotu2863",3.44936905138237e-05,10,NA,0.57936507936508,0.57936507936508,FALSE
"Zotu3513",3.01595875760907e-05,11,NA,0.587301587301587,0.587301587301587,FALSE
"Zotu3369",4.71479095728202e-05,20,NA,0.658730158730159,0.658730158730159,FALSE
"Zotu2009",7.23781399533815e-05,22,NA,0.674603174603175,0.674603174603175,FALSE
"Zotu1813",8.98109530758795e-05,24,NA,0.69047619047619,0.69047619047619,FALSE
"Zotu1393",0.000106421576629999,29,NA,0.73015873015873,0.73015873015873,FALSE
"Zotu5497",4.56457587082609e-05,22,NA,0.674603174603175,0.674603174603175,FALSE
"Zotu3204",7.07645867760882e-05,26,NA,0.706349206349206,0.706349206349206,FALSE
"Zotu904",0.000263297444743683,21,NA,0.666666666666667,0.666666666666667,FALSE
"Zotu4042",2.76911978415322e-05,11,NA,0.587301587301587,0.587301587301587,FALSE
"Zotu5752",1.66914005838529e-05,6,NA,0.547619047619048,0.547619047619048,FALSE
"Zotu5634",3.99153414510031e-05,14,NA,0.611111111111111,0.611111111111111,FALSE
"Zotu2061",6.539338432799e-05,24,NA,0.69047619047619,0.69047619047619,FALSE
"Zotu3615",5.33868398543554e-05,22,NA,0.174603174603175,0.174603174603175,FALSE
"Zotu1966",6.64370863587054e-05,14,NA,0.611111111111111,0.611111111111111,FALSE
"Zotu2605",3.87691636163199e-05,9,NA,0.571428571428571,0.571428571428571,FALSE
"Zotu6285",1.69158464744307e-05,9,NA,0.571428571428571,0.571428571428571,FALSE
"Zotu4917",2.00038685583535e-05,7,NA,0.555555555555556,0.555555555555556,FALSE
"Zotu6375",2.0062793817091e-05,10,NA,0.57936507936508,0.57936507936508,FALSE
"Zotu6168",7.66895447529512e-06,2,NA,0.515873015873016,0.515873015873016,FALSE
"Zotu5505",1.51414966967897e-05,8,NA,0.563492063492063,0.563492063492063,FALSE
"Zotu4144",2.01943053053431e-05,8,NA,0.563492063492063,0.563492063492063,FALSE
"Zotu4178",2.64174798801245e-05,10,NA,0.57936507936508,0.57936507936508,FALSE
"Zotu569",0.000257717810240109,24,NA,0.69047619047619,0.69047619047619,FALSE
"Zotu5199",1.58113467616952e-05,5,NA,0.53968253968254,0.53968253968254,FALSE
"Zotu1754",9.20481060036633e-05,15,NA,0.619047619047619,0.619047619047619,FALSE
"Zotu3290",3.78866380457962e-05,17,NA,0.634920634920635,0.634920634920635,FALSE
"Zotu3576",2.80494366763805e-05,13,NA,0.603174603174603,0.603174603174603,FALSE
"Zotu1738",6.32266527711565e-05,19,NA,0.150793650793651,0.150793650793651,FALSE
"Zotu3488",4.72604361763539e-05,11,NA,0.587301587301587,0.587301587301587,FALSE
"Zotu5472",9.16053651454365e-06,3,NA,0.523809523809524,0.523809523809524,FALSE
"Zotu2535",6.04739529218227e-05,4,NA,0.531746031746032,0.531746031746032,FALSE
"Zotu1604",9.16276415292027e-05,20,NA,0.658730158730159,0.658730158730159,FALSE
"Zotu2932",2.26501649127512e-05,7,NA,0.555555555555556,0.555555555555556,FALSE
"Zotu1290",0.00011643068341313,28,NA,0.722222222222222,0.722222222222222,FALSE
"Zotu1792",8.33235286648105e-05,27,NA,0.714285714285714,0.714285714285714,FALSE
"Zotu4752",3.15254340558131e-05,8,NA,0.563492063492063,0.563492063492063,FALSE
"Zotu4875",1.84851268126738e-05,4,NA,0.531746031746032,0.531746031746032,FALSE
"Zotu1029",0.000149505102254466,15,NA,0.619047619047619,0.619047619047619,FALSE
"Zotu3259",4.94790305405989e-05,18,NA,0.642857142857143,0.642857142857143,FALSE
"Zotu4309",2.27482917710169e-05,12,NA,0.595238095238095,0.595238095238095,FALSE
"Zotu2713",4.735096499224e-05,15,NA,0.619047619047619,0.619047619047619,FALSE
"Zotu4340",6.42973828501103e-05,9,NA,0.0714285714285715,0.0714285714285715,TRUE
"Zotu2005",0.00028946490993616,23,NA,0.682539682539683,0.682539682539683,FALSE
"Zotu5973",2.4500383069468e-05,11,NA,0.587301587301587,0.587301587301587,FALSE
"Zotu1011",0.000180859556298476,22,NA,0.174603174603175,0.174603174603175,FALSE
"Zotu4024",3.29064252789476e-05,3,NA,0.523809523809524,0.523809523809524,FALSE
"Zotu6132",1.5644640961636e-05,6,NA,0.547619047619048,0.547619047619048,FALSE
"Zotu3351",3.48776014939523e-05,14,NA,0.611111111111111,0.611111111111111,FALSE
"Zotu4273",6.01550447334214e-05,13,NA,0.603174603174603,0.603174603174603,FALSE
"Zotu2742",4.84709861719913e-05,12,NA,0.595238095238095,0.595238095238095,FALSE
"Zotu5647",4.19353850579939e-05,12,NA,0.595238095238095,0.595238095238095,FALSE
"Zotu3748",4.57051218867971e-05,12,NA,0.595238095238095,0.595238095238095,FALSE
"Zotu4199",5.41411278533675e-05,14,NA,0.611111111111111,0.611111111111111,FALSE
"Zotu3262",2.87591843124508e-05,7,NA,0.555555555555556,0.555555555555556,FALSE
"Zotu3257",5.76540391736763e-05,21,NA,0.666666666666667,0.666666666666667,FALSE
"Zotu2015",6.12241067013485e-05,10,NA,0.57936507936508,0.57936507936508,FALSE
"Zotu5528",1.41617230942176e-05,11,NA,0.587301587301587,0.587301587301587,FALSE
"Zotu2729",4.59339288269253e-05,8,NA,0.563492063492063,0.563492063492063,FALSE
"Zotu4884",1.65444870140114e-05,7,NA,0.555555555555556,0.555555555555556,FALSE
"Zotu1850",8.16782901702494e-05,31,NA,0.246031746031746,0.246031746031746,FALSE
"Zotu4660",2.43049799729434e-05,11,NA,0.587301587301587,0.587301587301587,FALSE
"Zotu3777",3.17675381305619e-05,6,NA,0.547619047619048,0.547619047619048,FALSE
"Zotu4641",4.09505313985753e-05,15,NA,0.119047619047619,0.119047619047619,FALSE
"Zotu6025",2.69469152278843e-05,13,NA,0.603174603174603,0.603174603174603,FALSE
"Zotu2224",8.2719219556072e-05,22,NA,0.674603174603175,0.674603174603175,FALSE
"Zotu5243",2.05275067533625e-05,4,NA,0.531746031746032,0.531746031746032,FALSE
"Zotu1803",5.807229131894e-05,5,NA,0.53968253968254,0.53968253968254,FALSE
"Zotu4715",6.63454406733059e-05,25,NA,0.698412698412698,0.698412698412698,FALSE
"Zotu2732",7.80416106951794e-05,25,NA,0.198412698412698,0.198412698412698,FALSE
"Zotu1616",9.42456529175104e-05,16,NA,0.626984126984127,0.626984126984127,FALSE
"Zotu3273",3.11137940463109e-05,16,NA,0.626984126984127,0.626984126984127,FALSE
"Zotu1153",0.000137353618869705,29,NA,0.23015873015873,0.23015873015873,FALSE
"Zotu3550",3.93494160928364e-05,11,NA,0.587301587301587,0.587301587301587,FALSE
"Zotu2333",6.15119844799405e-05,14,NA,0.611111111111111,0.611111111111111,FALSE
"Zotu5838",2.05969090613409e-05,8,NA,0.563492063492063,0.563492063492063,FALSE
"Zotu5104",2.8790008410815e-05,7,NA,0.555555555555556,0.555555555555556,FALSE
"Zotu4797",3.33933612258429e-05,12,NA,0.595238095238095,0.595238095238095,FALSE
"Zotu6082",2.35277913510956e-05,6,NA,0.547619047619048,0.547619047619048,FALSE
"Zotu3788",3.09345903236671e-05,13,NA,0.603174603174603,0.603174603174603,FALSE
"Zotu2077",6.32436783491544e-05,10,NA,0.57936507936508,0.57936507936508,FALSE
"Zotu5160",5.77611970470425e-05,7,NA,0.555555555555556,0.555555555555556,FALSE
"Zotu2818",5.8907787943844e-05,15,NA,0.619047619047619,0.619047619047619,FALSE
"Zotu2408",4.26368279158033e-05,14,NA,0.611111111111111,0.611111111111111,FALSE
"Zotu2712",5.26337607730592e-05,17,NA,0.634920634920635,0.634920634920635,FALSE
"Zotu4038",2.42986367209204e-05,9,NA,0.571428571428571,0.571428571428571,FALSE
"Zotu4095",3.55355846125864e-05,11,NA,0.587301587301587,0.587301587301587,FALSE
"Zotu2629",4.20137028949506e-05,11,NA,0.587301587301587,0.587301587301587,FALSE
"Zotu3797",2.95114608928505e-05,11,NA,0.587301587301587,0.587301587301587,FALSE
"Zotu3707",3.22861011293178e-05,10,NA,0.57936507936508,0.57936507936508,FALSE
"Zotu4506",3.85086647512414e-05,13,NA,0.603174603174603,0.603174603174603,FALSE
"Zotu3975",3.46952799199054e-05,12,NA,0.595238095238095,0.595238095238095,FALSE
"Zotu5407",1.68417277114217e-05,5,NA,0.53968253968254,0.53968253968254,FALSE
"Zotu6294",1.49253183551567e-05,6,NA,0.547619047619048,0.547619047619048,FALSE
"Zotu4557",4.14086934281273e-05,10,NA,0.57936507936508,0.57936507936508,FALSE
"Zotu1847",8.58421814630334e-05,19,NA,0.650793650793651,0.650793650793651,FALSE
"Zotu3194",3.76120641091061e-05,4,NA,0.531746031746032,0.531746031746032,FALSE
"Zotu2216",6.32162277708817e-05,10,NA,0.57936507936508,0.57936507936508,FALSE
"Zotu2780",8.3745752002344e-05,25,NA,0.698412698412698,0.698412698412698,FALSE
"Zotu6396",1.57322655876005e-05,8,NA,0.563492063492063,0.563492063492063,FALSE
"Zotu5030",6.48461732230446e-05,15,NA,0.119047619047619,0.119047619047619,FALSE
"Zotu5154",4.84657416325402e-05,13,NA,0.603174603174603,0.603174603174603,FALSE
"Zotu3614",2.95029922152368e-05,7,NA,0.555555555555556,0.555555555555556,FALSE
"Zotu5693",1.08110452678725e-05,7,NA,0.555555555555556,0.555555555555556,FALSE
"Zotu5182",6.26441250555691e-05,30,NA,0.738095238095238,0.738095238095238,FALSE
"Zotu5173",2.04866902860508e-05,10,NA,0.57936507936508,0.57936507936508,FALSE
"Zotu5628",2.25425041226328e-05,7,NA,0.555555555555556,0.555555555555556,FALSE
"Zotu6366",3.73485286811144e-05,18,NA,0.642857142857143,0.642857142857143,FALSE
"Zotu2654",4.51739856039396e-05,9,NA,0.571428571428571,0.571428571428571,FALSE
"Zotu3948",2.579390540132e-05,8,NA,0.563492063492063,0.563492063492063,FALSE
"Zotu4283",3.36742923990359e-05,15,NA,0.619047619047619,0.619047619047619,FALSE
"Zotu871",0.000164872487226356,42,NA,0.333333333333333,0.333333333333333,FALSE
"Zotu5654",1.9410668563945e-05,7,NA,0.555555555555556,0.555555555555556,FALSE
"Zotu1547",8.16673568079432e-05,21,NA,0.666666666666667,0.666666666666667,FALSE
"Zotu5719",2.51205135689396e-05,9,NA,0.571428571428571,0.571428571428571,FALSE
"Zotu3655",2.4587871189489e-05,5,NA,0.53968253968254,0.53968253968254,FALSE
"Zotu6307",2.07679369585427e-05,7,NA,0.555555555555556,0.555555555555556,FALSE
"Zotu4954",3.59593796476956e-05,14,NA,0.611111111111111,0.611111111111111,FALSE
"Zotu2655",5.08865274080288e-05,13,NA,0.603174603174603,0.603174603174603,FALSE
"Zotu4675",0.000109998310772314,35,NA,0.777777777777778,0.777777777777778,FALSE
"Zotu716",0.000206043149253113,35,NA,0.277777777777778,0.277777777777778,FALSE
"Zotu6145",1.84848413434016e-05,5,NA,0.53968253968254,0.53968253968254,FALSE
"Zotu1280",0.000118115686071206,26,NA,0.706349206349206,0.706349206349206,FALSE
"Zotu5234",1.18117637137402e-05,7,NA,0.555555555555556,0.555555555555556,FALSE
"Zotu4951",1.24134827170984e-05,8,NA,0.563492063492063,0.563492063492063,FALSE
"Zotu5607",1.67515229217781e-05,7,NA,0.555555555555556,0.555555555555556,FALSE
"Zotu2664",7.15999728657241e-05,16,NA,0.626984126984127,0.626984126984127,FALSE
"Zotu2239",6.27398148362951e-05,22,NA,0.674603174603175,0.674603174603175,FALSE
"Zotu4209",2.92786771172585e-05,10,NA,0.57936507936508,0.57936507936508,FALSE
"Zotu2588",6.46940775845352e-05,28,NA,0.722222222222222,0.722222222222222,FALSE
"Zotu5314",1.29342812797133e-05,5,NA,0.53968253968254,0.53968253968254,FALSE
"Zotu5492",3.59716774930787e-05,12,NA,0.595238095238095,0.595238095238095,FALSE
"Zotu2936",6.95691738823957e-05,21,NA,0.666666666666667,0.666666666666667,FALSE
"Zotu5729",2.42710027154409e-05,6,NA,0.547619047619048,0.547619047619048,FALSE
"Zotu6207",1.30176972139117e-05,5,NA,0.53968253968254,0.53968253968254,FALSE
"Zotu2211",8.3921897562786e-05,16,NA,0.626984126984127,0.626984126984127,FALSE
"Zotu6038",2.44649526387773e-05,9,NA,0.0714285714285715,0.0714285714285715,TRUE
"Zotu3037",3.64703517780243e-05,15,NA,0.619047619047619,0.619047619047619,FALSE
"Zotu4727",3.63471744692516e-05,10,NA,0.57936507936508,0.57936507936508,FALSE
"Zotu5770",1.97796731341464e-05,9,NA,0.571428571428571,0.571428571428571,FALSE
"Zotu6309",1.11789496062582e-05,7,NA,0.555555555555556,0.555555555555556,FALSE
"Zotu4236",1.32583206291267e-05,11,NA,0.587301587301587,0.587301587301587,FALSE
"Zotu2522",7.37478179048471e-05,11,NA,0.587301587301587,0.587301587301587,FALSE
"Zotu4606",0.000142287864222953,16,NA,0.626984126984127,0.626984126984127,FALSE
"Zotu3708",3.16679680442668e-05,8,NA,0.563492063492063,0.563492063492063,FALSE
"Zotu1690",7.2060512978239e-05,17,NA,0.634920634920635,0.634920634920635,FALSE
"Zotu1867",8.26198381969778e-05,21,NA,0.666666666666667,0.666666666666667,FALSE
"Zotu6283",4.25852354967005e-05,15,NA,0.119047619047619,0.119047619047619,FALSE
"Zotu5015",2.81229525097213e-05,11,NA,0.587301587301587,0.587301587301587,FALSE
"Zotu3577",2.98637455321246e-05,18,NA,0.642857142857143,0.642857142857143,FALSE
"Zotu4461",2.36954004571931e-05,5,NA,0.53968253968254,0.53968253968254,FALSE
"Zotu5656",1.91199286746054e-05,11,NA,0.0873015873015873,0.0873015873015873,TRUE
"Zotu3857",3.91108562662498e-05,7,NA,0.555555555555556,0.555555555555556,FALSE
"Zotu959",0.000148528662264562,32,NA,0.253968253968254,0.253968253968254,FALSE
"Zotu2981",3.67325990457842e-05,6,NA,0.547619047619048,0.547619047619048,FALSE
"Zotu4158",2.07825783021776e-05,8,NA,0.563492063492063,0.563492063492063,FALSE
"Zotu6118",2.67708962408166e-05,9,NA,0.571428571428571,0.571428571428571,FALSE
"Zotu5299",2.33077404441818e-05,13,NA,0.603174603174603,0.603174603174603,FALSE
"Zotu5619",2.4908059774505e-05,9,NA,0.571428571428571,0.571428571428571,FALSE
"Zotu2599",6.23686964046361e-05,14,NA,0.611111111111111,0.611111111111111,FALSE
"Zotu3136",4.48367277826468e-05,11,NA,0.587301587301587,0.587301587301587,FALSE
"Zotu1827",7.42698819835866e-05,15,NA,0.619047619047619,0.619047619047619,FALSE
"Zotu1338",0.000107684494230303,24,NA,0.69047619047619,0.69047619047619,FALSE
"Zotu5201",2.19991356140299e-05,9,NA,0.571428571428571,0.571428571428571,FALSE
"Zotu5105",3.06204725758632e-05,10,NA,0.57936507936508,0.57936507936508,FALSE
"Zotu4548",1.9931673154135e-05,9,NA,0.571428571428571,0.571428571428571,FALSE
"Zotu4292",2.93645328474938e-05,5,NA,0.53968253968254,0.53968253968254,FALSE
"Zotu6280",2.31958817785907e-05,10,NA,0.57936507936508,0.57936507936508,FALSE
"Zotu4274",3.06854506215214e-05,9,NA,0.0714285714285715,0.0714285714285715,TRUE
"Zotu3840",4.01986250355723e-05,15,NA,0.619047619047619,0.619047619047619,FALSE
"Zotu3639",1.96029708389314e-05,10,NA,0.57936507936508,0.57936507936508,FALSE
"Zotu1615",9.42444173147586e-05,18,NA,0.642857142857143,0.642857142857143,FALSE
"Zotu3562",3.47759016329891e-05,15,NA,0.619047619047619,0.619047619047619,FALSE
"Zotu6115",2.25120364876643e-05,10,NA,0.57936507936508,0.57936507936508,FALSE
"Zotu2496",6.5078632917172e-05,26,NA,0.206349206349206,0.206349206349206,FALSE
"Zotu4455",2.0467192291968e-05,11,NA,0.0873015873015873,0.0873015873015873,TRUE
"Zotu3041",2.07631198156139e-05,6,NA,0.547619047619048,0.547619047619048,FALSE
"Zotu4610",2.04794242350905e-05,16,NA,0.626984126984127,0.626984126984127,FALSE
"Zotu4777",1.90690823482577e-05,3,NA,0.523809523809524,0.523809523809524,FALSE
"Zotu5750",1.2183127152332e-05,6,NA,0.0476190476190477,0.0476190476190477,TRUE
"Zotu728",0.000206941916728955,41,NA,0.325396825396825,0.325396825396825,FALSE
"Zotu4444",8.66938494844754e-05,12,NA,0.595238095238095,0.595238095238095,FALSE
"Zotu5821",3.29553277739491e-05,12,NA,0.595238095238095,0.595238095238095,FALSE
"Zotu1195",0.00011518806881264,26,NA,0.706349206349206,0.706349206349206,FALSE
"Zotu3907",2.89516165455215e-05,9,NA,0.571428571428571,0.571428571428571,FALSE
"Zotu3457",4.69934847495506e-05,17,NA,0.634920634920635,0.634920634920635,FALSE
"Zotu1263",0.000125180501460393,26,NA,0.706349206349206,0.706349206349206,FALSE
"Zotu4221",2.3750766423288e-05,12,NA,0.595238095238095,0.595238095238095,FALSE
"Zotu3986",2.81606534148024e-05,10,NA,0.57936507936508,0.57936507936508,FALSE
"Zotu4166",1.94173130151105e-05,9,NA,0.571428571428571,0.571428571428571,FALSE
"Zotu6341",8.87062043879658e-06,4,NA,0.531746031746032,0.531746031746032,FALSE
"Zotu4360",3.77330140504774e-05,16,NA,0.626984126984127,0.626984126984127,FALSE
"Zotu6046",1.62176189731513e-05,7,NA,0.555555555555556,0.555555555555556,FALSE
"Zotu6383",2.18274421504272e-05,7,NA,0.555555555555556,0.555555555555556,FALSE
"Zotu5514",1.45305455187064e-05,6,NA,0.547619047619048,0.547619047619048,FALSE
"Zotu5536",4.46733057485631e-05,12,NA,0.595238095238095,0.595238095238095,FALSE
"Zotu4407",4.42589757035364e-05,17,NA,0.634920634920635,0.634920634920635,FALSE
"Zotu6318",3.79423966070901e-05,13,NA,0.603174603174603,0.603174603174603,FALSE
"Zotu3412",3.19300735133555e-05,10,NA,0.57936507936508,0.57936507936508,FALSE
"Zotu1759",7.96929305660718e-05,24,NA,0.69047619047619,0.69047619047619,FALSE
"Zotu6016",3.44191475710582e-05,13,NA,0.603174603174603,0.603174603174603,FALSE
"Zotu4055",3.87442654534009e-05,18,NA,0.642857142857143,0.642857142857143,FALSE
"Zotu5351",1.84497299016117e-05,5,NA,0.53968253968254,0.53968253968254,FALSE
"Zotu5445",2.12955187460768e-05,7,NA,0.555555555555556,0.555555555555556,FALSE
"Zotu3232",4.67855777363667e-05,9,NA,0.0714285714285715,0.0714285714285715,TRUE
"Zotu4920",2.6994907441122e-05,10,NA,0.57936507936508,0.57936507936508,FALSE
"Zotu5854",4.29837246292588e-05,16,NA,0.626984126984127,0.626984126984127,FALSE
"Zotu1515",9.7563149250511e-05,20,NA,0.658730158730159,0.658730158730159,FALSE
"Zotu1458",0.000102589595696486,25,NA,0.198412698412698,0.198412698412698,FALSE
"Zotu6006",2.50809569930879e-05,8,NA,0.563492063492063,0.563492063492063,FALSE
"Zotu1990",6.44025352607363e-05,21,NA,0.666666666666667,0.666666666666667,FALSE
"Zotu6244",4.70398970925148e-05,16,NA,0.626984126984127,0.626984126984127,FALSE
"Zotu1340",9.64940197234306e-05,17,NA,0.634920634920635,0.634920634920635,FALSE
"Zotu5239",2.80857980103577e-05,13,NA,0.603174603174603,0.603174603174603,FALSE
"Zotu5378",9.55308896526873e-06,6,NA,0.547619047619048,0.547619047619048,FALSE
"Zotu2626",6.8926768084111e-05,14,NA,0.611111111111111,0.611111111111111,FALSE
"Zotu2179",4.59295261092175e-05,11,NA,0.587301587301587,0.587301587301587,FALSE
"Zotu1261",9.43087519707576e-05,23,NA,0.682539682539683,0.682539682539683,FALSE
"Zotu5692",3.95061732474763e-05,16,NA,0.626984126984127,0.626984126984127,FALSE
"Zotu5096",2.59092796387244e-05,13,NA,0.603174603174603,0.603174603174603,FALSE
"Zotu2145",5.56538603933311e-05,13,NA,0.603174603174603,0.603174603174603,FALSE
"Zotu5660",2.93073650107e-05,11,NA,0.587301587301587,0.587301587301587,FALSE
"Zotu5992",1.87126051331051e-05,5,NA,0.53968253968254,0.53968253968254,FALSE
"Zotu3781",3.02011374744623e-05,16,NA,0.626984126984127,0.626984126984127,FALSE
"Zotu4090",2.86979073498855e-05,11,NA,0.587301587301587,0.587301587301587,FALSE
"Zotu4047",2.82881399750093e-05,9,NA,0.571428571428571,0.571428571428571,FALSE
"Zotu4665",3.67189363447208e-05,28,NA,0.722222222222222,0.722222222222222,FALSE
"Zotu5077",2.41397567611335e-05,7,NA,0.555555555555556,0.555555555555556,FALSE
"Zotu5669",1.16487257403111e-05,4,NA,0.531746031746032,0.531746031746032,FALSE
"Zotu5929",1.52008629836976e-05,10,NA,0.0793650793650794,0.0793650793650794,TRUE
"Zotu5152",3.03156320517262e-05,9,NA,0.571428571428571,0.571428571428571,FALSE
"Zotu4318",2.45213271940871e-05,11,NA,0.587301587301587,0.587301587301587,FALSE
"Zotu3981",3.15483984559392e-05,7,NA,0.555555555555556,0.555555555555556,FALSE
"Zotu1447",0.000121245768249226,27,NA,0.714285714285714,0.714285714285714,FALSE
"Zotu4322",7.82778935839747e-05,22,NA,0.674603174603175,0.674603174603175,FALSE
"Zotu1019",0.000110134037726325,22,NA,0.674603174603175,0.674603174603175,FALSE
"Zotu3280",4.07093974924794e-05,13,NA,0.603174603174603,0.603174603174603,FALSE
"Zotu5446",1.32666270437159e-05,11,NA,0.587301587301587,0.587301587301587,FALSE
"Zotu2037",9.716975281405e-05,20,NA,0.658730158730159,0.658730158730159,FALSE
"Zotu3816",1.90756308151566e-05,6,NA,0.547619047619048,0.547619047619048,FALSE
"Zotu4365",1.85013479690611e-05,8,NA,0.563492063492063,0.563492063492063,FALSE
"Zotu5892",9.19809986920243e-06,5,NA,0.53968253968254,0.53968253968254,FALSE
"Zotu5500",1.30037732375808e-05,7,NA,0.0555555555555555,0.0555555555555555,TRUE
"Zotu5716",1.30749568408543e-05,6,NA,0.547619047619048,0.547619047619048,FALSE
"Zotu4406",8.70799939736278e-05,26,NA,0.206349206349206,0.206349206349206,FALSE
"Zotu2919",4.74217849830015e-05,19,NA,0.650793650793651,0.650793650793651,FALSE
"Zotu5937",1.69331437724801e-05,4,NA,0.531746031746032,0.531746031746032,FALSE
"Zotu3288",4.83430642958285e-05,15,NA,0.619047619047619,0.619047619047619,FALSE
"Zotu1025",0.000134030289090233,30,NA,0.238095238095238,0.238095238095238,FALSE
"Zotu5300",1.42593208231737e-05,2,NA,0.515873015873016,0.515873015873016,FALSE
"Zotu4328",2.26130474913931e-05,8,NA,0.563492063492063,0.563492063492063,FALSE
"Zotu5587",1.32791420445264e-05,8,NA,0.563492063492063,0.563492063492063,FALSE
"Zotu5640",3.04703850403816e-05,16,NA,0.626984126984127,0.626984126984127,FALSE
"Zotu4728",1.65808912256714e-05,7,NA,0.555555555555556,0.555555555555556,FALSE
"Zotu5606",3.8628580876402e-05,16,NA,0.626984126984127,0.626984126984127,FALSE
"Zotu4720",2.86541970827886e-05,11,NA,0.0873015873015873,0.0873015873015873,TRUE
"Zotu4010",3.03890497456443e-05,10,NA,0.57936507936508,0.57936507936508,FALSE
"Zotu6277",1.63521986385759e-05,6,NA,0.547619047619048,0.547619047619048,FALSE
"Zotu2128",5.77503822805102e-05,21,NA,0.166666666666667,0.166666666666667,FALSE
"Zotu5163",1.70303673989465e-05,7,NA,0.555555555555556,0.555555555555556,FALSE
"Zotu4000",2.37622287288649e-05,7,NA,0.555555555555556,0.555555555555556,FALSE
"Zotu2427",6.07471454531373e-05,17,NA,0.634920634920635,0.634920634920635,FALSE
"Zotu5814",2.10042263145731e-05,11,NA,0.587301587301587,0.587301587301587,FALSE
"Zotu2977",4.25345282283858e-05,17,NA,0.134920634920635,0.134920634920635,FALSE
"Zotu1002",0.000150139558841798,29,NA,0.23015873015873,0.23015873015873,FALSE
"Zotu3142",4.21890458053882e-05,10,NA,0.57936507936508,0.57936507936508,FALSE
"Zotu5825",1.69850477755316e-05,7,NA,0.555555555555556,0.555555555555556,FALSE
"Zotu2378",4.96653933825521e-05,12,NA,0.595238095238095,0.595238095238095,FALSE
"Zotu6308",2.44885291639571e-05,7,NA,0.555555555555556,0.555555555555556,FALSE
"Zotu4362",6.64274943009755e-05,21,NA,0.666666666666667,0.666666666666667,FALSE
"Zotu2314",4.96984490708184e-05,7,NA,0.555555555555556,0.555555555555556,FALSE
"Zotu2272",8.44665119273857e-05,15,NA,0.619047619047619,0.619047619047619,FALSE
"Zotu3135",3.95428930709183e-05,15,NA,0.619047619047619,0.619047619047619,FALSE
"Zotu4343",3.11523083477743e-05,8,NA,0.563492063492063,0.563492063492063,FALSE
"Zotu5515",1.32038501968187e-05,7,NA,0.555555555555556,0.555555555555556,FALSE
"Zotu4339",2.78233490473181e-05,5,NA,0.53968253968254,0.53968253968254,FALSE
"Zotu3698",7.21947559134345e-05,23,NA,0.682539682539683,0.682539682539683,FALSE
"Zotu2360",6.23240115668949e-05,22,NA,0.674603174603175,0.674603174603175,FALSE
"Zotu4902",3.10746232856718e-05,13,NA,0.603174603174603,0.603174603174603,FALSE
"Zotu5262",2.00288701052806e-05,10,NA,0.57936507936508,0.57936507936508,FALSE
"Zotu5049",2.50266367263809e-05,16,NA,0.626984126984127,0.626984126984127,FALSE
"Zotu3231",4.66263233801907e-05,8,NA,0.563492063492063,0.563492063492063,FALSE
"Zotu5665",2.06322032161637e-05,6,NA,0.547619047619048,0.547619047619048,FALSE
"Zotu6123",1.72840658857239e-05,8,NA,0.563492063492063,0.563492063492063,FALSE
"Zotu1233",0.000132254583057045,30,NA,0.238095238095238,0.238095238095238,FALSE
"Zotu2771",3.99854179493248e-05,18,NA,0.142857142857143,0.142857142857143,FALSE
"Zotu6240",3.26288708730437e-05,13,NA,0.603174603174603,0.603174603174603,FALSE
"Zotu3070",3.0981591559132e-05,12,NA,0.595238095238095,0.595238095238095,FALSE
"Zotu5335",2.17001113241923e-05,17,NA,0.634920634920635,0.634920634920635,FALSE
"Zotu2209",4.97704050894104e-05,6,NA,0.547619047619048,0.547619047619048,FALSE
"Zotu6306",1.27883535229749e-05,6,NA,0.547619047619048,0.547619047619048,FALSE
"Zotu5034",2.20893132621992e-05,8,NA,0.563492063492063,0.563492063492063,FALSE
"Zotu5451",2.64484594856319e-05,12,NA,0.595238095238095,0.595238095238095,FALSE
"Zotu1967",8.96821870055955e-05,23,NA,0.682539682539683,0.682539682539683,FALSE
"Zotu6102",1.06366721878669e-05,5,NA,0.53968253968254,0.53968253968254,FALSE
"Zotu4225",4.89898955254625e-05,16,NA,0.626984126984127,0.626984126984127,FALSE
"Zotu1845",6.37059395279239e-05,16,NA,0.626984126984127,0.626984126984127,FALSE
"Zotu2868",7.47412371079004e-05,18,NA,0.142857142857143,0.142857142857143,FALSE
"Zotu5767",3.92368859891393e-05,12,NA,0.0952380952380952,0.0952380952380952,TRUE
"Zotu2177",7.07070713016845e-05,19,NA,0.150793650793651,0.150793650793651,FALSE
"Zotu1883",7.21386598219363e-05,15,NA,0.619047619047619,0.619047619047619,FALSE
"Zotu3791",4.75380857328996e-05,25,NA,0.698412698412698,0.698412698412698,FALSE
"Zotu609",0.00026707128088147,44,NA,0.349206349206349,0.349206349206349,FALSE
"Zotu4066",3.2247415955185e-05,11,NA,0.587301587301587,0.587301587301587,FALSE
"Zotu5279",2.30048030637121e-05,12,NA,0.595238095238095,0.595238095238095,FALSE
"Zotu4295",4.00301325404461e-05,14,NA,0.611111111111111,0.611111111111111,FALSE
"Zotu1288",0.00010411212004403,14,NA,0.611111111111111,0.611111111111111,FALSE
"Zotu5699",7.61017701868907e-06,5,NA,0.53968253968254,0.53968253968254,FALSE
"Zotu6099",3.34670241145988e-05,9,NA,0.571428571428571,0.571428571428571,FALSE
"Zotu5434",2.29299560941529e-05,9,NA,0.571428571428571,0.571428571428571,FALSE
"Zotu1127",0.00014747628151589,26,NA,0.206349206349206,0.206349206349206,FALSE
"Zotu1764",7.00740295252279e-05,6,NA,0.547619047619048,0.547619047619048,FALSE
"Zotu895",0.000146753991868168,18,NA,0.142857142857143,0.142857142857143,FALSE
"Zotu4928",2.42170006919733e-05,13,NA,0.603174603174603,0.603174603174603,FALSE
"Zotu4375",2.24012075838342e-05,13,NA,0.603174603174603,0.603174603174603,FALSE
"Zotu6315",1.28291968400063e-05,8,NA,0.563492063492063,0.563492063492063,FALSE
"Zotu4211",2.7222511899198e-05,7,NA,0.555555555555556,0.555555555555556,FALSE
"Zotu4933",1.31673180145137e-05,7,NA,0.555555555555556,0.555555555555556,FALSE
"Zotu5193",1.72450836770117e-05,9,NA,0.571428571428571,0.571428571428571,FALSE
"Zotu3001",6.14185036620014e-05,19,NA,0.150793650793651,0.150793650793651,FALSE
"Zotu1116",0.000116748330624235,25,NA,0.198412698412698,0.198412698412698,FALSE
"Zotu5545",1.68865289932935e-05,7,NA,0.555555555555556,0.555555555555556,FALSE
"Zotu5007",2.31807175000471e-05,10,NA,0.57936507936508,0.57936507936508,FALSE
"Zotu3470",5.16602421793361e-05,23,NA,0.682539682539683,0.682539682539683,FALSE
"Zotu2225",7.72295121183529e-05,18,NA,0.642857142857143,0.642857142857143,FALSE
"Zotu5269",1.67108790004476e-05,9,NA,0.571428571428571,0.571428571428571,FALSE
"Zotu4805",5.43565389390093e-05,20,NA,0.658730158730159,0.658730158730159,FALSE
"Zotu2070",4.57843729071533e-05,12,NA,0.595238095238095,0.595238095238095,FALSE
"Zotu220",0.000624776361014694,41,NA,0.325396825396825,0.325396825396825,FALSE
"Zotu5865",2.82429634875711e-05,8,NA,0.563492063492063,0.563492063492063,FALSE
"Zotu6089",1.58262413320814e-05,7,NA,0.555555555555556,0.555555555555556,FALSE
"Zotu205",0.000647514761114987,51,NA,0.404761904761905,0.404761904761905,FALSE
"Zotu4332",1.6321441521563e-05,5,NA,0.53968253968254,0.53968253968254,FALSE
"Zotu6323",1.95672291892981e-05,7,NA,0.555555555555556,0.555555555555556,FALSE
"Zotu2949",4.91920538422345e-05,19,NA,0.650793650793651,0.650793650793651,FALSE
"Zotu3306",8.27826666167052e-05,25,NA,0.698412698412698,0.698412698412698,FALSE
"Zotu1949",6.75359746021736e-05,20,NA,0.158730158730159,0.158730158730159,FALSE
"Zotu1568",6.26389141039989e-05,19,NA,0.650793650793651,0.650793650793651,FALSE
"Zotu1778",0.00011300202551773,29,NA,0.73015873015873,0.73015873015873,FALSE
"Zotu5048",1.21691858117405e-05,9,NA,0.571428571428571,0.571428571428571,FALSE
"Zotu1643",7.74076848974252e-05,18,NA,0.642857142857143,0.642857142857143,FALSE
"Zotu4930",2.08267089837304e-05,7,NA,0.555555555555556,0.555555555555556,FALSE
"Zotu5863",2.01767379181559e-05,13,NA,0.603174603174603,0.603174603174603,FALSE
"Zotu3421",3.11463497440362e-05,17,NA,0.134920634920635,0.134920634920635,FALSE
"Zotu3506",4.98777391071259e-05,12,NA,0.595238095238095,0.595238095238095,FALSE
"Zotu4784",1.51906456503699e-05,6,NA,0.547619047619048,0.547619047619048,FALSE
"Zotu4655",2.14851722893897e-05,4,NA,0.531746031746032,0.531746031746032,FALSE
"Zotu4745",2.31623108700357e-05,6,NA,0.547619047619048,0.547619047619048,FALSE
"Zotu3844",2.48728856765283e-05,8,NA,0.563492063492063,0.563492063492063,FALSE
"Zotu6085",1.29600086113754e-05,3,NA,0.523809523809524,0.523809523809524,FALSE
"Zotu5747",2.30125768032434e-05,10,NA,0.57936507936508,0.57936507936508,FALSE
"Zotu5116",2.89036546343688e-05,14,NA,0.611111111111111,0.611111111111111,FALSE
"Zotu3716",2.26523800544966e-05,11,NA,0.587301587301587,0.587301587301587,FALSE
"Zotu4987",2.16204838635332e-05,9,NA,0.571428571428571,0.571428571428571,FALSE
"Zotu3719",7.44653481170323e-05,26,NA,0.706349206349206,0.706349206349206,FALSE
"Zotu4257",3.90151375077595e-05,10,NA,0.57936507936508,0.57936507936508,FALSE
"Zotu4890",1.5969413707623e-05,10,NA,0.57936507936508,0.57936507936508,FALSE
"Zotu4965",1.86254416936072e-05,7,NA,0.555555555555556,0.555555555555556,FALSE
"Zotu1161",0.000125208714670981,31,NA,0.746031746031746,0.746031746031746,FALSE
"Zotu3304",3.26460855516012e-05,16,NA,0.626984126984127,0.626984126984127,FALSE
"Zotu4341",3.11654644425177e-05,12,NA,0.595238095238095,0.595238095238095,FALSE
"Zotu3580",2.4415380322869e-05,4,NA,0.531746031746032,0.531746031746032,FALSE
"Zotu5391",2.56359771435553e-05,14,NA,0.611111111111111,0.611111111111111,FALSE
"Zotu1937",6.68635241787046e-05,22,NA,0.674603174603175,0.674603174603175,FALSE
"Zotu4613",2.58938935293852e-05,13,NA,0.603174603174603,0.603174603174603,FALSE
"Zotu3687",3.77571737430702e-05,11,NA,0.587301587301587,0.587301587301587,FALSE
"Zotu5868",1.9331413705535e-05,8,NA,0.563492063492063,0.563492063492063,FALSE
"Zotu5903",1.36363604368994e-05,6,NA,0.547619047619048,0.547619047619048,FALSE
"Zotu5605",1.27026852919353e-05,8,NA,0.563492063492063,0.563492063492063,FALSE
"Zotu3552",2.38846760656047e-05,9,NA,0.571428571428571,0.571428571428571,FALSE
"Zotu5953",1.86848514411489e-05,14,NA,0.611111111111111,0.611111111111111,FALSE
"Zotu6009",2.4576689757165e-05,10,NA,0.57936507936508,0.57936507936508,FALSE
"Zotu902",0.000147177322156605,27,NA,0.714285714285714,0.714285714285714,FALSE
"Zotu4015",3.10945370264907e-05,15,NA,0.619047619047619,0.619047619047619,FALSE
"Zotu4741",1.55497970762779e-05,6,NA,0.547619047619048,0.547619047619048,FALSE
"Zotu6206",1.28153857782669e-05,7,NA,0.555555555555556,0.555555555555556,FALSE
"Zotu5038",1.04370216085908e-05,5,NA,0.53968253968254,0.53968253968254,FALSE
"Zotu5463",4.90432865783293e-05,26,NA,0.206349206349206,0.206349206349206,FALSE
"Zotu6300",1.40406926138609e-05,5,NA,0.53968253968254,0.53968253968254,FALSE
"Zotu5521",1.68969337587636e-05,9,NA,0.571428571428571,0.571428571428571,FALSE
"Zotu6045",1.30627933293392e-05,7,NA,0.555555555555556,0.555555555555556,FALSE
"Zotu3307",3.99879018080356e-05,15,NA,0.119047619047619,0.119047619047619,FALSE
"Zotu5281",1.18526098920175e-05,3,NA,0.523809523809524,0.523809523809524,FALSE
"Zotu1524",8.28418834728656e-05,24,NA,0.19047619047619,0.19047619047619,FALSE
"Zotu2939",4.81664837472178e-05,16,NA,0.626984126984127,0.626984126984127,FALSE
"Zotu1286",0.000117212838931048,28,NA,0.222222222222222,0.222222222222222,FALSE
"Zotu4317",4.46429609509057e-05,16,NA,0.626984126984127,0.626984126984127,FALSE
"Zotu3178",3.99371955369059e-05,13,NA,0.103174603174603,0.103174603174603,FALSE
"Zotu4518",2.1484045435596e-05,12,NA,0.595238095238095,0.595238095238095,FALSE
"Zotu5254",3.56754556285073e-05,15,NA,0.619047619047619,0.619047619047619,FALSE
"Zotu5569",2.4807928860691e-05,12,NA,0.595238095238095,0.595238095238095,FALSE
"Zotu3976",1.76760924907934e-05,8,NA,0.563492063492063,0.563492063492063,FALSE
"Zotu3028",5.14311067284641e-05,17,NA,0.634920634920635,0.634920634920635,FALSE
"Zotu5667",1.59696953911194e-05,11,NA,0.587301587301587,0.587301587301587,FALSE
"Zotu1428",8.48500104101581e-05,15,NA,0.619047619047619,0.619047619047619,FALSE
"Zotu5576",1.57842257209861e-05,3,NA,0.523809523809524,0.523809523809524,FALSE
"Zotu3914",3.01775139525919e-05,14,NA,0.611111111111111,0.611111111111111,FALSE
"Zotu3003",3.57912264089047e-05,12,NA,0.0952380952380952,0.0952380952380952,TRUE
"Zotu3684",2.67795958264881e-05,11,NA,0.587301587301587,0.587301587301587,FALSE
"Zotu3571",3.16240971996608e-05,10,NA,0.57936507936508,0.57936507936508,FALSE
"Zotu697",0.000206497557647573,30,NA,0.738095238095238,0.738095238095238,FALSE
"Zotu5714",1.2516096600349e-05,3,NA,0.523809523809524,0.523809523809524,FALSE
"Zotu5851",1.2598972038304e-05,7,NA,0.555555555555556,0.555555555555556,FALSE
"Zotu2255",7.0720800352231e-05,24,NA,0.69047619047619,0.69047619047619,FALSE
"Zotu5759",3.46655488521906e-05,14,NA,0.611111111111111,0.611111111111111,FALSE
"Zotu2426",4.32882528538479e-05,13,NA,0.603174603174603,0.603174603174603,FALSE
"Zotu6295",1.18529713788431e-05,6,NA,0.547619047619048,0.547619047619048,FALSE
"Zotu6042",3.5363221724191e-05,7,NA,0.555555555555556,0.555555555555556,FALSE
"Zotu5209",1.43136985965793e-05,6,NA,0.547619047619048,0.547619047619048,FALSE
"Zotu4103",3.94996617397148e-05,6,NA,0.547619047619048,0.547619047619048,FALSE
"Zotu6220",2.09840591590189e-05,9,NA,0.571428571428571,0.571428571428571,FALSE
"Zotu6327",8.46198649950455e-06,5,NA,0.53968253968254,0.53968253968254,FALSE
"Zotu4536",2.50362962013935e-05,10,NA,0.57936507936508,0.57936507936508,FALSE
"Zotu937",0.00012798742359259,25,NA,0.698412698412698,0.698412698412698,FALSE
"Zotu6253",1.21932660048264e-05,10,NA,0.57936507936508,0.57936507936508,FALSE
"Zotu1751",7.0697064851741e-05,16,NA,0.626984126984127,0.626984126984127,FALSE
"Zotu3315",2.37345785275421e-05,7,NA,0.555555555555556,0.555555555555556,FALSE
"Zotu5914",1.77482342236746e-05,5,NA,0.53968253968254,0.53968253968254,FALSE
"Zotu5796",2.46572828493674e-05,10,NA,0.57936507936508,0.57936507936508,FALSE
"Zotu3089",3.75925312986546e-05,4,NA,0.531746031746032,0.531746031746032,FALSE
"Zotu1607",9.47797318083068e-05,20,NA,0.158730158730159,0.158730158730159,FALSE
"Zotu3286",3.49416245794423e-05,6,NA,0.547619047619048,0.547619047619048,FALSE
"Zotu1213",9.14743290214494e-05,16,NA,0.626984126984127,0.626984126984127,FALSE
"Zotu3875",2.97330796680602e-05,10,NA,0.57936507936508,0.57936507936508,FALSE
"Zotu1848",6.71104438443972e-05,15,NA,0.619047619047619,0.619047619047619,FALSE
"Zotu1544",9.71942942677227e-05,23,NA,0.182539682539683,0.182539682539683,FALSE
"Zotu4446",2.28223386761267e-05,10,NA,0.57936507936508,0.57936507936508,FALSE
"Zotu5481",2.25027330385296e-05,10,NA,0.57936507936508,0.57936507936508,FALSE
"Zotu5156",1.87105838075744e-05,7,NA,0.555555555555556,0.555555555555556,FALSE
"Zotu5663",1.50897704612496e-05,9,NA,0.571428571428571,0.571428571428571,FALSE
"Zotu4244",2.4384953698725e-05,10,NA,0.57936507936508,0.57936507936508,FALSE
"Zotu4124",3.48769246693131e-05,15,NA,0.119047619047619,0.119047619047619,FALSE
"Zotu2289",6.28402251477015e-05,17,NA,0.634920634920635,0.634920634920635,FALSE
"Zotu5933",1.64551112629243e-05,11,NA,0.587301587301587,0.587301587301587,FALSE
"Zotu1814",9.16709737157031e-05,13,NA,0.603174603174603,0.603174603174603,FALSE
"Zotu3713",2.6540080074269e-05,11,NA,0.0873015873015873,0.0873015873015873,TRUE
"Zotu2035",8.71233549125491e-05,18,NA,0.642857142857143,0.642857142857143,FALSE
"Zotu2144",5.56518622937501e-05,28,NA,0.722222222222222,0.722222222222222,FALSE
"Zotu2720",4.95852735776274e-05,17,NA,0.634920634920635,0.634920634920635,FALSE
"Zotu5496",1.39380466416081e-05,5,NA,0.53968253968254,0.53968253968254,FALSE
"Zotu957",0.000144970147473459,13,NA,0.603174603174603,0.603174603174603,FALSE
"Zotu4388",2.88878501432805e-05,18,NA,0.642857142857143,0.642857142857143,FALSE
"Zotu3538",4.39358097979626e-05,19,NA,0.650793650793651,0.650793650793651,FALSE
"Zotu4219",4.38293158724095e-05,14,NA,0.611111111111111,0.611111111111111,FALSE
"Zotu5339",1.01415218823231e-05,6,NA,0.547619047619048,0.547619047619048,FALSE
"Zotu6286",1.78235804915597e-05,11,NA,0.587301587301587,0.587301587301587,FALSE
"Zotu2817",3.55418917074128e-05,12,NA,0.595238095238095,0.595238095238095,FALSE
"Zotu1993",5.64260993551317e-05,13,NA,0.103174603174603,0.103174603174603,FALSE
"Zotu5777",1.4792613404699e-05,4,NA,0.531746031746032,0.531746031746032,FALSE
"Zotu4424",2.3647290736522e-05,5,NA,0.53968253968254,0.53968253968254,FALSE
"Zotu2137",5.24004188395175e-05,8,NA,0.563492063492063,0.563492063492063,FALSE
"Zotu3077",5.44853870083657e-05,16,NA,0.626984126984127,0.626984126984127,FALSE
"Zotu2622",4.77060061969952e-05,16,NA,0.626984126984127,0.626984126984127,FALSE
"Zotu1269",0.000117697093273143,29,NA,0.73015873015873,0.73015873015873,FALSE
"Zotu4138",2.63708844510572e-05,4,NA,0.531746031746032,0.531746031746032,FALSE
"Zotu1540",0.000150799215899198,36,NA,0.285714285714286,0.285714285714286,FALSE
"Zotu6162",2.2009430723168e-05,9,NA,0.571428571428571,0.571428571428571,FALSE
"Zotu5235",1.72334225321556e-05,5,NA,0.53968253968254,0.53968253968254,FALSE
"Zotu2443",6.49163229072849e-05,20,NA,0.658730158730159,0.658730158730159,FALSE
"Zotu1786",8.03081139072385e-05,20,NA,0.658730158730159,0.658730158730159,FALSE
"Zotu1172",0.000112249031487659,24,NA,0.69047619047619,0.69047619047619,FALSE
"Zotu1692",0.000101711679980414,16,NA,0.626984126984127,0.626984126984127,FALSE
"Zotu993",0.000118647174594559,32,NA,0.753968253968254,0.753968253968254,FALSE
"Zotu819",0.000171522481528034,19,NA,0.650793650793651,0.650793650793651,FALSE
"Zotu6221",1.18560932390858e-05,6,NA,0.547619047619048,0.547619047619048,FALSE
"Zotu3965",2.83236468499169e-05,5,NA,0.53968253968254,0.53968253968254,FALSE
"Zotu3118",2.7668194072051e-05,11,NA,0.0873015873015873,0.0873015873015873,TRUE
"Zotu1097",0.000189288299236454,30,NA,0.238095238095238,0.238095238095238,FALSE
"Zotu4995",2.33834189880954e-05,12,NA,0.595238095238095,0.595238095238095,FALSE
"Zotu2915",3.22206766440093e-05,11,NA,0.0873015873015873,0.0873015873015873,TRUE
"Zotu5162",1.2338724609319e-05,3,NA,0.523809523809524,0.523809523809524,FALSE
"Zotu2730",4.88703168508441e-05,18,NA,0.642857142857143,0.642857142857143,FALSE
"Zotu4694",2.61116747285411e-05,9,NA,0.0714285714285715,0.0714285714285715,TRUE
"Zotu6279",2.56434173308029e-05,9,NA,0.571428571428571,0.571428571428571,FALSE
"Zotu918",0.000160364184243482,20,NA,0.658730158730159,0.658730158730159,FALSE
"Zotu5754",1.7557961184089e-05,7,NA,0.555555555555556,0.555555555555556,FALSE
"Zotu726",0.00023854488135251,34,NA,0.76984126984127,0.76984126984127,FALSE
"Zotu4985",3.32187198925643e-05,18,NA,0.642857142857143,0.642857142857143,FALSE
"Zotu1772",7.87934122297961e-05,18,NA,0.642857142857143,0.642857142857143,FALSE
"Zotu2083",5.18239138891691e-05,13,NA,0.603174603174603,0.603174603174603,FALSE
"Zotu4560",4.53087307524802e-05,11,NA,0.0873015873015873,0.0873015873015873,TRUE
"Zotu2632",5.19802550875169e-05,15,NA,0.619047619047619,0.619047619047619,FALSE
"Zotu4267",2.3311635111091e-05,8,NA,0.563492063492063,0.563492063492063,FALSE
"Zotu4075",2.10665913703673e-05,9,NA,0.571428571428571,0.571428571428571,FALSE
"Zotu2701",3.82460342862668e-05,18,NA,0.642857142857143,0.642857142857143,FALSE
"Zotu5816",1.11950216017818e-05,3,NA,0.523809523809524,0.523809523809524,FALSE
"Zotu3329",3.21146221924291e-05,8,NA,0.563492063492063,0.563492063492063,FALSE
"Zotu3705",3.86290605508608e-05,13,NA,0.603174603174603,0.603174603174603,FALSE
"Zotu4127",2.71247704022906e-05,4,NA,0.531746031746032,0.531746031746032,FALSE
"Zotu3069",4.55588399655317e-05,9,NA,0.571428571428571,0.571428571428571,FALSE
"Zotu6355",1.62703099560754e-05,10,NA,0.57936507936508,0.57936507936508,FALSE
"Zotu4252",3.06926304770073e-05,5,NA,0.53968253968254,0.53968253968254,FALSE
"Zotu662",0.000271155975868175,39,NA,0.30952380952381,0.30952380952381,FALSE
"Zotu1648",6.18894177865785e-05,17,NA,0.634920634920635,0.634920634920635,FALSE
"Zotu5982",1.97084969246804e-05,10,NA,0.57936507936508,0.57936507936508,FALSE
"Zotu1517",8.67994957002164e-05,22,NA,0.674603174603175,0.674603174603175,FALSE
"Zotu1678",8.42199732089722e-05,26,NA,0.206349206349206,0.206349206349206,FALSE
"Zotu6084",3.08958277031634e-05,12,NA,0.595238095238095,0.595238095238095,FALSE
"Zotu4604",2.19624633934096e-05,9,NA,0.571428571428571,0.571428571428571,FALSE
"Zotu4086",1.79210304926496e-05,9,NA,0.571428571428571,0.571428571428571,FALSE
"Zotu2875",3.5149702058558e-05,13,NA,0.603174603174603,0.603174603174603,FALSE
"Zotu4636",2.62585245875894e-05,10,NA,0.57936507936508,0.57936507936508,FALSE
"Zotu4022",2.86668366949511e-05,12,NA,0.595238095238095,0.595238095238095,FALSE
"Zotu1278",0.000105545674252168,23,NA,0.182539682539683,0.182539682539683,FALSE
"Zotu3385",2.44099465304136e-05,11,NA,0.587301587301587,0.587301587301587,FALSE
"Zotu6008",2.33984135622773e-05,6,NA,0.547619047619048,0.547619047619048,FALSE
"Zotu5025",1.59117155200135e-05,7,NA,0.555555555555556,0.555555555555556,FALSE
"Zotu3180",3.56713536340937e-05,11,NA,0.587301587301587,0.587301587301587,FALSE
"Zotu4848",1.29455318711488e-05,7,NA,0.555555555555556,0.555555555555556,FALSE
"Zotu4820",1.64286482102936e-05,9,NA,0.571428571428571,0.571428571428571,FALSE
"Zotu1923",5.82302093904156e-05,16,NA,0.626984126984127,0.626984126984127,FALSE
"Zotu2644",4.37763020667136e-05,19,NA,0.650793650793651,0.650793650793651,FALSE
"Zotu2163",6.15479067388611e-05,13,NA,0.603174603174603,0.603174603174603,FALSE
"Zotu5308",1.87249223271408e-05,6,NA,0.547619047619048,0.547619047619048,FALSE
"Zotu5350",2.61117519668806e-05,8,NA,0.563492063492063,0.563492063492063,FALSE
"Zotu6004",1.81417142901821e-05,9,NA,0.571428571428571,0.571428571428571,FALSE
"Zotu891",0.000182561059496188,33,NA,0.761904761904762,0.761904761904762,FALSE
"Zotu4763",5.34384940169577e-05,15,NA,0.619047619047619,0.619047619047619,FALSE
"Zotu2692",5.6612339793498e-05,9,NA,0.0714285714285715,0.0714285714285715,TRUE
"Zotu3740",3.62713803446487e-05,17,NA,0.634920634920635,0.634920634920635,FALSE
"Zotu5962",3.21177928000416e-05,15,NA,0.619047619047619,0.619047619047619,FALSE
"Zotu4873",1.20704845859163e-05,7,NA,0.0555555555555555,0.0555555555555555,TRUE
"Zotu3747",4.07304545718316e-05,13,NA,0.603174603174603,0.603174603174603,FALSE
"Zotu2894",3.60381309933046e-05,11,NA,0.587301587301587,0.587301587301587,FALSE
"Zotu2376",6.23885792805916e-05,16,NA,0.626984126984127,0.626984126984127,FALSE
"Zotu853",0.000142308266375825,26,NA,0.206349206349206,0.206349206349206,FALSE
"Zotu2130",7.88907282451006e-05,22,NA,0.174603174603175,0.174603174603175,FALSE
"Zotu456",0.000329076572091135,37,NA,0.793650793650794,0.793650793650794,FALSE
"Zotu6350",4.16509058142512e-05,8,NA,0.563492063492063,0.563492063492063,FALSE
"Zotu4730",8.90134766138776e-06,2,NA,0.515873015873016,0.515873015873016,FALSE
"Zotu3837",3.33674847328292e-05,15,NA,0.619047619047619,0.619047619047619,FALSE
"Zotu3276",4.9540659952864e-05,24,NA,0.69047619047619,0.69047619047619,FALSE
"Zotu6070",1.0199195170014e-05,8,NA,0.563492063492063,0.563492063492063,FALSE
"Zotu5876",1.00761355590798e-05,4,NA,0.531746031746032,0.531746031746032,FALSE
"Zotu2174",5.50633066206592e-05,19,NA,0.650793650793651,0.650793650793651,FALSE
"Zotu1799",5.25238272069977e-05,22,NA,0.674603174603175,0.674603174603175,FALSE
"Zotu5657",2.74751488353246e-05,5,NA,0.53968253968254,0.53968253968254,FALSE
"Zotu5338",2.31452165011485e-05,8,NA,0.563492063492063,0.563492063492063,FALSE
"Zotu2101",5.16233478346253e-05,10,NA,0.57936507936508,0.57936507936508,FALSE
"Zotu5520",2.49627319484799e-05,9,NA,0.0714285714285715,0.0714285714285715,TRUE
"Zotu5094",2.81559153745839e-05,10,NA,0.57936507936508,0.57936507936508,FALSE
"Zotu5155",2.44278015562456e-05,7,NA,0.555555555555556,0.555555555555556,FALSE
"Zotu5329",2.44793209417937e-05,10,NA,0.57936507936508,0.57936507936508,FALSE
"Zotu1992",6.56273082133833e-05,18,NA,0.642857142857143,0.642857142857143,FALSE
"Zotu3272",3.71792182992403e-05,10,NA,0.57936507936508,0.57936507936508,FALSE
"Zotu1691",6.25964117823526e-05,13,NA,0.603174603174603,0.603174603174603,FALSE
"Zotu5602",1.51629711573061e-05,3,NA,0.523809523809524,0.523809523809524,FALSE
"Zotu3015",4.88089465021432e-05,13,NA,0.603174603174603,0.603174603174603,FALSE
"Zotu5204",3.12369452288418e-05,15,NA,0.619047619047619,0.619047619047619,FALSE
"Zotu5420",2.21313762965523e-05,7,NA,0.555555555555556,0.555555555555556,FALSE
"Zotu5730",1.69519213205098e-05,7,NA,0.555555555555556,0.555555555555556,FALSE
"Zotu4757",3.13688099157898e-05,18,NA,0.142857142857143,0.142857142857143,FALSE
"Zotu1976",7.12679164126859e-05,21,NA,0.166666666666667,0.166666666666667,FALSE
"Zotu3658",3.5299812177338e-05,14,NA,0.611111111111111,0.611111111111111,FALSE
"Zotu3555",3.34169280066219e-05,14,NA,0.111111111111111,0.111111111111111,FALSE
"Zotu6362",1.99303594939482e-05,11,NA,0.587301587301587,0.587301587301587,FALSE
"Zotu3967",2.38490709232453e-05,8,NA,0.563492063492063,0.563492063492063,FALSE
"Zotu1431",7.47454396948258e-05,12,NA,0.595238095238095,0.595238095238095,FALSE
"Zotu1628",9.89877098411541e-05,16,NA,0.626984126984127,0.626984126984127,FALSE
"Zotu1320",0.000108170560803013,24,NA,0.69047619047619,0.69047619047619,FALSE
"Zotu4279",2.14230643124745e-05,14,NA,0.611111111111111,0.611111111111111,FALSE
"Zotu4488",2.01037381862699e-05,7,NA,0.555555555555556,0.555555555555556,FALSE
"Zotu2689",5.97806383946985e-05,21,NA,0.166666666666667,0.166666666666667,FALSE
"Zotu3731",5.20437566893409e-05,23,NA,0.682539682539683,0.682539682539683,FALSE
"Zotu6367",2.238948757146e-05,10,NA,0.57936507936508,0.57936507936508,FALSE
"Zotu3408",4.35987210507491e-05,9,NA,0.571428571428571,0.571428571428571,FALSE
"Zotu1973",7.45825523256947e-05,10,NA,0.57936507936508,0.57936507936508,FALSE
"Zotu1768",7.12507096755658e-05,12,NA,0.595238095238095,0.595238095238095,FALSE
"Zotu5881",2.66109306730736e-05,7,NA,0.555555555555556,0.555555555555556,FALSE
"Zotu1682",6.55282663250838e-05,20,NA,0.658730158730159,0.658730158730159,FALSE
"Zotu6257",2.72115660575105e-05,15,NA,0.619047619047619,0.619047619047619,FALSE
"Zotu5668",1.99208765811566e-05,5,NA,0.53968253968254,0.53968253968254,FALSE
"Zotu725",0.000235885886852166,37,NA,0.293650793650794,0.293650793650794,FALSE
"Zotu1454",8.15882094759374e-05,23,NA,0.182539682539683,0.182539682539683,FALSE
"Zotu4909",1.98634038553856e-05,11,NA,0.587301587301587,0.587301587301587,FALSE
"Zotu5809",1.64118364075464e-05,5,NA,0.53968253968254,0.53968253968254,FALSE
"Zotu3953",3.53181802900786e-05,16,NA,0.626984126984127,0.626984126984127,FALSE
"Zotu995",0.000192905837558307,14,NA,0.611111111111111,0.611111111111111,FALSE
"Zotu2430",4.55220236669578e-05,18,NA,0.642857142857143,0.642857142857143,FALSE
"Zotu4286",2.38572323654902e-05,7,NA,0.555555555555556,0.555555555555556,FALSE
"Zotu1835",6.44918370799891e-05,10,NA,0.57936507936508,0.57936507936508,FALSE
"Zotu3239",3.8479159290311e-05,8,NA,0.563492063492063,0.563492063492063,FALSE
"Zotu6287",1.24913141471666e-05,4,NA,0.531746031746032,0.531746031746032,FALSE
"Zotu5397",1.65624301798321e-05,10,NA,0.57936507936508,0.57936507936508,FALSE
"Zotu5315",1.0367383489762e-05,6,NA,0.547619047619048,0.547619047619048,FALSE
"Zotu6088",1.91825009127557e-05,9,NA,0.571428571428571,0.571428571428571,FALSE
"Zotu5676",1.5107997654132e-05,7,NA,0.555555555555556,0.555555555555556,FALSE
"Zotu2464",0.000212948750013994,26,NA,0.206349206349206,0.206349206349206,FALSE
"Zotu4590",1.65272692643336e-05,10,NA,0.57936507936508,0.57936507936508,FALSE
"Zotu1892",5.28715301681379e-05,8,NA,0.563492063492063,0.563492063492063,FALSE
"Zotu2785",3.91550400345283e-05,23,NA,0.682539682539683,0.682539682539683,FALSE
"Zotu2726",5.00302643342355e-05,21,NA,0.166666666666667,0.166666666666667,FALSE
"Zotu2434",5.24502005585403e-05,15,NA,0.619047619047619,0.619047619047619,FALSE
"Zotu1143",0.000124871425648481,26,NA,0.706349206349206,0.706349206349206,FALSE
"Zotu4572",2.06366082084964e-05,10,NA,0.57936507936508,0.57936507936508,FALSE
"Zotu5274",1.81140056664775e-05,12,NA,0.595238095238095,0.595238095238095,FALSE
"Zotu4679",2.54795908868103e-05,11,NA,0.587301587301587,0.587301587301587,FALSE
"Zotu1137",0.00011835665834542,19,NA,0.150793650793651,0.150793650793651,FALSE
"Zotu6261",7.92550996941936e-05,26,NA,0.706349206349206,0.706349206349206,FALSE
"Zotu2751",5.85950180332039e-05,16,NA,0.626984126984127,0.626984126984127,FALSE
"Zotu2029",8.61268696141652e-05,18,NA,0.642857142857143,0.642857142857143,FALSE
"Zotu3532",2.50695757263852e-05,14,NA,0.611111111111111,0.611111111111111,FALSE
"Zotu5687",8.70658626779778e-06,5,NA,0.53968253968254,0.53968253968254,FALSE
"Zotu2905",4.44737117842117e-05,14,NA,0.611111111111111,0.611111111111111,FALSE
"Zotu4833",1.29000742413842e-05,7,NA,0.555555555555556,0.555555555555556,FALSE
"Zotu545",0.000294191569412722,45,NA,0.857142857142857,0.857142857142857,FALSE
"Zotu1828",8.14279053124049e-05,16,NA,0.626984126984127,0.626984126984127,FALSE
"Zotu3010",3.42385897821376e-05,15,NA,0.619047619047619,0.619047619047619,FALSE
"Zotu5934",1.26216597185556e-05,3,NA,0.523809523809524,0.523809523809524,FALSE
"Zotu3477",2.5197078091099e-05,6,NA,0.547619047619048,0.547619047619048,FALSE
"Zotu3500",2.61145086106357e-05,5,NA,0.53968253968254,0.53968253968254,FALSE
"Zotu1725",8.34642674385628e-05,28,NA,0.722222222222222,0.722222222222222,FALSE
"Zotu4325",2.23188136213847e-05,9,NA,0.571428571428571,0.571428571428571,FALSE
"Zotu3053",4.41914436873017e-05,19,NA,0.650793650793651,0.650793650793651,FALSE
"Zotu2893",5.91952889633043e-05,21,NA,0.666666666666667,0.666666666666667,FALSE
"Zotu3176",5.01287093426108e-05,17,NA,0.634920634920635,0.634920634920635,FALSE
"Zotu4058",2.46548855980627e-05,14,NA,0.611111111111111,0.611111111111111,FALSE
"Zotu5083",2.22425547097942e-05,12,NA,0.595238095238095,0.595238095238095,FALSE
"Zotu4515",3.8768732838564e-05,13,NA,0.603174603174603,0.603174603174603,FALSE
"Zotu5421",2.05711471769524e-05,8,NA,0.563492063492063,0.563492063492063,FALSE
"Zotu4690",1.56568254736996e-05,10,NA,0.57936507936508,0.57936507936508,FALSE
"Zotu2337",4.88828694248413e-05,13,NA,0.603174603174603,0.603174603174603,FALSE
"Zotu4559",2.22464479457595e-05,12,NA,0.595238095238095,0.595238095238095,FALSE
"Zotu6364",1.63285157252785e-05,5,NA,0.53968253968254,0.53968253968254,FALSE
"Zotu3078",3.74769756465249e-05,10,NA,0.57936507936508,0.57936507936508,FALSE
"Zotu971",0.000179653806404275,29,NA,0.73015873015873,0.73015873015873,FALSE
"Zotu5080",2.2250257877151e-05,6,NA,0.547619047619048,0.547619047619048,FALSE
"Zotu1756",6.52318530865428e-05,24,NA,0.69047619047619,0.69047619047619,FALSE
"Zotu5186",2.73070084297425e-05,12,NA,0.595238095238095,0.595238095238095,FALSE
"Zotu3569",3.45093220878912e-05,8,NA,0.563492063492063,0.563492063492063,FALSE
"Zotu1917",9.47180795933657e-05,27,NA,0.214285714285714,0.214285714285714,FALSE
"Zotu4076",1.89915082666302e-05,4,NA,0.531746031746032,0.531746031746032,FALSE
"Zotu1999",5.89436871256807e-05,12,NA,0.595238095238095,0.595238095238095,FALSE
"Zotu2294",4.81313630845144e-05,12,NA,0.595238095238095,0.595238095238095,FALSE
"Zotu2313",7.77084445454676e-05,16,NA,0.626984126984127,0.626984126984127,FALSE
"Zotu2950",3.23066115654276e-05,8,NA,0.563492063492063,0.563492063492063,FALSE
"Zotu3150",2.71054942611648e-05,6,NA,0.547619047619048,0.547619047619048,FALSE
"Zotu2323",6.60148611998987e-05,17,NA,0.634920634920635,0.634920634920635,FALSE
"Zotu1709",8.22415305889435e-05,9,NA,0.571428571428571,0.571428571428571,FALSE
"Zotu5951",1.69682186084252e-05,8,NA,0.563492063492063,0.563492063492063,FALSE
"Zotu3233",4.28216666814642e-05,13,NA,0.603174603174603,0.603174603174603,FALSE
"Zotu2043",7.25017681015385e-05,20,NA,0.658730158730159,0.658730158730159,FALSE
"Zotu1946",5.60842714915634e-05,14,NA,0.611111111111111,0.611111111111111,FALSE
"Zotu3995",8.94476496351461e-05,22,NA,0.674603174603175,0.674603174603175,FALSE
"Zotu5608",1.58695880634751e-05,8,NA,0.563492063492063,0.563492063492063,FALSE
"Zotu3352",4.04379877281489e-05,20,NA,0.658730158730159,0.658730158730159,FALSE
"Zotu3542",3.87496476124191e-05,15,NA,0.619047619047619,0.619047619047619,FALSE
"Zotu4169",3.47104865327574e-05,8,NA,0.0634920634920635,0.0634920634920635,TRUE
"Zotu4094",4.0516132789548e-05,12,NA,0.595238095238095,0.595238095238095,FALSE
"Zotu5073",2.41585285807638e-05,13,NA,0.603174603174603,0.603174603174603,FALSE
"Zotu4959",1.80618965402851e-05,6,NA,0.547619047619048,0.547619047619048,FALSE
"Zotu5671",3.37209247615953e-05,16,NA,0.126984126984127,0.126984126984127,FALSE
"Zotu900",0.000166876163467686,29,NA,0.23015873015873,0.23015873015873,FALSE
"Zotu5833",1.33348500918195e-05,7,NA,0.555555555555556,0.555555555555556,FALSE
"Zotu2143",5.11395878698223e-05,19,NA,0.650793650793651,0.650793650793651,FALSE
"Zotu2796",5.3406511518154e-05,11,NA,0.587301587301587,0.587301587301587,FALSE
"Zotu5691",3.50614935468704e-05,13,NA,0.603174603174603,0.603174603174603,FALSE
"Zotu3789",2.43750980842213e-05,14,NA,0.611111111111111,0.611111111111111,FALSE
"Zotu6353",1.02774828402081e-05,3,NA,0.523809523809524,0.523809523809524,FALSE
"Zotu3443",4.33401418026845e-05,11,NA,0.587301587301587,0.587301587301587,FALSE
"Zotu5939",1.96778233191475e-05,10,NA,0.57936507936508,0.57936507936508,FALSE
"Zotu1724",7.6035521619008e-05,23,NA,0.682539682539683,0.682539682539683,FALSE
"Zotu3592",3.27459798037812e-05,12,NA,0.595238095238095,0.595238095238095,FALSE
"Zotu4692",2.33956127865821e-05,10,NA,0.57936507936508,0.57936507936508,FALSE
"Zotu5442",1.83247173900245e-05,9,NA,0.571428571428571,0.571428571428571,FALSE
"Zotu1125",0.000125383214318677,23,NA,0.682539682539683,0.682539682539683,FALSE
"Zotu3633",3.12857739081253e-05,21,NA,0.666666666666667,0.666666666666667,FALSE
"Zotu4832",1.87310510242777e-05,8,NA,0.563492063492063,0.563492063492063,FALSE
"Zotu2639",4.53970635666964e-05,9,NA,0.571428571428571,0.571428571428571,FALSE
"Zotu5253",2.07760299574969e-05,8,NA,0.563492063492063,0.563492063492063,FALSE
"Zotu742",0.000218633004710055,38,NA,0.801587301587302,0.801587301587302,FALSE
"Zotu1449",9.41000332319927e-05,24,NA,0.19047619047619,0.19047619047619,FALSE
"Zotu6053",1.28850680105188e-05,6,NA,0.547619047619048,0.547619047619048,FALSE
"Zotu6378",1.42242864148989e-05,6,NA,0.547619047619048,0.547619047619048,FALSE
"Zotu3467",3.77332300646457e-05,15,NA,0.619047619047619,0.619047619047619,FALSE
"Zotu2673",0.000145830191360859,28,NA,0.722222222222222,0.722222222222222,FALSE
"Zotu5119",1.9428481825979e-05,10,NA,0.57936507936508,0.57936507936508,FALSE
"Zotu3860",2.50395534750564e-05,11,NA,0.587301587301587,0.587301587301587,FALSE
"Zotu3048",4.98364082526704e-05,15,NA,0.119047619047619,0.119047619047619,FALSE
"Zotu4249",1.63141412339154e-05,10,NA,0.57936507936508,0.57936507936508,FALSE
"Zotu4817",2.79756455053829e-05,9,NA,0.571428571428571,0.571428571428571,FALSE
"Zotu4337",5.17073364223523e-05,11,NA,0.587301587301587,0.587301587301587,FALSE
"Zotu5438",3.9630673766053e-05,19,NA,0.650793650793651,0.650793650793651,FALSE
"Zotu4091",5.8790679800003e-05,15,NA,0.619047619047619,0.619047619047619,FALSE
"Zotu3098",4.3653315538342e-05,24,NA,0.69047619047619,0.69047619047619,FALSE
"Zotu5361",1.76139921986511e-05,6,NA,0.547619047619048,0.547619047619048,FALSE
"Zotu4753",1.8594540646892e-05,7,NA,0.555555555555556,0.555555555555556,FALSE
"Zotu4908",1.22514179845909e-05,5,NA,0.53968253968254,0.53968253968254,FALSE
"Zotu2203",5.07757826273892e-05,14,NA,0.611111111111111,0.611111111111111,FALSE
"Zotu3982",2.31578933587964e-05,11,NA,0.587301587301587,0.587301587301587,FALSE
"Zotu4595",1.81194856111168e-05,6,NA,0.547619047619048,0.547619047619048,FALSE
"Zotu4924",3.03873477494461e-05,14,NA,0.611111111111111,0.611111111111111,FALSE
"Zotu994",0.00013838393062152,22,NA,0.674603174603175,0.674603174603175,FALSE
"Zotu4618",3.81767902268715e-05,13,NA,0.603174603174603,0.603174603174603,FALSE
"Zotu5185",2.97979234245554e-05,15,NA,0.619047619047619,0.619047619047619,FALSE
"Zotu5222",1.772148762335e-05,6,NA,0.547619047619048,0.547619047619048,FALSE
"Zotu5885",9.91361732066792e-06,10,NA,0.57936507936508,0.57936507936508,FALSE
"Zotu6411",2.02579098948768e-05,7,NA,0.555555555555556,0.555555555555556,FALSE
"Zotu1206",0.000133334984670427,30,NA,0.238095238095238,0.238095238095238,FALSE
"Zotu1052",0.000141465028037443,21,NA,0.666666666666667,0.666666666666667,FALSE
"Zotu4863",3.2720274168024e-05,5,NA,0.53968253968254,0.53968253968254,FALSE
"Zotu4656",6.45646954180962e-05,20,NA,0.158730158730159,0.158730158730159,FALSE
"Zotu4597",1.75597702803234e-05,7,NA,0.555555555555556,0.555555555555556,FALSE
"Zotu4896",2.91794237997555e-05,13,NA,0.103174603174603,0.103174603174603,FALSE
"Zotu5945",3.72496154795618e-05,17,NA,0.134920634920635,0.134920634920635,FALSE
"Zotu3958",1.39351169559613e-05,3,NA,0.523809523809524,0.523809523809524,FALSE
"Zotu4032",2.89784252001882e-05,7,NA,0.555555555555556,0.555555555555556,FALSE
"Zotu2102",6.4883327897101e-05,21,NA,0.166666666666667,0.166666666666667,FALSE
"Zotu6335",1.52977153274733e-05,7,NA,0.555555555555556,0.555555555555556,FALSE
"Zotu1877",0.000103082580779512,22,NA,0.174603174603175,0.174603174603175,FALSE
"Zotu4596",1.70451212497576e-05,8,NA,0.563492063492063,0.563492063492063,FALSE
"Zotu3910",3.3300092349159e-05,13,NA,0.603174603174603,0.603174603174603,FALSE
"Zotu2325",5.21649549393929e-05,12,NA,0.595238095238095,0.595238095238095,FALSE
"Zotu3362",4.23905448433838e-05,11,NA,0.587301587301587,0.587301587301587,FALSE
"Zotu3504",1.98876678342551e-05,4,NA,0.531746031746032,0.531746031746032,FALSE
"Zotu3896",1.94271354034534e-05,5,NA,0.53968253968254,0.53968253968254,FALSE
"Zotu6090",3.3473681803089e-05,10,NA,0.57936507936508,0.57936507936508,FALSE
"Zotu4837",1.45150451923713e-05,8,NA,0.563492063492063,0.563492063492063,FALSE
"Zotu1056",0.000194420480354901,25,NA,0.698412698412698,0.698412698412698,FALSE
"Zotu1113",0.000111220828956827,29,NA,0.73015873015873,0.73015873015873,FALSE
"Zotu630",0.000238004750144719,29,NA,0.23015873015873,0.23015873015873,FALSE
"Zotu4364",2.66501450902484e-05,14,NA,0.611111111111111,0.611111111111111,FALSE
"Zotu1960",7.78239575840027e-05,13,NA,0.603174603174603,0.603174603174603,FALSE
"Zotu2455",4.50310451860804e-05,15,NA,0.619047619047619,0.619047619047619,FALSE
"Zotu5954",1.86632590340353e-05,12,NA,0.595238095238095,0.595238095238095,FALSE
"Zotu5846",1.14646256280566e-05,9,NA,0.571428571428571,0.571428571428571,FALSE
"Zotu6155",7.38805410209179e-06,4,NA,0.531746031746032,0.531746031746032,FALSE
"Zotu5203",2.82320140667094e-05,16,NA,0.626984126984127,0.626984126984127,FALSE
"Zotu6011",2.03741054301511e-05,10,NA,0.57936507936508,0.57936507936508,FALSE
"Zotu3557",3.05879855243477e-05,13,NA,0.603174603174603,0.603174603174603,FALSE
"Zotu2641",5.05919908638229e-05,23,NA,0.682539682539683,0.682539682539683,FALSE
"Zotu2809",4.57328111040684e-05,16,NA,0.626984126984127,0.626984126984127,FALSE
"Zotu3878",1.76260916345285e-05,6,NA,0.547619047619048,0.547619047619048,FALSE
"Zotu5125",1.96657129886017e-05,9,NA,0.571428571428571,0.571428571428571,FALSE
"Zotu5818",1.00699947071687e-05,4,NA,0.531746031746032,0.531746031746032,FALSE
"Zotu3383",5.30925226769556e-05,11,NA,0.587301587301587,0.587301587301587,FALSE
"Zotu5940",1.93519180887662e-05,13,NA,0.603174603174603,0.603174603174603,FALSE
"Zotu2228",7.10127544702276e-05,9,NA,0.571428571428571,0.571428571428571,FALSE
"Zotu5636",2.12440475401321e-05,9,NA,0.571428571428571,0.571428571428571,FALSE
"Zotu2034",8.91734662386132e-05,21,NA,0.666666666666667,0.666666666666667,FALSE
"Zotu1726",0.000102470064356701,34,NA,0.26984126984127,0.26984126984127,FALSE
"Zotu1353",0.000101262271571194,20,NA,0.658730158730159,0.658730158730159,FALSE
"Zotu4567",2.41045865221101e-05,8,NA,0.563492063492063,0.563492063492063,FALSE
"Zotu5264",1.62259143909977e-05,11,NA,0.587301587301587,0.587301587301587,FALSE
"Zotu1629",0.000102291231205902,19,NA,0.650793650793651,0.650793650793651,FALSE
"Zotu3131",2.86470940908497e-05,9,NA,0.571428571428571,0.571428571428571,FALSE
"Zotu5530",1.0722739295597e-05,6,NA,0.547619047619048,0.547619047619048,FALSE
"Zotu3115",4.51159960686802e-05,9,NA,0.571428571428571,0.571428571428571,FALSE
"Zotu3955",3.2768913010152e-05,5,NA,0.53968253968254,0.53968253968254,FALSE
"Zotu1179",0.000114992124066387,19,NA,0.150793650793651,0.150793650793651,FALSE
"Zotu5893",1.02288324484338e-05,5,NA,0.53968253968254,0.53968253968254,FALSE
"Zotu1621",0.000108201492838613,25,NA,0.198412698412698,0.198412698412698,FALSE
"Zotu6297",1.11503563414241e-05,5,NA,0.53968253968254,0.53968253968254,FALSE
"Zotu6052",1.14391974339249e-05,9,NA,0.571428571428571,0.571428571428571,FALSE
"Zotu4582",1.24207471775129e-05,6,NA,0.547619047619048,0.547619047619048,FALSE
"Zotu2797",3.83300566424623e-05,14,NA,0.611111111111111,0.611111111111111,FALSE
"Zotu3766",6.44238014127392e-05,19,NA,0.650793650793651,0.650793650793651,FALSE
"Zotu5638",3.07459980627331e-05,17,NA,0.634920634920635,0.634920634920635,FALSE
"Zotu3665",2.55432680660096e-05,13,NA,0.603174603174603,0.603174603174603,FALSE
"Zotu4737",1.2283861774175e-05,4,NA,0.531746031746032,0.531746031746032,FALSE
"Zotu2356",5.36366951243583e-05,22,NA,0.674603174603175,0.674603174603175,FALSE
"Zotu5795",1.97064114941378e-05,10,NA,0.57936507936508,0.57936507936508,FALSE
"Zotu3785",2.1405879424737e-05,8,NA,0.563492063492063,0.563492063492063,FALSE
"Zotu492",0.000328866980412658,31,NA,0.246031746031746,0.246031746031746,FALSE
"Zotu2945",4.09480876337775e-05,17,NA,0.134920634920635,0.134920634920635,FALSE
"Zotu5861",1.02877024248905e-05,8,NA,0.563492063492063,0.563492063492063,FALSE
"Zotu644",0.0002100385186593,31,NA,0.746031746031746,0.746031746031746,FALSE
"Zotu2541",5.73601959626461e-05,15,NA,0.119047619047619,0.119047619047619,FALSE
"Zotu3944",3.36505039345695e-05,14,NA,0.611111111111111,0.611111111111111,FALSE
"Zotu2022",5.75626384303501e-05,11,NA,0.587301587301587,0.587301587301587,FALSE
"Zotu2161",6.23818663784623e-05,20,NA,0.658730158730159,0.658730158730159,FALSE
"Zotu4470",2.91142294392235e-05,11,NA,0.0873015873015873,0.0873015873015873,TRUE
"Zotu4881",1.69873273596802e-05,6,NA,0.547619047619048,0.547619047619048,FALSE
"Zotu3303",3.52127514640871e-05,11,NA,0.587301587301587,0.587301587301587,FALSE
"Zotu1237",0.000109706562786325,29,NA,0.73015873015873,0.73015873015873,FALSE
"Zotu4845",1.77937098842466e-05,8,NA,0.0634920634920635,0.0634920634920635,TRUE
"Zotu5839",2.26443791654668e-05,11,NA,0.587301587301587,0.587301587301587,FALSE
"Zotu3563",3.20469714420576e-05,17,NA,0.634920634920635,0.634920634920635,FALSE
"Zotu1271",0.000120723626029678,4,NA,0.531746031746032,0.531746031746032,FALSE
"Zotu357",0.000397681956151494,29,NA,0.23015873015873,0.23015873015873,FALSE
"Zotu3801",4.60589727849934e-05,10,NA,0.57936507936508,0.57936507936508,FALSE
"Zotu6317",1.27139695903821e-05,3,NA,0.523809523809524,0.523809523809524,FALSE
"Zotu3265",4.81321782996281e-05,15,NA,0.619047619047619,0.619047619047619,FALSE
"Zotu4840",2.51721309987916e-05,9,NA,0.571428571428571,0.571428571428571,FALSE
"Zotu6017",2.63766341471766e-05,4,NA,0.531746031746032,0.531746031746032,FALSE
"Zotu5810",1.74795274029494e-05,7,NA,0.555555555555556,0.555555555555556,FALSE
"Zotu3507",3.70612183106354e-05,5,NA,0.53968253968254,0.53968253968254,FALSE
"Zotu5563",1.86695153993297e-05,3,NA,0.523809523809524,0.523809523809524,FALSE
"Zotu5535",2.62755804351922e-05,3,NA,0.523809523809524,0.523809523809524,FALSE
"Zotu6080",1.20683707671249e-05,3,NA,0.523809523809524,0.523809523809524,FALSE
"Zotu3320",4.940593124309e-05,15,NA,0.619047619047619,0.619047619047619,FALSE
"Zotu4105",6.14814702022176e-05,9,NA,0.571428571428571,0.571428571428571,FALSE
"Zotu4571",1.89008237288457e-05,9,NA,0.571428571428571,0.571428571428571,FALSE
"Zotu5051",1.96333629268846e-05,2,NA,0.515873015873016,0.515873015873016,FALSE
"Zotu3370",4.80351764053986e-05,16,NA,0.626984126984127,0.626984126984127,FALSE
"Zotu1808",6.43306690343842e-05,19,NA,0.650793650793651,0.650793650793651,FALSE
"Zotu5583",2.4596507220805e-05,3,NA,0.523809523809524,0.523809523809524,FALSE
"Zotu3523",3.29482167268688e-05,14,NA,0.611111111111111,0.611111111111111,FALSE
"Zotu2852",6.41402279582192e-05,3,NA,0.523809523809524,0.523809523809524,FALSE
"Zotu1794",0.000122097015675714,23,NA,0.182539682539683,0.182539682539683,FALSE
"Zotu4839",2.21260954052983e-05,5,NA,0.53968253968254,0.53968253968254,FALSE
"Zotu3882",2.66190074451636e-05,13,NA,0.603174603174603,0.603174603174603,FALSE
"Zotu5512",3.64428468171202e-05,5,NA,0.53968253968254,0.53968253968254,FALSE
"Zotu4096",4.02160083939124e-05,14,NA,0.611111111111111,0.611111111111111,FALSE
"Zotu4255",2.05643646684539e-05,7,NA,0.555555555555556,0.555555555555556,FALSE
"Zotu3422",3.52850013421202e-05,15,NA,0.619047619047619,0.619047619047619,FALSE
"Zotu2132",6.01781320576513e-05,22,NA,0.674603174603175,0.674603174603175,FALSE
"Zotu1501",8.04010700703064e-05,19,NA,0.650793650793651,0.650793650793651,FALSE
"Zotu5804",2.11537746963448e-05,2,NA,0.515873015873016,0.515873015873016,FALSE
"Zotu6278",2.23477390200241e-05,3,NA,0.0238095238095238,0.0238095238095238,TRUE
"Zotu4504",2.54635300191011e-05,11,NA,0.587301587301587,0.587301587301587,FALSE
"Zotu3831",3.77784373614029e-05,15,NA,0.119047619047619,0.119047619047619,FALSE
"Zotu709",0.000202139044556831,38,NA,0.801587301587302,0.801587301587302,FALSE
"Zotu873",0.000214449964390726,24,NA,0.69047619047619,0.69047619047619,FALSE
"Zotu6314",2.2327424479227e-05,3,NA,0.523809523809524,0.523809523809524,FALSE
"Zotu4877",1.9765031598233e-05,6,NA,0.547619047619048,0.547619047619048,FALSE
"Zotu3235",3.85638040295973e-05,13,NA,0.603174603174603,0.603174603174603,FALSE
"Zotu5801",2.15869178604647e-05,5,NA,0.53968253968254,0.53968253968254,FALSE
"Zotu3589",3.29228935090253e-05,11,NA,0.587301587301587,0.587301587301587,FALSE
"Zotu6305",2.53692644047758e-05,13,NA,0.603174603174603,0.603174603174603,FALSE
"Zotu6259",1.88467363871939e-05,10,NA,0.57936507936508,0.57936507936508,FALSE
"Zotu5686",1.60101369053029e-05,2,NA,0.515873015873016,0.515873015873016,FALSE
"Zotu2236",6.25274987303084e-05,17,NA,0.634920634920635,0.634920634920635,FALSE
"Zotu5436",1.25567011864349e-05,6,NA,0.547619047619048,0.547619047619048,FALSE
"Zotu4770",5.51172486823249e-05,22,NA,0.674603174603175,0.674603174603175,FALSE
"Zotu3472",3.58328248204475e-05,11,NA,0.587301587301587,0.587301587301587,FALSE
"Zotu4971",4.35495827575958e-05,7,NA,0.555555555555556,0.555555555555556,FALSE
"Zotu1077",0.000123733667866648,29,NA,0.23015873015873,0.23015873015873,FALSE
"Zotu5781",2.32943566157975e-05,3,NA,0.523809523809524,0.523809523809524,FALSE
"Zotu5715",1.22070534074104e-05,9,NA,0.571428571428571,0.571428571428571,FALSE
"Zotu5491",9.63913317363087e-06,5,NA,0.53968253968254,0.53968253968254,FALSE
"Zotu5932",1.94786895531367e-05,7,NA,0.555555555555556,0.555555555555556,FALSE
"Zotu3438",4.15823910122302e-05,11,NA,0.587301587301587,0.587301587301587,FALSE
"Zotu281",0.000660903777017266,40,NA,0.317460317460317,0.317460317460317,FALSE
"Zotu2582",3.82630105067241e-05,5,NA,0.53968253968254,0.53968253968254,FALSE
"Zotu6154",1.08121593288808e-05,3,NA,0.523809523809524,0.523809523809524,FALSE
"Zotu4793",1.66868477067369e-05,6,NA,0.547619047619048,0.547619047619048,FALSE
"Zotu4683",2.69642622478983e-05,12,NA,0.595238095238095,0.595238095238095,FALSE
"Zotu4742",2.03556190728668e-05,11,NA,0.587301587301587,0.587301587301587,FALSE
"Zotu3723",3.41827047058502e-05,12,NA,0.0952380952380952,0.0952380952380952,TRUE
"Zotu3117",3.98436379942473e-05,14,NA,0.611111111111111,0.611111111111111,FALSE
"Zotu4203",2.17775348050235e-05,8,NA,0.563492063492063,0.563492063492063,FALSE
"Zotu4704",2.37807495852928e-05,5,NA,0.53968253968254,0.53968253968254,FALSE
"Zotu5625",3.50507533010063e-05,8,NA,0.563492063492063,0.563492063492063,FALSE
"Zotu3043",2.91951761301363e-05,13,NA,0.603174603174603,0.603174603174603,FALSE
"Zotu3514",3.84885372881239e-05,13,NA,0.603174603174603,0.603174603174603,FALSE
"Zotu1395",9.78161159930787e-05,22,NA,0.674603174603175,0.674603174603175,FALSE
"Zotu3736",2.38761258162035e-05,13,NA,0.603174603174603,0.603174603174603,FALSE
"Zotu1695",7.46175619531947e-05,27,NA,0.714285714285714,0.714285714285714,FALSE
"Zotu4616",4.54655810103194e-05,13,NA,0.603174603174603,0.603174603174603,FALSE
"Zotu3137",5.21595762523222e-05,12,NA,0.595238095238095,0.595238095238095,FALSE
"Zotu5364",1.29649812168916e-05,4,NA,0.531746031746032,0.531746031746032,FALSE
"Zotu2375",5.01064997987039e-05,15,NA,0.619047619047619,0.619047619047619,FALSE
"Zotu5224",1.98048368431259e-05,5,NA,0.53968253968254,0.53968253968254,FALSE
"Zotu5296",3.31772476533727e-05,14,NA,0.611111111111111,0.611111111111111,FALSE
"Zotu5633",1.70759278302156e-05,4,NA,0.531746031746032,0.531746031746032,FALSE
"Zotu4644",2.59511372089077e-05,6,NA,0.547619047619048,0.547619047619048,FALSE
"Zotu5757",1.12044118715303e-05,6,NA,0.547619047619048,0.547619047619048,FALSE
"Zotu4759",2.19272010769859e-05,9,NA,0.571428571428571,0.571428571428571,FALSE
"Zotu1061",0.000140682424707716,30,NA,0.738095238095238,0.738095238095238,FALSE
"Zotu2475",3.36700877853356e-05,5,NA,0.53968253968254,0.53968253968254,FALSE
"Zotu2195",5.18485945226644e-05,20,NA,0.158730158730159,0.158730158730159,FALSE
"Zotu4756",2.00813112155673e-05,7,NA,0.555555555555556,0.555555555555556,FALSE
"Zotu3870",3.62190582102747e-05,6,NA,0.547619047619048,0.547619047619048,FALSE
"Zotu4677",2.36892042889982e-05,7,NA,0.555555555555556,0.555555555555556,FALSE
"Zotu2249",5.05150274929173e-05,14,NA,0.611111111111111,0.611111111111111,FALSE
"Zotu2111",8.42256378649273e-05,21,NA,0.166666666666667,0.166666666666667,FALSE
"Zotu5675",2.20702439964671e-05,11,NA,0.587301587301587,0.587301587301587,FALSE
"Zotu3330",4.1737484797819e-05,16,NA,0.126984126984127,0.126984126984127,FALSE
"Zotu3508",3.06035153193174e-05,11,NA,0.587301587301587,0.587301587301587,FALSE
"Zotu653",0.000286109945249707,31,NA,0.746031746031746,0.746031746031746,FALSE
"Zotu3114",4.05309382823815e-05,11,NA,0.587301587301587,0.587301587301587,FALSE
"Zotu4245",2.3247879350533e-05,11,NA,0.587301587301587,0.587301587301587,FALSE
"Zotu5390",2.82243799470787e-05,11,NA,0.587301587301587,0.587301587301587,FALSE
"Zotu2823",5.07091472397544e-05,16,NA,0.626984126984127,0.626984126984127,FALSE
"Zotu4732",1.75404079630209e-05,10,NA,0.57936507936508,0.57936507936508,FALSE
"Zotu2308",5.46690150437584e-05,15,NA,0.119047619047619,0.119047619047619,FALSE
"Zotu6075",6.61224351806295e-06,4,NA,0.531746031746032,0.531746031746032,FALSE
"Zotu3082",2.72493969340099e-05,7,NA,0.555555555555556,0.555555555555556,FALSE
"Zotu2924",5.00787463169553e-05,15,NA,0.119047619047619,0.119047619047619,FALSE
"Zotu5746",1.25955594470787e-05,7,NA,0.555555555555556,0.555555555555556,FALSE
"Zotu2176",6.14836336667022e-05,11,NA,0.587301587301587,0.587301587301587,FALSE
"Zotu2694",5.43217027713043e-05,7,NA,0.555555555555556,0.555555555555556,FALSE
"Zotu6272",1.91819644894267e-05,12,NA,0.595238095238095,0.595238095238095,FALSE
"Zotu3410",3.34830484432412e-05,12,NA,0.595238095238095,0.595238095238095,FALSE
"Zotu2976",4.00299806391546e-05,7,NA,0.555555555555556,0.555555555555556,FALSE
"Zotu2566",4.26248285208714e-05,8,NA,0.563492063492063,0.563492063492063,FALSE
"Zotu5033",2.07451045844113e-05,6,NA,0.547619047619048,0.547619047619048,FALSE
"Zotu6116",7.55039512121636e-06,2,NA,0.515873015873016,0.515873015873016,FALSE
"Zotu6074",6.78754968911576e-06,3,NA,0.523809523809524,0.523809523809524,FALSE
"Zotu6071",1.75114586515077e-05,7,NA,0.555555555555556,0.555555555555556,FALSE
"Zotu5171",2.46184244091069e-05,8,NA,0.563492063492063,0.563492063492063,FALSE
"Zotu5948",1.19750827367949e-05,7,NA,0.555555555555556,0.555555555555556,FALSE
"Zotu2532",6.35447707277669e-05,11,NA,0.587301587301587,0.587301587301587,FALSE
"Zotu4735",2.14190526196535e-05,8,NA,0.563492063492063,0.563492063492063,FALSE
"Zotu4964",4.74546405482844e-05,9,NA,0.571428571428571,0.571428571428571,FALSE
"Zotu4034",1.99765931462911e-05,11,NA,0.587301587301587,0.587301587301587,FALSE
"Zotu1761",6.90839137920232e-05,17,NA,0.634920634920635,0.634920634920635,FALSE
"Zotu2446",0.000129197312578526,15,NA,0.619047619047619,0.619047619047619,FALSE
"Zotu4611",2.46640570737791e-05,8,NA,0.563492063492063,0.563492063492063,FALSE
"Zotu1500",6.95581214104453e-05,17,NA,0.634920634920635,0.634920634920635,FALSE
"Zotu5120",9.37552211387834e-06,5,NA,0.53968253968254,0.53968253968254,FALSE
"Zotu1316",9.6477230495812e-05,20,NA,0.658730158730159,0.658730158730159,FALSE
"Zotu5259",3.36305794832116e-05,16,NA,0.126984126984127,0.126984126984127,FALSE
"Zotu2019",9.46206495314634e-05,19,NA,0.650793650793651,0.650793650793651,FALSE
"Zotu4450",3.63453966269207e-05,7,NA,0.555555555555556,0.555555555555556,FALSE
"Zotu4789",2.80838787881334e-05,11,NA,0.587301587301587,0.587301587301587,FALSE
"Zotu4403",3.73829550339709e-05,14,NA,0.611111111111111,0.611111111111111,FALSE
"Zotu3242",3.29254722179531e-05,14,NA,0.611111111111111,0.611111111111111,FALSE
"Zotu1492",9.15838414515681e-05,22,NA,0.674603174603175,0.674603174603175,FALSE
"Zotu2832",4.1458248517907e-05,14,NA,0.611111111111111,0.611111111111111,FALSE
"Zotu4352",2.17073912932201e-05,8,NA,0.563492063492063,0.563492063492063,FALSE
"Zotu3430",3.10842820750598e-05,11,NA,0.587301587301587,0.587301587301587,FALSE
"Zotu6076",1.54264290698056e-05,7,NA,0.555555555555556,0.555555555555556,FALSE
"Zotu6250",2.69273337198959e-05,7,NA,0.555555555555556,0.555555555555556,FALSE
"Zotu2826",4.8453996721492e-05,19,NA,0.150793650793651,0.150793650793651,FALSE
"Zotu3210",4.1344863715884e-05,13,NA,0.603174603174603,0.603174603174603,FALSE
"Zotu1318",0.00010521886814084,21,NA,0.666666666666667,0.666666666666667,FALSE
"Zotu4039",2.26319264654152e-05,8,NA,0.563492063492063,0.563492063492063,FALSE
"Zotu1163",0.000118035542483987,20,NA,0.658730158730159,0.658730158730159,FALSE
"Zotu2819",4.20775066542424e-05,4,NA,0.531746031746032,0.531746031746032,FALSE
"Zotu5958",1.37748623470235e-05,4,NA,0.531746031746032,0.531746031746032,FALSE
"Zotu3407",2.98892214757436e-05,10,NA,0.57936507936508,0.57936507936508,FALSE
"Zotu5983",2.17614016601027e-05,6,NA,0.547619047619048,0.547619047619048,FALSE
"Zotu4454",1.41469242232606e-05,4,NA,0.531746031746032,0.531746031746032,FALSE
"Zotu1055",0.000142661366214297,30,NA,0.238095238095238,0.238095238095238,FALSE
"Zotu1959",6.9234182557492e-05,12,NA,0.595238095238095,0.595238095238095,FALSE
"Zotu5779",1.52639062705574e-05,13,NA,0.603174603174603,0.603174603174603,FALSE
"Zotu5867",1.69592918255145e-05,6,NA,0.547619047619048,0.547619047619048,FALSE
"Zotu3979",3.0758454543946e-05,11,NA,0.587301587301587,0.587301587301587,FALSE
"Zotu2265",9.87702972246081e-05,11,NA,0.587301587301587,0.587301587301587,FALSE
"Zotu976",0.00015679315547944,29,NA,0.23015873015873,0.23015873015873,FALSE
"Zotu3720",3.06288749936002e-05,11,NA,0.587301587301587,0.587301587301587,FALSE
"Zotu2711",4.26852878456389e-05,15,NA,0.619047619047619,0.619047619047619,FALSE
"Zotu6260",8.34234417487448e-06,4,NA,0.531746031746032,0.531746031746032,FALSE
"Zotu4895",2.8991474330296e-05,8,NA,0.563492063492063,0.563492063492063,FALSE
"Zotu4380",2.89911432654005e-05,13,NA,0.603174603174603,0.603174603174603,FALSE
"Zotu1953",5.87737421930512e-05,8,NA,0.0634920634920635,0.0634920634920635,TRUE
"Zotu824",0.000227504470193106,32,NA,0.253968253968254,0.253968253968254,FALSE
"Zotu5537",1.76333397034127e-05,7,NA,0.555555555555556,0.555555555555556,FALSE
"Zotu4186",3.69742372749063e-05,14,NA,0.611111111111111,0.611111111111111,FALSE
"Zotu5176",1.57591013327813e-05,5,NA,0.53968253968254,0.53968253968254,FALSE
"Zotu3947",2.85595647161453e-05,8,NA,0.563492063492063,0.563492063492063,FALSE
"Zotu418",0.000424051991475888,45,NA,0.357142857142857,0.357142857142857,FALSE
"Zotu2627",4.01813784444921e-05,18,NA,0.642857142857143,0.642857142857143,FALSE
"Zotu3817",2.69399402861514e-05,9,NA,0.571428571428571,0.571428571428571,FALSE
"Zotu1201",0.000111892702196074,15,NA,0.619047619047619,0.619047619047619,FALSE
"Zotu2920",3.44049874918583e-05,6,NA,0.547619047619048,0.547619047619048,FALSE
"Zotu2572",6.17383991404181e-05,12,NA,0.595238095238095,0.595238095238095,FALSE
"Zotu6060",2.129966963241e-05,5,NA,0.53968253968254,0.53968253968254,FALSE
"Zotu5036",1.70129544897772e-05,5,NA,0.53968253968254,0.53968253968254,FALSE
"Zotu4129",2.36345384378674e-05,4,NA,0.531746031746032,0.531746031746032,FALSE
"Zotu6057",1.14580585098528e-05,7,NA,0.555555555555556,0.555555555555556,FALSE
"Zotu1915",6.88159961174101e-05,15,NA,0.119047619047619,0.119047619047619,FALSE
"Zotu5794",1.43111677384053e-05,4,NA,0.531746031746032,0.531746031746032,FALSE
"Zotu2784",4.41108641366958e-05,9,NA,0.571428571428571,0.571428571428571,FALSE
"Zotu2098",5.05831417779336e-05,20,NA,0.158730158730159,0.158730158730159,FALSE
"Zotu1688",7.8341481035546e-05,10,NA,0.0793650793650794,0.0793650793650794,TRUE
"Zotu5672",1.99498134658007e-05,7,NA,0.555555555555556,0.555555555555556,FALSE
"Zotu2515",5.6060241706686e-05,17,NA,0.634920634920635,0.634920634920635,FALSE
"Zotu1240",0.000125175725935635,27,NA,0.714285714285714,0.714285714285714,FALSE
"Zotu1716",9.17032890016485e-05,22,NA,0.674603174603175,0.674603174603175,FALSE
"Zotu2420",4.94888977764973e-05,9,NA,0.571428571428571,0.571428571428571,FALSE
"Zotu3044",3.69089620018014e-05,11,NA,0.587301587301587,0.587301587301587,FALSE
"Zotu6024",2.46905981627864e-05,6,NA,0.547619047619048,0.547619047619048,FALSE
"Zotu1209",0.000121064320913041,34,NA,0.26984126984127,0.26984126984127,FALSE
"Zotu1739",0.000101323982100958,25,NA,0.698412698412698,0.698412698412698,FALSE
"Zotu5389",1.73225473339282e-05,6,NA,0.547619047619048,0.547619047619048,FALSE
"Zotu4269",1.88180412415644e-05,5,NA,0.53968253968254,0.53968253968254,FALSE
"Zotu5843",3.75379203811707e-05,8,NA,0.563492063492063,0.563492063492063,FALSE
"Zotu2990",3.98204417902387e-05,17,NA,0.634920634920635,0.634920634920635,FALSE
"Zotu1299",7.93901536755953e-05,19,NA,0.650793650793651,0.650793650793651,FALSE
"Zotu6213",2.90193767119181e-05,13,NA,0.603174603174603,0.603174603174603,FALSE
"Zotu1591",7.16840742327522e-05,16,NA,0.626984126984127,0.626984126984127,FALSE
"Zotu2329",5.37896065792971e-05,15,NA,0.119047619047619,0.119047619047619,FALSE
"Zotu6379",1.01749119164735e-05,4,NA,0.531746031746032,0.531746031746032,FALSE
"Zotu3057",4.43012246289405e-05,11,NA,0.587301587301587,0.587301587301587,FALSE
"Zotu2305",5.62818812313087e-05,17,NA,0.634920634920635,0.634920634920635,FALSE
"Zotu2737",4.98588665381295e-05,8,NA,0.563492063492063,0.563492063492063,FALSE
"Zotu1324",9.22974528632926e-05,27,NA,0.214285714285714,0.214285714285714,FALSE
"Zotu3125",3.04916457401186e-05,7,NA,0.555555555555556,0.555555555555556,FALSE
"Zotu6288",9.47991144086081e-06,5,NA,0.53968253968254,0.53968253968254,FALSE
"Zotu6007",1.73572982375813e-05,6,NA,0.547619047619048,0.547619047619048,FALSE
"Zotu3830",4.53837361387707e-05,15,NA,0.619047619047619,0.619047619047619,FALSE
"Zotu4230",2.50368658201048e-05,18,NA,0.142857142857143,0.142857142857143,FALSE
"Zotu4465",2.21868352803857e-05,10,NA,0.57936507936508,0.57936507936508,FALSE
"Zotu3305",3.71180711549381e-05,13,NA,0.603174603174603,0.603174603174603,FALSE
"Zotu6022",1.38849476270547e-05,8,NA,0.563492063492063,0.563492063492063,FALSE
"Zotu5680",2.39099477317167e-05,6,NA,0.547619047619048,0.547619047619048,FALSE
"Zotu555",0.000286233554609815,27,NA,0.214285714285714,0.214285714285714,FALSE
"Zotu4419",1.68939482079807e-05,6,NA,0.0476190476190477,0.0476190476190477,TRUE
"Zotu252",0.000630349852325314,28,NA,0.722222222222222,0.722222222222222,FALSE
"Zotu400",0.000360819916724076,38,NA,0.301587301587302,0.301587301587302,FALSE
"Zotu3586",2.9799618886964e-05,4,NA,0.531746031746032,0.531746031746032,FALSE
"Zotu1748",6.72902307569201e-05,22,NA,0.674603174603175,0.674603174603175,FALSE
"Zotu4336",2.05874046080414e-05,13,NA,0.103174603174603,0.103174603174603,FALSE
"Zotu4063",3.67276669157125e-05,14,NA,0.611111111111111,0.611111111111111,FALSE
"Zotu4814",2.34128200524336e-05,7,NA,0.555555555555556,0.555555555555556,FALSE
"Zotu4880",1.46879861197078e-05,3,NA,0.523809523809524,0.523809523809524,FALSE
"Zotu4984",2.41589130523511e-05,6,NA,0.547619047619048,0.547619047619048,FALSE
"Zotu1971",8.00260883223818e-05,21,NA,0.166666666666667,0.166666666666667,FALSE
"Zotu4992",1.86004859960253e-05,3,NA,0.523809523809524,0.523809523809524,FALSE
"Zotu5704",1.05201499010559e-05,9,NA,0.571428571428571,0.571428571428571,FALSE
"Zotu3600",3.60124669135423e-05,8,NA,0.563492063492063,0.563492063492063,FALSE
"Zotu3446",2.58787512793934e-05,6,NA,0.547619047619048,0.547619047619048,FALSE
"Zotu4266",2.79872167067496e-05,6,NA,0.547619047619048,0.547619047619048,FALSE
"Zotu833",0.000186136235499173,32,NA,0.253968253968254,0.253968253968254,FALSE
"Zotu4887",2.70107682034048e-05,16,NA,0.626984126984127,0.626984126984127,FALSE
"Zotu2561",4.82914028470677e-05,10,NA,0.57936507936508,0.57936507936508,FALSE
"Zotu4710",1.68055197847801e-05,6,NA,0.547619047619048,0.547619047619048,FALSE
"Zotu1182",0.000199508860655119,20,NA,0.158730158730159,0.158730158730159,FALSE
"Zotu3660",2.62777770155634e-05,12,NA,0.595238095238095,0.595238095238095,FALSE
"Zotu1060",0.000281230381657539,8,NA,0.563492063492063,0.563492063492063,FALSE
"Zotu3491",4.20110030677924e-05,10,NA,0.57936507936508,0.57936507936508,FALSE
"Zotu3682",2.89900363593721e-05,10,NA,0.57936507936508,0.57936507936508,FALSE
"Zotu5241",1.50679776652126e-05,6,NA,0.547619047619048,0.547619047619048,FALSE
"Zotu4963",1.83563640331889e-05,6,NA,0.547619047619048,0.547619047619048,FALSE
"Zotu3226",3.08465308448986e-05,12,NA,0.595238095238095,0.595238095238095,FALSE
"Zotu2351",3.89124318848471e-05,7,NA,0.555555555555556,0.555555555555556,FALSE
"Zotu4120",1.57716307628373e-05,3,NA,0.523809523809524,0.523809523809524,FALSE
"Zotu4811",2.86882111265711e-05,12,NA,0.595238095238095,0.595238095238095,FALSE
"Zotu956",0.000150447954142806,17,NA,0.634920634920635,0.634920634920635,FALSE
"Zotu2527",3.49925533259348e-05,17,NA,0.634920634920635,0.634920634920635,FALSE
"Zotu2912",3.14220334440918e-05,6,NA,0.547619047619048,0.547619047619048,FALSE
"Zotu4483",2.55990418086484e-05,7,NA,0.555555555555556,0.555555555555556,FALSE
"Zotu808",0.000173672066546726,23,NA,0.682539682539683,0.682539682539683,FALSE
"Zotu934",0.000140522384539826,24,NA,0.19047619047619,0.19047619047619,FALSE
"Zotu2568",3.97515561522958e-05,9,NA,0.571428571428571,0.571428571428571,FALSE
"Zotu4050",1.91425756215762e-05,8,NA,0.563492063492063,0.563492063492063,FALSE
"Zotu4866",2.44142555249761e-05,9,NA,0.571428571428571,0.571428571428571,FALSE
"Zotu3522",5.22594561884605e-05,17,NA,0.634920634920635,0.634920634920635,FALSE
"Zotu3710",3.88256795381164e-05,6,NA,0.547619047619048,0.547619047619048,FALSE
"Zotu2973",2.78215787422429e-05,7,NA,0.555555555555556,0.555555555555556,FALSE
"Zotu3207",2.48827819503283e-05,4,NA,0.531746031746032,0.531746031746032,FALSE
"Zotu5635",1.14029189446494e-05,5,NA,0.53968253968254,0.53968253968254,FALSE
"Zotu1624",8.5254250036983e-05,13,NA,0.603174603174603,0.603174603174603,FALSE
"Zotu1313",0.000109467458116907,30,NA,0.238095238095238,0.238095238095238,FALSE
"Zotu3661",1.75689922669104e-05,8,NA,0.563492063492063,0.563492063492063,FALSE
"Zotu4903",2.12469569378936e-05,10,NA,0.0793650793650794,0.0793650793650794,TRUE
"Zotu1362",0.000103901713830562,27,NA,0.214285714285714,0.214285714285714,FALSE
"Zotu4012",2.48629281399028e-05,6,NA,0.547619047619048,0.547619047619048,FALSE
"Zotu5414",5.15690592495637e-05,16,NA,0.626984126984127,0.626984126984127,FALSE
"Zotu5256",1.60840794704732e-05,9,NA,0.571428571428571,0.571428571428571,FALSE
"Zotu4706",2.61954550066628e-05,14,NA,0.611111111111111,0.611111111111111,FALSE
"Zotu3694",2.27695618609323e-05,6,NA,0.547619047619048,0.547619047619048,FALSE
"Zotu6345",1.17289728824622e-05,5,NA,0.53968253968254,0.53968253968254,FALSE
"Zotu2690",4.46736600634941e-05,16,NA,0.626984126984127,0.626984126984127,FALSE
"Zotu4167",2.04194223517508e-05,9,NA,0.571428571428571,0.571428571428571,FALSE
"Zotu5200",1.83503148993045e-05,7,NA,0.555555555555556,0.555555555555556,FALSE
"Zotu4668",2.62045530077735e-05,7,NA,0.0555555555555555,0.0555555555555555,TRUE
"Zotu4247",2.86005837663433e-05,6,NA,0.547619047619048,0.547619047619048,FALSE
"Zotu5603",3.71139701202648e-05,3,NA,0.523809523809524,0.523809523809524,FALSE
"Zotu4652",2.40271271776322e-05,8,NA,0.563492063492063,0.563492063492063,FALSE
"Zotu4411",1.61665744843276e-05,8,NA,0.563492063492063,0.563492063492063,FALSE
"Zotu2724",7.20053092592589e-05,20,NA,0.658730158730159,0.658730158730159,FALSE
"Zotu1543",7.86314627270534e-05,21,NA,0.666666666666667,0.666666666666667,FALSE
"Zotu4439",3.60845314775621e-05,11,NA,0.587301587301587,0.587301587301587,FALSE
"Zotu292",0.000576551938040341,35,NA,0.277777777777778,0.277777777777778,FALSE
"Zotu4566",2.4469058248384e-05,11,NA,0.587301587301587,0.587301587301587,FALSE
"Zotu2366",5.74347650951026e-05,17,NA,0.634920634920635,0.634920634920635,FALSE
"Zotu866",0.000136901302545438,26,NA,0.206349206349206,0.206349206349206,FALSE
"Zotu6339",1.79630420817648e-05,5,NA,0.53968253968254,0.53968253968254,FALSE
"Zotu4645",1.56261476044758e-05,4,NA,0.531746031746032,0.531746031746032,FALSE
"Zotu2304",4.05604657867981e-05,13,NA,0.603174603174603,0.603174603174603,FALSE
"Zotu1586",9.14553594455876e-05,20,NA,0.158730158730159,0.158730158730159,FALSE
"Zotu4940",1.54442472277922e-05,3,NA,0.523809523809524,0.523809523809524,FALSE
"Zotu5288",1.4005034901898e-05,9,NA,0.571428571428571,0.571428571428571,FALSE
"Zotu1349",8.61354351810809e-05,11,NA,0.587301587301587,0.587301587301587,FALSE
"Zotu992",0.000112429745011956,27,NA,0.714285714285714,0.714285714285714,FALSE
"Zotu1148",0.00010358521460466,14,NA,0.611111111111111,0.611111111111111,FALSE
"Zotu3956",2.2792330236254e-05,9,NA,0.571428571428571,0.571428571428571,FALSE
"Zotu1837",8.93515267090621e-05,28,NA,0.722222222222222,0.722222222222222,FALSE
"Zotu3811",3.02542158879772e-05,13,NA,0.603174603174603,0.603174603174603,FALSE
"Zotu3906",2.64500076749416e-05,10,NA,0.57936507936508,0.57936507936508,FALSE
"Zotu2567",5.50860055026042e-05,11,NA,0.587301587301587,0.587301587301587,FALSE
"Zotu4821",1.50954470305363e-05,4,NA,0.531746031746032,0.531746031746032,FALSE
"Zotu3772",2.59245698564551e-05,15,NA,0.619047619047619,0.619047619047619,FALSE
"Zotu3454",3.48003340116362e-05,13,NA,0.103174603174603,0.103174603174603,FALSE
"Zotu4426",1.80824571064038e-05,6,NA,0.547619047619048,0.547619047619048,FALSE
"Zotu1171",0.000119959816302386,19,NA,0.650793650793651,0.650793650793651,FALSE
"Zotu1140",0.000141797097726033,28,NA,0.222222222222222,0.222222222222222,FALSE
"Zotu2155",0.000107535779628927,21,NA,0.666666666666667,0.666666666666667,FALSE
"Zotu4540",2.4771471281244e-05,6,NA,0.0476190476190477,0.0476190476190477,TRUE
"Zotu1498",0.000111003534925768,18,NA,0.642857142857143,0.642857142857143,FALSE
"Zotu5568",2.01280782106774e-05,9,NA,0.571428571428571,0.571428571428571,FALSE
"Zotu4392",2.08727996169369e-05,10,NA,0.57936507936508,0.57936507936508,FALSE
"Zotu5384",1.64980477872683e-05,7,NA,0.555555555555556,0.555555555555556,FALSE
"Zotu4585",2.12882091189478e-05,6,NA,0.547619047619048,0.547619047619048,FALSE
"Zotu5460",2.42249654456492e-05,9,NA,0.571428571428571,0.571428571428571,FALSE
"Zotu1886",7.32344878346682e-05,25,NA,0.698412698412698,0.698412698412698,FALSE
"Zotu4217",2.99995234034103e-05,10,NA,0.57936507936508,0.57936507936508,FALSE
"Zotu1907",5.96740583949463e-05,17,NA,0.134920634920635,0.134920634920635,FALSE
"Zotu2559",5.50206685967878e-05,14,NA,0.111111111111111,0.111111111111111,FALSE
"Zotu5919",1.7226544762916e-05,7,NA,0.555555555555556,0.555555555555556,FALSE
"Zotu5456",1.49819894182539e-05,8,NA,0.563492063492063,0.563492063492063,FALSE
"Zotu5448",1.33778969532744e-05,2,NA,0.515873015873016,0.515873015873016,FALSE
"Zotu5689",2.24428225325032e-05,9,NA,0.571428571428571,0.571428571428571,FALSE
"Zotu4661",2.15923794276431e-05,10,NA,0.57936507936508,0.57936507936508,FALSE
"Zotu3809",4.33060915113511e-05,16,NA,0.626984126984127,0.626984126984127,FALSE
"Zotu2808",3.91534926766289e-05,7,NA,0.555555555555556,0.555555555555556,FALSE
"Zotu2242",5.05350563054969e-05,10,NA,0.0793650793650794,0.0793650793650794,TRUE
"Zotu4823",2.26626297707324e-05,6,NA,0.547619047619048,0.547619047619048,FALSE
"Zotu2250",5.99775110533851e-05,27,NA,0.714285714285714,0.714285714285714,FALSE
"Zotu6093",2.19396066643277e-05,8,NA,0.563492063492063,0.563492063492063,FALSE
"Zotu6313",1.40762985979799e-05,6,NA,0.547619047619048,0.547619047619048,FALSE
"Zotu3554",2.63316672068421e-05,10,NA,0.57936507936508,0.57936507936508,FALSE
"Zotu3050",2.85378970937749e-05,7,NA,0.555555555555556,0.555555555555556,FALSE
"Zotu4733",1.53368911314447e-05,5,NA,0.53968253968254,0.53968253968254,FALSE
"Zotu4583",1.14906712710969e-05,7,NA,0.0555555555555555,0.0555555555555555,TRUE
"Zotu2986",3.43172419440562e-05,7,NA,0.555555555555556,0.555555555555556,FALSE
"Zotu1010",0.000130065375383335,15,NA,0.619047619047619,0.619047619047619,FALSE
"Zotu4512",2.20027807203792e-05,11,NA,0.587301587301587,0.587301587301587,FALSE
"Zotu5304",1.40348806978932e-05,7,NA,0.555555555555556,0.555555555555556,FALSE
"Zotu2538",6.60789880378598e-05,12,NA,0.595238095238095,0.595238095238095,FALSE
"Zotu1639",8.50292588604269e-05,23,NA,0.182539682539683,0.182539682539683,FALSE
"Zotu4477",2.68108132299862e-05,8,NA,0.563492063492063,0.563492063492063,FALSE
"Zotu3912",5.03817704290541e-05,15,NA,0.619047619047619,0.619047619047619,FALSE
"Zotu793",0.000186245685226473,31,NA,0.746031746031746,0.746031746031746,FALSE
"Zotu4815",2.02756896498062e-05,11,NA,0.587301587301587,0.587301587301587,FALSE
"Zotu5799",2.53345115264041e-05,14,NA,0.611111111111111,0.611111111111111,FALSE
"Zotu6395",1.04996601204015e-05,5,NA,0.53968253968254,0.53968253968254,FALSE
"Zotu2090",7.1991639376074e-05,13,NA,0.603174603174603,0.603174603174603,FALSE
"Zotu2488",5.88636939081159e-05,18,NA,0.642857142857143,0.642857142857143,FALSE
"Zotu3244",2.33910841852662e-05,4,NA,0.531746031746032,0.531746031746032,FALSE
"Zotu4414",1.8003488180169e-05,6,NA,0.547619047619048,0.547619047619048,FALSE
"Zotu3530",3.29784153250809e-05,9,NA,0.0714285714285715,0.0714285714285715,TRUE
"Zotu5161",2.53680704261849e-05,3,NA,0.523809523809524,0.523809523809524,FALSE
"Zotu1715",0.00010296614183411,23,NA,0.182539682539683,0.182539682539683,FALSE
"Zotu6205",8.40106694365745e-06,6,NA,0.547619047619048,0.547619047619048,FALSE
"Zotu4841",3.43384154056426e-05,10,NA,0.57936507936508,0.57936507936508,FALSE
"Zotu4275",3.13583075216912e-05,9,NA,0.571428571428571,0.571428571428571,FALSE
"Zotu3399",2.42130391442809e-05,7,NA,0.555555555555556,0.555555555555556,FALSE
"Zotu2725",4.4727067317043e-05,14,NA,0.611111111111111,0.611111111111111,FALSE
"Zotu4538",3.52281715384813e-05,9,NA,0.571428571428571,0.571428571428571,FALSE
"Zotu4576",1.46887428634818e-05,8,NA,0.563492063492063,0.563492063492063,FALSE
"Zotu6214",1.54487503638741e-05,5,NA,0.53968253968254,0.53968253968254,FALSE
"Zotu2980",5.11609818510012e-05,15,NA,0.619047619047619,0.619047619047619,FALSE
"Zotu2096",4.52976411003227e-05,10,NA,0.57936507936508,0.57936507936508,FALSE
"Zotu2581",4.34074122840336e-05,11,NA,0.587301587301587,0.587301587301587,FALSE
"Zotu1452",9.86530422406802e-05,23,NA,0.682539682539683,0.682539682539683,FALSE
"Zotu2307",7.48628875332428e-05,17,NA,0.134920634920635,0.134920634920635,FALSE
"Zotu4646",1.70402586548024e-05,5,NA,0.53968253968254,0.53968253968254,FALSE
"Zotu3827",3.32004933143278e-05,11,NA,0.587301587301587,0.587301587301587,FALSE
"Zotu2860",4.80371403006883e-05,15,NA,0.619047619047619,0.619047619047619,FALSE
"Zotu4040",1.37690534496506e-05,6,NA,0.547619047619048,0.547619047619048,FALSE
"Zotu2191",7.05411939715811e-05,18,NA,0.142857142857143,0.142857142857143,FALSE
"Zotu4941",2.1534226755208e-05,10,NA,0.57936507936508,0.57936507936508,FALSE
"Zotu4862",1.93848893680507e-05,6,NA,0.547619047619048,0.547619047619048,FALSE
"Zotu6119",1.04457451901421e-05,3,NA,0.523809523809524,0.523809523809524,FALSE
"Zotu4251",1.91797428654703e-05,8,NA,0.563492063492063,0.563492063492063,FALSE
"Zotu3847",3.67342944440566e-05,10,NA,0.57936507936508,0.57936507936508,FALSE
"Zotu2604",3.98469798994566e-05,8,NA,0.563492063492063,0.563492063492063,FALSE
"Zotu3829",2.23798318463946e-05,8,NA,0.563492063492063,0.563492063492063,FALSE
"Zotu1005",0.00016431012184392,27,NA,0.214285714285714,0.214285714285714,FALSE
"Zotu4195",2.36911945577776e-05,10,NA,0.57936507936508,0.57936507936508,FALSE
"Zotu4014",2.02723157625761e-05,6,NA,0.547619047619048,0.547619047619048,FALSE
"Zotu3644",3.41982678896429e-05,11,NA,0.587301587301587,0.587301587301587,FALSE
"Zotu5501",1.15881713341463e-05,2,NA,0.515873015873016,0.515873015873016,FALSE
"Zotu5398",1.37081743847772e-05,3,NA,0.523809523809524,0.523809523809524,FALSE
"Zotu4241",2.07020525853883e-05,8,NA,0.563492063492063,0.563492063492063,FALSE
"Zotu5901",1.82073832048192e-05,8,NA,0.563492063492063,0.563492063492063,FALSE
"Zotu2347",5.09041374334775e-05,23,NA,0.182539682539683,0.182539682539683,FALSE
"Zotu5113",3.32709838418431e-05,8,NA,0.563492063492063,0.563492063492063,FALSE
"Zotu5324",1.76256104420634e-05,3,NA,0.523809523809524,0.523809523809524,FALSE
"Zotu5394",2.96684833411807e-05,10,NA,0.57936507936508,0.57936507936508,FALSE
"Zotu5090",2.00371061988109e-05,10,NA,0.57936507936508,0.57936507936508,FALSE
"Zotu2113",5.12427022738779e-05,24,NA,0.19047619047619,0.19047619047619,FALSE
"Zotu4356",2.81284688653722e-05,3,NA,0.523809523809524,0.523809523809524,FALSE
"Zotu1091",0.0001287347197631,33,NA,0.261904761904762,0.261904761904762,FALSE
"Zotu4977",1.41934862700642e-05,3,NA,0.523809523809524,0.523809523809524,FALSE
"Zotu4081",3.0780222765366e-05,9,NA,0.571428571428571,0.571428571428571,FALSE
"Zotu6020",1.52857200446142e-05,6,NA,0.547619047619048,0.547619047619048,FALSE
"Zotu5797",1.08152081004085e-05,3,NA,0.523809523809524,0.523809523809524,FALSE
"Zotu5005",2.40526190083022e-05,12,NA,0.595238095238095,0.595238095238095,FALSE
"Zotu5305",2.52716942821733e-05,2,NA,0.515873015873016,0.515873015873016,FALSE
"Zotu2640",5.63596167668459e-05,8,NA,0.0634920634920635,0.0634920634920635,TRUE
"Zotu5886",2.27436554379979e-05,8,NA,0.563492063492063,0.563492063492063,FALSE
"Zotu1292",8.72071166642299e-05,24,NA,0.69047619047619,0.69047619047619,FALSE
"Zotu1798",7.73750732580774e-05,11,NA,0.0873015873015873,0.0873015873015873,TRUE
"Zotu2719",3.6441862614911e-05,10,NA,0.57936507936508,0.57936507936508,FALSE
"Zotu4436",2.40199118399763e-05,9,NA,0.571428571428571,0.571428571428571,FALSE
"Zotu3524",2.87645534642662e-05,6,NA,0.547619047619048,0.547619047619048,FALSE
"Zotu5431",1.03604058902297e-05,4,NA,0.531746031746032,0.531746031746032,FALSE
"Zotu4702",3.01608027026487e-05,6,NA,0.547619047619048,0.547619047619048,FALSE
"Zotu4688",2.00025471046213e-05,7,NA,0.555555555555556,0.555555555555556,FALSE
"Zotu727",0.000159545149854182,8,NA,0.563492063492063,0.563492063492063,FALSE
"Zotu2503",4.2293474316117e-05,15,NA,0.619047619047619,0.619047619047619,FALSE
"Zotu783",0.000225472034956129,28,NA,0.722222222222222,0.722222222222222,FALSE
"Zotu2571",5.58992333442967e-05,10,NA,0.57936507936508,0.57936507936508,FALSE
"Zotu2827",3.74642911863216e-05,13,NA,0.603174603174603,0.603174603174603,FALSE
"Zotu6273",7.93203380268595e-06,5,NA,0.53968253968254,0.53968253968254,FALSE
"Zotu5857",3.38600104022802e-05,7,NA,0.555555555555556,0.555555555555556,FALSE
"Zotu2033",5.1184799635625e-05,8,NA,0.563492063492063,0.563492063492063,FALSE
"Zotu6403",1.31665260149694e-05,8,NA,0.563492063492063,0.563492063492063,FALSE
"Zotu3381",2.4385336166174e-05,6,NA,0.547619047619048,0.547619047619048,FALSE
"Zotu2937",3.57607912255366e-05,3,NA,0.523809523809524,0.523809523809524,FALSE
"Zotu1826",5.86446333403332e-05,17,NA,0.634920634920635,0.634920634920635,FALSE
"Zotu4552",4.14635762111914e-05,7,NA,0.555555555555556,0.555555555555556,FALSE
"Zotu2773",3.54349235745141e-05,16,NA,0.626984126984127,0.626984126984127,FALSE
"Zotu3456",3.14594713908161e-05,8,NA,0.563492063492063,0.563492063492063,FALSE
"Zotu4164",2.17101016661495e-05,8,NA,0.563492063492063,0.563492063492063,FALSE
"Zotu2856",3.57712192528301e-05,5,NA,0.53968253968254,0.53968253968254,FALSE
"Zotu2346",5.54581044783356e-05,25,NA,0.698412698412698,0.698412698412698,FALSE
"Zotu6100",3.23886619677443e-05,9,NA,0.571428571428571,0.571428571428571,FALSE
"Zotu5523",1.95324830435522e-05,8,NA,0.563492063492063,0.563492063492063,FALSE
"Zotu4093",2.23662761125118e-05,6,NA,0.547619047619048,0.547619047619048,FALSE
"Zotu2683",2.9043370472242e-05,10,NA,0.57936507936508,0.57936507936508,FALSE
"Zotu4713",1.90726260776405e-05,9,NA,0.571428571428571,0.571428571428571,FALSE
"Zotu2391",6.88045002520136e-05,16,NA,0.626984126984127,0.626984126984127,FALSE
"Zotu5122",1.77262410555227e-05,8,NA,0.563492063492063,0.563492063492063,FALSE
"Zotu5403",3.05955212585128e-05,16,NA,0.126984126984127,0.126984126984127,FALSE
"Zotu6351",1.37166506190327e-05,8,NA,0.563492063492063,0.563492063492063,FALSE
"Zotu2406",4.75860223093007e-05,12,NA,0.595238095238095,0.595238095238095,FALSE
"Zotu3992",1.98985295758215e-05,8,NA,0.563492063492063,0.563492063492063,FALSE
"Zotu2892",4.09984238060526e-05,12,NA,0.595238095238095,0.595238095238095,FALSE
"Zotu2353",5.47456796000429e-05,7,NA,0.555555555555556,0.555555555555556,FALSE
"Zotu2264",4.46090756359889e-05,14,NA,0.611111111111111,0.611111111111111,FALSE
"Zotu2884",3.30131936092634e-05,4,NA,0.531746031746032,0.531746031746032,FALSE
"Zotu3618",2.96808143186207e-05,7,NA,0.555555555555556,0.555555555555556,FALSE
"Zotu5318",1.17817766877162e-05,2,NA,0.515873015873016,0.515873015873016,FALSE
"Zotu2196",4.61291254540759e-05,15,NA,0.619047619047619,0.619047619047619,FALSE
"Zotu1978",6.8270190509093e-05,17,NA,0.634920634920635,0.634920634920635,FALSE
"Zotu3782",2.7878088216664e-05,8,NA,0.563492063492063,0.563492063492063,FALSE
"Zotu4302",2.18722280491105e-05,2,NA,0.515873015873016,0.515873015873016,FALSE
"Zotu5827",1.34739080745178e-05,6,NA,0.547619047619048,0.547619047619048,FALSE
"Zotu6128",1.6251295686128e-05,6,NA,0.547619047619048,0.547619047619048,FALSE
"Zotu5167",1.45787244615749e-05,8,NA,0.563492063492063,0.563492063492063,FALSE
"Zotu1996",6.96209708383117e-05,16,NA,0.626984126984127,0.626984126984127,FALSE
"Zotu6392",7.77446971554842e-06,3,NA,0.523809523809524,0.523809523809524,FALSE
"Zotu4603",1.08198172650772e-05,5,NA,0.53968253968254,0.53968253968254,FALSE
"Zotu5108",1.49642357426762e-05,6,NA,0.547619047619048,0.547619047619048,FALSE
"Zotu6254",1.36821730248897e-05,8,NA,0.563492063492063,0.563492063492063,FALSE
"Zotu3157",3.84356822314109e-05,14,NA,0.611111111111111,0.611111111111111,FALSE
"Zotu837",0.000206225645661673,24,NA,0.69047619047619,0.69047619047619,FALSE
"Zotu2934",3.21890010789491e-05,15,NA,0.619047619047619,0.619047619047619,FALSE
"Zotu1878",7.32359081273788e-05,24,NA,0.19047619047619,0.19047619047619,FALSE
"Zotu2065",4.6291757892564e-05,13,NA,0.603174603174603,0.603174603174603,FALSE
"Zotu2300",6.33473642755223e-05,11,NA,0.587301587301587,0.587301587301587,FALSE
"Zotu4410",2.26096653790541e-05,8,NA,0.563492063492063,0.563492063492063,FALSE
"Zotu5924",1.35961590651662e-05,8,NA,0.563492063492063,0.563492063492063,FALSE
"Zotu2845",5.07306977108631e-05,11,NA,0.587301587301587,0.587301587301587,FALSE
"Zotu3920",3.38509742738383e-05,16,NA,0.126984126984127,0.126984126984127,FALSE
"Zotu2607",4.53682193756047e-05,16,NA,0.626984126984127,0.626984126984127,FALSE
"Zotu2706",3.51164309044284e-05,7,NA,0.555555555555556,0.555555555555556,FALSE
"Zotu1095",0.000167504880084897,26,NA,0.706349206349206,0.706349206349206,FALSE
"Zotu5645",1.43193717158821e-05,3,NA,0.523809523809524,0.523809523809524,FALSE
"Zotu3358",2.73244737681221e-05,11,NA,0.587301587301587,0.587301587301587,FALSE
"Zotu3252",4.12578800610861e-05,4,NA,0.531746031746032,0.531746031746032,FALSE
"Zotu5060",2.03663847229879e-05,12,NA,0.0952380952380952,0.0952380952380952,TRUE
"Zotu4009",4.31455585872457e-05,17,NA,0.634920634920635,0.634920634920635,FALSE
"Zotu2677",3.60950161567443e-05,14,NA,0.611111111111111,0.611111111111111,FALSE
"Zotu1190",0.000110767096542114,22,NA,0.674603174603175,0.674603174603175,FALSE
"Zotu1855",5.7123330896288e-05,19,NA,0.650793650793651,0.650793650793651,FALSE
"Zotu4808",1.84077389429828e-05,11,NA,0.587301587301587,0.587301587301587,FALSE
"Zotu4304",2.84682208628067e-05,8,NA,0.563492063492063,0.563492063492063,FALSE
"Zotu6251",8.18382465948415e-06,2,NA,0.515873015873016,0.515873015873016,FALSE
"Zotu1323",0.000100781989470723,20,NA,0.658730158730159,0.658730158730159,FALSE
"Zotu5805",2.32960773314921e-05,5,NA,0.53968253968254,0.53968253968254,FALSE
"Zotu1969",6.81689594482485e-05,14,NA,0.611111111111111,0.611111111111111,FALSE
"Zotu4689",2.14292894079935e-05,9,NA,0.571428571428571,0.571428571428571,FALSE
"Zotu3798",2.09041531544418e-05,8,NA,0.563492063492063,0.563492063492063,FALSE
"Zotu990",0.000138239656659732,29,NA,0.73015873015873,0.73015873015873,FALSE
"Zotu4514",3.68044015143757e-05,4,NA,0.531746031746032,0.531746031746032,FALSE
"Zotu2828",3.77061154523248e-05,14,NA,0.111111111111111,0.111111111111111,FALSE
"Zotu1351",0.000107395348964606,8,NA,0.0634920634920635,0.0634920634920635,TRUE
"Zotu3957",2.85177027510413e-05,12,NA,0.595238095238095,0.595238095238095,FALSE
"Zotu5175",1.65274702235205e-05,7,NA,0.555555555555556,0.555555555555556,FALSE
"Zotu320",0.000542767866496757,36,NA,0.285714285714286,0.285714285714286,FALSE
"Zotu2859",4.23501982659588e-05,19,NA,0.650793650793651,0.650793650793651,FALSE
"Zotu1879",5.8881203061106e-05,19,NA,0.650793650793651,0.650793650793651,FALSE
"Zotu3930",2.37924036273439e-05,4,NA,0.531746031746032,0.531746031746032,FALSE
"Zotu6041",1.57584268627371e-05,9,NA,0.0714285714285715,0.0714285714285715,TRUE
"Zotu1617",9.63595327493544e-05,16,NA,0.626984126984127,0.626984126984127,FALSE
"Zotu5402",1.5494806086136e-05,5,NA,0.53968253968254,0.53968253968254,FALSE
"Zotu5257",2.29001126449241e-05,9,NA,0.571428571428571,0.571428571428571,FALSE
"Zotu5085",1.15902684024916e-05,5,NA,0.53968253968254,0.53968253968254,FALSE
"Zotu4053",1.63720789938589e-05,5,NA,0.53968253968254,0.53968253968254,FALSE
"Zotu1872",6.87610438280206e-05,22,NA,0.674603174603175,0.674603174603175,FALSE
"Zotu5604",1.72299585459273e-05,6,NA,0.547619047619048,0.547619047619048,FALSE
"Zotu6405",1.13245197231906e-05,6,NA,0.547619047619048,0.547619047619048,FALSE
"Zotu6371",7.839011970108e-06,6,NA,0.547619047619048,0.547619047619048,FALSE
"Zotu5848",2.19158967569528e-05,9,NA,0.571428571428571,0.571428571428571,FALSE
"Zotu5321",1.22486246085162e-05,3,NA,0.523809523809524,0.523809523809524,FALSE
"Zotu1333",0.000109081690093494,21,NA,0.666666666666667,0.666666666666667,FALSE
"Zotu1390",0.000100476473778096,22,NA,0.674603174603175,0.674603174603175,FALSE
"Zotu4116",2.38271156505113e-05,2,NA,0.515873015873016,0.515873015873016,FALSE
"Zotu2470",5.51515053358007e-05,10,NA,0.57936507936508,0.57936507936508,FALSE
"Zotu6331",1.56993002977255e-05,5,NA,0.53968253968254,0.53968253968254,FALSE
"Zotu6003",2.26153374063249e-05,3,NA,0.523809523809524,0.523809523809524,FALSE
"Zotu1537",9.14073810655967e-05,24,NA,0.69047619047619,0.69047619047619,FALSE
"Zotu3911",2.62178570048572e-05,4,NA,0.531746031746032,0.531746031746032,FALSE
"Zotu5543",1.67466350376392e-05,11,NA,0.587301587301587,0.587301587301587,FALSE
"Zotu4385",1.45667438518568e-05,3,NA,0.523809523809524,0.523809523809524,FALSE
"Zotu4285",2.39888924617652e-05,8,NA,0.563492063492063,0.563492063492063,FALSE
"Zotu3338",8.43693680183644e-05,7,NA,0.555555555555556,0.555555555555556,FALSE
"Zotu2857",2.70279115087126e-05,9,NA,0.571428571428571,0.571428571428571,FALSE
"Zotu4299",4.15249229413597e-05,14,NA,0.611111111111111,0.611111111111111,FALSE
"Zotu5853",2.69842942729797e-05,8,NA,0.563492063492063,0.563492063492063,FALSE
"Zotu5134",2.81875667999295e-05,11,NA,0.587301587301587,0.587301587301587,FALSE
"Zotu2584",5.49944716335985e-05,18,NA,0.642857142857143,0.642857142857143,FALSE
"Zotu513",0.000307870034995542,32,NA,0.753968253968254,0.753968253968254,FALSE
"Zotu4420",2.78767445525077e-05,7,NA,0.555555555555556,0.555555555555556,FALSE
"Zotu4248",1.34748717989935e-05,3,NA,0.523809523809524,0.523809523809524,FALSE
"Zotu1693",8.05907726612582e-05,24,NA,0.69047619047619,0.69047619047619,FALSE
"Zotu2030",6.60218623694997e-05,16,NA,0.626984126984127,0.626984126984127,FALSE
"Zotu2164",4.22552998002248e-05,4,NA,0.531746031746032,0.531746031746032,FALSE
"Zotu6196",1.31150840276803e-05,4,NA,0.531746031746032,0.531746031746032,FALSE
"Zotu4695",2.83602878988313e-05,11,NA,0.587301587301587,0.587301587301587,FALSE
"Zotu559",0.000268655480441375,30,NA,0.238095238095238,0.238095238095238,FALSE
"Zotu3873",2.68450690244952e-05,4,NA,0.531746031746032,0.531746031746032,FALSE
"Zotu4929",2.21745028322895e-05,5,NA,0.53968253968254,0.53968253968254,FALSE
"Zotu5220",2.14767459648433e-05,10,NA,0.57936507936508,0.57936507936508,FALSE
"Zotu4028",1.95821813612365e-05,8,NA,0.563492063492063,0.563492063492063,FALSE
"Zotu4112",1.9199488898816e-05,4,NA,0.531746031746032,0.531746031746032,FALSE
"Zotu3783",2.28518658379323e-05,13,NA,0.603174603174603,0.603174603174603,FALSE
"Zotu4441",2.1543243387469e-05,13,NA,0.603174603174603,0.603174603174603,FALSE
"Zotu5433",1.02858689331607e-05,3,NA,0.523809523809524,0.523809523809524,FALSE
"Zotu2069",7.11872353405364e-05,14,NA,0.611111111111111,0.611111111111111,FALSE
"Zotu4311",1.83493911941876e-05,4,NA,0.531746031746032,0.531746031746032,FALSE
"Zotu4386",2.57803688546619e-05,14,NA,0.611111111111111,0.611111111111111,FALSE
"Zotu2634",3.16136761818824e-05,16,NA,0.626984126984127,0.626984126984127,FALSE
"Zotu2166",6.81553716667782e-05,16,NA,0.626984126984127,0.626984126984127,FALSE
"Zotu5301",1.30973839866062e-05,4,NA,0.531746031746032,0.531746031746032,FALSE
"Zotu2691",4.53019181268257e-05,15,NA,0.619047619047619,0.619047619047619,FALSE
"Zotu1072",0.000135237751456115,30,NA,0.738095238095238,0.738095238095238,FALSE
"Zotu1126",0.000103470429643854,19,NA,0.650793650793651,0.650793650793651,FALSE
"Zotu1253",9.6314977740225e-05,31,NA,0.746031746031746,0.746031746031746,FALSE
"Zotu5584",1.49963478986374e-05,5,NA,0.53968253968254,0.53968253968254,FALSE
"Zotu2829",5.52309909338605e-05,19,NA,0.150793650793651,0.150793650793651,FALSE
"Zotu2439",4.53132203561498e-05,8,NA,0.563492063492063,0.563492063492063,FALSE
"Zotu1951",6.31499618794909e-05,16,NA,0.126984126984127,0.126984126984127,FALSE
"Zotu5273",1.18548105287169e-05,4,NA,0.531746031746032,0.531746031746032,FALSE
"Zotu5424",1.30413960272863e-05,4,NA,0.531746031746032,0.531746031746032,FALSE
"Zotu4762",2.0653820972651e-05,9,NA,0.571428571428571,0.571428571428571,FALSE
"Zotu3026",4.5837558891373e-05,15,NA,0.119047619047619,0.119047619047619,FALSE
"Zotu4939",1.82262479919434e-05,4,NA,0.531746031746032,0.531746031746032,FALSE
"Zotu1502",0.00010516466364334,22,NA,0.174603174603175,0.174603174603175,FALSE
"Zotu5912",9.78759495422378e-06,2,NA,0.515873015873016,0.515873015873016,FALSE
"Zotu3701",3.51937243997608e-05,15,NA,0.619047619047619,0.619047619047619,FALSE
"Zotu3424",2.76217481338766e-05,20,NA,0.658730158730159,0.658730158730159,FALSE
"Zotu835",0.000145105161113342,17,NA,0.634920634920635,0.634920634920635,FALSE
"Zotu1675",7.53438344036529e-05,21,NA,0.666666666666667,0.666666666666667,FALSE
"Zotu4345",1.69832140763832e-05,7,NA,0.555555555555556,0.555555555555556,FALSE
"Zotu3805",2.8548447121903e-05,12,NA,0.595238095238095,0.595238095238095,FALSE
"Zotu3344",3.2642878378315e-05,10,NA,0.57936507936508,0.57936507936508,FALSE
"Zotu4991",1.56147022976671e-05,8,NA,0.563492063492063,0.563492063492063,FALSE
"Zotu2484",6.42779489506462e-05,6,NA,0.0476190476190477,0.0476190476190477,TRUE
"Zotu5560",7.68163240740069e-06,6,NA,0.547619047619048,0.547619047619048,FALSE
"Zotu3128",3.41190336986773e-05,9,NA,0.571428571428571,0.571428571428571,FALSE
"Zotu972",0.00017216267800011,26,NA,0.206349206349206,0.206349206349206,FALSE
"Zotu2149",5.52198443574447e-05,20,NA,0.658730158730159,0.658730158730159,FALSE
"Zotu4850",9.31144476501895e-06,5,NA,0.53968253968254,0.53968253968254,FALSE
"Zotu5233",4.99491623124366e-05,18,NA,0.142857142857143,0.142857142857143,FALSE
"Zotu4978",2.41860194910177e-05,6,NA,0.547619047619048,0.547619047619048,FALSE
"Zotu4969",2.22923729934019e-05,4,NA,0.531746031746032,0.531746031746032,FALSE
"Zotu2274",6.43052823623754e-05,21,NA,0.666666666666667,0.666666666666667,FALSE
"Zotu3193",3.82884035277183e-05,5,NA,0.53968253968254,0.53968253968254,FALSE
"Zotu562",0.000421561691799075,35,NA,0.777777777777778,0.777777777777778,FALSE
"Zotu5549",1.90090426785665e-05,8,NA,0.563492063492063,0.563492063492063,FALSE
"Zotu5231",1.88211857057438e-05,1,NA,NA,NA,FALSE
"Zotu5409",2.12341582321212e-05,1,NA,NA,NA,FALSE
"Zotu6208",1.95159739983619e-05,8,NA,0.563492063492063,0.563492063492063,FALSE
"Zotu6068",1.84450497675722e-05,3,NA,0.523809523809524,0.523809523809524,FALSE
"Zotu3020",4.3131826653083e-05,19,NA,0.650793650793651,0.650793650793651,FALSE
"Zotu3452",3.0237517051528e-05,6,NA,0.547619047619048,0.547619047619048,FALSE
"Zotu2507",3.86405227720813e-05,13,NA,0.103174603174603,0.103174603174603,FALSE
"Zotu4974",2.03093497888163e-05,3,NA,0.523809523809524,0.523809523809524,FALSE
"Zotu4172",2.46840748693542e-05,12,NA,0.595238095238095,0.595238095238095,FALSE
"Zotu3825",1.84335527429835e-05,3,NA,0.523809523809524,0.523809523809524,FALSE
"Zotu1033",0.000119387830867459,19,NA,0.650793650793651,0.650793650793651,FALSE
"Zotu6338",9.73000031053193e-06,6,NA,0.547619047619048,0.547619047619048,FALSE
"Zotu4213",1.3049499167097e-05,4,NA,0.531746031746032,0.531746031746032,FALSE
"Zotu5733",1.69157857023086e-05,5,NA,0.53968253968254,0.53968253968254,FALSE
"Zotu3132",4.20820188409129e-05,10,NA,0.57936507936508,0.57936507936508,FALSE
"Zotu4163",1.69375368508759e-05,5,NA,0.53968253968254,0.53968253968254,FALSE
"Zotu1243",0.000173663937324638,17,NA,0.634920634920635,0.634920634920635,FALSE
"Zotu6018",2.35730589456537e-05,12,NA,0.595238095238095,0.595238095238095,FALSE
"Zotu5702",1.31382716565785e-05,6,NA,0.547619047619048,0.547619047619048,FALSE
"Zotu1073",0.000114546547447977,15,NA,0.619047619047619,0.619047619047619,FALSE
"Zotu5721",1.46566916317377e-05,4,NA,0.531746031746032,0.531746031746032,FALSE
"Zotu2964",3.39001874401006e-05,4,NA,0.531746031746032,0.531746031746032,FALSE
"Zotu6312",2.04342630100334e-05,8,NA,0.563492063492063,0.563492063492063,FALSE
"Zotu4429",1.89913095800075e-05,5,NA,0.53968253968254,0.53968253968254,FALSE
"Zotu6129",6.25143169998957e-06,3,NA,0.523809523809524,0.523809523809524,FALSE
"Zotu3939",1.90669409697589e-05,12,NA,0.595238095238095,0.595238095238095,FALSE
"Zotu2685",4.95203025360862e-05,13,NA,0.603174603174603,0.603174603174603,FALSE
"Zotu2954",5.36889851246617e-05,17,NA,0.634920634920635,0.634920634920635,FALSE
"Zotu3228",4.21812772688111e-05,16,NA,0.626984126984127,0.626984126984127,FALSE
"Zotu2854",2.95908720945485e-05,3,NA,0.523809523809524,0.523809523809524,FALSE
"Zotu5356",1.99026661232114e-05,7,NA,0.555555555555556,0.555555555555556,FALSE
"Zotu5164",8.36732913231824e-06,3,NA,0.523809523809524,0.523809523809524,FALSE
"Zotu2746",5.10515149944455e-05,8,NA,0.563492063492063,0.563492063492063,FALSE
"Zotu3674",2.72027601802167e-05,3,NA,0.523809523809524,0.523809523809524,FALSE
"Zotu6326",1.61767981062618e-05,5,NA,0.53968253968254,0.53968253968254,FALSE
"Zotu4228",1.94513200913532e-05,5,NA,0.53968253968254,0.53968253968254,FALSE
"Zotu6158",1.38193942688443e-05,11,NA,0.587301587301587,0.587301587301587,FALSE
"Zotu1147",0.000181227154022614,24,NA,0.69047619047619,0.69047619047619,FALSE
"Zotu1775",6.65195660169094e-05,19,NA,0.650793650793651,0.650793650793651,FALSE
"Zotu5623",3.86490631440766e-05,10,NA,0.57936507936508,0.57936507936508,FALSE
"Zotu3490",2.73467155221446e-05,8,NA,0.563492063492063,0.563492063492063,FALSE
"Zotu1935",5.77698959869661e-05,26,NA,0.206349206349206,0.206349206349206,FALSE
"Zotu2543",8.61822191893397e-05,17,NA,0.634920634920635,0.634920634920635,FALSE
"Zotu2672",3.63524766899297e-05,8,NA,0.563492063492063,0.563492063492063,FALSE
"Zotu2129",9.3724416046046e-05,2,NA,0.515873015873016,0.515873015873016,FALSE
"Zotu2760",3.52265329605898e-05,12,NA,0.595238095238095,0.595238095238095,FALSE
"Zotu4958",1.37721122613765e-05,3,NA,0.523809523809524,0.523809523809524,FALSE
"Zotu1680",0.000115064426703852,9,NA,0.571428571428571,0.571428571428571,FALSE
"Zotu1974",7.39376872683147e-05,15,NA,0.619047619047619,0.619047619047619,FALSE
"Zotu5453",1.80874238755798e-05,7,NA,0.555555555555556,0.555555555555556,FALSE
"Zotu2245",7.05645138090905e-05,13,NA,0.603174603174603,0.603174603174603,FALSE
"Zotu2275",3.79944827519648e-05,10,NA,0.57936507936508,0.57936507936508,FALSE
"Zotu5792",1.31776227499836e-05,9,NA,0.571428571428571,0.571428571428571,FALSE
"Zotu4530",3.56113388390567e-05,17,NA,0.634920634920635,0.634920634920635,FALSE
"Zotu6291",9.17683537421375e-06,6,NA,0.547619047619048,0.547619047619048,FALSE
"Zotu5744",2.08896800491466e-05,2,NA,0.515873015873016,0.515873015873016,FALSE
"Zotu6141",9.59675772480233e-06,5,NA,0.53968253968254,0.53968253968254,FALSE
"Zotu4593",1.31607462656263e-05,4,NA,0.531746031746032,0.531746031746032,FALSE
"Zotu4865",1.90280143505923e-05,5,NA,0.53968253968254,0.53968253968254,FALSE
"Zotu2425",7.26743562099828e-05,8,NA,0.563492063492063,0.563492063492063,FALSE
"Zotu2881",3.39738850331174e-05,9,NA,0.571428571428571,0.571428571428571,FALSE
"Zotu2210",7.12129520443297e-05,13,NA,0.603174603174603,0.603174603174603,FALSE
"Zotu5735",2.09198344188689e-05,8,NA,0.563492063492063,0.563492063492063,FALSE
"Zotu5927",3.71328660831202e-05,6,NA,0.547619047619048,0.547619047619048,FALSE
"Zotu5519",1.17994266391136e-05,3,NA,0.523809523809524,0.523809523809524,FALSE
"Zotu4696",3.33104861849492e-05,8,NA,0.563492063492063,0.563492063492063,FALSE
"Zotu1177",0.000130626288080748,6,NA,0.547619047619048,0.547619047619048,FALSE
"Zotu2343",4.0418972765078e-05,20,NA,0.658730158730159,0.658730158730159,FALSE
"Zotu2851",3.67394062943902e-05,11,NA,0.587301587301587,0.587301587301587,FALSE
"Zotu6175",8.85270647592993e-06,3,NA,0.523809523809524,0.523809523809524,FALSE
"Zotu3835",3.14244412655271e-05,14,NA,0.611111111111111,0.611111111111111,FALSE
"Zotu2971",5.53593545328497e-05,15,NA,0.119047619047619,0.119047619047619,FALSE
"Zotu1625",0.000101064337391617,14,NA,0.611111111111111,0.611111111111111,FALSE
"Zotu1577",0.000104803328360762,22,NA,0.674603174603175,0.674603174603175,FALSE
"Zotu3858",2.40690982322623e-05,6,NA,0.547619047619048,0.547619047619048,FALSE
"Zotu4879",7.37389446144369e-06,2,NA,0.515873015873016,0.515873015873016,FALSE
"Zotu6126",2.16619826459851e-05,5,NA,0.53968253968254,0.53968253968254,FALSE
"Zotu1864",8.52381164512122e-05,17,NA,0.134920634920635,0.134920634920635,FALSE
"Zotu703",0.000214098419243232,24,NA,0.19047619047619,0.19047619047619,FALSE
"Zotu593",0.000393540090272242,25,NA,0.698412698412698,0.698412698412698,FALSE
"Zotu4736",2.73098382356968e-05,9,NA,0.571428571428571,0.571428571428571,FALSE
"Zotu6112",1.03413685767174e-05,1,NA,NA,NA,FALSE
"Zotu5808",8.33977501990384e-06,6,NA,0.547619047619048,0.547619047619048,FALSE
"Zotu1889",8.66045093919419e-05,17,NA,0.134920634920635,0.134920634920635,FALSE
"Zotu4621",2.05581517743601e-05,7,NA,0.555555555555556,0.555555555555556,FALSE
"Zotu1640",6.79577537891372e-05,15,NA,0.619047619047619,0.619047619047619,FALSE
"Zotu1281",9.96604339222749e-05,17,NA,0.634920634920635,0.634920634920635,FALSE
"Zotu3436",5.44343703674739e-05,15,NA,0.619047619047619,0.619047619047619,FALSE
"Zotu4731",2.4542998541468e-05,8,NA,0.563492063492063,0.563492063492063,FALSE
"Zotu1080",0.000132815323602233,18,NA,0.142857142857143,0.142857142857143,FALSE
"Zotu6114",9.50738238341688e-06,5,NA,0.53968253968254,0.53968253968254,FALSE
"Zotu4809",1.8523875558247e-05,4,NA,0.531746031746032,0.531746031746032,FALSE
"Zotu3173",3.36925580339453e-05,4,NA,0.531746031746032,0.531746031746032,FALSE
"Zotu2756",5.62390466315863e-05,11,NA,0.587301587301587,0.587301587301587,FALSE
"Zotu3165",4.81797001775539e-05,13,NA,0.603174603174603,0.603174603174603,FALSE
"Zotu6349",6.89424571781163e-06,1,NA,NA,NA,FALSE
"Zotu6370",4.43201510430748e-06,1,NA,NA,NA,FALSE
"Zotu6142",7.90895880307404e-06,5,NA,0.53968253968254,0.53968253968254,FALSE
"Zotu892",0.000157702500722638,33,NA,0.261904761904762,0.261904761904762,FALSE
"Zotu6270",3.24783182792516e-05,10,NA,0.57936507936508,0.57936507936508,FALSE
"Zotu2355",4.12952961674326e-05,6,NA,0.547619047619048,0.547619047619048,FALSE
"Zotu3943",2.93169421755012e-05,14,NA,0.611111111111111,0.611111111111111,FALSE
"Zotu1610",8.5573392280478e-05,16,NA,0.626984126984127,0.626984126984127,FALSE
"Zotu5054",1.31532023202233e-05,2,NA,0.515873015873016,0.515873015873016,FALSE
"Zotu4855",3.05383088911917e-05,16,NA,0.126984126984127,0.126984126984127,FALSE
"Zotu756",0.000183234255494594,26,NA,0.206349206349206,0.206349206349206,FALSE
"Zotu4519",1.48076684710542e-05,3,NA,0.523809523809524,0.523809523809524,FALSE
"Zotu4088",2.37454263932235e-05,4,NA,0.531746031746032,0.531746031746032,FALSE
"Zotu4886",1.52658298037257e-05,1,NA,NA,NA,FALSE
"Zotu5931",2.4160568209127e-05,6,NA,0.547619047619048,0.547619047619048,FALSE
"Zotu6363",1.12010432962897e-05,4,NA,0.531746031746032,0.531746031746032,FALSE
"Zotu4239",1.90327295229838e-05,3,NA,0.523809523809524,0.523809523809524,FALSE
"Zotu1806",8.95791776194734e-05,17,NA,0.634920634920635,0.634920634920635,FALSE
"Zotu2992",3.6009689398712e-05,11,NA,0.587301587301587,0.587301587301587,FALSE
"Zotu2345",5.56039274761993e-05,14,NA,0.611111111111111,0.611111111111111,FALSE
"Zotu3486",2.62742931921884e-05,2,NA,0.515873015873016,0.515873015873016,FALSE
"Zotu3755",2.49594401137911e-05,9,NA,0.571428571428571,0.571428571428571,FALSE
"Zotu4816",1.35991921075078e-05,9,NA,0.571428571428571,0.571428571428571,FALSE
"Zotu5811",6.56020786921134e-05,16,NA,0.626984126984127,0.626984126984127,FALSE
"Zotu6044",2.16915903262011e-05,9,NA,0.571428571428571,0.571428571428571,FALSE
"Zotu3222",3.11486964099735e-05,8,NA,0.563492063492063,0.563492063492063,FALSE
"Zotu1411",7.73350086017729e-05,11,NA,0.587301587301587,0.587301587301587,FALSE
"Zotu4188",2.62985253250595e-05,7,NA,0.555555555555556,0.555555555555556,FALSE
"Zotu4143",2.05001465097218e-05,10,NA,0.57936507936508,0.57936507936508,FALSE
"Zotu5365",1.04138863715589e-05,6,NA,0.547619047619048,0.547619047619048,FALSE
"Zotu5341",4.74355453611859e-05,14,NA,0.611111111111111,0.611111111111111,FALSE
"Zotu1494",9.62417451956401e-05,15,NA,0.619047619047619,0.619047619047619,FALSE
"Zotu2656",3.6537824199221e-05,16,NA,0.626984126984127,0.626984126984127,FALSE
"Zotu5544",1.3300679931562e-05,8,NA,0.563492063492063,0.563492063492063,FALSE
"Zotu3172",3.86433100412023e-05,8,NA,0.563492063492063,0.563492063492063,FALSE
"Zotu1436",9.69447945411465e-05,19,NA,0.150793650793651,0.150793650793651,FALSE
"Zotu970",0.000142310950135357,15,NA,0.619047619047619,0.619047619047619,FALSE
"Zotu2895",4.83404147310881e-05,16,NA,0.126984126984127,0.126984126984127,FALSE
"Zotu5261",2.61355602522716e-05,12,NA,0.0952380952380952,0.0952380952380952,TRUE
"Zotu4772",2.47121947328631e-05,2,NA,0.515873015873016,0.515873015873016,FALSE
"Zotu5685",1.27554445333437e-05,7,NA,0.555555555555556,0.555555555555556,FALSE
"Zotu2591",6.09476188283246e-05,14,NA,0.111111111111111,0.111111111111111,FALSE
"Zotu4190",2.67316924277082e-05,15,NA,0.619047619047619,0.619047619047619,FALSE
"Zotu2574",4.21777988503792e-05,12,NA,0.595238095238095,0.595238095238095,FALSE
"Zotu5336",1.81728507728893e-05,10,NA,0.57936507936508,0.57936507936508,FALSE
"Zotu1346",0.000113125138335516,21,NA,0.666666666666667,0.666666666666667,FALSE
"Zotu6229",1.34103891533316e-05,6,NA,0.547619047619048,0.547619047619048,FALSE
"Zotu3167",3.29074948354883e-05,8,NA,0.563492063492063,0.563492063492063,FALSE
"Zotu5478",1.80018798212006e-05,7,NA,0.555555555555556,0.555555555555556,FALSE
"Zotu2373",5.82725251519896e-05,18,NA,0.142857142857143,0.142857142857143,FALSE
"Zotu4860",1.79180138442318e-05,8,NA,0.563492063492063,0.563492063492063,FALSE
"Zotu2020",5.85406087166424e-05,9,NA,0.571428571428571,0.571428571428571,FALSE
"Zotu1988",8.25437456840406e-05,6,NA,0.0476190476190477,0.0476190476190477,TRUE
"Zotu4617",2.62309677594639e-05,8,NA,0.563492063492063,0.563492063492063,FALSE
"Zotu1385",8.38952131999877e-05,16,NA,0.626984126984127,0.626984126984127,FALSE
"Zotu3637",5.05053572160603e-05,9,NA,0.571428571428571,0.571428571428571,FALSE
"Zotu4558",1.70751884862234e-05,7,NA,0.555555555555556,0.555555555555556,FALSE
"Zotu4037",2.71337278344717e-05,11,NA,0.587301587301587,0.587301587301587,FALSE
"Zotu870",0.000179485481092343,30,NA,0.238095238095238,0.238095238095238,FALSE
"Zotu3188",3.86348179988797e-05,7,NA,0.555555555555556,0.555555555555556,FALSE
"Zotu556",0.000248960716582921,28,NA,0.722222222222222,0.722222222222222,FALSE
"Zotu1445",0.000137718174128946,12,NA,0.595238095238095,0.595238095238095,FALSE
"Zotu3722",2.78697370057274e-05,15,NA,0.619047619047619,0.619047619047619,FALSE
"Zotu5786",1.41814831445812e-05,8,NA,0.563492063492063,0.563492063492063,FALSE
"Zotu2931",4.79214469732809e-05,13,NA,0.603174603174603,0.603174603174603,FALSE
"Zotu1478",9.8565554645803e-05,13,NA,0.603174603174603,0.603174603174603,FALSE
"Zotu4510",2.16979195829281e-05,6,NA,0.547619047619048,0.547619047619048,FALSE
"Zotu3247",2.95015075558001e-05,8,NA,0.563492063492063,0.563492063492063,FALSE
"Zotu2482",6.08635194473929e-05,16,NA,0.626984126984127,0.626984126984127,FALSE
"Zotu2490",5.52365063293073e-05,17,NA,0.634920634920635,0.634920634920635,FALSE
"Zotu1089",0.000128335729166908,15,NA,0.119047619047619,0.119047619047619,FALSE
"Zotu6026",7.43373507927608e-06,4,NA,0.531746031746032,0.531746031746032,FALSE
"Zotu3316",4.36438522067101e-05,18,NA,0.642857142857143,0.642857142857143,FALSE
"Zotu4140",1.7675509659511e-05,4,NA,0.531746031746032,0.531746031746032,FALSE
"Zotu2630",4.81469509105671e-05,12,NA,0.595238095238095,0.595238095238095,FALSE
"Zotu4072",1.56680551654153e-05,9,NA,0.571428571428571,0.571428571428571,FALSE
"Zotu6178",6.19134280168117e-06,3,NA,0.523809523809524,0.523809523809524,FALSE
"Zotu1506",9.40202378056767e-05,22,NA,0.674603174603175,0.674603174603175,FALSE
"Zotu5058",2.30266689904517e-05,7,NA,0.555555555555556,0.555555555555556,FALSE
"Zotu589",0.000271783891906433,35,NA,0.277777777777778,0.277777777777778,FALSE
"Zotu4638",1.12893075357328e-05,5,NA,0.53968253968254,0.53968253968254,FALSE
"Zotu6121",2.03857887814811e-05,7,NA,0.555555555555556,0.555555555555556,FALSE
"Zotu4858",2.40044803306965e-05,12,NA,0.595238095238095,0.595238095238095,FALSE
"Zotu4564",1.83648214855065e-05,13,NA,0.603174603174603,0.603174603174603,FALSE
"Zotu1972",0.000105280643970783,14,NA,0.111111111111111,0.111111111111111,FALSE
"Zotu3839",1.71990750105755e-05,6,NA,0.547619047619048,0.547619047619048,FALSE
"Zotu2108",8.93088081405067e-05,12,NA,0.595238095238095,0.595238095238095,FALSE
"Zotu1636",0.000118733122541064,15,NA,0.619047619047619,0.619047619047619,FALSE
"Zotu5217",2.26295598560005e-05,9,NA,0.571428571428571,0.571428571428571,FALSE
"Zotu6236",7.3352069502984e-06,4,NA,0.531746031746032,0.531746031746032,FALSE
"Zotu4422",1.41927023692306e-05,3,NA,0.523809523809524,0.523809523809524,FALSE
"Zotu2082",5.82720848961069e-05,7,NA,0.555555555555556,0.555555555555556,FALSE
"Zotu5862",1.94835227141872e-05,7,NA,0.0555555555555555,0.0555555555555555,TRUE
"Zotu415",0.000405996776445271,8,NA,0.0634920634920635,0.0634920634920635,TRUE
"Zotu3608",2.94181349072485e-05,8,NA,0.563492063492063,0.563492063492063,FALSE
"Zotu4122",2.33072450875361e-05,7,NA,0.555555555555556,0.555555555555556,FALSE
"Zotu2342",5.16942914656859e-05,19,NA,0.150793650793651,0.150793650793651,FALSE
"Zotu3428",3.63399943395156e-05,6,NA,0.547619047619048,0.547619047619048,FALSE
"Zotu5148",1.35047241944977e-05,9,NA,0.571428571428571,0.571428571428571,FALSE
"Zotu4546",2.27655012944992e-05,12,NA,0.595238095238095,0.595238095238095,FALSE
"Zotu2914",3.93973847970452e-05,14,NA,0.111111111111111,0.111111111111111,FALSE
"Zotu4068",3.2501200069994e-05,11,NA,0.0873015873015873,0.0873015873015873,TRUE
"Zotu6227",6.79837138023887e-06,2,NA,0.515873015873016,0.515873015873016,FALSE
"Zotu1931",6.30840517773609e-05,12,NA,0.595238095238095,0.595238095238095,FALSE
"Zotu3869",3.49208461853788e-05,3,NA,0.523809523809524,0.523809523809524,FALSE
"Zotu4988",1.91645246692563e-05,4,NA,0.531746031746032,0.531746031746032,FALSE
"Zotu2637",4.76345606860005e-05,6,NA,0.547619047619048,0.547619047619048,FALSE
"Zotu5826",1.98826567409344e-05,10,NA,0.57936507936508,0.57936507936508,FALSE
"Zotu5666",2.04475825961685e-05,19,NA,0.650793650793651,0.650793650793651,FALSE
"Zotu6352",9.080949149339e-06,2,NA,0.515873015873016,0.515873015873016,FALSE
"Zotu2003",6.35781438333123e-05,21,NA,0.166666666666667,0.166666666666667,FALSE
"Zotu2792",5.05574931306139e-05,17,NA,0.634920634920635,0.634920634920635,FALSE
"Zotu5648",1.59940026635007e-05,3,NA,0.523809523809524,0.523809523809524,FALSE
"Zotu5800",1.21679858116218e-05,6,NA,0.547619047619048,0.547619047619048,FALSE
"Zotu5101",1.46492295637517e-05,6,NA,0.547619047619048,0.547619047619048,FALSE
"Zotu2246",5.20644720515422e-05,15,NA,0.619047619047619,0.619047619047619,FALSE
"Zotu966",0.000197015396311066,31,NA,0.246031746031746,0.246031746031746,FALSE
"Zotu6384",1.08620450968011e-05,4,NA,0.531746031746032,0.531746031746032,FALSE
"Zotu4553",1.74449145810614e-05,4,NA,0.531746031746032,0.531746031746032,FALSE
"Zotu6149",7.14080559913332e-06,4,NA,0.531746031746032,0.531746031746032,FALSE
"Zotu6337",1.43171015531607e-05,5,NA,0.53968253968254,0.53968253968254,FALSE
"Zotu3991",2.27495770313642e-05,7,NA,0.555555555555556,0.555555555555556,FALSE
"Zotu2619",5.68420472406242e-05,23,NA,0.682539682539683,0.682539682539683,FALSE
"Zotu5824",7.34578723672614e-06,4,NA,0.531746031746032,0.531746031746032,FALSE
"Zotu5546",2.00825731690969e-05,7,NA,0.555555555555556,0.555555555555556,FALSE
"Zotu3342",3.54827858346879e-05,7,NA,0.0555555555555555,0.0555555555555555,TRUE
"Zotu3024",2.89165752785563e-05,17,NA,0.634920634920635,0.634920634920635,FALSE
"Zotu5561",2.48469116254969e-05,13,NA,0.603174603174603,0.603174603174603,FALSE
"Zotu2215",5.42829228495335e-05,11,NA,0.587301587301587,0.587301587301587,FALSE
"Zotu1802",9.13946594083346e-05,12,NA,0.595238095238095,0.595238095238095,FALSE
"Zotu6407",7.27549951023755e-06,2,NA,0.515873015873016,0.515873015873016,FALSE
"Zotu5205",1.11683235857294e-05,4,NA,0.531746031746032,0.531746031746032,FALSE
"Zotu3153",3.54987272564712e-05,9,NA,0.571428571428571,0.571428571428571,FALSE
"Zotu3688",2.76752371049581e-05,2,NA,0.515873015873016,0.515873015873016,FALSE
"Zotu5223",1.30774813789511e-05,3,NA,0.523809523809524,0.523809523809524,FALSE
"Zotu3519",2.29640063340402e-05,6,NA,0.547619047619048,0.547619047619048,FALSE
"Zotu5960",1.11893335222804e-05,2,NA,0.515873015873016,0.515873015873016,FALSE
"Zotu5016",1.23227769655499e-05,6,NA,0.547619047619048,0.547619047619048,FALSE
"Zotu5766",8.73683821820394e-06,2,NA,0.515873015873016,0.515873015873016,FALSE
"Zotu1689",7.28574740823974e-05,17,NA,0.634920634920635,0.634920634920635,FALSE
"Zotu5178",9.37184131065143e-06,5,NA,0.53968253968254,0.53968253968254,FALSE
"Zotu6401",1.26001196192949e-05,2,NA,0.515873015873016,0.515873015873016,FALSE
"Zotu5591",2.41008029860142e-05,5,NA,0.53968253968254,0.53968253968254,FALSE
"Zotu748",0.000222628914401002,20,NA,0.658730158730159,0.658730158730159,FALSE
"Zotu5880",1.99606713058769e-05,3,NA,0.523809523809524,0.523809523809524,FALSE
"Zotu4354",2.39816841545643e-05,4,NA,0.531746031746032,0.531746031746032,FALSE
"Zotu4220",1.70746998214979e-05,7,NA,0.555555555555556,0.555555555555556,FALSE
"Zotu5758",1.55092163384133e-05,3,NA,0.523809523809524,0.523809523809524,FALSE
"Zotu5008",3.18312813711765e-05,11,NA,0.587301587301587,0.587301587301587,FALSE
"Zotu4100",2.73615108824973e-05,15,NA,0.619047619047619,0.619047619047619,FALSE
"Zotu6014",1.46033689164375e-05,6,NA,0.547619047619048,0.547619047619048,FALSE
"Zotu955",0.000149241955035339,12,NA,0.595238095238095,0.595238095238095,FALSE
"Zotu6058",6.78831323992614e-06,1,NA,NA,NA,FALSE
"Zotu4045",5.0009193121326e-05,21,NA,0.666666666666667,0.666666666666667,FALSE
"Zotu3124",7.04553341974293e-05,10,NA,0.57936507936508,0.57936507936508,FALSE
"Zotu2948",3.4815485772511e-05,9,NA,0.571428571428571,0.571428571428571,FALSE
"Zotu2617",5.05297939003824e-05,18,NA,0.142857142857143,0.142857142857143,FALSE
"Zotu3978",2.70042177595539e-05,7,NA,0.555555555555556,0.555555555555556,FALSE
"Zotu1783",7.39224942634106e-05,2,NA,0.515873015873016,0.515873015873016,FALSE
"Zotu2900",8.69361781725545e-05,11,NA,0.587301587301587,0.587301587301587,FALSE
"Zotu691",0.000194980332043093,27,NA,0.714285714285714,0.714285714285714,FALSE
"Zotu2813",4.44989664694012e-05,8,NA,0.0634920634920635,0.0634920634920635,TRUE
"Zotu6187",4.14302187283993e-05,15,NA,0.119047619047619,0.119047619047619,FALSE
"Zotu2044",6.33852527564016e-05,14,NA,0.611111111111111,0.611111111111111,FALSE
"Zotu5022",1.32350644863144e-05,6,NA,0.547619047619048,0.547619047619048,FALSE
"Zotu5135",8.7561461842375e-06,4,NA,0.531746031746032,0.531746031746032,FALSE
"Zotu3921",3.18014646180144e-05,10,NA,0.57936507936508,0.57936507936508,FALSE
"Zotu4145",2.44689918635689e-05,9,NA,0.571428571428571,0.571428571428571,FALSE
"Zotu3331",2.34819343361763e-05,7,NA,0.555555555555556,0.555555555555556,FALSE
"Zotu5109",1.15453782575557e-05,6,NA,0.547619047619048,0.547619047619048,FALSE
"Zotu1246",0.000112973154678405,21,NA,0.666666666666667,0.666666666666667,FALSE
"Zotu2530",3.9654302200164e-05,13,NA,0.603174603174603,0.603174603174603,FALSE
"Zotu4371",2.34295780635832e-05,7,NA,0.555555555555556,0.555555555555556,FALSE
"Zotu4460",2.72745657396037e-05,9,NA,0.571428571428571,0.571428571428571,FALSE
"Zotu5652",1.10249939280946e-05,6,NA,0.547619047619048,0.547619047619048,FALSE
"Zotu2445",7.00098148103061e-05,20,NA,0.158730158730159,0.158730158730159,FALSE
"Zotu4642",1.41248458899601e-05,7,NA,0.555555555555556,0.555555555555556,FALSE
"Zotu849",0.000175177404453706,27,NA,0.214285714285714,0.214285714285714,FALSE
"Zotu4565",1.9529416500304e-05,5,NA,0.53968253968254,0.53968253968254,FALSE
"Zotu5130",1.84907087473545e-05,6,NA,0.547619047619048,0.547619047619048,FALSE
"Zotu6028",1.30124990032233e-05,2,NA,0.515873015873016,0.515873015873016,FALSE
"Zotu3838",3.50204597452843e-05,7,NA,0.555555555555556,0.555555555555556,FALSE
"Zotu5997",1.03626080544386e-05,2,NA,0.515873015873016,0.515873015873016,FALSE
"Zotu867",0.000150629118124679,35,NA,0.277777777777778,0.277777777777778,FALSE
"Zotu5221",1.69554376004754e-05,3,NA,0.523809523809524,0.523809523809524,FALSE
"Zotu2465",4.63500737966977e-05,9,NA,0.571428571428571,0.571428571428571,FALSE
"Zotu4836",1.35954875815826e-05,5,NA,0.53968253968254,0.53968253968254,FALSE
"Zotu5242",1.60428593998614e-05,4,NA,0.531746031746032,0.531746031746032,FALSE
"Zotu3999",6.33290836487134e-05,21,NA,0.666666666666667,0.666666666666667,FALSE
"Zotu5316",3.11728622682423e-05,16,NA,0.626984126984127,0.626984126984127,FALSE
"Zotu2063",8.76035768198264e-05,10,NA,0.57936507936508,0.57936507936508,FALSE
"Zotu4830",1.18275702201747e-05,5,NA,0.53968253968254,0.53968253968254,FALSE
"Zotu264",0.000695807520468164,22,NA,0.174603174603175,0.174603174603175,FALSE
"Zotu5486",1.07275544950041e-05,3,NA,0.523809523809524,0.523809523809524,FALSE
"Zotu3626",5.3516996186536e-05,9,NA,0.571428571428571,0.571428571428571,FALSE
"Zotu4136",3.03135714097004e-05,8,NA,0.563492063492063,0.563492063492063,FALSE
"Zotu95",0.00139359971301775,37,NA,0.293650793650794,0.293650793650794,FALSE
"Zotu855",0.000136154190325851,19,NA,0.650793650793651,0.650793650793651,FALSE
"Zotu4526",3.32212784574428e-05,11,NA,0.587301587301587,0.587301587301587,FALSE
"Zotu4894",1.78591670603542e-05,3,NA,0.523809523809524,0.523809523809524,FALSE
"Zotu2887",3.98992649007866e-05,13,NA,0.603174603174603,0.603174603174603,FALSE
"Zotu3792",2.58657938940932e-05,4,NA,0.531746031746032,0.531746031746032,FALSE
"Zotu4017",4.10068279406347e-05,7,NA,0.555555555555556,0.555555555555556,FALSE
"Zotu4130",1.87619066632355e-05,8,NA,0.563492063492063,0.563492063492063,FALSE
"Zotu4159",1.8340279032344e-05,2,NA,0.515873015873016,0.515873015873016,FALSE
"Zotu3011",4.36126879072805e-05,4,NA,0.531746031746032,0.531746031746032,FALSE
"Zotu1899",5.43113996720401e-05,11,NA,0.587301587301587,0.587301587301587,FALSE
"Zotu2219",5.27038212463932e-05,14,NA,0.111111111111111,0.111111111111111,FALSE
"Zotu3025",7.76131782864561e-05,17,NA,0.634920634920635,0.634920634920635,FALSE
"Zotu4475",1.63790427935186e-05,8,NA,0.563492063492063,0.563492063492063,FALSE
"Zotu6188",1.12118116819894e-05,2,NA,0.515873015873016,0.515873015873016,FALSE
"Zotu4608",2.52271943929234e-05,10,NA,0.57936507936508,0.57936507936508,FALSE
"Zotu3289",3.75592943628471e-05,11,NA,0.587301587301587,0.587301587301587,FALSE
"Zotu6390",6.23288340263525e-05,15,NA,0.619047619047619,0.619047619047619,FALSE
"Zotu5566",1.99773989125177e-05,5,NA,0.53968253968254,0.53968253968254,FALSE
"Zotu3712",5.08262072641804e-05,20,NA,0.158730158730159,0.158730158730159,FALSE
"Zotu977",0.000173033483343978,16,NA,0.626984126984127,0.626984126984127,FALSE
"Zotu2371",5.50481223713019e-05,15,NA,0.119047619047619,0.119047619047619,FALSE
"Zotu4238",2.00894110934622e-05,3,NA,0.523809523809524,0.523809523809524,FALSE
"Zotu788",0.000181436308682441,18,NA,0.642857142857143,0.642857142857143,FALSE
"Zotu3745",3.25687346403955e-05,5,NA,0.53968253968254,0.53968253968254,FALSE
"Zotu5139",1.77537958179301e-05,10,NA,0.57936507936508,0.57936507936508,FALSE
"Zotu5694",5.36054788214944e-06,2,NA,0.515873015873016,0.515873015873016,FALSE
"Zotu5140",1.23723590340333e-05,6,NA,0.547619047619048,0.547619047619048,FALSE
"Zotu6133",7.63125763125763e-06,1,NA,NA,NA,FALSE
"Zotu4027",2.32904025265484e-05,13,NA,0.603174603174603,0.603174603174603,FALSE
"Zotu4651",1.64865448162053e-05,3,NA,0.523809523809524,0.523809523809524,FALSE
"Zotu3027",4.36791792445846e-05,13,NA,0.603174603174603,0.603174603174603,FALSE
"Zotu4026",3.20772165406056e-05,7,NA,0.555555555555556,0.555555555555556,FALSE
"Zotu3318",2.47968743432835e-05,8,NA,0.563492063492063,0.563492063492063,FALSE
"Zotu2834",5.55468746661379e-05,9,NA,0.571428571428571,0.571428571428571,FALSE
"Zotu2364",3.5756526574634e-05,5,NA,0.53968253968254,0.53968253968254,FALSE
"Zotu3349",3.59471858444028e-05,12,NA,0.595238095238095,0.595238095238095,FALSE
"Zotu3961",1.86841021495152e-05,4,NA,0.531746031746032,0.531746031746032,FALSE
"Zotu2181",6.28280162646912e-05,22,NA,0.674603174603175,0.674603174603175,FALSE
"Zotu4605",2.39882003840527e-05,5,NA,0.53968253968254,0.53968253968254,FALSE
"Zotu2882",3.28075726718165e-05,8,NA,0.563492063492063,0.563492063492063,FALSE
"Zotu175",0.000761816895951134,37,NA,0.793650793650794,0.793650793650794,FALSE
"Zotu1149",0.000117666166007685,26,NA,0.706349206349206,0.706349206349206,FALSE
"Zotu2909",2.6846260907066e-05,6,NA,0.547619047619048,0.547619047619048,FALSE
"Zotu1852",7.84923841387034e-05,11,NA,0.587301587301587,0.587301587301587,FALSE
"Zotu5837",2.58176510949661e-05,5,NA,0.53968253968254,0.53968253968254,FALSE
"Zotu3673",2.11219673377232e-05,4,NA,0.531746031746032,0.531746031746032,FALSE
"Zotu1660",7.17335097849358e-05,11,NA,0.587301587301587,0.587301587301587,FALSE
"Zotu2230",6.69133732062153e-05,26,NA,0.706349206349206,0.706349206349206,FALSE
"Zotu2985",0.00010955890352054,13,NA,0.603174603174603,0.603174603174603,FALSE
"Zotu5331",1.31578273290558e-05,6,NA,0.547619047619048,0.547619047619048,FALSE
"Zotu1166",0.000111324947480088,16,NA,0.626984126984127,0.626984126984127,FALSE
"Zotu4871",1.21775516832274e-05,4,NA,0.531746031746032,0.531746031746032,FALSE
"Zotu4003",2.28751345758387e-05,8,NA,0.563492063492063,0.563492063492063,FALSE
"Zotu4387",2.71802166382642e-05,3,NA,0.523809523809524,0.523809523809524,FALSE
"Zotu3849",2.58208723265044e-05,1,NA,NA,NA,FALSE
"Zotu4505",2.47173402721553e-05,9,NA,0.571428571428571,0.571428571428571,FALSE
"Zotu3929",3.58128523694481e-05,3,NA,0.523809523809524,0.523809523809524,FALSE
"Zotu4703",2.2432230329259e-05,7,NA,0.555555555555556,0.555555555555556,FALSE
"Zotu5646",1.53313835845319e-05,3,NA,0.523809523809524,0.523809523809524,FALSE
"Zotu5655",1.27004178287906e-05,3,NA,0.523809523809524,0.523809523809524,FALSE
"Zotu2233",5.60500584101744e-05,17,NA,0.634920634920635,0.634920634920635,FALSE
"Zotu2633",6.67122616966678e-05,4,NA,0.531746031746032,0.531746031746032,FALSE
"Zotu5870",1.93732928839102e-05,8,NA,0.563492063492063,0.563492063492063,FALSE
"Zotu2757",4.52349316724167e-05,5,NA,0.53968253968254,0.53968253968254,FALSE
"Zotu5590",1.18862124234587e-05,4,NA,0.531746031746032,0.531746031746032,FALSE
"Zotu6153",1.6609888213307e-05,3,NA,0.523809523809524,0.523809523809524,FALSE
"Zotu6031",1.44444311548619e-05,4,NA,0.531746031746032,0.531746031746032,FALSE
"Zotu3728",3.89100001357587e-05,17,NA,0.134920634920635,0.134920634920635,FALSE
"Zotu5639",1.56029510865647e-05,2,NA,0.515873015873016,0.515873015873016,FALSE
"Zotu6235",1.55472625527032e-05,4,NA,0.531746031746032,0.531746031746032,FALSE
"Zotu4647",2.42985670206241e-05,14,NA,0.111111111111111,0.111111111111111,FALSE
"Zotu6231",5.84623524373686e-06,1,NA,NA,NA,FALSE
"Zotu5191",4.96475436191616e-05,15,NA,0.619047619047619,0.619047619047619,FALSE
"Zotu5734",1.0859941985291e-05,5,NA,0.53968253968254,0.53968253968254,FALSE
"Zotu2775",3.40184351190568e-05,3,NA,0.523809523809524,0.523809523809524,FALSE
"Zotu5817",1.22062058562158e-05,3,NA,0.523809523809524,0.523809523809524,FALSE
"Zotu2821",3.2518234937482e-05,10,NA,0.57936507936508,0.57936507936508,FALSE
"Zotu4418",2.17220335436419e-05,12,NA,0.0952380952380952,0.0952380952380952,TRUE
"Zotu5709",1.62214094153672e-05,4,NA,0.531746031746032,0.531746031746032,FALSE
"Zotu2435",4.8406455128734e-05,18,NA,0.642857142857143,0.642857142857143,FALSE
"Zotu1463",8.77346968078509e-05,21,NA,0.666666666666667,0.666666666666667,FALSE
"Zotu5511",2.06557673661277e-05,7,NA,0.555555555555556,0.555555555555556,FALSE
"Zotu4670",2.13609602887722e-05,6,NA,0.547619047619048,0.547619047619048,FALSE
"Zotu3277",3.86756763906812e-05,13,NA,0.603174603174603,0.603174603174603,FALSE
"Zotu4649",2.50557484543256e-05,12,NA,0.595238095238095,0.595238095238095,FALSE
"Zotu5762",1.39941255517277e-05,3,NA,0.523809523809524,0.523809523809524,FALSE
"Zotu3396",3.76701663191856e-05,13,NA,0.603174603174603,0.603174603174603,FALSE
"Zotu5072",5.66761119623183e-05,10,NA,0.57936507936508,0.57936507936508,FALSE
"Zotu1694",8.8955904135607e-05,15,NA,0.619047619047619,0.619047619047619,FALSE
"Zotu927",0.000144660189253805,27,NA,0.214285714285714,0.214285714285714,FALSE
"Zotu1302",0.000129506065776985,11,NA,0.587301587301587,0.587301587301587,FALSE
"Zotu5703",2.60543456311504e-05,4,NA,0.531746031746032,0.531746031746032,FALSE
"Zotu1372",8.75710727313597e-05,15,NA,0.619047619047619,0.619047619047619,FALSE
"Zotu4801",2.35339191390085e-05,9,NA,0.571428571428571,0.571428571428571,FALSE
"Zotu4711",4.54446752224312e-05,9,NA,0.571428571428571,0.571428571428571,FALSE
"Zotu124",0.00101309008731234,33,NA,0.261904761904762,0.261904761904762,FALSE
"Zotu4707",2.09591798379721e-05,5,NA,0.53968253968254,0.53968253968254,FALSE
"Zotu5991",3.04244668156855e-05,8,NA,0.563492063492063,0.563492063492063,FALSE
"Zotu1592",0.000105937322229601,20,NA,0.658730158730159,0.658730158730159,FALSE
"Zotu1919",6.39546776506371e-05,5,NA,0.53968253968254,0.53968253968254,FALSE
"Zotu1067",0.000143018457981021,15,NA,0.619047619047619,0.619047619047619,FALSE
"Zotu5975",8.6738725653918e-06,4,NA,0.531746031746032,0.531746031746032,FALSE
"Zotu6269",1.81105760704833e-05,12,NA,0.595238095238095,0.595238095238095,FALSE
"Zotu3271",5.75409338548118e-05,16,NA,0.626984126984127,0.626984126984127,FALSE
"Zotu1230",0.000141993405981594,9,NA,0.0714285714285715,0.0714285714285715,TRUE
"Zotu1348",8.62616116213091e-05,20,NA,0.658730158730159,0.658730158730159,FALSE
"Zotu2141",6.18514120845962e-05,8,NA,0.563492063492063,0.563492063492063,FALSE
"Zotu5696",1.03724799452171e-05,5,NA,0.53968253968254,0.53968253968254,FALSE
"Zotu1429",8.02864866521976e-05,13,NA,0.603174603174603,0.603174603174603,FALSE
"Zotu5531",2.65440802658759e-05,5,NA,0.53968253968254,0.53968253968254,FALSE
"Zotu2695",4.53700067306821e-05,9,NA,0.571428571428571,0.571428571428571,FALSE
"Zotu3503",3.15702470875469e-05,11,NA,0.587301587301587,0.587301587301587,FALSE
"Zotu5381",1.32238526204564e-05,6,NA,0.547619047619048,0.547619047619048,FALSE
"Zotu4107",3.89780252887813e-05,4,NA,0.531746031746032,0.531746031746032,FALSE
"Zotu3196",3.47793286033057e-05,8,NA,0.563492063492063,0.563492063492063,FALSE
"Zotu3195",2.85436313357883e-05,8,NA,0.563492063492063,0.563492063492063,FALSE
"Zotu4246",2.69635504532866e-05,9,NA,0.571428571428571,0.571428571428571,FALSE
"Zotu2838",3.23176109389388e-05,4,NA,0.531746031746032,0.531746031746032,FALSE
"Zotu6096",1.11928588925126e-05,4,NA,0.531746031746032,0.531746031746032,FALSE
"Zotu4747",2.12156930008427e-05,10,NA,0.57936507936508,0.57936507936508,FALSE
"Zotu2883",4.48635782488457e-05,15,NA,0.619047619047619,0.619047619047619,FALSE
"Zotu3604",2.32161995888047e-05,6,NA,0.547619047619048,0.547619047619048,FALSE
"Zotu3689",4.7006808418242e-05,13,NA,0.603174603174603,0.603174603174603,FALSE
"Zotu3778",4.61055823931884e-05,15,NA,0.619047619047619,0.619047619047619,FALSE
"Zotu2331",7.37003597477736e-05,20,NA,0.658730158730159,0.658730158730159,FALSE
"Zotu5855",2.18802552028259e-05,5,NA,0.53968253968254,0.53968253968254,FALSE
"Zotu3739",1.83572359638745e-05,6,NA,0.547619047619048,0.547619047619048,FALSE
"Zotu2837",3.31696008125131e-05,8,NA,0.563492063492063,0.563492063492063,FALSE
"Zotu4265",2.44129236742843e-05,6,NA,0.547619047619048,0.547619047619048,FALSE
"Zotu5275",1.18033424491365e-05,5,NA,0.53968253968254,0.53968253968254,FALSE
"Zotu2596",3.87096773855795e-05,12,NA,0.595238095238095,0.595238095238095,FALSE
"Zotu5417",1.36511200206068e-05,7,NA,0.555555555555556,0.555555555555556,FALSE
"Zotu2158",5.71533187805346e-05,20,NA,0.158730158730159,0.158730158730159,FALSE
"Zotu4491",2.17416817490573e-05,4,NA,0.531746031746032,0.531746031746032,FALSE
"Zotu3630",2.50413645413598e-05,6,NA,0.547619047619048,0.547619047619048,FALSE
"Zotu4367",2.25183383875872e-05,5,NA,0.53968253968254,0.53968253968254,FALSE
"Zotu6322",1.29419473302011e-05,5,NA,0.53968253968254,0.53968253968254,FALSE
"Zotu3733",2.68751615703504e-05,7,NA,0.555555555555556,0.555555555555556,FALSE
"Zotu6325",1.26634881883553e-05,12,NA,0.595238095238095,0.595238095238095,FALSE
"Zotu2036",5.38811768727596e-05,17,NA,0.634920634920635,0.634920634920635,FALSE
"Zotu2908",6.69123074390829e-05,8,NA,0.563492063492063,0.563492063492063,FALSE
"Zotu5251",1.02283657670962e-05,4,NA,0.531746031746032,0.531746031746032,FALSE
"Zotu930",0.00015801297457522,12,NA,0.595238095238095,0.595238095238095,FALSE
"Zotu1705",7.80476077059873e-05,9,NA,0.571428571428571,0.571428571428571,FALSE
"Zotu6104",7.90491292240342e-06,3,NA,0.523809523809524,0.523809523809524,FALSE
"Zotu2550",4.14847394373593e-05,11,NA,0.587301587301587,0.587301587301587,FALSE
"Zotu3294",4.15693674076231e-05,10,NA,0.57936507936508,0.57936507936508,FALSE
"Zotu4033",2.56830429285613e-05,7,NA,0.555555555555556,0.555555555555556,FALSE
"Zotu5499",1.81241695690857e-05,4,NA,0.531746031746032,0.531746031746032,FALSE
"Zotu5092",7.78377761803928e-06,3,NA,0.523809523809524,0.523809523809524,FALSE
"Zotu96",0.00149264204196899,33,NA,0.261904761904762,0.261904761904762,FALSE
"Zotu6228",1.34459797387349e-05,6,NA,0.547619047619048,0.547619047619048,FALSE
"Zotu1287",0.000106820017614583,24,NA,0.69047619047619,0.69047619047619,FALSE
"Zotu3038",3.29586108188927e-05,9,NA,0.571428571428571,0.571428571428571,FALSE
"Zotu5483",1.70652695593085e-05,6,NA,0.547619047619048,0.547619047619048,FALSE
"Zotu4349",1.94365945684709e-05,9,NA,0.571428571428571,0.571428571428571,FALSE
"Zotu5455",1.61513092055059e-05,5,NA,0.53968253968254,0.53968253968254,FALSE
"Zotu1327",9.3413918167491e-05,15,NA,0.119047619047619,0.119047619047619,FALSE
"Zotu6081",1.14375407919232e-05,7,NA,0.555555555555556,0.555555555555556,FALSE
"Zotu1816",6.62252810785879e-05,10,NA,0.57936507936508,0.57936507936508,FALSE
"Zotu4614",1.82879353368076e-05,5,NA,0.53968253968254,0.53968253968254,FALSE
"Zotu5572",2.14274950396452e-05,10,NA,0.57936507936508,0.57936507936508,FALSE
"Zotu823",0.000290999312257255,21,NA,0.666666666666667,0.666666666666667,FALSE
"Zotu3437",3.64694200088441e-05,13,NA,0.603174603174603,0.603174603174603,FALSE
"Zotu2287",4.57470980989123e-05,10,NA,0.57936507936508,0.57936507936508,FALSE
"Zotu5128",1.22449757695923e-05,7,NA,0.555555555555556,0.555555555555556,FALSE
"Zotu5979",2.79912194884016e-05,15,NA,0.619047619047619,0.619047619047619,FALSE
"Zotu2483",6.16666690261226e-05,19,NA,0.650793650793651,0.650793650793651,FALSE
"Zotu1635",8.3370620367831e-05,21,NA,0.166666666666667,0.166666666666667,FALSE
"Zotu4888",2.42077166103388e-05,11,NA,0.587301587301587,0.587301587301587,FALSE
"Zotu4378",3.09757888446327e-05,11,NA,0.587301587301587,0.587301587301587,FALSE
"Zotu2879",3.85910763143781e-05,7,NA,0.555555555555556,0.555555555555556,FALSE
"Zotu2942",3.72504760230119e-05,11,NA,0.587301587301587,0.587301587301587,FALSE
"Zotu2389",5.54976014961589e-05,13,NA,0.103174603174603,0.103174603174603,FALSE
"Zotu5017",9.78274312630411e-06,5,NA,0.53968253968254,0.53968253968254,FALSE
"Zotu1042",0.00014156081019473,12,NA,0.595238095238095,0.595238095238095,FALSE
"Zotu3724",4.118468994126e-05,15,NA,0.119047619047619,0.119047619047619,FALSE
"Zotu4135",1.48692287862643e-05,6,NA,0.547619047619048,0.547619047619048,FALSE
"Zotu4701",1.66138086880655e-05,5,NA,0.53968253968254,0.53968253968254,FALSE
"Zotu4916",2.04590311051604e-05,5,NA,0.53968253968254,0.53968253968254,FALSE
"Zotu4818",1.07770282758472e-05,6,NA,0.547619047619048,0.547619047619048,FALSE
"Zotu6311",1.15430847706758e-05,8,NA,0.0634920634920635,0.0634920634920635,TRUE
"Zotu3345",2.97748589200277e-05,5,NA,0.53968253968254,0.53968253968254,FALSE
"Zotu6262",7.4185072789885e-06,2,NA,0.515873015873016,0.515873015873016,FALSE
"Zotu4369",3.21637194025483e-05,6,NA,0.547619047619048,0.547619047619048,FALSE
"Zotu1100",0.000123974843949864,23,NA,0.182539682539683,0.182539682539683,FALSE
"Zotu2549",5.84816279920748e-05,10,NA,0.57936507936508,0.57936507936508,FALSE
"Zotu5028",1.5687659980447e-05,10,NA,0.57936507936508,0.57936507936508,FALSE
"Zotu4915",1.33946773372236e-05,4,NA,0.531746031746032,0.531746031746032,FALSE
"Zotu2301",5.28824158319295e-05,11,NA,0.587301587301587,0.587301587301587,FALSE
"Zotu2552",4.52189713298973e-05,4,NA,0.531746031746032,0.531746031746032,FALSE
"Zotu5343",1.76293138187284e-05,5,NA,0.53968253968254,0.53968253968254,FALSE
"Zotu1368",9.78256945912575e-05,23,NA,0.682539682539683,0.682539682539683,FALSE
"Zotu4261",2.30861944701395e-05,8,NA,0.0634920634920635,0.0634920634920635,TRUE
"Zotu6336",1.23766133166058e-05,7,NA,0.555555555555556,0.555555555555556,FALSE
"Zotu1928",6.34671706348354e-05,12,NA,0.595238095238095,0.595238095238095,FALSE
"Zotu1780",6.39400584438887e-05,21,NA,0.166666666666667,0.166666666666667,FALSE
"Zotu3977",1.88041837746606e-05,6,NA,0.547619047619048,0.547619047619048,FALSE
"Zotu1164",0.00013911019527001,9,NA,0.571428571428571,0.571428571428571,FALSE
"Zotu2286",5.69044923119521e-05,19,NA,0.150793650793651,0.150793650793651,FALSE
"Zotu5925",8.41649100873135e-06,2,NA,0.515873015873016,0.515873015873016,FALSE
"Zotu2749",2.91527402673015e-05,6,NA,0.547619047619048,0.547619047619048,FALSE
"Zotu4168",2.72781032892164e-05,6,NA,0.547619047619048,0.547619047619048,FALSE
"Zotu6389",8.45720339336382e-06,6,NA,0.547619047619048,0.547619047619048,FALSE
"Zotu3699",3.71585238253262e-05,5,NA,0.53968253968254,0.53968253968254,FALSE
"Zotu1018",0.000126225537553705,24,NA,0.19047619047619,0.19047619047619,FALSE
"Zotu5252",1.71053651907835e-05,9,NA,0.571428571428571,0.571428571428571,FALSE
"Zotu3823",2.68553326301908e-05,7,NA,0.0555555555555555,0.0555555555555555,TRUE
"Zotu5775",1.60288957811749e-05,5,NA,0.53968253968254,0.53968253968254,FALSE
"Zotu2372",5.42456792254928e-05,16,NA,0.626984126984127,0.626984126984127,FALSE
"Zotu5844",1.33577696765135e-05,10,NA,0.57936507936508,0.57936507936508,FALSE
"Zotu6192",1.81440869454498e-05,3,NA,0.523809523809524,0.523809523809524,FALSE
"Zotu6097",9.1365609847483e-06,3,NA,0.523809523809524,0.523809523809524,FALSE
"Zotu4011",2.54140606184619e-05,13,NA,0.603174603174603,0.603174603174603,FALSE
"Zotu2715",4.45714596115698e-05,17,NA,0.634920634920635,0.634920634920635,FALSE
"Zotu2649",3.46201084833331e-05,9,NA,0.571428571428571,0.571428571428571,FALSE
"Zotu2477",2.87273342961558e-05,10,NA,0.57936507936508,0.57936507936508,FALSE
"Zotu1735",6.42125908633048e-05,15,NA,0.619047619047619,0.619047619047619,FALSE
"Zotu5921",2.39895921754697e-05,4,NA,0.531746031746032,0.531746031746032,FALSE
"Zotu2536",6.14779164383673e-05,8,NA,0.563492063492063,0.563492063492063,FALSE
"Zotu2422",6.6230431424232e-05,8,NA,0.563492063492063,0.563492063492063,FALSE
"Zotu2006",5.27050437574467e-05,10,NA,0.0793650793650794,0.0793650793650794,TRUE
"Zotu1331",8.56352807363652e-05,18,NA,0.642857142857143,0.642857142857143,FALSE
"Zotu4622",4.29983944085982e-05,9,NA,0.571428571428571,0.571428571428571,FALSE
"Zotu6230",2.27271594049595e-05,7,NA,0.555555555555556,0.555555555555556,FALSE
"Zotu3821",2.15793270546485e-05,4,NA,0.531746031746032,0.531746031746032,FALSE
"Zotu6408",2.12631644917803e-05,8,NA,0.563492063492063,0.563492063492063,FALSE
"Zotu943",0.000132385442398982,15,NA,0.619047619047619,0.619047619047619,FALSE
"Zotu4289",2.86687399459653e-05,7,NA,0.555555555555556,0.555555555555556,FALSE
"Zotu2947",3.52861880986093e-05,13,NA,0.603174603174603,0.603174603174603,FALSE
"Zotu3326",2.30111612075233e-05,6,NA,0.547619047619048,0.547619047619048,FALSE
"Zotu4423",3.1697688735041e-05,12,NA,0.595238095238095,0.595238095238095,FALSE
"Zotu1461",7.28213636274253e-05,12,NA,0.595238095238095,0.595238095238095,FALSE
"Zotu3802",4.26429034600558e-05,10,NA,0.0793650793650794,0.0793650793650794,TRUE
"Zotu3086",2.97852570167869e-05,5,NA,0.53968253968254,0.53968253968254,FALSE
"Zotu2520",3.81280032828683e-05,10,NA,0.57936507936508,0.57936507936508,FALSE
"Zotu2911",3.15322825992254e-05,12,NA,0.595238095238095,0.595238095238095,FALSE
"Zotu2099",0.000107376581571902,14,NA,0.611111111111111,0.611111111111111,FALSE
"Zotu2340",5.19899171639904e-05,12,NA,0.595238095238095,0.595238095238095,FALSE
"Zotu6087",1.50478152267455e-05,9,NA,0.571428571428571,0.571428571428571,FALSE
"Zotu3494",2.9765671419189e-05,7,NA,0.555555555555556,0.555555555555556,FALSE
"Zotu2988",4.71380924900424e-05,9,NA,0.571428571428571,0.571428571428571,FALSE
"Zotu5831",1.23961043254044e-05,6,NA,0.547619047619048,0.547619047619048,FALSE
"Zotu1667",9.12734120741366e-05,21,NA,0.166666666666667,0.166666666666667,FALSE
"Zotu2296",5.03946284360046e-05,8,NA,0.563492063492063,0.563492063492063,FALSE
"Zotu3937",1.83202722971789e-05,6,NA,0.547619047619048,0.547619047619048,FALSE
"Zotu6108",1.00897891167149e-05,5,NA,0.53968253968254,0.53968253968254,FALSE
"Zotu5873",1.89627406905179e-05,9,NA,0.571428571428571,0.571428571428571,FALSE
"Zotu1399",9.07834574482694e-05,16,NA,0.626984126984127,0.626984126984127,FALSE
"Zotu1264",0.000153026257319157,9,NA,0.571428571428571,0.571428571428571,FALSE
"Zotu5432",3.52438799652166e-05,8,NA,0.563492063492063,0.563492063492063,FALSE
"Zotu3794",2.85552968307307e-05,11,NA,0.587301587301587,0.587301587301587,FALSE
"Zotu4396",2.38814547750161e-05,7,NA,0.0555555555555555,0.0555555555555555,TRUE
"Zotu4476",2.16517274007757e-05,5,NA,0.53968253968254,0.53968253968254,FALSE
"Zotu2243",5.72382012048051e-05,2,NA,0.515873015873016,0.515873015873016,FALSE
"Zotu3883",1.94947515826249e-05,4,NA,0.531746031746032,0.531746031746032,FALSE
"Zotu4648",1.33496131942618e-05,5,NA,0.53968253968254,0.53968253968254,FALSE
"Zotu5183",1.49827575957311e-05,6,NA,0.547619047619048,0.547619047619048,FALSE
"Zotu4577",2.29599016846648e-05,5,NA,0.53968253968254,0.53968253968254,FALSE
"Zotu4767",2.17757248359524e-05,7,NA,0.555555555555556,0.555555555555556,FALSE
"Zotu1232",0.000109377221058137,24,NA,0.69047619047619,0.69047619047619,FALSE
"Zotu6125",1.80252223452187e-05,8,NA,0.0634920634920635,0.0634920634920635,TRUE
"Zotu3110",4.58915519086441e-05,8,NA,0.563492063492063,0.563492063492063,FALSE
"Zotu3108",3.38149254664427e-05,10,NA,0.57936507936508,0.57936507936508,FALSE
"Zotu4132",2.69829647757425e-05,8,NA,0.563492063492063,0.563492063492063,FALSE
"Zotu3225",4.76430219604757e-05,13,NA,0.603174603174603,0.603174603174603,FALSE
"Zotu5642",5.10698813948186e-05,3,NA,0.523809523809524,0.523809523809524,FALSE
"Zotu2441",5.4524697239774e-05,11,NA,0.587301587301587,0.587301587301587,FALSE
"Zotu6061",9.16592739648536e-06,4,NA,0.531746031746032,0.531746031746032,FALSE
"Zotu6047",7.86994526256626e-06,4,NA,0.531746031746032,0.531746031746032,FALSE
"Zotu2050",7.21515220754576e-05,12,NA,0.595238095238095,0.595238095238095,FALSE
"Zotu5547",2.94935672125331e-05,15,NA,0.619047619047619,0.619047619047619,FALSE
"Zotu5918",1.13308356760433e-05,3,NA,0.523809523809524,0.523809523809524,FALSE
"Zotu6372",1.62959431222617e-05,2,NA,0.515873015873016,0.515873015873016,FALSE
"Zotu5525",1.92020816497948e-05,12,NA,0.595238095238095,0.595238095238095,FALSE
"Zotu3444",2.63142487887136e-05,14,NA,0.611111111111111,0.611111111111111,FALSE
"Zotu2805",5.73915603192017e-05,12,NA,0.595238095238095,0.595238095238095,FALSE
"Zotu3384",4.65286688248263e-05,10,NA,0.57936507936508,0.57936507936508,FALSE
"Zotu6034",2.01961130447159e-05,7,NA,0.555555555555556,0.555555555555556,FALSE
"Zotu2606",4.00158094949394e-05,12,NA,0.595238095238095,0.595238095238095,FALSE
"Zotu4846",2.70702212464583e-05,8,NA,0.563492063492063,0.563492063492063,FALSE
"Zotu5673",1.04396829050714e-05,1,NA,NA,NA,FALSE
"Zotu2437",5.0588597260134e-05,7,NA,0.555555555555556,0.555555555555556,FALSE
"Zotu1200",0.000117040399299802,21,NA,0.666666666666667,0.666666666666667,FALSE
"Zotu2553",3.7754942275325e-05,8,NA,0.563492063492063,0.563492063492063,FALSE
"Zotu2858",5.8873254842558e-05,12,NA,0.595238095238095,0.595238095238095,FALSE
"Zotu5994",2.94456259245959e-05,5,NA,0.53968253968254,0.53968253968254,FALSE
"Zotu4201",1.79570839305657e-05,10,NA,0.57936507936508,0.57936507936508,FALSE
"Zotu2080",6.29584003401428e-05,15,NA,0.619047619047619,0.619047619047619,FALSE
"Zotu6233",7.21889358269002e-06,2,NA,0.515873015873016,0.515873015873016,FALSE
"Zotu4054",2.40310179899311e-05,9,NA,0.571428571428571,0.571428571428571,FALSE
"Zotu3425",2.98536713871701e-05,7,NA,0.555555555555556,0.555555555555556,FALSE
"Zotu5944",2.74618460389117e-05,10,NA,0.57936507936508,0.57936507936508,FALSE
"Zotu4194",1.73105703330866e-05,5,NA,0.53968253968254,0.53968253968254,FALSE
"Zotu3148",4.45456084141787e-05,14,NA,0.111111111111111,0.111111111111111,FALSE
"Zotu2202",4.9671001840522e-05,8,NA,0.563492063492063,0.563492063492063,FALSE
"Zotu1455",8.58174746124861e-05,17,NA,0.634920634920635,0.634920634920635,FALSE
"Zotu4113",2.93429275071487e-05,6,NA,0.547619047619048,0.547619047619048,FALSE
"Zotu3085",6.31163939176369e-05,9,NA,0.571428571428571,0.571428571428571,FALSE
"Zotu2799",6.43361716030009e-05,8,NA,0.563492063492063,0.563492063492063,FALSE
"Zotu2704",0.000105293481012791,11,NA,0.587301587301587,0.587301587301587,FALSE
"Zotu5004",1.93552913517686e-05,2,NA,0.515873015873016,0.515873015873016,FALSE
"Zotu5333",1.38998738777064e-05,6,NA,0.547619047619048,0.547619047619048,FALSE
"Zotu5527",2.33996704513687e-05,6,NA,0.547619047619048,0.547619047619048,FALSE
"Zotu738",0.000193553158118567,29,NA,0.73015873015873,0.73015873015873,FALSE
"Zotu5395",1.62595388903311e-05,5,NA,0.53968253968254,0.53968253968254,FALSE
"Zotu6106",9.624134828446e-06,6,NA,0.547619047619048,0.547619047619048,FALSE
"Zotu2377",4.3769282823891e-05,12,NA,0.595238095238095,0.595238095238095,FALSE
"Zotu1456",9.81109154307097e-05,21,NA,0.666666666666667,0.666666666666667,FALSE
"Zotu5612",1.42986731595065e-05,4,NA,0.0317460317460317,0.0317460317460317,TRUE
"Zotu3123",3.42805204162652e-05,7,NA,0.555555555555556,0.555555555555556,FALSE
"Zotu5533",9.38294158057399e-06,5,NA,0.53968253968254,0.53968253968254,FALSE
"Zotu4601",2.57009007677748e-05,7,NA,0.555555555555556,0.555555555555556,FALSE
"Zotu6139",4.19744038946123e-05,7,NA,0.555555555555556,0.555555555555556,FALSE
"Zotu5722",1.2443129007847e-05,7,NA,0.555555555555556,0.555555555555556,FALSE
"Zotu4555",2.45924158266691e-05,13,NA,0.603174603174603,0.603174603174603,FALSE
"Zotu5168",1.49289328664895e-05,8,NA,0.563492063492063,0.563492063492063,FALSE
"Zotu2897",2.60513339929008e-05,10,NA,0.57936507936508,0.57936507936508,FALSE
"Zotu4098",3.49907081743015e-05,12,NA,0.595238095238095,0.595238095238095,FALSE
"Zotu3581",1.81249781733079e-05,5,NA,0.53968253968254,0.53968253968254,FALSE
"Zotu887",0.00018618974169053,19,NA,0.650793650793651,0.650793650793651,FALSE
"Zotu3287",3.22974983172208e-05,12,NA,0.595238095238095,0.595238095238095,FALSE
"Zotu2048",6.33948455270056e-05,16,NA,0.626984126984127,0.626984126984127,FALSE
"Zotu5596",1.34300449082628e-05,4,NA,0.531746031746032,0.531746031746032,FALSE
"Zotu4128",1.66684001064472e-05,4,NA,0.531746031746032,0.531746031746032,FALSE
"Zotu6290",1.30615535687556e-05,7,NA,0.555555555555556,0.555555555555556,FALSE
"Zotu5278",1.41247361975801e-05,4,NA,0.531746031746032,0.531746031746032,FALSE
"Zotu1670",7.3425786739589e-05,13,NA,0.103174603174603,0.103174603174603,FALSE
"Zotu4376",2.87588920187218e-05,9,NA,0.571428571428571,0.571428571428571,FALSE
"Zotu4288",3.87043666687162e-05,10,NA,0.57936507936508,0.57936507936508,FALSE
"Zotu3685",2.05099009215867e-05,6,NA,0.547619047619048,0.547619047619048,FALSE
"Zotu557",0.000318604640213046,30,NA,0.238095238095238,0.238095238095238,FALSE
"Zotu2597",4.57500915078404e-05,12,NA,0.595238095238095,0.595238095238095,FALSE
"Zotu2126",5.55516076200604e-05,17,NA,0.134920634920635,0.134920634920635,FALSE
"Zotu3007",3.0265475007519e-05,7,NA,0.555555555555556,0.555555555555556,FALSE
"Zotu1815",7.80421214909087e-05,8,NA,0.563492063492063,0.563492063492063,FALSE
"Zotu2930",2.99793463266152e-05,6,NA,0.547619047619048,0.547619047619048,FALSE
"Zotu4320",2.0946013926242e-05,4,NA,0.531746031746032,0.531746031746032,FALSE
"Zotu4106",3.44687640468126e-05,7,NA,0.555555555555556,0.555555555555556,FALSE
"Zotu2280",4.94439314272981e-05,19,NA,0.150793650793651,0.150793650793651,FALSE
"Zotu5872",1.11033934062216e-05,2,NA,0.515873015873016,0.515873015873016,FALSE
"Zotu5000",4.83052543070757e-05,4,NA,0.531746031746032,0.531746031746032,FALSE
"Zotu5952",1.11017512856316e-05,2,NA,0.515873015873016,0.515873015873016,FALSE
"Zotu5121",1.9272227813834e-05,8,NA,0.563492063492063,0.563492063492063,FALSE
"Zotu3328",2.55731402959819e-05,4,NA,0.531746031746032,0.531746031746032,FALSE
"Zotu2707",3.52251150244766e-05,1,NA,NA,NA,FALSE
"Zotu801",0.000157163228749457,25,NA,0.198412698412698,0.198412698412698,FALSE
"Zotu2260",8.3270710580993e-05,18,NA,0.142857142857143,0.142857142857143,FALSE
"Zotu5014",1.65931283246325e-05,6,NA,0.547619047619048,0.547619047619048,FALSE
"Zotu2526",5.1483691991362e-05,18,NA,0.642857142857143,0.642857142857143,FALSE
"Zotu1407",7.40449284653119e-05,14,NA,0.611111111111111,0.611111111111111,FALSE
"Zotu5688",1.36414760020895e-05,4,NA,0.531746031746032,0.531746031746032,FALSE
"Zotu1964",5.49385225041568e-05,16,NA,0.626984126984127,0.626984126984127,FALSE
"Zotu3186",3.79016481385917e-05,1,NA,NA,NA,FALSE
"Zotu4240",3.19602079811455e-05,9,NA,0.571428571428571,0.571428571428571,FALSE
"Zotu2387",4.99145346032155e-05,8,NA,0.563492063492063,0.563492063492063,FALSE
"Zotu5309",1.40916384105021e-05,1,NA,NA,NA,FALSE
"Zotu499",0.00037825641930754,13,NA,0.103174603174603,0.103174603174603,FALSE
"Zotu4716",1.74852747806193e-05,3,NA,0.523809523809524,0.523809523809524,FALSE
"Zotu5595",1.32821289424447e-05,10,NA,0.57936507936508,0.57936507936508,FALSE
"Zotu1551",0.000119414850348132,11,NA,0.587301587301587,0.587301587301587,FALSE
"Zotu5098",1.5707612174324e-05,5,NA,0.53968253968254,0.53968253968254,FALSE
"Zotu4208",3.86437214665274e-05,16,NA,0.126984126984127,0.126984126984127,FALSE
"Zotu6365",1.07423079534792e-05,6,NA,0.547619047619048,0.547619047619048,FALSE
"Zotu603",0.000216246187165507,17,NA,0.634920634920635,0.634920634920635,FALSE
"Zotu4234",2.166099164209e-05,11,NA,0.0873015873015873,0.0873015873015873,TRUE
"Zotu4990",2.50433171764179e-05,12,NA,0.595238095238095,0.595238095238095,FALSE
"Zotu1668",0.000132305885753791,16,NA,0.626984126984127,0.626984126984127,FALSE
"Zotu1103",0.000115364135678467,19,NA,0.650793650793651,0.650793650793651,FALSE
"Zotu4868",2.27816258615202e-05,8,NA,0.0634920634920635,0.0634920634920635,TRUE
"Zotu3045",4.20324015163645e-05,2,NA,0.515873015873016,0.515873015873016,FALSE
"Zotu3691",2.25129786405193e-05,2,NA,0.515873015873016,0.515873015873016,FALSE
"Zotu4146",1.72459881520061e-05,1,NA,NA,NA,FALSE
"Zotu3250",4.29989159798836e-05,10,NA,0.57936507936508,0.57936507936508,FALSE
"Zotu5044",3.76911673258043e-05,7,NA,0.555555555555556,0.555555555555556,FALSE
"Zotu2335",5.69325272040906e-05,3,NA,0.523809523809524,0.523809523809524,FALSE
"Zotu928",0.000161499150558454,25,NA,0.698412698412698,0.698412698412698,FALSE
"Zotu809",0.000175768151478036,28,NA,0.222222222222222,0.222222222222222,FALSE
"Zotu5065",1.71009457813323e-05,4,NA,0.531746031746032,0.531746031746032,FALSE
"Zotu844",0.000185003858369489,26,NA,0.206349206349206,0.206349206349206,FALSE
"Zotu5485",1.94443528088338e-05,7,NA,0.555555555555556,0.555555555555556,FALSE
"Zotu4083",3.67397730136131e-05,4,NA,0.531746031746032,0.531746031746032,FALSE
"Zotu4938",1.08480531882331e-05,2,NA,0.515873015873016,0.515873015873016,FALSE
"Zotu5971",1.03716149641661e-05,1,NA,NA,NA,FALSE
"Zotu4162",2.22927005021874e-05,2,NA,0.515873015873016,0.515873015873016,FALSE
"Zotu817",0.000209985743965983,31,NA,0.246031746031746,0.246031746031746,FALSE
"Zotu2124",4.40636231856865e-05,11,NA,0.587301587301587,0.587301587301587,FALSE
"Zotu5834",9.87226595821186e-06,3,NA,0.523809523809524,0.523809523809524,FALSE
"Zotu4594",1.88486980490253e-05,5,NA,0.53968253968254,0.53968253968254,FALSE
"Zotu5399",1.92512987908019e-05,6,NA,0.547619047619048,0.547619047619048,FALSE
"Zotu6189",1.03891651724537e-05,2,NA,0.515873015873016,0.515873015873016,FALSE
"Zotu5074",1.33096482992731e-05,2,NA,0.515873015873016,0.515873015873016,FALSE
"Zotu6015",1.98769995859101e-05,5,NA,0.53968253968254,0.53968253968254,FALSE
"Zotu3983",2.36257343045401e-05,11,NA,0.0873015873015873,0.0873015873015873,TRUE
"Zotu4307",1.72665705972551e-05,11,NA,0.587301587301587,0.587301587301587,FALSE
"Zotu1078",0.000115232309386348,18,NA,0.642857142857143,0.642857142857143,FALSE
"Zotu698",0.00022512809678299,31,NA,0.246031746031746,0.246031746031746,FALSE
"Zotu1457",9.55129530991001e-05,19,NA,0.150793650793651,0.150793650793651,FALSE
"Zotu6190",8.46988726020619e-06,2,NA,0.515873015873016,0.515873015873016,FALSE
"Zotu4857",1.82389070017669e-05,4,NA,0.531746031746032,0.531746031746032,FALSE
"Zotu4062",2.17129022930935e-05,7,NA,0.555555555555556,0.555555555555556,FALSE
"Zotu3321",4.21449871632822e-05,4,NA,0.531746031746032,0.531746031746032,FALSE
"Zotu633",0.000290890478806323,5,NA,0.0396825396825397,0.0396825396825397,TRUE
"Zotu5267",1.16710399363212e-05,2,NA,0.515873015873016,0.515873015873016,FALSE
"Zotu1309",0.000104248463342476,2,NA,0.515873015873016,0.515873015873016,FALSE
"Zotu2684",4.83573659279336e-05,12,NA,0.595238095238095,0.595238095238095,FALSE
"Zotu5467",1.11029803880431e-05,5,NA,0.53968253968254,0.53968253968254,FALSE
"Zotu3613",3.22859012070162e-05,13,NA,0.603174603174603,0.603174603174603,FALSE
"Zotu466",0.00032777493802672,29,NA,0.73015873015873,0.73015873015873,FALSE
"Zotu3596",2.72505488493337e-05,3,NA,0.523809523809524,0.523809523809524,FALSE
"Zotu3662",5.2116354303233e-05,1,NA,NA,NA,FALSE
"Zotu4663",1.77286870036065e-05,8,NA,0.0634920634920635,0.0634920634920635,TRUE
"Zotu4495",1.82251996806131e-05,5,NA,0.53968253968254,0.53968253968254,FALSE
"Zotu4574",2.15524529881202e-05,5,NA,0.53968253968254,0.53968253968254,FALSE
"Zotu2636",4.31927719752465e-05,4,NA,0.531746031746032,0.531746031746032,FALSE
"Zotu3278",2.28721124044118e-05,7,NA,0.555555555555556,0.555555555555556,FALSE
"Zotu2309",4.23324086490671e-05,9,NA,0.571428571428571,0.571428571428571,FALSE
"Zotu4508",1.17820880804986e-05,7,NA,0.555555555555556,0.555555555555556,FALSE
"Zotu5411",8.81729820019606e-06,5,NA,0.53968253968254,0.53968253968254,FALSE
"Zotu3709",2.94057456186029e-05,6,NA,0.547619047619048,0.547619047619048,FALSE
"Zotu1744",0.000171937121359612,4,NA,0.531746031746032,0.531746031746032,FALSE
"Zotu1120",0.000125092386811108,3,NA,0.523809523809524,0.523809523809524,FALSE
"Zotu5957",1.51658384433783e-05,1,NA,NA,NA,FALSE
"Zotu4141",8.75212659083215e-05,10,NA,0.57936507936508,0.57936507936508,FALSE
"Zotu6040",1.17956521226276e-05,1,NA,NA,NA,FALSE
"Zotu3756",2.13394798257719e-05,12,NA,0.595238095238095,0.595238095238095,FALSE
"Zotu1128",0.00015533408592275,12,NA,0.595238095238095,0.595238095238095,FALSE
"Zotu4712",1.5758883354178e-05,1,NA,NA,NA,FALSE
"Zotu3103",3.73672453118555e-05,6,NA,0.547619047619048,0.547619047619048,FALSE
"Zotu2007",6.75256913934384e-05,15,NA,0.119047619047619,0.119047619047619,FALSE
"Zotu3097",2.66816442435081e-05,2,NA,0.515873015873016,0.515873015873016,FALSE
"Zotu4438",3.104340914627e-05,5,NA,0.53968253968254,0.53968253968254,FALSE
"Zotu3646",4.04972490456942e-05,1,NA,NA,NA,FALSE
"Zotu3227",3.32785344963852e-05,4,NA,0.531746031746032,0.531746031746032,FALSE
"Zotu1508",7.27360184383781e-05,19,NA,0.150793650793651,0.150793650793651,FALSE
"Zotu5760",9.38106720547149e-06,7,NA,0.555555555555556,0.555555555555556,FALSE
"Zotu6204",1.08879752178189e-05,5,NA,0.53968253968254,0.53968253968254,FALSE
"Zotu3558",1.85197711787714e-05,3,NA,0.523809523809524,0.523809523809524,FALSE
"Zotu3855",3.88483377146321e-05,2,NA,0.515873015873016,0.515873015873016,FALSE
"Zotu1649",7.05988513038321e-05,21,NA,0.666666666666667,0.666666666666667,FALSE
"Zotu6248",6.81245316438449e-06,1,NA,NA,NA,FALSE
"Zotu5207",2.20318262914531e-05,2,NA,0.515873015873016,0.515873015873016,FALSE
"Zotu2998",2.41396816890657e-05,6,NA,0.547619047619048,0.547619047619048,FALSE
"Zotu3686",3.62652204368677e-05,10,NA,0.57936507936508,0.57936507936508,FALSE
"Zotu5482",2.22723419470189e-05,8,NA,0.563492063492063,0.563492063492063,FALSE
"Zotu1499",8.70245606138753e-05,13,NA,0.103174603174603,0.103174603174603,FALSE
"Zotu5228",3.62723139063707e-05,2,NA,0.515873015873016,0.515873015873016,FALSE
"Zotu3291",6.32803180774532e-05,10,NA,0.57936507936508,0.57936507936508,FALSE
"Zotu5847",1.11441027197219e-05,3,NA,0.523809523809524,0.523809523809524,FALSE
"Zotu5552",7.19473115448095e-06,1,NA,NA,NA,FALSE
"Zotu1507",0.000110813230099465,10,NA,0.0793650793650794,0.0793650793650794,TRUE
"Zotu4301",1.84114057301631e-05,6,NA,0.547619047619048,0.547619047619048,FALSE
"Zotu4484",1.85290020328266e-05,1,NA,NA,NA,FALSE
"Zotu2652",4.23063091568231e-05,11,NA,0.587301587301587,0.587301587301587,FALSE
"Zotu2456",5.25170901858098e-05,6,NA,0.547619047619048,0.547619047619048,FALSE
"Zotu5926",3.28751220525866e-05,3,NA,0.523809523809524,0.523809523809524,FALSE
"Zotu5684",5.81053919703243e-06,2,NA,0.515873015873016,0.515873015873016,FALSE
"Zotu4372",1.80413967161732e-05,1,NA,NA,NA,FALSE
"Zotu5641",1.15339259093776e-05,4,NA,0.531746031746032,0.531746031746032,FALSE
"Zotu3107",4.44458236698547e-05,7,NA,0.555555555555556,0.555555555555556,FALSE
"Zotu2750",3.32768475216137e-05,8,NA,0.0634920634920635,0.0634920634920635,TRUE
"Zotu2421",4.4365368115886e-05,10,NA,0.0793650793650794,0.0793650793650794,TRUE
"Zotu5449",1.52654931334343e-05,5,NA,0.53968253968254,0.53968253968254,FALSE
"Zotu3985",2.72139389795453e-05,1,NA,NA,NA,FALSE
"Zotu914",0.000173403605845524,16,NA,0.626984126984127,0.626984126984127,FALSE
"Zotu4434",1.467213414079e-05,2,NA,0.515873015873016,0.515873015873016,FALSE
"Zotu4287",2.55863839238923e-05,7,NA,0.555555555555556,0.555555555555556,FALSE
"Zotu1663",7.71444024117815e-05,7,NA,0.555555555555556,0.555555555555556,FALSE
"Zotu5742",3.89467161492914e-05,8,NA,0.563492063492063,0.563492063492063,FALSE
"Zotu564",0.000267652549064327,24,NA,0.69047619047619,0.69047619047619,FALSE
"Zotu847",0.000201357705799855,20,NA,0.658730158730159,0.658730158730159,FALSE
"Zotu1117",0.000107979609008841,16,NA,0.626984126984127,0.626984126984127,FALSE
"Zotu1608",8.72667759647271e-05,1,NA,NA,NA,FALSE
"Zotu1356",0.000100607685583592,22,NA,0.674603174603175,0.674603174603175,FALSE
"Zotu5255",1.13984279910737e-05,9,NA,0.0714285714285715,0.0714285714285715,TRUE
"Zotu1888",7.45205027246003e-05,2,NA,0.515873015873016,0.515873015873016,FALSE
"Zotu1373",9.88748080035648e-05,20,NA,0.658730158730159,0.658730158730159,FALSE
"Zotu2888",4.76196041689464e-05,11,NA,0.0873015873015873,0.0873015873015873,TRUE
"Zotu757",0.000150600893368717,25,NA,0.698412698412698,0.698412698412698,FALSE
"Zotu4827",2.03750335985757e-05,10,NA,0.0793650793650794,0.0793650793650794,TRUE
"Zotu2800",4.5610109955653e-05,9,NA,0.571428571428571,0.571428571428571,FALSE
"Zotu3566",2.74709160708814e-05,7,NA,0.555555555555556,0.555555555555556,FALSE
"Zotu4666",2.29388825055322e-05,8,NA,0.563492063492063,0.563492063492063,FALSE
"Zotu2180",3.17986212605925e-05,2,NA,0.515873015873016,0.515873015873016,FALSE
"Zotu5579",2.26864194260221e-05,8,NA,0.563492063492063,0.563492063492063,FALSE
"Zotu1291",0.000101116662931042,8,NA,0.563492063492063,0.563492063492063,FALSE
"Zotu215",0.00117051405313615,32,NA,0.253968253968254,0.253968253968254,FALSE
"Zotu1836",7.0610436172423e-05,24,NA,0.19047619047619,0.19047619047619,FALSE
"Zotu1901",9.7016522862476e-05,13,NA,0.603174603174603,0.603174603174603,FALSE
"Zotu2172",9.72744510323348e-05,17,NA,0.634920634920635,0.634920634920635,FALSE
"Zotu5875",3.02209897705708e-05,3,NA,0.523809523809524,0.523809523809524,FALSE
"Zotu1273",8.49609213942187e-05,18,NA,0.642857142857143,0.642857142857143,FALSE
"Zotu2306",5.5212030499882e-05,11,NA,0.587301587301587,0.587301587301587,FALSE
"Zotu5976",9.3030245581908e-06,2,NA,0.515873015873016,0.515873015873016,FALSE
"Zotu1474",0.000118350313453338,14,NA,0.111111111111111,0.111111111111111,FALSE
"Zotu356",0.000491501076951166,30,NA,0.738095238095238,0.738095238095238,FALSE
"Zotu3819",3.22749523848873e-05,10,NA,0.57936507936508,0.57936507936508,FALSE
"Zotu2240",5.540139340319e-05,11,NA,0.587301587301587,0.587301587301587,FALSE
"Zotu1773",6.25704035398392e-05,11,NA,0.0873015873015873,0.0873015873015873,TRUE
"Zotu1602",0.000102412454883716,14,NA,0.611111111111111,0.611111111111111,FALSE
"Zotu4904",1.82238639487752e-05,2,NA,0.515873015873016,0.515873015873016,FALSE
"Zotu4568",1.51347493602368e-05,3,NA,0.523809523809524,0.523809523809524,FALSE
"Zotu5042",2.09058286362562e-05,5,NA,0.53968253968254,0.53968253968254,FALSE
"Zotu2447",4.69454872917087e-05,15,NA,0.619047619047619,0.619047619047619,FALSE
"Zotu2874",3.29323752271018e-05,16,NA,0.626984126984127,0.626984126984127,FALSE
"Zotu3230",2.95995681891188e-05,4,NA,0.531746031746032,0.531746031746032,FALSE
"Zotu3908",1.90003186937684e-05,3,NA,0.523809523809524,0.523809523809524,FALSE
"Zotu3416",2.76627628988501e-05,10,NA,0.0793650793650794,0.0793650793650794,TRUE
"Zotu2600",4.55367613444907e-05,16,NA,0.626984126984127,0.626984126984127,FALSE
"Zotu1583",0.000127752648817834,8,NA,0.0634920634920635,0.0634920634920635,TRUE
"Zotu1421",0.000101688357774386,25,NA,0.698412698412698,0.698412698412698,FALSE
"Zotu2140",7.77743171156017e-05,17,NA,0.134920634920635,0.134920634920635,FALSE
"Zotu2089",6.14628668391739e-05,16,NA,0.126984126984127,0.126984126984127,FALSE
"Zotu3223",3.23140592245011e-05,14,NA,0.611111111111111,0.611111111111111,FALSE
"Zotu4147",4.93019755799925e-05,11,NA,0.587301587301587,0.587301587301587,FALSE
"Zotu1860",5.67108654783927e-05,11,NA,0.587301587301587,0.587301587301587,FALSE
"Zotu6409",1.42019263276477e-05,4,NA,0.531746031746032,0.531746031746032,FALSE
"Zotu841",0.000206382054579064,25,NA,0.198412698412698,0.198412698412698,FALSE
"Zotu1596",8.58523903316011e-05,16,NA,0.126984126984127,0.126984126984127,FALSE
"Zotu929",0.000163920586381063,23,NA,0.182539682539683,0.182539682539683,FALSE
"Zotu4528",2.88432112648281e-05,5,NA,0.53968253968254,0.53968253968254,FALSE
"Zotu775",0.000157702431521318,28,NA,0.722222222222222,0.722222222222222,FALSE
"Zotu438",0.000446993201854493,30,NA,0.238095238095238,0.238095238095238,FALSE
"Zotu2675",3.83871516771894e-05,10,NA,0.57936507936508,0.57936507936508,FALSE
"Zotu5055",1.69162299665219e-05,9,NA,0.571428571428571,0.571428571428571,FALSE
"Zotu858",0.000196609188104955,28,NA,0.722222222222222,0.722222222222222,FALSE
"Zotu2369",8.1504080868764e-05,14,NA,0.611111111111111,0.611111111111111,FALSE
"Zotu3774",2.32375262731153e-05,6,NA,0.547619047619048,0.547619047619048,FALSE
"Zotu1326",0.0001184391411993,22,NA,0.174603174603175,0.174603174603175,FALSE
"Zotu4556",3.41692803382178e-05,5,NA,0.53968253968254,0.53968253968254,FALSE
"Zotu6252",1.16190630446099e-05,6,NA,0.547619047619048,0.547619047619048,FALSE
"Zotu1958",7.89836918595869e-05,10,NA,0.57936507936508,0.57936507936508,FALSE
"Zotu2548",4.55522144143356e-05,7,NA,0.555555555555556,0.555555555555556,FALSE
"Zotu4025",7.36274834940618e-05,15,NA,0.619047619047619,0.619047619047619,FALSE
"Zotu4738",1.61429126136284e-05,5,NA,0.53968253968254,0.53968253968254,FALSE
"Zotu3588",3.9713355851008e-05,9,NA,0.0714285714285715,0.0714285714285715,TRUE
"Zotu2041",4.93136986115365e-05,8,NA,0.563492063492063,0.563492063492063,FALSE
"Zotu1051",0.000120459111259812,20,NA,0.658730158730159,0.658730158730159,FALSE
"Zotu1443",9.63678527522872e-05,12,NA,0.595238095238095,0.595238095238095,FALSE
"Zotu2747",6.28218976241871e-05,8,NA,0.563492063492063,0.563492063492063,FALSE
"Zotu3902",2.03632106214661e-05,6,NA,0.547619047619048,0.547619047619048,FALSE
"Zotu323",0.000579934281523266,30,NA,0.238095238095238,0.238095238095238,FALSE
"Zotu3597",2.31744833992822e-05,10,NA,0.0793650793650794,0.0793650793650794,TRUE
"Zotu4175",2.91261396841484e-05,10,NA,0.0793650793650794,0.0793650793650794,TRUE
"Zotu3841",4.73093108608622e-05,12,NA,0.595238095238095,0.595238095238095,FALSE
"Zotu1558",0.000100380848760122,11,NA,0.587301587301587,0.587301587301587,FALSE
"Zotu3401",2.59706611711557e-05,6,NA,0.547619047619048,0.547619047619048,FALSE
"Zotu1708",6.59810566810035e-05,11,NA,0.587301587301587,0.587301587301587,FALSE
"Zotu1713",7.53989338348246e-05,14,NA,0.611111111111111,0.611111111111111,FALSE
"Zotu2575",5.40918915308865e-05,3,NA,0.523809523809524,0.523809523809524,FALSE
"Zotu690",0.000257601567286618,29,NA,0.23015873015873,0.23015873015873,FALSE
"Zotu3989",2.11492979435024e-05,5,NA,0.53968253968254,0.53968253968254,FALSE
"Zotu2761",4.79561941217049e-05,18,NA,0.642857142857143,0.642857142857143,FALSE
"Zotu6348",2.05696801491569e-05,10,NA,0.57936507936508,0.57936507936508,FALSE
"Zotu1846",4.13452661301659e-05,8,NA,0.563492063492063,0.563492063492063,FALSE
"Zotu2997",4.63400722507621e-05,7,NA,0.555555555555556,0.555555555555556,FALSE
"Zotu4044",2.65791423266766e-05,8,NA,0.563492063492063,0.563492063492063,FALSE
"Zotu2542",7.29163249995409e-05,15,NA,0.619047619047619,0.619047619047619,FALSE
"Zotu4936",1.16508112436743e-05,5,NA,0.53968253968254,0.53968253968254,FALSE
"Zotu2081",5.68139030910316e-05,5,NA,0.53968253968254,0.53968253968254,FALSE
"Zotu807",0.000188390212037186,23,NA,0.682539682539683,0.682539682539683,FALSE
"Zotu2807",4.07616681479741e-05,5,NA,0.53968253968254,0.53968253968254,FALSE
"Zotu6239",1.72708532454045e-05,6,NA,0.547619047619048,0.547619047619048,FALSE
"Zotu1032",0.000117666326437408,15,NA,0.119047619047619,0.119047619047619,FALSE
"Zotu2850",3.48718801887798e-05,11,NA,0.587301587301587,0.587301587301587,FALSE
"Zotu1075",0.000118396099274107,12,NA,0.595238095238095,0.595238095238095,FALSE
"Zotu3601",9.68314151722228e-05,16,NA,0.626984126984127,0.626984126984127,FALSE
"Zotu991",0.000121490710779505,22,NA,0.174603174603175,0.174603174603175,FALSE
"Zotu1858",5.8780645018127e-05,13,NA,0.603174603174603,0.603174603174603,FALSE
"Zotu1753",0.000107562572248649,20,NA,0.158730158730159,0.158730158730159,FALSE
"Zotu1876",6.92715011372674e-05,15,NA,0.119047619047619,0.119047619047619,FALSE
"Zotu1522",8.58556516831923e-05,15,NA,0.619047619047619,0.619047619047619,FALSE
"Zotu3047",2.49193569379949e-05,5,NA,0.53968253968254,0.53968253968254,FALSE
"Zotu2396",4.70450122596447e-05,13,NA,0.103174603174603,0.103174603174603,FALSE
"Zotu1420",0.000105538092272906,23,NA,0.682539682539683,0.682539682539683,FALSE
"Zotu2046",4.81371803032291e-05,11,NA,0.587301587301587,0.587301587301587,FALSE
"Zotu3926",2.89759876785512e-05,10,NA,0.57936507936508,0.57936507936508,FALSE
"Zotu3940",2.31007336195436e-05,7,NA,0.555555555555556,0.555555555555556,FALSE
"Zotu5026",1.99921147232893e-05,10,NA,0.57936507936508,0.57936507936508,FALSE
"Zotu2717",3.51705496035111e-05,10,NA,0.0793650793650794,0.0793650793650794,TRUE
"Zotu1162",0.000109212497061232,17,NA,0.134920634920635,0.134920634920635,FALSE
"Zotu1079",0.000196123405283841,23,NA,0.182539682539683,0.182539682539683,FALSE
"Zotu1955",5.17021801401728e-05,11,NA,0.0873015873015873,0.0873015873015873,TRUE
"Zotu4416",3.05276348930078e-05,11,NA,0.587301587301587,0.587301587301587,FALSE
"Zotu2731",4.22473506497469e-05,7,NA,0.555555555555556,0.555555555555556,FALSE
"Zotu2941",3.74588155037967e-05,8,NA,0.563492063492063,0.563492063492063,FALSE
"Zotu6340",1.22283037255713e-05,10,NA,0.0793650793650794,0.0793650793650794,TRUE
"Zotu3583",3.67422570519556e-05,6,NA,0.547619047619048,0.547619047619048,FALSE
"Zotu2120",6.14186758857373e-05,10,NA,0.57936507936508,0.57936507936508,FALSE
"Zotu1354",8.62675441033302e-05,14,NA,0.611111111111111,0.611111111111111,FALSE
"Zotu695",0.000249954442501256,21,NA,0.166666666666667,0.166666666666667,FALSE
"Zotu2463",5.09498606267179e-05,13,NA,0.103174603174603,0.103174603174603,FALSE
"Zotu1510",7.06118103302571e-05,10,NA,0.57936507936508,0.57936507936508,FALSE
"Zotu1632",7.42352030636306e-05,14,NA,0.611111111111111,0.611111111111111,FALSE
"Zotu4609",2.78639909082809e-05,10,NA,0.57936507936508,0.57936507936508,FALSE
"Zotu4404",1.86209536135346e-05,6,NA,0.547619047619048,0.547619047619048,FALSE
"Zotu2723",4.76669051292956e-05,15,NA,0.119047619047619,0.119047619047619,FALSE
"Zotu4051",2.3918415557245e-05,8,NA,0.563492063492063,0.563492063492063,FALSE
"Zotu2540",3.74615526840965e-05,6,NA,0.547619047619048,0.547619047619048,FALSE
"Zotu3127",2.61999895545064e-05,10,NA,0.57936507936508,0.57936507936508,FALSE
"Zotu1711",8.40491379625235e-05,21,NA,0.166666666666667,0.166666666666667,FALSE
"Zotu852",0.000147365558095266,16,NA,0.626984126984127,0.626984126984127,FALSE
"Zotu5967",1.67050428646164e-05,4,NA,0.531746031746032,0.531746031746032,FALSE
"Zotu3761",1.96084223312553e-05,6,NA,0.547619047619048,0.547619047619048,FALSE
"Zotu3147",2.83668601728108e-05,5,NA,0.53968253968254,0.53968253968254,FALSE
"Zotu2038",5.8623275378555e-05,17,NA,0.634920634920635,0.634920634920635,FALSE
"Zotu1485",8.08102109552035e-05,13,NA,0.103174603174603,0.103174603174603,FALSE
"Zotu2790",3.38726706837318e-05,7,NA,0.0555555555555555,0.0555555555555555,TRUE
"Zotu2518",4.61609864456135e-05,10,NA,0.57936507936508,0.57936507936508,FALSE
"Zotu2612",5.33411944930594e-05,12,NA,0.595238095238095,0.595238095238095,FALSE
"Zotu5057",1.34996114559423e-05,3,NA,0.523809523809524,0.523809523809524,FALSE
"Zotu4315",1.4731595715829e-05,4,NA,0.531746031746032,0.531746031746032,FALSE
"Zotu945",0.000149564810285934,24,NA,0.69047619047619,0.69047619047619,FALSE
"Zotu796",0.000148206284762468,12,NA,0.595238095238095,0.595238095238095,FALSE
"Zotu4578",3.03549436593109e-05,6,NA,0.547619047619048,0.547619047619048,FALSE
"Zotu815",0.000182925048337986,20,NA,0.158730158730159,0.158730158730159,FALSE
"Zotu3970",2.36662228301716e-05,7,NA,0.555555555555556,0.555555555555556,FALSE
"Zotu1701",8.33252092742438e-05,18,NA,0.642857142857143,0.642857142857143,FALSE
"Zotu2531",5.44121700480494e-05,14,NA,0.611111111111111,0.611111111111111,FALSE
"Zotu3333",3.52718219881505e-05,7,NA,0.0555555555555555,0.0555555555555555,TRUE
"Zotu2153",5.81454237604291e-05,18,NA,0.642857142857143,0.642857142857143,FALSE
"Zotu3130",2.91234637802299e-05,8,NA,0.563492063492063,0.563492063492063,FALSE
"Zotu2474",7.06323659952497e-05,13,NA,0.603174603174603,0.603174603174603,FALSE
"Zotu6134",1.39357688235675e-05,5,NA,0.53968253968254,0.53968253968254,FALSE
"Zotu3161",3.11124340969002e-05,11,NA,0.587301587301587,0.587301587301587,FALSE
"Zotu4235",2.71677262453286e-05,8,NA,0.0634920634920635,0.0634920634920635,TRUE
"Zotu1561",6.22054668567795e-05,15,NA,0.619047619047619,0.619047619047619,FALSE
"Zotu3690",4.13002456306416e-05,7,NA,0.0555555555555555,0.0555555555555555,TRUE
"Zotu5151",1.44966149672332e-05,7,NA,0.555555555555556,0.555555555555556,FALSE
"Zotu643",0.000244266215479357,13,NA,0.603174603174603,0.603174603174603,FALSE
"Zotu4947",1.36285411352921e-05,7,NA,0.555555555555556,0.555555555555556,FALSE
"Zotu4615",1.1074318466049e-05,7,NA,0.555555555555556,0.555555555555556,FALSE
"Zotu2359",6.55903122170194e-05,17,NA,0.134920634920635,0.134920634920635,FALSE
"Zotu3475",3.81949301810658e-05,13,NA,0.603174603174603,0.603174603174603,FALSE
"Zotu4344",2.09878895191642e-05,7,NA,0.555555555555556,0.555555555555556,FALSE
"Zotu1241",8.45261078475493e-05,8,NA,0.563492063492063,0.563492063492063,FALSE
"Zotu1030",0.000135426288940265,26,NA,0.706349206349206,0.706349206349206,FALSE
"Zotu4229",2.41238046340143e-05,12,NA,0.0952380952380952,0.0952380952380952,TRUE
"Zotu4570",2.6064364739339e-05,7,NA,0.0555555555555555,0.0555555555555555,TRUE
"Zotu4059",1.78051261918742e-05,4,NA,0.531746031746032,0.531746031746032,FALSE
"Zotu1255",9.46709502868788e-05,15,NA,0.119047619047619,0.119047619047619,FALSE
"Zotu2326",4.63648396539201e-05,12,NA,0.595238095238095,0.595238095238095,FALSE
"Zotu4869",4.87756061358768e-05,14,NA,0.611111111111111,0.611111111111111,FALSE
"Zotu883",0.000129850064924811,18,NA,0.642857142857143,0.642857142857143,FALSE
"Zotu3780",2.41256495544603e-05,10,NA,0.57936507936508,0.57936507936508,FALSE
"Zotu2311",4.75724731757109e-05,13,NA,0.603174603174603,0.603174603174603,FALSE
"Zotu1459",7.8773681178116e-05,18,NA,0.142857142857143,0.142857142857143,FALSE
"Zotu3848",2.38096836809383e-05,12,NA,0.595238095238095,0.595238095238095,FALSE
"Zotu5538",1.39559800219531e-05,4,NA,0.531746031746032,0.531746031746032,FALSE
"Zotu4297",1.04526431408203e-05,3,NA,0.523809523809524,0.523809523809524,FALSE
"Zotu5697",2.37783300561674e-05,9,NA,0.571428571428571,0.571428571428571,FALSE
"Zotu1655",6.11859539560755e-05,16,NA,0.626984126984127,0.626984126984127,FALSE
"Zotu2610",3.15848257578073e-05,9,NA,0.571428571428571,0.571428571428571,FALSE
"Zotu4080",2.24874959008324e-05,12,NA,0.595238095238095,0.595238095238095,FALSE
"Zotu2847",3.17680926894334e-05,9,NA,0.0714285714285715,0.0714285714285715,TRUE
"Zotu3340",5.00722574377272e-05,9,NA,0.571428571428571,0.571428571428571,FALSE
"Zotu1129",0.000128608267981743,22,NA,0.674603174603175,0.674603174603175,FALSE
"Zotu1015",0.000164654767206365,22,NA,0.174603174603175,0.174603174603175,FALSE
"Zotu2961",3.07085991577441e-05,7,NA,0.555555555555556,0.555555555555556,FALSE
"Zotu5981",1.90146896235969e-05,5,NA,0.53968253968254,0.53968253968254,FALSE
"Zotu1842",9.00457908772116e-05,14,NA,0.611111111111111,0.611111111111111,FALSE
"Zotu669",0.000224394681028567,23,NA,0.182539682539683,0.182539682539683,FALSE
"Zotu3046",4.27523977997181e-05,7,NA,0.0555555555555555,0.0555555555555555,TRUE
"Zotu1685",5.95822755102438e-05,13,NA,0.603174603174603,0.603174603174603,FALSE
"Zotu4629",1.9135858935105e-05,4,NA,0.531746031746032,0.531746031746032,FALSE
"Zotu1532",9.3844039998709e-05,20,NA,0.158730158730159,0.158730158730159,FALSE
"Zotu1235",0.000108780220681284,24,NA,0.19047619047619,0.19047619047619,FALSE
"Zotu2117",3.94223024803637e-05,7,NA,0.555555555555556,0.555555555555556,FALSE
"Zotu3567",2.56090391477642e-05,5,NA,0.53968253968254,0.53968253968254,FALSE
"Zotu1762",4.98830008559932e-05,11,NA,0.587301587301587,0.587301587301587,FALSE
"Zotu947",0.000127404148333111,28,NA,0.222222222222222,0.222222222222222,FALSE
"Zotu4149",2.48307459293885e-05,3,NA,0.523809523809524,0.523809523809524,FALSE
"Zotu3628",2.65146554399266e-05,8,NA,0.0634920634920635,0.0634920634920635,TRUE
"Zotu1589",7.82094257194711e-05,4,NA,0.531746031746032,0.531746031746032,FALSE
"Zotu2207",5.90529977343472e-05,7,NA,0.0555555555555555,0.0555555555555555,TRUE
"Zotu3980",2.0913094844758e-05,7,NA,0.0555555555555555,0.0555555555555555,TRUE
"Zotu1584",8.04853902396464e-05,10,NA,0.0793650793650794,0.0793650793650794,TRUE
"Zotu4489",2.28587543979212e-05,9,NA,0.571428571428571,0.571428571428571,FALSE
"Zotu3962",2.42487239336818e-05,7,NA,0.555555555555556,0.555555555555556,FALSE
"Zotu3298",4.10085804735205e-05,11,NA,0.587301587301587,0.587301587301587,FALSE
"Zotu1898",7.74149140216527e-05,15,NA,0.119047619047619,0.119047619047619,FALSE
"Zotu3440",2.77247833085989e-05,8,NA,0.563492063492063,0.563492063492063,FALSE
"Zotu619",0.000239283015320184,14,NA,0.611111111111111,0.611111111111111,FALSE
"Zotu1777",9.30860678224132e-05,14,NA,0.611111111111111,0.611111111111111,FALSE
"Zotu1152",0.000113261585699933,16,NA,0.626984126984127,0.626984126984127,FALSE
"Zotu680",0.000244991620027861,21,NA,0.166666666666667,0.166666666666667,FALSE
"Zotu5012",3.3120707014043e-05,12,NA,0.595238095238095,0.595238095238095,FALSE
"Zotu913",0.000216577911755798,7,NA,0.555555555555556,0.555555555555556,FALSE
"Zotu6095",1.38767939208814e-05,5,NA,0.53968253968254,0.53968253968254,FALSE
"Zotu5123",2.81107222604128e-05,6,NA,0.0476190476190477,0.0476190476190477,TRUE
"Zotu868",0.000155217117522596,21,NA,0.666666666666667,0.666666666666667,FALSE
"Zotu5443",1.62290587056993e-05,4,NA,0.531746031746032,0.531746031746032,FALSE
"Zotu2281",7.86864178732149e-05,13,NA,0.603174603174603,0.603174603174603,FALSE
"Zotu2471",4.04219333279536e-05,13,NA,0.603174603174603,0.603174603174603,FALSE
"Zotu2241",5.65729553979534e-05,13,NA,0.603174603174603,0.603174603174603,FALSE
"Zotu4856",2.40843325678736e-05,11,NA,0.587301587301587,0.587301587301587,FALSE
"Zotu5887",1.73103048436412e-05,6,NA,0.547619047619048,0.547619047619048,FALSE
"Zotu2743",5.14446264872892e-05,12,NA,0.595238095238095,0.595238095238095,FALSE
"Zotu5297",3.05018724552962e-05,14,NA,0.111111111111111,0.111111111111111,FALSE
"Zotu2379",5.41393562293564e-05,13,NA,0.103174603174603,0.103174603174603,FALSE
"Zotu4945",2.52507939019275e-05,6,NA,0.547619047619048,0.547619047619048,FALSE
"Zotu4500",2.89377796377622e-05,10,NA,0.57936507936508,0.57936507936508,FALSE
"Zotu1866",8.47748362312813e-05,22,NA,0.674603174603175,0.674603174603175,FALSE
"Zotu1167",0.000116094965023375,10,NA,0.0793650793650794,0.0793650793650794,TRUE
"Zotu3742",2.83906708090366e-05,5,NA,0.53968253968254,0.53968253968254,FALSE
"Zotu821",0.00015449065859655,29,NA,0.23015873015873,0.23015873015873,FALSE
"Zotu812",0.000176398890687646,13,NA,0.603174603174603,0.603174603174603,FALSE
"Zotu4503",1.49488067771302e-05,4,NA,0.531746031746032,0.531746031746032,FALSE
"Zotu2956",3.97689224261693e-05,13,NA,0.603174603174603,0.603174603174603,FALSE
"Zotu751",0.000192881686120873,17,NA,0.634920634920635,0.634920634920635,FALSE
"Zotu1413",9.58718677931188e-05,22,NA,0.174603174603175,0.174603174603175,FALSE
"Zotu5959",1.04317952107925e-05,3,NA,0.523809523809524,0.523809523809524,FALSE
"Zotu5465",1.10138449184671e-05,5,NA,0.0396825396825397,0.0396825396825397,TRUE
"Zotu2152",5.03091751473139e-05,6,NA,0.547619047619048,0.547619047619048,FALSE
"Zotu1681",6.42617384432916e-05,14,NA,0.611111111111111,0.611111111111111,FALSE
"Zotu1913",6.4756163263058e-05,16,NA,0.126984126984127,0.126984126984127,FALSE
"Zotu3100",3.11313068066291e-05,7,NA,0.555555555555556,0.555555555555556,FALSE
"Zotu4482",1.89079875317507e-05,7,NA,0.555555555555556,0.555555555555556,FALSE
"Zotu2319",4.47373029365207e-05,12,NA,0.0952380952380952,0.0952380952380952,TRUE
"Zotu4430",1.37916405798789e-05,4,NA,0.531746031746032,0.531746031746032,FALSE
"Zotu312",0.000551046822115807,29,NA,0.23015873015873,0.23015873015873,FALSE
"Zotu1475",0.000106002245424144,13,NA,0.103174603174603,0.103174603174603,FALSE
"Zotu3431",3.05333043181766e-05,10,NA,0.0793650793650794,0.0793650793650794,TRUE
"Zotu1224",0.000100755890777232,10,NA,0.57936507936508,0.57936507936508,FALSE
"Zotu2848",3.50212394017013e-05,8,NA,0.563492063492063,0.563492063492063,FALSE
"Zotu692",0.000220088589919548,26,NA,0.206349206349206,0.206349206349206,FALSE
"Zotu6094",2.69065915583129e-05,3,NA,0.523809523809524,0.523809523809524,FALSE
"Zotu1611",0.000119023967103933,10,NA,0.57936507936508,0.57936507936508,FALSE
"Zotu3620",2.62227251406253e-05,7,NA,0.555555555555556,0.555555555555556,FALSE
"Zotu2551",5.3217654047524e-05,12,NA,0.595238095238095,0.595238095238095,FALSE
"Zotu1403",8.81572613527188e-05,14,NA,0.611111111111111,0.611111111111111,FALSE
"Zotu1572",8.58703598379822e-05,16,NA,0.626984126984127,0.626984126984127,FALSE
"Zotu2194",0.000103021618427646,9,NA,0.0714285714285715,0.0714285714285715,TRUE
"Zotu1453",0.000103505046173845,13,NA,0.103174603174603,0.103174603174603,FALSE
"Zotu1102",0.000140202951711027,24,NA,0.69047619047619,0.69047619047619,FALSE
"Zotu4755",1.81094609702331e-05,4,NA,0.531746031746032,0.531746031746032,FALSE
"Zotu1767",6.31257281459972e-05,10,NA,0.57936507936508,0.57936507936508,FALSE
"Zotu3149",3.0782713305895e-05,7,NA,0.555555555555556,0.555555555555556,FALSE
"Zotu1197",0.000132610043899415,22,NA,0.174603174603175,0.174603174603175,FALSE
"Zotu1521",9.44987053933343e-05,13,NA,0.603174603174603,0.603174603174603,FALSE
"Zotu3729",1.92520461072089e-05,7,NA,0.555555555555556,0.555555555555556,FALSE
"Zotu1622",7.96266298761342e-05,21,NA,0.666666666666667,0.666666666666667,FALSE
"Zotu5310",1.61551214840738e-05,5,NA,0.53968253968254,0.53968253968254,FALSE
"Zotu3842",4.16290450332517e-05,8,NA,0.563492063492063,0.563492063492063,FALSE
"Zotu1770",6.00982005136205e-05,9,NA,0.0714285714285715,0.0714285714285715,TRUE
"Zotu3202",3.31139957481696e-05,13,NA,0.603174603174603,0.603174603174603,FALSE
"Zotu4497",3.03806602405104e-05,11,NA,0.587301587301587,0.587301587301587,FALSE
"Zotu402",0.000609858485705502,25,NA,0.198412698412698,0.198412698412698,FALSE
"Zotu2951",3.18258438784692e-05,3,NA,0.523809523809524,0.523809523809524,FALSE
"Zotu1697",6.29975778753955e-05,15,NA,0.619047619047619,0.619047619047619,FALSE
"Zotu4831",2.8651078404123e-05,9,NA,0.571428571428571,0.571428571428571,FALSE
"Zotu1156",0.000105348171242114,15,NA,0.119047619047619,0.119047619047619,FALSE
"Zotu3211",3.06990373102118e-05,6,NA,0.547619047619048,0.547619047619048,FALSE
"Zotu3466",2.99508451799522e-05,5,NA,0.53968253968254,0.53968253968254,FALSE
"Zotu1831",8.7220487493563e-05,11,NA,0.587301587301587,0.587301587301587,FALSE
"Zotu5046",1.76032558516368e-05,5,NA,0.53968253968254,0.53968253968254,FALSE
"Zotu689",0.000234314799940539,23,NA,0.182539682539683,0.182539682539683,FALSE
"Zotu3064",3.75234674247431e-05,2,NA,0.515873015873016,0.515873015873016,FALSE
"Zotu5457",2.74945141260558e-05,10,NA,0.57936507936508,0.57936507936508,FALSE
"Zotu1810",7.48361985567694e-05,13,NA,0.603174603174603,0.603174603174603,FALSE
"Zotu1093",0.000111019155980582,13,NA,0.603174603174603,0.603174603174603,FALSE
"Zotu1897",7.9118895760806e-05,12,NA,0.0952380952380952,0.0952380952380952,TRUE
"Zotu3309",4.32389134792809e-05,5,NA,0.53968253968254,0.53968253968254,FALSE
"Zotu6268",1.28400524361443e-05,2,NA,0.515873015873016,0.515873015873016,FALSE
"Zotu3642",3.54815024501617e-05,4,NA,0.0317460317460317,0.0317460317460317,TRUE
"Zotu5347",1.14049104955745e-05,4,NA,0.531746031746032,0.531746031746032,FALSE
"Zotu3164",3.18385127100747e-05,3,NA,0.523809523809524,0.523809523809524,FALSE
"Zotu3205",3.09282971791365e-05,6,NA,0.547619047619048,0.547619047619048,FALSE
"Zotu4036",1.75792763493669e-05,2,NA,0.515873015873016,0.515873015873016,FALSE
"Zotu2412",2.85216967615498e-05,4,NA,0.531746031746032,0.531746031746032,FALSE
"Zotu5710",1.85251169043471e-05,2,NA,0.515873015873016,0.515873015873016,FALSE
"Zotu2002",5.04072501778639e-05,6,NA,0.547619047619048,0.547619047619048,FALSE
"Zotu3192",4.1339611473962e-05,3,NA,0.523809523809524,0.523809523809524,FALSE
"Zotu3624",2.04610858893045e-05,6,NA,0.547619047619048,0.547619047619048,FALSE
"Zotu3666",2.52309780853469e-05,5,NA,0.53968253968254,0.53968253968254,FALSE
"Zotu2042",5.11337856744711e-05,7,NA,0.555555555555556,0.555555555555556,FALSE
"Zotu5571",1.65101027092467e-05,7,NA,0.555555555555556,0.555555555555556,FALSE
"Zotu2136",4.89337072235301e-05,7,NA,0.555555555555556,0.555555555555556,FALSE
"Zotu4669",1.81208664933416e-05,4,NA,0.531746031746032,0.531746031746032,FALSE
"Zotu4516",1.1399616402908e-05,1,NA,NA,NA,FALSE
"Zotu6210",1.09246323861202e-05,1,NA,NA,NA,FALSE
"Zotu4826",2.64013169093273e-05,9,NA,0.571428571428571,0.571428571428571,FALSE
"Zotu1545",7.13396627158311e-05,7,NA,0.555555555555556,0.555555555555556,FALSE
"Zotu4678",2.49712070781692e-05,5,NA,0.53968253968254,0.53968253968254,FALSE
"Zotu5509",1.86879233770134e-05,8,NA,0.0634920634920635,0.0634920634920635,TRUE
"Zotu3447",1.81347355276308e-05,7,NA,0.555555555555556,0.555555555555556,FALSE
"Zotu5664",9.02878198717834e-06,2,NA,0.515873015873016,0.515873015873016,FALSE
"Zotu2267",4.76375598620287e-05,7,NA,0.555555555555556,0.555555555555556,FALSE
"Zotu4714",1.40026878261217e-05,5,NA,0.53968253968254,0.53968253968254,FALSE
"Zotu5464",1.99838148558118e-05,5,NA,0.53968253968254,0.53968253968254,FALSE
"Zotu1906",5.794778014662e-05,2,NA,0.515873015873016,0.515873015873016,FALSE
"Zotu5078",1.86337251304771e-05,6,NA,0.547619047619048,0.547619047619048,FALSE
"Zotu3471",2.1856963312029e-05,2,NA,0.515873015873016,0.515873015873016,FALSE
"Zotu1795",6.76637222183767e-05,8,NA,0.563492063492063,0.563492063492063,FALSE
"Zotu4457",1.4268119505938e-05,3,NA,0.523809523809524,0.523809523809524,FALSE
"Zotu3706",3.4733983922861e-05,13,NA,0.603174603174603,0.603174603174603,FALSE
"Zotu5541",1.70921623742266e-05,8,NA,0.0634920634920635,0.0634920634920635,TRUE
"Zotu3405",3.44127460586467e-05,8,NA,0.563492063492063,0.563492063492063,FALSE
"Zotu4561",2.37618887749026e-05,5,NA,0.53968253968254,0.53968253968254,FALSE
"Zotu1918",7.88707190567395e-05,17,NA,0.634920634920635,0.634920634920635,FALSE
"Zotu2134",5.18444506803196e-05,11,NA,0.587301587301587,0.587301587301587,FALSE
"Zotu5367",1.80338529795558e-05,8,NA,0.563492063492063,0.563492063492063,FALSE
"Zotu4494",3.41163501912066e-05,9,NA,0.0714285714285715,0.0714285714285715,TRUE
"Zotu6256",9.97358658383146e-06,2,NA,0.515873015873016,0.515873015873016,FALSE
"Zotu3367",2.90160775851061e-05,7,NA,0.555555555555556,0.555555555555556,FALSE
"Zotu2928",3.58103523022156e-05,10,NA,0.57936507936508,0.57936507936508,FALSE
"Zotu2962",5.77481554975698e-05,12,NA,0.595238095238095,0.595238095238095,FALSE
"Zotu4672",1.9003287343629e-05,2,NA,0.515873015873016,0.515873015873016,FALSE
"Zotu5045",7.61995804178526e-06,4,NA,0.531746031746032,0.531746031746032,FALSE
"Zotu3402",2.68909085890357e-05,8,NA,0.563492063492063,0.563492063492063,FALSE
"Zotu1789",7.51075081410488e-05,15,NA,0.619047619047619,0.619047619047619,FALSE
"Zotu6391",1.051701536102e-05,6,NA,0.547619047619048,0.547619047619048,FALSE
"Zotu5225",2.81181563594499e-05,9,NA,0.571428571428571,0.571428571428571,FALSE
"Zotu6266",1.09553194707346e-05,2,NA,0.515873015873016,0.515873015873016,FALSE
"Zotu4906",1.48403847968797e-05,5,NA,0.53968253968254,0.53968253968254,FALSE
"Zotu4121",2.57710647043923e-05,4,NA,0.531746031746032,0.531746031746032,FALSE
"Zotu6021",9.88614534425132e-06,6,NA,0.0476190476190477,0.0476190476190477,TRUE
"Zotu2922",5.22531548415551e-05,17,NA,0.134920634920635,0.134920634920635,FALSE
"Zotu5909",9.4996803357567e-06,1,NA,NA,NA,FALSE
"Zotu2499",4.41853769234329e-05,13,NA,0.603174603174603,0.603174603174603,FALSE
"Zotu4041",3.2087328788539e-05,6,NA,0.547619047619048,0.547619047619048,FALSE
"Zotu1259",0.000103485133509095,18,NA,0.142857142857143,0.142857142857143,FALSE
"Zotu772",0.000184137576418841,22,NA,0.174603174603175,0.174603174603175,FALSE
"Zotu5662",5.2297789660828e-06,2,NA,0.515873015873016,0.515873015873016,FALSE
"Zotu1994",6.03591655371864e-05,17,NA,0.134920634920635,0.134920634920635,FALSE
"Zotu2278",6.463522305007e-05,11,NA,0.0873015873015873,0.0873015873015873,TRUE
"Zotu3917",3.08333013760716e-05,7,NA,0.555555555555556,0.555555555555556,FALSE
"Zotu5793",1.23419228588952e-05,6,NA,0.0476190476190477,0.0476190476190477,TRUE
"Zotu4097",2.12053303684925e-05,7,NA,0.555555555555556,0.555555555555556,FALSE
"Zotu2700",3.22285181401766e-05,5,NA,0.0396825396825397,0.0396825396825397,TRUE
"Zotu6222",9.57740415275792e-06,4,NA,0.531746031746032,0.531746031746032,FALSE
"Zotu3834",2.21154193465672e-05,8,NA,0.563492063492063,0.563492063492063,FALSE
"Zotu3753",3.70704283166345e-05,13,NA,0.603174603174603,0.603174603174603,FALSE
"Zotu3814",1.62943678994523e-05,3,NA,0.523809523809524,0.523809523809524,FALSE
"Zotu3216",2.78409525391446e-05,13,NA,0.603174603174603,0.603174603174603,FALSE
"Zotu5484",1.05982713175707e-05,7,NA,0.555555555555556,0.555555555555556,FALSE
"Zotu3843",3.97007752146575e-05,13,NA,0.603174603174603,0.603174603174603,FALSE
"Zotu4799",2.03586881703066e-05,13,NA,0.603174603174603,0.603174603174603,FALSE
"Zotu2054",5.94379087559701e-05,12,NA,0.595238095238095,0.595238095238095,FALSE
"Zotu3818",2.6327215273456e-05,11,NA,0.587301587301587,0.587301587301587,FALSE
"Zotu1658",7.55956379796167e-05,10,NA,0.57936507936508,0.57936507936508,FALSE
"Zotu2368",5.77933486637598e-05,7,NA,0.555555555555556,0.555555555555556,FALSE
"Zotu6369",6.91754110893221e-06,4,NA,0.531746031746032,0.531746031746032,FALSE
"Zotu1944",7.44874228194409e-05,8,NA,0.563492063492063,0.563492063492063,FALSE
"Zotu3415",2.64596139684401e-05,8,NA,0.563492063492063,0.563492063492063,FALSE
"Zotu1851",6.76788045723965e-05,19,NA,0.650793650793651,0.650793650793651,FALSE
"Zotu2896",3.45312534278853e-05,10,NA,0.57936507936508,0.57936507936508,FALSE
"Zotu4892",1.35116018473312e-05,5,NA,0.53968253968254,0.53968253968254,FALSE
"Zotu2175",6.11508628322578e-05,12,NA,0.595238095238095,0.595238095238095,FALSE
"Zotu2229",5.00722179120936e-05,17,NA,0.134920634920635,0.134920634920635,FALSE
"Zotu5129",1.18361839531306e-05,4,NA,0.531746031746032,0.531746031746032,FALSE
"Zotu2657",3.42781176143923e-05,13,NA,0.103174603174603,0.103174603174603,FALSE
"Zotu2047",5.82796747369382e-05,16,NA,0.626984126984127,0.626984126984127,FALSE
"Zotu2017",5.19324855058454e-05,11,NA,0.587301587301587,0.587301587301587,FALSE
"Zotu5064",1.96559075047544e-05,6,NA,0.547619047619048,0.547619047619048,FALSE
"Zotu2846",3.57042381886507e-05,9,NA,0.571428571428571,0.571428571428571,FALSE
"Zotu3525",3.93142346502906e-05,6,NA,0.547619047619048,0.547619047619048,FALSE
"Zotu3533",2.85951024548906e-05,10,NA,0.57936507936508,0.57936507936508,FALSE
"Zotu3218",3.77560291265966e-05,10,NA,0.0793650793650794,0.0793650793650794,TRUE
"Zotu1884",9.1365338793403e-05,19,NA,0.650793650793651,0.650793650793651,FALSE
"Zotu2068",4.50657062321137e-05,9,NA,0.571428571428571,0.571428571428571,FALSE
"Zotu4119",1.84736860095759e-05,10,NA,0.0793650793650794,0.0793650793650794,TRUE
"Zotu951",0.000114649006215086,13,NA,0.103174603174603,0.103174603174603,FALSE
"Zotu2045",5.54970325786045e-05,13,NA,0.603174603174603,0.603174603174603,FALSE
"Zotu6124",1.47521468971023e-05,5,NA,0.53968253968254,0.53968253968254,FALSE
"Zotu3299",3.79375269403871e-05,14,NA,0.611111111111111,0.611111111111111,FALSE
"Zotu3126",3.95608057439976e-05,6,NA,0.0476190476190477,0.0476190476190477,TRUE
"Zotu3793",2.31640007299998e-05,4,NA,0.531746031746032,0.531746031746032,FALSE
"Zotu5718",2.9246433033168e-05,6,NA,0.547619047619048,0.547619047619048,FALSE
"Zotu1534",8.90358243590182e-05,20,NA,0.158730158730159,0.158730158730159,FALSE
"Zotu5024",2.44195285462961e-05,5,NA,0.53968253968254,0.53968253968254,FALSE
"Zotu5353",1.44637986900482e-05,4,NA,0.531746031746032,0.531746031746032,FALSE
"Zotu3654",2.21444731049239e-05,10,NA,0.57936507936508,0.57936507936508,FALSE
"Zotu3881",2.76413937698847e-05,7,NA,0.555555555555556,0.555555555555556,FALSE
"Zotu1957",9.25449443703139e-05,18,NA,0.142857142857143,0.142857142857143,FALSE
"Zotu1580",7.33338737264394e-05,13,NA,0.603174603174603,0.603174603174603,FALSE
"Zotu3462",4.76041546168345e-05,8,NA,0.563492063492063,0.563492063492063,FALSE
"Zotu2697",6.37350768181701e-05,12,NA,0.595238095238095,0.595238095238095,FALSE
"Zotu4087",2.35264914506861e-05,10,NA,0.57936507936508,0.57936507936508,FALSE
"Zotu3021",4.40537177774465e-05,9,NA,0.571428571428571,0.571428571428571,FALSE
"Zotu4891",1.41642558963306e-05,4,NA,0.531746031746032,0.531746031746032,FALSE
"Zotu2710",4.80038347804835e-05,11,NA,0.587301587301587,0.587301587301587,FALSE
"Zotu2185",5.93960786241546e-05,15,NA,0.119047619047619,0.119047619047619,FALSE
"Zotu1766",7.41584931358338e-05,15,NA,0.619047619047619,0.619047619047619,FALSE
"Zotu5621",1.80885967611295e-05,5,NA,0.0396825396825397,0.0396825396825397,TRUE
"Zotu6377",1.46611613644972e-05,7,NA,0.555555555555556,0.555555555555556,FALSE
"Zotu2259",4.41238543217468e-05,7,NA,0.555555555555556,0.555555555555556,FALSE
"Zotu2013",7.64822377580743e-05,12,NA,0.0952380952380952,0.0952380952380952,TRUE
"Zotu4843",3.08241527698225e-05,9,NA,0.571428571428571,0.571428571428571,FALSE
"Zotu4262",1.82853982660905e-05,4,NA,0.531746031746032,0.531746031746032,FALSE
"Zotu4962",1.39181706413851e-05,6,NA,0.547619047619048,0.547619047619048,FALSE
"Zotu5820",1.02905167033227e-05,6,NA,0.547619047619048,0.547619047619048,FALSE
"Zotu2650",3.85829695486168e-05,7,NA,0.555555555555556,0.555555555555556,FALSE
"Zotu2481",5.0463637092866e-05,9,NA,0.571428571428571,0.571428571428571,FALSE
"Zotu1841",7.12702814985857e-05,3,NA,0.523809523809524,0.523809523809524,FALSE
"Zotu5580",2.16492611795269e-05,7,NA,0.555555555555556,0.555555555555556,FALSE
"Zotu3516",2.25506911896952e-05,4,NA,0.531746031746032,0.531746031746032,FALSE
"Zotu2524",3.84608363057063e-05,5,NA,0.53968253968254,0.53968253968254,FALSE
"Zotu2057",7.21644518240319e-05,17,NA,0.634920634920635,0.634920634920635,FALSE
"Zotu6186",1.18303616417434e-05,5,NA,0.0396825396825397,0.0396825396825397,TRUE
"Zotu1758",6.54885441750568e-05,11,NA,0.587301587301587,0.587301587301587,FALSE
"Zotu5783",1.02465294863269e-05,3,NA,0.523809523809524,0.523809523809524,FALSE
"Zotu2999",3.21214657603218e-05,6,NA,0.547619047619048,0.547619047619048,FALSE
"Zotu1977",5.78368705970352e-05,5,NA,0.0396825396825397,0.0396825396825397,TRUE
"Zotu4085",1.61331257434612e-05,5,NA,0.53968253968254,0.53968253968254,FALSE
"Zotu3121",2.86461263815105e-05,8,NA,0.563492063492063,0.563492063492063,FALSE
"Zotu3019",3.13020092901576e-05,10,NA,0.57936507936508,0.57936507936508,FALSE
"Zotu5724",1.4068855395469e-05,4,NA,0.531746031746032,0.531746031746032,FALSE
"Zotu3787",1.79126853018012e-05,8,NA,0.563492063492063,0.563492063492063,FALSE
"Zotu3885",2.74628615474964e-05,14,NA,0.611111111111111,0.611111111111111,FALSE
"Zotu4520",2.6848229190033e-05,10,NA,0.57936507936508,0.57936507936508,FALSE
"Zotu5835",9.7367759057665e-06,5,NA,0.53968253968254,0.53968253968254,FALSE
"Zotu4370",2.6351431221456e-05,7,NA,0.555555555555556,0.555555555555556,FALSE
"Zotu5488",1.04301588662134e-05,5,NA,0.53968253968254,0.53968253968254,FALSE
"Zotu2901",2.79783458417462e-05,10,NA,0.0793650793650794,0.0793650793650794,TRUE
"Zotu3483",3.87881183342866e-05,7,NA,0.555555555555556,0.555555555555556,FALSE
"Zotu2460",4.9319387278221e-05,13,NA,0.603174603174603,0.603174603174603,FALSE
"Zotu5695",2.45263809711272e-05,10,NA,0.57936507936508,0.57936507936508,FALSE
"Zotu2473",7.44425651009821e-05,15,NA,0.619047619047619,0.619047619047619,FALSE
"Zotu4324",2.41442380473268e-05,9,NA,0.571428571428571,0.571428571428571,FALSE
"Zotu3059",4.35682429168473e-05,14,NA,0.611111111111111,0.611111111111111,FALSE
"Zotu2091",6.43471539518054e-05,10,NA,0.57936507936508,0.57936507936508,FALSE
"Zotu2146",5.770141457072e-05,10,NA,0.57936507936508,0.57936507936508,FALSE
"Zotu5082",2.6772723242884e-05,8,NA,0.563492063492063,0.563492063492063,FALSE
"Zotu4180",3.30739574182425e-05,8,NA,0.0634920634920635,0.0634920634920635,TRUE
"Zotu659",0.000180360520516232,9,NA,0.571428571428571,0.571428571428571,FALSE
"Zotu5575",1.07472879509769e-05,4,NA,0.531746031746032,0.531746031746032,FALSE
"Zotu3505",2.02605237326344e-05,3,NA,0.523809523809524,0.523809523809524,FALSE
"Zotu6091",1.74770248498205e-05,9,NA,0.571428571428571,0.571428571428571,FALSE
"Zotu2226",5.30945155099633e-05,7,NA,0.555555555555556,0.555555555555556,FALSE
"Zotu4160",1.97882685227196e-05,6,NA,0.547619047619048,0.547619047619048,FALSE
"Zotu1646",6.03533604184583e-05,13,NA,0.603174603174603,0.603174603174603,FALSE
"Zotu2299",5.2574465048491e-05,5,NA,0.53968253968254,0.53968253968254,FALSE
"Zotu2613",6.69860959169603e-05,20,NA,0.158730158730159,0.158730158730159,FALSE
"Zotu5003",2.23670494442536e-05,13,NA,0.603174603174603,0.603174603174603,FALSE
"Zotu3083",3.10745980304218e-05,8,NA,0.563492063492063,0.563492063492063,FALSE
"Zotu4993",8.28819471895555e-06,5,NA,0.53968253968254,0.53968253968254,FALSE
"Zotu6030",1.05689914442983e-05,4,NA,0.531746031746032,0.531746031746032,FALSE
"Zotu2512",4.47409717816248e-05,7,NA,0.0555555555555555,0.0555555555555555,TRUE
"Zotu3166",8.74191530010689e-05,12,NA,0.595238095238095,0.595238095238095,FALSE
"Zotu5637",1.45811643836374e-05,6,NA,0.547619047619048,0.547619047619048,FALSE
"Zotu3915",3.82232771878172e-05,10,NA,0.57936507936508,0.57936507936508,FALSE
"Zotu3543",4.91312555690885e-05,13,NA,0.603174603174603,0.603174603174603,FALSE
"Zotu3310",2.14909603926457e-05,3,NA,0.523809523809524,0.523809523809524,FALSE
"Zotu3963",2.62723233888542e-05,5,NA,0.53968253968254,0.53968253968254,FALSE
"Zotu3404",3.18247253718366e-05,6,NA,0.547619047619048,0.547619047619048,FALSE
"Zotu3155",3.35710983620898e-05,4,NA,0.531746031746032,0.531746031746032,FALSE
"Zotu2824",4.6158431123851e-05,11,NA,0.587301587301587,0.587301587301587,FALSE
"Zotu6201",9.9910095272744e-06,5,NA,0.53968253968254,0.53968253968254,FALSE
"Zotu3936",2.79201829743867e-05,15,NA,0.119047619047619,0.119047619047619,FALSE
"Zotu4189",2.18289961279123e-05,13,NA,0.603174603174603,0.603174603174603,FALSE
"Zotu1757",5.61451129172462e-05,12,NA,0.595238095238095,0.595238095238095,FALSE
"Zotu6191",1.55543481250532e-05,6,NA,0.0476190476190477,0.0476190476190477,TRUE
"Zotu1203",8.31394343889777e-05,6,NA,0.547619047619048,0.547619047619048,FALSE
"Zotu3759",3.48385051438035e-05,14,NA,0.111111111111111,0.111111111111111,FALSE
"Zotu1804",8.623920159251e-05,13,NA,0.603174603174603,0.603174603174603,FALSE
"Zotu1832",6.38555227658993e-05,15,NA,0.619047619047619,0.619047619047619,FALSE
"Zotu1564",6.76361437465323e-05,11,NA,0.587301587301587,0.587301587301587,FALSE
"Zotu1284",0.000151797327495187,21,NA,0.166666666666667,0.166666666666667,FALSE
"Zotu4293",1.67923792407266e-05,2,NA,0.515873015873016,0.515873015873016,FALSE
"Zotu6194",7.189820230087e-06,3,NA,0.523809523809524,0.523809523809524,FALSE
"Zotu1518",7.47726138017758e-05,10,NA,0.57936507936508,0.57936507936508,FALSE
"Zotu3105",2.70268318075077e-05,9,NA,0.0714285714285715,0.0714285714285715,TRUE
"Zotu1921",6.92093241106711e-05,11,NA,0.0873015873015873,0.0873015873015873,TRUE
"Zotu4459",1.8255533323187e-05,6,NA,0.547619047619048,0.547619047619048,FALSE
"Zotu3807",2.61155665303743e-05,8,NA,0.0634920634920635,0.0634920634920635,TRUE
"Zotu4006",1.68326591335496e-05,5,NA,0.53968253968254,0.53968253968254,FALSE
"Zotu5180",1.72836042546089e-05,6,NA,0.547619047619048,0.547619047619048,FALSE
"Zotu4983",1.48699364280467e-05,5,NA,0.53968253968254,0.53968253968254,FALSE
"Zotu5829",1.10476273970806e-05,6,NA,0.547619047619048,0.547619047619048,FALSE
"Zotu3945",2.20586688528999e-05,7,NA,0.555555555555556,0.555555555555556,FALSE
"Zotu6219",2.15214971830247e-05,5,NA,0.53968253968254,0.53968253968254,FALSE
"Zotu5157",1.39176773551224e-05,4,NA,0.531746031746032,0.531746031746032,FALSE
"Zotu5230",1.77444972573591e-05,6,NA,0.547619047619048,0.547619047619048,FALSE
"Zotu4981",1.39137311621193e-05,7,NA,0.555555555555556,0.555555555555556,FALSE
"Zotu5144",2.46095920086669e-05,7,NA,0.555555555555556,0.555555555555556,FALSE
"Zotu3154",5.45865725459681e-05,12,NA,0.595238095238095,0.595238095238095,FALSE
"Zotu5984",1.52561630344663e-05,9,NA,0.571428571428571,0.571428571428571,FALSE
"Zotu5047",1.63435459081649e-05,5,NA,0.53968253968254,0.53968253968254,FALSE
"Zotu3263",2.92739694276204e-05,6,NA,0.547619047619048,0.547619047619048,FALSE
"Zotu4859",2.02143984696151e-05,6,NA,0.547619047619048,0.547619047619048,FALSE
"Zotu5087",1.79264101470422e-05,7,NA,0.555555555555556,0.555555555555556,FALSE
"Zotu3295",2.543582771676e-05,7,NA,0.555555555555556,0.555555555555556,FALSE
"Zotu3268",2.30457487270532e-05,7,NA,0.555555555555556,0.555555555555556,FALSE
"Zotu4161",2.25292285461824e-05,5,NA,0.53968253968254,0.53968253968254,FALSE
"Zotu4542",1.19865099022956e-05,1,NA,NA,NA,FALSE
"Zotu3102",3.63221091160808e-05,12,NA,0.595238095238095,0.595238095238095,FALSE
"Zotu5181",1.12731742073818e-05,4,NA,0.531746031746032,0.531746031746032,FALSE
"Zotu5374",1.5945544659779e-05,8,NA,0.563492063492063,0.563492063492063,FALSE
"Zotu4481",2.15867666328911e-05,7,NA,0.555555555555556,0.555555555555556,FALSE
"Zotu2776",2.87768978712723e-05,4,NA,0.531746031746032,0.531746031746032,FALSE
"Zotu4791",1.25548110822292e-05,5,NA,0.53968253968254,0.53968253968254,FALSE
"Zotu5340",1.67953545571925e-05,6,NA,0.547619047619048,0.547619047619048,FALSE
"Zotu5897",2.24614335568176e-05,6,NA,0.547619047619048,0.547619047619048,FALSE
"Zotu5127",3.94068654046397e-05,6,NA,0.547619047619048,0.547619047619048,FALSE
"Zotu3429",2.12101086012679e-05,6,NA,0.547619047619048,0.547619047619048,FALSE
"Zotu6176",1.23097077257126e-05,7,NA,0.555555555555556,0.555555555555556,FALSE
"Zotu5630",2.21007935403084e-05,9,NA,0.571428571428571,0.571428571428571,FALSE
"Zotu2744",5.75684789988238e-05,7,NA,0.0555555555555555,0.0555555555555555,TRUE
"Zotu5678",1.10452321741772e-05,6,NA,0.547619047619048,0.547619047619048,FALSE
"Zotu4579",2.06013662419783e-05,6,NA,0.547619047619048,0.547619047619048,FALSE
"Zotu3243",2.40785682782781e-05,9,NA,0.571428571428571,0.571428571428571,FALSE
"Zotu6066",1.65296759723447e-05,6,NA,0.547619047619048,0.547619047619048,FALSE
"Zotu5192",2.00716029651279e-05,7,NA,0.555555555555556,0.555555555555556,FALSE
"Zotu2097",7.64715485515174e-05,15,NA,0.619047619047619,0.619047619047619,FALSE
"Zotu2489",3.28098322512949e-05,9,NA,0.0714285714285715,0.0714285714285715,TRUE
"Zotu4717",1.23915296773924e-05,3,NA,0.523809523809524,0.523809523809524,FALSE
"Zotu3394",3.2299462945467e-05,8,NA,0.563492063492063,0.563492063492063,FALSE
"Zotu3528",3.64190300764414e-05,6,NA,0.547619047619048,0.547619047619048,FALSE
"Zotu2135",6.32864163119343e-05,11,NA,0.587301587301587,0.587301587301587,FALSE
"Zotu5518",1.25463041889622e-05,3,NA,0.523809523809524,0.523809523809524,FALSE
"Zotu2494",7.03865926198441e-05,11,NA,0.587301587301587,0.587301587301587,FALSE
"Zotu1134",0.000147931897816967,24,NA,0.19047619047619,0.19047619047619,FALSE
"Zotu3365",3.86376919845524e-05,9,NA,0.571428571428571,0.571428571428571,FALSE
"Zotu6263",1.3608408322033e-05,3,NA,0.523809523809524,0.523809523809524,FALSE
"Zotu6342",1.05747692751261e-05,3,NA,0.523809523809524,0.523809523809524,FALSE
"Zotu3541",2.55635995581017e-05,9,NA,0.571428571428571,0.571428571428571,FALSE
"Zotu3749",2.69292637739941e-05,13,NA,0.603174603174603,0.603174603174603,FALSE
"Zotu1404",9.2662815383496e-05,9,NA,0.571428571428571,0.571428571428571,FALSE
"Zotu1160",0.000126219000596866,19,NA,0.150793650793651,0.150793650793651,FALSE
"Zotu4329",2.00564785164784e-05,4,NA,0.531746031746032,0.531746031746032,FALSE
"Zotu5756",1.99570515503448e-05,7,NA,0.555555555555556,0.555555555555556,FALSE
"Zotu5040",2.71387794647218e-05,12,NA,0.0952380952380952,0.0952380952380952,TRUE
"Zotu5815",1.46663954551158e-05,6,NA,0.547619047619048,0.547619047619048,FALSE
"Zotu3591",4.51081907088823e-05,9,NA,0.571428571428571,0.571428571428571,FALSE
"Zotu5450",2.12616059153635e-05,6,NA,0.547619047619048,0.547619047619048,FALSE
"Zotu4798",2.22739354416407e-05,5,NA,0.53968253968254,0.53968253968254,FALSE
"Zotu2762",3.62474417858799e-05,10,NA,0.57936507936508,0.57936507936508,FALSE
"Zotu5890",1.17536871471291e-05,3,NA,0.523809523809524,0.523809523809524,FALSE
"Zotu3599",2.25844829403849e-05,9,NA,0.571428571428571,0.571428571428571,FALSE
"Zotu3380",5.55105623069312e-05,7,NA,0.555555555555556,0.555555555555556,FALSE
"Zotu848",0.000151093003689154,22,NA,0.674603174603175,0.674603174603175,FALSE
"Zotu969",0.000151119564676406,14,NA,0.111111111111111,0.111111111111111,FALSE
"Zotu2510",4.0919788137489e-05,3,NA,0.523809523809524,0.523809523809524,FALSE
"Zotu4513",1.78071358588484e-05,3,NA,0.523809523809524,0.523809523809524,FALSE
"Zotu2374",5.29562933456577e-05,2,NA,0.515873015873016,0.515873015873016,FALSE
"Zotu6329",2.15456737715634e-05,7,NA,0.555555555555556,0.555555555555556,FALSE
"Zotu3055",4.01503098290074e-05,8,NA,0.563492063492063,0.563492063492063,FALSE
"Zotu4118",1.96442574080127e-05,9,NA,0.571428571428571,0.571428571428571,FALSE
"Zotu3887",2.94202903242609e-05,9,NA,0.571428571428571,0.571428571428571,FALSE
"Zotu3417",2.92880340093693e-05,9,NA,0.571428571428571,0.571428571428571,FALSE
"Zotu5415",2.58844689329894e-05,8,NA,0.0634920634920635,0.0634920634920635,TRUE
"Zotu1900",0.000122395717555721,21,NA,0.166666666666667,0.166666666666667,FALSE
"Zotu2876",3.33196310207291e-05,9,NA,0.571428571428571,0.571428571428571,FALSE
"Zotu4581",2.30148012381687e-05,7,NA,0.555555555555556,0.555555555555556,FALSE
"Zotu2222",4.59455453879137e-05,11,NA,0.587301587301587,0.587301587301587,FALSE
"Zotu4804",1.44036856361521e-05,5,NA,0.53968253968254,0.53968253968254,FALSE
"Zotu2167",5.8871303105841e-05,13,NA,0.603174603174603,0.603174603174603,FALSE
"Zotu3335",3.32561851334171e-05,6,NA,0.547619047619048,0.547619047619048,FALSE
"Zotu650",0.000217412698728404,20,NA,0.658730158730159,0.658730158730159,FALSE
"Zotu3040",3.49594583673902e-05,8,NA,0.563492063492063,0.563492063492063,FALSE
"Zotu3302",3.89489589843183e-05,7,NA,0.555555555555556,0.555555555555556,FALSE
"Zotu2993",3.47761133971412e-05,8,NA,0.0634920634920635,0.0634920634920635,TRUE
"Zotu1468",8.9637172905101e-05,14,NA,0.111111111111111,0.111111111111111,FALSE
"Zotu4697",3.09412774271492e-05,4,NA,0.531746031746032,0.531746031746032,FALSE
"Zotu3934",2.59267144098552e-05,6,NA,0.547619047619048,0.547619047619048,FALSE
"Zotu5385",2.0695190783465e-05,6,NA,0.547619047619048,0.547619047619048,FALSE
"Zotu6136",1.12326649298478e-05,3,NA,0.523809523809524,0.523809523809524,FALSE
"Zotu1062",0.000137770633029767,9,NA,0.571428571428571,0.571428571428571,FALSE
"Zotu1683",7.52823810405253e-05,17,NA,0.634920634920635,0.634920634920635,FALSE
"Zotu1710",5.28459208154446e-05,8,NA,0.563492063492063,0.563492063492063,FALSE
"Zotu3000",2.95238926087415e-05,11,NA,0.0873015873015873,0.0873015873015873,TRUE
"Zotu3743",2.64222985795544e-05,9,NA,0.571428571428571,0.571428571428571,FALSE
"Zotu3551",2.4515790548894e-05,6,NA,0.547619047619048,0.547619047619048,FALSE
"Zotu3162",2.95104860974966e-05,8,NA,0.563492063492063,0.563492063492063,FALSE
"Zotu3101",2.59575976157978e-05,9,NA,0.571428571428571,0.571428571428571,FALSE
"Zotu2779",3.98279629756577e-05,7,NA,0.555555555555556,0.555555555555556,FALSE
"Zotu4412",1.61976542221802e-05,9,NA,0.0714285714285715,0.0714285714285715,TRUE
"Zotu4019",2.7627615469608e-05,7,NA,0.555555555555556,0.555555555555556,FALSE
"Zotu3017",3.58252397479753e-05,12,NA,0.595238095238095,0.595238095238095,FALSE
"Zotu2631",4.44384097742889e-05,11,NA,0.587301587301587,0.587301587301587,FALSE
"Zotu5298",2.01545582813713e-05,4,NA,0.531746031746032,0.531746031746032,FALSE
"Zotu1058",0.000105312298258988,12,NA,0.0952380952380952,0.0952380952380952,TRUE
"Zotu3090",2.59406981145938e-05,5,NA,0.53968253968254,0.53968253968254,FALSE
"Zotu4994",1.41898190911611e-05,3,NA,0.523809523809524,0.523809523809524,FALSE
"Zotu5410",8.62542286851513e-06,4,NA,0.531746031746032,0.531746031746032,FALSE
"Zotu4507",2.73110142570066e-05,8,NA,0.563492063492063,0.563492063492063,FALSE
"Zotu4338",2.15421708710954e-05,9,NA,0.571428571428571,0.571428571428571,FALSE
"Zotu1659",6.4843542172742e-05,6,NA,0.0476190476190477,0.0476190476190477,TRUE
"Zotu3868",2.49909053728037e-05,6,NA,0.547619047619048,0.547619047619048,FALSE
"Zotu5126",1.42746257343012e-05,6,NA,0.547619047619048,0.547619047619048,FALSE
"Zotu6055",3.64153360855219e-05,8,NA,0.563492063492063,0.563492063492063,FALSE
"Zotu4004",2.84851497258157e-05,6,NA,0.547619047619048,0.547619047619048,FALSE
"Zotu1749",5.424503595075e-05,13,NA,0.603174603174603,0.603174603174603,FALSE
"Zotu4222",1.7279203939619e-05,9,NA,0.571428571428571,0.571428571428571,FALSE
"Zotu2923",3.37706903656981e-05,12,NA,0.595238095238095,0.595238095238095,FALSE
"Zotu2765",3.06011711797566e-05,6,NA,0.547619047619048,0.547619047619048,FALSE
"Zotu2853",3.95405865219703e-05,9,NA,0.571428571428571,0.571428571428571,FALSE
"Zotu2318",5.27331831844006e-05,9,NA,0.571428571428571,0.571428571428571,FALSE
"Zotu6343",1.3853749593936e-05,5,NA,0.53968253968254,0.53968253968254,FALSE
"Zotu4782",1.95122170764386e-05,12,NA,0.595238095238095,0.595238095238095,FALSE
"Zotu2583",4.30746846189887e-05,17,NA,0.634920634920635,0.634920634920635,FALSE
"Zotu1914",5.75200843674539e-05,9,NA,0.571428571428571,0.571428571428571,FALSE
"Zotu4918",2.04649756616372e-05,11,NA,0.587301587301587,0.587301587301587,FALSE
"Zotu3640",1.97574636523726e-05,9,NA,0.571428571428571,0.571428571428571,FALSE
"Zotu6218",1.51169653435788e-05,6,NA,0.547619047619048,0.547619047619048,FALSE
"Zotu3877",1.90316954172906e-05,6,NA,0.547619047619048,0.547619047619048,FALSE
"Zotu5323",1.91293244082549e-05,10,NA,0.57936507936508,0.57936507936508,FALSE
"Zotu5023",1.61039184189025e-05,9,NA,0.571428571428571,0.571428571428571,FALSE
"Zotu1723",7.36724305401196e-05,4,NA,0.531746031746032,0.531746031746032,FALSE
"Zotu3752",4.6993277630022e-05,11,NA,0.587301587301587,0.587301587301587,FALSE
"Zotu4502",1.65540288121124e-05,9,NA,0.571428571428571,0.571428571428571,FALSE
"Zotu4070",2.26222464335282e-05,7,NA,0.555555555555556,0.555555555555556,FALSE
"Zotu3261",4.58115375644515e-05,5,NA,0.53968253968254,0.53968253968254,FALSE
"Zotu3140",3.3587664303691e-05,8,NA,0.563492063492063,0.563492063492063,FALSE
"Zotu4591",2.60497806205396e-05,6,NA,0.547619047619048,0.547619047619048,FALSE
"Zotu2752",6.24612875210332e-05,14,NA,0.611111111111111,0.611111111111111,FALSE
"Zotu5032",1.85093260530493e-05,6,NA,0.547619047619048,0.547619047619048,FALSE
"Zotu6274",1.0153290325672e-05,5,NA,0.53968253968254,0.53968253968254,FALSE
"Zotu5268",1.82417333803875e-05,11,NA,0.587301587301587,0.587301587301587,FALSE
"Zotu5260",2.06501330989243e-05,7,NA,0.555555555555556,0.555555555555556,FALSE
"Zotu5001",3.18678485655809e-05,8,NA,0.563492063492063,0.563492063492063,FALSE
"Zotu1525",0.000101402374508556,17,NA,0.134920634920635,0.134920634920635,FALSE
"Zotu1306",7.86086649802967e-05,9,NA,0.0714285714285715,0.0714285714285715,TRUE
"Zotu4472",1.9006549757293e-05,5,NA,0.53968253968254,0.53968253968254,FALSE
"Zotu3498",3.13321885832941e-05,7,NA,0.555555555555556,0.555555555555556,FALSE
"Zotu1819",6.45440660446042e-05,3,NA,0.523809523809524,0.523809523809524,FALSE
"Zotu2478",4.5552120166493e-05,1,NA,NA,NA,FALSE
"Zotu1487",7.87879269164084e-05,4,NA,0.531746031746032,0.531746031746032,FALSE
"Zotu5622",1.12341433024983e-05,5,NA,0.53968253968254,0.53968253968254,FALSE
"Zotu2247",3.86008704564854e-05,7,NA,0.555555555555556,0.555555555555556,FALSE
"Zotu3065",4.6184001559805e-05,4,NA,0.0317460317460317,0.0317460317460317,TRUE
"Zotu2277",5.28380339030734e-05,5,NA,0.53968253968254,0.53968253968254,FALSE
"Zotu6382",1.32845080481079e-05,2,NA,0.515873015873016,0.515873015873016,FALSE
"Zotu2428",5.13753789701139e-05,11,NA,0.587301587301587,0.587301587301587,FALSE
"Zotu2121",6.34537619179821e-05,12,NA,0.0952380952380952,0.0952380952380952,TRUE
"Zotu1569",0.000104899725025771,17,NA,0.634920634920635,0.634920634920635,FALSE
"Zotu4979",1.97309567634946e-05,5,NA,0.53968253968254,0.53968253968254,FALSE
"Zotu4326",1.85274089186219e-05,3,NA,0.523809523809524,0.523809523809524,FALSE
"Zotu3319",2.48394405156748e-05,4,NA,0.0317460317460317,0.0317460317460317,TRUE
"Zotu4183",3.79126139532574e-05,9,NA,0.0714285714285715,0.0714285714285715,TRUE
"Zotu3625",3.42720135825192e-05,10,NA,0.0793650793650794,0.0793650793650794,TRUE
"Zotu5468",3.63780451311318e-05,7,NA,0.555555555555556,0.555555555555556,FALSE
"Zotu5245",1.61330425589663e-05,1,NA,NA,NA,FALSE
"Zotu5387",9.26699515049991e-06,5,NA,0.53968253968254,0.53968253968254,FALSE
"Zotu4374",1.66889748631554e-05,2,NA,0.515873015873016,0.515873015873016,FALSE
"Zotu3409",3.09793580234614e-05,7,NA,0.555555555555556,0.555555555555556,FALSE
"Zotu5226",8.20075674161096e-06,5,NA,0.53968253968254,0.53968253968254,FALSE
"Zotu2718",4.59044671639113e-05,9,NA,0.571428571428571,0.571428571428571,FALSE
"Zotu2486",3.96769853339297e-05,5,NA,0.53968253968254,0.53968253968254,FALSE
"Zotu4156",1.28223024833209e-05,3,NA,0.523809523809524,0.523809523809524,FALSE
"Zotu1965",7.11457196593014e-05,9,NA,0.571428571428571,0.571428571428571,FALSE
"Zotu5037",2.20521930843149e-05,5,NA,0.53968253968254,0.53968253968254,FALSE
"Zotu6385",1.33761188762659e-05,8,NA,0.0634920634920635,0.0634920634920635,TRUE
"Zotu4082",2.01383171447018e-05,2,NA,0.515873015873016,0.515873015873016,FALSE
"Zotu2285",4.10069072676164e-05,7,NA,0.555555555555556,0.555555555555556,FALSE
"Zotu4524",1.88100051480459e-05,8,NA,0.0634920634920635,0.0634920634920635,TRUE
"Zotu6398",1.10105364076102e-05,2,NA,0.515873015873016,0.515873015873016,FALSE
"Zotu922",0.000133789525184494,14,NA,0.611111111111111,0.611111111111111,FALSE
"Zotu3863",2.983494989396e-05,4,NA,0.531746031746032,0.531746031746032,FALSE
"Zotu4676",2.50965195334294e-05,8,NA,0.563492063492063,0.563492063492063,FALSE
"Zotu3138",2.73718300283388e-05,10,NA,0.57936507936508,0.57936507936508,FALSE
"Zotu4200",2.0535757801008e-05,7,NA,0.555555555555556,0.555555555555556,FALSE
"Zotu1844",7.41686891979081e-05,14,NA,0.111111111111111,0.111111111111111,FALSE
"Zotu1204",0.000108900940455765,21,NA,0.666666666666667,0.666666666666667,FALSE
"Zotu2217",3.58906546192692e-05,4,NA,0.531746031746032,0.531746031746032,FALSE
"Zotu4227",2.20405067919651e-05,4,NA,0.531746031746032,0.531746031746032,FALSE
"Zotu5761",1.69441407882427e-05,7,NA,0.555555555555556,0.555555555555556,FALSE
"Zotu5291",2.59798615938817e-05,6,NA,0.547619047619048,0.547619047619048,FALSE
"Zotu5454",1.66843525689465e-05,5,NA,0.53968253968254,0.53968253968254,FALSE
"Zotu1934",7.51536521547586e-05,16,NA,0.626984126984127,0.626984126984127,FALSE
"Zotu2206",3.84922176297526e-05,8,NA,0.563492063492063,0.563492063492063,FALSE
"Zotu2402",5.28772840627096e-05,14,NA,0.611111111111111,0.611111111111111,FALSE
"Zotu2106",5.80529221746939e-05,8,NA,0.563492063492063,0.563492063492063,FALSE
"Zotu3822",2.67289830247996e-05,7,NA,0.555555555555556,0.555555555555556,FALSE
"Zotu5447",1.54815254655032e-05,6,NA,0.0476190476190477,0.0476190476190477,TRUE
"Zotu2996",3.81544632580253e-05,8,NA,0.0634920634920635,0.0634920634920635,TRUE
"Zotu6164",1.842974635531e-05,2,NA,0.515873015873016,0.515873015873016,FALSE
"Zotu2616",4.25075758544964e-05,7,NA,0.555555555555556,0.555555555555556,FALSE
"Zotu5441",2.06005481189101e-05,6,NA,0.547619047619048,0.547619047619048,FALSE
"Zotu3297",3.48563036350242e-05,7,NA,0.0555555555555555,0.0555555555555555,TRUE
"Zotu4778",1.37084307487434e-05,4,NA,0.531746031746032,0.531746031746032,FALSE
"Zotu1984",7.33752773189842e-05,16,NA,0.626984126984127,0.626984126984127,FALSE
"Zotu4931",1.62635661774522e-05,8,NA,0.0634920634920635,0.0634920634920635,TRUE
"Zotu1673",7.76742800798765e-05,13,NA,0.603174603174603,0.603174603174603,FALSE
"Zotu4079",2.69247303828656e-05,3,NA,0.523809523809524,0.523809523809524,FALSE
"Zotu4967",1.67371213850703e-05,4,NA,0.531746031746032,0.531746031746032,FALSE
"Zotu6111",9.10530978587778e-06,2,NA,0.515873015873016,0.515873015873016,FALSE
"Zotu1824",7.98812123095191e-05,17,NA,0.134920634920635,0.134920634920635,FALSE
"Zotu2958",3.62871327383681e-05,5,NA,0.53968253968254,0.53968253968254,FALSE
"Zotu5317",9.57724494469385e-06,3,NA,0.523809523809524,0.523809523809524,FALSE
"Zotu4398",1.5385873545862e-05,9,NA,0.571428571428571,0.571428571428571,FALSE
"Zotu2205",5.99412246715627e-05,13,NA,0.103174603174603,0.103174603174603,FALSE
"Zotu1714",0.000133007332850715,22,NA,0.174603174603175,0.174603174603175,FALSE
"Zotu5624",2.54133054677409e-05,4,NA,0.531746031746032,0.531746031746032,FALSE
"Zotu5013",2.53972365683231e-05,11,NA,0.587301587301587,0.587301587301587,FALSE
"Zotu4775",4.0364582476338e-05,10,NA,0.0793650793650794,0.0793650793650794,TRUE
"Zotu3892",2.52198695080237e-05,6,NA,0.547619047619048,0.547619047619048,FALSE
"Zotu5084",1.29329641128458e-05,5,NA,0.53968253968254,0.53968253968254,FALSE
"Zotu1022",0.000153406814264258,14,NA,0.111111111111111,0.111111111111111,FALSE
"Zotu3564",2.8656674331654e-05,10,NA,0.57936507936508,0.57936507936508,FALSE
"Zotu3854",3.44288120593989e-05,7,NA,0.555555555555556,0.555555555555556,FALSE
"Zotu5504",1.48070946217667e-05,3,NA,0.523809523809524,0.523809523809524,FALSE
"Zotu2625",4.08456690992014e-05,7,NA,0.555555555555556,0.555555555555556,FALSE
"Zotu3274",3.30281932326817e-05,7,NA,0.555555555555556,0.555555555555556,FALSE
"Zotu1717",7.60804324139439e-05,12,NA,0.595238095238095,0.595238095238095,FALSE
"Zotu1903",5.96488035322887e-05,14,NA,0.611111111111111,0.611111111111111,FALSE
"Zotu5941",9.58724777901756e-06,3,NA,0.523809523809524,0.523809523809524,FALSE
"Zotu6173",9.09723508949756e-06,2,NA,0.515873015873016,0.515873015873016,FALSE
"Zotu2297",4.80036478551494e-05,12,NA,0.595238095238095,0.595238095238095,FALSE
"Zotu4822",2.1682287607832e-05,3,NA,0.523809523809524,0.523809523809524,FALSE
"Zotu4466",1.56481821443783e-05,6,NA,0.547619047619048,0.547619047619048,FALSE
"Zotu1361",9.99837461358935e-05,10,NA,0.0793650793650794,0.0793650793650794,TRUE
"Zotu4084",2.34560489066483e-05,4,NA,0.531746031746032,0.531746031746032,FALSE
"Zotu3683",2.30315017375605e-05,8,NA,0.563492063492063,0.563492063492063,FALSE
"Zotu1791",8.54310653166114e-05,12,NA,0.595238095238095,0.595238095238095,FALSE
"Zotu1084",0.000102083135928889,6,NA,0.547619047619048,0.547619047619048,FALSE
"Zotu4844",1.81148401984616e-05,5,NA,0.53968253968254,0.53968253968254,FALSE
"Zotu5874",1.46492728071217e-05,4,NA,0.531746031746032,0.531746031746032,FALSE
"Zotu5358",2.30447440785457e-05,7,NA,0.555555555555556,0.555555555555556,FALSE
"Zotu4069",2.05065363800696e-05,7,NA,0.555555555555556,0.555555555555556,FALSE
"Zotu4184",2.68749810101945e-05,7,NA,0.0555555555555555,0.0555555555555555,TRUE
"Zotu5889",2.03619966585774e-05,8,NA,0.0634920634920635,0.0634920634920635,TRUE
"Zotu3812",2.14540156586369e-05,3,NA,0.523809523809524,0.523809523809524,FALSE
"Zotu4308",2.64294706851963e-05,4,NA,0.531746031746032,0.531746031746032,FALSE
"Zotu2516",5.1532702170785e-05,8,NA,0.0634920634920635,0.0634920634920635,TRUE
"Zotu5089",8.07700734211418e-06,3,NA,0.0238095238095238,0.0238095238095238,TRUE
"Zotu1345",0.000107968805037832,11,NA,0.587301587301587,0.587301587301587,FALSE
"Zotu2872",4.36341286623268e-05,5,NA,0.53968253968254,0.53968253968254,FALSE
"Zotu5507",1.90798690799176e-05,4,NA,0.531746031746032,0.531746031746032,FALSE
"Zotu1189",8.91931867634702e-05,7,NA,0.0555555555555555,0.0555555555555555,TRUE
"Zotu2978",3.04528559750506e-05,3,NA,0.523809523809524,0.523809523809524,FALSE
"Zotu2869",3.7119846186394e-05,2,NA,0.515873015873016,0.515873015873016,FALSE
"Zotu4550",1.7626365046406e-05,4,NA,0.531746031746032,0.531746031746032,FALSE
"Zotu4684",1.51202631959671e-05,7,NA,0.555555555555556,0.555555555555556,FALSE
"Zotu1043",0.000170797005359096,3,NA,0.523809523809524,0.523809523809524,FALSE
"Zotu3851",2.04788056163142e-05,4,NA,0.531746031746032,0.531746031746032,FALSE
"Zotu3012",2.58747243482481e-05,5,NA,0.0396825396825397,0.0396825396825397,TRUE
"Zotu3579",3.04463530502013e-05,1,NA,NA,NA,FALSE
"Zotu1265",0.000115600996737483,1,NA,NA,NA,FALSE
"Zotu1530",6.99617283451915e-05,6,NA,0.547619047619048,0.547619047619048,FALSE
"Zotu5659",2.52172671189707e-05,2,NA,0.515873015873016,0.515873015873016,FALSE
"Zotu3224",3.99620103946686e-05,2,NA,0.515873015873016,0.515873015873016,FALSE
"Zotu2786",3.39853578987233e-05,8,NA,0.563492063492063,0.563492063492063,FALSE
"Zotu3594",1.90494507373518e-05,6,NA,0.547619047619048,0.547619047619048,FALSE
"Zotu1975",6.04352723533324e-05,4,NA,0.531746031746032,0.531746031746032,FALSE
"Zotu3659",2.50793853920449e-05,5,NA,0.53968253968254,0.53968253968254,FALSE
"Zotu5419",6.18441546332213e-06,1,NA,NA,NA,FALSE
"Zotu4874",1.59097940414343e-05,7,NA,0.0555555555555555,0.0555555555555555,TRUE
"Zotu3547",2.10268312756634e-05,14,NA,0.111111111111111,0.111111111111111,FALSE
"Zotu4073",2.35540602030617e-05,10,NA,0.57936507936508,0.57936507936508,FALSE
"Zotu5728",9.75897412308536e-06,3,NA,0.523809523809524,0.523809523809524,FALSE
"Zotu4625",3.87437556864233e-05,8,NA,0.563492063492063,0.563492063492063,FALSE
"Zotu4174",1.74526968361847e-05,8,NA,0.563492063492063,0.563492063492063,FALSE
"Zotu4686",1.65961116923676e-05,4,NA,0.531746031746032,0.531746031746032,FALSE
"Zotu2661",4.8704758383125e-05,13,NA,0.603174603174603,0.603174603174603,FALSE
"Zotu4673",2.15428893553358e-05,7,NA,0.555555555555556,0.555555555555556,FALSE
"Zotu3056",2.94398933738177e-05,5,NA,0.53968253968254,0.53968253968254,FALSE
"Zotu2728",2.98664521036271e-05,9,NA,0.571428571428571,0.571428571428571,FALSE
"Zotu4781",2.0863820776115e-05,8,NA,0.0634920634920635,0.0634920634920635,TRUE
"Zotu3771",2.41797852929144e-05,6,NA,0.547619047619048,0.547619047619048,FALSE
"Zotu4242",1.25218989621714e-05,7,NA,0.555555555555556,0.555555555555556,FALSE
"Zotu4282",1.32641349852427e-05,4,NA,0.531746031746032,0.531746031746032,FALSE
"Zotu3871",2.3773599459779e-05,7,NA,0.555555555555556,0.555555555555556,FALSE
"Zotu5348",1.27608421957534e-05,3,NA,0.523809523809524,0.523809523809524,FALSE
"Zotu4348",1.46438053548614e-05,3,NA,0.523809523809524,0.523809523809524,FALSE
"Zotu5194",1.53023321759924e-05,6,NA,0.547619047619048,0.547619047619048,FALSE
"Zotu4998",2.0006309926002e-05,4,NA,0.531746031746032,0.531746031746032,FALSE
"Zotu2748",4.70840547430874e-05,3,NA,0.523809523809524,0.523809523809524,FALSE
"Zotu2523",4.45874442645484e-05,12,NA,0.595238095238095,0.595238095238095,FALSE
"Zotu3013",3.40333186958477e-05,4,NA,0.531746031746032,0.531746031746032,FALSE
"Zotu6185",9.35868709857866e-06,6,NA,0.547619047619048,0.547619047619048,FALSE
"Zotu3635",3.61092280776389e-05,7,NA,0.555555555555556,0.555555555555556,FALSE
"Zotu2263",5.09533474414377e-05,11,NA,0.587301587301587,0.587301587301587,FALSE
"Zotu2401",4.80894456437654e-05,16,NA,0.126984126984127,0.126984126984127,FALSE
"Zotu3735",3.09704256103271e-05,9,NA,0.0714285714285715,0.0714285714285715,TRUE
"Zotu3903",2.51052086618912e-05,4,NA,0.531746031746032,0.531746031746032,FALSE
"Zotu3427",3.39029213158325e-05,10,NA,0.0793650793650794,0.0793650793650794,TRUE
"Zotu2218",5.12538977767127e-05,12,NA,0.595238095238095,0.595238095238095,FALSE
"Zotu5493",1.29541330197252e-05,2,NA,0.515873015873016,0.515873015873016,FALSE
"Zotu2557",4.61377611498613e-05,6,NA,0.547619047619048,0.547619047619048,FALSE
"Zotu5798",1.43285515961406e-05,5,NA,0.53968253968254,0.53968253968254,FALSE
"Zotu3185",2.94502305776769e-05,6,NA,0.547619047619048,0.547619047619048,FALSE
"Zotu3221",2.5452045298655e-05,4,NA,0.531746031746032,0.531746031746032,FALSE
"Zotu3398",2.69837582894733e-05,6,NA,0.547619047619048,0.547619047619048,FALSE
"Zotu4639",1.76295164533057e-05,3,NA,0.523809523809524,0.523809523809524,FALSE
"Zotu1733",7.15201537118656e-05,18,NA,0.642857142857143,0.642857142857143,FALSE
"Zotu3612",2.44442250446681e-05,8,NA,0.563492063492063,0.563492063492063,FALSE
"Zotu1294",0.000111098401054582,9,NA,0.0714285714285715,0.0714285714285715,TRUE
"Zotu4961",1.56233283651416e-05,5,NA,0.53968253968254,0.53968253968254,FALSE
"Zotu2983",3.99454219133757e-05,5,NA,0.53968253968254,0.53968253968254,FALSE
"Zotu1489",8.05923889045366e-05,14,NA,0.111111111111111,0.111111111111111,FALSE
"Zotu5788",1.37505658427451e-05,6,NA,0.547619047619048,0.547619047619048,FALSE
"Zotu4007",2.77871492288443e-05,5,NA,0.53968253968254,0.53968253968254,FALSE
"Zotu4623",2.31557039451081e-05,4,NA,0.531746031746032,0.531746031746032,FALSE
"Zotu1833",6.5207157797071e-05,15,NA,0.619047619047619,0.619047619047619,FALSE
"Zotu5737",1.22469562582637e-05,2,NA,0.515873015873016,0.515873015873016,FALSE
"Zotu3423",3.73242385372387e-05,9,NA,0.571428571428571,0.571428571428571,FALSE
"Zotu3938",3.39331708953435e-05,8,NA,0.563492063492063,0.563492063492063,FALSE
"Zotu1074",0.000142749714504698,15,NA,0.619047619047619,0.619047619047619,FALSE
"Zotu1829",8.45514263360887e-05,6,NA,0.547619047619048,0.547619047619048,FALSE
"Zotu2288",5.65980947121362e-05,11,NA,0.587301587301587,0.587301587301587,FALSE
"Zotu5010",1.53580864352656e-05,3,NA,0.523809523809524,0.523809523809524,FALSE
"Zotu4867",2.36012763368059e-05,6,NA,0.547619047619048,0.547619047619048,FALSE
"Zotu5063",1.62031626784723e-05,5,NA,0.53968253968254,0.53968253968254,FALSE
"Zotu6146",8.67624935039495e-06,5,NA,0.53968253968254,0.53968253968254,FALSE
"Zotu2148",7.28284181056633e-05,6,NA,0.547619047619048,0.547619047619048,FALSE
"Zotu4198",4.29777663873932e-05,11,NA,0.587301587301587,0.587301587301587,FALSE
"Zotu4057",2.59319932572653e-05,7,NA,0.555555555555556,0.555555555555556,FALSE
"Zotu2812",4.60790946254901e-05,4,NA,0.531746031746032,0.531746031746032,FALSE
"Zotu5095",1.55200442608219e-05,6,NA,0.547619047619048,0.547619047619048,FALSE
"Zotu2679",3.44953182815298e-05,6,NA,0.547619047619048,0.547619047619048,FALSE
"Zotu5679",1.18710452008124e-05,3,NA,0.523809523809524,0.523809523809524,FALSE
"Zotu4599",1.58152201713367e-05,6,NA,0.547619047619048,0.547619047619048,FALSE
"Zotu2517",3.26312902135854e-05,3,NA,0.523809523809524,0.523809523809524,FALSE
"Zotu6373",2.62918898180477e-05,4,NA,0.531746031746032,0.531746031746032,FALSE
"Zotu4654",1.71761356451368e-05,3,NA,0.523809523809524,0.523809523809524,FALSE
"Zotu4501",2.5495066769843e-05,9,NA,0.571428571428571,0.571428571428571,FALSE
"Zotu4893",2.32387123711766e-05,5,NA,0.53968253968254,0.53968253968254,FALSE
"Zotu4955",1.51764421940057e-05,4,NA,0.0317460317460317,0.0317460317460317,TRUE
"Zotu1376",0.000104644704052674,9,NA,0.571428571428571,0.571428571428571,FALSE
"Zotu4803",1.84243829114587e-05,6,NA,0.547619047619048,0.547619047619048,FALSE
"Zotu3054",3.98882880674997e-05,8,NA,0.563492063492063,0.563492063492063,FALSE
"Zotu5266",1.88901960783677e-05,6,NA,0.0476190476190477,0.0476190476190477,TRUE
"Zotu5428",1.48702690842082e-05,3,NA,0.523809523809524,0.523809523809524,FALSE
"Zotu3441",3.76796492845231e-05,14,NA,0.611111111111111,0.611111111111111,FALSE
"Zotu4117",2.01501782296631e-05,3,NA,0.523809523809524,0.523809523809524,FALSE
"Zotu3461",3.5285160298602e-05,6,NA,0.0476190476190477,0.0476190476190477,TRUE
"Zotu3933",2.63965468480453e-05,2,NA,0.515873015873016,0.515873015873016,FALSE
"Zotu4205",2.11375201305794e-05,6,NA,0.547619047619048,0.547619047619048,FALSE
"Zotu3511",2.74888641301659e-05,7,NA,0.555555555555556,0.555555555555556,FALSE
"Zotu3419",3.11931174291955e-05,7,NA,0.555555555555556,0.555555555555556,FALSE
"Zotu6334",6.71914317486234e-06,1,NA,NA,NA,FALSE
"Zotu6029",6.73333761101327e-06,3,NA,0.523809523809524,0.523809523809524,FALSE
"Zotu4740",1.87330739639593e-05,8,NA,0.563492063492063,0.563492063492063,FALSE
"Zotu3537",1.87167440167665e-05,2,NA,0.515873015873016,0.515873015873016,FALSE
"Zotu2670",3.46548561274702e-05,2,NA,0.515873015873016,0.515873015873016,FALSE
"Zotu4633",2.84815669767649e-05,6,NA,0.547619047619048,0.547619047619048,FALSE
"Zotu2509",6.71379502255093e-05,6,NA,0.547619047619048,0.547619047619048,FALSE
"Zotu4662",1.74733231212177e-05,6,NA,0.547619047619048,0.547619047619048,FALSE
"Zotu4999",1.99730330281075e-05,5,NA,0.0396825396825397,0.0396825396825397,TRUE
"Zotu4197",1.97108253187804e-05,5,NA,0.53968253968254,0.53968253968254,FALSE
"Zotu4413",3.14130108075267e-05,7,NA,0.555555555555556,0.555555555555556,FALSE
"Zotu4049",2.11197624308588e-05,4,NA,0.531746031746032,0.531746031746032,FALSE
"Zotu4048",2.26151611425059e-05,10,NA,0.57936507936508,0.57936507936508,FALSE
"Zotu5780",1.10407666864459e-05,3,NA,0.523809523809524,0.523809523809524,FALSE
"Zotu3770",2.95106426789996e-05,8,NA,0.0634920634920635,0.0634920634920635,TRUE
"Zotu2201",6.39253664099733e-05,9,NA,0.571428571428571,0.571428571428571,FALSE
"Zotu4719",1.98724615389746e-05,4,NA,0.531746031746032,0.531746031746032,FALSE
"Zotu5768",1.37413550777137e-05,5,NA,0.53968253968254,0.53968253968254,FALSE
"Zotu6005",1.34382863497247e-05,1,NA,NA,NA,FALSE
"Zotu4005",3.23755338127875e-05,7,NA,0.555555555555556,0.555555555555556,FALSE
"Zotu3898",4.61557347171979e-05,7,NA,0.555555555555556,0.555555555555556,FALSE
"Zotu1418",7.43618691438916e-05,9,NA,0.571428571428571,0.571428571428571,FALSE
"Zotu3215",3.67507395739899e-05,4,NA,0.531746031746032,0.531746031746032,FALSE
"Zotu5947",2.18782980406889e-05,6,NA,0.0476190476190477,0.0476190476190477,TRUE
"Zotu4970",1.17103025289953e-05,5,NA,0.53968253968254,0.53968253968254,FALSE
"Zotu5727",9.65839831363271e-06,3,NA,0.523809523809524,0.523809523809524,FALSE
"Zotu3378",2.66328983930107e-05,5,NA,0.0396825396825397,0.0396825396825397,TRUE
"Zotu5423",1.37170814406243e-05,4,NA,0.531746031746032,0.531746031746032,FALSE
"Zotu5966",1.35778260131208e-05,4,NA,0.531746031746032,0.531746031746032,FALSE
"Zotu3245",2.56636687842143e-05,7,NA,0.555555555555556,0.555555555555556,FALSE
"Zotu5379",9.29574178796444e-06,3,NA,0.523809523809524,0.523809523809524,FALSE
"Zotu4469",1.95955311543387e-05,6,NA,0.547619047619048,0.547619047619048,FALSE
"Zotu4834",1.3574302781358e-05,3,NA,0.523809523809524,0.523809523809524,FALSE
"Zotu4680",3.01232566620826e-05,12,NA,0.595238095238095,0.595238095238095,FALSE
"Zotu3459",2.30872508494528e-05,6,NA,0.547619047619048,0.547619047619048,FALSE
"Zotu2322",5.60989392122147e-05,13,NA,0.103174603174603,0.103174603174603,FALSE
"Zotu2298",5.20995296471389e-05,8,NA,0.0634920634920635,0.0634920634920635,TRUE
"Zotu5540",1.1033058326729e-05,3,NA,0.523809523809524,0.523809523809524,FALSE
"Zotu4351",3.07779614357989e-05,12,NA,0.595238095238095,0.595238095238095,FALSE
"Zotu2880",3.60614793510146e-05,4,NA,0.0317460317460317,0.0317460317460317,TRUE
"Zotu5029",1.63749994531835e-05,5,NA,0.53968253968254,0.53968253968254,FALSE
"Zotu2386",4.35000579085003e-05,7,NA,0.0555555555555555,0.0555555555555555,TRUE
"Zotu3219",3.25896191319566e-05,7,NA,0.555555555555556,0.555555555555556,FALSE
"Zotu4729",1.3973848301788e-05,7,NA,0.555555555555556,0.555555555555556,FALSE
"Zotu2822",3.7001266536895e-05,7,NA,0.555555555555556,0.555555555555556,FALSE
"Zotu4046",3.58607740232905e-05,8,NA,0.563492063492063,0.563492063492063,FALSE
"Zotu4254",1.69314124563922e-05,5,NA,0.53968253968254,0.53968253968254,FALSE
"Zotu5237",2.23314513768251e-05,4,NA,0.531746031746032,0.531746031746032,FALSE
"Zotu3864",5.07169911287427e-05,3,NA,0.523809523809524,0.523809523809524,FALSE
"Zotu4064",2.74368373078836e-05,12,NA,0.0952380952380952,0.0952380952380952,TRUE
"Zotu5506",1.00515920127256e-05,3,NA,0.523809523809524,0.523809523809524,FALSE
"Zotu3220",2.75334032896349e-05,5,NA,0.53968253968254,0.53968253968254,FALSE
"Zotu5986",1.53652540634879e-05,7,NA,0.555555555555556,0.555555555555556,FALSE
"Zotu5597",9.71435713135985e-06,6,NA,0.547619047619048,0.547619047619048,FALSE
"Zotu5807",1.38330773281901e-05,7,NA,0.555555555555556,0.555555555555556,FALSE
"Zotu2740",7.28119660305378e-05,5,NA,0.53968253968254,0.53968253968254,FALSE
"Zotu5059",2.3973060502753e-05,5,NA,0.53968253968254,0.53968253968254,FALSE
"Zotu2733",3.88422233367571e-05,11,NA,0.587301587301587,0.587301587301587,FALSE
"Zotu4464",1.93108086373846e-05,6,NA,0.547619047619048,0.547619047619048,FALSE
"Zotu2676",3.96897377234476e-05,13,NA,0.603174603174603,0.603174603174603,FALSE
"Zotu3616",2.79651149264723e-05,4,NA,0.531746031746032,0.531746031746032,FALSE
"Zotu3605",2.58084387041875e-05,10,NA,0.57936507936508,0.57936507936508,FALSE
"Zotu3006",3.47499107686567e-05,3,NA,0.523809523809524,0.523809523809524,FALSE
"Zotu6073",5.79324768016638e-06,1,NA,NA,NA,FALSE
"Zotu4657",1.20567129929369e-05,4,NA,0.531746031746032,0.531746031746032,FALSE
"Zotu3776",3.05445355973853e-05,5,NA,0.0396825396825397,0.0396825396825397,TRUE
"Zotu4148",2.41496491751335e-05,4,NA,0.531746031746032,0.531746031746032,FALSE
"Zotu4382",1.98058183024857e-05,3,NA,0.523809523809524,0.523809523809524,FALSE
"Zotu6289",5.78737332284137e-06,2,NA,0.515873015873016,0.515873015873016,FALSE
"Zotu5418",8.69835821900628e-06,2,NA,0.515873015873016,0.515873015873016,FALSE
"Zotu4323",2.12545186500165e-05,4,NA,0.531746031746032,0.531746031746032,FALSE
"Zotu6135",1.00200976900403e-05,4,NA,0.531746031746032,0.531746031746032,FALSE
"Zotu3143",3.24795785893012e-05,6,NA,0.0476190476190477,0.0476190476190477,TRUE
"Zotu3631",1.97981282258835e-05,3,NA,0.523809523809524,0.523809523809524,FALSE
"Zotu5588",1.7369946651767e-05,2,NA,0.515873015873016,0.515873015873016,FALSE
"Zotu6180",1.11037247203189e-05,1,NA,NA,NA,FALSE
"Zotu4154",2.68895150463119e-05,4,NA,0.0317460317460317,0.0317460317460317,TRUE
"Zotu5891",2.12715709961711e-05,4,NA,0.531746031746032,0.531746031746032,FALSE
"Zotu5153",1.37988359223666e-05,8,NA,0.563492063492063,0.563492063492063,FALSE
"Zotu3364",2.41405560527161e-05,11,NA,0.587301587301587,0.587301587301587,FALSE
"Zotu5712",7.72433024022184e-06,1,NA,NA,NA,FALSE
"Zotu5977",6.27285294584851e-06,2,NA,0.515873015873016,0.515873015873016,FALSE
"Zotu4900",1.84035086377653e-05,4,NA,0.531746031746032,0.531746031746032,FALSE
"Zotu6138",8.20710088023571e-06,1,NA,NA,NA,FALSE
"Zotu5190",1.78083492850587e-05,4,NA,0.531746031746032,0.531746031746032,FALSE
"Zotu6019",1.69092626706314e-05,8,NA,0.0634920634920635,0.0634920634920635,TRUE
"Zotu3641",2.22963613458748e-05,5,NA,0.53968253968254,0.53968253968254,FALSE
"Zotu2830",4.3740046432389e-05,11,NA,0.587301587301587,0.587301587301587,FALSE
"Zotu6182",8.68987152024957e-06,1,NA,NA,NA,FALSE
"Zotu3623",3.74484347353843e-05,5,NA,0.53968253968254,0.53968253968254,FALSE
"Zotu4851",1.42125243175208e-05,6,NA,0.547619047619048,0.547619047619048,FALSE
"Zotu5232",1.10866284639402e-05,4,NA,0.531746031746032,0.531746031746032,FALSE
"Zotu6302",9.37953985959307e-06,4,NA,0.531746031746032,0.531746031746032,FALSE
"Zotu4442",2.25847398230078e-05,6,NA,0.547619047619048,0.547619047619048,FALSE
"Zotu4071",1.83132394734283e-05,5,NA,0.53968253968254,0.53968253968254,FALSE
"Zotu3460",1.77443877083008e-05,2,NA,0.515873015873016,0.515873015873016,FALSE
"Zotu5360",1.57754648968172e-05,2,NA,0.515873015873016,0.515873015873016,FALSE
"Zotu3549",3.55612249451176e-05,4,NA,0.531746031746032,0.531746031746032,FALSE
"Zotu4008",1.54986433460985e-05,5,NA,0.53968253968254,0.53968253968254,FALSE
"Zotu5969",1.50002477309096e-05,8,NA,0.563492063492063,0.563492063492063,FALSE
"Zotu4256",2.16822518912465e-05,8,NA,0.563492063492063,0.563492063492063,FALSE
"Zotu2885",3.83198990512224e-05,15,NA,0.619047619047619,0.619047619047619,FALSE
"Zotu5197",1.45665195357642e-05,10,NA,0.57936507936508,0.57936507936508,FALSE
"Zotu5320",1.39706301994996e-05,5,NA,0.53968253968254,0.53968253968254,FALSE
"Zotu5363",1.18324513000094e-05,5,NA,0.53968253968254,0.53968253968254,FALSE
"Zotu3846",2.15481680668309e-05,4,NA,0.531746031746032,0.531746031746032,FALSE
"Zotu1352",9.31376972981962e-05,6,NA,0.547619047619048,0.547619047619048,FALSE
"Zotu4693",1.39155444482658e-05,5,NA,0.53968253968254,0.53968253968254,FALSE
"Zotu4989",1.16869990912476e-05,4,NA,0.531746031746032,0.531746031746032,FALSE
"Zotu4912",1.83916777279817e-05,6,NA,0.547619047619048,0.547619047619048,FALSE
"Zotu5426",1.04557829708864e-05,4,NA,0.531746031746032,0.531746031746032,FALSE
"Zotu4496",1.58076405428357e-05,9,NA,0.571428571428571,0.571428571428571,FALSE
"Zotu3449",2.10708693150018e-05,3,NA,0.523809523809524,0.523809523809524,FALSE
"Zotu1242",0.000101903482420098,13,NA,0.603174603174603,0.603174603174603,FALSE
"Zotu4580",2.05060836600165e-05,6,NA,0.547619047619048,0.547619047619048,FALSE
"Zotu2753",3.88941247781654e-05,5,NA,0.53968253968254,0.53968253968254,FALSE
"Zotu1896",5.10697570871155e-05,6,NA,0.547619047619048,0.547619047619048,FALSE
"Zotu5778",2.14848257616798e-05,4,NA,0.531746031746032,0.531746031746032,FALSE
"Zotu4462",1.96345708013593e-05,7,NA,0.555555555555556,0.555555555555556,FALSE
"Zotu5093",1.30067299367471e-05,5,NA,0.53968253968254,0.53968253968254,FALSE
"Zotu5626",2.1803919108071e-05,8,NA,0.563492063492063,0.563492063492063,FALSE
"Zotu6043",1.63151951521375e-05,3,NA,0.523809523809524,0.523809523809524,FALSE
"Zotu5319",1.47087343907582e-05,3,NA,0.523809523809524,0.523809523809524,FALSE
"Zotu4549",2.65612822122712e-05,7,NA,0.555555555555556,0.555555555555556,FALSE
"Zotu3932",2.79891042990374e-05,9,NA,0.571428571428571,0.571428571428571,FALSE
"Zotu5802",1.71028926343817e-05,4,NA,0.531746031746032,0.531746031746032,FALSE
"Zotu5888",1.76710751696758e-05,6,NA,0.547619047619048,0.547619047619048,FALSE
"Zotu3324",2.17176099358083e-05,3,NA,0.523809523809524,0.523809523809524,FALSE
"Zotu6234",1.24806214693304e-05,3,NA,0.523809523809524,0.523809523809524,FALSE
"Zotu3075",3.7623650658835e-05,10,NA,0.0793650793650794,0.0793650793650794,TRUE
"Zotu1406",7.79046748596897e-05,10,NA,0.57936507936508,0.57936507936508,FALSE
"Zotu5179",1.58235024713779e-05,3,NA,0.523809523809524,0.523809523809524,FALSE
"Zotu4870",4.32288272091552e-05,10,NA,0.57936507936508,0.57936507936508,FALSE
"Zotu5349",1.43901594268177e-05,5,NA,0.53968253968254,0.53968253968254,FALSE
"Zotu3390",3.49827049278008e-05,10,NA,0.0793650793650794,0.0793650793650794,TRUE
"Zotu2051",6.06094490674905e-05,13,NA,0.103174603174603,0.103174603174603,FALSE
"Zotu3645",2.63963220744714e-05,3,NA,0.523809523809524,0.523809523809524,FALSE
"Zotu2495",6.2631116999312e-05,13,NA,0.603174603174603,0.603174603174603,FALSE
"Zotu5227",1.66917810651525e-05,10,NA,0.57936507936508,0.57936507936508,FALSE
"Zotu1809",6.4357039367956e-05,12,NA,0.595238095238095,0.595238095238095,FALSE
"Zotu4018",3.08957101400756e-05,3,NA,0.523809523809524,0.523809523809524,FALSE
"Zotu5910",1.47428147891294e-05,4,NA,0.531746031746032,0.531746031746032,FALSE
"Zotu5582",2.02714193904506e-05,7,NA,0.555555555555556,0.555555555555556,FALSE
"Zotu5985",1.36434243640251e-05,5,NA,0.0396825396825397,0.0396825396825397,TRUE
"Zotu5439",2.65534024138201e-05,2,NA,0.515873015873016,0.515873015873016,FALSE
"Zotu5427",9.1733470447832e-06,2,NA,0.515873015873016,0.515873015873016,FALSE
"Zotu3237",2.94457779100447e-05,2,NA,0.515873015873016,0.515873015873016,FALSE
"Zotu3479",3.13861351007468e-05,4,NA,0.531746031746032,0.531746031746032,FALSE
"Zotu5749",1.93032705475542e-05,6,NA,0.547619047619048,0.547619047619048,FALSE
"Zotu4191",1.79152177054762e-05,7,NA,0.555555555555556,0.555555555555556,FALSE
"Zotu5285",1.59356815182058e-05,3,NA,0.523809523809524,0.523809523809524,FALSE
"Zotu4366",2.28554117639385e-05,6,NA,0.0476190476190477,0.0476190476190477,TRUE
"Zotu4196",2.82649384219336e-05,8,NA,0.563492063492063,0.563492063492063,FALSE
"Zotu5462",2.69093094013611e-05,2,NA,0.515873015873016,0.515873015873016,FALSE
"Zotu1038",0.000126644060100986,5,NA,0.53968253968254,0.53968253968254,FALSE
"Zotu3363",2.97999582942534e-05,9,NA,0.571428571428571,0.571428571428571,FALSE
"Zotu4363",1.88103804356415e-05,3,NA,0.523809523809524,0.523809523809524,FALSE
"Zotu4305",2.56238701664778e-05,7,NA,0.555555555555556,0.555555555555556,FALSE
"Zotu2624",3.77935076430464e-05,7,NA,0.555555555555556,0.555555555555556,FALSE
"Zotu4973",1.10920555864139e-05,3,NA,0.523809523809524,0.523809523809524,FALSE
"Zotu5244",1.34290274950045e-05,2,NA,0.515873015873016,0.515873015873016,FALSE
"Zotu768",0.000191249830101271,13,NA,0.603174603174603,0.603174603174603,FALSE
"Zotu5401",9.80495629154351e-06,3,NA,0.523809523809524,0.523809523809524,FALSE
"Zotu3634",2.64471680747756e-05,3,NA,0.523809523809524,0.523809523809524,FALSE
"Zotu6063",1.00906025930259e-05,4,NA,0.531746031746032,0.531746031746032,FALSE
"Zotu2592",9.6115188462187e-05,17,NA,0.134920634920635,0.134920634920635,FALSE
"Zotu4142",3.4386845670576e-05,9,NA,0.571428571428571,0.571428571428571,FALSE
"Zotu6203",1.0774758013737e-05,4,NA,0.531746031746032,0.531746031746032,FALSE
"Zotu2764",6.11510092925811e-05,9,NA,0.571428571428571,0.571428571428571,FALSE
"Zotu3672",2.48700530309589e-05,8,NA,0.563492063492063,0.563492063492063,FALSE
"Zotu1991",6.65351964993045e-05,13,NA,0.603174603174603,0.603174603174603,FALSE
"Zotu4193",1.87229017922888e-05,8,NA,0.563492063492063,0.563492063492063,FALSE
"Zotu5681",1.40326981689344e-05,6,NA,0.547619047619048,0.547619047619048,FALSE
"Zotu5107",2.20352750386907e-05,5,NA,0.53968253968254,0.53968253968254,FALSE
"Zotu5270",2.39526147036182e-05,4,NA,0.531746031746032,0.531746031746032,FALSE
"Zotu2620",3.43290491966809e-05,9,NA,0.571428571428571,0.571428571428571,FALSE
"Zotu3393",3.21064449625099e-05,10,NA,0.57936507936508,0.57936507936508,FALSE
"Zotu6103",8.82796301050109e-06,5,NA,0.53968253968254,0.53968253968254,FALSE
"Zotu4110",2.92154215379086e-05,5,NA,0.53968253968254,0.53968253968254,FALSE
"Zotu2415",3.83979298956217e-05,5,NA,0.53968253968254,0.53968253968254,FALSE
"Zotu6202",1.48749069514572e-05,3,NA,0.523809523809524,0.523809523809524,FALSE
"Zotu2147",3.45160269057722e-05,5,NA,0.53968253968254,0.53968253968254,FALSE
"Zotu4319",1.4705507736195e-05,2,NA,0.515873015873016,0.515873015873016,FALSE
"Zotu4643",2.55874036834678e-05,4,NA,0.531746031746032,0.531746031746032,FALSE
"Zotu1939",5.1051229634782e-05,12,NA,0.0952380952380952,0.0952380952380952,TRUE
"Zotu2959",4.18582634516061e-05,9,NA,0.0714285714285715,0.0714285714285715,TRUE
"Zotu3240",2.39953354067521e-05,4,NA,0.531746031746032,0.531746031746032,FALSE
"Zotu4721",2.31432164533826e-05,4,NA,0.531746031746032,0.531746031746032,FALSE
"Zotu3418",3.5682043582895e-05,3,NA,0.523809523809524,0.523809523809524,FALSE
"Zotu2138",6.30187153280923e-05,7,NA,0.555555555555556,0.555555555555556,FALSE
"Zotu6032",7.67714015834399e-06,3,NA,0.523809523809524,0.523809523809524,FALSE
"Zotu2686",2.97967932473208e-05,3,NA,0.523809523809524,0.523809523809524,FALSE
"Zotu4259",1.46784770026377e-05,5,NA,0.53968253968254,0.53968253968254,FALSE
"Zotu6159",1.1519976399722e-05,3,NA,0.0238095238095238,0.0238095238095238,TRUE
"Zotu1938",5.24314238848806e-05,5,NA,0.53968253968254,0.53968253968254,FALSE
"Zotu5598",8.1853578809861e-06,2,NA,0.515873015873016,0.515873015873016,FALSE
"Zotu3313",2.16925855609609e-05,5,NA,0.0396825396825397,0.0396825396825397,TRUE
"Zotu2688",3.19768041274207e-05,6,NA,0.0476190476190477,0.0476190476190477,TRUE
"Zotu4664",1.85562061000008e-05,7,NA,0.555555555555556,0.555555555555556,FALSE
"Zotu3702",2.92294856625766e-05,3,NA,0.523809523809524,0.523809523809524,FALSE
"Zotu2820",3.47777413218147e-05,8,NA,0.563492063492063,0.563492063492063,FALSE
"Zotu4968",2.11382829906571e-05,3,NA,0.523809523809524,0.523809523809524,FALSE
"Zotu1211",0.000167795430812441,6,NA,0.547619047619048,0.547619047619048,FALSE
"Zotu5532",1.3893020864922e-05,1,NA,NA,NA,FALSE
"Zotu1122",0.000107002320800063,10,NA,0.57936507936508,0.57936507936508,FALSE
"Zotu5068",7.19147217286556e-06,3,NA,0.523809523809524,0.523809523809524,FALSE
"Zotu6078",1.23189413405298e-05,7,NA,0.0555555555555555,0.0555555555555555,TRUE
"Zotu6054",1.53877795717508e-05,6,NA,0.547619047619048,0.547619047619048,FALSE
"Zotu3079",2.80124883719286e-05,2,NA,0.515873015873016,0.515873015873016,FALSE
"Zotu5474",1.56460077333299e-05,6,NA,0.547619047619048,0.547619047619048,FALSE
"Zotu4905",1.18134647198642e-05,6,NA,0.0476190476190477,0.0476190476190477,TRUE
"Zotu723",0.000241331812128286,5,NA,0.53968253968254,0.53968253968254,FALSE
"Zotu6198",1.50052329797828e-05,4,NA,0.531746031746032,0.531746031746032,FALSE
"Zotu4355",1.75472786155922e-05,6,NA,0.547619047619048,0.547619047619048,FALSE
"Zotu3347",3.41843096856166e-05,7,NA,0.555555555555556,0.555555555555556,FALSE
"Zotu5396",9.46558045935075e-06,2,NA,0.515873015873016,0.515873015873016,FALSE
"Zotu5529",1.30203408572385e-05,5,NA,0.53968253968254,0.53968253968254,FALSE
"Zotu5020",1.1760623016301e-05,3,NA,0.523809523809524,0.523809523809524,FALSE
"Zotu2315",3.62001689184826e-05,5,NA,0.53968253968254,0.53968253968254,FALSE
"Zotu5554",1.4623446761628e-05,3,NA,0.523809523809524,0.523809523809524,FALSE
"Zotu5649",1.78764275796691e-05,6,NA,0.547619047619048,0.547619047619048,FALSE
"Zotu5211",1.29552150551238e-05,2,NA,0.515873015873016,0.515873015873016,FALSE
"Zotu1882",5.56799625145266e-05,9,NA,0.571428571428571,0.571428571428571,FALSE
"Zotu6105",8.7933901237978e-06,2,NA,0.515873015873016,0.515873015873016,FALSE
"Zotu3617",3.07325935143851e-05,4,NA,0.531746031746032,0.531746031746032,FALSE
"Zotu3282",3.44115068195843e-05,5,NA,0.53968253968254,0.53968253968254,FALSE
"Zotu5731",1.25943929015773e-05,3,NA,0.523809523809524,0.523809523809524,FALSE
"Zotu3236",4.49325538717672e-05,1,NA,NA,NA,FALSE
"Zotu3008",3.89324979945678e-05,9,NA,0.0714285714285715,0.0714285714285715,TRUE
"Zotu1732",8.23678943476268e-05,4,NA,0.531746031746032,0.531746031746032,FALSE
"Zotu3049",2.45946610666515e-05,1,NA,NA,NA,FALSE
"Zotu6098",1.89096283040573e-05,3,NA,0.523809523809524,0.523809523809524,FALSE
"Zotu3884",2.29266448953006e-05,7,NA,0.555555555555556,0.555555555555556,FALSE
"Zotu5564",9.57562991446257e-06,3,NA,0.523809523809524,0.523809523809524,FALSE
"Zotu6296",9.73682025238475e-06,4,NA,0.531746031746032,0.531746031746032,FALSE
"Zotu4883",1.82215433195316e-05,3,NA,0.523809523809524,0.523809523809524,FALSE
"Zotu4303",1.44988233810749e-05,5,NA,0.53968253968254,0.53968253968254,FALSE
"Zotu4278",2.59250961746666e-05,4,NA,0.531746031746032,0.531746031746032,FALSE
"Zotu2579",3.09391813855856e-05,5,NA,0.53968253968254,0.53968253968254,FALSE
"Zotu5355",1.63665598315253e-05,7,NA,0.555555555555556,0.555555555555556,FALSE
"Zotu4478",1.53053304619689e-05,4,NA,0.531746031746032,0.531746031746032,FALSE
"Zotu5972",9.16126026965749e-06,2,NA,0.515873015873016,0.515873015873016,FALSE
"Zotu6299",5.68578734586825e-06,2,NA,0.515873015873016,0.515873015873016,FALSE
"Zotu2363",5.41292291341623e-05,9,NA,0.0714285714285715,0.0714285714285715,TRUE
"Zotu3754",2.21885495105512e-05,6,NA,0.0476190476190477,0.0476190476190477,TRUE
"Zotu3899",1.86979743472028e-05,2,NA,0.515873015873016,0.515873015873016,FALSE
"Zotu2388",4.49452836507567e-05,12,NA,0.595238095238095,0.595238095238095,FALSE
"Zotu5471",1.46701770380353e-05,8,NA,0.563492063492063,0.563492063492063,FALSE
"Zotu2403",4.27352966271548e-05,6,NA,0.0476190476190477,0.0476190476190477,TRUE
"Zotu6183",1.38247495670967e-05,6,NA,0.547619047619048,0.547619047619048,FALSE
"Zotu2968",3.99590162251616e-05,3,NA,0.0238095238095238,0.0238095238095238,TRUE
"Zotu6150",9.1356053890245e-06,2,NA,0.515873015873016,0.515873015873016,FALSE
"Zotu4023",2.54549321987642e-05,3,NA,0.523809523809524,0.523809523809524,FALSE
"Zotu4357",1.72695251904621e-05,2,NA,0.515873015873016,0.515873015873016,FALSE
"Zotu4468",2.01540839768909e-05,3,NA,0.523809523809524,0.523809523809524,FALSE
"Zotu5198",1.30667524188462e-05,3,NA,0.523809523809524,0.523809523809524,FALSE
"Zotu3241",4.4904790217946e-05,8,NA,0.563492063492063,0.563492063492063,FALSE
"Zotu4408",2.98556128796453e-05,6,NA,0.547619047619048,0.547619047619048,FALSE
"Zotu5828",1.05974402464046e-05,4,NA,0.531746031746032,0.531746031746032,FALSE
"Zotu4150",1.67896734454573e-05,2,NA,0.515873015873016,0.515873015873016,FALSE
"Zotu5732",9.79719795816703e-06,3,NA,0.523809523809524,0.523809523809524,FALSE
"Zotu5404",7.83641711176643e-06,2,NA,0.515873015873016,0.515873015873016,FALSE
"Zotu3322",3.79767071527272e-05,5,NA,0.53968253968254,0.53968253968254,FALSE
"Zotu5330",1.75251592349121e-05,3,NA,0.523809523809524,0.523809523809524,FALSE
"Zotu4813",1.52906666722416e-05,6,NA,0.0476190476190477,0.0476190476190477,TRUE
"Zotu5736",9.13141524053809e-06,3,NA,0.523809523809524,0.523809523809524,FALSE
"Zotu1479",8.34372063689298e-05,8,NA,0.0634920634920635,0.0634920634920635,TRUE
"Zotu2433",4.17851174051147e-05,2,NA,0.515873015873016,0.515873015873016,FALSE
"Zotu3469",3.05866217713275e-05,2,NA,0.515873015873016,0.515873015873016,FALSE
"Zotu5618",2.24715242253985e-05,3,NA,0.523809523809524,0.523809523809524,FALSE
"Zotu2291",7.5297030166499e-05,3,NA,0.523809523809524,0.523809523809524,FALSE
"Zotu6387",1.20427255762609e-05,3,NA,0.523809523809524,0.523809523809524,FALSE
"Zotu3653",3.4425240516343e-05,7,NA,0.555555555555556,0.555555555555556,FALSE
"Zotu2843",4.5522526219707e-05,8,NA,0.563492063492063,0.563492063492063,FALSE
"Zotu5334",1.23276972656438e-05,4,NA,0.531746031746032,0.531746031746032,FALSE
"Zotu5601",1.0280152687756e-05,3,NA,0.523809523809524,0.523809523809524,FALSE
"Zotu6067",1.10754706426351e-05,4,NA,0.531746031746032,0.531746031746032,FALSE
"Zotu5898",9.29671842813845e-06,3,NA,0.523809523809524,0.523809523809524,FALSE
"Zotu5435",8.81711140670576e-06,5,NA,0.53968253968254,0.53968253968254,FALSE
"Zotu5081",1.57715464941531e-05,5,NA,0.53968253968254,0.53968253968254,FALSE
"Zotu4932",1.75404766756961e-05,2,NA,0.515873015873016,0.515873015873016,FALSE
"Zotu6010",2.11061150471757e-05,6,NA,0.547619047619048,0.547619047619048,FALSE
"Zotu4517",4.08883418326066e-05,12,NA,0.595238095238095,0.595238095238095,FALSE
"Zotu1922",6.52105533690841e-05,1,NA,NA,NA,FALSE
"Zotu5114",9.6010236707561e-06,2,NA,0.515873015873016,0.515873015873016,FALSE
"Zotu5079",1.19900157393792e-05,2,NA,0.515873015873016,0.515873015873016,FALSE
"Zotu1422",7.82592859818872e-05,5,NA,0.53968253968254,0.53968253968254,FALSE
"Zotu6120",8.64216084741432e-06,3,NA,0.523809523809524,0.523809523809524,FALSE
"Zotu4722",1.90644409320914e-05,2,NA,0.515873015873016,0.515873015873016,FALSE
"Zotu5219",1.66574282336486e-05,3,NA,0.523809523809524,0.523809523809524,FALSE
"Zotu4573",2.67875022752542e-05,8,NA,0.563492063492063,0.563492063492063,FALSE
"Zotu2714",4.34434527438868e-05,4,NA,0.531746031746032,0.531746031746032,FALSE
"Zotu5133",1.68595679384497e-05,6,NA,0.547619047619048,0.547619047619048,FALSE
"Zotu2906",4.5082689439739e-05,5,NA,0.53968253968254,0.53968253968254,FALSE
"Zotu2075",4.77984296292802e-05,9,NA,0.571428571428571,0.571428571428571,FALSE
"Zotu3952",2.72477047001029e-05,6,NA,0.547619047619048,0.547619047619048,FALSE
"Zotu4350",3.9356662071487e-05,3,NA,0.523809523809524,0.523809523809524,FALSE
"Zotu4474",2.30396270206054e-05,3,NA,0.523809523809524,0.523809523809524,FALSE
"Zotu4950",2.25112823133554e-05,6,NA,0.547619047619048,0.547619047619048,FALSE
"Zotu2877",4.21812003969437e-05,7,NA,0.555555555555556,0.555555555555556,FALSE
"Zotu3606",2.88240707496619e-05,5,NA,0.53968253968254,0.53968253968254,FALSE
"Zotu5556",1.52333545546052e-05,6,NA,0.547619047619048,0.547619047619048,FALSE
"Zotu3888",2.88732449820402e-05,4,NA,0.0317460317460317,0.0317460317460317,TRUE
"Zotu3474",2.59546341351882e-05,4,NA,0.531746031746032,0.531746031746032,FALSE
"Zotu4492",1.78645848902623e-05,5,NA,0.53968253968254,0.53968253968254,FALSE
"Zotu4358",1.61872320364078e-05,7,NA,0.555555555555556,0.555555555555556,FALSE
"Zotu6051",9.75073130437473e-06,9,NA,0.571428571428571,0.571428571428571,FALSE
"Zotu3677",2.29354032455744e-05,4,NA,0.531746031746032,0.531746031746032,FALSE
"Zotu585",0.000276151880854092,3,NA,0.0238095238095238,0.0238095238095238,TRUE
"Zotu4393",4.0662885129074e-05,6,NA,0.547619047619048,0.547619047619048,FALSE
"Zotu6035",2.04743604094362e-05,5,NA,0.53968253968254,0.53968253968254,FALSE
"Zotu4776",2.1709477566881e-05,3,NA,0.523809523809524,0.523809523809524,FALSE
"Zotu4467",2.17603623424944e-05,3,NA,0.523809523809524,0.523809523809524,FALSE
"Zotu3966",6.2060899420528e-05,6,NA,0.547619047619048,0.547619047619048,FALSE
"Zotu4838",1.83334466581498e-05,3,NA,0.523809523809524,0.523809523809524,FALSE
"Zotu4253",1.881974042008e-05,4,NA,0.531746031746032,0.531746031746032,FALSE
"Zotu4425",2.04659685703062e-05,4,NA,0.531746031746032,0.531746031746032,FALSE
"Zotu6197",1.74083777104273e-05,2,NA,0.0158730158730159,0.0158730158730159,TRUE
"Zotu5871",2.0851252378346e-05,1,NA,NA,NA,FALSE
"Zotu1231",7.58310174710223e-05,8,NA,0.563492063492063,0.563492063492063,FALSE
"Zotu4314",2.00948114782059e-05,3,NA,0.523809523809524,0.523809523809524,FALSE
"Zotu5246",7.97373998070787e-06,6,NA,0.547619047619048,0.547619047619048,FALSE
"Zotu5573",1.22149986967776e-05,6,NA,0.547619047619048,0.547619047619048,FALSE
"Zotu5720",1.18301675968782e-05,3,NA,0.523809523809524,0.523809523809524,FALSE
"Zotu4543",3.17991900410375e-05,6,NA,0.547619047619048,0.547619047619048,FALSE
"Zotu4586",1.01713067685967e-05,2,NA,0.515873015873016,0.515873015873016,FALSE
"Zotu6245",9.40893845481728e-06,3,NA,0.523809523809524,0.523809523809524,FALSE
"Zotu5964",1.06616162918353e-05,4,NA,0.531746031746032,0.531746031746032,FALSE
"Zotu5883",2.04953344529671e-05,3,NA,0.0238095238095238,0.0238095238095238,TRUE
"Zotu4202",1.67528739749855e-05,6,NA,0.547619047619048,0.547619047619048,FALSE
"Zotu5895",1.31329291192054e-05,5,NA,0.53968253968254,0.53968253968254,FALSE
"Zotu6267",8.43030275109872e-06,3,NA,0.523809523809524,0.523809523809524,FALSE
"Zotu5850",2.62750740372324e-05,6,NA,0.547619047619048,0.547619047619048,FALSE
"Zotu6216",1.38218374457902e-05,2,NA,0.515873015873016,0.515873015873016,FALSE
"Zotu3536",2.64252790353488e-05,7,NA,0.0555555555555555,0.0555555555555555,TRUE
"Zotu1609",6.14917756730404e-05,4,NA,0.531746031746032,0.531746031746032,FALSE
"Zotu5614",1.34458086751077e-05,6,NA,0.547619047619048,0.547619047619048,FALSE
"Zotu5284",1.28166996010326e-05,4,NA,0.531746031746032,0.531746031746032,FALSE
"Zotu5916",2.01979214413779e-05,2,NA,0.515873015873016,0.515873015873016,FALSE
"Zotu5100",2.39731480075967e-05,5,NA,0.53968253968254,0.53968253968254,FALSE
"Zotu5741",1.25328706677079e-05,3,NA,0.523809523809524,0.523809523809524,FALSE
"Zotu5006",1.25695851308929e-05,6,NA,0.547619047619048,0.547619047619048,FALSE
"Zotu2593",4.76017707984188e-05,8,NA,0.563492063492063,0.563492063492063,FALSE
"Zotu3667",2.58795984356426e-05,2,NA,0.515873015873016,0.515873015873016,FALSE
"Zotu4280",1.9161630750585e-05,1,NA,NA,NA,FALSE
"Zotu5658",9.58081537529251e-06,1,NA,NA,NA,FALSE
"Zotu5570",1.43904562731111e-05,2,NA,0.515873015873016,0.515873015873016,FALSE
"Zotu6169",7.32612818895326e-06,2,NA,0.515873015873016,0.515873015873016,FALSE
"Zotu5653",1.6887517575563e-05,7,NA,0.555555555555556,0.555555555555556,FALSE
"Zotu4864",1.37126177091399e-05,3,NA,0.523809523809524,0.523809523809524,FALSE
"Zotu3509",2.30152808796668e-05,7,NA,0.555555555555556,0.555555555555556,FALSE
"Zotu5137",2.79840074232674e-05,11,NA,0.587301587301587,0.587301587301587,FALSE
"Zotu5998",5.28049430766623e-06,3,NA,0.523809523809524,0.523809523809524,FALSE
"Zotu1940",5.44209645233419e-05,8,NA,0.563492063492063,0.563492063492063,FALSE
"Zotu2487",5.96625943212071e-05,7,NA,0.0555555555555555,0.0555555555555555,TRUE
"Zotu2938",2.54701402689383e-05,6,NA,0.547619047619048,0.547619047619048,FALSE
"Zotu3656",2.87899509324734e-05,6,NA,0.547619047619048,0.547619047619048,FALSE
"Zotu6144",1.71471673141407e-05,3,NA,0.523809523809524,0.523809523809524,FALSE
"Zotu6249",1.32213919959004e-05,3,NA,0.523809523809524,0.523809523809524,FALSE
"Zotu3426",2.00684351538481e-05,4,NA,0.531746031746032,0.531746031746032,FALSE
"Zotu5067",1.3353095915288e-05,1,NA,NA,NA,FALSE
"Zotu3894",2.86381397416949e-05,2,NA,0.515873015873016,0.515873015873016,FALSE
"Zotu5236",1.14455107845325e-05,1,NA,NA,NA,FALSE
"Zotu5713",1.19773012321438e-05,5,NA,0.53968253968254,0.53968253968254,FALSE
"Zotu2660",4.01889030414124e-05,7,NA,0.555555555555556,0.555555555555556,FALSE
"Zotu6359",1.47475457651241e-05,4,NA,0.531746031746032,0.531746031746032,FALSE
"Zotu4828",1.17576602748826e-05,2,NA,0.515873015873016,0.515873015873016,FALSE
"Zotu4788",2.35016551468322e-05,4,NA,0.531746031746032,0.531746031746032,FALSE
"Zotu3876",3.20502701311574e-05,1,NA,NA,NA,FALSE
"Zotu4445",2.10479385935959e-05,1,NA,NA,NA,FALSE
"Zotu5141",2.29577394311784e-05,2,NA,0.515873015873016,0.515873015873016,FALSE
"Zotu2643",2.41426830806813e-05,4,NA,0.0317460317460317,0.0317460317460317,TRUE
"Zotu5452",6.21870912992606e-06,1,NA,NA,NA,FALSE
"Zotu5548",7.17543361145314e-06,1,NA,NA,NA,FALSE
"Zotu4237",2.37578201050564e-05,4,NA,0.531746031746032,0.531746031746032,FALSE
"Zotu5558",9.81225167740436e-06,2,NA,0.515873015873016,0.515873015873016,FALSE
"Zotu5508",1.28672738006584e-05,5,NA,0.0396825396825397,0.0396825396825397,TRUE
"Zotu2432",6.39423440606489e-05,2,NA,0.515873015873016,0.515873015873016,FALSE
"Zotu4226",2.15276913233799e-05,3,NA,0.523809523809524,0.523809523809524,FALSE
"Zotu3458",2.29325986838987e-05,2,NA,0.515873015873016,0.515873015873016,FALSE
"Zotu6324",9.20803392546563e-06,5,NA,0.53968253968254,0.53968253968254,FALSE
"Zotu4397",1.37122704084372e-05,3,NA,0.523809523809524,0.523809523809524,FALSE
"Zotu6282",1.9092124810014e-05,3,NA,0.523809523809524,0.523809523809524,FALSE
"Zotu3499",2.70159185641543e-05,2,NA,0.515873015873016,0.515873015873016,FALSE
"Zotu3582",4.86359483682926e-05,5,NA,0.53968253968254,0.53968253968254,FALSE
"Zotu4725",2.08076086812595e-05,7,NA,0.555555555555556,0.555555555555556,FALSE
"Zotu5302",1.42208990904001e-05,3,NA,0.523809523809524,0.523809523809524,FALSE
"Zotu6160",1.38123732744588e-05,3,NA,0.523809523809524,0.523809523809524,FALSE
"Zotu6092",6.64599761408686e-06,1,NA,NA,NA,FALSE
"Zotu4627",1.33085384516524e-05,2,NA,0.515873015873016,0.515873015873016,FALSE
"Zotu5240",1.32961918017852e-05,2,NA,0.515873015873016,0.515873015873016,FALSE
"Zotu5823",7.59542584467069e-06,1,NA,NA,NA,FALSE
"Zotu5444",1.42414234587575e-05,1,NA,NA,NA,FALSE
"Zotu5280",1.08367492792525e-05,4,NA,0.531746031746032,0.531746031746032,FALSE
"Zotu3993",1.85267100880595e-05,3,NA,0.523809523809524,0.523809523809524,FALSE
"Zotu4030",1.77405036798487e-05,2,NA,0.515873015873016,0.515873015873016,FALSE
"Zotu4946",7.80946436942687e-06,4,NA,0.531746031746032,0.531746031746032,FALSE
"Zotu1556",7.52931355617047e-05,2,NA,0.515873015873016,0.515873015873016,FALSE
"Zotu5841",2.54141879307628e-05,2,NA,0.515873015873016,0.515873015873016,FALSE
"Zotu5386",1.90938112519135e-05,3,NA,0.523809523809524,0.523809523809524,FALSE
"Zotu5711",1.92014102502787e-05,6,NA,0.547619047619048,0.547619047619048,FALSE
"Zotu4761",2.34666237562689e-05,1,NA,NA,NA,FALSE
"Zotu4982",1.01070896728995e-05,2,NA,0.515873015873016,0.515873015873016,FALSE
"Zotu3034",2.74682171106473e-05,3,NA,0.523809523809524,0.523809523809524,FALSE
"Zotu4682",1.73728001690785e-05,2,NA,0.515873015873016,0.515873015873016,FALSE
"Zotu4224",1.95529399308575e-05,2,NA,0.515873015873016,0.515873015873016,FALSE
"Zotu6174",1.27406106804184e-05,2,NA,0.515873015873016,0.515873015873016,FALSE
"Zotu5475",1.22761034595635e-05,3,NA,0.523809523809524,0.523809523809524,FALSE
"Zotu4960",1.84097960941515e-05,4,NA,0.531746031746032,0.531746031746032,FALSE
"Zotu6393",1.36716407114125e-05,2,NA,0.515873015873016,0.515873015873016,FALSE
"Zotu4384",1.29398077255904e-05,4,NA,0.0317460317460317,0.0317460317460317,TRUE
"Zotu5473",2.03236934621667e-05,4,NA,0.531746031746032,0.531746031746032,FALSE
"Zotu4592",2.02880957691369e-05,5,NA,0.53968253968254,0.53968253968254,FALSE
"Zotu1653",8.34809800197163e-05,6,NA,0.547619047619048,0.547619047619048,FALSE
"Zotu5487",6.32164750257518e-06,2,NA,0.515873015873016,0.515873015873016,FALSE
"Zotu5896",9.32669797282769e-06,2,NA,0.515873015873016,0.515873015873016,FALSE
"Zotu2989",3.42397591714065e-05,5,NA,0.0396825396825397,0.0396825396825397,TRUE
"Zotu6276",1.05909968823956e-05,1,NA,NA,NA,FALSE
"Zotu3487",2.21255593803682e-05,3,NA,0.523809523809524,0.523809523809524,FALSE
"Zotu6083",8.81112487219839e-06,4,NA,0.531746031746032,0.531746031746032,FALSE
"Zotu1956",6.46477939323447e-05,5,NA,0.53968253968254,0.53968253968254,FALSE
"Zotu5359",2.04876961818863e-05,4,NA,0.531746031746032,0.531746031746032,FALSE
"Zotu6246",1.14728298805235e-05,5,NA,0.53968253968254,0.53968253968254,FALSE
"Zotu6380",1.01441191311892e-05,2,NA,0.515873015873016,0.515873015873016,FALSE
"Zotu4885",2.80004364900275e-05,2,NA,0.515873015873016,0.515873015873016,FALSE
"Zotu4399",1.0753204533756e-05,2,NA,0.515873015873016,0.515873015873016,FALSE
"Zotu6212",1.4015220529495e-05,1,NA,NA,NA,FALSE
"Zotu6223",1.4015220529495e-05,1,NA,NA,NA,FALSE
"Zotu6241",5.19082241833149e-06,1,NA,NA,NA,FALSE
"Zotu4115",2.02442074314928e-05,1,NA,NA,NA,FALSE
"Zotu5993",1.26470057872409e-05,2,NA,0.515873015873016,0.515873015873016,FALSE
"Zotu4944",1.28563557819504e-05,2,NA,0.515873015873016,0.515873015873016,FALSE
"Zotu5879",6.74806914383094e-06,1,NA,NA,NA,FALSE
"Zotu5292",1.47521150406759e-05,3,NA,0.523809523809524,0.523809523809524,FALSE
"Zotu5376",1.26685998159175e-05,2,NA,0.515873015873016,0.515873015873016,FALSE
"Zotu5553",1.14198093203293e-05,1,NA,NA,NA,FALSE
"Zotu5524",9.32384037175108e-06,3,NA,0.523809523809524,0.523809523809524,FALSE
"Zotu6179",1.31325033086603e-05,2,NA,0.515873015873016,0.515873015873016,FALSE
"Zotu5328",1.91823149962214e-05,2,NA,0.515873015873016,0.515873015873016,FALSE
"Zotu6027",6.55931055559728e-06,2,NA,0.515873015873016,0.515873015873016,FALSE
"Zotu5258",1.68321213517802e-05,3,NA,0.523809523809524,0.523809523809524,FALSE
"Zotu6077",8.3309138673321e-06,2,NA,0.515873015873016,0.515873015873016,FALSE
"Zotu5383",1.58530396032305e-05,2,NA,0.515873015873016,0.515873015873016,FALSE
"Zotu6170",1.04510960548028e-05,3,NA,0.0238095238095238,0.0238095238095238,TRUE
"Zotu2348",3.5702670119555e-05,1,NA,NA,NA,FALSE
"Zotu4126",2.49429613164015e-05,1,NA,NA,NA,FALSE
"Zotu5290",1.95631069148247e-05,1,NA,NA,NA,FALSE
"Zotu5502",1.56504855318597e-05,1,NA,NA,NA,FALSE
"Zotu5698",6.84708742018864e-06,1,NA,NA,NA,FALSE
"Zotu4554",1.29493421734176e-05,1,NA,NA,NA,FALSE
"Zotu5184",2.1582236955696e-05,1,NA,NA,NA,FALSE
"Zotu4824",1.76568479877815e-05,1,NA,NA,NA,FALSE
"Zotu3544",2.94377365341901e-05,2,NA,0.515873015873016,0.515873015873016,FALSE
"Zotu5337",2.05983830269324e-05,1,NA,NA,NA,FALSE
"Zotu6358",7.847003057879e-06,1,NA,NA,NA,FALSE
"Zotu5859",8.33744074899644e-06,1,NA,NA,NA,FALSE
"Zotu4768",2.01238513235202e-05,3,NA,0.523809523809524,0.523809523809524,FALSE
"Zotu1208",0.000375482807290482,1,NA,NA,NA,FALSE
"Zotu2836",4.70882347905002e-05,1,NA,NA,NA,FALSE
"Zotu2864",3.73036665223443e-05,1,NA,NA,NA,FALSE
"Zotu3256",3.54690599720651e-05,1,NA,NA,NA,FALSE
"Zotu5277",1.71229944692728e-05,1,NA,NA,NA,FALSE
