ANATOMY,"Interdune, Depth","Interdune, Depth","Interdune, Depth","Interdune, Depth","Interdune, Depth","Interdune, Depth","Interdune, Depth","Interdune, Depth",nan,nan,nan,nan,nan,nan,nan
Zotu,IX.10CM.A,IX.20CM.B,IX.30CM.A,IX.40CM.A,IX.50CM.A,IX.60CM.A,IX.70CM.A,IX.80CM.A,Domain,Phylum,Class,Order,Family,Genus,Species
Zotu1,121,75,336,700,105,239,223,188,bacteria,bacteroidota,chitinophagia,chitinophagales,chitinophagaceae,sediminibacterium,sediminibacterium salmoneum
Zotu2,54,55,95,77,79,134,316,235,bacteria,pseudomonadota,betaproteobacteria,burkholderiales,burkholderiaceae,burkholderia,burkholderia thailandensis
Zotu3,95,96,196,1122,247,90,160,159,bacteria,pseudomonadota,alphaproteobacteria,caulobacterales,caulobacteraceae,phenylobacterium,phenylobacterium deserti
Zotu4,36,32,28,41,40,41,126,813,bacteria,pseudomonadota,betaproteobacteria,burkholderiales,oxalobacteraceae,massilia,massilia agri
Zotu5,25,27,46,21,34,44,106,187,bacteria,pseudomonadota,betaproteobacteria,burkholderiales,sphaerotilaceae,caldimonas,caldimonas caldifontis
Zotu6,18,11,14,8,48,33,60,26,bacteria,pseudomonadota,alphaproteobacteria,hyphomicrobiales,xanthobacteraceae,pseudolabrys,pseudolabrys taiwanensis
Zotu7,9,12,14,11,10,17,15,197,bacteria,actinomycetota,actinomycetes,micrococcales,micrococcaceae,arthrobacter,arthrobacter globiformis
Zotu8,25,16,10,14,24,21,29,361,bacteria,actinomycetota,actinomycetes,geodermatophilales,geodermatophilaceae,modestobacter,modestobacter marinus
Zotu9,5,11,6,5,7,10,12,31,bacteria,bacillota,bacilli,bacillales,bacillaceae,domibacillus,domibacillus antri
Zotu10,10,11,12,10,10,14,15,55,bacteria,pseudomonadota,betaproteobacteria,burkholderiales,oxalobacteraceae,herbaspirillum,herbaspirillum rhizosphaerae
Zotu11,32,19,83,30,50,261,68,39,bacteria,actinomycetota,thermoleophilia,solirubrobacterales,conexibacteraceae,conexibacter,conexibacter stalactiti
Zotu12,9,4,12,7,3,12,13,218,bacteria,bacteroidota,chitinophagia,chitinophagales,chitinophagaceae,flavisolibacter,flavisolibacter ginsengiterrae
Zotu13,8,9,8,12,14,16,17,293,bacteria,bacteroidota,chitinophagia,chitinophagales,chitinophagaceae,flavisolibacter,flavisolibacter metallilatus
Zotu14,0,0,0,0,0,0,0,0,bacteria,actinomycetota,acidimicrobiia,acidimicrobiales,acidimicrobiaceae,aciditerrimonas,aciditerrimonas ferrireducens
Zotu15,0,4,2,4,5,2,4,24,bacteria,actinomycetota,actinomycetes,micrococcales,micrococcaceae,arthrobacter,arthrobacter parietis
Zotu16,13,11,13,8,12,14,84,870,bacteria,pseudomonadota,alphaproteobacteria,hyphomicrobiales,methylobacteriaceae,microvirga,microvirga roseola
Zotu17,23,12,53,19,21,12,122,30,bacteria,chloroflexota,chloroflexia,kallotenuales,kallotenuaceae,kallotenue,kallotenue papyrolyticum
Zotu18,16,10,15,9,15,13,11,22,bacteria,actinomycetota,actinomycetes,micrococcales,micrococcaceae,arthrobacter,arthrobacter halodurans
Zotu19,24,24,73,63,140,513,269,34,bacteria,actinomycetota,thermoleophilia,solirubrobacterales,conexibacteraceae,conexibacter,conexibacter stalactiti
Zotu20,20,15,25,13,16,34,25,38,bacteria,actinomycetota,actinomycetes,kitasatosporales,streptomycetaceae,streptomyces,streptomyces baliensis
Zotu21,301,98,61,170,31,13,36,60,bacteria,bacillota,bacilli,bacillales,paenibacillaceae,ammoniphilus,ammoniphilus oxalaticus
Zotu22,19,17,8,13,17,13,13,18,bacteria,pseudomonadota,gammaproteobacteria,nevskiales,nevskiaceae,panacagrimonas,panacagrimonas perspica
Zotu23,10,3,11,4,4,7,7,13,bacteria,bacteroidota,chitinophagia,chitinophagales,chitinophagaceae,segetibacter,segetibacter aerophilus
Zotu24,11,6,55,561,97,12,83,58,bacteria,pseudomonadota,betaproteobacteria,burkholderiales,burkholderiaceae,ralstonia,ralstonia syzygii
Zotu25,8,143,1030,74,9,27,37,7,bacteria,actinomycetota,nitriliruptoria,egibacterales,egibacteraceae,egibacter,egibacter rhizosphaerae
Zotu26,6,6,4,162,14,38,34,6,bacteria,pseudomonadota,alphaproteobacteria,hyphomicrobiales,reyranellaceae,reyranella,reyranella massiliensis
Zotu27,8,10,5,7,10,15,10,26,bacteria,pseudomonadota,betaproteobacteria,burkholderiales,sphaerotilaceae,caldimonas,caldimonas caldifontis
Zotu28,45,62,251,219,97,322,32,6,bacteria,acidobacteriota,blastocatellia,blastocatellales,pyrinomonadaceae,pyrinomonas,pyrinomonas methylaliphatogenes
Zotu29,6,10,8,18,10,11,10,80,bacteria,actinomycetota,actinomycetes,geodermatophilales,geodermatophilaceae,modestobacter,modestobacter marinus
Zotu30,11,3,3,5,11,13,96,176,bacteria,pseudomonadota,betaproteobacteria,burkholderiales,oxalobacteraceae,massilia,massilia varians
Zotu31,4,2,3,4,7,10,5,8,bacteria,pseudomonadota,betaproteobacteria,burkholderiales,oxalobacteraceae,noviherbaspirillum,noviherbaspirillum autotrophicum
Zotu32,4,11,42,206,209,309,779,448,bacteria,bacteroidota,chitinophagia,chitinophagales,chitinophagaceae,flavisolibacter,flavisolibacter metallilatus
Zotu33,10,11,13,9,9,24,35,79,bacteria,bacillota,bacilli,bacillales,bacillaceae,domibacillus,domibacillus antri
Zotu34,6,3,7,7,10,10,8,53,bacteria,pseudomonadota,betaproteobacteria,burkholderiales,oxalobacteraceae,noviherbaspirillum,noviherbaspirillum autotrophicum
Zotu35,0,0,0,0,0,0,0,0,bacteria,bacteroidota,cytophagia,cytophagales,hymenobacteraceae,adhaeribacter,adhaeribacter arboris
Zotu36,13,15,9,8,20,20,19,14,bacteria,actinomycetota,actinomycetes,propionibacteriales,propionibacteriaceae,cutibacterium,cutibacterium acnes
Zotu37,8,2,3,6,2,13,21,8,bacteria,actinomycetota,acidimicrobiia,acidimicrobiales,acidimicrobiaceae,aciditerrimonas,aciditerrimonas ferrireducens
Zotu38,269,30,62,8,44,23,51,80,bacteria,bacillota,bacilli,bacillales,bacillaceae,priestia,priestia koreensis
Zotu39,4,7,17,2,12,7,13,13,bacteria,pseudomonadota,gammaproteobacteria,oceanospirillales,halomonadaceae,halomonas,halomonas stevensii
Zotu40,12,2,5,303,47,6,38,7,bacteria,pseudomonadota,alphaproteobacteria,hyphomicrobiales,phreatobacteraceae,phreatobacter,phreatobacter stygius
Zotu41,8,3,13,15,89,206,48,18,bacteria,actinomycetota,thermoleophilia,solirubrobacterales,baekduiaceae,baekduia,baekduia soli
Zotu42,2,4,18,7,7,32,8,8,bacteria,actinomycetota,acidimicrobiia,acidimicrobiales,acidimicrobiaceae,acidiferrimicrobium,acidiferrimicrobium australe
Zotu43,0,0,0,0,0,0,0,0,bacteria,pseudomonadota,alphaproteobacteria,sphingomonadales,sphingosinicellaceae,sphingosinicella,sphingosinicella humi
Zotu44,0,1,0,2,0,0,3,9,bacteria,pseudomonadota,alphaproteobacteria,sphingomonadales,erythrobacteraceae,croceibacterium,croceibacterium soli
Zotu45,10,6,7,6,6,4,27,291,bacteria,pseudomonadota,alphaproteobacteria,hyphomicrobiales,methylobacteriaceae,microvirga,microvirga aerilata
Zotu46,358,43,29,161,11,13,16,97,bacteria,bacillota,bacilli,bacillales,bacillaceae,priestia,priestia koreensis
Zotu47,8,9,11,11,11,12,11,14,bacteria,actinomycetota,actinomycetes,micromonosporales,micromonosporaceae,actinoplanes,actinoplanes rhizophilus
Zotu48,12,4,9,8,6,14,28,56,bacteria,pseudomonadota,betaproteobacteria,burkholderiales,comamonadaceae,caenimonas,caenimonas soli
Zotu49,7,5,6,6,7,8,5,24,bacteria,bacteroidota,chitinophagia,chitinophagales,chitinophagaceae,flavisolibacter,flavisolibacter metallilatus
Zotu50,5,0,5,4,4,3,3,75,bacteria,deinococcota,deinococci,deinococcales,deinococcaceae,deinococcus,deinococcus deserti
Zotu51,9,13,1,77,2,0,1,1,bacteria,pseudomonadota,alphaproteobacteria,hyphomicrobiales,kaistiaceae,kaistia,kaistia granuli
Zotu52,5,6,6,4,3,24,54,12,bacteria,actinomycetota,actinomycetes,propionibacteriales,nocardioidaceae,nocardioides,nocardioides pakistanensis
Zotu53,6,9,10,5,11,8,9,12,bacteria,actinomycetota,actinomycetes,kitasatosporales,streptomycetaceae,streptomyces,streptomyces roseolilacinus
Zotu54,3,5,5,4,2,7,9,9,bacteria,pseudomonadota,alphaproteobacteria,hyphomicrobiales,phyllobacteriaceae,phyllobacterium,phyllobacterium myrsinacearum
Zotu55,12,12,43,3,15,13,17,13,bacteria,pseudomonadota,alphaproteobacteria,hyphomicrobiales,boseaceae,bosea,bosea massiliensis
Zotu56,4,4,52,3,54,116,41,80,bacteria,pseudomonadota,alphaproteobacteria,hyphomicrobiales,methylobacteriaceae,microvirga,microvirga roseola
Zotu57,18,30,220,289,237,624,433,31,bacteria,actinomycetota,actinomycetes,nakamurellales,nakamurellaceae,nakamurella,nakamurella antarctica
Zotu58,6,3,2,6,5,5,11,214,bacteria,pseudomonadota,betaproteobacteria,burkholderiales,oxalobacteraceae,herbaspirillum,herbaspirillum rhizosphaerae
Zotu59,2,3,2,1,15,8,4,21,bacteria,pseudomonadota,betaproteobacteria,burkholderiales,comamonadaceae,ramlibacter,ramlibacter algicola
Zotu60,1232,38,7,2,54,0,5,1,archaea,methanobacteriota,thermoplasmata,methanomassiliicoccales,candidatus methanomethylophilaceae,candidatus methanomethylophilus,candidatus methanomethylophilus alvus
Zotu61,0,1,2,1,0,0,0,2,bacteria,bacillota,clostridia,eubacteriales,symbiobacteriaceae,symbiobacterium,symbiobacterium terraclitae
Zotu62,0,0,0,0,0,0,0,0,bacteria,actinomycetota,actinomycetes,propionibacteriales,nocardioidaceae,nocardioides,nocardioides jensenii
Zotu63,6,2,10,6,4,3,3,6,bacteria,actinomycetota,actinomycetes,pseudonocardiales,pseudonocardiaceae,pseudonocardia,pseudonocardia adelaidensis
Zotu64,5,1,10,9,5,6,6,7,bacteria,actinomycetota,actinomycetes,propionibacteriales,nocardioidaceae,nocardioides,nocardioides szechwanensis
Zotu65,3,2,3,2,0,1,0,0,bacteria,planctomycetota,planctomycetia,pirellulales,pirellulaceae,aureliella,aureliella helgolandensis
Zotu66,0,1,3,2,1,2,2,6,bacteria,bacteroidota,cytophagia,cytophagales,hymenobacteraceae,adhaeribacter,adhaeribacter aquaticus
Zotu67,6,34,356,400,67,24,9,5,bacteria,actinomycetota,actinomycetia,streptosporangiales,streptosporangiaceae,thermobispora,thermobispora bispora
Zotu68,1,2,1,4,0,1,3,26,bacteria,pseudomonadota,betaproteobacteria,burkholderiales,oxalobacteraceae,oxalicibacterium,oxalicibacterium horti
Zotu69,1,0,2,6,1,2,2,91,bacteria,pseudomonadota,alphaproteobacteria,rhodobacterales,roseobacteraceae,rubellimicrobium,rubellimicrobium rubrum
Zotu70,5,2,4,0,3,4,2,12,bacteria,actinomycetota,actinomycetes,micrococcales,microbacteriaceae,microbacterium,microbacterium proteolyticum
Zotu71,0,0,3,3,1,36,76,187,bacteria,pseudomonadota,betaproteobacteria,rhodocyclales,zoogloeaceae,pseudothauera,pseudothauera nasutitermitis
Zotu72,11,10,16,12,7,165,25,17,bacteria,actinomycetota,thermoleophilia,solirubrobacterales,conexibacteraceae,conexibacter,conexibacter stalactiti
Zotu73,5,4,4,3,4,4,13,272,bacteria,pseudomonadota,betaproteobacteria,burkholderiales,oxalobacteraceae,massilia,massilia atriviolacea
Zotu74,10,8,9,3,31,12,13,27,bacteria,actinomycetota,actinomycetes,geodermatophilales,geodermatophilaceae,blastococcus,blastococcus colisei
Zotu75,3,6,7,4,6,9,41,146,bacteria,pseudomonadota,betaproteobacteria,burkholderiales,oxalobacteraceae,massilia,massilia consociata
Zotu76,11,10,9,6,12,12,11,12,bacteria,actinomycetota,acidimicrobiia,acidimicrobiales,acidimicrobiaceae,acidiferrimicrobium,acidiferrimicrobium australe
Zotu77,4,0,1,5,3,4,9,70,bacteria,actinomycetota,actinomycetes,geodermatophilales,geodermatophilaceae,modestobacter,modestobacter marinus
Zotu78,1,1,3,5,2,5,6,96,bacteria,pseudomonadota,alphaproteobacteria,hyphomicrobiales,methylobacteriaceae,microvirga,microvirga vignae
Zotu79,7,8,4,4,5,2,6,10,bacteria,acidobacteriota,blastocatellia,blastocatellales,pyrinomonadaceae,pyrinomonas,pyrinomonas methylaliphatogenes
Zotu80,83,84,163,3,181,250,1,3,archaea,nitrososphaerota,nitrososphaeria,nitrososphaerales,nitrososphaeraceae,nitrososphaera,candidatus nitrososphaera gargensis
Zotu81,1,1,0,0,2,1,22,38,bacteria,pseudomonadota,betaproteobacteria,burkholderiales,oxalobacteraceae,herbaspirillum,herbaspirillum rhizosphaerae
Zotu82,3,1,3,2,3,0,2,5,bacteria,actinomycetota,actinomycetes,micrococcales,micrococcaceae,arthrobacter,arthrobacter agilis
Zotu83,3,8,3,8,2,12,43,50,bacteria,pseudomonadota,betaproteobacteria,burkholderiales,comamonadaceae,ramlibacter,ramlibacter monticola
Zotu84,543,1630,686,92,15,2,11,3,archaea,methanobacteriota,thermoplasmata,methanomassiliicoccales,candidatus methanomethylophilaceae,candidatus methanomethylophilus,candidatus methanomethylophilus alvus
Zotu85,4,4,4,278,3,15,11,4,bacteria,pseudomonadota,alphaproteobacteria,hyphomicrobiales,xanthobacteraceae,labrys,labrys wisconsinensis
Zotu86,16,5,13,12,18,9,10,24,bacteria,actinomycetota,actinomycetes,micrococcales,micrococcaceae,kocuria,kocuria rhizophila
Zotu87,5,8,16,3,98,370,91,11,bacteria,actinomycetota,acidimicrobiia,acidimicrobiales,iamiaceae,actinomarinicola,actinomarinicola tropica
Zotu88,5,4,10,164,20,71,29,19,bacteria,chloroflexota,thermomicrobia,sphaerobacterales,sphaerobacteraceae,sphaerobacter,sphaerobacter thermophilus
Zotu89,3,7,4,6,5,8,7,5,bacteria,actinomycetota,thermoleophilia,solirubrobacterales,conexibacteraceae,conexibacter,conexibacter stalactiti
Zotu90,0,6,2,1,1,3,6,10,bacteria,pseudomonadota,betaproteobacteria,burkholderiales,sphaerotilaceae,caldimonas,caldimonas caldifontis
Zotu91,1,2,3,2,1,2,1,26,bacteria,bacteroidota,cytophagia,cytophagales,hymenobacteraceae,nibribacter,nibribacter koreensis
Zotu92,3,1,18,42,1,4,5,1,bacteria,pseudomonadota,betaproteobacteria,burkholderiales,sphaerotilaceae,roseateles,pelomonas aquatica
Zotu93,4,5,1,2,2,1,15,103,bacteria,pseudomonadota,betaproteobacteria,burkholderiales,burkholderiales,aquabacterium,aquabacterium limnoticum
Zotu94,4,3,3,193,3,1,6,18,bacteria,bacteroidota,cytophagia,cytophagales,hymenobacteraceae,adhaeribacter,adhaeribacter aquaticus
Zotu95,4,9,81,10,6,52,21,10,bacteria,actinomycetota,acidimicrobiia,acidimicrobiales,acidimicrobiaceae,aciditerrimonas,aciditerrimonas ferrireducens
Zotu96,133,802,472,404,61,586,184,21,bacteria,acidobacteriota,blastocatellia,blastocatellales,pyrinomonadaceae,pyrinomonas,pyrinomonas methylaliphatogenes
Zotu97,168,315,3,4,1126,0,6,1,archaea,methanobacteriota,thermoplasmata,methanomassiliicoccales,methanomassiliicoccaceae,methanomassiliicoccus,candidatus methanomassiliicoccus intestinalis
Zotu98,3,3,2,2,3,3,3,2,archaea,nitrososphaerota,nitrososphaeria,nitrososphaerales,nitrososphaeraceae,candidatus nitrososphaera,candidatus nitrososphaera
Zotu99,16,9,0,3,4,10,3,45,bacteria,nitrospirota,nitrospiria,nitrospirales,nitrospiraceae,nitrospira,nitrospira moscoviensis
Zotu100,7,6,4,3,2,3,14,126,bacteria,pseudomonadota,gammaproteobacteria,xanthomonadales,xanthomonadaceae,lysobacter,lysobacter xinjiangensis
Zotu101,9,25,114,13,9,43,30,5,bacteria,actinomycetota,actinomycetes,frankiales,frankiaceae,protofrankia,protofrankia coriariae
Zotu102,12,21,78,0,41,98,15,7,bacteria,planctomycetota,planctomycetia,pirellulales,pirellulaceae,blastopirellula,blastopirellula marina
Zotu103,7,2,3,5,3,9,14,10,bacteria,pseudomonadota,gammaproteobacteria,moraxellales,moraxellaceae,moraxella,moraxella osloensis
Zotu104,40,8,2,0,6,1,13,4,bacteria,bacillota,bacilli,bacillales,bacillaceae,bacillus,bacillus funiculus
Zotu105,13,26,8,207,154,282,1125,161,bacteria,chloroflexota,chloroflexia,kallotenuales,kallotenuaceae,kallotenue,kallotenue papyrolyticum
Zotu106,0,0,0,0,0,0,0,0,bacteria,gemmatimonadota,gemmatimonadetes,gemmatimonadales,gemmatimonadaceae,roseisolibacter,roseisolibacter agri
Zotu107,4,62,99,272,799,127,7,1,archaea,methanobacteriota,thermoplasmata,methanomassiliicoccales,methanomassiliicoccaceae,methanomassiliicoccus,candidatus methanomassiliicoccus intestinalis
Zotu108,1,0,0,0,1,3,11,86,bacteria,pseudomonadota,betaproteobacteria,burkholderiales,oxalobacteraceae,noviherbaspirillum,noviherbaspirillum massiliense
Zotu109,0,0,0,0,0,0,0,0,bacteria,actinomycetota,actinomycetes,geodermatophilales,geodermatophilaceae,geodermatophilus,geodermatophilus chilensis
Zotu110,10,13,6,150,2,4,5,7,bacteria,pseudomonadota,alphaproteobacteria,hyphomicrobiales,nitrobacteraceae,bradyrhizobium,bradyrhizobium denitrificans
Zotu111,5,8,47,50,3,30,12,9,bacteria,actinomycetota,acidimicrobiia,acidimicrobiales,acidimicrobiaceae,aciditerrimonas,aciditerrimonas ferrireducens
Zotu112,8,3,11,3,7,9,3,10,bacteria,pseudomonadota,gammaproteobacteria,nevskiales,nevskiaceae,stagnimonas,stagnimonas aquatica
Zotu113,5,5,8,3,2,3,7,8,bacteria,actinomycetota,acidimicrobiia,acidimicrobiales,acidimicrobiaceae,aciditerrimonas,aciditerrimonas ferrireducens
Zotu114,4,2,2,3,5,7,3,55,bacteria,pseudomonadota,alphaproteobacteria,hyphomicrobiales,methylobacteriaceae,microvirga,microvirga aerilata
Zotu115,3,12,5,5,3,65,3,5,bacteria,actinomycetota,thermoleophilia,solirubrobacterales,conexibacteraceae,conexibacter,conexibacter stalactiti
Zotu116,2,0,1,0,0,0,2,111,bacteria,bacteroidota,chitinophagia,chitinophagales,chitinophagaceae,flavisolibacter,flavisolibacter galbus
Zotu117,2,2,3,3,5,3,6,34,bacteria,pseudomonadota,betaproteobacteria,burkholderiales,oxalobacteraceae,massilia,massilia timonae
Zotu118,2,6,2,6,3,2,4,10,bacteria,pseudomonadota,betaproteobacteria,burkholderiales,sphaerotilaceae,caldimonas,caldimonas caldifontis
Zotu119,4,5,9,2,14,174,344,54,bacteria,actinomycetota,acidimicrobiia,acidimicrobiales,iamiaceae,iamia,iamia majanohamensis
Zotu120,2,1,4,2,3,2,4,38,bacteria,pseudomonadota,gammaproteobacteria,pseudomonadales,pseudomonadaceae,pseudomonas,pseudomonas duriflava
Zotu121,1,0,0,2,19,0,13,27,bacteria,pseudomonadota,betaproteobacteria,rhodocyclales,zoogloeaceae,pseudothauera,pseudothauera nasutitermitis
Zotu122,2,2,4,6,0,107,127,34,bacteria,verrucomicrobiota,verrucomicrobiae,limisphaerales,fontisphaeraceae,fontisphaera,fontisphaera persica
Zotu123,354,98,7,135,26,58,4,7,bacteria,chloroflexota,anaerolineae,anaerolineales,anaerolineaceae,thermanaerothrix,thermanaerothrix daxensis
Zotu124,483,380,618,93,45,51,86,11,bacteria,acidobacteriota,blastocatellia,blastocatellales,pyrinomonadaceae,pyrinomonas,pyrinomonas methylaliphatogenes
Zotu125,2,2,4,5,7,5,5,172,bacteria,bacteroidota,chitinophagia,chitinophagales,chitinophagaceae,flavisolibacter,flavisolibacter metallilatus
Zotu126,4,17,44,5,0,34,49,65,bacteria,bacteroidota,chitinophagia,chitinophagales,chitinophagaceae,flavisolibacter,flavisolibacter ginsengiterrae
Zotu127,2,3,1,0,8,0,2,99,bacteria,pseudomonadota,alphaproteobacteria,hyphomicrobiales,devosiaceae,devosia,devosia submarina
Zotu128,2,7,5,3,168,176,29,9,bacteria,pseudomonadota,gammaproteobacteria,nevskiales,nevskiaceae,panacagrimonas,panacagrimonas perspica
Zotu129,4,8,60,209,31,59,35,4,bacteria,actinomycetota,acidimicrobiia,acidimicrobiales,acidimicrobiaceae,aciditerrimonas,aciditerrimonas ferrireducens
Zotu130,3,2,0,1,2,3,30,148,bacteria,pseudomonadota,betaproteobacteria,burkholderiales,oxalobacteraceae,massilia,massilia niastensis
Zotu131,3,2,4,4,6,6,8,68,bacteria,bacillota,bacilli,bacillales,bacillaceae,domibacillus,domibacillus tundrae
Zotu132,0,0,0,0,1,0,1,31,bacteria,pseudomonadota,betaproteobacteria,burkholderiales,oxalobacteraceae,herbaspirillum,herbaspirillum rhizosphaerae
Zotu133,4,5,0,4,2,3,5,48,bacteria,pseudomonadota,gammaproteobacteria,nevskiales,sinobacteraceae,solimonas,solimonas soli
Zotu134,4,23,71,46,1,84,39,3,bacteria,actinomycetota,acidimicrobiia,acidimicrobiales,acidimicrobiaceae,aciditerrimonas,aciditerrimonas ferrireducens
Zotu135,2,3,2,3,5,0,3,92,bacteria,bacteroidota,chitinophagia,chitinophagales,chitinophagaceae,flavisolibacter,flavisolibacter metallilatus
Zotu136,1,0,3,3,1,2,19,133,bacteria,pseudomonadota,betaproteobacteria,burkholderiales,oxalobacteraceae,massilia,massilia eurypsychrophila
Zotu137,0,2,1,0,1,1,3,53,bacteria,bacteroidota,chitinophagia,chitinophagales,chitinophagaceae,sediminibacterium,sediminibacterium salmoneum
Zotu138,1,2,3,0,0,5,22,102,bacteria,pseudomonadota,betaproteobacteria,burkholderiales,oxalobacteraceae,noviherbaspirillum,noviherbaspirillum autotrophicum
Zotu139,4,3,1,0,1,1,2,6,bacteria,pseudomonadota,alphaproteobacteria,rhodobacterales,roseobacteraceae,rubellimicrobium,rubellimicrobium roseum
Zotu140,29,55,45,146,7,325,19,7,bacteria,actinomycetota,thermoleophilia,solirubrobacterales,conexibacteraceae,conexibacter,conexibacter stalactiti
Zotu141,4,8,1,4,36,74,43,17,bacteria,gemmatimonadota,longimicrobiia,longimicrobiales,longimicrobiaceae,longimicrobium,longimicrobium terrae
Zotu142,0,1,1,1,0,0,0,6,bacteria,bacteroidota,chitinophagia,chitinophagales,chitinophagaceae,flavisolibacter,flavisolibacter galbus
Zotu143,0,0,0,0,0,0,0,0,bacteria,actinomycetota,thermoleophilia,solirubrobacterales,solirubrobacteraceae,solirubrobacter,solirubrobacter phytolaccae
Zotu144,6,4,2,2,3,19,4,2,bacteria,pseudomonadota,alphaproteobacteria,hyphomicrobiales,nitrobacteraceae,afipia,afipia broomeae
Zotu145,5,4,4,9,4,8,3,11,bacteria,actinomycetota,actinomycetes,propionibacteriales,nocardioidaceae,nocardioides,nocardioides mesophilus
Zotu146,1,0,1,0,1,2,1,0,bacteria,pseudomonadota,betaproteobacteria,burkholderiales,oxalobacteraceae,noviherbaspirillum,noviherbaspirillum agri
Zotu147,1,1,54,3,0,1,2,1,bacteria,bacteroidota,cytophagia,cytophagales,hymenobacteraceae,adhaeribacter,adhaeribacter aquaticus
Zotu148,0,0,0,1,1,0,3,0,bacteria,actinomycetota,nitriliruptoria,euzebyales,euzebyaceae,euzebya,euzebya pacifica
Zotu149,1,3,3,7,2,32,14,14,bacteria,actinomycetota,thermoleophilia,solirubrobacterales,baekduiaceae,baekduia,baekduia soli
Zotu150,35,22,143,364,126,84,113,8,bacteria,chloroflexota,thermomicrobia,sphaerobacterales,sphaerobacteraceae,sphaerobacter,sphaerobacter thermophilus
Zotu151,2,0,1,1,3,3,1,6,bacteria,pseudomonadota,alphaproteobacteria,sphingomonadales,sphingomonadaceae,novosphingobium,novosphingobium stygium
Zotu152,11,10,41,48,3,0,11,2,bacteria,bacillota,clostridia,eubacteriales,symbiobacteriaceae,symbiobacterium,symbiobacterium terraclitae
Zotu153,161,91,132,68,51,110,9,19,bacteria,acidobacteriota,blastocatellia,blastocatellales,pyrinomonadaceae,pyrinomonas,pyrinomonas methylaliphatogenes
Zotu154,11,19,12,38,47,124,28,2,bacteria,bacillota,clostridia,thermoanaerobacterales,thermoanaerobacteraceae,carboxydothermus,carboxydothermus hydrogenoformans
Zotu155,0,0,0,0,0,0,0,0,bacteria,actinomycetota,rubrobacteria,rubrobacterales,rubrobacteraceae,rubrobacter,rubrobacter taiwanensis
Zotu156,2,0,2,6,3,3,13,68,bacteria,pseudomonadota,betaproteobacteria,burkholderiales,oxalobacteraceae,oxalicibacterium,oxalicibacterium horti
Zotu157,3,3,2,3,3,4,37,141,bacteria,pseudomonadota,alphaproteobacteria,rhodobacterales,roseobacteraceae,rubellimicrobium,rubellimicrobium thermophilum
Zotu158,7,5,10,4,9,4,5,29,bacteria,bacillota,bacilli,bacillales,planococcaceae,planomicrobium,planomicrobium okeanokoites
Zotu159,2,5,2,6,1,3,45,343,bacteria,bacteroidota,cytophagia,cytophagales,hymenobacteraceae,adhaeribacter,adhaeribacter terreus
Zotu160,1,3,2,0,1,41,24,50,archaea,nitrososphaerota,nitrososphaeria,nitrososphaerales,nitrososphaeraceae,candidatus nitrososphaera,candidatus nitrososphaera
Zotu161,1,1,3,1,14,4,9,5,bacteria,pseudomonadota,betaproteobacteria,burkholderiales,oxalobacteraceae,noviherbaspirillum,noviherbaspirillum autotrophicum
Zotu162,4,2,0,0,4,5,3,33,bacteria,actinomycetota,actinomycetes,propionibacteriales,nocardioidaceae,nocardioides,nocardioides aquiterrae
Zotu163,0,6,4,7,0,1,10,6,bacteria,pseudomonadota,alphaproteobacteria,hyphomicrobiales,methylobacteriaceae,microvirga,microvirga brassicacearum
Zotu164,4,5,2,1,3,2,4,1,bacteria,pseudomonadota,alphaproteobacteria,rhodobacterales,roseobacteraceae,rubellimicrobium,rubellimicrobium rubrum
Zotu165,127,180,173,229,235,206,81,33,bacteria,actinomycetota,acidimicrobiia,acidimicrobiales,iamiaceae,actinomarinicola,actinomarinicola tropica
Zotu166,3,6,0,2,1,2,104,123,bacteria,deinococcota,deinococci,deinococcales,deinococcaceae,deinococcus,deinococcus peraridilitoris
Zotu167,5,2,4,4,24,50,124,55,bacteria,actinomycetota,acidimicrobiia,acidimicrobiales,iamiaceae,iamia,iamia majanohamensis
Zotu168,4,2,2,1,2,2,21,122,bacteria,pseudomonadota,alphaproteobacteria,hyphomicrobiales,methylobacteriaceae,microvirga,microvirga guangxiensis
Zotu169,1,0,2,0,2,1,29,170,bacteria,bacteroidota,chitinophagia,chitinophagales,chitinophagaceae,flavisolibacter,flavisolibacter carri
Zotu170,13,3,3,4,2,1,4,2,bacteria,bacillota,bacilli,bacillales,bacillaceae,bacillus,bacillus funiculus
Zotu171,5,100,141,2,4,3,4,3,bacteria,planctomycetota,planctomycetia,gemmatales,gemmataceae,urbifossiella,urbifossiella limnaea
Zotu172,0,6,2,3,0,54,5,2,bacteria,chloroflexota,chloroflexia,herpetosiphonales,herpetosiphonaceae,herpetosiphon,herpetosiphon geysericola
Zotu173,4,3,3,1,4,54,8,3,bacteria,chloroflexota,chloroflexia,kallotenuales,kallotenuaceae,kallotenue,kallotenue papyrolyticum
Zotu174,0,0,0,1,3,2,1,25,bacteria,bacillota,bacilli,bacillales,bacillaceae,lysinibacillus,lysinibacillus composti
Zotu175,12,14,540,534,5,72,11,5,bacteria,actinomycetota,rubrobacteria,rubrobacterales,rubrobacteraceae,rubrobacter,rubrobacter naiadicus
Zotu176,6,0,2,6,1,3,2,9,bacteria,pseudomonadota,betaproteobacteria,burkholderiales,oxalobacteraceae,noviherbaspirillum,noviherbaspirillum denitrificans
Zotu177,20,0,2,0,0,2,0,0,bacteria,actinomycetota,nitriliruptoria,egicoccales,egicoccaceae,egicoccus,egicoccus halophilus
Zotu178,28,0,0,0,1,83,204,1,bacteria,planctomycetota,planctomycetia,pirellulales,pirellulaceae,candidatus anammoximicrobium,candidatus anammoximicrobium moscowii
Zotu179,3,0,1,6,2,1,1,65,bacteria,pseudomonadota,betaproteobacteria,burkholderiales,oxalobacteraceae,noviherbaspirillum,noviherbaspirillum aerium
Zotu180,0,0,0,0,0,0,0,0,bacteria,pseudomonadota,alphaproteobacteria,sphingomonadales,sphingomonadaceae,sphingomonas,sphingomonas sediminicola
Zotu181,6,5,1,141,2,2,2,4,bacteria,pseudomonadota,alphaproteobacteria,hyphomicrobiales,methylobacteriaceae,methylobacterium,methylobacterium dankookense
Zotu182,0,0,0,0,0,0,0,0,bacteria,chloroflexota,thermomicrobia,sphaerobacterales,sphaerobacteraceae,sphaerobacter,sphaerobacter thermophilus
Zotu183,0,0,1,0,0,2,0,1,bacteria,actinomycetota,actinomycetes,propionibacteriales,nocardioidaceae,nocardioides,nocardioides marinus
Zotu184,3,1,5,5,6,4,4,1,bacteria,acidobacteriota,blastocatellia,blastocatellales,blastocatellaceae,aridibacter,aridibacter famidurans
Zotu185,1,1,1,0,0,12,1,2,bacteria,pseudomonadota,gammaproteobacteria,oceanospirillales,halomonadaceae,halomonas,halomonas axialensis
Zotu186,8,36,23,1,40,195,76,17,bacteria,chloroflexota,chloroflexia,herpetosiphonales,herpetosiphonaceae,herpetosiphon,herpetosiphon aurantiacus
Zotu187,0,0,0,3,0,0,10,5,bacteria,pseudomonadota,alphaproteobacteria,sphingomonadales,sphingomonadaceae,sphingomonas,sphingomonas trueperi
Zotu188,4,24,30,65,3,21,5,5,bacteria,actinomycetota,coriobacteriia,coriobacteriales,coriobacteriaceae,enorma,enorma burkinafasonensis
Zotu189,8,0,0,6,6,2,6,11,bacteria,pseudomonadota,alphaproteobacteria,rhodobacterales,paracoccaceae,paracoccus,paracoccus marinus
Zotu190,1,3,6,1,27,26,269,199,bacteria,chloroflexota,chloroflexia,kallotenuales,kallotenuaceae,kallotenue,kallotenue papyrolyticum
Zotu191,2,2,0,0,0,1,1,2,bacteria,bacteroidota,cytophagia,cytophagales,hymenobacteraceae,adhaeribacter,adhaeribacter aquaticus
Zotu192,1,2,0,0,2,95,51,1,archaea,nitrososphaerota,nitrososphaeria,nitrososphaerales,nitrososphaeraceae,candidatus nitrososphaera,candidatus nitrososphaera
Zotu193,3,1,2,3,3,2,2,12,bacteria,bacillota,bacilli,bacillales,bacillaceae,pseudalkalibacillus,pseudalkalibacillus decolorationis
Zotu194,0,0,0,0,0,0,0,0,bacteria,actinomycetota,actinomycetes,geodermatophilales,geodermatophilaceae,blastococcus,blastococcus jejuensis
Zotu195,3,5,0,0,117,38,241,394,archaea,nitrososphaerota,nitrososphaeria,nitrososphaerales,nitrososphaeraceae,candidatus nitrososphaera,candidatus nitrososphaera
Zotu196,1,0,4,1,3,2,0,5,bacteria,pseudomonadota,gammaproteobacteria,nevskiales,sinobacteraceae,solimonas,solimonas soli
Zotu197,4,4,2,3,0,3,2,13,bacteria,bacteroidota,cytophagia,cytophagales,hymenobacteraceae,nibribacter,nibribacter koreensis
Zotu198,0,0,1,3,3,2,1,5,bacteria,actinomycetota,actinomycetia,micrococcales,micrococcaceae,kocuria,kocuria rosea
Zotu199,0,0,0,0,0,1,0,14,bacteria,bacteroidota,chitinophagia,chitinophagales,chitinophagaceae,flavisolibacter,flavisolibacter ginsengiterrae
Zotu200,4,3,4,0,5,2,59,11,archaea,methanobacteriota,thermoplasmata,methanomassiliicoccales,methanomassiliicoccaceae,methanomassiliicoccus,candidatus methanomassiliicoccus intestinalis
Zotu201,6,0,3,3,1,2,2,31,bacteria,pseudomonadota,alphaproteobacteria,hyphomicrobiales,methylobacteriaceae,microvirga,microvirga roseola
Zotu202,166,63,22,3,3,17,15,16,bacteria,bacillota,bacilli,bacillales,paenibacillaceae,ammoniphilus,ammoniphilus resinae
Zotu203,5,0,1,26,15,19,14,7,bacteria,actinomycetota,rubrobacteria,rubrobacterales,rubrobacteraceae,rubrobacter,rubrobacter radiotolerans
Zotu204,5,1,2,2,3,3,28,113,bacteria,pseudomonadota,betaproteobacteria,burkholderiales,oxalobacteraceae,noviherbaspirillum,noviherbaspirillum aerium
Zotu205,5,5,5,5,2,9,4,10,bacteria,pseudomonadota,alphaproteobacteria,rhodobacterales,paracoccaceae,paracoccus,paracoccus yeei
Zotu206,1,2,1,1,3,1,4,1,bacteria,gemmatimonadota,longimicrobiia,longimicrobiales,longimicrobiaceae,longimicrobium,longimicrobium terrae
Zotu207,0,1,0,2,2,0,10,30,bacteria,pseudomonadota,gammaproteobacteria,xanthomonadales,xanthomonadaceae,lysobacter,lysobacter bugurensis
Zotu208,17,20,35,4,75,108,27,6,bacteria,bacillota,clostridia,eubacteriales,clostridiales family xvii. incertae sedis,thermaerobacter,thermaerobacter subterraneus
Zotu209,2,0,1,2,1,24,45,14,bacteria,pseudomonadota,betaproteobacteria,burkholderiales,oxalobacteraceae,noviherbaspirillum,noviherbaspirillum autotrophicum
Zotu210,2,2,68,7,6,16,7,8,bacteria,actinomycetota,actinomycetes,streptosporangiales,streptosporangiaceae,nonomuraea,nonomuraea thailandensis
Zotu211,1,4,3,1,8,16,25,21,bacteria,actinomycetota,acidimicrobiia,acidimicrobiales,acidimicrobiaceae,aciditerrimonas,aciditerrimonas ferrireducens
Zotu212,0,0,0,0,0,0,0,0,bacteria,actinomycetota,actinomycetes,geodermatophilales,geodermatophilaceae,blastococcus,blastococcus aggregatus
Zotu213,7,0,5,3,5,1,10,56,bacteria,pseudomonadota,gammaproteobacteria,xanthomonadales,xanthomonadaceae,lysobacter,lysobacter silvisoli
Zotu214,137,192,58,4,271,17,6,4,bacteria,pseudomonadota,alphaproteobacteria,hyphomicrobiales,hyphomicrobiaceae,methylothermalis,methylothermalis aethiopiae
Zotu215,4,10,18,13,19,9,1658,300,bacteria,chloroflexota,chloroflexia,kallotenuales,kallotenuaceae,kallotenue,kallotenue papyrolyticum
Zotu216,2,1,3,2,2,6,7,35,bacteria,actinomycetota,actinomycetes,geodermatophilales,geodermatophilaceae,modestobacter,modestobacter marinus
Zotu217,0,0,1,1,2,0,1,71,bacteria,bacteroidota,chitinophagia,chitinophagales,chitinophagaceae,flavisolibacter,flavisolibacter galbus
Zotu218,1,1,1,4,3,3,37,125,bacteria,pseudomonadota,betaproteobacteria,burkholderiales,oxalobacteraceae,noviherbaspirillum,noviherbaspirillum autotrophicum
Zotu219,5,4,5,6,1,2,4,5,bacteria,actinomycetota,acidimicrobiia,acidimicrobiales,acidimicrobiaceae,aciditerrimonas,aciditerrimonas ferrireducens
Zotu220,0,10,67,117,507,320,92,1,bacteria,actinomycetota,thermoleophilia,solirubrobacterales,solirubrobacteraceae,solirubrobacter,solirubrobacter phytolaccae
Zotu221,2,2,9,0,0,3,3,0,bacteria,actinomycetota,actinomycetes,kitasatosporales,streptomycetaceae,streptomyces,streptomyces flavogriseus
Zotu222,7,11,32,67,212,186,524,5,bacteria,actinomycetota,acidimicrobiia,acidimicrobiales,acidimicrobiaceae,aciditerrimonas,aciditerrimonas ferrireducens
Zotu223,11,1,1,2,1,2,4,3,bacteria,bacillota,bacilli,bacillales,paenibacillaceae,oxalophagus,oxalophagus oxalicus
Zotu224,1,2,5,1,3,1,4,36,bacteria,pseudomonadota,alphaproteobacteria,rhodobacterales,roseobacteraceae,rubellimicrobium,rubellimicrobium rubrum
Zotu225,2,3,2,4,2,7,15,136,bacteria,pseudomonadota,betaproteobacteria,burkholderiales,burkholderiales,aquabacterium,aquabacterium limnoticum
Zotu226,0,0,0,0,0,0,0,0,bacteria,bacteroidota,cytophagia,cytophagales,hymenobacteraceae,adhaeribacter,adhaeribacter aerophilus
Zotu227,0,0,0,0,0,0,0,0,bacteria,actinomycetota,actinomycetes,pseudonocardiales,pseudonocardiaceae,thermocrispum,thermocrispum municipale
Zotu228,2,1,3,5,2,3,4,10,bacteria,pseudomonadota,betaproteobacteria,burkholderiales,oxalobacteraceae,oxalicibacterium,oxalicibacterium horti
Zotu229,5,1,3,4,3,3,6,3,bacteria,actinomycetota,acidimicrobiia,acidimicrobiales,iamiaceae,actinomarinicola,actinomarinicola tropica
Zotu230,0,1,0,0,0,0,1,126,bacteria,bacteroidota,chitinophagia,chitinophagales,chitinophagaceae,flavisolibacter,flavisolibacter galbus
Zotu231,23,40,0,73,88,39,268,19,archaea,methanobacteriota,thermoplasmata,methanomassiliicoccales,methanomassiliicoccaceae,methanomassiliicoccus,candidatus methanomassiliicoccus intestinalis
Zotu232,1,2,2,4,5,1,65,56,bacteria,pseudomonadota,betaproteobacteria,burkholderiales,oxalobacteraceae,herbaspirillum,herbaspirillum rhizosphaerae
Zotu233,3,2,2,3,10,3,3,5,bacteria,gemmatimonadota,longimicrobiia,longimicrobiales,longimicrobiaceae,longimicrobium,longimicrobium terrae
Zotu234,0,0,4,1,2,3,2,6,bacteria,bacteroidota,chitinophagia,chitinophagales,chitinophagaceae,flavisolibacter,flavisolibacter metallilatus
Zotu235,2,3,0,0,3,0,0,115,bacteria,pseudomonadota,betaproteobacteria,burkholderiales,oxalobacteraceae,noviherbaspirillum,noviherbaspirillum aerium
Zotu236,4,0,4,6,4,6,5,4,bacteria,actinomycetota,actinomycetes,mycobacteriales,corynebacteriaceae,corynebacterium,corynebacterium vitaeruminis
Zotu237,7,2,3,94,16,17,5,1,bacteria,gemmatimonadota,gemmatimonadetes,gemmatimonadales,gemmatimonadaceae,gemmatimonas,gemmatimonas phototrophica
Zotu238,0,0,1,2,1,4,2,1,bacteria,actinomycetota,rubrobacteria,rubrobacterales,rubrobacteraceae,rubrobacter,rubrobacter spartanus
Zotu239,0,3,3,0,3,1,1,73,bacteria,pseudomonadota,alphaproteobacteria,rhodobacterales,roseobacteraceae,rubellimicrobium,rubellimicrobium rubrum
Zotu240,220,307,263,118,20,3,4,6,bacteria,pseudomonadota,deltaproteobacteria,desulfuromonadales,desulfuromonadaceae,pelobacter,pelobacter carbinolicus
Zotu241,10,6,32,0,20,144,129,26,bacteria,chloroflexota,chloroflexia,herpetosiphonales,herpetosiphonaceae,herpetosiphon,herpetosiphon aurantiacus
Zotu242,3,1,0,0,3,2,0,3,bacteria,chloroflexota,chloroflexia,kallotenuales,kallotenuaceae,kallotenue,kallotenue papyrolyticum
Zotu243,0,2,3,3,1,21,14,1,bacteria,actinomycetota,acidimicrobiia,acidimicrobiales,iamiaceae,actinomarinicola,actinomarinicola tropica
Zotu244,91,67,94,188,50,32,19,6,bacteria,chloroflexota,tepidiformia,tepidiformales,tepidiformaceae,tepidiforma,tepidiforma bonchosmolovskayae
Zotu245,23,1,12,5,1,12,34,25,bacteria,actinomycetota,actinomycetes,geodermatophilales,geodermatophilaceae,geodermatophilus,geodermatophilus ruber
Zotu246,12,21,24,39,227,69,82,8,bacteria,actinomycetota,rubrobacteria,rubrobacterales,rubrobacteraceae,rubrobacter,rubrobacter radiotolerans
Zotu247,2,1,5,6,0,8,2,5,bacteria,actinomycetota,thermoleophilia,solirubrobacterales,conexibacteraceae,conexibacter,conexibacter stalactiti
Zotu248,0,1,1,0,2,4,3,42,bacteria,pseudomonadota,betaproteobacteria,burkholderiales,oxalobacteraceae,noviherbaspirillum,noviherbaspirillum autotrophicum
Zotu249,0,0,1,1,1,0,3,14,bacteria,chloroflexota,thermomicrobia,sphaerobacterales,sphaerobacteraceae,sphaerobacter,sphaerobacter thermophilus
Zotu250,0,0,3,1,0,1,0,2,bacteria,bacteroidota,chitinophagia,chitinophagales,chitinophagaceae,flavisolibacter,flavisolibacter ginsengiterrae
Zotu251,1,0,1,1,2,3,1,3,bacteria,pseudomonadota,betaproteobacteria,burkholderiales,sphaerotilaceae,rubrivivax,rubrivivax rivuli
Zotu252,290,421,381,1,36,3,4,0,archaea,methanobacteriota,thermoplasmata,methanomassiliicoccales,candidatus methanomethylophilaceae,candidatus methanomethylophilus,candidatus methanomethylophilus alvus
Zotu253,4,2,3,1,3,1,5,220,bacteria,bacteroidota,chitinophagia,chitinophagales,chitinophagaceae,flavisolibacter,flavisolibacter ginsengiterrae
Zotu254,7,3,3,3,0,1,30,14,bacteria,actinomycetota,thermoleophilia,miltoncostaeales,miltoncostaeaceae,miltoncostaea,miltoncostaea oceani
Zotu255,4,9,1,0,28,0,2,2,bacteria,acidobacteriota,vicinamibacteria,vicinamibacterales,vicinamibacteraceae,luteitalea,luteitalea pratensis
Zotu256,0,3,2,2,3,3,0,7,bacteria,actinomycetota,actinomycetia,propionibacteriales,propionibacteriaceae,propionibacterium,propionibacterium acnes
Zotu257,3,1,1,5,1,1,16,46,bacteria,pseudomonadota,betaproteobacteria,burkholderiales,oxalobacteraceae,herbaspirillum,herbaspirillum lusitanum
Zotu258,127,149,150,127,262,0,2,2,archaea,methanobacteriota,thermoplasmata,methanomassiliicoccales,candidatus methanomethylophilaceae,candidatus methanomethylophilus,candidatus methanomethylophilus alvus
Zotu259,0,2,3,8,24,67,88,6,bacteria,actinomycetota,nitriliruptoria,euzebyales,euzebyaceae,euzebya,euzebya tangerina
Zotu260,12,2,33,4,17,70,2,2,bacteria,verrucomicrobiota,verrucomicrobiae,verrucomicrobiales,verrucomicrobia subdivision 3,pedosphaera,pedosphaera parvula
Zotu261,3,0,3,3,2,5,2,5,bacteria,actinomycetota,actinomycetes,propionibacteriales,nocardioidaceae,nocardioides,nocardioides szechwanensis
Zotu262,252,11,2,0,105,0,0,4,archaea,methanobacteriota,thermoplasmata,methanomassiliicoccales,candidatus methanomethylophilaceae,candidatus methanomethylophilus,candidatus methanomethylophilus alvus
Zotu263,1,0,0,0,1,1,1,2,bacteria,pseudomonadota,betaproteobacteria,nitrosomonadales,nitrosomonadaceae,nitrosospira,nitrosospira briensis
Zotu264,1,2,3,0,0,1,1,1,bacteria,pseudomonadota,gammaproteobacteria,oceanospirillales,halomonadaceae,halomonas,halomonas sediminis
Zotu265,6,6,9,9,5,318,189,38,bacteria,actinomycetota,acidimicrobiia,acidimicrobiales,acidimicrobiaceae,aciditerrimonas,aciditerrimonas ferrireducens
Zotu266,3,2,1,2,2,0,2,5,bacteria,chloroflexota,chloroflexia,herpetosiphonales,herpetosiphonaceae,herpetosiphon,herpetosiphon aurantiacus
Zotu267,83,44,186,3,0,33,2,2,bacteria,chloroflexota,anaerolineae,anaerolineales,anaerolineaceae,thermanaerothrix,thermanaerothrix daxensis
Zotu268,1,0,2,0,3,1,3,1,bacteria,pseudomonadota,alphaproteobacteria,sphingomonadales,sphingomonadaceae,sphingomonas,sphingomonas aquatica
Zotu269,0,1,0,0,0,0,1,17,bacteria,pseudomonadota,gammaproteobacteria,nevskiales,nevskiaceae,nevskia,nevskia terrae
Zotu270,3,2,13,16,73,362,92,32,bacteria,actinomycetota,acidimicrobiia,acidimicrobiales,acidimicrobiaceae,aciditerrimonas,aciditerrimonas ferrireducens
Zotu271,0,0,1,3,1,0,4,11,bacteria,bacteroidota,chitinophagia,chitinophagales,chitinophagaceae,flavisolibacter,flavisolibacter ginsengiterrae
Zotu272,3,2,3,1,5,0,3,19,archaea,methanobacteriota,thermoplasmata,methanomassiliicoccales,methanomassiliicoccaceae,methanomassiliicoccus,candidatus methanomassiliicoccus intestinalis
Zotu273,0,0,0,0,0,0,0,0,bacteria,actinomycetota,acidimicrobiia,acidimicrobiales,iamiaceae,rhabdothermincola,rhabdothermincola sediminis
Zotu274,0,0,1,1,1,58,134,27,bacteria,bacteroidota,chitinophagia,chitinophagales,chitinophagaceae,flavisolibacter,flavisolibacter ginsengiterrae
Zotu275,2,3,0,0,2,1,1,112,bacteria,bacteroidota,chitinophagia,chitinophagales,chitinophagaceae,sediminibacterium,sediminibacterium goheungense
Zotu276,1,9,0,0,0,0,0,0,bacteria,verrucomicrobiota,verrucomicrobiae,verrucomicrobiales,verrucomicrobia subdivision 3,pedosphaera,pedosphaera parvula
Zotu277,4,2,2,2,194,50,0,1,archaea,methanobacteriota,thermoplasmata,methanomassiliicoccales,candidatus methanomethylophilaceae,candidatus methanomethylophilus,candidatus methanomethylophilus alvus
Zotu278,1,1,3,0,1,4,1,150,bacteria,bacteroidota,cytophagia,cytophagales,hymenobacteraceae,adhaeribacter,adhaeribacter rhizoryzae
Zotu279,0,0,0,0,0,2,0,11,bacteria,chloroflexota,thermomicrobia,sphaerobacterales,sphaerobacteraceae,sphaerobacter,sphaerobacter thermophilus
Zotu280,0,0,1,2,0,2,1,0,bacteria,actinomycetota,acidimicrobiia,acidimicrobiales,acidimicrobiaceae,acidiferrimicrobium,acidiferrimicrobium australe
Zotu281,608,252,138,6,6,4,12,11,bacteria,pseudomonadota,gammaproteobacteria,nevskiales,nevskiaceae,panacagrimonas,panacagrimonas perspica
Zotu282,6,3,2,2,8,7,5,49,bacteria,actinomycetota,actinomycetes,geodermatophilales,geodermatophilaceae,geodermatophilus,geodermatophilus bullaregiensis
Zotu283,6,5,8,4,23,285,127,125,bacteria,actinomycetota,acidimicrobiia,acidimicrobiales,iamiaceae,iamia,iamia majanohamensis
Zotu284,0,0,1,0,1,0,0,58,bacteria,bacteroidota,chitinophagia,chitinophagales,chitinophagaceae,flavisolibacter,flavisolibacter metallilatus
Zotu285,2,2,15,3,4,2,3,5,bacteria,bacillota,bacilli,bacillales,staphylococcaceae,staphylococcus,staphylococcus warneri
Zotu286,0,0,0,0,0,0,0,0,bacteria,planctomycetota,phycisphaerae,tepidisphaerales,tepidisphaeraceae,tepidisphaera,tepidisphaera mucosa
Zotu287,2,3,2,2,2,3,1,7,bacteria,actinomycetota,actinomycetes,kineosporiales,kineosporiaceae,angustibacter,angustibacter speluncae
Zotu288,3,3,3,5,1,1,4,29,bacteria,bacteroidota,chitinophagia,chitinophagales,chitinophagaceae,segetibacter,segetibacter koreensis
Zotu289,12,10,7,5,12,2,4,6,bacteria,bacillota,thermolithobacteria,thermolithobacterales,thermolithobacteraceae,thermolithobacter,thermolithobacter ferrireducens
Zotu290,55,98,57,228,113,112,3,4,bacteria,acidobacteriota,vicinamibacteria,vicinamibacterales,vicinamibacteraceae,luteitalea,luteitalea pratensis
Zotu291,2,0,2,1,1,14,16,57,bacteria,pseudomonadota,alphaproteobacteria,hyphomicrobiales,methylobacteriaceae,microvirga,microvirga thermotolerans
Zotu292,5,4,6,3,2,6,6,979,bacteria,bacillota,bacilli,bacillales,alicyclobacillaceae,tumebacillus,tumebacillus ginsengisoli
Zotu293,0,0,0,0,0,1,0,1,bacteria,actinomycetota,nitriliruptoria,egibacterales,egibacteraceae,egibacter,egibacter rhizosphaerae
Zotu294,3,2,271,290,23,32,40,4,bacteria,actinomycetota,actinomycetes,geodermatophilales,geodermatophilaceae,geodermatophilus,geodermatophilus saharensis
Zotu295,6,2,6,2,3,2,3,1,bacteria,actinomycetota,nitriliruptoria,egibacterales,egibacteraceae,egibacter,egibacter rhizosphaerae
Zotu296,1,1,1,1,3,21,5,2,bacteria,chloroflexota,chloroflexia,herpetosiphonales,herpetosiphonaceae,herpetosiphon,herpetosiphon gulosus
Zotu297,1,1,1,5,1,3,1,3,bacteria,actinomycetota,actinomycetes,kitasatosporales,streptomycetaceae,streptomyces,streptomyces gobitricini
Zotu298,0,0,0,1,0,1,3,1,bacteria,pseudomonadota,betaproteobacteria,rhodocyclales,zoogloeaceae,pseudothauera,pseudothauera nasutitermitis
Zotu299,0,0,1,0,0,1,0,0,bacteria,planctomycetota,planctomycetia,pirellulales,pirellulaceae,aureliella,aureliella helgolandensis
Zotu300,3,2,1,1,3,107,79,2,bacteria,actinomycetota,acidimicrobiia,acidimicrobiales,acidimicrobiaceae,aciditerrimonas,aciditerrimonas ferrireducens
Zotu301,2,4,0,2,24,2,26,42,bacteria,pseudomonadota,alphaproteobacteria,hyphomicrobiales,methylobacteriaceae,microvirga,microvirga lupini
Zotu302,5,1,1,1,2,5,0,2,bacteria,gemmatimonadota,gemmatimonadetes,gemmatimonadales,gemmatimonadaceae,roseisolibacter,roseisolibacter agri
Zotu303,24,6,14,2,6,5,17,13,bacteria,bacillota,bacilli,bacillales,paenibacillaceae,oxalophagus,oxalophagus oxalicus
Zotu304,4,9,2,3,2,21,592,189,bacteria,pseudomonadota,alphaproteobacteria,hyphomicrobiales,methylobacteriaceae,microvirga,microvirga indica
Zotu305,5,0,4,3,1,3,3,12,bacteria,actinomycetota,actinomycetes,micrococcales,micrococcaceae,kocuria,kocuria palustris
Zotu306,5,5,0,3,5,37,16,4,bacteria,acidobacteriota,vicinamibacteria,vicinamibacterales,vicinamibacteraceae,vicinamibacter,vicinamibacter silvestris
Zotu307,2,1,1,0,0,0,1,8,bacteria,pseudomonadota,betaproteobacteria,burkholderiales,oxalobacteraceae,noviherbaspirillum,noviherbaspirillum autotrophicum
Zotu308,0,1,0,5,4,8,128,88,bacteria,actinomycetota,acidimicrobiia,acidimicrobiales,iamiaceae,actinomarinicola,actinomarinicola tropica
Zotu309,1,0,1,1,0,1,4,2,bacteria,bacteroidota,cytophagia,cytophagales,hymenobacteraceae,nibribacter,nibribacter koreensis
Zotu310,4,1,0,2,2,3,3,4,bacteria,bacteroidota,chitinophagia,chitinophagales,chitinophagaceae,parasegetibacter,parasegetibacter luojiensis
Zotu311,0,1,0,0,2,2,5,14,bacteria,bacillota,bacilli,bacillales,bacillaceae,bacillus,bacillus suaedaesalsae
Zotu312,3,32,38,1,2,3,3,2,bacteria,planctomycetota,planctomycetia,gemmatales,gemmataceae,zavarzinella,zavarzinella formosa
Zotu313,2,2,3,4,1,2,1,3,bacteria,pseudomonadota,betaproteobacteria,burkholderiales,comamonadaceae,ramlibacter,ramlibacter agri
Zotu314,0,1,1,1,0,0,1,3,bacteria,actinomycetota,actinomycetes,pseudonocardiales,pseudonocardiaceae,saccharothrix,saccharothrix espanaensis
Zotu315,2,3,4,4,1,8,4,0,bacteria,actinomycetota,thermoleophilia,solirubrobacterales,solirubrobacteraceae,solirubrobacter,solirubrobacter phytolaccae
Zotu316,1,0,2,1,3,3,3,4,bacteria,actinomycetota,actinomycetes,pseudonocardiales,pseudonocardiaceae,saccharopolyspora,saccharopolyspora halotolerans
Zotu317,1,2,35,2,1,8,10,4,bacteria,actinomycetota,acidimicrobiia,acidimicrobiales,acidimicrobiaceae,aciditerrimonas,aciditerrimonas ferrireducens
Zotu318,0,1,2,3,32,0,17,15,bacteria,chloroflexota,chloroflexia,kallotenuales,kallotenuaceae,kallotenue,kallotenue papyrolyticum
Zotu319,0,0,0,0,0,0,0,0,bacteria,bacteroidota,cytophagia,cytophagales,cytophagaceae,edaphorhabdus,edaphorhabdus rosea
Zotu320,1,3,13,80,5,8,1,2,bacteria,pseudomonadota,gammaproteobacteria,nevskiales,nevskiaceae,panacagrimonas,panacagrimonas perspica
Zotu321,1,1,1,0,1,6,0,38,bacteria,bacteroidota,cytophagia,cytophagales,spirosomataceae,telluribacter,telluribacter humicola
Zotu322,0,0,1,1,0,1,0,0,bacteria,bacteroidota,cytophagia,cytophagales,hymenobacteraceae,adhaeribacter,adhaeribacter aerolatus
Zotu323,0,2,1,1,2,2,2,7,bacteria,bacillota,bacilli,lactobacillales,lactobacillaceae,weissella,weissella ceti
Zotu324,4,20,97,102,12,65,3,4,bacteria,actinomycetota,thermoleophilia,solirubrobacterales,baekduiaceae,baekduia,baekduia soli
Zotu325,52,74,10,2,3,4,229,9,bacteria,bacillota,clostridia,eubacteriales,clostridiaceae,caloramator,caloramator fervidus
Zotu326,2,1,4,5,8,4,5,10,bacteria,actinomycetota,actinomycetes,micrococcales,micrococcaceae,micrococcus,micrococcus luteus
Zotu327,3,0,0,1,2,0,0,0,bacteria,pseudomonadota,gammaproteobacteria,nevskiales,nevskiaceae,panacagrimonas,panacagrimonas perspica
Zotu328,0,1,2,2,0,1,2,28,bacteria,actinomycetota,actinomycetes,micrococcales,cellulomonadaceae,cellulomonas,cellulomonas humilata
Zotu329,2,1,0,0,0,0,1,2,bacteria,pseudomonadota,alphaproteobacteria,hyphomicrobiales,nitrobacteraceae,bradyrhizobium,bradyrhizobium betae
Zotu330,2,0,1,4,1,1,72,3,bacteria,pseudomonadota,alphaproteobacteria,rhodospirillales,acetobacteraceae,sabulicella,sabulicella rubraurantiaca
Zotu331,3,2,5,3,16,3,1,5,bacteria,actinomycetota,thermoleophilia,miltoncostaeales,miltoncostaeaceae,miltoncostaea,miltoncostaea oceani
Zotu332,123,170,18,129,23,24,4,3,bacteria,chloroflexota,anaerolineae,anaerolineales,anaerolineaceae,ornatilinea,ornatilinea apprima
Zotu333,4,3,75,90,10,66,135,106,bacteria,acidobacteriota,blastocatellia,blastocatellales,arenimicrobiaceae,arenimicrobium,arenimicrobium luteum
Zotu334,6,4,7,13,22,19,14,8,bacteria,pseudomonadota,betaproteobacteria,burkholderiales,burkholderiaceae,paraburkholderia,paraburkholderia domus
Zotu335,0,4,312,104,5,7,8,5,bacteria,bacillota,clostridia,moorellales,moorellaceae,moorella,moorella glycerini
Zotu336,5,4,3,9,4,6,8,10,bacteria,actinomycetota,actinomycetes,mycobacteriales,corynebacteriaceae,corynebacterium,corynebacterium suicordis
Zotu337,4,5,5,7,34,70,102,24,bacteria,actinomycetota,actinomycetes,nakamurellales,nakamurellaceae,nakamurella,nakamurella endophytica
Zotu338,2,1,0,1,1,2,0,7,bacteria,pseudomonadota,alphaproteobacteria,caulobacterales,caulobacteraceae,phenylobacterium,phenylobacterium soli
Zotu339,0,0,0,1,1,0,0,5,bacteria,chloroflexota,chloroflexota,chloroflexota,chloroflexota,thermobaculum,thermobaculum terrenum
Zotu340,0,1,0,0,1,1,1,0,bacteria,actinomycetota,actinomycetes,kitasatosporales,streptomycetaceae,streptomyces,streptomyces megasporus
Zotu341,6,5,1,0,6,1,3,5,bacteria,pseudomonadota,alphaproteobacteria,rhodobacterales,roseobacteraceae,rubellimicrobium,rubellimicrobium aerolatum
Zotu342,0,0,0,3,0,0,0,3,bacteria,actinomycetota,actinomycetes,micrococcales,micrococcaceae,kocuria,kocuria salina
Zotu343,3,2,2,1,13,56,5,1,bacteria,actinomycetota,rubrobacteria,gaiellales,gaiellaceae,gaiella,gaiella occulta
Zotu344,0,0,3,1,30,37,44,28,bacteria,chloroflexota,chloroflexia,kallotenuales,kallotenuaceae,kallotenue,kallotenue papyrolyticum
Zotu345,6,23,0,0,1,2,2,2,bacteria,planctomycetota,planctomycetia,gemmatales,gemmataceae,zavarzinella,zavarzinella formosa
Zotu346,0,0,0,0,0,0,0,0,bacteria,pseudomonadota,alphaproteobacteria,hyphomicrobiales,methylobacteriaceae,methylobacterium,methylobacterium organophilum
Zotu347,372,365,337,99,335,350,432,12,archaea,nitrososphaerota,nitrososphaeria,nitrososphaerales,nitrososphaeraceae,nitrososphaera,candidatus nitrososphaera gargensis
Zotu348,0,0,0,0,0,4,3,43,bacteria,pseudomonadota,betaproteobacteria,burkholderiales,oxalobacteraceae,noviherbaspirillum,noviherbaspirillum autotrophicum
Zotu349,1,2,1,633,43,68,15,6,bacteria,chloroflexota,chloroflexia,herpetosiphonales,herpetosiphonaceae,herpetosiphon,herpetosiphon gulosus
Zotu350,1,2,0,1,1,1,3,46,bacteria,bacteroidota,cytophagia,cytophagales,hymenobacteraceae,adhaeribacter,adhaeribacter aquaticus
Zotu351,1,2,2,2,6,1,2,11,bacteria,actinomycetota,actinomycetes,pseudonocardiales,pseudonocardiaceae,lentzea,lentzea kentuckyensis
Zotu352,0,0,0,0,0,0,0,0,bacteria,pseudomonadota,gammaproteobacteria,nevskiales,nevskiaceae,nevskia,nevskia terrae
Zotu353,3,2,2,2,2,1,3,4,bacteria,chloroflexota,chloroflexia,herpetosiphonales,herpetosiphonaceae,herpetosiphon,herpetosiphon geysericola
Zotu354,1,2,2,0,1,53,4,1,bacteria,actinomycetota,acidimicrobiia,acidimicrobiales,iamiaceae,actinomarinicola,actinomarinicola tropica
Zotu355,3,0,2,1,0,1,23,56,bacteria,pseudomonadota,alphaproteobacteria,rhodospirillales,acetobacteraceae,sabulicella,sabulicella rubraurantiaca
Zotu356,828,1,0,4,1,4,2,9,bacteria,pseudomonadota,alphaproteobacteria,hyphomicrobiales,hyphomicrobiales,vineibacter,vineibacter terrae
Zotu357,1,0,0,1,0,2,1,2,bacteria,planctomycetota,planctomycetia,gemmatales,gemmataceae,gemmata,gemmata massiliana
Zotu359,1,1,1,5,2,4,1,4,bacteria,actinomycetota,actinomycetes,micrococcales,promicromonosporaceae,promicromonospora,promicromonospora thailandica
Zotu360,1,1,0,1,0,0,6,23,bacteria,pseudomonadota,alphaproteobacteria,sphingomonadales,sphingomonadaceae,sphingomonas,sphingomonas wittichii
Zotu361,0,0,1,1,2,1,2,32,bacteria,bacteroidota,cytophagia,cytophagales,hymenobacteraceae,adhaeribacter,adhaeribacter aquaticus
Zotu362,0,7,57,1,2,191,35,0,bacteria,verrucomicrobiota,verrucomicrobiae,verrucomicrobiales,verrucomicrobia subdivision 3,pedosphaera,pedosphaera parvula
Zotu363,9,12,36,59,4,35,13,0,bacteria,bacillota,clostridia,eubacteriales,clostridiales family xvii. incertae sedis,thermaerobacter,thermaerobacter subterraneus
Zotu364,2,3,1,1,1,1,31,66,bacteria,bacteroidota,chitinophagia,chitinophagales,chitinophagaceae,aridibaculum,aridibaculum aurantiacum
Zotu365,1,0,0,0,0,2,43,47,bacteria,pseudomonadota,betaproteobacteria,burkholderiales,oxalobacteraceae,oxalicibacterium,oxalicibacterium horti
Zotu366,5,98,149,2,5,36,0,4,bacteria,planctomycetota,planctomycetia,pirellulales,pirellulaceae,candidatus anammoximicrobium,candidatus anammoximicrobium moscowii
Zotu367,2,1,1,1,1,4,3,4,bacteria,bacillota,clostridia,thermosediminibacterales,thermosediminibacteraceae,thermosediminibacter,thermosediminibacter oceani
Zotu368,4,3,3,3,7,4,5,8,bacteria,pseudomonadota,alphaproteobacteria,sphingomonadales,sphingomonadaceae,sphingomonas,sphingomonas desiccabilis
Zotu369,0,10,0,0,32,79,14,1,bacteria,chloroflexota,chloroflexia,herpetosiphonales,herpetosiphonaceae,herpetosiphon,herpetosiphon aurantiacus
Zotu370,2,3,0,2,1,0,2,59,bacteria,bacteroidota,cytophagia,cytophagales,hymenobacteraceae,rufibacter,rufibacter sediminis
Zotu371,2,2,0,3,2,3,0,7,bacteria,bacillota,bacilli,bacillales,planococcaceae,planomicrobium,planomicrobium soli
Zotu372,33,6,0,0,1,0,0,0,archaea,methanobacteriota,thermoplasmata,methanomassiliicoccales,candidatus methanomethylophilaceae,candidatus methanomethylophilus,candidatus methanomethylophilus alvus
Zotu373,4,2,3,3,0,1,17,115,bacteria,pseudomonadota,betaproteobacteria,burkholderiales,burkholderiales,aquabacterium,aquabacterium limnoticum
Zotu374,0,0,0,0,0,0,0,0,bacteria,bacillota,tissierellia,tissierellales,peptoniphilaceae,anaerococcus,anaerococcus prevotii
Zotu375,4,2,8,4,0,9,20,0,bacteria,actinomycetota,thermoleophilia,solirubrobacterales,baekduiaceae,baekduia,baekduia soli
Zotu376,74,109,33,175,271,20,0,2,bacteria,actinomycetota,nitriliruptoria,nitriliruptorales,nitriliruptoraceae,nitriliruptor,nitriliruptor alkaliphilus
Zotu377,0,1,1,2,0,3,1,2,bacteria,bacteroidota,cytophagia,cytophagales,hymenobacteraceae,pontibacter,pontibacter locisalis
Zotu378,2,2,0,3,3,1,6,9,bacteria,actinomycetota,actinomycetes,kitasatosporales,streptomycetaceae,streptomyces,streptomyces mashuensis
Zotu379,1,1,3,1,22,1,5,9,bacteria,actinomycetota,actinomycetes,propionibacteriales,kribbellaceae,kribbella,kribbella solani
Zotu380,2,5,11,1,2,2,2,2,bacteria,actinomycetota,nitriliruptoria,egibacterales,egibacteraceae,egibacter,egibacter rhizosphaerae
Zotu381,0,0,0,0,0,0,1,3,bacteria,bacteroidota,chitinophagia,chitinophagales,chitinophagaceae,flavisolibacter,flavisolibacter metallilatus
Zotu382,13,32,2,3,1,0,1,4,bacteria,planctomycetota,planctomycetia,pirellulales,pirellulaceae,candidatus anammoximicrobium,candidatus anammoximicrobium moscowii
Zotu383,4,2,3,2,2,2,4,4,bacteria,pseudomonadota,alphaproteobacteria,rhodobacterales,paracoccaceae,paracoccus,paracoccus chinensis
Zotu384,0,0,1,2,1,1,2,5,bacteria,actinomycetota,acidimicrobiia,acidimicrobiales,acidimicrobiaceae,aciditerrimonas,aciditerrimonas ferrireducens
Zotu385,6,10,1,0,44,0,1,0,archaea,methanobacteriota,thermoplasmata,methanomassiliicoccales,candidatus methanomethylophilaceae,candidatus methanomethylophilus,candidatus methanomethylophilus alvus
Zotu386,0,1,2,4,4,1,1,11,bacteria,bacteroidota,cytophagia,cytophagales,hymenobacteraceae,pontibacter,pontibacter chitinilyticus
Zotu387,2,0,0,1,1,1,2,0,bacteria,chloroflexota,chloroflexia,kallotenuales,kallotenuaceae,kallotenue,kallotenue papyrolyticum
Zotu388,202,263,81,215,20,28,6,5,bacteria,actinomycetota,thermoleophilia,thermoleophilales,thermoleophilaceae,thermoleophilum,thermoleophilum album
Zotu389,50,119,4,0,1,2,2,1,bacteria,verrucomicrobiota,verrucomicrobiae,limisphaerales,fontisphaeraceae,fontisphaera,fontisphaera persica
Zotu390,9,33,61,2,48,2,7,7,bacteria,pseudomonadota,alphaproteobacteria,hyphomicrobiales,kaistiaceae,kaistia,kaistia granuli
Zotu391,3,2,113,94,44,132,135,37,bacteria,actinomycetota,acidimicrobiia,acidimicrobiales,iamiaceae,iamia,iamia majanohamensis
Zotu392,0,0,0,0,0,13,1,0,bacteria,verrucomicrobiota,verrucomicrobiae,verrucomicrobiales,verrucomicrobia subdivision 3,pedosphaera,pedosphaera parvula
Zotu393,3,4,2,3,2,5,5,0,bacteria,actinomycetota,acidimicrobiia,acidimicrobiales,acidimicrobiaceae,aciditerrimonas,aciditerrimonas ferrireducens
Zotu394,6,2,2,10,2,4,4,7,bacteria,bacteroidota,flavobacteriia,flavobacteriales,weeksellaceae,cloacibacterium,cloacibacterium normanense
Zotu395,2,1,2,0,3,1,0,1,bacteria,pseudomonadota,betaproteobacteria,burkholderiales,burkholderiaceae,quisquiliibacterium,quisquiliibacterium transsilvanicum
Zotu396,23,13,61,79,14,56,3,2,bacteria,thermotogota,thermotogae,thermotogales,thermotogaceae,pseudothermotoga,pseudothermotoga lettingae
Zotu397,0,0,0,0,0,0,0,0,bacteria,planctomycetota,phycisphaerae,tepidisphaerales,tepidisphaeraceae,tepidisphaera,tepidisphaera mucosa
Zotu398,2,1,1,1,3,4,2,9,bacteria,actinomycetota,actinomycetes,kitasatosporales,streptomycetaceae,streptomyces,streptomyces speibonae
Zotu399,0,0,0,0,0,0,0,0,bacteria,chloroflexota,thermomicrobia,sphaerobacterales,sphaerobacteraceae,sphaerobacter,sphaerobacter thermophilus
Zotu400,4,1,2,3,0,1,0,5,bacteria,pseudomonadota,gammaproteobacteria,chromatiales,thioprofundaceae,thioprofundum,thioprofundum hispidum
Zotu401,5,4,1,2,1,1,2,18,bacteria,pseudomonadota,alphaproteobacteria,sphingomonadales,sphingomonadaceae,sphingomonas,sphingomonas aquatica
Zotu402,2,4,1,0,1,0,0,2,bacteria,pseudomonadota,alphaproteobacteria,geminicoccales,geminicoccaceae,arboricoccus,arboricoccus pini
Zotu403,28,527,50,0,3,9,3,0,bacteria,candidatus tectomicrobia,candidatus tectomicrobia,candidatus tectomicrobia,candidatus tectomicrobia,candidatus entotheonella,candidatus entotheonella palauensis
Zotu404,85,123,28,4,2,5,112,13,bacteria,chloroflexota,chloroflexia,chloroflexales,roseiflexaceae,kouleothrix,kouleothrix aurantiaca
Zotu405,1,0,0,0,0,1,11,0,bacteria,pseudomonadota,alphaproteobacteria,sphingomonadales,erythrobacteraceae,porphyrobacter,porphyrobacter sanguineus
Zotu406,0,2,2,1,2,2,0,0,bacteria,verrucomicrobiota,spartobacteria,chthoniobacterales,chthoniobacteraceae,chthoniobacter,chthoniobacter flavus
Zotu407,1,0,1,1,1,0,1,41,bacteria,pseudomonadota,alphaproteobacteria,rhodobacterales,roseobacteraceae,rubellimicrobium,rubellimicrobium rubrum
Zotu408,1,1,0,0,1,12,0,1,bacteria,pseudomonadota,betaproteobacteria,nitrosomonadales,methylophilaceae,methylobacillus,methylobacillus flagellatus
Zotu409,3,1,0,0,2,0,8,31,bacteria,pseudomonadota,alphaproteobacteria,rhodospirillales,acetobacteraceae,sabulicella,sabulicella rubraurantiaca
Zotu410,1,0,0,1,3,0,2,2,bacteria,pseudomonadota,gammaproteobacteria,chromatiales,thioprofundaceae,thioprofundum,thioprofundum hispidum
Zotu411,0,0,3,1,15,172,87,31,bacteria,actinomycetota,nitriliruptoria,euzebyales,euzebyaceae,euzebya,euzebya pacifica
Zotu412,3,1,0,1,3,1,3,3,bacteria,actinomycetota,actinomycetes,propionibacteriales,nocardioidaceae,nocardioides,nocardioides suum
Zotu413,0,0,2,0,1,1,1,2,bacteria,bacteroidota,cytophagia,cytophagales,hymenobacteraceae,adhaeribacter,adhaeribacter aquaticus
Zotu414,107,97,95,152,3,3,5,11,bacteria,pseudomonadota,betaproteobacteria,burkholderiales,burkholderiales,thiobacter,thiobacter subterraneus
Zotu416,1,1,4,1,1,0,2,12,bacteria,pseudomonadota,betaproteobacteria,burkholderiales,sphaerotilaceae,azohydromonas,azohydromonas lata
Zotu417,0,0,0,0,1,0,1,0,bacteria,bacteroidota,chitinophagia,chitinophagales,chitinophagaceae,segetibacter,segetibacter koreensis
Zotu418,4,1,4,1,6,1,4,1,bacteria,actinomycetota,thermoleophilia,solirubrobacterales,solirubrobacteraceae,solirubrobacter,solirubrobacter phytolaccae
Zotu419,1,2,0,2,1,2,0,0,bacteria,pseudomonadota,betaproteobacteria,ferritrophicales,ferritrophicaceae,ferritrophicum,ferritrophicum radicicola
Zotu420,4,2,2,3,2,8,4,2,bacteria,actinomycetota,acidimicrobiia,acidimicrobiales,acidimicrobiaceae,aciditerrimonas,aciditerrimonas ferrireducens
Zotu421,1,0,1,1,1,0,1,9,bacteria,actinomycetota,actinomycetia,propionibacteriales,nocardioidaceae,nocardioides,nocardioides salarius
Zotu422,138,125,41,1,91,144,23,2,bacteria,planctomycetota,planctomycetia,pirellulales,pirellulaceae,lignipirellula,lignipirellula cremea
Zotu423,3,4,28,2,2,8,5,5,bacteria,actinomycetota,acidimicrobiia,acidimicrobiales,acidimicrobiaceae,aciditerrimonas,aciditerrimonas ferrireducens
Zotu424,0,0,0,0,0,0,0,0,bacteria,bacteroidota,chitinophagia,chitinophagales,chitinophagaceae,chitinophaga,chitinophaga agri
Zotu425,0,1,3,0,0,1,21,0,bacteria,acidobacteriota,vicinamibacteria,vicinamibacterales,vicinamibacteraceae,luteitalea,luteitalea pratensis
Zotu426,1,16,11,0,3,0,4,0,bacteria,bacillota,clostridia,eubacteriales,symbiobacteriaceae,symbiobacterium,symbiobacterium terraclitae
Zotu427,1,0,2,2,0,2,1,2,bacteria,bacteroidota,cytophagia,cytophagales,hymenobacteraceae,adhaeribacter,adhaeribacter aquaticus
Zotu428,1,2,0,6,0,3,4,42,bacteria,pseudomonadota,betaproteobacteria,burkholderiales,oxalobacteraceae,noviherbaspirillum,noviherbaspirillum massiliense
Zotu429,1,1,0,0,2,1,4,0,bacteria,actinomycetota,acidimicrobiia,acidimicrobiales,acidimicrobiaceae,aciditerrimonas,aciditerrimonas ferrireducens
Zotu430,0,0,0,1,1,0,0,0,bacteria,pseudomonadota,betaproteobacteria,ferritrophicales,ferritrophicaceae,ferritrophicum,ferritrophicum radicicola
Zotu431,3,0,1,4,1,1,2,11,bacteria,pseudomonadota,alphaproteobacteria,rhodobacterales,roseobacteraceae,rubellimicrobium,rubellimicrobium roseum
Zotu432,1,0,0,0,0,0,0,1,bacteria,bacteroidota,chitinophagia,chitinophagales,chitinophagaceae,sediminibacterium,sediminibacterium goheungense
Zotu433,3,0,1,3,2,7,1,1,bacteria,actinomycetota,actinomycetes,micrococcales,promicromonosporaceae,promicromonospora,promicromonospora iranensis
Zotu434,2,3,2,2,1,2,3,8,bacteria,pseudomonadota,alphaproteobacteria,rhodobacterales,paracoccaceae,paracoccus,paracoccus speluncae
Zotu435,2,3,26,2,10,49,99,9,bacteria,bacillota,clostridia,eubacteriales,syntrophomonadaceae,syntrophothermus,syntrophothermus lipocalidus
Zotu436,1,2,0,1,1,1,2,0,bacteria,bacteroidota,cytophagia,cytophagales,hymenobacteraceae,adhaeribacter,adhaeribacter aquaticus
Zotu437,4,0,2,1,0,25,14,2,bacteria,actinomycetota,actinomycetes,sporichthyales,sporichthyaceae,sporichthya,sporichthya polymorpha
Zotu438,5,0,3,1,1,3,1,2,bacteria,bacteroidota,flavobacteriia,flavobacteriales,weeksellaceae,chryseobacterium,chryseobacterium fistulae
Zotu439,1,34,525,3,6,17,10,4,bacteria,actinomycetota,actinomycetes,streptosporangiales,thermomonosporaceae,actinocorallia,actinocorallia longicatena
Zotu440,2,2,1,0,0,28,2,0,archaea,methanobacteriota,thermoplasmata,methanomassiliicoccales,methanomassiliicoccaceae,methanomassiliicoccus,candidatus methanomassiliicoccus intestinalis
Zotu441,26,76,39,99,43,57,155,5,bacteria,actinomycetota,actinomycetes,nakamurellales,nakamurellaceae,nakamurella,nakamurella antarctica
Zotu442,0,0,0,0,0,0,0,0,bacteria,pseudomonadota,betaproteobacteria,burkholderiales,sphaerotilaceae,roseateles,pelomonas aquatica
Zotu443,1,1,2,1,3,1,4,0,bacteria,actinomycetota,actinomycetes,kitasatosporales,streptomycetaceae,streptomyces,streptomyces speibonae
Zotu444,0,1,2,3,0,1,2,91,bacteria,bacteroidota,chitinophagia,chitinophagales,chitinophagaceae,flavisolibacter,flavisolibacter galbus
Zotu445,0,1,0,0,0,5,0,0,bacteria,actinomycetota,actinomycetes,streptosporangiales,streptosporangiaceae,planobispora,planobispora rosea
Zotu446,0,0,0,0,0,0,0,0,bacteria,bacteroidota,chitinophagia,chitinophagales,chitinophagaceae,cnuella,cnuella takakiae
Zotu447,0,0,0,0,0,0,0,0,bacteria,deinococcota,deinococci,trueperales,trueperaceae,truepera,truepera radiovictrix
Zotu448,1,0,1,4,2,3,2,30,bacteria,pseudomonadota,betaproteobacteria,burkholderiales,oxalobacteraceae,massilia,massilia aurea
Zotu449,86,129,40,309,2,1,2,2,bacteria,gemmatimonadota,gemmatimonadetes,gemmatimonadales,gemmatimonadaceae,gemmatimonas,gemmatimonas phototrophica
Zotu450,16,8,0,3,2,2,1,10,bacteria,bacillota,bacilli,bacillales,bacillaceae,ectobacillus,ectobacillus funiculus
Zotu451,16,3,0,1,0,0,0,0,bacteria,actinomycetota,rubrobacteria,gaiellales,gaiellaceae,gaiella,gaiella occulta
Zotu452,1,0,1,1,1,0,1,53,bacteria,pseudomonadota,betaproteobacteria,burkholderiales,oxalobacteraceae,noviherbaspirillum,noviherbaspirillum malthae
Zotu453,5,3,6,28,41,60,515,0,bacteria,actinomycetota,actinomycetes,motilibacterales,vallicoccaceae,vallicoccus,vallicoccus soli
Zotu454,0,0,0,0,0,1,1,0,bacteria,bacteroidota,chitinophagia,chitinophagales,chitinophagaceae,flavisolibacter,flavisolibacter galbus
Zotu455,1,2,1,2,2,3,19,3,bacteria,pseudomonadota,betaproteobacteria,burkholderiales,oxalobacteraceae,herbaspirillum,herbaspirillum seropedicae
Zotu456,0,0,0,1,0,0,2,0,bacteria,bacteroidota,chitinophagia,chitinophagales,chitinophagaceae,flavisolibacter,flavisolibacter carri
Zotu457,0,0,0,1,0,0,0,0,bacteria,bacteroidota,cytophagia,cytophagales,hymenobacteraceae,adhaeribacter,adhaeribacter aerolatus
Zotu458,7,0,1,2,0,0,1,1,bacteria,pseudomonadota,betaproteobacteria,burkholderiales,burkholderiales,aquabacterium,aquabacterium fontiphilum
Zotu459,1,4,69,2,2,11,14,2,bacteria,actinomycetota,acidimicrobiia,acidimicrobiales,acidimicrobiaceae,aciditerrimonas,aciditerrimonas ferrireducens
Zotu460,0,0,0,2,0,1,2,17,bacteria,bacteroidota,sphingobacteriia,sphingobacteriales,sphingobacteriaceae,pedobacter,pedobacter mongoliensis
Zotu461,1,0,0,0,0,0,0,1,bacteria,bacteroidota,chitinophagia,chitinophagales,chitinophagaceae,segetibacter,segetibacter aerophilus
Zotu462,0,1,1,0,1,2,2,44,bacteria,pseudomonadota,alphaproteobacteria,sphingomonadales,sphingosinicellaceae,sphingosinicella,sphingosinicella humi
Zotu463,3,3,5,3,1,49,9,2,bacteria,actinomycetota,actinomycetes,nakamurellales,nakamurellaceae,nakamurella,nakamurella antarctica
Zotu464,0,0,1,1,1,0,1,26,bacteria,pseudomonadota,betaproteobacteria,burkholderiales,oxalobacteraceae,noviherbaspirillum,noviherbaspirillum denitrificans
Zotu465,4,1,1,0,0,0,4,1,bacteria,bacillota,bacilli,bacillales,bacillaceae,bacillus,bacillus suaedaesalsae
Zotu466,2,2,3,3,1,2,2,447,bacteria,bacteroidota,chitinophagia,chitinophagales,chitinophagaceae,flavisolibacter,flavisolibacter galbus
Zotu467,1,0,0,0,0,0,1,10,bacteria,pseudomonadota,betaproteobacteria,nitrosomonadales,methylophilaceae,pseudomethylobacillus,pseudomethylobacillus aquaticus
Zotu468,0,0,0,0,0,0,0,0,bacteria,bacillota,clostridia,eubacteriales,oscillospiraceae,vescimonas,vescimonas coprocola
Zotu469,0,2,1,2,0,10,26,1,bacteria,chloroflexota,chloroflexia,kallotenuales,kallotenuaceae,kallotenue,kallotenue papyrolyticum
Zotu470,14,56,70,147,48,43,21,2,bacteria,chloroflexota,chloroflexota,chloroflexota,chloroflexota,thermobaculum,thermobaculum terrenum
Zotu471,0,0,0,0,0,0,1,0,bacteria,bacteroidota,chitinophagia,chitinophagales,chitinophagaceae,flavisolibacter,flavisolibacter galbus
Zotu472,5,0,2,0,3,1,2,0,bacteria,chloroflexota,chloroflexia,kallotenuales,kallotenuaceae,kallotenue,kallotenue papyrolyticum
Zotu473,0,1,0,0,0,0,1,38,bacteria,bacteroidota,cytophagia,cytophagales,hymenobacteraceae,rufibacter,rufibacter glacialis
Zotu474,0,0,0,2,2,0,0,20,bacteria,bacteroidota,chitinophagia,chitinophagales,chitinophagaceae,flavisolibacter,flavisolibacter metallilatus
Zotu475,0,2,1,2,0,47,71,39,bacteria,pseudomonadota,alphaproteobacteria,hyphomicrobiales,methylobacteriaceae,microvirga,microvirga thermotolerans
Zotu476,0,0,0,3,0,4,0,96,bacteria,pseudomonadota,alphaproteobacteria,hyphomicrobiales,methylobacteriaceae,microvirga,microvirga guangxiensis
Zotu477,0,0,0,0,0,0,20,1,bacteria,bacteroidota,cytophagia,cytophagales,hymenobacteraceae,pontibacter,pontibacter silvestris
Zotu478,2,1,3,1,0,3,0,0,bacteria,pseudomonadota,gammaproteobacteria,chromatiales,thioprofundaceae,thioprofundum,thioprofundum hispidum
Zotu479,3,1,1,0,0,1,1,0,bacteria,actinomycetota,actinomycetes,pseudonocardiales,pseudonocardiaceae,pseudonocardia,pseudonocardia adelaidensis
Zotu480,1,0,0,0,0,0,0,0,bacteria,deinococcota,deinococci,trueperales,trueperaceae,truepera,truepera radiovictrix
Zotu481,18,6,24,2,7,34,16,2,bacteria,chloroflexota,tepidiformia,tepidiformales,tepidiformaceae,tepidiforma,tepidiforma bonchosmolovskayae
Zotu482,2,3,3,0,0,0,10,1,bacteria,myxococcota,myxococcia,myxococcales,archangiaceae,hyalangium,hyalangium minutum
Zotu483,4,3,2,0,2,3,3,2,bacteria,actinomycetota,actinomycetes,pseudonocardiales,pseudonocardiaceae,saccharopolyspora,saccharopolyspora qijiaojingensis
Zotu484,12,0,1,1,24,215,18,1,bacteria,verrucomicrobiota,verrucomicrobiae,verrucomicrobiales,verrucomicrobia subdivision 3,pedosphaera,pedosphaera parvula
Zotu485,0,0,0,1,0,1,1,0,bacteria,pseudomonadota,alphaproteobacteria,sphingomonadales,sphingomonadaceae,sphingomonas,sphingomonas agri
Zotu486,2,1,1,4,2,1,2,19,bacteria,pseudomonadota,betaproteobacteria,burkholderiales,oxalobacteraceae,noviherbaspirillum,noviherbaspirillum agri
Zotu487,1,1,1,2,2,5,3,0,bacteria,actinomycetota,thermoleophilia,solirubrobacterales,conexibacteraceae,conexibacter,conexibacter stalactiti
Zotu488,0,0,0,1,2,0,0,1,bacteria,chloroflexota,chloroflexia,herpetosiphonales,herpetosiphonaceae,herpetosiphon,herpetosiphon aurantiacus
Zotu489,1,6,3,5,61,88,342,26,bacteria,acidobacteriota,blastocatellia,blastocatellales,arenimicrobiaceae,brevitalea,brevitalea aridisoli
Zotu490,0,0,0,0,0,0,0,0,bacteria,bacteroidota,cytophagia,cytophagales,cytophagaceae,rhodocytophaga,rhodocytophaga aerolata
Zotu491,0,1,2,2,3,2,58,133,bacteria,pseudomonadota,betaproteobacteria,burkholderiales,oxalobacteraceae,glaciimonas,glaciimonas singularis
Zotu492,244,98,109,100,2,6,6,5,bacteria,gemmatimonadota,gemmatimonadetes,gemmatimonadales,gemmatimonadaceae,gemmatimonas,gemmatimonas phototrophica
Zotu493,2,0,1,1,1,0,3,25,bacteria,pseudomonadota,alphaproteobacteria,rhodospirillales,acetobacteraceae,falsiroseomonas,falsiroseomonas riguiloci
Zotu494,0,0,1,1,1,0,0,1,bacteria,actinomycetota,actinomycetes,geodermatophilales,geodermatophilaceae,modestobacter,modestobacter marinus
Zotu495,9,15,26,24,86,24,3,4,bacteria,actinomycetota,nitriliruptoria,euzebyales,euzebyaceae,euzebya,euzebya pacifica
Zotu496,16,68,2,0,1,18,0,0,bacteria,chloroflexota,thermomicrobia,sphaerobacterales,sphaerobacteraceae,sphaerobacter,sphaerobacter thermophilus
Zotu497,0,0,0,0,0,0,1,0,bacteria,actinomycetota,rubrobacteria,rubrobacterales,rubrobacteraceae,rubrobacter,rubrobacter spartanus
Zotu498,0,28,21,1,1,3,4,3,bacteria,bacillota,clostridia,eubacteriales,syntrophomonadaceae,syntrophothermus,syntrophothermus lipocalidus
Zotu499,0,0,1,0,1,63,1,2,bacteria,campylobacterota,desulfurellia,desulfurellales,desulfurellaceae,desulfurella,desulfurella acetivorans
Zotu500,2,9,4,7,17,163,129,81,bacteria,actinomycetota,thermoleophilia,solirubrobacterales,solirubrobacteraceae,solirubrobacter,solirubrobacter phytolaccae
Zotu501,0,1,0,3,1,0,2,1,bacteria,pseudomonadota,gammaproteobacteria,nevskiales,nevskiaceae,panacagrimonas,panacagrimonas perspica
Zotu502,0,0,0,0,0,0,0,0,bacteria,actinomycetota,thermoleophilia,solirubrobacterales,conexibacteraceae,conexibacter,conexibacter arvalis
Zotu503,1,2,0,4,2,0,1,9,bacteria,pseudomonadota,alphaproteobacteria,sphingomonadales,sphingosinicellaceae,sphingosinicella,sphingosinicella humi
Zotu504,1,1,1,1,0,0,0,0,bacteria,acidobacteriota,vicinamibacteria,vicinamibacterales,vicinamibacteraceae,luteitalea,luteitalea pratensis
Zotu505,20,14,33,47,16,21,10,7,bacteria,actinomycetota,acidimicrobiia,acidimicrobiales,iamiaceae,actinomarinicola,actinomarinicola tropica
Zotu506,0,1,0,0,18,1,1,0,bacteria,planctomycetota,planctomycetia,planctomycetales,planctomycetaceae,schlesneria,schlesneria paludicola
Zotu507,0,0,0,0,0,0,0,8,bacteria,actinomycetota,actinomycetes,kitasatosporales,streptomycetaceae,streptomyces,streptomyces verrucosisporus
Zotu508,8,32,46,4,14,4,2,1,bacteria,bacillota,clostridia,thermoanaerobacterales,thermoanaerobacteraceae,carboxydothermus,carboxydothermus islandicus
Zotu509,3,2,4,1,1,1,11,10,bacteria,gemmatimonadota,longimicrobiia,longimicrobiales,longimicrobiaceae,longimicrobium,longimicrobium terrae
Zotu510,3,0,1,0,1,0,1,0,bacteria,thermomicrobiota,thermomicrobia,sphaerobacterales,sphaerobacteraceae,nitrolancea,nitrolancea hollandica
Zotu511,1,1,0,0,1,103,84,0,archaea,methanobacteriota,thermoplasmata,methanomassiliicoccales,methanomassiliicoccaceae,candidatus methanogranum,thermoplasmata archaeon kjm51a
Zotu512,2,1,4,3,2,1,0,4,bacteria,actinomycetota,rubrobacteria,rubrobacterales,rubrobacteraceae,rubrobacter,rubrobacter taiwanensis
Zotu513,33,60,152,0,1,3,1,2,bacteria,planctomycetota,planctomycetia,gemmatales,gemmataceae,limnoglobus,limnoglobus roseus
Zotu514,1,3,4,0,15,0,2,0,bacteria,actinomycetota,actinomycetes,propionibacteriales,nocardioidaceae,nocardioides,nocardioides panacis
Zotu515,1,1,0,0,0,6,2,0,bacteria,actinomycetota,acidimicrobiia,acidimicrobiales,iamiaceae,actinomarinicola,actinomarinicola tropica
Zotu516,1,1,0,0,3,4,0,2,bacteria,verrucomicrobiota,opitutae,opitutales,opitutaceae,opitutus,opitutus terrae
Zotu517,75,148,110,4,3,0,2,4,bacteria,candidatus tectomicrobia,candidatus tectomicrobia,candidatus tectomicrobia,candidatus tectomicrobia,candidatus entotheonella,candidatus entotheonella palauensis
Zotu518,5,2,3,4,4,8,1,17,bacteria,bacillota,bacilli,bacillales,bacillaceae,robertmurraya,robertmurraya korlensis
Zotu519,1,1,0,0,0,0,154,55,bacteria,bacteroidota,chitinophagia,chitinophagales,chitinophagaceae,flavisolibacter,flavisolibacter galbus
Zotu520,151,146,72,0,72,3,5,0,archaea,methanobacteriota,thermoplasmata,methanomassiliicoccales,candidatus methanomethylophilaceae,candidatus methanomethylophilus,candidatus methanomethylophilus alvus
Zotu521,1,1,3,0,1,0,2,1,bacteria,chloroflexota,tepidiformia,tepidiformales,tepidiformaceae,tepidiforma,tepidiforma bonchosmolovskayae
Zotu522,95,234,2,0,1,3,2,1,bacteria,chloroflexota,anaerolineae,anaerolineales,anaerolineaceae,thermanaerothrix,thermanaerothrix daxensis
Zotu523,35,46,20,127,53,29,1,0,bacteria,bacillota,clostridia,eubacteriales,clostridiales family xvii. incertae sedis,thermaerobacter,thermaerobacter composti
Zotu524,1,2,19,0,1,33,8,15,bacteria,pseudomonadota,alphaproteobacteria,caulobacterales,caulobacteraceae,phenylobacterium,phenylobacterium soli
Zotu525,1,2,2,0,20,18,1,0,bacteria,gemmatimonadota,gemmatimonadetes,gemmatimonadales,gemmatimonadaceae,gemmatimonas,gemmatimonas phototrophica
Zotu526,0,0,0,0,1,0,1,0,bacteria,bacillota,clostridia,eubacteriales,clostridiales family xvii. incertae sedis,thermaerobacter,thermaerobacter composti
Zotu527,0,2,1,0,0,10,14,2,bacteria,actinomycetota,acidimicrobiia,acidimicrobiales,acidimicrobiaceae,aciditerrimonas,aciditerrimonas ferrireducens
Zotu528,20,28,66,145,111,84,36,4,bacteria,actinomycetota,rubrobacteria,gaiellales,gaiellaceae,gaiella,gaiella occulta
Zotu529,3,2,1,2,0,5,3,1,bacteria,actinomycetota,acidimicrobiia,acidimicrobiales,acidimicrobiaceae,acidiferrimicrobium,acidiferrimicrobium australe
Zotu530,0,0,0,0,0,1,1,2,bacteria,bacillota,bacilli,bacillales,bacillaceae,bacillus,bacillus isabeliae
Zotu531,58,5,47,54,28,25,10,3,bacteria,actinomycetota,rubrobacteria,gaiellales,gaiellaceae,gaiella,gaiella occulta
Zotu532,0,1,0,0,0,2,13,30,bacteria,pseudomonadota,betaproteobacteria,burkholderiales,oxalobacteraceae,actimicrobium,actimicrobium antarcticum
Zotu533,2,0,0,0,1,0,0,12,bacteria,bacteroidota,cytophagia,cytophagales,hymenobacteraceae,adhaeribacter,adhaeribacter aquaticus
Zotu534,0,0,0,0,0,1,0,17,bacteria,bacteroidota,cytophagia,cytophagales,hymenobacteraceae,adhaeribacter,adhaeribacter rhizoryzae
Zotu535,1,0,2,1,1,15,6,2,bacteria,bacillota,clostridia,eubacteriales,clostridiales family xvii. incertae sedis,thermaerobacter,thermaerobacter subterraneus
Zotu536,0,0,0,1,1,0,0,37,bacteria,actinomycetota,actinomycetes,geodermatophilales,geodermatophilaceae,modestobacter,modestobacter marinus
Zotu537,0,0,0,0,1,0,2,1,bacteria,actinomycetota,rubrobacteria,rubrobacterales,rubrobacteraceae,rubrobacter,rubrobacter taiwanensis
Zotu538,0,0,0,2,0,0,16,14,bacteria,chloroflexota,thermomicrobia,sphaerobacterales,sphaerobacteraceae,sphaerobacter,sphaerobacter thermophilus
Zotu539,1,1,0,0,1,0,2,10,bacteria,pseudomonadota,alphaproteobacteria,sphingomonadales,sphingomonadaceae,sphingomonas,sphingomonas sanxanigenens
Zotu540,0,0,1,36,0,0,0,0,bacteria,actinomycetota,acidimicrobiia,acidimicrobiales,acidimicrobiaceae,aciditerrimonas,aciditerrimonas ferrireducens
Zotu541,1,2,1,2,0,22,28,45,bacteria,pseudomonadota,alphaproteobacteria,hyphomicrobiales,methylobacteriaceae,microvirga,microvirga thermotolerans
Zotu542,3,4,1,0,1,1,2,96,bacteria,pseudomonadota,betaproteobacteria,burkholderiales,oxalobacteraceae,noviherbaspirillum,noviherbaspirillum suwonense
Zotu543,0,0,2,0,0,0,43,0,bacteria,planctomycetota,phycisphaerae,tepidisphaerales,tepidisphaeraceae,tepidisphaera,tepidisphaera mucosa
Zotu544,1,7,18,68,0,0,11,2,bacteria,bacteroidota,cytophagia,cytophagales,cesiribacteraceae,nafulsella,nafulsella turpanensis
Zotu545,1,1,0,1,0,0,0,0,bacteria,actinomycetota,actinomycetes,mycobacteriales,nocardiaceae,nocardia,nocardia carnea
Zotu546,0,0,0,0,0,0,0,1,bacteria,bacillota,bacilli,lactobacillales,enterococcaceae,enterococcus,enterococcus cecorum
Zotu547,0,15,3,0,4,22,9,0,bacteria,actinomycetota,thermoleophilia,solirubrobacterales,baekduiaceae,baekduia,baekduia soli
Zotu548,1,1,2,1,1,2,1,63,bacteria,actinomycetota,actinomycetes,geodermatophilales,geodermatophilaceae,geodermatophilus,geodermatophilus obscurus
Zotu549,1,1,3,1,86,1,0,2,bacteria,pseudomonadota,gammaproteobacteria,nevskiales,nevskiaceae,panacagrimonas,panacagrimonas perspica
Zotu550,0,0,0,0,1,5,23,1,bacteria,verrucomicrobiota,opitutae,opitutales,opitutaceae,opitutus,opitutus terrae
Zotu551,1,0,1,1,0,0,0,4,bacteria,planctomycetota,planctomycetia,pirellulales,pirellulaceae,anatilimnocola,anatilimnocola aggregata
Zotu552,6,3,2,0,1,3,5,116,bacteria,pseudomonadota,alphaproteobacteria,hyphomicrobiales,methylobacteriaceae,microvirga,microvirga soli
Zotu553,0,1,1,2,1,29,46,7,bacteria,verrucomicrobiota,verrucomicrobiae,verrucomicrobiales,verrucomicrobia subdivision 3,pedosphaera,pedosphaera parvula
Zotu554,0,1,1,0,1,8,4,32,bacteria,chloroflexota,chloroflexia,chloroflexales,roseiflexaceae,kouleothrix,kouleothrix aurantiaca
Zotu555,1,4,0,3,91,88,15,1,bacteria,verrucomicrobiota,verrucomicrobiae,verrucomicrobiales,verrucomicrobia subdivision 3,pedosphaera,pedosphaera parvula
Zotu556,1,3,68,186,68,89,26,2,bacteria,actinomycetota,thermoleophilia,solirubrobacterales,conexibacteraceae,conexibacter,conexibacter arvalis
Zotu557,3,3,0,1,2,1,2,3,bacteria,pseudomonadota,gammaproteobacteria,nevskiales,nevskiaceae,panacagrimonas,panacagrimonas perspica
Zotu558,14,27,222,4,3,31,21,2,bacteria,acidobacteriota,blastocatellia,blastocatellales,pyrinomonadaceae,pyrinomonas,pyrinomonas methylaliphatogenes
Zotu559,0,0,2,1,4,1,0,128,bacteria,bacteroidota,chitinophagia,chitinophagales,chitinophagaceae,flavisolibacter,flavisolibacter metallilatus
Zotu560,19,36,1,2,0,1,15,2,bacteria,chloroflexota,chloroflexia,chloroflexales,roseiflexaceae,kouleothrix,kouleothrix aurantiaca
Zotu561,1,1,1,2,46,65,52,2,bacteria,verrucomicrobiota,verrucomicrobiae,verrucomicrobiales,verrucomicrobia subdivision 3,pedosphaera,pedosphaera parvula
Zotu562,2,1,24,0,0,27,70,19,archaea,methanobacteriota,thermoplasmata,methanomassiliicoccales,methanomassiliicoccaceae,methanomassiliicoccus,candidatus methanomassiliicoccus intestinalis
Zotu563,15,8,0,0,20,23,1,2,bacteria,chloroflexota,tepidiformia,tepidiformales,tepidiformaceae,tepidiforma,tepidiforma bonchosmolovskayae
Zotu564,1,0,4,0,0,2,1,4,bacteria,bacteroidota,chitinophagia,chitinophagales,chitinophagaceae,segetibacter,segetibacter aerophilus
Zotu565,83,16,2,0,12,6,1,6,bacteria,planctomycetota,planctomycetia,pirellulales,pirellulaceae,candidatus anammoximicrobium,candidatus anammoximicrobium moscowii
Zotu566,0,1,3,0,50,73,1,1,bacteria,pseudomonadota,gammaproteobacteria,nevskiales,nevskiaceae,panacagrimonas,panacagrimonas perspica
Zotu567,0,0,0,0,0,0,0,0,bacteria,bacteroidota,cytophagia,cytophagales,hymenobacteraceae,adhaeribacter,adhaeribacter swui
Zotu568,0,2,0,0,0,9,5,0,bacteria,actinomycetota,nitriliruptoria,euzebyales,euzebyaceae,euzebya,euzebya pacifica
Zotu569,0,3,0,0,0,2,0,0,bacteria,verrucomicrobiota,verrucomicrobiae,verrucomicrobiales,verrucomicrobia subdivision 3,pedosphaera,pedosphaera parvula
Zotu570,0,0,0,0,0,0,0,0,bacteria,acidobacteriota,blastocatellia,blastocatellales,blastocatellaceae,aridibacter,aridibacter kavangonensis
Zotu571,14,51,28,0,30,118,17,3,bacteria,pseudomonadota,betaproteobacteria,burkholderiales,burkholderiales,thiobacter,thiobacter subterraneus
Zotu572,0,0,1,0,0,2,1,0,bacteria,pseudomonadota,gammaproteobacteria,nevskiales,nevskiaceae,panacagrimonas,panacagrimonas perspica
Zotu573,1,2,1,0,0,1,1,7,bacteria,pseudomonadota,alphaproteobacteria,sphingomonadales,sphingomonadaceae,novosphingobium,novosphingobium gossypii
Zotu574,0,0,1,3,1,0,14,0,bacteria,pseudomonadota,alphaproteobacteria,hyphomicrobiales,hyphomicrobiales,pseudorhodoplanes,pseudorhodoplanes sinuspersici
Zotu575,0,0,0,0,0,1,2,4,bacteria,pseudomonadota,alphaproteobacteria,sphingomonadales,sphingosinicellaceae,sphingoaurantiacus,sphingoaurantiacus polygranulatus
Zotu576,0,0,0,0,0,0,0,0,bacteria,bacteroidota,cytophagia,cytophagales,hymenobacteraceae,rufibacter,rufibacter hautae
Zotu577,4,20,40,2,109,327,0,4,bacteria,planctomycetota,planctomycetia,pirellulales,lacipirellulaceae,pirellulimonas,pirellulimonas nuda
Zotu578,0,0,0,0,0,0,0,0,bacteria,verrucomicrobiota,verrucomicrobiae,limisphaerales,fontisphaeraceae,fontisphaera,fontisphaera persica
Zotu579,29,37,5,35,77,23,25,23,bacteria,chloroflexota,chloroflexota,chloroflexota,chloroflexota,thermobaculum,thermobaculum terrenum
Zotu580,0,1,0,4,2,4,2,0,bacteria,actinomycetota,actinomycetes,geodermatophilales,geodermatophilaceae,blastococcus,blastococcus jejuensis
Zotu581,1,1,9,1,1,272,36,3,bacteria,acidobacteriota,blastocatellia,blastocatellales,blastocatellaceae,aridibacter,aridibacter kavangonensis
Zotu582,97,290,61,4,3,37,5,5,bacteria,thermodesulfobacteriota,syntrophobacteria,syntrophobacterales,syntrophobacteraceae,desulfosoma,desulfosoma caldarium
Zotu583,1,2,1,0,2,1,1,32,bacteria,bacteroidota,cytophagia,cytophagales,hymenobacteraceae,adhaeribacter,adhaeribacter aquaticus
Zotu584,1,0,0,0,0,2,1,1,bacteria,pseudomonadota,betaproteobacteria,burkholderiales,oxalobacteraceae,massilia,massilia atriviolacea
Zotu586,0,2,2,2,0,2,4,124,bacteria,pseudomonadota,betaproteobacteria,burkholderiales,burkholderiaceae,quisquiliibacterium,quisquiliibacterium transsilvanicum
Zotu587,0,1,0,0,1,1,1,27,bacteria,pseudomonadota,alphaproteobacteria,sphingomonadales,sphingomonadaceae,hephaestia,hephaestia caeni
Zotu588,60,46,22,24,100,134,7,6,bacteria,gemmatimonadota,longimicrobiia,longimicrobiales,longimicrobiaceae,longimicrobium,longimicrobium terrae
Zotu589,1,12,47,3,1,20,8,1,bacteria,actinomycetota,acidimicrobiia,acidimicrobiales,acidimicrobiaceae,aciditerrimonas,aciditerrimonas ferrireducens
Zotu590,0,0,0,0,0,0,0,0,bacteria,planctomycetota,planctomycetia,gemmatales,gemmataceae,limnoglobus,limnoglobus roseus
Zotu591,9,11,8,119,87,52,12,29,bacteria,actinomycetota,rubrobacteria,rubrobacterales,rubrobacteraceae,rubrobacter,rubrobacter marinus
Zotu592,4,75,23,155,11,36,21,2,bacteria,actinomycetota,rubrobacteria,rubrobacterales,rubrobacteraceae,rubrobacter,rubrobacter naiadicus
Zotu593,1,1,81,0,0,30,38,1,archaea,methanobacteriota,thermoplasmata,methanomassiliicoccales,methanomassiliicoccaceae,methanomassiliicoccus,candidatus methanomassiliicoccus intestinalis
Zotu594,2,6,23,3,1,6,12,1,bacteria,actinomycetota,acidimicrobiia,acidimicrobiales,acidimicrobiaceae,acidiferrimicrobium,acidiferrimicrobium australe
Zotu595,26,75,80,93,19,32,31,1,bacteria,actinomycetota,rubrobacteria,rubrobacterales,rubrobacteraceae,rubrobacter,rubrobacter xylanophilus
Zotu596,0,0,1,1,1,0,0,10,bacteria,pseudomonadota,alphaproteobacteria,caulobacterales,caulobacteraceae,phenylobacterium,phenylobacterium mobile
Zotu597,0,0,0,0,0,0,0,0,bacteria,pseudomonadota,betaproteobacteria,burkholderiales,burkholderiales,tepidimonas,tepidimonas taiwanensis
Zotu598,0,0,1,0,3,2,0,2,bacteria,actinomycetota,actinomycetes,geodermatophilales,geodermatophilaceae,geodermatophilus,geodermatophilus chilensis
Zotu599,0,0,0,0,0,0,1,0,bacteria,bacteroidota,chitinophagia,chitinophagales,chitinophagaceae,sediminibacterium,sediminibacterium goheungense
Zotu600,1,46,49,2,1,1,3,0,bacteria,pseudomonadota,betaproteobacteria,ferritrophicales,ferritrophicaceae,ferritrophicum,ferritrophicum radicicola
Zotu601,2,0,2,1,0,26,19,17,bacteria,pseudomonadota,betaproteobacteria,burkholderiales,comamonadaceae,ramlibacter,ramlibacter monticola
Zotu602,0,0,0,0,1,0,0,1,bacteria,acidobacteriota,terriglobia,bryobacterales,bryobacteraceae,bryobacter,bryobacter aggregatus
Zotu603,0,2,21,0,0,1,1,0,bacteria,verrucomicrobiota,verrucomicrobiae,limisphaerales,fontisphaeraceae,fontisphaera,fontisphaera persica
Zotu604,0,0,1,0,1,7,0,1,bacteria,actinomycetota,thermoleophilia,solirubrobacterales,parviterribacteraceae,parviterribacter,parviterribacter kavangonensis
Zotu605,0,1,1,1,17,75,18,1,bacteria,actinomycetota,acidimicrobiia,acidimicrobiales,acidimicrobiaceae,aciditerrimonas,aciditerrimonas ferrireducens
Zotu606,0,3,0,2,1,1,2,1,bacteria,bacillota,bacilli,bacillales,bacillales family x. incertae sedis,thermicanus,thermicanus aegyptius
Zotu607,0,2,0,1,0,1,19,18,archaea,methanobacteriota,thermoplasmata,methanomassiliicoccales,methanomassiliicoccaceae,methanomassiliicoccus,candidatus methanomassiliicoccus intestinalis
Zotu608,0,0,0,0,0,0,0,0,bacteria,actinomycetota,rubrobacteria,rubrobacterales,rubrobacteraceae,rubrobacter,rubrobacter naiadicus
Zotu609,35,45,42,115,10,82,34,17,bacteria,acidobacteriota,vicinamibacteria,vicinamibacterales,vicinamibacteraceae,luteitalea,luteitalea pratensis
Zotu610,0,0,0,0,1,0,1,0,bacteria,actinomycetota,actinomycetes,streptosporangiales,thermomonosporaceae,actinocorallia,actinocorallia longicatena
Zotu611,38,90,15,0,62,149,41,1,bacteria,chloroflexota,tepidiformia,tepidiformales,tepidiformaceae,tepidiforma,tepidiforma bonchosmolovskayae
Zotu612,0,1,0,0,0,56,23,1,bacteria,bacteroidota,flavobacteriia,flavobacteriales,owenweeksiaceae,owenweeksia,owenweeksia hongkongensis
Zotu613,1,3,8,0,0,1,2,0,bacteria,bacillota,bacilli,bacillales,paenibacillaceae,paenibacillus,paenibacillus antri
Zotu614,0,0,1,0,0,0,0,0,bacteria,pseudomonadota,alphaproteobacteria,sphingomonadales,sphingosinicellaceae,sphingoaurantiacus,sphingoaurantiacus polygranulatus
Zotu615,0,0,2,0,0,0,0,13,bacteria,bacteroidota,chitinophagia,chitinophagales,chitinophagaceae,flavisolibacter,flavisolibacter ginsengiterrae
Zotu616,0,0,0,0,0,0,0,2,bacteria,pseudomonadota,alphaproteobacteria,hyphomicrobiales,methylobacteriaceae,microvirga,microvirga thermotolerans
Zotu617,2,0,0,3,21,73,111,74,bacteria,pseudomonadota,alphaproteobacteria,hyphomicrobiales,phyllobacteriaceae,mesorhizobium,mesorhizobium plurifarium
Zotu618,1,0,0,3,1,3,60,17,bacteria,deinococcota,deinococci,deinococcales,deinococcaceae,deinococcus,deinococcus pimensis
Zotu619,0,1,5,0,0,0,0,0,bacteria,actinomycetota,actinomycetes,pseudonocardiales,pseudonocardiaceae,pseudonocardia,pseudonocardia adelaidensis
Zotu620,0,0,0,1,0,0,0,0,bacteria,gemmatimonadota,gemmatimonadetes,gemmatimonadales,gemmatimonadaceae,gemmatimonas,gemmatimonas phototrophica
Zotu621,0,2,0,2,0,1,3,3,bacteria,bacillota,thermolithobacteria,thermolithobacterales,thermolithobacteraceae,thermolithobacter,thermolithobacter ferrireducens
Zotu622,0,0,0,0,0,0,0,0,bacteria,actinomycetota,actinomycetes,streptosporangiales,thermomonosporaceae,thermomonospora,thermomonospora amylolytica
Zotu623,87,136,81,32,10,1,1,2,bacteria,pseudomonadota,deltaproteobacteria,desulfuromonadales,desulfuromonadaceae,pelobacter,pelobacter carbinolicus
Zotu624,3,7,50,0,0,92,19,1,bacteria,verrucomicrobiota,opitutae,opitutales,opitutaceae,horticoccus,horticoccus luteus
Zotu625,5,5,0,0,3,9,7,16,bacteria,pseudomonadota,alphaproteobacteria,hyphomicrobiales,chelatococcaceae,chelatococcus,chelatococcus composti
Zotu626,0,1,0,0,1,0,0,0,bacteria,bacillota,bacilli,bacillales,bacillaceae,bacillus,bacillus asahii
Zotu627,1,0,1,2,0,4,0,1,bacteria,actinomycetota,rubrobacteria,gaiellales,gaiellaceae,gaiella,gaiella occulta
Zotu628,0,0,0,0,0,0,0,0,bacteria,bacteroidota,cytophagia,cytophagales,fulvivirgaceae,ohtaekwangia,ohtaekwangia koreensis
Zotu629,1,0,0,0,0,1,0,0,bacteria,actinomycetota,rubrobacteria,gaiellales,gaiellaceae,gaiella,gaiella occulta
Zotu630,218,70,18,90,2,2,4,3,bacteria,bacillota,clostridia,eubacteriales,clostridiales family xvii. incertae sedis,thermaerobacter,thermaerobacter composti
Zotu631,0,0,0,0,0,0,0,29,bacteria,pseudomonadota,alphaproteobacteria,rhodospirillales,acetobacteraceae,paracraurococcus,paracraurococcus ruber
Zotu632,36,18,18,132,34,41,2,1,bacteria,pseudomonadota,alphaproteobacteria,rhodospirillales,azospirillaceae,indioceanicola,indioceanicola profundi
Zotu634,0,1,1,1,0,1,24,1,bacteria,pseudomonadota,betaproteobacteria,burkholderiales,comamonadaceae,ramlibacter,ramlibacter humi
Zotu635,0,0,0,0,0,0,0,0,bacteria,actinomycetota,thermoleophilia,thermoleophilales,thermoleophilaceae,thermoleophilum,thermoleophilum album
Zotu636,0,0,0,0,0,0,0,0,bacteria,actinomycetota,actinomycetes,pseudonocardiales,pseudonocardiaceae,pseudonocardia,pseudonocardia nigra
Zotu637,1,0,0,0,0,1,0,0,bacteria,chloroflexota,anaerolineae,anaerolineales,anaerolineaceae,thermanaerothrix,thermanaerothrix daxensis
Zotu638,1,1,0,0,0,0,0,97,bacteria,verrucomicrobiota,spartobacteria,chthoniobacterales,chthoniobacteraceae,chthoniobacter,chthoniobacter flavus
Zotu639,0,0,0,0,0,0,0,0,bacteria,thermomicrobiota,thermomicrobia,sphaerobacterales,sphaerobacteraceae,sphaerobacter,sphaerobacter thermophilus
Zotu640,14,83,45,129,117,22,22,6,bacteria,acidobacteriota,vicinamibacteria,vicinamibacterales,vicinamibacteraceae,vicinamibacter,vicinamibacter silvestris
Zotu641,0,2,22,3,0,2,0,0,bacteria,actinomycetota,acidimicrobiia,acidimicrobiales,iamiaceae,actinomarinicola,actinomarinicola tropica
Zotu642,0,0,0,0,0,0,0,0,bacteria,pseudomonadota,gammaproteobacteria,oceanospirillales,halomonadaceae,halomonas,halomonas campaniensis
Zotu643,96,369,0,0,3,2,2,0,archaea,methanobacteriota,thermoplasmata,methanomassiliicoccales,candidatus methanomethylophilaceae,candidatus methanomethylophilus,candidatus methanomethylophilus alvus
Zotu644,1,3,2,1,1,3,99,235,bacteria,chloroflexota,chloroflexia,kallotenuales,kallotenuaceae,kallotenue,kallotenue papyrolyticum
Zotu645,52,118,32,109,6,0,1,1,bacteria,pseudomonadota,deltaproteobacteria,myxococcales,kofleriaceae,kofleria,kofleria flava
Zotu646,22,0,0,289,0,39,1,0,bacteria,planctomycetota,phycisphaerae,tepidisphaerales,tepidisphaeraceae,tepidisphaera,tepidisphaera mucosa
Zotu647,7,4,17,72,1,1,0,8,bacteria,actinomycetota,acidimicrobiia,acidimicrobiales,acidimicrobiaceae,aciditerrimonas,aciditerrimonas ferrireducens
Zotu648,1,0,0,1,1,0,0,0,archaea,nitrososphaerota,thaumarchaeota,nitrososphaerales,nitrososphaeraceae,nitrososphaera,nitrososphaera viennensis
Zotu649,1,0,3,1,1,0,0,2,bacteria,chloroflexota,chloroflexia,herpetosiphonales,herpetosiphonaceae,herpetosiphon,herpetosiphon aurantiacus
Zotu650,1,0,0,2,0,1,2,2,bacteria,planctomycetota,planctomycetia,pirellulales,lacipirellulaceae,botrimarina,botrimarina hoheduenensis
Zotu651,6,11,0,0,0,0,0,0,bacteria,planctomycetota,planctomycetia,pirellulales,pirellulaceae,candidatus anammoximicrobium,candidatus anammoximicrobium moscowii
Zotu652,1,0,0,0,0,0,0,0,bacteria,bacteroidota,cytophagia,cytophagales,fulvivirgaceae,ohtaekwangia,ohtaekwangia koreensis
Zotu653,115,180,159,0,2,56,2,2,bacteria,planctomycetota,planctomycetia,pirellulales,pirellulaceae,anatilimnocola,anatilimnocola aggregata
Zotu654,0,0,0,0,0,0,0,0,bacteria,actinomycetota,actinomycetes,pseudonocardiales,pseudonocardiaceae,haloechinothrix,haloechinothrix salitolerans
Zotu655,0,1,0,0,1,2,1,4,bacteria,bacteroidota,chitinophagia,chitinophagales,chitinophagaceae,flavisolibacter,flavisolibacter carri
Zotu656,0,10,12,0,0,0,0,0,bacteria,bacillota,clostridia,eubacteriales,symbiobacteriaceae,symbiobacterium,symbiobacterium terraclitae
Zotu657,10,11,6,1,2,1,1,0,bacteria,actinomycetota,acidimicrobiia,acidimicrobiales,acidimicrobiaceae,aciditerrimonas,aciditerrimonas ferrireducens
Zotu658,4,0,0,73,2,1,1,13,bacteria,bacillota,bacilli,bacillales,bacillaceae,bacillus,bacillus niabensis
Zotu659,0,0,3,0,1,0,0,0,bacteria,verrucomicrobiota,spartobacteria,chthoniobacterales,chthoniobacteraceae,chthoniobacter,chthoniobacter flavus
Zotu660,0,1,1,2,1,6,17,7,bacteria,gemmatimonadota,longimicrobiia,longimicrobiales,longimicrobiaceae,longimicrobium,longimicrobium terrae
Zotu661,5,2,0,1,4,3,3,2,bacteria,actinomycetota,thermoleophilia,solirubrobacterales,baekduiaceae,baekduia,baekduia soli
Zotu662,77,159,81,108,19,2,3,1,bacteria,acidobacteriota,vicinamibacteria,vicinamibacterales,vicinamibacteraceae,luteitalea,luteitalea pratensis
Zotu663,13,0,21,34,14,1,0,0,archaea,methanobacteriota,thermoplasmata,methanomassiliicoccales,methanomassiliicoccaceae,methanomassiliicoccus,candidatus methanomassiliicoccus intestinalis
Zotu664,0,0,1,0,0,0,1,4,bacteria,actinomycetota,actinomycetes,kitasatosporales,streptomycetaceae,streptomyces,streptomyces thermocarboxydovorans
Zotu665,0,0,2,3,3,3,3,0,bacteria,pseudomonadota,gammaproteobacteria,nevskiales,nevskiaceae,panacagrimonas,panacagrimonas perspica
Zotu666,1,1,7,0,2,8,11,0,bacteria,actinomycetota,thermoleophilia,solirubrobacterales,conexibacteraceae,conexibacter,conexibacter stalactiti
Zotu667,1,0,2,0,0,1,1,1,bacteria,actinomycetota,rubrobacteria,rubrobacterales,rubrobacteraceae,rubrobacter,rubrobacter naiadicus
Zotu668,12,52,64,1,55,75,2,0,bacteria,verrucomicrobiota,verrucomicrobiae,limisphaerales,fontisphaeraceae,fontisphaera,fontisphaera persica
Zotu669,25,316,66,1,3,1,1,2,bacteria,planctomycetota,planctomycetia,gemmatales,gemmataceae,zavarzinella,zavarzinella formosa
Zotu670,211,106,0,2,2,1,4,5,bacteria,pseudomonadota,gammaproteobacteria,nevskiales,nevskiaceae,panacagrimonas,panacagrimonas perspica
Zotu671,2,1,15,1,2,33,4,3,bacteria,chloroflexota,thermomicrobia,sphaerobacterales,sphaerobacteraceae,sphaerobacter,sphaerobacter thermophilus
Zotu672,0,0,0,0,0,1,1,0,bacteria,actinomycetota,actinomycetes,propionibacteriales,nocardioidaceae,nocardioides,nocardioides dubius
Zotu673,3,9,2,2,3,1,1,1,bacteria,actinomycetota,thermoleophilia,solirubrobacterales,solirubrobacteraceae,solirubrobacter,solirubrobacter ginsenosidimutans
Zotu674,74,104,52,157,0,4,0,2,bacteria,planctomycetota,planctomycetia,pirellulales,lacipirellulaceae,pirellulimonas,pirellulimonas nuda
Zotu675,7,2,0,138,2,24,1,0,bacteria,actinomycetota,thermoleophilia,thermoleophilales,thermoleophilaceae,thermoleophilum,thermoleophilum album
Zotu676,2,7,1,46,17,21,23,8,bacteria,actinomycetota,thermoleophilia,solirubrobacterales,solirubrobacteraceae,solirubrobacter,solirubrobacter phytolaccae
Zotu677,0,5,4,206,1,0,11,2,bacteria,bacillota,clostridia,eubacteriales,symbiobacteriaceae,symbiobacterium,symbiobacterium terraclitae
Zotu678,0,0,1,1,0,0,0,81,bacteria,pseudomonadota,alphaproteobacteria,sphingomonadales,sphingomonadaceae,sphingomonas,sphingomonas panni
Zotu679,0,1,9,1,0,1,1,0,bacteria,actinomycetota,rubrobacteria,rubrobacterales,rubrobacteraceae,rubrobacter,rubrobacter naiadicus
Zotu680,0,2,50,1,1,82,22,1,bacteria,verrucomicrobiota,verrucomicrobiae,verrucomicrobiales,verrucomicrobia subdivision 3,pedosphaera,pedosphaera parvula
Zotu681,1,1,11,0,20,0,1,1,bacteria,pseudomonadota,betaproteobacteria,nitrosomonadales,nitrosomonadaceae,nitrosospira,nitrosospira tenuis
Zotu682,4,1,2,30,2,24,2,0,bacteria,acidobacteriota,vicinamibacteria,vicinamibacterales,vicinamibacteraceae,vicinamibacter,vicinamibacter silvestris
Zotu683,0,0,0,0,0,0,0,1,bacteria,bacillota,clostridia,eubacteriales,symbiobacteriaceae,symbiobacterium,symbiobacterium terraclitae
Zotu684,0,0,1,0,1,1,0,0,bacteria,actinomycetota,acidimicrobiia,acidimicrobiales,acidimicrobiaceae,acidiferrimicrobium,acidiferrimicrobium australe
Zotu685,0,0,5,0,0,0,0,0,bacteria,verrucomicrobiota,verrucomicrobiae,verrucomicrobiales,verrucomicrobia subdivision 3,pedosphaera,pedosphaera parvula
Zotu686,0,0,0,0,0,0,0,0,bacteria,actinomycetota,rubrobacteria,gaiellales,gaiellaceae,gaiella,gaiella occulta
Zotu687,5,0,1,0,28,58,2,0,bacteria,thermomicrobiota,thermomicrobia,sphaerobacterales,sphaerobacteraceae,sphaerobacter,sphaerobacter thermophilus
Zotu688,26,12,12,2,61,36,0,16,bacteria,bacillota,bacilli,bacillales,bacillaceae,bacillus,bacillus mojavensis
Zotu689,3,1,2,1,1,0,0,3,bacteria,bacillota,clostridia,lachnospirales,lachnospiraceae,anaeromicropila,anaeromicropila populeti
Zotu690,4,4,60,0,26,72,19,8,bacteria,actinomycetota,nitriliruptoria,euzebyales,euzebyaceae,euzebya,euzebya pacifica
Zotu691,1,0,1,0,0,0,1,1,bacteria,chloroflexota,chloroflexia,herpetosiphonales,herpetosiphonaceae,herpetosiphon,herpetosiphon geysericola
Zotu692,2,0,3,4,0,3,0,1,bacteria,pseudomonadota,betaproteobacteria,nitrosomonadales,methylophilaceae,novimethylophilus,novimethylophilus kurashikiensis
Zotu693,0,0,0,0,0,0,0,0,bacteria,pseudomonadota,alphaproteobacteria,rhodospirillales,acetobacteraceae,sabulicella,sabulicella rubraurantiaca
Zotu694,4,1,3,2,3,1,12,67,bacteria,chloroflexota,chloroflexia,kallotenuales,kallotenuaceae,kallotenue,kallotenue papyrolyticum
Zotu695,0,0,3,1,1,0,0,2,bacteria,bacteroidota,bacteroidia,bacteroidales,dysgonomonadaceae,proteiniphilum,proteiniphilum acetatigenes
Zotu696,3,3,0,0,0,0,19,186,bacteria,bacteroidota,chitinophagia,chitinophagales,chitinophagaceae,flavisolibacter,flavisolibacter ginsengiterrae
Zotu697,78,184,1,87,2,3,7,1,bacteria,verrucomicrobiota,verrucomicrobiae,limisphaerales,fontisphaeraceae,fontisphaera,fontisphaera persica
Zotu698,3,61,1,1,322,2,2,4,bacteria,actinomycetota,thermoleophilia,solirubrobacterales,conexibacteraceae,conexibacter,conexibacter woesei
Zotu699,1,0,0,1,1,0,2,0,bacteria,pseudomonadota,gammaproteobacteria,nevskiales,nevskiaceae,hydrocarboniphaga,hydrocarboniphaga effusa
Zotu700,1,0,1,1,0,2,10,4,bacteria,actinomycetota,thermoleophilia,solirubrobacterales,conexibacteraceae,conexibacter,conexibacter stalactiti
Zotu701,0,0,0,0,0,0,15,0,bacteria,pseudomonadota,alphaproteobacteria,rhodospirillales,azospirillaceae,nitrospirillum,azospirillum amazonense
Zotu702,1,0,2,0,1,1,0,0,bacteria,bacteroidota,cytophagia,cytophagales,hymenobacteraceae,adhaeribacter,adhaeribacter aquaticus
Zotu703,1,1,1,2,2,1,1,1,bacteria,actinomycetota,actinomycetes,propionibacteriales,nocardioidaceae,nocardioides,nocardioides luteus
Zotu704,0,1,0,0,0,0,0,0,archaea,methanobacteriota,thermoplasmata,methanomassiliicoccales,methanomassiliicoccaceae,methanomassiliicoccus,candidatus methanomassiliicoccus intestinalis
Zotu705,0,0,1,0,2,2,7,48,bacteria,pseudomonadota,alphaproteobacteria,sphingomonadales,sphingosinicellaceae,sphingosinicella,sphingosinicella humi
Zotu706,0,1,0,0,0,0,1,0,bacteria,actinomycetota,actinomycetes,propionibacteriales,nocardioidaceae,nocardioides,nocardioides zeae
Zotu707,0,0,0,0,0,0,0,1,bacteria,verrucomicrobiota,verrucomicrobiae,verrucomicrobiales,verrucomicrobia subdivision 3,pedosphaera,pedosphaera parvula
Zotu708,0,0,0,0,0,1,1,0,bacteria,planctomycetota,planctomycetia,gemmatales,gemmataceae,zavarzinella,zavarzinella formosa
Zotu709,20,44,9,5,7,16,5,2,bacteria,actinomycetota,thermoleophilia,solirubrobacterales,conexibacteraceae,conexibacter,conexibacter stalactiti
Zotu710,26,92,45,1,2,21,2,1,bacteria,acidobacteriota,blastocatellia,blastocatellales,pyrinomonadaceae,pyrinomonas,pyrinomonas methylaliphatogenes
Zotu711,0,1,0,1,1,0,0,15,bacteria,bacteroidota,chitinophagia,chitinophagales,chitinophagaceae,aridibaculum,aridibaculum aurantiacum
Zotu712,0,0,0,0,0,0,0,9,bacteria,bacteroidota,cytophagia,cytophagales,cytophagaceae,edaphorhabdus,edaphorhabdus rosea
Zotu713,0,0,0,1,0,0,8,2,bacteria,pseudomonadota,gammaproteobacteria,pseudomonadales,pseudomonadaceae,pseudomonas,pseudomonas tianjinensis
Zotu714,0,1,0,0,0,1,0,0,bacteria,chloroflexota,chloroflexia,herpetosiphonales,herpetosiphonaceae,herpetosiphon,herpetosiphon aurantiacus
Zotu715,0,0,1,1,0,23,12,2,bacteria,actinomycetota,nitriliruptoria,euzebyales,euzebyaceae,euzebya,euzebya pacifica
Zotu716,32,69,53,76,111,3,1,0,bacteria,acidobacteriota,vicinamibacteria,vicinamibacterales,vicinamibacteraceae,luteitalea,luteitalea pratensis
Zotu717,19,94,154,63,4,5,10,3,bacteria,actinomycetota,acidimicrobiia,acidimicrobiales,acidimicrobiaceae,aciditerrimonas,aciditerrimonas ferrireducens
Zotu718,0,1,2,2,1,25,2,22,bacteria,bacteroidota,chitinophagia,chitinophagales,chitinophagaceae,flavisolibacter,flavisolibacter metallilatus
Zotu719,1,0,4,0,2,1,3,2,bacteria,deinococcota,deinococci,deinococcales,deinococcaceae,deinococcus,deinococcus yavapaiensis
Zotu720,2,0,23,39,37,17,50,1,bacteria,actinomycetota,acidimicrobiia,acidimicrobiales,acidimicrobiaceae,aciditerrimonas,aciditerrimonas ferrireducens
Zotu721,23,0,0,0,0,35,0,0,archaea,methanobacteriota,thermoplasmata,methanomassiliicoccales,methanomassiliicoccaceae,methanomassiliicoccus,candidatus methanomassiliicoccus intestinalis
Zotu722,0,0,0,1,0,1,1,19,bacteria,pseudomonadota,betaproteobacteria,burkholderiales,comamonadaceae,ramlibacter,ramlibacter humi
Zotu724,0,1,2,0,0,0,0,0,archaea,methanobacteriota,thermoplasmata,methanomassiliicoccales,candidatus methanomethylophilaceae,candidatus methanomethylophilus,candidatus methanomethylophilus alvus
Zotu725,1,0,2,2,0,1,5,5,bacteria,pseudomonadota,gammaproteobacteria,enterobacterales,erwiniaceae,pantoea,pantoea alhagi
Zotu726,0,2,0,0,0,1,0,3,bacteria,actinomycetota,thermoleophilia,solirubrobacterales,solirubrobacteraceae,solirubrobacter,solirubrobacter phytolaccae
Zotu727,0,0,0,0,1,0,0,0,bacteria,bacteroidota,sphingobacteriia,sphingobacteriales,sphingobacteriaceae,parapedobacter,parapedobacter pyrenivorans
Zotu728,1,3,3,1,1,1,142,112,bacteria,chloroflexota,caldilineae,caldilineales,caldilineaceae,caldilinea,caldilinea tarbellica
Zotu729,1,1,0,0,1,1,0,0,bacteria,chloroflexota,chloroflexia,herpetosiphonales,herpetosiphonaceae,herpetosiphon,herpetosiphon geysericola
Zotu730,0,0,0,0,0,0,0,0,bacteria,chloroflexota,chloroflexia,chloroflexales,roseiflexaceae,kouleothrix,kouleothrix aurantiaca
Zotu731,0,0,0,0,0,0,0,2,bacteria,actinomycetota,actinomycetes,propionibacteriales,nocardioidaceae,nocardioides,nocardioides soli
Zotu732,0,0,2,0,1,1,2,1,bacteria,actinomycetota,actinomycetes,geodermatophilales,geodermatophilaceae,modestobacter,modestobacter marinus
Zotu733,1,0,0,0,0,0,0,0,bacteria,pseudomonadota,alphaproteobacteria,hyphomicrobiales,phyllobacteriaceae,mesorhizobium,mesorhizobium terrae
Zotu734,0,0,0,0,0,0,0,0,bacteria,pseudomonadota,alphaproteobacteria,sphingomonadales,sphingomonadaceae,sphingomonas,sphingomonas daechungensis
Zotu735,0,0,0,0,0,4,0,0,bacteria,actinomycetota,acidimicrobiia,acidimicrobiales,acidimicrobiaceae,acidiferrimicrobium,acidiferrimicrobium australe
Zotu736,1,0,0,1,11,1,0,22,bacteria,actinomycetota,actinomycetes,geodermatophilales,geodermatophilaceae,geodermatophilus,geodermatophilus normandii
Zotu737,4,1,1,2,0,2,0,20,bacteria,pseudomonadota,alphaproteobacteria,hyphomicrobiales,methylobacteriaceae,microvirga,microvirga tunisiensis
Zotu738,11,19,22,122,123,23,9,2,bacteria,actinomycetota,thermoleophilia,solirubrobacterales,baekduiaceae,baekduia,baekduia soli
Zotu739,2,5,0,0,9,38,0,0,bacteria,planctomycetota,planctomycetia,gemmatales,gemmataceae,gemmata,gemmata palustris
Zotu740,0,0,0,1,0,0,0,54,bacteria,bacteroidota,chitinophagia,chitinophagales,chitinophagaceae,flavisolibacter,flavisolibacter carri
Zotu741,15,5,1,0,0,6,1,1,bacteria,pseudomonadota,alphaproteobacteria,hyphomicrobiales,hyphomicrobiaceae,hyphomicrobium,hyphomicrobium hollandicum
Zotu742,48,64,56,4,90,48,0,2,bacteria,pseudomonadota,betaproteobacteria,nitrosomonadales,methylophilaceae,methylobacillus,methylobacillus flagellatus
Zotu743,1,0,0,0,1,2,1,46,bacteria,pseudomonadota,betaproteobacteria,burkholderiales,burkholderiales,aquabacterium,aquabacterium limnoticum
Zotu744,0,0,0,1,2,2,5,22,bacteria,actinomycetota,actinomycetes,frankiales,frankiaceae,parafrankia,parafrankia discariae
Zotu745,2,1,0,0,1,0,2,6,bacteria,pseudomonadota,betaproteobacteria,burkholderiales,oxalobacteraceae,noviherbaspirillum,noviherbaspirillum massiliense
Zotu746,3,1,0,0,0,0,0,0,bacteria,chloroflexota,anaerolineae,anaerolineales,anaerolineaceae,thermanaerothrix,thermanaerothrix daxensis
Zotu747,1,16,58,215,42,7,1,2,bacteria,actinomycetota,thermoleophilia,solirubrobacterales,solirubrobacteraceae,solirubrobacter,solirubrobacter phytolaccae
Zotu748,20,4,0,2,129,146,3,1,archaea,methanobacteriota,thermoplasmata,methanomassiliicoccales,methanomassiliicoccaceae,methanomassiliicoccus,candidatus methanomassiliicoccus intestinalis
Zotu749,0,0,0,0,0,1,0,6,bacteria,actinomycetota,thermoleophilia,solirubrobacterales,baekduiaceae,baekduia,baekduia soli
Zotu750,0,0,0,1,2,2,5,2,bacteria,pseudomonadota,gammaproteobacteria,nevskiales,nevskiaceae,hydrocarboniphaga,hydrocarboniphaga daqingensis
Zotu751,0,0,0,1,1,2,1,1,bacteria,pseudomonadota,alphaproteobacteria,rhodobacterales,paracoccaceae,paracoccus,paracoccus salipaludis
Zotu752,1,0,2,0,63,64,17,1,bacteria,acidobacteriota,terriglobia,bryobacterales,bryobacteraceae,paludibaculum,paludibaculum fermentans
Zotu753,0,0,2,1,0,0,1,2,bacteria,bacteroidota,chitinophagia,chitinophagales,chitinophagaceae,segetibacter,segetibacter aerophilus
Zotu754,0,0,0,0,0,0,0,0,bacteria,actinomycetota,rubrobacteria,rubrobacterales,rubrobacteraceae,rubrobacter,rubrobacter spartanus
Zotu755,110,71,149,1,1,0,1,2,bacteria,chloroflexota,anaerolineae,anaerolineales,anaerolineaceae,ornatilinea,ornatilinea apprima
Zotu756,4,4,47,75,17,152,26,1,bacteria,planctomycetota,planctomycetia,gemmatales,gemmataceae,gemmata,gemmata palustris
Zotu757,8,26,13,1,7,3,1,1,bacteria,actinomycetota,rubrobacteria,rubrobacterales,rubrobacteraceae,rubrobacter,rubrobacter naiadicus
Zotu758,1,0,0,2,0,0,16,15,bacteria,actinomycetota,thermoleophilia,solirubrobacterales,solirubrobacteraceae,solirubrobacter,solirubrobacter ginsenosidimutans
Zotu759,0,0,0,0,0,0,0,4,bacteria,pseudomonadota,betaproteobacteria,burkholderiales,alcaligenaceae,bordetella,bordetella hinzii
Zotu760,0,1,1,1,0,0,0,1,bacteria,actinomycetota,acidimicrobiia,acidimicrobiales,iamiaceae,actinomarinicola,actinomarinicola tropica
Zotu761,2,5,4,8,33,237,201,69,bacteria,acidobacteriota,vicinamibacteria,vicinamibacterales,vicinamibacteraceae,luteitalea,luteitalea pratensis
Zotu762,3,0,0,1,1,2,0,0,bacteria,pseudomonadota,betaproteobacteria,nitrosomonadales,nitrosomonadaceae,nitrosomonas,nitrosomonas aestuarii
Zotu763,2,0,5,0,8,4,28,18,bacteria,gemmatimonadota,longimicrobiia,longimicrobiales,longimicrobiaceae,longimicrobium,longimicrobium terrae
Zotu764,0,0,0,0,0,0,2,32,bacteria,pseudomonadota,betaproteobacteria,burkholderiales,oxalobacteraceae,massilia,massilia aerilata
Zotu765,0,0,0,0,0,0,0,0,archaea,nitrososphaerota,nitrososphaeria,nitrososphaerales,nitrososphaeraceae,candidatus nitrososphaera,candidatus nitrososphaera
Zotu766,0,0,0,0,0,0,0,0,bacteria,pseudomonadota,gammaproteobacteria,pseudomonadales,pseudomonadaceae,pseudomonas,pseudomonas fragi
Zotu767,1,0,0,1,0,0,0,1,bacteria,verrucomicrobiota,verrucomicrobiae,verrucomicrobiales,verrucomicrobia subdivision 3,pedosphaera,pedosphaera parvula
Zotu768,0,1,0,0,0,0,1,2,bacteria,planctomycetota,phycisphaerae,phycisphaerales,phycisphaeraceae,mucisphaera,mucisphaera calidilacus
Zotu769,1,0,0,0,0,2,0,24,bacteria,deinococcota,deinococci,deinococcales,deinococcaceae,deinococcus,deinococcus maricopensis
Zotu770,0,0,0,0,0,0,0,0,bacteria,bacillota,bacilli,bacillales,bacillaceae,bacillus,bacillus mycoides
Zotu771,2,1,1,0,0,0,1,0,bacteria,pseudomonadota,alphaproteobacteria,rhodospirillales,acetobacteraceae,sabulicella,sabulicella rubraurantiaca
Zotu772,17,77,26,228,2,0,3,2,bacteria,candidatus tectomicrobia,candidatus tectomicrobia,candidatus tectomicrobia,candidatus tectomicrobia,candidatus entotheonella,candidatus entotheonella palauensis
Zotu773,1,7,0,1,50,1,0,0,bacteria,pseudomonadota,alphaproteobacteria,hyphomicrobiales,blastochloridaceae,blastochloris,blastochloris sulfoviridis
Zotu774,1,0,0,0,0,3,0,30,bacteria,gemmatimonadota,gemmatimonadetes,gemmatimonadales,gemmatimonadaceae,roseisolibacter,roseisolibacter agri
Zotu775,2,9,14,119,2,17,3,8,bacteria,bacillota,bacilli,bacillales,paenibacillaceae,ammoniphilus,ammoniphilus resinae
Zotu776,11,1,0,0,66,8,23,0,bacteria,verrucomicrobiota,opitutae,opitutales,opitutaceae,horticoccus,horticoccus luteus
Zotu777,33,45,51,83,64,1,18,1,bacteria,thermodesulfobacteriota,desulfobulbia,desulfobulbales,desulfobulbaceae,desulfolithobacter,desulfolithobacter dissulfuricans
Zotu778,0,0,0,0,0,0,1,0,bacteria,bacteroidota,chitinophagia,chitinophagales,chitinophagaceae,segetibacter,segetibacter koreensis
Zotu779,2,2,1,4,3,1,1,6,bacteria,actinomycetota,actinomycetes,micrococcales,intrasporangiaceae,janibacter,janibacter melonis
Zotu780,0,1,1,1,71,25,85,5,bacteria,pseudomonadota,alphaproteobacteria,sphingomonadales,sphingomonadaceae,sphingomonas,sphingomonas parvus
Zotu781,1,1,0,0,1,0,3,6,bacteria,deinococcota,deinococci,deinococcales,deinococcaceae,deinococcus,deinococcus maricopensis
Zotu782,0,0,0,0,0,0,0,0,bacteria,pseudomonadota,alphaproteobacteria,sphingomonadales,sphingomonadaceae,sphingomonas,sphingomonas echinoides
Zotu783,1,0,4,0,0,2,1,4,bacteria,verrucomicrobiota,verrucomicrobiae,verrucomicrobiales,verrucomicrobia subdivision 3,pedosphaera,pedosphaera parvula
Zotu784,0,13,0,46,0,2,1,0,bacteria,chloroflexota,caldilineae,caldilineales,caldilineaceae,caldilinea,caldilinea tarbellica
Zotu785,1,0,0,1,0,0,2,0,bacteria,chloroflexota,chloroflexia,herpetosiphonales,herpetosiphonaceae,herpetosiphon,herpetosiphon gulosus
Zotu786,0,0,1,2,0,1,0,2,bacteria,pseudomonadota,gammaproteobacteria,xanthomonadales,xanthomonadaceae,lysobacter,lysobacter spongiae
Zotu787,18,48,27,1,27,54,5,0,bacteria,chloroflexota,caldilineae,caldilineales,caldilineaceae,litorilinea,litorilinea aerophila
Zotu788,6,0,0,0,0,0,0,0,bacteria,bacteroidota,chitinophagia,chitinophagales,chitinophagaceae,flavisolibacter,flavisolibacter ginsengiterrae
Zotu789,0,0,0,0,0,0,0,0,bacteria,verrucomicrobiota,verrucomicrobiae,verrucomicrobiales,verrucomicrobia subdivision 3,pedosphaera,pedosphaera parvula
Zotu790,6,31,0,79,0,3,8,0,bacteria,bacillota,clostridia,eubacteriales,symbiobacteriaceae,symbiobacterium,symbiobacterium terraclitae
Zotu791,10,15,0,0,0,16,1,0,bacteria,planctomycetota,planctomycetia,pirellulales,pirellulaceae,bremerella,bremerella volcania
Zotu792,4,4,18,3,3,11,2,0,bacteria,actinomycetota,rubrobacteria,gaiellales,gaiellaceae,gaiella,gaiella occulta
Zotu793,0,1,1,0,0,1,13,14,bacteria,acidobacteriota,vicinamibacteria,vicinamibacterales,vicinamibacteraceae,vicinamibacter,vicinamibacter silvestris
Zotu794,1,1,1,0,1,0,1,1,bacteria,bacteroidota,cytophagia,cytophagales,hymenobacteraceae,adhaeribacter,adhaeribacter aquaticus
Zotu795,0,0,1,0,0,11,0,10,bacteria,actinomycetota,actinomycetes,streptosporangiales,streptosporangiaceae,nonomuraea,nonomuraea thailandensis
Zotu796,1,0,1,0,1,1,0,0,bacteria,bacteroidota,chitinophagia,chitinophagales,chitinophagaceae,segetibacter,segetibacter aerophilus
Zotu797,0,0,0,0,0,0,3,0,bacteria,actinomycetota,actinomycetes,geodermatophilales,geodermatophilaceae,geodermatophilus,geodermatophilus bullaregiensis
Zotu798,0,2,2,3,1,1,44,86,bacteria,pseudomonadota,betaproteobacteria,burkholderiales,oxalobacteraceae,noviherbaspirillum,noviherbaspirillum massiliense
Zotu799,4,0,1,0,1,17,1,0,archaea,methanobacteriota,thermoplasmata,methanomassiliicoccales,methanomassiliicoccaceae,methanomassiliicoccus,candidatus methanomassiliicoccus intestinalis
Zotu800,12,13,1,65,66,9,0,0,bacteria,actinomycetota,actinomycetes,propionibacteriales,kribbellaceae,kribbella,kribbella aluminosa
Zotu801,0,1,2,2,1,1,0,2,bacteria,pseudomonadota,betaproteobacteria,rhodocyclales,rhodocyclaceae,candidatus dactylopiibacterium,candidatus dactylopiibacterium carminicum
Zotu802,0,0,0,0,0,0,0,0,bacteria,pseudomonadota,alphaproteobacteria,hyphomicrobiales,kaistiaceae,bauldia,bauldia consociata
Zotu803,0,0,0,0,0,0,0,0,bacteria,pseudomonadota,alphaproteobacteria,sphingomonadales,sphingomonadaceae,sphingomonas,sphingomonas agri
Zotu804,4,12,0,109,4,16,1,4,bacteria,acidobacteriota,vicinamibacteria,vicinamibacterales,vicinamibacteraceae,luteitalea,luteitalea pratensis
Zotu805,1,1,2,1,3,1,0,0,bacteria,actinomycetota,actinomycetes,streptosporangiales,streptosporangiaceae,nonomuraea,nonomuraea rubra
Zotu806,2,2,2,0,1,1,0,0,archaea,methanobacteriota,thermoplasmata,methanomassiliicoccales,methanomassiliicoccaceae,methanomassiliicoccus,candidatus methanomassiliicoccus intestinalis
Zotu807,314,5,3,0,1,1,3,2,bacteria,acidobacteriota,blastocatellia,blastocatellales,pyrinomonadaceae,pyrinomonas,pyrinomonas methylaliphatogenes
Zotu808,1,4,2,0,0,14,2,0,bacteria,planctomycetota,planctomycetia,pirellulales,pirellulaceae,anatilimnocola,anatilimnocola aggregata
Zotu809,1,3,62,119,10,46,78,1,bacteria,actinomycetota,acidimicrobiia,acidimicrobiales,acidimicrobiaceae,aciditerrimonas,aciditerrimonas ferrireducens
Zotu810,0,0,0,1,0,0,0,23,bacteria,pseudomonadota,betaproteobacteria,burkholderiales,oxalobacteraceae,herbaspirillum,herbaspirillum seropedicae
Zotu811,0,1,0,0,0,0,1,1,bacteria,pseudomonadota,betaproteobacteria,nitrosomonadales,usitatibacteraceae,usitatibacter,usitatibacter rugosus
Zotu812,89,92,25,139,0,0,0,1,archaea,methanobacteriota,thermoplasmata,methanomassiliicoccales,methanomassiliicoccaceae,methanomassiliicoccus,candidatus methanomassiliicoccus intestinalis
Zotu813,0,0,1,0,0,1,12,17,bacteria,actinomycetota,acidimicrobiia,acidimicrobiales,iamiaceae,rhabdothermincola,rhabdothermincola sediminis
Zotu814,1,1,0,1,0,0,108,0,bacteria,pseudomonadota,betaproteobacteria,burkholderiales,oxalobacteraceae,noviherbaspirillum,noviherbaspirillum suwonense
Zotu815,0,0,0,0,1,1,0,2,bacteria,kiritimatiellota,tichowtungiia,tichowtungiales,tichowtungiaceae,tichowtungia,tichowtungia aerotolerans
Zotu816,4,0,3,1,34,55,49,2,bacteria,actinomycetota,thermoleophilia,solirubrobacterales,conexibacteraceae,conexibacter,conexibacter stalactiti
Zotu817,2,1,0,0,1,1,3,2,bacteria,actinomycetota,actinomycetes,micrococcales,microbacteriaceae,microbacterium,microbacterium binotii
Zotu818,0,0,1,0,1,1,1,0,bacteria,pseudomonadota,alphaproteobacteria,sphingomonadales,sphingosinicellaceae,sphingoaurantiacus,sphingoaurantiacus polygranulatus
Zotu819,3,1,0,0,1,0,1,0,bacteria,planctomycetota,planctomycetia,gemmatales,gemmataceae,urbifossiella,urbifossiella limnaea
Zotu820,0,0,0,0,0,0,0,0,bacteria,chloroflexota,chloroflexota,chloroflexota,chloroflexota,thermobaculum,thermobaculum terrenum
Zotu821,1,3,2,2,1,2,2,162,bacteria,deinococcota,deinococci,deinococcales,deinococcaceae,deinococcus,deinococcus yavapaiensis
Zotu822,0,1,0,2,0,1,1,0,bacteria,verrucomicrobiota,verrucomicrobiae,verrucomicrobiales,verrucomicrobia subdivision 3,pedosphaera,pedosphaera parvula
Zotu823,2,0,44,0,0,1,1,1,archaea,methanobacteriota,thermoplasmata,methanomassiliicoccales,methanomassiliicoccaceae,methanomassiliicoccus,candidatus methanomassiliicoccus intestinalis
Zotu824,163,56,6,1,113,3,3,3,bacteria,acidobacteriota,vicinamibacteria,vicinamibacterales,vicinamibacteraceae,luteitalea,luteitalea pratensis
Zotu825,72,65,81,55,5,1,3,1,bacteria,pseudomonadota,gammaproteobacteria,chromatiales,ectothiorhodospiraceae,natronospira,natronospira proteinivora
Zotu826,0,0,0,0,2,0,0,0,bacteria,planctomycetota,phycisphaerae,tepidisphaerales,tepidisphaeraceae,tepidisphaera,tepidisphaera mucosa
Zotu827,3,1,0,1,0,4,0,3,bacteria,actinomycetota,actinomycetes,kitasatosporales,streptomycetaceae,streptomyces,streptomyces diastaticus
Zotu828,0,0,0,0,0,34,0,0,bacteria,planctomycetota,phycisphaerae,tepidisphaerales,tepidisphaeraceae,tepidisphaera,tepidisphaera mucosa
Zotu829,0,1,0,2,0,0,2,9,bacteria,actinomycetota,actinomycetes,kitasatosporales,streptomycetaceae,streptomyces,streptomyces nanhaiensis
Zotu830,14,9,37,206,1,15,1,0,bacteria,planctomycetota,planctomycetia,gemmatales,gemmataceae,gemmata,gemmata palustris
Zotu831,2,0,0,1,1,2,1,1,bacteria,actinomycetota,thermoleophilia,solirubrobacterales,baekduiaceae,baekduia,baekduia soli
Zotu832,0,0,0,0,0,0,2,0,bacteria,myxococcota,myxococcota,polyangiales,polyangiaceae,racemicystis,racemicystis persica
Zotu833,1,1,0,1,1,2,0,0,bacteria,verrucomicrobiota,verrucomicrobiae,verrucomicrobiales,verrucomicrobia subdivision 3,pedosphaera,pedosphaera parvula
Zotu834,0,0,0,0,0,0,0,1,bacteria,pseudomonadota,gammaproteobacteria,xanthomonadales,xanthomonadaceae,lysobacter,lysobacter xanthus
Zotu835,0,1,0,1,0,0,0,0,bacteria,verrucomicrobiota,spartobacteria,chthoniobacterales,chthoniobacteraceae,chthoniobacter,chthoniobacter flavus
Zotu836,0,0,0,0,0,0,0,0,bacteria,actinomycetota,rubrobacteria,rubrobacterales,rubrobacteraceae,rubrobacter,rubrobacter spartanus
Zotu837,2,26,1,1,0,0,1,1,bacteria,planctomycetota,planctomycetia,gemmatales,gemmataceae,gemmata,gemmata obscuriglobus
Zotu838,0,0,0,2,1,1,0,1,bacteria,pseudomonadota,alphaproteobacteria,sphingomonadales,sphingomonadaceae,sphingomonas,sphingomonas parvus
Zotu839,0,0,3,1,1,1,1,2,bacteria,pseudomonadota,gammaproteobacteria,pseudomonadales,pseudomonadaceae,stutzerimonas,stutzerimonas nosocomialis
Zotu840,0,0,0,0,0,0,0,0,bacteria,pseudomonadota,betaproteobacteria,burkholderiales,oxalobacteraceae,oxalicibacterium,oxalicibacterium faecigallinarum
Zotu841,4,2,7,186,64,47,79,3,bacteria,acidobacteriota,blastocatellia,blastocatellales,arenimicrobiaceae,arenimicrobium,arenimicrobium luteum
Zotu842,0,0,0,1,0,21,82,0,bacteria,acidobacteriota,vicinamibacteria,vicinamibacterales,vicinamibacteraceae,luteitalea,luteitalea pratensis
Zotu843,32,64,70,1,0,10,2,1,bacteria,actinomycetota,acidimicrobiia,acidimicrobiales,acidimicrobiaceae,aciditerrimonas,aciditerrimonas ferrireducens
Zotu844,1,0,21,1,0,5,2,2,bacteria,actinomycetota,actinomycetes,streptosporangiales,streptosporangiaceae,nonomuraea,nonomuraea thailandensis
Zotu845,0,0,0,0,0,0,0,0,bacteria,bacillota,clostridia,eubacteriales,desulfotomaculaceae,pelotomaculum,pelotomaculum schinkii
Zotu846,1,0,0,0,1,0,0,5,bacteria,actinomycetota,acidimicrobiia,acidimicrobiales,acidimicrobiaceae,acidiferrimicrobium,acidiferrimicrobium australe
Zotu847,21,126,79,150,2,3,1,0,bacteria,planctomycetota,planctomycetia,pirellulales,pirellulaceae,anatilimnocola,anatilimnocola aggregata
Zotu848,42,98,55,1,41,45,2,0,bacteria,chloroflexota,anaerolineae,anaerolineales,anaerolineaceae,ornatilinea,ornatilinea apprima
Zotu849,2,0,0,0,1,0,3,0,bacteria,chloroflexota,chloroflexia,herpetosiphonales,herpetosiphonaceae,herpetosiphon,herpetosiphon aurantiacus
Zotu850,64,114,95,0,1,0,0,0,archaea,methanobacteriota,thermoplasmata,methanomassiliicoccales,candidatus methanomethylophilaceae,candidatus methanomethylophilus,candidatus methanomethylophilus alvus
Zotu851,1,0,0,0,0,0,1,0,bacteria,pseudomonadota,alphaproteobacteria,rhodospirillales,acetobacteraceae,sabulicella,sabulicella rubraurantiaca
Zotu852,20,17,60,74,90,16,0,0,bacteria,actinomycetota,rubrobacteria,rubrobacterales,rubrobacteraceae,rubrobacter,rubrobacter taiwanensis
Zotu853,3,0,0,0,0,1,2,2,bacteria,pseudomonadota,alphaproteobacteria,caulobacterales,caulobacteraceae,phenylobacterium,phenylobacterium mobile
Zotu854,0,0,0,0,0,0,0,0,bacteria,bacteroidota,cytophagia,cytophagales,fulvivirgaceae,ohtaekwangia,ohtaekwangia koreensis
Zotu855,1,1,0,0,1,0,0,0,bacteria,pseudomonadota,betaproteobacteria,burkholderiales,oxalobacteraceae,pseudoduganella,pseudoduganella humi
Zotu856,52,0,5,0,4,1,0,10,bacteria,bacillota,bacilli,bacillales,bacillaceae,bacillus,bacillus songklensis
Zotu857,0,2,2,0,2,0,7,24,archaea,methanobacteriota,thermoplasmata,methanomassiliicoccales,methanomassiliicoccaceae,methanomassiliicoccus,candidatus methanomassiliicoccus intestinalis
Zotu858,320,1,1,1,1,3,3,1,bacteria,acidobacteriota,blastocatellia,blastocatellales,arenimicrobiaceae,arenimicrobium,arenimicrobium luteum
Zotu859,6,1,18,3,2,9,1,1,bacteria,bacillota,clostridia,eubacteriales,clostridiales family xvii. incertae sedis,thermaerobacter,thermaerobacter composti
Zotu860,0,1,9,0,25,1,4,2,bacteria,actinomycetota,thermoleophilia,solirubrobacterales,parviterribacteraceae,parviterribacter,parviterribacter kavangonensis
Zotu861,0,0,0,0,9,0,2,20,bacteria,pseudomonadota,alphaproteobacteria,sphingomonadales,sphingomonadaceae,sphingomonas,sphingomonas aquatilis
Zotu862,2,2,0,3,1,46,1,0,bacteria,actinomycetota,actinomycetes,kitasatosporales,streptomycetaceae,streptomyces,streptomyces torulosus
Zotu863,0,39,0,0,0,1,0,1,bacteria,pseudomonadota,alphaproteobacteria,rhodospirillales,dongiaceae,dongia,dongia mobilis
Zotu864,0,1,1,0,0,10,1,12,bacteria,chloroflexota,thermomicrobia,sphaerobacterales,sphaerobacteraceae,sphaerobacter,sphaerobacter thermophilus
Zotu865,0,0,0,0,0,0,0,0,bacteria,bacteroidota,cytophagia,cytophagales,hymenobacteraceae,adhaeribacter,adhaeribacter aerophilus
Zotu866,126,3,20,2,3,0,79,1,bacteria,acidobacteriota,blastocatellia,blastocatellales,pyrinomonadaceae,pyrinomonas,pyrinomonas methylaliphatogenes
Zotu867,6,0,1,2,2,1,2,3,bacteria,myxococcota,myxococcia,myxococcales,myxococcaceae,simulacricoccus,simulacricoccus ruber
Zotu868,0,0,0,2,280,1,2,1,bacteria,chloroflexota,anaerolineae,anaerolineales,anaerolineaceae,ornatilinea,ornatilinea apprima
Zotu869,0,3,0,0,0,0,1,1,bacteria,actinomycetota,acidimicrobiia,acidimicrobiales,acidimicrobiaceae,aciditerrimonas,aciditerrimonas ferrireducens
Zotu870,29,23,222,5,1,12,18,0,bacteria,actinomycetota,thermoleophilia,thermoleophilales,thermoleophilaceae,thermoleophilum,thermoleophilum album
Zotu871,1,1,1,1,2,2,0,0,bacteria,actinomycetota,thermoleophilia,solirubrobacterales,parviterribacteraceae,parviterribacter,parviterribacter multiflagellatus
Zotu872,1,0,2,1,0,1,3,28,bacteria,actinomycetota,actinomycetes,micrococcales,cellulomonadaceae,cellulomonas,cellulomonas chitinilytica
Zotu873,5,1,24,3,1,43,42,1,bacteria,planctomycetota,planctomycetia,pirellulales,pirellulaceae,lignipirellula,lignipirellula cremea
Zotu874,0,2,0,0,0,0,0,1,bacteria,bacillota,bacilli,bacillales,paenibacillaceae,paenibacillus,paenibacillus antri
Zotu875,0,0,0,0,0,0,0,0,bacteria,bacteroidota,cytophagia,cytophagales,spirosomataceae,telluribacter,telluribacter humicola
Zotu876,0,0,0,0,0,0,0,0,bacteria,rhodothermota,rhodothermia,rhodothermales,rhodothermaceae,rhodocaloribacter,rhodocaloribacter litoris
Zotu877,0,1,0,1,0,1,0,0,bacteria,actinomycetota,thermoleophilia,solirubrobacterales,baekduiaceae,baekduia,baekduia soli
Zotu878,1,1,1,0,1,0,0,13,bacteria,bacteroidota,cytophagia,cytophagales,cytophagaceae,edaphorhabdus,edaphorhabdus rosea
Zotu879,1,0,0,1,77,0,0,11,bacteria,bacillota,bacilli,bacillales,bacillaceae,bacillus,bacillus atrophaeus
Zotu880,1,0,4,0,0,28,3,43,bacteria,chloroflexota,chloroflexia,kallotenuales,kallotenuaceae,kallotenue,kallotenue papyrolyticum
Zotu881,0,0,0,1,0,0,0,19,bacteria,verrucomicrobiota,verrucomicrobiae,limisphaerales,fontisphaeraceae,fontisphaera,fontisphaera persica
Zotu882,0,0,0,0,0,0,0,3,bacteria,pseudomonadota,alphaproteobacteria,sphingomonadales,sphingomonadaceae,sphingomonas,sphingomonas trueperi
Zotu883,2,2,0,1,15,0,0,0,bacteria,bacteroidota,chitinophagia,chitinophagales,chitinophagaceae,hydrotalea,hydrotalea flava
Zotu884,0,0,0,0,0,0,0,0,bacteria,gemmatimonadota,longimicrobiia,longimicrobiales,longimicrobiaceae,longimicrobium,longimicrobium terrae
Zotu885,0,0,0,0,0,0,0,0,bacteria,actinomycetota,actinomycetes,acidothermales,acidothermaceae,acidothermus,acidothermus cellulolyticus
Zotu886,0,0,1,0,11,1,3,2,bacteria,pseudomonadota,betaproteobacteria,burkholderiales,oxalobacteraceae,noviherbaspirillum,noviherbaspirillum autotrophicum
Zotu887,0,0,2,0,0,0,1,0,bacteria,bacteroidota,chitinophagia,chitinophagales,chitinophagaceae,segetibacter,segetibacter koreensis
Zotu888,0,0,0,0,0,0,0,0,bacteria,bacillota,clostridia,eubacteriales,syntrophomonadaceae,syntrophothermus,syntrophothermus lipocalidus
Zotu889,0,0,3,0,0,0,0,1,archaea,methanobacteriota,thermoplasmata,methanomassiliicoccales,methanomassiliicoccaceae,methanomassiliicoccus,candidatus methanomassiliicoccus intestinalis
Zotu890,1,0,62,1,2,1,0,0,bacteria,bacillota,clostridia,eubacteriales,symbiobacteriaceae,symbiobacterium,symbiobacterium turbinis
Zotu891,85,111,18,0,16,21,7,0,bacteria,actinomycetota,thermoleophilia,thermoleophilales,thermoleophilaceae,thermoleophilum,thermoleophilum album
Zotu892,2,1,56,0,0,0,1,0,bacteria,actinomycetota,rubrobacteria,rubrobacterales,rubrobacteraceae,rubrobacter,rubrobacter naiadicus
Zotu893,0,0,0,0,3,0,1,1,bacteria,bacteroidota,cytophagia,cytophagales,hymenobacteraceae,adhaeribacter,adhaeribacter aquaticus
Zotu894,0,1,0,0,0,3,0,17,bacteria,pseudomonadota,alphaproteobacteria,rhodospirillales,rhodospirillaceae,roseospira,roseospira thiosulfatophila
Zotu895,1,0,0,0,1,0,1,0,bacteria,planctomycetota,phycisphaerae,tepidisphaerales,tepidisphaeraceae,tepidisphaera,tepidisphaera mucosa
Zotu896,0,0,1,0,0,1,0,0,bacteria,actinomycetota,acidimicrobiia,acidimicrobiales,acidimicrobiaceae,aciditerrimonas,aciditerrimonas ferrireducens
Zotu897,1,1,0,0,0,2,1,0,bacteria,actinomycetota,actinomycetes,kitasatosporales,streptomycetaceae,streptomyces,streptomyces violens
Zotu898,7,36,2,96,103,1,2,11,bacteria,bacillota,bacilli,bacillales,bacillaceae,bacillus,bacillus sonorensis
Zotu899,0,1,0,0,0,0,15,35,bacteria,pseudomonadota,betaproteobacteria,burkholderiales,oxalobacteraceae,oxalicibacterium,oxalicibacterium flavum
Zotu900,14,62,129,0,20,4,1,1,bacteria,acidobacteriota,vicinamibacteria,vicinamibacterales,vicinamibacteraceae,luteitalea,luteitalea pratensis
Zotu901,0,0,0,0,0,0,0,0,bacteria,pseudomonadota,betaproteobacteria,rhodocyclales,rhodocyclaceae,candidatus dactylopiibacterium,candidatus dactylopiibacterium carminicum
Zotu902,1,0,1,1,0,0,15,0,bacteria,thermodesulfobacteriota,syntrophobacteria,syntrophobacterales,syntrophobacteraceae,desulfoglaeba,desulfoglaeba alkanexedens
Zotu903,0,0,0,0,0,0,0,0,bacteria,planctomycetota,planctomycetia,gemmatales,gemmataceae,gemmata,gemmata massiliana
Zotu904,2,71,1,0,1,0,2,0,archaea,methanobacteriota,thermoplasmata,methanomassiliicoccales,methanomassiliicoccaceae,methanomassiliicoccus,candidatus methanomassiliicoccus intestinalis
Zotu905,0,0,0,0,0,1,1,1,bacteria,gemmatimonadota,gemmatimonadetes,gemmatimonadales,gemmatimonadaceae,roseisolibacter,roseisolibacter agri
Zotu906,0,0,0,1,2,1,1,10,bacteria,chloroflexota,chloroflexia,herpetosiphonales,herpetosiphonaceae,herpetosiphon,herpetosiphon aurantiacus
Zotu907,0,1,0,0,0,0,0,0,bacteria,actinomycetota,actinomycetes,propionibacteriales,nocardioidaceae,nocardioides,nocardioides perillae
Zotu908,1,1,0,2,2,3,1,106,bacteria,bacteroidota,chitinophagia,chitinophagales,chitinophagaceae,flavisolibacter,flavisolibacter ginsengiterrae
Zotu909,0,0,0,0,0,0,0,0,bacteria,bacteroidota,chitinophagia,chitinophagales,chitinophagaceae,aridibaculum,aridibaculum aurantiacum
Zotu910,21,32,6,25,7,3,4,1,bacteria,actinomycetota,rubrobacteria,rubrobacterales,rubrobacteraceae,rubrobacter,rubrobacter radiotolerans
Zotu911,0,0,0,0,0,0,0,0,bacteria,pseudomonadota,gammaproteobacteria,nevskiales,nevskiaceae,panacagrimonas,panacagrimonas perspica
Zotu912,17,2,5,0,2,46,16,1,archaea,methanobacteriota,thermoplasmata,methanomassiliicoccales,methanomassiliicoccaceae,methanomassiliicoccus,candidatus methanomassiliicoccus intestinalis
Zotu913,0,352,72,0,0,0,2,0,bacteria,pseudomonadota,gammaproteobacteria,chromatiales,ectothiorhodospiraceae,thiohalomonas,thiohalomonas denitrificans
Zotu914,1,1,3,0,0,0,0,0,bacteria,planctomycetota,planctomycetia,planctomycetales,planctomycetaceae,fuerstiella,fuerstiella marisgermanici
Zotu915,0,4,0,0,0,0,0,0,bacteria,actinomycetota,actinomycetes,micromonosporales,micromonosporaceae,actinocatenispora,actinocatenispora rupis
Zotu916,3,1,0,0,0,0,0,0,bacteria,bacillota,bacilli,bacillales,bacillaceae,calditerricola,calditerricola satsumensis
Zotu917,0,0,0,0,0,0,1,1,bacteria,bacteroidota,chitinophagia,chitinophagales,chitinophagaceae,sediminibacterium,sediminibacterium goheungense
Zotu918,3,0,1,0,0,1,0,2,bacteria,actinomycetota,actinomycetes,propionibacteriales,kribbellaceae,kribbella,kribbella deserti
Zotu919,2,1,0,2,1,0,2,23,bacteria,pseudomonadota,alphaproteobacteria,rhodospirillales,azospirillaceae,azospirillum,azospirillum rugosum
Zotu920,1,2,1,1,0,0,43,5,bacteria,bacillota,clostridia,eubacteriales,symbiobacteriaceae,symbiobacterium,symbiobacterium terraclitae
Zotu921,1,18,1,1,3,52,34,1,bacteria,actinomycetota,rubrobacteria,rubrobacterales,rubrobacteraceae,rubrobacter,rubrobacter naiadicus
Zotu922,1,0,1,1,0,1,1,0,bacteria,pseudomonadota,gammaproteobacteria,chromatiales,ectothiorhodospiraceae,inmirania,inmirania thermothiophila
Zotu923,0,0,0,2,1,1,0,0,bacteria,actinomycetota,actinomycetes,pseudonocardiales,pseudonocardiaceae,saccharothrix,saccharothrix texasensis
Zotu924,2,1,1,0,0,1,1,0,bacteria,pseudomonadota,alphaproteobacteria,caulobacterales,caulobacteraceae,phenylobacterium,phenylobacterium deserti
Zotu925,1,20,0,0,0,0,0,0,bacteria,myxococcota,myxococcia,myxococcales,myxococcaceae,simulacricoccus,simulacricoccus ruber
Zotu926,32,16,0,63,33,22,12,15,bacteria,actinomycetota,rubrobacteria,rubrobacterales,rubrobacteraceae,rubrobacter,rubrobacter radiotolerans
Zotu927,3,1,3,3,3,2,114,129,bacteria,chloroflexota,chloroflexia,herpetosiphonales,herpetosiphonaceae,herpetosiphon,herpetosiphon aurantiacus
Zotu928,0,3,1,3,3,0,0,0,bacteria,pseudomonadota,gammaproteobacteria,pseudomonadales,pseudomonadaceae,pseudomonas,pseudomonas asuensis
Zotu929,2,10,0,2,0,0,2,1,bacteria,actinomycetota,rubrobacteria,rubrobacterales,rubrobacteraceae,rubrobacter,rubrobacter naiadicus
Zotu930,14,67,0,76,0,22,8,0,archaea,methanobacteriota,thermoplasmata,methanomassiliicoccales,methanomassiliicoccaceae,methanomassiliicoccus,candidatus methanomassiliicoccus intestinalis
Zotu931,1,0,0,0,2,0,1,37,bacteria,pseudomonadota,alphaproteobacteria,hyphomicrobiales,methylobacteriaceae,microvirga,microvirga aerilata
Zotu932,0,0,20,0,0,1,0,0,bacteria,actinomycetota,actinomycetes,streptosporangiales,thermomonosporaceae,actinocorallia,actinocorallia longicatena
Zotu933,0,0,0,0,0,0,0,0,bacteria,bacillota,clostridia,eubacteriales,symbiobacteriaceae,symbiobacterium,symbiobacterium terraclitae
Zotu934,10,6,6,181,43,2,13,0,bacteria,actinomycetota,acidimicrobiia,acidimicrobiales,acidimicrobiaceae,ferrimicrobium,ferrimicrobium acidiphilum
Zotu935,0,0,1,0,0,0,0,0,bacteria,bacillota,bacilli,bacillales,paenibacillaceae,cohnella,cohnella arctica
Zotu936,0,5,0,0,0,19,58,1,bacteria,pseudomonadota,betaproteobacteria,burkholderiales,comamonadaceae,ramlibacter,ramlibacter henchirensis
Zotu937,2,0,0,1,31,4,3,0,bacteria,actinomycetota,actinomycetia,streptosporangiales,streptosporangiaceae,thermobispora,thermobispora bispora
Zotu938,0,0,0,0,0,0,0,0,bacteria,bacteroidota,chitinophagia,chitinophagales,chitinophagaceae,flavisolibacter,flavisolibacter ginsengiterrae
Zotu939,0,0,1,0,2,1,1,1,bacteria,pseudomonadota,betaproteobacteria,burkholderiales,oxalobacteraceae,herbaspirillum,herbaspirillum seropedicae
Zotu940,0,0,0,2,0,0,1,0,bacteria,gemmatimonadota,gemmatimonadetes,gemmatimonadales,gemmatimonadaceae,gemmatimonas,gemmatimonas phototrophica
Zotu941,42,24,74,101,1,12,4,0,bacteria,actinomycetota,rubrobacteria,gaiellales,gaiellaceae,gaiella,gaiella occulta
Zotu942,0,0,0,0,0,0,0,0,bacteria,actinomycetota,thermoleophilia,solirubrobacterales,solirubrobacteraceae,solirubrobacter,solirubrobacter phytolaccae
Zotu943,0,1,1,1,0,0,1,0,bacteria,actinomycetota,actinomycetes,kitasatosporales,streptomycetaceae,streptomyces,streptomyces nanshensis
Zotu944,1,0,0,1,0,0,0,37,bacteria,bacteroidota,sphingobacteriia,sphingobacteriales,sphingobacteriaceae,pedobacter,pedobacter mongoliensis
Zotu945,1,19,2,0,238,2,2,0,bacteria,pseudomonadota,gammaproteobacteria,gammaproteobacteria,gammaproteobacteria,acidibacter,acidibacter ferrireducens
Zotu946,1,1,4,2,2,1,16,48,bacteria,actinomycetota,actinomycetes,frankiales,frankiaceae,pseudofrankia,pseudofrankia inefficax
Zotu947,31,7,1,2,176,0,1,1,bacteria,pseudomonadota,gammaproteobacteria,chromatiales,ectothiorhodospiraceae,ectothiorhodospira,ectothiorhodospira mobilis
Zotu948,0,0,0,0,0,1,1,1,bacteria,pseudomonadota,betaproteobacteria,burkholderiales,comamonadaceae,ramlibacter,ramlibacter monticola
Zotu949,0,0,0,0,0,0,0,0,bacteria,elusimicrobiota,endomicrobia,endomicrobiales,endomicrobiaceae,candidatus endomicrobium,candidatus endomicrobium pyrsonymphae
Zotu950,0,0,0,0,0,0,0,0,bacteria,actinomycetota,thermoleophilia,solirubrobacterales,baekduiaceae,baekduia,baekduia soli
Zotu951,0,0,1,0,1,0,0,0,bacteria,planctomycetota,planctomycetia,isosphaerales,isosphaeraceae,singulisphaera,singulisphaera rosea
Zotu952,0,0,0,1,3,0,1,0,bacteria,bacillota,clostridia,eubacteriales,symbiobacteriaceae,symbiobacterium,symbiobacterium terraclitae
Zotu953,1,1,0,0,11,0,30,15,bacteria,acidobacteriota,vicinamibacteria,vicinamibacterales,vicinamibacteraceae,vicinamibacter,vicinamibacter silvestris
Zotu955,1,0,0,0,0,0,0,0,bacteria,verrucomicrobiota,verrucomicrobiae,verrucomicrobiales,verrucomicrobia subdivision 3,pedosphaera,pedosphaera parvula
Zotu956,1,0,0,0,0,25,0,0,bacteria,planctomycetota,planctomycetia,pirellulales,pirellulaceae,candidatus anammoximicrobium,candidatus anammoximicrobium moscowii
Zotu957,0,0,0,0,0,0,0,0,bacteria,planctomycetota,planctomycetia,gemmatales,gemmataceae,zavarzinella,zavarzinella formosa
Zotu958,1,0,0,0,3,0,1,0,bacteria,pseudomonadota,betaproteobacteria,burkholderiales,oxalobacteraceae,massilia,massilia timonae
Zotu959,2,2,62,3,29,129,6,0,bacteria,bacillota,clostridia,eubacteriales,desulfotomaculaceae,desulfotomaculum,desulfotomaculum nigrificans
Zotu960,0,0,0,0,0,0,0,0,bacteria,actinomycetota,actinomycetia,streptosporangiales,streptosporangiaceae,nonomuraea,nonomuraea salmonea
Zotu961,0,0,0,0,0,0,0,0,bacteria,acidobacteriota,blastocatellia,blastocatellales,pyrinomonadaceae,pyrinomonas,pyrinomonas methylaliphatogenes
Zotu962,1,2,1,0,72,4,59,14,archaea,methanobacteriota,thermoplasmata,methanomassiliicoccales,methanomassiliicoccaceae,methanomassiliicoccus,candidatus methanomassiliicoccus intestinalis
Zotu963,0,0,1,1,1,19,40,7,bacteria,actinomycetota,acidimicrobiia,acidimicrobiales,iamiaceae,iamia,iamia majanohamensis
Zotu964,0,3,0,2,0,0,0,1,bacteria,pseudomonadota,betaproteobacteria,burkholderiales,oxalobacteraceae,noviherbaspirillum,noviherbaspirillum autotrophicum
Zotu965,4,22,11,0,0,0,1,0,bacteria,bacillota,clostridia,eubacteriales,thermincolaceae,thermincola,thermincola ferriacetica
Zotu966,1,7,108,88,43,86,19,1,bacteria,actinomycetota,thermoleophilia,thermoleophilales,thermoleophilaceae,thermoleophilum,thermoleophilum album
Zotu967,1,2,0,0,0,2,0,0,bacteria,pseudomonadota,betaproteobacteria,burkholderiales,burkholderiaceae,lautropia,lautropia mirabilis
Zotu968,1,24,40,9,118,63,13,8,bacteria,actinomycetota,rubrobacteria,gaiellales,gaiellaceae,gaiella,gaiella occulta
Zotu969,1,4,0,3,0,0,33,1,bacteria,bacillota,clostridia,thermoanaerobacterales,thermoanaerobacteraceae,carboxydothermus,carboxydothermus islandicus
Zotu970,0,28,75,151,2,0,0,0,bacteria,rhodothermota,rhodothermia,rhodothermales,rhodothermaceae,rhodocaloribacter,rhodocaloribacter litoris
Zotu971,2,4,0,2,1,0,1,3,bacteria,actinomycetota,acidimicrobiia,acidimicrobiales,iamiaceae,iamia,iamia majanohamensis
Zotu972,1,0,1,0,1,7,11,6,bacteria,acidobacteriota,vicinamibacteria,vicinamibacterales,vicinamibacteraceae,vicinamibacter,vicinamibacter silvestris
Zotu973,1,8,0,1,0,0,0,0,bacteria,pseudomonadota,gammaproteobacteria,nevskiales,nevskiaceae,panacagrimonas,panacagrimonas perspica
Zotu974,13,52,80,0,15,57,13,0,bacteria,chloroflexota,tepidiformia,tepidiformales,tepidiformaceae,tepidiforma,tepidiforma bonchosmolovskayae
Zotu975,9,5,22,1,0,0,2,1,archaea,methanobacteriota,thermoplasmata,methanomassiliicoccales,methanomassiliicoccaceae,methanomassiliicoccus,methanomassiliicoccus luminyensis
Zotu976,22,12,1,0,242,1,1,0,bacteria,pseudomonadota,alphaproteobacteria,hyphomicrobiales,hyphomicrobiaceae,methylothermalis,methylothermalis aethiopiae
Zotu977,0,1,0,1,0,0,0,0,archaea,methanobacteriota,thermoplasmata,methanomassiliicoccales,methanomassiliicoccaceae,methanomassiliicoccus,methanomassiliicoccus luminyensis
Zotu978,0,0,0,0,0,0,0,0,bacteria,actinomycetota,actinomycetes,kitasatosporales,streptomycetaceae,streptomyces,streptomyces hainanensis
Zotu979,2,6,0,0,1,1,1,11,bacteria,chloroflexota,anaerolineae,anaerolineales,anaerolineaceae,thermanaerothrix,thermanaerothrix daxensis
Zotu980,0,0,0,0,0,1,1,0,bacteria,actinomycetota,nitriliruptoria,euzebyales,euzebyaceae,euzebya,euzebya pacifica
Zotu981,7,1,2,1,3,0,6,0,bacteria,bacillota,bacilli,bacillales,paenibacillaceae,oxalophagus,oxalophagus oxalicus
Zotu982,0,3,0,0,2,2,0,1,bacteria,actinomycetota,acidimicrobiia,acidimicrobiales,iamiaceae,rhabdothermincola,rhabdothermincola sediminis
Zotu983,1,0,1,0,1,3,1,0,bacteria,actinomycetota,actinomycetes,kitasatosporales,streptomycetaceae,streptomyces,streptomyces hoynatensis
Zotu984,0,0,0,0,0,1,1,36,bacteria,bacillota,bacilli,bacillales,planococcaceae,planomicrobium,planomicrobium mcmeekinii
Zotu985,4,3,4,0,11,31,1,0,bacteria,acidobacteriota,vicinamibacteria,vicinamibacterales,vicinamibacteraceae,luteitalea,luteitalea pratensis
Zotu986,1,1,1,72,1,1,6,13,bacteria,bacillota,clostridia,eubacteriales,symbiobacteriaceae,symbiobacterium,symbiobacterium terraclitae
Zotu987,0,0,0,0,0,0,1,11,bacteria,pseudomonadota,gammaproteobacteria,xanthomonadales,xanthomonadaceae,lysobacter,lysobacter xinjiangensis
Zotu988,0,0,0,1,0,2,2,3,bacteria,pseudomonadota,alphaproteobacteria,hyphomicrobiales,methylobacteriaceae,microvirga,microvirga guangxiensis
Zotu989,0,0,2,0,1,0,1,0,bacteria,actinomycetota,actinomycetes,geodermatophilales,geodermatophilaceae,blastococcus,blastococcus jejuensis
Zotu990,0,1,1,0,2,1,0,44,bacteria,bacteroidota,chitinophagia,chitinophagales,chitinophagaceae,flavisolibacter,flavisolibacter ginsengiterrae
Zotu992,2,0,1,0,0,1,2,1,bacteria,actinomycetota,nitriliruptoria,salsipaludibacterales,salsipaludibacteraceae,salsipaludibacter,salsipaludibacter albus
Zotu993,1,1,1,0,1,1,0,0,bacteria,pseudomonadota,betaproteobacteria,nitrosomonadales,methylophilaceae,pseudomethylobacillus,pseudomethylobacillus aquaticus
Zotu994,1,14,1,1,0,113,0,0,bacteria,bacteroidota,bacteroidia,bacteroidales,lentimicrobiaceae,lentimicrobium,lentimicrobium saccharophilum
Zotu995,3,0,0,0,0,0,0,0,archaea,methanobacteriota,thermoplasmata,methanomassiliicoccales,methanomassiliicoccaceae,methanomassiliicoccus,candidatus methanomassiliicoccus intestinalis
Zotu996,1,1,0,1,0,0,0,2,bacteria,pseudomonadota,alphaproteobacteria,rhodobacterales,paracoccaceae,falsirhodobacter,falsirhodobacter deserti
Zotu997,0,0,0,0,0,0,0,1,bacteria,pseudomonadota,alphaproteobacteria,hyphomicrobiales,methylobacteriaceae,microvirga,microvirga rosea
Zotu998,0,0,0,0,0,0,25,3,bacteria,actinomycetota,actinomycetes,geodermatophilales,geodermatophilaceae,geodermatophilus,geodermatophilus pulveris
Zotu999,0,1,0,0,2,1,0,0,bacteria,bacillota,clostridia,eubacteriales,symbiobacteriaceae,symbiobacterium,symbiobacterium terraclitae
Zotu1000,0,5,0,0,0,1,0,0,bacteria,actinomycetota,actinomycetia,pseudonocardiales,pseudonocardiaceae,pseudonocardia,pseudonocardia zijingensis
Zotu1001,1,1,11,0,1,13,22,0,bacteria,actinomycetota,acidimicrobiia,acidimicrobiales,acidimicrobiaceae,aciditerrimonas,aciditerrimonas ferrireducens
Zotu1002,0,0,0,0,0,1,1,1,bacteria,bacteroidota,chitinophagia,chitinophagales,chitinophagaceae,flavisolibacter,flavisolibacter ginsengiterrae
Zotu1003,0,1,0,1,1,1,3,21,bacteria,bacteroidota,cytophagia,cytophagales,hymenobacteraceae,adhaeribacter,adhaeribacter terreus
Zotu1004,0,0,0,0,1,51,0,6,bacteria,actinomycetota,rubrobacteria,gaiellales,gaiellaceae,gaiella,gaiella occulta
Zotu1005,2,0,0,1,0,0,0,0,bacteria,chloroflexota,anaerolineae,anaerolineales,anaerolineaceae,thermanaerothrix,thermanaerothrix daxensis
Zotu1006,0,0,0,0,0,0,0,0,bacteria,actinomycetota,rubrobacteria,gaiellales,gaiellaceae,gaiella,gaiella occulta
Zotu1007,1,0,0,0,1,0,1,0,bacteria,bacillota,bacilli,bacillales,paenibacillaceae,paenibacillus,paenibacillus oenotherae
Zotu1008,0,0,0,0,0,0,0,18,bacteria,actinomycetota,acidimicrobiia,acidimicrobiales,acidimicrobiaceae,aciditerrimonas,aciditerrimonas ferrireducens
Zotu1009,1,1,0,0,0,1,0,24,bacteria,actinomycetota,actinomycetes,micrococcales,micrococcaceae,kocuria,kocuria salina
Zotu1010,0,0,0,0,0,0,0,1,bacteria,myxococcota,myxococcia,myxococcales,myxococcaceae,pyxidicoccus,pyxidicoccus fallax
Zotu1011,1,0,0,0,0,0,1,0,bacteria,planctomycetota,phycisphaerae,tepidisphaerales,tepidisphaeraceae,tepidisphaera,tepidisphaera mucosa
Zotu1012,1,0,0,0,1,1,1,1,bacteria,planctomycetota,planctomycetia,gemmatales,gemmataceae,gemmata,gemmata palustris
Zotu1013,0,0,0,0,0,0,0,0,bacteria,actinomycetota,rubrobacteria,rubrobacterales,rubrobacteraceae,rubrobacter,rubrobacter taiwanensis
Zotu1014,0,0,0,2,1,0,1,13,bacteria,pseudomonadota,alphaproteobacteria,hyphomicrobiales,methylobacteriaceae,microvirga,microvirga lupini
Zotu1015,1,2,0,2,0,2,1,3,bacteria,pseudomonadota,betaproteobacteria,nitrosomonadales,thiobacillaceae,thiobacillus,thiobacillus denitrificans
Zotu1016,0,0,0,0,0,0,0,1,bacteria,bacteroidota,cytophagia,cytophagales,hymenobacteraceae,adhaeribacter,adhaeribacter radiodurans
Zotu1017,0,1,0,2,1,0,2,1,bacteria,actinomycetota,actinomycetes,propionibacteriales,nocardioidaceae,nocardioides,nocardioides euryhalodurans
Zotu1018,12,64,96,0,44,0,2,0,bacteria,actinomycetota,rubrobacteria,rubrobacterales,rubrobacteraceae,rubrobacter,rubrobacter naiadicus
Zotu1019,1,0,0,0,0,2,16,26,bacteria,deinococcota,deinococci,deinococcales,deinococcaceae,deinococcus,deinococcus sonorensis
Zotu1020,0,0,0,0,0,0,0,0,archaea,methanobacteriota,halobacteria,halobacteriales,halobacteriaceae,halorussus,halorussus ruber
Zotu1021,1,0,0,1,0,0,0,0,bacteria,verrucomicrobiota,opitutae,opitutales,opitutaceae,horticoccus,horticoccus luteus
Zotu1022,1,0,1,0,2,9,0,0,archaea,methanobacteriota,thermoplasmata,methanomassiliicoccales,candidatus methanomethylophilaceae,candidatus methanomethylophilus,candidatus methanomethylophilus alvus
Zotu1023,0,0,0,0,0,0,0,0,bacteria,bdellovibrionota,oligoflexia,oligoflexales,oligoflexaceae,oligoflexus,oligoflexus tunisiensis
Zotu1024,0,1,2,0,0,0,0,0,bacteria,verrucomicrobiota,opitutae,opitutales,opitutaceae,opitutus,opitutus terrae
Zotu1025,1,0,0,1,1,1,46,18,bacteria,pseudomonadota,alphaproteobacteria,hyphomicrobiales,methylobacteriaceae,microvirga,microvirga zambiensis
Zotu1026,1,0,0,0,26,30,17,0,bacteria,planctomycetota,planctomycetia,pirellulales,pirellulaceae,lignipirellula,lignipirellula cremea
Zotu1027,0,0,0,0,0,0,0,0,bacteria,bacteroidota,chitinophagia,chitinophagales,chitinophagaceae,sediminibacterium,sediminibacterium lactis
Zotu1028,1,0,0,0,1,1,1,0,archaea,methanobacteriota,thermoplasmata,methanomassiliicoccales,methanomassiliicoccaceae,methanomassiliicoccus,candidatus methanomassiliicoccus intestinalis
Zotu1029,0,0,0,0,0,0,0,0,bacteria,planctomycetota,phycisphaerae,tepidisphaerales,tepidisphaeraceae,tepidisphaera,tepidisphaera mucosa
Zotu1030,32,95,62,2,15,35,2,1,bacteria,acidobacteriota,vicinamibacteria,vicinamibacterales,vicinamibacteraceae,luteitalea,luteitalea pratensis
Zotu1031,1,1,0,0,0,6,0,2,bacteria,gemmatimonadota,longimicrobiia,longimicrobiales,longimicrobiaceae,longimicrobium,longimicrobium terrae
Zotu1032,0,0,0,1,0,0,0,0,bacteria,verrucomicrobiota,verrucomicrobiae,limisphaerales,fontisphaeraceae,fontisphaera,fontisphaera persica
Zotu1033,0,0,0,2,0,1,0,14,bacteria,bacteroidota,cytophagia,cytophagales,hymenobacteraceae,nibribacter,nibribacter koreensis
Zotu1034,0,0,2,0,1,0,0,0,bacteria,planctomycetota,planctomycetia,gemmatales,gemmataceae,zavarzinella,zavarzinella formosa
Zotu1035,0,0,0,0,0,0,0,0,bacteria,bacillota,bacilli,bacillales,staphylococcaceae,staphylococcus,staphylococcus massiliensis
Zotu1036,12,0,1,0,0,2,21,9,archaea,methanobacteriota,thermoplasmata,methanomassiliicoccales,methanomassiliicoccaceae,methanomassiliicoccus,candidatus methanomassiliicoccus intestinalis
Zotu1038,0,0,0,260,1,0,0,1,bacteria,mycoplasmatota,mollicutes,acholeplasmatales,acholeplasmataceae,candidatus phytoplasma,salt cedar witches'-broom phytoplasma
Zotu1039,0,0,0,0,0,0,0,0,bacteria,bacteroidota,cytophagia,cytophagales,fulvivirgaceae,pseudochryseolinea,pseudochryseolinea flava
Zotu1040,1,0,0,1,0,11,0,0,bacteria,gemmatimonadota,gemmatimonadetes,gemmatimonadales,gemmatimonadaceae,roseisolibacter,roseisolibacter agri
Zotu1041,0,0,0,0,0,0,0,0,bacteria,thermomicrobiota,thermomicrobia,sphaerobacterales,sphaerobacteraceae,sphaerobacter,sphaerobacter thermophilus
Zotu1042,0,0,0,0,0,0,0,0,bacteria,bacteroidota,sphingobacteriia,sphingobacteriales,sphingobacteriaceae,pedobacter,pedobacter quisquiliarum
Zotu1043,0,0,0,0,1,0,0,0,archaea,methanobacteriota,thermoplasmata,methanomassiliicoccales,candidatus methanomethylophilaceae,candidatus methanomethylophilus,candidatus methanomethylophilus alvus
Zotu1044,21,1,0,2,3,1,2,16,bacteria,bacillota,bacilli,bacillales,bacillaceae,neobacillus,neobacillus niacini
Zotu1045,0,0,0,1,0,0,0,0,bacteria,actinomycetota,rubrobacteria,rubrobacterales,rubrobacteraceae,rubrobacter,rubrobacter tropicus
Zotu1046,0,0,0,0,1,0,0,0,bacteria,pseudomonadota,betaproteobacteria,burkholderiales,oxalobacteraceae,noviherbaspirillum,noviherbaspirillum autotrophicum
Zotu1047,0,0,0,0,0,0,0,0,bacteria,bacillota,bacilli,bacillales,bacillaceae,metabacillus,metabacillus niabensis
Zotu1048,0,0,0,0,0,0,0,0,bacteria,gemmatimonadota,longimicrobiia,longimicrobiales,longimicrobiaceae,longimicrobium,longimicrobium terrae
Zotu1049,0,1,0,2,49,1,43,14,bacteria,pseudomonadota,alphaproteobacteria,hyphomicrobiales,methylobacteriaceae,microvirga,microvirga thermotolerans
Zotu1050,0,11,1,0,0,1,5,2,bacteria,chloroflexota,chloroflexia,chloroflexales,roseiflexaceae,kouleothrix,kouleothrix aurantiaca
Zotu1051,144,55,1,1,1,0,0,0,bacteria,chloroflexota,anaerolineae,anaerolineales,anaerolineaceae,thermanaerothrix,thermanaerothrix daxensis
Zotu1052,23,7,76,99,12,37,1,0,bacteria,acidobacteriota,acidobacteriia,acidobacteriales,acidobacteriaceae,candidatus koribacter,candidatus koribacter versatilis
Zotu1053,0,0,0,0,1,0,0,2,bacteria,actinomycetota,actinomycetes,kitasatosporales,streptomycetaceae,streptomyces,streptomyces griseorubens
Zotu1054,0,0,0,0,0,0,1,1,bacteria,actinomycetota,acidimicrobiia,acidimicrobiales,acidimicrobiaceae,acidiferrimicrobium,acidiferrimicrobium australe
Zotu1055,1,5,2,0,3,0,51,111,bacteria,chloroflexota,chloroflexia,kallotenuales,kallotenuaceae,kallotenue,kallotenue papyrolyticum
Zotu1056,3,7,0,0,1,0,0,1,archaea,methanobacteriota,thermoplasmata,methanomassiliicoccales,methanomassiliicoccaceae,methanomassiliicoccus,candidatus methanomassiliicoccus intestinalis
Zotu1057,0,0,5,0,0,5,45,54,bacteria,pseudomonadota,alphaproteobacteria,rhodospirillales,acetobacteraceae,falsiroseomonas,falsiroseomonas riguiloci
Zotu1059,6,13,0,3,16,2,3,4,bacteria,acidobacteriota,vicinamibacteria,vicinamibacterales,vicinamibacteraceae,luteitalea,luteitalea pratensis
Zotu1060,0,0,0,0,0,0,0,0,archaea,methanobacteriota,halobacteria,halobacteriales,halobacteriaceae,halobacterium,halobacterium rubrum
Zotu1061,0,0,0,0,0,0,0,1,bacteria,actinomycetota,actinomycetes,geodermatophilales,geodermatophilaceae,geodermatophilus,geodermatophilus sabuli
Zotu1062,1,0,0,1,0,0,0,2,bacteria,pseudomonadota,alphaproteobacteria,rhodobacterales,paracoccaceae,aliishimia,aliishimia ponticola
Zotu1063,0,2,0,1,0,1,0,13,bacteria,pseudomonadota,betaproteobacteria,burkholderiales,oxalobacteraceae,noviherbaspirillum,noviherbaspirillum aerium
Zotu1064,1,0,0,0,1,20,0,9,bacteria,pseudomonadota,betaproteobacteria,nitrosomonadales,methylophilaceae,novimethylophilus,novimethylophilus kurashikiensis
Zotu1065,0,0,0,0,0,0,0,0,bacteria,pseudomonadota,alphaproteobacteria,sphingomonadales,sphingomonadaceae,sphingomonas,sphingomonas lutea
Zotu1066,0,1,0,1,0,0,0,0,bacteria,actinomycetota,rubrobacteria,rubrobacterales,rubrobacteraceae,rubrobacter,rubrobacter marinus
Zotu1067,7,15,186,1,49,0,0,1,bacteria,planctomycetota,planctomycetia,gemmatales,gemmataceae,gemmata,gemmata palustris
Zotu1068,7,1,0,0,44,0,0,0,archaea,methanobacteriota,thermoplasmata,methanomassiliicoccales,methanomassiliicoccaceae,methanomassiliicoccus,candidatus methanomassiliicoccus intestinalis
Zotu1069,0,1,0,0,1,0,0,39,bacteria,bacteroidota,sphingobacteriia,sphingobacteriales,sphingobacteriaceae,mucilaginibacter,mucilaginibacter terrigena
Zotu1070,63,31,0,0,106,3,0,0,archaea,methanobacteriota,thermoplasmata,methanomassiliicoccales,methanomassiliicoccaceae,methanomassiliicoccus,candidatus methanomassiliicoccus intestinalis
Zotu1071,0,0,1,0,0,0,0,0,bacteria,actinomycetota,rubrobacteria,rubrobacterales,rubrobacteraceae,rubrobacter,rubrobacter naiadicus
Zotu1072,0,1,0,1,0,0,2,2,bacteria,bacteroidota,chitinophagia,chitinophagales,chitinophagaceae,segetibacter,segetibacter koreensis
Zotu1073,0,0,0,0,0,0,0,0,bacteria,actinomycetota,actinomycetes,actinomycetales,actinomycetaceae,neoactinobaculum,neoactinobaculum massilliense
Zotu1074,5,2,0,0,59,97,0,0,archaea,methanobacteriota,thermoplasmata,methanomassiliicoccales,candidatus methanomethylophilaceae,candidatus methanomethylophilus,candidatus methanomethylophilus alvus
Zotu1075,1,0,1,1,1,1,0,0,bacteria,pseudomonadota,alphaproteobacteria,hyphomicrobiales,hyphomicrobiaceae,methylothermalis,methylothermalis aethiopiae
Zotu1076,4,14,0,0,0,0,1,13,bacteria,pseudomonadota,alphaproteobacteria,caulobacterales,caulobacteraceae,phenylobacterium,phenylobacterium mobile
Zotu1077,1,5,72,83,20,9,17,0,bacteria,actinomycetota,acidimicrobiia,acidimicrobiales,acidimicrobiaceae,aciditerrimonas,aciditerrimonas ferrireducens
Zotu1078,0,1,0,1,0,0,0,20,bacteria,bacteroidota,cytophagia,cytophagales,spirosomataceae,telluribacter,telluribacter humicola
Zotu1079,2,1,2,4,0,0,1,1,bacteria,chloroflexota,anaerolineae,anaerolineales,anaerolineaceae,ornatilinea,ornatilinea apprima
Zotu1080,0,0,0,0,0,3,0,0,bacteria,acidobacteriota,vicinamibacteria,vicinamibacterales,vicinamibacteraceae,vicinamibacter,vicinamibacter silvestris
Zotu1081,0,1,1,1,0,1,2,3,bacteria,actinomycetota,actinomycetes,propionibacteriales,nocardioidaceae,nocardioides,nocardioides caricicola
Zotu1082,1,1,1,2,24,111,53,7,bacteria,acidobacteriota,vicinamibacteria,vicinamibacterales,vicinamibacteraceae,luteitalea,luteitalea pratensis
Zotu1083,5,11,0,1,110,21,32,6,bacteria,gemmatimonadota,gemmatimonadetes,gemmatimonadales,gemmatimonadaceae,gemmatimonas,gemmatimonas aurantiaca
Zotu1084,0,0,0,0,0,1,0,0,archaea,methanobacteriota,methanobacteria,methanobacteriales,methanobacteriaceae,methanobacterium,methanobacterium uliginosum
Zotu1085,7,6,0,0,5,10,5,25,bacteria,actinomycetota,actinomycetes,geodermatophilales,geodermatophilaceae,geodermatophilus,geodermatophilus arenarius
Zotu1086,0,0,1,0,0,1,0,0,bacteria,pseudomonadota,alphaproteobacteria,rhodospirillales,acetobacteraceae,pseudoroseomonas,pseudoroseomonas vastitatis
Zotu1087,0,0,0,0,0,0,0,1,bacteria,pseudomonadota,alphaproteobacteria,rhodobacterales,roseobacteraceae,rubellimicrobium,rubellimicrobium rubrum
Zotu1088,66,26,16,0,39,0,4,2,archaea,nitrososphaerota,nitrososphaeria,nitrososphaerales,nitrososphaeraceae,nitrososphaera,candidatus nitrososphaera gargensis
Zotu1089,3,0,146,0,0,2,19,1,bacteria,planctomycetota,phycisphaerae,tepidisphaerales,tepidisphaeraceae,tepidisphaera,tepidisphaera mucosa
Zotu1090,0,0,0,0,0,0,0,0,bacteria,chloroflexota,tepidiformia,tepidiformales,tepidiformaceae,tepidiforma,tepidiforma bonchosmolovskayae
Zotu1091,1,1,3,1,0,1,52,122,bacteria,chloroflexota,chloroflexia,kallotenuales,kallotenuaceae,kallotenue,kallotenue papyrolyticum
Zotu1092,3,1,1,1,42,72,52,0,bacteria,acidobacteriota,vicinamibacteria,vicinamibacterales,vicinamibacteraceae,luteitalea,luteitalea pratensis
Zotu1093,1,1,0,1,0,0,1,0,bacteria,chloroflexota,chloroflexota,chloroflexota,chloroflexota,thermobaculum,thermobaculum terrenum
Zotu1094,0,0,0,0,0,0,0,0,bacteria,bacteroidota,sphingobacteriia,sphingobacteriales,sphingobacteriaceae,pedobacter,pedobacter mongoliensis
Zotu1095,0,51,0,1,0,1,0,3,bacteria,verrucomicrobiota,verrucomicrobiae,verrucomicrobiales,verrucomicrobia subdivision 3,pedosphaera,pedosphaera parvula
Zotu1096,0,0,0,0,0,0,0,0,bacteria,acidobacteriota,vicinamibacteria,vicinamibacterales,vicinamibacteraceae,vicinamibacter,vicinamibacter silvestris
Zotu1097,3,101,8,0,1,11,16,1,bacteria,actinomycetota,rubrobacteria,rubrobacterales,rubrobacteraceae,rubrobacter,rubrobacter naiadicus
Zotu1098,0,0,0,0,0,0,0,0,bacteria,pseudomonadota,alphaproteobacteria,rhodospirillales,acetobacteraceae,dankookia,dankookia rubra
Zotu1099,22,3,0,1,3,0,0,0,bacteria,bacillota,bacilli,bacillales,bacillaceae,metabacillus,metabacillus niabensis
Zotu1100,1,0,0,0,0,0,1,1,bacteria,bacteroidota,sphingobacteriia,sphingobacteriales,sphingobacteriaceae,daejeonella,daejeonella lutea
Zotu1101,0,0,0,0,14,3,6,1,bacteria,actinomycetota,rubrobacteria,rubrobacterales,rubrobacteraceae,rubrobacter,rubrobacter tropicus
Zotu1102,1,0,2,0,128,10,72,42,bacteria,chloroflexota,chloroflexia,kallotenuales,kallotenuaceae,kallotenue,kallotenue papyrolyticum
Zotu1103,1,0,1,1,0,1,1,1,bacteria,actinomycetota,actinomycetes,kitasatosporales,streptomycetaceae,streptomyces,streptomyces torulosus
Zotu1104,0,2,1,1,1,2,23,3,bacteria,gemmatimonadota,gemmatimonadetes,gemmatimonadales,gemmatimonadaceae,gemmatimonas,gemmatimonas aurantiaca
Zotu1105,0,0,1,0,1,0,0,0,archaea,methanobacteriota,thermoplasmata,methanomassiliicoccales,methanomassiliicoccaceae,methanomassiliicoccus,candidatus methanomassiliicoccus intestinalis
Zotu1106,7,22,17,0,1,0,1,1,bacteria,pseudomonadota,betaproteobacteria,nitrosomonadales,methylophilaceae,novimethylophilus,novimethylophilus kurashikiensis
Zotu1107,0,0,0,0,0,0,0,0,bacteria,actinomycetota,rubrobacteria,rubrobacterales,rubrobacteraceae,rubrobacter,rubrobacter tropicus
Zotu1108,0,0,0,0,0,0,0,0,bacteria,verrucomicrobiota,verrucomicrobiae,verrucomicrobiales,verrucomicrobia subdivision 3,pedosphaera,pedosphaera parvula
Zotu1109,0,6,0,1,1,1,7,9,bacteria,bacillota,bacilli,bacillales,bacillaceae,mesobacillus,mesobacillus foraminis
Zotu1110,0,0,0,0,0,0,0,0,bacteria,bacteroidota,cytophagia,cytophagales,hymenobacteraceae,adhaeribacter,adhaeribacter radiodurans
Zotu1111,4,0,0,1,0,1,8,1,bacteria,chloroflexota,thermomicrobia,thermomicrobiales,thermomicrobiaceae,thermomicrobium,thermomicrobium roseum
Zotu1112,0,0,0,0,0,4,10,6,bacteria,gemmatimonadota,longimicrobiia,longimicrobiales,longimicrobiaceae,longimicrobium,longimicrobium terrae
Zotu1113,0,3,1,1,0,14,24,22,bacteria,actinomycetota,thermoleophilia,solirubrobacterales,solirubrobacteraceae,solirubrobacter,solirubrobacter phytolaccae
Zotu1114,1,76,0,0,9,2,0,0,bacteria,actinomycetota,rubrobacteria,gaiellales,gaiellaceae,gaiella,gaiella occulta
Zotu1115,0,0,0,0,0,0,0,0,bacteria,pseudomonadota,betaproteobacteria,burkholderiales,burkholderiaceae,lautropia,lautropia mirabilis
Zotu1116,3,2,1,0,109,0,77,7,bacteria,bacillota,bacilli,bacillales,bacillaceae,anoxybacillus,anoxybacillus vitaminiphilus
Zotu1117,0,0,0,1,1,0,0,10,bacteria,bacteroidota,chitinophagia,chitinophagales,chitinophagaceae,segetibacter,segetibacter koreensis
Zotu1118,1,2,1,0,1,0,0,1,bacteria,chloroflexota,chloroflexia,kallotenuales,kallotenuaceae,kallotenue,kallotenue papyrolyticum
Zotu1119,0,2,2,2,0,1,0,14,bacteria,deinococcota,deinococci,deinococcales,deinococcaceae,deinococcus,deinococcus pimensis
Zotu1120,0,0,0,0,0,0,0,0,archaea,methanobacteriota,halobacteria,halobacteriales,halobacteriaceae,halomicroarcula,halomicroarcula rubra
Zotu1121,35,53,24,62,42,26,0,0,bacteria,actinomycetota,actinomycetes,kitasatosporales,streptomycetaceae,streptomyces,streptomyces nanhaiensis
Zotu1122,4,12,11,175,11,0,2,0,bacteria,planctomycetota,planctomycetia,gemmatales,gemmataceae,zavarzinella,zavarzinella formosa
Zotu1123,0,0,0,0,0,0,2,0,bacteria,actinomycetota,nitriliruptoria,euzebyales,euzebyaceae,euzebya,euzebya pacifica
Zotu1124,1,0,0,1,0,1,2,1,bacteria,chloroflexota,chloroflexia,chloroflexales,roseiflexaceae,kouleothrix,kouleothrix aurantiaca
Zotu1125,0,1,0,0,1,0,0,10,bacteria,actinomycetota,actinomycetes,kitasatosporales,streptomycetaceae,streptomyces,streptomyces megasporus
Zotu1126,0,0,0,1,0,0,0,1,bacteria,bacteroidota,chitinophagia,chitinophagales,chitinophagaceae,paracnuella,paracnuella aquatica
Zotu1127,1,2,0,1,120,77,55,1,bacteria,verrucomicrobiota,verrucomicrobiae,verrucomicrobiales,verrucomicrobia subdivision 3,pedosphaera,pedosphaera parvula
Zotu1128,0,0,0,0,0,0,0,2,bacteria,bacillota,bacilli,lactobacillales,streptococcaceae,streptococcus,streptococcus salivarius
Zotu1129,2,1,0,2,1,15,16,13,bacteria,chloroflexota,chloroflexia,kallotenuales,kallotenuaceae,kallotenue,kallotenue papyrolyticum
Zotu1130,0,0,0,0,0,0,0,0,bacteria,actinomycetota,thermoleophilia,solirubrobacterales,baekduiaceae,baekduia,baekduia soli
Zotu1131,10,8,6,75,22,24,0,0,bacteria,actinomycetota,acidimicrobiia,acidimicrobiales,acidimicrobiaceae,aciditerrimonas,aciditerrimonas ferrireducens
Zotu1132,0,0,0,0,0,0,0,0,bacteria,actinomycetota,actinomycetes,actinomycetales,actinomycetaceae,schaalia,schaalia odontolytica
Zotu1133,1,0,0,0,0,0,1,0,bacteria,actinomycetota,acidimicrobiia,acidimicrobiales,ilumatobacteraceae,ilumatobacter,ilumatobacter fluminis
Zotu1134,0,2,0,0,1,1,1,0,bacteria,actinomycetota,actinomycetes,mycobacteriales,corynebacteriaceae,corynebacterium,corynebacterium coyleae
Zotu1135,14,28,35,34,23,24,16,4,bacteria,actinomycetota,acidimicrobiia,acidimicrobiales,iamiaceae,actinomarinicola,actinomarinicola tropica
Zotu1136,0,0,0,0,0,0,0,0,bacteria,actinomycetota,actinomycetes,pseudonocardiales,pseudonocardiaceae,amycolatopsis,amycolatopsis palatopharyngis
Zotu1137,1,0,0,0,2,0,1,0,bacteria,verrucomicrobiota,verrucomicrobiae,verrucomicrobiales,verrucomicrobia subdivision 3,pedosphaera,pedosphaera parvula
Zotu1138,2,3,0,0,1,1,0,7,bacteria,actinomycetota,actinomycetia,propionibacteriales,nocardioidaceae,nocardioides,nocardioides furvisabuli
Zotu1139,3,5,31,89,1,13,0,0,bacteria,actinomycetota,acidimicrobiia,acidimicrobiales,acidimicrobiaceae,aciditerrimonas,aciditerrimonas ferrireducens
Zotu1140,82,102,21,2,1,4,13,2,bacteria,thermodesulfobacteriota,desulfobulbia,desulfobulbales,desulfobulbaceae,desulfolithobacter,desulfolithobacter dissulfuricans
Zotu1141,0,0,0,0,0,0,0,0,bacteria,pseudomonadota,alphaproteobacteria,rhodospirillales,magnetovibrionaceae,varunaivibrio,varunaivibrio sulfuroxidans
Zotu1142,0,6,0,0,0,0,0,0,bacteria,bacillota,clostridia,eubacteriales,symbiobacteriaceae,symbiobacterium,symbiobacterium terraclitae
Zotu1143,2,0,1,1,1,1,29,55,bacteria,chloroflexota,caldilineae,caldilineales,caldilineaceae,caldilinea,caldilinea tarbellica
Zotu1144,8,2,3,2,0,5,68,1,bacteria,chloroflexota,chloroflexia,herpetosiphonales,herpetosiphonaceae,herpetosiphon,herpetosiphon aurantiacus
Zotu1145,1,1,2,0,18,52,26,0,bacteria,actinomycetota,actinomycetes,streptosporangiales,streptosporangiaceae,nonomuraea,nonomuraea soli
Zotu1146,10,11,15,2,6,5,4,3,bacteria,chloroflexota,chloroflexota,chloroflexota,chloroflexota,thermobaculum,thermobaculum terrenum
Zotu1147,219,15,2,1,0,0,3,1,archaea,nitrososphaerota,nitrososphaeria,nitrososphaerales,nitrososphaeraceae,nitrososphaera,candidatus nitrososphaera gargensis
Zotu1148,1,0,2,1,0,0,0,0,bacteria,myxococcota,myxococcota,haliangiales,kofleriaceae,haliangium,haliangium ochraceum
Zotu1149,27,49,93,30,0,0,1,3,bacteria,pseudomonadota,betaproteobacteria,burkholderiales,burkholderiaceae,caballeronia,caballeronia glathei
Zotu1150,1,1,0,4,1,7,29,2,bacteria,pseudomonadota,betaproteobacteria,burkholderiales,oxalobacteraceae,oxalicibacterium,oxalicibacterium horti
Zotu1151,3,0,0,0,3,0,0,0,bacteria,actinomycetota,actinomycetes,pseudonocardiales,pseudonocardiaceae,haloechinothrix,haloechinothrix salitolerans
Zotu1152,24,15,67,109,1,1,1,1,bacteria,chloroflexota,caldilineae,caldilineales,caldilineaceae,litorilinea,litorilinea aerophila
Zotu1153,16,13,51,0,83,39,7,1,bacteria,acidobacteriota,vicinamibacteria,vicinamibacterales,vicinamibacteraceae,luteitalea,luteitalea pratensis
Zotu1154,0,0,0,0,0,0,0,0,bacteria,bacteroidota,cytophagia,cytophagales,hymenobacteraceae,rufibacter,rufibacter tibetensis
Zotu1155,0,1,1,1,0,0,0,1,archaea,methanobacteriota,thermoplasmata,methanomassiliicoccales,methanomassiliicoccaceae,methanomassiliicoccus,candidatus methanomassiliicoccus intestinalis
Zotu1156,1,1,0,0,0,1,1,1,bacteria,pseudomonadota,alphaproteobacteria,rhodospirillales,acetobacteraceae,belnapia,belnapia moabensis
Zotu1157,0,0,0,0,0,0,3,0,bacteria,actinomycetota,actinomycetes,pseudonocardiales,pseudonocardiaceae,saccharopolyspora,saccharopolyspora tripterygii
Zotu1158,1,0,2,0,1,0,0,1,bacteria,pseudomonadota,gammaproteobacteria,moraxellales,moraxellaceae,acinetobacter,acinetobacter ursingii
Zotu1159,0,0,1,0,0,0,0,46,bacteria,bacteroidota,sphingobacteriia,sphingobacteriales,sphingobacteriaceae,hufsiella,hufsiella arboris
Zotu1160,0,0,0,0,0,0,222,3,bacteria,chloroflexota,chloroflexia,chloroflexales,oscillochloridaceae,oscillochloris,oscillochloris trichoides
Zotu1161,20,21,12,5,81,31,24,3,bacteria,actinomycetota,rubrobacteria,rubrobacterales,rubrobacteraceae,rubrobacter,rubrobacter radiotolerans
Zotu1162,11,0,53,142,0,2,0,0,bacteria,verrucomicrobiota,verrucomicrobiae,limisphaerales,fontisphaeraceae,fontisphaera,fontisphaera persica
Zotu1163,0,0,1,0,0,0,1,0,bacteria,pseudomonadota,alphaproteobacteria,rhodobacterales,paracoccaceae,paracoccus,paracoccus sanguinis
Zotu1164,0,0,0,0,0,1,29,0,archaea,methanobacteriota,thermoplasmata,methanomassiliicoccales,methanomassiliicoccaceae,methanomassiliicoccus,candidatus methanomassiliicoccus intestinalis
Zotu1165,1,0,0,0,4,7,27,14,bacteria,actinomycetota,actinomycetes,pseudonocardiales,pseudonocardiaceae,lentzea,lentzea albida
Zotu1166,0,0,0,0,1,1,0,17,bacteria,bacteroidota,chitinophagia,chitinophagales,chitinophagaceae,sediminibacterium,sediminibacterium salmoneum
Zotu1168,1,0,0,0,0,19,1,2,bacteria,actinomycetota,thermoleophilia,solirubrobacterales,parviterribacteraceae,parviterribacter,parviterribacter kavangonensis
Zotu1169,0,0,0,0,0,1,1,2,bacteria,pseudomonadota,betaproteobacteria,burkholderiales,sphaerotilaceae,roseateles,roseateles chitosanitabidus
Zotu1170,0,1,0,0,1,1,0,1,bacteria,pseudomonadota,alphaproteobacteria,sphingomonadales,sphingomonadaceae,sphingomonas,sphingomonas parvus
Zotu1171,1,0,0,71,33,75,1,1,bacteria,planctomycetota,planctomycetia,gemmatales,gemmataceae,zavarzinella,zavarzinella formosa
Zotu1172,16,79,47,55,1,4,2,1,bacteria,actinomycetota,rubrobacteria,rubrobacterales,rubrobacteraceae,rubrobacter,rubrobacter xylanophilus
Zotu1173,0,0,0,1,1,0,4,78,bacteria,actinomycetota,actinomycetes,pseudonocardiales,pseudonocardiaceae,lentzea,lentzea albida
Zotu1174,20,33,49,0,17,15,2,2,bacteria,gemmatimonadota,gemmatimonadetes,gemmatimonadales,gemmatimonadaceae,gemmatimonas,gemmatimonas aurantiaca
Zotu1175,0,4,0,0,0,0,0,0,bacteria,chloroflexota,caldilineae,caldilineales,caldilineaceae,caldilinea,caldilinea tarbellica
Zotu1176,0,0,0,0,0,0,0,0,bacteria,actinomycetota,acidimicrobiia,acidimicrobiales,iamiaceae,rhabdothermincola,rhabdothermincola sediminis
Zotu1177,0,0,0,0,0,0,0,0,bacteria,mycoplasmatota,mollicutes,entomoplasmatales,spiroplasmataceae,spiroplasma,spiroplasma kunkelii
Zotu1178,0,1,1,0,0,1,0,9,bacteria,pseudomonadota,alphaproteobacteria,sphingomonadales,sphingomonadaceae,novosphingobium,novosphingobium ginsenosidimutans
Zotu1179,1,1,0,0,1,1,0,0,bacteria,actinomycetota,actinomycetes,mycobacteriales,corynebacteriaceae,corynebacterium,corynebacterium tuberculostearicum
Zotu1180,7,14,18,1,58,23,0,0,bacteria,pseudomonadota,alphaproteobacteria,hyphomicrobiales,xanthobacteraceae,pseudolabrys,pseudolabrys taiwanensis
Zotu1181,0,8,1,0,2,0,1,0,bacteria,chloroflexota,chloroflexia,herpetosiphonales,herpetosiphonaceae,herpetosiphon,herpetosiphon aurantiacus
Zotu1182,1,0,0,0,2,0,2,0,archaea,methanobacteriota,thermoplasmata,methanomassiliicoccales,methanomassiliicoccaceae,methanomassiliicoccus,candidatus methanomassiliicoccus intestinalis
Zotu1183,0,0,0,0,0,0,0,3,bacteria,gemmatimonadota,gemmatimonadetes,gemmatimonadales,gemmatimonadaceae,roseisolibacter,roseisolibacter agri
Zotu1184,16,18,20,1,40,56,0,1,bacteria,actinomycetota,thermoleophilia,solirubrobacterales,conexibacteraceae,conexibacter,conexibacter arvalis
Zotu1185,0,0,0,0,0,0,0,0,bacteria,gemmatimonadota,longimicrobiia,longimicrobiales,longimicrobiaceae,longimicrobium,longimicrobium terrae
Zotu1186,0,0,1,0,0,0,0,0,bacteria,bacteroidota,cytophagia,cytophagales,hymenobacteraceae,adhaeribacter,adhaeribacter terrigena
Zotu1187,0,0,0,0,0,0,0,0,bacteria,pseudomonadota,alphaproteobacteria,rhodospirillales,azospirillaceae,skermanella,skermanella rubra
Zotu1188,1,0,3,1,1,3,1,0,bacteria,pseudomonadota,betaproteobacteria,burkholderiales,comamonadaceae,ramlibacter,ramlibacter monticola
Zotu1190,1,0,0,0,0,0,2,0,bacteria,pseudomonadota,betaproteobacteria,burkholderiales,burkholderiaceae,robbsia,robbsia andropogonis
Zotu1191,1,1,0,2,0,1,13,2,bacteria,actinomycetota,thermoleophilia,solirubrobacterales,baekduiaceae,baekduia,baekduia soli
Zotu1192,1,3,2,0,35,12,0,9,bacteria,actinomycetota,nitriliruptoria,euzebyales,euzebyaceae,euzebya,euzebya pacifica
Zotu1193,0,1,0,1,0,1,0,3,bacteria,pseudomonadota,alphaproteobacteria,sphingomonadales,sphingomonadaceae,sphingomonas,sphingomonas montis
Zotu1194,0,0,0,1,0,0,0,0,bacteria,pseudomonadota,alphaproteobacteria,hyphomicrobiales,methylobacteriaceae,microvirga,microvirga brassicacearum
Zotu1195,0,0,0,1,1,0,0,0,bacteria,pseudomonadota,betaproteobacteria,burkholderiales,oxalobacteraceae,herbaspirillum,herbaspirillum seropedicae
Zotu1196,1,0,0,1,0,1,1,0,bacteria,pseudomonadota,alphaproteobacteria,sphingomonadales,sphingosinicellaceae,sphingosinicella,sphingosinicella humi
Zotu1197,0,0,0,1,0,1,0,2,bacteria,bacteroidota,flavobacteriia,flavobacteriales,weeksellaceae,cloacibacterium,cloacibacterium normanense
Zotu1198,8,10,20,78,1,6,0,0,bacteria,pseudomonadota,alphaproteobacteria,hyphomicrobiales,hyphomicrobiaceae,methyloceanibacter,methyloceanibacter caenitepidi
Zotu1199,0,0,76,2,40,1,1,1,archaea,methanobacteriota,thermoplasmata,methanomassiliicoccales,methanomassiliicoccaceae,methanomassiliicoccus,candidatus methanomassiliicoccus intestinalis
Zotu1200,0,0,0,0,1,1,2,6,bacteria,pseudomonadota,alphaproteobacteria,rhodobacterales,roseobacteraceae,rubellimicrobium,rubellimicrobium roseum
Zotu1201,22,1,29,154,0,0,0,0,bacteria,verrucomicrobiota,verrucomicrobiae,limisphaerales,fontisphaeraceae,fontisphaera,fontisphaera persica
Zotu1202,1,2,32,2,25,1,77,5,bacteria,gemmatimonadota,longimicrobiia,longimicrobiales,longimicrobiaceae,longimicrobium,longimicrobium terrae
Zotu1203,0,2,0,0,0,0,2,0,bacteria,pseudomonadota,alphaproteobacteria,hyphomicrobiales,xanthobacteraceae,xanthobacter,xanthobacter agilis
Zotu1204,0,1,1,0,42,1,101,45,bacteria,chloroflexota,chloroflexia,herpetosiphonales,herpetosiphonaceae,herpetosiphon,herpetosiphon aurantiacus
Zotu1205,0,0,0,0,0,0,0,0,bacteria,pseudomonadota,gammaproteobacteria,chromatiales,ectothiorhodospiraceae,alkalilimnicola,alkalilimnicola halodurans
Zotu1206,4,11,1,1,18,20,1,0,bacteria,nitrospirota,nitrospira,nitrospirales,nitrospiraceae,nitrospira,nitrospira enrichment
Zotu1207,0,2,0,0,0,0,0,1,bacteria,bacillota,bacilli,bacillales,planococcaceae,ureibacillus,ureibacillus chungkukjangi
Zotu1209,1,1,1,0,0,4,2,1,bacteria,gemmatimonadota,gemmatimonadetes,gemmatimonadales,gemmatimonadaceae,gemmatimonas,gemmatimonas phototrophica
Zotu1210,1,1,0,1,4,40,95,2,bacteria,actinomycetota,acidimicrobiia,acidimicrobiales,acidimicrobiaceae,aciditerrimonas,aciditerrimonas ferrireducens
Zotu1211,0,298,29,0,0,1,3,0,bacteria,pseudomonadota,gammaproteobacteria,chromatiales,ectothiorhodospiraceae,thiohalomonas,thiohalomonas denitrificans
Zotu1212,0,0,0,0,0,0,0,0,bacteria,pseudomonadota,alphaproteobacteria,hyphomicrobiales,devosiaceae,devosia,devosia insulae
Zotu1213,4,0,0,0,0,0,0,0,bacteria,verrucomicrobiota,opitutae,opitutales,opitutaceae,horticoccus,horticoccus luteus
Zotu1214,7,1,0,0,0,0,0,0,bacteria,pseudomonadota,gammaproteobacteria,chromatiales,ectothiorhodospiraceae,natronospira,natronospira proteinivora
Zotu1215,0,0,0,1,0,0,1,3,bacteria,bacteroidota,cytophagia,cytophagales,flexibacteraceae,flexibacter,flexibacter flexilis
Zotu1216,1,0,2,0,2,0,0,51,bacteria,pseudomonadota,deltaproteobacteria,myxococcales,anaeromyxobacteraceae,anaeromyxobacter,anaeromyxobacter dehalogenans
Zotu1217,0,1,0,1,0,0,8,9,bacteria,actinomycetota,actinomycetes,propionibacteriales,nocardioidaceae,nocardioides,nocardioides iriomotensis
Zotu1218,1,0,0,0,1,1,0,2,bacteria,pseudomonadota,alphaproteobacteria,sphingomonadales,sphingomonadaceae,sphingomonas,sphingomonas humi
Zotu1219,0,2,0,1,0,1,1,21,bacteria,pseudomonadota,alphaproteobacteria,hyphomicrobiales,boseaceae,bosea,bosea robiniae
Zotu1220,0,1,1,0,1,0,0,1,bacteria,actinomycetota,actinomycetes,micrococcales,promicromonosporaceae,promicromonospora,promicromonospora soli
Zotu1221,2,0,0,0,0,0,2,1,bacteria,bacteroidota,chitinophagia,chitinophagales,chitinophagaceae,segetibacter,segetibacter koreensis
Zotu1222,0,0,0,0,0,0,0,0,bacteria,pseudomonadota,alphaproteobacteria,hyphomicrobiales,methylobacteriaceae,microvirga,microvirga thermotolerans
Zotu1223,0,8,0,0,0,0,0,0,archaea,methanobacteriota,halobacteria,halobacteriales,halobacteriaceae,haloquadratum,haloquadratum walsbyi
Zotu1224,1,47,2,150,0,0,1,0,bacteria,planctomycetota,planctomycetia,gemmatales,gemmataceae,gemmata,gemmata palustris
Zotu1225,0,15,26,80,1,35,21,1,bacteria,gemmatimonadota,longimicrobiia,longimicrobiales,longimicrobiaceae,longimicrobium,longimicrobium terrae
Zotu1226,1,1,4,0,0,0,0,0,bacteria,actinomycetota,actinomycetes,mycobacteriales,lawsonellaceae,lawsonella,lawsonella clevelandensis
Zotu1227,0,0,1,1,0,9,15,30,bacteria,chloroflexota,chloroflexia,kallotenuales,kallotenuaceae,kallotenue,kallotenue papyrolyticum
Zotu1228,0,1,0,0,1,3,0,54,bacteria,bacteroidota,chitinophagia,chitinophagales,chitinophagaceae,flavisolibacter,flavisolibacter galbus
Zotu1229,5,0,17,0,89,17,45,1,bacteria,pseudomonadota,gammaproteobacteria,chromatiales,ectothiorhodospiraceae,ectothiorhodospira,ectothiorhodospira imhoffii
Zotu1231,1,0,0,0,0,0,11,0,bacteria,chloroflexota,chloroflexia,chloroflexales,chloroflexaceae,chloroflexus,chloroflexus islandicus
Zotu1232,0,2,0,1,0,17,104,68,bacteria,pseudomonadota,alphaproteobacteria,hyphomicrobiales,methylobacteriaceae,microvirga,microvirga roseola
Zotu1233,0,3,0,1,2,1,0,0,bacteria,pseudomonadota,alphaproteobacteria,sphingomonadales,sphingomonadaceae,sphingomonas,sphingomonas rhizophila
Zotu1234,3,42,0,1,32,1,0,0,bacteria,planctomycetota,planctomycetia,gemmatales,gemmataceae,zavarzinella,zavarzinella formosa
Zotu1235,0,54,2,0,0,26,2,2,bacteria,chloroflexota,chloroflexia,herpetosiphonales,herpetosiphonaceae,herpetosiphon,herpetosiphon aurantiacus
Zotu1236,0,0,1,0,0,0,0,0,bacteria,bacillota,bacilli,bacillales,bacillales,exiguobacterium,exiguobacterium aurantiacum
Zotu1237,0,2,0,0,0,0,1,6,bacteria,pseudomonadota,alphaproteobacteria,rhodospirillales,azospirillaceae,azospirillum,azospirillum rugosum
Zotu1238,0,0,0,0,0,14,0,0,bacteria,chloroflexota,tepidiformia,tepidiformales,tepidiformaceae,tepidiforma,tepidiforma bonchosmolovskayae
Zotu1239,0,0,0,0,0,0,0,0,bacteria,bacteroidota,cytophagia,cytophagales,hymenobacteraceae,nibribacter,nibribacter koreensis
Zotu1240,1,0,0,1,0,6,2,43,bacteria,myxococcota,myxococcia,myxococcales,archangiaceae,hyalangium,hyalangium minutum
Zotu1241,13,1,0,0,0,0,0,0,archaea,methanobacteriota,methanomicrobia,methanotrichales,methanotrichaceae,methanosaeta,methanosaeta harundinacea
Zotu1242,1,0,0,0,191,1,0,2,bacteria,planctomycetota,phycisphaerae,tepidisphaerales,tepidisphaeraceae,tepidisphaera,tepidisphaera mucosa
Zotu1243,0,1,0,0,2,1,0,1,archaea,methanobacteriota,thermoplasmata,methanomassiliicoccales,methanomassiliicoccaceae,methanomassiliicoccus,candidatus methanomassiliicoccus intestinalis
Zotu1244,0,1,0,0,0,2,0,2,bacteria,pseudomonadota,alphaproteobacteria,sphingomonadales,sphingomonadaceae,sphingomonas,sphingomonas sediminicola
Zotu1245,2,0,0,0,2,5,130,76,bacteria,chloroflexota,caldilineae,caldilineales,caldilineaceae,caldilinea,caldilinea tarbellica
Zotu1246,2,7,16,52,85,13,0,0,bacteria,actinomycetota,rubrobacteria,rubrobacterales,rubrobacteraceae,rubrobacter,rubrobacter naiadicus
Zotu1247,0,0,0,0,0,0,14,0,bacteria,planctomycetota,planctomycetia,gemmatales,gemmataceae,gemmata,gemmata massiliana
Zotu1248,0,0,1,0,0,0,0,0,bacteria,actinomycetota,actinomycetes,propionibacteriales,nocardioidaceae,nocardioides,nocardioides aquiterrae
Zotu1249,0,0,0,0,0,0,0,0,bacteria,chloroflexota,chloroflexota,chloroflexota,chloroflexota,thermobaculum,thermobaculum terrenum
Zotu1250,102,2,0,0,0,0,1,2,bacteria,verrucomicrobiota,verrucomicrobiae,verrucomicrobiales,verrucomicrobia subdivision 3,pedosphaera,pedosphaera parvula
Zotu1252,0,0,0,0,0,0,0,0,bacteria,pseudomonadota,betaproteobacteria,nitrosomonadales,methylophilaceae,methylophilus,methylophilus methylotrophus
Zotu1253,2,0,1,1,1,0,0,5,bacteria,actinomycetota,actinomycetia,geodermatophilales,geodermatophilaceae,modestobacter,modestobacter multiseptatus
Zotu1254,2,10,0,0,0,0,0,0,bacteria,planctomycetota,planctomycetia,gemmatales,gemmataceae,zavarzinella,zavarzinella formosa
Zotu1255,0,7,22,149,1,1,0,0,bacteria,verrucomicrobiota,verrucomicrobiae,limisphaerales,fontisphaeraceae,fontisphaera,fontisphaera persica
Zotu1256,31,74,2,2,1,0,0,0,archaea,methanobacteriota,thermoplasmata,methanomassiliicoccales,methanomassiliicoccaceae,methanomassiliicoccus,candidatus methanomassiliicoccus intestinalis
Zotu1257,0,0,0,0,0,0,0,0,bacteria,pseudomonadota,alphaproteobacteria,sphingomonadales,sphingomonadaceae,sphingomonas,sphingomonas lutea
Zotu1258,0,0,0,0,0,0,0,0,bacteria,verrucomicrobiota,verrucomicrobiae,verrucomicrobiales,verrucomicrobia subdivision 3,pedosphaera,pedosphaera parvula
Zotu1259,99,20,61,4,1,3,0,0,bacteria,chloroflexota,anaerolineae,anaerolineales,anaerolineaceae,thermanaerothrix,thermanaerothrix daxensis
Zotu1260,3,1,2,1,3,1,0,1,bacteria,actinomycetota,acidimicrobiia,acidimicrobiales,iamiaceae,actinomarinicola,actinomarinicola tropica
Zotu1261,4,1,0,1,0,0,0,10,bacteria,chloroflexota,chloroflexota,chloroflexota,chloroflexota,thermobaculum,thermobaculum terrenum
Zotu1262,1,0,0,2,1,0,0,12,bacteria,bacteroidota,cytophagia,cytophagales,hymenobacteraceae,pontibacter,pontibacter lucknowensis
Zotu1263,13,0,1,0,1,0,0,1,bacteria,acidobacteriota,vicinamibacteria,vicinamibacterales,vicinamibacteraceae,luteitalea,luteitalea pratensis
Zotu1264,4,0,0,0,0,1,0,0,archaea,methanobacteriota,thermoplasmata,methanomassiliicoccales,methanomassiliicoccaceae,methanomassiliicoccus,candidatus methanomassiliicoccus intestinalis
Zotu1265,0,0,0,0,0,0,0,0,archaea,methanobacteriota,halobacteria,halobacteriales,halobacteriaceae,halorubellus,halorubellus salinus
Zotu1266,7,12,0,0,0,0,0,0,bacteria,chloroflexota,chloroflexia,chloroflexales,roseiflexaceae,kouleothrix,kouleothrix aurantiaca
Zotu1267,0,0,0,0,0,0,0,0,bacteria,bacteroidota,chitinophagia,chitinophagales,chitinophagaceae,flavisolibacter,flavisolibacter carri
Zotu1268,0,0,0,0,0,0,0,0,bacteria,actinomycetota,rubrobacteria,rubrobacterales,rubrobacteraceae,rubrobacter,rubrobacter xylanophilus
Zotu1269,40,30,18,1,19,34,18,0,bacteria,pseudomonadota,alphaproteobacteria,hyphomicrobiales,kaistiaceae,kaistia,kaistia granuli
Zotu1270,0,0,0,0,0,0,0,0,bacteria,planctomycetota,phycisphaerae,tepidisphaerales,tepidisphaeraceae,tepidisphaera,tepidisphaera mucosa
Zotu1271,0,0,0,0,0,0,0,0,bacteria,thermodesulfobacteriota,desulfovibrionia,desulfovibrionales,desulfovibrionaceae,oceanidesulfovibrio,oceanidesulfovibrio marinus
Zotu1272,0,0,2,1,0,1,0,2,bacteria,actinomycetota,actinomycetes,micrococcales,microbacteriaceae,diaminobutyricibacter,diaminobutyricibacter tongyongensis
Zotu1273,15,28,3,102,0,0,3,3,bacteria,actinomycetota,rubrobacteria,rubrobacterales,rubrobacteraceae,rubrobacter,rubrobacter naiadicus
Zotu1274,12,2,14,1,54,32,9,0,bacteria,chloroflexota,chloroflexota,chloroflexota,chloroflexota,thermobaculum,thermobaculum terrenum
Zotu1275,1,0,2,1,2,1,0,1,bacteria,actinomycetota,thermoleophilia,solirubrobacterales,baekduiaceae,baekduia,baekduia soli
Zotu1276,0,0,0,84,0,0,0,0,bacteria,bacillota,clostridia,eubacteriales,peptococcaceae,desulforamulus,desulforamulus ferrireducens
Zotu1277,0,0,0,0,0,0,0,0,bacteria,gemmatimonadota,longimicrobiia,longimicrobiales,longimicrobiaceae,longimicrobium,longimicrobium terrae
Zotu1278,0,0,1,1,1,0,1,1,bacteria,pseudomonadota,gammaproteobacteria,xanthomonadales,xanthomonadaceae,lysobacter,lysobacter yangpyeongensis
Zotu1279,2,0,0,0,0,0,0,90,bacteria,pseudomonadota,betaproteobacteria,burkholderiales,oxalobacteraceae,oxalicibacterium,oxalicibacterium horti
Zotu1280,1,1,0,1,1,11,0,1,bacteria,actinomycetota,rubrobacteria,gaiellales,gaiellaceae,gaiella,gaiella occulta
Zotu1281,0,0,0,0,63,54,32,1,bacteria,planctomycetota,phycisphaerae,tepidisphaerales,tepidisphaeraceae,tepidisphaera,tepidisphaera mucosa
Zotu1282,1,1,0,1,2,1,1,0,bacteria,actinomycetota,thermoleophilia,solirubrobacterales,baekduiaceae,baekduia,baekduia soli
Zotu1283,0,3,0,0,0,0,0,0,bacteria,pseudomonadota,alphaproteobacteria,sphingomonadales,sphingomonadaceae,sphingopyxis,sphingopyxis macrogoltabida
Zotu1284,13,1,30,1,2,2,2,0,bacteria,verrucomicrobiota,verrucomicrobiae,verrucomicrobiales,verrucomicrobia subdivision 3,pedosphaera,pedosphaera parvula
Zotu1285,1,0,1,0,0,0,0,6,bacteria,actinomycetota,actinomycetes,frankiales,frankiaceae,parafrankia,parafrankia discariae
Zotu1286,0,1,0,1,19,5,1,1,bacteria,actinomycetota,rubrobacteria,gaiellales,gaiellaceae,gaiella,gaiella occulta
Zotu1287,0,1,0,1,0,0,1,0,bacteria,bacteroidota,chitinophagia,chitinophagales,chitinophagaceae,ilyomonas,ilyomonas limi
Zotu1288,5,12,16,103,58,2,10,0,bacteria,chloroflexota,chloroflexia,kallotenuales,kallotenuaceae,kallotenue,kallotenue papyrolyticum
Zotu1289,0,0,0,2,0,0,0,5,bacteria,actinomycetota,actinomycetes,propionibacteriales,nocardioidaceae,nocardioides,nocardioides iriomotensis
Zotu1290,1,1,4,122,4,22,31,2,bacteria,actinomycetota,thermoleophilia,solirubrobacterales,solirubrobacteraceae,solirubrobacter,solirubrobacter phytolaccae
Zotu1291,0,0,0,1,0,0,0,0,bacteria,bacteroidota,flavobacteriia,flavobacteriales,weeksellaceae,epilithonimonas,epilithonimonas vandammei
Zotu1292,34,15,0,1,28,0,1,1,bacteria,pseudomonadota,alphaproteobacteria,rhodospirillales,azospirillaceae,azospirillum,azospirillum doebereinerae
Zotu1293,0,0,0,0,0,0,0,0,bacteria,bacillota,bacilli,bacillales,bacillaceae,bacillus,bacillus asahii
Zotu1295,0,0,0,0,0,4,0,0,bacteria,actinomycetota,nitriliruptoria,euzebyales,euzebyaceae,euzebya,euzebya pacifica
Zotu1296,8,3,15,1,1,0,0,0,bacteria,actinomycetota,rubrobacteria,rubrobacterales,rubrobacteraceae,rubrobacter,rubrobacter xylanophilus
Zotu1297,0,0,0,0,0,0,0,0,bacteria,bacillota,clostridia,eubacteriales,oscillospiraceae,vescimonas,vescimonas coprocola
Zotu1298,0,0,1,1,0,1,0,19,bacteria,bacteroidota,cytophagia,cytophagales,spirosomataceae,telluribacter,telluribacter humicola
Zotu1299,0,0,1,75,23,1,0,0,bacteria,actinomycetota,rubrobacteria,rubrobacterales,rubrobacteraceae,rubrobacter,rubrobacter xylanophilus
Zotu1300,0,0,0,0,0,0,0,0,bacteria,pseudomonadota,gammaproteobacteria,oceanospirillales,halomonadaceae,halovibrio,halovibrio denitrificans
Zotu1301,2,4,13,80,0,2,8,4,bacteria,actinomycetota,actinomycetes,streptosporangiales,treboniaceae,trebonia,trebonia kvetii
Zotu1302,0,27,93,0,18,0,0,0,archaea,methanobacteriota,thermoplasmata,methanomassiliicoccales,methanomassiliicoccaceae,methanomassiliicoccus,methanomassiliicoccus luminyensis
Zotu1303,1,1,0,2,5,135,17,8,bacteria,actinomycetota,rubrobacteria,gaiellales,gaiellaceae,gaiella,gaiella occulta
Zotu1304,0,0,0,0,19,13,1,7,bacteria,actinomycetota,rubrobacteria,gaiellales,gaiellaceae,gaiella,gaiella occulta
Zotu1305,0,0,0,0,0,0,0,0,bacteria,bacteroidota,cytophagia,cytophagales,hymenobacteraceae,rufibacter,rufibacter hautae
Zotu1307,1,0,0,1,0,0,1,0,bacteria,chloroflexota,anaerolineae,anaerolineales,anaerolineaceae,thermomarinilinea,thermomarinilinea lacunifontana
Zotu1308,0,1,1,1,1,0,0,13,bacteria,pseudomonadota,alphaproteobacteria,sphingomonadales,sphingosinicellaceae,sandaracinobacter,sandaracinobacter neustonicus
Zotu1309,0,0,0,0,0,0,0,0,archaea,methanobacteriota,methanococci,methanococcales,methanocaldococcaceae,methanocaldococcus,methanocaldococcus indicus
Zotu1310,30,24,0,0,1,13,1,2,bacteria,chloroflexota,tepidiformia,tepidiformales,tepidiformaceae,tepidiforma,tepidiforma bonchosmolovskayae
Zotu1311,2,0,0,0,94,9,0,0,bacteria,chloroflexota,thermoflexia,thermoflexales,thermoflexaceae,thermoflexus,thermoflexus hugenholtzii
Zotu1312,0,0,1,1,0,2,0,8,bacteria,bacteroidota,cytophagia,cytophagales,cytophagaceae,edaphorhabdus,edaphorhabdus rosea
Zotu1313,0,0,0,1,0,1,0,13,bacteria,bacteroidota,chitinophagia,chitinophagales,chitinophagaceae,segetibacter,segetibacter aerophilus
Zotu1314,0,0,1,0,0,0,0,0,bacteria,bacillota,bacilli,bacillales,bacillales family x. incertae sedis,brockia,brockia lithotrophica
Zotu1315,0,1,0,1,0,0,1,7,bacteria,verrucomicrobiota,verrucomicrobiae,verrucomicrobiales,verrucomicrobia subdivision 3,pedosphaera,pedosphaera parvula
Zotu1316,11,51,47,58,1,2,0,1,bacteria,acidobacteriota,vicinamibacteria,vicinamibacterales,vicinamibacteraceae,luteitalea,luteitalea pratensis
Zotu1317,0,3,0,0,0,5,0,3,bacteria,actinomycetota,thermoleophilia,solirubrobacterales,capillimicrobiaceae,capillimicrobium,capillimicrobium parvum
Zotu1318,19,4,0,0,0,0,0,1,bacteria,pseudomonadota,gammaproteobacteria,chromatiales,ectothiorhodospiraceae,inmirania,inmirania thermothiophila
Zotu1319,0,1,0,0,0,0,0,1,bacteria,actinomycetota,actinomycetes,propionibacteriales,kribbellaceae,kribbella,kribbella antibiotica
Zotu1320,0,0,0,0,0,154,0,23,bacteria,bacteroidota,chitinophagia,chitinophagales,chitinophagaceae,flavisolibacter,flavisolibacter galbus
Zotu1321,0,0,0,0,1,0,0,1,bacteria,bacillota,bacilli,bacillales,planococcaceae,paenisporosarcina,paenisporosarcina indica
Zotu1322,0,0,0,0,0,1,0,21,bacteria,bacteroidota,cytophagia,cytophagales,hymenobacteraceae,adhaeribacter,adhaeribacter aquaticus
Zotu1323,0,0,1,0,0,0,0,0,bacteria,gemmatimonadota,longimicrobiia,longimicrobiales,longimicrobiaceae,longimicrobium,longimicrobium terrae
Zotu1324,1,4,0,2,75,22,36,6,bacteria,nitrospirota,nitrospira,nitrospirales,nitrospiraceae,nitrospira,nitrospira enrichment
Zotu1325,0,0,0,0,0,0,0,1,bacteria,actinomycetota,actinomycetes,geodermatophilales,geodermatophilaceae,blastococcus,blastococcus aggregatus
Zotu1326,187,13,1,0,1,0,1,1,bacteria,bacteroidota,chitinophagia,chitinophagales,chitinophagaceae,lacibacter,lacibacter cauensis
Zotu1327,6,15,0,133,11,13,1,0,bacteria,actinomycetota,rubrobacteria,rubrobacterales,rubrobacteraceae,rubrobacter,rubrobacter naiadicus
Zotu1328,31,75,0,1,1,0,8,0,bacteria,chloroflexota,chloroflexia,chloroflexales,roseiflexaceae,kouleothrix,kouleothrix aurantiaca
Zotu1329,0,0,0,0,0,0,0,0,bacteria,verrucomicrobiota,verrucomicrobiae,limisphaerales,limisphaeraceae,limisphaera,limisphaera ngatamarikiensis
Zotu1330,0,1,0,0,0,0,0,0,bacteria,pseudomonadota,alphaproteobacteria,rhodospirillales,azospirillaceae,azospirillum,azospirillum rugosum
Zotu1331,9,23,14,1,11,1,1,0,bacteria,thermodesulfobacteriota,syntrophobacteria,syntrophobacterales,syntrophobacteraceae,desulfosoma,desulfosoma caldarium
Zotu1332,0,0,0,0,1,0,1,2,bacteria,pseudomonadota,betaproteobacteria,ferritrophicales,ferritrophicaceae,ferritrophicum,ferritrophicum radicicola
Zotu1333,1,0,0,0,1,0,0,77,bacteria,bacteroidota,cytophagia,cytophagales,hymenobacteraceae,adhaeribacter,adhaeribacter aquaticus
Zotu1334,1,4,0,1,0,34,1,0,bacteria,actinomycetota,actinomycetes,kitasatosporales,streptomycetaceae,streptomyces,streptomyces echinoruber
Zotu1335,24,5,2,107,0,3,14,7,bacteria,acidobacteriota,vicinamibacteria,vicinamibacterales,vicinamibacteraceae,luteitalea,luteitalea pratensis
Zotu1336,0,0,0,1,0,1,1,1,bacteria,pseudomonadota,alphaproteobacteria,hyphomicrobiales,aestuariivirgaceae,aestuariivirga,aestuariivirga litoralis
Zotu1337,0,0,0,0,0,0,0,0,bacteria,bacteroidota,chitinophagia,chitinophagales,chitinophagaceae,flavisolibacter,flavisolibacter rigui
Zotu1338,0,2,0,1,0,1,0,0,bacteria,pseudomonadota,alphaproteobacteria,hyphomicrobiales,methylocystaceae,methylocystis,methylocystis echinoides
Zotu1339,0,0,0,0,0,0,0,0,bacteria,pseudomonadota,betaproteobacteria,burkholderiales,burkholderiaceae,chitinimonas,chitinimonas taiwanensis
Zotu1340,0,0,0,0,0,1,4,1,bacteria,pseudomonadota,alphaproteobacteria,hyphomicrobiales,xanthobacteraceae,pseudolabrys,pseudolabrys taiwanensis
Zotu1341,66,27,0,0,18,0,3,1,bacteria,acidobacteriota,vicinamibacteria,vicinamibacterales,vicinamibacteraceae,luteitalea,luteitalea pratensis
Zotu1342,0,0,0,0,0,0,0,0,bacteria,actinomycetota,actinomycetes,micromonosporales,micromonosporaceae,hamadaea,hamadaea flava
Zotu1343,3,1,0,0,0,0,1,2,bacteria,acidobacteriota,vicinamibacteria,vicinamibacterales,vicinamibacteraceae,vicinamibacter,vicinamibacter silvestris
Zotu1344,0,1,0,0,0,0,0,0,bacteria,actinomycetota,rubrobacteria,gaiellales,gaiellaceae,gaiella,gaiella occulta
Zotu1345,0,1,0,0,0,1,1,1,bacteria,myxococcota,myxococcota,haliangiales,kofleriaceae,haliangium,haliangium ochraceum
Zotu1346,14,67,10,3,1,1,1,0,bacteria,thermodesulfobacteriota,thermodesulfobacteria,thermodesulfobacteriales,thermodesulfatatoraceae,thermodesulfatator,thermodesulfatator atlanticus
Zotu1347,1,1,0,0,0,2,43,0,archaea,methanobacteriota,thermoplasmata,methanomassiliicoccales,methanomassiliicoccaceae,methanomassiliicoccus,candidatus methanomassiliicoccus intestinalis
Zotu1348,0,0,0,0,0,1,1,0,bacteria,myxococcota,myxococcia,myxococcales,myxococcaceae,simulacricoccus,simulacricoccus ruber
Zotu1349,0,0,1,0,1,0,1,0,bacteria,planctomycetota,planctomycetia,gemmatales,gemmataceae,zavarzinella,zavarzinella formosa
Zotu1350,1,0,0,0,0,30,0,0,bacteria,planctomycetota,planctomycetia,gemmatales,gemmataceae,zavarzinella,zavarzinella formosa
Zotu1352,0,1,1,0,1,0,1,0,bacteria,planctomycetota,planctomycetia,gemmatales,gemmataceae,gemmata,gemmata palustris
Zotu1353,0,1,0,1,0,13,0,0,bacteria,acidobacteriota,vicinamibacteria,vicinamibacterales,vicinamibacteraceae,vicinamibacter,vicinamibacter silvestris
Zotu1354,7,24,0,96,0,36,2,1,bacteria,planctomycetota,planctomycetia,gemmatales,gemmataceae,fimbriiglobus,fimbriiglobus ruber
Zotu1355,1,0,1,0,1,0,0,3,bacteria,actinomycetota,acidimicrobiia,acidimicrobiales,acidimicrobiaceae,aciditerrimonas,aciditerrimonas ferrireducens
Zotu1356,1,0,0,2,0,0,1,91,bacteria,bacteroidota,chitinophagia,chitinophagales,chitinophagaceae,segetibacter,segetibacter koreensis
Zotu1357,1,4,1,1,1,1,0,1,bacteria,acidobacteriota,vicinamibacteria,vicinamibacterales,vicinamibacteraceae,vicinamibacter,vicinamibacter silvestris
Zotu1358,0,1,0,0,0,0,0,1,bacteria,chloroflexota,caldilineae,caldilineales,caldilineaceae,litorilinea,litorilinea aerophila
Zotu1359,1,0,0,0,0,3,1,1,bacteria,actinomycetota,actinomycetia,pseudonocardiales,pseudonocardiaceae,saccharomonospora,saccharomonospora cyanea
Zotu1360,0,0,0,0,0,0,0,1,bacteria,bacillota,bacilli,lactobacillales,streptococcaceae,streptococcus,streptococcus mitis
Zotu1362,0,0,0,3,33,15,28,10,bacteria,actinomycetota,nitriliruptoria,euzebyales,euzebyaceae,euzebya,euzebya pacifica
Zotu1363,1,13,0,0,0,12,1,6,bacteria,thermomicrobiota,thermomicrobia,sphaerobacterales,sphaerobacteraceae,sphaerobacter,sphaerobacter thermophilus
Zotu1364,19,44,53,0,26,3,1,1,bacteria,actinomycetota,actinomycetes,propionibacteriales,kribbellaceae,kribbella,kribbella solani
Zotu1365,0,0,0,58,1,0,0,1,bacteria,pseudomonadota,betaproteobacteria,burkholderiales,burkholderiales,thiobacter,thiobacter subterraneus
Zotu1366,0,1,1,1,0,1,0,17,bacteria,bacteroidota,chitinophagia,chitinophagales,chitinophagaceae,sediminibacterium,sediminibacterium salmoneum
Zotu1367,0,0,0,0,0,1,1,6,bacteria,actinomycetota,actinomycetes,pseudonocardiales,pseudonocardiaceae,allokutzneria,allokutzneria oryzae
Zotu1368,26,30,105,0,0,8,0,1,bacteria,actinomycetota,thermoleophilia,thermoleophilales,thermoleophilaceae,thermoleophilum,thermoleophilum album
Zotu1369,0,0,0,0,0,1,40,84,bacteria,bacteroidota,chitinophagia,chitinophagales,chitinophagaceae,flavisolibacter,flavisolibacter metallilatus
Zotu1370,0,0,0,0,0,0,0,0,bacteria,actinomycetota,nitriliruptoria,egibacterales,egibacteraceae,egibacter,egibacter rhizosphaerae
Zotu1371,0,1,0,0,0,0,1,0,bacteria,bacteroidota,cytophagia,cytophagales,hymenobacteraceae,adhaeribacter,adhaeribacter aquaticus
Zotu1372,1,0,2,0,0,2,1,0,bacteria,pseudomonadota,alphaproteobacteria,rhodospirillales,dongiaceae,aliidongia,aliidongia dinghuensis
Zotu1373,0,2,1,0,2,2,0,0,bacteria,actinomycetota,actinomycetes,kitasatosporales,streptomycetaceae,streptomyces,streptomyces albiaxialis
Zotu1374,0,0,0,0,0,0,7,0,bacteria,gemmatimonadota,longimicrobiia,longimicrobiales,longimicrobiaceae,longimicrobium,longimicrobium terrae
Zotu1375,0,0,0,1,0,0,7,4,bacteria,gemmatimonadota,longimicrobiia,longimicrobiales,longimicrobiaceae,longimicrobium,longimicrobium terrae
Zotu1376,18,36,0,132,23,0,0,1,bacteria,planctomycetota,planctomycetia,planctomycetales,planctomycetaceae,thalassoroseus,thalassoroseus pseudoceratinae
Zotu1377,0,0,0,0,0,1,0,14,bacteria,actinomycetota,actinomycetes,propionibacteriales,nocardioidaceae,nocardioides,nocardioides marmoriterrae
Zotu1378,153,0,0,1,2,0,2,2,bacteria,pseudomonadota,gammaproteobacteria,steroidobacterales,steroidobacteraceae,povalibacter,povalibacter uvarum
Zotu1379,2,3,1,1,0,0,11,1,bacteria,bacillota,clostridia,eubacteriales,symbiobacteriaceae,symbiobacterium,symbiobacterium terraclitae
Zotu1380,0,0,0,0,0,0,0,8,bacteria,bacillota,clostridia,eubacteriales,symbiobacteriaceae,symbiobacterium,symbiobacterium terraclitae
Zotu1381,1,0,0,0,1,0,0,19,bacteria,actinomycetota,acidimicrobiia,acidimicrobiales,iamiaceae,rhabdothermincola,rhabdothermincola sediminis
Zotu1382,0,0,0,0,0,1,0,0,bacteria,bacillota,bacilli,bacillales,paenibacillaceae,paenibacillus,paenibacillus antri
Zotu1383,0,0,0,1,0,0,0,0,bacteria,thermomicrobiota,thermomicrobia,sphaerobacterales,sphaerobacteraceae,sphaerobacter,sphaerobacter thermophilus
Zotu1384,0,0,1,0,1,0,0,0,bacteria,actinomycetota,rubrobacteria,gaiellales,gaiellaceae,gaiella,gaiella occulta
Zotu1385,1,0,0,1,0,1,29,13,bacteria,chloroflexota,chloroflexia,kallotenuales,kallotenuaceae,kallotenue,kallotenue papyrolyticum
Zotu1386,0,0,0,0,1,2,0,6,bacteria,bacillota,bacilli,bacillales,planococcaceae,planococcus,planococcus psychrotoleratus
Zotu1387,4,6,1,0,0,1,2,3,bacteria,pseudomonadota,gammaproteobacteria,steroidobacterales,steroidobacteraceae,povalibacter,povalibacter uvarum
Zotu1388,2,0,1,1,0,1,2,4,bacteria,thermodesulfobacteriota,desulfuromonadia,desulfuromonadales,desulfuromonadaceae,pelobacter,pelobacter seleniigenes
Zotu1389,0,1,1,0,0,0,0,65,bacteria,pseudomonadota,alphaproteobacteria,rhodobacterales,roseobacteraceae,rubellimicrobium,rubellimicrobium mesophilum
Zotu1390,79,16,0,0,36,0,3,0,bacteria,pseudomonadota,alphaproteobacteria,hyphomicrobiales,xanthobacteraceae,pseudolabrys,pseudolabrys taiwanensis
Zotu1391,0,0,0,1,0,0,0,0,bacteria,actinomycetota,acidimicrobiia,acidimicrobiales,acidimicrobiaceae,aciditerrimonas,aciditerrimonas ferrireducens
Zotu1392,0,0,2,0,1,0,1,11,bacteria,pseudomonadota,alphaproteobacteria,sphingomonadales,sphingosinicellaceae,sphingosinicella,sphingosinicella humi
Zotu1393,0,0,1,2,0,1,0,2,bacteria,actinomycetota,thermoleophilia,solirubrobacterales,conexibacteraceae,conexibacter,conexibacter arvalis
Zotu1394,0,0,1,0,0,10,5,14,bacteria,bacillota,bacilli,bacillales,paenibacillaceae,paenibacillus,paenibacillus antri
Zotu1395,0,0,0,0,0,0,0,0,bacteria,actinomycetota,actinomycetes,kineosporiales,kineosporiaceae,kineococcus,kineococcus radiotolerans
Zotu1396,0,0,4,52,63,11,18,5,bacteria,actinomycetota,rubrobacteria,gaiellales,gaiellaceae,gaiella,gaiella occulta
Zotu1397,0,1,1,0,22,73,23,2,bacteria,planctomycetota,planctomycetia,pirellulales,thermoguttaceae,thermogutta,thermogutta terrifontis
Zotu1398,5,7,10,159,8,4,6,1,bacteria,actinomycetota,rubrobacteria,rubrobacterales,rubrobacteraceae,rubrobacter,rubrobacter spartanus
Zotu1399,1,0,0,0,0,0,0,0,bacteria,verrucomicrobiota,verrucomicrobiae,verrucomicrobiales,verrucomicrobia subdivision 3,pedosphaera,pedosphaera parvula
Zotu1400,1,6,1,3,0,0,0,3,bacteria,bacillota,bacilli,bacillales,bacillaceae,metabacillus,metabacillus niabensis
Zotu1401,28,48,1,1,28,0,0,2,bacteria,pseudomonadota,alphaproteobacteria,hyphomicrobiales,nitrobacteraceae,afipia,afipia carboxidovorans
Zotu1402,0,1,0,2,0,6,1,8,bacteria,actinomycetota,thermoleophilia,solirubrobacterales,solirubrobacteraceae,solirubrobacter,solirubrobacter taibaiensis
Zotu1403,1,0,33,1,30,44,54,6,bacteria,acidobacteriota,blastocatellia,blastocatellales,arenimicrobiaceae,brevitalea,brevitalea aridisoli
Zotu1404,0,0,0,1,0,0,0,0,bacteria,verrucomicrobiota,spartobacteria,chthoniobacterales,chthoniobacteraceae,chthoniobacter,chthoniobacter flavus
Zotu1405,0,0,0,0,1,0,11,0,bacteria,planctomycetota,planctomycetia,pirellulales,pirellulaceae,candidatus anammoximicrobium,candidatus anammoximicrobium moscowii
Zotu1406,0,0,1,139,1,13,2,0,bacteria,acidobacteriota,acidobacteriia,acidobacteriales,acidobacteriaceae,candidatus koribacter,candidatus koribacter versatilis
Zotu1407,90,0,2,1,0,0,0,1,bacteria,chloroflexota,anaerolineae,anaerolineales,anaerolineaceae,thermanaerothrix,thermanaerothrix daxensis
Zotu1408,0,0,0,0,0,0,0,0,bacteria,mycoplasmatota,mollicutes,entomoplasmatales,entomoplasmataceae,entomoplasma,entomoplasma freundtii
Zotu1409,0,0,0,0,2,0,0,0,bacteria,myxococcota,myxococcia,myxococcales,myxococcaceae,simulacricoccus,simulacricoccus ruber
Zotu1410,0,0,0,0,0,0,0,34,bacteria,bacteroidota,chitinophagia,chitinophagales,chitinophagaceae,flavisolibacter,flavisolibacter galbus
Zotu1411,0,2,0,1,0,0,1,0,bacteria,myxococcota,myxococcia,myxococcales,anaeromyxobacteraceae,anaeromyxobacter,anaeromyxobacter dehalogenans
Zotu1412,2,24,12,82,1,11,0,0,bacteria,thermomicrobiota,thermomicrobia,thermomicrobiales,thermomicrobiaceae,thermalbibacter,thermalbibacter longus
Zotu1413,40,28,13,2,1,1,0,0,bacteria,verrucomicrobiota,verrucomicrobiae,limisphaerales,fontisphaeraceae,fontisphaera,fontisphaera persica
Zotu1414,0,1,0,0,0,0,0,4,bacteria,pseudomonadota,betaproteobacteria,nitrosomonadales,nitrosomonadaceae,nitrosovibrio,nitrosovibrio tenuis
Zotu1415,0,0,0,0,0,0,1,0,bacteria,actinomycetota,actinomycetes,micrococcales,microbacteriaceae,microbacterium,microbacterium testaceum
Zotu1416,0,1,4,0,0,0,0,0,bacteria,actinomycetota,acidimicrobiia,acidimicrobiales,acidimicrobiaceae,aciditerrimonas,aciditerrimonas ferrireducens
Zotu1417,0,0,0,0,0,0,7,9,bacteria,gemmatimonadota,longimicrobiia,longimicrobiales,longimicrobiaceae,longimicrobium,longimicrobium terrae
Zotu1418,0,0,0,144,0,1,2,0,bacteria,bacillota,clostridia,eubacteriales,symbiobacteriaceae,symbiobacterium,symbiobacterium terraclitae
Zotu1419,2,0,8,1,0,13,0,1,bacteria,actinomycetota,acidimicrobiia,acidimicrobiales,iamiaceae,rhabdothermincola,rhabdothermincola sediminis
Zotu1420,79,38,4,0,50,1,4,3,bacteria,actinomycetota,nitriliruptoria,egibacterales,egibacteraceae,egibacter,egibacter rhizosphaerae
Zotu1421,0,1,17,2,101,33,25,1,bacteria,actinomycetota,actinomycetes,kitasatosporales,streptomycetaceae,allostreptomyces,allostreptomyces indica
Zotu1422,0,1,0,0,0,0,0,1,bacteria,bacteroidota,flavobacteriia,flavobacteriales,weeksellaceae,moheibacter,moheibacter stercoris
Zotu1423,0,0,0,1,0,1,0,16,bacteria,bacillota,bacilli,bacillales,planococcaceae,ureibacillus,ureibacillus massiliensis
Zotu1424,1,0,0,0,0,0,0,0,bacteria,verrucomicrobiota,verrucomicrobiae,limisphaerales,limisphaeraceae,limisphaera,limisphaera ngatamarikiensis
Zotu1425,0,0,0,0,0,1,0,2,bacteria,pseudomonadota,alphaproteobacteria,hyphomicrobiales,beijerinckiaceae,methylorosula,methylorosula polaris
Zotu1426,0,0,1,0,1,0,1,14,bacteria,pseudomonadota,alphaproteobacteria,rhodobacterales,roseobacteraceae,rubellimicrobium,rubellimicrobium aerolatum
Zotu1427,0,0,0,0,0,0,0,0,bacteria,actinomycetota,acidimicrobiia,acidimicrobiales,iamiaceae,aquihabitans,aquihabitans daechungensis
Zotu1428,0,0,0,0,0,0,1,27,bacteria,pseudomonadota,alphaproteobacteria,sphingomonadales,erythrobacteraceae,erythrobacter,erythrobacter ramosus
Zotu1429,0,1,0,0,0,0,0,10,bacteria,bacteroidota,cytophagia,cytophagales,hymenobacteraceae,adhaeribacter,adhaeribacter aerophilus
Zotu1430,23,39,45,1,14,39,36,0,bacteria,acidobacteriota,vicinamibacteria,vicinamibacterales,vicinamibacteraceae,vicinamibacter,vicinamibacter silvestris
Zotu1431,1,0,0,1,1,1,2,0,bacteria,chloroflexota,chloroflexia,kallotenuales,kallotenuaceae,kallotenue,kallotenue papyrolyticum
Zotu1432,0,0,12,0,0,1,1,0,bacteria,rhodothermota,rhodothermia,rhodothermales,rhodothermaceae,rhodocaloribacter,rhodocaloribacter litoris
Zotu1433,0,0,0,0,0,0,0,1,bacteria,pseudomonadota,alphaproteobacteria,hyphomicrobiales,methylobacteriaceae,microvirga,microvirga pudoricolor
Zotu1434,0,1,0,0,0,0,24,12,bacteria,bacteroidota,chitinophagia,chitinophagales,chitinophagaceae,flavisolibacter,flavisolibacter ginsengiterrae
Zotu1435,0,0,0,0,0,0,0,0,bacteria,pseudomonadota,alphaproteobacteria,rhodospirillales,acetobacteraceae,paeniroseomonas,paeniroseomonas aquatica
Zotu1436,0,0,0,2,1,0,0,0,bacteria,actinomycetota,actinomycetes,propionibacteriales,propionibacteriaceae,propionibacterium,propionibacterium westphaliense
Zotu1437,0,0,0,0,0,0,0,0,archaea,nitrososphaerota,nitrososphaeria,nitrososphaerales,nitrososphaeraceae,candidatus nitrososphaera,candidatus nitrososphaera
Zotu1438,0,0,0,0,0,0,0,0,bacteria,bacteroidota,cytophagia,cytophagales,hymenobacteraceae,pontibacter,pontibacter korlensis
Zotu1439,0,1,0,2,0,5,0,7,bacteria,actinomycetota,thermoleophilia,solirubrobacterales,parviterribacteraceae,parviterribacter,parviterribacter kavangonensis
Zotu1440,0,0,0,0,0,0,0,0,bacteria,actinomycetota,thermoleophilia,thermoleophilales,thermoleophilaceae,thermoleophilum,thermoleophilum album
Zotu1441,0,0,0,0,0,1,0,0,bacteria,pseudomonadota,alphaproteobacteria,sphingomonadales,sphingomonadaceae,sphingomonas,sphingomonas lutea
Zotu1442,1,0,2,0,0,1,1,0,bacteria,chloroflexota,caldilineae,caldilineales,caldilineaceae,litorilinea,litorilinea aerophila
Zotu1443,0,0,1,2,0,1,0,0,bacteria,spirochaetota,spirochaetia,spirochaetales,treponemataceae,treponema,treponema maltophilum
Zotu1444,0,0,0,0,0,0,0,0,bacteria,pseudomonadota,alphaproteobacteria,rhodospirillales,acetobacteraceae,endobacter,endobacter medicaginis
Zotu1445,0,0,0,0,0,0,0,0,archaea,methanobacteriota,thermoplasmata,methanomassiliicoccales,methanomassiliicoccaceae,methanomassiliicoccus,candidatus methanomassiliicoccus intestinalis
Zotu1446,2,2,2,1,1,21,0,1,bacteria,actinomycetota,actinomycetes,kitasatosporales,streptomycetaceae,streptomyces,streptomyces echinoruber
Zotu1447,0,0,1,1,1,0,2,4,bacteria,verrucomicrobiota,opitutae,opitutales,opitutaceae,oleiharenicola,oleiharenicola alkalitolerans
Zotu1448,0,11,0,0,0,0,1,7,bacteria,actinomycetota,thermoleophilia,solirubrobacterales,conexibacteraceae,conexibacter,conexibacter arvalis
Zotu1449,9,22,43,49,2,22,19,2,bacteria,actinomycetota,rubrobacteria,rubrobacterales,rubrobacteraceae,rubrobacter,rubrobacter radiotolerans
Zotu1450,0,0,1,0,1,0,0,2,bacteria,bacillota,clostridia,eubacteriales,desulfotomaculaceae,desulfotomaculum,desulfotomaculum nigrificans
Zotu1451,0,0,0,0,0,0,0,0,bacteria,thermodesulfobacteriota,desulfuromonadia,desulfuromonadales,geothermobacteraceae,geothermobacter,geothermobacter hydrogeniphilus
Zotu1452,2,0,0,0,0,0,2,1,bacteria,bacteroidota,chitinophagia,chitinophagales,chitinophagaceae,segetibacter,segetibacter koreensis
Zotu1453,0,132,1,0,0,0,0,0,bacteria,pseudomonadota,deltaproteobacteria,deltaproteobacteria,deltaproteobacteria,candidatus babela,delta proteobacterium babl1
Zotu1454,29,1,1,31,65,9,0,0,bacteria,chloroflexota,chloroflexota,chloroflexota,chloroflexota,thermobaculum,thermobaculum terrenum
Zotu1455,0,4,0,0,25,0,1,1,bacteria,pseudomonadota,deltaproteobacteria,desulfuromonadales,desulfuromonadaceae,pelobacter,pelobacter carbinolicus
Zotu1456,2,0,1,1,86,0,69,3,bacteria,actinomycetota,rubrobacteria,rubrobacterales,rubrobacteraceae,rubrobacter,rubrobacter naiadicus
Zotu1457,6,1,47,1,49,0,1,0,bacteria,bacillota,bacilli,bacillales,bacillales family x. incertae sedis,brockia,brockia lithotrophica
Zotu1458,2,2,1,0,39,1,24,17,bacteria,pseudomonadota,alphaproteobacteria,hyphomicrobiales,methylobacteriaceae,microvirga,microvirga flocculans
Zotu1459,0,9,40,3,90,1,1,1,bacteria,chloroflexota,caldilineae,caldilineales,caldilineaceae,litorilinea,litorilinea aerophila
Zotu1460,0,0,0,0,0,0,0,0,bacteria,bacillota,bacilli,lactobacillales,enterococcaceae,enterococcus,enterococcus cecorum
Zotu1461,0,0,0,0,0,0,1,0,bacteria,planctomycetota,planctomycetia,gemmatales,gemmataceae,gemmata,gemmata massiliana
Zotu1462,0,0,0,0,0,0,0,0,bacteria,bacillota,clostridia,eubacteriales,thermincolaceae,thermincola,thermincola ferriacetica
Zotu1463,0,0,2,1,0,4,22,0,bacteria,chloroflexota,chloroflexia,kallotenuales,kallotenuaceae,kallotenue,kallotenue papyrolyticum
Zotu1464,0,0,0,0,0,0,0,0,bacteria,chloroflexota,caldilineae,caldilineales,caldilineaceae,caldilinea,caldilinea tarbellica
Zotu1465,1,16,18,116,1,2,0,0,bacteria,bacillota,clostridia,eubacteriales,symbiobacteriaceae,symbiobacterium,symbiobacterium terraclitae
Zotu1466,0,0,0,0,0,0,0,14,bacteria,verrucomicrobiota,verrucomicrobiae,verrucomicrobiales,verrucomicrobia subdivision 3,pedosphaera,pedosphaera parvula
Zotu1467,6,1,1,1,58,34,4,9,bacteria,pseudomonadota,alphaproteobacteria,hyphomicrobiales,methylobacteriaceae,microvirga,microvirga flocculans
Zotu1468,0,2,1,0,1,0,0,1,bacteria,bacteroidota,flavobacteriia,flavobacteriales,weeksellaceae,moheibacter,moheibacter stercoris
Zotu1469,0,0,0,0,0,0,0,0,bacteria,actinomycetota,rubrobacteria,rubrobacterales,rubrobacteraceae,rubrobacter,rubrobacter naiadicus
Zotu1470,29,13,15,3,39,20,0,0,bacteria,pseudomonadota,alphaproteobacteria,rhodospirillales,acetobacteraceae,plastoroseomonas,plastoroseomonas hellenica
Zotu1471,0,0,0,0,2,1,0,0,bacteria,pseudomonadota,alphaproteobacteria,rhodospirillales,acetobacteraceae,pseudoroseomonas,pseudoroseomonas musae
Zotu1472,0,0,0,0,0,0,0,0,bacteria,mycoplasmatota,mollicutes,entomoplasmatales,spiroplasmataceae,spiroplasma,spiroplasma kunkelii
Zotu1473,0,5,0,0,0,0,0,1,bacteria,myxococcota,myxococcota,haliangiales,kofleriaceae,haliangium,haliangium ochraceum
Zotu1474,0,0,0,1,1,0,2,1,bacteria,actinomycetota,nitriliruptoria,euzebyales,euzebyaceae,euzebya,euzebya pacifica
Zotu1475,13,182,0,1,0,0,1,1,bacteria,planctomycetota,planctomycetia,gemmatales,gemmataceae,zavarzinella,zavarzinella formosa
Zotu1476,0,1,0,2,7,0,9,1,bacteria,actinomycetota,acidimicrobiia,acidimicrobiales,acidimicrobiaceae,aciditerrimonas,aciditerrimonas ferrireducens
Zotu1477,0,0,1,0,0,0,0,0,bacteria,chloroflexota,anaerolineae,anaerolineales,anaerolineaceae,ornatilinea,ornatilinea apprima
Zotu1478,0,0,1,0,0,0,0,0,bacteria,bacillota,bacilli,lactobacillales,enterococcaceae,enterococcus,enterococcus cecorum
Zotu1480,1,0,0,1,0,19,8,0,bacteria,actinomycetota,thermoleophilia,solirubrobacterales,parviterribacteraceae,parviterribacter,parviterribacter kavangonensis
Zotu1481,0,0,0,0,0,0,0,0,bacteria,bacteroidota,cytophagia,cytophagales,hymenobacteraceae,adhaeribacter,adhaeribacter aerolatus
Zotu1482,1,1,0,1,2,0,1,3,bacteria,pseudomonadota,alphaproteobacteria,sphingomonadales,sphingomonadaceae,sphingomonas,sphingomonas piscis
Zotu1483,0,0,0,0,0,0,0,9,bacteria,actinomycetota,actinomycetes,geodermatophilales,geodermatophilaceae,blastococcus,blastococcus jejuensis
Zotu1484,1,11,1,2,1,31,0,1,bacteria,actinomycetota,thermoleophilia,solirubrobacterales,baekduiaceae,baekduia,baekduia soli
Zotu1485,1,0,0,1,0,0,0,1,bacteria,pseudomonadota,gammaproteobacteria,nevskiales,nevskiaceae,panacagrimonas,panacagrimonas perspica
Zotu1486,0,0,0,0,0,0,0,0,bacteria,bacteroidota,cytophagia,cytophagales,hymenobacteraceae,pontibacter,pontibacter arcticus
Zotu1487,0,0,0,0,1,0,0,0,bacteria,planctomycetota,planctomycetia,pirellulales,pirellulaceae,lignipirellula,lignipirellula cremea
Zotu1488,0,1,1,52,1,4,23,0,bacteria,actinomycetota,acidimicrobiia,acidimicrobiales,acidimicrobiaceae,aciditerrimonas,aciditerrimonas ferrireducens
Zotu1489,0,0,1,0,0,2,0,1,bacteria,acidobacteriota,vicinamibacteria,vicinamibacterales,vicinamibacteraceae,vicinamibacter,vicinamibacter silvestris
Zotu1490,10,4,0,66,45,4,1,9,bacteria,actinomycetota,rubrobacteria,gaiellales,gaiellaceae,gaiella,gaiella occulta
Zotu1491,1,1,1,1,0,2,2,3,bacteria,bacillota,bacilli,bacillales,paenibacillaceae,saccharibacillus,saccharibacillus endophyticus
Zotu1492,23,30,17,0,75,16,0,2,bacteria,pseudomonadota,alphaproteobacteria,hyphomicrobiales,hyphomicrobiales,nordella,nordella oligomobilis
Zotu1493,1,0,1,1,0,2,0,0,bacteria,pseudomonadota,alphaproteobacteria,hyphomicrobiales,methylobacteriaceae,methylobacterium,methylobacterium iners
Zotu1494,0,1,1,0,0,0,0,0,bacteria,planctomycetota,phycisphaerae,phycisphaerales,phycisphaeraceae,mucisphaera,mucisphaera calidilacus
Zotu1495,0,0,0,0,0,0,0,5,bacteria,pseudomonadota,alphaproteobacteria,sphingomonadales,sphingomonadaceae,sphingomonas,sphingomonas parvus
Zotu1496,0,0,0,0,0,0,0,0,bacteria,pseudomonadota,alphaproteobacteria,hyphomicrobiales,devosiaceae,devosia,devosia elaeis
Zotu1497,6,0,0,1,0,4,0,0,bacteria,actinomycetota,rubrobacteria,rubrobacterales,rubrobacteraceae,rubrobacter,rubrobacter taiwanensis
Zotu1498,192,0,1,1,0,1,0,0,bacteria,cyanobacteriota,cyanophyceae,coleofasciculales,coleofasciculaceae,limnofasciculus,limnofasciculus baicalensis
Zotu1499,0,0,0,0,0,1,0,0,bacteria,actinomycetota,actinomycetes,micrococcales,micrococcaceae,rothia,rothia dentocariosa
Zotu1500,1,0,0,1,66,0,28,20,bacteria,pseudomonadota,alphaproteobacteria,hyphomicrobiales,methylobacteriaceae,microvirga,microvirga zambiensis
Zotu1501,43,22,22,1,45,1,1,0,bacteria,pseudomonadota,alphaproteobacteria,hyphomicrobiales,hyphomicrobiaceae,rhodoplanes,rhodoplanes elegans
Zotu1502,0,0,0,0,0,0,0,0,bacteria,planctomycetota,planctomycetia,pirellulales,pirellulaceae,anatilimnocola,anatilimnocola aggregata
Zotu1503,0,0,0,1,0,0,0,0,bacteria,actinomycetota,acidimicrobiia,acidimicrobiales,iamiaceae,actinomarinicola,actinomarinicola tropica
Zotu1504,0,0,0,0,0,0,0,0,bacteria,planctomycetota,planctomycetia,gemmatales,gemmataceae,gemmata,gemmata massiliana
Zotu1505,29,28,19,1,2,2,1,0,bacteria,acidobacteriota,vicinamibacteria,vicinamibacterales,vicinamibacteraceae,vicinamibacter,vicinamibacter silvestris
Zotu1506,0,1,1,1,1,2,0,22,bacteria,gemmatimonadota,longimicrobiia,longimicrobiales,longimicrobiaceae,longimicrobium,longimicrobium terrae
Zotu1508,1,0,2,2,0,0,2,10,bacteria,chloroflexota,chloroflexia,herpetosiphonales,herpetosiphonaceae,herpetosiphon,herpetosiphon aurantiacus
Zotu1509,9,1,41,0,6,2,7,3,bacteria,actinomycetota,rubrobacteria,rubrobacterales,rubrobacteraceae,rubrobacter,rubrobacter tropicus
Zotu1510,0,0,0,0,0,0,1,0,bacteria,bacteroidota,bacteroidia,bacteroidales,paludibacteraceae,paludibacter,paludibacter jiangxiensis
Zotu1511,10,0,0,1,1,0,0,1,bacteria,myxococcota,myxococcota,polyangiales,polyangiaceae,polyangium,polyangium sorediatum
Zotu1512,7,16,2,0,0,0,16,7,bacteria,acidobacteriota,vicinamibacteria,vicinamibacterales,vicinamibacteraceae,luteitalea,luteitalea pratensis
Zotu1513,0,0,1,1,0,1,1,1,bacteria,bacteroidota,chitinophagia,chitinophagales,chitinophagaceae,flavisolibacter,flavisolibacter galbus
Zotu1514,1,0,0,0,0,54,5,2,bacteria,acidobacteriota,blastocatellia,blastocatellales,pyrinomonadaceae,pyrinomonas,pyrinomonas methylaliphatogenes
Zotu1515,0,2,0,2,0,1,39,41,bacteria,pseudomonadota,alphaproteobacteria,hyphomicrobiales,methylobacteriaceae,microvirga,microvirga aerilata
Zotu1516,0,0,0,1,0,0,1,1,bacteria,actinomycetota,actinomycetes,sporichthyales,sporichthyaceae,sporichthya,sporichthya polymorpha
Zotu1517,21,4,4,9,13,0,0,3,bacteria,bacillota,clostridia,eubacteriales,clostridiales family xvii. incertae sedis,thermaerobacter,thermaerobacter composti
Zotu1518,1,1,1,0,0,0,0,0,bacteria,planctomycetota,planctomycetia,gemmatales,gemmataceae,fimbriiglobus,fimbriiglobus ruber
Zotu1519,0,0,0,1,0,0,4,0,bacteria,chloroflexota,chloroflexia,herpetosiphonales,herpetosiphonaceae,herpetosiphon,herpetosiphon aurantiacus
Zotu1520,0,0,0,0,0,0,0,0,bacteria,actinomycetota,thermoleophilia,solirubrobacterales,conexibacteraceae,conexibacter,conexibacter arvalis
Zotu1521,0,0,0,1,1,2,3,0,bacteria,pseudomonadota,gammaproteobacteria,chromatiales,thioprofundaceae,thioprofundum,thioprofundum hispidum
Zotu1522,0,0,0,2,2,1,0,1,bacteria,actinomycetota,rubrobacteria,rubrobacterales,rubrobacteraceae,rubrobacter,rubrobacter xylanophilus
Zotu1523,0,0,0,0,0,0,0,0,bacteria,actinomycetota,rubrobacteria,gaiellales,gaiellaceae,gaiella,gaiella occulta
Zotu1524,0,1,0,0,0,0,0,5,bacteria,pseudomonadota,alphaproteobacteria,hyphomicrobiales,methylobacteriaceae,microvirga,microvirga aerilata
Zotu1525,1,1,0,2,1,2,0,0,bacteria,actinomycetota,acidimicrobiia,acidimicrobiales,iamiaceae,actinomarinicola,actinomarinicola tropica
Zotu1526,0,0,1,0,0,0,0,2,bacteria,pseudomonadota,betaproteobacteria,burkholderiales,oxalobacteraceae,noviherbaspirillum,noviherbaspirillum malthae
Zotu1527,0,0,0,0,0,0,1,0,bacteria,pseudomonadota,betaproteobacteria,burkholderiales,burkholderiales,leptothrix,leptothrix mobilis
Zotu1528,0,0,0,0,0,0,2,1,bacteria,actinomycetota,rubrobacteria,rubrobacterales,rubrobacteraceae,rubrobacter,rubrobacter spartanus
Zotu1529,8,0,0,0,0,0,0,0,bacteria,planctomycetota,planctomycetia,gemmatales,gemmataceae,gemmata,gemmata palustris
Zotu1530,0,0,0,1,0,0,0,0,bacteria,rhodothermota,rhodothermia,rhodothermales,salisaetaceae,roseithermus,roseithermus sacchariphilus
Zotu1531,2,0,0,0,0,1,28,1,bacteria,pseudomonadota,betaproteobacteria,burkholderiales,sphaerotilaceae,rubrivivax,rubrivivax albus
Zotu1532,0,0,1,2,2,1,0,0,bacteria,gemmatimonadota,gemmatimonadetes,gemmatimonadales,gemmatimonadaceae,roseisolibacter,roseisolibacter agri
Zotu1533,17,24,40,39,0,3,4,1,bacteria,actinomycetota,rubrobacteria,rubrobacterales,rubrobacteraceae,rubrobacter,rubrobacter radiotolerans
Zotu1534,4,11,0,1,15,85,43,0,bacteria,thermomicrobiota,thermomicrobia,sphaerobacterales,sphaerobacteraceae,sphaerobacter,sphaerobacter thermophilus
Zotu1535,0,0,0,0,0,0,0,0,bacteria,actinomycetota,rubrobacteria,rubrobacterales,rubrobacteraceae,rubrobacter,rubrobacter radiotolerans
Zotu1536,14,70,67,0,51,0,1,0,bacteria,planctomycetota,planctomycetia,pirellulales,lacipirellulaceae,pirellulimonas,pirellulimonas nuda
Zotu1537,0,1,0,1,0,0,0,9,bacteria,pseudomonadota,alphaproteobacteria,caulobacterales,caulobacteraceae,caulobacter,caulobacter vibrioides
Zotu1538,0,0,0,0,0,0,0,0,bacteria,pseudomonadota,alphaproteobacteria,sphingomonadales,sphingomonadaceae,sphingomonas,sphingomonas lutea
Zotu1539,0,0,0,0,0,0,0,0,bacteria,chloroflexota,anaerolineae,aggregatilineales,aggregatilineaceae,aggregatilinea,aggregatilinea lenta
Zotu1540,0,1,1,2,0,0,0,4,bacteria,pseudomonadota,alphaproteobacteria,sphingomonadales,sphingomonadaceae,sphingomonas,sphingomonas montis
Zotu1541,0,1,1,1,1,0,1,17,bacteria,pseudomonadota,betaproteobacteria,burkholderiales,comamonadaceae,ramlibacter,ramlibacter tataouinensis
Zotu1542,0,0,1,0,0,0,0,0,bacteria,actinomycetota,actinomycetes,pseudonocardiales,pseudonocardiaceae,pseudonocardia,pseudonocardia xinjiangensis
Zotu1543,0,7,14,0,1,1,0,0,bacteria,bacillota,clostridia,eubacteriales,symbiobacteriaceae,symbiobacterium,symbiobacterium terraclitae
Zotu1544,0,0,1,1,1,0,2,24,bacteria,pseudomonadota,alphaproteobacteria,hyphomicrobiales,methylobacteriaceae,microvirga,microvirga aerilata
Zotu1545,1,0,0,0,0,0,1,0,bacteria,bacillota,bacillota,bacillota,bacillota,capillibacterium,capillibacterium thermochitinicola
Zotu1546,0,0,0,0,0,0,0,0,bacteria,actinomycetota,actinomycetes,geodermatophilales,geodermatophilaceae,geodermatophilus,geodermatophilus chilensis
Zotu1547,1,1,2,1,0,0,5,0,bacteria,acidobacteriota,vicinamibacteria,vicinamibacterales,vicinamibacteraceae,vicinamibacter,vicinamibacter silvestris
Zotu1548,11,2,0,0,9,0,2,6,bacteria,bacillota,clostridia,eubacteriales,thermincolaceae,thermincola,thermincola carboxydiphila
Zotu1549,0,0,0,0,0,0,0,0,bacteria,bacillota,bacilli,bacillales,paenibacillaceae,oxalophagus,oxalophagus oxalicus
Zotu1550,0,7,9,0,0,0,0,1,bacteria,bacillota,bacilli,lactobacillales,streptococcaceae,streptococcus,streptococcus thermophilus
Zotu1551,0,0,0,89,29,1,0,0,archaea,methanobacteriota,halobacteria,halobacteriales,halobacteriaceae,halobellus,halobellus limi
Zotu1552,2,0,1,0,0,0,0,0,bacteria,actinomycetota,actinomycetes,propionibacteriales,nocardioidaceae,nocardioides,nocardioides mesophilus
Zotu1553,0,1,0,0,1,7,13,14,bacteria,gemmatimonadota,longimicrobiia,longimicrobiales,longimicrobiaceae,longimicrobium,longimicrobium terrae
Zotu1554,0,0,1,2,1,2,7,101,bacteria,actinomycetota,actinomycetes,geodermatophilales,geodermatophilaceae,geodermatophilus,geodermatophilus nigrescens
Zotu1555,0,0,0,0,0,1,0,9,bacteria,pseudomonadota,alphaproteobacteria,sphingomonadales,sphingomonadaceae,sphingomonas,sphingomonas arantia
Zotu1556,0,0,0,156,0,0,0,0,bacteria,planctomycetota,planctomycetia,gemmatales,gemmataceae,urbifossiella,urbifossiella limnaea
Zotu1557,0,2,2,1,56,63,26,1,bacteria,actinomycetota,actinomycetes,streptosporangiales,streptosporangiaceae,nonomuraea,nonomuraea thailandensis
Zotu1558,0,0,0,0,0,2,0,2,bacteria,acidobacteriota,blastocatellia,blastocatellales,blastocatellaceae,blastocatella,blastocatella fastidiosa
Zotu1559,0,0,0,0,0,0,0,0,bacteria,planctomycetota,planctomycetia,pirellulales,lacipirellulaceae,pirellulimonas,pirellulimonas nuda
Zotu1560,0,0,0,0,0,0,0,0,bacteria,actinomycetota,actinomycetia,streptosporangiales,streptosporangiaceae,thermobispora,thermobispora bispora
Zotu1561,0,0,2,0,23,63,21,0,bacteria,actinomycetota,thermoleophilia,solirubrobacterales,baekduiaceae,baekduia,baekduia soli
Zotu1562,0,0,0,0,0,0,0,0,bacteria,rhodothermota,rhodothermia,rhodothermales,rhodothermaceae,rhodocaloribacter,rhodocaloribacter litoris
Zotu1563,0,0,1,0,0,0,0,0,bacteria,chloroflexota,anaerolineae,anaerolineales,anaerolineaceae,thermanaerothrix,thermanaerothrix daxensis
Zotu1564,0,1,2,1,0,0,0,1,bacteria,verrucomicrobiota,spartobacteria,chthoniobacterales,chthoniobacteraceae,chthoniobacter,chthoniobacter flavus
Zotu1565,0,1,1,1,0,0,0,14,bacteria,gemmatimonadota,longimicrobiia,longimicrobiales,longimicrobiaceae,longimicrobium,longimicrobium terrae
Zotu1566,0,0,0,0,0,1,1,6,bacteria,actinomycetota,actinomycetes,streptosporangiales,streptosporangiaceae,planobispora,planobispora rosea
Zotu1567,0,0,0,0,0,0,0,0,bacteria,bacteroidota,chitinophagia,chitinophagales,chitinophagaceae,segetibacter,segetibacter koreensis
Zotu1568,3,5,0,1,0,0,0,1,bacteria,pseudomonadota,betaproteobacteria,nitrosomonadales,methylophilaceae,novimethylophilus,novimethylophilus kurashikiensis
Zotu1569,0,1,0,2,1,0,0,1,bacteria,pseudomonadota,gammaproteobacteria,methylococcales,methylococcaceae,methylogaea,methylogaea oryzae
Zotu1570,1,0,21,0,0,46,1,1,bacteria,gemmatimonadota,longimicrobiia,longimicrobiales,longimicrobiaceae,longimicrobium,longimicrobium terrae
Zotu1571,0,0,0,0,0,0,8,1,bacteria,myxococcota,myxococcia,myxococcales,archangiaceae,archangium,archangium gephyra
Zotu1572,2,2,0,0,1,1,32,30,bacteria,chloroflexota,chloroflexia,kallotenuales,kallotenuaceae,kallotenue,kallotenue papyrolyticum
Zotu1573,2,0,0,0,1,18,47,15,bacteria,actinomycetota,acidimicrobiia,acidimicrobiales,acidimicrobiaceae,acidiferrimicrobium,acidiferrimicrobium australe
Zotu1574,1,1,1,0,2,0,0,0,bacteria,actinomycetota,thermoleophilia,solirubrobacterales,conexibacteraceae,conexibacter,conexibacter arvalis
Zotu1575,0,1,0,0,1,12,6,35,bacteria,pseudomonadota,oligoflexia,bdellovibrionales,bdellovibrionaceae,bdellovibrio,bdellovibrio bacteriovorus
Zotu1576,0,0,0,0,0,0,0,4,bacteria,pseudomonadota,alphaproteobacteria,rhodospirillales,acetobacteraceae,belnapia,belnapia arida
Zotu1577,106,29,1,1,0,0,15,2,bacteria,acidobacteriota,terriglobia,terriglobales,acidobacteriaceae,edaphobacter,edaphobacter aggregans
Zotu1578,0,0,0,1,1,0,0,0,bacteria,pseudomonadota,alphaproteobacteria,rhodobacterales,roseobacteraceae,rubellimicrobium,rubellimicrobium rubrum
Zotu1579,0,0,0,0,0,9,5,1,bacteria,gemmatimonadota,gemmatimonadetes,gemmatimonadales,gemmatimonadaceae,gemmatimonas,gemmatimonas phototrophica
Zotu1580,0,0,0,1,1,0,1,0,bacteria,chloroflexota,chloroflexia,kallotenuales,kallotenuaceae,kallotenue,kallotenue papyrolyticum
Zotu1581,0,0,0,2,0,1,2,1,bacteria,bacteroidota,cytophagia,cytophagales,hymenobacteraceae,adhaeribacter,adhaeribacter aquaticus
Zotu1582,0,2,13,0,0,0,0,0,bacteria,bacillota,clostridia,eubacteriales,symbiobacteriaceae,symbiobacterium,symbiobacterium terraclitae
Zotu1585,0,0,0,0,0,0,0,8,bacteria,bacteroidota,cytophagia,cytophagales,hymenobacteraceae,adhaeribacter,adhaeribacter aquaticus
Zotu1586,63,21,29,1,0,0,0,0,bacteria,bacillota,clostridia,natranaerobiales,natranaerobiaceae,natranaerobaculum,natranaerobaculum magadiense
Zotu1587,31,10,36,0,0,0,1,0,archaea,methanobacteriota,thermoplasmata,methanomassiliicoccales,methanomassiliicoccaceae,methanomassiliicoccus,candidatus methanomassiliicoccus intestinalis
Zotu1588,0,0,0,3,0,48,28,0,bacteria,bacillota,clostridia,eubacteriales,clostridiales family xvii. incertae sedis,thermaerobacter,thermaerobacter subterraneus
Zotu1589,0,0,157,0,0,0,0,0,archaea,methanobacteriota,thermoplasmata,methanomassiliicoccales,methanomassiliicoccaceae,methanomassiliicoccus,candidatus methanomassiliicoccus intestinalis
Zotu1590,0,0,0,0,0,0,0,0,bacteria,bacteroidota,chitinophagia,chitinophagales,chitinophagaceae,cnuella,cnuella takakiae
Zotu1591,24,22,23,1,58,0,0,1,bacteria,verrucomicrobiota,verrucomicrobiae,verrucomicrobiales,verrucomicrobia subdivision 3,pedosphaera,pedosphaera parvula
Zotu1592,8,1,41,2,0,0,2,1,bacteria,actinomycetota,rubrobacteria,rubrobacterales,rubrobacteraceae,rubrobacter,rubrobacter naiadicus
Zotu1593,0,0,0,1,0,0,0,5,bacteria,pseudomonadota,alphaproteobacteria,sphingomonadales,sphingomonadaceae,sphingomonas,sphingomonas parvus
Zotu1594,0,0,0,0,0,0,0,0,bacteria,chloroflexota,chloroflexia,kallotenuales,kallotenuaceae,kallotenue,kallotenue papyrolyticum
Zotu1595,0,0,0,0,0,1,0,16,bacteria,abditibacteriota,abditibacteriia,abditibacteriales,abditibacteriaceae,abditibacterium,abditibacterium utsteinense
Zotu1596,0,0,0,1,0,0,1,0,bacteria,pseudomonadota,betaproteobacteria,nitrosomonadales,thiobacillaceae,thiobacillus,thiobacillus thioparus
Zotu1597,1,2,0,1,0,1,0,8,bacteria,gemmatimonadota,gemmatimonadetes,gemmatimonadales,gemmatimonadaceae,roseisolibacter,roseisolibacter agri
Zotu1598,0,0,0,0,0,0,0,0,bacteria,thermodesulfobacteriota,desulfuromonadia,desulfuromonadales,desulfuromonadaceae,pelobacter,pelobacter seleniigenes
Zotu1599,22,8,9,0,0,1,2,1,bacteria,pseudomonadota,gammaproteobacteria,chromatiales,ectothiorhodospiraceae,inmirania,inmirania thermothiophila
Zotu1600,0,2,1,0,124,2,0,2,bacteria,actinomycetota,actinomycetes,propionibacteriales,nocardioidaceae,nocardioides,nocardioides panacis
Zotu1601,2,3,16,0,28,8,0,1,bacteria,actinomycetota,actinomycetes,nakamurellales,nakamurellaceae,nakamurella,nakamurella leprariae
Zotu1602,1,0,0,0,2,167,27,1,archaea,methanobacteriota,thermoplasmata,methanomassiliicoccales,methanomassiliicoccaceae,methanomassiliicoccus,candidatus methanomassiliicoccus intestinalis
Zotu1603,0,0,0,0,0,0,0,0,bacteria,pseudomonadota,gammaproteobacteria,gammaproteobacteria,gammaproteobacteria,acidibacter,acidibacter ferrireducens
Zotu1604,1,0,0,1,2,1,0,1,bacteria,chloroflexota,chloroflexia,herpetosiphonales,herpetosiphonaceae,herpetosiphon,herpetosiphon gulosus
Zotu1605,0,0,0,0,0,6,0,0,bacteria,actinomycetota,rubrobacteria,rubrobacterales,rubrobacteraceae,rubrobacter,rubrobacter naiadicus
Zotu1606,0,0,0,0,0,0,0,0,bacteria,chloroflexota,chloroflexia,kallotenuales,kallotenuaceae,kallotenue,kallotenue papyrolyticum
Zotu1607,74,44,0,0,2,0,1,0,bacteria,verrucomicrobiota,verrucomicrobiae,limisphaerales,fontisphaeraceae,fontisphaera,fontisphaera persica
Zotu1609,0,0,0,123,0,1,0,0,bacteria,bacillota,bacilli,bacillales,bacillales family x. incertae sedis,brockia,brockia lithotrophica
Zotu1610,1,1,0,0,0,68,0,1,bacteria,pseudomonadota,betaproteobacteria,nitrosomonadales,methylophilaceae,novimethylophilus,novimethylophilus kurashikiensis
Zotu1611,0,0,0,0,40,0,1,0,bacteria,planctomycetota,planctomycetia,pirellulales,pirellulaceae,candidatus anammoximicrobium,candidatus anammoximicrobium moscowii
Zotu1612,3,0,0,0,0,0,0,0,bacteria,pseudomonadota,gammaproteobacteria,chromatiales,ectothiorhodospiraceae,inmirania,inmirania thermothiophila
Zotu1613,17,10,18,0,60,6,0,0,archaea,methanobacteriota,thermoplasmata,methanomassiliicoccales,methanomassiliicoccaceae,methanomassiliicoccus,candidatus methanomassiliicoccus intestinalis
Zotu1614,0,0,0,0,0,0,0,0,bacteria,bacillota,bacillota,bacillota,bacillota,hydrogenispora,hydrogenispora ethanolica
Zotu1615,1,0,0,3,6,89,47,14,bacteria,acidobacteriota,blastocatellia,blastocatellales,arenimicrobiaceae,arenimicrobium,arenimicrobium luteum
Zotu1616,5,0,1,175,1,0,1,0,bacteria,acidobacteriota,vicinamibacteria,vicinamibacterales,vicinamibacteraceae,luteitalea,luteitalea pratensis
Zotu1617,2,2,0,0,0,0,0,24,bacteria,pseudomonadota,alphaproteobacteria,sphingomonadales,sphingomonadaceae,sphingomonas,sphingomonas trueperi
Zotu1618,0,1,0,0,0,0,0,0,bacteria,verrucomicrobiota,opitutae,opitutales,opitutaceae,opitutus,opitutus terrae
Zotu1619,0,1,0,0,0,0,0,0,bacteria,actinomycetota,acidimicrobiia,acidimicrobiales,acidimicrobiaceae,aciditerrimonas,aciditerrimonas ferrireducens
Zotu1620,33,23,0,2,26,0,3,0,bacteria,acidobacteriota,vicinamibacteria,vicinamibacterales,vicinamibacteraceae,luteitalea,luteitalea pratensis
Zotu1621,34,38,53,1,1,6,14,0,bacteria,thermodesulfobacteriota,thermodesulfobacteria,thermodesulfobacteriales,thermodesulfatatoraceae,thermodesulfatator,thermodesulfatator atlanticus
Zotu1622,1,2,3,0,3,1,0,1,bacteria,actinomycetota,actinomycetes,frankiales,frankiaceae,frankia,frankia casuarinae
Zotu1623,0,0,0,0,0,0,0,0,bacteria,bacillota,clostridia,eubacteriales,syntrophomonadaceae,syntrophomonas,syntrophomonas zehnderi
Zotu1624,0,2,0,0,0,0,1,2,bacteria,bacteroidota,cytophagia,cytophagales,cytophagaceae,sporocytophaga,sporocytophaga myxococcoides
Zotu1625,2,1,14,0,41,23,5,0,archaea,methanobacteriota,thermoplasmata,methanomassiliicoccales,methanomassiliicoccaceae,methanomassiliicoccus,candidatus methanomassiliicoccus intestinalis
Zotu1626,0,1,1,1,1,1,6,71,bacteria,actinomycetota,acidimicrobiia,acidimicrobiales,iamiaceae,actinomarinicola,actinomarinicola tropica
Zotu1627,0,0,0,0,0,0,0,0,bacteria,gemmatimonadota,longimicrobiia,longimicrobiales,longimicrobiaceae,longimicrobium,longimicrobium terrae
Zotu1628,0,0,0,0,0,1,3,9,bacteria,bacillota,clostridia,eubacteriales,symbiobacteriaceae,symbiobacterium,symbiobacterium terraclitae
Zotu1629,0,0,0,1,0,1,0,11,bacteria,pseudomonadota,oligoflexia,bdellovibrionales,bdellovibrionaceae,bdellovibrio,bdellovibrio bacteriovorus
Zotu1630,0,0,0,2,0,0,0,0,bacteria,pseudomonadota,alphaproteobacteria,sphingomonadales,sphingomonadaceae,sphingomonas,sphingomonas flava
Zotu1631,0,0,0,0,1,1,0,0,bacteria,pseudomonadota,gammaproteobacteria,chromatiales,ectothiorhodospiraceae,alkalispirillum,alkalispirillum mobile
Zotu1632,0,2,1,74,0,0,0,0,bacteria,bacillota,clostridia,eubacteriales,symbiobacteriaceae,symbiobacterium,symbiobacterium terraclitae
Zotu1633,0,0,0,0,0,0,0,9,bacteria,pseudomonadota,alphaproteobacteria,sphingomonadales,sphingomonadaceae,novosphingobium,novosphingobium lentum
Zotu1634,0,1,0,0,0,0,0,0,bacteria,chloroflexota,chloroflexia,kallotenuales,kallotenuaceae,kallotenue,kallotenue papyrolyticum
Zotu1635,27,109,2,1,2,0,0,1,bacteria,verrucomicrobiota,verrucomicrobiae,limisphaerales,fontisphaeraceae,fontisphaera,fontisphaera persica
Zotu1636,1,2,0,0,0,0,116,86,archaea,methanobacteriota,thermoplasmata,methanomassiliicoccales,methanomassiliicoccaceae,methanomassiliicoccus,candidatus methanomassiliicoccus intestinalis
Zotu1637,0,1,0,0,0,38,13,6,bacteria,bacillota,bacilli,bacillales,bacillaceae,calditerricola,calditerricola yamamurae
Zotu1638,0,0,0,0,1,0,11,0,bacteria,pseudomonadota,alphaproteobacteria,sphingomonadales,sphingomonadaceae,sphingomonas,sphingomonas lutea
Zotu1639,1,0,0,0,0,26,55,0,bacteria,verrucomicrobiota,spartobacteria,chthoniobacterales,chthoniobacteraceae,chthoniobacter,chthoniobacter flavus
Zotu1640,0,1,95,1,0,0,1,0,bacteria,pseudomonadota,alphaproteobacteria,hyphomicrobiales,methylobacteriaceae,microvirga,microvirga thermotolerans
Zotu1641,0,0,0,0,0,1,0,0,bacteria,pseudomonadota,betaproteobacteria,burkholderiales,oxalobacteraceae,massilia,massilia polaris
Zotu1642,1,1,0,2,0,0,0,10,bacteria,pseudomonadota,alphaproteobacteria,hyphomicrobiales,methylobacteriaceae,microvirga,microvirga roseola
Zotu1643,11,30,0,1,0,1,0,0,bacteria,rhodothermota,rhodothermia,rhodothermales,rhodothermaceae,rhodocaloribacter,rhodocaloribacter litoris
Zotu1644,0,0,0,0,0,0,0,0,bacteria,bacillota,bacilli,lactobacillales,streptococcaceae,streptococcus,streptococcus oralis
Zotu1645,0,0,0,0,0,0,0,0,bacteria,bacillota,bacilli,bacillales,staphylococcaceae,staphylococcus,staphylococcus epidermidis
Zotu1646,1,0,0,1,3,1,1,1,bacteria,actinomycetota,rubrobacteria,rubrobacterales,rubrobacteraceae,rubrobacter,rubrobacter taiwanensis
Zotu1647,0,0,0,0,0,0,0,0,bacteria,pseudomonadota,alphaproteobacteria,sphingomonadales,sphingomonadaceae,sphingomonas,sphingomonas palustris
Zotu1648,0,0,0,0,0,0,0,0,bacteria,pseudomonadota,alphaproteobacteria,hyphomicrobiales,hyphomicrobiaceae,rhodoplanes,rhodoplanes elegans
Zotu1649,1,1,1,1,0,0,0,0,bacteria,bacillota,clostridia,eubacteriales,oscillospiraceae,ethanoligenens,ethanoligenens harbinense
Zotu1650,5,1,28,84,46,0,23,4,bacteria,actinomycetota,actinomycetes,streptosporangiales,thermomonosporaceae,actinocorallia,actinocorallia longicatena
Zotu1651,0,0,0,0,0,1,0,0,bacteria,actinomycetota,actinomycetes,micrococcales,microbacteriaceae,microbacterium,microbacterium paraoxydans
Zotu1652,2,5,0,3,1,1,7,1,bacteria,actinomycetota,actinomycetes,micrococcales,microbacteriaceae,microbacterium,microbacterium flavescens
Zotu1653,0,12,63,0,90,0,0,0,archaea,methanobacteriota,thermoplasmata,methanomassiliicoccales,candidatus methanomethylophilaceae,candidatus methanomethylophilus,candidatus methanomethylophilus alvus
Zotu1654,0,0,0,0,0,0,0,0,bacteria,actinomycetota,actinomycetes,streptosporangiales,thermomonosporaceae,actinocorallia,actinocorallia longicatena
Zotu1655,2,0,0,2,0,0,3,0,bacteria,pseudomonadota,deltaproteobacteria,myxococcales,anaeromyxobacteraceae,anaeromyxobacter,anaeromyxobacter dehalogenans
Zotu1656,0,0,0,0,0,0,0,0,bacteria,gemmatimonadota,longimicrobiia,longimicrobiales,longimicrobiaceae,longimicrobium,longimicrobium terrae
Zotu1657,5,8,14,39,2,0,0,0,archaea,methanobacteriota,thermoplasmata,methanomassiliicoccales,methanomassiliicoccaceae,methanomassiliicoccus,candidatus methanomassiliicoccus intestinalis
Zotu1660,0,0,0,0,0,0,0,0,bacteria,acidobacteriota,holophagae,holophagales,holophagaceae,geothrix,geothrix fermentans
Zotu1661,0,2,1,0,0,46,23,5,bacteria,acidobacteriota,blastocatellia,blastocatellales,blastocatellaceae,aridibacter,aridibacter kavangonensis
Zotu1662,1,1,0,0,21,0,0,0,bacteria,acidobacteriota,vicinamibacteria,vicinamibacterales,vicinamibacteraceae,luteitalea,luteitalea pratensis
Zotu1663,0,0,1,0,0,0,0,0,bacteria,pseudomonadota,alphaproteobacteria,sphingomonadales,sphingomonadaceae,sphingobium,sphingobium olei
Zotu1664,0,0,0,0,0,0,0,0,archaea,methanobacteriota,halobacteria,halobacteriales,halobacteriaceae,haloquadratum,haloquadratum walsbyi
Zotu1665,0,0,0,0,0,0,0,0,bacteria,actinomycetota,rubrobacteria,rubrobacterales,rubrobacteraceae,rubrobacter,rubrobacter xylanophilus
Zotu1666,0,0,0,0,0,0,0,0,bacteria,actinomycetota,actinomycetes,micrococcales,microbacteriaceae,microcella,microcella alkalica
Zotu1667,1,1,0,4,48,0,1,0,bacteria,actinomycetota,thermoleophilia,solirubrobacterales,conexibacteraceae,conexibacter,conexibacter stalactiti
Zotu1668,166,19,0,0,44,1,0,3,archaea,methanobacteriota,thermoplasmata,methanomassiliicoccales,methanomassiliicoccaceae,methanomassiliicoccus,candidatus methanomassiliicoccus intestinalis
Zotu1669,0,0,0,0,1,0,2,0,bacteria,gemmatimonadota,longimicrobiia,longimicrobiales,longimicrobiaceae,longimicrobium,longimicrobium terrae
Zotu1670,0,0,0,0,0,0,2,1,bacteria,verrucomicrobiota,opitutae,opitutales,opitutaceae,horticoccus,horticoccus luteus
Zotu1671,0,1,0,0,0,0,0,11,bacteria,pseudomonadota,betaproteobacteria,burkholderiales,burkholderiales,aquabacterium,aquabacterium limnoticum
Zotu1672,0,0,0,0,0,0,0,0,bacteria,actinomycetota,thermoleophilia,solirubrobacterales,capillimicrobiaceae,capillimicrobium,capillimicrobium parvum
Zotu1673,1,0,0,2,0,0,1,2,bacteria,actinomycetota,actinomycetes,actinopolysporales,actinopolysporaceae,actinopolyspora,actinopolyspora saharensis
Zotu1674,1,0,0,0,16,43,16,0,bacteria,actinomycetota,acidimicrobiia,acidimicrobiales,acidimicrobiaceae,aciditerrimonas,aciditerrimonas ferrireducens
Zotu1675,15,7,50,0,20,19,0,1,bacteria,bacillota,bacilli,bacillales,thermoactinomycetaceae,kroppenstedtia,kroppenstedtia pulmonis
Zotu1676,0,0,0,0,0,0,0,0,bacteria,pseudomonadota,alphaproteobacteria,sphingomonadales,sphingomonadaceae,sphingomonas,sphingomonas daechungensis
Zotu1677,0,0,0,0,0,0,0,0,bacteria,pseudomonadota,oligoflexia,bdellovibrionales,bdellovibrionaceae,bdellovibrio,bdellovibrio bacteriovorus
Zotu1678,1,9,25,0,1,68,23,0,bacteria,acidobacteriota,vicinamibacteria,vicinamibacterales,vicinamibacteraceae,vicinamibacter,vicinamibacter silvestris
Zotu1679,0,0,0,0,14,0,0,1,bacteria,actinomycetota,nitriliruptoria,euzebyales,euzebyaceae,euzebya,euzebya tangerina
Zotu1680,0,0,0,0,0,0,0,0,bacteria,planctomycetota,planctomycetia,planctomycetales,planctomycetaceae,planctopirus,planctopirus limnophila
Zotu1681,4,1,1,1,0,1,0,107,bacteria,bacillota,bacilli,bacillales,alicyclobacillaceae,tumebacillus,tumebacillus ginsengisoli
Zotu1682,0,0,0,0,9,9,3,0,bacteria,actinomycetota,thermoleophilia,thermoleophilales,thermoleophilaceae,thermoleophilum,thermoleophilum album
Zotu1683,11,10,116,1,0,1,0,0,bacteria,verrucomicrobiota,verrucomicrobiae,limisphaerales,fontisphaeraceae,fontisphaera,fontisphaera persica
Zotu1684,0,1,0,1,0,0,0,4,bacteria,pseudomonadota,betaproteobacteria,nitrosomonadales,methylophilaceae,methylophilus,methylophilus methylotrophus
Zotu1685,0,1,107,0,0,0,2,0,bacteria,bacteroidota,sphingobacteriia,sphingobacteriales,sphingobacteriaceae,solitalea,solitalea canadensis
Zotu1686,0,0,0,0,0,0,0,0,bacteria,verrucomicrobiota,spartobacteria,chthoniobacterales,chthoniobacteraceae,chthoniobacter,chthoniobacter flavus
Zotu1687,0,0,1,65,0,0,0,0,bacteria,gemmatimonadota,gemmatimonadetes,gemmatimonadales,gemmatimonadaceae,gemmatimonas,gemmatimonas aurantiaca
Zotu1689,35,0,0,0,0,0,0,1,bacteria,acidobacteriota,vicinamibacteria,vicinamibacterales,vicinamibacteraceae,vicinamibacter,vicinamibacter silvestris
Zotu1690,7,1,1,0,1,0,2,0,bacteria,pseudomonadota,alphaproteobacteria,rhodospirillales,azospirillaceae,nitrospirillum,azospirillum amazonense
Zotu1691,0,0,0,1,0,0,0,0,bacteria,chloroflexota,thermomicrobia,sphaerobacterales,sphaerobacteraceae,sphaerobacter,sphaerobacter thermophilus
Zotu1692,0,0,6,0,0,0,0,0,bacteria,bacillota,clostridia,eubacteriales,peptococcaceae,desulforamulus,desulforamulus ferrireducens
Zotu1693,0,2,0,1,0,6,5,2,bacteria,verrucomicrobiota,verrucomicrobiae,limisphaerales,fontisphaeraceae,fontisphaera,fontisphaera persica
Zotu1694,0,0,0,1,0,0,1,1,bacteria,planctomycetota,phycisphaerae,tepidisphaerales,tepidisphaeraceae,tepidisphaera,tepidisphaera mucosa
Zotu1695,3,8,0,0,2,23,1,1,bacteria,acidobacteriota,vicinamibacteria,vicinamibacterales,vicinamibacteraceae,vicinamibacter,vicinamibacter silvestris
Zotu1696,2,0,0,0,0,1,0,104,archaea,methanobacteriota,thermoplasmata,methanomassiliicoccales,methanomassiliicoccaceae,methanomassiliicoccus,candidatus methanomassiliicoccus intestinalis
Zotu1697,0,0,1,0,0,0,0,0,bacteria,pseudomonadota,hydrogenophilia,hydrogenophilales,hydrogenophilaceae,tepidiphilus,tepidiphilus succinatimandens
Zotu1698,0,0,0,0,0,0,0,1,bacteria,pseudomonadota,betaproteobacteria,burkholderiales,burkholderiaceae,cupriavidus,cupriavidus campinensis
Zotu1699,0,0,0,0,0,0,0,8,bacteria,pseudomonadota,betaproteobacteria,burkholderiales,oxalobacteraceae,glaciimonas,glaciimonas singularis
Zotu1700,0,7,0,1,0,11,7,1,bacteria,actinomycetota,nitriliruptoria,euzebyales,euzebyaceae,euzebya,euzebya pacifica
Zotu1701,1,1,0,1,0,0,0,3,bacteria,actinomycetota,actinomycetes,pseudonocardiales,pseudonocardiaceae,allokutzneria,allokutzneria oryzae
Zotu1702,0,0,0,1,0,0,1,3,bacteria,actinomycetota,actinomycetes,geodermatophilales,geodermatophilaceae,geodermatophilus,geodermatophilus nigrescens
Zotu1703,0,0,1,0,0,0,0,95,bacteria,pseudomonadota,alphaproteobacteria,hyphomicrobiales,salinarimonadaceae,salinarimonas,salinarimonas soli
Zotu1704,8,0,0,1,0,2,1,0,bacteria,actinomycetota,actinomycetes,micromonosporales,micromonosporaceae,catellatospora,catellatospora citrea
Zotu1705,6,14,1,132,0,1,1,0,archaea,methanobacteriota,thermoplasmata,methanomassiliicoccales,methanomassiliicoccaceae,methanomassiliicoccus,candidatus methanomassiliicoccus intestinalis
Zotu1706,2,0,1,1,24,14,11,6,bacteria,actinomycetota,acidimicrobiia,acidimicrobiales,acidimicrobiaceae,aciditerrimonas,aciditerrimonas ferrireducens
Zotu1707,0,0,0,0,0,0,0,0,bacteria,bacillota,bacilli,lactobacillales,streptococcaceae,lactococcus,lactococcus cremoris
Zotu1708,0,1,1,0,0,0,0,1,bacteria,pseudomonadota,gammaproteobacteria,legionellales,coxiellaceae,aquicella,aquicella siphonis
Zotu1709,0,0,0,0,0,0,0,0,archaea,methanobacteriota,thermoplasmata,methanomassiliicoccales,methanomassiliicoccaceae,methanomassiliicoccus,candidatus methanomassiliicoccus intestinalis
Zotu1710,0,0,0,103,0,0,0,0,bacteria,verrucomicrobiota,verrucomicrobiae,verrucomicrobiales,verrucomicrobia subdivision 3,pedosphaera,pedosphaera parvula
Zotu1711,0,0,0,1,2,1,1,2,bacteria,pseudomonadota,alphaproteobacteria,rhodobacterales,paracoccaceae,tabrizicola,tabrizicola aquatica
Zotu1712,0,0,0,0,0,0,0,5,bacteria,pseudomonadota,alphaproteobacteria,rhodospirillales,acetobacteraceae,paracraurococcus,paracraurococcus ruber
Zotu1713,0,1,1,0,0,1,117,1,bacteria,chloroflexota,chloroflexia,chloroflexales,oscillochloridaceae,oscillochloris,oscillochloris trichoides
Zotu1714,2,0,2,11,1,1,0,4,bacteria,actinomycetota,actinomycetes,mycobacteriales,corynebacteriaceae,corynebacterium,corynebacterium jeddahense
Zotu1715,6,1,0,1,0,0,0,2,bacteria,bacillota,clostridia,moorellales,moorellaceae,moorella,moorella glycerini
Zotu1716,26,113,5,0,7,0,4,0,bacteria,acidobacteriota,vicinamibacteria,vicinamibacterales,vicinamibacteraceae,vicinamibacter,vicinamibacter silvestris
Zotu1717,1,0,1,0,0,0,0,0,bacteria,bacillota,bacilli,lactobacillales,lactobacillaceae,weissella,weissella ceti
Zotu1718,1,0,0,0,0,0,12,2,bacteria,pseudomonadota,alphaproteobacteria,geminicoccales,geminicoccaceae,arboricoccus,arboricoccus pini
Zotu1719,0,0,0,0,0,0,0,0,bacteria,pseudomonadota,betaproteobacteria,nitrosomonadales,nitrosomonadaceae,nitrosomonas,nitrosomonas cryotolerans
Zotu1720,4,0,1,0,6,0,0,0,bacteria,chloroflexota,chloroflexota,chloroflexota,chloroflexota,thermobaculum,thermobaculum terrenum
Zotu1721,19,86,0,1,22,0,3,0,bacteria,actinomycetota,nitriliruptoria,nitriliruptorales,nitriliruptoraceae,nitriliruptor,nitriliruptor alkaliphilus
Zotu1722,0,0,0,0,0,0,0,0,bacteria,deinococcota,deinococci,trueperales,trueperaceae,truepera,truepera radiovictrix
Zotu1723,2,0,0,0,0,0,0,0,archaea,methanobacteriota,halobacteria,halobacteriales,halobacteriaceae,haloquadratum,haloquadratum walsbyi
Zotu1724,8,9,0,0,84,10,0,1,bacteria,acidobacteriota,vicinamibacteria,vicinamibacterales,vicinamibacteraceae,luteitalea,luteitalea pratensis
Zotu1725,2,6,3,0,0,4,0,3,bacteria,actinomycetota,thermoleophilia,thermoleophilales,thermoleophilaceae,thermoleophilum,thermoleophilum album
Zotu1726,5,19,88,1,0,16,0,5,bacteria,actinomycetota,thermoleophilia,solirubrobacterales,parviterribacteraceae,parviterribacter,parviterribacter multiflagellatus
Zotu1727,0,0,0,1,2,0,1,0,bacteria,actinomycetota,thermoleophilia,solirubrobacterales,conexibacteraceae,conexibacter,conexibacter arvalis
Zotu1728,0,4,0,0,0,0,0,0,bacteria,actinomycetota,thermoleophilia,solirubrobacterales,parviterribacteraceae,parviterribacter,parviterribacter multiflagellatus
Zotu1729,0,0,2,0,0,0,7,6,bacteria,bacillota,bacilli,bacillales,paenibacillaceae,paenibacillus,paenibacillus antri
Zotu1730,0,2,0,0,0,0,0,0,bacteria,bacteroidota,cytophagia,cytophagales,hymenobacteraceae,nibribacter,nibribacter ruber
Zotu1731,0,0,0,0,18,5,7,1,bacteria,pseudomonadota,alphaproteobacteria,sphingomonadales,sphingosinicellaceae,sphingosinicella,sphingosinicella cucumeris
Zotu1732,1,0,0,0,0,0,0,1,archaea,methanobacteriota,halobacteria,halobacteriales,halobacteriaceae,halomicroarcula,halomicroarcula rubra
Zotu1733,0,0,43,1,81,1,0,1,bacteria,pseudomonadota,betaproteobacteria,nitrosomonadales,methylophilaceae,novimethylophilus,novimethylophilus kurashikiensis
Zotu1734,35,7,0,0,0,3,0,5,bacteria,bacillota,bacilli,bacillales,bacillaceae,bacillus,bacillus taeanensis
Zotu1735,1,0,1,1,0,0,0,20,bacteria,gemmatimonadota,gemmatimonadetes,gemmatimonadales,gemmatimonadaceae,roseisolibacter,roseisolibacter agri
Zotu1736,0,0,0,1,1,0,0,0,bacteria,actinomycetota,acidimicrobiia,acidimicrobiales,iamiaceae,iamia,iamia majanohamensis
Zotu1737,0,0,0,1,0,1,0,0,bacteria,chloroflexota,anaerolineae,anaerolineales,anaerolineaceae,ornatilinea,ornatilinea apprima
Zotu1738,0,0,0,0,0,0,0,0,bacteria,pseudomonadota,alphaproteobacteria,hyphomicrobiales,chelatococcaceae,chelatococcus,chelatococcus daeguensis
Zotu1739,1,0,1,2,96,1,1,1,bacteria,actinomycetota,acidimicrobiia,acidimicrobiales,iamiaceae,actinomarinicola,actinomarinicola tropica
Zotu1740,5,0,1,0,2,8,1,43,bacteria,bacillota,bacilli,bacillales,paenibacillaceae,paenibacillus,paenibacillus tarimensis
Zotu1741,1,3,1,2,31,0,1,1,bacteria,actinomycetota,thermoleophilia,solirubrobacterales,solirubrobacteraceae,solirubrobacter,solirubrobacter phytolaccae
Zotu1742,0,0,0,0,0,0,0,0,bacteria,planctomycetota,planctomycetia,gemmatales,gemmataceae,limnoglobus,limnoglobus roseus
Zotu1743,0,0,0,0,0,0,0,0,bacteria,actinomycetota,actinomycetes,propionibacteriales,nocardioidaceae,nocardioides,nocardioides marmoriterrae
Zotu1744,0,0,0,53,0,0,0,1,archaea,methanobacteriota,halobacteria,halobacteriales,halobacteriaceae,halobellus,halobellus limi
Zotu1745,0,0,0,0,0,0,0,0,bacteria,planctomycetota,planctomycetia,gemmatales,gemmataceae,zavarzinella,zavarzinella formosa
Zotu1746,0,0,0,0,0,0,1,0,bacteria,bacillota,bacilli,bacillales,bacillales family x. incertae sedis,thermicanus,thermicanus aegyptius
Zotu1747,0,0,18,2,0,1,0,1,bacteria,actinomycetota,thermoleophilia,miltoncostaeales,miltoncostaeaceae,miltoncostaea,miltoncostaea oceani
Zotu1748,0,0,0,1,2,1,0,1,bacteria,actinomycetota,thermoleophilia,solirubrobacterales,solirubrobacteraceae,solirubrobacter,solirubrobacter phytolaccae
Zotu1749,1,0,0,1,1,0,0,0,bacteria,bacillota,clostridia,eubacteriales,peptococcaceae,desulforamulus,desulforamulus ferrireducens
Zotu1750,0,0,9,0,0,0,0,0,bacteria,actinomycetota,rubrobacteria,rubrobacterales,rubrobacteraceae,rubrobacter,rubrobacter taiwanensis
Zotu1751,0,0,0,0,0,0,0,1,bacteria,cyanobacteriota,cyanobacteria,chroococcales,aphanothecaceae,candidatus atelocyanobacterium,cyanobacterium ucyn-a
Zotu1752,0,0,1,1,1,0,1,0,bacteria,gemmatimonadota,gemmatimonadetes,gemmatimonadales,gemmatimonadaceae,gemmatimonas,gemmatimonas aurantiaca
Zotu1753,1,1,0,1,1,3,0,2,bacteria,thermodesulfobacteriota,desulfuromonadia,geobacterales,geobacteraceae,geomonas,geomonas oryzae
Zotu1754,2,0,0,1,0,0,2,1,archaea,methanobacteriota,thermoplasmata,methanomassiliicoccales,methanomassiliicoccaceae,methanomassiliicoccus,candidatus methanomassiliicoccus intestinalis
Zotu1755,0,1,0,0,0,0,0,6,bacteria,actinomycetota,acidimicrobiia,acidimicrobiales,iamiaceae,iamia,iamia majanohamensis
Zotu1756,0,0,0,0,0,0,0,1,bacteria,bacillota,bacilli,bacillales,bacillales family x. incertae sedis,brockia,brockia lithotrophica
Zotu1757,1,0,0,1,0,1,0,1,bacteria,actinomycetota,thermoleophilia,solirubrobacterales,solirubrobacteraceae,solirubrobacter,solirubrobacter ginsenosidimutans
Zotu1758,0,4,0,0,0,10,16,0,bacteria,planctomycetota,planctomycetia,pirellulales,pirellulaceae,anatilimnocola,anatilimnocola aggregata
Zotu1759,0,1,0,1,0,0,0,2,bacteria,pseudomonadota,betaproteobacteria,burkholderiales,oxalobacteraceae,noviherbaspirillum,noviherbaspirillum malthae
Zotu1760,0,0,0,0,0,0,0,0,bacteria,actinomycetota,actinomycetes,streptosporangiales,streptosporangiaceae,planobispora,planobispora rosea
Zotu1761,1,0,0,0,0,0,0,0,bacteria,bacteroidota,chitinophagia,chitinophagales,chitinophagaceae,segetibacter,segetibacter koreensis
Zotu1762,0,0,0,1,0,0,0,0,bacteria,bacteroidota,cytophagia,cytophagales,hymenobacteraceae,adhaeribacter,adhaeribacter radiodurans
Zotu1763,0,0,0,0,0,0,1,5,bacteria,chloroflexota,thermomicrobia,sphaerobacterales,sphaerobacteraceae,sphaerobacter,sphaerobacter thermophilus
Zotu1764,0,0,0,0,0,0,0,0,bacteria,planctomycetota,planctomycetia,isosphaerales,isosphaeraceae,singulisphaera,singulisphaera rosea
Zotu1765,0,0,0,0,0,0,0,6,bacteria,pseudomonadota,alphaproteobacteria,caulobacterales,caulobacteraceae,phenylobacterium,phenylobacterium mobile
Zotu1766,1,0,0,1,0,1,13,0,bacteria,actinomycetota,thermoleophilia,solirubrobacterales,parviterribacteraceae,parviterribacter,parviterribacter multiflagellatus
Zotu1767,0,0,0,2,117,0,1,0,bacteria,planctomycetota,planctomycetia,pirellulales,pirellulaceae,anatilimnocola,anatilimnocola aggregata
Zotu1768,0,19,12,104,1,1,2,0,bacteria,acidobacteriota,vicinamibacteria,vicinamibacterales,vicinamibacteraceae,vicinamibacter,vicinamibacter silvestris
Zotu1769,0,0,0,0,0,0,0,0,archaea,nitrososphaerota,nitrososphaeria,nitrososphaerales,nitrososphaeraceae,candidatus nitrososphaera,candidatus nitrososphaera
Zotu1771,1,2,0,0,0,0,0,0,archaea,nitrososphaerota,nitrososphaeria,nitrososphaerales,nitrososphaeraceae,nitrososphaera,candidatus nitrososphaera gargensis
Zotu1772,0,0,0,0,0,0,0,1,bacteria,pseudomonadota,alphaproteobacteria,hyphomicrobiales,methylobacteriaceae,microvirga,microvirga antarctica
Zotu1774,0,0,0,2,0,20,13,0,bacteria,actinomycetota,thermoleophilia,solirubrobacterales,parviterribacteraceae,parviterribacter,parviterribacter kavangonensis
Zotu1775,0,0,0,0,0,1,0,0,bacteria,pseudomonadota,betaproteobacteria,burkholderiales,alcaligenaceae,achromobacter,achromobacter insolitus
Zotu1776,0,1,0,0,0,0,0,7,bacteria,bacillota,bacilli,bacillales,bacillaceae,priestia,priestia taiwanensis
Zotu1777,1,157,0,0,0,3,3,0,bacteria,planctomycetota,planctomycetia,gemmatales,gemmataceae,zavarzinella,zavarzinella formosa
Zotu1778,0,17,0,1,11,1,1,5,bacteria,gemmatimonadota,longimicrobiia,longimicrobiales,longimicrobiaceae,longimicrobium,longimicrobium terrae
Zotu1779,0,0,0,0,0,0,0,0,bacteria,chloroflexota,anaerolineae,anaerolineales,anaerolineaceae,thermanaerothrix,thermanaerothrix daxensis
Zotu1780,2,4,3,1,0,0,1,1,bacteria,bacillota,clostridia,eubacteriales,syntrophomonadaceae,syntrophothermus,syntrophothermus lipocalidus
Zotu1781,5,48,7,0,0,1,4,1,bacteria,chloroflexota,tepidiformia,tepidiformales,tepidiformaceae,tepidiforma,tepidiforma bonchosmolovskayae
Zotu1782,0,0,0,0,0,0,0,1,bacteria,pseudomonadota,alphaproteobacteria,sphingomonadales,sphingomonadaceae,sphingomonas,sphingomonas parvus
Zotu1783,0,0,0,0,0,0,0,0,archaea,methanobacteriota,halobacteria,halobacteriales,halobacteriaceae,halorubrum,halorubrum orientale
Zotu1784,0,0,0,0,0,0,0,0,bacteria,bacteroidota,chitinophagia,chitinophagales,chitinophagaceae,flavisolibacter,flavisolibacter metallilatus
Zotu1785,0,0,0,0,0,0,1,4,bacteria,actinomycetota,actinomycetes,geodermatophilales,geodermatophilaceae,blastococcus,blastococcus capsensis
Zotu1786,5,56,14,58,3,0,1,1,bacteria,gemmatimonadota,longimicrobiia,longimicrobiales,longimicrobiaceae,longimicrobium,longimicrobium terrae
Zotu1787,0,0,0,0,0,0,0,0,bacteria,verrucomicrobiota,spartobacteria,chthoniobacterales,chthoniobacteraceae,chthoniobacter,chthoniobacter flavus
Zotu1788,0,1,0,0,0,0,1,1,bacteria,actinomycetota,actinomycetes,micrococcales,micrococcaceae,arthrobacter,arthrobacter deserti
Zotu1789,77,25,25,0,7,0,1,0,bacteria,bacillota,clostridia,eubacteriales,oscillospiraceae,ruminococcus,ruminococcus flavefaciens
Zotu1790,3,0,1,0,0,1,2,0,archaea,methanobacteriota,thermoplasmata,methanomassiliicoccales,methanomassiliicoccaceae,methanomassiliicoccus,candidatus methanomassiliicoccus intestinalis
Zotu1791,0,0,0,1,1,0,1,0,bacteria,pseudomonadota,gammaproteobacteria,moraxellales,moraxellaceae,acinetobacter,acinetobacter seohaensis
Zotu1792,0,11,0,0,0,0,1,18,bacteria,actinomycetota,actinomycetes,micrococcales,promicromonosporaceae,isoptericola,isoptericola halotolerans
Zotu1793,0,0,0,0,0,1,0,0,bacteria,actinomycetota,actinomycetes,micrococcales,microbacteriaceae,microbacterium,microbacterium paludicola
Zotu1794,55,36,25,0,1,0,1,3,bacteria,verrucomicrobiota,verrucomicrobiae,limisphaerales,fontisphaeraceae,fontisphaera,fontisphaera persica
Zotu1795,1,0,0,0,0,0,2,0,bacteria,chloroflexota,chloroflexia,chloroflexales,roseiflexaceae,kouleothrix,kouleothrix aurantiaca
Zotu1796,0,0,0,0,0,0,0,0,bacteria,planctomycetota,planctomycetia,gemmatales,gemmataceae,zavarzinella,zavarzinella formosa
Zotu1797,6,3,8,1,2,19,0,1,bacteria,actinomycetota,thermoleophilia,solirubrobacterales,solirubrobacteraceae,solirubrobacter,solirubrobacter phytolaccae
Zotu1799,0,27,0,0,12,0,0,0,bacteria,thermotogota,thermotogae,thermotogales,fervidobacteriaceae,thermosipho,thermosipho geolei
Zotu1800,3,0,6,0,0,0,0,0,bacteria,actinomycetota,rubrobacteria,gaiellales,gaiellaceae,gaiella,gaiella occulta
Zotu1801,0,1,1,0,0,0,0,0,bacteria,actinomycetota,acidimicrobiia,acidimicrobiales,iamiaceae,actinomarinicola,actinomarinicola tropica
Zotu1802,0,125,1,0,0,11,2,0,archaea,nitrososphaerota,nitrososphaeria,nitrososphaerales,nitrososphaeraceae,nitrososphaera,candidatus nitrososphaera gargensis
Zotu1804,4,0,85,1,0,0,1,1,bacteria,planctomycetota,planctomycetia,gemmatales,gemmataceae,zavarzinella,zavarzinella formosa
Zotu1805,0,0,0,0,0,0,0,10,bacteria,pseudomonadota,betaproteobacteria,burkholderiales,oxalobacteraceae,herbaspirillum,herbaspirillum seropedicae
Zotu1806,0,0,0,1,0,1,0,0,bacteria,actinomycetota,actinomycetes,streptosporangiales,thermomonosporaceae,thermomonospora,thermomonospora echinospora
Zotu1807,0,0,0,0,0,0,0,0,bacteria,bacillota,bacilli,bacillales,bacillales family x. incertae sedis,brockia,brockia lithotrophica
Zotu1808,0,9,1,100,0,2,0,1,bacteria,bacillota,clostridia,eubacteriales,symbiobacteriaceae,symbiobacterium,symbiobacterium terraclitae
Zotu1809,1,1,0,1,0,0,0,0,bacteria,bacillota,bacilli,bacillales,bacillales family x. incertae sedis,brockia,brockia lithotrophica
Zotu1810,0,0,0,1,0,1,1,0,bacteria,acidobacteriota,blastocatellia,blastocatellales,arenimicrobiaceae,brevitalea,brevitalea deliciosa
Zotu1811,3,0,0,0,0,0,0,21,bacteria,pseudomonadota,betaproteobacteria,burkholderiales,sphaerotilaceae,piscinibacter,piscinibacter aquaticus
Zotu1812,5,42,8,0,0,0,0,0,bacteria,actinomycetota,rubrobacteria,rubrobacterales,rubrobacteraceae,rubrobacter,rubrobacter naiadicus
Zotu1813,0,0,0,0,0,0,0,0,bacteria,actinomycetota,actinomycetes,propionibacteriales,nocardioidaceae,nocardioides,nocardioides euryhalodurans
Zotu1814,0,0,0,1,1,0,0,2,bacteria,pseudomonadota,gammaproteobacteria,xanthomonadales,xanthomonadaceae,arenimonas,arenimonas halophila
Zotu1815,1,0,0,0,0,0,2,0,archaea,methanobacteriota,thermoplasmata,methanomassiliicoccales,methanomassiliicoccaceae,methanomassiliicoccus,candidatus methanomassiliicoccus intestinalis
Zotu1816,0,0,0,0,0,0,0,1,bacteria,acidobacteriota,acidobacteriia,bryobacterales,solibacteraceae,candidatus solibacter,candidatus solibacter usitatus
Zotu1817,0,0,0,0,0,1,1,29,bacteria,actinomycetota,actinomycetes,geodermatophilales,geodermatophilaceae,modestobacter,modestobacter marinus
Zotu1818,0,1,0,0,0,0,0,3,bacteria,actinomycetota,actinomycetes,pseudonocardiales,pseudonocardiaceae,saccharomonospora,saccharomonospora xinjiangensis
Zotu1819,0,0,0,0,0,0,0,0,bacteria,bacillota,clostridia,eubacteriales,oscillospiraceae,ruminococcus,ruminococcus flavefaciens
Zotu1820,1,0,0,1,1,1,2,0,bacteria,actinomycetota,thermoleophilia,solirubrobacterales,conexibacteraceae,conexibacter,conexibacter stalactiti
Zotu1821,0,0,0,0,0,0,0,0,bacteria,actinomycetota,actinomycetes,streptosporangiales,thermomonosporaceae,actinoallomurus,actinoallomurus acanthiterrae
Zotu1822,0,0,0,1,0,0,0,0,bacteria,pseudomonadota,alphaproteobacteria,sphingomonadales,sphingomonadaceae,sphingomonas,sphingomonas jaspsi
Zotu1823,1,0,0,0,0,0,1,10,bacteria,bdellovibrionota,bdellovibrionia,bdellovibrionales,pseudobdellovibrionaceae,bdellovibrio,bdellovibrio bacteriovorus
Zotu1824,29,8,62,2,44,2,1,0,bacteria,actinomycetota,rubrobacteria,rubrobacterales,rubrobacteraceae,rubrobacter,rubrobacter naiadicus
Zotu1825,1,7,0,97,0,1,0,0,bacteria,actinomycetota,thermoleophilia,solirubrobacterales,solirubrobacteraceae,solirubrobacter,solirubrobacter phytolaccae
Zotu1826,0,0,0,3,0,0,0,1,bacteria,bacillota,clostridia,eubacteriales,symbiobacteriaceae,symbiobacterium,symbiobacterium terraclitae
Zotu1827,0,14,0,0,0,0,0,0,bacteria,pseudomonadota,deltaproteobacteria,myxococcales,anaeromyxobacteraceae,anaeromyxobacter,anaeromyxobacter dehalogenans
Zotu1828,2,0,0,0,0,1,1,1,bacteria,bacillota,bacilli,bacillales,paenibacillaceae,paenibacillus,bacillus edaphicus
Zotu1829,0,0,167,1,0,0,0,0,archaea,methanobacteriota,thermoplasmata,methanomassiliicoccales,methanomassiliicoccaceae,methanomassiliicoccus,candidatus methanomassiliicoccus intestinalis
Zotu1830,0,3,0,0,0,0,0,0,bacteria,bacillota,negativicutes,veillonellales,veillonellaceae,veillonella,veillonella dentocariosa
Zotu1831,0,0,0,1,1,0,0,2,bacteria,actinomycetota,actinomycetes,streptosporangiales,treboniaceae,trebonia,trebonia kvetii
Zotu1832,0,1,0,118,0,1,1,1,bacteria,acidobacteriota,vicinamibacteria,vicinamibacterales,vicinamibacteraceae,vicinamibacter,vicinamibacter silvestris
Zotu1833,1,47,11,57,0,1,4,0,bacteria,bacillota,clostridia,thermoanaerobacterales,thermoanaerobacteraceae,desulfothermobacter,desulfothermobacter acidiphilus
Zotu1834,8,12,1,0,19,0,0,0,bacteria,pseudomonadota,gammaproteobacteria,steroidobacterales,steroidobacteraceae,povalibacter,povalibacter uvarum
Zotu1835,0,0,0,0,0,0,0,0,bacteria,actinomycetota,rubrobacteria,rubrobacterales,rubrobacteraceae,rubrobacter,rubrobacter xylanophilus
Zotu1836,11,12,78,3,1,13,3,1,bacteria,actinomycetota,thermoleophilia,thermoleophilales,thermoleophilaceae,thermoleophilum,thermoleophilum album
Zotu1837,45,39,0,1,36,3,3,0,bacteria,pseudomonadota,alphaproteobacteria,rhodospirillales,dongiaceae,dongia,dongia rigui
Zotu1838,0,0,0,0,0,0,0,0,bacteria,pseudomonadota,alphaproteobacteria,sphingomonadales,sphingomonadaceae,novosphingobium,novosphingobium naphthalenivorans
Zotu1839,0,0,0,0,0,0,0,0,bacteria,actinomycetota,actinomycetes,micrococcales,microbacteriaceae,labedella,labedella gwakjiensis
Zotu1840,0,0,0,0,0,0,0,0,bacteria,actinomycetota,rubrobacteria,rubrobacterales,rubrobacteraceae,rubrobacter,rubrobacter spartanus
Zotu1841,0,0,0,0,0,4,0,0,archaea,methanobacteriota,methanobacteria,methanobacteriales,methanobacteriaceae,methanobacterium,methanobacterium movilense
Zotu1842,1,0,1,0,0,0,2,0,bacteria,actinomycetota,actinomycetes,micromonosporales,micromonosporaceae,actinocatenispora,actinocatenispora rupis
Zotu1843,0,1,0,0,1,0,0,27,bacteria,actinomycetota,actinomycetes,geodermatophilales,geodermatophilaceae,modestobacter,modestobacter versicolor
Zotu1844,0,0,0,0,0,0,0,0,bacteria,bdellovibrionota,bacteriovoracia,bacteriovoracales,bacteriovoracaceae,peredibacter,peredibacter starrii
Zotu1845,1,0,0,0,0,13,0,2,bacteria,pseudomonadota,alphaproteobacteria,rhodospirillales,azospirillaceae,nitrospirillum,nitrospirillum amazonense
Zotu1846,0,0,2,1,0,1,0,0,bacteria,pseudomonadota,betaproteobacteria,burkholderiales,burkholderiales,aquabacterium,aquabacterium fontiphilum
Zotu1847,0,0,0,0,0,0,0,16,bacteria,thermomicrobiota,thermomicrobia,sphaerobacterales,sphaerobacteraceae,sphaerobacter,sphaerobacter thermophilus
Zotu1848,1,0,42,0,47,8,11,0,bacteria,acidobacteriota,blastocatellia,blastocatellales,arenimicrobiaceae,arenimicrobium,arenimicrobium luteum
Zotu1849,1,1,0,0,0,8,6,12,bacteria,pseudomonadota,deltaproteobacteria,myxococcales,anaeromyxobacteraceae,anaeromyxobacter,anaeromyxobacter dehalogenans
Zotu1850,0,1,18,1,0,0,12,1,bacteria,pseudomonadota,betaproteobacteria,burkholderiales,comamonadaceae,ramlibacter,ramlibacter henchirensis
Zotu1851,1,34,12,0,71,1,1,0,bacteria,actinomycetota,rubrobacteria,rubrobacterales,rubrobacteraceae,rubrobacter,rubrobacter xylanophilus
Zotu1852,100,38,0,0,0,0,1,0,archaea,methanobacteriota,archaeoglobi,archaeoglobales,archaeoglobaceae,archaeoglobus,archaeoglobus profundus
Zotu1853,0,0,0,0,0,0,0,0,bacteria,planctomycetota,phycisphaerae,tepidisphaerales,tepidisphaeraceae,tepidisphaera,tepidisphaera mucosa
Zotu1854,0,0,0,0,0,1,0,8,bacteria,actinomycetota,actinomycetes,propionibacteriales,nocardioidaceae,nocardioides,nocardioides marmoribigeumensis
Zotu1855,1,1,0,0,1,0,0,1,bacteria,bacteroidota,cytophagia,cytophagales,flexibacteraceae,flexibacter,flexibacter flexilis
Zotu1856,0,7,0,0,0,0,0,0,archaea,methanobacteriota,thermoplasmata,methanomassiliicoccales,candidatus methanomethylophilaceae,candidatus methanomethylophilus,candidatus methanomethylophilus alvus
Zotu1857,5,3,19,0,27,0,12,1,bacteria,actinomycetota,rubrobacteria,rubrobacterales,rubrobacteraceae,rubrobacter,rubrobacter xylanophilus
Zotu1858,1,2,2,1,53,39,12,0,bacteria,chloroflexota,chloroflexia,chloroflexales,roseiflexaceae,kouleothrix,kouleothrix aurantiaca
Zotu1859,0,0,0,0,0,0,14,1,bacteria,pseudomonadota,betaproteobacteria,burkholderiales,oxalobacteraceae,noviherbaspirillum,noviherbaspirillum denitrificans
Zotu1860,0,0,0,0,1,1,1,0,bacteria,pseudomonadota,alphaproteobacteria,rhodospirillales,azospirillaceae,skermanella,skermanella rubra
Zotu1861,0,0,0,1,0,0,4,0,bacteria,acidobacteriota,blastocatellia,blastocatellales,arenimicrobiaceae,brevitalea,brevitalea aridisoli
Zotu1862,0,0,0,0,0,0,6,0,bacteria,pseudomonadota,alphaproteobacteria,hyphomicrobiales,phyllobacteriaceae,mesorhizobium,mesorhizobium amorphae
Zotu1863,0,1,0,0,0,1,1,0,bacteria,actinomycetota,thermoleophilia,solirubrobacterales,baekduiaceae,baekduia,baekduia soli
Zotu1864,9,7,1,1,42,38,0,1,bacteria,verrucomicrobiota,verrucomicrobiae,verrucomicrobiales,verrucomicrobia subdivision 3,pedosphaera,pedosphaera parvula
Zotu1865,0,0,0,0,0,0,0,0,bacteria,bacteroidota,cytophagia,cytophagales,hymenobacteraceae,pontibacter,pontibacter korlensis
Zotu1866,55,6,14,0,24,1,0,1,bacteria,nitrospirota,nitrospira,nitrospirales,nitrospiraceae,nitrospira,nitrospira enrichment
Zotu1867,0,1,0,0,27,37,18,6,bacteria,pseudomonadota,alphaproteobacteria,hyphomicrobiales,methylocystaceae,methylosinus,methylosinus trichosporium
Zotu1868,0,0,0,0,1,0,0,0,bacteria,actinomycetota,actinomycetes,kitasatosporales,streptomycetaceae,streptomyces,streptomyces verrucosisporus
Zotu1869,0,0,0,0,1,0,0,0,bacteria,actinomycetota,actinomycetes,propionibacteriales,nocardioidaceae,nocardioides,nocardioides pyridinolyticus
Zotu1870,5,0,0,1,0,0,1,1,bacteria,actinomycetota,thermoleophilia,solirubrobacterales,parviterribacteraceae,parviterribacter,parviterribacter kavangonensis
Zotu1871,1,0,0,0,0,0,0,1,bacteria,actinomycetota,actinomycetes,pseudonocardiales,pseudonocardiaceae,actinomycetospora,actinomycetospora corticicola
Zotu1872,3,1,1,0,2,0,0,2,bacteria,pseudomonadota,alphaproteobacteria,sphingomonadales,sphingomonadaceae,sphingomonas,sphingomonas trueperi
Zotu1873,0,0,0,0,0,0,0,0,bacteria,chloroflexota,tepidiformia,tepidiformales,tepidiformaceae,tepidiforma,tepidiforma bonchosmolovskayae
Zotu1874,19,0,0,0,0,0,0,1,bacteria,pseudomonadota,alphaproteobacteria,hyphomicrobiales,hyphomicrobiaceae,rhodoplanes,rhodoplanes elegans
Zotu1875,2,7,45,0,0,2,11,0,bacteria,actinomycetota,thermoleophilia,miltoncostaeales,miltoncostaeaceae,miltoncostaea,miltoncostaea marina
Zotu1876,0,0,0,0,2,0,1,0,bacteria,actinomycetota,actinomycetes,frankiales,frankiaceae,frankia,frankia alni
Zotu1877,0,1,2,0,2,0,1,5,bacteria,acidobacteriota,blastocatellia,blastocatellales,blastocatellaceae,aridibacter,aridibacter famidurans
Zotu1878,0,22,37,1,0,4,6,0,bacteria,actinomycetota,acidimicrobiia,acidimicrobiales,acidimicrobiaceae,aciditerrimonas,aciditerrimonas ferrireducens
Zotu1879,0,1,0,0,2,1,54,3,bacteria,pseudomonadota,gammaproteobacteria,xanthomonadales,xanthomonadaceae,lysobacter,lysobacter bugurensis
Zotu1880,0,2,0,0,0,0,0,31,bacteria,pseudomonadota,alphaproteobacteria,hyphomicrobiales,methylobacteriaceae,microvirga,microvirga lenta
Zotu1881,1,0,0,0,0,0,0,0,bacteria,actinomycetota,nitriliruptoria,egibacterales,egibacteraceae,egibacter,egibacter rhizosphaerae
Zotu1882,6,28,1,0,69,0,0,2,bacteria,planctomycetota,planctomycetia,gemmatales,gemmataceae,gemmata,gemmata obscuriglobus
Zotu1883,0,0,12,1,94,26,1,2,bacteria,acidobacteriota,acidobacteriia,acidobacteriales,acidobacteriaceae,candidatus koribacter,candidatus koribacter versatilis
Zotu1884,0,1,0,0,0,2,20,2,bacteria,gemmatimonadota,longimicrobiia,longimicrobiales,longimicrobiaceae,longimicrobium,longimicrobium terrae
Zotu1885,2,1,0,0,2,1,6,0,bacteria,pseudomonadota,gammaproteobacteria,enterobacterales,enterobacteriaceae,escherichia,escherichia fergusonii
Zotu1886,0,0,1,1,0,1,55,61,bacteria,chloroflexota,chloroflexia,kallotenuales,kallotenuaceae,kallotenue,kallotenue papyrolyticum
Zotu1887,0,0,0,0,0,0,0,0,bacteria,pseudomonadota,alphaproteobacteria,sphingomonadales,sphingomonadaceae,sphingomonas,sphingomonas montis
Zotu1888,0,0,0,0,0,0,0,0,archaea,methanobacteriota,halobacteria,halobacteriales,halobacteriaceae,halorubrum,halorubrum vacuolatum
Zotu1889,2,2,1,0,0,1,0,0,bacteria,actinomycetota,actinomycetes,propionibacteriales,kribbellaceae,kribbella,kribbella alba
Zotu1890,2,6,20,1,0,1,1,0,bacteria,actinomycetota,acidimicrobiia,acidimicrobiales,iamiaceae,rhabdothermincola,rhabdothermincola sediminis
Zotu1891,0,0,0,0,25,0,0,0,archaea,methanobacteriota,thermoplasmata,methanomassiliicoccales,methanomassiliicoccaceae,methanomassiliicoccus,methanomassiliicoccus luminyensis
Zotu1892,0,0,0,0,0,0,0,0,bacteria,verrucomicrobiota,verrucomicrobiae,verrucomicrobiales,verrucomicrobia subdivision 3,pedosphaera,pedosphaera parvula
Zotu1893,0,0,23,0,0,0,0,0,bacteria,pseudomonadota,oligoflexia,bdellovibrionales,bdellovibrionaceae,bdellovibrio,bdellovibrio bacteriovorus
Zotu1894,0,0,0,0,0,0,0,2,bacteria,actinomycetota,thermoleophilia,miltoncostaeales,miltoncostaeaceae,miltoncostaea,miltoncostaea marina
Zotu1895,0,5,0,1,0,2,0,18,bacteria,bacillota,bacilli,bacillales,paenibacillaceae,paenibacillus,paenibacillus antri
Zotu1896,0,0,0,0,0,0,0,1,bacteria,myxococcota,myxococcota,polyangiales,polyangiaceae,byssovorax,byssovorax cruenta
Zotu1898,0,0,14,70,44,0,17,1,bacteria,bacillota,clostridia,eubacteriales,symbiobacteriaceae,symbiobacterium,symbiobacterium terraclitae
Zotu1899,1,0,0,0,0,0,0,0,bacteria,actinomycetota,thermoleophilia,solirubrobacterales,capillimicrobiaceae,capillimicrobium,capillimicrobium parvum
Zotu1900,34,19,158,2,0,2,2,3,bacteria,acidobacteriota,blastocatellia,blastocatellales,pyrinomonadaceae,pyrinomonas,pyrinomonas methylaliphatogenes
Zotu1901,0,6,29,0,0,140,10,1,bacteria,planctomycetota,phycisphaerae,tepidisphaerales,tepidisphaeraceae,tepidisphaera,tepidisphaera mucosa
Zotu1902,0,0,1,0,0,0,0,0,bacteria,actinomycetota,nitriliruptoria,egicoccales,egicoccaceae,egicoccus,egicoccus halophilus
Zotu1903,1,1,0,0,0,1,1,6,bacteria,thermodesulfobacteriota,desulfuromonadia,desulfuromonadales,desulfuromonadaceae,pelobacter,pelobacter seleniigenes
Zotu1904,0,0,0,0,0,0,0,0,bacteria,planctomycetota,planctomycetia,pirellulales,pirellulaceae,blastopirellula,blastopirellula marina
Zotu1905,4,10,0,0,0,0,1,7,bacteria,bacillota,bacilli,bacillales,bacillaceae,bacillus,bacillus niabensis
Zotu1906,0,0,0,0,0,0,0,0,bacteria,chloroflexota,candidatus thermofonsia,phototrophicales,phototrophicaceae,phototrophicus,phototrophicus methaneseepsis
Zotu1907,4,20,0,0,0,0,0,0,bacteria,acidobacteriota,vicinamibacteria,vicinamibacterales,vicinamibacteraceae,luteitalea,luteitalea pratensis
Zotu1908,0,0,0,0,0,0,0,0,bacteria,planctomycetota,phycisphaerae,tepidisphaerales,tepidisphaeraceae,tepidisphaera,tepidisphaera mucosa
Zotu1909,7,12,0,0,0,0,0,1,bacteria,pseudomonadota,alphaproteobacteria,rhodospirillales,rhodospirillaceae,ferruginivarius,ferruginivarius sediminum
Zotu1910,1,1,0,0,0,3,0,0,bacteria,actinomycetota,thermoleophilia,thermoleophilales,thermoleophilaceae,thermoleophilum,thermoleophilum album
Zotu1911,0,1,0,0,2,0,1,0,bacteria,pseudomonadota,gammaproteobacteria,pseudomonadales,pseudomonadaceae,pseudomonas,pseudomonas xinjiangensis
Zotu1912,0,0,1,0,0,0,0,0,bacteria,actinomycetota,actinomycetes,pseudonocardiales,pseudonocardiaceae,pseudonocardia,pseudonocardia hierapolitana
Zotu1913,0,0,0,1,1,59,57,2,bacteria,acidobacteriota,vicinamibacteria,vicinamibacterales,vicinamibacteraceae,vicinamibacter,vicinamibacter silvestris
Zotu1914,0,0,2,0,0,1,0,0,bacteria,planctomycetota,planctomycetia,pirellulales,pirellulaceae,anatilimnocola,anatilimnocola aggregata
Zotu1915,82,24,0,0,2,0,4,0,bacteria,pseudomonadota,hydrogenophilia,hydrogenophilia,hydrogenophilia,pelomicrobium,pelomicrobium methylotrophicum
Zotu1916,2,2,0,0,1,49,21,1,bacteria,verrucomicrobiota,verrucomicrobiae,verrucomicrobiales,verrucomicrobia subdivision 3,pedosphaera,pedosphaera parvula
Zotu1917,0,0,0,1,14,7,27,27,bacteria,gemmatimonadota,longimicrobiia,longimicrobiales,longimicrobiaceae,longimicrobium,longimicrobium terrae
Zotu1918,6,34,29,2,1,0,2,0,bacteria,verrucomicrobiota,verrucomicrobiae,verrucomicrobiales,verrucomicrobia subdivision 3,pedosphaera,pedosphaera parvula
Zotu1919,0,0,0,0,0,0,0,0,bacteria,planctomycetota,phycisphaerae,tepidisphaerales,tepidisphaeraceae,tepidisphaera,tepidisphaera mucosa
Zotu1920,0,0,0,0,0,0,0,9,bacteria,pseudomonadota,alphaproteobacteria,rhodospirillales,acetobacteraceae,falsiroseomonas,falsiroseomonas riguiloci
Zotu1922,0,0,0,0,0,0,0,0,bacteria,pseudomonadota,alphaproteobacteria,rickettsiales,candidatus midichloriaceae,candidatus defluviella,candidatus defluviella procrastinata
Zotu1923,0,0,1,1,0,0,2,0,bacteria,thermodesulfobacteriota,desulfuromonadia,desulfuromonadales,desulfuromonadaceae,pelobacter,pelobacter seleniigenes
Zotu1924,1,0,0,0,1,0,2,3,bacteria,pseudomonadota,alphaproteobacteria,hyphomicrobiales,methylobacteriaceae,microvirga,microvirga thermotolerans
Zotu1925,0,1,0,0,0,1,0,1,bacteria,chloroflexota,chloroflexia,kallotenuales,kallotenuaceae,kallotenue,kallotenue papyrolyticum
Zotu1926,0,1,0,0,0,0,0,1,bacteria,actinomycetota,thermoleophilia,solirubrobacterales,baekduiaceae,baekduia,baekduia soli
Zotu1927,0,0,0,0,0,0,0,0,bacteria,pseudomonadota,alphaproteobacteria,sphingomonadales,sphingomonadaceae,sphingomonas,sphingomonas parvus
Zotu1928,2,0,2,1,1,0,0,0,bacteria,bacillota,bacilli,bacillales,bacillaceae,bacillus,bacillus infantis
Zotu1929,0,4,0,0,0,0,0,0,bacteria,pseudomonadota,alphaproteobacteria,geminicoccales,geminicoccaceae,arboricoccus,arboricoccus pini
Zotu1930,0,0,0,0,0,0,0,1,bacteria,actinomycetota,actinomycetes,micrococcales,cellulomonadaceae,cellulomonas,cellulomonas biazotea
Zotu1931,5,0,1,2,0,1,0,0,bacteria,acidobacteriota,vicinamibacteria,vicinamibacterales,vicinamibacteraceae,luteitalea,luteitalea pratensis
Zotu1932,0,6,12,98,0,0,3,1,bacteria,actinomycetota,actinomycetia,streptomycetales,streptomycetaceae,streptomyces,streptomyces glaucosporus
Zotu1933,0,1,1,0,1,0,8,40,bacteria,gemmatimonadota,gemmatimonadetes,gemmatimonadales,gemmatimonadaceae,gemmatimonas,gemmatimonas aurantiaca
Zotu1934,0,118,11,1,2,2,2,0,bacteria,chloroflexota,anaerolineae,anaerolineales,anaerolineaceae,bellilinea,bellilinea caldifistulae
Zotu1935,0,1,0,0,0,14,4,9,bacteria,chloroflexota,chloroflexia,kallotenuales,kallotenuaceae,kallotenue,kallotenue papyrolyticum
Zotu1936,1,0,0,0,0,0,0,0,bacteria,actinomycetota,actinomycetes,kitasatosporales,streptomycetaceae,streptomyces,streptomyces janthinus
Zotu1937,0,7,2,1,0,0,0,0,bacteria,actinomycetota,rubrobacteria,gaiellales,gaiellaceae,gaiella,gaiella occulta
Zotu1938,0,0,16,90,0,0,0,0,bacteria,vulcanimicrobiota,vulcanimicrobiia,vulcanimicrobiales,vulcanimicrobiaceae,vulcanimicrobium,vulcanimicrobium alpinum
Zotu1940,0,0,0,0,50,36,20,1,bacteria,planctomycetota,phycisphaerae,tepidisphaerales,tepidisphaeraceae,tepidisphaera,tepidisphaera mucosa
Zotu1941,0,0,0,2,0,2,0,36,bacteria,verrucomicrobiota,verrucomicrobiae,verrucomicrobiales,verrucomicrobia subdivision 3,pedosphaera,pedosphaera parvula
Zotu1942,0,0,0,0,1,1,0,2,bacteria,actinomycetota,actinomycetes,propionibacteriales,nocardioidaceae,nocardioides,nocardioides litorisoli
Zotu1943,15,8,1,80,7,0,0,0,bacteria,thermomicrobiota,thermomicrobia,sphaerobacterales,sphaerobacteraceae,nitrolancea,nitrolancea hollandica
Zotu1944,1,1,0,0,0,97,2,0,bacteria,planctomycetota,phycisphaerae,tepidisphaerales,tepidisphaeraceae,tepidisphaera,tepidisphaera mucosa
Zotu1945,39,9,21,0,1,0,2,0,bacteria,acidobacteriota,vicinamibacteria,vicinamibacterales,vicinamibacteraceae,vicinamibacter,vicinamibacter silvestris
Zotu1946,5,2,7,85,7,1,1,0,bacteria,actinomycetota,rubrobacteria,rubrobacterales,rubrobacteraceae,rubrobacter,rubrobacter radiotolerans
Zotu1947,0,0,0,0,0,0,0,0,bacteria,myxococcota,myxococcia,myxococcales,myxococcaceae,corallococcus,corallococcus macrosporus
Zotu1948,1,5,0,1,10,19,1,0,bacteria,actinomycetota,rubrobacteria,gaiellales,gaiellaceae,gaiella,gaiella occulta
Zotu1949,63,31,0,0,0,13,1,0,bacteria,thermodesulfobacteriota,desulfobulbia,desulfobulbales,desulfobulbaceae,desulfolithobacter,desulfolithobacter dissulfuricans
Zotu1950,0,1,0,0,0,0,0,2,bacteria,actinomycetota,actinomycetes,frankiales,frankiaceae,pseudofrankia,pseudofrankia inefficax
Zotu1951,0,0,0,0,1,0,0,11,bacteria,deinococcota,deinococci,deinococcales,deinococcaceae,deinococcus,deinococcus maricopensis
Zotu1952,0,0,0,0,0,0,0,10,bacteria,bacteroidota,cytophagia,cytophagales,cesiribacteraceae,cesiribacter,cesiribacter roseus
Zotu1954,0,0,0,0,0,0,0,0,bacteria,bacillota,bacilli,lactobacillales,streptococcaceae,streptococcus,streptococcus salivarius
Zotu1956,33,64,29,0,1,0,0,0,bacteria,planctomycetota,planctomycetia,gemmatales,gemmataceae,gemmata,gemmata obscuriglobus
Zotu1957,1,0,0,2,0,0,0,0,bacteria,actinomycetota,actinomycetes,micrococcales,microbacteriaceae,protaetiibacter,protaetiibacter larvae
Zotu1958,2,0,0,0,0,1,0,0,bacteria,pseudomonadota,gammaproteobacteria,xanthomonadales,xanthomonadaceae,pseudoxanthomonas,pseudoxanthomonas taiwanensis
Zotu1959,0,0,0,0,1,0,0,0,bacteria,actinomycetota,acidimicrobiia,acidimicrobiales,iamiaceae,actinomarinicola,actinomarinicola tropica
Zotu1960,1,0,0,0,0,0,0,0,bacteria,verrucomicrobiota,spartobacteria,chthoniobacterales,chthoniobacteraceae,chthoniobacter,chthoniobacter flavus
Zotu1961,1,0,0,0,1,0,0,9,bacteria,verrucomicrobiota,verrucomicrobiae,verrucomicrobiales,verrucomicrobia subdivision 3,pedosphaera,pedosphaera parvula
Zotu1962,0,0,0,0,0,0,0,1,bacteria,pseudomonadota,alphaproteobacteria,hyphomicrobiales,methylobacteriaceae,methylobacterium,methylobacterium iners
Zotu1963,0,0,0,0,0,1,0,10,bacteria,chloroflexota,chloroflexia,chloroflexales,roseiflexaceae,kouleothrix,kouleothrix aurantiaca
Zotu1964,1,1,0,1,63,11,1,0,bacteria,actinomycetota,rubrobacteria,rubrobacterales,rubrobacteraceae,rubrobacter,rubrobacter naiadicus
Zotu1965,0,0,0,0,1,0,0,0,bacteria,pseudomonadota,betaproteobacteria,neisseriales,neisseriaceae,neisseria,neisseria shayeganii
Zotu1966,0,0,0,0,0,1,0,0,bacteria,planctomycetota,planctomycetia,gemmatales,gemmataceae,urbifossiella,urbifossiella limnaea
Zotu1967,1,2,3,0,1,2,7,5,bacteria,bacillota,bacilli,bacillales,bacillaceae,bacillus,bacillus licheniformis
Zotu1968,0,0,0,0,0,0,0,0,bacteria,bacillota,clostridia,eubacteriales,desulfotomaculaceae,pelotomaculum,pelotomaculum terephthalicicum
Zotu1969,0,0,0,0,0,0,0,24,bacteria,bacteroidota,sphingobacteriia,sphingobacteriales,sphingobacteriaceae,pedobacter,pedobacter mongoliensis
Zotu1970,1,0,0,0,0,1,1,0,bacteria,actinomycetota,actinomycetes,kitasatosporales,streptomycetaceae,streptomyces,streptomyces thermoalkaliphilus
Zotu1971,2,17,12,0,1,6,0,2,bacteria,chloroflexota,chloroflexota,chloroflexota,chloroflexota,thermobaculum,thermobaculum terrenum
Zotu1972,0,3,0,0,0,24,174,0,archaea,methanobacteriota,thermoplasmata,methanomassiliicoccales,methanomassiliicoccaceae,methanomassiliicoccus,candidatus methanomassiliicoccus intestinalis
Zotu1973,0,0,1,0,0,0,0,1,bacteria,bacteroidota,chitinophagia,chitinophagales,chitinophagaceae,flavisolibacter,flavisolibacter swuensis
Zotu1974,0,0,0,0,0,0,0,0,bacteria,bacillota,bacilli,lactobacillales,enterococcaceae,enterococcus,enterococcus cecorum
Zotu1975,0,0,1,0,0,0,0,0,bacteria,bacteroidota,sphingobacteriia,sphingobacteriales,sphingobacteriaceae,sphingobacterium,sphingobacterium shayense
Zotu1976,15,11,0,0,0,1,7,0,bacteria,chloroflexota,tepidiformia,tepidiformales,tepidiformaceae,tepidiforma,tepidiforma bonchosmolovskayae
Zotu1978,0,0,0,0,0,2,0,0,bacteria,chloroflexota,tepidiformia,tepidiformales,tepidiformaceae,tepidiforma,tepidiforma bonchosmolovskayae
Zotu1979,0,0,0,1,0,1,1,0,bacteria,bacillota,clostridia,eubacteriales,symbiobacteriaceae,symbiobacterium,symbiobacterium terraclitae
Zotu1980,0,0,0,0,0,0,0,9,bacteria,actinomycetota,actinomycetes,micrococcales,microbacteriaceae,microbacterium,microbacterium lacusdiani
Zotu1981,0,0,0,1,0,0,1,0,bacteria,verrucomicrobiota,verrucomicrobiae,limisphaerales,fontisphaeraceae,fontisphaera,fontisphaera persica
Zotu1982,1,0,0,0,0,0,0,0,bacteria,bacillota,bacilli,bacillales,paenibacillaceae,cohnella,cohnella arctica
Zotu1983,0,0,0,0,0,0,0,0,bacteria,actinomycetota,rubrobacteria,gaiellales,gaiellaceae,gaiella,gaiella occulta
Zotu1984,30,11,77,0,15,2,0,0,bacteria,actinomycetota,actinomycetia,streptosporangiales,streptosporangiaceae,thermobispora,thermobispora bispora
Zotu1985,0,0,0,0,0,0,0,0,bacteria,bacteroidota,sphingobacteriia,sphingobacteriales,sphingobacteriaceae,pedobacter,pedobacter mongoliensis
Zotu1986,2,0,0,0,1,2,0,0,bacteria,pseudomonadota,alphaproteobacteria,rhodospirillales,azospirillaceae,skermanella,skermanella rubra
Zotu1987,0,0,0,1,0,7,0,0,bacteria,actinomycetota,acidimicrobiia,acidimicrobiales,iamiaceae,actinomarinicola,actinomarinicola tropica
Zotu1989,11,15,28,3,48,4,0,1,bacteria,actinomycetota,rubrobacteria,gaiellales,gaiellaceae,gaiella,gaiella occulta
Zotu1990,0,1,0,0,0,0,1,1,bacteria,actinomycetota,actinomycetes,geodermatophilales,geodermatophilaceae,geodermatophilus,geodermatophilus nigrescens
Zotu1991,0,6,1,1,0,19,3,1,bacteria,acidobacteriota,vicinamibacteria,vicinamibacterales,vicinamibacteraceae,vicinamibacter,vicinamibacter silvestris
Zotu1992,2,1,1,74,2,0,0,0,bacteria,actinomycetota,thermoleophilia,solirubrobacterales,solirubrobacteraceae,solirubrobacter,solirubrobacter ginsenosidimutans
Zotu1993,0,0,0,0,0,0,0,0,bacteria,chloroflexota,chloroflexia,kallotenuales,kallotenuaceae,kallotenue,kallotenue papyrolyticum
Zotu1994,27,0,36,0,0,35,1,0,bacteria,acidobacteriota,vicinamibacteria,vicinamibacterales,vicinamibacteraceae,luteitalea,luteitalea pratensis
Zotu1995,4,1,2,0,8,18,1,7,bacteria,actinomycetota,rubrobacteria,rubrobacterales,rubrobacteraceae,rubrobacter,rubrobacter spartanus
Zotu1996,0,0,0,1,1,0,5,4,bacteria,gemmatimonadota,gemmatimonadetes,gemmatimonadales,gemmatimonadaceae,roseisolibacter,roseisolibacter agri
Zotu1997,15,13,11,0,2,99,9,5,bacteria,acidobacteriota,vicinamibacteria,vicinamibacterales,vicinamibacteraceae,luteitalea,luteitalea pratensis
Zotu1998,1,1,1,0,0,0,2,19,archaea,methanobacteriota,thermoplasmata,methanomassiliicoccales,methanomassiliicoccaceae,methanomassiliicoccus,candidatus methanomassiliicoccus intestinalis
Zotu1999,0,0,0,0,2,1,0,0,bacteria,pseudomonadota,alphaproteobacteria,hyphomicrobiales,kaistiaceae,kaistia,kaistia granuli
Zotu2000,0,0,0,0,1,0,0,0,bacteria,actinomycetota,actinomycetes,geodermatophilales,geodermatophilaceae,geodermatophilus,geodermatophilus saharensis
Zotu2001,0,0,0,0,0,0,0,0,bacteria,pseudomonadota,alphaproteobacteria,caulobacterales,caulobacteraceae,phenylobacterium,phenylobacterium haematophilum
Zotu2002,0,1,0,0,0,0,0,1,bacteria,chloroflexota,caldilineae,caldilineales,caldilineaceae,caldilinea,caldilinea aerophila
Zotu2003,19,25,42,1,11,3,1,3,bacteria,actinomycetota,acidimicrobiia,acidimicrobiales,acidimicrobiaceae,aciditerrimonas,aciditerrimonas ferrireducens
Zotu2004,0,0,0,0,0,0,0,1,bacteria,bacillota,bacillota,bacillota,bacillota,hydrogenispora,hydrogenispora ethanolica
Zotu2005,0,4,31,95,12,10,23,6,archaea,nitrososphaerota,nitrososphaeria,nitrososphaerales,nitrososphaeraceae,nitrososphaera,candidatus nitrososphaera gargensis
Zotu2007,0,0,0,0,2,2,1,1,bacteria,pseudomonadota,alphaproteobacteria,sphingomonadales,sphingomonadaceae,novosphingobium,novosphingobium naphthae
Zotu2008,0,0,1,0,0,0,0,1,bacteria,chloroflexota,chloroflexia,herpetosiphonales,herpetosiphonaceae,herpetosiphon,herpetosiphon aurantiacus
Zotu2009,0,0,36,0,0,2,11,0,bacteria,thermodesulfobacteriota,desulfuromonadia,desulfuromonadales,geoalkalibacteraceae,geoalkalibacter,geoalkalibacter ferrihydriticus
Zotu2010,4,28,0,79,0,2,0,0,bacteria,chloroflexota,tepidiformia,tepidiformales,tepidiformaceae,tepidiforma,tepidiforma bonchosmolovskayae
Zotu2011,0,0,0,1,0,0,0,5,bacteria,actinomycetota,actinomycetes,pseudonocardiales,pseudonocardiaceae,actinophytocola,actinophytocola gilvus
Zotu2012,0,4,0,0,0,1,1,0,bacteria,actinomycetota,thermoleophilia,solirubrobacterales,solirubrobacteraceae,solirubrobacter,solirubrobacter phytolaccae
Zotu2014,27,0,0,0,0,0,0,2,bacteria,pseudomonadota,alphaproteobacteria,hyphomicrobiales,methylocystaceae,methylosinus,methylosinus sporium
Zotu2015,0,0,0,0,0,0,0,0,bacteria,pseudomonadota,alphaproteobacteria,rhodobacterales,roseobacteraceae,rubellimicrobium,rubellimicrobium aerolatum
Zotu2016,0,0,0,0,0,0,0,0,bacteria,balneolota,balneolia,balneolales,balneolaceae,halalkalibaculum,halalkalibaculum roseum
Zotu2017,0,0,0,94,1,0,0,0,bacteria,bacillota,bacilli,bacillales,paenibacillaceae,paenibacillus,paenibacillus profundus
Zotu2018,2,0,1,0,0,12,0,0,bacteria,bacillota,clostridia,eubacteriales,thermincolaceae,thermincola,thermincola ferriacetica
Zotu2019,1,0,1,0,1,0,0,0,bacteria,actinomycetota,nitriliruptoria,euzebyales,euzebyaceae,euzebya,euzebya tangerina
Zotu2020,0,0,0,0,0,1,1,1,bacteria,chloroflexota,chloroflexia,kallotenuales,kallotenuaceae,kallotenue,kallotenue papyrolyticum
Zotu2021,0,0,0,0,1,0,0,0,bacteria,bacteroidota,sphingobacteriia,sphingobacteriales,aurantibacillaceae,aurantibacillus,aurantibacillus circumpalustris
Zotu2022,0,0,0,0,0,2,0,0,bacteria,planctomycetota,planctomycetia,gemmatales,gemmataceae,gemmata,gemmata palustris
Zotu2023,0,0,0,0,0,0,0,0,bacteria,chloroflexota,anaerolineae,anaerolineales,anaerolineaceae,thermanaerothrix,thermanaerothrix daxensis
Zotu2024,2,1,10,0,48,18,12,5,bacteria,actinomycetota,rubrobacteria,gaiellales,gaiellaceae,gaiella,gaiella occulta
Zotu2025,0,0,0,0,0,0,0,9,bacteria,pseudomonadota,alphaproteobacteria,hyphomicrobiales,methylobacteriaceae,microvirga,microvirga thermotolerans
Zotu2026,0,1,0,0,0,2,5,18,bacteria,pseudomonadota,alphaproteobacteria,sphingomonadales,sphingosinicellaceae,sphingosinicella,sphingosinicella humi
Zotu2027,0,0,0,0,0,2,0,0,bacteria,actinomycetota,thermoleophilia,solirubrobacterales,conexibacteraceae,conexibacter,conexibacter stalactiti
Zotu2028,0,0,0,0,0,0,1,1,bacteria,actinomycetota,actinomycetes,geodermatophilales,geodermatophilaceae,blastococcus,blastococcus colisei
Zotu2029,0,0,0,0,1,1,0,0,bacteria,actinomycetota,actinomycetes,frankiales,frankiaceae,parafrankia,parafrankia discariae
Zotu2030,0,0,0,0,28,14,11,0,bacteria,verrucomicrobiota,verrucomicrobiae,verrucomicrobiales,verrucomicrobia subdivision 3,pedosphaera,pedosphaera parvula
Zotu2031,0,0,0,0,0,1,0,0,bacteria,actinomycetota,rubrobacteria,gaiellales,gaiellaceae,gaiella,gaiella occulta
Zotu2032,0,0,0,0,0,11,0,0,bacteria,chloroflexota,chloroflexia,herpetosiphonales,herpetosiphonaceae,herpetosiphon,herpetosiphon aurantiacus
Zotu2033,0,0,0,0,0,0,0,0,bacteria,planctomycetota,planctomycetia,gemmatales,gemmataceae,limnoglobus,limnoglobus roseus
Zotu2034,15,10,1,123,3,0,1,0,bacteria,acidobacteriota,vicinamibacteria,vicinamibacterales,vicinamibacteraceae,luteitalea,luteitalea pratensis
Zotu2035,0,0,1,1,0,2,1,1,bacteria,chloroflexota,chloroflexia,chloroflexales,roseiflexaceae,kouleothrix,kouleothrix aurantiaca
Zotu2036,1,0,14,0,26,31,1,0,bacteria,actinomycetota,thermoleophilia,solirubrobacterales,baekduiaceae,baekduia,baekduia soli
Zotu2037,0,13,0,0,0,0,0,0,bacteria,bacillota,bacilli,bacillales,paenibacillaceae,paenibacillus,paenibacillus darangshiensis
Zotu2038,4,12,11,1,0,1,3,0,bacteria,acidobacteriota,vicinamibacteria,vicinamibacterales,vicinamibacteraceae,luteitalea,luteitalea pratensis
Zotu2039,0,1,1,0,12,0,1,1,bacteria,actinomycetota,actinomycetes,propionibacteriales,nocardioidaceae,nocardioides,nocardioides insulae
Zotu2040,0,0,0,0,0,0,0,0,bacteria,actinomycetota,actinomycetes,nakamurellales,nakamurellaceae,nakamurella,nakamurella endophytica
Zotu2041,0,0,1,0,0,0,0,1,bacteria,bacteroidota,sphingobacteriia,sphingobacteriales,sphingobacteriaceae,pedobacter,pedobacter edaphicus
Zotu2042,1,0,0,0,0,0,2,0,bacteria,pseudomonadota,betaproteobacteria,nitrosomonadales,methylophilaceae,novimethylophilus,novimethylophilus kurashikiensis
Zotu2043,37,36,40,0,0,0,2,2,bacteria,gemmatimonadota,longimicrobiia,longimicrobiales,longimicrobiaceae,longimicrobium,longimicrobium terrae
Zotu2044,0,0,0,1,0,1,1,1,bacteria,acidobacteriota,blastocatellia,blastocatellales,blastocatellaceae,blastocatella,blastocatella fastidiosa
Zotu2045,29,12,0,0,0,0,2,0,bacteria,bacillota,clostridia,eubacteriales,desulfotomaculaceae,pelotomaculum,pelotomaculum terephthalicicum
Zotu2046,0,6,13,0,1,0,0,0,bacteria,actinomycetota,rubrobacteria,rubrobacterales,rubrobacteraceae,rubrobacter,rubrobacter naiadicus
Zotu2047,1,0,16,1,21,11,52,8,bacteria,actinomycetota,rubrobacteria,rubrobacterales,rubrobacteraceae,rubrobacter,rubrobacter naiadicus
Zotu2048,0,3,1,2,2,0,0,0,bacteria,actinomycetota,acidimicrobiia,acidimicrobiales,iamiaceae,actinomarinicola,actinomarinicola tropica
Zotu2049,5,5,23,47,26,10,0,0,bacteria,gemmatimonadota,gemmatimonadetes,gemmatimonadales,gemmatimonadaceae,gemmatimonas,gemmatimonas phototrophica
Zotu2050,0,1,0,0,0,1,1,0,bacteria,bacteroidota,cytophagia,cytophagales,cytophagaceae,rhodocytophaga,rhodocytophaga rosea
Zotu2051,75,24,1,0,2,0,0,1,bacteria,planctomycetota,phycisphaerae,tepidisphaerales,tepidisphaeraceae,tepidisphaera,tepidisphaera mucosa
Zotu2052,0,0,1,0,1,0,16,20,bacteria,gemmatimonadota,longimicrobiia,longimicrobiales,longimicrobiaceae,longimicrobium,longimicrobium terrae
Zotu2053,0,2,31,1,1,0,0,0,bacteria,pseudomonadota,alphaproteobacteria,caulobacterales,caulobacteraceae,phenylobacterium,phenylobacterium mobile
Zotu2054,0,14,14,1,83,1,1,0,bacteria,actinomycetota,rubrobacteria,rubrobacterales,rubrobacteraceae,rubrobacter,rubrobacter taiwanensis
Zotu2055,0,5,0,0,0,0,5,6,bacteria,bacillota,clostridia,eubacteriales,symbiobacteriaceae,symbiobacterium,symbiobacterium terraclitae
Zotu2056,0,0,0,0,0,2,0,0,bacteria,actinomycetota,thermoleophilia,solirubrobacterales,parviterribacteraceae,parviterribacter,parviterribacter multiflagellatus
Zotu2057,0,1,0,3,1,109,16,0,bacteria,planctomycetota,planctomycetia,pirellulales,pirellulaceae,candidatus anammoximicrobium,candidatus anammoximicrobium moscowii
Zotu2058,0,0,1,1,14,0,9,13,bacteria,pseudomonadota,alphaproteobacteria,sphingomonadales,sphingomonadaceae,sphingomonas,sphingomonas wittichii
Zotu2059,0,0,0,0,0,0,0,0,bacteria,chloroflexota,anaerolineae,anaerolineales,anaerolineaceae,thermanaerothrix,thermanaerothrix daxensis
Zotu2060,0,0,0,1,0,0,1,0,bacteria,pseudomonadota,alphaproteobacteria,rhodobacterales,roseobacteraceae,rubellimicrobium,rubellimicrobium roseum
Zotu2061,0,0,0,0,0,0,0,0,bacteria,gemmatimonadota,gemmatimonadetes,gemmatimonadales,gemmatimonadaceae,roseisolibacter,roseisolibacter agri
Zotu2062,1,13,17,0,1,0,0,1,bacteria,gemmatimonadota,longimicrobiia,longimicrobiales,longimicrobiaceae,longimicrobium,longimicrobium terrae
Zotu2063,0,1,28,0,1,91,31,0,archaea,methanobacteriota,thermoplasmata,methanomassiliicoccales,methanomassiliicoccaceae,methanomassiliicoccus,candidatus methanomassiliicoccus intestinalis
Zotu2064,0,0,0,0,0,0,0,0,bacteria,bacillota,clostridia,eubacteriales,clostridiales family xvii. incertae sedis,thermaerobacter,thermaerobacter subterraneus
Zotu2065,0,0,0,0,0,0,0,0,bacteria,actinomycetota,thermoleophilia,solirubrobacterales,parviterribacteraceae,parviterribacter,parviterribacter multiflagellatus
Zotu2066,1,3,17,0,0,0,9,1,bacteria,bacillota,bacilli,bacillales,paenibacillaceae,paenibacillus,paenibacillus antri
Zotu2067,0,0,0,0,0,0,0,1,bacteria,bacteroidota,chitinophagia,chitinophagales,chitinophagaceae,flavisolibacter,flavisolibacter ginsengiterrae
Zotu2068,0,0,0,1,0,0,0,0,bacteria,pseudomonadota,alphaproteobacteria,sphingomonadales,sphingomonadaceae,rhizorhabdus,rhizorhabdus dicambivorans
Zotu2069,0,0,0,0,0,2,15,0,bacteria,acidobacteriota,blastocatellia,blastocatellales,blastocatellaceae,aridibacter,aridibacter famidurans
Zotu2070,0,0,0,0,0,0,0,26,bacteria,bacteroidota,chitinophagia,chitinophagales,chitinophagaceae,flavisolibacter,flavisolibacter carri
Zotu2071,0,0,0,0,0,0,0,0,archaea,methanobacteriota,halobacteria,halobacteriales,halobacteriaceae,halomicroarcula,halomicroarcula pellucida
Zotu2072,0,0,0,0,16,1,0,1,bacteria,bacillota,bacilli,lactobacillales,streptococcaceae,streptococcus,streptococcus mutans
Zotu2073,10,3,19,0,0,0,0,0,bacteria,actinomycetota,rubrobacteria,rubrobacterales,rubrobacteraceae,rubrobacter,rubrobacter spartanus
Zotu2074,1,1,0,0,0,14,0,0,bacteria,actinomycetota,acidimicrobiia,acidimicrobiales,acidimicrobiaceae,aciditerrimonas,aciditerrimonas ferrireducens
Zotu2075,0,0,1,0,1,2,0,0,bacteria,chloroflexota,chloroflexia,herpetosiphonales,herpetosiphonaceae,herpetosiphon,herpetosiphon gulosus
Zotu2076,1,32,50,1,0,10,5,0,bacteria,actinomycetota,rubrobacteria,gaiellales,gaiellaceae,gaiella,gaiella occulta
Zotu2077,0,0,0,0,0,0,0,0,bacteria,bacteroidota,chitinophagia,chitinophagales,chitinophagaceae,flavisolibacter,flavisolibacter ginsengiterrae
Zotu2078,0,0,0,0,2,0,0,24,bacteria,actinomycetota,actinomycetes,geodermatophilales,geodermatophilaceae,klenkia,klenkia soli
Zotu2079,0,0,0,0,0,0,0,8,bacteria,actinomycetota,actinomycetes,pseudonocardiales,pseudonocardiaceae,allokutzneria,allokutzneria oryzae
Zotu2080,0,2,1,0,0,0,0,1,bacteria,chloroflexota,chloroflexia,chloroflexales,roseiflexaceae,kouleothrix,kouleothrix aurantiaca
Zotu2081,0,0,0,0,0,0,1,2,bacteria,verrucomicrobiota,spartobacteria,chthoniobacterales,chthoniobacteraceae,chthoniobacter,chthoniobacter flavus
Zotu2082,79,7,12,0,0,0,0,0,archaea,methanobacteriota,thermoplasmata,methanomassiliicoccales,methanomassiliicoccaceae,methanomassiliicoccus,candidatus methanomassiliicoccus intestinalis
Zotu2083,0,0,0,0,0,0,0,0,bacteria,bacteroidota,chitinophagia,chitinophagales,chitinophagaceae,flavisolibacter,flavisolibacter carri
Zotu2084,0,0,0,0,0,0,0,0,bacteria,actinomycetota,actinomycetes,propionibacteriales,nocardioidaceae,nocardioides,nocardioides panzhihuensis
Zotu2085,0,0,15,44,0,0,1,0,archaea,methanobacteriota,thermoplasmata,methanomassiliicoccales,methanomassiliicoccaceae,methanomassiliicoccus,candidatus methanomassiliicoccus intestinalis
Zotu2086,0,0,1,0,0,1,0,0,bacteria,actinomycetota,actinomycetes,micrococcales,microbacteriaceae,microbacterium,microbacterium trichothecenolyticum
Zotu2087,5,0,0,0,32,0,0,0,bacteria,chloroflexota,tepidiformia,tepidiformales,tepidiformaceae,tepidiforma,tepidiforma bonchosmolovskayae
Zotu2088,0,0,0,0,0,0,0,0,bacteria,pseudomonadota,betaproteobacteria,burkholderiales,oxalobacteraceae,noviherbaspirillum,noviherbaspirillum soli
Zotu2089,1,0,1,0,2,0,0,0,bacteria,actinomycetota,actinomycetes,micromonosporales,micromonosporaceae,micromonospora,micromonospora marina
Zotu2090,0,0,0,0,0,0,0,0,bacteria,bacillota,clostridia,eubacteriales,symbiobacteriaceae,symbiobacterium,symbiobacterium ostreiconchae
Zotu2091,0,0,0,1,0,0,0,0,bacteria,chloroflexota,anaerolineae,anaerolineales,anaerolineaceae,thermanaerothrix,thermanaerothrix daxensis
Zotu2092,0,0,0,0,0,0,0,1,bacteria,bacillota,bacilli,bacillales,bacillaceae,bacillus,bacillus salitolerans
Zotu2093,0,0,0,0,0,0,0,0,bacteria,actinomycetota,thermoleophilia,thermoleophilales,thermoleophilaceae,thermoleophilum,thermoleophilum album
Zotu2094,23,0,31,1,0,0,15,2,bacteria,bacillota,bacilli,bacillales,bacillales family x. incertae sedis,brockia,brockia lithotrophica
Zotu2095,0,4,0,0,0,5,1,0,bacteria,actinomycetota,actinomycetes,pseudonocardiales,pseudonocardiaceae,pseudonocardia,pseudonocardia halophobica
Zotu2096,0,0,1,1,0,0,0,0,bacteria,acidobacteriota,vicinamibacteria,vicinamibacterales,vicinamibacteraceae,luteitalea,luteitalea pratensis
Zotu2097,2,1,0,0,1,0,0,1,bacteria,verrucomicrobiota,verrucomicrobiae,verrucomicrobiales,verrucomicrobia subdivision 3,pedosphaera,pedosphaera parvula
Zotu2098,8,26,0,0,40,1,1,0,bacteria,pseudomonadota,alphaproteobacteria,hyphomicrobiales,hyphomicrobiales,nordella,nordella oligomobilis
Zotu2099,1,25,47,0,1,1,1,0,bacteria,verrucomicrobiota,verrucomicrobiae,verrucomicrobiales,verrucomicrobia subdivision 3,pedosphaera,pedosphaera parvula
Zotu2100,0,0,0,1,0,2,0,0,bacteria,bdellovibrionota,oligoflexia,oligoflexales,oligoflexaceae,oligoflexus,oligoflexus tunisiensis
Zotu2101,0,0,0,0,0,0,0,0,bacteria,actinomycetota,thermoleophilia,miltoncostaeales,miltoncostaeaceae,miltoncostaea,miltoncostaea marina
Zotu2102,1,0,0,0,1,0,0,13,bacteria,gemmatimonadota,longimicrobiia,longimicrobiales,longimicrobiaceae,longimicrobium,longimicrobium terrae
Zotu2103,0,0,0,0,0,0,1,11,bacteria,pseudomonadota,alphaproteobacteria,hyphomicrobiales,methylobacteriaceae,microvirga,microvirga massiliensis
Zotu2104,3,25,1,0,13,7,0,0,bacteria,bacillota,clostridia,thermosediminibacterales,thermosediminibacteraceae,fervidicola,fervidicola ferrireducens
Zotu2105,0,0,0,0,0,0,0,0,bacteria,verrucomicrobiota,spartobacteria,chthoniobacterales,chthoniobacteraceae,chthoniobacter,chthoniobacter flavus
Zotu2106,0,0,0,1,0,0,0,1,bacteria,planctomycetota,planctomycetia,pirellulales,lacipirellulaceae,bythopirellula,bythopirellula polymerisocia
Zotu2107,0,0,0,0,0,0,0,11,bacteria,actinomycetota,rubrobacteria,rubrobacterales,rubrobacteraceae,rubrobacter,rubrobacter marinus
Zotu2108,154,1,0,0,0,0,0,0,archaea,methanobacteriota,thermoplasmata,methanomassiliicoccales,methanomassiliicoccaceae,methanomassiliicoccus,candidatus methanomassiliicoccus intestinalis
Zotu2109,0,0,0,0,0,0,0,0,bacteria,pseudomonadota,gammaproteobacteria,pseudomonadales,pseudomonadaceae,stutzerimonas,stutzerimonas stutzeri
Zotu2110,0,0,0,0,0,3,2,0,bacteria,actinomycetota,actinomycetes,streptosporangiales,streptosporangiaceae,nonomuraea,nonomuraea thailandensis
Zotu2111,7,9,39,85,1,1,0,0,bacteria,actinomycetota,actinomycetes,streptosporangiales,streptosporangiaceae,nonomuraea,nonomuraea soli
Zotu2112,0,1,0,0,0,1,0,15,bacteria,deinococcota,deinococci,deinococcales,deinococcaceae,deinococcus,deinococcus papagonensis
Zotu2113,0,1,0,0,0,0,0,0,bacteria,actinomycetota,actinomycetes,geodermatophilales,geodermatophilaceae,geodermatophilus,geodermatophilus pulveris
Zotu2114,0,5,1,0,0,0,0,2,bacteria,acidobacteriota,vicinamibacteria,vicinamibacterales,vicinamibacteraceae,luteitalea,luteitalea pratensis
Zotu2115,0,0,0,0,0,0,0,0,bacteria,bacteroidota,cytophagia,cytophagales,hymenobacteraceae,adhaeribacter,adhaeribacter aerophilus
Zotu2116,0,0,0,1,1,0,0,17,bacteria,actinomycetota,actinomycetes,geodermatophilales,geodermatophilaceae,blastococcus,blastococcus aggregatus
Zotu2117,0,0,0,76,0,0,0,0,bacteria,actinomycetota,thermoleophilia,solirubrobacterales,baekduiaceae,baekduia,baekduia soli
Zotu2118,0,0,0,0,0,0,0,0,bacteria,chloroflexota,chloroflexia,kallotenuales,kallotenuaceae,kallotenue,kallotenue papyrolyticum
Zotu2119,0,0,0,0,0,0,0,0,bacteria,planctomycetota,planctomycetia,pirellulales,lacipirellulaceae,pirellulimonas,pirellulimonas nuda
Zotu2120,6,0,1,1,0,90,22,0,bacteria,planctomycetota,planctomycetia,gemmatales,gemmataceae,zavarzinella,zavarzinella formosa
Zotu2122,14,7,24,2,0,17,1,0,bacteria,bacillota,clostridia,eubacteriales,syntrophomonadaceae,syntrophothermus,syntrophothermus lipocalidus
Zotu2123,4,1,1,0,0,1,1,0,bacteria,actinomycetota,rubrobacteria,rubrobacterales,rubrobacteraceae,rubrobacter,rubrobacter tropicus
Zotu2124,0,0,0,0,0,1,0,3,bacteria,bacteroidota,cytophagia,cytophagales,spirosomataceae,telluribacter,telluribacter humicola
Zotu2125,0,0,0,0,0,0,0,1,bacteria,planctomycetota,planctomycetia,pirellulales,pirellulaceae,roseimaritima,roseimaritima multifibrata
Zotu2126,1,0,1,1,0,74,21,0,bacteria,bacillota,clostridia,christensenellales,christensenellaceae,guopingia,guopingia tenuis
Zotu2127,0,2,1,1,0,2,0,0,bacteria,bacillota,bacilli,bacillales,paenibacillaceae,paenibacillus,paenibacillus antri
Zotu2128,0,1,0,1,1,6,0,0,bacteria,pseudomonadota,alphaproteobacteria,caulobacterales,caulobacteraceae,phenylobacterium,phenylobacterium lituiforme
Zotu2129,0,0,0,0,0,0,0,0,archaea,methanobacteriota,halobacteria,halobacteriales,halobacteriaceae,halalkalicoccus,halalkalicoccus paucihalophilus
Zotu2130,61,41,3,1,1,1,1,0,bacteria,acidobacteriota,vicinamibacteria,vicinamibacterales,vicinamibacteraceae,luteitalea,luteitalea pratensis
Zotu2131,0,0,0,0,0,0,0,0,bacteria,actinomycetota,thermoleophilia,solirubrobacterales,capillimicrobiaceae,capillimicrobium,capillimicrobium parvum
Zotu2132,1,0,0,0,0,0,0,6,bacteria,actinomycetota,actinomycetes,pseudonocardiales,pseudonocardiaceae,pseudonocardia,pseudonocardia saturnea
Zotu2133,0,0,0,0,0,0,0,0,bacteria,acidobacteriota,acidobacteriia,acidobacteriales,acidobacteriaceae,edaphobacter,edaphobacter modestum
Zotu2134,0,0,0,2,1,1,0,1,bacteria,gemmatimonadota,gemmatimonadetes,gemmatimonadales,gemmatimonadaceae,gemmatimonas,gemmatimonas phototrophica
Zotu2135,105,4,0,1,0,0,0,3,bacteria,planctomycetota,phycisphaerae,tepidisphaerales,tepidisphaeraceae,tepidisphaera,tepidisphaera mucosa
Zotu2136,0,0,0,0,0,0,0,0,bacteria,planctomycetota,planctomycetia,pirellulales,thermoguttaceae,thermogutta,thermogutta terrifontis
Zotu2137,0,0,0,1,0,0,1,0,bacteria,bacteroidota,chitinophagia,chitinophagales,chitinophagaceae,parasegetibacter,parasegetibacter terrae
Zotu2138,0,1,1,0,1,0,0,0,bacteria,verrucomicrobiota,verrucomicrobiae,verrucomicrobiales,verrucomicrobia subdivision 3,pedosphaera,pedosphaera parvula
Zotu2139,1,0,0,0,0,0,0,1,bacteria,actinomycetota,actinomycetes,nakamurellales,nakamurellaceae,nakamurella,nakamurella endophytica
Zotu2140,83,33,12,0,0,0,1,2,bacteria,gemmatimonadota,gemmatimonadetes,gemmatimonadales,gemmatimonadaceae,gemmatimonas,gemmatimonas phototrophica
Zotu2141,62,49,2,0,0,0,0,0,archaea,methanobacteriota,thermoplasmata,methanomassiliicoccales,methanomassiliicoccaceae,methanomassiliicoccus,candidatus methanomassiliicoccus intestinalis
Zotu2142,7,2,0,0,38,0,1,0,bacteria,actinomycetota,thermoleophilia,solirubrobacterales,solirubrobacteraceae,solirubrobacter,solirubrobacter ginsenosidimutans
Zotu2143,0,1,1,0,0,0,0,7,bacteria,pseudomonadota,alphaproteobacteria,rhodospirillales,dongiaceae,aliidongia,aliidongia dinghuensis
Zotu2144,2,3,4,0,20,20,6,1,bacteria,actinomycetota,thermoleophilia,solirubrobacterales,baekduiaceae,baekduia,baekduia soli
Zotu2145,0,0,0,1,0,0,0,0,bacteria,actinomycetota,acidimicrobiia,acidimicrobiales,acidimicrobiaceae,acidithrix,acidithrix ferrooxidans
Zotu2146,0,1,0,1,0,29,0,0,bacteria,verrucomicrobiota,verrucomicrobiae,limisphaerales,fontisphaeraceae,fontisphaera,fontisphaera persica
Zotu2147,0,1,0,0,0,0,0,0,bacteria,planctomycetota,planctomycetia,gemmatales,gemmataceae,urbifossiella,urbifossiella limnaea
Zotu2148,2,27,12,107,0,0,0,0,archaea,methanobacteriota,euryarchaeota,euryarchaeota,euryarchaeota,aciduliprofundum,aciduliprofundum boonei
Zotu2149,1,1,13,0,2,30,9,0,bacteria,actinomycetota,thermoleophilia,solirubrobacterales,solirubrobacteraceae,solirubrobacter,solirubrobacter phytolaccae
Zotu2150,4,2,0,2,0,55,13,0,bacteria,planctomycetota,planctomycetia,pirellulales,pirellulaceae,candidatus anammoximicrobium,candidatus anammoximicrobium moscowii
Zotu2151,0,0,0,0,0,0,0,0,bacteria,pseudomonadota,gammaproteobacteria,nevskiales,nevskiaceae,panacagrimonas,panacagrimonas perspica
Zotu2152,0,0,0,1,0,0,0,0,bacteria,chloroflexota,anaerolineae,anaerolineales,anaerolineaceae,ornatilinea,ornatilinea apprima
Zotu2153,1,0,0,2,12,67,5,0,bacteria,gemmatimonadota,gemmatimonadetes,gemmatimonadales,gemmatimonadaceae,roseisolibacter,roseisolibacter agri
Zotu2154,6,32,0,0,15,2,2,3,bacteria,actinomycetota,rubrobacteria,rubrobacterales,rubrobacteraceae,rubrobacter,rubrobacter radiotolerans
Zotu2155,1,1,1,0,0,1,23,13,archaea,methanobacteriota,thermoplasmata,methanomassiliicoccales,methanomassiliicoccaceae,methanomassiliicoccus,candidatus methanomassiliicoccus intestinalis
Zotu2156,0,0,0,0,0,0,0,0,bacteria,bacillota,clostridia,eubacteriales,clostridiales family xvii. incertae sedis,thermaerobacter,thermaerobacter composti
Zotu2157,0,0,0,3,0,1,1,1,bacteria,actinomycetota,actinomycetes,streptosporangiales,streptosporangiaceae,planomonospora,planomonospora venezuelensis
Zotu2158,0,2,1,0,0,0,0,0,bacteria,actinomycetota,acidimicrobiia,acidimicrobiales,iamiaceae,actinomarinicola,actinomarinicola tropica
Zotu2159,0,0,0,0,0,0,0,7,bacteria,pseudomonadota,gammaproteobacteria,pseudomonadales,pseudomonadaceae,pseudomonas,pseudomonas luteola
Zotu2160,0,0,0,0,0,0,0,0,bacteria,abditibacteriota,abditibacteriia,abditibacteriales,abditibacteriaceae,abditibacterium,abditibacterium utsteinense
Zotu2161,2,0,1,2,1,0,1,0,bacteria,pseudomonadota,alphaproteobacteria,rhodospirillales,acetobacteraceae,roseomonas,roseomonas nepalensis
Zotu2162,0,2,0,0,0,0,4,1,bacteria,gemmatimonadota,gemmatimonadetes,gemmatimonadales,gemmatimonadaceae,roseisolibacter,roseisolibacter agri
Zotu2163,10,0,24,73,0,0,0,0,bacteria,gemmatimonadota,longimicrobiia,longimicrobiales,longimicrobiaceae,longimicrobium,longimicrobium terrae
Zotu2164,0,0,0,0,0,0,0,0,bacteria,thermodesulfobacteriota,desulfuromonadia,desulfuromonadales,desulfuromonadaceae,pelobacter,pelobacter propionicus
Zotu2165,0,1,1,0,1,13,5,1,bacteria,actinomycetota,thermoleophilia,solirubrobacterales,parviterribacteraceae,parviterribacter,parviterribacter kavangonensis
Zotu2166,2,0,0,0,1,59,0,0,bacteria,verrucomicrobiota,verrucomicrobiae,verrucomicrobiales,verrucomicrobia subdivision 3,pedosphaera,pedosphaera parvula
Zotu2167,0,2,0,0,0,9,87,2,bacteria,acidobacteriota,blastocatellia,blastocatellales,blastocatellaceae,stenotrophobacter,stenotrophobacter terrae
Zotu2168,0,0,0,0,0,0,0,0,bacteria,actinomycetota,nitriliruptoria,euzebyales,euzebyaceae,euzebya,euzebya tangerina
Zotu2169,0,0,0,0,0,0,0,1,bacteria,acidobacteriota,terriglobia,bryobacterales,bryobacteraceae,bryobacter,bryobacter aggregatus
Zotu2170,0,1,1,0,2,7,55,1,bacteria,bacillota,clostridia,eubacteriales,syntrophomonadaceae,syntrophothermus,syntrophothermus lipocalidus
Zotu2171,0,0,0,0,14,0,0,0,bacteria,actinomycetota,thermoleophilia,solirubrobacterales,parviterribacteraceae,parviterribacter,parviterribacter multiflagellatus
Zotu2172,0,1,0,0,0,0,3,0,bacteria,bacillota,clostridia,eubacteriales,clostridiaceae,clostridium,clostridium cylindrosporum
Zotu2173,0,0,0,0,0,0,0,0,bacteria,bacteroidota,chitinophagia,chitinophagales,chitinophagaceae,paracnuella,paracnuella aquatica
Zotu2174,0,0,0,0,0,1,44,26,bacteria,pseudomonadota,alphaproteobacteria,hyphomicrobiales,afifellaceae,afifella,afifella pfennigii
Zotu2175,21,18,71,1,1,0,0,0,bacteria,verrucomicrobiota,verrucomicrobiae,verrucomicrobiales,verrucomicrobia subdivision 3,pedosphaera,pedosphaera parvula
Zotu2176,33,14,37,0,1,26,0,0,bacteria,planctomycetota,planctomycetia,pirellulales,lacipirellulaceae,pirellulimonas,pirellulimonas nuda
Zotu2177,1,0,0,0,48,1,26,23,bacteria,pseudomonadota,alphaproteobacteria,hyphomicrobiales,chelatococcaceae,chelatococcus,chelatococcus daeguensis
Zotu2178,0,1,0,0,0,0,0,0,bacteria,pseudomonadota,alphaproteobacteria,sphingomonadales,sphingomonadaceae,novosphingobium,novosphingobium ginsenosidimutans
Zotu2179,0,0,0,0,0,0,0,0,bacteria,pseudomonadota,alphaproteobacteria,hyphomicrobiales,methylobacteriaceae,enterovirga,enterovirga rhinocerotis
Zotu2180,0,0,0,0,0,0,0,0,archaea,methanobacteriota,halobacteria,halobacteriales,halobacteriaceae,haloquadratum,haloquadratum walsbyi
Zotu2181,2,1,0,0,0,0,71,29,bacteria,bacteroidota,chitinophagia,chitinophagales,chitinophagaceae,flavisolibacter,flavisolibacter metallilatus
Zotu2182,0,0,0,0,10,2,0,3,bacteria,chloroflexota,chloroflexota,chloroflexota,chloroflexota,thermobaculum,thermobaculum terrenum
Zotu2183,0,0,1,0,1,0,0,0,bacteria,actinomycetota,actinomycetes,micrococcales,microbacteriaceae,agromyces,agromyces iriomotensis
Zotu2184,0,21,0,0,0,0,0,0,archaea,methanobacteriota,thermococci,thermococcales,thermococcaceae,palaeococcus,palaeococcus pacificus
Zotu2185,1,0,1,0,0,3,1,1,bacteria,thermodesulfobacteriota,syntrophobacteria,syntrophobacterales,syntrophobacteraceae,desulfoferrobacter,desulfoferrobacter suflitae
Zotu2186,52,13,8,0,18,0,11,2,bacteria,bacillota,clostridia,thermosediminibacterales,thermosediminibacteraceae,fervidicola,fervidicola ferrireducens
Zotu2187,1,0,0,1,0,0,9,24,bacteria,pseudomonadota,betaproteobacteria,burkholderiales,oxalobacteraceae,noviherbaspirillum,noviherbaspirillum suwonense
Zotu2188,0,0,0,0,1,0,0,15,bacteria,pseudomonadota,alphaproteobacteria,sphingomonadales,sphingosinicellaceae,sphingosinicella,sphingosinicella humi
Zotu2189,1,0,1,0,3,62,0,10,archaea,methanobacteriota,thermoplasmata,methanomassiliicoccales,methanomassiliicoccaceae,methanomassiliicoccus,candidatus methanomassiliicoccus intestinalis
Zotu2190,0,0,0,0,4,1,0,2,bacteria,actinomycetota,actinomycetes,micromonosporales,micromonosporaceae,micromonospora,micromonospora olivasterospora
Zotu2191,26,23,51,1,0,20,1,0,bacteria,acidobacteriota,vicinamibacteria,vicinamibacterales,vicinamibacteraceae,luteitalea,luteitalea pratensis
Zotu2192,31,2,18,0,9,3,1,0,bacteria,actinomycetota,rubrobacteria,rubrobacterales,rubrobacteraceae,rubrobacter,rubrobacter naiadicus
Zotu2193,0,0,0,0,0,0,0,0,bacteria,chloroflexota,anaerolineae,anaerolineales,anaerolineaceae,thermanaerothrix,thermanaerothrix daxensis
Zotu2195,1,0,15,2,15,26,23,0,bacteria,actinomycetota,acidimicrobiia,acidimicrobiales,acidimicrobiaceae,aciditerrimonas,aciditerrimonas ferrireducens
Zotu2196,1,1,0,0,0,3,9,0,bacteria,actinomycetota,thermoleophilia,solirubrobacterales,baekduiaceae,baekduia,baekduia soli
Zotu2197,6,0,0,0,0,0,0,0,archaea,methanobacteriota,thermoplasmata,methanomassiliicoccales,methanomassiliicoccaceae,methanomassiliicoccus,candidatus methanomassiliicoccus intestinalis
Zotu2198,1,0,0,0,0,0,1,0,bacteria,actinomycetota,thermoleophilia,solirubrobacterales,solirubrobacteraceae,solirubrobacter,solirubrobacter phytolaccae
Zotu2199,0,0,0,0,0,0,0,0,bacteria,pseudomonadota,alphaproteobacteria,caulobacterales,caulobacteraceae,brevundimonas,brevundimonas bacteroides
Zotu2200,0,0,0,0,0,0,0,0,bacteria,bacteroidota,cytophagia,cytophagales,fulvivirgaceae,ohtaekwangia,ohtaekwangia koreensis
Zotu2201,0,0,0,1,0,0,0,43,bacteria,bacteroidota,sphingobacteriia,sphingobacteriales,sphingobacteriaceae,hufsiella,hufsiella arboris
Zotu2202,0,0,0,1,0,0,0,0,bacteria,pseudomonadota,alphaproteobacteria,rhodospirillales,acetobacteraceae,craurococcus,craurococcus roseus
Zotu2203,0,0,0,0,0,55,2,0,bacteria,verrucomicrobiota,verrucomicrobiae,verrucomicrobiales,verrucomicrobia subdivision 3,pedosphaera,pedosphaera parvula
Zotu2204,0,0,0,0,0,0,0,3,bacteria,bacteroidota,cytophagia,cytophagales,hymenobacteraceae,rufibacter,rufibacter tibetensis
Zotu2205,0,0,0,0,0,1,0,0,bacteria,chlamydiota,chlamydiia,parachlamydiales,parachlamydiaceae,protochlamydia,candidatus protochlamydia naegleriophila
Zotu2206,0,0,1,72,0,0,1,1,bacteria,actinomycetota,thermoleophilia,solirubrobacterales,paraconexibacteraceae,paraconexibacter,paraconexibacter algicola
Zotu2208,3,0,1,0,0,0,0,0,bacteria,myxococcota,myxococcota,polyangiales,labilitrichaceae,labilithrix,labilithrix luteola
Zotu2209,0,0,0,0,0,0,0,0,bacteria,pseudomonadota,alphaproteobacteria,rickettsiales,rickettsiaceae,rickettsia,rickettsia canadensis
Zotu2210,1,0,0,0,0,0,0,0,archaea,methanobacteriota,thermoplasmata,methanomassiliicoccales,methanomassiliicoccaceae,methanomassiliicoccus,methanomassiliicoccus luminyensis
Zotu2211,1,0,1,0,0,0,0,2,bacteria,verrucomicrobiota,verrucomicrobiae,verrucomicrobiales,verrucomicrobia subdivision 3,pedosphaera,pedosphaera parvula
Zotu2212,25,43,0,0,0,1,0,1,archaea,methanobacteriota,thermoplasmata,methanomassiliicoccales,methanomassiliicoccaceae,methanomassiliicoccus,candidatus methanomassiliicoccus intestinalis
Zotu2213,0,0,1,0,0,0,0,5,bacteria,actinomycetota,thermoleophilia,solirubrobacterales,conexibacteraceae,conexibacter,conexibacter arvalis
Zotu2214,0,0,0,0,0,0,0,0,bacteria,bacteroidota,chitinophagia,chitinophagales,chitinophagaceae,flavisolibacter,flavisolibacter galbus
Zotu2215,0,0,1,0,0,43,0,1,bacteria,verrucomicrobiota,verrucomicrobiae,verrucomicrobiales,verrucomicrobia subdivision 3,pedosphaera,pedosphaera parvula
Zotu2216,0,0,0,0,0,0,0,0,bacteria,bacillota,clostridia,eubacteriales,eubacteriales,neofamilia,neofamilia massiliensis
Zotu2217,0,0,0,0,0,0,1,0,bacteria,bacillota,clostridia,eubacteriales,symbiobacteriaceae,symbiobacterium,symbiobacterium turbinis
Zotu2218,2,6,0,81,7,1,0,0,bacteria,acidobacteriota,vicinamibacteria,vicinamibacterales,vicinamibacteraceae,luteitalea,luteitalea pratensis
Zotu2219,0,0,1,0,0,1,0,2,bacteria,actinomycetota,actinomycetes,motilibacterales,vallicoccaceae,vallicoccus,vallicoccus soli
Zotu2220,0,0,0,0,0,0,0,0,bacteria,pseudomonadota,alphaproteobacteria,rhodospirillales,azospirillaceae,skermanella,skermanella aerolata
Zotu2221,0,0,0,0,0,0,0,1,bacteria,pseudomonadota,alphaproteobacteria,hyphomicrobiales,methylobacteriaceae,methylobacterium,methylobacterium iners
Zotu2222,0,3,82,0,0,1,0,1,bacteria,planctomycetota,planctomycetia,isosphaerales,isosphaeraceae,singulisphaera,singulisphaera rosea
Zotu2223,0,0,0,0,0,0,0,0,bacteria,bacillota,bacilli,lactobacillales,enterococcaceae,enterococcus,enterococcus cecorum
Zotu2224,0,0,0,0,0,0,0,2,bacteria,pseudomonadota,alphaproteobacteria,sphingomonadales,sphingomonadaceae,sphingomonas,sphingomonas rhizophila
Zotu2225,26,33,74,0,0,0,1,2,bacteria,acidobacteriota,vicinamibacteria,vicinamibacterales,vicinamibacteraceae,vicinamibacter,vicinamibacter silvestris
Zotu2226,0,0,0,2,1,0,0,0,bacteria,rhodothermota,rhodothermia,rhodothermales,rhodothermaceae,rhodocaloribacter,rhodocaloribacter litoris
Zotu2227,0,0,0,0,0,0,0,0,bacteria,actinomycetota,thermoleophilia,solirubrobacterales,conexibacteraceae,conexibacter,conexibacter woesei
Zotu2228,0,0,0,0,0,0,0,0,bacteria,bacillota,clostridia,thermosediminibacterales,thermosediminibacteraceae,fervidicola,fervidicola ferrireducens
Zotu2229,12,16,32,0,8,14,0,1,bacteria,thermomicrobiota,thermomicrobia,sphaerobacterales,sphaerobacteraceae,sphaerobacter,sphaerobacter thermophilus
Zotu2230,1,1,31,0,23,46,1,2,bacteria,actinomycetota,thermoleophilia,solirubrobacterales,baekduiaceae,baekduia,baekduia soli
Zotu2231,0,0,0,0,0,2,1,4,bacteria,pseudomonadota,alphaproteobacteria,rhodobacterales,paracoccaceae,paracoccus,paracoccus rhizosphaerae
Zotu2232,0,0,0,0,0,0,0,0,bacteria,actinomycetota,acidimicrobiia,acidimicrobiales,iamiaceae,iamia,iamia majanohamensis
Zotu2233,1,0,3,0,0,1,1,1,bacteria,pseudomonadota,alphaproteobacteria,rhodobacterales,paracoccaceae,paracoccus,paracoccus angustae
Zotu2234,0,0,0,0,0,0,1,0,bacteria,bacteroidota,chitinophagia,chitinophagales,chitinophagaceae,niastella,niastella populi
Zotu2235,1,1,1,0,0,0,0,13,bacteria,pseudomonadota,betaproteobacteria,burkholderiales,oxalobacteraceae,noviherbaspirillum,noviherbaspirillum suwonense
Zotu2236,1,0,1,0,2,1,0,7,bacteria,actinomycetota,acidimicrobiia,acidimicrobiales,acidimicrobiaceae,aciditerrimonas,aciditerrimonas ferrireducens
Zotu2237,0,0,0,0,0,0,0,0,bacteria,pseudomonadota,alphaproteobacteria,caulobacterales,caulobacteraceae,phenylobacterium,phenylobacterium immobile
Zotu2238,0,0,0,0,0,0,0,0,bacteria,bacillota,bacilli,bacillales,bacillaceae,calditerricola,calditerricola yamamurae
Zotu2239,0,0,0,0,0,0,0,0,bacteria,pseudomonadota,alphaproteobacteria,sphingomonadales,sphingomonadaceae,sphingomonas,sphingomonas segetis
Zotu2240,19,36,1,0,27,0,18,0,bacteria,chloroflexota,caldilineae,caldilineales,caldilineaceae,litorilinea,litorilinea aerophila
Zotu2241,17,19,68,0,0,0,0,1,bacteria,verrucomicrobiota,verrucomicrobiae,limisphaerales,fontisphaeraceae,fontisphaera,fontisphaera persica
Zotu2243,0,0,0,0,0,0,0,0,archaea,nitrososphaerota,nitrososphaeria,nitrososphaerales,nitrososphaeraceae,candidatus nitrososphaera,candidatus nitrososphaera
Zotu2244,0,0,0,0,0,0,0,0,bacteria,myxococcota,myxococcia,myxococcales,myxococcaceae,simulacricoccus,simulacricoccus ruber
Zotu2245,0,0,0,0,0,1,0,4,bacteria,bacteroidota,cytophagia,cytophagales,hymenobacteraceae,adhaeribacter,adhaeribacter aquaticus
Zotu2246,0,0,1,1,0,0,0,0,bacteria,gemmatimonadota,longimicrobiia,longimicrobiales,longimicrobiaceae,longimicrobium,longimicrobium terrae
Zotu2247,0,0,1,0,0,0,0,0,bacteria,gemmatimonadota,longimicrobiia,longimicrobiales,longimicrobiaceae,longimicrobium,longimicrobium terrae
Zotu2248,1,0,0,0,0,3,0,13,bacteria,actinomycetota,actinomycetes,geodermatophilales,geodermatophilaceae,trujillonella,trujillella endophytica
Zotu2249,0,0,0,0,1,0,0,0,bacteria,pseudomonadota,gammaproteobacteria,methylococcales,methylococcaceae,methylogaea,methylogaea oryzae
Zotu2250,2,0,1,49,6,6,4,1,bacteria,actinomycetota,thermoleophilia,solirubrobacterales,baekduiaceae,baekduia,baekduia soli
Zotu2251,4,5,1,0,7,23,0,1,bacteria,bacillota,clostridia,eubacteriales,thermincolaceae,thermincola,thermincola ferriacetica
Zotu2252,0,0,0,0,0,0,0,0,bacteria,pseudomonadota,gammaproteobacteria,enterobacterales,enterobacteriaceae,enterobacter,enterobacter hormaechei
Zotu2253,1,3,0,0,0,0,1,0,bacteria,actinomycetota,thermoleophilia,solirubrobacterales,solirubrobacteraceae,solirubrobacter,solirubrobacter phytolaccae
Zotu2254,1,0,0,0,0,0,0,0,bacteria,pseudomonadota,alphaproteobacteria,sphingomonadales,sphingomonadaceae,sphingomonas,sphingomonas arenae
Zotu2255,9,0,0,41,13,14,22,10,bacteria,chloroflexota,chloroflexota,chloroflexota,chloroflexota,thermobaculum,thermobaculum terrenum
Zotu2256,0,0,0,0,0,0,0,0,bacteria,actinomycetota,thermoleophilia,solirubrobacterales,parviterribacteraceae,parviterribacter,parviterribacter kavangonensis
Zotu2257,0,0,0,0,0,0,0,0,bacteria,actinomycetota,thermoleophilia,solirubrobacterales,conexibacteraceae,conexibacter,conexibacter arvalis
Zotu2258,0,0,0,0,0,0,0,0,bacteria,pseudomonadota,alphaproteobacteria,rhodospirillales,azospirillaceae,indioceanicola,indioceanicola profundi
Zotu2259,0,0,0,0,0,1,1,0,bacteria,thermodesulfobacteriota,syntrophobacteria,syntrophobacterales,syntrophobacteraceae,desulfoglaeba,desulfoglaeba alkanexedens
Zotu2260,0,0,2,1,0,1,3,6,bacteria,actinomycetota,actinomycetes,streptosporangiales,nocardiopsaceae,nocardiopsis,nocardiopsis alba
Zotu2261,0,0,0,0,1,0,0,0,bacteria,actinomycetota,actinomycetes,kineosporiales,kineosporiaceae,kineococcus,kineococcus xinjiangensis
Zotu2262,0,0,0,0,0,0,0,0,bacteria,actinomycetota,acidimicrobiia,acidimicrobiales,acidimicrobiaceae,aciditerrimonas,aciditerrimonas ferrireducens
Zotu2263,0,0,2,47,13,30,3,0,bacteria,gemmatimonadota,longimicrobiia,longimicrobiales,longimicrobiaceae,longimicrobium,longimicrobium terrae
Zotu2264,0,0,0,1,0,1,0,0,bacteria,pseudomonadota,alphaproteobacteria,caulobacterales,caulobacteraceae,caulobacter,caulobacter vibrioides
Zotu2265,0,127,9,0,0,0,0,0,archaea,methanobacteriota,thermoplasmata,methanomassiliicoccales,methanomassiliicoccaceae,methanomassiliicoccus,candidatus methanomassiliicoccus intestinalis
Zotu2266,0,0,0,0,0,0,0,0,bacteria,bacteroidota,chitinophagia,chitinophagales,chitinophagaceae,sediminibacterium,sediminibacterium goheungense
Zotu2267,0,0,0,0,0,0,1,0,bacteria,actinomycetota,rubrobacteria,rubrobacterales,rubrobacteraceae,rubrobacter,rubrobacter xylanophilus
Zotu2268,12,5,8,46,2,2,11,11,bacteria,actinomycetota,rubrobacteria,gaiellales,gaiellaceae,gaiella,gaiella occulta
Zotu2269,2,0,3,23,18,11,20,0,bacteria,actinomycetota,rubrobacteria,rubrobacterales,rubrobacteraceae,rubrobacter,rubrobacter radiotolerans
Zotu2270,0,8,0,0,0,0,0,0,bacteria,thermodesulfobacteriota,desulfuromonadia,desulfuromonadales,geoalkalibacteraceae,geoalkalibacter,geoalkalibacter ferrihydriticus
Zotu2271,0,1,0,0,0,1,0,2,bacteria,bacillota,bacilli,bacillales,planococcaceae,ureibacillus,ureibacillus thermosphaericus
Zotu2272,8,18,0,0,100,0,0,0,bacteria,planctomycetota,planctomycetia,pirellulales,lacipirellulaceae,lacipirellula,lacipirellula limnantheis
Zotu2273,2,6,0,0,0,0,1,0,bacteria,verrucomicrobiota,verrucomicrobiae,verrucomicrobiales,verrucomicrobia subdivision 3,pedosphaera,pedosphaera parvula
Zotu2274,0,0,0,0,1,1,1,4,bacteria,actinomycetota,thermoleophilia,solirubrobacterales,conexibacteraceae,conexibacter,conexibacter stalactiti
Zotu2275,0,0,0,1,0,0,0,18,bacteria,bacteroidota,cytophagia,cytophagales,hymenobacteraceae,adhaeribacter,adhaeribacter rhizoryzae
Zotu2276,1,1,0,0,0,1,0,8,bacteria,actinomycetota,actinomycetes,frankiales,frankiaceae,parafrankia,parafrankia discariae
Zotu2277,0,0,0,0,0,1,0,0,bacteria,planctomycetota,planctomycetia,pirellulales,pirellulaceae,pirellula,pirellula staleyi
Zotu2279,14,30,0,0,0,0,1,2,bacteria,verrucomicrobiota,verrucomicrobiae,verrucomicrobiales,verrucomicrobia subdivision 3,pedosphaera,pedosphaera parvula
Zotu2280,5,15,39,1,19,4,0,1,bacteria,bacillota,clostridia,eubacteriales,syntrophomonadaceae,syntrophothermus,syntrophothermus lipocalidus
Zotu2281,0,2,1,1,0,0,0,1,bacteria,bacillota,clostridia,eubacteriales,clostridiaceae,youngiibacter,youngiibacter multivorans
Zotu2282,1,5,0,0,0,3,0,0,bacteria,actinomycetota,rubrobacteria,rubrobacterales,rubrobacteraceae,rubrobacter,rubrobacter xylanophilus
Zotu2283,0,0,0,1,8,4,0,0,bacteria,bacillota,bacilli,bacillales,bacillales family x. incertae sedis,brockia,brockia lithotrophica
Zotu2284,0,0,0,0,1,0,0,6,bacteria,actinomycetota,actinomycetes,micrococcales,microbacteriaceae,protaetiibacter,protaetiibacter intestinalis
Zotu2286,0,1,0,0,0,0,2,5,bacteria,pseudomonadota,betaproteobacteria,burkholderiales,oxalobacteraceae,noviherbaspirillum,noviherbaspirillum autotrophicum
Zotu2287,0,0,0,1,0,0,0,1,bacteria,pseudomonadota,betaproteobacteria,nitrosomonadales,sterolibacteriaceae,methyloversatilis,methyloversatilis thermotolerans
Zotu2288,0,1,0,0,0,0,0,0,bacteria,planctomycetota,planctomycetia,planctomycetales,planctomycetaceae,symmachiella,symmachiella dynata
Zotu2289,29,20,33,1,0,14,1,0,bacteria,chloroflexota,anaerolineae,anaerolineales,anaerolineaceae,thermanaerothrix,thermanaerothrix daxensis
Zotu2290,9,0,0,0,0,0,0,1,bacteria,planctomycetota,phycisphaerae,tepidisphaerales,tepidisphaeraceae,tepidisphaera,tepidisphaera mucosa
Zotu2291,0,0,0,155,0,0,0,0,bacteria,pseudomonadota,alphaproteobacteria,rickettsiales,anaplasmataceae,ehrlichia,ehrlichia canis
Zotu2292,0,0,1,0,0,0,0,0,bacteria,pseudomonadota,alphaproteobacteria,sphingomonadales,sphingomonadaceae,sphingomonas,sphingomonas deserti
Zotu2293,0,1,0,0,0,0,0,4,bacteria,bdellovibrionota,bacteriovoracia,bacteriovoracales,bacteriovoracaceae,peredibacter,peredibacter starrii
Zotu2294,0,0,0,73,0,4,0,0,bacteria,actinomycetota,acidimicrobiia,acidimicrobiales,acidimicrobiaceae,acidiferrimicrobium,acidiferrimicrobium australe
Zotu2295,11,0,27,1,53,0,0,0,archaea,methanobacteriota,thermococci,thermococcales,thermococcaceae,palaeococcus,palaeococcus pacificus
Zotu2296,0,0,0,1,1,0,0,0,bacteria,actinomycetota,actinomycetes,micrococcales,micrococcaceae,sinomonas,sinomonas atrocyanea
Zotu2297,0,1,0,0,79,1,0,0,bacteria,actinomycetota,actinomycetes,micromonosporales,micromonosporaceae,salinispora,salinispora tropica
Zotu2299,0,0,0,103,0,0,0,0,bacteria,planctomycetota,planctomycetia,gemmatales,gemmataceae,zavarzinella,zavarzinella formosa
Zotu2300,0,0,0,0,0,1,0,0,bacteria,actinomycetota,actinomycetes,pseudonocardiales,pseudonocardiaceae,pseudonocardia,pseudonocardia halophobica
Zotu2301,0,1,81,0,0,1,0,0,bacteria,actinomycetota,rubrobacteria,rubrobacterales,rubrobacteraceae,rubrobacter,rubrobacter taiwanensis
Zotu2302,0,1,1,0,24,5,53,0,bacteria,acidobacteriota,blastocatellia,blastocatellales,arenimicrobiaceae,arenimicrobium,arenimicrobium luteum
Zotu2303,8,0,0,0,0,0,0,0,bacteria,actinomycetota,rubrobacteria,rubrobacterales,rubrobacteraceae,rubrobacter,rubrobacter xylanophilus
Zotu2304,1,1,0,0,0,0,0,0,bacteria,pseudomonadota,alphaproteobacteria,rhodospirillales,acetobacteraceae,paeniroseomonas,paeniroseomonas fluminis
Zotu2305,10,1,2,0,0,0,3,1,bacteria,actinomycetota,acidimicrobiia,acidimicrobiales,iamiaceae,actinomarinicola,actinomarinicola tropica
Zotu2306,0,0,2,0,0,0,0,0,bacteria,thermodesulfobacteriota,desulfuromonadia,desulfuromonadales,desulfuromonadaceae,desulfuromonas,desulfuromonas acetexigens
Zotu2307,63,51,12,1,1,0,2,0,bacteria,bacillota,clostridia,eubacteriales,oscillospiraceae,ruminococcus,ruminococcus flavefaciens
Zotu2308,0,0,1,0,0,0,0,1,bacteria,planctomycetota,planctomycetia,pirellulales,pirellulaceae,anatilimnocola,anatilimnocola aggregata
Zotu2309,0,0,0,0,0,0,0,0,bacteria,verrucomicrobiota,verrucomicrobiae,limisphaerales,fontisphaeraceae,fontisphaera,fontisphaera persica
Zotu2310,0,0,0,0,0,0,0,0,bacteria,pseudomonadota,alphaproteobacteria,rhodospirillales,rhodospirillaceae,elstera,elstera cyanobacteriorum
Zotu2311,0,0,0,51,0,13,1,0,bacteria,gemmatimonadota,longimicrobiia,longimicrobiales,longimicrobiaceae,longimicrobium,longimicrobium terrae
Zotu2312,0,0,0,1,0,0,1,15,bacteria,bacillota,bacilli,bacillales,paenibacillaceae,paenibacillus,paenibacillus antri
Zotu2313,0,0,0,0,0,0,0,0,bacteria,pseudomonadota,alphaproteobacteria,sphingomonadales,sphingosinicellaceae,sphingosinicella,sphingosinicella ginsenosidimutans
Zotu2314,1,0,0,0,0,0,1,0,bacteria,verrucomicrobiota,verrucomicrobiae,verrucomicrobiales,verrucomicrobia subdivision 3,pedosphaera,pedosphaera parvula
Zotu2315,0,30,0,0,38,0,0,0,bacteria,verrucomicrobiota,verrucomicrobiae,verrucomicrobiales,verrucomicrobia subdivision 3,pedosphaera,pedosphaera parvula
Zotu2316,0,0,0,0,0,0,0,0,bacteria,pseudomonadota,alphaproteobacteria,caulobacterales,caulobacteraceae,brevundimonas,brevundimonas diminuta
Zotu2317,4,36,13,0,79,0,2,2,bacteria,acidobacteriota,vicinamibacteria,vicinamibacterales,vicinamibacteraceae,luteitalea,luteitalea pratensis
Zotu2318,0,0,0,0,0,2,1,0,bacteria,bacillota,negativicutes,veillonellales,veillonellaceae,negativicoccus,negativicoccus succinicivorans
Zotu2320,0,0,0,0,0,0,0,0,bacteria,pseudomonadota,alphaproteobacteria,rhodospirillales,azospirillaceae,nitrospirillum,azospirillum amazonense
Zotu2321,0,1,1,0,0,9,1,0,bacteria,bacillota,bacilli,bacillales,bacillaceae,calditerricola,calditerricola yamamurae
Zotu2322,0,0,1,1,0,0,49,1,bacteria,chloroflexota,chloroflexia,chloroflexales,oscillochloridaceae,oscillochloris,oscillochloris trichoides
Zotu2323,0,10,0,0,0,0,0,1,bacteria,gemmatimonadota,longimicrobiia,longimicrobiales,longimicrobiaceae,longimicrobium,longimicrobium terrae
Zotu2324,0,0,0,0,0,0,1,0,archaea,methanobacteriota,thermoplasmata,methanomassiliicoccales,methanomassiliicoccaceae,methanomassiliicoccus,candidatus methanomassiliicoccus intestinalis
Zotu2325,0,0,0,0,1,0,0,1,bacteria,actinomycetota,rubrobacteria,gaiellales,gaiellaceae,gaiella,gaiella occulta
Zotu2326,0,1,2,1,0,0,1,0,bacteria,bacteroidota,chitinophagia,chitinophagales,chitinophagaceae,lacibacter,lacibacter cauensis
Zotu2327,0,0,0,1,0,0,0,0,bacteria,pseudomonadota,alphaproteobacteria,sphingomonadales,sphingosinicellaceae,sphingosinicella,sphingosinicella flava
Zotu2328,0,0,0,0,0,0,1,10,bacteria,bacteroidota,chitinophagia,chitinophagales,chitinophagaceae,flavisolibacter,flavisolibacter galbus
Zotu2329,1,0,0,0,0,0,0,0,bacteria,chloroflexota,anaerolineae,anaerolineales,anaerolineaceae,thermanaerothrix,thermanaerothrix daxensis
Zotu2330,0,0,0,0,0,0,0,9,bacteria,pseudomonadota,alphaproteobacteria,sphingomonadales,sphingosinicellaceae,sandaracinobacter,sandaracinobacter neustonicus
Zotu2331,74,5,1,0,1,1,0,0,bacteria,acidobacteriota,vicinamibacteria,vicinamibacterales,vicinamibacteraceae,luteitalea,luteitalea pratensis
Zotu2332,0,1,1,1,0,13,5,0,bacteria,thermomicrobiota,thermomicrobia,sphaerobacterales,sphaerobacteraceae,sphaerobacter,sphaerobacter thermophilus
Zotu2333,21,11,48,0,0,1,1,0,bacteria,planctomycetota,planctomycetia,pirellulales,pirellulaceae,anatilimnocola,anatilimnocola aggregata
Zotu2334,0,0,0,0,0,0,0,0,bacteria,pseudomonadota,gammaproteobacteria,legionellales,legionellaceae,legionella,legionella fallonii
Zotu2336,2,0,0,0,0,0,0,0,bacteria,verrucomicrobiota,verrucomicrobiae,verrucomicrobiales,verrucomicrobia subdivision 3,pedosphaera,pedosphaera parvula
Zotu2337,4,20,1,65,0,0,0,0,bacteria,bacillota,clostridia,eubacteriales,peptococcaceae,phosphitispora,phosphitispora fastidiosa
Zotu2338,0,0,0,0,0,0,0,0,bacteria,gemmatimonadota,longimicrobiia,longimicrobiales,longimicrobiaceae,longimicrobium,longimicrobium terrae
Zotu2339,1,1,1,0,0,8,18,0,archaea,methanobacteriota,thermoplasmata,methanomassiliicoccales,methanomassiliicoccaceae,methanomassiliicoccus,candidatus methanomassiliicoccus intestinalis
Zotu2340,0,7,22,1,67,1,0,0,bacteria,actinomycetota,actinomycetes,streptosporangiales,streptosporangiaceae,nonomuraea,nonomuraea soli
Zotu2341,0,1,0,0,71,0,1,0,bacteria,pseudomonadota,gammaproteobacteria,oceanospirillales,oceanospirillaceae,oceanospirillum,oceanospirillum sanctuarii
Zotu2342,1,1,0,0,0,11,51,1,bacteria,pseudomonadota,betaproteobacteria,burkholderiales,burkholderiaceae,polynucleobacter,polynucleobacter cosmopolitanus
Zotu2343,8,5,20,1,21,1,1,0,bacteria,actinomycetota,rubrobacteria,rubrobacterales,rubrobacteraceae,rubrobacter,rubrobacter naiadicus
Zotu2344,0,0,0,0,0,2,0,0,bacteria,actinomycetota,acidimicrobiia,acidimicrobiales,iamiaceae,actinomarinicola,actinomarinicola tropica
Zotu2345,1,0,0,0,0,2,1,0,bacteria,actinomycetota,rubrobacteria,rubrobacterales,rubrobacteraceae,rubrobacter,rubrobacter taiwanensis
Zotu2346,1,2,0,1,0,1,0,1,bacteria,bacteroidota,chitinophagia,chitinophagales,chitinophagaceae,segetibacter,segetibacter koreensis
Zotu2347,0,1,0,0,1,1,1,4,bacteria,pseudomonadota,alphaproteobacteria,rhodobacterales,paracoccaceae,falsirhodobacter,falsirhodobacter halotolerans
Zotu2348,0,0,73,0,0,0,0,0,bacteria,planctomycetota,planctomycetia,gemmatales,gemmataceae,tuwongella,tuwongella immobilis
Zotu2349,1,0,1,0,0,1,0,71,bacteria,pseudomonadota,alphaproteobacteria,sphingomonadales,sphingomonadaceae,novosphingobium,novosphingobium pentaromativorans
Zotu2350,0,0,0,1,0,0,0,0,bacteria,gemmatimonadota,gemmatimonadetes,gemmatimonadales,gemmatimonadaceae,gemmatimonas,gemmatimonas phototrophica
Zotu2351,0,0,0,0,0,0,0,0,bacteria,actinomycetota,acidimicrobiia,acidimicrobiales,iamiaceae,actinomarinicola,actinomarinicola tropica
Zotu2352,0,0,0,0,0,0,0,10,bacteria,pseudomonadota,alphaproteobacteria,rhodospirillales,acetobacteraceae,roseomonas,roseomonas rosea
Zotu2353,0,1,0,0,0,0,0,0,bacteria,verrucomicrobiota,verrucomicrobiae,verrucomicrobiales,verrucomicrobia subdivision 3,pedosphaera,pedosphaera parvula
Zotu2354,0,0,0,0,0,0,0,14,bacteria,bacteroidota,cytophagia,cytophagales,hymenobacteraceae,adhaeribacter,adhaeribacter aquaticus
Zotu2355,0,0,0,0,0,0,0,0,bacteria,actinomycetota,nitriliruptoria,nitriliruptorales,nitriliruptoraceae,nitriliruptor,nitriliruptor alkaliphilus
Zotu2356,7,1,0,0,25,33,6,0,bacteria,actinomycetota,thermoleophilia,thermoleophilales,thermoleophilaceae,thermoleophilum,thermoleophilum album
Zotu2357,0,0,0,0,0,0,0,1,bacteria,actinomycetota,actinomycetes,micromonosporales,micromonosporaceae,actinoplanes,actinoplanes globisporus
Zotu2358,0,0,0,0,0,0,11,0,bacteria,actinomycetota,thermoleophilia,solirubrobacterales,baekduiaceae,baekduia,baekduia soli
Zotu2359,0,0,0,0,1,0,1,1,bacteria,bacillota,erysipelotrichia,erysipelotrichales,erysipelotrichaceae,anaerorhabdus,anaerorhabdus furcosa
Zotu2360,2,3,0,1,0,1,56,42,bacteria,bacteroidota,chitinophagia,chitinophagales,chitinophagaceae,flavisolibacter,flavisolibacter metallilatus
Zotu2361,0,0,0,0,0,1,1,0,bacteria,chloroflexota,chloroflexia,chloroflexales,roseiflexaceae,kouleothrix,kouleothrix aurantiaca
Zotu2362,0,0,0,0,0,0,0,0,bacteria,actinomycetota,rubrobacteria,rubrobacterales,rubrobacteraceae,rubrobacter,rubrobacter naiadicus
Zotu2364,0,0,0,0,0,0,0,0,bacteria,gemmatimonadota,gemmatimonadetes,gemmatimonadales,gemmatimonadaceae,gemmatimonas,gemmatimonas aurantiaca
Zotu2365,0,0,0,0,0,0,0,0,bacteria,actinomycetota,rubrobacteria,rubrobacterales,rubrobacteraceae,rubrobacter,rubrobacter naiadicus
Zotu2366,1,0,0,1,0,12,3,11,bacteria,actinomycetota,thermoleophilia,solirubrobacterales,baekduiaceae,baekduia,baekduia soli
Zotu2367,0,1,0,0,0,0,0,1,bacteria,actinomycetota,actinomycetes,frankiales,frankiaceae,pseudofrankia,pseudofrankia inefficax
Zotu2368,1,0,0,0,0,0,0,0,bacteria,planctomycetota,planctomycetia,gemmatales,gemmataceae,zavarzinella,zavarzinella formosa
Zotu2369,0,2,1,0,1,33,1,0,bacteria,verrucomicrobiota,verrucomicrobiae,verrucomicrobiales,verrucomicrobia subdivision 3,pedosphaera,pedosphaera parvula
Zotu2370,0,11,12,0,1,1,0,0,archaea,methanobacteriota,thermoplasmata,methanomassiliicoccales,methanomassiliicoccaceae,methanomassiliicoccus,candidatus methanomassiliicoccus intestinalis
Zotu2371,1,0,0,69,0,3,4,17,bacteria,actinomycetota,thermoleophilia,solirubrobacterales,conexibacteraceae,conexibacter,conexibacter stalactiti
Zotu2372,12,15,15,1,10,3,12,1,bacteria,bacillota,clostridia,thermosediminibacterales,thermosediminibacteraceae,fervidicola,fervidicola ferrireducens
Zotu2373,0,0,0,1,1,0,2,0,bacteria,actinomycetota,actinomycetes,mycobacteriales,corynebacteriaceae,corynebacterium,corynebacterium appendicis
Zotu2374,0,0,0,0,0,107,0,0,bacteria,bacillota,tissierellia,tissierellales,tissierellaceae,tissierella,tissierella simiarum
Zotu2375,0,0,0,0,45,1,13,10,bacteria,actinomycetota,actinomycetes,nakamurellales,nakamurellaceae,nakamurella,nakamurella panacisegetis
Zotu2376,0,1,1,1,2,41,1,0,archaea,methanobacteriota,thermoplasmata,methanomassiliicoccales,methanomassiliicoccaceae,methanomassiliicoccus,candidatus methanomassiliicoccus intestinalis
Zotu2377,0,0,1,1,1,0,0,1,bacteria,acidobacteriota,blastocatellia,blastocatellales,blastocatellaceae,aridibacter,aridibacter famidurans
Zotu2378,5,0,0,0,0,0,0,0,bacteria,verrucomicrobiota,verrucomicrobiae,verrucomicrobiales,verrucomicrobia subdivision 3,pedosphaera,pedosphaera parvula
Zotu2379,0,0,1,0,0,2,0,0,bacteria,gemmatimonadota,longimicrobiia,longimicrobiales,longimicrobiaceae,longimicrobium,longimicrobium terrae
Zotu2380,1,0,0,1,0,0,0,11,bacteria,bacillota,bacilli,bacillales,bacillaceae,caldalkalibacillus,caldalkalibacillus mannanilyticus
Zotu2381,0,0,1,0,0,0,0,1,bacteria,pseudomonadota,alphaproteobacteria,rhodospirillales,acetobacteraceae,paeniroseomonas,paeniroseomonas aquatica
Zotu2382,0,0,0,0,0,0,0,0,bacteria,bacteroidota,flavobacteriia,flavobacteriales,crocinitomicaceae,wandonia,wandonia haliotis
Zotu2383,40,1,62,0,0,1,31,0,archaea,methanobacteriota,thermoplasmata,methanomassiliicoccales,methanomassiliicoccaceae,methanomassiliicoccus,candidatus methanomassiliicoccus intestinalis
Zotu2384,0,60,1,2,1,15,1,0,bacteria,chloroflexota,caldilineae,caldilineales,caldilineaceae,litorilinea,litorilinea aerophila
Zotu2385,0,0,0,0,0,0,0,0,bacteria,actinomycetota,rubrobacteria,rubrobacterales,rubrobacteraceae,rubrobacter,rubrobacter spartanus
Zotu2387,67,0,0,0,0,0,2,0,archaea,methanobacteriota,euryarchaeota,euryarchaeota,euryarchaeota,aciduliprofundum,aciduliprofundum boonei
Zotu2388,0,1,0,1,0,1,0,1,bacteria,thermodesulfobacteriota,desulfuromonadia,geobacterales,geobacteraceae,geobacter,geobacter sulfurreducens
Zotu2389,86,0,2,0,0,1,0,0,bacteria,acidobacteriota,blastocatellia,blastocatellales,pyrinomonadaceae,pyrinomonas,pyrinomonas methylaliphatogenes
Zotu2390,1,0,0,0,0,0,0,0,bacteria,pseudomonadota,gammaproteobacteria,chromatiales,thioprofundaceae,thioprofundum,thioprofundum hispidum
Zotu2391,1,0,0,0,1,1,0,0,bacteria,actinomycetota,nitriliruptoria,egibacterales,egibacteraceae,egibacter,egibacter rhizosphaerae
Zotu2392,10,15,0,0,1,14,0,0,archaea,methanobacteriota,thermoplasmata,methanomassiliicoccales,methanomassiliicoccaceae,methanomassiliicoccus,candidatus methanomassiliicoccus intestinalis
Zotu2393,0,0,0,0,0,0,0,0,bacteria,thermodesulfobacteriota,desulfobulbia,desulfobulbales,desulfobulbaceae,desulfurivibrio,desulfurivibrio alkaliphilus
Zotu2394,0,6,0,0,0,0,0,1,archaea,methanobacteriota,thermoplasmata,methanomassiliicoccales,methanomassiliicoccaceae,methanomassiliicoccus,candidatus methanomassiliicoccus intestinalis
Zotu2395,0,0,0,0,0,0,0,0,bacteria,chloroflexota,chloroflexia,herpetosiphonales,herpetosiphonaceae,herpetosiphon,herpetosiphon aurantiacus
Zotu2396,2,0,1,0,0,1,0,0,bacteria,pseudomonadota,deltaproteobacteria,myxococcales,kofleriaceae,kofleria,kofleria flava
Zotu2397,2,12,0,0,0,0,0,0,archaea,methanobacteriota,thermoplasmata,methanomassiliicoccales,methanomassiliicoccaceae,methanomassiliicoccus,candidatus methanomassiliicoccus intestinalis
Zotu2398,2,8,12,0,20,11,2,0,bacteria,actinomycetota,acidimicrobiia,acidimicrobiales,iamiaceae,actinomarinicola,actinomarinicola tropica
Zotu2399,0,0,0,0,0,0,0,14,archaea,methanobacteriota,thermoplasmata,methanomassiliicoccales,methanomassiliicoccaceae,methanomassiliicoccus,candidatus methanomassiliicoccus intestinalis
Zotu2400,0,0,0,0,0,0,0,0,bacteria,pseudomonadota,alphaproteobacteria,sphingomonadales,sphingomonadaceae,sphingomonas,sphingomonas segetis
Zotu2401,0,0,1,0,1,1,2,0,bacteria,actinomycetota,actinomycetes,micrococcales,microbacteriaceae,gulosibacter,gulosibacter hominis
Zotu2402,3,57,12,1,20,0,0,1,bacteria,bacillota,clostridia,thermoanaerobacterales,thermoanaerobacteraceae,thermodesulfitimonas,thermodesulfitimonas autotrophica
Zotu2404,0,1,1,0,1,0,0,1,bacteria,actinomycetota,actinomycetes,propionibacteriales,nocardioidaceae,nocardioides,nocardioides litorisoli
Zotu2405,0,0,0,0,0,0,0,0,bacteria,actinomycetota,acidimicrobiia,acidimicrobiales,acidimicrobiaceae,aciditerrimonas,aciditerrimonas ferrireducens
Zotu2406,0,0,0,2,0,0,0,1,bacteria,actinomycetota,acidimicrobiia,acidimicrobiales,acidimicrobiaceae,acidithrix,acidithrix ferrooxidans
Zotu2407,0,0,0,0,0,0,0,0,bacteria,pseudomonadota,alphaproteobacteria,rhodospirillales,acetobacteraceae,roseomonas,roseomonas pecuniae
Zotu2408,0,0,0,0,0,0,0,17,bacteria,bacillota,clostridia,eubacteriales,symbiobacteriaceae,symbiobacterium,symbiobacterium ostreiconchae
Zotu2409,0,0,0,0,0,0,0,0,bacteria,actinomycetota,acidimicrobiia,acidimicrobiales,iamiaceae,iamia,iamia majanohamensis
Zotu2410,0,1,0,0,0,0,1,0,bacteria,gemmatimonadota,longimicrobiia,longimicrobiales,longimicrobiaceae,longimicrobium,longimicrobium terrae
Zotu2411,0,0,0,0,0,0,0,0,bacteria,planctomycetota,planctomycetia,gemmatales,gemmataceae,gemmata,gemmata obscuriglobus
Zotu2412,0,0,1,0,0,0,0,0,bacteria,pseudomonadota,alphaproteobacteria,hyphomicrobiales,methylobacteriaceae,enterovirga,enterovirga rhinocerotis
Zotu2413,1,0,0,0,0,0,0,0,bacteria,pseudomonadota,betaproteobacteria,burkholderiales,comamonadaceae,variovorax,variovorax paradoxus
Zotu2414,0,0,0,0,1,6,18,0,bacteria,actinomycetota,acidimicrobiia,acidimicrobiales,iamiaceae,iamia,iamia majanohamensis
Zotu2415,0,0,0,0,0,0,0,1,bacteria,bacteroidota,cytophagia,cytophagales,hymenobacteraceae,adhaeribacter,adhaeribacter aerolatus
Zotu2416,0,1,0,0,0,0,0,0,bacteria,actinomycetota,thermoleophilia,thermoleophilales,thermoleophilaceae,thermoleophilum,thermoleophilum album
Zotu2417,0,0,0,0,0,0,0,2,bacteria,pseudomonadota,betaproteobacteria,burkholderiales,oxalobacteraceae,noviherbaspirillum,noviherbaspirillum aridicola
Zotu2418,0,0,0,0,0,1,0,0,bacteria,planctomycetota,planctomycetia,pirellulales,lacipirellulaceae,aeoliella,aeoliella mucimassa
Zotu2419,5,0,0,0,0,0,8,0,bacteria,pseudomonadota,betaproteobacteria,burkholderiales,burkholderiaceae,caballeronia,caballeronia glathei
Zotu2420,0,0,0,0,0,0,1,0,bacteria,planctomycetota,planctomycetia,gemmatales,gemmataceae,zavarzinella,zavarzinella formosa
Zotu2422,19,93,10,0,0,1,0,0,archaea,methanobacteriota,thermoplasmata,methanomassiliicoccales,methanomassiliicoccaceae,methanomassiliicoccus,candidatus methanomassiliicoccus intestinalis
Zotu2423,0,0,0,0,0,0,0,0,archaea,methanobacteriota,methanomicrobia,methanosarcinales,methanosaetaceae,methanothrix,methanothrix soehngenii gp6
Zotu2424,30,36,47,0,0,0,0,0,archaea,methanobacteriota,thermoplasmata,methanomassiliicoccales,methanomassiliicoccaceae,methanomassiliicoccus,candidatus methanomassiliicoccus intestinalis
Zotu2425,29,15,2,89,1,0,0,0,archaea,methanobacteriota,thermoplasmata,methanomassiliicoccales,methanomassiliicoccaceae,methanomassiliicoccus,candidatus methanomassiliicoccus intestinalis
Zotu2426,0,0,1,0,0,0,28,32,bacteria,bacteroidota,chitinophagia,chitinophagales,chitinophagaceae,flavisolibacter,flavisolibacter metallilatus
Zotu2427,0,0,0,0,0,0,0,0,bacteria,bacteroidota,chitinophagia,chitinophagales,chitinophagaceae,flavitalea,flavitalea populi
Zotu2428,0,0,1,0,1,1,0,0,bacteria,nitrospirota,nitrospira,nitrospirales,nitrospiraceae,nitrospira,nitrospira enrichment
Zotu2429,1,0,0,0,1,0,1,0,bacteria,pseudomonadota,alphaproteobacteria,hyphomicrobiales,propylenellaceae,propylenella,propylenella binzhouense
Zotu2430,1,0,1,0,0,23,4,46,bacteria,acidobacteriota,blastocatellia,blastocatellales,blastocatellaceae,aridibacter,aridibacter kavangonensis
Zotu2431,0,0,0,0,0,0,0,2,bacteria,thermomicrobiota,thermomicrobia,sphaerobacterales,sphaerobacteraceae,nitrolancea,nitrolancea hollandica
Zotu2432,0,0,0,0,0,0,0,0,archaea,methanobacteriota,thermoplasmata,methanomassiliicoccales,methanomassiliicoccaceae,methanomassiliicoccus,candidatus methanomassiliicoccus intestinalis
Zotu2433,0,0,0,0,0,0,0,0,bacteria,bacteroidota,flavobacteriia,flavobacteriales,flavobacteriaceae,flavobacterium,flavobacterium silvaticum
Zotu2434,1,1,1,0,1,2,0,0,bacteria,actinomycetota,thermoleophilia,solirubrobacterales,solirubrobacteraceae,solirubrobacter,solirubrobacter phytolaccae
Zotu2435,0,0,0,0,1,0,24,47,bacteria,bacteroidota,cytophagia,cytophagales,hymenobacteraceae,adhaeribacter,adhaeribacter aerophilus
Zotu2436,0,1,0,0,0,0,0,11,bacteria,actinomycetota,thermoleophilia,solirubrobacterales,baekduiaceae,baekduia,baekduia soli
Zotu2437,0,0,0,0,46,0,1,0,bacteria,planctomycetota,planctomycetia,gemmatales,gemmataceae,gemmata,gemmata palustris
Zotu2438,0,0,0,0,0,0,0,0,bacteria,actinomycetota,actinomycetes,streptosporangiales,nocardiopsaceae,spinactinospora,spinactinospora alkalitolerans
Zotu2439,0,30,19,1,0,0,1,0,bacteria,verrucomicrobiota,verrucomicrobiae,verrucomicrobiales,verrucomicrobia subdivision 3,pedosphaera,pedosphaera parvula
Zotu2440,0,0,0,0,0,0,0,0,bacteria,gemmatimonadota,longimicrobiia,longimicrobiales,longimicrobiaceae,longimicrobium,longimicrobium terrae
Zotu2441,0,0,0,2,2,0,0,1,bacteria,pseudomonadota,betaproteobacteria,burkholderiales,burkholderiaceae,lautropia,lautropia mirabilis
Zotu2442,0,0,0,0,0,0,0,0,bacteria,myxococcota,myxococcota,polyangiales,labilitrichaceae,labilithrix,labilithrix luteola
Zotu2443,5,0,11,77,0,0,4,0,bacteria,actinomycetota,thermoleophilia,solirubrobacterales,conexibacteraceae,conexibacter,conexibacter stalactiti
Zotu2444,0,0,0,0,0,1,0,7,bacteria,actinomycetota,actinomycetia,geodermatophilales,geodermatophilaceae,modestobacter,modestobacter multiseptatus
Zotu2445,4,12,0,77,10,14,0,1,bacteria,bacillota,clostridia,moorellales,moorellaceae,moorella,moorella glycerini
Zotu2446,0,0,0,2,37,0,0,0,archaea,methanobacteriota,thermoplasmata,methanomassiliicoccales,methanomassiliicoccaceae,methanomassiliicoccus,candidatus methanomassiliicoccus intestinalis
Zotu2447,13,7,13,44,0,1,6,3,bacteria,actinomycetota,rubrobacteria,rubrobacterales,rubrobacteraceae,rubrobacter,rubrobacter xylanophilus
Zotu2448,1,0,0,0,21,1,0,2,bacteria,pseudomonadota,gammaproteobacteria,nevskiales,nevskiaceae,stagnimonas,stagnimonas aquatica
Zotu2449,1,0,1,0,8,0,0,7,bacteria,bacillota,bacilli,bacillales,bacillaceae,ornithinibacillus,ornithinibacillus massiliensis
Zotu2450,0,0,0,0,0,0,0,0,bacteria,pseudomonadota,alphaproteobacteria,sphingomonadales,sphingomonadaceae,sphingomonas,sphingomonas palustris
Zotu2451,0,0,0,0,0,1,0,0,bacteria,bacillota,clostridia,eubacteriales,thermincolaceae,thermincola,thermincola ferriacetica
Zotu2452,0,0,0,0,0,0,0,0,bacteria,bacteroidota,sphingobacteriia,sphingobacteriales,aurantibacillaceae,aurantibacillus,aurantibacillus circumpalustris
Zotu2453,0,2,1,1,20,0,32,11,bacteria,pseudomonadota,alphaproteobacteria,hyphomicrobiales,afifellaceae,afifella,afifella pfennigii
Zotu2454,0,0,0,0,0,0,0,0,archaea,methanobacteriota,thermoplasmata,methanomassiliicoccales,methanomassiliicoccaceae,candidatus methanogranum,thermoplasmata archaeon kjm51a
Zotu2455,1,0,0,0,0,1,1,2,bacteria,pseudomonadota,alphaproteobacteria,hyphomicrobiales,methylobacteriaceae,microvirga,microvirga guangxiensis
Zotu2456,0,0,2,0,0,0,0,0,bacteria,pseudomonadota,gammaproteobacteria,steroidobacterales,steroidobacteraceae,steroidobacter,steroidobacter agaridevorans
Zotu2457,0,0,0,0,0,0,0,0,bacteria,pseudomonadota,alphaproteobacteria,sphingomonadales,sphingosinicellaceae,sphingosinicella,sphingosinicella cucumeris
Zotu2458,0,0,0,0,0,0,0,6,bacteria,pseudomonadota,alphaproteobacteria,rhodobacterales,roseobacteraceae,rubellimicrobium,rubellimicrobium rubrum
Zotu2459,0,13,0,133,5,0,2,0,archaea,methanobacteriota,thermoplasmata,methanomassiliicoccales,methanomassiliicoccaceae,methanomassiliicoccus,candidatus methanomassiliicoccus intestinalis
Zotu2460,11,12,64,0,2,0,1,0,bacteria,acidobacteriota,vicinamibacteria,vicinamibacterales,vicinamibacteraceae,luteitalea,luteitalea pratensis
Zotu2461,0,0,0,0,0,0,0,0,bacteria,pseudomonadota,betaproteobacteria,burkholderiales,comamonadaceae,ramlibacter,ramlibacter pinisoli
Zotu2462,0,4,8,0,0,0,1,0,bacteria,actinomycetota,acidimicrobiia,acidimicrobiales,acidimicrobiaceae,acidiferrimicrobium,acidiferrimicrobium australe
Zotu2463,84,0,0,0,2,0,0,0,bacteria,cyanobacteriota,cyanophyceae,oscillatoriales,oscillatoriaceae,oscillatoria,oscillatoria acuminata
Zotu2464,49,23,76,140,0,4,1,1,bacteria,bacillota,bacilli,bacillales,alicyclobacillaceae,alicyclobacillus,alicyclobacillus cycloheptanicus
Zotu2465,8,6,32,0,30,0,0,0,bacteria,planctomycetota,planctomycetia,gemmatales,gemmataceae,fimbriiglobus,fimbriiglobus ruber
Zotu2466,1,11,0,0,0,0,0,0,bacteria,chloroflexota,tepidiformia,tepidiformales,tepidiformaceae,tepidiforma,tepidiforma bonchosmolovskayae
Zotu2467,1,18,11,0,0,0,0,0,bacteria,chloroflexota,anaerolineae,anaerolineales,anaerolineaceae,ornatilinea,ornatilinea apprima
Zotu2468,1,0,0,0,0,0,0,0,bacteria,actinomycetota,rubrobacteria,rubrobacterales,rubrobacteraceae,rubrobacter,rubrobacter tropicus
Zotu2469,0,0,0,0,0,0,0,0,bacteria,acidobacteriota,vicinamibacteria,vicinamibacterales,vicinamibacteraceae,luteitalea,luteitalea pratensis
Zotu2470,0,0,0,0,0,0,0,0,bacteria,bacillota,bacilli,bacillales,bacillaceae,parageobacillus,parageobacillus thermantarcticus
Zotu2471,1,0,0,64,8,1,0,0,bacteria,thermotogota,thermotogae,thermotogales,fervidobacteriaceae,thermosipho,thermosipho affectus
Zotu2472,2,17,1,0,49,0,0,0,bacteria,actinomycetota,nitriliruptoria,euzebyales,euzebyaceae,euzebya,euzebya pacifica
Zotu2473,112,11,0,0,0,0,2,7,archaea,methanobacteriota,thermoplasmata,methanomassiliicoccales,methanomassiliicoccaceae,methanomassiliicoccus,candidatus methanomassiliicoccus intestinalis
Zotu2474,0,0,2,1,0,0,2,0,bacteria,thermodesulfobacteriota,desulfuromonadia,geobacterales,geobacteraceae,pelotalea,pelotalea chapellei
Zotu2475,0,0,0,0,0,0,0,0,bacteria,actinomycetota,acidimicrobiia,acidimicrobiales,iamiaceae,actinomarinicola,actinomarinicola tropica
Zotu2476,0,0,45,0,34,1,1,0,bacteria,verrucomicrobiota,verrucomicrobiae,verrucomicrobiales,verrucomicrobia subdivision 3,pedosphaera,pedosphaera parvula
Zotu2477,9,9,31,1,0,0,0,0,bacteria,actinomycetota,thermoleophilia,thermoleophilales,thermoleophilaceae,thermoleophilum,thermoleophilum album
Zotu2478,0,0,0,0,0,0,0,0,archaea,methanobacteriota,halobacteria,halobacteriales,halobacteriaceae,natronomonas,natronomonas salina
Zotu2479,0,0,0,0,0,0,1,7,bacteria,pseudomonadota,alphaproteobacteria,sphingomonadales,sphingosinicellaceae,sphingosinicella,sphingosinicella humi
Zotu2480,6,3,0,0,0,0,43,45,bacteria,bacillota,clostridia,eubacteriales,symbiobacteriaceae,symbiobacterium,symbiobacterium terraclitae
Zotu2481,0,0,91,1,0,1,0,0,bacteria,verrucomicrobiota,verrucomicrobiae,verrucomicrobiales,verrucomicrobia subdivision 3,pedosphaera,pedosphaera parvula
Zotu2482,3,17,22,1,0,0,0,0,bacteria,planctomycetota,planctomycetia,gemmatales,gemmataceae,limnoglobus,limnoglobus roseus
Zotu2483,19,65,17,0,0,2,1,0,bacteria,acidobacteriota,blastocatellia,blastocatellales,pyrinomonadaceae,pyrinomonas,pyrinomonas methylaliphatogenes
Zotu2485,0,0,0,0,0,0,0,5,bacteria,pseudomonadota,alphaproteobacteria,rhodobacterales,roseobacteraceae,rubellimicrobium,rubellimicrobium roseum
Zotu2486,0,0,0,0,74,0,3,0,bacteria,verrucomicrobiota,opitutae,opitutales,opitutaceae,opitutus,opitutus terrae
Zotu2488,20,8,0,0,40,18,1,0,bacteria,chloroflexota,caldilineae,caldilineales,caldilineaceae,litorilinea,litorilinea aerophila
Zotu2490,0,0,0,0,0,0,0,2,bacteria,bacteroidota,chitinophagia,chitinophagales,chitinophagaceae,flaviaesturariibacter,flaviaesturariibacter flavus
Zotu2491,1,11,50,0,1,0,0,0,bacteria,verrucomicrobiota,opitutae,opitutales,opitutaceae,horticoccus,horticoccus luteus
Zotu2492,0,0,0,0,0,0,6,10,bacteria,bacillota,clostridia,thermosediminibacterales,thermosediminibacteraceae,thermovenabulum,thermovenabulum gondwanense
Zotu2493,0,10,0,0,0,1,1,0,bacteria,acidobacteriota,vicinamibacteria,vicinamibacterales,vicinamibacteraceae,vicinamibacter,vicinamibacter silvestris
Zotu2494,1,13,0,0,0,1,0,1,bacteria,planctomycetota,planctomycetia,pirellulales,pirellulaceae,anatilimnocola,anatilimnocola aggregata
Zotu2495,7,16,0,0,73,14,8,0,bacteria,planctomycetota,phycisphaerae,phycisphaerales,phycisphaeraceae,mucisphaera,mucisphaera calidilacus
Zotu2496,0,3,0,0,0,0,1,38,bacteria,myxococcota,myxococcia,myxococcales,archangiaceae,archangium,archangium gephyra
Zotu2497,0,0,0,0,0,0,0,12,bacteria,bacteroidota,sphingobacteriia,sphingobacteriales,sphingobacteriaceae,hufsiella,hufsiella arboris
Zotu2498,0,0,0,1,0,0,0,0,bacteria,thermodesulfobacteriota,desulfuromonadia,desulfuromonadales,desulfuromonadaceae,pelobacter,pelobacter seleniigenes
Zotu2499,1,1,0,0,0,0,1,0,bacteria,actinomycetota,actinomycetes,kitasatosporales,streptomycetaceae,streptomyces,streptomyces megasporus
Zotu2500,0,1,0,0,1,1,0,14,bacteria,thermomicrobiota,thermomicrobia,sphaerobacterales,sphaerobacteraceae,sphaerobacter,sphaerobacter thermophilus
Zotu2501,23,32,8,2,0,0,0,0,bacteria,bacillota,clostridia,thermosediminibacterales,thermosediminibacteraceae,caldanaerovirga,caldanaerovirga acetigignens
Zotu2502,2,0,0,0,0,0,2,11,bacteria,pseudomonadota,alphaproteobacteria,rhodospirillales,acetobacteraceae,falsiroseomonas,falsiroseomonas wooponensis
Zotu2503,0,0,0,0,1,0,0,3,bacteria,actinomycetota,thermoleophilia,solirubrobacterales,parviterribacteraceae,parviterribacter,parviterribacter kavangonensis
Zotu2504,0,0,0,0,0,2,10,6,bacteria,gemmatimonadota,longimicrobiia,longimicrobiales,longimicrobiaceae,longimicrobium,longimicrobium terrae
Zotu2505,0,0,0,0,0,1,0,0,bacteria,bacteroidota,cytophagia,cytophagales,roseivirgaceae,roseivirga,roseivirga marina
Zotu2506,0,0,0,0,0,0,0,0,bacteria,chloroflexota,chloroflexia,herpetosiphonales,herpetosiphonaceae,herpetosiphon,herpetosiphon aurantiacus
Zotu2507,0,0,0,0,0,0,0,0,bacteria,pseudomonadota,alphaproteobacteria,hyphomicrobiales,nitrobacteraceae,rhodopseudomonas,rhodopseudomonas boonkerdii
Zotu2508,3,12,22,1,15,0,13,1,bacteria,actinomycetota,rubrobacteria,rubrobacterales,rubrobacteraceae,rubrobacter,rubrobacter xylanophilus
Zotu2509,0,0,0,0,1,0,82,0,archaea,methanobacteriota,thermoplasmata,methanomassiliicoccales,methanomassiliicoccaceae,methanomassiliicoccus,candidatus methanomassiliicoccus intestinalis
Zotu2510,0,0,0,0,0,0,0,0,bacteria,actinomycetota,actinomycetes,pseudonocardiales,pseudonocardiaceae,actinoalloteichus,actinoalloteichus hoggarensis
Zotu2511,0,0,0,0,0,0,0,9,bacteria,actinomycetota,rubrobacteria,gaiellales,gaiellaceae,gaiella,gaiella occulta
Zotu2513,0,0,1,0,0,1,0,0,bacteria,actinomycetota,actinomycetes,propionibacteriales,nocardioidaceae,nocardioides,nocardioides mesophilus
Zotu2514,0,0,0,0,0,0,0,4,bacteria,pseudomonadota,betaproteobacteria,burkholderiales,oxalobacteraceae,noviherbaspirillum,noviherbaspirillum aurantiacum
Zotu2515,1,14,33,2,0,4,40,7,bacteria,actinomycetota,acidimicrobiia,acidimicrobiales,acidimicrobiaceae,aciditerrimonas,aciditerrimonas ferrireducens
Zotu2517,0,0,0,1,0,0,0,0,bacteria,bacteroidota,sphingobacteriia,sphingobacteriales,sphingobacteriaceae,olivibacter,olivibacter soli
Zotu2518,2,1,0,0,1,0,0,0,bacteria,pseudomonadota,alphaproteobacteria,sphingomonadales,sphingosinicellaceae,pedomonas,pedomonas mirosovicensis
Zotu2519,0,0,0,0,0,0,0,0,bacteria,pseudomonadota,betaproteobacteria,ferritrophicales,ferritrophicaceae,ferritrophicum,ferritrophicum radicicola
Zotu2520,0,1,0,0,0,0,2,1,bacteria,pseudomonadota,alphaproteobacteria,caulobacterales,caulobacteraceae,caulobacter,caulobacter henricii
Zotu2521,5,17,0,1,1,0,0,1,bacteria,chloroflexota,thermomicrobia,sphaerobacterales,sphaerobacteraceae,sphaerobacter,sphaerobacter thermophilus
Zotu2523,0,1,0,0,28,1,34,16,bacteria,chloroflexota,chloroflexia,chloroflexales,oscillochloridaceae,oscillochloris,oscillochloris trichoides
Zotu2524,0,0,0,0,0,0,0,1,bacteria,bacillota,clostridia,eubacteriales,symbiobacteriaceae,symbiobacterium,symbiobacterium terraclitae
Zotu2525,4,0,0,0,0,0,0,0,archaea,methanobacteriota,thermoplasmata,methanomassiliicoccales,candidatus methanomethylophilaceae,candidatus methanomethylophilus,candidatus methanomethylophilus alvus
Zotu2526,5,0,0,0,1,1,0,1,bacteria,chloroflexota,chloroflexia,herpetosiphonales,herpetosiphonaceae,herpetosiphon,herpetosiphon gulosus
Zotu2527,1,27,1,2,1,2,0,1,bacteria,pseudomonadota,alphaproteobacteria,alphaproteobacteria,alphaproteobacteria,candidatus monilibacter,candidatus monilibacter batavus
Zotu2528,0,1,0,0,0,0,0,1,bacteria,pseudomonadota,alphaproteobacteria,sphingomonadales,sphingomonadaceae,sphingomonas,sphingomonas flava
Zotu2529,0,0,0,62,0,0,0,0,bacteria,actinomycetota,rubrobacteria,gaiellales,gaiellaceae,gaiella,gaiella occulta
Zotu2530,0,0,0,0,0,0,2,15,bacteria,pseudomonadota,alphaproteobacteria,rhodospirillales,acetobacteraceae,falsiroseomonas,falsiroseomonas riguiloci
Zotu2531,44,17,10,0,23,0,0,0,bacteria,pseudomonadota,alphaproteobacteria,hyphomicrobiales,blastochloridaceae,blastochloris,blastochloris sulfoviridis
Zotu2532,1,0,29,0,29,0,41,1,archaea,methanobacteriota,thermoplasmata,methanomassiliicoccales,methanomassiliicoccaceae,methanomassiliicoccus,candidatus methanomassiliicoccus intestinalis
Zotu2533,0,0,0,0,0,0,0,0,bacteria,pseudomonadota,deltaproteobacteria,myxococcales,anaeromyxobacteraceae,anaeromyxobacter,anaeromyxobacter dehalogenans
Zotu2534,0,0,0,0,0,0,0,0,bacteria,planctomycetota,planctomycetia,gemmatales,gemmataceae,gemmata,gemmata palustris
Zotu2536,23,0,0,0,0,0,0,0,archaea,methanobacteriota,thermoplasmata,methanomassiliicoccales,methanomassiliicoccaceae,methanomassiliicoccus,candidatus methanomassiliicoccus intestinalis
Zotu2537,0,0,0,0,0,0,0,1,bacteria,verrucomicrobiota,spartobacteria,chthoniobacterales,chthoniobacteraceae,chthoniobacter,chthoniobacter flavus
Zotu2538,9,24,0,0,1,0,0,0,archaea,methanobacteriota,thermoplasmata,methanomassiliicoccales,methanomassiliicoccaceae,methanomassiliicoccus,candidatus methanomassiliicoccus intestinalis
Zotu2539,13,0,0,0,0,0,0,0,bacteria,actinomycetota,rubrobacteria,gaiellales,gaiellaceae,gaiella,gaiella occulta
Zotu2540,0,0,0,0,0,0,0,0,bacteria,bacteroidota,cytophagia,cytophagales,hymenobacteraceae,pontibacter,pontibacter lucknowensis
Zotu2541,62,34,0,1,0,1,0,0,bacteria,verrucomicrobiota,verrucomicrobiae,verrucomicrobiales,verrucomicrobia subdivision 3,pedosphaera,pedosphaera parvula
Zotu2542,0,0,0,1,0,0,0,1,bacteria,bacteroidota,flavobacteriia,flavobacteriales,weeksellaceae,chryseobacterium,chryseobacterium moechotypicola
Zotu2543,3,2,0,0,0,0,51,21,archaea,methanobacteriota,thermoplasmata,methanomassiliicoccales,methanomassiliicoccaceae,methanomassiliicoccus,candidatus methanomassiliicoccus intestinalis
Zotu2544,0,1,0,1,0,2,0,0,bacteria,acidobacteriota,vicinamibacteria,vicinamibacterales,vicinamibacteraceae,vicinamibacter,vicinamibacter silvestris
Zotu2545,0,0,0,0,0,0,0,0,bacteria,deinococcota,deinococci,deinococcales,deinococcaceae,deinococcus,deinococcus pimensis
Zotu2546,0,0,0,0,0,0,0,0,bacteria,pseudomonadota,betaproteobacteria,rhodocyclales,rhodocyclaceae,aromatoleum,aromatoleum toluolicum
Zotu2547,1,0,0,0,2,2,6,1,bacteria,chloroflexota,chloroflexia,herpetosiphonales,herpetosiphonaceae,herpetosiphon,herpetosiphon aurantiacus
Zotu2548,0,0,1,0,40,43,5,0,bacteria,planctomycetota,planctomycetia,pirellulales,pirellulaceae,candidatus anammoximicrobium,candidatus anammoximicrobium moscowii
Zotu2549,1,99,0,1,1,0,1,0,archaea,nitrososphaerota,nitrososphaeria,nitrososphaerales,nitrososphaeraceae,nitrososphaera,candidatus nitrososphaera gargensis
Zotu2550,0,0,0,0,0,0,0,1,bacteria,bacteroidota,cytophagia,cytophagales,hymenobacteraceae,nibribacter,nibribacter koreensis
Zotu2551,1,0,0,0,0,0,0,1,bacteria,pseudomonadota,gammaproteobacteria,xanthomonadales,rhodanobacteraceae,dokdonella,dokdonella immobilis
Zotu2552,0,0,0,0,0,0,0,0,bacteria,planctomycetota,planctomycetia,gemmatales,gemmataceae,limnoglobus,limnoglobus roseus
Zotu2553,0,0,1,1,0,0,1,0,bacteria,verrucomicrobiota,opitutae,opitutales,opitutaceae,horticoccus,horticoccus luteus
Zotu2554,0,0,0,0,1,0,0,0,bacteria,pseudomonadota,alphaproteobacteria,caulobacterales,caulobacteraceae,phenylobacterium,phenylobacterium immobile
Zotu2555,12,2,0,0,0,0,0,0,bacteria,pseudomonadota,gammaproteobacteria,chromatiales,ectothiorhodospiraceae,natronospira,natronospira proteinivora
Zotu2556,4,0,1,0,0,0,3,1,bacteria,thermodesulfobacteriota,desulfuromonadia,desulfuromonadales,desulfuromonadaceae,pelobacter,pelobacter propionicus
Zotu2557,0,0,0,0,0,0,0,1,bacteria,myxococcota,myxococcota,polyangiales,polyangiaceae,racemicystis,racemicystis persica
Zotu2558,1,3,0,43,3,1,1,1,bacteria,actinomycetota,acidimicrobiia,acidimicrobiales,acidimicrobiaceae,aciditerrimonas,aciditerrimonas ferrireducens
Zotu2559,1,0,0,0,0,0,0,0,bacteria,rhodothermota,rhodothermia,rhodothermales,rhodothermaceae,rhodocaloribacter,rhodocaloribacter litoris
Zotu2560,1,0,0,1,0,0,0,0,bacteria,pseudomonadota,deltaproteobacteria,myxococcales,anaeromyxobacteraceae,anaeromyxobacter,anaeromyxobacter dehalogenans
Zotu2561,57,21,0,1,0,1,0,0,bacteria,planctomycetota,phycisphaerae,tepidisphaerales,tepidisphaeraceae,tepidisphaera,tepidisphaera mucosa
Zotu2562,0,0,0,0,0,0,0,0,bacteria,acidobacteriota,vicinamibacteria,vicinamibacterales,vicinamibacteraceae,luteitalea,luteitalea pratensis
Zotu2563,37,32,0,0,6,8,10,0,bacteria,acidobacteriota,vicinamibacteria,vicinamibacterales,vicinamibacteraceae,vicinamibacter,vicinamibacter silvestris
Zotu2564,0,0,0,0,0,3,0,1,bacteria,bacteroidota,chitinophagia,chitinophagales,chitinophagaceae,flavisolibacter,flavisolibacter galbus
Zotu2565,0,0,0,0,0,0,6,7,bacteria,pseudomonadota,alphaproteobacteria,rhodospirillales,dongiaceae,dongia,dongia mobilis
Zotu2566,0,1,0,1,0,0,2,0,bacteria,actinomycetota,thermoleophilia,solirubrobacterales,solirubrobacteraceae,solirubrobacter,solirubrobacter phytolaccae
Zotu2567,0,0,0,0,0,0,0,0,bacteria,actinomycetota,actinomycetes,nakamurellales,nakamurellaceae,nakamurella,nakamurella endophytica
Zotu2568,0,0,0,0,0,0,0,0,bacteria,pseudomonadota,alphaproteobacteria,rhodobacterales,paracoccaceae,paracoccus,paracoccus liaowanqingii
Zotu2569,2,1,0,0,0,0,0,0,bacteria,bacillota,clostridia,eubacteriales,peptococcaceae,candidatus desulforudis,candidatus desulforudis audaxviator
Zotu2570,0,0,0,0,0,0,0,0,bacteria,bacillota,clostridia,eubacteriales,syntrophomonadaceae,syntrophothermus,syntrophothermus lipocalidus
Zotu2571,0,0,0,0,0,0,0,0,bacteria,pseudomonadota,alphaproteobacteria,hyphomicrobiales,rhabdaerophilaceae,rhabdaerophilum,rhabdaerophilum calidifontis
Zotu2572,1,0,1,0,5,0,0,0,archaea,methanobacteriota,thermoplasmata,methanomassiliicoccales,methanomassiliicoccaceae,methanomassiliicoccus,candidatus methanomassiliicoccus intestinalis
Zotu2573,2,0,1,1,1,0,0,0,bacteria,actinomycetota,actinomycetes,streptosporangiales,nocardiopsaceae,streptomonospora,streptomonospora nanhaiensis
Zotu2574,0,0,0,0,0,8,53,4,bacteria,bacillota,clostridia,eubacteriales,syntrophomonadaceae,syntrophomonas,syntrophomonas wolfei
Zotu2575,1,0,0,0,0,0,0,0,archaea,methanobacteriota,thermoplasmata,methanomassiliicoccales,methanomassiliicoccaceae,methanomassiliicoccus,candidatus methanomassiliicoccus intestinalis
Zotu2576,0,1,0,0,0,0,2,23,bacteria,acidobacteriota,blastocatellia,blastocatellales,blastocatellaceae,aridibacter,aridibacter kavangonensis
Zotu2577,0,0,0,0,0,19,0,0,bacteria,bacillota,clostridia,eubacteriales,peptococcaceae,phosphitispora,phosphitispora fastidiosa
Zotu2578,19,24,0,3,33,1,0,1,bacteria,actinomycetota,rubrobacteria,gaiellales,gaiellaceae,gaiella,gaiella occulta
Zotu2579,0,4,0,0,56,0,0,0,bacteria,planctomycetota,planctomycetia,pirellulales,pirellulaceae,blastopirellula,blastopirellula retiformator
Zotu2580,2,3,0,0,0,0,0,25,bacteria,actinomycetota,actinomycetes,frankiales,frankiaceae,pseudofrankia,pseudofrankia inefficax
Zotu2581,1,0,0,0,0,0,0,3,bacteria,gemmatimonadota,longimicrobiia,longimicrobiales,longimicrobiaceae,longimicrobium,longimicrobium terrae
Zotu2582,0,0,0,0,0,0,0,0,bacteria,pseudomonadota,gammaproteobacteria,xanthomonadales,rhodanobacteraceae,dokdonella,dokdonella immobilis
Zotu2583,52,0,17,0,0,0,1,0,bacteria,bacillota,clostridia,moorellales,moorellaceae,moorella,moorella glycerini
Zotu2584,0,0,0,0,0,0,2,3,bacteria,actinomycetota,actinomycetes,frankiales,frankiaceae,pseudofrankia,pseudofrankia inefficax
Zotu2585,0,0,0,0,0,0,0,0,archaea,methanobacteriota,thermoplasmata,methanomassiliicoccales,methanomassiliicoccaceae,methanomassiliicoccus,candidatus methanomassiliicoccus intestinalis
Zotu2586,0,1,0,0,0,0,0,3,bacteria,chloroflexota,chloroflexia,herpetosiphonales,herpetosiphonaceae,herpetosiphon,herpetosiphon aurantiacus
Zotu2587,0,0,0,0,1,0,0,2,bacteria,pseudomonadota,betaproteobacteria,burkholderiales,oxalobacteraceae,massilia,massilia horti
Zotu2588,1,1,0,0,11,13,4,0,bacteria,actinomycetota,acidimicrobiia,acidimicrobiales,iamiaceae,actinomarinicola,actinomarinicola tropica
Zotu2589,0,0,0,0,0,2,1,0,bacteria,actinomycetota,thermoleophilia,solirubrobacterales,solirubrobacteraceae,solirubrobacter,solirubrobacter phytolaccae
Zotu2590,3,1,0,0,0,8,0,0,bacteria,myxococcota,myxococcota,haliangiales,kofleriaceae,haliangium,haliangium ochraceum
Zotu2591,38,24,19,0,0,0,0,0,bacteria,pseudomonadota,gammaproteobacteria,chromatiales,ectothiorhodospiraceae,inmirania,inmirania thermothiophila
Zotu2592,0,1,1,0,17,157,1,3,bacteria,verrucomicrobiota,verrucomicrobiae,verrucomicrobiales,verrucomicrobia subdivision 3,pedosphaera,pedosphaera parvula
Zotu2593,0,1,0,0,28,8,46,0,archaea,methanobacteriota,thermoplasmata,methanomassiliicoccales,candidatus methanomethylophilaceae,candidatus methanomethylophilus,candidatus methanomethylophilus alvus
Zotu2594,20,1,1,0,0,0,0,2,bacteria,acidobacteriota,vicinamibacteria,vicinamibacterales,vicinamibacteraceae,luteitalea,luteitalea pratensis
Zotu2595,0,0,0,0,0,0,0,0,bacteria,pseudomonadota,betaproteobacteria,nitrosomonadales,methylophilaceae,novimethylophilus,novimethylophilus kurashikiensis
Zotu2596,1,15,41,0,1,0,0,0,bacteria,verrucomicrobiota,verrucomicrobiae,verrucomicrobiales,verrucomicrobia subdivision 3,pedosphaera,pedosphaera parvula
Zotu2597,5,1,0,0,18,34,24,0,bacteria,pseudomonadota,deltaproteobacteria,myxococcales,kofleriaceae,kofleria,kofleria flava
Zotu2598,0,0,0,0,0,0,0,0,bacteria,pseudomonadota,alphaproteobacteria,sphingomonadales,sphingomonadaceae,sphingomonas,sphingomonas daechungensis
Zotu2599,4,0,19,37,0,16,14,0,bacteria,actinomycetota,rubrobacteria,gaiellales,gaiellaceae,gaiella,gaiella occulta
Zotu2600,1,1,0,0,0,32,46,0,bacteria,pseudomonadota,betaproteobacteria,ferrovales,ferrovaceae,ferrovum,ferrovum myxofaciens
Zotu2601,0,0,0,0,1,1,0,6,bacteria,actinomycetota,actinomycetes,geodermatophilales,geodermatophilaceae,geodermatophilus,geodermatophilus sabuli
Zotu2602,0,0,0,0,0,0,1,0,bacteria,pseudomonadota,alphaproteobacteria,sphingomonadales,sphingomonadaceae,rhizorhabdus,rhizorhabdus argentea
Zotu2603,6,1,0,1,0,7,0,0,bacteria,pseudomonadota,alphaproteobacteria,hyphomicrobiales,blastochloridaceae,blastochloris,blastochloris sulfoviridis
Zotu2604,0,0,0,0,0,0,0,0,bacteria,bacteroidota,cytophagia,cytophagales,cytophagaceae,rhodocytophaga,rhodocytophaga aerolata
Zotu2605,0,0,0,1,0,0,0,1,bacteria,pseudomonadota,alphaproteobacteria,rhodobacterales,roseobacteraceae,rubellimicrobium,rubellimicrobium roseum
Zotu2606,1,0,1,0,0,0,0,1,bacteria,bacteroidota,chitinophagia,chitinophagales,chitinophagaceae,segetibacter,segetibacter koreensis
Zotu2607,14,0,0,0,20,30,6,1,bacteria,pseudomonadota,hydrogenophilia,hydrogenophilia,hydrogenophilia,pelomicrobium,pelomicrobium methylotrophicum
Zotu2608,0,0,0,0,0,0,0,0,bacteria,cyanobacteriota,cyanobacteria,pseudanabaenales,leptolyngbyaceae,leptolyngbya,leptolyngbya antarctica
Zotu2609,1,0,0,1,0,0,0,16,bacteria,gemmatimonadota,longimicrobiia,longimicrobiales,longimicrobiaceae,longimicrobium,longimicrobium terrae
Zotu2610,0,2,0,1,0,1,0,0,bacteria,gemmatimonadota,gemmatimonadetes,gemmatimonadales,gemmatimonadaceae,gemmatimonas,gemmatimonas phototrophica
Zotu2611,0,0,0,0,0,0,0,0,bacteria,bacteroidota,cytophagia,cytophagales,hymenobacteraceae,adhaeribacter,adhaeribacter rhizoryzae
Zotu2612,88,0,0,0,1,0,0,0,bacteria,pseudomonadota,deltaproteobacteria,myxococcales,anaeromyxobacteraceae,anaeromyxobacter,anaeromyxobacter dehalogenans
Zotu2613,2,0,1,1,0,0,0,1,bacteria,pseudomonadota,betaproteobacteria,burkholderiales,sphaerotilaceae,roseateles,roseateles chitinivorans
Zotu2614,0,0,0,0,0,0,0,0,bacteria,pseudomonadota,gammaproteobacteria,moraxellales,moraxellaceae,acinetobacter,acinetobacter junii
Zotu2615,0,0,0,0,0,0,0,0,bacteria,pseudomonadota,gammaproteobacteria,moraxellales,moraxellaceae,acinetobacter,acinetobacter indicus
Zotu2616,0,0,81,1,0,0,0,0,bacteria,planctomycetota,planctomycetia,gemmatales,gemmataceae,zavarzinella,zavarzinella formosa
Zotu2617,50,21,0,0,2,1,0,0,bacteria,pseudomonadota,alphaproteobacteria,hyphomicrobiales,hyphomicrobiales,nordella,nordella oligomobilis
Zotu2618,0,0,0,0,0,0,0,1,bacteria,chloroflexota,thermomicrobia,sphaerobacterales,sphaerobacteraceae,sphaerobacter,sphaerobacter thermophilus
Zotu2619,0,1,0,2,0,3,0,44,bacteria,actinomycetota,actinomycetes,frankiales,frankiaceae,pseudofrankia,pseudofrankia inefficax
Zotu2620,0,1,0,0,0,0,0,0,bacteria,acidobacteriota,blastocatellia,blastocatellales,blastocatellaceae,aridibacter,aridibacter famidurans
Zotu2621,0,1,1,68,2,1,13,9,bacteria,gemmatimonadota,longimicrobiia,longimicrobiales,longimicrobiaceae,longimicrobium,longimicrobium terrae
Zotu2622,0,0,0,0,0,0,0,0,bacteria,actinomycetota,thermoleophilia,solirubrobacterales,conexibacteraceae,conexibacter,conexibacter arvalis
Zotu2623,1,0,23,1,0,7,1,1,bacteria,pseudomonadota,gammaproteobacteria,gammaproteobacteria,gammaproteobacteria,acidibacter,acidibacter ferrireducens
Zotu2624,0,1,0,0,0,0,0,0,bacteria,pseudomonadota,alphaproteobacteria,caulobacterales,caulobacteraceae,phenylobacterium,phenylobacterium deserti
Zotu2625,0,1,0,0,0,0,12,0,bacteria,myxococcota,myxococcota,polyangiales,polyangiaceae,aetherobacter,aetherobacter rufus
Zotu2626,0,0,1,1,1,0,1,0,bacteria,chloroflexota,anaerolineae,anaerolineales,anaerolineaceae,ornatilinea,ornatilinea apprima
Zotu2627,0,0,0,0,1,12,5,14,bacteria,acidobacteriota,blastocatellia,blastocatellales,pyrinomonadaceae,pyrinomonas,pyrinomonas methylaliphatogenes
Zotu2628,0,0,1,0,0,0,0,0,bacteria,bacillota,bacilli,bacillales,bacillaceae,metabacillus,metabacillus herbersteinensis
Zotu2629,1,1,27,0,44,0,0,1,bacteria,planctomycetota,planctomycetia,pirellulales,pirellulaceae,pirellula,pirellula staleyi
Zotu2630,0,0,0,0,0,0,0,0,bacteria,pseudomonadota,gammaproteobacteria,nevskiales,nevskiaceae,panacagrimonas,panacagrimonas perspica
Zotu2631,0,1,0,0,5,6,1,10,bacteria,gemmatimonadota,longimicrobiia,longimicrobiales,longimicrobiaceae,longimicrobium,longimicrobium terrae
Zotu2632,33,10,0,0,0,0,0,0,bacteria,thermodesulfobacteriota,desulfobulbia,desulfobulbales,desulfobulbaceae,desulfolithobacter,desulfolithobacter dissulfuricans
Zotu2633,0,0,0,0,0,0,0,1,archaea,methanobacteriota,thermoplasmata,methanomassiliicoccales,methanomassiliicoccaceae,methanomassiliicoccus,candidatus methanomassiliicoccus intestinalis
Zotu2634,9,6,4,1,21,4,2,2,bacteria,bacillota,clostridia,eubacteriales,clostridiales family xvii. incertae sedis,thermaerobacter,thermaerobacter composti
Zotu2635,0,1,0,0,0,0,0,0,bacteria,verrucomicrobiota,verrucomicrobiae,verrucomicrobiales,verrucomicrobia subdivision 3,pedosphaera,pedosphaera parvula
Zotu2636,0,0,0,0,0,0,0,0,bacteria,bacteroidota,cytophagia,cytophagales,cesiribacteraceae,nafulsella,nafulsella turpanensis
Zotu2637,1,0,0,0,0,0,0,0,bacteria,pseudomonadota,alphaproteobacteria,rhodospirillales,dongiaceae,hypericibacter,hypericibacter adhaerens
Zotu2638,0,0,0,0,0,0,0,0,bacteria,pseudomonadota,alphaproteobacteria,rhodospirillales,azospirillaceae,skermanella,skermanella aerolata
Zotu2639,0,0,0,0,0,0,14,0,bacteria,planctomycetota,planctomycetia,gemmatales,gemmataceae,gemmata,gemmata massiliana
Zotu2641,1,29,25,0,0,0,1,0,bacteria,bacillota,thermolithobacteria,thermolithobacterales,thermolithobacteraceae,thermolithobacter,thermolithobacter ferrireducens
Zotu2642,0,1,0,0,0,0,0,4,bacteria,pseudomonadota,alphaproteobacteria,rhodobacterales,roseobacteraceae,rubellimicrobium,rubellimicrobium mesophilum
Zotu2644,11,0,0,1,0,43,1,0,bacteria,nitrospirota,nitrospira,nitrospirales,nitrospiraceae,nitrospira,candidatus nitrospira defluvii
Zotu2645,0,0,0,0,0,0,2,0,bacteria,acidobacteriota,blastocatellia,blastocatellales,blastocatellaceae,aridibacter,aridibacter kavangonensis
Zotu2646,0,0,0,0,0,0,0,0,bacteria,actinomycetota,actinomycetes,streptosporangiales,thermomonosporaceae,actinocorallia,actinocorallia aurea
Zotu2647,0,1,0,81,1,0,0,0,bacteria,actinomycetota,rubrobacteria,gaiellales,gaiellaceae,gaiella,gaiella occulta
Zotu2648,19,34,0,0,0,0,23,0,bacteria,chloroflexota,ardenticatenia,ardenticatenales,ardenticatenaceae,ardenticatena,ardenticatena maritima
Zotu2649,0,0,0,0,0,1,11,44,archaea,methanobacteriota,thermoplasmata,methanomassiliicoccales,methanomassiliicoccaceae,methanomassiliicoccus,candidatus methanomassiliicoccus intestinalis
Zotu2650,15,31,26,2,0,0,1,0,bacteria,planctomycetota,planctomycetia,pirellulales,lacipirellulaceae,pirellulimonas,pirellulimonas nuda
Zotu2651,0,0,0,0,0,0,0,0,bacteria,actinomycetota,rubrobacteria,rubrobacterales,rubrobacteraceae,rubrobacter,rubrobacter naiadicus
Zotu2652,0,0,0,1,0,0,0,0,bacteria,actinomycetota,thermoleophilia,solirubrobacterales,solirubrobacteraceae,solirubrobacter,solirubrobacter ginsenosidimutans
Zotu2653,0,0,1,51,3,11,0,0,bacteria,actinomycetota,thermoleophilia,solirubrobacterales,solirubrobacteraceae,solirubrobacter,solirubrobacter phytolaccae
Zotu2654,0,0,0,0,0,0,0,0,bacteria,chloroflexota,chloroflexia,kallotenuales,kallotenuaceae,kallotenue,kallotenue papyrolyticum
Zotu2655,0,0,0,0,1,75,1,0,bacteria,planctomycetota,phycisphaerae,tepidisphaerales,tepidisphaeraceae,tepidisphaera,tepidisphaera mucosa
Zotu2656,0,0,0,1,0,0,0,0,bacteria,pseudomonadota,alphaproteobacteria,rhodobacterales,paracoccaceae,paracoccus,paracoccus sediminis
Zotu2657,14,0,2,0,0,24,17,2,bacteria,thermodesulfobacteriota,desulfuromonadia,desulfuromonadales,desulfuromonadaceae,desulfuromonas,desulfuromonas carbonis
Zotu2658,0,0,0,0,1,0,0,5,bacteria,pseudomonadota,betaproteobacteria,burkholderiales,sphaerotilaceae,azohydromonas,azohydromonas australica
Zotu2659,1,0,1,0,0,0,0,0,bacteria,pseudomonadota,betaproteobacteria,burkholderiales,alcaligenaceae,pigmentiphaga,pigmentiphaga aceris
Zotu2660,0,0,0,0,3,22,10,1,archaea,methanobacteriota,thermoplasmata,methanomassiliicoccales,candidatus methanomethylophilaceae,candidatus methanomethylophilus,candidatus methanomethylophilus alvus
Zotu2661,10,37,34,0,1,0,1,0,bacteria,planctomycetota,planctomycetia,pirellulales,pirellulaceae,anatilimnocola,anatilimnocola aggregata
Zotu2662,4,2,1,1,8,15,11,3,bacteria,actinomycetota,thermoleophilia,solirubrobacterales,solirubrobacteraceae,solirubrobacter,solirubrobacter phytolaccae
Zotu2663,0,0,0,0,0,0,0,0,bacteria,actinomycetota,actinomycetes,streptosporangiales,thermomonosporaceae,actinocorallia,actinocorallia herbida
Zotu2664,0,1,1,0,0,0,0,0,bacteria,pseudomonadota,alphaproteobacteria,sphingomonadales,sphingomonadaceae,sphingomonas,sphingomonas jaspsi
Zotu2665,13,11,2,0,1,1,0,1,bacteria,chloroflexota,caldilineae,caldilineales,caldilineaceae,litorilinea,litorilinea aerophila
Zotu2666,0,0,12,1,0,0,0,0,bacteria,gemmatimonadota,longimicrobiia,longimicrobiales,longimicrobiaceae,longimicrobium,longimicrobium terrae
Zotu2667,0,0,0,0,0,0,3,0,bacteria,bacillota,clostridia,eubacteriales,clostridiales family xvii. incertae sedis,thermaerobacter,thermaerobacter composti
Zotu2668,0,0,0,0,0,0,0,0,bacteria,pseudomonadota,alphaproteobacteria,caulobacterales,caulobacteraceae,phenylobacterium,phenylobacterium terrae
Zotu2669,0,1,0,0,1,0,0,0,bacteria,actinomycetota,actinomycetia,micrococcales,microbacteriaceae,cryocola,cryocola antiquus
Zotu2670,0,0,0,0,0,0,0,0,archaea,methanobacteriota,thermoplasmata,methanomassiliicoccales,methanomassiliicoccaceae,methanomassiliicoccus,candidatus methanomassiliicoccus intestinalis
Zotu2671,0,0,0,0,0,0,0,0,bacteria,bacillota,clostridia,eubacteriales,symbiobacteriaceae,symbiobacterium,symbiobacterium turbinis
Zotu2672,0,0,0,0,0,0,0,0,bacteria,chloroflexota,chloroflexia,chloroflexales,oscillochloridaceae,chloronema,chloronema giganteum
Zotu2673,100,11,29,56,14,3,1,1,bacteria,planctomycetota,candidatus brocadiia,candidatus brocadiales,candidatus brocadiaceae,candidatus kuenenia,candidatus kuenenia stuttgartiensis
Zotu2674,0,0,0,0,0,0,0,0,bacteria,chloroflexota,tepidiformia,tepidiformales,tepidiformaceae,tepidiforma,tepidiforma bonchosmolovskayae
Zotu2675,4,64,1,0,0,0,0,0,bacteria,planctomycetota,planctomycetia,gemmatales,gemmataceae,zavarzinella,zavarzinella formosa
Zotu2676,9,55,0,0,0,1,1,1,bacteria,chloroflexota,chloroflexia,herpetosiphonales,herpetosiphonaceae,herpetosiphon,herpetosiphon gulosus
Zotu2677,0,0,0,0,0,0,0,0,bacteria,abditibacteriota,abditibacteriia,abditibacteriales,abditibacteriaceae,abditibacterium,abditibacterium utsteinense
Zotu2678,15,0,0,0,0,0,0,0,bacteria,pseudomonadota,deltaproteobacteria,myxococcales,kofleriaceae,haliangium,haliangium ochraceum
Zotu2679,0,0,0,2,0,1,0,0,bacteria,bacteroidota,chitinophagia,chitinophagales,chitinophagaceae,arvibacter,arvibacter flaviflagrans
Zotu2680,0,0,1,0,0,0,0,0,bacteria,actinomycetota,rubrobacteria,gaiellales,gaiellaceae,gaiella,gaiella occulta
Zotu2681,0,0,0,0,0,0,0,0,bacteria,actinomycetota,rubrobacteria,rubrobacterales,rubrobacteraceae,rubrobacter,rubrobacter naiadicus
Zotu2682,0,0,0,0,0,0,0,0,bacteria,myxococcota,myxococcota,haliangiales,kofleriaceae,haliangium,haliangium tepidum
Zotu2683,0,0,0,0,0,0,0,0,bacteria,pseudomonadota,alphaproteobacteria,hyphomicrobiales,methylobacteriaceae,microvirga,microvirga vignae
Zotu2684,0,0,1,1,1,0,0,0,bacteria,actinomycetota,actinomycetes,micrococcales,microbacteriaceae,microbacterium,microbacterium invictum
Zotu2685,0,0,0,0,0,0,1,30,bacteria,verrucomicrobiota,spartobacteria,chthoniobacterales,chthoniobacteraceae,chthoniobacter,chthoniobacter flavus
Zotu2687,0,0,0,0,0,0,7,2,bacteria,pseudomonadota,alphaproteobacteria,rhodospirillales,azospirillaceae,skermanella,skermanella mucosa
Zotu2689,0,7,12,49,0,0,7,0,bacteria,actinomycetota,thermoleophilia,solirubrobacterales,conexibacteraceae,conexibacter,conexibacter arvalis
Zotu2690,0,0,1,0,0,0,0,2,bacteria,chloroflexota,tepidiformia,tepidiformales,tepidiformaceae,tepidiforma,tepidiforma bonchosmolovskayae
Zotu2691,0,0,0,0,0,0,0,0,bacteria,thermodesulfobacteriota,desulfuromonadia,desulfuromonadales,geoalkalibacteraceae,geoalkalibacter,geoalkalibacter ferrihydriticus
Zotu2693,0,0,0,1,0,0,0,8,bacteria,actinomycetota,acidimicrobiia,acidimicrobiales,acidimicrobiaceae,aciditerrimonas,aciditerrimonas ferrireducens
Zotu2694,0,0,0,0,0,0,0,0,bacteria,planctomycetota,phycisphaerae,tepidisphaerales,tepidisphaeraceae,tepidisphaera,tepidisphaera mucosa
Zotu2695,0,0,0,0,0,0,0,0,bacteria,chloroflexota,anaerolineae,anaerolineales,anaerolineaceae,thermomarinilinea,thermomarinilinea lacunifontana
Zotu2696,0,0,0,0,0,0,0,0,bacteria,actinomycetota,actinomycetes,pseudonocardiales,pseudonocardiaceae,allokutzneria,allokutzneria oryzae
Zotu2697,0,1,1,0,15,0,56,36,bacteria,acidobacteriota,acidobacteriia,bryobacterales,solibacteraceae,candidatus solibacter,candidatus solibacter usitatus
Zotu2698,0,0,0,0,0,0,0,0,bacteria,chloroflexota,chloroflexia,chloroflexales,oscillochloridaceae,oscillochloris,oscillochloris trichoides
Zotu2699,0,0,0,0,0,4,0,0,bacteria,bacillota,bacilli,bacillales,bacillaceae,ectobacillus,ectobacillus funiculus
Zotu2701,0,0,0,0,0,2,0,15,bacteria,pseudomonadota,alphaproteobacteria,sphingomonadales,erythrobacteraceae,altericroceibacterium,altericroceibacterium xinjiangense
Zotu2702,1,3,1,0,0,0,0,0,bacteria,bacillota,bacilli,bacillales,bacillaceae,fictibacillus,fictibacillus barbaricus
Zotu2703,0,0,0,1,3,0,7,0,bacteria,gemmatimonadota,longimicrobiia,longimicrobiales,longimicrobiaceae,longimicrobium,longimicrobium terrae
Zotu2704,0,3,1,0,2,0,1,1,archaea,methanobacteriota,thermoplasmata,methanomassiliicoccales,methanomassiliicoccaceae,methanomassiliicoccus,candidatus methanomassiliicoccus intestinalis
Zotu2706,0,0,0,0,0,0,0,0,bacteria,bacteroidota,chitinophagia,chitinophagales,chitinophagaceae,segetibacter,segetibacter koreensis
Zotu2707,0,0,0,0,0,0,0,0,archaea,methanobacteriota,halobacteria,haloferacales,halorubraceae,halorubrum,halorubrum jeotgali
Zotu2708,0,0,1,2,0,0,0,2,bacteria,pseudomonadota,alphaproteobacteria,rhodobacterales,paracoccaceae,paracoccus,paracoccus caeni
Zotu2709,0,0,0,0,0,0,0,0,bacteria,bacteroidota,cytophagia,cytophagales,hymenobacteraceae,adhaeribacter,adhaeribacter arboris
Zotu2710,0,1,1,0,2,0,0,0,bacteria,deinococcota,deinococci,deinococcales,deinococcaceae,deinococcus,deinococcus maricopensis
Zotu2711,4,1,0,2,58,1,0,0,bacteria,pseudomonadota,alphaproteobacteria,hyphomicrobiales,hyphomicrobiaceae,rhodoplanes,rhodoplanes oryzae
Zotu2712,0,0,0,0,8,0,4,0,bacteria,actinomycetota,thermoleophilia,solirubrobacterales,solirubrobacteraceae,solirubrobacter,solirubrobacter ginsenosidimutans
Zotu2713,0,0,0,0,0,1,2,0,bacteria,actinomycetota,rubrobacteria,gaiellales,gaiellaceae,gaiella,gaiella occulta
Zotu2714,0,0,0,0,0,1,0,0,archaea,methanobacteriota,halobacteria,halobacteriales,halobacteriaceae,haloquadratum,haloquadratum walsbyi
Zotu2715,3,0,10,57,2,1,0,3,bacteria,actinomycetota,rubrobacteria,gaiellales,gaiellaceae,gaiella,gaiella occulta
Zotu2716,0,1,0,0,0,0,0,23,bacteria,pseudomonadota,alphaproteobacteria,geminicoccales,geminicoccaceae,arboricoccus,arboricoccus pini
Zotu2718,15,0,0,60,0,1,12,0,bacteria,bacillota,clostridia,eubacteriales,symbiobacteriaceae,symbiobacterium,symbiobacterium terraclitae
Zotu2719,53,0,1,0,0,1,0,0,bacteria,pseudomonadota,gammaproteobacteria,chromatiales,ectothiorhodospiraceae,natronospira,natronospira proteinivora
Zotu2720,1,2,0,0,1,0,2,3,bacteria,pseudomonadota,betaproteobacteria,burkholderiales,sphaerotilaceae,caldimonas,caldimonas brevitalea
Zotu2721,0,0,7,40,18,1,1,0,bacteria,actinomycetota,acidimicrobiia,acidimicrobiales,acidimicrobiaceae,acidiferrimicrobium,acidiferrimicrobium australe
Zotu2722,0,0,0,0,0,0,0,0,bacteria,pseudomonadota,alphaproteobacteria,rhodobacterales,roseobacteraceae,rubellimicrobium,rubellimicrobium mesophilum
Zotu2723,0,1,1,1,3,13,20,50,bacteria,armatimonadota,armatimonadia,armatimonadales,armatimonadaceae,armatimonas,armatimonas rosea
Zotu2724,68,9,12,0,24,6,0,4,bacteria,acidobacteriota,vicinamibacteria,vicinamibacterales,vicinamibacteraceae,vicinamibacter,vicinamibacter silvestris
Zotu2725,21,27,29,0,0,0,2,1,bacteria,acidobacteriota,vicinamibacteria,vicinamibacterales,vicinamibacteraceae,luteitalea,luteitalea pratensis
Zotu2726,25,1,14,1,20,1,0,0,bacteria,actinomycetota,rubrobacteria,rubrobacterales,rubrobacteraceae,rubrobacter,rubrobacter xylanophilus
Zotu2727,0,0,0,0,0,0,0,0,bacteria,actinomycetota,actinomycetes,streptosporangiales,thermomonosporaceae,actinoallomurus,actinoallomurus fulvus
Zotu2728,0,0,1,0,0,0,0,8,bacteria,actinomycetota,thermoleophilia,solirubrobacterales,conexibacteraceae,conexibacter,conexibacter stalactiti
Zotu2729,0,0,0,0,0,0,2,0,bacteria,gemmatimonadota,gemmatimonadetes,gemmatimonadales,gemmatimonadaceae,gemmatimonas,gemmatimonas aurantiaca
Zotu2730,0,0,0,1,0,2,0,2,bacteria,actinomycetota,thermoleophilia,solirubrobacterales,capillimicrobiaceae,capillimicrobium,capillimicrobium parvum
Zotu2731,0,3,1,0,0,1,0,0,bacteria,pseudomonadota,alphaproteobacteria,rhodospirillales,acetobacteraceae,roseicella,roseicella frigidaeris
Zotu2732,36,35,2,0,1,27,0,1,bacteria,pseudomonadota,betaproteobacteria,burkholderiales,burkholderiales,thiobacter,thiobacter subterraneus
Zotu2733,0,9,1,0,36,0,24,1,bacteria,chloroflexota,chloroflexia,chloroflexales,roseiflexaceae,kouleothrix,kouleothrix aurantiaca
Zotu2734,0,0,0,0,0,0,0,0,bacteria,bacillota,clostridia,lutisporales,lutisporaceae,lutispora,lutispora thermophila
Zotu2735,0,0,0,0,4,0,0,0,bacteria,actinomycetota,actinomycetes,streptosporangiales,thermomonosporaceae,actinomadura,actinomadura nitritigenes
Zotu2736,42,49,0,0,0,1,0,1,bacteria,planctomycetota,phycisphaerae,phycisphaerales,phycisphaeraceae,mucisphaera,mucisphaera calidilacus
Zotu2737,0,0,0,0,0,0,0,0,bacteria,actinomycetota,actinomycetes,micromonosporales,micromonosporaceae,micromonospora,micromonospora echinospora
Zotu2738,0,0,0,0,0,0,0,0,bacteria,bacillota,bacilli,bacillales,paenibacillaceae,ammoniphilus,ammoniphilus oxalaticus
Zotu2739,0,0,0,0,0,0,0,0,bacteria,pseudomonadota,gammaproteobacteria,nevskiales,nevskiaceae,panacagrimonas,panacagrimonas perspica
Zotu2740,1,0,0,0,0,0,0,0,archaea,methanobacteriota,methanomicrobia,methanosarcinales,methanosarcinaceae,methanosalsum,methanosalsum natronophilum
Zotu2741,0,0,0,0,0,0,0,0,bacteria,pseudomonadota,gammaproteobacteria,cellvibrionales,cellvibrionaceae,cellvibrio,cellvibrio fibrivorans
Zotu2742,0,0,0,0,0,0,0,0,bacteria,pseudomonadota,alphaproteobacteria,sphingomonadales,sphingomonadaceae,sphingomonas,sphingomonas piscis
Zotu2743,1,4,0,31,3,0,0,1,bacteria,bacillota,bacilli,bacillales,bacillaceae,gracilibacillus,gracilibacillus ureilyticus
Zotu2745,1,0,7,0,0,0,0,0,bacteria,bacillota,clostridia,eubacteriales,clostridiales family xvii. incertae sedis,thermaerobacter,thermaerobacter subterraneus
Zotu2746,0,0,0,0,0,0,0,0,bacteria,actinomycetota,actinomycetes,frankiales,frankiaceae,pseudofrankia,pseudofrankia inefficax
Zotu2747,0,0,0,0,0,0,0,0,bacteria,bacteroidota,chitinophagia,chitinophagales,chitinophagaceae,segetibacter,segetibacter aerophilus
Zotu2748,1,0,0,0,93,0,0,0,archaea,methanobacteriota,halobacteria,halobacteriales,halobacteriaceae,haloquadratum,haloquadratum walsbyi
Zotu2749,0,0,0,0,0,1,0,0,bacteria,actinomycetota,rubrobacteria,rubrobacterales,rubrobacteraceae,rubrobacter,rubrobacter tropicus
Zotu2751,1,0,0,0,0,0,1,0,bacteria,actinomycetota,actinomycetes,streptosporangiales,streptosporangiaceae,nonomuraea,nonomuraea thailandensis
Zotu2752,0,1,0,1,0,0,1,2,bacteria,actinomycetota,actinomycetia,propionibacteriales,nocardioidaceae,nocardioides,nocardioides albus
Zotu2753,1,0,0,77,0,0,0,0,bacteria,thermodesulfobacteriota,thermodesulfobacteria,thermodesulfobacteriales,thermodesulfatatoraceae,thermodesulfatator,thermodesulfatator autotrophicus
Zotu2754,0,0,0,0,0,0,0,0,bacteria,pseudomonadota,alphaproteobacteria,caulobacterales,caulobacteraceae,phenylobacterium,phenylobacterium parvum
Zotu2755,8,0,0,0,0,1,0,0,bacteria,bacillota,clostridia,eubacteriales,symbiobacteriaceae,symbiobacterium,symbiobacterium terraclitae
Zotu2756,0,0,1,0,1,0,1,0,bacteria,chloroflexota,chloroflexota,chloroflexota,chloroflexota,thermobaculum,thermobaculum terrenum
Zotu2757,0,0,0,0,1,0,0,0,bacteria,bacillota,tissierellia,tissierellales,peptoniphilaceae,helcococcus,helcococcus sueciensis
Zotu2758,0,1,0,0,0,9,0,0,bacteria,chloroflexota,chloroflexota,chloroflexota,chloroflexota,thermobaculum,thermobaculum terrenum
Zotu2759,0,0,0,0,0,2,5,0,bacteria,actinomycetota,rubrobacteria,rubrobacterales,rubrobacteraceae,rubrobacter,rubrobacter naiadicus
Zotu2760,0,0,0,0,0,0,0,0,bacteria,bacteroidota,chitinophagia,chitinophagales,chitinophagaceae,segetibacter,segetibacter koreensis
Zotu2761,1,2,1,1,1,17,57,2,bacteria,chloroflexota,chloroflexia,kallotenuales,kallotenuaceae,kallotenue,kallotenue papyrolyticum
Zotu2762,0,1,0,1,0,0,0,0,bacteria,pseudomonadota,alphaproteobacteria,rhodospirillales,dongiaceae,dongia,dongia mobilis
Zotu2763,4,0,0,0,0,0,2,1,bacteria,chloroflexota,tepidiformia,tepidiformales,tepidiformaceae,tepidiforma,tepidiforma bonchosmolovskayae
Zotu2764,17,0,72,0,29,1,0,0,archaea,methanobacteriota,thermoplasmata,methanomassiliicoccales,methanomassiliicoccaceae,methanomassiliicoccus,candidatus methanomassiliicoccus intestinalis
Zotu2765,0,0,0,0,0,0,2,23,bacteria,chloroflexota,chloroflexia,chloroflexales,oscillochloridaceae,oscillochloris,oscillochloris trichoides
Zotu2766,0,0,0,0,0,0,0,0,bacteria,bacteroidota,cytophagia,cytophagales,hymenobacteraceae,rufibacter,rufibacter glacialis
Zotu2767,1,0,0,0,0,5,1,0,bacteria,actinomycetota,rubrobacteria,rubrobacterales,rubrobacteraceae,rubrobacter,rubrobacter spartanus
Zotu2768,0,1,0,0,0,0,0,0,bacteria,pseudomonadota,alphaproteobacteria,hyphomicrobiales,methylobacteriaceae,microvirga,microvirga guangxiensis
Zotu2769,0,0,0,0,0,0,0,0,bacteria,planctomycetota,phycisphaerae,tepidisphaerales,tepidisphaeraceae,tepidisphaera,tepidisphaera mucosa
Zotu2770,0,4,0,0,0,0,1,0,bacteria,bacillota,bacilli,bacillales,paenibacillaceae,paenibacillus,paenibacillus thalictri
Zotu2771,2,0,2,21,11,3,12,5,bacteria,actinomycetota,rubrobacteria,gaiellales,gaiellaceae,gaiella,gaiella occulta
Zotu2772,0,0,0,0,0,0,0,0,bacteria,chloroflexota,chloroflexia,kallotenuales,kallotenuaceae,kallotenue,kallotenue papyrolyticum
Zotu2773,0,0,0,1,0,1,1,0,bacteria,actinomycetota,actinomycetes,micrococcales,microbacteriaceae,microbacterium,microbacterium oryzae
Zotu2774,0,0,18,0,0,0,0,0,bacteria,bacillota,clostridia,eubacteriales,symbiobacteriaceae,symbiobacterium,symbiobacterium turbinis
Zotu2775,0,0,0,0,0,0,0,0,bacteria,planctomycetota,planctomycetia,gemmatales,gemmataceae,gemmata,gemmata palustris
Zotu2776,0,0,1,0,0,0,0,0,bacteria,myxococcota,myxococcota,polyangiales,polyangiaceae,racemicystis,racemicystis persica
Zotu2777,1,49,15,0,7,0,2,0,bacteria,acidobacteriota,vicinamibacteria,vicinamibacterales,vicinamibacteraceae,luteitalea,luteitalea pratensis
Zotu2778,5,0,0,0,0,0,0,0,bacteria,myxococcota,myxococcota,polyangiales,polyangiaceae,racemicystis,racemicystis persica
Zotu2780,2,2,1,1,0,0,2,0,bacteria,pseudomonadota,alphaproteobacteria,sphingomonadales,sphingosinicellaceae,sphingosinicella,sphingosinicella ginsenosidimutans
Zotu2781,0,0,0,0,1,11,3,0,bacteria,actinomycetota,nitriliruptoria,euzebyales,euzebyaceae,euzebya,euzebya tangerina
Zotu2782,0,1,0,0,0,8,32,5,bacteria,gemmatimonadota,longimicrobiia,longimicrobiales,longimicrobiaceae,longimicrobium,longimicrobium terrae
Zotu2783,0,0,0,0,0,0,0,0,bacteria,actinomycetota,actinomycetes,streptosporangiales,nocardiopsaceae,actinorugispora,actinorugispora endophytica
Zotu2784,13,0,1,1,0,0,0,0,bacteria,planctomycetota,planctomycetia,gemmatales,gemmataceae,fimbriiglobus,fimbriiglobus ruber
Zotu2785,7,7,1,3,11,10,7,1,bacteria,actinomycetota,rubrobacteria,gaiellales,gaiellaceae,gaiella,gaiella occulta
Zotu2786,2,0,31,0,30,0,0,0,bacteria,pseudomonadota,betaproteobacteria,nitrosomonadales,methylophilaceae,methylobacillus,methylobacillus flagellatus
Zotu2787,0,0,0,0,0,0,0,8,bacteria,pseudomonadota,gammaproteobacteria,xanthomonadales,xanthomonadaceae,lysobacter,lysobacter tabacisoli
Zotu2788,0,1,0,0,38,0,0,0,archaea,methanobacteriota,thermoplasmata,methanomassiliicoccales,candidatus methanomethylophilaceae,candidatus methanomethylophilus,candidatus methanomethylophilus alvus
Zotu2789,0,0,0,0,0,0,0,0,bacteria,bacteroidota,cytophagia,cytophagales,hymenobacteraceae,pontibacter,pontibacter deserti
Zotu2791,0,0,0,0,0,0,0,0,bacteria,actinomycetota,acidimicrobiia,acidimicrobiales,acidimicrobiaceae,aciditerrimonas,aciditerrimonas ferrireducens
Zotu2792,3,2,5,1,0,2,0,0,bacteria,bacillota,clostridia,eubacteriales,clostridiales family xvii. incertae sedis,thermaerobacter,thermaerobacter subterraneus
Zotu2793,0,0,0,1,0,0,1,30,bacteria,bacteroidota,chitinophagia,chitinophagales,chitinophagaceae,aridibaculum,aridibaculum aurantiacum
Zotu2794,0,0,0,0,0,0,0,1,bacteria,deinococcota,deinococci,deinococcales,deinococcaceae,deinococcus,deinococcus navajonensis
Zotu2795,1,0,0,32,17,37,5,4,bacteria,actinomycetota,acidimicrobiia,acidimicrobiales,acidimicrobiaceae,aciditerrimonas,aciditerrimonas ferrireducens
Zotu2796,0,0,0,0,0,0,0,2,bacteria,actinomycetota,actinomycetes,pseudonocardiales,pseudonocardiaceae,lentzea,lentzea albida
Zotu2797,0,0,1,0,0,0,0,0,bacteria,pseudomonadota,gammaproteobacteria,acidiferrobacterales,acidiferrobacteraceae,sulfuricaulis,sulfuricaulis limicola
Zotu2799,0,0,1,0,0,1,0,0,bacteria,verrucomicrobiota,verrucomicrobiae,verrucomicrobiales,verrucomicrobia subdivision 3,pedosphaera,pedosphaera parvula
Zotu2800,0,0,0,0,1,0,0,0,bacteria,actinomycetota,acidimicrobiia,acidimicrobiales,acidimicrobiaceae,aciditerrimonas,aciditerrimonas ferrireducens
Zotu2801,0,0,0,0,0,0,0,0,bacteria,planctomycetota,planctomycetia,planctomycetales,planctomycetaceae,planctomicrobium,planctomicrobium piriforme
Zotu2802,0,0,0,0,0,0,0,0,bacteria,planctomycetota,planctomycetia,planctomycetales,planctomycetaceae,symmachiella,symmachiella dynata
Zotu2803,0,1,0,0,0,1,0,0,bacteria,pseudomonadota,gammaproteobacteria,nevskiales,nevskiaceae,panacagrimonas,panacagrimonas perspica
Zotu2804,0,3,0,52,0,0,0,1,bacteria,actinomycetota,rubrobacteria,rubrobacterales,rubrobacteraceae,rubrobacter,rubrobacter spartanus
Zotu2805,0,0,0,0,0,0,0,1,bacteria,actinomycetota,acidimicrobiia,acidimicrobiales,iamiaceae,rhabdothermincola,rhabdothermincola sediminis
Zotu2806,0,0,0,0,0,0,0,0,bacteria,bacillota,clostridia,eubacteriales,syntrophomonadaceae,syntrophomonas,syntrophomonas zehnderi
Zotu2807,0,0,0,0,0,0,0,0,bacteria,bacteroidota,chitinophagia,chitinophagales,chitinophagaceae,segetibacter,segetibacter aerophilus
Zotu2808,13,12,46,0,0,0,0,0,bacteria,planctomycetota,phycisphaerae,tepidisphaerales,tepidisphaeraceae,tepidisphaera,tepidisphaera mucosa
Zotu2809,0,0,0,0,0,0,0,0,bacteria,chloroflexota,thermomicrobia,thermomicrobiales,thermomicrobiaceae,thermomicrobium,thermomicrobium roseum
Zotu2810,0,0,0,0,0,0,1,25,bacteria,pseudomonadota,alphaproteobacteria,hyphomicrobiales,methylobacteriaceae,microvirga,microvirga thermotolerans
Zotu2811,0,0,0,0,1,0,0,7,bacteria,actinomycetota,thermoleophilia,solirubrobacterales,baekduiaceae,baekduia,baekduia soli
Zotu2812,0,0,0,0,0,91,0,1,bacteria,planctomycetota,phycisphaerae,tepidisphaerales,tepidisphaeraceae,tepidisphaera,tepidisphaera mucosa
Zotu2814,1,1,0,0,1,0,0,0,bacteria,actinomycetota,rubrobacteria,rubrobacterales,rubrobacteraceae,rubrobacter,rubrobacter marinus
Zotu2815,0,0,0,1,1,0,3,0,bacteria,actinomycetota,actinomycetes,geodermatophilales,geodermatophilaceae,geodermatophilus,geodermatophilus normandii
Zotu2816,0,0,1,0,0,0,2,0,bacteria,actinomycetota,actinomycetes,kitasatosporales,streptomycetaceae,streptomyces,streptomyces olivochromogenes
Zotu2817,0,0,0,0,0,0,0,0,bacteria,verrucomicrobiota,spartobacteria,chthoniobacterales,chthoniobacteraceae,chthoniobacter,chthoniobacter flavus
Zotu2818,0,0,0,1,0,0,0,0,bacteria,planctomycetota,planctomycetia,pirellulales,pirellulaceae,pirellula,pirellula staleyi
Zotu2820,0,3,18,0,0,1,1,0,bacteria,pseudomonadota,deltaproteobacteria,myxococcales,anaeromyxobacteraceae,anaeromyxobacter,anaeromyxobacter dehalogenans
Zotu2821,0,0,0,1,0,0,0,1,bacteria,gemmatimonadota,longimicrobiia,longimicrobiales,longimicrobiaceae,longimicrobium,longimicrobium terrae
Zotu2822,1,0,1,0,0,0,0,2,bacteria,gemmatimonadota,longimicrobiia,longimicrobiales,longimicrobiaceae,longimicrobium,longimicrobium terrae
Zotu2823,0,1,0,0,0,0,0,1,bacteria,pseudomonadota,alphaproteobacteria,sphingomonadales,sphingomonadaceae,sphingomonas,sphingomonas populi
Zotu2824,18,8,58,0,0,0,1,0,bacteria,thermodesulfobacteriota,desulfuromonadia,geobacterales,geobacteraceae,geobacter,geobacter sulfurreducens
Zotu2825,0,0,0,0,0,0,0,0,bacteria,planctomycetota,phycisphaerae,tepidisphaerales,tepidisphaeraceae,tepidisphaera,tepidisphaera mucosa
Zotu2826,0,0,0,2,1,3,0,1,bacteria,myxococcota,myxococcota,haliangiales,kofleriaceae,haliangium,haliangium tepidum
Zotu2827,0,0,0,0,0,0,0,0,bacteria,actinomycetota,actinomycetes,micrococcales,microbacteriaceae,microbacterium,microbacterium yannicii
Zotu2828,0,1,0,0,0,0,14,0,bacteria,gemmatimonadota,longimicrobiia,longimicrobiales,longimicrobiaceae,longimicrobium,longimicrobium terrae
Zotu2829,1,0,0,0,1,1,0,1,bacteria,actinomycetota,rubrobacteria,gaiellales,gaiellaceae,gaiella,gaiella occulta
Zotu2830,0,0,0,1,0,1,0,1,bacteria,bacillota,clostridia,eubacteriales,clostridiales family xvii. incertae sedis,thermaerobacter,thermaerobacter subterraneus
Zotu2831,26,5,0,0,1,0,0,0,bacteria,myxococcota,myxococcota,polyangiales,polyangiaceae,byssovorax,byssovorax cruenta
Zotu2832,0,0,0,0,0,0,0,0,bacteria,actinomycetota,actinomycetes,jiangellales,jiangellaceae,phytoactinopolyspora,phytoactinopolyspora alkaliphila
Zotu2833,0,9,9,1,0,0,19,12,archaea,methanobacteriota,thermoplasmata,methanomassiliicoccales,methanomassiliicoccaceae,methanomassiliicoccus,candidatus methanomassiliicoccus intestinalis
Zotu2834,0,0,0,0,0,0,0,0,bacteria,verrucomicrobiota,verrucomicrobiae,verrucomicrobiales,verrucomicrobia subdivision 3,pedosphaera,pedosphaera parvula
Zotu2835,0,0,0,0,0,0,0,0,bacteria,bacteroidota,chitinophagia,chitinophagales,chitinophagaceae,parasegetibacter,parasegetibacter terrae
Zotu2837,1,0,0,0,0,0,0,0,bacteria,bacteroidota,chitinophagia,chitinophagales,chitinophagaceae,niastella,niastella caeni
Zotu2838,38,11,0,0,2,0,0,0,archaea,methanobacteriota,thermoplasmata,methanomassiliicoccales,candidatus methanomethylophilaceae,candidatus methanomethylophilus,candidatus methanomethylophilus alvus
Zotu2839,1,0,1,0,1,0,0,0,bacteria,bacillota,bacilli,bacillales,paenibacillaceae,paenibacillus,paenibacillus antri
Zotu2840,0,0,0,0,0,12,0,0,bacteria,actinomycetota,thermoleophilia,solirubrobacterales,parviterribacteraceae,parviterribacter,parviterribacter kavangonensis
Zotu2841,28,3,0,0,1,1,4,0,bacteria,actinomycetota,actinomycetes,micromonosporales,micromonosporaceae,micromonospora,micromonospora marina
Zotu2842,0,0,0,0,0,0,0,0,bacteria,pseudomonadota,alphaproteobacteria,hyphomicrobiales,hyphomicrobiaceae,rhodoplanes,rhodoplanes elegans
Zotu2843,0,0,1,0,0,0,1,0,bacteria,planctomycetota,planctomycetia,isosphaerales,isosphaeraceae,singulisphaera,singulisphaera rosea
Zotu2844,0,0,1,1,0,0,0,0,bacteria,pseudomonadota,gammaproteobacteria,gammaproteobacteria,gammaproteobacteria,acidibacter,acidibacter ferrireducens
Zotu2845,17,11,56,0,0,1,0,0,bacteria,planctomycetota,planctomycetia,gemmatales,gemmataceae,gemmata,gemmata obscuriglobus
Zotu2846,0,0,0,2,0,1,0,0,bacteria,planctomycetota,planctomycetia,isosphaerales,isosphaeraceae,singulisphaera,singulisphaera rosea
Zotu2848,61,0,0,0,0,0,0,0,bacteria,planctomycetota,planctomycetia,pirellulales,pirellulaceae,pirellula,pirellula staleyi
Zotu2849,7,4,8,0,1,5,0,1,bacteria,actinomycetota,rubrobacteria,gaiellales,gaiellaceae,gaiella,gaiella occulta
Zotu2850,2,4,56,0,0,0,1,0,bacteria,actinomycetota,thermoleophilia,thermoleophilales,thermoleophilaceae,thermoleophilum,thermoleophilum album
Zotu2851,1,0,2,0,0,0,0,0,bacteria,thermodesulfobacteriota,desulfuromonadia,desulfuromonadales,desulfuromonadaceae,pelobacter,pelobacter seleniigenes
Zotu2853,0,0,0,0,0,0,0,0,bacteria,bacteroidota,chitinophagia,chitinophagales,chitinophagaceae,longitalea,longitalea arenae
Zotu2854,0,0,0,0,0,0,0,0,bacteria,planctomycetota,phycisphaerae,tepidisphaerales,tepidisphaeraceae,tepidisphaera,tepidisphaera mucosa
Zotu2855,0,0,0,0,0,0,1,0,bacteria,pseudomonadota,alphaproteobacteria,hyphomicrobiales,rhizobiaceae,rhizobium,rhizobium puerariae
Zotu2856,0,0,0,0,0,0,0,0,bacteria,actinomycetota,actinomycetes,actinomycetales,actinomycetaceae,actinomyces,actinomyces polynesiensis
Zotu2857,0,0,0,0,0,0,0,0,bacteria,myxococcota,myxococcia,myxococcales,archangiaceae,cystobacter,cystobacter armeniaca
Zotu2858,0,0,1,0,0,0,0,103,bacteria,bacteroidota,cytophagia,cytophagales,fulvivirgaceae,fulvivirga,fulvivirga lutimaris
Zotu2859,0,0,0,0,31,4,3,8,bacteria,chloroflexota,chloroflexia,kallotenuales,kallotenuaceae,kallotenue,kallotenue papyrolyticum
Zotu2860,0,0,1,0,11,0,1,0,bacteria,bacillota,bacilli,bacillales,bacillaceae,metabacillus,metabacillus indicus
Zotu2861,0,0,0,0,0,0,0,12,bacteria,thermodesulfobacteriota,syntrophobacteria,syntrophobacterales,syntrophobacteraceae,desulfoglaeba,desulfoglaeba alkanexedens
Zotu2862,0,0,0,0,0,0,0,0,bacteria,myxococcota,myxococcota,haliangiales,kofleriaceae,haliangium,haliangium tepidum
Zotu2863,0,0,0,0,0,0,0,0,bacteria,pseudomonadota,alphaproteobacteria,sphingomonadales,sphingomonadaceae,sphingomonas,sphingomonas faucium
Zotu2865,0,0,0,0,0,0,9,1,bacteria,pseudomonadota,alphaproteobacteria,hyphomicrobiales,propylenellaceae,propylenella,propylenella binzhouense
Zotu2866,0,0,0,0,0,0,0,0,bacteria,actinomycetota,rubrobacteria,gaiellales,gaiellaceae,gaiella,gaiella occulta
Zotu2867,0,0,0,0,0,2,0,1,bacteria,pseudomonadota,alphaproteobacteria,sphingomonadales,sphingomonadaceae,sphingomonas,sphingomonas sediminicola
Zotu2868,0,0,0,51,10,0,0,0,bacteria,actinomycetota,rubrobacteria,gaiellales,gaiellaceae,gaiella,gaiella occulta
Zotu2869,0,0,1,0,0,0,0,0,bacteria,verrucomicrobiota,spartobacteria,chthoniobacterales,chthoniobacteraceae,chthoniobacter,chthoniobacter flavus
Zotu2870,0,0,0,0,0,0,0,0,bacteria,actinomycetota,actinomycetia,propionibacteriales,nocardioidaceae,nocardioides,nocardioides furvisabuli
Zotu2871,0,0,0,0,0,0,0,0,bacteria,thermodesulfobacteriota,desulfuromonadia,desulfuromonadales,desulfuromonadaceae,pelobacter,pelobacter seleniigenes
Zotu2872,0,0,0,0,0,1,0,1,bacteria,pseudomonadota,betaproteobacteria,neisseriales,neisseriaceae,neisseria,neisseria shayeganii
Zotu2873,2,5,1,0,0,0,1,0,archaea,methanobacteriota,thermoplasmata,methanomassiliicoccales,methanomassiliicoccaceae,methanomassiliicoccus,candidatus methanomassiliicoccus intestinalis
Zotu2874,0,0,0,0,0,17,1,13,bacteria,actinomycetota,rubrobacteria,gaiellales,gaiellaceae,gaiella,gaiella occulta
Zotu2875,0,0,1,0,0,0,0,1,bacteria,pseudomonadota,alphaproteobacteria,caulobacterales,caulobacteraceae,brevundimonas,brevundimonas lutea
Zotu2876,4,19,1,36,0,4,0,0,bacteria,actinomycetota,thermoleophilia,solirubrobacterales,baekduiaceae,baekduia,baekduia soli
Zotu2877,0,0,1,2,0,0,64,15,bacteria,chloroflexota,chloroflexia,kallotenuales,kallotenuaceae,kallotenue,kallotenue papyrolyticum
Zotu2878,0,0,0,0,0,0,0,0,bacteria,rhodothermota,rhodothermia,rhodothermales,rhodothermaceae,rhodocaloribacter,rhodocaloribacter litoris
Zotu2879,0,0,0,0,1,0,1,0,archaea,methanobacteriota,thermoplasmata,methanomassiliicoccales,candidatus methanomethylophilaceae,candidatus methanomethylophilus,candidatus methanomethylophilus alvus
Zotu2881,0,0,1,1,0,0,0,0,bacteria,bacillota,clostridia,eubacteriales,symbiobacteriaceae,symbiobacterium,symbiobacterium terraclitae
Zotu2882,0,0,17,0,1,0,0,0,bacteria,myxococcota,myxococcota,haliangiales,kofleriaceae,haliangium,haliangium tepidum
Zotu2883,0,0,0,0,1,0,1,0,bacteria,pseudomonadota,alphaproteobacteria,caulobacterales,caulobacteraceae,brevundimonas,brevundimonas nasdae
Zotu2885,0,2,1,2,19,15,29,2,bacteria,actinomycetota,thermoleophilia,solirubrobacterales,solirubrobacteraceae,solirubrobacter,solirubrobacter phytolaccae
Zotu2886,1,0,0,1,0,13,61,4,bacteria,bacillota,bacilli,bacillales,thermoactinomycetaceae,melghirimyces,melghirimyces profundicolus
Zotu2887,8,1,1,0,0,5,0,0,bacteria,bacillota,clostridia,eubacteriales,thermincolaceae,thermincola,thermincola ferriacetica
Zotu2889,0,0,0,0,0,0,0,0,bacteria,actinomycetota,acidimicrobiia,acidimicrobiales,ilumatobacteraceae,ilumatobacter,ilumatobacter fluminis
Zotu2890,0,0,0,0,0,0,0,0,bacteria,bacteroidota,chitinophagia,chitinophagales,chitinophagaceae,segetibacter,segetibacter koreensis
Zotu2891,0,0,0,0,0,0,0,0,bacteria,bacteroidota,bacteroidia,bacteroidales,prevotellaceae,prevotella,prevotella corporis
Zotu2892,0,6,1,0,0,0,14,5,bacteria,bacillota,thermolithobacteria,thermolithobacterales,thermolithobacteraceae,thermolithobacter,thermolithobacter ferrireducens
Zotu2893,0,0,0,1,0,0,0,7,bacteria,pseudomonadota,alphaproteobacteria,hyphomicrobiales,methylobacteriaceae,microvirga,microvirga pudoricolor
Zotu2894,1,1,0,0,40,1,0,0,bacteria,pseudomonadota,alphaproteobacteria,rhodospirillales,azospirillaceae,skermanella,skermanella aerolata
Zotu2895,0,0,0,0,0,0,0,5,bacteria,bacteroidota,cytophagia,cytophagales,hymenobacteraceae,nibribacter,nibribacter koreensis
Zotu2896,0,1,0,0,1,1,0,1,bacteria,bacillota,bacilli,bacillales,bacillaceae,robertmurraya,robertmurraya korlensis
Zotu2897,2,2,0,0,0,1,1,2,bacteria,gemmatimonadota,gemmatimonadetes,gemmatimonadales,gemmatimonadaceae,gemmatimonas,gemmatimonas phototrophica
Zotu2898,0,0,1,0,0,10,21,0,bacteria,pseudomonadota,deltaproteobacteria,myxococcales,kofleriaceae,kofleria,kofleria flava
Zotu2899,0,0,0,0,0,0,0,15,bacteria,bacteroidota,sphingobacteriia,sphingobacteriales,aurantibacillaceae,aurantibacillus,aurantibacillus circumpalustris
Zotu2900,0,2,0,0,0,0,0,0,archaea,methanobacteriota,thermoplasmata,methanomassiliicoccales,methanomassiliicoccaceae,methanomassiliicoccus,candidatus methanomassiliicoccus intestinalis
Zotu2902,0,0,0,0,0,0,0,0,archaea,nitrososphaerota,nitrososphaeria,nitrososphaerales,nitrososphaeraceae,candidatus nitrososphaera,candidatus nitrososphaera
Zotu2903,0,0,0,0,0,0,0,0,bacteria,actinomycetota,thermoleophilia,solirubrobacterales,solirubrobacteraceae,solirubrobacter,solirubrobacter ginsenosidimutans
Zotu2904,0,0,0,0,0,0,0,0,bacteria,pseudomonadota,alphaproteobacteria,hyphomicrobiales,rhizobiaceae,neorhizobium,rhizobium huautlense
Zotu2905,1,1,0,0,73,1,1,1,bacteria,acidobacteriota,vicinamibacteria,vicinamibacterales,vicinamibacteraceae,luteitalea,luteitalea pratensis
Zotu2907,0,3,6,80,9,0,0,0,bacteria,actinomycetota,acidimicrobiia,acidimicrobiales,iamiaceae,actinomarinicola,actinomarinicola tropica
Zotu2908,0,0,0,0,0,0,42,12,archaea,methanobacteriota,thermoplasmata,methanomassiliicoccales,methanomassiliicoccaceae,methanomassiliicoccus,candidatus methanomassiliicoccus intestinalis
Zotu2909,0,0,0,50,0,0,0,0,bacteria,bacillota,bacilli,bacillales,bacillaceae,lysinibacillus,lysinibacillus fusiformis
Zotu2910,0,1,0,0,0,1,0,1,bacteria,bacteroidota,bacteroidia,bacteroidales,prevotellaceae,prevotella,prevotella paludivivens
Zotu2911,1,0,0,0,0,0,1,0,bacteria,actinomycetota,actinomycetes,pseudonocardiales,pseudonocardiaceae,saccharothrix,saccharothrix texasensis
Zotu2912,0,0,0,0,0,0,0,0,bacteria,verrucomicrobiota,opitutae,opitutales,opitutaceae,horticoccus,horticoccus luteus
Zotu2913,0,0,0,0,0,0,0,0,bacteria,pseudomonadota,gammaproteobacteria,gammaproteobacteria,gammaproteobacteria,acidibacter,acidibacter ferrireducens
Zotu2914,0,0,1,0,0,0,0,10,bacteria,bacteroidota,chitinophagia,chitinophagales,chitinophagaceae,flavisolibacter,flavisolibacter metallilatus
Zotu2916,0,0,0,0,0,1,0,0,bacteria,actinomycetota,thermoleophilia,solirubrobacterales,parviterribacteraceae,parviterribacter,parviterribacter multiflagellatus
Zotu2917,0,0,0,0,0,0,0,0,bacteria,bacteroidota,cytophagia,cytophagales,hymenobacteraceae,nibribacter,nibribacter koreensis
Zotu2918,0,0,0,0,55,1,1,0,bacteria,actinomycetota,actinomycetes,streptosporangiales,thermomonosporaceae,actinocorallia,actinocorallia libanotica
Zotu2919,0,0,0,1,0,1,0,2,bacteria,chloroflexota,chloroflexia,kallotenuales,kallotenuaceae,kallotenue,kallotenue papyrolyticum
Zotu2920,0,0,0,0,0,0,0,0,bacteria,thermodesulfobacteriota,desulfuromonadia,desulfuromonadales,geothermobacteraceae,geothermobacter,geothermobacter hydrogeniphilus
Zotu2921,0,0,0,0,0,0,0,0,bacteria,bacillota,clostridia,lutisporales,lutisporaceae,lutispora,lutispora thermophila
Zotu2922,0,0,1,0,1,1,0,0,bacteria,pseudomonadota,betaproteobacteria,nitrosomonadales,nitrosomonadaceae,nitrosomonas,nitrosomonas cryotolerans
Zotu2923,48,6,1,0,1,1,0,3,bacteria,pseudomonadota,gammaproteobacteria,methylococcales,methylococcaceae,methylococcus,methylococcus capsulatus
Zotu2924,0,1,2,0,1,0,0,0,bacteria,bacillota,clostridia,eubacteriales,thermincolaceae,thermincola,thermincola ferriacetica
Zotu2925,0,1,0,0,0,1,0,0,bacteria,actinomycetota,actinomycetes,kitasatosporales,streptomycetaceae,streptomyces,streptomyces anandii
Zotu2926,3,42,7,1,13,0,0,0,bacteria,actinomycetota,nitriliruptoria,euzebyales,euzebyaceae,euzebya,euzebya tangerina
Zotu2927,0,0,0,0,0,0,2,0,bacteria,actinomycetota,acidimicrobiia,acidimicrobiales,iamiaceae,actinomarinicola,actinomarinicola tropica
Zotu2928,0,0,0,0,0,0,0,0,bacteria,bacteroidota,chitinophagia,chitinophagales,chitinophagaceae,flavisolibacter,flavisolibacter ginsengiterrae
Zotu2929,0,0,0,0,0,0,0,0,bacteria,actinomycetota,actinomycetes,propionibacteriales,nocardioidaceae,nocardioides,nocardioides pyridinolyticus
Zotu2930,0,0,0,0,0,0,56,1,archaea,methanobacteriota,thermoplasmata,methanomassiliicoccales,methanomassiliicoccaceae,methanomassiliicoccus,candidatus methanomassiliicoccus intestinalis
Zotu2931,0,0,0,0,0,0,0,0,bacteria,actinomycetota,acidimicrobiia,acidimicrobiales,iamiaceae,iamia,iamia majanohamensis
Zotu2932,0,0,0,0,0,0,0,0,bacteria,chloroflexota,thermomicrobia,sphaerobacterales,sphaerobacteraceae,sphaerobacter,sphaerobacter thermophilus
Zotu2933,3,1,0,0,0,1,0,0,archaea,methanobacteriota,thermoplasmata,methanomassiliicoccales,methanomassiliicoccaceae,methanomassiliicoccus,candidatus methanomassiliicoccus intestinalis
Zotu2934,1,0,0,1,0,0,0,5,bacteria,pseudomonadota,alphaproteobacteria,sphingomonadales,sphingosinicellaceae,sphingoaurantiacus,sphingoaurantiacus polygranulatus
Zotu2935,2,8,0,1,0,16,21,5,bacteria,armatimonadota,armatimonadia,armatimonadales,armatimonadaceae,armatimonas,armatimonas rosea
Zotu2936,0,22,0,0,0,1,0,0,bacteria,actinomycetota,nitriliruptoria,euzebyales,euzebyaceae,euzebya,euzebya tangerina
Zotu2938,0,0,0,0,30,0,17,0,bacteria,gemmatimonadota,gemmatimonadetes,gemmatimonadales,gemmatimonadaceae,roseisolibacter,roseisolibacter agri
Zotu2939,1,0,0,0,0,0,1,0,bacteria,pseudomonadota,alphaproteobacteria,rhodobacterales,roseobacteraceae,rubellimicrobium,rubellimicrobium roseum
Zotu2940,0,0,0,0,1,1,0,0,bacteria,gemmatimonadota,gemmatimonadetes,gemmatimonadales,gemmatimonadaceae,gemmatimonas,gemmatimonas aurantiaca
Zotu2941,0,0,0,1,0,0,0,0,bacteria,actinomycetota,thermoleophilia,solirubrobacterales,baekduiaceae,baekduia,baekduia soli
Zotu2942,0,4,0,0,0,0,1,0,bacteria,pseudomonadota,alphaproteobacteria,hyphomicrobiales,xanthobacteraceae,xanthobacter,xanthobacter viscosus
Zotu2943,0,0,0,0,0,0,0,0,bacteria,bacteroidota,chitinophagia,chitinophagales,chitinophagaceae,flavisolibacter,flavisolibacter ginsengiterrae
Zotu2944,0,0,0,0,0,0,0,0,bacteria,pseudomonadota,alphaproteobacteria,sphingomonadales,sphingomonadaceae,sphingomonas,sphingomonas ginkgonis
Zotu2945,16,42,1,0,0,1,2,1,bacteria,acidobacteriota,terriglobia,terriglobales,acidobacteriaceae,edaphobacter,edaphobacter aggregans
Zotu2947,14,7,0,0,39,1,1,0,bacteria,actinomycetota,thermoleophilia,thermoleophilales,thermoleophilaceae,thermoleophilum,thermoleophilum album
Zotu2948,0,0,1,0,0,0,0,0,bacteria,pseudomonadota,gammaproteobacteria,pseudomonadales,pseudomonadaceae,pseudomonas,pseudomonas peli
Zotu2949,0,0,1,1,0,0,0,0,bacteria,verrucomicrobiota,opitutae,opitutales,opitutaceae,opitutus,opitutus terrae
Zotu2950,0,0,0,0,0,0,0,0,bacteria,actinomycetota,actinomycetes,micrococcales,cellulomonadaceae,cellulomonas,cellulomonas telluris
Zotu2951,0,0,0,0,0,0,0,0,bacteria,pseudomonadota,gammaproteobacteria,xanthomonadales,rhodanobacteraceae,luteibacter,luteibacter anthropi
Zotu2952,0,0,2,1,1,6,9,6,bacteria,actinomycetota,acidimicrobiia,acidimicrobiales,iamiaceae,actinomarinicola,actinomarinicola tropica
Zotu2953,0,0,0,1,1,0,0,1,bacteria,bacillota,clostridia,eubacteriales,thermincolaceae,thermincola,thermincola carboxydiphila
Zotu2954,0,0,1,1,1,2,0,1,bacteria,pseudomonadota,gammaproteobacteria,nevskiales,nevskiaceae,panacagrimonas,panacagrimonas perspica
Zotu2955,0,0,0,0,0,1,2,17,bacteria,myxococcota,myxococcia,myxococcales,archangiaceae,hyalangium,hyalangium minutum
Zotu2956,2,0,0,0,1,0,3,1,bacteria,gemmatimonadota,longimicrobiia,longimicrobiales,longimicrobiaceae,longimicrobium,longimicrobium terrae
Zotu2957,0,0,1,0,0,0,1,2,bacteria,cyanobacteriota,cyanobacteria,chroococcales,aphanothecaceae,candidatus atelocyanobacterium,cyanobacterium ucyn-a
Zotu2958,1,0,70,0,0,0,0,0,bacteria,verrucomicrobiota,verrucomicrobiae,limisphaerales,limisphaeraceae,limisphaera,limisphaera ngatamarikiensis
Zotu2960,0,0,0,0,0,0,0,0,bacteria,bacteroidota,cytophagia,cytophagales,hymenobacteraceae,adhaeribacter,adhaeribacter rhizoryzae
Zotu2961,0,0,0,1,0,1,0,2,bacteria,actinomycetota,thermoleophilia,solirubrobacterales,solirubrobacteraceae,solirubrobacter,solirubrobacter phytolaccae
Zotu2962,18,6,82,0,0,0,0,0,bacteria,planctomycetota,planctomycetia,gemmatales,gemmataceae,fimbriiglobus,fimbriiglobus ruber
Zotu2963,0,0,0,1,0,0,0,5,bacteria,thermodesulfobacteriota,desulfuromonadia,desulfuromonadales,desulfuromonadaceae,pelobacter,pelobacter seleniigenes
Zotu2964,0,0,0,0,0,28,0,0,bacteria,chloroflexota,chloroflexia,chloroflexales,roseiflexaceae,kouleothrix,kouleothrix aurantiaca
Zotu2965,1,1,0,0,0,0,5,18,bacteria,actinomycetota,actinomycetes,geodermatophilales,geodermatophilaceae,geodermatophilus,geodermatophilus normandii
Zotu2966,0,0,0,0,11,0,0,0,bacteria,gemmatimonadota,longimicrobiia,longimicrobiales,longimicrobiaceae,longimicrobium,longimicrobium terrae
Zotu2967,5,4,0,0,21,0,0,0,bacteria,pseudomonadota,alphaproteobacteria,hyphomicrobiales,phyllobacteriaceae,chelativorans,chelativorans multitrophicus
Zotu2969,0,0,0,0,0,0,0,0,bacteria,pseudomonadota,alphaproteobacteria,hyphomicrobiales,hyphomicrobiales,flaviflagellibacter,flaviflagellibacter deserti
Zotu2970,0,0,0,0,0,0,0,0,bacteria,pseudomonadota,alphaproteobacteria,sphingomonadales,sphingomonadaceae,sphingomonas,sphingomonas daechungensis
Zotu2971,0,0,0,0,0,0,0,1,bacteria,pseudomonadota,gammaproteobacteria,xanthomonadales,xanthomonadaceae,xanthomonas,xanthomonas cassavae
Zotu2972,0,0,0,0,0,0,0,0,bacteria,actinomycetota,thermoleophilia,solirubrobacterales,solirubrobacteraceae,solirubrobacter,solirubrobacter ginsenosidimutans
Zotu2973,0,0,0,0,0,0,0,0,bacteria,chloroflexota,anaerolineae,anaerolineales,anaerolineaceae,ornatilinea,ornatilinea apprima
Zotu2974,0,0,0,0,0,0,0,0,bacteria,bacillota,tissierellia,tissierellales,peptoniphilaceae,helcococcus,helcococcus sueciensis
Zotu2975,0,0,0,0,0,0,0,0,bacteria,actinomycetota,acidimicrobiia,acidimicrobiales,acidimicrobiaceae,aciditerrimonas,aciditerrimonas ferrireducens
Zotu2976,0,0,0,0,41,32,0,0,bacteria,planctomycetota,planctomycetia,gemmatales,gemmataceae,urbifossiella,urbifossiella limnaea
Zotu2977,8,31,1,1,15,15,0,0,bacteria,acidobacteriota,vicinamibacteria,vicinamibacterales,vicinamibacteraceae,luteitalea,luteitalea pratensis
Zotu2978,0,0,0,0,0,0,0,0,bacteria,pseudomonadota,gammaproteobacteria,thiohalomonadales,thiohalophilaceae,thiohalophilus,thiohalophilus thiocyanatoxydans
Zotu2979,0,1,0,0,0,0,0,0,bacteria,gemmatimonadota,longimicrobiia,longimicrobiales,longimicrobiaceae,longimicrobium,longimicrobium terrae
Zotu2980,0,0,0,0,0,0,0,0,bacteria,actinomycetota,nitriliruptoria,egibacterales,egibacteraceae,egibacter,egibacter rhizosphaerae
Zotu2981,0,0,0,0,0,0,0,0,bacteria,chloroflexota,anaerolineae,anaerolineales,anaerolineaceae,thermomarinilinea,thermomarinilinea lacunifontana
Zotu2982,0,0,0,0,0,0,0,0,bacteria,planctomycetota,planctomycetia,gemmatales,gemmataceae,zavarzinella,zavarzinella formosa
Zotu2983,0,75,0,0,0,0,1,0,bacteria,pseudomonadota,gammaproteobacteria,chromatiales,ectothiorhodospiraceae,nitrococcus,nitrococcus mobilis
Zotu2984,1,0,0,1,0,1,0,0,bacteria,actinomycetota,actinomycetes,pseudonocardiales,pseudonocardiaceae,pseudonocardia,pseudonocardia saturnea
Zotu2985,1,0,1,0,0,0,1,13,archaea,methanobacteriota,thermoplasmata,methanomassiliicoccales,methanomassiliicoccaceae,methanomassiliicoccus,candidatus methanomassiliicoccus intestinalis
Zotu2986,0,0,0,0,0,0,0,0,bacteria,verrucomicrobiota,verrucomicrobiae,verrucomicrobiales,verrucomicrobia subdivision 3,pedosphaera,pedosphaera parvula
Zotu2987,0,0,0,0,1,0,0,4,bacteria,actinomycetota,actinomycetes,frankiales,frankiaceae,parafrankia,parafrankia discariae
Zotu2988,0,0,1,0,1,0,0,0,bacteria,bacillota,bacilli,bacillales,bacillaceae,perspicuibacillus,perspicuibacillus lycopersici
Zotu2990,0,1,0,0,0,1,0,1,bacteria,chloroflexota,caldilineae,caldilineales,caldilineaceae,caldilinea,caldilinea tarbellica
Zotu2992,0,2,0,0,0,0,0,0,bacteria,pseudomonadota,betaproteobacteria,burkholderiales,burkholderiaceae,cupriavidus,cupriavidus metallidurans
Zotu2994,0,4,0,0,0,0,1,5,bacteria,actinomycetota,rubrobacteria,rubrobacterales,rubrobacteraceae,rubrobacter,rubrobacter radiotolerans
Zotu2997,1,0,0,0,0,0,1,0,bacteria,thermodesulfobacteriota,desulfuromonadia,desulfuromonadales,desulfuromonadaceae,desulfuromonas,desulfuromonas michiganensis
Zotu2998,0,0,0,0,0,0,0,0,bacteria,bacillota,bacilli,bacillales,paenibacillaceae,paenibacillus,paenibacillus mucilaginosus
Zotu2999,0,0,0,0,0,0,0,0,bacteria,actinomycetota,thermoleophilia,solirubrobacterales,solirubrobacteraceae,solirubrobacter,solirubrobacter phytolaccae
Zotu3001,0,0,0,0,20,16,19,1,bacteria,actinomycetota,rubrobacteria,rubrobacterales,rubrobacteraceae,rubrobacter,rubrobacter taiwanensis
Zotu3002,0,0,0,0,0,0,0,0,bacteria,myxococcota,myxococcia,myxococcales,archangiaceae,hyalangium,hyalangium minutum
Zotu3004,0,0,0,0,0,0,0,0,bacteria,actinomycetota,actinomycetes,micrococcales,micrococcaceae,arthrobacter,arthrobacter deserti
Zotu3005,2,7,0,1,12,0,1,0,bacteria,actinomycetota,thermoleophilia,solirubrobacterales,capillimicrobiaceae,capillimicrobium,capillimicrobium parvum
Zotu3006,0,0,0,0,0,0,0,0,bacteria,planctomycetota,phycisphaerae,tepidisphaerales,tepidisphaeraceae,tepidisphaera,tepidisphaera mucosa
Zotu3007,0,0,0,0,0,0,0,0,bacteria,myxococcota,myxococcia,myxococcales,myxococcaceae,simulacricoccus,simulacricoccus ruber
Zotu3009,14,4,23,1,0,2,0,0,bacteria,actinomycetota,acidimicrobiia,acidimicrobiales,acidimicrobiaceae,aciditerrimonas,aciditerrimonas ferrireducens
Zotu3010,0,5,1,0,0,0,0,6,bacteria,pseudomonadota,deltaproteobacteria,myxococcales,anaeromyxobacteraceae,anaeromyxobacter,anaeromyxobacter dehalogenans
Zotu3011,0,0,0,0,0,0,0,0,bacteria,planctomycetota,planctomycetia,planctomycetales,planctomycetaceae,symmachiella,symmachiella dynata
Zotu3013,0,0,0,65,0,0,0,0,bacteria,bacillota,bacilli,bacillales,alicyclobacillaceae,tumebacillus,tumebacillus lipolyticus
Zotu3014,0,0,0,0,0,0,0,0,bacteria,actinomycetota,acidimicrobiia,acidimicrobiales,acidimicrobiaceae,aciditerrimonas,aciditerrimonas ferrireducens
Zotu3015,1,0,0,0,0,0,0,0,bacteria,pseudomonadota,alphaproteobacteria,hyphomicrobiales,pleomorphomonadaceae,faunimonas,faunimonas pinastri
Zotu3016,1,0,0,1,0,0,0,1,bacteria,chloroflexota,chloroflexia,herpetosiphonales,herpetosiphonaceae,herpetosiphon,herpetosiphon aurantiacus
Zotu3017,0,1,0,0,0,0,0,2,bacteria,bacillota,clostridia,eubacteriales,symbiobacteriaceae,symbiobacterium,symbiobacterium terraclitae
Zotu3018,0,0,0,0,0,0,3,0,bacteria,actinomycetota,actinomycetes,micrococcales,micrococcaceae,zafaria,zafaria cholistanensis
Zotu3019,1,3,17,0,0,1,1,0,bacteria,chloroflexota,tepidiformia,tepidiformales,tepidiformaceae,tepidiforma,tepidiforma bonchosmolovskayae
Zotu3020,1,0,5,0,1,0,1,1,bacteria,gemmatimonadota,longimicrobiia,longimicrobiales,longimicrobiaceae,longimicrobium,longimicrobium terrae
Zotu3021,34,4,43,0,0,0,0,0,archaea,methanobacteriota,thermoplasmata,methanomassiliicoccales,methanomassiliicoccaceae,methanomassiliicoccus,methanomassiliicoccus luminyensis
Zotu3022,0,0,0,0,0,0,0,0,bacteria,pseudomonadota,alphaproteobacteria,rhodobacterales,roseobacteraceae,rubellimicrobium,rubellimicrobium aerolatum
Zotu3023,0,2,0,0,0,1,0,1,bacteria,pseudomonadota,alphaproteobacteria,caulobacterales,caulobacteraceae,phenylobacterium,phenylobacterium hankyongense
Zotu3024,1,0,0,0,1,0,0,36,bacteria,bacteroidota,cytophagia,cytophagales,hymenobacteraceae,adhaeribacter,adhaeribacter terreus
Zotu3025,17,59,1,1,0,35,2,0,archaea,methanobacteriota,thermoplasmata,methanomassiliicoccales,methanomassiliicoccaceae,methanomassiliicoccus,candidatus methanomassiliicoccus intestinalis
Zotu3026,0,0,1,0,0,12,0,1,bacteria,verrucomicrobiota,verrucomicrobiae,verrucomicrobiales,verrucomicrobia subdivision 3,pedosphaera,pedosphaera parvula
Zotu3027,0,0,0,0,0,0,1,0,bacteria,pseudomonadota,alphaproteobacteria,hyphomicrobiales,hyphomicrobiaceae,rhodoplanes,rhodoplanes elegans
Zotu3028,0,0,0,0,12,0,0,0,bacteria,thermomicrobiota,thermomicrobia,sphaerobacterales,sphaerobacteraceae,sphaerobacter,sphaerobacter thermophilus
Zotu3029,0,0,0,0,2,1,0,5,bacteria,actinomycetota,actinomycetes,geodermatophilales,geodermatophilaceae,blastococcus,blastococcus jejuensis
Zotu3030,0,0,0,0,0,0,0,0,bacteria,thermodesulfobacteriota,desulfuromonadia,desulfuromonadales,geoalkalibacteraceae,geoalkalibacter,geoalkalibacter ferrihydriticus
Zotu3031,0,2,0,0,0,1,0,0,bacteria,actinomycetota,thermoleophilia,solirubrobacterales,solirubrobacteraceae,solirubrobacter,solirubrobacter phytolaccae
Zotu3032,1,0,0,0,0,1,0,0,bacteria,actinomycetota,rubrobacteria,gaiellales,gaiellaceae,gaiella,gaiella occulta
Zotu3033,0,0,0,0,0,0,0,0,bacteria,bacteroidota,cytophagia,cytophagales,fulvivirgaceae,ohtaekwangia,ohtaekwangia koreensis
Zotu3034,0,1,0,0,0,54,0,0,bacteria,verrucomicrobiota,verrucomicrobiae,limisphaerales,limisphaeraceae,limisphaera,limisphaera ngatamarikiensis
Zotu3035,3,4,1,9,18,0,6,2,bacteria,chloroflexota,chloroflexota,chloroflexota,chloroflexota,thermobaculum,thermobaculum terrenum
Zotu3036,0,0,1,0,2,0,0,0,bacteria,actinomycetota,acidimicrobiia,acidimicrobiales,iamiaceae,actinomarinicola,actinomarinicola tropica
Zotu3037,0,0,0,0,0,0,0,7,bacteria,pseudomonadota,alphaproteobacteria,hyphomicrobiales,pleomorphomonadaceae,chthonobacter,chthonobacter rhizosphaerae
Zotu3038,0,0,0,0,1,0,0,0,bacteria,pseudomonadota,alphaproteobacteria,rhodospirillales,azospirillaceae,skermanella,skermanella rubra
Zotu3039,0,0,1,0,0,0,0,0,bacteria,actinomycetota,actinomycetes,mycobacteriales,mycobacteriaceae,mycolicibacterium,mycolicibacterium stellerae
Zotu3040,0,0,0,0,38,0,11,6,bacteria,chloroflexota,chloroflexia,kallotenuales,kallotenuaceae,kallotenue,kallotenue papyrolyticum
Zotu3041,0,0,1,0,0,0,28,6,bacteria,planctomycetota,phycisphaerae,tepidisphaerales,tepidisphaeraceae,tepidisphaera,tepidisphaera mucosa
Zotu3042,0,0,0,0,0,0,0,0,bacteria,pseudomonadota,alphaproteobacteria,hyphomicrobiales,hyphomicrobiaceae,hyphomicrobium,hyphomicrobium hollandicum
Zotu3043,0,0,0,0,0,0,0,0,bacteria,actinomycetota,acidimicrobiia,acidimicrobiales,acidimicrobiaceae,aciditerrimonas,aciditerrimonas ferrireducens
Zotu3044,0,0,0,0,0,0,0,0,bacteria,myxococcota,myxococcota,haliangiales,kofleriaceae,haliangium,haliangium ochraceum
Zotu3045,0,0,0,0,0,0,0,0,archaea,methanobacteriota,halobacteria,halobacteriales,halobacteriaceae,halonotius,halonotius pteroides
Zotu3047,0,1,47,0,0,0,0,0,bacteria,planctomycetota,planctomycetia,gemmatales,gemmataceae,fimbriiglobus,fimbriiglobus ruber
Zotu3048,0,3,0,1,64,0,2,0,bacteria,pseudomonadota,gammaproteobacteria,methylococcales,methylococcaceae,methylogaea,methylogaea oryzae
Zotu3049,0,0,0,0,0,0,0,0,bacteria,gemmatimonadota,longimicrobiia,longimicrobiales,longimicrobiaceae,longimicrobium,longimicrobium terrae
Zotu3050,0,0,0,0,0,0,0,0,bacteria,chloroflexota,chloroflexia,herpetosiphonales,herpetosiphonaceae,herpetosiphon,herpetosiphon aurantiacus
Zotu3051,1,1,0,0,1,0,0,0,bacteria,actinomycetota,acidimicrobiia,acidimicrobiales,acidimicrobiaceae,aciditerrimonas,aciditerrimonas ferrireducens
Zotu3052,6,0,0,0,0,0,0,0,archaea,methanobacteriota,thermoplasmata,methanomassiliicoccales,methanomassiliicoccaceae,methanomassiliicoccus,candidatus methanomassiliicoccus intestinalis
Zotu3053,3,0,0,0,0,1,32,15,bacteria,gemmatimonadota,gemmatimonadetes,gemmatimonadales,gemmatimonadaceae,roseisolibacter,roseisolibacter agri
Zotu3054,15,20,38,0,0,0,0,0,bacteria,chloroflexota,tepidiformia,tepidiformales,tepidiformaceae,tepidiforma,tepidiforma bonchosmolovskayae
Zotu3055,69,0,0,1,0,0,0,2,bacteria,chloroflexota,thermoflexia,thermoflexales,thermoflexaceae,thermoflexus,thermoflexus hugenholtzii
Zotu3056,1,0,1,0,35,22,0,0,bacteria,planctomycetota,phycisphaerae,tepidisphaerales,tepidisphaeraceae,tepidisphaera,tepidisphaera mucosa
Zotu3057,38,28,0,2,1,12,0,1,bacteria,chloroflexota,anaerolineae,anaerolineales,anaerolineaceae,thermanaerothrix,thermanaerothrix daxensis
Zotu3058,0,0,0,0,0,0,0,0,bacteria,gemmatimonadota,longimicrobiia,longimicrobiales,longimicrobiaceae,longimicrobium,longimicrobium terrae
Zotu3059,0,0,0,0,1,0,0,4,bacteria,actinomycetota,actinomycetes,micrococcales,brevibacteriaceae,brevibacterium,brevibacterium ihuae
Zotu3060,0,0,0,0,0,0,0,0,bacteria,pseudomonadota,alphaproteobacteria,hyphomicrobiales,methylobacteriaceae,microvirga,microvirga thermotolerans
Zotu3061,0,0,0,0,0,0,0,0,bacteria,actinomycetota,thermoleophilia,solirubrobacterales,conexibacteraceae,conexibacter,conexibacter woesei
Zotu3062,0,0,0,1,0,0,1,0,bacteria,bacteroidota,cytophagia,cytophagales,hymenobacteraceae,adhaeribacter,adhaeribacter terrigena
Zotu3063,0,0,0,0,0,0,0,0,bacteria,actinomycetota,acidimicrobiia,acidimicrobiales,acidimicrobiaceae,aciditerrimonas,aciditerrimonas ferrireducens
Zotu3064,0,0,0,0,0,0,0,0,bacteria,chloroflexota,anaerolineae,anaerolineales,anaerolineaceae,thermanaerothrix,thermanaerothrix daxensis
Zotu3066,0,0,0,0,0,0,0,0,bacteria,pseudomonadota,alphaproteobacteria,hyphomicrobiales,aestuariivirgaceae,aestuariivirga,aestuariivirga litoralis
Zotu3067,0,0,0,0,0,0,0,0,bacteria,bacteroidota,cytophagia,cytophagales,fulvivirgaceae,fulvivirga,fulvivirga imtechensis
Zotu3068,0,0,0,0,0,0,0,0,bacteria,bacteroidota,cytophagia,cytophagales,hymenobacteraceae,pontibacter,pontibacter amylolyticus
Zotu3069,0,0,0,0,0,0,0,9,bacteria,bacteroidota,sphingobacteriia,sphingobacteriales,sphingobacteriaceae,pedobacter,pedobacter mongoliensis
Zotu3070,0,0,0,0,0,0,23,23,bacteria,pseudomonadota,alphaproteobacteria,hyphomicrobiales,methylocystaceae,methylocystis,methylocystis echinoides
Zotu3071,0,0,0,0,0,0,0,0,bacteria,actinomycetota,acidimicrobiia,acidimicrobiales,acidimicrobiaceae,aciditerrimonas,aciditerrimonas ferrireducens
Zotu3072,0,7,1,0,0,0,1,0,bacteria,myxococcota,myxococcia,myxococcales,myxococcaceae,simulacricoccus,simulacricoccus ruber
Zotu3073,0,0,0,0,1,1,7,1,bacteria,pseudomonadota,alphaproteobacteria,hyphomicrobiales,propylenellaceae,propylenella,propylenella binzhouense
Zotu3074,0,0,0,0,0,0,0,0,bacteria,planctomycetota,planctomycetia,isosphaerales,isosphaeraceae,singulisphaera,singulisphaera rosea
Zotu3076,0,0,0,0,0,0,0,0,bacteria,bacteroidota,chitinophagia,chitinophagales,chitinophagaceae,flavisolibacter,flavisolibacter ginsengiterrae
Zotu3077,1,4,12,0,26,0,8,0,bacteria,actinomycetota,rubrobacteria,gaiellales,gaiellaceae,gaiella,gaiella occulta
Zotu3078,0,0,0,0,1,0,0,0,bacteria,pseudomonadota,alphaproteobacteria,hyphomicrobiales,devosiaceae,devosia,devosia terrae
Zotu3079,0,0,0,0,0,0,0,0,bacteria,planctomycetota,planctomycetia,gemmatales,gemmataceae,gemmata,gemmata palustris
Zotu3080,0,0,0,0,0,0,0,0,bacteria,actinomycetota,actinomycetes,kitasatosporales,streptomycetaceae,streptomyces,streptomyces smyrnaeus
Zotu3081,2,0,0,0,0,0,0,0,bacteria,bacillota,clostridia,eubacteriales,syntrophomonadaceae,syntrophothermus,syntrophothermus lipocalidus
Zotu3082,0,0,0,0,0,0,0,0,bacteria,planctomycetota,planctomycetia,pirellulales,pirellulaceae,candidatus anammoximicrobium,candidatus anammoximicrobium moscowii
Zotu3083,0,1,0,1,0,1,0,0,bacteria,actinomycetota,rubrobacteria,rubrobacterales,rubrobacteraceae,rubrobacter,rubrobacter naiadicus
Zotu3084,0,0,0,0,0,0,0,0,bacteria,pseudomonadota,betaproteobacteria,nitrosomonadales,methylophilaceae,methylobacillus,methylobacillus flagellatus
Zotu3085,0,0,0,0,0,1,0,0,archaea,methanobacteriota,thermoplasmata,methanomassiliicoccales,methanomassiliicoccaceae,methanomassiliicoccus,candidatus methanomassiliicoccus intestinalis
Zotu3086,0,0,0,0,0,0,1,0,bacteria,actinomycetota,rubrobacteria,rubrobacterales,rubrobacteraceae,rubrobacter,rubrobacter taiwanensis
Zotu3087,0,0,0,0,0,0,0,0,bacteria,deinococcota,deinococci,trueperales,trueperaceae,truepera,truepera radiovictrix
Zotu3088,0,0,0,0,0,0,0,0,bacteria,actinomycetota,thermoleophilia,thermoleophilales,thermoleophilaceae,thermoleophilum,thermoleophilum album
Zotu3089,0,0,0,0,0,0,0,0,bacteria,planctomycetota,phycisphaerae,tepidisphaerales,tepidisphaeraceae,tepidisphaera,tepidisphaera mucosa
Zotu3090,0,0,0,0,0,1,0,0,bacteria,planctomycetota,phycisphaerae,sedimentisphaerales,anaerohalosphaeraceae,anaerohalosphaera,anaerohalosphaera lusitana
Zotu3091,0,0,5,0,0,2,4,0,bacteria,actinomycetota,thermoleophilia,solirubrobacterales,solirubrobacteraceae,solirubrobacter,solirubrobacter phytolaccae
Zotu3092,0,0,0,0,0,0,0,0,bacteria,bacteroidota,sphingobacteriia,sphingobacteriales,sphingobacteriaceae,solitalea,solitalea canadensis
Zotu3093,0,0,0,0,0,0,0,0,bacteria,verrucomicrobiota,verrucomicrobiae,limisphaerales,limisphaeraceae,limisphaera,limisphaera ngatamarikiensis
Zotu3094,0,1,2,5,0,0,0,0,bacteria,actinomycetota,acidimicrobiia,acidimicrobiales,acidimicrobiaceae,aciditerrimonas,aciditerrimonas ferrireducens
Zotu3095,0,0,0,0,0,1,0,0,bacteria,verrucomicrobiota,opitutae,opitutales,opitutaceae,horticoccus,horticoccus luteus
Zotu3096,0,0,0,1,0,0,0,4,bacteria,bacteroidota,cytophagia,cytophagales,hymenobacteraceae,rufibacter,rufibacter glacialis
Zotu3098,0,1,0,1,0,0,2,6,bacteria,actinomycetota,thermoleophilia,solirubrobacterales,baekduiaceae,baekduia,baekduia soli
Zotu3099,0,0,1,0,1,0,10,2,bacteria,gemmatimonadota,gemmatimonadetes,gemmatimonadales,gemmatimonadaceae,roseisolibacter,roseisolibacter agri
Zotu3100,0,0,0,1,0,0,0,0,bacteria,pseudomonadota,gammaproteobacteria,nevskiales,nevskiaceae,panacagrimonas,panacagrimonas perspica
Zotu3101,1,1,0,0,0,0,2,0,bacteria,actinomycetota,nitriliruptoria,euzebyales,euzebyaceae,euzebya,euzebya pacifica
Zotu3102,1,0,1,1,0,0,0,0,bacteria,actinomycetota,thermoleophilia,solirubrobacterales,conexibacteraceae,conexibacter,conexibacter stalactiti
Zotu3103,0,1,0,0,0,0,0,0,bacteria,pseudomonadota,alphaproteobacteria,sphingomonadales,sphingomonadaceae,sphingomonas,sphingomonas panaciterrae
Zotu3104,0,0,0,0,0,0,0,0,bacteria,verrucomicrobiota,verrucomicrobiae,verrucomicrobiales,verrucomicrobia subdivision 3,pedosphaera,pedosphaera parvula
Zotu3106,0,0,0,0,1,0,1,0,bacteria,gemmatimonadota,gemmatimonadetes,gemmatimonadales,gemmatimonadaceae,gemmatimonas,gemmatimonas phototrophica
Zotu3107,0,1,0,1,0,0,0,0,bacteria,verrucomicrobiota,verrucomicrobiae,verrucomicrobiales,verrucomicrobia subdivision 3,pedosphaera,pedosphaera parvula
Zotu3108,0,1,0,0,0,0,1,0,bacteria,bacillota,clostridia,eubacteriales,syntrophomonadaceae,syntrophomonas,syntrophomonas zehnderi
Zotu3109,0,0,0,0,0,0,0,0,bacteria,actinomycetota,rubrobacteria,rubrobacterales,rubrobacteraceae,rubrobacter,rubrobacter spartanus
Zotu3110,0,0,0,0,0,1,0,0,bacteria,pseudomonadota,gammaproteobacteria,nevskiales,nevskiaceae,panacagrimonas,panacagrimonas perspica
Zotu3111,0,0,0,0,0,0,0,0,bacteria,verrucomicrobiota,verrucomicrobiae,verrucomicrobiales,verrucomicrobia subdivision 3,pedosphaera,pedosphaera parvula
Zotu3112,4,1,26,2,0,4,1,0,bacteria,actinomycetota,thermoleophilia,solirubrobacterales,conexibacteraceae,conexibacter,conexibacter arvalis
Zotu3113,0,0,0,0,0,0,0,0,archaea,methanobacteriota,halobacteria,halobacteriales,halobacteriaceae,halorussus,halorussus ruber
Zotu3114,1,0,0,0,0,0,0,1,bacteria,pseudomonadota,gammaproteobacteria,gammaproteobacteria,gammaproteobacteria,acidibacter,acidibacter ferrireducens
Zotu3115,0,0,0,0,0,0,0,0,bacteria,acidobacteriota,vicinamibacteria,vicinamibacterales,vicinamibacteraceae,vicinamibacter,vicinamibacter silvestris
Zotu3116,0,0,0,0,0,0,0,0,bacteria,acidobacteriota,vicinamibacteria,vicinamibacterales,vicinamibacteraceae,vicinamibacter,vicinamibacter silvestris
Zotu3117,9,28,0,0,5,19,1,0,bacteria,bacillota,clostridia,moorellales,moorellaceae,thermanaeromonas,thermanaeromonas burensis
Zotu3119,0,0,0,0,0,0,0,0,bacteria,bacillota,clostridia,eubacteriales,symbiobacteriaceae,symbiobacterium,symbiobacterium terraclitae
Zotu3120,0,0,0,0,0,0,0,0,archaea,methanobacteriota,thermoplasmata,methanomassiliicoccales,methanomassiliicoccaceae,methanomassiliicoccus,candidatus methanomassiliicoccus intestinalis
Zotu3121,0,0,0,0,48,0,1,0,bacteria,acidobacteriota,vicinamibacteria,vicinamibacterales,vicinamibacteraceae,vicinamibacter,vicinamibacter silvestris
Zotu3122,0,0,0,0,1,0,0,0,bacteria,pseudomonadota,alphaproteobacteria,hyphomicrobiales,methylobacteriaceae,methylobacterium,methylobacterium iners
Zotu3123,0,0,1,0,1,0,0,1,bacteria,pseudomonadota,alphaproteobacteria,hyphomicrobiales,pleomorphomonadaceae,pleomorphomonas,pleomorphomonas oryzae
Zotu3124,2,4,0,0,71,0,0,7,archaea,methanobacteriota,thermoplasmata,methanomassiliicoccales,candidatus methanomethylophilaceae,candidatus methanomethylophilus,candidatus methanomethylophilus alvus
Zotu3125,0,0,0,0,0,0,0,0,bacteria,actinomycetota,rubrobacteria,gaiellales,gaiellaceae,gaiella,gaiella occulta
Zotu3127,5,13,24,0,2,0,0,0,bacteria,acidobacteriota,vicinamibacteria,vicinamibacterales,vicinamibacteraceae,luteitalea,luteitalea pratensis
Zotu3128,0,0,0,0,0,0,0,0,bacteria,bacteroidota,cytophagia,cytophagales,hymenobacteraceae,adhaeribacter,adhaeribacter aquaticus
Zotu3129,0,1,0,1,2,0,1,0,bacteria,myxococcota,myxococcia,myxococcales,archangiaceae,archangium,archangium gephyra
Zotu3130,23,8,21,0,0,0,0,0,bacteria,pseudomonadota,deltaproteobacteria,desulfuromonadales,desulfuromonadaceae,pelobacter,pelobacter carbinolicus
Zotu3131,0,0,0,0,0,0,0,0,bacteria,bacteroidota,chitinophagia,chitinophagales,chitinophagaceae,flavisolibacter,flavisolibacter metallilatus
Zotu3132,0,0,0,0,0,0,0,1,bacteria,pseudomonadota,alphaproteobacteria,rhodospirillales,oceanibaculaceae,oceanibaculum,oceanibaculum pacificum
Zotu3133,0,0,0,0,0,0,0,0,bacteria,bacteroidota,chitinophagia,chitinophagales,chitinophagaceae,flavisolibacter,flavisolibacter galbus
Zotu3134,1,3,0,0,0,0,0,0,archaea,methanobacteriota,thermoplasmata,methanomassiliicoccales,methanomassiliicoccaceae,methanomassiliicoccus,candidatus methanomassiliicoccus intestinalis
Zotu3135,4,8,0,38,1,11,0,0,bacteria,actinomycetota,rubrobacteria,gaiellales,gaiellaceae,gaiella,gaiella occulta
Zotu3136,0,1,0,0,0,0,0,0,bacteria,pseudomonadota,alphaproteobacteria,sphingomonadales,erythrobacteraceae,porphyrobacter,porphyrobacter donghaensis
Zotu3137,73,14,0,0,0,0,0,0,bacteria,planctomycetota,planctomycetia,pirellulales,lacipirellulaceae,pirellulimonas,pirellulimonas nuda
Zotu3138,0,0,0,0,1,0,2,0,bacteria,pseudomonadota,betaproteobacteria,nitrosomonadales,methylophilaceae,methylophilus,methylophilus methylotrophus
Zotu3139,0,0,0,1,0,0,0,0,bacteria,atribacterota,atribacteria,atribacterales,atribacteraceae,atribacter,atribacter laminatus
Zotu3140,0,21,34,0,0,0,0,0,bacteria,planctomycetota,planctomycetia,pirellulales,lacipirellulaceae,pirellulimonas,pirellulimonas nuda
Zotu3141,0,0,1,0,1,0,0,1,bacteria,actinomycetota,thermoleophilia,solirubrobacterales,baekduiaceae,baekduia,baekduia soli
Zotu3142,0,8,0,1,56,0,0,1,bacteria,verrucomicrobiota,verrucomicrobiae,verrucomicrobiales,verrucomicrobia subdivision 3,pedosphaera,pedosphaera parvula
Zotu3144,0,0,0,0,0,0,0,0,bacteria,actinomycetota,actinomycetes,jiangellales,jiangellaceae,jiangella,jiangella alba
Zotu3145,0,0,0,0,0,0,0,0,bacteria,pseudomonadota,gammaproteobacteria,xanthomonadales,xanthomonadaceae,lysobacter,lysobacter korlensis
Zotu3146,0,0,0,2,0,1,24,16,bacteria,pseudomonadota,alphaproteobacteria,sphingomonadales,sphingomonadaceae,sphingomonas,sphingomonas lutea
Zotu3147,14,37,0,0,0,0,0,0,bacteria,verrucomicrobiota,verrucomicrobiae,limisphaerales,fontisphaeraceae,fontisphaera,fontisphaera persica
Zotu3148,1,0,0,0,1,58,16,0,bacteria,verrucomicrobiota,verrucomicrobiae,verrucomicrobiales,verrucomicrobia subdivision 3,pedosphaera,pedosphaera parvula
Zotu3149,0,0,0,50,9,1,0,0,bacteria,actinomycetota,rubrobacteria,rubrobacterales,rubrobacteraceae,rubrobacter,rubrobacter naiadicus
Zotu3150,0,0,0,0,0,0,0,0,bacteria,verrucomicrobiota,spartobacteria,chthoniobacterales,chthoniobacteraceae,chthoniobacter,chthoniobacter flavus
Zotu3151,0,0,0,34,0,0,10,3,bacteria,bacillota,clostridia,eubacteriales,peptococcaceae,desulforamulus,desulforamulus ferrireducens
Zotu3152,0,0,1,0,0,0,0,2,bacteria,gemmatimonadota,longimicrobiia,longimicrobiales,longimicrobiaceae,longimicrobium,longimicrobium terrae
Zotu3153,0,0,0,0,0,0,0,0,bacteria,thermodesulfobacteriota,desulfuromonadia,desulfuromonadales,desulfuromonadaceae,desulfuromonas,desulfuromonas svalbardensis
Zotu3154,1,1,1,0,1,0,0,0,bacteria,actinomycetota,actinomycetes,micrococcales,brevibacteriaceae,brevibacterium,brevibacterium pityocampae
Zotu3155,0,0,0,0,0,0,1,0,bacteria,pseudomonadota,gammaproteobacteria,chromatiales,chromatiaceae,imhoffiella,imhoffiella bheemlica
Zotu3156,0,0,0,0,0,0,0,0,bacteria,pseudomonadota,gammaproteobacteria,chromatiales,ectothiorhodospiraceae,ectothiorhodospira,ectothiorhodospira imhoffii
Zotu3157,0,0,0,0,0,0,0,0,bacteria,pseudomonadota,deltaproteobacteria,myxococcales,anaeromyxobacteraceae,anaeromyxobacter,anaeromyxobacter dehalogenans
Zotu3158,0,0,1,0,0,0,0,0,bacteria,actinomycetota,thermoleophilia,solirubrobacterales,solirubrobacteraceae,solirubrobacter,solirubrobacter phytolaccae
Zotu3159,0,0,0,0,0,0,0,0,bacteria,bacteroidota,cytophagia,cytophagales,hymenobacteraceae,hymenobacter,hymenobacter radiodurans
Zotu3160,0,0,0,1,0,0,0,0,bacteria,bacillota,bacilli,bacillales,bacillaceae,bacillus,bacillus funiculus
Zotu3161,0,2,0,0,0,0,1,1,bacteria,thermodesulfobacteriota,desulfobulbia,desulfobulbales,desulfobulbaceae,desulfobulbus,desulfobulbus elongatus
Zotu3162,0,0,0,0,0,46,1,0,bacteria,verrucomicrobiota,verrucomicrobiae,verrucomicrobiales,verrucomicrobia subdivision 3,pedosphaera,pedosphaera parvula
Zotu3163,0,0,0,0,0,0,0,0,bacteria,pseudomonadota,alphaproteobacteria,sphingomonadales,sphingomonadaceae,sphingomonas,sphingomonas lutea
Zotu3164,0,0,0,0,0,0,0,0,bacteria,pseudomonadota,alphaproteobacteria,rhodobacterales,roseobacteraceae,rubellimicrobium,rubellimicrobium aerolatum
Zotu3165,6,8,1,0,0,0,1,0,bacteria,actinomycetota,actinomycetia,streptosporangiales,streptosporangiaceae,thermobispora,thermobispora bispora
Zotu3166,21,11,52,0,26,60,0,0,bacteria,planctomycetota,phycisphaerae,tepidisphaerales,tepidisphaeraceae,tepidisphaera,tepidisphaera mucosa
Zotu3167,3,28,28,0,0,0,1,0,archaea,methanobacteriota,thermoplasmata,methanomassiliicoccales,methanomassiliicoccaceae,methanomassiliicoccus,methanomassiliicoccus luminyensis
Zotu3168,0,0,0,0,0,0,0,0,bacteria,pseudomonadota,betaproteobacteria,burkholderiales,oxalobacteraceae,noviherbaspirillum,noviherbaspirillum soli
Zotu3169,0,0,0,0,0,0,0,0,bacteria,actinomycetota,thermoleophilia,solirubrobacterales,conexibacteraceae,conexibacter,conexibacter stalactiti
Zotu3170,0,0,23,0,0,0,0,0,bacteria,thermodesulfobacteriota,desulfuromonadia,geobacterales,geobacteraceae,geobacter,geobacter sulfurreducens
Zotu3171,2,0,0,0,0,0,1,0,bacteria,myxococcota,myxococcota,haliangiales,kofleriaceae,haliangium,haliangium ochraceum
Zotu3172,0,0,0,0,0,3,0,0,bacteria,bacillota,clostridia,eubacteriales,peptococcaceae,desulfofundulus,desulfofundulus thermocisternus
Zotu3173,0,0,0,0,0,0,0,0,archaea,methanobacteriota,thermoplasmata,methanomassiliicoccales,methanomassiliicoccaceae,methanomassiliicoccus,candidatus methanomassiliicoccus intestinalis
Zotu3174,0,1,0,0,1,0,0,22,bacteria,actinomycetota,acidimicrobiia,acidimicrobiales,iamiaceae,actinomarinicola,actinomarinicola tropica
Zotu3175,0,0,0,0,0,0,6,0,bacteria,actinomycetota,acidimicrobiia,acidimicrobiales,acidimicrobiaceae,acidithrix,acidithrix ferrooxidans
Zotu3176,2,0,8,0,0,5,0,0,bacteria,actinomycetota,thermoleophilia,solirubrobacterales,capillimicrobiaceae,capillimicrobium,capillimicrobium parvum
Zotu3177,2,1,0,0,1,0,0,0,archaea,methanobacteriota,thermoplasmata,methanomassiliicoccales,methanomassiliicoccaceae,methanomassiliicoccus,candidatus methanomassiliicoccus intestinalis
Zotu3178,0,13,2,0,37,0,14,0,bacteria,acidobacteriota,blastocatellia,blastocatellales,arenimicrobiaceae,arenimicrobium,arenimicrobium luteum
Zotu3179,0,0,0,0,0,0,0,10,bacteria,gemmatimonadota,longimicrobiia,longimicrobiales,longimicrobiaceae,longimicrobium,longimicrobium terrae
Zotu3180,2,14,0,0,0,0,0,0,bacteria,verrucomicrobiota,verrucomicrobiae,verrucomicrobiales,verrucomicrobia subdivision 3,pedosphaera,pedosphaera parvula
Zotu3181,1,0,0,1,0,0,1,1,bacteria,actinomycetota,actinomycetes,kitasatosporales,streptomycetaceae,streptomyces,streptomyces haliclonae
Zotu3182,0,0,0,0,0,1,0,8,bacteria,gemmatimonadota,longimicrobiia,longimicrobiales,longimicrobiaceae,longimicrobium,longimicrobium terrae
Zotu3183,1,19,0,0,0,1,0,0,bacteria,planctomycetota,planctomycetia,gemmatales,gemmataceae,fimbriiglobus,fimbriiglobus ruber
Zotu3184,2,0,0,0,10,0,0,0,bacteria,pseudomonadota,alphaproteobacteria,sphingomonadales,sphingomonadaceae,rhizorhabdus,rhizorhabdus phycosphaerae
Zotu3185,0,0,0,0,0,0,5,15,bacteria,chloroflexota,chloroflexia,herpetosiphonales,herpetosiphonaceae,herpetosiphon,herpetosiphon aurantiacus
Zotu3187,0,0,0,0,0,0,1,1,bacteria,pseudomonadota,alphaproteobacteria,sphingomonadales,sphingomonadaceae,sphingomonas,sphingomonas montis
Zotu3188,0,0,1,71,0,0,0,0,bacteria,actinomycetota,actinomycetia,corynebacteriales,corynebacteriaceae,corynebacterium,corynebacterium matruchotii
Zotu3189,0,7,14,0,0,0,1,1,bacteria,chloroflexota,tepidiformia,tepidiformales,tepidiformaceae,tepidiforma,tepidiforma bonchosmolovskayae
Zotu3190,2,0,0,0,0,0,0,0,bacteria,pseudomonadota,alphaproteobacteria,hyphomicrobiales,devosiaceae,devosia,devosia enhydra
Zotu3191,0,0,0,0,0,0,0,0,bacteria,pseudomonadota,alphaproteobacteria,rhodospirillales,acetobacteraceae,roseomonas,roseomonas pecuniae
Zotu3192,0,0,0,0,0,0,0,0,bacteria,bacillota,tissierellia,tissierellales,peptoniphilaceae,murdochiella,murdochiella massiliensis
Zotu3193,0,0,0,0,0,0,0,0,bacteria,chloroflexota,anaerolineae,anaerolineales,anaerolineaceae,thermanaerothrix,thermanaerothrix daxensis
Zotu3194,0,0,0,0,0,0,0,0,bacteria,bacteroidota,chitinophagia,chitinophagales,chitinophagaceae,flavisolibacter,flavisolibacter ginsengiterrae
Zotu3195,0,11,1,1,0,0,0,1,bacteria,pseudomonadota,alphaproteobacteria,rhodospirillales,acetobacteraceae,roseomonas,roseomonas genomospecies
Zotu3196,12,2,0,0,1,45,0,0,archaea,methanobacteriota,thermoplasmata,methanomassiliicoccales,methanomassiliicoccaceae,methanomassiliicoccus,candidatus methanomassiliicoccus intestinalis
Zotu3197,0,11,0,0,0,17,1,1,bacteria,planctomycetota,phycisphaerae,phycisphaerales,phycisphaeraceae,mucisphaera,mucisphaera calidilacus
Zotu3198,0,0,0,0,0,0,0,0,bacteria,actinomycetota,actinomycetes,propionibacteriales,nocardioidaceae,nocardioides,nocardioides marmorisolisilvae
Zotu3199,0,13,0,0,0,0,0,1,bacteria,planctomycetota,planctomycetia,planctomycetales,planctomycetaceae,caulifigura,caulifigura coniformis
Zotu3200,0,0,1,1,0,0,0,0,bacteria,actinomycetota,actinomycetes,propionibacteriales,nocardioidaceae,nocardioides,nocardioides insulae
Zotu3201,0,0,7,0,0,6,0,0,bacteria,actinomycetota,actinomycetes,geodermatophilales,geodermatophilaceae,modestobacter,modestobacter multiseptatus
Zotu3202,0,1,0,0,1,1,1,0,bacteria,actinomycetota,acidimicrobiia,acidimicrobiales,acidimicrobiaceae,acidiferrimicrobium,acidiferrimicrobium australe
Zotu3203,0,0,0,0,0,0,0,0,bacteria,pseudomonadota,alphaproteobacteria,sphingomonadales,sphingomonadaceae,sphingomonas,sphingomonas jaspsi
Zotu3204,7,2,0,1,42,1,0,0,bacteria,actinomycetota,thermoleophilia,solirubrobacterales,solirubrobacteraceae,solirubrobacter,solirubrobacter ginsenosidimutans
Zotu3205,0,0,0,1,0,0,0,1,bacteria,bacillota,bacilli,bacillales,bacillales family x. incertae sedis,thermicanus,thermicanus aegyptius
Zotu3206,0,0,0,0,0,0,0,0,bacteria,bacillota,clostridia,thermoanaerobacterales,thermoanaerobacteraceae,carboxydothermus,carboxydothermus hydrogenoformans
Zotu3207,0,0,0,0,0,0,0,0,bacteria,abditibacteriota,abditibacteriia,abditibacteriales,abditibacteriaceae,abditibacterium,abditibacterium utsteinense
Zotu3208,0,0,1,1,8,0,0,6,bacteria,chloroflexota,tepidiformia,tepidiformales,tepidiformaceae,tepidiforma,tepidiforma bonchosmolovskayae
Zotu3209,2,0,0,0,4,8,0,0,archaea,methanobacteriota,thermoplasmata,methanomassiliicoccales,candidatus methanomethylophilaceae,candidatus methanomethylophilus,candidatus methanomethylophilus alvus
Zotu3210,0,0,0,0,2,42,18,0,bacteria,actinomycetota,rubrobacteria,rubrobacterales,rubrobacteraceae,rubrobacter,rubrobacter taiwanensis
Zotu3211,0,2,0,0,0,0,0,0,bacteria,thermodesulfobacteriota,desulfuromonadia,desulfuromonadales,desulfuromonadaceae,pelobacter,pelobacter propionicus
Zotu3212,0,0,0,0,0,0,0,0,bacteria,myxococcota,myxococcia,myxococcales,vulgatibacteraceae,vulgatibacter,vulgatibacter incomptus
Zotu3213,0,1,1,0,0,0,1,0,bacteria,actinomycetota,acidimicrobiia,acidimicrobiales,acidimicrobiaceae,aciditerrimonas,aciditerrimonas ferrireducens
Zotu3214,0,0,0,0,0,0,0,0,bacteria,pseudomonadota,alphaproteobacteria,sphingomonadales,sphingomonadaceae,novosphingobium,novosphingobium ginsenosidimutans
Zotu3216,0,0,1,0,18,7,14,7,bacteria,actinomycetota,rubrobacteria,rubrobacterales,rubrobacteraceae,rubrobacter,rubrobacter taiwanensis
Zotu3217,1,0,0,0,0,0,0,0,bacteria,actinomycetota,actinomycetes,propionibacteriales,nocardioidaceae,nocardioides,nocardioides marinus
Zotu3219,0,0,0,2,0,0,1,0,bacteria,bacteroidota,chitinophagia,chitinophagales,chitinophagaceae,flavisolibacter,flavisolibacter galbus
Zotu3220,0,0,0,0,52,1,0,0,bacteria,planctomycetota,phycisphaerae,tepidisphaerales,tepidisphaeraceae,tepidisphaera,tepidisphaera mucosa
Zotu3221,1,0,0,0,0,0,0,0,bacteria,bacillota,bacilli,bacillales,bacillales family x. incertae sedis,brockia,brockia lithotrophica
Zotu3222,0,0,0,0,0,0,0,0,bacteria,pseudomonadota,alphaproteobacteria,rhodospirillales,azospirillaceae,skermanella,skermanella rubra
Zotu3223,0,7,32,1,15,2,1,0,bacteria,bacillota,clostridia,eubacteriales,clostridiales family xvii. incertae sedis,thermaerobacter,thermaerobacter subterraneus
Zotu3224,0,0,0,0,0,0,0,0,bacteria,pseudomonadota,gammaproteobacteria,alteromonadales,idiomarinaceae,aliidiomarina,aliidiomarina maris
Zotu3225,7,2,0,0,14,0,0,0,bacteria,acidobacteriota,vicinamibacteria,vicinamibacterales,vicinamibacteraceae,vicinamibacter,vicinamibacter silvestris
Zotu3226,4,19,0,1,19,10,0,0,bacteria,actinomycetota,thermoleophilia,solirubrobacterales,solirubrobacteraceae,solirubrobacter,solirubrobacter ginsenosidimutans
Zotu3227,0,0,0,0,0,0,0,0,bacteria,pseudomonadota,alphaproteobacteria,rhodospirillales,acetobacteraceae,paeniroseomonas,paeniroseomonas fluminis
Zotu3228,1,0,1,0,19,1,1,1,bacteria,pseudomonadota,betaproteobacteria,burkholderiales,sphaerotilaceae,caldimonas,caldimonas caldifontis
Zotu3229,0,0,0,0,0,0,0,0,bacteria,gemmatimonadota,longimicrobiia,longimicrobiales,longimicrobiaceae,longimicrobium,longimicrobium terrae
Zotu3230,7,0,0,0,0,51,0,0,bacteria,pseudomonadota,gammaproteobacteria,thiotrichales,fastidiosibacteraceae,fastidiosibacter,fastidiosibacter lacustris
Zotu3231,0,0,0,0,0,0,0,0,bacteria,planctomycetota,phycisphaerae,tepidisphaerales,tepidisphaeraceae,tepidisphaera,tepidisphaera mucosa
Zotu3233,28,19,1,0,1,8,1,0,bacteria,acidobacteriota,vicinamibacteria,vicinamibacterales,vicinamibacteraceae,luteitalea,luteitalea pratensis
Zotu3234,0,0,0,0,0,0,0,0,bacteria,bacteroidota,cytophagia,cytophagales,hymenobacteraceae,adhaeribacter,adhaeribacter aerophilus
Zotu3235,5,0,0,0,60,1,0,0,bacteria,pseudomonadota,alphaproteobacteria,rhodospirillales,azospirillaceae,nitrospirillum,azospirillum amazonense
Zotu3236,0,0,0,0,0,0,0,0,archaea,methanobacteriota,halobacteria,halobacteriales,halobacteriaceae,halorubrum,halorubrum californiense
Zotu3237,0,0,0,0,0,0,0,0,archaea,methanobacteriota,thermoplasmata,methanomassiliicoccales,methanomassiliicoccaceae,methanomassiliicoccus,candidatus methanomassiliicoccus intestinalis
Zotu3238,0,0,0,0,0,0,0,0,bacteria,pseudomonadota,betaproteobacteria,burkholderiales,burkholderiaceae,polynucleobacter,polynucleobacter cosmopolitanus
Zotu3239,0,1,0,0,0,0,1,0,bacteria,chloroflexota,chloroflexota,chloroflexota,chloroflexota,thermobaculum,thermobaculum terrenum
Zotu3240,0,0,0,1,45,0,0,0,bacteria,verrucomicrobiota,verrucomicrobiae,verrucomicrobiales,verrucomicrobia subdivision 3,pedosphaera,pedosphaera parvula
Zotu3241,79,1,1,0,0,0,0,1,bacteria,actinomycetota,actinomycetes,micrococcales,demequinaceae,demequina,demequina aestuarii
Zotu3242,0,1,0,0,0,5,0,0,bacteria,actinomycetota,actinomycetes,nakamurellales,nakamurellaceae,nakamurella,nakamurella flavida
Zotu3243,0,0,1,0,0,1,0,0,bacteria,rhodothermota,rhodothermia,rhodothermales,salinibacteraceae,salinibacter,salinibacter altiplanensis
Zotu3244,0,1,0,0,0,0,0,0,bacteria,chloroflexota,tepidiformia,tepidiformales,tepidiformaceae,tepidiforma,tepidiforma bonchosmolovskayae
Zotu3245,0,0,0,1,0,0,0,0,bacteria,elusimicrobiota,endomicrobiia,endomicrobiales,endomicrobiaceae,endomicrobium,endomicrobium proavitum
Zotu3246,0,0,0,0,0,0,0,2,bacteria,pseudomonadota,alphaproteobacteria,hyphomicrobiales,methylobacteriaceae,microvirga,microvirga aerilata
Zotu3247,0,0,0,0,0,0,0,0,bacteria,actinomycetota,thermoleophilia,solirubrobacterales,baekduiaceae,baekduia,baekduia soli
Zotu3249,0,0,0,0,0,0,0,0,bacteria,actinomycetota,nitriliruptoria,euzebyales,euzebyaceae,euzebya,euzebya pacifica
Zotu3250,1,0,0,0,0,0,0,0,bacteria,gemmatimonadota,longimicrobiia,longimicrobiales,longimicrobiaceae,longimicrobium,longimicrobium terrae
Zotu3251,0,0,0,0,0,0,0,0,bacteria,actinomycetota,rubrobacteria,rubrobacterales,rubrobacteraceae,rubrobacter,rubrobacter taiwanensis
Zotu3252,0,0,0,0,0,0,0,0,bacteria,verrucomicrobiota,verrucomicrobiae,verrucomicrobiales,verrucomicrobia subdivision 3,pedosphaera,pedosphaera parvula
Zotu3254,0,0,0,0,0,0,0,0,bacteria,pseudomonadota,alphaproteobacteria,sphingomonadales,sphingomonadaceae,sphingomonas,sphingomonas wittichii
Zotu3255,0,0,0,0,0,0,0,0,bacteria,pseudomonadota,alphaproteobacteria,sphingomonadales,sphingomonadaceae,sphingomonas,sphingomonas wittichii
Zotu3257,0,0,0,0,0,0,0,2,bacteria,pseudomonadota,alphaproteobacteria,sphingomonadales,sphingomonadaceae,sphingomonas,sphingomonas wittichii
Zotu3258,0,0,0,0,0,0,0,0,bacteria,chloroflexota,chloroflexia,herpetosiphonales,herpetosiphonaceae,herpetosiphon,herpetosiphon aurantiacus
Zotu3259,0,0,14,0,0,0,0,0,bacteria,pseudomonadota,betaproteobacteria,nitrosomonadales,sterolibacteriaceae,methyloversatilis,methyloversatilis thermotolerans
Zotu3260,0,0,0,0,0,0,0,0,bacteria,actinomycetota,actinomycetes,streptosporangiales,streptosporangiaceae,nonomuraea,nonomuraea thailandensis
Zotu3261,0,0,0,0,0,0,0,0,bacteria,chloroflexota,anaerolineae,aggregatilineales,aggregatilineaceae,aggregatilinea,aggregatilinea lenta
Zotu3262,0,0,0,0,1,0,0,0,bacteria,bacillota,clostridia,eubacteriales,peptococcaceae,desulforamulus,desulforamulus ferrireducens
Zotu3263,0,0,1,0,0,0,0,0,bacteria,bacteroidota,sphingobacteriia,sphingobacteriales,sphingobacteriaceae,sphingobacterium,sphingobacterium shayense
Zotu3264,0,0,0,0,0,0,0,0,bacteria,actinomycetota,actinomycetes,streptosporangiales,streptosporangiaceae,sphaerimonospora,sphaerimonospora thailandensis
Zotu3265,4,1,0,2,0,15,1,1,bacteria,pseudomonadota,deltaproteobacteria,myxococcales,anaeromyxobacteraceae,anaeromyxobacter,anaeromyxobacter dehalogenans
Zotu3266,0,0,0,0,0,0,0,0,bacteria,gemmatimonadota,longimicrobiia,longimicrobiales,longimicrobiaceae,longimicrobium,longimicrobium terrae
Zotu3267,0,0,0,0,0,0,0,0,bacteria,planctomycetota,planctomycetia,pirellulales,pirellulaceae,blastopirellula,blastopirellula marina
Zotu3268,1,0,0,0,0,0,0,0,bacteria,pseudomonadota,alphaproteobacteria,hyphomicrobiales,nitrobacteraceae,bradyrhizobium,bradyrhizobium jicamae
Zotu3269,0,0,0,1,0,0,0,0,bacteria,acidobacteriota,terriglobia,bryobacterales,bryobacteraceae,bryobacter,bryobacter aggregatus
Zotu3270,1,0,1,0,0,0,0,0,bacteria,bacteroidota,cytophagia,cytophagales,fulvivirgaceae,fulvivirga,fulvivirga lutimaris
Zotu3271,1,2,0,0,2,0,87,8,archaea,methanobacteriota,thermoplasmata,methanomassiliicoccales,methanomassiliicoccaceae,methanomassiliicoccus,candidatus methanomassiliicoccus intestinalis
Zotu3272,1,0,0,0,0,0,0,0,archaea,methanobacteriota,thermoplasmata,methanomassiliicoccales,methanomassiliicoccaceae,methanomassiliicoccus,candidatus methanomassiliicoccus intestinalis
Zotu3273,0,8,0,0,0,1,0,1,bacteria,actinomycetota,rubrobacteria,gaiellales,gaiellaceae,gaiella,gaiella occulta
Zotu3274,0,0,1,0,1,0,0,0,bacteria,verrucomicrobiota,verrucomicrobiae,verrucomicrobiales,verrucomicrobia subdivision 3,pedosphaera,pedosphaera parvula
Zotu3275,37,0,0,0,0,0,0,2,bacteria,pseudomonadota,gammaproteobacteria,chromatiales,ectothiorhodospiraceae,inmirania,inmirania thermothiophila
Zotu3276,0,0,0,1,0,0,14,32,bacteria,chloroflexota,chloroflexia,kallotenuales,kallotenuaceae,kallotenue,kallotenue papyrolyticum
Zotu3277,0,0,0,1,0,2,1,1,bacteria,bacteroidota,cytophagia,cytophagales,hymenobacteraceae,adhaeribacter,adhaeribacter aquaticus
Zotu3278,2,0,2,36,0,0,3,0,bacteria,actinomycetota,actinomycetia,streptomycetales,streptomycetaceae,streptomyces,streptomyces glaucosporus
Zotu3279,0,0,0,0,0,0,0,0,bacteria,pseudomonadota,betaproteobacteria,burkholderiales,oxalobacteraceae,noviherbaspirillum,noviherbaspirillum aridicola
Zotu3280,0,0,0,0,0,0,0,0,bacteria,verrucomicrobiota,opitutae,opitutales,opitutaceae,horticoccus,horticoccus luteus
Zotu3281,0,1,0,0,0,24,0,0,bacteria,verrucomicrobiota,verrucomicrobiae,verrucomicrobiales,verrucomicrobia subdivision 3,pedosphaera,pedosphaera parvula
Zotu3282,57,0,0,0,0,0,1,0,bacteria,verrucomicrobiota,verrucomicrobiae,verrucomicrobiales,verrucomicrobia subdivision 3,pedosphaera,pedosphaera parvula
Zotu3283,0,0,0,0,0,0,0,0,bacteria,actinomycetota,actinomycetia,streptosporangiales,streptosporangiaceae,clavisporangium,clavisporangium rectum
Zotu3284,0,0,1,1,1,0,0,3,archaea,methanobacteriota,thermoplasmata,methanomassiliicoccales,methanomassiliicoccaceae,methanomassiliicoccus,candidatus methanomassiliicoccus intestinalis
Zotu3285,0,0,0,0,0,0,0,3,bacteria,gemmatimonadota,longimicrobiia,longimicrobiales,longimicrobiaceae,longimicrobium,longimicrobium terrae
Zotu3286,0,0,0,0,0,0,0,0,bacteria,pseudomonadota,alphaproteobacteria,sphingomonadales,sphingomonadaceae,sphingomonas,sphingomonas panaciterrae
Zotu3287,0,1,1,0,0,1,1,1,bacteria,bacteroidota,cytophagia,cytophagales,fulvivirgaceae,fulvivirga,fulvivirga lutimaris
Zotu3288,0,0,0,0,0,1,0,1,bacteria,bacteroidota,chitinophagia,chitinophagales,chitinophagaceae,flavitalea,flavitalea populi
Zotu3289,2,0,2,0,0,0,0,3,bacteria,verrucomicrobiota,opitutae,opitutales,opitutaceae,opitutus,opitutus terrae
Zotu3290,0,9,0,0,0,0,0,0,bacteria,actinomycetota,acidimicrobiia,acidimicrobiales,iamiaceae,iamia,iamia majanohamensis
Zotu3291,1,1,0,0,1,0,0,0,bacteria,verrucomicrobiota,verrucomicrobiae,verrucomicrobiales,verrucomicrobia subdivision 3,pedosphaera,pedosphaera parvula
Zotu3292,0,0,0,0,0,0,0,0,bacteria,bacteroidota,cytophagia,cytophagales,hymenobacteraceae,pontibacter,pontibacter silvestris
Zotu3293,11,6,0,1,2,0,0,0,bacteria,pseudomonadota,alphaproteobacteria,hyphomicrobiales,hyphomicrobiaceae,pedomicrobium,pedomicrobium americanum
Zotu3294,11,7,0,54,0,0,0,0,bacteria,acidobacteriota,terriglobia,terriglobales,acidobacteriaceae,edaphobacter,edaphobacter aggregans
Zotu3295,0,1,0,0,45,0,0,0,bacteria,pseudomonadota,betaproteobacteria,nitrosomonadales,nitrosomonadaceae,nitrosospira,nitrosospira tenuis
Zotu3296,0,0,0,0,0,2,0,0,bacteria,bacillota,clostridia,eubacteriales,desulfotomaculaceae,pelotomaculum,pelotomaculum terephthalicicum
Zotu3298,0,0,1,0,0,0,0,1,bacteria,verrucomicrobiota,verrucomicrobiae,limisphaerales,fontisphaeraceae,fontisphaera,fontisphaera persica
Zotu3299,59,1,0,1,1,0,0,0,bacteria,chloroflexota,chloroflexia,herpetosiphonales,herpetosiphonaceae,herpetosiphon,herpetosiphon gulosus
Zotu3300,0,0,0,0,0,15,2,0,bacteria,actinomycetota,acidimicrobiia,acidimicrobiales,iamiaceae,actinomarinicola,actinomarinicola tropica
Zotu3301,0,0,0,0,0,0,0,0,bacteria,pseudomonadota,alphaproteobacteria,rhodospirillales,acetobacteraceae,roseicella,roseicella frigidaeris
Zotu3302,1,0,2,1,0,0,0,0,bacteria,planctomycetota,planctomycetia,gemmatales,gemmataceae,gemmata,gemmata massiliana
Zotu3303,18,37,0,0,0,0,0,1,bacteria,pseudomonadota,betaproteobacteria,nitrosomonadales,sterolibacteriaceae,methyloversatilis,methyloversatilis thermotolerans
Zotu3304,0,3,0,16,0,7,0,0,bacteria,acidobacteriota,vicinamibacteria,vicinamibacterales,vicinamibacteraceae,luteitalea,luteitalea pratensis
Zotu3305,27,4,26,0,0,0,1,1,bacteria,thermodesulfobacteriota,desulfobulbia,desulfobulbales,desulfobulbaceae,desulfolithobacter,desulfolithobacter dissulfuricans
Zotu3306,2,3,0,0,0,0,1,0,bacteria,acidobacteriota,vicinamibacteria,vicinamibacterales,vicinamibacteraceae,luteitalea,luteitalea pratensis
Zotu3307,0,1,0,0,0,6,0,0,bacteria,pseudomonadota,alphaproteobacteria,hyphomicrobiales,xanthobacteraceae,pseudolabrys,pseudolabrys taiwanensis
Zotu3308,42,5,0,0,17,0,1,3,bacteria,pseudomonadota,alphaproteobacteria,micropepsales,micropepsaceae,micropepsis,micropepsis pineolensis
Zotu3309,0,0,0,1,0,0,0,0,bacteria,bacillota,bacilli,bacillales,bacillaceae,bacillus,bacillus badius
Zotu3310,0,0,42,0,0,0,0,0,archaea,methanobacteriota,thermoplasmata,methanomassiliicoccales,methanomassiliicoccaceae,methanomassiliicoccus,candidatus methanomassiliicoccus intestinalis
Zotu3311,0,0,1,1,1,0,0,11,bacteria,actinomycetota,actinomycetes,kineosporiales,kineosporiaceae,kineococcus,kineococcus xinjiangensis
Zotu3312,0,0,0,0,0,1,2,0,bacteria,bacillota,bacilli,bacillales,bacillaceae,calditerricola,calditerricola yamamurae
Zotu3314,0,0,0,0,0,0,0,0,bacteria,bacteroidota,cytophagia,cytophagales,spirosomataceae,nibrella,nibrella saemangeumensis
Zotu3315,0,0,0,0,0,0,0,4,bacteria,chloroflexota,chloroflexia,kallotenuales,kallotenuaceae,kallotenue,kallotenue papyrolyticum
Zotu3316,0,0,1,0,14,0,24,19,bacteria,acidobacteriota,blastocatellia,blastocatellales,blastocatellaceae,aridibacter,aridibacter famidurans
Zotu3317,3,0,0,0,0,1,0,20,bacteria,actinomycetota,actinomycetes,geodermatophilales,geodermatophilaceae,geodermatophilus,geodermatophilus obscurus
Zotu3318,0,0,0,2,0,0,0,0,bacteria,bacillota,thermolithobacteria,thermolithobacterales,thermolithobacteraceae,thermolithobacter,thermolithobacter ferrireducens
Zotu3320,0,0,0,0,0,0,0,0,bacteria,pseudomonadota,alphaproteobacteria,rhodospirillales,azospirillaceae,nitrospirillum,azospirillum amazonense
Zotu3321,0,0,0,0,1,0,0,0,bacteria,gemmatimonadota,longimicrobiia,longimicrobiales,longimicrobiaceae,longimicrobium,longimicrobium terrae
Zotu3322,1,0,0,0,0,0,0,0,bacteria,actinomycetota,thermoleophilia,miltoncostaeales,miltoncostaeaceae,miltoncostaea,miltoncostaea marina
Zotu3323,0,0,0,0,0,0,0,0,bacteria,pseudomonadota,alphaproteobacteria,sphingomonadales,sphingosinicellaceae,sphingoaurantiacus,sphingoaurantiacus polygranulatus
Zotu3324,0,0,0,0,0,0,0,0,bacteria,bacteroidota,bacteroidetes,bacteroidetes order ii. incertae sedis,rhodothermaceae,salinibacter,halophilic eubacterium
Zotu3325,1,0,0,0,0,1,0,2,bacteria,pseudomonadota,betaproteobacteria,burkholderiales,burkholderiales,aquincola,aquincola tertiaricarbonis
Zotu3326,0,0,0,0,0,0,0,0,archaea,methanobacteriota,thermoplasmata,methanomassiliicoccales,methanomassiliicoccaceae,methanomassiliicoccus,candidatus methanomassiliicoccus intestinalis
Zotu3327,1,0,0,0,0,0,0,0,bacteria,chloroflexota,tepidiformia,tepidiformales,tepidiformaceae,tepidiforma,tepidiforma bonchosmolovskayae
Zotu3328,0,0,0,0,0,0,0,0,bacteria,pseudomonadota,alphaproteobacteria,sphingomonadales,sphingomonadaceae,rhizorhabdus,rhizorhabdus argentea
Zotu3329,0,0,0,0,45,0,0,0,bacteria,pseudomonadota,alphaproteobacteria,sphingomonadales,erythrobacteraceae,aurantiacibacter,aurantiacibacter sediminis
Zotu3330,18,24,19,0,1,0,1,0,bacteria,chloroflexota,tepidiformia,tepidiformales,tepidiformaceae,tepidiforma,tepidiforma bonchosmolovskayae
Zotu3331,0,0,0,0,0,0,0,0,bacteria,pseudomonadota,alphaproteobacteria,rhodospirillales,azospirillaceae,azospirillum,azospirillum oryzae
Zotu3332,0,0,1,0,0,0,1,0,bacteria,actinomycetota,actinomycetes,geodermatophilales,geodermatophilaceae,trujillonella,trujillella endophytica
Zotu3334,0,0,0,0,0,0,0,0,bacteria,acidobacteriota,terriglobia,bryobacterales,bryobacteraceae,bryobacter,bryobacter aggregatus
Zotu3335,0,2,0,0,0,0,0,0,bacteria,gemmatimonadota,gemmatimonadetes,gemmatimonadales,gemmatimonadaceae,roseisolibacter,roseisolibacter agri
Zotu3336,0,0,0,0,0,27,32,0,archaea,methanobacteriota,thermoplasmata,methanomassiliicoccales,methanomassiliicoccaceae,methanomassiliicoccus,candidatus methanomassiliicoccus intestinalis
Zotu3337,0,0,0,0,1,2,0,18,bacteria,pseudomonadota,betaproteobacteria,burkholderiales,oxalobacteraceae,noviherbaspirillum,noviherbaspirillum massiliense
Zotu3338,0,0,0,0,0,0,0,0,bacteria,pseudomonadota,gammaproteobacteria,pasteurellales,pasteurellaceae,frederiksenia,frederiksenia canicola
Zotu3339,0,0,0,0,0,0,0,0,bacteria,pseudomonadota,alphaproteobacteria,hyphomicrobiales,rhabdaerophilaceae,rhabdaerophilum,rhabdaerophilum calidifontis
Zotu3340,0,0,0,0,0,0,1,0,bacteria,chloroflexota,anaerolineae,anaerolineales,anaerolineaceae,ornatilinea,ornatilinea apprima
Zotu3341,0,3,0,0,0,0,0,0,bacteria,acidobacteriota,terriglobia,bryobacterales,bryobacteraceae,bryobacter,bryobacter aggregatus
Zotu3343,5,3,0,0,11,0,0,0,archaea,methanobacteriota,thermoplasmata,methanomassiliicoccales,methanomassiliicoccaceae,methanomassiliicoccus,candidatus methanomassiliicoccus intestinalis
Zotu3344,0,1,1,0,0,1,0,0,bacteria,actinomycetota,acidimicrobiia,acidimicrobiales,acidimicrobiaceae,acidiferrimicrobium,acidiferrimicrobium australe
Zotu3345,0,0,0,0,0,0,0,0,bacteria,planctomycetota,planctomycetia,gemmatales,gemmataceae,zavarzinella,zavarzinella formosa
Zotu3346,0,0,0,0,0,0,0,0,bacteria,pseudomonadota,alphaproteobacteria,sphingomonadales,sphingomonadaceae,sphingomonas,sphingomonas rhizophila
Zotu3347,0,1,0,64,0,1,0,0,bacteria,bacillota,clostridia,eubacteriales,clostridiaceae,thermobrachium,thermobrachium celere
Zotu3348,0,0,0,0,0,1,0,1,bacteria,chloroflexota,thermomicrobia,sphaerobacterales,sphaerobacteraceae,sphaerobacter,sphaerobacter thermophilus
Zotu3349,0,4,0,0,0,0,0,1,bacteria,pseudomonadota,betaproteobacteria,burkholderiales,comamonadaceae,delftia,delftia acidovorans
Zotu3350,0,0,0,0,0,0,0,0,bacteria,pseudomonadota,gammaproteobacteria,xanthomonadales,rhodanobacteraceae,dokdonella,dokdonella immobilis
Zotu3351,16,0,31,0,0,0,1,0,bacteria,bacillota,clostridia,eubacteriales,peptococcaceae,desulforamulus,desulforamulus ferrireducens
Zotu3352,29,1,4,0,1,0,0,0,bacteria,actinomycetota,acidimicrobiia,acidimicrobiales,iamiaceae,actinomarinicola,actinomarinicola tropica
Zotu3353,0,0,0,0,0,0,0,0,bacteria,chloroflexota,tepidiformia,tepidiformales,tepidiformaceae,tepidiforma,tepidiforma bonchosmolovskayae
Zotu3354,0,0,0,0,0,0,0,0,bacteria,actinomycetota,acidimicrobiia,acidimicrobiales,iamiaceae,actinomarinicola,actinomarinicola tropica
Zotu3355,2,0,0,0,0,0,0,0,bacteria,ignavibacteriota,ignavibacteria,ignavibacteriales,ignavibacteriaceae,ignavibacterium,ignavibacterium album
Zotu3356,0,1,0,0,19,0,1,0,bacteria,verrucomicrobiota,verrucomicrobiae,verrucomicrobiales,verrucomicrobia subdivision 3,pedosphaera,pedosphaera parvula
Zotu3357,0,0,0,0,0,0,0,0,bacteria,bacteroidota,cytophagia,cytophagales,cesiribacteraceae,cesiribacter,cesiribacter roseus
Zotu3358,0,0,0,0,2,0,0,0,bacteria,bacteroidota,sphingobacteriia,sphingobacteriales,sphingobacteriaceae,pedobacter,pedobacter xinjiangensis
Zotu3359,0,0,0,1,14,0,0,17,bacteria,bacteroidota,cytophagia,cytophagales,flexibacteraceae,flexibacter,flexibacter flexilis
Zotu3360,0,1,0,0,1,1,1,8,bacteria,gemmatimonadota,gemmatimonadetes,gemmatimonadales,gemmatimonadaceae,roseisolibacter,roseisolibacter agri
Zotu3361,0,0,0,0,0,0,0,0,bacteria,bacteroidota,cytophagia,cytophagales,cesiribacteraceae,cesiribacter,cesiribacter roseus
Zotu3362,0,8,0,0,11,0,0,1,archaea,methanobacteriota,thermoplasmata,methanomassiliicoccales,methanomassiliicoccaceae,methanomassiliicoccus,candidatus methanomassiliicoccus intestinalis
Zotu3363,0,0,0,1,49,1,0,0,bacteria,ignavibacteriota,ignavibacteria,ignavibacteriales,melioribacteraceae,melioribacter,melioribacter roseus
Zotu3364,0,1,0,0,0,1,1,0,bacteria,pseudomonadota,betaproteobacteria,burkholderiales,comamonadaceae,brachymonas,brachymonas denitrificans
Zotu3365,1,23,0,0,1,1,1,1,bacteria,planctomycetota,phycisphaerae,phycisphaerales,phycisphaeraceae,mucisphaera,mucisphaera calidilacus
Zotu3366,0,0,0,0,1,0,0,0,bacteria,actinomycetota,rubrobacteria,rubrobacterales,rubrobacteraceae,rubrobacter,rubrobacter bracarensis
Zotu3367,4,0,0,0,40,0,11,0,bacteria,chloroflexota,chloroflexia,kallotenuales,kallotenuaceae,kallotenue,kallotenue papyrolyticum
Zotu3368,0,0,0,0,0,0,0,0,bacteria,actinomycetota,actinomycetes,geodermatophilales,geodermatophilaceae,blastococcus,blastococcus saxobsidens
Zotu3369,0,0,0,1,0,0,0,13,bacteria,bacteroidota,chitinophagia,chitinophagales,chitinophagaceae,flavisolibacter,flavisolibacter galbus
Zotu3370,2,45,16,0,6,1,1,0,bacteria,pseudomonadota,alphaproteobacteria,caulobacterales,caulobacteraceae,terricaulis,terricaulis silvestris
Zotu3371,0,0,0,0,0,1,0,0,bacteria,thermomicrobiota,thermomicrobia,sphaerobacterales,sphaerobacteraceae,sphaerobacter,sphaerobacter thermophilus
Zotu3372,2,1,0,0,0,0,0,0,bacteria,bacillota,bacilli,bacillales,bacillaceae,alkalihalophilus,alkalihalophilus pseudofirmus
Zotu3373,0,0,0,0,0,0,0,1,bacteria,actinomycetota,actinomycetes,pseudonocardiales,pseudonocardiaceae,allokutzneria,allokutzneria oryzae
Zotu3374,0,0,0,0,0,0,0,0,bacteria,actinomycetota,thermoleophilia,solirubrobacterales,baekduiaceae,baekduia,baekduia soli
Zotu3375,0,0,0,0,0,0,0,0,bacteria,pseudomonadota,oligoflexia,bdellovibrionales,bdellovibrionaceae,bdellovibrio,bdellovibrio bacteriovorus
Zotu3376,0,0,0,0,0,0,0,0,bacteria,pseudomonadota,alphaproteobacteria,sphingomonadales,sphingomonadaceae,sphingomonas,sphingomonas sabuli
Zotu3377,3,0,0,0,0,0,0,0,bacteria,planctomycetota,phycisphaerae,tepidisphaerales,tepidisphaeraceae,tepidisphaera,tepidisphaera mucosa
Zotu3379,0,0,0,0,0,1,0,0,bacteria,actinomycetota,rubrobacteria,gaiellales,gaiellaceae,gaiella,gaiella occulta
Zotu3380,1,0,0,0,0,0,1,0,archaea,methanobacteriota,thermoplasmata,methanomassiliicoccales,methanomassiliicoccaceae,methanomassiliicoccus,candidatus methanomassiliicoccus intestinalis
Zotu3381,0,0,0,0,0,0,0,0,bacteria,myxococcota,myxococcota,polyangiales,sandaracinaceae,sandaracinus,sandaracinus amylolyticus
Zotu3383,1,0,0,0,0,0,0,0,bacteria,actinomycetota,actinomycetes,propionibacteriales,nocardioidaceae,nocardioides,nocardioides convexus
Zotu3384,1,1,0,1,0,0,0,0,archaea,methanobacteriota,thermoplasmata,methanomassiliicoccales,methanomassiliicoccaceae,methanomassiliicoccus,candidatus methanomassiliicoccus intestinalis
Zotu3385,0,0,0,1,0,0,0,0,bacteria,pseudomonadota,alphaproteobacteria,rhodobacterales,roseobacteraceae,rubellimicrobium,rubellimicrobium rubrum
Zotu3386,0,0,0,0,0,0,6,0,bacteria,acidobacteriota,terriglobia,bryobacterales,bryobacteraceae,bryobacter,bryobacter aggregatus
Zotu3387,0,0,0,0,0,0,0,0,bacteria,acidobacteriota,vicinamibacteria,vicinamibacterales,vicinamibacteraceae,luteitalea,luteitalea pratensis
Zotu3388,0,0,0,0,0,0,0,2,bacteria,chloroflexota,chloroflexia,kallotenuales,kallotenuaceae,kallotenue,kallotenue papyrolyticum
Zotu3389,0,0,0,0,0,0,0,0,bacteria,verrucomicrobiota,verrucomicrobiae,verrucomicrobiales,verrucomicrobia subdivision 3,pedosphaera,pedosphaera parvula
Zotu3391,0,0,0,0,0,0,0,0,bacteria,pseudomonadota,betaproteobacteria,burkholderiales,oxalobacteraceae,noviherbaspirillum,noviherbaspirillum autotrophicum
Zotu3392,0,0,3,1,0,20,1,10,bacteria,bacteroidota,chitinophagia,chitinophagales,chitinophagaceae,flavisolibacter,flavisolibacter carri
Zotu3393,2,16,19,0,0,0,4,0,bacteria,bacillota,clostridia,eubacteriales,thermincolaceae,thermincola,thermincola carboxydiphila
Zotu3394,8,49,0,1,1,0,0,0,bacteria,planctomycetota,planctomycetia,gemmatales,gemmataceae,fimbriiglobus,fimbriiglobus ruber
Zotu3395,0,0,0,0,0,0,0,0,bacteria,bacillota,bacilli,bacillales,paenibacillaceae,paenibacillus,paenibacillus antri
Zotu3396,0,0,0,0,0,0,0,1,bacteria,pseudomonadota,alphaproteobacteria,rhodospirillales,acetobacteraceae,pseudoroseomonas,pseudoroseomonas aerofrigidensis
Zotu3397,0,0,0,0,0,0,0,0,bacteria,bacillota,bacilli,lactobacillales,enterococcaceae,enterococcus,enterococcus columbae
Zotu3398,1,0,0,0,0,1,48,0,bacteria,chloroflexota,chloroflexia,herpetosiphonales,herpetosiphonaceae,herpetosiphon,herpetosiphon gulosus
Zotu3399,0,0,0,0,0,0,0,0,bacteria,pseudomonadota,alphaproteobacteria,sphingomonadales,sphingomonadaceae,novosphingobium,novosphingobium ginsenosidimutans
Zotu3400,0,5,0,0,36,0,0,4,bacteria,bacillota,bacilli,bacillales,paenibacillaceae,brevibacillus,brevibacillus limnophilus
Zotu3401,0,0,1,0,0,0,45,3,bacteria,chloroflexota,chloroflexia,chloroflexales,chloroflexaceae,chloroflexus,chloroflexus aurantiacus
Zotu3402,1,1,0,0,0,0,0,0,bacteria,pseudomonadota,deltaproteobacteria,myxococcales,anaeromyxobacteraceae,anaeromyxobacter,anaeromyxobacter dehalogenans
Zotu3403,2,0,0,0,0,0,0,6,bacteria,bacillota,bacilli,bacillales,paenibacillaceae,paenibacillus,paenibacillus antri
Zotu3404,0,0,9,52,0,0,0,0,bacteria,gemmatimonadota,gemmatimonadetes,gemmatimonadales,gemmatimonadaceae,gemmatimonas,gemmatimonas aurantiaca
Zotu3405,1,0,0,0,0,0,1,0,bacteria,bacillota,bacilli,bacillales,bacillaceae,bacillus,bacillus niabensis
Zotu3407,0,0,0,0,0,0,0,0,bacteria,bacteroidota,chitinophagia,chitinophagales,chitinophagaceae,segetibacter,segetibacter koreensis
Zotu3408,0,0,0,0,0,0,0,0,bacteria,actinomycetota,thermoleophilia,thermoleophilales,thermoleophilaceae,thermoleophilum,thermoleophilum album
Zotu3409,3,0,55,1,0,0,1,0,bacteria,planctomycetota,planctomycetia,gemmatales,gemmataceae,gemmata,gemmata obscuriglobus
Zotu3410,0,39,0,0,0,0,2,0,bacteria,actinomycetota,thermoleophilia,solirubrobacterales,solirubrobacteraceae,solirubrobacter,solirubrobacter phytolaccae
Zotu3411,0,0,0,0,0,0,0,0,bacteria,bacteroidota,cytophagia,cytophagales,hymenobacteraceae,nibribacter,nibribacter koreensis
Zotu3412,0,0,0,1,0,0,0,3,bacteria,gemmatimonadota,gemmatimonadetes,gemmatimonadales,gemmatimonadaceae,gemmatimonas,gemmatimonas phototrophica
Zotu3413,0,0,0,0,1,0,6,1,bacteria,bacillota,bacilli,bacillales,paenibacillaceae,paenibacillus,paenibacillus antri
Zotu3414,0,0,0,0,0,0,0,0,bacteria,myxococcota,myxococcia,myxococcales,archangiaceae,hyalangium,hyalangium minutum
Zotu3415,0,0,0,0,0,1,46,1,bacteria,bacteroidota,chitinophagia,chitinophagales,chitinophagaceae,segetibacter,segetibacter aerophilus
Zotu3417,49,0,0,0,0,0,1,0,bacteria,thermodesulfobacteriota,thermodesulfobacteria,thermodesulfobacteriales,thermodesulfobacteriaceae,thermodesulfobacterium,thermodesulfobacterium geofontis
Zotu3418,0,0,71,0,0,0,0,0,bacteria,planctomycetota,planctomycetia,gemmatales,gemmataceae,tuwongella,tuwongella immobilis
Zotu3419,0,0,1,0,1,0,0,0,bacteria,actinomycetota,rubrobacteria,rubrobacterales,rubrobacteraceae,rubrobacter,rubrobacter taiwanensis
Zotu3420,17,2,0,0,47,0,1,0,archaea,methanobacteriota,thermoplasmata,methanomassiliicoccales,methanomassiliicoccaceae,methanomassiliicoccus,candidatus methanomassiliicoccus intestinalis
Zotu3421,21,4,0,0,0,5,0,1,bacteria,acidobacteriota,vicinamibacteria,vicinamibacterales,vicinamibacteraceae,luteitalea,luteitalea pratensis
Zotu3422,13,24,0,0,2,1,1,0,bacteria,pseudomonadota,betaproteobacteria,nitrosomonadales,methylophilaceae,methylobacillus,methylobacillus flagellatus
Zotu3423,0,0,1,0,1,0,34,33,bacteria,rhodothermota,rhodothermia,rhodothermales,rhodothermaceae,rhodocaloribacter,rhodocaloribacter litoris
Zotu3424,0,0,0,0,1,1,3,4,bacteria,gemmatimonadota,longimicrobiia,longimicrobiales,longimicrobiaceae,longimicrobium,longimicrobium terrae
Zotu3425,0,0,0,0,0,0,1,0,bacteria,bacteroidota,cytophagia,cytophagales,hymenobacteraceae,adhaeribacter,adhaeribacter terreus
Zotu3426,0,0,0,0,38,0,0,0,bacteria,cyanobacteriota,cyanobacteria,pseudanabaenales,leptolyngbyaceae,phormidesmis,phormidesmis priestleyi
Zotu3428,0,0,0,0,0,0,0,0,archaea,methanobacteriota,thermoplasmata,methanomassiliicoccales,methanomassiliicoccaceae,methanomassiliicoccus,candidatus methanomassiliicoccus intestinalis
Zotu3429,0,0,0,0,0,0,0,0,bacteria,bacteroidota,cytophagia,cytophagales,hymenobacteraceae,adhaeribacter,adhaeribacter radiodurans
Zotu3430,6,9,12,26,0,0,0,0,bacteria,gemmatimonadota,gemmatimonadetes,gemmatimonadales,gemmatimonadaceae,gemmatimonas,gemmatimonas phototrophica
Zotu3432,0,0,0,0,0,24,23,0,bacteria,bacillota,bacilli,bacillales,bacillales family x. incertae sedis,brockia,brockia lithotrophica
Zotu3434,0,0,0,0,0,0,0,0,bacteria,verrucomicrobiota,verrucomicrobiae,limisphaerales,fontisphaeraceae,fontisphaera,fontisphaera persica
Zotu3435,0,0,0,0,0,0,0,0,bacteria,bacteroidota,cytophagia,cytophagales,hymenobacteraceae,rufibacter,rufibacter immobilis
Zotu3436,1,0,1,0,1,1,1,0,archaea,methanobacteriota,thermoplasmata,methanomassiliicoccales,methanomassiliicoccaceae,methanomassiliicoccus,candidatus methanomassiliicoccus intestinalis
Zotu3437,18,40,0,0,1,0,0,1,bacteria,pseudomonadota,betaproteobacteria,nitrosomonadales,methylophilaceae,novimethylophilus,novimethylophilus kurashikiensis
Zotu3438,0,0,0,0,0,0,0,0,bacteria,bacillota,bacilli,bacillales,paenibacillaceae,paenibacillus,paenibacillus pinistramenti
Zotu3439,0,0,0,0,4,4,0,0,bacteria,actinomycetota,thermoleophilia,solirubrobacterales,capillimicrobiaceae,capillimicrobium,capillimicrobium parvum
Zotu3440,5,44,0,0,1,0,0,0,bacteria,actinomycetota,actinomycetes,pseudonocardiales,pseudonocardiaceae,actinokineospora,actinokineospora fastidiosa
Zotu3441,16,39,1,1,1,1,2,1,bacteria,acidobacteriota,vicinamibacteria,vicinamibacterales,vicinamibacteraceae,luteitalea,luteitalea pratensis
Zotu3442,0,0,0,0,0,0,0,0,bacteria,pseudomonadota,alphaproteobacteria,sphingomonadales,sphingosinicellaceae,sphingoaurantiacus,sphingoaurantiacus polygranulatus
Zotu3443,0,68,0,0,0,0,1,0,bacteria,bacillota,clostridia,eubacteriales,peptococcaceae,desulforamulus,desulforamulus ferrireducens
Zotu3444,11,4,12,0,0,12,2,1,bacteria,acidobacteriota,vicinamibacteria,vicinamibacterales,vicinamibacteraceae,luteitalea,luteitalea pratensis
Zotu3445,0,0,0,0,0,0,0,0,bacteria,thermomicrobiota,thermomicrobia,sphaerobacterales,sphaerobacteraceae,sphaerobacter,sphaerobacter thermophilus
Zotu3446,1,0,0,0,38,0,0,0,bacteria,verrucomicrobiota,verrucomicrobiae,limisphaerales,limisphaeraceae,limisphaera,limisphaera ngatamarikiensis
Zotu3447,1,0,0,0,0,0,0,0,bacteria,bacillota,bacilli,bacillales,thermoactinomycetaceae,laceyella,laceyella sacchari
Zotu3448,0,0,0,0,0,0,0,0,bacteria,bacillota,tissierellia,tissierellales,peptoniphilaceae,anaerococcus,anaerococcus hydrogenalis
Zotu3449,0,0,0,0,41,0,0,0,bacteria,rhodothermota,rhodothermia,rhodothermales,salisaetaceae,roseithermus,roseithermus sacchariphilus
Zotu3450,0,0,1,0,0,0,0,0,bacteria,planctomycetota,planctomycetia,pirellulales,pirellulaceae,blastopirellula,blastopirellula marina
Zotu3451,0,0,1,0,18,5,0,8,bacteria,bdellovibrionota,bacteriovoracia,bacteriovoracales,bacteriovoracaceae,peredibacter,peredibacter starrii
Zotu3452,1,0,0,0,0,0,0,0,bacteria,bacillota,bacilli,bacillales,paenibacillaceae,paenibacillus,paenibacillus antri
Zotu3453,0,0,0,0,0,0,0,0,bacteria,bacteroidota,chitinophagia,chitinophagales,chitinophagaceae,segetibacter,segetibacter koreensis
Zotu3454,0,11,0,0,0,0,0,0,bacteria,acidobacteriota,vicinamibacteria,vicinamibacterales,vicinamibacteraceae,luteitalea,luteitalea pratensis
Zotu3455,0,0,1,0,1,57,0,0,bacteria,chloroflexota,chloroflexia,herpetosiphonales,herpetosiphonaceae,herpetosiphon,herpetosiphon gulosus
Zotu3456,0,0,1,0,0,0,0,0,bacteria,actinomycetota,acidimicrobiia,acidimicrobiales,acidimicrobiaceae,aciditerrimonas,aciditerrimonas ferrireducens
Zotu3457,0,0,0,1,0,0,1,0,bacteria,gemmatimonadota,longimicrobiia,longimicrobiales,longimicrobiaceae,longimicrobium,longimicrobium terrae
Zotu3458,0,1,0,0,0,0,0,0,bacteria,pseudomonadota,deltaproteobacteria,myxococcales,polyangiaceae,sorangium,sorangium cellulosum
Zotu3459,13,13,0,0,0,16,0,0,bacteria,planctomycetota,planctomycetia,gemmatales,gemmataceae,fimbriiglobus,fimbriiglobus ruber
Zotu3460,0,0,0,0,0,0,0,0,bacteria,verrucomicrobiota,verrucomicrobiae,limisphaerales,fontisphaeraceae,fontisphaera,fontisphaera persica
Zotu3462,0,0,0,0,0,0,0,1,bacteria,actinomycetota,actinomycetes,micrococcales,brevibacteriaceae,brevibacterium,brevibacterium casei
Zotu3463,0,0,1,0,0,0,0,0,bacteria,bacillota,clostridia,eubacteriales,symbiobacteriaceae,symbiobacterium,symbiobacterium terraclitae
Zotu3464,0,0,0,0,0,0,0,0,bacteria,gemmatimonadota,gemmatimonadetes,gemmatimonadales,gemmatimonadaceae,roseisolibacter,roseisolibacter agri
Zotu3465,0,0,0,0,0,0,0,0,bacteria,actinomycetota,acidimicrobiia,acidimicrobiales,iamiaceae,actinomarinicola,actinomarinicola tropica
Zotu3466,0,0,1,0,0,0,0,0,bacteria,chloroflexota,caldilineae,caldilineales,caldilineaceae,caldilinea,caldilinea aerophila
Zotu3467,1,0,0,0,10,50,3,1,bacteria,actinomycetota,thermoleophilia,solirubrobacterales,solirubrobacteraceae,solirubrobacter,solirubrobacter phytolaccae
Zotu3468,0,7,0,1,0,1,0,0,bacteria,acidobacteriota,thermoanaerobaculia,thermoanaerobaculales,thermoanaerobaculaceae,thermoanaerobaculum,thermoanaerobaculum aquaticum
Zotu3469,58,0,0,0,0,0,0,0,archaea,methanobacteriota,methanomicrobia,methanosarcinales,methanosarcinaceae,methanomethylovorans,methanomethylovorans hollandica
Zotu3470,10,6,1,0,23,0,17,6,bacteria,actinomycetota,rubrobacteria,gaiellales,gaiellaceae,gaiella,gaiella occulta
Zotu3471,0,0,0,0,0,0,0,0,bacteria,planctomycetota,planctomycetia,pirellulales,pirellulaceae,blastopirellula,blastopirellula marina
Zotu3472,0,1,0,0,0,0,0,7,bacteria,myxococcota,myxococcia,myxococcales,archangiaceae,archangium,archangium gephyra
Zotu3473,1,18,0,0,0,0,0,0,bacteria,actinomycetota,acidimicrobiia,acidimicrobiales,acidimicrobiaceae,aciditerrimonas,aciditerrimonas ferrireducens
Zotu3474,16,33,0,0,0,0,0,0,bacteria,chloroflexota,anaerolineae,anaerolineales,anaerolineaceae,longilinea,longilinea arvoryzae
Zotu3475,1,0,0,1,22,10,34,2,bacteria,actinomycetota,acidimicrobiia,acidimicrobiales,acidimicrobiaceae,aciditerrimonas,aciditerrimonas ferrireducens
Zotu3476,0,0,0,0,0,0,0,0,bacteria,bacteroidota,cytophagia,cytophagales,hymenobacteraceae,nibribacter,nibribacter koreensis
Zotu3477,0,0,0,0,0,0,0,0,bacteria,bacteroidota,cytophagia,cytophagales,hymenobacteraceae,pontibacter,pontibacter salisaro
Zotu3478,2,0,0,0,0,0,0,0,bacteria,myxococcota,myxococcota,polyangiales,polyangiaceae,byssovorax,byssovorax cruenta
Zotu3479,0,0,0,0,0,0,0,1,bacteria,verrucomicrobiota,verrucomicrobiae,verrucomicrobiales,verrucomicrobiaceae,phragmitibacter,phragmitibacter flavus
Zotu3480,1,0,0,0,0,1,0,2,bacteria,gemmatimonadota,gemmatimonadetes,gemmatimonadales,gemmatimonadaceae,roseisolibacter,roseisolibacter agri
Zotu3481,1,0,0,2,1,1,16,0,bacteria,chloroflexota,chloroflexia,herpetosiphonales,herpetosiphonaceae,herpetosiphon,herpetosiphon aurantiacus
Zotu3482,0,0,0,0,0,0,0,0,bacteria,bacteroidota,chitinophagia,chitinophagales,chitinophagaceae,segetibacter,segetibacter aerophilus
Zotu3483,0,0,0,1,0,0,0,1,bacteria,bacillota,clostridia,eubacteriales,desulfitobacteriaceae,desulfosporosinus,desulfosporosinus meridiei
Zotu3484,0,0,0,0,0,0,0,0,bacteria,bacillota,bacilli,bacillales,paenibacillaceae,paenibacillus,paenibacillus albiflavus
Zotu3485,0,0,0,0,0,10,0,0,bacteria,chloroflexota,caldilineae,caldilineales,caldilineaceae,litorilinea,litorilinea aerophila
Zotu3486,0,0,0,0,0,0,0,0,bacteria,verrucomicrobiota,verrucomicrobiae,verrucomicrobiales,verrucomicrobia subdivision 3,pedosphaera,pedosphaera parvula
Zotu3487,0,2,0,0,0,0,42,0,bacteria,chloroflexota,chloroflexia,chloroflexales,chloroflexaceae,chloroflexus,chloroflexus aurantiacus
Zotu3488,1,0,0,0,0,0,0,1,bacteria,actinomycetota,actinomycetia,micrococcales,microbacteriaceae,microbacterium,microbacterium aurum
Zotu3489,0,0,0,0,0,0,0,0,bacteria,actinomycetota,acidimicrobiia,acidimicrobiales,acidimicrobiaceae,aciditerrimonas,aciditerrimonas ferrireducens
Zotu3490,0,0,0,0,0,0,0,0,bacteria,verrucomicrobiota,verrucomicrobiae,verrucomicrobiales,verrucomicrobia subdivision 3,pedosphaera,pedosphaera parvula
Zotu3491,0,0,0,0,0,0,6,0,bacteria,gemmatimonadota,longimicrobiia,longimicrobiales,longimicrobiaceae,longimicrobium,longimicrobium terrae
Zotu3492,0,0,0,0,0,0,0,0,bacteria,bacteroidota,cytophagia,cytophagales,hymenobacteraceae,rufibacter,rufibacter roseus
Zotu3493,0,0,0,0,0,0,0,0,bacteria,bacillota,clostridia,eubacteriales,symbiobacteriaceae,symbiobacterium,symbiobacterium terraclitae
Zotu3494,0,0,0,0,0,0,1,0,bacteria,bacillota,bacilli,bacillales,paenibacillaceae,paenibacillus,paenibacillus aestuarii
Zotu3495,0,0,0,0,0,0,0,0,bacteria,actinomycetota,rubrobacteria,rubrobacterales,rubrobacteraceae,rubrobacter,rubrobacter tropicus
Zotu3496,0,0,0,0,0,0,1,1,bacteria,actinomycetota,thermoleophilia,solirubrobacterales,parviterribacteraceae,parviterribacter,parviterribacter kavangonensis
Zotu3497,0,1,0,0,0,3,39,16,bacteria,actinomycetota,acidimicrobiia,acidimicrobiales,iamiaceae,iamia,iamia majanohamensis
Zotu3498,0,0,0,0,0,0,0,0,bacteria,bacillota,clostridia,eubacteriales,symbiobacteriaceae,symbiobacterium,symbiobacterium terraclitae
Zotu3499,0,0,0,0,0,0,0,0,bacteria,verrucomicrobiota,verrucomicrobiae,verrucomicrobiales,verrucomicrobia subdivision 3,pedosphaera,pedosphaera parvula
Zotu3500,0,0,0,0,0,0,0,1,bacteria,pseudomonadota,alphaproteobacteria,caulobacterales,caulobacteraceae,caulobacter,caulobacter mirabilis
Zotu3501,0,0,0,0,0,0,0,0,bacteria,pseudomonadota,alphaproteobacteria,caulobacterales,caulobacteraceae,phenylobacterium,phenylobacterium hankyongense
Zotu3502,1,0,0,0,1,0,0,0,bacteria,pseudomonadota,deltaproteobacteria,myxococcales,kofleriaceae,haliangium,haliangium ochraceum
Zotu3503,0,0,0,0,0,0,1,30,bacteria,bacteroidota,chitinophagia,chitinophagales,chitinophagaceae,lacibacter,lacibacter cauensis
Zotu3504,0,0,0,0,0,0,0,0,bacteria,bacteroidota,chitinophagia,chitinophagales,chitinophagaceae,flavisolibacter,flavisolibacter ginsengiterrae
Zotu3505,0,0,0,0,0,0,0,0,bacteria,bacteroidota,sphingobacteriia,sphingobacteriales,sphingobacteriaceae,pedobacter,pedobacter africanus
Zotu3506,0,0,1,0,0,0,0,0,bacteria,actinomycetota,rubrobacteria,rubrobacterales,rubrobacteraceae,rubrobacter,rubrobacter taiwanensis
Zotu3507,0,0,0,0,0,0,0,0,bacteria,planctomycetota,planctomycetia,pirellulales,pirellulaceae,candidatus anammoximicrobium,candidatus anammoximicrobium moscowii
Zotu3508,0,0,0,0,0,0,0,0,bacteria,actinomycetota,acidimicrobiia,acidimicrobiales,iamiaceae,actinomarinicola,actinomarinicola tropica
Zotu3509,0,0,0,0,0,1,0,0,bacteria,chloroflexota,chloroflexia,kallotenuales,kallotenuaceae,kallotenue,kallotenue papyrolyticum
Zotu3510,0,0,0,0,0,0,0,0,bacteria,actinomycetota,thermoleophilia,solirubrobacterales,conexibacteraceae,conexibacter,conexibacter arvalis
Zotu3511,0,0,1,0,0,2,0,1,bacteria,bacillota,clostridia,eubacteriales,syntrophomonadaceae,syntrophomonas,syntrophomonas zehnderi
Zotu3512,0,0,0,0,0,0,0,0,bacteria,gemmatimonadota,gemmatimonadetes,gemmatimonadales,gemmatimonadaceae,gemmatimonas,gemmatimonas phototrophica
Zotu3513,0,0,0,0,0,0,0,0,bacteria,bacteroidota,chitinophagia,chitinophagales,chitinophagaceae,flavisolibacter,flavisolibacter carri
Zotu3514,0,1,0,0,0,11,19,0,bacteria,actinomycetota,acidimicrobiia,acidimicrobiales,acidimicrobiaceae,aciditerrimonas,aciditerrimonas ferrireducens
Zotu3515,1,9,0,0,1,0,1,0,bacteria,acidobacteriota,vicinamibacteria,vicinamibacterales,vicinamibacteraceae,vicinamibacter,vicinamibacter silvestris
Zotu3516,0,0,0,0,0,0,0,0,bacteria,bacteroidota,bacteroidia,bacteroidales,dysgonomonadaceae,proteiniphilum,proteiniphilum acetatigenes
Zotu3517,0,0,0,0,0,0,0,0,bacteria,rhodothermota,rhodothermia,rhodothermales,rhodothermaceae,rhodocaloribacter,rhodocaloribacter litoris
Zotu3518,0,0,0,0,0,0,0,0,bacteria,bacillota,clostridia,eubacteriales,symbiobacteriaceae,symbiobacterium,symbiobacterium terraclitae
Zotu3519,0,8,6,0,0,0,0,0,bacteria,verrucomicrobiota,verrucomicrobiae,limisphaerales,fontisphaeraceae,fontisphaera,fontisphaera persica
Zotu3520,1,0,0,1,0,0,0,1,bacteria,bacillota,bacilli,bacillales,bacillaceae,bacillus,bacillus niabensis
Zotu3521,3,0,0,0,0,0,0,0,bacteria,chloroflexota,chloroflexota,chloroflexota,chloroflexota,thermobaculum,thermobaculum terrenum
Zotu3522,15,30,2,0,0,18,1,0,bacteria,bacillota,clostridia,thermosediminibacterales,thermosediminibacteraceae,fervidicola,fervidicola ferrireducens
Zotu3523,0,0,1,0,0,0,0,0,bacteria,actinomycetota,acidimicrobiia,acidimicrobiales,iamiaceae,actinomarinicola,actinomarinicola tropica
Zotu3524,0,0,0,0,0,0,0,0,bacteria,thermodesulfobacteriota,desulfuromonadia,desulfuromonadales,geothermobacteraceae,geothermobacter,geothermobacter hydrogeniphilus
Zotu3525,1,0,0,0,0,0,0,0,bacteria,bacteroidota,cytophagia,cytophagales,hymenobacteraceae,pontibacter,pontibacter chitinilyticus
Zotu3526,0,0,0,0,0,0,0,16,archaea,nitrososphaerota,nitrososphaeria,nitrososphaerales,nitrososphaeraceae,candidatus nitrososphaera,candidatus nitrososphaera
Zotu3527,0,0,0,0,0,0,0,0,bacteria,chloroflexota,chloroflexia,herpetosiphonales,herpetosiphonaceae,herpetosiphon,herpetosiphon aurantiacus
Zotu3528,0,0,0,0,0,0,1,0,bacteria,pseudomonadota,alphaproteobacteria,hyphomicrobiales,phyllobacteriaceae,mesorhizobium,mesorhizobium plurifarium
Zotu3529,0,0,0,0,0,0,0,0,bacteria,bacteroidota,cytophagia,cytophagales,hymenobacteraceae,nibribacter,nibribacter koreensis
Zotu3531,0,0,0,0,1,0,0,15,bacteria,gemmatimonadota,longimicrobiia,longimicrobiales,longimicrobiaceae,longimicrobium,longimicrobium terrae
Zotu3532,26,0,0,0,0,0,0,0,bacteria,acidobacteriota,vicinamibacteria,vicinamibacterales,vicinamibacteraceae,vicinamibacter,vicinamibacter silvestris
Zotu3533,17,2,0,1,3,0,1,0,bacteria,acidobacteriota,vicinamibacteria,vicinamibacterales,vicinamibacteraceae,luteitalea,luteitalea pratensis
Zotu3534,0,0,0,0,0,0,0,0,bacteria,planctomycetota,phycisphaerae,tepidisphaerales,tepidisphaeraceae,tepidisphaera,tepidisphaera mucosa
Zotu3535,0,0,0,0,0,0,0,0,bacteria,actinomycetota,thermoleophilia,solirubrobacterales,solirubrobacteraceae,solirubrobacter,solirubrobacter phytolaccae
Zotu3537,0,0,0,0,0,0,0,0,bacteria,planctomycetota,planctomycetia,isosphaerales,isosphaeraceae,tautonia,tautonia sociabilis
Zotu3538,5,1,8,0,40,2,12,1,bacteria,actinomycetota,thermoleophilia,solirubrobacterales,solirubrobacteraceae,solirubrobacter,solirubrobacter phytolaccae
Zotu3539,0,0,0,0,0,0,0,0,bacteria,pseudomonadota,gammaproteobacteria,moraxellales,moraxellaceae,alkanindiges,alkanindiges hongkongensis
Zotu3540,12,7,0,0,0,0,1,0,bacteria,verrucomicrobiota,verrucomicrobiae,verrucomicrobiales,verrucomicrobia subdivision 3,pedosphaera,pedosphaera parvula
Zotu3541,1,0,0,0,0,0,0,0,bacteria,pseudomonadota,alphaproteobacteria,hyphomicrobiales,rhizobiaceae,agrobacterium,rhizobium radiobacter
Zotu3542,1,35,16,2,5,8,0,0,bacteria,gemmatimonadota,gemmatimonadetes,gemmatimonadales,gemmatimonadaceae,roseisolibacter,roseisolibacter agri
Zotu3543,3,12,8,0,0,0,2,0,bacteria,actinomycetota,rubrobacteria,rubrobacterales,rubrobacteraceae,rubrobacter,rubrobacter naiadicus
Zotu3544,0,0,0,0,0,46,14,0,archaea,methanobacteriota,methanobacteria,methanobacteriales,methanobacteriaceae,methanobacterium,methanobacterium formicicum
Zotu3545,0,0,0,0,0,0,0,0,bacteria,gemmatimonadota,longimicrobiia,longimicrobiales,longimicrobiaceae,longimicrobium,longimicrobium terrae
Zotu3546,3,1,14,1,10,28,16,0,bacteria,pseudomonadota,betaproteobacteria,burkholderiales,burkholderiaceae,caballeronia,caballeronia glathei
Zotu3547,1,3,10,0,0,1,1,1,bacteria,actinomycetota,rubrobacteria,rubrobacterales,rubrobacteraceae,rubrobacter,rubrobacter naiadicus
Zotu3548,0,0,0,0,1,1,0,1,bacteria,bacteroidota,chitinophagia,chitinophagales,chitinophagaceae,flavisolibacter,flavisolibacter galbus
Zotu3549,28,0,40,0,0,0,0,0,bacteria,planctomycetota,phycisphaerae,tepidisphaerales,tepidisphaeraceae,tepidisphaera,tepidisphaera mucosa
Zotu3550,0,0,0,35,0,0,0,0,bacteria,actinomycetota,rubrobacteria,rubrobacterales,rubrobacteraceae,rubrobacter,rubrobacter xylanophilus
Zotu3551,0,0,0,0,0,0,45,1,bacteria,chloroflexota,chloroflexia,chloroflexales,oscillochloridaceae,oscillochloris,oscillochloris trichoides
Zotu3552,0,0,0,40,0,0,0,0,bacteria,gemmatimonadota,gemmatimonadetes,gemmatimonadales,gemmatimonadaceae,gemmatimonas,gemmatimonas aurantiaca
Zotu3553,4,20,11,0,0,0,0,0,bacteria,thermomicrobiota,thermomicrobia,sphaerobacterales,sphaerobacteraceae,sphaerobacter,sphaerobacter thermophilus
Zotu3554,0,0,0,0,0,0,0,0,bacteria,pseudomonadota,alphaproteobacteria,rhodospirillales,acetobacteraceae,paeniroseomonas,paeniroseomonas fluminis
Zotu3555,10,5,0,0,15,0,0,0,bacteria,gemmatimonadota,longimicrobiia,longimicrobiales,longimicrobiaceae,longimicrobium,longimicrobium terrae
Zotu3556,0,0,0,0,0,0,0,0,bacteria,actinomycetota,actinomycetes,propionibacteriales,nocardioidaceae,nocardioides,nocardioides lianchengensis
Zotu3557,3,3,0,0,1,1,1,2,bacteria,bacillota,clostridia,eubacteriales,clostridiales family xvii. incertae sedis,thermaerobacter,thermaerobacter subterraneus
Zotu3558,0,0,0,0,0,0,0,0,bacteria,pseudomonadota,betaproteobacteria,nitrosomonadales,methylophilaceae,novimethylophilus,novimethylophilus kurashikiensis
Zotu3559,13,24,0,0,2,1,0,0,bacteria,acidobacteriota,vicinamibacteria,vicinamibacterales,vicinamibacteraceae,luteitalea,luteitalea pratensis
Zotu3560,0,0,0,0,0,0,0,0,bacteria,thermomicrobiota,thermomicrobia,sphaerobacterales,sphaerobacteraceae,sphaerobacter,sphaerobacter thermophilus
Zotu3561,4,12,0,0,0,0,0,0,bacteria,gemmatimonadota,gemmatimonadetes,gemmatimonadales,gemmatimonadaceae,roseisolibacter,roseisolibacter agri
Zotu3562,0,0,0,0,0,0,0,0,bacteria,bacillota,clostridia,eubacteriales,peptococcaceae,desulforamulus,desulforamulus ferrireducens
Zotu3563,7,3,21,0,0,13,6,0,bacteria,actinomycetota,actinomycetes,kitasatosporales,streptomycetaceae,streptomyces,streptomyces thermovulgaris
Zotu3564,0,0,0,0,0,1,0,1,bacteria,verrucomicrobiota,verrucomicrobiae,verrucomicrobiales,verrucomicrobia subdivision 3,pedosphaera,pedosphaera parvula
Zotu3565,38,10,26,1,25,0,2,1,archaea,methanobacteriota,thermoplasmata,methanomassiliicoccales,methanomassiliicoccaceae,methanomassiliicoccus,candidatus methanomassiliicoccus intestinalis
Zotu3566,1,0,0,1,19,0,32,0,bacteria,pseudomonadota,alphaproteobacteria,rhodospirillales,acetobacteraceae,caldovatus,caldovatus sediminis
Zotu3567,0,0,0,0,0,0,0,0,bacteria,pseudomonadota,alphaproteobacteria,hyphomicrobiales,afifellaceae,afifella,afifella pfennigii
Zotu3568,0,0,0,0,0,0,0,0,bacteria,planctomycetota,phycisphaerae,tepidisphaerales,tepidisphaeraceae,tepidisphaera,tepidisphaera mucosa
Zotu3569,0,0,0,0,0,0,0,0,bacteria,bacteroidota,cytophagia,cytophagales,fulvivirgaceae,ohtaekwangia,ohtaekwangia koreensis
Zotu3570,37,0,0,0,0,0,0,0,bacteria,verrucomicrobiota,verrucomicrobiae,verrucomicrobiales,verrucomicrobia subdivision 3,pedosphaera,pedosphaera parvula
Zotu3571,1,7,2,45,2,1,0,2,bacteria,actinomycetota,thermoleophilia,solirubrobacterales,conexibacteraceae,conexibacter,conexibacter stalactiti
Zotu3572,0,0,0,0,0,0,0,1,bacteria,pseudomonadota,gammaproteobacteria,gammaproteobacteria,gammaproteobacteria,acidibacter,acidibacter ferrireducens
Zotu3573,0,0,0,0,0,0,0,0,bacteria,planctomycetota,phycisphaerae,tepidisphaerales,tepidisphaeraceae,tepidisphaera,tepidisphaera mucosa
Zotu3574,0,0,0,0,1,0,0,1,bacteria,chloroflexota,chloroflexia,kallotenuales,kallotenuaceae,kallotenue,kallotenue papyrolyticum
Zotu3575,0,0,0,0,0,0,0,0,bacteria,bacteroidota,chitinophagia,chitinophagales,chitinophagaceae,flavisolibacter,flavisolibacter ginsengiterrae
Zotu3576,0,0,0,0,0,0,0,0,bacteria,pseudomonadota,alphaproteobacteria,sphingomonadales,sphingomonadaceae,sphingomonas,sphingomonas dokdonensis
Zotu3577,0,0,0,23,14,0,0,1,bacteria,gemmatimonadota,gemmatimonadetes,gemmatimonadales,gemmatimonadaceae,roseisolibacter,roseisolibacter agri
Zotu3578,0,0,0,0,0,0,0,0,bacteria,planctomycetota,phycisphaerae,tepidisphaerales,tepidisphaeraceae,tepidisphaera,tepidisphaera mucosa
Zotu3579,0,0,0,0,0,0,0,0,bacteria,bacteroidota,bacteroidia,bacteroidales,paludibacteraceae,paludibacter,paludibacter propionicigenes
Zotu3580,0,0,0,0,0,0,0,0,bacteria,bacteroidota,flavobacteriia,flavobacteriales,flavobacteriaceae,salinimicrobium,salinimicrobium sediminis
Zotu3582,1,0,0,0,1,14,82,0,archaea,methanobacteriota,thermoplasmata,methanomassiliicoccales,methanomassiliicoccaceae,candidatus methanogranum,thermoplasmata archaeon kjm51a
Zotu3583,0,66,0,0,0,1,0,1,bacteria,pseudomonadota,gammaproteobacteria,thiotrichales,thiotrichaceae,candidatus allobeggiato,candidatus allobeggiatoa halophila
Zotu3584,0,1,1,0,0,0,0,0,bacteria,bacteroidota,cytophagia,cytophagales,hymenobacteraceae,sabulibacter,sabulibacter ruber
Zotu3585,0,0,0,0,0,0,0,1,bacteria,verrucomicrobiota,opitutae,opitutales,opitutaceae,horticoccus,horticoccus luteus
Zotu3587,0,0,0,0,0,0,0,0,bacteria,acidobacteriota,vicinamibacteria,vicinamibacterales,vicinamibacteraceae,luteitalea,luteitalea pratensis
Zotu3589,0,1,0,0,0,0,0,0,bacteria,chloroflexota,thermomicrobia,sphaerobacterales,sphaerobacteraceae,sphaerobacter,sphaerobacter thermophilus
Zotu3590,0,0,0,0,0,0,0,0,bacteria,actinomycetota,rubrobacteria,gaiellales,gaiellaceae,gaiella,gaiella occulta
Zotu3591,1,0,0,0,50,0,27,8,bacteria,verrucomicrobiota,verrucomicrobiae,limisphaerales,limisphaeraceae,limisphaera,limisphaera ngatamarikiensis
Zotu3592,0,0,0,0,0,0,1,0,bacteria,actinomycetota,thermoleophilia,thermoleophilales,thermoleophilaceae,thermoleophilum,thermoleophilum album
Zotu3593,0,0,0,0,1,0,1,1,bacteria,verrucomicrobiota,opitutae,opitutales,opitutaceae,horticoccus,horticoccus luteus
Zotu3594,0,0,0,0,0,0,0,0,bacteria,actinomycetota,actinomycetes,micrococcales,promicromonosporaceae,promicromonospora,promicromonospora soli
Zotu3595,0,0,0,0,0,0,0,0,bacteria,actinomycetota,actinomycetes,micrococcales,microbacteriaceae,diaminobutyricibacter,diaminobutyricibacter tongyongensis
Zotu3596,0,0,0,0,0,0,0,0,bacteria,pseudomonadota,alphaproteobacteria,sphingomonadales,sphingomonadaceae,sphingopyxis,sphingopyxis macrogoltabida
Zotu3598,0,0,0,0,0,0,0,0,bacteria,actinomycetota,thermoleophilia,solirubrobacterales,baekduiaceae,baekduia,baekduia soli
Zotu3599,0,1,0,0,37,0,0,1,bacteria,planctomycetota,phycisphaerae,phycisphaerales,phycisphaeraceae,mucisphaera,mucisphaera calidilacus
Zotu3600,0,0,1,0,0,0,0,0,bacteria,actinomycetota,actinomycetes,geodermatophilales,geodermatophilaceae,geodermatophilus,geodermatophilus obscurus
Zotu3601,36,55,86,1,0,0,2,1,bacteria,bacillota,bacilli,bacillales,bacillaceae,bacillus,bacillus suaedae
Zotu3602,0,0,0,0,0,0,0,0,bacteria,pseudomonadota,gammaproteobacteria,nevskiales,nevskiaceae,panacagrimonas,panacagrimonas perspica
Zotu3603,0,0,0,0,0,0,0,0,bacteria,planctomycetota,planctomycetia,gemmatales,gemmataceae,fimbriiglobus,fimbriiglobus ruber
Zotu3604,0,0,0,0,0,0,0,0,bacteria,bacteroidota,chitinophagia,chitinophagales,chitinophagaceae,segetibacter,segetibacter aerophilus
Zotu3605,20,0,0,0,1,0,0,0,bacteria,acidobacteriota,terriglobia,terriglobales,acidobacteriaceae,edaphobacter,edaphobacter aggregans
Zotu3606,43,10,0,0,0,1,0,0,archaea,methanobacteriota,thermococci,thermococcales,thermococcaceae,thermococcus,thermococcus gorgonarius
Zotu3607,0,0,0,0,0,0,0,0,bacteria,thermodesulfobacteriota,syntrophobacteria,syntrophobacterales,syntrophobacteraceae,desulfoglaeba,desulfoglaeba alkanexedens
Zotu3608,0,17,0,0,28,0,1,0,bacteria,pseudomonadota,alphaproteobacteria,rhodospirillales,acetobacteraceae,plastoroseomonas,plastoroseomonas hellenica
Zotu3609,0,0,0,0,0,0,0,0,bacteria,pseudomonadota,gammaproteobacteria,chromatiales,ectothiorhodospiraceae,thiohalomonas,thiohalomonas denitrificans
Zotu3610,0,0,1,0,0,0,0,0,bacteria,actinomycetota,actinomycetes,frankiales,frankiaceae,parafrankia,parafrankia discariae
Zotu3611,0,0,0,0,12,1,0,0,bacteria,gemmatimonadota,gemmatimonadetes,gemmatimonadales,gemmatimonadaceae,roseisolibacter,roseisolibacter agri
Zotu3612,0,0,0,0,0,20,23,0,bacteria,chloroflexota,chloroflexia,chloroflexales,roseiflexaceae,kouleothrix,kouleothrix aurantiaca
Zotu3613,0,0,2,1,0,0,29,25,bacteria,bacteroidota,chitinophagia,chitinophagales,chitinophagaceae,flavisolibacter,flavisolibacter ginsengiterrae
Zotu3614,0,0,0,0,0,0,0,0,bacteria,planctomycetota,planctomycetia,planctomycetales,planctomycetaceae,calycomorphotria,calycomorphotria hydatis
Zotu3615,2,0,0,1,0,0,0,0,bacteria,actinomycetota,thermoleophilia,solirubrobacterales,baekduiaceae,baekduia,baekduia soli
Zotu3616,0,1,0,0,0,0,13,0,archaea,methanobacteriota,thermoplasmata,methanomassiliicoccales,methanomassiliicoccaceae,methanomassiliicoccus,candidatus methanomassiliicoccus intestinalis
Zotu3617,0,1,0,0,0,0,0,0,bacteria,planctomycetota,planctomycetia,pirellulales,pirellulaceae,mariniblastus,mariniblastus fucicola
Zotu3618,0,0,0,0,0,0,0,0,bacteria,verrucomicrobiota,verrucomicrobiae,verrucomicrobiales,verrucomicrobia subdivision 3,pedosphaera,pedosphaera parvula
Zotu3619,0,0,0,0,0,0,0,0,bacteria,bacteroidota,sphingobacteriia,sphingobacteriales,sphingobacteriaceae,pedobacter,pedobacter xinjiangensis
Zotu3620,0,0,0,0,0,0,0,0,bacteria,actinomycetota,thermoleophilia,solirubrobacterales,paraconexibacteraceae,paraconexibacter,paraconexibacter algicola
Zotu3621,0,0,0,0,7,0,0,7,bacteria,acidobacteriota,vicinamibacteria,vicinamibacterales,vicinamibacteraceae,luteitalea,luteitalea pratensis
Zotu3622,0,0,0,0,0,0,0,0,bacteria,chloroflexota,chloroflexia,kallotenuales,kallotenuaceae,kallotenue,kallotenue papyrolyticum
Zotu3623,0,17,56,0,1,1,0,0,archaea,methanobacteriota,thermoplasmata,methanomassiliicoccales,methanomassiliicoccaceae,methanomassiliicoccus,candidatus methanomassiliicoccus intestinalis
Zotu3624,0,0,0,0,0,0,0,1,bacteria,actinomycetota,actinomycetes,micrococcales,microbacteriaceae,microbacterium,microbacterium koreense
Zotu3626,15,1,0,0,0,39,0,0,archaea,methanobacteriota,thermoplasmata,methanomassiliicoccales,methanomassiliicoccaceae,methanomassiliicoccus,candidatus methanomassiliicoccus intestinalis
Zotu3627,4,2,3,0,9,4,0,1,bacteria,bacillota,bacilli,bacillales,bacillaceae,bacillus,bacillus mojavensis
Zotu3629,0,0,0,0,0,0,0,0,bacteria,pseudomonadota,alphaproteobacteria,hyphomicrobiales,aurantimonadaceae,antarcticirhabdus,antarcticirhabdus aurantiaca
Zotu3630,0,0,0,1,0,0,0,0,bacteria,planctomycetota,phycisphaerae,tepidisphaerales,tepidisphaeraceae,tepidisphaera,tepidisphaera mucosa
Zotu3631,0,0,0,1,1,0,0,0,bacteria,bacteroidota,cytophagia,cytophagales,cytophagaceae,chryseosolibacter,chryseosolibacter histidini
Zotu3632,4,7,8,0,0,0,1,0,bacteria,chloroflexota,tepidiformia,tepidiformales,tepidiformaceae,tepidiforma,tepidiforma bonchosmolovskayae
Zotu3633,5,11,8,0,0,2,0,0,bacteria,actinomycetota,acidimicrobiia,acidimicrobiales,acidimicrobiaceae,aciditerrimonas,aciditerrimonas ferrireducens
Zotu3634,0,0,0,0,0,0,0,0,bacteria,bacillota,erysipelotrichia,erysipelotrichales,erysipelotrichaceae,anaerorhabdus,anaerorhabdus furcosa
Zotu3635,0,0,0,0,2,0,0,1,bacteria,verrucomicrobiota,verrucomicrobiae,verrucomicrobiales,verrucomicrobiaceae,luteolibacter,luteolibacter flavescens
Zotu3636,1,0,1,0,0,1,2,0,bacteria,bacillota,clostridia,eubacteriales,symbiobacteriaceae,symbiobacterium,symbiobacterium ostreiconchae
Zotu3637,0,0,0,1,0,0,0,0,bacteria,actinomycetota,acidimicrobiia,acidimicrobiales,iamiaceae,actinomarinicola,actinomarinicola tropica
Zotu3638,1,0,0,0,0,1,0,0,bacteria,pseudomonadota,alphaproteobacteria,sphingomonadales,erythrobacteraceae,croceibacterium,croceibacterium mercuriale
Zotu3639,0,0,0,0,0,0,0,0,bacteria,pseudomonadota,alphaproteobacteria,rhodobacterales,roseobacteraceae,rubellimicrobium,rubellimicrobium rubrum
Zotu3640,5,6,22,0,0,1,0,1,bacteria,bacillota,clostridia,natranaerobiales,natranaerobiaceae,natranaerobaculum,natranaerobaculum magadiense
Zotu3641,0,0,0,0,0,0,0,0,bacteria,pseudomonadota,alphaproteobacteria,hyphomicrobiales,phyllobacteriaceae,mesorhizobium,mesorhizobium waitakense
Zotu3643,0,0,0,0,0,0,0,0,bacteria,acidobacteriota,vicinamibacteria,vicinamibacterales,vicinamibacteraceae,luteitalea,luteitalea pratensis
Zotu3644,37,0,0,1,0,0,0,0,bacteria,bacillota,bacilli,lactobacillales,lactobacillaceae,lactobacillus,lactobacillus iners
Zotu3645,0,0,0,0,0,0,0,0,bacteria,verrucomicrobiota,verrucomicrobiae,limisphaerales,fontisphaeraceae,fontisphaera,fontisphaera persica
Zotu3646,0,0,0,0,0,0,0,0,archaea,methanobacteriota,halobacteria,halobacteriales,halobacteriaceae,halobellus,halobellus limi
Zotu3647,0,0,0,0,0,0,0,0,bacteria,bacteroidota,chitinophagia,chitinophagales,chitinophagaceae,flavisolibacter,flavisolibacter ginsengiterrae
Zotu3648,0,0,0,0,0,0,0,0,bacteria,actinomycetota,acidimicrobiia,acidimicrobiales,iamiaceae,actinomarinicola,actinomarinicola tropica
Zotu3649,1,6,0,1,1,6,0,0,bacteria,actinomycetota,rubrobacteria,rubrobacterales,rubrobacteraceae,rubrobacter,rubrobacter naiadicus
Zotu3650,1,0,0,0,0,3,20,0,bacteria,planctomycetota,phycisphaerae,tepidisphaerales,tepidisphaeraceae,tepidisphaera,tepidisphaera mucosa
Zotu3651,0,0,11,0,7,2,0,0,bacteria,gemmatimonadota,longimicrobiia,longimicrobiales,longimicrobiaceae,longimicrobium,longimicrobium terrae
Zotu3652,3,0,0,0,3,0,0,0,bacteria,bacillota,clostridia,eubacteriales,symbiobacteriaceae,symbiobacterium,symbiobacterium turbinis
Zotu3653,1,0,0,0,1,1,0,0,bacteria,pseudomonadota,betaproteobacteria,nitrosomonadales,sterolibacteriaceae,methyloversatilis,methyloversatilis thermotolerans
Zotu3654,0,0,1,0,0,0,0,0,bacteria,actinomycetota,thermoleophilia,solirubrobacterales,solirubrobacteraceae,solirubrobacter,solirubrobacter phytolaccae
Zotu3655,0,0,0,0,0,0,0,1,bacteria,bacteroidota,cytophagia,cytophagales,flexibacteraceae,flexibacter,flexibacter flexilis
Zotu3656,4,49,0,0,0,0,1,1,bacteria,pseudomonadota,gammaproteobacteria,thiotrichales,thiotrichaceae,candidatus allobeggiato,candidatus allobeggiatoa halophila
Zotu3657,0,1,1,0,0,0,17,20,bacteria,chloroflexota,chloroflexia,herpetosiphonales,herpetosiphonaceae,herpetosiphon,herpetosiphon aurantiacus
Zotu3658,0,18,21,0,4,9,1,5,bacteria,acidobacteriota,vicinamibacteria,vicinamibacterales,vicinamibacteraceae,vicinamibacter,vicinamibacter silvestris
Zotu3659,0,0,1,0,0,0,0,0,bacteria,thermodesulfobacteriota,desulfuromonadia,geobacterales,geobacteraceae,geobacter,geobacter metallireducens
Zotu3660,0,0,0,0,17,0,8,12,bacteria,pseudomonadota,alphaproteobacteria,hyphomicrobiales,methylocystaceae,methylocystis,methylocystis hirsuta
Zotu3661,26,1,0,0,0,1,1,0,bacteria,planctomycetota,planctomycetia,pirellulales,pirellulaceae,blastopirellula,blastopirellula marina
Zotu3662,0,0,0,0,0,0,0,0,archaea,methanobacteriota,thermococci,thermococcales,thermococcaceae,palaeococcus,palaeococcus ferrophilus
Zotu3663,12,23,6,1,0,0,0,1,bacteria,acidobacteriota,vicinamibacteria,vicinamibacterales,vicinamibacteraceae,vicinamibacter,vicinamibacter silvestris
Zotu3664,20,8,0,0,0,0,0,0,bacteria,thermodesulfobacteriota,desulfuromonadia,desulfuromonadales,desulfuromonadaceae,desulfuromonas,desulfuromonas carbonis
Zotu3665,1,1,0,1,0,0,34,0,bacteria,verrucomicrobiota,verrucomicrobiae,verrucomicrobiales,verrucomicrobia subdivision 3,pedosphaera,pedosphaera parvula
Zotu3666,0,0,0,0,0,0,0,0,bacteria,bacillota,clostridia,lachnospirales,lachnospiraceae,anaeromicropila,anaeromicropila populeti
Zotu3667,0,0,0,0,0,1,0,0,bacteria,pseudomonadota,alphaproteobacteria,rhodospirillales,azospirillaceae,nitrospirillum,azospirillum amazonense
Zotu3668,0,0,1,18,0,0,0,0,archaea,methanobacteriota,halobacteria,halobacteriales,halobacteriaceae,halobacterium,halobacterium bonnevillei
Zotu3669,0,0,0,0,0,0,0,0,bacteria,candidatus tectomicrobia,candidatus tectomicrobia,candidatus tectomicrobia,candidatus tectomicrobia,candidatus entotheonella,candidatus entotheonella palauensis
Zotu3670,1,0,0,0,6,0,0,4,bacteria,bacillota,bacilli,bacillales,bacillaceae,bacillus,bacillus krulwichiae
Zotu3671,0,0,1,0,0,5,0,0,bacteria,actinomycetota,rubrobacteria,gaiellales,gaiellaceae,gaiella,gaiella occulta
Zotu3672,0,7,33,0,0,0,0,0,bacteria,verrucomicrobiota,verrucomicrobiae,limisphaerales,limisphaeraceae,limisphaera,limisphaera ngatamarikiensis
Zotu3673,0,0,0,0,0,0,0,0,bacteria,pseudomonadota,alphaproteobacteria,sphingomonadales,sphingomonadaceae,sphingomonas,sphingomonas panaciterrae
Zotu3674,0,0,0,0,0,0,0,0,bacteria,bacillota,clostridia,eubacteriales,symbiobacteriaceae,symbiobacterium,symbiobacterium ostreiconchae
Zotu3675,0,0,0,0,7,1,0,0,bacteria,bacillota,bacilli,bacillales,bacillaceae,alkalihalobacillus,alkalihalobacillus pseudalcaliphilus
Zotu3676,0,0,0,0,0,1,1,4,bacteria,actinomycetota,rubrobacteria,rubrobacterales,rubrobacteraceae,rubrobacter,rubrobacter radiotolerans
Zotu3677,0,0,0,0,0,0,0,2,bacteria,pseudomonadota,betaproteobacteria,burkholderiales,oxalobacteraceae,herbaspirillum,herbaspirillum seropedicae
Zotu3678,0,1,0,0,0,0,0,0,bacteria,pseudomonadota,alphaproteobacteria,sphingomonadales,sphingomonadaceae,sphingomonas,sphingomonas wittichii
Zotu3679,0,0,0,0,0,0,0,1,bacteria,bacillota,bacilli,bacillales,bacillaceae,lysinibacillus,lysinibacillus halotolerans
Zotu3680,26,0,1,1,0,0,0,0,archaea,methanobacteriota,thermoplasmata,methanomassiliicoccales,methanomassiliicoccaceae,methanomassiliicoccus,candidatus methanomassiliicoccus intestinalis
Zotu3681,0,0,0,0,0,0,0,0,bacteria,bacteroidota,cytophagia,cytophagales,hymenobacteraceae,adhaeribacter,adhaeribacter arboris
Zotu3682,0,1,0,0,0,1,0,0,bacteria,actinomycetota,actinomycetes,kitasatosporales,streptomycetaceae,yinghuangia,yinghuangia catbensis
Zotu3683,0,1,0,0,0,0,30,10,bacteria,chloroflexota,chloroflexia,chloroflexales,oscillochloridaceae,oscillochloris,oscillochloris trichoides
Zotu3684,0,0,0,0,0,0,21,0,bacteria,pseudomonadota,alphaproteobacteria,hyphomicrobiales,salinarimonadaceae,saliniramus,saliniramus fredricksonii
Zotu3685,0,0,0,0,0,0,0,0,bacteria,bacteroidota,chitinophagia,chitinophagales,chitinophagaceae,niastella,niastella vici
Zotu3686,0,0,0,0,2,0,2,0,bacteria,gemmatimonadota,longimicrobiia,longimicrobiales,longimicrobiaceae,longimicrobium,longimicrobium terrae
Zotu3687,0,0,0,0,0,0,0,0,bacteria,actinomycetota,actinomycetes,streptosporangiales,streptosporangiaceae,nonomuraea,nonomuraea soli
Zotu3688,0,0,0,0,0,0,0,0,bacteria,chloroflexota,anaerolineae,anaerolineales,anaerolineaceae,longilinea,longilinea arvoryzae
Zotu3689,38,28,1,0,0,0,1,1,archaea,methanobacteriota,thermoplasmata,methanomassiliicoccales,methanomassiliicoccaceae,methanomassiliicoccus,candidatus methanomassiliicoccus intestinalis
Zotu3691,0,0,0,0,0,0,0,0,bacteria,elusimicrobiota,endomicrobia,endomicrobiales,endomicrobiaceae,candidatus endomicrobium,candidatus endomicrobium pyrsonymphae
Zotu3692,1,0,0,0,0,24,0,0,bacteria,bacillota,clostridia,eubacteriales,syntrophomonadaceae,syntrophothermus,syntrophothermus lipocalidus
Zotu3693,1,31,39,0,1,1,2,0,archaea,methanobacteriota,thermoplasmata,methanomassiliicoccales,methanomassiliicoccaceae,methanomassiliicoccus,candidatus methanomassiliicoccus intestinalis
Zotu3694,0,0,0,0,0,0,1,0,bacteria,actinomycetota,rubrobacteria,gaiellales,gaiellaceae,gaiella,gaiella occulta
Zotu3695,0,0,0,0,0,0,0,0,bacteria,myxococcota,myxococcota,haliangiales,kofleriaceae,haliangium,haliangium ochraceum
Zotu3696,0,0,0,0,0,0,0,0,bacteria,actinomycetota,acidimicrobiia,acidimicrobiales,acidimicrobiaceae,aciditerrimonas,aciditerrimonas ferrireducens
Zotu3697,3,8,37,0,0,0,0,0,bacteria,planctomycetota,planctomycetia,gemmatales,gemmataceae,fimbriiglobus,fimbriiglobus ruber
Zotu3698,0,5,0,1,0,13,0,2,bacteria,chloroflexota,caldilineae,caldilineales,caldilineaceae,litorilinea,litorilinea aerophila
Zotu3699,0,1,0,0,0,0,0,0,bacteria,verrucomicrobiota,verrucomicrobiae,verrucomicrobiales,verrucomicrobiaceae,luteolibacter,luteolibacter flavescens
Zotu3700,0,0,0,1,0,0,0,0,bacteria,chloroflexota,anaerolineae,aggregatilineales,aggregatilineaceae,aggregatilinea,aggregatilinea lenta
Zotu3701,0,0,0,0,0,0,0,0,bacteria,bacteroidota,chitinophagia,chitinophagales,chitinophagaceae,flavisolibacter,flavisolibacter ginsengiterrae
Zotu3702,0,0,0,0,1,0,0,0,archaea,methanobacteriota,halobacteria,halobacteriales,halobacteriaceae,haloquadratum,haloquadratum walsbyi
Zotu3703,0,0,0,0,0,0,0,0,bacteria,pseudomonadota,gammaproteobacteria,oceanospirillales,halomonadaceae,cobetia,cobetia crustatorum
Zotu3704,0,0,0,0,0,0,1,0,bacteria,pseudomonadota,alphaproteobacteria,caulobacterales,caulobacteraceae,brevundimonas,brevundimonas alba
Zotu3705,0,11,22,0,0,0,1,0,bacteria,chloroflexota,chloroflexota,chloroflexota,chloroflexota,thermobaculum,thermobaculum terrenum
Zotu3706,53,0,0,1,1,1,2,0,bacteria,pseudomonadota,deltaproteobacteria,desulfuromonadales,desulfuromonadaceae,pelobacter,pelobacter carbinolicus
Zotu3707,0,2,0,0,1,0,0,1,bacteria,actinomycetota,thermoleophilia,solirubrobacterales,solirubrobacteraceae,solirubrobacter,solirubrobacter phytolaccae
Zotu3708,0,0,0,0,0,0,0,0,archaea,nitrososphaerota,nitrososphaeria,nitrososphaerales,nitrososphaeraceae,candidatus nitrososphaera,candidatus nitrososphaera
Zotu3709,4,0,0,53,0,0,0,0,bacteria,actinomycetota,rubrobacteria,rubrobacterales,rubrobacteraceae,rubrobacter,rubrobacter naiadicus
Zotu3710,68,0,0,0,0,0,0,0,bacteria,verrucomicrobiota,opitutae,opitutales,opitutaceae,geminisphaera,geminisphaera colitermitum
Zotu3711,11,0,29,0,0,0,1,0,bacteria,acidobacteriota,vicinamibacteria,vicinamibacterales,vicinamibacteraceae,vicinamibacter,vicinamibacter silvestris
Zotu3712,5,1,0,2,0,0,0,1,bacteria,bacillota,clostridia,eubacteriales,symbiobacteriaceae,symbiobacterium,symbiobacterium terraclitae
Zotu3714,1,0,0,0,15,0,1,0,bacteria,actinomycetota,acidimicrobiia,acidimicrobiales,iamiaceae,iamia,iamia majanohamensis
Zotu3715,0,0,0,0,0,0,0,0,bacteria,pseudomonadota,alphaproteobacteria,hyphomicrobiales,ancalomicrobiaceae,ancalomicrobium,ancalomicrobium adetum
Zotu3716,0,0,0,1,0,0,0,0,bacteria,pseudomonadota,alphaproteobacteria,hyphomicrobiales,methylobacteriaceae,microvirga,microvirga lenta
Zotu3717,0,0,0,0,0,0,0,0,bacteria,bacillota,bacilli,bacillales,bacillaceae,bacillus,bacillus atrophaeus
Zotu3718,2,0,0,0,0,4,0,0,bacteria,bacillota,bacilli,bacillales,paenibacillaceae,paenibacillus,paenibacillus antri
Zotu3719,4,29,7,0,10,9,25,8,bacteria,actinomycetota,rubrobacteria,gaiellales,gaiellaceae,gaiella,gaiella occulta
Zotu3720,0,1,0,0,19,11,21,2,bacteria,actinomycetota,acidimicrobiia,acidimicrobiales,acidimicrobiaceae,aciditerrimonas,aciditerrimonas ferrireducens
Zotu3721,0,1,1,0,0,0,0,0,bacteria,bacillota,clostridia,eubacteriales,clostridiales family xvii. incertae sedis,thermaerobacter,thermaerobacter composti
Zotu3722,0,0,1,0,23,9,11,0,bacteria,pseudomonadota,betaproteobacteria,burkholderiales,burkholderiaceae,caballeronia,caballeronia glathei
Zotu3724,37,22,0,0,1,0,0,0,bacteria,acidobacteriota,terriglobia,terriglobales,acidobacteriaceae,edaphobacter,edaphobacter aggregans
Zotu3725,0,0,0,0,0,0,0,0,bacteria,actinomycetota,rubrobacteria,gaiellales,gaiellaceae,gaiella,gaiella occulta
Zotu3726,0,0,0,0,0,0,0,0,bacteria,bacteroidota,cytophagia,cytophagales,catalimonadaceae,porifericola,porifericola rhodea
Zotu3727,1,8,0,0,0,0,0,0,bacteria,bacillota,clostridia,eubacteriales,symbiobacteriaceae,symbiobacterium,symbiobacterium turbinis
Zotu3728,1,2,0,0,1,29,20,1,bacteria,actinomycetota,actinomycetia,streptosporangiales,streptosporangiaceae,thermobispora,thermobispora bispora
Zotu3729,0,0,1,0,0,0,0,0,bacteria,pseudomonadota,alphaproteobacteria,hyphomicrobiales,salinarimonadaceae,salinarimonas,salinarimonas soli
Zotu3730,0,0,0,0,0,0,0,3,bacteria,actinomycetota,actinomycetes,geodermatophilales,geodermatophilaceae,blastococcus,blastococcus capsensis
Zotu3731,7,1,0,0,31,0,1,1,bacteria,pseudomonadota,alphaproteobacteria,hyphomicrobiales,hyphomicrobiaceae,rhodoplanes,rhodoplanes elegans
Zotu3732,0,0,0,0,0,0,0,0,bacteria,bacteroidota,cytophagia,cytophagales,hymenobacteraceae,pontibacter,pontibacter virosus
Zotu3733,0,0,0,0,0,0,1,0,bacteria,bacteroidota,cytophagia,cytophagales,catalimonadaceae,porifericola,porifericola rhodea
Zotu3734,48,0,0,0,0,5,0,1,bacteria,planctomycetota,planctomycetia,gemmatales,gemmataceae,gemmata,gemmata massiliana
Zotu3736,0,0,1,0,31,0,0,0,bacteria,pseudomonadota,alphaproteobacteria,hyphomicrobiales,hyphomicrobiaceae,rhodoplanes,rhodoplanes elegans
Zotu3737,0,0,0,0,0,0,3,6,bacteria,gemmatimonadota,gemmatimonadetes,gemmatimonadales,gemmatimonadaceae,roseisolibacter,roseisolibacter agri
Zotu3738,0,0,0,0,0,0,0,1,bacteria,pseudomonadota,alphaproteobacteria,hyphomicrobiales,methylobacteriaceae,microvirga,microvirga thermotolerans
Zotu3739,0,0,0,0,0,0,0,0,bacteria,actinomycetota,rubrobacteria,rubrobacterales,rubrobacteraceae,rubrobacter,rubrobacter naiadicus
Zotu3740,0,0,0,0,0,0,1,37,bacteria,pseudomonadota,betaproteobacteria,burkholderiales,sphaerotilaceae,azohydromonas,azohydromonas australica
Zotu3741,0,0,0,0,0,0,0,2,bacteria,actinomycetota,rubrobacteria,gaiellales,gaiellaceae,gaiella,gaiella occulta
Zotu3742,0,0,0,0,0,52,2,0,bacteria,rhodothermota,rhodothermia,rhodothermales,rhodothermaceae,rhodocaloribacter,rhodocaloribacter litoris
Zotu3743,0,0,0,0,1,35,12,0,bacteria,actinomycetota,actinomycetes,bifidobacteriales,bifidobacteriaceae,bifidobacterium,bifidobacterium crudilactis
Zotu3744,0,0,0,0,0,0,0,0,bacteria,chloroflexota,dehalococcoidia,dehalococcoidia,dehalococcoidia,dehalogenimonas,dehalogenimonas alkenigignens
Zotu3745,0,0,0,0,0,10,0,0,archaea,methanobacteriota,thermoplasmata,methanomassiliicoccales,methanomassiliicoccaceae,methanomassiliicoccus,candidatus methanomassiliicoccus intestinalis
Zotu3746,0,3,0,0,0,0,0,0,bacteria,acidobacteriota,vicinamibacteria,vicinamibacterales,vicinamibacteraceae,vicinamibacter,vicinamibacter silvestris
Zotu3747,0,0,1,1,0,1,0,57,bacteria,chloroflexota,chloroflexia,chloroflexales,roseiflexaceae,kouleothrix,kouleothrix aurantiaca
Zotu3748,0,0,0,0,0,0,0,0,bacteria,pseudomonadota,alphaproteobacteria,sphingomonadales,sphingomonadaceae,sphingomonas,sphingomonas jaspsi
Zotu3749,1,0,3,0,17,5,20,0,bacteria,acidobacteriota,blastocatellia,blastocatellales,blastocatellaceae,aridibacter,aridibacter kavangonensis
Zotu3750,0,0,0,0,0,0,0,0,bacteria,pseudomonadota,gammaproteobacteria,gammaproteobacteria,gammaproteobacteria,acidibacter,acidibacter ferrireducens
Zotu3751,6,20,0,0,0,0,0,0,bacteria,actinomycetota,rubrobacteria,rubrobacterales,rubrobacteraceae,rubrobacter,rubrobacter naiadicus
Zotu3752,0,0,0,2,0,1,1,0,bacteria,thermodesulfobacteriota,desulfobulbia,desulfobulbales,desulfobulbaceae,desulfobulbus,desulfobulbus elongatus
Zotu3753,33,27,2,1,0,2,0,1,bacteria,acidobacteriota,terriglobia,terriglobales,acidobacteriaceae,edaphobacter,edaphobacter aggregans
Zotu3755,7,13,0,0,0,0,1,0,bacteria,bacillota,clostridia,natranaerobiales,natranaerobiaceae,natranaerobaculum,natranaerobaculum magadiense
Zotu3756,0,0,1,0,1,9,0,0,bacteria,actinomycetota,actinomycetes,pseudonocardiales,pseudonocardiaceae,actinokineospora,actinokineospora acnipugnans
Zotu3757,0,0,0,0,0,0,0,0,bacteria,actinomycetota,rubrobacteria,rubrobacterales,rubrobacteraceae,rubrobacter,rubrobacter spartanus
Zotu3758,0,0,0,0,0,0,0,0,bacteria,actinomycetota,actinomycetes,streptosporangiales,thermomonosporaceae,thermomonospora,thermomonospora echinospora
Zotu3759,0,1,1,0,0,1,0,24,bacteria,chloroflexota,chloroflexia,herpetosiphonales,herpetosiphonaceae,herpetosiphon,herpetosiphon aurantiacus
Zotu3760,0,0,9,0,0,0,0,0,bacteria,gemmatimonadota,longimicrobiia,longimicrobiales,longimicrobiaceae,longimicrobium,longimicrobium terrae
Zotu3761,0,0,0,0,0,0,0,0,bacteria,pseudomonadota,alphaproteobacteria,rhodobacterales,roseobacteraceae,rubellimicrobium,rubellimicrobium roseum
Zotu3762,0,0,0,0,0,0,0,0,bacteria,bacillota,bacilli,bacillales,paenibacillaceae,oxalophagus,oxalophagus oxalicus
Zotu3763,0,0,0,0,0,0,0,0,bacteria,gemmatimonadota,gemmatimonadetes,gemmatimonadales,gemmatimonadaceae,roseisolibacter,roseisolibacter agri
Zotu3764,0,8,0,0,1,1,0,3,bacteria,bacillota,bacilli,bacillales,bacillaceae,peribacillus,peribacillus frigoritolerans
Zotu3765,0,0,0,0,0,18,0,0,bacteria,planctomycetota,planctomycetia,pirellulales,thermoguttaceae,thermogutta,thermogutta terrifontis
Zotu3766,0,0,0,0,0,0,1,1,bacteria,pseudomonadota,betaproteobacteria,burkholderiales,sphaerotilaceae,roseateles,roseateles chitosanitabidus
Zotu3767,0,0,0,0,0,0,0,0,bacteria,bacillota,clostridia,eubacteriales,clostridiales family xvii. incertae sedis,thermaerobacter,thermaerobacter composti
Zotu3768,0,3,0,0,14,1,0,0,bacteria,actinomycetota,acidimicrobiia,acidimicrobiales,acidimicrobiaceae,aciditerrimonas,aciditerrimonas ferrireducens
Zotu3769,0,0,0,0,0,0,0,0,bacteria,gemmatimonadota,gemmatimonadetes,gemmatimonadales,gemmatimonadaceae,gemmatimonas,gemmatimonas phototrophica
Zotu3771,6,0,0,0,0,39,0,0,bacteria,planctomycetota,phycisphaerae,tepidisphaerales,tepidisphaeraceae,tepidisphaera,tepidisphaera mucosa
Zotu3772,1,27,0,0,2,0,1,0,bacteria,actinomycetota,actinomycetes,pseudonocardiales,pseudonocardiaceae,lentzea,lentzea aerocolonigenes
Zotu3773,0,1,0,1,0,1,0,10,bacteria,pseudomonadota,alphaproteobacteria,rhodospirillales,azospirillaceae,skermanella,skermanella rosea
Zotu3774,0,0,0,0,0,0,0,0,bacteria,kiritimatiellota,tichowtungiia,tichowtungiales,tichowtungiaceae,tichowtungia,tichowtungia aerotolerans
Zotu3775,0,0,0,0,0,0,0,0,bacteria,bacillota,clostridia,eubacteriales,clostridiales family xvii. incertae sedis,thermaerobacter,thermaerobacter subterraneus
Zotu3777,0,0,0,0,0,0,0,0,bacteria,bacteroidota,chitinophagia,chitinophagales,chitinophagaceae,flavisolibacter,flavisolibacter ginsengiterrae
Zotu3778,10,17,23,1,0,26,1,0,bacteria,acidobacteriota,vicinamibacteria,vicinamibacterales,vicinamibacteraceae,vicinamibacter,vicinamibacter silvestris
Zotu3779,0,0,0,1,0,0,0,0,bacteria,pseudomonadota,betaproteobacteria,burkholderiales,comamonadaceae,ramlibacter,ramlibacter agri
Zotu3780,0,0,0,0,0,0,0,2,bacteria,pseudomonadota,gammaproteobacteria,pseudomonadales,pseudomonadaceae,pseudomonas,pseudomonas psychrotolerans
Zotu3781,0,0,0,0,0,4,2,7,bacteria,actinomycetota,thermoleophilia,solirubrobacterales,solirubrobacteraceae,solirubrobacter,solirubrobacter ginsenosidimutans
Zotu3782,0,0,0,0,0,0,0,0,bacteria,acidobacteriota,vicinamibacteria,vicinamibacterales,vicinamibacteraceae,vicinamibacter,vicinamibacter silvestris
Zotu3783,0,0,0,0,0,0,0,6,bacteria,myxococcota,myxococcia,myxococcales,archangiaceae,archangium,archangium gephyra
Zotu3784,1,0,0,0,0,1,1,39,bacteria,chloroflexota,chloroflexia,herpetosiphonales,herpetosiphonaceae,herpetosiphon,herpetosiphon aurantiacus
Zotu3785,0,0,0,0,0,0,0,0,bacteria,pseudomonadota,gammaproteobacteria,xanthomonadales,xanthomonadaceae,lysobacter,lysobacter silvisoli
Zotu3786,0,0,1,0,0,6,29,0,bacteria,actinomycetota,acidimicrobiia,acidimicrobiales,iamiaceae,actinomarinicola,actinomarinicola tropica
Zotu3787,1,2,1,1,0,0,0,0,bacteria,pseudomonadota,deltaproteobacteria,myxococcales,anaeromyxobacteraceae,anaeromyxobacter,anaeromyxobacter dehalogenans
Zotu3788,0,0,6,0,27,5,0,0,bacteria,bacillota,bacillota,bacillota,bacillota,capillibacterium,capillibacterium thermochitinicola
Zotu3789,0,0,0,0,0,0,3,0,bacteria,gemmatimonadota,longimicrobiia,longimicrobiales,longimicrobiaceae,longimicrobium,longimicrobium terrae
Zotu3790,0,0,0,0,0,0,0,11,bacteria,thermodesulfobacteriota,desulfuromonadia,desulfuromonadales,desulfuromonadaceae,pelobacter,pelobacter seleniigenes
Zotu3791,1,26,6,0,2,0,3,0,bacteria,actinomycetota,thermoleophilia,solirubrobacterales,solirubrobacteraceae,solirubrobacter,solirubrobacter phytolaccae
Zotu3792,0,0,0,0,0,0,0,0,bacteria,actinomycetota,acidimicrobiia,acidimicrobiales,iamiaceae,actinomarinicola,actinomarinicola tropica
Zotu3793,0,0,0,0,0,0,0,1,bacteria,planctomycetota,planctomycetia,gemmatales,gemmataceae,zavarzinella,zavarzinella formosa
Zotu3794,0,0,0,0,0,0,0,2,bacteria,bacteroidota,cytophagia,cytophagales,hymenobacteraceae,adhaeribacter,adhaeribacter aerophilus
Zotu3795,0,0,0,0,0,0,0,1,bacteria,pseudomonadota,alphaproteobacteria,rhodospirillales,acetobacteraceae,roseomonas,roseomonas marmotae
Zotu3796,0,0,0,0,0,0,0,0,bacteria,verrucomicrobiota,verrucomicrobiae,verrucomicrobiales,verrucomicrobia subdivision 3,pedosphaera,pedosphaera parvula
Zotu3797,0,4,0,0,0,0,0,0,bacteria,gemmatimonadota,longimicrobiia,longimicrobiales,longimicrobiaceae,longimicrobium,longimicrobium terrae
Zotu3798,0,0,0,0,0,0,0,0,bacteria,bacteroidota,cytophagia,cytophagales,fulvivirgaceae,fulvivirga,fulvivirga lutimaris
Zotu3799,0,0,0,0,0,0,0,0,bacteria,pseudomonadota,alphaproteobacteria,pelagibacterales,pelagibacteraceae,candidatus pelagibacter,candidatus pelagibacter ubique
Zotu3800,0,0,0,0,0,0,0,0,bacteria,chloroflexota,chloroflexia,kallotenuales,kallotenuaceae,kallotenue,kallotenue papyrolyticum
Zotu3801,6,15,63,0,0,1,1,0,bacteria,acidobacteriota,vicinamibacteria,vicinamibacterales,vicinamibacteraceae,vicinamibacter,vicinamibacter silvestris
Zotu3803,0,0,0,0,1,0,0,0,bacteria,myxococcota,myxococcota,haliangiales,kofleriaceae,haliangium,haliangium ochraceum
Zotu3804,0,0,0,0,40,0,0,0,bacteria,actinomycetota,acidimicrobiia,acidimicrobiales,iamiaceae,actinomarinicola,actinomarinicola tropica
Zotu3805,0,1,13,0,0,0,0,0,bacteria,bacillota,bacilli,bacillales,bacillaceae,anoxybacillus,anoxybacillus rupiensis
Zotu3806,1,0,0,0,0,0,0,0,bacteria,pseudomonadota,alphaproteobacteria,sphingomonadales,sphingomonadaceae,sphingomonas,sphingomonas montis
Zotu3808,0,0,0,1,0,8,13,6,bacteria,gemmatimonadota,longimicrobiia,longimicrobiales,longimicrobiaceae,longimicrobium,longimicrobium terrae
Zotu3809,7,16,0,0,0,0,0,0,bacteria,actinomycetota,rubrobacteria,gaiellales,gaiellaceae,gaiella,gaiella occulta
Zotu3810,0,11,6,0,30,0,0,0,bacteria,bacillota,clostridia,eubacteriales,symbiobacteriaceae,symbiobacterium,symbiobacterium terraclitae
Zotu3811,0,0,0,0,0,0,5,16,bacteria,actinomycetota,thermoleophilia,solirubrobacterales,conexibacteraceae,conexibacter,conexibacter stalactiti
Zotu3812,0,0,0,0,0,0,0,0,bacteria,actinomycetota,rubrobacteria,rubrobacterales,rubrobacteraceae,rubrobacter,rubrobacter naiadicus
Zotu3813,0,0,0,0,0,0,0,12,bacteria,acidobacteriota,blastocatellia,blastocatellales,blastocatellaceae,tellurimicrobium,tellurimicrobium multivorans
Zotu3814,0,0,0,0,0,0,0,0,bacteria,myxococcota,myxococcia,myxococcales,myxococcaceae,simulacricoccus,simulacricoccus ruber
Zotu3815,0,0,0,0,0,0,0,0,bacteria,pseudomonadota,oligoflexia,bdellovibrionales,bdellovibrionaceae,bdellovibrio,bdellovibrio bacteriovorus
Zotu3816,0,0,0,0,0,0,0,0,bacteria,chloroflexota,chloroflexia,kallotenuales,kallotenuaceae,kallotenue,kallotenue papyrolyticum
Zotu3817,11,27,0,0,0,0,2,0,bacteria,actinomycetota,thermoleophilia,solirubrobacterales,baekduiaceae,baekduia,baekduia soli
Zotu3818,4,21,13,0,5,2,0,0,bacteria,acidobacteriota,vicinamibacteria,vicinamibacterales,vicinamibacteraceae,luteitalea,luteitalea pratensis
Zotu3819,0,0,1,0,0,27,27,0,bacteria,pseudomonadota,gammaproteobacteria,legionellales,legionellaceae,legionella,legionella waltersii
Zotu3820,0,0,0,0,0,0,0,0,bacteria,actinomycetota,acidimicrobiia,acidimicrobiales,iamiaceae,iamia,iamia majanohamensis
Zotu3821,0,0,0,0,0,40,0,0,bacteria,verrucomicrobiota,verrucomicrobiae,verrucomicrobiales,verrucomicrobia subdivision 3,pedosphaera,pedosphaera parvula
Zotu3822,0,0,0,0,0,0,1,0,bacteria,actinomycetota,actinomycetes,micromonosporales,micromonosporaceae,catellatospora,catellatospora tagetis
Zotu3824,0,0,0,0,0,0,0,0,bacteria,pseudomonadota,alphaproteobacteria,sphingomonadales,sphingomonadaceae,sphingomonas,sphingomonas wittichii
Zotu3825,0,0,0,0,0,0,0,0,bacteria,bacteroidota,cytophagia,cytophagales,hymenobacteraceae,pontibacter,pontibacter akesuensis
Zotu3826,0,0,0,0,0,0,0,0,bacteria,pseudomonadota,alphaproteobacteria,sphingomonadales,sphingomonadaceae,sphingomonas,sphingomonas parvus
Zotu3827,1,0,0,0,52,0,0,0,bacteria,pseudomonadota,alphaproteobacteria,hyphomicrobiales,hyphomicrobiaceae,rhodoplanes,rhodoplanes serenus
Zotu3828,0,0,0,0,0,0,0,0,bacteria,pseudomonadota,gammaproteobacteria,nevskiales,nevskiaceae,panacagrimonas,panacagrimonas perspica
Zotu3829,0,0,0,0,0,0,0,0,bacteria,bacillota,clostridia,eubacteriales,symbiobacteriaceae,symbiobacterium,symbiobacterium terraclitae
Zotu3830,0,1,0,1,1,13,33,0,archaea,methanobacteriota,thermoplasmata,methanomassiliicoccales,methanomassiliicoccaceae,methanomassiliicoccus,candidatus methanomassiliicoccus intestinalis
Zotu3831,0,1,0,0,22,22,11,4,bacteria,gemmatimonadota,gemmatimonadetes,gemmatimonadales,gemmatimonadaceae,gemmatimonas,gemmatimonas phototrophica
Zotu3832,0,0,0,0,0,0,0,0,bacteria,pseudomonadota,alphaproteobacteria,sphingomonadales,sphingomonadaceae,sphingomonas,sphingomonas jaspsi
Zotu3833,0,0,0,0,0,2,0,0,bacteria,actinomycetota,thermoleophilia,solirubrobacterales,parviterribacteraceae,parviterribacter,parviterribacter kavangonensis
Zotu3834,1,0,0,0,0,36,0,0,bacteria,acidobacteriota,blastocatellia,blastocatellales,blastocatellaceae,blastocatella,blastocatella fastidiosa
Zotu3835,7,27,8,0,1,3,0,0,bacteria,bacillota,clostridia,eubacteriales,clostridiales family xvii. incertae sedis,thermaerobacter,thermaerobacter composti
Zotu3836,0,0,0,0,0,0,0,0,bacteria,pseudomonadota,alphaproteobacteria,sphingomonadales,sphingosinicellaceae,pedomonas,pedomonas mirosovicensis
Zotu3837,13,1,13,0,0,19,7,0,bacteria,chloroflexota,tepidiformia,tepidiformales,tepidiformaceae,tepidiforma,tepidiforma bonchosmolovskayae
Zotu3838,0,0,0,0,0,0,0,0,bacteria,myxococcota,myxococcota,haliangiales,kofleriaceae,haliangium,haliangium ochraceum
Zotu3839,0,0,0,0,0,0,0,0,bacteria,thermodesulfobacteriota,desulfuromonadia,geobacterales,geobacteraceae,geobacter,geobacter metallireducens
Zotu3840,0,0,0,1,0,0,0,0,bacteria,bacteroidota,chitinophagia,chitinophagales,chitinophagaceae,sediminibacterium,sediminibacterium goheungense
Zotu3841,1,0,0,1,0,1,0,0,bacteria,actinomycetota,actinomycetia,micrococcales,dermacoccaceae,dermacoccus,dermacoccus nishinomiyaensis
Zotu3842,0,1,0,1,78,0,0,0,bacteria,actinomycetota,rubrobacteria,rubrobacterales,rubrobacteraceae,rubrobacter,rubrobacter naiadicus
Zotu3843,10,33,2,0,0,0,0,0,bacteria,acidobacteriota,terriglobia,terriglobales,acidobacteriaceae,edaphobacter,edaphobacter aggregans
Zotu3844,0,0,0,0,0,0,1,0,bacteria,bacteroidota,sphingobacteriia,sphingobacteriales,sphingobacteriaceae,pedobacter,pedobacter mongoliensis
Zotu3845,0,0,0,0,0,0,0,0,bacteria,actinomycetota,thermoleophilia,solirubrobacterales,baekduiaceae,baekduia,baekduia soli
Zotu3846,0,0,0,0,41,0,0,0,bacteria,verrucomicrobiota,verrucomicrobiae,limisphaerales,limisphaeraceae,limisphaera,limisphaera ngatamarikiensis
Zotu3847,0,0,0,0,0,1,0,13,bacteria,rhodothermota,rhodothermia,rhodothermales,salisaetaceae,roseithermus,roseithermus sacchariphilus
Zotu3848,22,12,0,1,0,1,0,0,bacteria,gemmatimonadota,gemmatimonadetes,gemmatimonadales,gemmatimonadaceae,gemmatimonas,gemmatimonas aurantiaca
Zotu3849,0,0,0,0,0,0,0,0,archaea,methanobacteriota,halobacteria,halobacteriales,halobacteriaceae,halomicrobium,halomicrobium zhouii
Zotu3850,0,0,0,0,0,0,0,0,bacteria,pseudomonadota,alphaproteobacteria,sphingomonadales,sphingomonadaceae,sphingomonas,sphingomonas wittichii
Zotu3851,0,0,0,0,0,0,1,0,bacteria,actinomycetota,actinomycetes,pseudonocardiales,pseudonocardiaceae,pseudonocardia,pseudonocardia halophobica
Zotu3852,1,3,0,0,0,0,0,0,bacteria,pseudomonadota,alphaproteobacteria,hyphomicrobiales,devosiaceae,devosia,devosia enhydra
Zotu3853,0,0,1,0,0,0,1,0,archaea,methanobacteriota,thermoplasmata,methanomassiliicoccales,methanomassiliicoccaceae,methanomassiliicoccus,candidatus methanomassiliicoccus intestinalis
Zotu3854,10,0,0,0,0,0,0,0,bacteria,chloroflexota,chloroflexia,herpetosiphonales,herpetosiphonaceae,herpetosiphon,herpetosiphon gulosus
Zotu3855,0,0,0,0,0,0,0,0,archaea,methanobacteriota,halobacteria,halobacteriales,halobacteriaceae,halobacterium,halobacterium bonnevillei
Zotu3856,0,0,0,0,0,0,0,0,bacteria,actinomycetota,actinomycetia,streptosporangiales,streptosporangiaceae,nonomuraea,nonomuraea salmonea
Zotu3857,0,0,0,0,0,0,0,0,bacteria,acidobacteriota,vicinamibacteria,vicinamibacterales,vicinamibacteraceae,vicinamibacter,vicinamibacter silvestris
Zotu3858,0,0,0,0,0,0,0,0,bacteria,pseudomonadota,gammaproteobacteria,chromatiales,thioprofundaceae,thioprofundum,thioprofundum lithotrophicum
Zotu3859,0,0,0,0,0,0,1,8,bacteria,bacteroidota,cytophagia,cytophagales,cytophagaceae,rhodocytophaga,rhodocytophaga aerolata
Zotu3860,1,0,0,0,0,0,0,0,bacteria,actinomycetota,actinomycetes,pseudonocardiales,pseudonocardiaceae,saccharopolyspora,saccharopolyspora gregorii
Zotu3861,0,0,1,45,0,5,1,0,bacteria,actinomycetota,thermoleophilia,solirubrobacterales,solirubrobacteraceae,solirubrobacter,solirubrobacter phytolaccae
Zotu3862,0,0,0,0,0,0,0,0,bacteria,pseudomonadota,alphaproteobacteria,caulobacterales,caulobacteraceae,phenylobacterium,phenylobacterium aquaticum
Zotu3863,0,1,0,0,0,0,0,0,bacteria,pseudomonadota,alphaproteobacteria,rickettsiales,anaplasmataceae,ehrlichia,ehrlichia muris
Zotu3864,0,0,0,0,0,0,0,0,archaea,methanobacteriota,halobacteria,halobacteriales,halobacteriaceae,natronoarchaeum,natronoarchaeum philippinense
Zotu3865,7,8,0,0,0,0,0,1,bacteria,pseudomonadota,hydrogenophilia,hydrogenophilia,hydrogenophilia,pelomicrobium,pelomicrobium methylotrophicum
Zotu3866,0,0,0,0,0,0,0,0,bacteria,bacteroidota,chitinophagia,chitinophagales,chitinophagaceae,parasegetibacter,parasegetibacter terrae
Zotu3867,0,0,0,0,0,0,0,0,bacteria,pseudomonadota,alphaproteobacteria,hyphomicrobiales,devosiaceae,paradevosia,paradevosia shaoguanensis
Zotu3869,0,0,0,0,0,0,0,0,archaea,methanobacteriota,halobacteria,halobacteriales,halobacteriaceae,natronomonas,natronomonas salina
Zotu3870,0,22,0,0,1,33,0,0,bacteria,planctomycetota,planctomycetia,gemmatales,gemmataceae,zavarzinella,zavarzinella formosa
Zotu3871,1,10,0,0,32,0,0,0,bacteria,planctomycetota,planctomycetia,gemmatales,gemmataceae,gemmata,gemmata palustris
Zotu3872,0,0,0,0,0,0,0,0,bacteria,pseudomonadota,alphaproteobacteria,sphingomonadales,sphingomonadaceae,allosphingosinicella,allosphingosinicella indica
Zotu3873,0,0,0,0,0,0,0,0,bacteria,candidatus saccharibacteria,candidatus saccharibacteria,candidatus saccharibacteria,candidatus saccharibacteria,candidatus saccharimonas,candidatus saccharimonas aalborgensis
Zotu3874,0,0,0,0,0,0,0,0,bacteria,bacillota,bacilli,bacillales,bacillaceae,calditerricola,calditerricola yamamurae
Zotu3875,0,0,0,0,0,0,0,0,bacteria,bacteroidota,chitinophagia,chitinophagales,chitinophagaceae,flavisolibacter,flavisolibacter carri
Zotu3876,0,0,0,0,0,0,0,0,bacteria,verrucomicrobiota,verrucomicrobiae,verrucomicrobiales,verrucomicrobia subdivision 3,pedosphaera,pedosphaera parvula
Zotu3877,8,14,13,0,0,0,0,0,bacteria,acidobacteriota,vicinamibacteria,vicinamibacterales,vicinamibacteraceae,luteitalea,luteitalea pratensis
Zotu3878,0,0,0,0,0,0,0,0,bacteria,bacteroidota,chitinophagia,chitinophagales,chitinophagaceae,flavisolibacter,flavisolibacter ginsengiterrae
Zotu3879,0,0,26,0,0,0,0,0,bacteria,chloroflexota,chloroflexia,chloroflexales,roseiflexaceae,kouleothrix,kouleothrix aurantiaca
Zotu3880,0,0,0,0,0,0,0,0,bacteria,actinomycetota,actinomycetes,propionibacteriales,nocardioidaceae,nocardioides,nocardioides marmoribigeumensis
Zotu3881,0,48,0,0,0,0,1,0,bacteria,chloroflexota,anaerolineae,anaerolineales,anaerolineaceae,ornatilinea,ornatilinea apprima
Zotu3882,8,19,0,0,1,0,2,0,bacteria,pseudomonadota,alphaproteobacteria,rhodospirillales,rhodospirillaceae,elstera,elstera cyanobacteriorum
Zotu3883,0,0,0,0,0,0,0,0,bacteria,bacteroidota,chitinophagia,chitinophagales,chitinophagaceae,segetibacter,segetibacter koreensis
Zotu3884,0,0,7,1,31,0,0,0,bacteria,actinomycetota,nitriliruptoria,euzebyales,euzebyaceae,euzebya,euzebya pacifica
Zotu3885,0,0,0,1,1,1,16,27,bacteria,bacillota,clostridia,eubacteriales,symbiobacteriaceae,symbiobacterium,symbiobacterium terraclitae
Zotu3886,0,0,0,0,0,0,0,0,bacteria,verrucomicrobiota,spartobacteria,chthoniobacterales,chthoniobacteraceae,chthoniobacter,chthoniobacter flavus
Zotu3887,49,1,1,0,0,0,0,0,bacteria,planctomycetota,planctomycetia,pirellulales,pirellulaceae,lignipirellula,lignipirellula cremea
Zotu3889,0,0,0,0,0,0,0,0,bacteria,acidobacteriota,vicinamibacteria,vicinamibacterales,vicinamibacteraceae,luteitalea,luteitalea pratensis
Zotu3890,0,0,0,1,0,0,0,0,bacteria,actinomycetota,actinomycetes,pseudonocardiales,pseudonocardiaceae,actinophytocola,actinophytocola glycyrrhizae
Zotu3891,0,0,0,0,0,0,0,5,bacteria,thermodesulfobacteriota,desulfuromonadia,desulfuromonadales,geoalkalibacteraceae,geoalkalibacter,geoalkalibacter ferrihydriticus
Zotu3892,1,0,0,0,0,0,0,0,bacteria,acidobacteriota,vicinamibacteria,vicinamibacterales,vicinamibacteraceae,luteitalea,luteitalea pratensis
Zotu3893,0,0,0,0,0,0,0,0,bacteria,actinomycetota,actinomycetes,streptosporangiales,streptosporangiaceae,nonomuraea,nonomuraea soli
Zotu3894,0,0,2,0,0,0,0,0,archaea,methanobacteriota,thermoplasmata,methanomassiliicoccales,methanomassiliicoccaceae,methanomassiliicoccus,candidatus methanomassiliicoccus intestinalis
Zotu3895,0,0,0,0,0,0,0,0,bacteria,actinomycetota,actinomycetes,geodermatophilales,geodermatophilaceae,geodermatophilus,geodermatophilus bullaregiensis
Zotu3896,0,0,0,0,0,0,0,0,bacteria,bacteroidota,chitinophagia,chitinophagales,chitinophagaceae,flavisolibacter,flavisolibacter galbus
Zotu3897,0,0,0,0,0,0,0,0,bacteria,chloroflexota,tepidiformia,tepidiformales,tepidiformaceae,tepidiforma,tepidiforma bonchosmolovskayae
Zotu3898,0,1,0,0,0,0,1,0,archaea,methanobacteriota,thermoplasmata,methanomassiliicoccales,methanomassiliicoccaceae,methanomassiliicoccus,candidatus methanomassiliicoccus intestinalis
Zotu3899,0,0,0,38,0,0,0,0,bacteria,candidatus tectomicrobia,candidatus tectomicrobia,candidatus tectomicrobia,candidatus tectomicrobia,candidatus entotheonella,candidatus entotheonella palauensis
Zotu3900,0,0,0,0,0,0,0,1,bacteria,pseudomonadota,alphaproteobacteria,rhodobacterales,paracoccaceae,acidimangrovimonas,acidimangrovimonas pyrenivorans
Zotu3901,0,0,1,0,0,0,0,0,bacteria,actinomycetota,actinomycetes,propionibacteriales,nocardioidaceae,nocardioides,nocardioides pocheonensis
Zotu3902,0,0,0,0,0,1,1,0,bacteria,kiritimatiellota,tichowtungiia,tichowtungiales,tichowtungiaceae,tichowtungia,tichowtungia aerotolerans
Zotu3903,0,12,36,0,0,0,0,0,bacteria,planctomycetota,planctomycetia,gemmatales,gemmataceae,fimbriiglobus,fimbriiglobus ruber
Zotu3904,0,0,0,0,0,0,0,0,bacteria,actinomycetota,rubrobacteria,gaiellales,gaiellaceae,gaiella,gaiella occulta
Zotu3905,0,0,0,0,0,0,0,0,bacteria,chloroflexota,chloroflexia,chloroflexales,oscillochloridaceae,chloronema,chloronema giganteum
Zotu3906,1,0,0,0,0,0,0,0,bacteria,acidobacteriota,vicinamibacteria,vicinamibacterales,vicinamibacteraceae,vicinamibacter,vicinamibacter silvestris
Zotu3907,0,0,0,0,0,0,0,0,bacteria,chloroflexota,thermomicrobia,sphaerobacterales,sphaerobacteraceae,sphaerobacter,sphaerobacter thermophilus
Zotu3908,0,0,0,0,0,0,0,0,bacteria,actinomycetota,actinomycetia,micrococcales,microbacteriaceae,microbacterium,microbacterium aurum
Zotu3909,0,0,0,0,0,0,0,0,bacteria,bacteroidota,sphingobacteriia,sphingobacteriales,sphingobacteriaceae,solitalea,solitalea koreensis
Zotu3910,12,11,25,0,0,0,1,0,bacteria,pseudomonadota,betaproteobacteria,rhodocyclales,rhodocyclaceae,candidatus dactylopiibacterium,candidatus dactylopiibacterium carminicum
Zotu3911,0,0,0,0,0,0,0,0,archaea,methanobacteriota,halobacteria,halobacteriales,halobacteriaceae,halomicroarcula,halomicroarcula rubra
Zotu3912,41,6,13,0,0,0,0,0,bacteria,bacillota,clostridia,eubacteriales,clostridiales family xvii. incertae sedis,thermaerobacter,thermaerobacter composti
Zotu3913,0,0,0,0,0,0,0,0,archaea,methanobacteriota,thermoplasmata,methanomassiliicoccales,methanomassiliicoccaceae,methanomassiliicoccus,candidatus methanomassiliicoccus intestinalis
Zotu3914,3,0,0,1,0,0,0,24,bacteria,bacteroidota,chitinophagia,chitinophagales,chitinophagaceae,flavisolibacter,flavisolibacter carri
Zotu3915,40,25,0,0,1,1,1,1,bacteria,gemmatimonadota,gemmatimonadetes,gemmatimonadales,gemmatimonadaceae,gemmatimonas,gemmatimonas aurantiaca
Zotu3916,0,0,0,0,0,0,0,0,bacteria,gemmatimonadota,gemmatimonadetes,gemmatimonadales,gemmatimonadaceae,roseisolibacter,roseisolibacter agri
Zotu3917,0,0,1,2,0,0,0,55,bacteria,bacteroidota,cytophagia,cytophagales,hymenobacteraceae,adhaeribacter,adhaeribacter aquaticus
Zotu3918,0,0,0,0,0,0,0,0,archaea,methanobacteriota,thermoplasmata,methanomassiliicoccales,methanomassiliicoccaceae,methanomassiliicoccus,candidatus methanomassiliicoccus intestinalis
Zotu3919,0,4,1,0,0,10,3,0,bacteria,actinomycetota,actinomycetes,kitasatosporales,streptomycetaceae,streptomyces,streptomyces bluensis
Zotu3920,10,1,0,0,17,1,1,0,bacteria,candidatus tectomicrobia,candidatus tectomicrobia,candidatus tectomicrobia,candidatus tectomicrobia,candidatus entotheonella,candidatus entotheonella palauensis
Zotu3921,1,0,0,0,0,0,1,1,bacteria,actinomycetota,rubrobacteria,rubrobacterales,rubrobacteraceae,rubrobacter,rubrobacter naiadicus
Zotu3922,0,0,0,0,0,0,0,0,bacteria,bacillota,clostridia,moorellales,moorellaceae,moorella,moorella humiferrea
Zotu3923,0,0,0,0,0,0,0,0,bacteria,pseudomonadota,alphaproteobacteria,caulobacterales,caulobacteraceae,brevundimonas,brevundimonas lutea
Zotu3924,0,0,0,0,0,0,0,0,bacteria,pseudomonadota,alphaproteobacteria,rhodospirillales,rhodospirillaceae,elstera,elstera cyanobacteriorum
Zotu3925,0,0,0,0,0,0,0,0,bacteria,actinomycetota,actinomycetia,propionibacteriales,nocardioidaceae,nocardioides,nocardioides caeni
Zotu3926,9,6,2,33,2,0,0,0,bacteria,pseudomonadota,betaproteobacteria,burkholderiales,burkholderiaceae,limnobacter,limnobacter alexandrii
Zotu3927,0,0,0,0,0,0,2,0,bacteria,pseudomonadota,betaproteobacteria,burkholderiales,oxalobacteraceae,noviherbaspirillum,noviherbaspirillum denitrificans
Zotu3928,0,0,0,0,1,0,0,0,bacteria,actinomycetota,thermoleophilia,solirubrobacterales,parviterribacteraceae,parviterribacter,parviterribacter multiflagellatus
Zotu3929,0,0,0,0,0,0,0,0,archaea,methanobacteriota,thermoplasmata,methanomassiliicoccales,methanomassiliicoccaceae,methanomassiliicoccus,candidatus methanomassiliicoccus intestinalis
Zotu3930,0,0,0,0,0,0,0,0,bacteria,thermodesulfobacteriota,desulfuromonadia,desulfuromonadales,geothermobacteraceae,geothermobacter,geothermobacter hydrogeniphilus
Zotu3931,0,0,0,1,0,1,7,0,bacteria,pseudomonadota,betaproteobacteria,burkholderiales,oxalobacteraceae,oxalicibacterium,oxalicibacterium horti
Zotu3932,11,8,0,32,0,0,0,1,bacteria,bacillota,clostridia,eubacteriales,oscillospiraceae,ruminococcus,ruminococcus flavefaciens
Zotu3933,0,0,0,0,0,0,0,0,bacteria,planctomycetota,phycisphaerae,tepidisphaerales,tepidisphaeraceae,tepidisphaera,tepidisphaera mucosa
Zotu3934,1,23,0,0,0,23,0,0,bacteria,planctomycetota,phycisphaerae,tepidisphaerales,tepidisphaeraceae,tepidisphaera,tepidisphaera mucosa
Zotu3935,0,1,15,0,0,3,0,0,bacteria,pseudomonadota,betaproteobacteria,rhodocyclales,zoogloeaceae,thauera,thauera sinica
Zotu3936,31,6,0,0,3,0,0,0,bacteria,actinomycetota,thermoleophilia,thermoleophilales,thermoleophilaceae,thermoleophilum,thermoleophilum album
Zotu3937,0,1,0,0,0,0,0,0,bacteria,pseudomonadota,alphaproteobacteria,hyphomicrobiales,methylobacteriaceae,methylobacterium,methylobacterium adhaesivum
Zotu3938,0,0,0,0,1,0,12,0,bacteria,gemmatimonadota,longimicrobiia,longimicrobiales,longimicrobiaceae,longimicrobium,longimicrobium terrae
Zotu3939,0,0,12,0,0,1,0,0,bacteria,actinomycetota,thermoleophilia,thermoleophilales,thermoleophilaceae,thermoleophilum,thermoleophilum album
Zotu3940,0,0,0,0,33,0,0,0,bacteria,acidobacteriota,vicinamibacteria,vicinamibacterales,vicinamibacteraceae,vicinamibacter,vicinamibacter silvestris
Zotu3941,0,0,10,0,5,0,0,0,bacteria,actinomycetota,rubrobacteria,gaiellales,gaiellaceae,gaiella,gaiella occulta
Zotu3942,0,0,0,0,0,0,0,0,bacteria,pseudomonadota,gammaproteobacteria,pseudomonadales,pseudomonadaceae,pseudomonas,pseudomonas lini
Zotu3943,2,0,0,1,0,0,0,1,bacteria,pseudomonadota,betaproteobacteria,nitrosomonadales,methylophilaceae,methylotenera,methylotenera mobilis
Zotu3944,2,0,13,0,0,0,0,0,bacteria,actinomycetota,acidimicrobiia,acidimicrobiales,acidimicrobiaceae,aciditerrimonas,aciditerrimonas ferrireducens
Zotu3945,0,0,0,0,0,1,0,0,bacteria,acidobacteriota,vicinamibacteria,vicinamibacterales,vicinamibacteraceae,luteitalea,luteitalea pratensis
Zotu3946,0,0,0,0,0,0,0,0,bacteria,bacteroidota,cytophagia,cytophagales,reichenbachiellaceae,marinoscillum,marinoscillum furvescens
Zotu3947,0,0,0,0,0,1,0,0,bacteria,pseudomonadota,hydrogenophilia,hydrogenophilia,hydrogenophilia,pelomicrobium,pelomicrobium methylotrophicum
Zotu3948,0,0,0,0,0,0,0,0,bacteria,actinomycetota,thermoleophilia,solirubrobacterales,solirubrobacteraceae,solirubrobacter,solirubrobacter ginsenosidimutans
Zotu3949,0,1,1,0,0,1,17,0,bacteria,actinomycetota,acidimicrobiia,acidimicrobiales,acidimicrobiaceae,aciditerrimonas,aciditerrimonas ferrireducens
Zotu3950,0,0,0,0,0,0,0,0,bacteria,pseudomonadota,alphaproteobacteria,rhodospirillales,azospirillaceae,nitrospirillum,azospirillum amazonense
Zotu3951,0,0,0,0,0,0,0,0,bacteria,chloroflexota,chloroflexota,chloroflexota,chloroflexota,thermobaculum,thermobaculum terrenum
Zotu3952,0,1,0,1,0,0,1,0,bacteria,actinomycetota,rubrobacteria,rubrobacterales,rubrobacteraceae,rubrobacter,rubrobacter naiadicus
Zotu3953,0,1,0,1,1,0,1,0,bacteria,actinomycetota,actinomycetes,micrococcales,microbacteriaceae,agrococcus,agrococcus jenensis
Zotu3954,0,0,16,0,0,1,7,14,bacteria,pseudomonadota,betaproteobacteria,burkholderiales,comamonadaceae,ramlibacter,ramlibacter monticola
Zotu3955,0,0,0,0,0,0,0,0,bacteria,pseudomonadota,alphaproteobacteria,hyphomicrobiales,brucellaceae,brucella,brucella pseudogrignonensis
Zotu3956,0,0,0,0,0,0,0,0,bacteria,chloroflexota,chloroflexia,chloroflexales,roseiflexaceae,kouleothrix,kouleothrix aurantiaca
Zotu3957,0,0,0,0,0,0,0,0,bacteria,cyanobacteriota,cyanobacteria,chroococcales,aphanothecaceae,candidatus atelocyanobacterium,cyanobacterium ucyn-a
Zotu3958,0,0,0,0,0,0,0,0,bacteria,actinomycetota,rubrobacteria,rubrobacterales,rubrobacteraceae,rubrobacter,rubrobacter tropicus
Zotu3959,0,0,0,0,0,0,0,0,bacteria,myxococcota,myxococcota,polyangiales,polyangiaceae,polyangium,polyangium aurulentum
Zotu3960,0,0,0,0,0,0,0,0,archaea,methanobacteriota,thermoplasmata,methanomassiliicoccales,methanomassiliicoccaceae,methanomassiliicoccus,candidatus methanomassiliicoccus intestinalis
Zotu3961,0,0,0,0,0,0,0,0,bacteria,pseudomonadota,gammaproteobacteria,nevskiales,nevskiaceae,panacagrimonas,panacagrimonas perspica
Zotu3962,0,8,0,1,0,0,0,0,bacteria,chloroflexota,tepidiformia,tepidiformales,tepidiformaceae,tepidiforma,tepidiforma bonchosmolovskayae
Zotu3963,9,0,31,0,0,0,0,2,archaea,methanobacteriota,thermoplasmata,methanomassiliicoccales,methanomassiliicoccaceae,methanomassiliicoccus,candidatus methanomassiliicoccus intestinalis
Zotu3964,0,0,0,0,0,0,0,0,bacteria,chloroflexota,chloroflexia,chloroflexales,oscillochloridaceae,oscillochloris,oscillochloris trichoides
Zotu3965,0,0,0,0,0,0,0,0,bacteria,planctomycetota,planctomycetia,planctomycetales,planctomycetaceae,calycomorphotria,calycomorphotria hydatis
Zotu3966,0,0,0,0,0,1,0,0,bacteria,bacteroidota,bacteroidia,marinilabiliales,prolixibacteraceae,aquipluma,aquipluma nitroreducens
Zotu3967,0,0,0,0,0,0,0,0,bacteria,actinomycetota,actinomycetia,streptomycetales,streptomycetaceae,streptomyces,streptomyces xinjiangensis
Zotu3968,0,1,0,0,37,0,0,0,bacteria,actinomycetota,acidimicrobiia,acidimicrobiales,ilumatobacteraceae,ilumatobacter,ilumatobacter fluminis
Zotu3969,0,0,0,0,0,0,0,5,bacteria,pseudomonadota,alphaproteobacteria,sphingomonadales,sphingomonadaceae,hephaestia,hephaestia caeni
Zotu3970,0,0,1,0,0,2,0,1,bacteria,actinomycetota,thermoleophilia,solirubrobacterales,capillimicrobiaceae,capillimicrobium,capillimicrobium parvum
Zotu3971,0,0,0,0,0,0,0,0,bacteria,pseudomonadota,betaproteobacteria,burkholderiales,sphaerotilaceae,roseateles,roseateles chitinivorans
Zotu3972,0,0,0,0,0,0,0,0,bacteria,deinococcota,deinococci,deinococcales,deinococcaceae,deinococcus,deinococcus soli (ex zhang et al. 2011)
Zotu3973,0,0,0,0,1,0,0,0,bacteria,actinomycetota,rubrobacteria,gaiellales,gaiellaceae,gaiella,gaiella occulta
Zotu3974,34,31,22,1,0,0,0,2,bacteria,actinomycetota,thermoleophilia,solirubrobacterales,patulibacteraceae,patulibacter,patulibacter ginsengiterrae
Zotu3975,0,0,0,0,0,0,0,0,bacteria,chloroflexota,thermomicrobia,sphaerobacterales,sphaerobacteraceae,sphaerobacter,sphaerobacter thermophilus
Zotu3976,19,7,0,0,1,0,0,0,bacteria,gemmatimonadota,longimicrobiia,longimicrobiales,longimicrobiaceae,longimicrobium,longimicrobium terrae
Zotu3977,0,0,0,0,0,0,1,1,bacteria,myxococcota,myxococcota,haliangiales,kofleriaceae,haliangium,haliangium ochraceum
Zotu3978,17,9,21,0,0,0,0,0,bacteria,planctomycetota,planctomycetia,gemmatales,gemmataceae,gemmata,gemmata palustris
Zotu3979,3,2,0,0,25,0,0,0,bacteria,pseudomonadota,alphaproteobacteria,rhodospirillales,thalassobaculaceae,thalassobaculum,thalassobaculum litoreum
Zotu3981,1,0,0,0,0,0,0,0,bacteria,verrucomicrobiota,verrucomicrobiae,verrucomicrobiales,verrucomicrobia subdivision 3,pedosphaera,pedosphaera parvula
Zotu3982,0,0,1,0,0,0,0,17,bacteria,bacteroidota,chitinophagia,chitinophagales,chitinophagaceae,segetibacter,segetibacter koreensis
Zotu3984,0,0,0,0,0,0,0,0,bacteria,bacteroidota,cytophagia,cytophagales,hymenobacteraceae,adhaeribacter,adhaeribacter pallidiroseus
Zotu3986,4,2,18,0,0,0,0,0,bacteria,acidobacteriota,vicinamibacteria,vicinamibacterales,vicinamibacteraceae,luteitalea,luteitalea pratensis
Zotu3987,0,0,0,0,0,0,0,6,bacteria,thermomicrobiota,thermomicrobia,sphaerobacterales,sphaerobacteraceae,sphaerobacter,sphaerobacter thermophilus
Zotu3988,0,0,0,0,0,0,0,0,bacteria,actinomycetota,acidimicrobiia,acidimicrobiales,acidimicrobiaceae,aciditerrimonas,aciditerrimonas ferrireducens
Zotu3989,0,0,0,0,0,0,0,0,bacteria,chloroflexota,chloroflexia,chloroflexales,oscillochloridaceae,oscillochloris,oscillochloris trichoides
Zotu3990,0,0,0,0,0,0,0,0,bacteria,planctomycetota,planctomycetia,planctomycetales,planctomycetaceae,gimesia,gimesia chilikensis
Zotu3991,1,0,1,0,0,6,0,0,bacteria,actinomycetota,thermoleophilia,solirubrobacterales,parviterribacteraceae,parviterribacter,parviterribacter multiflagellatus
Zotu3992,1,0,0,0,0,0,0,0,bacteria,chloroflexota,thermomicrobia,sphaerobacterales,sphaerobacteraceae,sphaerobacter,sphaerobacter thermophilus
Zotu3993,0,0,0,1,0,0,0,0,bacteria,bacillota,clostridia,eubacteriales,symbiobacteriaceae,symbiobacterium,symbiobacterium terraclitae
Zotu3994,4,0,1,0,15,0,1,0,bacteria,chloroflexota,caldilineae,caldilineales,caldilineaceae,litorilinea,litorilinea aerophila
Zotu3995,2,1,0,3,0,2,0,5,bacteria,pseudomonadota,gammaproteobacteria,enterobacterales,yersiniaceae,nissabacter,nissabacter archeti
Zotu3996,0,0,0,0,0,0,0,0,bacteria,pseudomonadota,betaproteobacteria,burkholderiales,comamonadaceae,ramlibacter,ramlibacter henchirensis
Zotu3997,0,0,0,0,0,0,0,0,bacteria,planctomycetota,planctomycetia,isosphaerales,isosphaeraceae,singulisphaera,singulisphaera rosea
Zotu3998,0,0,0,0,6,0,1,11,bacteria,gemmatimonadota,longimicrobiia,longimicrobiales,longimicrobiaceae,longimicrobium,longimicrobium terrae
Zotu3999,32,25,14,0,14,1,3,1,bacteria,chloroflexota,tepidiformia,tepidiformales,tepidiformaceae,tepidiforma,tepidiforma bonchosmolovskayae
Zotu4000,0,0,0,0,0,1,0,0,bacteria,acidobacteriota,vicinamibacteria,vicinamibacterales,vicinamibacteraceae,vicinamibacter,vicinamibacter silvestris
Zotu4001,0,0,0,0,0,0,0,0,bacteria,pseudomonadota,alphaproteobacteria,caulobacterales,caulobacteraceae,brevundimonas,brevundimonas lutea
Zotu4002,0,0,0,0,0,0,0,0,bacteria,bacteroidota,cytophagia,cytophagales,cytophagaceae,sporocytophaga,sporocytophaga myxococcoides
Zotu4003,0,0,0,0,0,0,0,0,bacteria,pseudomonadota,alphaproteobacteria,sphingomonadales,erythrobacteraceae,alteraurantiacibacter,alteraurantiacibacter aestuarii
Zotu4004,0,0,0,0,0,0,0,1,bacteria,pseudomonadota,deltaproteobacteria,myxococcales,anaeromyxobacteraceae,anaeromyxobacter,anaeromyxobacter dehalogenans
Zotu4005,1,0,2,1,0,0,0,0,bacteria,pseudomonadota,alphaproteobacteria,rhodobacterales,paracoccaceae,pararhodobacter,pararhodobacter aggregans
Zotu4006,1,0,0,0,0,0,0,1,bacteria,bacillota,clostridia,eubacteriales,peptococcaceae,desulforamulus,desulforamulus ferrireducens
Zotu4007,0,0,2,0,0,0,0,0,bacteria,pseudomonadota,gammaproteobacteria,legionellales,coxiellaceae,coxiella,coxiella burnetii
Zotu4008,0,0,0,0,0,0,0,0,bacteria,gemmatimonadota,gemmatimonadetes,gemmatimonadales,gemmatimonadaceae,roseisolibacter,roseisolibacter agri
Zotu4009,1,15,1,0,1,7,0,0,bacteria,thermodesulfobacteriota,desulfuromonadia,desulfuromonadales,desulfuromonadaceae,pelobacter,pelobacter propionicus
Zotu4010,0,0,0,0,0,0,0,0,bacteria,pseudomonadota,alphaproteobacteria,sphingomonadales,sphingomonadaceae,sphingomonas,sphingomonas lutea
Zotu4011,0,0,0,1,0,0,0,0,bacteria,bacteroidota,cytophagia,cytophagales,cytophagaceae,rhodocytophaga,rhodocytophaga rosea
Zotu4012,0,0,0,0,0,0,0,0,bacteria,bacteroidota,cytophagia,cytophagales,fulvivirgaceae,fulvivirga,fulvivirga lutimaris
Zotu4013,0,0,0,1,0,0,0,0,bacteria,pseudomonadota,alphaproteobacteria,rhodospirillales,acetobacteraceae,paeniroseomonas,paeniroseomonas fluminis
Zotu4014,0,0,0,0,0,0,0,0,bacteria,actinomycetota,thermoleophilia,solirubrobacterales,baekduiaceae,baekduia,baekduia soli
Zotu4015,0,0,0,0,1,0,1,4,bacteria,actinomycetota,actinomycetes,micromonosporales,micromonosporaceae,pseudosporangium,pseudosporangium ferrugineum
Zotu4016,0,0,0,0,0,0,0,0,bacteria,bacillota,clostridia,eubacteriales,clostridiales family xvii. incertae sedis,thermaerobacter,thermaerobacter composti
Zotu4017,0,0,0,0,21,0,0,0,bacteria,acidobacteriota,terriglobia,terriglobales,acidobacteriaceae,edaphobacter,edaphobacter aggregans
Zotu4019,1,0,0,0,0,0,0,0,bacteria,pseudomonadota,alphaproteobacteria,caulobacterales,caulobacteraceae,brevundimonas,brevundimonas denitrificans
Zotu4020,1,0,0,0,0,1,1,1,archaea,methanobacteriota,thermoplasmata,methanomassiliicoccales,methanomassiliicoccaceae,methanomassiliicoccus,candidatus methanomassiliicoccus intestinalis
Zotu4021,0,0,0,0,0,4,1,1,bacteria,actinomycetota,thermoleophilia,solirubrobacterales,solirubrobacteraceae,solirubrobacter,solirubrobacter phytolaccae
Zotu4022,1,1,0,0,0,15,0,0,bacteria,armatimonadota,chthonomonadetes,chthonomonadales,chthonomonadaceae,chthonomonas,chthonomonas calidirosea
Zotu4023,0,0,0,0,2,0,0,0,bacteria,thermomicrobiota,thermomicrobia,sphaerobacterales,sphaerobacteraceae,sphaerobacter,sphaerobacter thermophilus
Zotu4024,0,0,0,0,0,0,0,0,bacteria,planctomycetota,phycisphaerae,tepidisphaerales,tepidisphaeraceae,tepidisphaera,tepidisphaera mucosa
Zotu4025,8,0,89,0,2,1,37,3,bacteria,verrucomicrobiota,verrucomicrobiae,verrucomicrobiales,verrucomicrobia subdivision 3,pedosphaera,pedosphaera parvula
Zotu4026,0,0,0,0,0,0,1,0,bacteria,verrucomicrobiota,verrucomicrobiae,verrucomicrobiales,verrucomicrobia subdivision 3,pedosphaera,pedosphaera parvula
Zotu4027,0,0,0,0,0,0,0,2,bacteria,actinomycetota,actinomycetes,streptosporangiales,streptosporangiaceae,nonomuraea,nonomuraea aridisoli
Zotu4028,1,0,0,0,0,0,11,0,bacteria,pseudomonadota,alphaproteobacteria,rhodospirillales,azospirillaceae,niveispirillum,niveispirillum fermenti
Zotu4029,0,0,0,0,0,0,0,0,bacteria,bacillota,bacilli,bacillales,bacillaceae,alkalihalobacillus,alkalihalobacillus pseudalcaliphilus
Zotu4030,0,0,0,36,0,0,0,0,bacteria,bacillota,clostridia,eubacteriales,clostridiales family xvii. incertae sedis,thermaerobacter,thermaerobacter subterraneus
Zotu4031,0,0,0,0,0,0,0,10,bacteria,bacillota,bacilli,bacillales,bacillaceae,pseudoneobacillus,pseudoneobacillus rhizosphaerae
Zotu4032,0,0,0,0,0,0,0,0,bacteria,verrucomicrobiota,spartobacteria,chthoniobacterales,chthoniobacteraceae,chthoniobacter,chthoniobacter flavus
Zotu4033,0,11,29,0,0,0,0,0,archaea,methanobacteriota,thermoplasmata,methanomassiliicoccales,methanomassiliicoccaceae,candidatus methanogranum,thermoplasmata archaeon kjm51a
Zotu4034,0,0,0,0,0,0,0,0,bacteria,pseudomonadota,gammaproteobacteria,nevskiales,nevskiaceae,hydrocarboniphaga,hydrocarboniphaga effusa
Zotu4035,0,0,0,0,0,0,0,0,bacteria,pseudomonadota,alphaproteobacteria,rhodospirillales,acetobacteraceae,paeniroseomonas,paeniroseomonas fluminis
Zotu4036,0,0,0,0,0,0,0,0,bacteria,actinomycetota,actinomycetes,pseudonocardiales,pseudonocardiaceae,saccharothrix,saccharothrix texasensis
Zotu4037,0,0,0,0,0,0,0,1,bacteria,actinomycetota,actinomycetes,geodermatophilales,geodermatophilaceae,blastococcus,blastococcus jejuensis
Zotu4038,0,32,0,0,0,0,0,1,bacteria,planctomycetota,planctomycetia,gemmatales,gemmataceae,gemmata,gemmata palustris
Zotu4039,8,19,13,0,1,0,1,0,bacteria,acidobacteriota,vicinamibacteria,vicinamibacterales,vicinamibacteraceae,luteitalea,luteitalea pratensis
Zotu4040,0,0,0,0,0,0,0,0,bacteria,chloroflexota,chloroflexia,kallotenuales,kallotenuaceae,kallotenue,kallotenue papyrolyticum
Zotu4041,0,0,0,1,1,35,0,0,bacteria,bacillota,bacilli,bacillales,planococcaceae,sporosarcina,sporosarcina pasteurii
Zotu4042,2,0,0,0,10,0,1,0,bacteria,myxococcota,myxococcota,haliangiales,kofleriaceae,haliangium,haliangium ochraceum
Zotu4043,6,5,0,0,0,0,0,0,bacteria,verrucomicrobiota,verrucomicrobiae,limisphaerales,limisphaeraceae,limisphaera,limisphaera ngatamarikiensis
Zotu4044,0,0,0,0,0,0,0,12,bacteria,bacillota,clostridia,eubacteriales,symbiobacteriaceae,symbiobacterium,symbiobacterium terraclitae
Zotu4045,5,0,0,0,1,2,12,10,bacteria,gemmatimonadota,longimicrobiia,longimicrobiales,longimicrobiaceae,longimicrobium,longimicrobium terrae
Zotu4046,1,1,0,0,9,0,0,1,archaea,methanobacteriota,thermoplasmata,methanomassiliicoccales,methanomassiliicoccaceae,candidatus methanogranum,thermoplasmata archaeon kjm51a
Zotu4047,0,0,0,0,0,0,0,0,bacteria,bacteroidota,chitinophagia,chitinophagales,chitinophagaceae,flavisolibacter,flavisolibacter tropicus
Zotu4048,21,0,2,0,15,1,0,1,bacteria,actinomycetota,acidimicrobiia,acidimicrobiales,acidimicrobiaceae,aciditerrimonas,aciditerrimonas ferrireducens
Zotu4050,0,0,0,0,0,0,0,0,bacteria,myxococcota,myxococcota,polyangiales,polyangiaceae,byssovorax,byssovorax cruenta
Zotu4051,0,0,0,0,0,1,0,1,bacteria,actinomycetota,actinomycetes,actinopolysporales,actinopolysporaceae,actinopolyspora,actinopolyspora saharensis
Zotu4052,0,0,0,0,0,0,0,0,bacteria,actinomycetota,actinomycetes,micrococcales,microbacteriaceae,leifsonia,leifsonia rubra
Zotu4053,0,0,0,0,0,0,0,0,bacteria,pseudomonadota,alphaproteobacteria,caulobacterales,caulobacteraceae,phenylobacterium,phenylobacterium immobile
Zotu4054,1,0,2,2,21,19,0,0,bacteria,chloroflexota,tepidiformia,tepidiformales,tepidiformaceae,tepidiforma,tepidiforma bonchosmolovskayae
Zotu4055,0,25,0,1,2,0,2,1,bacteria,actinomycetota,thermoleophilia,solirubrobacterales,conexibacteraceae,conexibacter,conexibacter arvalis
Zotu4056,5,0,3,0,9,5,2,0,bacteria,chloroflexota,chloroflexota,chloroflexota,chloroflexota,thermobaculum,thermobaculum terrenum
Zotu4057,0,0,0,0,47,0,1,0,bacteria,planctomycetota,planctomycetia,pirellulales,pirellulaceae,blastopirellula,blastopirellula retiformator
Zotu4058,5,2,13,1,0,4,6,4,bacteria,actinomycetota,rubrobacteria,gaiellales,gaiellaceae,gaiella,gaiella occulta
Zotu4059,0,0,0,0,0,0,0,0,bacteria,bacteroidota,bacteroidia,marinilabiliales,prolixibacteraceae,aquipluma,aquipluma nitroreducens
Zotu4060,4,0,0,0,0,25,0,0,bacteria,planctomycetota,planctomycetia,gemmatales,gemmataceae,fimbriiglobus,fimbriiglobus ruber
Zotu4061,0,0,0,0,0,0,0,0,bacteria,actinomycetota,rubrobacteria,rubrobacterales,rubrobacteraceae,rubrobacter,rubrobacter bracarensis
Zotu4062,0,0,0,1,0,0,0,0,bacteria,bacillota,clostridia,eubacteriales,syntrophomonadaceae,syntrophothermus,syntrophothermus lipocalidus
Zotu4063,0,0,0,0,0,0,1,0,bacteria,actinomycetota,actinomycetes,streptosporangiales,thermomonosporaceae,actinocorallia,actinocorallia longicatena
Zotu4065,0,5,0,0,0,2,0,0,bacteria,actinomycetota,actinomycetes,micromonosporales,micromonosporaceae,plantactinospora,plantactinospora mayteni
Zotu4066,0,1,0,0,0,0,1,0,bacteria,thermomicrobiota,thermomicrobia,sphaerobacterales,sphaerobacteraceae,sphaerobacter,sphaerobacter thermophilus
Zotu4067,0,0,0,0,0,0,0,0,bacteria,pseudomonadota,alphaproteobacteria,sphingomonadales,sphingomonadaceae,sphingomonas,sphingomonas ginkgonis
Zotu4069,0,10,0,0,0,0,0,0,bacteria,pseudomonadota,gammaproteobacteria,gammaproteobacteria,gammaproteobacteria,acidibacter,acidibacter ferrireducens
Zotu4070,0,0,0,0,0,0,0,1,bacteria,pseudomonadota,betaproteobacteria,burkholderiales,burkholderiaceae,pandoraea,pandoraea thiooxydans
Zotu4071,5,0,28,0,0,0,0,0,bacteria,actinomycetota,thermoleophilia,miltoncostaeales,miltoncostaeaceae,miltoncostaea,miltoncostaea oceani
Zotu4072,0,0,0,0,0,0,0,0,bacteria,actinomycetota,rubrobacteria,rubrobacterales,rubrobacteraceae,rubrobacter,rubrobacter naiadicus
Zotu4073,0,0,1,0,0,18,18,3,bacteria,actinomycetota,acidimicrobiia,acidimicrobiales,acidimicrobiaceae,aciditerrimonas,aciditerrimonas ferrireducens
Zotu4074,0,0,0,0,0,0,0,0,bacteria,bacillota,clostridia,eubacteriales,symbiobacteriaceae,symbiobacterium,symbiobacterium terraclitae
Zotu4075,0,0,0,0,0,0,1,0,bacteria,pseudomonadota,alphaproteobacteria,sphingomonadales,erythrobacteraceae,tsuneonella,tsuneonella troitsensis
Zotu4076,0,0,0,0,0,0,0,0,bacteria,pseudomonadota,alphaproteobacteria,sphingomonadales,sphingosinicellaceae,pedomonas,pedomonas mirosovicensis
Zotu4077,0,0,0,0,0,0,0,0,bacteria,gemmatimonadota,longimicrobiia,longimicrobiales,longimicrobiaceae,longimicrobium,longimicrobium terrae
Zotu4078,1,0,1,0,0,0,0,1,bacteria,chloroflexota,chloroflexia,kallotenuales,kallotenuaceae,kallotenue,kallotenue papyrolyticum
Zotu4079,0,0,0,0,0,0,0,0,archaea,methanobacteriota,thermoplasmata,methanomassiliicoccales,methanomassiliicoccaceae,methanomassiliicoccus,candidatus methanomassiliicoccus intestinalis
Zotu4080,0,4,24,0,0,0,9,0,bacteria,thermodesulfobacteriota,desulfobulbia,desulfobulbales,desulfobulbaceae,desulfolithobacter,desulfolithobacter dissulfuricans
Zotu4081,11,0,0,0,0,0,0,0,archaea,nitrososphaerota,nitrososphaeria,nitrososphaerales,nitrososphaeraceae,nitrososphaera,candidatus nitrososphaera gargensis
Zotu4082,0,0,0,41,0,0,0,0,bacteria,acidobacteriota,blastocatellia,blastocatellales,blastocatellaceae,stenotrophobacter,stenotrophobacter terrae
Zotu4084,0,0,1,0,0,0,0,0,bacteria,gemmatimonadota,gemmatimonadetes,gemmatimonadales,gemmatimonadaceae,gemmatimonas,gemmatimonas phototrophica
Zotu4085,1,0,29,0,0,0,0,0,bacteria,verrucomicrobiota,verrucomicrobiae,limisphaerales,fontisphaeraceae,fontisphaera,fontisphaera persica
Zotu4086,1,0,1,0,0,0,0,1,bacteria,pseudomonadota,alphaproteobacteria,sphingomonadales,sphingomonadaceae,sphingomonas,sphingomonas montis
Zotu4087,1,1,0,0,2,0,37,0,bacteria,actinomycetota,acidimicrobiia,acidimicrobiales,acidimicrobiaceae,aciditerrimonas,aciditerrimonas ferrireducens
Zotu4088,0,0,0,0,0,0,0,0,bacteria,thermodesulfobacteriota,desulfuromonadia,desulfuromonadales,desulfuromonadaceae,desulfuromonas,desulfuromonas acetexigens
Zotu4089,0,0,0,0,0,0,0,0,bacteria,actinomycetota,actinomycetia,streptosporangiales,streptosporangiaceae,thermobispora,thermobispora bispora
Zotu4090,0,0,0,0,0,0,1,0,bacteria,actinomycetota,thermoleophilia,solirubrobacterales,solirubrobacteraceae,solirubrobacter,solirubrobacter ginsenosidimutans
Zotu4091,4,1,0,0,1,18,46,35,archaea,methanobacteriota,thermoplasmata,methanomassiliicoccales,methanomassiliicoccaceae,methanomassiliicoccus,candidatus methanomassiliicoccus intestinalis
Zotu4092,0,0,0,0,0,0,0,0,bacteria,actinomycetota,actinomycetes,propionibacteriales,nocardioidaceae,nocardioides,nocardioides iriomotensis
Zotu4093,0,0,0,0,0,0,0,0,bacteria,chloroflexota,chloroflexia,kallotenuales,kallotenuaceae,kallotenue,kallotenue papyrolyticum
Zotu4094,0,0,0,0,0,0,0,0,bacteria,verrucomicrobiota,verrucomicrobiae,verrucomicrobiales,verrucomicrobia subdivision 3,pedosphaera,pedosphaera parvula
Zotu4095,0,0,0,0,0,0,0,0,bacteria,pseudomonadota,betaproteobacteria,burkholderiales,oxalobacteraceae,noviherbaspirillum,noviherbaspirillum suwonense
Zotu4096,15,7,0,0,0,0,0,0,bacteria,chloroflexota,caldilineae,caldilineales,caldilineaceae,litorilinea,litorilinea aerophila
Zotu4097,0,0,0,0,0,1,0,0,bacteria,bacteroidota,cytophagia,cytophagales,marivirgaceae,marivirga,marivirga lumbricoides
Zotu4098,2,0,0,0,0,0,0,0,bacteria,pseudomonadota,gammaproteobacteria,nevskiales,nevskiaceae,stagnimonas,stagnimonas aquatica
Zotu4099,0,23,0,0,1,0,0,0,bacteria,actinomycetota,rubrobacteria,gaiellales,gaiellaceae,gaiella,gaiella occulta
Zotu4100,0,0,0,0,0,0,0,0,bacteria,actinomycetota,acidimicrobiia,acidimicrobiales,ilumatobacteraceae,ilumatobacter,ilumatobacter fluminis
Zotu4101,6,0,0,0,0,0,0,0,bacteria,pseudomonadota,deltaproteobacteria,myxococcales,kofleriaceae,kofleria,kofleria flava
Zotu4102,0,0,0,0,0,0,0,0,bacteria,planctomycetota,planctomycetia,pirellulales,thermoguttaceae,thermostilla,thermostilla marina
Zotu4103,0,0,0,0,0,0,0,0,bacteria,actinomycetota,actinomycetes,propionibacteriales,nocardioidaceae,nocardioides,nocardioides ganghwensis
Zotu4104,0,0,0,0,0,0,0,0,bacteria,pseudomonadota,gammaproteobacteria,nevskiales,nevskiaceae,nevskia,nevskia terrae
Zotu4105,3,7,0,0,0,0,0,0,bacteria,planctomycetota,planctomycetia,pirellulales,lacipirellulaceae,pirellulimonas,pirellulimonas nuda
Zotu4106,0,0,0,0,0,1,0,0,bacteria,planctomycetota,planctomycetia,gemmatales,gemmataceae,zavarzinella,zavarzinella formosa
Zotu4107,44,0,0,0,0,0,2,0,archaea,methanobacteriota,thermoplasmata,methanomassiliicoccales,methanomassiliicoccaceae,methanomassiliicoccus,methanomassiliicoccus luminyensis
Zotu4108,0,0,0,0,0,0,0,0,bacteria,actinomycetota,acidimicrobiia,acidimicrobiales,acidimicrobiaceae,aciditerrimonas,aciditerrimonas ferrireducens
Zotu4109,0,0,0,0,0,0,0,0,bacteria,actinomycetota,actinomycetia,streptosporangiales,streptosporangiaceae,nonomuraea,nonomuraea salmonea
Zotu4110,0,0,0,0,0,0,0,0,bacteria,bacteroidota,cytophagia,cytophagales,hymenobacteraceae,adhaeribacter,adhaeribacter rhizoryzae
Zotu4111,4,21,0,0,0,0,0,0,bacteria,pseudomonadota,alphaproteobacteria,geminicoccales,geminicoccaceae,arboricoccus,arboricoccus pini
Zotu4112,0,0,0,0,0,0,0,0,bacteria,acidobacteriota,blastocatellia,blastocatellales,arenimicrobiaceae,brevitalea,brevitalea aridisoli
Zotu4113,7,0,0,0,0,0,0,0,archaea,methanobacteriota,thermoplasmata,methanomassiliicoccales,methanomassiliicoccaceae,methanomassiliicoccus,candidatus methanomassiliicoccus intestinalis
Zotu4114,0,0,0,0,0,0,0,0,bacteria,bacteroidota,cytophagia,cytophagales,hymenobacteraceae,adhaeribacter,adhaeribacter radiodurans
Zotu4115,39,0,0,0,0,0,0,0,archaea,methanobacteriota,methanococci,methanococcales,methanocaldococcaceae,methanotorris,methanotorris formicicus
Zotu4116,0,0,0,0,0,0,0,0,archaea,methanobacteriota,halobacteria,halobacteriales,halobacteriaceae,haloquadratum,haloquadratum walsbyi
Zotu4117,0,0,0,0,0,0,0,0,bacteria,actinomycetota,actinomycetes,streptosporangiales,thermomonosporaceae,actinocorallia,actinocorallia longicatena
Zotu4118,0,0,0,0,0,1,0,0,bacteria,bacteroidota,chitinophagia,chitinophagales,chitinophagaceae,flavisolibacter,flavisolibacter ginsengiterrae
Zotu4120,0,0,0,0,0,0,0,0,bacteria,bacillota,bacilli,bacillales,thermoactinomycetaceae,desmospora,desmospora profundinema
Zotu4121,0,0,0,0,0,0,1,0,bacteria,acidobacteriota,vicinamibacteria,vicinamibacterales,vicinamibacteraceae,vicinamibacter,vicinamibacter silvestris
Zotu4122,0,16,11,0,0,0,1,0,bacteria,chloroflexota,caldilineae,caldilineales,caldilineaceae,caldilinea,caldilinea tarbellica
Zotu4123,0,0,0,0,0,0,0,0,bacteria,deinococcota,deinococci,trueperales,trueperaceae,truepera,truepera radiovictrix
Zotu4124,15,0,0,0,18,0,0,0,bacteria,pseudomonadota,alphaproteobacteria,hyphomicrobiales,hyphomicrobiaceae,rhodoplanes,rhodoplanes elegans
Zotu4125,0,0,0,0,1,0,0,0,bacteria,actinomycetota,actinomycetes,propionibacteriales,nocardioidaceae,nocardioides,nocardioides rubriscoriae
Zotu4126,0,0,51,0,0,0,0,0,archaea,methanobacteriota,thermoplasmata,methanomassiliicoccales,methanomassiliicoccaceae,methanomassiliicoccus,candidatus methanomassiliicoccus intestinalis
Zotu4127,0,0,0,0,0,0,0,0,bacteria,planctomycetota,phycisphaerae,tepidisphaerales,tepidisphaeraceae,tepidisphaera,tepidisphaera mucosa
Zotu4128,0,0,0,1,0,0,0,0,bacteria,gemmatimonadota,gemmatimonadetes,gemmatimonadales,gemmatimonadaceae,roseisolibacter,roseisolibacter agri
Zotu4129,0,0,0,0,0,0,0,0,bacteria,planctomycetota,planctomycetia,pirellulales,lacipirellulaceae,posidoniimonas,posidoniimonas corsicana
Zotu4130,14,0,0,0,0,0,14,0,bacteria,chloroflexota,chloroflexia,chloroflexales,roseiflexaceae,kouleothrix,kouleothrix aurantiaca
Zotu4131,0,0,0,0,0,0,0,0,archaea,methanobacteriota,thermoplasmata,methanomassiliicoccales,methanomassiliicoccaceae,methanomassiliicoccus,candidatus methanomassiliicoccus intestinalis
Zotu4132,0,0,0,0,0,0,2,0,bacteria,pseudomonadota,alphaproteobacteria,hyphomicrobiales,methylobacteriaceae,microvirga,microvirga lenta
Zotu4133,1,1,0,1,0,0,4,11,bacteria,bacillota,bacilli,bacillales,paenibacillaceae,paenibacillus,paenibacillus antri
Zotu4134,0,0,0,0,0,0,0,0,bacteria,actinomycetota,acidimicrobiia,acidimicrobiales,iamiaceae,aquihabitans,aquihabitans daechungensis
Zotu4135,5,1,0,0,17,0,0,1,bacteria,acidobacteriota,vicinamibacteria,vicinamibacterales,vicinamibacteraceae,vicinamibacter,vicinamibacter silvestris
Zotu4136,0,0,0,1,0,0,0,0,bacteria,pseudomonadota,betaproteobacteria,burkholderiales,comamonadaceae,ramlibacter,ramlibacter ginsenosidimutans
Zotu4137,0,1,0,0,0,0,1,1,bacteria,actinomycetota,actinomycetes,micrococcales,promicromonosporaceae,xylanimonas,xylanimonas oleitrophica
Zotu4138,0,0,0,0,0,0,0,0,bacteria,bacillota,negativicutes,selenomonadales,sporomusaceae,sporomusa,sporomusa acidovorans
Zotu4139,0,1,0,0,0,0,0,0,bacteria,actinomycetota,thermoleophilia,solirubrobacterales,solirubrobacteraceae,solirubrobacter,solirubrobacter phytolaccae
Zotu4140,0,0,0,0,0,0,0,0,bacteria,actinomycetota,actinomycetes,pseudonocardiales,pseudonocardiaceae,saccharopolyspora,saccharopolyspora rosea
Zotu4141,1,0,0,0,0,1,0,0,archaea,methanobacteriota,thermoplasmata,methanomassiliicoccales,methanomassiliicoccaceae,methanomassiliicoccus,candidatus methanomassiliicoccus intestinalis
Zotu4142,0,1,0,30,1,0,0,0,bacteria,acidobacteriota,blastocatellia,blastocatellales,blastocatellaceae,stenotrophobacter,stenotrophobacter terrae
Zotu4143,0,1,1,0,0,4,0,3,bacteria,thermotogota,thermotogae,thermotogales,fervidobacteriaceae,thermosipho,thermosipho geolei
Zotu4144,0,0,0,0,0,0,0,0,bacteria,acidobacteriota,vicinamibacteria,vicinamibacterales,vicinamibacteraceae,luteitalea,luteitalea pratensis
Zotu4145,0,0,0,0,0,0,0,1,bacteria,bacteroidota,cytophagia,cytophagales,hymenobacteraceae,adhaeribacter,adhaeribacter radiodurans
Zotu4146,0,0,0,0,0,0,0,0,bacteria,elusimicrobiota,endomicrobia,endomicrobiales,endomicrobiaceae,candidatus endomicrobium,candidatus endomicrobium pyrsonymphae
Zotu4147,0,0,0,0,0,0,0,1,bacteria,bacteroidota,bacteroidia,marinilabiliales,prolixibacteraceae,aquipluma,aquipluma nitroreducens
Zotu4148,0,1,0,0,0,0,0,0,bacteria,chloroflexota,chloroflexia,herpetosiphonales,herpetosiphonaceae,herpetosiphon,herpetosiphon aurantiacus
Zotu4149,46,0,0,0,0,0,0,0,bacteria,thermodesulfobacteriota,desulfuromonadia,desulfuromonadales,desulfuromonadaceae,desulfuromonas,desulfuromonas thiophila
Zotu4150,0,0,0,0,0,0,0,0,bacteria,pseudomonadota,deltaproteobacteria,syntrophobacterales,syntrophobacteraceae,desulfacinum,desulfacinum subterraneum
Zotu4151,0,0,0,0,0,0,0,0,bacteria,pseudomonadota,alphaproteobacteria,hyphomicrobiales,methylobacteriaceae,microvirga,microvirga zambiensis
Zotu4152,0,0,0,0,0,0,0,0,bacteria,bacteroidota,cytophagia,cytophagales,hymenobacteraceae,nibribacter,nibribacter ruber
Zotu4153,0,0,0,0,0,0,0,0,bacteria,pseudomonadota,alphaproteobacteria,caulobacterales,caulobacteraceae,brevundimonas,brevundimonas lutea
Zotu4155,0,0,0,0,0,0,0,0,bacteria,actinomycetota,actinomycetia,propionibacteriales,nocardioidaceae,nocardioides,nocardioides furvisabuli
Zotu4156,0,0,0,0,0,0,0,0,bacteria,pseudomonadota,betaproteobacteria,burkholderiales,oxalobacteraceae,noviherbaspirillum,noviherbaspirillum autotrophicum
Zotu4157,0,0,0,0,0,0,0,0,bacteria,actinomycetota,acidimicrobiia,acidimicrobiales,iamiaceae,actinomarinicola,actinomarinicola tropica
Zotu4158,0,0,0,0,0,0,0,0,bacteria,pseudomonadota,alphaproteobacteria,sphingomonadales,sphingomonadaceae,sphingomonas,sphingomonas ginkgonis
Zotu4159,0,0,0,0,0,0,0,0,bacteria,thermodesulfobacteriota,desulfuromonadia,desulfuromonadales,desulfuromonadaceae,pelobacter,pelobacter seleniigenes
Zotu4160,0,1,0,36,0,0,0,0,bacteria,actinomycetota,rubrobacteria,gaiellales,gaiellaceae,gaiella,gaiella occulta
Zotu4161,0,0,0,0,0,0,0,0,bacteria,bacillota,clostridia,eubacteriales,symbiobacteriaceae,symbiobacterium,symbiobacterium terraclitae
Zotu4163,0,1,0,0,0,0,0,0,bacteria,bacillota,clostridia,eubacteriales,symbiobacteriaceae,symbiobacterium,symbiobacterium terraclitae
Zotu4164,0,0,2,0,0,0,13,0,bacteria,chloroflexota,chloroflexia,kallotenuales,kallotenuaceae,kallotenue,kallotenue papyrolyticum
Zotu4165,0,0,0,0,0,1,0,1,bacteria,actinomycetota,actinomycetes,kitasatosporales,streptomycetaceae,streptomyces,streptomyces tauricus
Zotu4166,0,0,0,0,0,0,0,0,bacteria,actinomycetota,nitriliruptoria,euzebyales,euzebyaceae,euzebya,euzebya tangerina
Zotu4167,0,11,0,0,0,0,1,0,bacteria,verrucomicrobiota,verrucomicrobiae,verrucomicrobiales,verrucomicrobia subdivision 3,pedosphaera,pedosphaera parvula
Zotu4168,0,15,0,0,0,0,0,0,bacteria,pseudomonadota,deltaproteobacteria,myxococcales,anaeromyxobacteraceae,anaeromyxobacter,anaeromyxobacter dehalogenans
Zotu4170,3,3,8,0,1,0,0,0,bacteria,actinomycetota,thermoleophilia,solirubrobacterales,baekduiaceae,baekduia,baekduia soli
Zotu4171,0,0,0,0,0,0,0,0,bacteria,pseudomonadota,alphaproteobacteria,sphingomonadales,sphingomonadaceae,sphingomonas,sphingomonas dokdonensis
Zotu4172,0,0,0,0,0,0,0,0,bacteria,bacteroidota,cytophagia,cytophagales,hymenobacteraceae,rufibacter,rufibacter hautae
Zotu4173,0,0,0,0,0,0,0,0,bacteria,bacteroidota,cytophagia,cytophagales,cytophagaceae,chryseosolibacter,chryseosolibacter indicus
Zotu4174,0,0,1,0,0,0,0,0,bacteria,myxococcota,myxococcota,haliangiales,kofleriaceae,haliangium,haliangium ochraceum
Zotu4176,0,0,0,0,0,0,0,0,bacteria,pseudomonadota,betaproteobacteria,burkholderiales,burkholderiaceae,quisquiliibacterium,quisquiliibacterium transsilvanicum
Zotu4177,0,0,0,0,0,0,0,0,bacteria,actinomycetota,actinomycetes,kitasatosporales,streptomycetaceae,streptomyces,streptomyces baliensis
Zotu4178,7,0,0,0,0,0,0,0,bacteria,verrucomicrobiota,opitutae,opitutales,opitutaceae,horticoccus,horticoccus luteus
Zotu4179,0,0,1,0,0,0,1,0,bacteria,actinomycetota,actinomycetes,sporichthyales,sporichthyaceae,sporichthya,sporichthya polymorpha
Zotu4181,0,0,0,0,0,0,0,0,bacteria,chloroflexota,chloroflexia,kallotenuales,kallotenuaceae,kallotenue,kallotenue papyrolyticum
Zotu4182,2,8,0,0,0,0,0,0,bacteria,bacillota,bacilli,bacillales,paenibacillaceae,paenibacillus,paenibacillus antri
Zotu4185,2,7,0,14,13,0,0,1,bacteria,bacillota,bacilli,bacillales,bacillaceae,bacillus,bacillus sonorensis
Zotu4186,0,1,0,1,0,20,8,0,bacteria,actinomycetota,acidimicrobiia,acidimicrobiales,acidimicrobiaceae,aciditerrimonas,aciditerrimonas ferrireducens
Zotu4187,0,0,0,0,0,0,0,1,bacteria,bacillota,bacilli,bacillales,bacillaceae,pseudalkalibacillus,pseudalkalibacillus decolorationis
Zotu4188,1,0,0,0,0,0,1,18,bacteria,pseudomonadota,deltaproteobacteria,myxococcales,polyangiaceae,polyangium,polyangium thaxteri
Zotu4189,2,13,0,0,19,0,1,0,bacteria,pseudomonadota,alphaproteobacteria,hyphomicrobiales,hyphomicrobiaceae,hyphomicrobium,hyphomicrobium vulgare
Zotu4190,0,0,0,1,0,0,0,0,bacteria,pseudomonadota,alphaproteobacteria,hyphomicrobiales,methylobacteriaceae,microvirga,microvirga aerilata
Zotu4191,1,0,1,0,0,0,0,1,bacteria,thermodesulfobacteriota,desulfuromonadia,geobacterales,geobacteraceae,geobacter,geobacter anodireducens
Zotu4192,0,0,0,0,0,0,1,0,bacteria,chloroflexota,ktedonobacteria,ktedonobacterales,ktedonosporobacteraceae,ktedonosporobacter,ktedonosporobacter rubrisoli
Zotu4193,0,0,0,0,0,1,0,3,bacteria,bacteroidota,cytophagia,cytophagales,spirosomataceae,telluribacter,telluribacter humicola
Zotu4194,0,0,0,0,0,0,0,0,bacteria,actinomycetota,actinomycetes,propionibacteriales,nocardioidaceae,nocardioides,nocardioides lentus
Zotu4195,0,0,0,0,0,0,6,0,bacteria,myxococcota,myxococcota,polyangiales,polyangiaceae,byssovorax,byssovorax cruenta
Zotu4197,1,0,0,0,0,0,0,0,bacteria,bacillota,clostridia,eubacteriales,thermincolaceae,thermincola,thermincola ferriacetica
Zotu4198,0,0,0,0,0,0,2,19,bacteria,abditibacteriota,abditibacteriia,abditibacteriales,abditibacteriaceae,abditibacterium,abditibacterium utsteinense
Zotu4199,0,0,0,0,0,0,0,0,bacteria,actinomycetota,rubrobacteria,gaiellales,gaiellaceae,gaiella,gaiella occulta
Zotu4200,0,0,0,0,21,16,0,0,bacteria,chloroflexota,chloroflexia,chloroflexales,roseiflexaceae,kouleothrix,kouleothrix aurantiaca
Zotu4201,1,1,0,0,0,0,1,1,bacteria,verrucomicrobiota,spartobacteria,chthoniobacterales,chthoniobacteraceae,chthoniobacter,chthoniobacter flavus
Zotu4202,1,0,12,0,17,0,0,0,bacteria,bacillota,bacilli,bacillales,bacillaceae,calditerricola,calditerricola yamamurae
Zotu4203,2,1,0,0,0,1,0,0,bacteria,pseudomonadota,alphaproteobacteria,maricaulales,maricaulaceae,marinicauda,marinicauda algicola
Zotu4204,1,0,0,0,0,0,1,7,bacteria,chloroflexota,chloroflexia,kallotenuales,kallotenuaceae,kallotenue,kallotenue papyrolyticum
Zotu4205,0,0,0,0,2,1,0,0,bacteria,pseudomonadota,betaproteobacteria,burkholderiales,burkholderiales,leptothrix,leptothrix ginsengisoli
Zotu4206,4,3,0,1,0,0,0,1,bacteria,actinomycetota,thermoleophilia,solirubrobacterales,solirubrobacteraceae,solirubrobacter,solirubrobacter phytolaccae
Zotu4207,0,0,0,0,1,0,1,0,bacteria,verrucomicrobiota,verrucomicrobiae,verrucomicrobiales,verrucomicrobia subdivision 3,pedosphaera,pedosphaera parvula
Zotu4208,2,0,1,1,17,0,1,1,bacteria,acidobacteriota,acidobacteriia,acidobacteriales,acidobacteriaceae,edaphobacter,edaphobacter modestum
Zotu4209,0,0,0,0,0,0,0,0,bacteria,pseudomonadota,alphaproteobacteria,sphingomonadales,sphingomonadaceae,sphingomonas,sphingomonas parvus
Zotu4210,0,0,0,0,0,0,0,1,bacteria,pseudomonadota,alphaproteobacteria,hyphomicrobiales,devosiaceae,devosia,devosia submarina
Zotu4211,0,0,0,0,0,0,0,0,bacteria,myxococcota,myxococcia,myxococcales,archangiaceae,hyalangium,hyalangium minutum
Zotu4212,0,1,0,0,0,0,0,0,bacteria,bacteroidota,chitinophagia,chitinophagales,chitinophagaceae,segetibacter,segetibacter aerophilus
Zotu4213,0,0,0,0,0,0,0,0,bacteria,pseudomonadota,alphaproteobacteria,sphingomonadales,sphingosinicellaceae,sphingoaurantiacus,sphingoaurantiacus polygranulatus
Zotu4214,0,1,0,0,0,0,0,0,bacteria,gemmatimonadota,longimicrobiia,longimicrobiales,longimicrobiaceae,longimicrobium,longimicrobium terrae
Zotu4215,0,0,0,1,0,0,1,0,bacteria,bacillota,clostridia,eubacteriales,oscillospiraceae,ruminococcus,ruminococcus bromii
Zotu4216,1,0,0,0,0,0,0,0,bacteria,chloroflexota,anaerolineae,anaerolineales,anaerolineaceae,thermomarinilinea,thermomarinilinea lacunifontana
Zotu4217,0,0,0,0,0,0,0,0,bacteria,bacillota,bacilli,lactobacillales,carnobacteriaceae,marinilactibacillus,marinilactibacillus piezotolerans
Zotu4218,1,74,1,0,0,0,0,0,bacteria,pseudomonadota,betaproteobacteria,nitrosomonadales,thiobacillaceae,annwoodia,annwoodia aquaesulis
Zotu4219,0,0,0,0,0,0,0,0,bacteria,actinomycetota,actinomycetes,motilibacterales,vallicoccaceae,vallicoccus,vallicoccus soli
Zotu4220,0,0,0,0,0,0,0,0,bacteria,bacteroidota,cytophagia,cytophagales,cytophagaceae,rhodocytophaga,rhodocytophaga aerolata
Zotu4221,0,0,0,0,0,0,0,0,bacteria,actinomycetota,actinomycetes,propionibacteriales,nocardioidaceae,nocardioides,nocardioides caricicola
Zotu4222,5,1,1,0,23,1,0,0,bacteria,actinomycetota,rubrobacteria,gaiellales,gaiellaceae,gaiella,gaiella occulta
Zotu4223,0,0,0,0,0,1,0,0,bacteria,actinomycetota,thermoleophilia,solirubrobacterales,baekduiaceae,baekduia,baekduia soli
Zotu4224,0,0,39,0,0,0,0,0,bacteria,planctomycetota,planctomycetia,pirellulales,pirellulaceae,lignipirellula,lignipirellula cremea
Zotu4225,1,0,1,0,0,0,8,0,bacteria,acidobacteriota,blastocatellia,blastocatellales,blastocatellaceae,stenotrophobacter,stenotrophobacter terrae
Zotu4226,0,1,0,0,2,0,0,0,bacteria,planctomycetota,planctomycetia,planctomycetales,planctomycetaceae,planctopirus,planctopirus limnophila
Zotu4227,0,0,0,0,0,0,0,1,bacteria,myxococcota,myxococcota,polyangiales,polyangiaceae,racemicystis,racemicystis persica
Zotu4228,0,0,0,0,0,0,0,0,bacteria,acidobacteriota,vicinamibacteria,vicinamibacterales,vicinamibacteraceae,vicinamibacter,vicinamibacter silvestris
Zotu4230,5,3,0,1,21,5,0,0,bacteria,bacillota,clostridia,eubacteriales,clostridiales family xvii. incertae sedis,thermaerobacter,thermaerobacter composti
Zotu4231,0,0,0,0,0,0,0,0,bacteria,chloroflexota,thermomicrobia,sphaerobacterales,sphaerobacteraceae,sphaerobacter,sphaerobacter thermophilus
Zotu4232,0,5,0,1,26,0,0,0,bacteria,planctomycetota,planctomycetia,pirellulales,lacipirellulaceae,pirellulimonas,pirellulimonas nuda
Zotu4233,5,0,0,0,0,0,0,0,bacteria,pseudomonadota,alphaproteobacteria,hyphomicrobiales,phyllobacteriaceae,mesorhizobium,mesorhizobium terrae
Zotu4236,0,3,8,0,0,2,0,3,bacteria,actinomycetota,rubrobacteria,gaiellales,gaiellaceae,gaiella,gaiella occulta
Zotu4237,0,0,0,0,0,0,0,1,bacteria,pseudomonadota,alphaproteobacteria,rhodospirillales,acetobacteraceae,gluconacetobacter,gluconacetobacter liquefaciens
Zotu4238,0,0,0,0,0,0,0,0,bacteria,actinomycetota,acidimicrobiia,acidimicrobiales,acidimicrobiaceae,aciditerrimonas,aciditerrimonas ferrireducens
Zotu4239,0,0,0,0,0,0,0,0,bacteria,planctomycetota,planctomycetia,gemmatales,gemmataceae,gemmata,gemmata obscuriglobus
Zotu4240,0,0,0,1,0,0,0,0,bacteria,pseudomonadota,betaproteobacteria,burkholderiales,burkholderiales,tepidimonas,tepidimonas arfidensis
Zotu4241,0,0,0,0,0,0,0,0,bacteria,chloroflexota,tepidiformia,tepidiformales,tepidiformaceae,tepidiforma,tepidiforma bonchosmolovskayae
Zotu4242,0,0,0,1,1,1,0,0,bacteria,myxococcota,myxococcia,myxococcales,anaeromyxobacteraceae,anaeromyxobacter,anaeromyxobacter dehalogenans
Zotu4243,0,0,0,0,0,0,0,0,bacteria,myxococcota,myxococcota,polyangiales,sandaracinaceae,sandaracinus,sandaracinus amylolyticus
Zotu4244,0,0,0,0,0,0,0,0,bacteria,acidobacteriota,acidobacteriia,acidobacteriales,acidobacteriaceae,candidatus koribacter,candidatus koribacter versatilis
Zotu4245,0,1,0,1,0,0,1,0,bacteria,chloroflexota,chloroflexota,chloroflexota,chloroflexota,thermobaculum,thermobaculum terrenum
Zotu4246,0,0,0,1,1,0,0,0,bacteria,thermodesulfobacteriota,thermodesulfobacteria,thermodesulfobacteriales,thermodesulfobacteriaceae,thermosulfuriphilus,thermosulfuriphilus ammonigenes
Zotu4247,1,0,11,0,42,0,0,0,bacteria,acidobacteriota,blastocatellia,blastocatellales,arenimicrobiaceae,arenimicrobium,arenimicrobium luteum
Zotu4248,0,0,0,0,0,0,0,0,bacteria,pseudomonadota,alphaproteobacteria,caulobacterales,caulobacteraceae,phenylobacterium,phenylobacterium haematophilum
Zotu4249,0,0,0,0,0,0,0,0,bacteria,chloroflexota,tepidiformia,tepidiformales,tepidiformaceae,tepidiforma,tepidiforma bonchosmolovskayae
Zotu4250,0,10,8,0,0,0,0,0,bacteria,actinomycetota,rubrobacteria,gaiellales,gaiellaceae,gaiella,gaiella occulta
Zotu4251,0,0,0,0,0,0,0,0,bacteria,myxococcota,myxococcia,myxococcales,archangiaceae,archangium,archangium gephyra
Zotu4252,0,0,0,0,0,0,47,0,bacteria,pseudomonadota,oligoflexia,bdellovibrionales,bdellovibrionaceae,bdellovibrio,bdellovibrio bacteriovorus
Zotu4253,0,0,0,1,0,0,0,0,bacteria,bacillota,clostridia,eubacteriales,clostridiaceae,clostridium,clostridium bowmanii
Zotu4254,0,0,0,0,0,15,0,0,bacteria,pseudomonadota,alphaproteobacteria,rhodospirillales,acetobacteraceae,paeniroseomonas,paeniroseomonas aquatica
Zotu4255,0,0,0,0,0,0,0,1,bacteria,pseudomonadota,alphaproteobacteria,rhodospirillales,dongiaceae,dongia,dongia rigui
Zotu4256,0,0,0,38,0,0,0,0,bacteria,actinomycetota,thermoleophilia,solirubrobacterales,conexibacteraceae,conexibacter,conexibacter stalactiti
Zotu4257,46,4,0,1,0,0,8,0,bacteria,planctomycetota,phycisphaerae,tepidisphaerales,tepidisphaeraceae,tepidisphaera,tepidisphaera mucosa
Zotu4258,0,0,4,0,0,2,0,0,bacteria,actinomycetota,actinomycetes,streptosporangiales,streptosporangiaceae,nonomuraea,nonomuraea soli
Zotu4259,0,0,2,0,25,0,0,0,bacteria,acidobacteriota,vicinamibacteria,vicinamibacterales,vicinamibacteraceae,luteitalea,luteitalea pratensis
Zotu4262,0,5,0,0,0,0,0,0,bacteria,actinomycetota,acidimicrobiia,acidimicrobiales,acidimicrobiaceae,aciditerrimonas,aciditerrimonas ferrireducens
Zotu4263,0,0,0,0,0,0,0,0,bacteria,pseudomonadota,betaproteobacteria,burkholderiales,burkholderiaceae,quisquiliibacterium,quisquiliibacterium transsilvanicum
Zotu4264,0,0,0,0,0,0,0,0,bacteria,pseudomonadota,alphaproteobacteria,sphingomonadales,sphingomonadaceae,sphingomonas,sphingomonas daechungensis
Zotu4265,21,3,0,0,0,0,0,0,archaea,methanobacteriota,thermoplasmata,methanomassiliicoccales,methanomassiliicoccaceae,methanomassiliicoccus,candidatus methanomassiliicoccus intestinalis
Zotu4266,0,0,31,0,0,1,22,0,bacteria,planctomycetota,planctomycetia,pirellulales,pirellulaceae,candidatus anammoximicrobium,candidatus anammoximicrobium moscowii
Zotu4267,0,0,0,0,0,11,1,0,bacteria,chloroflexota,tepidiformia,tepidiformales,tepidiformaceae,tepidiforma,tepidiforma bonchosmolovskayae
Zotu4268,0,0,4,0,0,0,0,1,bacteria,acidobacteriota,blastocatellia,blastocatellales,blastocatellaceae,aridibacter,aridibacter famidurans
Zotu4269,0,25,0,0,0,0,0,0,bacteria,bacteroidota,chitinophagia,chitinophagales,chitinophagaceae,niastella,niastella hibisci
Zotu4270,0,0,1,0,0,0,0,0,bacteria,bacillota,clostridia,eubacteriales,symbiobacteriaceae,symbiobacterium,symbiobacterium terraclitae
Zotu4271,0,0,0,0,0,0,0,0,archaea,methanobacteriota,thermoplasmata,methanomassiliicoccales,methanomassiliicoccaceae,methanomassiliicoccus,candidatus methanomassiliicoccus intestinalis
Zotu4272,0,0,0,0,0,0,0,0,bacteria,pseudomonadota,betaproteobacteria,burkholderiales,oxalobacteraceae,noviherbaspirillum,noviherbaspirillum malthae
Zotu4273,1,0,0,0,0,0,0,0,bacteria,thermomicrobiota,thermomicrobia,sphaerobacterales,sphaerobacteraceae,sphaerobacter,sphaerobacter thermophilus
Zotu4275,9,0,1,0,42,0,1,0,archaea,methanobacteriota,thermoplasmata,methanomassiliicoccales,methanomassiliicoccaceae,methanomassiliicoccus,candidatus methanomassiliicoccus intestinalis
Zotu4276,0,0,0,0,0,1,1,0,bacteria,myxococcota,myxococcota,polyangiales,polyangiaceae,polyangium,polyangium aurulentum
Zotu4277,0,0,1,0,0,0,0,0,bacteria,pseudomonadota,alphaproteobacteria,hyphomicrobiales,pleomorphomonadaceae,faunimonas,faunimonas pinastri
Zotu4278,0,0,0,0,0,0,0,0,bacteria,planctomycetota,phycisphaerae,phycisphaerales,phycisphaeraceae,mucisphaera,mucisphaera calidilacus
Zotu4279,0,0,1,0,0,13,15,0,bacteria,actinomycetota,rubrobacteria,gaiellales,gaiellaceae,gaiella,gaiella occulta
Zotu4280,0,0,0,0,0,0,0,0,archaea,methanobacteriota,halobacteria,halobacteriales,halobacteriaceae,halovenus,halovenus carboxidivorans
Zotu4281,0,0,0,0,0,0,0,0,bacteria,bacillota,clostridia,eubacteriales,syntrophomonadaceae,syntrophomonas,syntrophomonas zehnderi
Zotu4282,0,0,0,0,0,0,21,0,bacteria,thermodesulfobacteriota,desulfuromonadia,geobacterales,geobacteraceae,geomobilimonas,geomobilimonas luticola
Zotu4283,0,0,0,0,6,0,2,1,bacteria,actinomycetota,rubrobacteria,gaiellales,gaiellaceae,gaiella,gaiella occulta
Zotu4284,0,0,0,0,14,0,0,0,bacteria,actinomycetota,actinomycetes,nakamurellales,nakamurellaceae,nakamurella,nakamurella endophytica
Zotu4285,0,0,0,0,0,0,0,0,bacteria,pseudomonadota,alphaproteobacteria,hyphomicrobiales,methylobacteriaceae,microvirga,microvirga pudoricolor
Zotu4286,0,0,0,0,0,12,8,0,bacteria,gemmatimonadota,longimicrobiia,longimicrobiales,longimicrobiaceae,longimicrobium,longimicrobium terrae
Zotu4287,0,0,0,0,1,9,0,0,bacteria,bacillota,bacilli,bacillales,paenibacillaceae,paenibacillus,paenibacillus antri
Zotu4288,2,0,0,0,0,0,0,2,bacteria,pseudomonadota,alphaproteobacteria,sphingomonadales,sphingosinicellaceae,sphingosinicella,sphingosinicella humi
Zotu4289,0,11,13,0,0,0,1,0,bacteria,bacillota,clostridia,eubacteriales,symbiobacteriaceae,symbiobacterium,symbiobacterium turbinis
Zotu4290,0,1,2,1,0,0,0,0,bacteria,actinomycetota,rubrobacteria,gaiellales,gaiellaceae,gaiella,gaiella occulta
Zotu4291,0,0,0,0,0,0,0,0,bacteria,actinomycetota,thermoleophilia,solirubrobacterales,solirubrobacteraceae,solirubrobacter,solirubrobacter ginsenosidimutans
Zotu4292,0,0,0,0,0,0,0,0,archaea,nitrososphaerota,nitrososphaeria,nitrososphaerales,nitrososphaeraceae,candidatus nitrososphaera,candidatus nitrososphaera
Zotu4293,0,0,0,0,0,0,0,1,archaea,methanobacteriota,halobacteria,halobacteriales,halobacteriaceae,haloquadratum,haloquadratum walsbyi
Zotu4294,0,0,0,0,0,0,0,0,bacteria,chloroflexota,thermomicrobia,sphaerobacterales,sphaerobacteraceae,sphaerobacter,sphaerobacter thermophilus
Zotu4295,0,0,0,0,0,0,0,2,bacteria,acidobacteriota,vicinamibacteria,vicinamibacterales,vicinamibacteraceae,vicinamibacter,vicinamibacter silvestris
Zotu4296,0,0,0,0,0,0,0,0,bacteria,pseudomonadota,alphaproteobacteria,sphingomonadales,sphingomonadaceae,sphingomonas,sphingomonas lutea
Zotu4297,0,0,0,0,0,0,0,0,bacteria,pseudomonadota,gammaproteobacteria,xanthomonadales,rhodanobacteraceae,dokdonella,dokdonella fugitiva
Zotu4298,2,0,0,0,0,0,0,13,bacteria,pseudomonadota,betaproteobacteria,burkholderiales,oxalobacteraceae,massilia,massilia aurea
Zotu4299,0,0,0,0,0,0,0,14,bacteria,pseudomonadota,alphaproteobacteria,hyphomicrobiales,rhizobiaceae,rhizobium,rhizobium glycinendophyticum
Zotu4300,0,0,0,0,0,0,1,0,bacteria,actinomycetota,actinomycetes,propionibacteriales,nocardioidaceae,nocardioides,nocardioides glacieisoli
Zotu4301,0,0,0,0,0,0,0,1,bacteria,chloroflexota,tepidiformia,tepidiformales,tepidiformaceae,tepidiforma,tepidiforma bonchosmolovskayae
Zotu4303,1,0,0,0,0,0,0,0,bacteria,bacteroidota,cytophagia,cytophagales,hymenobacteraceae,pontibacter,pontibacter fetidus
Zotu4304,0,0,0,0,0,0,0,6,bacteria,actinomycetota,actinomycetes,propionibacteriales,nocardioidaceae,nocardioides,nocardioides marmoribigeumensis
Zotu4305,33,12,0,0,0,1,1,0,bacteria,chloroflexota,tepidiformia,tepidiformales,tepidiformaceae,tepidiforma,tepidiforma bonchosmolovskayae
Zotu4306,0,0,1,0,0,0,5,2,bacteria,actinomycetota,nitriliruptoria,euzebyales,euzebyaceae,euzebya,euzebya pacifica
Zotu4307,0,0,0,0,0,1,0,3,bacteria,actinomycetota,actinomycetes,kineosporiales,kineosporiaceae,kineococcus,kineococcus glutinatus
Zotu4308,1,0,0,0,0,0,0,0,bacteria,planctomycetota,planctomycetia,pirellulales,pirellulaceae,candidatus anammoximicrobium,candidatus anammoximicrobium moscowii
Zotu4309,0,1,1,1,0,18,0,15,bacteria,nitrospirota,nitrospiria,nitrospirales,nitrospiraceae,nitrospira,nitrospira moscoviensis
Zotu4310,0,0,0,0,0,0,0,0,bacteria,chloroflexota,tepidiformia,tepidiformales,tepidiformaceae,tepidiforma,tepidiforma bonchosmolovskayae
Zotu4311,0,0,0,0,0,0,0,0,bacteria,candidatus melainabacteria,vampirovibriophyceae,vampirovibrionales,vampirovibrionales,vampirovibrio,vampirovibrio chlorellavorus
Zotu4313,1,0,0,0,0,0,0,0,bacteria,myxococcota,myxococcota,polyangiales,polyangiaceae,racemicystis,racemicystis persica
Zotu4314,0,0,0,0,0,1,0,1,bacteria,chloroflexota,anaerolineae,anaerolineales,anaerolineaceae,ornatilinea,ornatilinea apprima
Zotu4315,0,0,0,0,0,0,0,1,bacteria,pseudomonadota,betaproteobacteria,burkholderiales,comamonadaceae,ramlibacter,ramlibacter tataouinensis
Zotu4316,23,9,0,0,5,1,0,1,bacteria,chloroflexota,chloroflexota,chloroflexota,chloroflexota,thermobaculum,thermobaculum terrenum
Zotu4317,0,1,0,0,0,0,1,0,bacteria,pseudomonadota,alphaproteobacteria,sphingomonadales,sphingomonadaceae,sphingomonas,sphingomonas rhizophila
Zotu4318,0,0,0,0,1,0,0,0,bacteria,actinomycetota,acidimicrobiia,acidimicrobiales,iamiaceae,actinomarinicola,actinomarinicola tropica
Zotu4319,0,0,0,0,0,29,0,0,bacteria,verrucomicrobiota,spartobacteria,chthoniobacterales,chthoniobacteraceae,chthoniobacter,chthoniobacter flavus
Zotu4320,0,0,0,0,0,1,0,0,bacteria,actinomycetota,actinomycetes,nakamurellales,nakamurellaceae,nakamurella,nakamurella endophytica
Zotu4321,0,0,0,0,0,0,0,0,bacteria,actinomycetota,thermoleophilia,solirubrobacterales,solirubrobacteraceae,solirubrobacter,solirubrobacter ginsenosidimutans
Zotu4322,1,0,1,0,0,0,10,0,bacteria,actinomycetota,thermoleophilia,solirubrobacterales,conexibacteraceae,conexibacter,conexibacter stalactiti
Zotu4323,0,0,0,0,0,0,0,0,bacteria,bacillota,bacilli,lactobacillales,streptococcaceae,streptococcus,streptococcus salivarius
Zotu4324,0,0,0,0,0,1,0,1,bacteria,pseudomonadota,betaproteobacteria,nitrosomonadales,thiobacillaceae,thiobacillus,thiobacillus denitrificans
Zotu4325,10,2,0,0,0,0,0,0,bacteria,actinomycetota,rubrobacteria,gaiellales,gaiellaceae,gaiella,gaiella occulta
Zotu4326,0,0,0,1,0,0,1,0,bacteria,candidatus tectomicrobia,candidatus tectomicrobia,candidatus tectomicrobia,candidatus tectomicrobia,candidatus entotheonella,candidatus entotheonella palauensis
Zotu4327,0,0,1,0,1,0,0,0,bacteria,actinomycetota,nitriliruptoria,euzebyales,euzebyaceae,euzebya,euzebya pacifica
Zotu4328,0,0,0,0,0,0,0,0,bacteria,verrucomicrobiota,verrucomicrobiae,verrucomicrobiales,verrucomicrobia subdivision 3,pedosphaera,pedosphaera parvula
Zotu4329,0,0,1,0,0,0,0,0,bacteria,pseudomonadota,deltaproteobacteria,myxococcales,anaeromyxobacteraceae,anaeromyxobacter,anaeromyxobacter dehalogenans
Zotu4330,0,0,0,0,0,0,0,0,bacteria,bacillota,clostridia,eubacteriales,clostridiales family xvii. incertae sedis,thermaerobacter,thermaerobacter composti
Zotu4331,0,0,7,0,0,0,0,0,bacteria,actinomycetota,actinomycetia,streptomycetales,streptomycetaceae,streptomyces,streptomyces glaucosporus
Zotu4332,0,0,0,0,0,0,0,0,bacteria,bacteroidota,cytophagia,cytophagales,fulvivirgaceae,ohtaekwangia,ohtaekwangia koreensis
Zotu4333,0,0,0,0,0,0,0,0,bacteria,bacillota,clostridia,eubacteriales,peptococcaceae,candidatus desulforudis,candidatus desulforudis audaxviator
Zotu4334,0,0,0,0,0,0,0,0,bacteria,planctomycetota,planctomycetia,pirellulales,pirellulaceae,candidatus anammoximicrobium,candidatus anammoximicrobium moscowii
Zotu4335,0,0,0,0,0,0,0,0,bacteria,thermodesulfobacteriota,desulfuromonadia,desulfuromonadales,desulfuromonadaceae,pelobacter,pelobacter propionicus
Zotu4336,0,3,24,0,0,0,1,0,bacteria,bacillota,clostridia,eubacteriales,clostridiales family xvii. incertae sedis,thermaerobacter,thermaerobacter composti
Zotu4337,0,0,0,0,0,0,0,0,bacteria,verrucomicrobiota,verrucomicrobiae,verrucomicrobiales,verrucomicrobia subdivision 3,pedosphaera,pedosphaera parvula
Zotu4338,3,0,34,0,0,0,0,1,bacteria,elusimicrobiota,endomicrobiia,endomicrobiales,endomicrobiaceae,endomicrobium,endomicrobium proavitum
Zotu4339,0,0,0,0,0,0,0,0,bacteria,planctomycetota,phycisphaerae,tepidisphaerales,tepidisphaeraceae,tepidisphaera,tepidisphaera mucosa
Zotu4341,0,0,0,0,0,0,0,2,bacteria,verrucomicrobiota,opitutae,opitutales,opitutaceae,horticoccus,horticoccus luteus
Zotu4342,0,0,0,0,0,20,0,0,bacteria,bacillota,bacillota,bacillota,bacillota,capillibacterium,capillibacterium thermochitinicola
Zotu4343,0,0,0,0,0,0,0,0,bacteria,chloroflexota,tepidiformia,tepidiformales,tepidiformaceae,tepidiforma,tepidiforma bonchosmolovskayae
Zotu4344,34,0,0,0,0,0,0,0,bacteria,chloroflexota,chloroflexia,herpetosiphonales,herpetosiphonaceae,herpetosiphon,herpetosiphon gulosus
Zotu4345,0,0,0,0,0,0,0,0,bacteria,bacillota,clostridia,eubacteriales,symbiobacteriaceae,symbiobacterium,symbiobacterium terraclitae
Zotu4346,1,0,1,0,53,0,11,1,bacteria,chloroflexota,chloroflexota,chloroflexota,chloroflexota,thermobaculum,thermobaculum terrenum
Zotu4347,0,0,0,0,0,0,0,0,bacteria,pseudomonadota,betaproteobacteria,burkholderiales,burkholderiaceae,zeimonas,zeimonas arvi
Zotu4348,0,0,28,0,0,0,0,0,bacteria,planctomycetota,planctomycetia,gemmatales,gemmataceae,gemmata,gemmata palustris
Zotu4349,4,15,13,0,1,0,0,1,bacteria,chloroflexota,tepidiformia,tepidiformales,tepidiformaceae,tepidiforma,tepidiforma bonchosmolovskayae
Zotu4350,8,0,71,0,0,0,0,0,archaea,methanobacteriota,thermoplasmata,methanomassiliicoccales,methanomassiliicoccaceae,methanomassiliicoccus,candidatus methanomassiliicoccus intestinalis
Zotu4351,0,1,0,0,35,12,0,0,bacteria,myxococcota,myxococcia,myxococcales,myxococcaceae,pyxidicoccus,pyxidicoccus fallax
Zotu4352,0,0,0,0,0,0,0,0,bacteria,acidobacteriota,vicinamibacteria,vicinamibacterales,vicinamibacteraceae,luteitalea,luteitalea pratensis
Zotu4353,0,0,0,0,0,0,0,0,bacteria,thermodesulfobacteriota,desulfuromonadia,desulfuromonadales,desulfuromonadaceae,pelobacter,pelobacter propionicus
Zotu4354,0,0,0,0,0,0,0,0,bacteria,pseudomonadota,deltaproteobacteria,myxococcales,anaeromyxobacteraceae,anaeromyxobacter,anaeromyxobacter dehalogenans
Zotu4355,0,29,0,0,0,0,0,0,bacteria,verrucomicrobiota,verrucomicrobiae,limisphaerales,fontisphaeraceae,fontisphaera,fontisphaera persica
Zotu4357,0,0,0,0,0,0,0,0,bacteria,planctomycetota,planctomycetia,gemmatales,gemmataceae,gemmata,gemmata palustris
Zotu4358,1,0,0,1,20,0,8,1,bacteria,bacillota,bacilli,bacillales,bacillaceae,anoxybacillus,anoxybacillus vitaminiphilus
Zotu4359,0,0,0,0,0,0,0,0,bacteria,rhodothermota,rhodothermia,rhodothermales,rhodothermaceae,rhodocaloribacter,rhodocaloribacter litoris
Zotu4360,9,1,0,0,14,0,0,5,bacteria,actinomycetota,rubrobacteria,gaiellales,gaiellaceae,gaiella,gaiella occulta
Zotu4361,0,0,0,0,0,0,0,0,bacteria,actinomycetota,rubrobacteria,rubrobacterales,rubrobacteraceae,rubrobacter,rubrobacter radiotolerans
Zotu4362,2,1,0,0,1,10,72,2,archaea,nitrososphaerota,nitrososphaeria,nitrososphaerales,nitrososphaeraceae,nitrososphaera,candidatus nitrososphaera gargensis
Zotu4363,0,0,0,0,0,0,0,0,bacteria,planctomycetota,planctomycetia,pirellulales,pirellulaceae,anatilimnocola,anatilimnocola aggregata
Zotu4364,2,0,0,0,0,0,0,6,bacteria,bacillota,bacilli,bacillales,paenibacillaceae,paenibacillus,paenibacillus validus
Zotu4365,0,0,0,0,1,0,0,0,bacteria,actinomycetota,rubrobacteria,gaiellales,gaiellaceae,gaiella,gaiella occulta
Zotu4367,4,0,0,0,1,0,0,0,archaea,methanobacteriota,thermoplasmata,methanomassiliicoccales,methanomassiliicoccaceae,methanomassiliicoccus,candidatus methanomassiliicoccus intestinalis
Zotu4368,10,0,0,0,0,0,0,0,bacteria,bacillota,clostridia,eubacteriales,symbiobacteriaceae,symbiobacterium,symbiobacterium terraclitae
Zotu4369,5,0,0,0,0,0,0,0,archaea,methanobacteriota,thermoplasmata,methanomassiliicoccales,methanomassiliicoccaceae,methanomassiliicoccus,candidatus methanomassiliicoccus intestinalis
Zotu4370,0,0,0,0,0,0,1,0,bacteria,actinomycetota,actinomycetes,streptosporangiales,thermomonosporaceae,actinoallomurus,actinoallomurus coprocola
Zotu4371,0,0,42,0,1,0,0,0,bacteria,verrucomicrobiota,verrucomicrobiae,verrucomicrobiales,verrucomicrobia subdivision 3,pedosphaera,pedosphaera parvula
Zotu4372,0,0,0,0,0,0,0,0,bacteria,planctomycetota,planctomycetia,pirellulales,lacipirellulaceae,lacipirellula,lacipirellula limnantheis
Zotu4373,2,0,1,0,0,5,11,0,bacteria,pseudomonadota,gammaproteobacteria,chromatiales,ectothiorhodospiraceae,ectothiorhodospira,ectothiorhodospira mobilis
Zotu4374,0,0,0,0,0,0,0,0,bacteria,actinomycetota,rubrobacteria,rubrobacterales,rubrobacteraceae,rubrobacter,rubrobacter naiadicus
Zotu4375,0,4,5,0,21,2,0,0,bacteria,actinomycetota,rubrobacteria,rubrobacterales,rubrobacteraceae,rubrobacter,rubrobacter naiadicus
Zotu4376,0,0,0,0,0,0,1,0,bacteria,pseudomonadota,gammaproteobacteria,enterobacterales,erwiniaceae,pantoea,pantoea ananatis
Zotu4377,0,0,0,0,0,0,0,0,bacteria,pseudomonadota,betaproteobacteria,burkholderiales,oxalobacteraceae,noviherbaspirillum,noviherbaspirillum malthae
Zotu4378,0,1,0,0,0,0,0,0,bacteria,pseudomonadota,betaproteobacteria,burkholderiales,oxalobacteraceae,noviherbaspirillum,noviherbaspirillum galbum
Zotu4379,0,0,18,0,0,5,3,0,bacteria,actinomycetota,rubrobacteria,rubrobacterales,rubrobacteraceae,rubrobacter,rubrobacter naiadicus
Zotu4380,0,7,0,2,0,0,2,0,bacteria,pseudomonadota,alphaproteobacteria,rhodospirillales,azospirillaceae,skermanella,skermanella rosea
Zotu4381,0,0,0,0,0,0,0,0,bacteria,pseudomonadota,betaproteobacteria,burkholderiales,sphaerotilaceae,aquincola,aquincola tertiaricarbonis
Zotu4382,0,0,0,0,0,0,0,0,bacteria,actinomycetota,actinomycetes,propionibacteriales,propionibacteriaceae,cutibacterium,cutibacterium granulosum
Zotu4383,0,0,0,0,0,0,0,0,bacteria,bacillota,bacilli,bacillales,bacillaceae,bacillus,bacillus taeanensis
Zotu4385,0,0,0,0,0,0,0,0,bacteria,myxococcota,myxococcota,polyangiales,phaselicystidaceae,phaselicystis,phaselicystis flava
Zotu4386,1,0,0,0,1,0,0,0,bacteria,thermomicrobiota,thermomicrobia,thermomicrobiales,thermomicrobiaceae,thermomicrobium,thermomicrobium carboxidum
Zotu4387,0,0,0,0,0,0,0,0,bacteria,chloroflexota,anaerolineae,anaerolineales,anaerolineaceae,pelolinea,pelolinea submarina
Zotu4388,0,4,0,1,0,0,1,1,bacteria,actinomycetota,actinomycetes,streptosporangiales,streptosporangiaceae,nonomuraea,nonomuraea aridisoli
Zotu4389,1,4,0,0,0,0,0,0,bacteria,actinomycetota,rubrobacteria,gaiellales,gaiellaceae,gaiella,gaiella occulta
Zotu4391,0,0,0,0,0,0,3,5,bacteria,gemmatimonadota,gemmatimonadetes,gemmatimonadales,gemmatimonadaceae,roseisolibacter,roseisolibacter agri
Zotu4392,3,3,0,0,1,27,0,0,bacteria,bacillota,clostridia,eubacteriales,symbiobacteriaceae,symbiobacterium,symbiobacterium terraclitae
Zotu4393,0,5,26,0,0,0,27,0,archaea,methanobacteriota,thermoplasmata,methanomassiliicoccales,methanomassiliicoccaceae,methanomassiliicoccus,candidatus methanomassiliicoccus intestinalis
Zotu4394,0,0,0,0,1,1,0,0,bacteria,pseudomonadota,alphaproteobacteria,sphingomonadales,sphingosinicellaceae,pedomonas,pedomonas mirosovicensis
Zotu4395,0,0,0,0,0,0,0,0,bacteria,pseudomonadota,alphaproteobacteria,rhodospirillales,azospirillaceae,skermanella,skermanella aerolata
Zotu4397,1,0,26,0,0,0,0,0,archaea,methanobacteriota,thermoplasmata,methanomassiliicoccales,methanomassiliicoccaceae,methanomassiliicoccus,candidatus methanomassiliicoccus intestinalis
Zotu4398,1,2,2,0,0,0,0,0,bacteria,pseudomonadota,betaproteobacteria,rhodocyclales,zoogloeaceae,thauera,thauera sinica
Zotu4399,10,11,0,0,0,0,0,0,bacteria,pseudomonadota,alphaproteobacteria,rickettsiales,anaplasmataceae,wolbachia,wolbachia pipientis
Zotu4400,1,3,0,0,0,0,1,0,bacteria,actinomycetota,thermoleophilia,thermoleophilales,thermoleophilaceae,thermoleophilum,thermoleophilum album
Zotu4401,0,0,0,0,0,0,0,0,bacteria,actinomycetota,rubrobacteria,rubrobacterales,rubrobacteraceae,rubrobacter,rubrobacter radiotolerans
Zotu4402,0,0,0,0,10,0,0,0,bacteria,gemmatimonadota,gemmatimonadetes,gemmatimonadales,gemmatimonadaceae,gemmatimonas,gemmatimonas phototrophica
Zotu4403,5,0,1,0,0,11,13,1,bacteria,thermodesulfobacteriota,desulfuromonadia,desulfuromonadales,desulfuromonadaceae,pelobacter,pelobacter propionicus
Zotu4404,0,0,1,0,1,0,33,0,bacteria,bacillota,negativicutes,veillonellales,veillonellaceae,megasphaera,megasphaera hutchinsoni
Zotu4405,0,0,0,0,0,0,0,0,archaea,methanobacteriota,thermoplasmata,methanomassiliicoccales,methanomassiliicoccaceae,methanomassiliicoccus,candidatus methanomassiliicoccus intestinalis
Zotu4406,4,5,19,2,3,0,0,0,bacteria,chloroflexota,tepidiformia,tepidiformales,tepidiformaceae,tepidiforma,tepidiforma bonchosmolovskayae
Zotu4407,1,0,0,1,14,1,0,3,bacteria,chloroflexota,thermomicrobia,sphaerobacterales,sphaerobacteraceae,sphaerobacter,sphaerobacter thermophilus
Zotu4408,51,0,1,0,0,0,1,1,bacteria,verrucomicrobiota,verrucomicrobiae,verrucomicrobiales,verrucomicrobia subdivision 3,pedosphaera,pedosphaera parvula
Zotu4409,0,0,0,1,0,1,25,27,bacteria,pseudomonadota,alphaproteobacteria,hyphomicrobiales,methylobacteriaceae,microvirga,microvirga massiliensis
Zotu4410,0,0,0,0,0,0,0,0,bacteria,actinomycetota,actinomycetes,pseudonocardiales,pseudonocardiaceae,allokutzneria,allokutzneria oryzae
Zotu4411,1,23,0,0,0,0,0,0,bacteria,pseudomonadota,betaproteobacteria,nitrosomonadales,sterolibacteriaceae,methyloversatilis,methyloversatilis thermotolerans
Zotu4413,52,4,0,0,0,0,0,0,archaea,methanobacteriota,thermoplasmata,methanomassiliicoccales,candidatus methanomethylophilaceae,candidatus methanomethylophilus,candidatus methanomethylophilus alvus
Zotu4414,10,1,22,0,0,0,0,0,bacteria,chloroflexota,anaerolineae,anaerolineales,anaerolineaceae,ornatilinea,ornatilinea apprima
Zotu4415,0,0,0,0,0,0,0,0,bacteria,bacillota,clostridia,eubacteriales,symbiobacteriaceae,symbiobacterium,symbiobacterium turbinis
Zotu4416,35,14,0,2,0,0,0,1,bacteria,planctomycetota,candidatus brocadiia,candidatus brocadiales,candidatus brocadiaceae,candidatus kuenenia,candidatus kuenenia stuttgartiensis
Zotu4417,1,0,0,0,0,0,0,4,bacteria,bacillota,bacilli,bacillales,bacillaceae,sutcliffiella,sutcliffiella cohnii
Zotu4420,0,0,0,0,0,0,0,0,bacteria,actinomycetota,thermoleophilia,solirubrobacterales,solirubrobacteraceae,solirubrobacter,solirubrobacter phytolaccae
Zotu4421,0,0,4,57,0,1,0,1,bacteria,actinomycetota,rubrobacteria,rubrobacterales,rubrobacteraceae,rubrobacter,rubrobacter spartanus
Zotu4422,0,0,0,0,0,0,0,0,bacteria,pseudomonadota,oligoflexia,bdellovibrionales,bdellovibrionaceae,bdellovibrio,bdellovibrio bacteriovorus
Zotu4423,0,0,0,0,0,0,0,2,bacteria,chloroflexota,chloroflexia,kallotenuales,kallotenuaceae,kallotenue,kallotenue papyrolyticum
Zotu4424,0,0,0,0,0,0,0,0,bacteria,verrucomicrobiota,spartobacteria,chthoniobacterales,chthoniobacteraceae,chthoniobacter,chthoniobacter flavus
Zotu4425,0,0,0,0,0,0,0,0,bacteria,planctomycetota,planctomycetia,pirellulales,pirellulaceae,anatilimnocola,anatilimnocola aggregata
Zotu4426,0,0,0,0,0,0,0,0,bacteria,actinomycetota,thermoleophilia,thermoleophilales,thermoleophilaceae,thermoleophilum,thermoleophilum album
Zotu4427,9,8,0,0,34,1,0,0,bacteria,chloroflexota,tepidiformia,tepidiformales,tepidiformaceae,tepidiforma,tepidiforma bonchosmolovskayae
Zotu4428,0,1,0,0,0,0,0,0,bacteria,actinomycetota,rubrobacteria,rubrobacterales,rubrobacteraceae,rubrobacter,rubrobacter radiotolerans
Zotu4429,0,0,0,0,0,0,0,0,bacteria,thermodesulfobacteriota,desulfuromonadia,desulfuromonadales,geothermobacteraceae,geothermobacter,geothermobacter hydrogeniphilus
Zotu4430,0,0,0,0,0,25,0,0,bacteria,verrucomicrobiota,verrucomicrobiae,verrucomicrobiales,verrucomicrobia subdivision 3,pedosphaera,pedosphaera parvula
Zotu4431,0,0,0,0,0,0,0,0,bacteria,bacteroidota,cytophagia,cytophagales,hymenobacteraceae,pontibacter,pontibacter roseus
Zotu4432,0,0,0,0,0,0,0,0,bacteria,bacteroidota,chitinophagia,chitinophagales,chitinophagaceae,segetibacter,segetibacter aerophilus
Zotu4433,5,0,0,1,0,0,0,8,bacteria,pseudomonadota,alphaproteobacteria,sphingomonadales,sphingosinicellaceae,sphingosinicella,sphingosinicella humi
Zotu4434,0,0,0,0,0,0,0,0,bacteria,pseudomonadota,deltaproteobacteria,myxococcales,polyangiaceae,chondromyces,chondromyces pediculatus
Zotu4435,0,0,0,0,1,1,1,0,bacteria,chloroflexota,chloroflexia,herpetosiphonales,herpetosiphonaceae,herpetosiphon,herpetosiphon aurantiacus
Zotu4436,0,0,0,0,0,0,0,0,bacteria,actinomycetota,thermoleophilia,solirubrobacterales,conexibacteraceae,conexibacter,conexibacter arvalis
Zotu4437,0,0,0,0,0,0,0,0,bacteria,actinomycetota,actinomycetes,streptosporangiales,thermomonosporaceae,actinoallomurus,actinoallomurus fulvus
Zotu4438,0,0,0,0,0,0,0,0,archaea,methanobacteriota,thermoplasmata,methanomassiliicoccales,methanomassiliicoccaceae,methanomassiliicoccus,candidatus methanomassiliicoccus intestinalis
Zotu4439,0,0,0,0,0,0,0,0,bacteria,verrucomicrobiota,verrucomicrobiae,verrucomicrobiales,verrucomicrobia subdivision 3,pedosphaera,pedosphaera parvula
Zotu4440,0,1,0,0,8,0,0,0,bacteria,actinomycetota,actinomycetes,micromonosporales,micromonosporaceae,micromonospora,micromonospora ovatispora
Zotu4441,0,0,0,0,0,0,0,12,bacteria,pseudomonadota,alphaproteobacteria,caulobacterales,caulobacteraceae,phenylobacterium,phenylobacterium lituiforme
Zotu4442,1,0,0,0,0,0,1,0,bacteria,acidobacteriota,acidobacteriia,bryobacterales,solibacteraceae,candidatus solibacter,candidatus solibacter usitatus
Zotu4443,0,0,0,0,0,1,0,0,bacteria,actinomycetota,rubrobacteria,rubrobacterales,rubrobacteraceae,rubrobacter,rubrobacter bracarensis
Zotu4444,0,0,0,0,0,1,1,0,archaea,nitrososphaerota,nitrososphaeria,nitrososphaerales,nitrososphaeraceae,nitrososphaera,candidatus nitrososphaera gargensis
Zotu4445,0,0,0,0,0,0,0,0,bacteria,elusimicrobiota,endomicrobiia,endomicrobiales,endomicrobiaceae,endomicrobium,endomicrobium proavitum
Zotu4446,0,0,0,0,1,0,0,0,bacteria,actinomycetota,actinomycetes,propionibacteriales,nocardioidaceae,nocardioides,nocardioides panacis
Zotu4447,0,0,0,0,0,0,0,0,bacteria,acidobacteriota,blastocatellia,blastocatellales,arenimicrobiaceae,brevitalea,brevitalea deliciosa
Zotu4448,0,0,0,0,0,0,0,0,bacteria,pseudomonadota,alphaproteobacteria,sphingomonadales,sphingomonadaceae,sphingomonas,sphingomonas sinipercae
Zotu4449,0,0,0,0,0,0,0,0,bacteria,bacillota,clostridia,christensenellales,christensenellaceae,luoshenia,luoshenia tenuis
Zotu4451,0,0,0,0,0,0,0,0,bacteria,pseudomonadota,alphaproteobacteria,sphingomonadales,erythrobacteraceae,altericroceibacterium,altericroceibacterium xinjiangense
Zotu4452,0,1,0,0,0,0,0,0,bacteria,bacillota,thermolithobacteria,thermolithobacterales,thermolithobacteraceae,thermolithobacter,thermolithobacter ferrireducens
Zotu4453,0,0,0,0,0,0,0,6,bacteria,pseudomonadota,betaproteobacteria,burkholderiales,oxalobacteraceae,noviherbaspirillum,noviherbaspirillum aridicola
Zotu4454,0,0,0,0,0,0,0,0,bacteria,chloroflexota,chloroflexi,chloroflexi,chloroflexi,candidatus chlorothrix,candidatus chlorothrix halophila
Zotu4456,0,0,0,0,0,0,0,0,bacteria,bacillota,clostridia,eubacteriales,syntrophomonadaceae,syntrophomonas,syntrophomonas zehnderi
Zotu4457,0,0,1,0,0,0,0,0,bacteria,kiritimatiellota,kiritimatiellia,kiritimatiellales,kiritimatiellaceae,kiritimatiella,kiritimatiella glycovorans
Zotu4458,0,0,0,0,0,0,0,0,bacteria,pseudomonadota,alphaproteobacteria,sphingomonadales,sphingomonadaceae,sphingomonas,sphingomonas daechungensis
Zotu4459,0,0,0,0,0,2,0,1,bacteria,actinomycetota,thermoleophilia,solirubrobacterales,solirubrobacteraceae,solirubrobacter,solirubrobacter phytolaccae
Zotu4460,3,43,2,0,0,0,1,0,bacteria,acidobacteriota,acidobacteriia,bryobacterales,solibacteraceae,candidatus solibacter,candidatus solibacter usitatus
Zotu4461,0,0,0,0,0,0,0,0,bacteria,chloroflexota,chloroflexia,kallotenuales,kallotenuaceae,kallotenue,kallotenue papyrolyticum
Zotu4462,0,2,0,1,1,0,33,0,bacteria,bacillota,clostridia,eubacteriales,symbiobacteriaceae,symbiobacterium,symbiobacterium terraclitae
Zotu4463,4,2,0,0,0,0,0,0,bacteria,chloroflexota,tepidiformia,tepidiformales,tepidiformaceae,tepidiforma,tepidiforma bonchosmolovskayae
Zotu4464,0,1,0,0,0,0,0,0,bacteria,pseudomonadota,betaproteobacteria,burkholderiales,oxalobacteraceae,massilia,massilia timonae
Zotu4465,2,33,1,0,1,0,2,1,bacteria,gemmatimonadota,longimicrobiia,longimicrobiales,longimicrobiaceae,longimicrobium,longimicrobium terrae
Zotu4466,0,0,0,1,0,0,26,0,bacteria,pseudomonadota,gammaproteobacteria,nevskiales,nevskiaceae,solimonas,solimonas fluminis
Zotu4467,0,0,0,0,0,4,0,0,bacteria,actinomycetota,thermoleophilia,miltoncostaeales,miltoncostaeaceae,miltoncostaea,miltoncostaea marina
Zotu4468,0,0,0,0,0,1,0,0,bacteria,thermodesulfobacteriota,desulfuromonadia,geobacterales,geobacteraceae,geobacter,geobacter metallireducens
Zotu4469,0,0,1,0,0,0,34,0,bacteria,verrucomicrobiota,verrucomicrobiae,verrucomicrobiales,verrucomicrobia subdivision 3,pedosphaera,pedosphaera parvula
Zotu4471,0,0,0,0,0,0,0,0,bacteria,bacillota,clostridia,eubacteriales,clostridiales family xvii. incertae sedis,thermaerobacter,thermaerobacter composti
Zotu4472,0,0,0,0,0,0,1,0,bacteria,pseudomonadota,betaproteobacteria,burkholderiales,sphaerotilaceae,roseateles,roseateles chitosanitabidus
Zotu4473,0,0,0,0,0,0,0,0,bacteria,pseudomonadota,alphaproteobacteria,sphingomonadales,sphingomonadaceae,sphingomonas,sphingomonas parvus
Zotu4474,0,0,1,0,45,0,0,0,bacteria,myxococcota,myxococcota,haliangiales,kofleriaceae,haliangium,haliangium tepidum
Zotu4475,0,0,1,1,0,0,0,0,bacteria,actinomycetota,acidimicrobiia,acidimicrobiales,acidimicrobiaceae,aciditerrimonas,aciditerrimonas ferrireducens
Zotu4476,0,0,0,0,0,0,0,0,bacteria,actinomycetota,actinomycetes,geodermatophilales,geodermatophilaceae,blastococcus,blastococcus jejuensis
Zotu4477,22,0,0,0,23,0,0,0,bacteria,chloroflexota,anaerolineae,anaerolineales,anaerolineaceae,longilinea,longilinea arvoryzae
Zotu4478,0,0,0,0,0,0,0,0,bacteria,bacteroidota,cytophagia,cytophagales,cesiribacteraceae,cesiribacter,cesiribacter andamanensis
Zotu4479,0,0,0,0,0,0,0,0,bacteria,bacteroidota,cytophagia,cytophagales,flexibacteraceae,flexibacter,flexibacter flexilis
Zotu4480,0,0,0,0,0,0,0,21,bacteria,bacteroidota,cytophagia,cytophagales,hymenobacteraceae,rufibacter,rufibacter latericius
Zotu4481,0,0,0,0,1,0,0,0,bacteria,pseudomonadota,alphaproteobacteria,sphingomonadales,sphingomonadaceae,sphingomonas,sphingomonas daechungensis
Zotu4482,0,0,0,0,1,0,0,0,bacteria,pseudomonadota,alphaproteobacteria,caulobacterales,caulobacteraceae,brevundimonas,brevundimonas kwangchunensis
Zotu4483,0,0,0,0,0,0,0,0,bacteria,chloroflexota,chloroflexota,chloroflexota,chloroflexota,thermobaculum,thermobaculum terrenum
Zotu4484,0,0,0,0,0,0,0,0,bacteria,elusimicrobiota,endomicrobia,endomicrobiales,endomicrobiaceae,candidatus endomicrobium,candidatus endomicrobium pyrsonymphae
Zotu4485,0,0,0,0,0,0,0,0,bacteria,pseudomonadota,alphaproteobacteria,caulobacterales,caulobacteraceae,phenylobacterium,phenylobacterium deserti
Zotu4486,3,0,0,0,0,1,4,0,bacteria,actinomycetota,thermoleophilia,solirubrobacterales,conexibacteraceae,conexibacter,conexibacter arvalis
Zotu4487,0,0,0,0,0,0,1,0,bacteria,actinomycetota,acidimicrobiia,acidimicrobiales,iamiaceae,actinomarinicola,actinomarinicola tropica
Zotu4488,0,0,0,0,0,0,0,0,bacteria,chloroflexota,caldilineae,caldilineales,caldilineaceae,litorilinea,litorilinea aerophila
Zotu4489,0,0,1,0,0,0,0,0,bacteria,actinomycetota,actinomycetes,pseudonocardiales,pseudonocardiaceae,actinomycetospora,actinomycetospora corticicola
Zotu4490,0,0,0,0,0,0,0,0,bacteria,chloroflexota,anaerolineae,anaerolineales,anaerolineaceae,thermanaerothrix,thermanaerothrix daxensis
Zotu4491,0,0,0,0,0,0,30,0,bacteria,planctomycetota,phycisphaerae,tepidisphaerales,tepidisphaeraceae,tepidisphaera,tepidisphaera mucosa
Zotu4492,11,21,0,0,0,0,0,0,bacteria,elusimicrobiota,endomicrobia,endomicrobiales,endomicrobiaceae,candidatus endomicrobium,candidatus endomicrobium pyrsonymphae
Zotu4493,3,10,0,0,0,8,0,0,bacteria,thermodesulfobacteriota,syntrophobacteria,syntrophobacterales,syntrophobacteraceae,desulfoglaeba,desulfoglaeba alkanexedens
Zotu4495,0,0,0,0,1,0,0,0,bacteria,actinomycetota,thermoleophilia,solirubrobacterales,parviterribacteraceae,parviterribacter,parviterribacter kavangonensis
Zotu4496,2,6,0,1,18,0,1,1,bacteria,planctomycetota,planctomycetia,gemmatales,gemmataceae,fimbriiglobus,fimbriiglobus ruber
Zotu4497,28,2,0,0,0,0,0,0,bacteria,bacillota,clostridia,eubacteriales,syntrophomonadaceae,pelospora,pelospora glutarica
Zotu4498,0,0,0,0,0,0,0,0,bacteria,planctomycetota,candidatus brocadiia,candidatus brocadiales,candidatus brocadiaceae,candidatus brocadia,candidatus brocadia caroliniensis
Zotu4499,0,0,0,0,0,21,0,0,bacteria,pseudomonadota,alphaproteobacteria,sphingomonadales,sphingomonadaceae,sphingomonas,sphingomonas wittichii
Zotu4500,2,0,1,0,0,1,10,39,bacteria,deinococcota,deinococci,deinococcales,deinococcaceae,deinococcus,deinococcus soli (ex zhang et al. 2011)
Zotu4501,0,0,1,0,5,2,0,0,bacteria,pseudomonadota,gammaproteobacteria,pseudomonadales,pseudomonadaceae,pseudomonas,pseudomonas plecoglossicida
Zotu4502,1,2,7,14,0,0,0,0,bacteria,actinomycetota,rubrobacteria,rubrobacterales,rubrobacteraceae,rubrobacter,rubrobacter naiadicus
Zotu4503,0,0,0,1,0,0,0,0,bacteria,bacteroidota,cytophagia,cytophagales,hymenobacteraceae,adhaeribacter,adhaeribacter radiodurans
Zotu4504,0,0,0,0,0,0,0,14,bacteria,verrucomicrobiota,spartobacteria,chthoniobacterales,chthoniobacteraceae,chthoniobacter,chthoniobacter flavus
Zotu4505,0,0,0,0,0,0,0,0,bacteria,pseudomonadota,betaproteobacteria,burkholderiales,oxalobacteraceae,noviherbaspirillum,noviherbaspirillum autotrophicum
Zotu4506,34,14,0,0,8,2,0,0,bacteria,actinomycetota,acidimicrobiia,acidimicrobiales,iamiaceae,iamia,iamia majanohamensis
Zotu4507,21,3,0,0,1,1,0,2,bacteria,bacillota,clostridia,moorellales,moorellaceae,moorella,moorella glycerini
Zotu4508,0,8,0,0,0,0,1,0,bacteria,chloroflexota,chloroflexia,herpetosiphonales,herpetosiphonaceae,herpetosiphon,herpetosiphon aurantiacus
Zotu4509,1,3,11,0,0,2,0,0,bacteria,actinomycetota,actinomycetes,streptosporangiales,streptosporangiaceae,nonomuraea,nonomuraea soli
Zotu4510,0,0,0,0,0,0,0,0,bacteria,actinomycetota,acidimicrobiia,acidimicrobiales,iamiaceae,iamia,iamia majanohamensis
Zotu4511,0,0,0,0,0,3,0,0,bacteria,actinomycetota,actinomycetes,propionibacteriales,nocardioidaceae,nocardioides,nocardioides aquiterrae
Zotu4512,0,0,0,15,14,7,0,0,bacteria,gemmatimonadota,longimicrobiia,longimicrobiales,longimicrobiaceae,longimicrobium,longimicrobium terrae
Zotu4513,0,0,0,0,0,0,0,0,bacteria,planctomycetota,planctomycetia,gemmatales,gemmataceae,urbifossiella,urbifossiella limnaea
Zotu4514,0,0,0,0,0,22,0,0,bacteria,bacillota,bacillota,bacillota,bacillota,capillibacterium,capillibacterium thermochitinicola
Zotu4515,22,0,25,0,10,3,0,0,bacteria,chloroflexota,chloroflexota,chloroflexota,chloroflexota,thermobaculum,thermobaculum terrenum
Zotu4516,0,0,0,0,0,0,0,0,bacteria,planctomycetota,planctomycetia,gemmatales,gemmataceae,zavarzinella,zavarzinella formosa
Zotu4517,0,1,11,1,0,1,1,0,bacteria,gemmatimonadota,longimicrobiia,longimicrobiales,longimicrobiaceae,longimicrobium,longimicrobium terrae
Zotu4518,0,0,23,1,1,0,4,5,bacteria,gemmatimonadota,longimicrobiia,longimicrobiales,longimicrobiaceae,longimicrobium,longimicrobium terrae
Zotu4519,0,0,0,0,0,0,0,0,bacteria,actinomycetota,acidimicrobiia,acidimicrobiales,acidimicrobiaceae,acidiferrimicrobium,acidiferrimicrobium australe
Zotu4520,0,0,1,0,0,1,0,1,bacteria,pseudomonadota,alphaproteobacteria,rhodospirillales,azospirillaceae,nitrospirillum,azospirillum amazonense
Zotu4521,0,0,0,0,0,0,0,0,bacteria,pseudomonadota,betaproteobacteria,burkholderiales,burkholderiales,thiobacter,thiobacter subterraneus
Zotu4522,0,0,0,0,0,0,0,0,bacteria,pseudomonadota,alphaproteobacteria,rhodospirillales,rhodospirillaceae,phaeospirillum,phaeospirillum fulvum
Zotu4523,0,0,0,0,0,0,6,0,bacteria,acidobacteriota,blastocatellia,blastocatellales,pyrinomonadaceae,pyrinomonas,pyrinomonas methylaliphatogenes
Zotu4525,0,7,0,0,10,9,0,0,bacteria,actinomycetota,actinomycetes,micromonosporales,micromonosporaceae,micromonospora,micromonospora gifhornensis
Zotu4526,0,16,0,0,0,1,0,1,bacteria,myxococcota,myxococcota,nannocystales,nannocystaceae,nannocystis,nannocystis pusilla
Zotu4527,22,4,10,0,0,0,1,0,bacteria,bacillota,clostridia,eubacteriales,syntrophomonadaceae,syntrophomonas,syntrophomonas zehnderi
Zotu4528,0,3,0,54,0,0,0,0,bacteria,bacillota,bacilli,bacillales,bacillales family x. incertae sedis,hydrogenibacillus,hydrogenibacillus schlegelii
Zotu4529,0,0,0,0,0,0,0,0,bacteria,pseudomonadota,gammaproteobacteria,xanthomonadales,xanthomonadaceae,lysobacter,lysobacter bugurensis
Zotu4530,0,0,0,0,0,1,0,2,bacteria,actinomycetota,actinomycetes,propionibacteriales,nocardioidaceae,nocardioides,nocardioides deserti
Zotu4531,0,0,0,0,0,0,0,0,bacteria,mycoplasmatota,mollicutes,entomoplasmatales,spiroplasmataceae,spiroplasma,spiroplasma kunkelii
Zotu4532,0,0,0,0,0,0,0,0,bacteria,pseudomonadota,gammaproteobacteria,xanthomonadales,xanthomonadaceae,stenotrophomonas,stenotrophomonas acidaminiphila
Zotu4533,0,0,0,0,0,0,0,0,bacteria,thermodesulfobacteriota,desulfuromonadia,desulfuromonadales,geoalkalibacteraceae,geoalkalibacter,geoalkalibacter ferrihydriticus
Zotu4534,0,0,0,0,0,0,0,0,bacteria,actinomycetota,rubrobacteria,gaiellales,gaiellaceae,gaiella,gaiella occulta
Zotu4535,0,0,0,0,0,0,0,0,bacteria,pseudomonadota,alphaproteobacteria,rhodobacterales,roseobacteraceae,rubellimicrobium,rubellimicrobium rubrum
Zotu4536,6,31,0,1,0,0,0,0,bacteria,planctomycetota,planctomycetia,pirellulales,pirellulaceae,anatilimnocola,anatilimnocola aggregata
Zotu4537,0,0,0,0,0,0,0,0,bacteria,bacillota,bacilli,bacillales,bacillaceae,calditerricola,calditerricola yamamurae
Zotu4538,0,0,0,0,0,0,0,0,bacteria,chloroflexota,anaerolineae,anaerolineales,anaerolineaceae,anaerolinea,anaerolinea thermolimosa
Zotu4539,0,1,0,0,7,17,15,4,bacteria,actinomycetota,acidimicrobiia,acidimicrobiales,iamiaceae,iamia,iamia majanohamensis
Zotu4541,0,0,0,0,0,0,1,17,bacteria,pseudomonadota,alphaproteobacteria,sphingomonadales,sphingosinicellaceae,sphingoaurantiacus,sphingoaurantiacus polygranulatus
Zotu4542,0,0,0,0,0,0,0,0,bacteria,pseudomonadota,alphaproteobacteria,hyphomicrobiales,phyllobacteriaceae,mesorhizobium,mesorhizobium terrae
Zotu4543,37,16,6,0,1,0,0,0,archaea,methanobacteriota,thermoplasmata,methanomassiliicoccales,methanomassiliicoccaceae,methanomassiliicoccus,candidatus methanomassiliicoccus intestinalis
Zotu4544,1,0,18,0,0,8,8,0,bacteria,actinomycetota,acidimicrobiia,acidimicrobiales,acidimicrobiaceae,aciditerrimonas,aciditerrimonas ferrireducens
Zotu4545,0,0,0,0,0,0,0,0,bacteria,bacteroidota,chitinophagia,chitinophagales,chitinophagaceae,niastella,niastella caeni
Zotu4546,2,17,9,0,0,3,0,0,bacteria,thermomicrobiota,thermomicrobia,thermomicrobia,thermomicrobia,thermorudis,thermorudis peleae
Zotu4547,0,0,0,0,0,0,0,0,bacteria,bacteroidota,flavobacteriia,flavobacteriales,parvicellaceae,parvicella,parvicella tangerina
Zotu4548,0,0,0,0,0,0,0,0,bacteria,pseudomonadota,gammaproteobacteria,steroidobacterales,steroidobacteraceae,povalibacter,povalibacter uvarum
Zotu4549,0,0,0,0,0,0,1,8,bacteria,actinomycetota,actinomycetes,micromonosporales,micromonosporaceae,plantactinospora,plantactinospora siamensis
Zotu4550,0,0,0,1,0,0,0,1,bacteria,actinomycetota,actinomycetes,pseudonocardiales,pseudonocardiaceae,saccharothrix,saccharothrix texasensis
Zotu4551,0,0,0,0,0,0,0,0,bacteria,pseudomonadota,alphaproteobacteria,hyphomicrobiales,methylobacteriaceae,methylorubrum,methylorubrum populi
Zotu4552,0,0,0,0,0,0,0,0,bacteria,planctomycetota,phycisphaerae,tepidisphaerales,tepidisphaeraceae,tepidisphaera,tepidisphaera mucosa
Zotu4553,0,0,0,0,0,0,0,24,bacteria,pseudomonadota,alphaproteobacteria,sphingomonadales,sphingomonadaceae,novosphingobium,novosphingobium endophyticum
Zotu4554,0,0,0,27,0,0,0,0,bacteria,actinomycetota,rubrobacteria,rubrobacterales,rubrobacteraceae,rubrobacter,rubrobacter naiadicus
Zotu4555,1,0,0,0,0,0,14,23,bacteria,pseudomonadota,alphaproteobacteria,sphingomonadales,sphingomonadaceae,novosphingobium,novosphingobium ginsenosidimutans
Zotu4556,0,0,0,0,0,0,0,0,bacteria,fusobacteriota,fusobacteriia,fusobacteriales,leptotrichiaceae,leptotrichia,leptotrichia genomosp. c1
Zotu4557,0,0,0,0,0,1,0,0,bacteria,actinomycetota,nitriliruptoria,euzebyales,euzebyaceae,euzebya,euzebya tangerina
Zotu4558,0,0,0,0,0,0,0,0,bacteria,pseudomonadota,betaproteobacteria,neisseriales,neisseriaceae,snodgrassella,snodgrassella alvi
Zotu4559,0,0,0,0,0,0,0,0,bacteria,actinomycetota,thermoleophilia,solirubrobacterales,solirubrobacteraceae,solirubrobacter,solirubrobacter phytolaccae
Zotu4561,0,0,0,0,0,0,0,0,bacteria,bacillota,bacilli,bacillales,bacillales family x. incertae sedis,thermicanus,thermicanus aegyptius
Zotu4562,0,0,0,0,0,0,0,7,bacteria,pseudomonadota,betaproteobacteria,burkholderiales,oxalobacteraceae,massilia,massilia aerilata
Zotu4563,0,0,1,0,9,0,0,12,bacteria,actinomycetota,actinomycetes,geodermatophilales,geodermatophilaceae,blastococcus,blastococcus jejuensis
Zotu4564,0,0,1,0,0,0,0,0,archaea,methanobacteriota,thermoplasmata,methanomassiliicoccales,methanomassiliicoccaceae,methanomassiliicoccus,candidatus methanomassiliicoccus intestinalis
Zotu4565,0,0,0,0,0,0,0,0,bacteria,bacillota,clostridia,thermosediminibacterales,thermosediminibacteraceae,thermovenabulum,thermovenabulum gondwanense
Zotu4566,0,0,0,0,0,2,1,0,bacteria,myxococcota,myxococcia,myxococcales,archangiaceae,archangium,archangium gephyra
Zotu4567,0,8,0,0,0,0,0,0,bacteria,pseudomonadota,alphaproteobacteria,hyphomicrobiales,hyphomicrobiaceae,methylothermalis,methylothermalis aethiopiae
Zotu4568,0,0,29,0,0,0,0,0,bacteria,thermodesulfobacteriota,desulfuromonadia,desulfuromonadales,desulfuromonadaceae,desulfuromonas,desulfuromonas thiophila
Zotu4569,0,0,0,0,0,0,0,0,archaea,methanobacteriota,halobacteria,halobacteriales,halobacteriaceae,halovenus,halovenus carboxidivorans
Zotu4571,0,0,0,0,0,0,0,0,bacteria,myxococcota,myxococcota,haliangiales,kofleriaceae,haliangium,haliangium ochraceum
Zotu4572,0,0,0,0,0,0,0,0,bacteria,pseudomonadota,alphaproteobacteria,sphingomonadales,sphingomonadaceae,sphingomonas,sphingomonas montis
Zotu4573,0,1,0,0,0,2,0,32,bacteria,deinococcota,deinococci,deinococcales,deinococcaceae,deinococcus,deinococcus papagonensis
Zotu4574,0,0,0,0,0,0,11,0,bacteria,pseudomonadota,alphaproteobacteria,sphingomonadales,sphingosinicellaceae,sphingosinicella,sphingosinicella humi
Zotu4575,5,1,0,0,0,7,0,0,bacteria,myxococcota,myxococcota,haliangiales,kofleriaceae,haliangium,haliangium ochraceum
Zotu4576,0,0,0,0,0,0,0,0,bacteria,actinomycetota,acidimicrobiia,acidimicrobiales,iamiaceae,actinomarinicola,actinomarinicola tropica
Zotu4577,0,0,0,0,0,0,0,2,bacteria,pseudomonadota,alphaproteobacteria,sphingomonadales,sphingosinicellaceae,sphingosinicella,sphingosinicella humi
Zotu4578,0,0,0,0,56,1,0,1,bacteria,planctomycetota,phycisphaerae,tepidisphaerales,tepidisphaeraceae,tepidisphaera,tepidisphaera mucosa
Zotu4579,0,35,2,0,1,0,0,0,bacteria,elusimicrobiota,endomicrobia,endomicrobiales,endomicrobiaceae,candidatus endomicrobium,candidatus endomicrobium pyrsonymphae
Zotu4580,0,0,36,0,0,1,0,0,bacteria,bacillota,clostridia,eubacteriales,peptococcaceae,candidatus desulforudis,candidatus desulforudis audaxviator
Zotu4581,1,1,0,0,0,0,0,0,bacteria,pseudomonadota,alphaproteobacteria,hyphomicrobiales,blastochloridaceae,blastochloris,blastochloris viridis
Zotu4582,6,0,0,0,14,0,0,0,bacteria,pseudomonadota,alphaproteobacteria,hyphomicrobiales,hyphomicrobiaceae,pedomicrobium,pedomicrobium ferrugineum
Zotu4584,0,0,0,0,0,0,0,1,bacteria,pseudomonadota,alphaproteobacteria,rhodospirillales,acetobacteraceae,falsiroseomonas,falsiroseomonas riguiloci
Zotu4585,0,0,0,0,1,0,0,0,bacteria,pseudomonadota,betaproteobacteria,rhodocyclales,zoogloeaceae,thauera,thauera sinica
Zotu4586,0,0,0,20,0,0,0,0,bacteria,gemmatimonadota,gemmatimonadetes,gemmatimonadales,gemmatimonadaceae,roseisolibacter,roseisolibacter agri
Zotu4587,0,0,0,0,0,0,0,0,bacteria,planctomycetota,planctomycetia,pirellulales,pirellulaceae,aureliella,aureliella helgolandensis
Zotu4588,0,0,0,0,0,0,0,0,bacteria,verrucomicrobiota,verrucomicrobiae,verrucomicrobiales,verrucomicrobia subdivision 3,pedosphaera,pedosphaera parvula
Zotu4589,0,0,0,0,0,0,0,0,bacteria,myxococcota,myxococcota,polyangiales,sandaracinaceae,sandaracinus,sandaracinus amylolyticus
Zotu4590,0,0,0,0,0,1,0,0,bacteria,actinomycetota,acidimicrobiia,acidimicrobiales,iamiaceae,iamia,iamia majanohamensis
Zotu4591,21,0,27,0,1,0,1,0,bacteria,pseudomonadota,gammaproteobacteria,chromatiales,ectothiorhodospiraceae,natronospira,natronospira proteinivora
Zotu4592,6,0,0,0,0,30,2,0,bacteria,planctomycetota,phycisphaerae,tepidisphaerales,tepidisphaeraceae,tepidisphaera,tepidisphaera mucosa
Zotu4593,0,0,0,0,0,0,0,0,bacteria,bacillota,bacilli,bacillales,bacillales family x. incertae sedis,brockia,brockia lithotrophica
Zotu4594,0,0,0,0,0,0,0,1,bacteria,verrucomicrobiota,spartobacteria,chthoniobacterales,chthoniobacteraceae,chthoniobacter,chthoniobacter flavus
Zotu4595,0,0,0,0,0,0,0,0,bacteria,bacteroidota,cytophagia,cytophagales,cytophagaceae,rhodocytophaga,rhodocytophaga aerolata
Zotu4596,0,0,0,0,0,0,0,0,bacteria,thermomicrobiota,thermomicrobia,sphaerobacterales,sphaerobacteraceae,sphaerobacter,sphaerobacter thermophilus
Zotu4597,0,0,0,0,0,0,0,0,bacteria,bacteroidota,cytophagia,cytophagales,flexibacteraceae,flexibacter,flexibacter flexilis
Zotu4598,0,0,0,0,0,0,0,0,bacteria,bacteroidota,chitinophagia,chitinophagales,chitinophagaceae,sediminibacterium,sediminibacterium goheungense
Zotu4599,24,0,0,0,1,0,0,0,bacteria,actinomycetota,actinomycetes,mycobacteriales,nocardiaceae,rhodococcus,rhodococcus marinonascens
Zotu4600,0,0,0,1,0,0,0,0,bacteria,bacillota,clostridia,eubacteriales,clostridiales family xvii. incertae sedis,thermaerobacter,thermaerobacter composti
Zotu4601,0,0,0,0,44,0,0,0,bacteria,pseudomonadota,gammaproteobacteria,gammaproteobacteria,gammaproteobacteria,acidibacter,acidibacter ferrireducens
Zotu4602,0,0,0,0,0,0,0,0,bacteria,chloroflexota,anaerolineae,anaerolineales,anaerolineaceae,thermanaerothrix,thermanaerothrix daxensis
Zotu4603,0,0,0,0,0,0,0,0,bacteria,pseudomonadota,alphaproteobacteria,rhodospirillales,acetobacteraceae,roseomonas,roseomonas rosea
Zotu4604,0,0,0,0,0,0,1,0,bacteria,pseudomonadota,betaproteobacteria,nitrosomonadales,thiobacillaceae,annwoodia,annwoodia aquaesulis
Zotu4605,0,0,0,0,0,0,0,0,bacteria,pseudomonadota,gammaproteobacteria,pseudomonadales,pseudomonadaceae,pseudomonas,pseudomonas graminis
Zotu4607,0,18,0,0,0,0,0,1,bacteria,chloroflexota,anaerolineae,anaerolineales,anaerolineaceae,thermanaerothrix,thermanaerothrix daxensis
Zotu4608,0,0,0,0,0,0,0,0,bacteria,bacteroidota,chitinophagia,chitinophagales,chitinophagaceae,segetibacter,segetibacter aerophilus
Zotu4609,0,0,6,0,13,16,15,0,bacteria,chloroflexota,tepidiformia,tepidiformales,tepidiformaceae,tepidiforma,tepidiforma bonchosmolovskayae
Zotu4610,0,0,1,0,0,0,0,1,bacteria,bacteroidota,chitinophagia,chitinophagales,chitinophagaceae,flavisolibacter,flavisolibacter metallilatus
Zotu4611,1,0,1,0,0,0,0,0,archaea,methanobacteriota,thermoplasmata,methanomassiliicoccales,methanomassiliicoccaceae,methanomassiliicoccus,candidatus methanomassiliicoccus intestinalis
Zotu4612,0,0,0,0,0,0,0,0,bacteria,pseudomonadota,alphaproteobacteria,rhodobacterales,roseobacteraceae,rubellimicrobium,rubellimicrobium roseum
Zotu4613,0,3,0,0,26,0,0,0,bacteria,actinomycetota,rubrobacteria,gaiellales,gaiellaceae,gaiella,gaiella occulta
Zotu4614,0,0,0,32,0,2,0,0,bacteria,pseudomonadota,betaproteobacteria,burkholderiales,burkholderiaceae,robbsia,robbsia andropogonis
Zotu4615,0,16,0,0,0,0,0,1,bacteria,pseudomonadota,alphaproteobacteria,holosporales,caedimonadaceae,caedimonas,caedimonas varicaedens
Zotu4616,0,0,0,0,0,0,0,0,bacteria,verrucomicrobiota,verrucomicrobiae,verrucomicrobiales,verrucomicrobia subdivision 3,pedosphaera,pedosphaera parvula
Zotu4617,0,0,0,0,1,0,0,0,bacteria,pseudomonadota,alphaproteobacteria,rhodospirillales,acetobacteraceae,roseomonas,roseomonas harenae
Zotu4618,0,0,0,0,0,0,1,0,bacteria,actinomycetota,actinomycetes,propionibacteriales,nocardioidaceae,nocardioides,nocardioides marmoriterrae
Zotu4619,1,0,0,0,0,0,0,0,bacteria,pseudomonadota,alphaproteobacteria,sphingomonadales,sphingomonadaceae,sphingomonas,sphingomonas leidyi
Zotu4620,0,0,0,0,0,0,0,2,bacteria,pseudomonadota,alphaproteobacteria,hyphomicrobiales,methylobacteriaceae,microvirga,microvirga thermotolerans
Zotu4621,9,0,0,0,0,0,0,0,archaea,nitrososphaerota,nitrososphaeria,nitrososphaerales,nitrososphaeraceae,nitrososphaera,candidatus nitrososphaera gargensis
Zotu4622,11,13,0,0,0,0,0,1,archaea,methanobacteriota,thermoplasmata,methanomassiliicoccales,methanomassiliicoccaceae,methanomassiliicoccus,candidatus methanomassiliicoccus intestinalis
Zotu4623,0,42,0,0,0,0,0,0,bacteria,pseudomonadota,deltaproteobacteria,deltaproteobacteria,deltaproteobacteria,candidatus babela,delta proteobacterium babl1
Zotu4624,0,0,1,1,50,15,11,20,archaea,nitrososphaerota,nitrososphaeria,nitrososphaerales,nitrososphaeraceae,nitrososphaera,candidatus nitrososphaera gargensis
Zotu4625,55,11,0,1,2,0,0,0,archaea,methanobacteriota,thermoplasmata,methanomassiliicoccales,candidatus methanomethylophilaceae,candidatus methanomethylophilus,candidatus methanomethylophilus alvus
Zotu4626,0,0,0,0,1,0,0,0,bacteria,deinococcota,deinococci,deinococcales,deinococcaceae,deinococcus,deinococcus papagonensis
Zotu4627,0,0,0,0,0,0,1,0,bacteria,chloroflexota,chloroflexia,chloroflexales,chloroflexaceae,chloroflexus,chloroflexus islandicus
Zotu4629,0,0,0,0,0,0,0,0,bacteria,verrucomicrobiota,verrucomicrobiae,verrucomicrobiales,verrucomicrobia subdivision 3,pedosphaera,pedosphaera parvula
Zotu4630,0,0,0,0,0,0,1,0,bacteria,chloroflexota,chloroflexia,herpetosiphonales,herpetosiphonaceae,herpetosiphon,herpetosiphon aurantiacus
Zotu4631,0,0,0,0,0,0,0,0,bacteria,acidobacteriota,acidobacteriia,bryobacterales,solibacteraceae,candidatus solibacter,candidatus solibacter usitatus
Zotu4632,0,0,0,0,0,0,0,0,bacteria,pseudomonadota,alphaproteobacteria,rhodobacterales,rhodobacteraceae,paracoccus,paracoccus chinensis
Zotu4633,0,1,0,0,1,0,1,0,bacteria,myxococcota,myxococcota,polyangiales,polyangiaceae,polyangium,polyangium sorediatum
Zotu4634,0,0,0,0,0,0,0,0,bacteria,chloroflexota,anaerolineae,anaerolineales,anaerolineaceae,thermanaerothrix,thermanaerothrix daxensis
Zotu4635,0,0,0,0,0,3,1,0,bacteria,bacillota,bacilli,bacillales,paenibacillaceae,paenibacillus,paenibacillus antri
Zotu4636,11,0,11,0,0,10,0,0,bacteria,pseudomonadota,alphaproteobacteria,rhodospirillales,azospirillaceae,skermanella,skermanella mucosa
Zotu4637,0,0,0,0,0,0,0,0,bacteria,gemmatimonadota,gemmatimonadetes,gemmatimonadales,gemmatimonadaceae,roseisolibacter,roseisolibacter agri
Zotu4638,0,0,0,0,0,0,0,0,bacteria,bacteroidota,cytophagia,cytophagales,fulvivirgaceae,ohtaekwangia,ohtaekwangia koreensis
Zotu4639,0,0,0,0,0,34,0,0,bacteria,planctomycetota,phycisphaerae,tepidisphaerales,tepidisphaeraceae,tepidisphaera,tepidisphaera mucosa
Zotu4640,0,0,0,0,0,0,0,0,bacteria,chloroflexota,chloroflexia,kallotenuales,kallotenuaceae,kallotenue,kallotenue papyrolyticum
Zotu4641,0,0,0,0,37,8,0,0,bacteria,actinomycetota,rubrobacteria,rubrobacterales,rubrobacteraceae,rubrobacter,rubrobacter taiwanensis
Zotu4642,0,0,0,0,0,0,0,0,bacteria,gemmatimonadota,gemmatimonadetes,gemmatimonadales,gemmatimonadaceae,roseisolibacter,roseisolibacter agri
Zotu4643,3,2,0,0,0,0,0,0,bacteria,planctomycetota,candidatus brocadiia,candidatus brocadiales,candidatus brocadiaceae,candidatus kuenenia,candidatus kuenenia stuttgartiensis
Zotu4644,0,0,0,0,0,0,0,0,bacteria,planctomycetota,planctomycetia,pirellulales,lacipirellulaceae,pirellulimonas,pirellulimonas nuda
Zotu4645,0,0,0,0,0,0,0,0,bacteria,pseudomonadota,alphaproteobacteria,sphingomonadales,sphingomonadaceae,sphingomonas,sphingomonas wittichii
Zotu4646,0,0,0,0,0,0,0,0,bacteria,myxococcota,myxococcota,polyangiales,polyangiaceae,aetherobacter,aetherobacter rufus
Zotu4647,1,0,0,0,0,0,0,0,bacteria,actinomycetota,actinomycetes,micrococcales,dermabacteraceae,brachybacterium,brachybacterium epidermidis
Zotu4648,0,0,0,0,0,0,0,0,bacteria,bacillota,clostridia,eubacteriales,symbiobacteriaceae,symbiobacterium,symbiobacterium terraclitae
Zotu4649,1,0,35,0,0,0,1,0,bacteria,acidobacteriota,vicinamibacteria,vicinamibacterales,vicinamibacteraceae,luteitalea,luteitalea pratensis
Zotu4650,11,2,0,0,0,1,0,0,bacteria,bacillota,clostridia,eubacteriales,symbiobacteriaceae,symbiobacterium,symbiobacterium terraclitae
Zotu4651,0,0,0,0,0,0,0,0,bacteria,pseudomonadota,gammaproteobacteria,steroidobacterales,steroidobacteraceae,povalibacter,povalibacter uvarum
Zotu4652,0,0,26,0,1,16,0,0,bacteria,pseudomonadota,deltaproteobacteria,myxococcales,anaeromyxobacteraceae,anaeromyxobacter,anaeromyxobacter dehalogenans
Zotu4653,0,0,0,0,0,0,0,0,bacteria,gemmatimonadota,gemmatimonadetes,gemmatimonadales,gemmatimonadaceae,roseisolibacter,roseisolibacter agri
Zotu4654,0,0,0,0,0,0,0,0,bacteria,spirochaetota,spirochaetia,spirochaetales,rectinemataceae,rectinema,rectinema cohabitans
Zotu4655,0,0,0,0,0,0,0,0,bacteria,verrucomicrobiota,verrucomicrobiae,verrucomicrobiales,verrucomicrobia subdivision 3,pedosphaera,pedosphaera parvula
Zotu4656,8,22,0,0,0,0,0,1,bacteria,thermodesulfobacteriota,dissulfuribacteria,dissulfuribacterales,dissulfuribacteraceae,dissulfuribacter,dissulfuribacter thermophilus
Zotu4657,0,0,0,0,0,0,0,0,bacteria,chloroflexota,chloroflexia,chloroflexales,oscillochloridaceae,oscillochloris,oscillochloris trichoides
Zotu4658,0,0,0,0,0,0,0,0,bacteria,pseudomonadota,betaproteobacteria,burkholderiales,oxalobacteraceae,noviherbaspirillum,noviherbaspirillum autotrophicum
Zotu4659,0,0,0,0,0,0,0,0,bacteria,myxococcota,myxococcota,polyangiales,polyangiaceae,chondromyces,chondromyces crocatus
Zotu4660,0,0,1,0,11,0,0,0,bacteria,actinomycetota,rubrobacteria,gaiellales,gaiellaceae,gaiella,gaiella occulta
Zotu4661,0,0,0,0,0,0,0,4,bacteria,actinomycetota,actinomycetes,geodermatophilales,geodermatophilaceae,geodermatophilus,geodermatophilus obscurus
Zotu4662,29,1,0,0,0,0,0,0,bacteria,actinomycetota,thermoleophilia,solirubrobacterales,conexibacteraceae,conexibacter,conexibacter stalactiti
Zotu4664,3,6,0,0,0,0,0,0,bacteria,myxococcota,myxococcia,myxococcales,myxococcaceae,simulacricoccus,simulacricoccus ruber
Zotu4665,0,0,0,0,0,0,0,1,bacteria,actinomycetota,actinomycetes,kitasatosporales,streptomycetaceae,kitasatospora,kitasatospora paranensis
Zotu4666,0,0,0,0,0,0,0,0,bacteria,actinomycetota,thermoleophilia,solirubrobacterales,baekduiaceae,baekduia,baekduia soli
Zotu4667,0,0,0,0,0,25,1,22,bacteria,pseudomonadota,betaproteobacteria,burkholderiales,oxalobacteraceae,collimonas,collimonas fungivorans
Zotu4669,1,0,0,0,0,0,0,0,bacteria,pseudomonadota,gammaproteobacteria,xanthomonadales,rhodanobacteraceae,luteibacter,luteibacter anthropi
Zotu4670,0,0,0,0,0,1,0,1,bacteria,chloroflexota,chloroflexia,chloroflexales,roseiflexaceae,kouleothrix,kouleothrix aurantiaca
Zotu4671,0,0,0,0,0,0,0,0,bacteria,actinomycetota,thermoleophilia,solirubrobacterales,solirubrobacteraceae,solirubrobacter,solirubrobacter ginsenosidimutans
Zotu4672,0,0,0,0,0,0,0,0,bacteria,planctomycetota,planctomycetia,pirellulales,lacipirellulaceae,botrimarina,botrimarina colliarenosi
Zotu4673,0,0,0,0,0,38,0,1,bacteria,pseudomonadota,gammaproteobacteria,acidiferrobacterales,acidiferrobacteraceae,sulfurifustis,sulfurifustis variabilis
Zotu4674,0,1,0,0,0,0,0,1,bacteria,actinomycetota,actinomycetes,pseudonocardiales,pseudonocardiaceae,kibdelosporangium,kibdelosporangium banguiense
Zotu4675,0,3,0,2,0,0,0,1,bacteria,bacillota,clostridia,eubacteriales,symbiobacteriaceae,symbiobacterium,symbiobacterium thermophilum
Zotu4676,0,1,0,0,0,0,1,0,bacteria,actinomycetota,actinomycetes,streptosporangiales,nocardiopsaceae,streptomonospora,streptomonospora nanhaiensis
Zotu4677,0,0,0,0,0,0,0,0,bacteria,deinococcota,deinococci,trueperales,trueperaceae,truepera,truepera radiovictrix
Zotu4678,0,0,0,0,0,0,0,0,bacteria,bacillota,clostridia,eubacteriales,desulfitobacteriaceae,desulfosporosinus,desulfosporosinus youngiae
Zotu4679,0,0,0,0,0,0,0,1,bacteria,bacillota,clostridia,eubacteriales,symbiobacteriaceae,symbiobacterium,symbiobacterium terraclitae
Zotu4680,46,0,0,1,0,0,0,1,bacteria,gemmatimonadota,longimicrobiia,longimicrobiales,longimicrobiaceae,longimicrobium,longimicrobium terrae
Zotu4681,0,0,0,0,0,0,0,0,bacteria,verrucomicrobiota,verrucomicrobiae,verrucomicrobiales,verrucomicrobia subdivision 3,pedosphaera,pedosphaera parvula
Zotu4682,0,0,0,0,0,0,0,0,bacteria,pseudomonadota,alphaproteobacteria,rickettsiales,anaplasmataceae,candidatus neoehrlichia,candidatus neoehrlichia mikurensis
Zotu4683,0,0,0,0,0,0,0,8,bacteria,myxococcota,myxococcia,myxococcales,myxococcaceae,pyxidicoccus,pyxidicoccus fallax
Zotu4684,0,1,24,0,0,1,0,0,bacteria,acidobacteriota,thermoanaerobaculia,thermoanaerobaculales,thermoanaerobaculaceae,thermoanaerobaculum,thermoanaerobaculum aquaticum
Zotu4685,0,0,0,0,0,0,2,0,bacteria,actinomycetota,actinomycetes,nakamurellales,nakamurellaceae,nakamurella,nakamurella aerolata
Zotu4686,0,0,31,0,0,0,0,0,bacteria,verrucomicrobiota,verrucomicrobiae,verrucomicrobiales,verrucomicrobia subdivision 3,pedosphaera,pedosphaera parvula
Zotu4687,0,0,0,0,0,0,0,0,bacteria,rhodothermota,rhodothermia,rhodothermales,rhodothermaceae,rhodocaloribacter,rhodocaloribacter litoris
Zotu4688,0,0,0,0,0,0,0,0,bacteria,verrucomicrobiota,spartobacteria,chthoniobacterales,chthoniobacteraceae,chthoniobacter,chthoniobacter flavus
Zotu4689,0,0,0,0,0,1,0,10,bacteria,bacteroidota,cytophagia,cytophagales,hymenobacteraceae,pontibacter,pontibacter amylolyticus
Zotu4690,0,0,0,0,1,0,0,0,bacteria,gemmatimonadota,gemmatimonadetes,gemmatimonadales,gemmatimonadaceae,gemmatimonas,gemmatimonas phototrophica
Zotu4691,0,0,0,0,0,15,0,0,bacteria,pseudomonadota,gammaproteobacteria,gammaproteobacteria,gammaproteobacteria,acidibacter,acidibacter ferrireducens
Zotu4692,0,0,0,0,0,0,0,0,bacteria,pseudomonadota,alphaproteobacteria,rhodospirillales,dongiaceae,dongia,dongia mobilis
Zotu4693,0,0,0,0,0,0,1,0,bacteria,bacillota,negativicutes,veillonellales,veillonellaceae,negativicoccus,negativicoccus succinicivorans
Zotu4695,0,6,0,0,0,0,0,0,bacteria,actinomycetota,rubrobacteria,rubrobacterales,rubrobacteraceae,rubrobacter,rubrobacter naiadicus
Zotu4696,3,0,0,0,0,0,0,0,archaea,methanobacteriota,thermoplasmata,methanomassiliicoccales,methanomassiliicoccaceae,methanomassiliicoccus,candidatus methanomassiliicoccus intestinalis
Zotu4697,55,0,0,0,0,0,0,0,bacteria,bacillota,clostridia,christensenellales,christensenellaceae,christensenella,christensenella hongkongensis
Zotu4698,0,0,0,0,0,0,0,0,bacteria,pseudomonadota,alphaproteobacteria,rhodospirillales,azospirillaceae,skermanella,skermanella rubra
Zotu4699,0,0,0,0,0,1,0,0,bacteria,chloroflexota,chloroflexia,herpetosiphonales,herpetosiphonaceae,herpetosiphon,herpetosiphon aurantiacus
Zotu4700,0,0,1,0,0,0,0,0,bacteria,actinomycetota,actinomycetes,micrococcales,microbacteriaceae,agrococcus,agrococcus sediminis
Zotu4701,0,0,0,0,1,0,0,0,bacteria,bacteroidota,cytophagia,cytophagales,hymenobacteraceae,adhaeribacter,adhaeribacter swui
Zotu4702,0,1,0,0,0,0,0,0,bacteria,bacteroidota,sphingobacteriia,sphingobacteriales,sphingobacteriaceae,solitalea,solitalea canadensis
Zotu4703,0,0,0,0,0,0,0,0,bacteria,verrucomicrobiota,verrucomicrobiae,limisphaerales,fontisphaeraceae,fontisphaera,fontisphaera persica
Zotu4704,0,0,2,0,1,0,0,0,bacteria,thermodesulfobacteriota,syntrophobacteria,syntrophobacterales,syntrophobacteraceae,desulfoglaeba,desulfoglaeba alkanexedens
Zotu4705,0,0,0,0,0,0,6,0,bacteria,gemmatimonadota,longimicrobiia,longimicrobiales,longimicrobiaceae,longimicrobium,longimicrobium terrae
Zotu4706,0,0,0,0,1,0,0,0,bacteria,chloroflexota,chloroflexia,kallotenuales,kallotenuaceae,kallotenue,kallotenue papyrolyticum
Zotu4707,0,0,1,0,0,0,0,0,archaea,methanobacteriota,thermoplasmata,methanomassiliicoccales,methanomassiliicoccaceae,methanomassiliicoccus,candidatus methanomassiliicoccus intestinalis
Zotu4708,0,0,0,0,0,0,0,0,bacteria,pseudomonadota,alphaproteobacteria,rhodospirillales,dongiaceae,hypericibacter,hypericibacter terrae
Zotu4709,12,8,0,0,0,0,0,0,bacteria,gemmatimonadota,gemmatimonadetes,gemmatimonadales,gemmatimonadaceae,roseisolibacter,roseisolibacter agri
Zotu4710,1,7,18,0,0,0,0,0,bacteria,planctomycetota,planctomycetia,pirellulales,pirellulaceae,candidatus anammoximicrobium,candidatus anammoximicrobium moscowii
Zotu4711,1,0,0,0,0,23,0,0,archaea,methanobacteriota,thermoplasmata,methanomassiliicoccales,methanomassiliicoccaceae,methanomassiliicoccus,candidatus methanomassiliicoccus intestinalis
Zotu4713,0,0,0,0,0,0,0,0,bacteria,actinomycetota,actinomycetes,micrococcales,cellulomonadaceae,cellulomonas,cellulomonas humilata
Zotu4714,0,0,1,0,0,0,0,0,bacteria,myxococcota,myxococcia,myxococcales,vulgatibacteraceae,vulgatibacter,vulgatibacter incomptus
Zotu4715,0,0,0,0,0,1,1,0,bacteria,actinomycetota,thermoleophilia,solirubrobacterales,conexibacteraceae,conexibacter,conexibacter stalactiti
Zotu4716,0,0,0,0,0,0,0,0,bacteria,bacillota,clostridia,eubacteriales,symbiobacteriaceae,symbiobacterium,symbiobacterium terraclitae
Zotu4717,21,2,0,0,0,0,0,0,bacteria,bacillota,bacilli,lactobacillales,lactobacillaceae,lactobacillus,lactobacillus mucosae
Zotu4718,1,0,0,0,0,2,0,0,bacteria,pseudomonadota,alphaproteobacteria,sphingomonadales,sphingomonadaceae,sphingomonas,sphingomonas lutea
Zotu4719,0,0,0,1,0,0,0,0,bacteria,planctomycetota,planctomycetia,planctomycetales,planctomycetaceae,gimesia,gimesia maris
Zotu4721,21,0,0,0,23,0,0,0,bacteria,thermodesulfobacteriota,syntrophobacteria,syntrophobacterales,syntrophobacteraceae,desulfosoma,desulfosoma profundi
Zotu4722,0,0,38,0,0,0,0,0,bacteria,bdellovibrionota,bdellovibrionia,bdellovibrionales,pseudobdellovibrionaceae,bdellovibrio,bdellovibrio bacteriovorus
Zotu4723,0,0,0,0,0,0,0,0,bacteria,pseudomonadota,gammaproteobacteria,oceanospirillales,alcanivoracaceae,alloalcanivorax,alloalcanivorax xenomutans
Zotu4724,0,0,0,0,0,0,3,0,bacteria,bacillota,bacilli,bacillales,paenibacillaceae,paenibacillus,paenibacillus mucilaginosus
Zotu4725,1,1,11,26,0,0,0,0,bacteria,gemmatimonadota,gemmatimonadetes,gemmatimonadales,gemmatimonadaceae,gemmatimonas,gemmatimonas phototrophica
Zotu4726,0,0,0,0,0,0,0,0,bacteria,actinomycetota,actinomycetes,micrococcales,microbacteriaceae,agromyces,agromyces humi
Zotu4727,0,0,0,0,4,0,0,0,bacteria,actinomycetota,actinomycetes,mycobacteriales,mycobacteriaceae,mycolicibacterium,mycolicibacterium poriferae
Zotu4728,0,0,0,0,0,0,0,0,bacteria,bacteroidota,chitinophagia,chitinophagales,chitinophagaceae,flavisolibacter,flavisolibacter ginsengiterrae
Zotu4729,1,0,0,22,0,0,1,2,bacteria,bacillota,bacilli,bacillales,bacillales family x. incertae sedis,brockia,brockia lithotrophica
Zotu4730,0,0,0,0,0,0,0,0,bacteria,chlamydiota,chlamydiia,parachlamydiales,rhabdochlamydiaceae,candidatus rhabdochlamydia,rhabdochlamydia crassificans
Zotu4731,0,0,0,0,0,0,0,0,bacteria,actinomycetota,thermoleophilia,solirubrobacterales,conexibacteraceae,conexibacter,conexibacter arvalis
Zotu4732,0,0,0,0,0,0,0,0,bacteria,pseudomonadota,alphaproteobacteria,caulobacterales,caulobacteraceae,phenylobacterium,phenylobacterium lituiforme
Zotu4733,1,1,0,0,22,0,6,0,bacteria,gemmatimonadota,gemmatimonadetes,gemmatimonadales,gemmatimonadaceae,gemmatimonas,gemmatimonas phototrophica
Zotu4735,0,0,2,0,32,0,0,0,bacteria,acidobacteriota,vicinamibacteria,vicinamibacterales,vicinamibacteraceae,luteitalea,luteitalea pratensis
Zotu4736,8,1,1,0,0,0,0,1,bacteria,bacillota,clostridia,eubacteriales,symbiobacteriaceae,symbiobacterium,symbiobacterium terraclitae
Zotu4737,0,0,0,1,22,0,0,0,bacteria,chloroflexota,chloroflexota,chloroflexota,chloroflexota,thermobaculum,thermobaculum terrenum
Zotu4738,0,0,0,0,0,28,2,0,bacteria,actinomycetota,rubrobacteria,rubrobacterales,rubrobacteraceae,rubrobacter,rubrobacter taiwanensis
Zotu4739,1,11,1,0,0,0,0,1,bacteria,bacillota,bacilli,bacillales,bacillaceae,niallia,niallia circulans
Zotu4740,0,0,2,0,0,0,0,1,bacteria,actinomycetota,thermoleophilia,solirubrobacterales,conexibacteraceae,conexibacter,conexibacter arvalis
Zotu4741,0,0,0,0,0,0,0,0,bacteria,gemmatimonadota,longimicrobiia,longimicrobiales,longimicrobiaceae,longimicrobium,longimicrobium terrae
Zotu4742,6,5,13,0,0,0,2,0,bacteria,gemmatimonadota,gemmatimonadetes,gemmatimonadales,gemmatimonadaceae,gemmatimonas,gemmatimonas phototrophica
Zotu4743,0,0,0,0,0,0,0,0,bacteria,acidobacteriota,vicinamibacteria,vicinamibacterales,vicinamibacteraceae,vicinamibacter,vicinamibacter silvestris
Zotu4744,0,0,0,0,0,0,0,0,bacteria,actinomycetota,actinomycetes,actinomycetales,actinomycetaceae,actinomyces,actinomyces catuli
Zotu4745,0,0,0,0,1,0,0,0,bacteria,verrucomicrobiota,opitutae,opitutales,opitutaceae,opitutus,opitutus terrae
Zotu4746,0,0,0,0,0,0,0,0,bacteria,actinomycetota,actinomycetes,propionibacteriales,nocardioidaceae,nocardioides,nocardioides lacusdianchii
Zotu4747,0,0,0,0,1,0,14,12,bacteria,acidobacteriota,blastocatellia,blastocatellales,blastocatellaceae,blastocatella,blastocatella fastidiosa
Zotu4748,1,0,2,2,1,1,22,30,bacteria,chloroflexota,chloroflexia,kallotenuales,kallotenuaceae,kallotenue,kallotenue papyrolyticum
Zotu4749,0,0,0,0,2,2,0,0,bacteria,pseudomonadota,alphaproteobacteria,rhodospirillales,dongiaceae,hypericibacter,hypericibacter terrae
Zotu4750,0,0,0,0,0,0,0,0,bacteria,chloroflexota,anaerolineae,anaerolineales,anaerolineaceae,thermanaerothrix,thermanaerothrix daxensis
Zotu4751,0,0,0,0,0,0,0,0,bacteria,chloroflexota,chloroflexia,herpetosiphonales,herpetosiphonaceae,herpetosiphon,herpetosiphon aurantiacus
Zotu4752,0,0,0,0,0,0,0,0,bacteria,pseudomonadota,alphaproteobacteria,sphingomonadales,sphingomonadaceae,sphingomonas,sphingomonas lutea
Zotu4753,7,20,0,0,0,0,1,0,bacteria,rhodothermota,rhodothermia,rhodothermales,salisaetaceae,roseithermus,roseithermus sacchariphilus
Zotu4754,0,0,0,0,0,0,0,0,bacteria,acidobacteriota,blastocatellia,blastocatellales,blastocatellaceae,aridibacter,aridibacter famidurans
Zotu4755,0,0,0,0,33,1,0,0,bacteria,planctomycetota,planctomycetia,pirellulales,lacipirellulaceae,pirellulimonas,pirellulimonas nuda
Zotu4756,0,1,0,0,0,0,0,0,bacteria,actinomycetota,actinomycetia,streptomycetales,streptomycetaceae,streptomyces,streptomyces phaeopurpureus
Zotu4757,2,3,3,0,2,1,3,0,bacteria,chloroflexota,chloroflexota,chloroflexota,chloroflexota,thermobaculum,thermobaculum terrenum
Zotu4758,0,0,8,0,0,0,0,0,bacteria,myxococcota,myxococcota,haliangiales,kofleriaceae,haliangium,haliangium ochraceum
Zotu4759,0,0,0,0,0,0,0,0,bacteria,actinomycetota,actinomycetes,pseudonocardiales,pseudonocardiaceae,pseudonocardia,pseudonocardia kongjuensis
Zotu4760,0,9,0,0,0,0,0,0,bacteria,verrucomicrobiota,verrucomicrobiae,verrucomicrobiales,verrucomicrobia subdivision 3,pedosphaera,pedosphaera parvula
Zotu4761,0,0,0,0,0,0,0,0,archaea,methanobacteriota,archaeoglobi,archaeoglobales,archaeoglobaceae,archaeoglobus,archaeoglobus profundus
Zotu4762,0,0,0,1,0,0,0,10,bacteria,pseudomonadota,alphaproteobacteria,sphingomonadales,sphingomonadaceae,sphingomonas,sphingomonas aquatica
Zotu4763,1,1,1,0,0,0,0,0,bacteria,pseudomonadota,alphaproteobacteria,sphingomonadales,sphingosinicellaceae,sphingosinicella,sphingosinicella ginsenosidimutans
Zotu4764,0,0,0,0,0,0,0,0,bacteria,bacillota,bacilli,bacillales,pasteuriaceae,pasteuria,pasteuria penetrans
Zotu4765,0,0,0,0,0,0,0,0,bacteria,pseudomonadota,gammaproteobacteria,gammaproteobacteria,gammaproteobacteria,thiohalorhabdus,thiohalorhabdus denitrificans
Zotu4766,0,0,14,0,0,3,8,8,bacteria,thermomicrobiota,thermomicrobia,sphaerobacterales,sphaerobacteraceae,sphaerobacter,sphaerobacter thermophilus
Zotu4768,0,0,0,0,0,19,18,4,bacteria,gemmatimonadota,longimicrobiia,longimicrobiales,longimicrobiaceae,longimicrobium,longimicrobium terrae
Zotu4769,0,0,0,0,0,0,0,0,bacteria,pseudomonadota,betaproteobacteria,nitrosomonadales,usitatibacteraceae,usitatibacter,usitatibacter rugosus
Zotu4770,0,0,0,0,0,0,0,5,bacteria,bdellovibrionota,bacteriovoracia,bacteriovoracales,bacteriovoracaceae,peredibacter,peredibacter starrii
Zotu4771,0,0,0,0,0,0,0,1,bacteria,chloroflexota,chloroflexia,chloroflexales,roseiflexaceae,kouleothrix,kouleothrix aurantiaca
Zotu4772,0,0,0,0,0,0,0,0,bacteria,mycoplasmatota,mollicutes,entomoplasmatales,spiroplasmataceae,spiroplasma,spiroplasma kunkelii
Zotu4773,0,3,0,0,0,0,0,0,bacteria,pseudomonadota,alphaproteobacteria,rhodospirillales,azospirillaceae,skermanella,skermanella rosea
Zotu4774,0,0,0,0,0,0,0,8,bacteria,myxococcota,myxococcia,myxococcales,archangiaceae,hyalangium,hyalangium minutum
Zotu4776,0,0,0,1,0,0,0,0,bacteria,chloroflexota,anaerolineae,anaerolineales,anaerolineaceae,ornatilinea,ornatilinea apprima
Zotu4777,8,0,0,0,0,0,0,0,bacteria,verrucomicrobiota,opitutae,opitutales,opitutaceae,opitutus,opitutus terrae
Zotu4778,7,18,0,0,0,0,0,0,bacteria,verrucomicrobiota,verrucomicrobiae,limisphaerales,fontisphaeraceae,fontisphaera,fontisphaera persica
Zotu4779,0,0,0,0,0,0,0,0,bacteria,gemmatimonadota,gemmatimonadetes,gemmatimonadales,gemmatimonadaceae,gemmatimonas,gemmatimonas phototrophica
Zotu4780,3,0,0,0,1,5,0,0,bacteria,actinomycetota,thermoleophilia,solirubrobacterales,conexibacteraceae,conexibacter,conexibacter arvalis
Zotu4782,0,0,0,1,0,1,5,25,bacteria,chloroflexota,chloroflexia,kallotenuales,kallotenuaceae,kallotenue,kallotenue papyrolyticum
Zotu4783,0,0,0,0,0,0,1,0,bacteria,actinomycetota,thermoleophilia,miltoncostaeales,miltoncostaeaceae,miltoncostaea,miltoncostaea marina
Zotu4784,0,0,0,0,0,0,0,0,bacteria,pseudomonadota,alphaproteobacteria,rhodospirillales,acetobacteraceae,roseicella,roseicella frigidaeris
Zotu4785,0,0,1,0,0,10,0,0,bacteria,actinomycetota,rubrobacteria,gaiellales,gaiellaceae,gaiella,gaiella occulta
Zotu4786,0,0,0,0,0,0,0,0,bacteria,chloroflexota,tepidiformia,tepidiformales,tepidiformaceae,tepidiforma,tepidiforma bonchosmolovskayae
Zotu4787,7,0,0,0,0,0,0,0,bacteria,planctomycetota,planctomycetia,pirellulales,lacipirellulaceae,pirellulimonas,pirellulimonas nuda
Zotu4788,0,0,0,0,0,44,0,0,bacteria,rhodothermota,rhodothermia,rhodothermales,rubricoccaceae,rubrivirga,rubrivirga profundi
Zotu4789,0,0,0,0,0,0,0,5,bacteria,bacillota,bacilli,bacillales,paenibacillaceae,saccharibacillus,saccharibacillus kuerlensis
Zotu4790,0,0,0,0,0,0,0,0,bacteria,pseudomonadota,alphaproteobacteria,sphingomonadales,sphingosinicellaceae,sphingosinicella,sphingosinicella humi
Zotu4791,2,0,0,0,0,0,1,0,bacteria,actinomycetota,thermoleophilia,thermoleophilales,thermoleophilaceae,thermoleophilum,thermoleophilum album
Zotu4792,6,1,1,1,0,0,0,7,bacteria,actinomycetota,rubrobacteria,rubrobacterales,rubrobacteraceae,rubrobacter,rubrobacter marinus
Zotu4793,0,0,0,0,0,0,0,0,bacteria,pseudomonadota,deltaproteobacteria,myxococcales,anaeromyxobacteraceae,anaeromyxobacter,anaeromyxobacter dehalogenans
Zotu4794,0,0,0,0,0,0,0,0,bacteria,pseudomonadota,alphaproteobacteria,rhodospirillales,azospirillaceae,skermanella,skermanella aerolata
Zotu4795,0,0,0,0,0,0,0,0,bacteria,gemmatimonadota,gemmatimonadetes,gemmatimonadales,gemmatimonadaceae,gemmatimonas,gemmatimonas aurantiaca
Zotu4796,0,0,0,0,0,0,0,0,bacteria,myxococcota,myxococcia,myxococcales,myxococcaceae,corallococcus,corallococcus coralloides
Zotu4797,0,0,0,0,2,1,0,0,bacteria,pseudomonadota,alphaproteobacteria,sphingomonadales,sphingomonadaceae,sphingomonas,sphingomonas rhizophila
Zotu4798,0,7,2,35,0,1,0,0,archaea,methanobacteriota,thermococci,thermococcales,thermococcaceae,palaeococcus,palaeococcus pacificus
Zotu4799,0,1,4,1,0,6,0,0,bacteria,bacillota,bacilli,bacillales,bacillaceae,bacillus,bacillus kwashiorkori
Zotu4800,0,0,0,0,0,0,0,0,bacteria,verrucomicrobiota,verrucomicrobiae,verrucomicrobiales,verrucomicrobia subdivision 3,pedosphaera,pedosphaera parvula
Zotu4801,0,0,19,0,15,1,0,0,bacteria,armatimonadota,armatimonadia,armatimonadales,armatimonadaceae,armatimonas,armatimonas rosea
Zotu4802,0,0,0,0,0,0,0,0,bacteria,actinomycetota,acidimicrobiia,acidimicrobiales,acidimicrobiaceae,acidiferrimicrobium,acidiferrimicrobium australe
Zotu4803,24,8,1,0,0,0,0,0,bacteria,planctomycetota,planctomycetia,gemmatales,gemmataceae,zavarzinella,zavarzinella formosa
Zotu4804,0,0,0,0,0,0,1,1,bacteria,bacillota,bacilli,bacillales,paenibacillaceae,ammoniphilus,ammoniphilus oxalaticus
Zotu4805,0,0,0,0,1,1,0,1,bacteria,actinomycetota,rubrobacteria,gaiellales,gaiellaceae,gaiella,gaiella occulta
Zotu4806,0,6,0,0,0,0,0,0,bacteria,pseudomonadota,gammaproteobacteria,chromatiales,ectothiorhodospiraceae,ectothiorhodospira,ectothiorhodospira mobilis
Zotu4807,0,1,0,0,0,13,0,0,bacteria,actinomycetota,thermoleophilia,solirubrobacterales,solirubrobacteraceae,solirubrobacter,solirubrobacter phytolaccae
Zotu4808,20,0,1,0,0,0,0,0,bacteria,pseudomonadota,alphaproteobacteria,rhodospirillales,rhodospirillaceae,elstera,elstera cyanobacteriorum
Zotu4809,0,0,0,0,0,0,15,0,bacteria,pseudomonadota,alphaproteobacteria,hyphomicrobiales,hyphomicrobiaceae,rhodoplanes,rhodoplanes elegans
Zotu4810,1,0,0,0,0,0,1,0,archaea,methanobacteriota,thermoplasmata,methanomassiliicoccales,methanomassiliicoccaceae,methanomassiliicoccus,candidatus methanomassiliicoccus intestinalis
Zotu4811,0,0,0,0,0,0,0,0,bacteria,myxococcota,myxococcia,myxococcales,anaeromyxobacteraceae,anaeromyxobacter,anaeromyxobacter dehalogenans
Zotu4812,0,0,0,0,0,0,0,0,bacteria,myxococcota,myxococcota,polyangiales,polyangiaceae,aetherobacter,aetherobacter rufus
Zotu4814,0,0,0,0,0,0,0,0,bacteria,pseudomonadota,gammaproteobacteria,acidiferrobacterales,acidiferrobacteraceae,sulfurifustis,sulfurifustis variabilis
Zotu4815,5,6,0,1,0,0,0,1,bacteria,pseudomonadota,oligoflexia,bdellovibrionales,bdellovibrionaceae,bdellovibrio,bdellovibrio bacteriovorus
Zotu4816,0,0,0,0,0,0,0,0,bacteria,chloroflexota,caldilineae,caldilineales,caldilineaceae,litorilinea,litorilinea aerophila
Zotu4817,0,0,0,0,0,0,0,0,bacteria,chloroflexota,chloroflexia,herpetosiphonales,herpetosiphonaceae,herpetosiphon,herpetosiphon aurantiacus
Zotu4818,1,0,0,0,0,0,0,0,bacteria,pseudomonadota,alphaproteobacteria,hyphomicrobiales,reyranellaceae,reyranella,reyranella soli
Zotu4819,0,5,0,0,0,15,0,0,bacteria,actinomycetota,rubrobacteria,gaiellales,gaiellaceae,gaiella,gaiella occulta
Zotu4820,2,6,0,0,0,0,0,1,bacteria,chloroflexota,tepidiformia,tepidiformales,tepidiformaceae,tepidiforma,tepidiforma bonchosmolovskayae
Zotu4821,25,0,0,0,0,0,0,1,bacteria,pseudomonadota,gammaproteobacteria,steroidobacterales,steroidobacteraceae,peristeroidobacter,peristeroidobacter agariperforans
Zotu4822,39,0,1,0,0,0,0,0,bacteria,candidatus saccharibacteria,candidatus saccharibacteria,candidatus saccharibacteria,candidatus saccharibacteria,candidatus saccharimonas,candidatus saccharimonas aalborgensis
Zotu4823,0,0,0,0,0,0,0,0,bacteria,actinomycetota,actinomycetes,geodermatophilales,geodermatophilaceae,blastococcus,blastococcus aggregatus
Zotu4824,0,0,0,0,36,0,0,0,bacteria,planctomycetota,phycisphaerae,tepidisphaerales,tepidisphaeraceae,tepidisphaera,tepidisphaera mucosa
Zotu4825,0,0,0,0,0,0,0,0,bacteria,bacteroidota,cytophagia,cytophagales,flammeovirgaceae,flexithrix,flexithrix dorotheae
Zotu4826,0,0,0,2,0,0,0,0,bacteria,pseudomonadota,alphaproteobacteria,sphingomonadales,sphingomonadaceae,sphingomonas,sphingomonas trueperi
Zotu4828,0,0,0,0,23,0,0,0,bacteria,planctomycetota,planctomycetia,gemmatales,gemmataceae,gemmata,gemmata palustris
Zotu4829,0,0,0,0,0,0,0,0,bacteria,pseudomonadota,alphaproteobacteria,sphingomonadales,sphingosinicellaceae,pedomonas,pedomonas mirosovicensis
Zotu4830,0,0,0,0,0,0,0,0,bacteria,pseudomonadota,betaproteobacteria,burkholderiales,oxalobacteraceae,noviherbaspirillum,noviherbaspirillum malthae
Zotu4831,0,0,1,1,0,0,0,0,bacteria,actinomycetota,actinomycetes,micrococcales,intrasporangiaceae,janibacter,janibacter melonis
Zotu4832,0,0,0,0,0,0,0,0,bacteria,bacillota,clostridia,eubacteriales,clostridiales family xvii. incertae sedis,thermaerobacter,thermaerobacter composti
Zotu4833,2,0,0,0,0,0,0,0,bacteria,actinomycetota,rubrobacteria,gaiellales,gaiellaceae,gaiella,gaiella occulta
Zotu4834,0,0,0,0,0,0,0,0,bacteria,chloroflexota,chloroflexia,chloroflexales,oscillochloridaceae,oscillochloris,oscillochloris trichoides
Zotu4835,11,11,13,2,22,2,0,0,archaea,methanobacteriota,euryarchaeota,euryarchaeota,euryarchaeota,aciduliprofundum,aciduliprofundum boonei
Zotu4836,0,0,0,0,0,0,0,0,bacteria,actinomycetota,nitriliruptoria,nitriliruptorales,nitriliruptoraceae,nitriliruptor,nitriliruptor alkaliphilus
Zotu4837,0,0,0,1,0,0,0,1,bacteria,acidobacteriota,blastocatellia,blastocatellales,blastocatellaceae,aridibacter,aridibacter kavangonensis
Zotu4838,0,0,0,0,0,0,0,0,bacteria,verrucomicrobiota,verrucomicrobiae,limisphaerales,limisphaeraceae,limisphaera,limisphaera ngatamarikiensis
Zotu4839,0,0,0,0,0,0,0,0,bacteria,planctomycetota,planctomycetia,pirellulales,lacipirellulaceae,pirellulimonas,pirellulimonas nuda
Zotu4840,0,0,0,0,0,0,0,0,bacteria,deinococcota,deinococci,trueperales,trueperaceae,truepera,truepera radiovictrix
Zotu4841,12,0,0,0,4,1,0,0,bacteria,pseudomonadota,alphaproteobacteria,hyphomicrobiales,hyphomicrobiaceae,rhodoplanes,rhodoplanes elegans
Zotu4842,9,0,0,0,25,0,1,0,bacteria,planctomycetota,planctomycetia,pirellulales,lacipirellulaceae,pirellulimonas,pirellulimonas nuda
Zotu4843,0,5,50,0,1,0,0,1,bacteria,verrucomicrobiota,verrucomicrobiae,verrucomicrobiales,verrucomicrobia subdivision 3,pedosphaera,pedosphaera parvula
Zotu4844,0,32,0,0,0,1,1,0,bacteria,planctomycetota,planctomycetia,planctomycetales,planctomycetaceae,gimesia,gimesia chilikensis
Zotu4846,1,0,0,0,0,1,0,1,bacteria,pseudomonadota,deltaproteobacteria,myxococcales,anaeromyxobacteraceae,anaeromyxobacter,anaeromyxobacter dehalogenans
Zotu4847,0,0,0,0,0,0,0,0,bacteria,chloroflexota,thermomicrobia,sphaerobacterales,sphaerobacteraceae,sphaerobacter,sphaerobacter thermophilus
Zotu4848,0,12,8,0,0,0,0,0,bacteria,gemmatimonadota,longimicrobiia,longimicrobiales,longimicrobiaceae,longimicrobium,longimicrobium terrae
Zotu4849,0,0,0,0,0,1,0,0,bacteria,actinomycetota,thermoleophilia,solirubrobacterales,conexibacteraceae,conexibacter,conexibacter stalactiti
Zotu4850,2,0,0,0,0,0,0,0,bacteria,bacillota,clostridia,eubacteriales,clostridiales family xvii. incertae sedis,thermaerobacter,thermaerobacter composti
Zotu4851,0,1,0,0,24,0,1,0,bacteria,chloroflexota,chloroflexia,kallotenuales,kallotenuaceae,kallotenue,kallotenue papyrolyticum
Zotu4852,0,0,0,0,0,0,0,0,bacteria,actinomycetota,acidimicrobiia,acidimicrobiales,acidimicrobiaceae,aciditerrimonas,aciditerrimonas ferrireducens
Zotu4853,0,0,0,0,0,0,0,0,bacteria,thermodesulfobacteriota,desulfuromonadia,desulfuromonadales,desulfuromonadaceae,pelobacter,pelobacter propionicus
Zotu4854,0,0,0,0,0,0,0,0,bacteria,gemmatimonadota,longimicrobiia,longimicrobiales,longimicrobiaceae,longimicrobium,longimicrobium terrae
Zotu4855,0,0,0,0,23,17,6,3,bacteria,pseudomonadota,betaproteobacteria,burkholderiales,burkholderiaceae,robbsia,robbsia andropogonis
Zotu4856,0,0,0,0,0,1,0,0,bacteria,pseudomonadota,betaproteobacteria,burkholderiales,oxalobacteraceae,herminiimonas,herminiimonas aquatilis
Zotu4857,0,0,0,29,0,0,0,0,bacteria,bacillota,bacilli,lactobacillales,carnobacteriaceae,granulicatella,granulicatella paradiacens
Zotu4858,30,7,0,0,0,0,0,0,bacteria,gemmatimonadota,gemmatimonadetes,gemmatimonadales,gemmatimonadaceae,gemmatimonas,gemmatimonas aurantiaca
Zotu4859,1,1,0,0,0,0,0,0,bacteria,bacillota,clostridia,eubacteriales,thermincolaceae,thermincola,thermincola carboxydiphila
Zotu4860,3,0,4,23,0,0,0,0,bacteria,verrucomicrobiota,verrucomicrobiae,limisphaerales,fontisphaeraceae,fontisphaera,fontisphaera persica
Zotu4861,0,0,1,0,0,0,0,0,bacteria,actinomycetota,rubrobacteria,rubrobacterales,rubrobacteraceae,rubrobacter,rubrobacter spartanus
Zotu4862,0,3,0,0,0,0,0,0,archaea,methanobacteriota,thermoplasmata,methanomassiliicoccales,methanomassiliicoccaceae,methanomassiliicoccus,candidatus methanomassiliicoccus intestinalis
Zotu4863,0,0,0,0,0,0,0,0,bacteria,planctomycetota,planctomycetia,pirellulales,pirellulaceae,anatilimnocola,anatilimnocola aggregata
Zotu4864,0,0,0,0,26,0,0,0,bacteria,planctomycetota,planctomycetia,pirellulales,lacipirellulaceae,pirellulimonas,pirellulimonas nuda
Zotu4865,0,0,0,0,0,0,13,0,bacteria,pseudomonadota,alphaproteobacteria,hyphomicrobiales,methylobacteriaceae,microvirga,microvirga soli
Zotu4866,18,8,9,0,0,0,0,0,bacteria,planctomycetota,planctomycetia,gemmatales,gemmataceae,gemmata,gemmata palustris
Zotu4867,1,1,43,0,0,0,1,0,archaea,methanobacteriota,thermoplasmata,methanomassiliicoccales,methanomassiliicoccaceae,methanomassiliicoccus,candidatus methanomassiliicoccus intestinalis
Zotu4869,0,0,1,0,0,0,0,0,bacteria,actinomycetota,coriobacteriia,coriobacteriales,atopobiaceae,olsenella,olsenella phocaeensis
Zotu4870,3,1,0,1,0,1,0,76,bacteria,bacillota,bacilli,bacillales,alicyclobacillaceae,tumebacillus,tumebacillus ginsengisoli
Zotu4871,0,0,0,0,0,0,0,0,bacteria,bacillota,clostridia,eubacteriales,lachnospiraceae,lachnoclostridium,clostridium amygdalinum
Zotu4872,0,0,1,0,0,0,0,0,bacteria,pseudomonadota,gammaproteobacteria,pseudomonadales,pseudomonadaceae,pseudomonas,pseudomonas koreensis
Zotu4875,0,0,0,0,0,0,0,0,bacteria,pseudomonadota,alphaproteobacteria,sphingomonadales,sphingomonadaceae,novosphingobium,novosphingobium arvoryzae
Zotu4876,0,0,0,0,0,0,0,0,bacteria,actinomycetota,acidimicrobiia,acidimicrobiales,iamiaceae,actinomarinicola,actinomarinicola tropica
Zotu4877,1,0,24,0,0,9,0,0,bacteria,bdellovibrionota,bdellovibrionia,bdellovibrionales,pseudobdellovibrionaceae,bdellovibrio,bdellovibrio bacteriovorus
Zotu4878,0,0,13,0,1,0,7,0,bacteria,bacillota,clostridia,eubacteriales,thermincolaceae,thermincola,thermincola ferriacetica
Zotu4879,0,0,0,0,0,0,0,0,bacteria,myxococcota,myxococcota,polyangiales,polyangiaceae,byssovorax,byssovorax cruenta
Zotu4880,0,0,0,0,0,0,0,0,bacteria,chloroflexota,chloroflexia,kallotenuales,kallotenuaceae,kallotenue,kallotenue papyrolyticum
Zotu4881,0,0,0,0,0,0,2,0,bacteria,verrucomicrobiota,verrucomicrobiae,verrucomicrobiales,verrucomicrobia subdivision 3,pedosphaera,pedosphaera parvula
Zotu4882,0,0,0,1,0,0,0,0,bacteria,bacillota,bacilli,bacillales,bacillaceae,neobacillus,neobacillus fumarioli
Zotu4883,0,0,0,0,0,0,0,0,bacteria,acidobacteriota,vicinamibacteria,vicinamibacterales,vicinamibacteraceae,luteitalea,luteitalea pratensis
Zotu4884,0,0,0,0,0,0,0,0,bacteria,verrucomicrobiota,verrucomicrobiae,verrucomicrobiales,verrucomicrobia subdivision 3,pedosphaera,pedosphaera parvula
Zotu4885,53,0,1,0,0,0,0,0,archaea,methanobacteriota,methanomicrobia,methanotrichales,methanotrichaceae,methanosaeta,methanosaeta harundinacea
Zotu4886,0,0,0,0,0,0,0,0,bacteria,bacteroidota,flavobacteriia,flavobacteriales,flavobacteriaceae,capnocytophaga,capnocytophaga granulosa
Zotu4887,1,0,0,0,16,0,0,15,bacteria,pseudomonadota,alphaproteobacteria,hyphomicrobiales,methylobacteriaceae,microvirga,microvirga flocculans
Zotu4888,7,1,0,0,18,0,0,1,bacteria,pseudomonadota,alphaproteobacteria,hyphomicrobiales,hyphomicrobiaceae,rhodoplanes,rhodoplanes elegans
Zotu4889,0,0,2,0,15,5,0,0,bacteria,bacillota,bacilli,bacillales,bacillaceae,geobacillus,geobacillus kaustophilus
Zotu4890,0,0,1,0,0,0,0,1,bacteria,chloroflexota,thermomicrobia,sphaerobacterales,sphaerobacteraceae,sphaerobacter,sphaerobacter thermophilus
Zotu4891,0,0,26,0,0,1,0,0,bacteria,thermodesulfobacteriota,desulfuromonadia,desulfuromonadales,desulfuromonadaceae,pelobacter,pelobacter seleniigenes
Zotu4892,0,0,1,0,0,0,0,0,bacteria,planctomycetota,phycisphaerae,phycisphaerales,phycisphaeraceae,mucisphaera,mucisphaera calidilacus
Zotu4893,2,0,1,0,0,0,0,0,bacteria,bacteroidota,bacteroidetes,bacteroidetes order ii. incertae sedis,rhodothermaceae,rhodothermus,rhodothermus marinus
Zotu4894,0,0,0,0,0,0,0,0,bacteria,pseudomonadota,betaproteobacteria,nitrosomonadales,methylophilaceae,methylobacillus,methylobacillus flagellatus
Zotu4895,0,0,0,0,0,0,0,0,bacteria,bacillota,clostridia,eubacteriales,symbiobacteriaceae,symbiobacterium,symbiobacterium terraclitae
Zotu4896,0,1,0,0,2,26,11,0,bacteria,chloroflexota,tepidiformia,tepidiformales,tepidiformaceae,tepidiforma,tepidiforma bonchosmolovskayae
Zotu4897,0,0,0,0,0,0,0,0,bacteria,planctomycetota,phycisphaerae,phycisphaerales,phycisphaeraceae,mucisphaera,mucisphaera calidilacus
Zotu4898,8,0,0,0,0,0,0,0,bacteria,bacillota,clostridia,thermosediminibacterales,thermosediminibacteraceae,thermovenabulum,thermovenabulum ferriorganovorum
Zotu4899,0,0,0,0,0,0,0,0,bacteria,pseudomonadota,gammaproteobacteria,pseudomonadales,pseudomonadaceae,pseudomonas,pseudomonas putida
Zotu4900,0,0,0,0,0,0,0,0,bacteria,pseudomonadota,alphaproteobacteria,rhodospirillales,acetobacteraceae,siccirubricoccus,siccirubricoccus phaeus
Zotu4901,0,0,0,0,22,0,0,0,bacteria,pseudomonadota,betaproteobacteria,burkholderiales,comamonadaceae,ramlibacter,ramlibacter monticola
Zotu4902,0,3,0,1,0,0,0,34,bacteria,bacillota,bacilli,bacillales,paenibacillaceae,paenibacillus,paenibacillus tarimensis
Zotu4904,0,0,0,0,0,0,0,0,archaea,nitrososphaerota,nitrososphaeria,nitrososphaerales,nitrososphaeraceae,candidatus nitrososphaera,candidatus nitrososphaera
Zotu4906,0,0,0,0,0,0,0,0,bacteria,bacteroidota,cytophagia,cytophagales,hymenobacteraceae,adhaeribacter,adhaeribacter aquaticus
Zotu4907,2,0,0,1,0,1,0,1,bacteria,bacillota,bacilli,bacillales,bacillaceae,metabacillus,metabacillus niabensis
Zotu4908,0,0,0,0,0,0,0,0,bacteria,chloroflexota,chloroflexia,kallotenuales,kallotenuaceae,kallotenue,kallotenue papyrolyticum
Zotu4909,0,0,0,0,0,0,0,0,bacteria,pseudomonadota,alphaproteobacteria,rhodospirillales,acetobacteraceae,roseomonas,roseomonas mucosa
Zotu4910,0,0,0,0,0,0,0,0,bacteria,pseudomonadota,alphaproteobacteria,sphingomonadales,sphingomonadaceae,sphingomonas,sphingomonas lutea
Zotu4911,0,0,0,0,0,0,0,0,bacteria,bacteroidota,cytophagia,cytophagales,hymenobacteraceae,rufibacter,rufibacter hautae
Zotu4912,1,0,1,0,0,0,0,1,bacteria,pseudomonadota,alphaproteobacteria,sphingomonadales,sphingosinicellaceae,sphingoaurantiacus,sphingoaurantiacus polygranulatus
Zotu4913,2,0,0,0,0,0,0,0,bacteria,pseudomonadota,deltaproteobacteria,desulfobacterales,desulfobacteraceae,desulfofrigus,desulfofrigus oceanense
Zotu4914,0,0,0,0,0,0,0,0,bacteria,gemmatimonadota,gemmatimonadetes,gemmatimonadales,gemmatimonadaceae,roseisolibacter,roseisolibacter agri
Zotu4915,0,0,0,0,0,0,21,0,bacteria,thermodesulfobacteriota,desulfuromonadia,desulfuromonadales,desulfuromonadaceae,pelobacter,pelobacter propionicus
Zotu4916,0,0,0,0,0,28,0,0,archaea,methanobacteriota,thermoplasmata,methanomassiliicoccales,methanomassiliicoccaceae,methanomassiliicoccus,candidatus methanomassiliicoccus intestinalis
Zotu4917,0,0,0,0,0,0,0,0,bacteria,thermodesulfobacteriota,syntrophobacteria,syntrophobacterales,syntrophobacteraceae,desulfoglaeba,desulfoglaeba alkanexedens
Zotu4918,0,0,1,0,0,0,0,30,bacteria,chloroflexota,chloroflexia,kallotenuales,kallotenuaceae,kallotenue,kallotenue papyrolyticum
Zotu4919,0,0,0,0,0,0,0,0,bacteria,bacteroidota,sphingobacteriia,sphingobacteriales,sphingobacteriaceae,pedobacter,pedobacter tournemirensis
Zotu4920,0,1,0,0,0,0,0,0,bacteria,actinomycetota,rubrobacteria,rubrobacterales,rubrobacteraceae,rubrobacter,rubrobacter xylanophilus
Zotu4921,0,0,0,0,0,0,0,0,bacteria,chloroflexota,chloroflexia,herpetosiphonales,herpetosiphonaceae,herpetosiphon,herpetosiphon gulosus
Zotu4922,0,0,0,0,0,0,0,0,bacteria,actinomycetota,acidimicrobiia,acidimicrobiales,acidimicrobiaceae,aciditerrimonas,aciditerrimonas ferrireducens
Zotu4923,0,0,0,0,0,0,0,0,bacteria,thermodesulfobacteriota,desulfuromonadia,desulfuromonadales,desulfuromonadaceae,pelobacter,pelobacter seleniigenes
Zotu4924,1,0,0,1,22,11,13,0,bacteria,actinomycetota,nitriliruptoria,euzebyales,euzebyaceae,euzebya,euzebya pacifica
Zotu4925,0,0,1,0,0,0,0,2,bacteria,actinomycetota,actinomycetes,sporichthyales,sporichthyaceae,sporichthya,sporichthya polymorpha
Zotu4926,0,0,0,0,0,0,0,0,bacteria,bacteroidota,cytophagia,cytophagales,hymenobacteraceae,adhaeribacter,adhaeribacter aerophilus
Zotu4927,0,0,0,0,0,0,0,3,bacteria,gemmatimonadota,gemmatimonadetes,gemmatimonadales,gemmatimonadaceae,gemmatimonas,gemmatimonas phototrophica
Zotu4928,0,0,0,0,0,0,0,0,bacteria,actinomycetota,actinomycetes,streptosporangiales,thermomonosporaceae,actinocorallia,actinocorallia libanotica
Zotu4929,0,0,0,0,1,0,0,0,bacteria,myxococcota,myxococcota,polyangiales,polyangiaceae,aetherobacter,aetherobacter rufus
Zotu4930,0,0,0,0,0,1,0,0,bacteria,actinomycetota,thermoleophilia,solirubrobacterales,solirubrobacteraceae,solirubrobacter,solirubrobacter phytolaccae
Zotu4932,0,0,0,0,0,0,0,0,bacteria,gemmatimonadota,gemmatimonadetes,gemmatimonadales,gemmatimonadaceae,roseisolibacter,roseisolibacter agri
Zotu4933,0,0,0,0,0,0,0,0,bacteria,pseudomonadota,alphaproteobacteria,hyphomicrobiales,methylocystaceae,methylosinus,methylosinus sporium
Zotu4934,0,0,0,0,0,0,0,0,bacteria,pseudomonadota,alphaproteobacteria,sphingomonadales,sphingomonadaceae,novosphingobium,novosphingobium ginsenosidimutans
Zotu4935,5,4,12,0,0,0,0,0,bacteria,acidobacteriota,vicinamibacteria,vicinamibacterales,vicinamibacteraceae,luteitalea,luteitalea pratensis
Zotu4936,0,0,0,0,1,0,0,0,bacteria,bacillota,clostridia,eubacteriales,symbiobacteriaceae,symbiobacterium,symbiobacterium ostreiconchae
Zotu4937,0,0,0,0,2,0,0,0,bacteria,bacillota,bacilli,bacillales,paenibacillaceae,paenibacillus,paenibacillus gansuensis
Zotu4938,0,0,0,0,0,0,0,0,bacteria,bacteroidota,cytophagia,cytophagales,hymenobacteraceae,adhaeribacter,adhaeribacter aerophilus
Zotu4939,0,0,0,0,0,0,0,0,bacteria,planctomycetota,planctomycetia,pirellulales,lacipirellulaceae,lacipirellula,lacipirellula limnantheis
Zotu4940,1,0,0,0,0,0,0,0,bacteria,bacillota,bacilli,bacillales,sporolactobacillaceae,tuberibacillus,tuberibacillus calidus
Zotu4941,0,0,0,0,0,0,0,0,bacteria,actinomycetota,thermoleophilia,solirubrobacterales,conexibacteraceae,conexibacter,conexibacter arvalis
Zotu4942,0,7,15,0,0,1,1,1,bacteria,actinomycetota,thermoleophilia,solirubrobacterales,baekduiaceae,baekduia,baekduia soli
Zotu4943,0,0,0,0,0,0,0,0,bacteria,pseudomonadota,alphaproteobacteria,hyphomicrobiales,devosiaceae,devosia,devosia submarina
Zotu4944,16,9,0,0,0,0,0,0,archaea,methanobacteriota,thermoplasmata,methanomassiliicoccales,methanomassiliicoccaceae,methanomassiliicoccus,candidatus methanomassiliicoccus intestinalis
Zotu4945,0,7,1,0,0,0,0,1,bacteria,bacillota,clostridia,eubacteriales,oscillospiraceae,acetivibrio,acetivibrio mesophilus
Zotu4946,0,0,0,0,0,0,0,13,bacteria,deinococcota,deinococci,trueperales,trueperaceae,truepera,truepera radiovictrix
Zotu4947,8,13,1,0,0,0,2,0,bacteria,acidobacteriota,vicinamibacteria,vicinamibacterales,vicinamibacteraceae,luteitalea,luteitalea pratensis
Zotu4948,1,2,0,0,0,0,0,0,bacteria,bacillota,clostridia,eubacteriales,symbiobacteriaceae,symbiobacterium,symbiobacterium terraclitae
Zotu4949,0,0,0,0,0,0,0,0,bacteria,pseudomonadota,alphaproteobacteria,caulobacterales,caulobacteraceae,caulobacter,caulobacter vibrioides
Zotu4950,10,1,0,0,0,29,0,0,bacteria,planctomycetota,planctomycetia,gemmatales,gemmataceae,zavarzinella,zavarzinella formosa
Zotu4951,0,0,0,0,0,0,0,0,bacteria,bacillota,bacilli,bacillales,bacillaceae,bacillus,bacillus cheonanensis
Zotu4952,0,2,12,0,1,0,1,0,bacteria,bacillota,clostridia,eubacteriales,symbiobacteriaceae,symbiobacterium,symbiobacterium terraclitae
Zotu4953,0,0,0,0,0,0,0,0,bacteria,pseudomonadota,alphaproteobacteria,sphingomonadales,sphingomonadaceae,sphingomonas,sphingomonas ginkgonis
Zotu4954,1,0,0,0,0,0,0,13,bacteria,chloroflexota,chloroflexia,kallotenuales,kallotenuaceae,kallotenue,kallotenue papyrolyticum
Zotu4956,27,11,0,0,0,10,5,0,bacteria,planctomycetota,candidatus brocadiia,candidatus brocadiales,candidatus brocadiaceae,candidatus kuenenia,candidatus kuenenia stuttgartiensis
Zotu4957,0,0,0,0,0,0,0,0,bacteria,actinomycetota,thermoleophilia,solirubrobacterales,baekduiaceae,baekduia,baekduia soli
Zotu4958,0,0,0,0,0,0,0,0,archaea,methanobacteriota,thermoplasmata,methanomassiliicoccales,methanomassiliicoccaceae,methanomassiliicoccus,candidatus methanomassiliicoccus intestinalis
Zotu4959,0,0,0,1,0,0,0,0,archaea,nitrososphaerota,nitrososphaeria,nitrososphaerales,nitrososphaeraceae,candidatus nitrososphaera,candidatus nitrososphaera
Zotu4960,0,1,1,0,0,0,0,0,bacteria,verrucomicrobiota,verrucomicrobiae,verrucomicrobiales,verrucomicrobia subdivision 3,pedosphaera,pedosphaera parvula
Zotu4961,0,0,28,0,0,0,1,0,bacteria,acidobacteriota,blastocatellia,blastocatellales,pyrinomonadaceae,pyrinomonas,pyrinomonas methylaliphatogenes
Zotu4962,0,0,0,1,0,0,0,1,bacteria,actinomycetota,actinomycetes,actinomycetales,actinomycetaceae,schaalia,schaalia cardiffensis
Zotu4963,0,0,0,0,0,0,0,0,bacteria,thermodesulfobacteriota,desulfuromonadia,desulfuromonadales,desulfuromonadaceae,desulfuromonas,desulfuromonas carbonis
Zotu4964,0,0,0,0,0,0,17,0,bacteria,planctomycetota,planctomycetia,planctomycetales,planctomycetaceae,symmachiella,symmachiella dynata
Zotu4965,0,0,1,0,0,0,0,0,bacteria,bacillota,clostridia,thermosediminibacterales,thermosediminibacteraceae,thermovenabulum,thermovenabulum gondwanense
Zotu4966,0,0,0,0,0,0,0,0,bacteria,actinomycetota,nitriliruptoria,euzebyales,euzebyaceae,euzebya,euzebya tangerina
Zotu4967,0,0,0,0,31,0,0,0,bacteria,pseudomonadota,alphaproteobacteria,hyphomicrobiales,methylobacteriaceae,methylobacterium,methylobacterium iners
Zotu4968,1,0,0,0,0,0,0,0,archaea,methanobacteriota,halobacteria,halobacteriales,halobacteriaceae,halorussus,halorussus ruber
Zotu4969,0,0,0,0,0,0,0,0,bacteria,pseudomonadota,alphaproteobacteria,rhodobacterales,roseobacteraceae,rubellimicrobium,rubellimicrobium aerolatum
Zotu4970,0,0,19,0,0,1,0,1,bacteria,chloroflexota,chloroflexia,kallotenuales,kallotenuaceae,kallotenue,kallotenue papyrolyticum
Zotu4971,0,0,0,0,0,0,0,0,bacteria,thermodesulfobacteriota,desulfuromonadia,desulfuromonadales,geoalkalibacteraceae,geoalkalibacter,geoalkalibacter subterraneus
Zotu4972,0,1,0,0,0,0,10,18,bacteria,myxococcota,myxococcia,myxococcales,myxococcaceae,citreicoccus,citreicoccus inhibens
Zotu4973,0,0,0,0,0,0,0,0,bacteria,pseudomonadota,deltaproteobacteria,myxococcales,anaeromyxobacteraceae,anaeromyxobacter,anaeromyxobacter dehalogenans
Zotu4974,0,0,0,0,0,0,0,0,archaea,methanobacteriota,halobacteria,halobacteriales,halobacteriaceae,halomicroarcula,halomicroarcula salinisoli
Zotu4975,0,0,0,1,0,0,0,0,bacteria,chloroflexota,thermomicrobia,sphaerobacterales,sphaerobacteraceae,sphaerobacter,sphaerobacter thermophilus
Zotu4976,0,0,0,0,0,0,0,0,bacteria,thermodesulfobacteriota,desulfuromonadia,desulfuromonadales,desulfuromonadaceae,pelobacter,pelobacter seleniigenes
Zotu4977,0,0,0,0,0,0,0,0,bacteria,gemmatimonadota,longimicrobiia,longimicrobiales,longimicrobiaceae,longimicrobium,longimicrobium terrae
Zotu4978,0,0,0,0,0,0,0,0,bacteria,bacteroidota,sphingobacteriia,sphingobacteriales,sphingobacteriaceae,daejeonella,daejeonella lutea
Zotu4979,0,0,0,0,0,1,0,3,archaea,methanobacteriota,thermoplasmata,methanomassiliicoccales,methanomassiliicoccaceae,candidatus methanogranum,thermoplasmata archaeon kjm51a
Zotu4980,0,0,0,0,0,0,0,0,bacteria,pseudomonadota,alphaproteobacteria,hyphomicrobiales,propylenellaceae,propylenella,propylenella binzhouense
Zotu4981,0,0,0,0,0,0,0,0,bacteria,bacillota,clostridia,eubacteriales,thermincolaceae,thermincola,thermincola carboxydiphila
Zotu4982,0,0,0,0,0,0,0,0,bacteria,actinomycetota,thermoleophilia,solirubrobacterales,baekduiaceae,baekduia,baekduia soli
Zotu4983,0,0,0,0,0,0,0,0,bacteria,actinomycetota,actinomycetes,streptosporangiales,nocardiopsaceae,nocardiopsis,nocardiopsis salina
Zotu4984,1,35,0,0,0,0,0,0,bacteria,planctomycetota,planctomycetia,gemmatales,gemmataceae,gemmata,gemmata obscuriglobus
Zotu4985,2,2,0,0,0,0,0,4,bacteria,actinomycetota,thermoleophilia,solirubrobacterales,capillimicrobiaceae,capillimicrobium,capillimicrobium parvum
Zotu4986,0,1,0,0,0,17,5,0,bacteria,gemmatimonadota,longimicrobiia,longimicrobiales,longimicrobiaceae,longimicrobium,longimicrobium terrae
Zotu4987,0,0,0,0,0,0,0,0,archaea,nitrososphaerota,nitrososphaeria,nitrososphaerales,nitrososphaeraceae,candidatus nitrososphaera,candidatus nitrososphaera
Zotu4988,0,0,0,0,0,0,0,0,bacteria,planctomycetota,planctomycetia,planctomycetales,planctomycetaceae,planctopirus,planctopirus limnophila
Zotu4989,7,14,0,0,0,0,1,0,bacteria,acidobacteriota,vicinamibacteria,vicinamibacterales,vicinamibacteraceae,luteitalea,luteitalea pratensis
Zotu4990,0,0,0,1,2,0,0,1,bacteria,chloroflexota,chloroflexia,herpetosiphonales,herpetosiphonaceae,herpetosiphon,herpetosiphon aurantiacus
Zotu4991,1,0,0,0,0,0,4,0,bacteria,gemmatimonadota,longimicrobiia,longimicrobiales,longimicrobiaceae,longimicrobium,longimicrobium terrae
Zotu4992,0,0,0,0,0,0,0,0,bacteria,verrucomicrobiota,verrucomicrobiae,verrucomicrobiales,verrucomicrobia subdivision 3,pedosphaera,pedosphaera parvula
Zotu4993,0,0,0,0,0,0,0,0,bacteria,thermodesulfobacteriota,desulfobacteria,desulfobacterales,desulfobacteraceae,desulfobotulus,desulfobotulus mexicanus
Zotu4994,0,0,0,0,0,26,0,0,bacteria,acidobacteriota,blastocatellia,blastocatellales,pyrinomonadaceae,pyrinomonas,pyrinomonas methylaliphatogenes
Zotu4995,0,1,1,0,1,15,9,3,bacteria,pseudomonadota,alphaproteobacteria,hyphomicrobiales,propylenellaceae,propylenella,propylenella binzhouense
Zotu4996,0,0,0,0,0,0,0,0,bacteria,bacillota,bacilli,bacillales,bacillaceae,calditerricola,calditerricola yamamurae
Zotu4997,0,0,0,0,0,0,0,0,bacteria,actinomycetota,thermoleophilia,solirubrobacterales,baekduiaceae,baekduia,baekduia soli
Zotu4998,0,1,0,0,1,0,0,0,bacteria,pseudomonadota,alphaproteobacteria,sphingomonadales,sphingosinicellaceae,sphingosinicella,sphingosinicella cucumeris
Zotu5000,28,0,0,0,0,0,0,0,archaea,methanobacteriota,thermoplasmata,methanomassiliicoccales,methanomassiliicoccaceae,methanomassiliicoccus,candidatus methanomassiliicoccus intestinalis
Zotu5001,0,1,58,0,0,0,0,0,bacteria,bacillota,clostridia,eubacteriales,symbiobacteriaceae,symbiobacterium,symbiobacterium terraclitae
Zotu5002,0,0,0,0,0,0,0,0,bacteria,actinomycetota,thermoleophilia,thermoleophilales,thermoleophilaceae,thermoleophilum,thermoleophilum album
Zotu5003,29,4,1,1,0,0,1,0,bacteria,bacillota,clostridia,eubacteriales,symbiobacteriaceae,symbiobacterium,symbiobacterium ostreiconchae
Zotu5004,0,0,0,0,0,0,0,0,bacteria,actinomycetota,thermoleophilia,solirubrobacterales,parviterribacteraceae,parviterribacter,parviterribacter multiflagellatus
Zotu5005,0,0,0,0,0,0,0,0,bacteria,pseudomonadota,betaproteobacteria,burkholderiales,alcaligenaceae,pigmentiphaga,pigmentiphaga daeguensis
Zotu5006,7,3,12,1,0,0,1,0,bacteria,actinomycetota,thermoleophilia,solirubrobacterales,baekduiaceae,baekduia,baekduia soli
Zotu5007,0,0,0,0,0,0,0,0,bacteria,bacteroidota,chitinophagia,chitinophagales,chitinophagaceae,paracnuella,paracnuella aquatica
Zotu5008,0,0,0,0,0,2,12,18,bacteria,chloroflexota,chloroflexia,kallotenuales,kallotenuaceae,kallotenue,kallotenue papyrolyticum
Zotu5009,0,0,0,0,0,0,0,1,bacteria,actinomycetota,thermoleophilia,solirubrobacterales,capillimicrobiaceae,capillimicrobium,capillimicrobium parvum
Zotu5010,7,0,23,0,0,0,0,0,bacteria,planctomycetota,planctomycetia,planctomycetales,planctomycetaceae,symmachiella,symmachiella dynata
Zotu5011,0,0,0,0,0,0,0,0,bacteria,planctomycetota,phycisphaerae,tepidisphaerales,tepidisphaeraceae,tepidisphaera,tepidisphaera mucosa
Zotu5012,1,0,0,0,0,0,0,0,bacteria,pseudomonadota,gammaproteobacteria,xanthomonadales,xanthomonadaceae,arenimonas,arenimonas maotaiensis
Zotu5013,28,10,1,0,1,0,3,1,bacteria,acidobacteriota,blastocatellia,blastocatellales,arenimicrobiaceae,arenimicrobium,arenimicrobium luteum
Zotu5014,0,0,0,0,0,0,0,0,bacteria,bacteroidota,cytophagia,cytophagales,hymenobacteraceae,rufibacter,rufibacter glacialis
Zotu5015,0,0,0,0,0,0,0,1,bacteria,verrucomicrobiota,opitutae,opitutales,opitutaceae,horticoccus,horticoccus luteus
Zotu5016,0,0,0,0,0,0,0,0,bacteria,pseudomonadota,alphaproteobacteria,sphingomonadales,sphingomonadaceae,sphingomonas,sphingomonas rhizophila
Zotu5017,0,0,0,0,0,0,0,0,bacteria,chloroflexota,tepidiformia,tepidiformales,tepidiformaceae,tepidiforma,tepidiforma bonchosmolovskayae
Zotu5018,0,0,0,0,0,12,0,1,bacteria,actinomycetota,thermoleophilia,solirubrobacterales,baekduiaceae,baekduia,baekduia soli
Zotu5019,0,0,0,0,17,3,10,0,bacteria,chloroflexota,tepidiformia,tepidiformales,tepidiformaceae,tepidiforma,tepidiforma bonchosmolovskayae
Zotu5020,0,0,0,0,22,0,1,0,bacteria,pseudomonadota,betaproteobacteria,rhodocyclales,azonexaceae,azonexus,azonexus caeni
Zotu5021,0,0,0,0,0,0,0,0,bacteria,bacteroidota,cytophagia,cytophagales,hymenobacteraceae,pontibacter,pontibacter populi
Zotu5022,0,0,0,0,0,0,0,0,bacteria,pseudomonadota,alphaproteobacteria,rhodospirillales,acetobacteraceae,belnapia,belnapia moabensis
Zotu5023,0,0,0,1,0,0,3,22,bacteria,chloroflexota,chloroflexia,herpetosiphonales,herpetosiphonaceae,herpetosiphon,herpetosiphon aurantiacus
Zotu5024,0,0,0,0,0,0,0,10,bacteria,bacteroidota,cytophagia,cytophagales,fulvivirgaceae,fulvivirga,fulvivirga lutimaris
Zotu5025,0,0,0,0,1,0,12,10,bacteria,pseudomonadota,alphaproteobacteria,hyphomicrobiales,methylobacteriaceae,microvirga,microvirga tunisiensis
Zotu5026,0,0,1,1,0,30,0,0,bacteria,chloroflexota,chloroflexia,chloroflexales,roseiflexaceae,kouleothrix,kouleothrix aurantiaca
Zotu5027,0,0,0,0,0,0,0,0,bacteria,pseudomonadota,alphaproteobacteria,rhodospirillales,acetobacteraceae,belnapia,belnapia arida
Zotu5028,0,17,0,1,0,0,2,1,bacteria,pseudomonadota,alphaproteobacteria,geminicoccales,geminicoccaceae,arboricoccus,arboricoccus pini
Zotu5029,20,9,0,1,0,0,0,0,bacteria,planctomycetota,planctomycetia,gemmatales,gemmataceae,gemmata,gemmata palustris
Zotu5030,0,0,0,0,0,1,0,0,bacteria,bacteroidota,chitinophagia,chitinophagales,chitinophagaceae,niveitalea,niveitalea solisilvae
Zotu5031,0,0,0,0,0,0,0,0,bacteria,actinomycetota,rubrobacteria,gaiellales,gaiellaceae,gaiella,gaiella occulta
Zotu5032,0,0,31,0,0,0,0,0,bacteria,bacillota,clostridia,eubacteriales,symbiobacteriaceae,symbiobacterium,symbiobacterium terraclitae
Zotu5033,0,0,0,0,0,0,0,0,bacteria,pseudomonadota,gammaproteobacteria,steroidobacterales,steroidobacteraceae,povalibacter,povalibacter uvarum
Zotu5034,0,0,0,0,0,0,3,33,bacteria,acidobacteriota,terriglobia,bryobacterales,bryobacteraceae,paludibaculum,paludibaculum fermentans
Zotu5035,0,0,0,0,0,0,0,0,bacteria,pseudomonadota,alphaproteobacteria,sphingomonadales,sphingosinicellaceae,sphingosinicella,sphingosinicella humi
Zotu5036,0,0,0,0,0,0,0,0,bacteria,actinomycetota,acidimicrobiia,acidimicrobiales,acidimicrobiaceae,aciditerrimonas,aciditerrimonas ferrireducens
Zotu5037,0,0,0,0,0,0,0,2,bacteria,chloroflexota,anaerolineae,anaerolineales,anaerolineaceae,thermanaerothrix,thermanaerothrix daxensis
Zotu5038,0,0,0,0,0,0,0,4,bacteria,pseudomonadota,alphaproteobacteria,sphingomonadales,sphingomonadaceae,sphingomonas,sphingomonas wittichii
Zotu5039,0,0,0,0,0,0,0,0,bacteria,actinomycetota,thermoleophilia,solirubrobacterales,conexibacteraceae,conexibacter,conexibacter arvalis
Zotu5041,0,0,0,0,0,0,0,0,bacteria,gemmatimonadota,longimicrobiia,longimicrobiales,longimicrobiaceae,longimicrobium,longimicrobium terrae
Zotu5042,0,0,0,1,0,0,0,0,bacteria,pseudomonadota,gammaproteobacteria,xanthomonadales,xanthomonadaceae,lysobacter,lysobacter yangpyeongensis
Zotu5043,0,0,25,0,0,0,0,0,bacteria,bacillota,clostridia,eubacteriales,symbiobacteriaceae,symbiobacterium,symbiobacterium terraclitae
Zotu5044,0,0,0,0,0,0,0,1,bacteria,actinomycetota,actinomycetes,kineosporiales,kineosporiaceae,kineococcus,kineococcus gypseus
Zotu5045,0,0,0,0,0,0,0,1,bacteria,bacillota,bacilli,bacillales,bacillales family x. incertae sedis,thermicanus,thermicanus aegyptius
Zotu5046,0,0,0,0,0,1,0,0,bacteria,actinomycetota,actinomycetes,mycobacteriales,corynebacteriaceae,corynebacterium,corynebacterium tuberculostearicum
Zotu5047,0,1,0,0,0,0,0,0,bacteria,bacteroidota,chitinophagia,chitinophagales,chitinophagaceae,segetibacter,segetibacter aerophilus
Zotu5048,1,0,0,0,0,0,0,0,bacteria,gemmatimonadota,longimicrobiia,longimicrobiales,longimicrobiaceae,longimicrobium,longimicrobium terrae
Zotu5049,0,0,0,0,0,0,0,2,bacteria,actinomycetota,thermoleophilia,solirubrobacterales,solirubrobacteraceae,solirubrobacter,solirubrobacter phytolaccae
Zotu5050,0,0,0,0,1,0,0,0,bacteria,actinomycetota,rubrobacteria,rubrobacterales,rubrobacteraceae,rubrobacter,rubrobacter xylanophilus
Zotu5051,0,0,0,0,0,0,0,0,bacteria,planctomycetota,phycisphaerae,tepidisphaerales,tepidisphaeraceae,tepidisphaera,tepidisphaera mucosa
Zotu5052,0,0,0,0,0,0,0,0,bacteria,bacteroidota,sphingobacteriia,sphingobacteriales,sphingobacteriaceae,solitalea,solitalea canadensis
Zotu5053,0,0,0,0,0,0,0,0,bacteria,pseudomonadota,betaproteobacteria,burkholderiales,oxalobacteraceae,herminiimonas,herminiimonas aquatilis
Zotu5054,0,0,0,0,0,0,0,0,bacteria,mycoplasmatota,mollicutes,entomoplasmatales,spiroplasmataceae,spiroplasma,spiroplasma kunkelii
Zotu5055,0,1,0,0,0,0,2,6,bacteria,pseudomonadota,gammaproteobacteria,chromatiales,ectothiorhodospiraceae,alkalilimnicola,alkalilimnicola halodurans
Zotu5056,0,0,0,0,0,0,0,0,bacteria,bacillota,bacilli,bacillales,paenibacillaceae,paenibacillus,paenibacillus agaridevorans
Zotu5057,0,0,0,0,0,0,0,0,bacteria,bacillota,clostridia,lachnospirales,lachnospiraceae,anaerocolumna,anaerocolumna xylanovorans
Zotu5058,0,0,0,0,0,0,0,0,archaea,methanobacteriota,thermoplasmata,methanomassiliicoccales,candidatus methanomethylophilaceae,candidatus methanomethylophilus,candidatus methanomethylophilus alvus
Zotu5059,0,0,0,46,0,0,0,0,bacteria,myxococcota,myxococcia,myxococcales,anaeromyxobacteraceae,anaeromyxobacter,anaeromyxobacter dehalogenans
Zotu5061,0,0,0,1,0,0,0,0,bacteria,gemmatimonadota,longimicrobiia,longimicrobiales,longimicrobiaceae,longimicrobium,longimicrobium terrae
Zotu5062,0,0,0,0,0,0,0,0,bacteria,actinomycetota,actinomycetes,kitasatosporales,streptomycetaceae,allostreptomyces,allostreptomyces psammosilenae
Zotu5063,10,17,3,0,0,0,0,0,bacteria,gemmatimonadota,longimicrobiia,longimicrobiales,longimicrobiaceae,longimicrobium,longimicrobium terrae
Zotu5064,5,0,30,0,0,0,0,0,bacteria,chloroflexota,anaerolineae,anaerolineales,anaerolineaceae,ornatilinea,ornatilinea apprima
Zotu5065,0,0,0,0,0,0,0,2,bacteria,pseudomonadota,gammaproteobacteria,moraxellales,moraxellaceae,psychrobacter,psychrobacter namhaensis
Zotu5066,0,0,0,0,0,0,0,0,bacteria,verrucomicrobiota,spartobacteria,chthoniobacterales,chthoniobacteraceae,chthoniobacter,chthoniobacter flavus
Zotu5067,0,0,0,0,0,0,0,0,bacteria,planctomycetota,planctomycetia,gemmatales,gemmataceae,limnoglobus,limnoglobus roseus
Zotu5068,0,0,0,0,0,0,0,0,bacteria,pseudomonadota,alphaproteobacteria,sphingomonadales,sphingosinicellaceae,sphingosinicella,sphingosinicella humi
Zotu5069,0,0,0,0,0,0,0,0,bacteria,verrucomicrobiota,spartobacteria,chthoniobacterales,chthoniobacteraceae,chthoniobacter,chthoniobacter flavus
Zotu5070,0,0,0,0,0,0,0,2,bacteria,pseudomonadota,alphaproteobacteria,rhodospirillales,azospirillaceae,skermanella,skermanella rubra
Zotu5071,0,0,0,0,0,0,0,0,bacteria,actinomycetota,actinomycetes,streptosporangiales,streptosporangiaceae,nonomuraea,nonomuraea soli
Zotu5072,0,0,0,0,1,0,0,9,archaea,methanobacteriota,thermoplasmata,methanomassiliicoccales,methanomassiliicoccaceae,methanomassiliicoccus,candidatus methanomassiliicoccus intestinalis
Zotu5073,0,0,0,18,2,16,2,1,bacteria,actinomycetota,thermoleophilia,solirubrobacterales,solirubrobacteraceae,solirubrobacter,solirubrobacter phytolaccae
Zotu5074,0,0,0,0,0,0,0,8,bacteria,planctomycetota,planctomycetia,isosphaerales,isosphaeraceae,singulisphaera,singulisphaera rosea
Zotu5075,0,0,0,0,0,0,0,0,bacteria,pseudomonadota,gammaproteobacteria,chromatiales,thioprofundaceae,thioprofundum,thioprofundum hispidum
Zotu5076,0,0,0,0,0,0,0,0,bacteria,pseudomonadota,deltaproteobacteria,myxococcales,anaeromyxobacteraceae,anaeromyxobacter,anaeromyxobacter dehalogenans
Zotu5077,0,6,0,0,0,0,0,0,bacteria,planctomycetota,planctomycetia,planctomycetales,planctomycetaceae,caulifigura,caulifigura coniformis
Zotu5078,0,0,0,0,0,0,0,0,bacteria,pseudomonadota,gammaproteobacteria,enterobacterales,enterobacteriaceae,buttiauxella,buttiauxella agrestis
Zotu5079,0,0,0,24,0,0,0,0,bacteria,bacillota,clostridia,eubacteriales,symbiobacteriaceae,symbiobacterium,symbiobacterium terraclitae
Zotu5080,0,0,0,0,0,0,0,0,bacteria,actinomycetota,thermoleophilia,solirubrobacterales,capillimicrobiaceae,capillimicrobium,capillimicrobium parvum
Zotu5081,0,0,0,0,1,0,0,0,bacteria,pseudomonadota,gammaproteobacteria,cellvibrionales,cellvibrionaceae,candidatus endobugula,endosymbiont of bugula turbinata
Zotu5082,6,5,0,1,0,2,0,0,bacteria,actinomycetota,actinomycetes,kitasatosporales,streptomycetaceae,streptomyces,streptomyces nanhaiensis
Zotu5083,0,0,0,0,2,0,0,1,bacteria,actinomycetota,thermoleophilia,solirubrobacterales,baekduiaceae,baekduia,baekduia soli
Zotu5084,0,0,0,0,0,0,0,0,bacteria,pseudomonadota,alphaproteobacteria,sphingomonadales,sphingomonadaceae,sphingomonas,sphingomonas rhizophila
Zotu5085,0,0,0,0,0,0,0,0,bacteria,pseudomonadota,alphaproteobacteria,sphingomonadales,sphingosinicellaceae,sandaracinobacter,sandaracinobacter neustonicus
Zotu5086,0,0,0,0,0,0,0,0,bacteria,pseudomonadota,alphaproteobacteria,hyphomicrobiales,methylocystaceae,methylosinus,methylosinus trichosporium
Zotu5087,1,4,0,1,0,2,0,0,bacteria,bacillota,clostridia,thermosediminibacterales,thermosediminibacteraceae,fervidicola,fervidicola ferrireducens
Zotu5088,0,0,0,0,0,0,0,0,bacteria,actinomycetota,thermoleophilia,thermoleophilales,thermoleophilaceae,thermoleophilum,thermoleophilum album
Zotu5090,0,0,0,1,0,0,12,15,bacteria,gemmatimonadota,gemmatimonadetes,gemmatimonadales,gemmatimonadaceae,roseisolibacter,roseisolibacter agri
Zotu5091,0,0,0,0,0,0,0,0,bacteria,bacillota,clostridia,eubacteriales,symbiobacteriaceae,symbiobacterium,symbiobacterium turbinis
Zotu5092,0,0,0,0,0,0,0,0,bacteria,actinomycetota,actinomycetes,streptosporangiales,thermomonosporaceae,spirillospora,spirillospora tritici
Zotu5093,0,1,0,0,0,0,0,0,bacteria,bacteroidota,cytophagia,cytophagales,cytophagaceae,rhodocytophaga,rhodocytophaga rosea
Zotu5094,1,0,0,0,16,0,21,0,bacteria,acidobacteriota,vicinamibacteria,vicinamibacterales,vicinamibacteraceae,luteitalea,luteitalea pratensis
Zotu5095,4,16,8,0,0,0,0,1,bacteria,myxococcota,myxococcota,polyangiales,polyangiaceae,polyangium,polyangium fumosum
Zotu5096,6,0,1,0,11,0,11,1,bacteria,chloroflexota,chloroflexota,chloroflexota,chloroflexota,thermobaculum,thermobaculum terrenum
Zotu5097,0,0,0,0,0,0,1,0,bacteria,chloroflexota,chloroflexi,chloroflexi,chloroflexi,candidatus chlorothrix,candidatus chlorothrix halophila
Zotu5098,1,0,0,0,28,1,0,0,bacteria,planctomycetota,planctomycetia,pirellulales,thermoguttaceae,thermogutta,thermogutta terrifontis
Zotu5099,0,0,0,0,0,0,0,0,bacteria,chloroflexota,chloroflexia,kallotenuales,kallotenuaceae,kallotenue,kallotenue papyrolyticum
Zotu5100,13,31,0,1,1,0,0,0,bacteria,bacteroidota,bacteroidia,marinilabiliales,prolixibacteraceae,maribellus,maribellus maritimus
Zotu5101,0,0,0,0,0,0,0,0,bacteria,actinomycetota,acidimicrobiia,acidimicrobiales,iamiaceae,aquihabitans,aquihabitans daechungensis
Zotu5102,0,0,0,0,0,0,0,0,bacteria,bacillota,bacilli,bacillales,planococcaceae,paenisporosarcina,paenisporosarcina indica
Zotu5103,0,0,0,0,0,0,0,0,bacteria,bacteroidota,chitinophagia,chitinophagales,chitinophagaceae,flavisolibacter,flavisolibacter tropicus
Zotu5104,0,0,0,0,0,0,0,0,bacteria,chloroflexota,anaerolineae,anaerolineales,anaerolineaceae,thermanaerothrix,thermanaerothrix daxensis
Zotu5105,0,0,0,0,0,0,0,0,bacteria,actinomycetota,actinomycetes,kitasatosporales,streptomycetaceae,streptomyces,streptomyces smyrnaeus
Zotu5106,1,0,0,0,0,2,0,0,archaea,methanobacteriota,thermoplasmata,methanomassiliicoccales,methanomassiliicoccaceae,methanomassiliicoccus,candidatus methanomassiliicoccus intestinalis
Zotu5107,0,0,0,0,41,0,1,0,bacteria,deinococcota,deinococci,trueperales,trueperaceae,truepera,truepera radiovictrix
Zotu5108,0,0,0,0,0,0,0,0,bacteria,pseudomonadota,alphaproteobacteria,sphingomonadales,sphingomonadaceae,allosphingosinicella,allosphingosinicella indica
Zotu5109,0,0,0,0,0,0,0,0,bacteria,pseudomonadota,gammaproteobacteria,pseudomonadales,pseudomonadaceae,pseudomonas,pseudomonas chlororaphis
Zotu5110,0,0,0,0,0,0,0,0,bacteria,bacteroidota,cytophagia,cytophagales,hymenobacteraceae,pontibacter,pontibacter locisalis
Zotu5111,0,0,0,0,0,2,1,0,bacteria,pseudomonadota,alphaproteobacteria,hyphomicrobiales,methylobacteriaceae,microvirga,microvirga thermotolerans
Zotu5112,0,0,0,0,0,0,6,3,bacteria,actinomycetota,actinomycetes,geodermatophilales,geodermatophilaceae,geodermatophilus,geodermatophilus bullaregiensis
Zotu5113,0,0,0,0,0,0,0,0,bacteria,actinomycetota,acidimicrobiia,acidimicrobiales,acidimicrobiaceae,aciditerrimonas,aciditerrimonas ferrireducens
Zotu5114,0,0,0,0,0,0,0,1,bacteria,chloroflexota,caldilineae,caldilineales,caldilineaceae,litorilinea,litorilinea aerophila
Zotu5115,0,13,1,0,0,0,0,0,bacteria,chloroflexota,tepidiformia,tepidiformales,tepidiformaceae,tepidiforma,tepidiforma bonchosmolovskayae
Zotu5116,0,0,0,0,0,0,0,7,bacteria,actinomycetota,actinomycetes,micromonosporales,micromonosporaceae,actinoplanes,actinoplanes teichomyceticus
Zotu5117,0,0,0,0,0,0,0,0,bacteria,planctomycetota,planctomycetia,pirellulales,lacipirellulaceae,posidoniimonas,posidoniimonas corsicana
Zotu5118,0,0,0,0,0,0,0,0,bacteria,pseudomonadota,alphaproteobacteria,rhodospirillales,dongiaceae,aliidongia,aliidongia dinghuensis
Zotu5119,0,0,0,0,14,0,0,0,bacteria,myxococcota,myxococcota,haliangiales,kofleriaceae,haliangium,haliangium ochraceum
Zotu5120,0,0,1,0,14,0,1,0,bacteria,chloroflexota,anaerolineae,anaerolineales,anaerolineaceae,thermomarinilinea,thermomarinilinea lacunifontana
Zotu5121,1,17,0,0,0,0,1,0,bacteria,myxococcota,myxococcota,haliangiales,kofleriaceae,haliangium,haliangium ochraceum
Zotu5122,0,0,0,0,0,0,0,0,bacteria,bacillota,clostridia,eubacteriales,syntrophomonadaceae,syntrophothermus,syntrophothermus lipocalidus
Zotu5124,0,0,0,0,0,0,0,0,bacteria,actinomycetota,actinomycetia,micrococcales,microbacteriaceae,frigoribacterium,frigoribacterium faeni
Zotu5125,0,0,0,0,0,0,0,0,bacteria,pseudomonadota,alphaproteobacteria,rhodospirillales,dongiaceae,dongia,dongia mobilis
Zotu5126,16,8,0,0,0,0,0,1,bacteria,campylobacterota,desulfurellia,desulfurellales,hippeaceae,hippea,hippea jasoniae
Zotu5127,1,0,2,0,0,0,0,0,bacteria,bacteroidota,flavobacteriia,flavobacteriales,weeksellaceae,bergeyella,bergeyella zoohelcum
Zotu5128,0,0,0,1,17,0,0,0,bacteria,chlamydiota,chlamydiia,parachlamydiales,parachlamydiaceae,protochlamydia,candidatus protochlamydia naegleriophila
Zotu5129,0,8,13,0,0,0,0,0,bacteria,bacillota,clostridia,eubacteriales,clostridiales family xvii. incertae sedis,thermaerobacter,thermaerobacter subterraneus
Zotu5130,0,0,0,0,0,0,0,0,bacteria,bacteroidota,sphingobacteriia,sphingobacteriales,sphingobacteriaceae,pedobacter,pedobacter tournemirensis
Zotu5131,1,0,0,0,0,0,0,0,bacteria,actinomycetota,acidimicrobiia,acidimicrobiales,iamiaceae,actinomarinicola,actinomarinicola tropica
Zotu5132,0,0,0,0,0,0,0,0,bacteria,verrucomicrobiota,verrucomicrobiae,verrucomicrobiales,verrucomicrobia subdivision 3,pedosphaera,pedosphaera parvula
Zotu5133,0,1,3,27,2,0,0,0,bacteria,planctomycetota,planctomycetia,gemmatales,gemmataceae,zavarzinella,zavarzinella formosa
Zotu5134,0,0,0,0,0,0,0,0,bacteria,pseudomonadota,betaproteobacteria,ferritrophicales,ferritrophicaceae,ferritrophicum,ferritrophicum radicicola
Zotu5135,0,0,0,0,0,0,0,0,bacteria,gemmatimonadota,gemmatimonadetes,gemmatimonadales,gemmatimonadaceae,gemmatimonas,gemmatimonas phototrophica
Zotu5136,0,0,0,0,0,0,0,0,bacteria,bacillota,clostridia,eubacteriales,desulfotomaculaceae,desulfotomaculum,desulfotomaculum geothermicum
Zotu5137,2,11,0,0,0,14,0,1,bacteria,pseudomonadota,alphaproteobacteria,rhodospirillales,acetobacteraceae,gluconacetobacter,gluconacetobacter sacchari
Zotu5138,0,6,0,0,1,1,0,0,bacteria,actinomycetota,thermoleophilia,solirubrobacterales,solirubrobacteraceae,solirubrobacter,solirubrobacter ginsenosidimutans
Zotu5139,0,8,19,0,0,0,1,1,bacteria,gemmatimonadota,longimicrobiia,longimicrobiales,longimicrobiaceae,longimicrobium,longimicrobium terrae
Zotu5140,0,0,0,0,0,0,0,0,bacteria,bacteroidota,bacteroidia,marinilabiliales,marinilabiliaceae,breznakibacter,breznakibacter xylanolyticus
Zotu5141,0,0,0,0,0,0,0,0,archaea,methanobacteriota,halobacteria,halobacteriales,halobacteriaceae,halorubrum,halorubrum orientale
Zotu5142,13,0,0,0,0,0,0,0,archaea,methanobacteriota,thermoplasmata,methanomassiliicoccales,methanomassiliicoccaceae,methanomassiliicoccus,candidatus methanomassiliicoccus intestinalis
Zotu5143,0,0,0,0,0,0,0,0,bacteria,planctomycetota,planctomycetia,planctomycetales,planctomycetaceae,symmachiella,symmachiella dynata
Zotu5144,1,0,0,0,8,1,0,0,bacteria,actinomycetota,actinomycetes,pseudonocardiales,pseudonocardiaceae,allokutzneria,allokutzneria albata
Zotu5145,0,0,0,0,0,0,0,0,bacteria,bacteroidota,chitinophagia,chitinophagales,chitinophagaceae,segetibacter,segetibacter koreensis
Zotu5146,0,0,0,0,0,0,0,0,bacteria,pseudomonadota,alphaproteobacteria,sphingomonadales,sphingosinicellaceae,sphingosinicella,sphingosinicella humi
Zotu5147,8,0,0,0,0,0,1,0,bacteria,pseudomonadota,alphaproteobacteria,hyphomicrobiales,reyranellaceae,reyranella,reyranella massiliensis
Zotu5148,0,0,0,0,0,0,0,0,bacteria,planctomycetota,phycisphaerae,tepidisphaerales,tepidisphaeraceae,tepidisphaera,tepidisphaera mucosa
Zotu5149,0,0,0,0,0,0,0,0,bacteria,pseudomonadota,gammaproteobacteria,thiotrichales,fastidiosibacteraceae,caedibacter,caedibacter macronucleorum
Zotu5150,0,0,0,0,0,0,0,0,bacteria,pseudomonadota,alphaproteobacteria,caulobacterales,caulobacteraceae,brevundimonas,brevundimonas alba
Zotu5151,0,0,0,0,1,0,0,0,bacteria,bacillota,bacilli,lactobacillales,streptococcaceae,streptococcus,streptococcus oralis
Zotu5152,0,0,0,0,0,0,1,0,bacteria,actinomycetota,rubrobacteria,gaiellales,gaiellaceae,gaiella,gaiella occulta
Zotu5153,2,2,1,0,0,9,11,0,bacteria,bacillota,clostridia,thermosediminibacterales,thermosediminibacteraceae,thermovenabulum,thermovenabulum gondwanense
Zotu5154,0,0,0,25,0,0,0,0,bacteria,actinomycetota,rubrobacteria,rubrobacterales,rubrobacteraceae,rubrobacter,rubrobacter spartanus
Zotu5155,0,0,0,0,0,0,0,0,bacteria,chloroflexota,chloroflexia,kallotenuales,kallotenuaceae,kallotenue,kallotenue papyrolyticum
Zotu5156,0,0,0,0,0,0,0,0,bacteria,pseudomonadota,alphaproteobacteria,sphingomonadales,sphingomonadaceae,sphingomonas,sphingomonas lutea
Zotu5157,0,0,0,0,0,0,1,0,bacteria,armatimonadota,fimbriimonadia,fimbriimonadales,fimbriimonadaceae,fimbriimonas,fimbriimonas ginsengisoli
Zotu5158,33,10,0,0,0,0,0,0,archaea,methanobacteriota,thermoplasmata,methanomassiliicoccales,methanomassiliicoccaceae,methanomassiliicoccus,candidatus methanomassiliicoccus intestinalis
Zotu5159,7,19,2,0,0,1,0,0,bacteria,acidobacteriota,vicinamibacteria,vicinamibacterales,vicinamibacteraceae,vicinamibacter,vicinamibacter silvestris
Zotu5160,0,0,0,0,0,0,0,0,bacteria,planctomycetota,planctomycetia,planctomycetales,planctomycetaceae,gimesia,gimesia chilikensis
Zotu5161,0,0,0,0,0,0,0,0,archaea,methanobacteriota,thermoplasmata,methanomassiliicoccales,methanomassiliicoccaceae,methanomassiliicoccus,candidatus methanomassiliicoccus intestinalis
Zotu5162,0,0,0,0,0,0,0,0,bacteria,chloroflexota,anaerolineae,anaerolineales,anaerolineaceae,ornatilinea,ornatilinea apprima
Zotu5163,0,0,0,0,0,0,0,0,bacteria,pseudomonadota,alphaproteobacteria,sphingomonadales,sphingomonadaceae,sphingomonas,sphingomonas sabuli
Zotu5164,0,0,0,0,0,0,0,0,bacteria,acidobacteriota,vicinamibacteria,vicinamibacterales,vicinamibacteraceae,luteitalea,luteitalea pratensis
Zotu5165,0,0,0,0,0,0,0,0,bacteria,pseudomonadota,gammaproteobacteria,chromatiales,ectothiorhodospiraceae,alkalilimnicola,alkalilimnicola halodurans
Zotu5166,0,10,14,0,1,5,0,0,bacteria,bacillota,bacilli,bacillales,bacillaceae,calditerricola,calditerricola yamamurae
Zotu5167,0,0,0,0,0,0,0,0,bacteria,actinomycetota,actinomycetia,micrococcales,microbacteriaceae,microbacterium,microbacterium lacticum
Zotu5168,0,0,0,0,0,0,0,0,bacteria,actinomycetota,actinomycetes,geodermatophilales,geodermatophilaceae,modestobacter,modestobacter muralis
Zotu5169,0,0,0,0,0,0,0,0,bacteria,gemmatimonadota,longimicrobiia,longimicrobiales,longimicrobiaceae,longimicrobium,longimicrobium terrae
Zotu5170,6,11,1,1,0,0,0,0,bacteria,actinomycetota,rubrobacteria,rubrobacterales,rubrobacteraceae,rubrobacter,rubrobacter radiotolerans
Zotu5171,0,0,0,0,1,0,0,0,bacteria,planctomycetota,planctomycetia,isosphaerales,isosphaeraceae,singulisphaera,singulisphaera rosea
Zotu5172,0,0,0,0,0,0,0,0,bacteria,pseudomonadota,alphaproteobacteria,rickettsiales,anaplasmataceae,anaplasma,anaplasma phagocytophilum
Zotu5173,1,1,0,0,0,0,0,1,bacteria,pseudomonadota,alphaproteobacteria,sphingomonadales,sphingosinicellaceae,sphingosinicella,sphingosinicella humi
Zotu5174,0,0,0,0,0,0,0,0,bacteria,bacteroidota,chitinophagia,chitinophagales,chitinophagaceae,parasegetibacter,parasegetibacter terrae
Zotu5175,0,0,0,0,0,0,0,0,bacteria,bacteroidota,cytophagia,cytophagales,hymenobacteraceae,adhaeribacter,adhaeribacter swui
Zotu5176,0,1,0,0,0,0,0,20,bacteria,pseudomonadota,alphaproteobacteria,hyphomicrobiales,methylobacteriaceae,microvirga,microvirga flocculans
Zotu5177,0,0,0,0,0,0,0,0,bacteria,chloroflexota,chloroflexia,herpetosiphonales,herpetosiphonaceae,herpetosiphon,herpetosiphon aurantiacus
Zotu5178,0,0,0,0,0,0,0,0,bacteria,gemmatimonadota,longimicrobiia,longimicrobiales,longimicrobiaceae,longimicrobium,longimicrobium terrae
Zotu5179,0,0,0,0,1,0,0,0,bacteria,pseudomonadota,alphaproteobacteria,rhodospirillales,acetobacteraceae,roseicella,roseicella frigidaeris
Zotu5180,0,0,1,0,0,0,1,0,bacteria,actinomycetota,thermoleophilia,solirubrobacterales,solirubrobacteraceae,solirubrobacter,solirubrobacter phytolaccae
Zotu5181,0,0,1,0,0,0,20,0,bacteria,actinomycetota,acidimicrobiia,acidimicrobiales,acidimicrobiaceae,aciditerrimonas,aciditerrimonas ferrireducens
Zotu5182,1,0,2,0,1,8,1,0,bacteria,bacillota,bacilli,bacillales,bacillaceae,bacillus,bacillus yapensis
Zotu5183,0,0,0,0,0,0,0,0,bacteria,actinomycetota,thermoleophilia,solirubrobacterales,solirubrobacteraceae,solirubrobacter,solirubrobacter phytolaccae
Zotu5184,0,0,0,45,0,0,0,0,bacteria,pseudomonadota,betaproteobacteria,burkholderiales,burkholderiaceae,robbsia,robbsia andropogonis
Zotu5185,3,18,2,0,1,0,1,1,bacteria,nitrospirota,nitrospira,nitrospirales,nitrospiraceae,nitrospira,nitrospira enrichment
Zotu5186,5,0,0,0,0,8,6,0,bacteria,actinomycetota,rubrobacteria,gaiellales,gaiellaceae,gaiella,gaiella occulta
Zotu5187,0,0,0,0,0,4,0,0,bacteria,actinomycetota,thermoleophilia,solirubrobacterales,conexibacteraceae,conexibacter,conexibacter stalactiti
Zotu5188,0,0,0,1,0,0,3,0,bacteria,bacillota,bacilli,bacillales,paenibacillaceae,paenibacillus,paenibacillus antri
Zotu5189,0,0,0,1,0,0,0,1,bacteria,actinomycetota,acidimicrobiia,acidimicrobiales,acidimicrobiaceae,aciditerrimonas,aciditerrimonas ferrireducens
Zotu5190,0,0,0,0,0,1,1,0,bacteria,bacillota,clostridia,moorellales,moorellaceae,moorella,moorella glycerini
Zotu5191,0,0,6,1,0,0,1,0,bacteria,bacillota,bacilli,bacillales,bacillaceae,bacillus,bacillus thermoamylovorans
Zotu5192,0,0,0,0,28,7,1,1,bacteria,myxococcota,myxococcota,polyangiales,polyangiaceae,racemicystis,racemicystis persica
Zotu5193,0,13,0,0,0,0,0,0,bacteria,pseudomonadota,alphaproteobacteria,hyphomicrobiales,xanthobacteraceae,pseudolabrys,pseudolabrys taiwanensis
Zotu5194,0,0,1,1,1,0,1,0,bacteria,bacillota,clostridia,eubacteriales,clostridiales family xvii. incertae sedis,thermaerobacter,thermaerobacter composti
Zotu5195,15,11,0,1,0,0,0,0,bacteria,gemmatimonadota,longimicrobiia,longimicrobiales,longimicrobiaceae,longimicrobium,longimicrobium terrae
Zotu5196,0,0,0,0,1,0,0,3,bacteria,pseudomonadota,alphaproteobacteria,sphingomonadales,sphingomonadaceae,novosphingobium,novosphingobium arabidopsis
Zotu5197,0,0,0,1,0,1,0,5,bacteria,actinomycetota,thermoleophilia,solirubrobacterales,conexibacteraceae,conexibacter,conexibacter arvalis
Zotu5198,0,0,0,0,0,0,1,0,bacteria,gemmatimonadota,longimicrobiia,longimicrobiales,longimicrobiaceae,longimicrobium,longimicrobium terrae
Zotu5199,0,0,0,0,0,0,0,0,bacteria,pseudomonadota,betaproteobacteria,nitrosomonadales,nitrosomonadaceae,nitrosomonas,nitrosomonas cryotolerans
Zotu5200,0,0,0,0,0,0,0,0,bacteria,actinomycetota,acidimicrobiia,acidimicrobiales,iamiaceae,actinomarinicola,actinomarinicola tropica
Zotu5201,0,0,0,0,1,0,0,0,bacteria,actinomycetota,rubrobacteria,gaiellales,gaiellaceae,gaiella,gaiella occulta
Zotu5202,0,0,0,0,0,0,0,0,bacteria,rhodothermota,rhodothermia,rhodothermales,rhodothermaceae,rhodocaloribacter,rhodocaloribacter litoris
Zotu5203,0,0,0,0,0,1,0,0,bacteria,pseudomonadota,gammaproteobacteria,xanthomonadales,rhodanobacteraceae,luteibacter,luteibacter anthropi
Zotu5204,0,0,0,0,0,1,1,6,bacteria,acidobacteriota,blastocatellia,blastocatellales,blastocatellaceae,blastocatella,blastocatella fastidiosa
Zotu5205,0,0,0,0,0,0,0,0,bacteria,thermodesulfobacteriota,desulfuromonadia,desulfuromonadales,desulfuromonadaceae,pelobacter,pelobacter seleniigenes
Zotu5206,6,24,0,0,0,0,1,0,bacteria,gemmatimonadota,longimicrobiia,longimicrobiales,longimicrobiaceae,longimicrobium,longimicrobium terrae
Zotu5207,0,0,0,0,0,0,0,0,archaea,methanobacteriota,thermoplasmata,methanomassiliicoccales,methanomassiliicoccaceae,methanomassiliicoccus,candidatus methanomassiliicoccus intestinalis
Zotu5208,0,2,0,0,0,0,0,0,bacteria,myxococcota,myxococcota,polyangiales,labilitrichaceae,labilithrix,labilithrix luteola
Zotu5209,0,0,0,0,0,0,0,7,bacteria,actinomycetota,thermoleophilia,solirubrobacterales,baekduiaceae,baekduia,baekduia soli
Zotu5210,0,0,0,0,0,0,0,0,bacteria,actinomycetota,thermoleophilia,solirubrobacterales,parviterribacteraceae,parviterribacter,parviterribacter multiflagellatus
Zotu5211,0,0,0,0,0,0,0,0,bacteria,actinomycetota,rubrobacteria,rubrobacterales,rubrobacteraceae,rubrobacter,rubrobacter naiadicus
Zotu5212,0,0,0,0,0,24,4,0,bacteria,actinomycetota,acidimicrobiia,acidimicrobiales,ilumatobacteraceae,ilumatobacter,ilumatobacter fluminis
Zotu5213,0,0,0,0,0,0,0,1,bacteria,bacteroidota,chitinophagia,chitinophagales,chitinophagaceae,segetibacter,segetibacter koreensis
Zotu5214,0,0,0,0,0,0,0,0,bacteria,pseudomonadota,alphaproteobacteria,rhodospirillales,azospirillaceae,azospirillum,azospirillum cavernae
Zotu5215,0,0,0,0,14,0,0,11,bacteria,acidobacteriota,blastocatellia,blastocatellales,blastocatellaceae,aridibacter,aridibacter famidurans
Zotu5216,0,0,0,0,0,1,0,1,bacteria,pseudomonadota,alphaproteobacteria,caulobacterales,caulobacteraceae,phenylobacterium,phenylobacterium falsum
Zotu5217,1,0,1,0,0,0,0,1,bacteria,bacteroidota,cytophagia,cytophagales,hymenobacteraceae,adhaeribacter,adhaeribacter aquaticus
Zotu5218,0,0,0,0,0,0,0,0,bacteria,actinomycetota,rubrobacteria,rubrobacterales,rubrobacteraceae,rubrobacter,rubrobacter bracarensis
Zotu5219,0,0,0,0,0,0,0,32,bacteria,pseudomonadota,alphaproteobacteria,rickettsiales,anaplasmataceae,wolbachia,wolbachia pipientis
Zotu5220,0,0,0,0,0,0,0,0,bacteria,bdellovibrionota,oligoflexia,oligoflexales,oligoflexaceae,oligoflexus,oligoflexus tunisiensis
Zotu5221,0,0,0,0,0,0,0,0,bacteria,chloroflexota,chloroflexia,chloroflexales,roseiflexaceae,kouleothrix,kouleothrix aurantiaca
Zotu5222,0,0,0,0,0,0,0,0,bacteria,pseudomonadota,alphaproteobacteria,caulobacterales,caulobacteraceae,phenylobacterium,phenylobacterium deserti
Zotu5223,0,0,0,0,0,0,0,0,bacteria,acidobacteriota,acidobacteriia,bryobacterales,solibacteraceae,candidatus solibacter,candidatus solibacter usitatus
Zotu5224,0,0,0,0,34,0,0,1,bacteria,planctomycetota,phycisphaerae,tepidisphaerales,tepidisphaeraceae,tepidisphaera,tepidisphaera mucosa
Zotu5225,0,2,0,0,0,1,0,0,bacteria,pseudomonadota,betaproteobacteria,rhodocyclales,azonexaceae,dechloromonas,dechloromonas hortensis
Zotu5226,0,0,0,0,0,0,0,0,bacteria,bacillota,bacilli,bacillales,paenibacillaceae,paenibacillus,paenibacillus filicis
Zotu5227,22,0,0,0,0,0,1,0,bacteria,pseudomonadota,hydrogenophilia,hydrogenophilia,hydrogenophilia,pelomicrobium,pelomicrobium methylotrophicum
Zotu5228,0,0,0,0,0,0,0,0,archaea,methanobacteriota,thermoplasmata,methanomassiliicoccales,methanomassiliicoccaceae,candidatus methanogranum,thermoplasmata archaeon kjm51a
Zotu5229,7,0,0,0,0,1,0,0,bacteria,actinomycetota,actinomycetes,pseudonocardiales,pseudonocardiaceae,actinophytocola,actinophytocola xanthii
Zotu5230,0,0,1,0,0,0,0,0,bacteria,actinomycetota,actinomycetes,pseudonocardiales,pseudonocardiaceae,saccharopolyspora,saccharopolyspora tripterygii
Zotu5231,0,0,0,0,0,0,0,0,bacteria,planctomycetota,planctomycetia,gemmatales,gemmataceae,zavarzinella,zavarzinella formosa
Zotu5232,0,0,0,1,0,0,0,0,bacteria,acidobacteriota,vicinamibacteria,vicinamibacterales,vicinamibacteraceae,luteitalea,luteitalea pratensis
Zotu5233,5,1,1,0,0,1,6,20,bacteria,pseudomonadota,alphaproteobacteria,rhodospirillales,azospirillaceae,nitrospirillum,azospirillum amazonense
Zotu5234,0,0,0,0,0,11,0,0,bacteria,actinomycetota,rubrobacteria,rubrobacterales,rubrobacteraceae,rubrobacter,rubrobacter marinus
Zotu5235,0,0,0,0,0,0,0,0,bacteria,planctomycetota,phycisphaerae,tepidisphaerales,tepidisphaeraceae,tepidisphaera,tepidisphaera mucosa
Zotu5236,0,0,0,0,0,0,0,0,bacteria,acidobacteriota,vicinamibacteria,vicinamibacterales,vicinamibacteraceae,vicinamibacter,vicinamibacter silvestris
Zotu5237,0,0,0,0,0,0,0,0,bacteria,actinomycetota,thermoleophilia,solirubrobacterales,solirubrobacteraceae,solirubrobacter,solirubrobacter ginsenosidimutans
Zotu5238,1,0,0,0,1,0,0,0,archaea,methanobacteriota,thermoplasmata,methanomassiliicoccales,methanomassiliicoccaceae,methanomassiliicoccus,candidatus methanomassiliicoccus intestinalis
Zotu5239,2,0,1,0,0,3,0,0,bacteria,bacillota,clostridia,eubacteriales,clostridiales family xvii. incertae sedis,thermaerobacter,thermaerobacter subterraneus
Zotu5240,0,0,0,0,0,0,0,0,bacteria,verrucomicrobiota,verrucomicrobiae,limisphaerales,fontisphaeraceae,fontisphaera,fontisphaera persica
Zotu5241,10,0,0,0,0,0,0,0,bacteria,chloroflexota,tepidiformia,tepidiformales,tepidiformaceae,tepidiforma,tepidiforma bonchosmolovskayae
Zotu5242,0,0,13,0,0,0,0,0,bacteria,myxococcota,myxococcota,polyangiales,polyangiaceae,polyangium,polyangium sorediatum
Zotu5243,0,0,0,0,0,0,0,2,bacteria,bacteroidota,chitinophagia,chitinophagales,chitinophagaceae,flavisolibacter,flavisolibacter ginsengiterrae
Zotu5244,0,0,0,0,0,0,0,0,bacteria,chloroflexota,chloroflexia,kallotenuales,kallotenuaceae,kallotenue,kallotenue papyrolyticum
Zotu5245,0,0,0,0,0,0,0,0,bacteria,actinomycetota,actinomycetes,mycobacteriales,gordoniaceae,gordonia,gordonia sputi
Zotu5246,0,1,0,0,0,0,1,5,bacteria,pseudomonadota,alphaproteobacteria,rhodospirillales,acetobacteraceae,pseudoroseomonas,pseudoroseomonas aerofrigidensis
Zotu5247,0,0,0,0,0,0,0,0,bacteria,actinomycetota,actinomycetes,propionibacteriales,nocardioidaceae,nocardioides,nocardioides marmoriterrae
Zotu5248,2,0,1,0,0,0,0,0,bacteria,actinomycetota,thermoleophilia,solirubrobacterales,conexibacteraceae,conexibacter,conexibacter stalactiti
Zotu5249,1,2,0,0,8,4,6,0,bacteria,pseudomonadota,betaproteobacteria,burkholderiales,burkholderiaceae,paraburkholderia,paraburkholderia domus
Zotu5250,0,0,0,0,0,0,0,0,bacteria,pseudomonadota,betaproteobacteria,burkholderiales,burkholderiaceae,pandoraea,pandoraea thiooxydans
Zotu5251,0,0,0,0,0,0,0,0,bacteria,pseudomonadota,deltaproteobacteria,myxococcales,anaeromyxobacteraceae,anaeromyxobacter,anaeromyxobacter dehalogenans
Zotu5252,0,0,1,0,0,0,0,0,bacteria,pseudomonadota,betaproteobacteria,burkholderiales,burkholderiaceae,robbsia,robbsia andropogonis
Zotu5253,0,0,0,0,0,0,0,0,bacteria,bacillota,bacilli,bacillales,paenibacillaceae,paenibacillus,paenibacillus larvae
Zotu5254,0,0,0,0,0,0,0,0,bacteria,bdellovibrionota,bacteriovoracia,bacteriovoracales,bacteriovoracaceae,peredibacter,peredibacter starrii
Zotu5256,1,0,0,0,0,1,12,5,bacteria,actinomycetota,thermoleophilia,solirubrobacterales,solirubrobacteraceae,solirubrobacter,solirubrobacter phytolaccae
Zotu5257,0,0,0,1,0,0,7,0,bacteria,gemmatimonadota,longimicrobiia,longimicrobiales,longimicrobiaceae,longimicrobium,longimicrobium terrae
Zotu5258,0,12,20,0,0,0,2,0,bacteria,verrucomicrobiota,verrucomicrobiae,verrucomicrobiales,verrucomicrobia subdivision 3,pedosphaera,pedosphaera parvula
Zotu5259,0,2,0,0,8,7,1,3,bacteria,actinomycetota,actinomycetes,micromonosporales,micromonosporaceae,micromonospora,micromonospora rosaria
Zotu5260,6,26,0,0,4,1,2,0,bacteria,planctomycetota,phycisphaerae,phycisphaerales,phycisphaeraceae,mucisphaera,mucisphaera calidilacus
Zotu5262,0,0,0,0,0,0,0,1,bacteria,gemmatimonadota,gemmatimonadetes,gemmatimonadales,gemmatimonadaceae,gemmatimonas,gemmatimonas aurantiaca
Zotu5263,0,0,0,0,0,0,0,0,bacteria,actinomycetota,rubrobacteria,gaiellales,gaiellaceae,gaiella,gaiella occulta
Zotu5264,0,0,0,0,0,1,0,0,bacteria,armatimonadota,armatimonadia,armatimonadales,armatimonadaceae,armatimonas,armatimonas rosea
Zotu5265,0,0,0,0,0,0,0,0,bacteria,acidobacteriota,vicinamibacteria,vicinamibacterales,vicinamibacteraceae,vicinamibacter,vicinamibacter silvestris
Zotu5267,0,0,0,0,0,0,0,0,bacteria,chloroflexota,chloroflexia,kallotenuales,kallotenuaceae,kallotenue,kallotenue papyrolyticum
Zotu5268,6,3,20,1,0,0,0,0,bacteria,acidobacteriota,blastocatellia,blastocatellales,blastocatellaceae,aridibacter,aridibacter kavangonensis
Zotu5269,0,0,0,0,0,0,0,1,bacteria,verrucomicrobiota,verrucomicrobiae,limisphaerales,fontisphaeraceae,fontisphaera,fontisphaera persica
Zotu5270,0,0,0,2,0,0,0,0,bacteria,bacteroidota,chitinophagia,chitinophagales,chitinophagaceae,panacibacter,panacibacter ginsenosidivorans
Zotu5271,0,0,1,0,0,0,0,0,bacteria,chloroflexota,chloroflexota,chloroflexota,chloroflexota,thermobaculum,thermobaculum terrenum
Zotu5272,0,0,0,0,0,0,0,0,bacteria,gemmatimonadota,longimicrobiia,longimicrobiales,longimicrobiaceae,longimicrobium,longimicrobium terrae
Zotu5273,0,0,0,0,0,0,0,0,bacteria,bacteroidota,chitinophagia,chitinophagales,chitinophagaceae,segetibacter,segetibacter koreensis
Zotu5274,0,0,0,0,0,1,1,3,bacteria,actinomycetota,actinomycetes,micrococcales,microbacteriaceae,agrococcus,agrococcus baldri
Zotu5275,0,0,0,0,0,0,0,0,bacteria,actinomycetota,actinomycetia,propionibacteriales,nocardioidaceae,nocardioides,nocardioides furvisabuli
Zotu5276,2,0,0,0,0,0,0,2,bacteria,pseudomonadota,betaproteobacteria,burkholderiales,oxalobacteraceae,massilia,massilia horti
Zotu5278,0,0,0,0,0,0,0,0,bacteria,myxococcota,myxococcia,myxococcales,archangiaceae,hyalangium,hyalangium gracile
Zotu5279,0,2,1,0,20,3,9,0,bacteria,bacillota,bacilli,bacillales,thermoactinomycetaceae,melghirimyces,melghirimyces profundicolus
Zotu5280,3,0,17,0,1,0,0,0,bacteria,pseudomonadota,deltaproteobacteria,myxococcales,kofleriaceae,kofleria,kofleria flava
Zotu5281,0,0,0,0,0,0,0,0,archaea,methanobacteriota,thermoplasmata,methanomassiliicoccales,methanomassiliicoccaceae,methanomassiliicoccus,candidatus methanomassiliicoccus intestinalis
Zotu5282,0,0,0,0,0,0,0,0,bacteria,pseudomonadota,oligoflexia,bdellovibrionales,bdellovibrionaceae,bdellovibrio,bdellovibrio bacteriovorus
Zotu5283,0,0,1,0,0,0,0,1,bacteria,actinomycetota,actinomycetes,propionibacteriales,nocardioidaceae,nocardioides,nocardioides mesophilus
Zotu5284,0,0,23,0,0,1,0,0,bacteria,acidobacteriota,blastocatellia,blastocatellales,pyrinomonadaceae,pyrinomonas,pyrinomonas methylaliphatogenes
Zotu5285,0,0,0,0,0,0,1,0,archaea,methanobacteriota,thermoplasmata,methanomassiliicoccales,methanomassiliicoccaceae,methanomassiliicoccus,candidatus methanomassiliicoccus intestinalis
Zotu5286,0,0,0,0,0,0,1,0,bacteria,bacillota,clostridia,eubacteriales,symbiobacteriaceae,symbiobacterium,symbiobacterium terraclitae
Zotu5287,0,0,0,0,0,0,0,0,bacteria,pseudomonadota,betaproteobacteria,nitrosomonadales,nitrosomonadaceae,nitrosovibrio,nitrosovibrio tenuis
Zotu5288,0,0,0,0,0,1,0,0,bacteria,actinomycetota,actinomycetes,propionibacteriales,nocardioidaceae,nocardioides,nocardioides aquiterrae
Zotu5289,0,0,0,0,0,0,0,0,bacteria,chloroflexota,tepidiformia,tepidiformales,tepidiformaceae,tepidiforma,tepidiforma bonchosmolovskayae
Zotu5290,0,0,40,0,0,0,0,0,bacteria,planctomycetota,planctomycetia,pirellulales,pirellulaceae,lignipirellula,lignipirellula cremea
Zotu5291,1,0,0,0,0,0,0,0,bacteria,pseudomonadota,deltaproteobacteria,myxococcales,kofleriaceae,haliangium,haliangium ochraceum
Zotu5292,1,3,26,0,0,0,0,0,bacteria,gemmatimonadota,longimicrobiia,longimicrobiales,longimicrobiaceae,longimicrobium,longimicrobium terrae
Zotu5293,0,0,0,0,0,0,0,0,bacteria,chloroflexota,chloroflexia,kallotenuales,kallotenuaceae,kallotenue,kallotenue papyrolyticum
Zotu5294,0,0,0,0,0,0,0,0,bacteria,pseudomonadota,betaproteobacteria,burkholderiales,burkholderiales,thiobacter,thiobacter subterraneus
Zotu5295,0,0,0,0,0,0,0,0,bacteria,chloroflexota,chloroflexia,kallotenuales,kallotenuaceae,kallotenue,kallotenue papyrolyticum
Zotu5296,1,0,1,0,29,1,18,0,bacteria,actinomycetota,actinomycetes,streptosporangiales,streptosporangiaceae,planobispora,planobispora takensis
Zotu5297,0,1,2,0,3,4,36,7,bacteria,bacillota,clostridia,thermoanaerobacterales,thermoanaerobacteraceae,carboxydothermus,carboxydothermus hydrogenoformans
Zotu5298,0,0,0,0,0,0,0,0,bacteria,bacillota,clostridia,eubacteriales,oscillospiraceae,ruminococcus,ruminococcus bromii
Zotu5299,0,0,0,0,0,1,0,0,bacteria,chloroflexota,thermomicrobia,sphaerobacterales,sphaerobacteraceae,sphaerobacter,sphaerobacter thermophilus
Zotu5300,0,0,0,0,0,0,0,0,bacteria,pseudomonadota,alphaproteobacteria,rhodobacterales,paracoccaceae,rhodobacter,rhodobacter ruber
Zotu5301,0,18,1,0,0,0,0,0,archaea,methanobacteriota,thermoplasmata,methanomassiliicoccales,methanomassiliicoccaceae,methanomassiliicoccus,candidatus methanomassiliicoccus intestinalis
Zotu5302,0,0,0,0,0,14,14,0,bacteria,pseudomonadota,oligoflexia,bdellovibrionales,bdellovibrionaceae,bdellovibrio,bdellovibrio bacteriovorus
Zotu5303,0,0,0,0,0,0,3,1,bacteria,actinomycetota,thermoleophilia,solirubrobacterales,baekduiaceae,baekduia,baekduia soli
Zotu5304,0,0,0,0,0,0,0,0,bacteria,myxococcota,myxococcia,myxococcales,myxococcaceae,simulacricoccus,simulacricoccus ruber
Zotu5305,0,0,0,0,0,0,0,0,bacteria,pseudomonadota,alphaproteobacteria,rickettsiales,anaplasmataceae,wolbachia,wolbachia pipientis
Zotu5306,0,1,0,0,0,0,0,1,bacteria,bacteroidota,cytophagia,cytophagales,hymenobacteraceae,sabulibacter,sabulibacter ruber
Zotu5307,0,0,0,0,0,0,0,0,bacteria,bacteroidota,chitinophagia,chitinophagales,chitinophagaceae,flavisolibacter,flavisolibacter ginsengiterrae
Zotu5308,0,0,0,0,0,0,0,0,bacteria,actinomycetota,thermoleophilia,solirubrobacterales,solirubrobacteraceae,solirubrobacter,solirubrobacter phytolaccae
Zotu5310,0,0,0,1,29,0,0,0,bacteria,thermodesulfobacteriota,desulfovibrionia,desulfovibrionales,desulfohalobiaceae,desulfovermiculus,desulfovermiculus utahensis
Zotu5311,0,0,0,0,0,0,0,0,bacteria,bacillota,bacilli,bacillales,paenibacillaceae,paenibacillus,paenibacillus antri
Zotu5312,0,0,0,0,26,2,0,18,bacteria,chloroflexota,chloroflexia,kallotenuales,kallotenuaceae,kallotenue,kallotenue papyrolyticum
Zotu5313,2,0,0,0,0,0,0,0,bacteria,actinomycetota,actinomycetes,nakamurellales,nakamurellaceae,nakamurella,nakamurella deserti
Zotu5314,0,0,0,0,0,0,0,0,bacteria,verrucomicrobiota,verrucomicrobiae,verrucomicrobiales,verrucomicrobia subdivision 3,pedosphaera,pedosphaera parvula
Zotu5315,0,0,0,0,0,0,1,0,bacteria,chloroflexota,tepidiformia,tepidiformales,tepidiformaceae,tepidiforma,tepidiforma bonchosmolovskayae
Zotu5316,0,2,0,0,0,11,1,0,bacteria,pseudomonadota,betaproteobacteria,burkholderiales,comamonadaceae,hydrogenophaga,hydrogenophaga taeniospiralis
Zotu5317,0,0,0,0,0,0,0,0,bacteria,verrucomicrobiota,verrucomicrobiae,verrucomicrobiales,verrucomicrobia subdivision 3,pedosphaera,pedosphaera parvula
Zotu5318,0,0,0,0,0,0,0,0,bacteria,bacteroidota,cytophagia,cytophagales,hymenobacteraceae,adhaeribacter,adhaeribacter aerolatus
Zotu5319,0,0,0,0,0,0,0,0,bacteria,pseudomonadota,deltaproteobacteria,myxococcales,kofleriaceae,haliangium,haliangium ochraceum
Zotu5320,23,0,0,0,0,0,0,1,bacteria,gemmatimonadota,longimicrobiia,longimicrobiales,longimicrobiaceae,longimicrobium,longimicrobium terrae
Zotu5321,0,0,0,0,0,0,0,0,bacteria,verrucomicrobiota,verrucomicrobiae,limisphaerales,fontisphaeraceae,fontisphaera,fontisphaera persica
Zotu5322,3,3,0,0,0,0,0,1,bacteria,pseudomonadota,alphaproteobacteria,sphingomonadales,erythrobacteraceae,aurantiacibacter,aurantiacibacter aquimixticola
Zotu5323,0,0,0,0,30,1,0,0,bacteria,chloroflexota,caldilineae,caldilineales,caldilineaceae,litorilinea,litorilinea aerophila
Zotu5324,0,0,0,0,0,0,0,0,bacteria,bacillota,clostridia,eubacteriales,clostridiales family xvii. incertae sedis,thermaerobacter,thermaerobacter subterraneus
Zotu5325,3,0,0,0,0,27,16,0,archaea,methanobacteriota,thermoplasmata,methanomassiliicoccales,methanomassiliicoccaceae,methanomassiliicoccus,candidatus methanomassiliicoccus intestinalis
Zotu5326,0,0,0,0,0,0,0,0,bacteria,actinomycetota,rubrobacteria,rubrobacterales,rubrobacteraceae,rubrobacter,rubrobacter spartanus
Zotu5327,1,1,0,0,0,0,0,42,bacteria,bacteroidota,chitinophagia,chitinophagales,chitinophagaceae,flavisolibacter,flavisolibacter galbus
Zotu5328,0,36,2,0,0,0,0,0,bacteria,pseudomonadota,gammaproteobacteria,chromatiales,ectothiorhodospiraceae,thiohalomonas,thiohalomonas denitrificans
Zotu5329,0,0,0,0,0,0,0,0,bacteria,bacillota,bacilli,bacillales,paenibacillaceae,paenibacillus,paenibacillus chitinolyticus
Zotu5330,31,0,0,0,0,0,0,0,bacteria,actinomycetota,rubrobacteria,rubrobacterales,rubrobacteraceae,rubrobacter,rubrobacter xylanophilus
Zotu5331,0,0,0,0,0,0,0,8,bacteria,thermodesulfobacteriota,desulfuromonadia,desulfuromonadales,geoalkalibacteraceae,geoalkalibacter,geoalkalibacter ferrihydriticus
Zotu5332,0,0,0,0,0,0,0,0,bacteria,bacteroidota,cytophagia,cytophagales,hymenobacteraceae,pontibacter,pontibacter cellulosilyticus
Zotu5333,0,0,1,0,0,0,1,0,bacteria,actinomycetota,thermoleophilia,solirubrobacterales,capillimicrobiaceae,capillimicrobium,capillimicrobium parvum
Zotu5334,4,0,19,0,0,0,0,0,bacteria,bacillota,bacillota,bacillota,bacillota,hydrogenispora,hydrogenispora ethanolica
Zotu5335,0,0,0,0,0,1,5,6,bacteria,pseudomonadota,alphaproteobacteria,sphingomonadales,sphingomonadaceae,sphingomonas,sphingomonas lutea
Zotu5336,0,9,0,0,0,0,2,0,bacteria,actinomycetota,actinomycetes,micromonosporales,micromonosporaceae,dactylosporangium,dactylosporangium thailandense
Zotu5337,0,0,0,0,0,42,0,0,bacteria,planctomycetota,phycisphaerae,tepidisphaerales,tepidisphaeraceae,tepidisphaera,tepidisphaera mucosa
Zotu5338,0,0,0,0,0,0,0,0,bacteria,actinomycetota,actinomycetes,streptosporangiales,thermomonosporaceae,actinocorallia,actinocorallia longicatena
Zotu5339,0,0,0,0,0,0,0,0,bacteria,bacteroidota,cytophagia,cytophagales,fulvivirgaceae,ohtaekwangia,ohtaekwangia koreensis
Zotu5340,0,1,0,0,0,0,0,0,bacteria,bacillota,clostridia,eubacteriales,clostridiaceae,fervidicella,fervidicella metallireducens
Zotu5341,0,6,0,0,1,1,2,0,archaea,methanobacteriota,thermoplasmata,methanomassiliicoccales,methanomassiliicoccaceae,methanomassiliicoccus,candidatus methanomassiliicoccus intestinalis
Zotu5342,3,1,0,0,0,0,1,1,bacteria,actinomycetota,rubrobacteria,rubrobacterales,rubrobacteraceae,rubrobacter,rubrobacter spartanus
Zotu5343,0,0,0,0,0,0,0,0,archaea,methanobacteriota,euryarchaeota,euryarchaeota,euryarchaeota,aciduliprofundum,aciduliprofundum boonei
Zotu5344,0,0,0,0,0,0,0,0,bacteria,bacillota,clostridia,eubacteriales,heliobacteriaceae,heliomicrobium,heliomicrobium gestii
Zotu5345,0,0,0,0,0,0,0,0,bacteria,chloroflexota,tepidiformia,tepidiformales,tepidiformaceae,tepidiforma,tepidiforma bonchosmolovskayae
Zotu5346,0,0,0,0,0,0,0,0,bacteria,armatimonadota,armatimonadia,armatimonadales,armatimonadaceae,armatimonas,armatimonas rosea
Zotu5347,0,0,0,0,0,0,0,0,bacteria,pseudomonadota,betaproteobacteria,nitrosomonadales,methylophilaceae,novimethylophilus,novimethylophilus kurashikiensis
Zotu5348,0,0,0,0,22,0,0,0,bacteria,myxococcota,myxococcota,polyangiales,polyangiaceae,racemicystis,racemicystis persica
Zotu5349,0,0,0,0,0,0,1,0,bacteria,pseudomonadota,alphaproteobacteria,hyphomicrobiales,hyphomicrobiales,nordella,nordella oligomobilis
Zotu5350,1,1,0,0,0,0,0,0,bacteria,verrucomicrobiota,verrucomicrobiae,verrucomicrobiales,verrucomicrobia subdivision 3,pedosphaera,pedosphaera parvula
Zotu5351,15,15,0,0,0,0,0,0,bacteria,verrucomicrobiota,verrucomicrobiae,limisphaerales,fontisphaeraceae,fontisphaera,fontisphaera persica
Zotu5352,0,0,0,0,0,0,0,0,bacteria,actinomycetota,actinomycetes,pseudonocardiales,pseudonocardiaceae,pseudonocardia,pseudonocardia xinjiangensis
Zotu5353,0,0,0,0,0,0,0,0,bacteria,thermodesulfobacteriota,desulfuromonadia,desulfuromonadales,desulfuromonadaceae,pelobacter,pelobacter seleniigenes
Zotu5354,1,0,0,1,1,0,0,0,bacteria,chloroflexota,chloroflexia,herpetosiphonales,herpetosiphonaceae,herpetosiphon,herpetosiphon aurantiacus
Zotu5355,25,0,1,0,2,0,1,0,bacteria,verrucomicrobiota,verrucomicrobiae,limisphaerales,fontisphaeraceae,fontisphaera,fontisphaera persica
Zotu5356,0,0,0,0,0,3,0,0,bacteria,actinomycetota,thermoleophilia,solirubrobacterales,conexibacteraceae,conexibacter,conexibacter stalactiti
Zotu5357,0,0,0,0,0,0,0,0,bacteria,gemmatimonadota,gemmatimonadetes,gemmatimonadales,gemmatimonadaceae,gemmatirosa,gemmatirosa kalamazoonensis
Zotu5358,7,26,0,0,0,1,0,0,bacteria,acidobacteriota,vicinamibacteria,vicinamibacterales,vicinamibacteraceae,luteitalea,luteitalea pratensis
Zotu5359,4,18,0,0,0,18,0,0,bacteria,planctomycetota,phycisphaerae,tepidisphaerales,tepidisphaeraceae,tepidisphaera,tepidisphaera mucosa
Zotu5360,9,0,0,0,0,0,0,0,bacteria,myxococcota,myxococcota,polyangiales,labilitrichaceae,labilithrix,labilithrix luteola
Zotu5361,0,0,0,0,0,0,0,0,bacteria,verrucomicrobiota,verrucomicrobiae,verrucomicrobiales,verrucomicrobia subdivision 3,pedosphaera,pedosphaera parvula
Zotu5362,0,0,0,0,0,0,0,0,bacteria,gemmatimonadota,longimicrobiia,longimicrobiales,longimicrobiaceae,longimicrobium,longimicrobium terrae
Zotu5363,0,0,0,0,0,20,0,0,bacteria,pseudomonadota,deltaproteobacteria,myxococcales,anaeromyxobacteraceae,anaeromyxobacter,anaeromyxobacter dehalogenans
Zotu5364,0,0,0,0,0,0,0,0,bacteria,pseudomonadota,alphaproteobacteria,sphingomonadales,sphingomonadaceae,sphingomonas,sphingomonas agri
Zotu5365,0,0,0,0,0,0,0,0,bacteria,bdellovibrionota,bacteriovoracia,bacteriovoracales,bacteriovoracaceae,peredibacter,peredibacter starrii
Zotu5366,0,0,0,0,18,0,0,0,bacteria,verrucomicrobiota,opitutae,opitutales,opitutaceae,geminisphaera,geminisphaera colitermitum
Zotu5367,1,0,0,0,0,0,0,2,bacteria,bacteroidota,chitinophagia,chitinophagales,chitinophagaceae,sediminibacterium,sediminibacterium salmoneum
Zotu5368,1,0,0,0,0,0,0,0,archaea,methanobacteriota,thermoplasmata,methanomassiliicoccales,methanomassiliicoccaceae,methanomassiliicoccus,candidatus methanomassiliicoccus intestinalis
Zotu5369,4,0,0,0,1,1,23,10,bacteria,thermodesulfobacteriota,desulfuromonadia,geobacterales,geobacteraceae,geobacter,geobacter sulfurreducens
Zotu5370,0,0,0,0,0,0,0,1,bacteria,actinomycetota,thermoleophilia,solirubrobacterales,solirubrobacteraceae,solirubrobacter,solirubrobacter phytolaccae
Zotu5371,0,1,0,0,1,0,0,1,bacteria,actinomycetota,actinomycetes,streptosporangiales,treboniaceae,trebonia,trebonia kvetii
Zotu5372,0,0,0,0,0,0,0,0,bacteria,myxococcota,myxococcota,polyangiales,polyangiaceae,racemicystis,racemicystis persica
Zotu5373,0,0,0,0,0,0,0,0,bacteria,bacillota,clostridia,eubacteriales,symbiobacteriaceae,symbiobacterium,symbiobacterium terraclitae
Zotu5374,0,0,0,1,0,2,0,0,bacteria,actinomycetota,actinomycetes,micrococcales,dermabacteraceae,brachybacterium,brachybacterium alimentarium
Zotu5375,0,0,0,0,1,0,0,0,bacteria,bacillota,bacilli,bacillales,paenibacillaceae,paenibacillus,bacillus edaphicus
Zotu5376,2,23,0,0,0,0,0,0,archaea,methanobacteriota,euryarchaeota,euryarchaeota,euryarchaeota,aciduliprofundum,aciduliprofundum boonei
Zotu5377,0,0,0,0,0,0,0,0,bacteria,chloroflexota,tepidiformia,tepidiformales,tepidiformaceae,tepidiforma,tepidiforma bonchosmolovskayae
Zotu5378,0,0,0,0,0,0,0,6,bacteria,pseudomonadota,alphaproteobacteria,hyphomicrobiales,methylobacteriaceae,microvirga,microvirga lenta
Zotu5379,0,0,0,0,0,17,0,0,bacteria,deinococcota,deinococci,trueperales,trueperaceae,truepera,truepera radiovictrix
Zotu5380,0,0,0,0,0,0,0,0,bacteria,actinomycetota,actinomycetes,propionibacteriales,nocardioidaceae,nocardioides,nocardioides marmoriterrae
Zotu5381,0,0,0,0,0,0,0,1,bacteria,pseudomonadota,alphaproteobacteria,sphingomonadales,erythrobacteraceae,porphyrobacter,porphyrobacter donghaensis
Zotu5382,0,0,0,2,0,1,6,3,bacteria,actinomycetota,thermoleophilia,solirubrobacterales,baekduiaceae,baekduia,baekduia soli
Zotu5383,0,1,0,32,0,0,0,0,bacteria,thermodesulfobacteriota,desulfuromonadia,desulfuromonadales,desulfuromonadaceae,desulfuromonas,desulfuromonas palmitatis
Zotu5384,0,0,0,0,24,1,0,0,bacteria,acidobacteriota,terriglobia,bryobacterales,bryobacteraceae,bryobacter,bryobacter aggregatus
Zotu5386,31,5,0,0,0,0,0,0,bacteria,planctomycetota,planctomycetia,gemmatales,gemmataceae,gemmata,gemmata palustris
Zotu5387,0,0,0,0,15,0,0,0,bacteria,chloroflexota,chloroflexia,kallotenuales,kallotenuaceae,kallotenue,kallotenue papyrolyticum
Zotu5388,0,1,0,0,6,0,0,0,bacteria,bacillota,bacilli,bacillales,paenibacillaceae,paenibacillus,paenibacillus bovis
Zotu5389,0,27,0,0,0,1,0,0,bacteria,planctomycetota,planctomycetia,pirellulales,pirellulaceae,lignipirellula,lignipirellula cremea
Zotu5390,9,0,0,0,0,0,0,0,bacteria,bdellovibrionota,bdellovibrionia,bdellovibrionales,pseudobdellovibrionaceae,bdellovibrio,bdellovibrio bacteriovorus
Zotu5391,0,0,0,0,0,0,0,0,bacteria,actinomycetota,rubrobacteria,gaiellales,gaiellaceae,gaiella,gaiella occulta
Zotu5392,0,0,0,0,11,0,0,1,bacteria,actinomycetota,actinomycetes,streptosporangiales,thermomonosporaceae,actinomadura,actinomadura vinacea
Zotu5393,0,0,0,0,0,0,0,0,bacteria,bacillota,bacilli,bacillales,bacillaceae,litchfieldia,litchfieldia salsa
Zotu5394,0,0,0,0,0,0,0,0,bacteria,bacteroidota,sphingobacteriia,sphingobacteriales,sphingobacteriaceae,hufsiella,hufsiella arboris
Zotu5395,0,0,0,0,0,0,16,0,bacteria,verrucomicrobiota,verrucomicrobiae,verrucomicrobiales,verrucomicrobia subdivision 3,pedosphaera,pedosphaera parvula
Zotu5396,0,0,0,0,0,0,0,0,bacteria,bacteroidota,chitinophagia,chitinophagales,chitinophagaceae,flavisolibacter,flavisolibacter swuensis
Zotu5397,0,10,13,1,0,0,1,0,bacteria,actinomycetota,rubrobacteria,rubrobacterales,rubrobacteraceae,rubrobacter,rubrobacter taiwanensis
Zotu5398,0,0,0,0,0,0,0,0,bacteria,actinomycetota,thermoleophilia,thermoleophilales,thermoleophilaceae,thermoleophilum,thermoleophilum album
Zotu5399,0,0,0,0,1,0,0,19,bacteria,bacteroidota,chitinophagia,chitinophagales,chitinophagaceae,flavisolibacter,flavisolibacter carri
Zotu5400,0,0,5,0,0,0,1,0,bacteria,actinomycetota,rubrobacteria,rubrobacterales,rubrobacteraceae,rubrobacter,rubrobacter taiwanensis
Zotu5401,0,0,1,0,0,0,0,18,bacteria,gemmatimonadota,longimicrobiia,longimicrobiales,longimicrobiaceae,longimicrobium,longimicrobium terrae
Zotu5402,0,0,0,0,0,0,0,0,bacteria,bacteroidota,sphingobacteriia,sphingobacteriales,sphingobacteriaceae,pedobacter,pedobacter xinjiangensis
Zotu5404,0,0,0,0,0,15,0,0,bacteria,chlamydiota,chlamydiia,parachlamydiales,rhabdochlamydiaceae,candidatus rhabdochlamydia,candidatus rhabdochlamydia porcellionis
Zotu5405,4,0,0,0,1,0,0,1,bacteria,bacillota,bacilli,bacillales,bacillaceae,ectobacillus,ectobacillus funiculus
Zotu5406,0,1,0,0,23,12,0,6,bacteria,pseudomonadota,betaproteobacteria,burkholderiales,burkholderiaceae,paraburkholderia,paraburkholderia domus
Zotu5407,0,0,0,0,0,0,0,1,bacteria,bacteroidota,chitinophagia,chitinophagales,chitinophagaceae,parasegetibacter,parasegetibacter terrae
Zotu5408,3,3,0,0,0,0,0,0,bacteria,thermomicrobiota,thermomicrobia,sphaerobacterales,sphaerobacteraceae,sphaerobacter,sphaerobacter thermophilus
Zotu5409,0,0,0,0,0,0,0,0,bacteria,verrucomicrobiota,verrucomicrobiae,verrucomicrobiales,verrucomicrobia subdivision 3,pedosphaera,pedosphaera parvula
Zotu5410,0,0,0,0,0,0,0,0,bacteria,bacteroidota,chitinophagia,chitinophagales,chitinophagaceae,segetibacter,segetibacter koreensis
Zotu5411,0,1,0,0,14,0,0,0,bacteria,acidobacteriota,vicinamibacteria,vicinamibacterales,vicinamibacteraceae,luteitalea,luteitalea pratensis
Zotu5412,0,0,0,0,0,0,0,1,bacteria,pseudomonadota,alphaproteobacteria,sphingomonadales,sphingomonadaceae,sphingomonas,sphingomonas segetis
Zotu5413,0,0,0,0,0,0,0,0,bacteria,actinomycetota,rubrobacteria,gaiellales,gaiellaceae,gaiella,gaiella occulta
Zotu5414,6,15,33,11,8,12,0,0,bacteria,gemmatimonadota,longimicrobiia,longimicrobiales,longimicrobiaceae,longimicrobium,longimicrobium terrae
Zotu5416,0,0,0,1,0,0,1,0,bacteria,actinomycetota,acidimicrobiia,acidimicrobiales,iamiaceae,actinomarinicola,actinomarinicola tropica
Zotu5417,0,0,0,0,0,1,1,0,bacteria,bacteroidota,sphingobacteriia,sphingobacteriales,sphingobacteriaceae,pedobacter,pedobacter tournemirensis
Zotu5418,0,0,0,0,0,0,1,0,bacteria,pseudomonadota,alphaproteobacteria,sphingomonadales,sphingomonadaceae,sphingomonas,sphingomonas desiccabilis
Zotu5419,0,0,0,0,0,0,0,0,bacteria,bacillota,bacilli,lactobacillales,enterococcaceae,enterococcus,enterococcus cecorum
Zotu5420,0,0,0,0,0,0,0,0,bacteria,pseudomonadota,alphaproteobacteria,sphingomonadales,sphingomonadaceae,sphingomonas,sphingomonas formosensis
Zotu5421,0,0,0,0,0,10,0,0,bacteria,armatimonadota,armatimonadia,armatimonadales,armatimonadaceae,armatimonas,armatimonas rosea
Zotu5422,0,0,0,0,0,0,0,0,bacteria,thermomicrobiota,thermomicrobia,sphaerobacterales,sphaerobacteraceae,sphaerobacter,sphaerobacter thermophilus
Zotu5423,0,0,0,0,25,0,0,0,bacteria,pseudomonadota,betaproteobacteria,burkholderiales,oxalobacteraceae,herminiimonas,herminiimonas aquatilis
Zotu5424,0,0,0,0,0,0,0,0,bacteria,pseudomonadota,alphaproteobacteria,rhodobacterales,paracoccaceae,fuscovulum,fuscovulum blasticum
Zotu5425,0,0,0,0,0,0,0,0,bacteria,cyanobacteriota,cyanophyceae,synechococcales,synechococcales,calenema,calenema singularis
Zotu5426,0,0,0,0,0,17,0,0,bacteria,verrucomicrobiota,spartobacteria,chthoniobacterales,chthoniobacteraceae,chthoniobacter,chthoniobacter flavus
Zotu5427,0,0,0,0,0,0,0,0,bacteria,actinomycetota,actinomycetes,mycobacteriales,gordoniaceae,gordonia,gordonia terrae
Zotu5428,0,0,0,0,0,0,0,0,bacteria,bacteroidota,bacteroidia,bacteroidales,prevotellaceae,prevotella,prevotella paludivivens
Zotu5429,0,0,0,0,0,0,14,0,bacteria,pseudomonadota,alphaproteobacteria,hyphomicrobiales,methylobacteriaceae,microvirga,microvirga thermotolerans
Zotu5430,0,0,0,0,0,0,0,0,bacteria,pseudomonadota,alphaproteobacteria,sphingomonadales,sphingomonadaceae,novosphingobium,novosphingobium aquaticum (ex singh et al. 2015)
Zotu5431,0,0,0,0,0,0,0,0,bacteria,actinomycetota,rubrobacteria,gaiellales,gaiellaceae,gaiella,gaiella occulta
Zotu5432,11,2,0,0,0,0,0,0,archaea,methanobacteriota,thermoplasmata,methanomassiliicoccales,methanomassiliicoccaceae,methanomassiliicoccus,candidatus methanomassiliicoccus intestinalis
Zotu5434,1,0,0,0,0,10,6,0,bacteria,gemmatimonadota,longimicrobiia,longimicrobiales,longimicrobiaceae,longimicrobium,longimicrobium terrae
Zotu5435,0,2,0,0,12,0,0,0,bacteria,pseudomonadota,deltaproteobacteria,myxococcales,kofleriaceae,haliangium,haliangium ochraceum
Zotu5436,0,0,0,0,0,0,0,0,bacteria,planctomycetota,planctomycetia,gemmatales,gemmataceae,fimbriiglobus,fimbriiglobus ruber
Zotu5437,0,0,0,0,0,0,0,3,bacteria,pseudomonadota,alphaproteobacteria,rhodospirillales,azospirillaceae,skermanella,skermanella pratensis
Zotu5438,0,0,0,1,1,20,0,0,bacteria,gemmatimonadota,longimicrobiia,longimicrobiales,longimicrobiaceae,longimicrobium,longimicrobium terrae
Zotu5439,0,0,0,0,0,0,0,0,bacteria,thermodesulfobacteriota,desulfobulbia,desulfobulbales,desulfobulbaceae,desulfolithobacter,desulfolithobacter dissulfuricans
Zotu5440,8,0,0,0,0,0,0,0,bacteria,myxococcota,myxococcota,haliangiales,kofleriaceae,haliangium,haliangium tepidum
Zotu5441,0,35,1,0,0,0,2,0,bacteria,planctomycetota,planctomycetia,isosphaerales,isosphaeraceae,singulisphaera,singulisphaera rosea
Zotu5442,0,0,0,0,0,0,0,0,bacteria,actinomycetota,actinomycetes,kitasatosporales,streptomycetaceae,streptomyces,streptomyces vastus
Zotu5443,0,7,24,0,0,0,0,0,bacteria,planctomycetota,planctomycetia,pirellulales,pirellulaceae,blastopirellula,blastopirellula marina
Zotu5444,0,0,0,0,0,0,0,0,bacteria,actinomycetota,thermoleophilia,solirubrobacterales,solirubrobacteraceae,solirubrobacter,solirubrobacter phytolaccae
Zotu5445,0,0,0,0,0,0,0,0,bacteria,bacteroidota,cytophagia,cytophagales,hymenobacteraceae,adhaeribacter,adhaeribacter aquaticus
Zotu5446,0,0,0,1,0,0,0,0,bacteria,pseudomonadota,alphaproteobacteria,hyphomicrobiales,methylobacteriaceae,microvirga,microvirga thermotolerans
Zotu5448,0,0,0,0,0,0,0,0,bacteria,planctomycetota,planctomycetia,planctomycetales,planctomycetaceae,planctopirus,planctopirus limnophila
Zotu5449,0,0,0,0,0,0,0,0,bacteria,pseudomonadota,gammaproteobacteria,nevskiales,nevskiaceae,panacagrimonas,panacagrimonas perspica
Zotu5450,0,1,0,0,1,0,0,0,bacteria,bacteroidota,chitinophagia,chitinophagales,chitinophagaceae,segetibacter,segetibacter koreensis
Zotu5451,2,0,0,0,0,0,0,8,bacteria,actinomycetota,acidimicrobiia,acidimicrobiales,iamiaceae,actinomarinicola,actinomarinicola tropica
Zotu5452,0,0,0,0,0,0,0,0,bacteria,pseudomonadota,deltaproteobacteria,myxococcales,anaeromyxobacteraceae,anaeromyxobacter,anaeromyxobacter dehalogenans
Zotu5453,0,0,0,0,0,0,0,0,bacteria,pseudomonadota,betaproteobacteria,rhodocyclales,zoogloeaceae,azoarcus,azoarcus indigens
Zotu5454,1,0,7,0,18,0,7,0,bacteria,actinomycetota,actinomycetia,streptomycetales,streptomycetaceae,streptomyces,streptomyces glaucosporus
Zotu5455,0,0,28,0,0,0,0,1,bacteria,candidatus melainabacteria,vampirovibriophyceae,vampirovibrionales,vampirovibrionales,vampirovibrio,vampirovibrio chlorellavorus
Zotu5456,6,2,0,0,15,0,0,0,bacteria,gemmatimonadota,longimicrobiia,longimicrobiales,longimicrobiaceae,longimicrobium,longimicrobium terrae
Zotu5457,6,0,0,1,0,1,0,0,bacteria,acidobacteriota,vicinamibacteria,vicinamibacterales,vicinamibacteraceae,vicinamibacter,vicinamibacter silvestris
Zotu5458,0,0,0,0,0,0,0,6,bacteria,bacteroidota,cytophagia,cytophagales,hymenobacteraceae,pontibacter,pontibacter korlensis
Zotu5459,0,0,0,0,0,0,0,0,bacteria,bacillota,bacillota,bacillota,bacillota,capillibacterium,capillibacterium thermochitinicola
Zotu5460,0,0,0,1,0,0,0,1,bacteria,elusimicrobiota,endomicrobiia,endomicrobiales,endomicrobiaceae,endomicrobium,endomicrobium proavitum
Zotu5461,0,0,0,0,0,0,0,0,bacteria,pseudomonadota,gammaproteobacteria,steroidobacterales,steroidobacteraceae,steroidobacter,steroidobacter agaridevorans
Zotu5462,0,0,0,0,0,0,0,0,archaea,methanobacteriota,methanobacteria,methanobacteriales,methanobacteriaceae,methanobacterium,methanobacterium subterraneum
Zotu5463,2,0,0,1,1,0,2,32,bacteria,actinomycetota,actinomycetes,acidothermales,acidothermaceae,acidothermus,acidothermus cellulolyticus
Zotu5464,0,0,0,0,0,0,0,0,bacteria,pseudomonadota,betaproteobacteria,rhodocyclales,zoogloeaceae,thauera,thauera mechernichensis
Zotu5466,0,0,0,0,0,0,0,0,bacteria,chloroflexota,chloroflexia,kallotenuales,kallotenuaceae,kallotenue,kallotenue papyrolyticum
Zotu5467,0,0,0,1,0,0,0,0,bacteria,actinomycetota,actinomycetes,micrococcales,microbacteriaceae,microbacterium,microbacterium lacusdiani
Zotu5468,0,0,0,0,0,0,0,0,bacteria,bacillota,clostridia,eubacteriales,clostridiaceae,fervidicella,fervidicella metallireducens
Zotu5469,0,0,0,0,0,0,0,0,bacteria,bacteroidota,cytophagia,cytophagales,hymenobacteraceae,pontibacter,pontibacter jeungdoensis
Zotu5470,0,0,0,0,0,0,0,0,bacteria,abditibacteriota,abditibacteriia,abditibacteriales,abditibacteriaceae,abditibacterium,abditibacterium utsteinense
Zotu5471,0,0,1,0,1,5,18,1,bacteria,actinomycetota,acidimicrobiia,acidimicrobiales,acidimicrobiaceae,aciditerrimonas,aciditerrimonas ferrireducens
Zotu5472,0,0,0,1,0,0,0,0,bacteria,rhodothermota,rhodothermia,rhodothermales,salisaetaceae,roseithermus,roseithermus sacchariphilus
Zotu5473,1,14,25,0,0,0,0,0,bacteria,planctomycetota,planctomycetia,gemmatales,gemmataceae,gemmata,gemmata palustris
Zotu5474,0,0,0,0,16,11,1,0,bacteria,pseudomonadota,gammaproteobacteria,chromatiales,ectothiorhodospiraceae,ectothiorhodospira,ectothiorhodospira imhoffii
Zotu5476,0,0,0,0,0,0,0,0,bacteria,bacteroidota,chitinophagia,chitinophagales,chitinophagaceae,flavisolibacter,flavisolibacter galbus
Zotu5477,9,0,5,0,0,0,4,0,bacteria,actinomycetota,thermoleophilia,thermoleophilales,thermoleophilaceae,thermoleophilum,thermoleophilum album
Zotu5478,0,1,0,1,0,1,0,0,bacteria,actinomycetota,actinomycetes,geodermatophilales,geodermatophilaceae,blastococcus,blastococcus saxobsidens
Zotu5479,0,0,0,0,0,0,0,0,bacteria,pseudomonadota,alphaproteobacteria,hyphomicrobiales,methylobacteriaceae,microvirga,microvirga vignae
Zotu5480,0,0,0,0,0,0,0,0,bacteria,actinomycetota,rubrobacteria,gaiellales,gaiellaceae,gaiella,gaiella occulta
Zotu5481,0,0,0,2,0,0,0,0,bacteria,actinomycetota,thermoleophilia,solirubrobacterales,conexibacteraceae,conexibacter,conexibacter arvalis
Zotu5482,18,10,11,0,0,0,1,0,bacteria,gemmatimonadota,gemmatimonadetes,gemmatimonadales,gemmatimonadaceae,gemmatirosa,gemmatirosa kalamazoonensis
Zotu5483,0,22,1,0,0,0,0,0,archaea,methanobacteriota,thermoplasmata,methanomassiliicoccales,methanomassiliicoccaceae,methanomassiliicoccus,candidatus methanomassiliicoccus intestinalis
Zotu5484,0,0,0,0,1,0,0,0,bacteria,pseudomonadota,alphaproteobacteria,sphingomonadales,sphingomonadaceae,novosphingobium,novosphingobium sediminicola
Zotu5485,0,1,0,0,1,0,0,0,bacteria,bacillota,clostridia,thermosediminibacterales,thermosediminibacteraceae,thermovenabulum,thermovenabulum gondwanense
Zotu5486,0,0,0,0,0,0,0,0,bacteria,bacteroidota,bacteroidia,marinilabiliales,prolixibacteraceae,prolixibacter,prolixibacter bellariivorans
Zotu5487,0,0,0,0,0,0,0,0,bacteria,gemmatimonadota,gemmatimonadetes,gemmatimonadales,gemmatimonadaceae,roseisolibacter,roseisolibacter agri
Zotu5488,5,2,12,0,0,0,0,0,bacteria,actinomycetota,rubrobacteria,rubrobacterales,rubrobacteraceae,rubrobacter,rubrobacter naiadicus
Zotu5489,0,0,0,0,0,0,0,0,bacteria,pseudomonadota,gammaproteobacteria,acidiferrobacterales,acidiferrobacteraceae,sulfurifustis,sulfurifustis variabilis
Zotu5491,0,0,0,0,0,0,0,0,bacteria,bacteroidota,cytophagia,cytophagales,fulvivirgaceae,ohtaekwangia,ohtaekwangia koreensis
Zotu5492,0,0,1,0,0,1,1,0,bacteria,chloroflexota,anaerolineae,anaerolineales,anaerolineaceae,longilinea,longilinea arvoryzae
Zotu5493,0,0,0,0,0,0,0,0,bacteria,planctomycetota,planctomycetia,gemmatales,gemmataceae,limnoglobus,limnoglobus roseus
Zotu5494,0,0,0,0,0,0,0,0,bacteria,bacteroidota,cytophagia,cytophagales,hymenobacteraceae,pontibacter,pontibacter silvestris
Zotu5495,0,0,9,0,0,6,3,2,bacteria,actinomycetota,thermoleophilia,solirubrobacterales,solirubrobacteraceae,solirubrobacter,solirubrobacter phytolaccae
Zotu5496,0,0,0,0,0,0,0,0,bacteria,actinomycetota,rubrobacteria,gaiellales,gaiellaceae,gaiella,gaiella occulta
Zotu5497,0,0,0,0,0,1,0,4,bacteria,pseudomonadota,alphaproteobacteria,sphingomonadales,sphingosinicellaceae,sphingosinicella,sphingosinicella ginsenosidimutans
Zotu5498,0,6,0,0,0,0,0,0,bacteria,pseudomonadota,deltaproteobacteria,myxococcales,anaeromyxobacteraceae,anaeromyxobacter,anaeromyxobacter dehalogenans
Zotu5499,0,0,0,0,0,0,0,0,archaea,methanobacteriota,thermoplasmata,methanomassiliicoccales,methanomassiliicoccaceae,methanomassiliicoccus,candidatus methanomassiliicoccus intestinalis
Zotu5501,0,0,0,0,0,0,0,0,bacteria,bacillota,clostridia,eubacteriales,symbiobacteriaceae,symbiobacterium,symbiobacterium terraclitae
Zotu5503,0,0,0,1,0,0,0,0,bacteria,actinomycetota,rubrobacteria,gaiellales,gaiellaceae,gaiella,gaiella occulta
Zotu5504,0,9,20,0,0,0,0,0,bacteria,planctomycetota,phycisphaerae,phycisphaerales,phycisphaeraceae,mucisphaera,mucisphaera calidilacus
Zotu5505,0,0,0,0,0,0,0,1,bacteria,pseudomonadota,betaproteobacteria,burkholderiales,burkholderiales,leptothrix,leptothrix mobilis
Zotu5506,0,0,0,0,0,0,0,0,bacteria,actinomycetota,actinomycetes,bifidobacteriales,bifidobacteriaceae,bifidobacterium,bifidobacterium porcinum
Zotu5507,1,0,36,0,0,0,0,0,archaea,methanobacteriota,thermoplasmata,methanomassiliicoccales,methanomassiliicoccaceae,methanomassiliicoccus,candidatus methanomassiliicoccus intestinalis
Zotu5510,0,0,0,0,1,0,0,0,bacteria,actinomycetota,rubrobacteria,gaiellales,gaiellaceae,gaiella,gaiella occulta
Zotu5511,0,0,0,0,0,2,19,13,bacteria,planctomycetota,planctomycetia,gemmatales,gemmataceae,fimbriiglobus,fimbriiglobus ruber
Zotu5512,0,0,0,0,0,0,0,0,bacteria,planctomycetota,planctomycetia,pirellulales,lacipirellulaceae,pirellulimonas,pirellulimonas nuda
Zotu5513,0,0,0,0,0,0,0,0,bacteria,verrucomicrobiota,opitutae,opitutales,opitutaceae,opitutus,opitutus terrae
Zotu5514,0,0,0,0,0,0,0,0,bacteria,pseudomonadota,alphaproteobacteria,sphingomonadales,sphingomonadaceae,sphingomonas,sphingomonas palustris
Zotu5515,0,0,0,0,0,0,0,0,bacteria,actinomycetota,rubrobacteria,gaiellales,gaiellaceae,gaiella,gaiella occulta
Zotu5516,1,0,0,0,0,1,0,0,bacteria,pseudomonadota,alphaproteobacteria,hyphomicrobiales,hyphomicrobiales,pseudorhodoplanes,pseudorhodoplanes sinuspersici
Zotu5517,0,0,0,0,0,0,0,0,bacteria,chloroflexota,chloroflexia,chloroflexales,roseiflexaceae,kouleothrix,kouleothrix aurantiaca
Zotu5518,0,0,0,0,0,0,0,0,bacteria,pseudomonadota,alphaproteobacteria,sphingomonadales,sphingomonadaceae,novosphingobium,novosphingobium arabidopsis
Zotu5519,0,0,0,0,0,0,0,0,bacteria,rhodothermota,rhodothermia,rhodothermales,rhodothermaceae,rhodocaloribacter,rhodocaloribacter litoris
Zotu5521,0,0,0,0,0,0,0,0,bacteria,pseudomonadota,gammaproteobacteria,nevskiales,nevskiaceae,hydrocarboniphaga,hydrocarboniphaga daqingensis
Zotu5522,0,0,0,0,0,0,0,3,bacteria,actinomycetota,actinomycetes,geodermatophilales,geodermatophilaceae,geodermatophilus,geodermatophilus nigrescens
Zotu5523,0,0,0,0,0,0,0,0,bacteria,thermodesulfobacteriota,desulfuromonadia,desulfuromonadales,desulfuromonadaceae,pelobacter,pelobacter propionicus
Zotu5524,1,0,17,0,0,1,0,0,bacteria,planctomycetota,candidatus brocadiia,candidatus brocadiales,candidatus brocadiaceae,candidatus brocadia,candidatus brocadia caroliniensis
Zotu5525,1,0,13,0,0,0,12,0,bacteria,actinomycetota,thermoleophilia,solirubrobacterales,solirubrobacteraceae,solirubrobacter,solirubrobacter ginsenosidimutans
Zotu5526,0,0,0,0,0,0,0,1,bacteria,pseudomonadota,betaproteobacteria,burkholderiales,sphaerotilaceae,caldimonas,schlegelella koreensis
Zotu5527,0,0,0,0,0,0,1,0,bacteria,pseudomonadota,deltaproteobacteria,myxococcales,anaeromyxobacteraceae,anaeromyxobacter,anaeromyxobacter dehalogenans
Zotu5528,0,0,1,0,0,0,8,6,bacteria,pseudomonadota,alphaproteobacteria,hyphomicrobiales,propylenellaceae,propylenella,propylenella binzhouense
Zotu5529,15,5,1,0,0,0,0,0,bacteria,planctomycetota,candidatus brocadiia,candidatus brocadiales,candidatus brocadiaceae,candidatus kuenenia,candidatus kuenenia stuttgartiensis
Zotu5530,0,0,0,0,0,0,0,0,bacteria,bacteroidota,chitinophagia,chitinophagales,chitinophagaceae,flavisolibacter,flavisolibacter carri
Zotu5531,0,0,1,0,46,0,0,0,archaea,methanobacteriota,thermoplasmata,methanomassiliicoccales,methanomassiliicoccaceae,methanomassiliicoccus,candidatus methanomassiliicoccus intestinalis
Zotu5532,0,0,0,0,0,0,0,0,bacteria,thermodesulfobacteriota,desulfovibrionia,desulfovibrionales,desulfohalobiaceae,desulfohalophilus,desulfohalophilus alkaliarsenatis
Zotu5533,1,0,0,0,0,0,13,0,bacteria,bacillota,clostridia,eubacteriales,clostridiales family xvii. incertae sedis,thermaerobacter,thermaerobacter composti
Zotu5534,0,0,0,0,0,0,0,1,bacteria,bacteroidota,chitinophagia,chitinophagales,chitinophagaceae,flavisolibacter,flavisolibacter metallilatus
Zotu5536,0,0,0,0,0,0,0,0,bacteria,actinomycetota,thermoleophilia,thermoleophilales,thermoleophilaceae,thermoleophilum,thermoleophilum album
Zotu5537,0,0,0,0,13,0,0,0,bacteria,gemmatimonadota,gemmatimonadetes,gemmatimonadales,gemmatimonadaceae,roseisolibacter,roseisolibacter agri
Zotu5538,0,0,0,0,0,0,0,6,bacteria,actinomycetota,nitriliruptoria,euzebyales,euzebyaceae,euzebya,euzebya pacifica
Zotu5539,0,0,0,0,0,0,0,0,bacteria,bacteroidota,cytophagia,cytophagales,fulvivirgaceae,ohtaekwangia,ohtaekwangia koreensis
Zotu5540,0,0,0,21,0,0,0,0,bacteria,actinomycetota,thermoleophilia,solirubrobacterales,baekduiaceae,baekduia,baekduia soli
Zotu5542,0,0,0,0,0,0,0,0,bacteria,actinomycetota,thermoleophilia,solirubrobacterales,solirubrobacteraceae,solirubrobacter,solirubrobacter phytolaccae
Zotu5543,0,0,0,0,0,0,8,3,bacteria,gemmatimonadota,longimicrobiia,longimicrobiales,longimicrobiaceae,longimicrobium,longimicrobium terrae
Zotu5544,2,1,0,0,0,0,0,0,bacteria,actinomycetota,rubrobacteria,rubrobacterales,rubrobacteraceae,rubrobacter,rubrobacter naiadicus
Zotu5545,0,0,0,0,0,0,0,0,bacteria,bacillota,clostridia,eubacteriales,peptococcaceae,desulforamulus,desulforamulus ferrireducens
Zotu5546,0,0,0,0,0,0,0,0,bacteria,pseudomonadota,gammaproteobacteria,alteromonadales,alteromonadaceae,alishewanella,alishewanella tabrizica
Zotu5547,0,0,1,0,0,0,7,35,bacteria,chloroflexota,chloroflexia,herpetosiphonales,herpetosiphonaceae,herpetosiphon,herpetosiphon aurantiacus
Zotu5548,0,0,0,0,0,0,0,0,bacteria,actinomycetota,actinomycetia,pseudonocardiales,pseudonocardiaceae,pseudonocardia,pseudonocardia zijingensis
Zotu5549,0,0,0,0,0,0,0,1,bacteria,pseudomonadota,gammaproteobacteria,cellvibrionales,cellvibrionaceae,cellvibrio,cellvibrio fibrivorans
Zotu5550,1,1,17,0,0,0,0,0,bacteria,gemmatimonadota,longimicrobiia,longimicrobiales,longimicrobiaceae,longimicrobium,longimicrobium terrae
Zotu5551,0,0,0,0,0,0,0,0,bacteria,actinomycetota,actinomycetes,mycobacteriales,nocardiaceae,nocardia,nocardia goodfellowii
Zotu5552,0,0,0,0,0,0,0,0,bacteria,myxococcota,myxococcia,myxococcales,vulgatibacteraceae,vulgatibacter,vulgatibacter incomptus
Zotu5553,22,0,0,0,0,0,0,0,archaea,methanobacteriota,thermoplasmata,methanomassiliicoccales,methanomassiliicoccaceae,methanomassiliicoccus,candidatus methanomassiliicoccus intestinalis
Zotu5554,0,27,0,0,0,0,1,0,bacteria,planctomycetota,phycisphaerae,tepidisphaerales,tepidisphaeraceae,tepidisphaera,tepidisphaera mucosa
Zotu5555,2,0,0,0,5,0,0,0,bacteria,acidobacteriota,vicinamibacteria,vicinamibacterales,vicinamibacteraceae,luteitalea,luteitalea pratensis
Zotu5556,11,15,0,0,1,0,1,0,bacteria,verrucomicrobiota,verrucomicrobiae,verrucomicrobiales,verrucomicrobia subdivision 3,pedosphaera,pedosphaera parvula
Zotu5557,0,0,0,0,0,0,1,0,bacteria,bacteroidota,cytophagia,cytophagales,hymenobacteraceae,adhaeribacter,adhaeribacter aerophilus
Zotu5558,0,0,0,0,0,0,19,0,bacteria,thermodesulfobacteriota,desulfuromonadia,geobacterales,geobacteraceae,geobacter,geobacter sulfurreducens
Zotu5559,0,0,0,0,0,0,0,0,bacteria,pseudomonadota,alphaproteobacteria,geminicoccales,geminicoccaceae,arboricoccus,arboricoccus pini
Zotu5560,0,0,0,0,0,0,0,0,bacteria,bacillota,bacilli,bacillales,paenibacillaceae,paenibacillus,paenibacillus antri
Zotu5561,0,0,0,0,0,0,0,12,bacteria,pseudomonadota,alphaproteobacteria,sphingomonadales,sphingosinicellaceae,sphingosinicella,sphingosinicella humi
Zotu5562,0,0,0,0,0,4,1,0,bacteria,pseudomonadota,deltaproteobacteria,myxococcales,kofleriaceae,kofleria,kofleria flava
Zotu5563,0,0,0,0,0,0,0,0,bacteria,pseudomonadota,alphaproteobacteria,hyphomicrobiales,phyllobacteriaceae,mesorhizobium,mesorhizobium terrae
Zotu5564,0,0,0,0,0,0,0,0,bacteria,pseudomonadota,alphaproteobacteria,sphingomonadales,sphingomonadaceae,sphingomonas,sphingomonas rhizophila
Zotu5565,0,0,0,0,0,0,0,0,bacteria,bacteroidota,cytophagia,cytophagales,hymenobacteraceae,pontibacter,pontibacter populi
Zotu5566,0,0,0,0,0,0,0,0,bacteria,bacteroidota,chitinophagia,chitinophagales,chitinophagaceae,segetibacter,segetibacter koreensis
Zotu5567,0,0,0,0,0,0,0,0,bacteria,bacillota,clostridia,eubacteriales,desulfotomaculaceae,pelotomaculum,pelotomaculum terephthalicicum
Zotu5568,0,0,0,0,0,0,0,0,bacteria,pseudomonadota,alphaproteobacteria,rhodospirillales,acetobacteraceae,sediminicoccus,sediminicoccus rosea
Zotu5569,0,0,0,0,0,0,0,0,bacteria,bacteroidota,chitinophagia,chitinophagales,chitinophagaceae,flavisolibacter,flavisolibacter carri
Zotu5570,0,0,0,0,0,0,0,0,bacteria,gemmatimonadota,longimicrobiia,longimicrobiales,longimicrobiaceae,longimicrobium,longimicrobium terrae
Zotu5571,0,0,0,1,0,0,0,0,bacteria,pseudomonadota,betaproteobacteria,burkholderiales,alcaligenaceae,bordetella,bordetella bronchiseptica
Zotu5572,1,7,11,0,1,1,0,13,bacteria,bacillota,clostridia,eubacteriales,symbiobacteriaceae,symbiobacterium,symbiobacterium terraclitae
Zotu5573,2,1,0,0,14,0,1,0,bacteria,actinomycetota,thermoleophilia,solirubrobacterales,capillimicrobiaceae,capillimicrobium,capillimicrobium parvum
Zotu5574,0,0,0,0,0,14,0,0,bacteria,actinomycetota,rubrobacteria,gaiellales,gaiellaceae,gaiella,gaiella occulta
Zotu5575,0,0,0,0,19,0,0,0,bacteria,pseudomonadota,alphaproteobacteria,alphaproteobacteria,alphaproteobacteria,candidatus monilibacter,candidatus monilibacter batavus
Zotu5576,0,0,0,0,29,0,0,0,bacteria,pseudomonadota,alphaproteobacteria,hyphomicrobiales,salinarimonadaceae,salinarimonas,salinarimonas ramus
Zotu5577,0,0,0,0,0,0,4,1,bacteria,actinomycetota,actinomycetes,pseudonocardiales,pseudonocardiaceae,pseudonocardia,pseudonocardia hispaniensis
Zotu5578,7,7,0,0,0,0,0,0,archaea,methanobacteriota,thermoplasmata,methanomassiliicoccales,methanomassiliicoccaceae,methanomassiliicoccus,candidatus methanomassiliicoccus intestinalis
Zotu5579,3,0,9,0,0,1,0,0,bacteria,bacillota,clostridia,moorellales,moorellaceae,moorella,moorella glycerini
Zotu5580,0,0,1,0,0,0,0,0,bacteria,chloroflexota,chloroflexia,kallotenuales,kallotenuaceae,kallotenue,kallotenue papyrolyticum
Zotu5581,5,0,0,0,0,0,0,1,bacteria,bacillota,bacilli,bacillales,paenibacillaceae,paenibacillus,bacillus edaphicus
Zotu5582,0,0,0,0,1,0,0,0,bacteria,thermodesulfobacteriota,syntrophobacteria,syntrophobacterales,syntrophobacteraceae,desulfoferrobacter,desulfoferrobacter suflitae
Zotu5583,0,0,0,0,0,0,0,0,bacteria,planctomycetota,phycisphaerae,tepidisphaerales,tepidisphaeraceae,tepidisphaera,tepidisphaera mucosa
Zotu5584,0,0,0,0,0,0,0,0,bacteria,verrucomicrobiota,verrucomicrobiae,verrucomicrobiales,verrucomicrobia subdivision 3,pedosphaera,pedosphaera parvula
Zotu5585,0,0,0,0,0,0,0,0,bacteria,bacteroidota,chitinophagia,chitinophagales,chitinophagaceae,aridibaculum,aridibaculum aurantiacum
Zotu5586,1,0,0,0,0,1,0,0,bacteria,actinomycetota,thermoleophilia,solirubrobacterales,conexibacteraceae,conexibacter,conexibacter arvalis
Zotu5587,0,0,0,0,0,0,0,0,bacteria,verrucomicrobiota,spartobacteria,chthoniobacterales,chthoniobacteraceae,chthoniobacter,chthoniobacter flavus
Zotu5588,0,0,0,0,0,0,0,0,bacteria,bacteroidota,flavobacteriia,flavobacteriales,weeksellaceae,cloacibacterium,cloacibacterium normanense
Zotu5589,2,0,0,0,0,1,0,0,bacteria,bacillota,clostridia,eubacteriales,symbiobacteriaceae,symbiobacterium,symbiobacterium terraclitae
Zotu5590,2,0,0,0,0,0,0,0,bacteria,verrucomicrobiota,verrucomicrobiae,verrucomicrobiales,verrucomicrobia subdivision 3,pedosphaera,pedosphaera parvula
Zotu5591,18,8,0,0,0,9,0,0,archaea,methanobacteriota,thermoplasmata,methanomassiliicoccales,methanomassiliicoccaceae,methanomassiliicoccus,candidatus methanomassiliicoccus intestinalis
Zotu5592,0,0,0,0,0,0,0,0,bacteria,pseudomonadota,alphaproteobacteria,rhodospirillales,azospirillaceae,skermanella,skermanella rosea
Zotu5593,0,0,0,0,0,0,0,0,bacteria,pseudomonadota,betaproteobacteria,burkholderiales,burkholderiaceae,burkholderia,burkholderia sordidicola
Zotu5594,0,0,0,0,0,0,0,0,bacteria,planctomycetota,candidatus brocadiia,candidatus brocadiales,candidatus brocadiaceae,candidatus kuenenia,candidatus kuenenia stuttgartiensis
Zotu5595,0,0,0,0,0,0,7,4,bacteria,actinomycetota,thermoleophilia,solirubrobacterales,solirubrobacteraceae,solirubrobacter,solirubrobacter phytolaccae
Zotu5596,0,0,0,0,0,0,0,0,bacteria,bacteroidota,chitinophagia,chitinophagales,chitinophagaceae,segetibacter,segetibacter aerophilus
Zotu5597,0,0,0,0,0,13,0,0,bacteria,elusimicrobiota,endomicrobia,endomicrobiales,endomicrobiaceae,candidatus endomicrobium,candidatus endomicrobium pyrsonymphae
Zotu5598,0,0,0,0,0,0,0,0,bacteria,chloroflexota,chloroflexia,chloroflexales,oscillochloridaceae,oscillochloris,oscillochloris trichoides
Zotu5599,2,0,0,0,0,0,0,0,bacteria,actinomycetota,thermoleophilia,solirubrobacterales,conexibacteraceae,conexibacter,conexibacter arvalis
Zotu5600,0,0,0,0,0,1,0,0,bacteria,bacteroidota,chitinophagia,chitinophagales,chitinophagaceae,segetibacter,segetibacter koreensis
Zotu5601,0,0,0,0,19,0,0,0,bacteria,actinomycetota,rubrobacteria,rubrobacterales,rubrobacteraceae,rubrobacter,rubrobacter naiadicus
Zotu5602,0,0,0,0,0,0,0,0,bacteria,pseudomonadota,alphaproteobacteria,rhodobacterales,roseobacteraceae,rubellimicrobium,rubellimicrobium aerolatum
Zotu5603,0,0,0,0,0,0,0,0,bacteria,cyanobacteriota,cyanophyceae,chroococcales,chroococcaceae,cryptococcum,cryptococcum komarkovae
Zotu5604,4,0,0,0,0,0,0,0,bacteria,bacillota,clostridia,eubacteriales,symbiobacteriaceae,symbiobacterium,symbiobacterium terraclitae
Zotu5605,0,0,1,0,0,0,0,0,bacteria,pseudomonadota,alphaproteobacteria,sphingomonadales,sphingomonadaceae,sphingomonas,sphingomonas humi
Zotu5606,0,2,0,0,0,0,0,3,bacteria,actinomycetota,thermoleophilia,solirubrobacterales,solirubrobacteraceae,solirubrobacter,solirubrobacter ginsenosidimutans
Zotu5607,0,0,0,0,26,1,0,0,bacteria,chloroflexota,tepidiformia,tepidiformales,tepidiformaceae,tepidiforma,tepidiforma bonchosmolovskayae
Zotu5608,0,0,0,0,0,0,0,0,bacteria,bacteroidota,cytophagia,cytophagales,cytophagaceae,rhodocytophaga,rhodocytophaga rosea
Zotu5609,0,0,0,0,0,0,0,0,bacteria,actinomycetota,actinomycetes,micromonosporales,micromonosporaceae,actinocatenispora,actinocatenispora sera
Zotu5610,0,0,1,0,0,1,0,0,bacteria,chloroflexota,chloroflexia,herpetosiphonales,herpetosiphonaceae,herpetosiphon,herpetosiphon aurantiacus
Zotu5611,1,0,0,0,0,1,0,41,bacteria,pseudomonadota,alphaproteobacteria,hyphomicrobiales,chelatococcaceae,chelatococcus,chelatococcus composti
Zotu5613,0,0,0,0,0,0,0,0,bacteria,actinomycetota,rubrobacteria,gaiellales,gaiellaceae,gaiella,gaiella occulta
Zotu5614,0,9,0,0,14,1,0,0,bacteria,actinomycetota,actinomycetes,pseudonocardiales,pseudonocardiaceae,saccharopolyspora,saccharopolyspora taberi
Zotu5615,0,0,0,0,0,0,0,0,bacteria,bacteroidota,cytophagia,cytophagales,fulvivirgaceae,ohtaekwangia,ohtaekwangia koreensis
Zotu5616,0,4,0,0,0,0,0,0,bacteria,pseudomonadota,betaproteobacteria,nitrosomonadales,methylophilaceae,methylobacillus,methylobacillus flagellatus
Zotu5617,0,0,0,0,0,0,0,0,bacteria,chloroflexota,chloroflexia,kallotenuales,kallotenuaceae,kallotenue,kallotenue papyrolyticum
Zotu5618,1,0,0,0,0,0,0,0,bacteria,bacteroidota,cytophagia,cytophagales,hymenobacteraceae,adhaeribacter,adhaeribacter rhizoryzae
Zotu5619,0,0,0,0,0,0,0,0,bacteria,bacteroidota,chitinophagia,chitinophagales,chitinophagaceae,flavisolibacter,flavisolibacter carri
Zotu5620,0,0,0,0,0,0,0,0,bacteria,actinomycetota,actinomycetes,pseudonocardiales,pseudonocardiaceae,labedaea,labedaea rhizosphaerae
Zotu5622,0,0,0,0,19,0,0,0,bacteria,ignavibacteriota,ignavibacteria,ignavibacteriales,ignavibacteriaceae,ignavibacterium,ignavibacterium album
Zotu5623,0,1,0,0,0,1,0,0,archaea,methanobacteriota,thermoplasmata,methanomassiliicoccales,methanomassiliicoccaceae,methanomassiliicoccus,candidatus methanomassiliicoccus intestinalis
Zotu5624,0,0,49,0,0,0,0,0,bacteria,planctomycetota,planctomycetia,gemmatales,gemmataceae,fimbriiglobus,fimbriiglobus ruber
Zotu5625,3,0,1,0,25,0,0,11,bacteria,planctomycetota,planctomycetia,pirellulales,lacipirellulaceae,bythopirellula,bythopirellula goksoeyrii
Zotu5626,0,0,0,1,0,0,0,0,bacteria,pseudomonadota,alphaproteobacteria,rhodobacterales,paracoccaceae,paracoccus,paracoccus haematequi
Zotu5627,0,0,0,0,0,0,0,0,bacteria,planctomycetota,planctomycetia,pirellulales,lacipirellulaceae,pirellulimonas,pirellulimonas nuda
Zotu5628,0,0,0,0,0,0,0,1,bacteria,chloroflexota,chloroflexota,chloroflexota,chloroflexota,thermobaculum,thermobaculum terrenum
Zotu5629,0,3,0,0,0,0,0,0,bacteria,bacillota,bacilli,bacillales,bacillaceae,bacillus,bacillus litoralis
Zotu5630,0,0,22,0,0,0,1,1,bacteria,pseudomonadota,oligoflexia,bdellovibrionales,bdellovibrionaceae,bdellovibrio,bdellovibrio bacteriovorus
Zotu5631,0,0,0,0,0,0,0,0,bacteria,chloroflexota,candidatus thermofonsia,phototrophicales,phototrophicaceae,phototrophicus,phototrophicus methaneseepsis
Zotu5632,0,0,0,0,0,0,0,0,bacteria,bacillota,clostridia,eubacteriales,clostridiaceae,clostridium,clostridium vulturis
Zotu5633,0,0,0,0,0,27,0,0,bacteria,planctomycetota,phycisphaerae,phycisphaerales,phycisphaeraceae,mucisphaera,mucisphaera calidilacus
Zotu5634,0,0,0,0,0,0,0,0,bacteria,actinomycetota,acidimicrobiia,acidimicrobiales,acidimicrobiaceae,aciditerrimonas,aciditerrimonas ferrireducens
Zotu5635,0,0,0,0,0,0,0,0,bacteria,deinococcota,deinococci,trueperales,trueperaceae,truepera,truepera radiovictrix
Zotu5636,0,0,0,0,0,0,0,0,bacteria,bacteroidota,cytophagia,cytophagales,hymenobacteraceae,adhaeribacter,adhaeribacter aerolatus
Zotu5637,3,0,0,0,0,1,0,0,bacteria,nitrospirota,nitrospira,nitrospirales,nitrospiraceae,nitrospira,nitrospira enrichment
Zotu5638,0,0,0,1,0,5,0,0,bacteria,actinomycetota,thermoleophilia,solirubrobacterales,solirubrobacteraceae,solirubrobacter,solirubrobacter phytolaccae
Zotu5639,0,0,0,0,0,0,0,0,archaea,methanobacteriota,thermococci,thermococcales,thermococcaceae,palaeococcus,palaeococcus helgesonii
Zotu5640,0,0,1,0,8,0,0,0,bacteria,actinomycetota,thermoleophilia,solirubrobacterales,parviterribacteraceae,parviterribacter,parviterribacter kavangonensis
Zotu5641,0,0,0,0,0,0,0,0,bacteria,planctomycetota,planctomycetia,pirellulales,pirellulaceae,anatilimnocola,anatilimnocola aggregata
Zotu5642,0,0,0,0,0,0,0,0,bacteria,pseudomonadota,alphaproteobacteria,rickettsiales,anaplasmataceae,wolbachia,wolbachia pipientis
Zotu5643,0,0,0,0,0,0,0,0,bacteria,actinomycetota,actinomycetes,pseudonocardiales,pseudonocardiaceae,crossiella,crossiella cryophila
Zotu5644,0,0,0,0,0,0,0,0,bacteria,pseudomonadota,alphaproteobacteria,hyphomicrobiales,xanthobacteraceae,xanthobacter,xanthobacter flavus
Zotu5645,0,0,0,0,0,0,0,0,bacteria,myxococcota,myxococcota,polyangiales,sandaracinaceae,sandaracinus,sandaracinus amylolyticus
Zotu5646,0,0,0,0,0,0,0,0,bacteria,actinomycetota,actinomycetes,micrococcales,promicromonosporaceae,isoptericola,isoptericola halotolerans
Zotu5647,18,1,0,0,0,0,0,0,bacteria,actinomycetota,rubrobacteria,rubrobacterales,rubrobacteraceae,rubrobacter,rubrobacter spartanus
Zotu5648,0,0,0,0,0,0,0,0,bacteria,bacillota,bacilli,bacillales,bacillaceae,melghiribacillus,melghiribacillus thermohalophilus
Zotu5649,1,0,0,0,0,0,0,0,bacteria,gemmatimonadota,gemmatimonadetes,gemmatimonadales,gemmatimonadaceae,gemmatimonas,gemmatimonas aurantiaca
Zotu5650,0,0,0,0,0,0,0,0,bacteria,actinomycetota,acidimicrobiia,acidimicrobiales,acidimicrobiaceae,acidithrix,acidithrix ferrooxidans
Zotu5651,0,0,0,0,0,0,0,0,bacteria,pseudomonadota,alphaproteobacteria,sphingomonadales,sphingomonadaceae,sphingomonas,sphingomonas humi
Zotu5652,6,9,0,3,0,0,0,0,bacteria,chloroflexota,anaerolineae,anaerolineales,anaerolineaceae,ornatilinea,ornatilinea apprima
Zotu5653,27,0,0,0,0,0,0,0,bacteria,acidobacteriota,acidobacteriia,bryobacterales,solibacteraceae,candidatus solibacter,candidatus solibacter usitatus
Zotu5654,0,0,0,0,0,0,0,0,bacteria,actinomycetota,rubrobacteria,rubrobacterales,rubrobacteraceae,rubrobacter,rubrobacter radiotolerans
Zotu5655,0,0,0,0,0,0,0,0,bacteria,bacillota,bacilli,bacillales,paenibacillaceae,paenibacillus,paenibacillus antri
Zotu5657,0,0,0,0,0,0,0,0,bacteria,planctomycetota,planctomycetia,pirellulales,pirellulaceae,lignipirellula,lignipirellula cremea
Zotu5658,0,0,0,0,0,0,0,0,bacteria,pseudomonadota,alphaproteobacteria,sphingomonadales,sphingomonadaceae,sphingomonas,sphingomonas populi
Zotu5659,0,0,0,1,0,0,0,0,bacteria,verrucomicrobiota,spartobacteria,chthoniobacterales,chthoniobacteraceae,chthoniobacter,chthoniobacter flavus
Zotu5660,0,0,0,0,0,0,0,0,bacteria,gemmatimonadota,longimicrobiia,longimicrobiales,longimicrobiaceae,longimicrobium,longimicrobium terrae
Zotu5661,0,0,0,0,17,5,3,2,bacteria,chloroflexota,anaerolineae,aggregatilineales,aggregatilineaceae,aggregatilinea,aggregatilinea lenta
Zotu5662,0,0,0,0,0,0,0,0,bacteria,actinomycetota,actinomycetes,pseudonocardiales,pseudonocardiaceae,saccharothrix,saccharothrix texasensis
Zotu5663,7,8,0,0,1,0,0,0,bacteria,gemmatimonadota,gemmatimonadetes,gemmatimonadales,gemmatimonadaceae,gemmatimonas,gemmatimonas phototrophica
Zotu5664,0,0,0,0,0,0,0,0,bacteria,chloroflexota,caldilineae,caldilineales,caldilineaceae,litorilinea,litorilinea aerophila
Zotu5665,0,2,0,0,0,0,0,0,bacteria,bacillota,clostridia,eubacteriales,symbiobacteriaceae,symbiobacterium,symbiobacterium ostreiconchae
Zotu5666,1,2,0,1,7,4,0,0,bacteria,acidobacteriota,vicinamibacteria,vicinamibacterales,vicinamibacteraceae,vicinamibacter,vicinamibacter silvestris
Zotu5667,0,0,1,0,15,1,0,0,bacteria,pseudomonadota,alphaproteobacteria,hyphomicrobiales,hyphomicrobiaceae,rhodoplanes,rhodoplanes elegans
Zotu5668,0,0,0,0,0,0,0,0,bacteria,verrucomicrobiota,verrucomicrobiae,verrucomicrobiales,verrucomicrobia subdivision 3,pedosphaera,pedosphaera parvula
Zotu5669,0,0,0,0,0,0,0,0,bacteria,verrucomicrobiota,spartobacteria,chthoniobacterales,chthoniobacteraceae,chthoniobacter,chthoniobacter flavus
Zotu5670,0,0,0,0,0,0,0,0,bacteria,chloroflexota,chloroflexia,kallotenuales,kallotenuaceae,kallotenue,kallotenue papyrolyticum
Zotu5671,0,0,0,1,0,0,0,9,bacteria,actinomycetota,acidimicrobiia,acidimicrobiales,iamiaceae,actinomarinicola,actinomarinicola tropica
Zotu5672,0,0,0,0,0,0,0,1,bacteria,bacillota,negativicutes,veillonellales,veillonellaceae,veillonella,veillonella atypica
Zotu5674,0,0,0,0,0,0,0,0,bacteria,chloroflexota,anaerolineae,anaerolineales,anaerolineaceae,longilinea,longilinea arvoryzae
Zotu5675,0,0,0,0,0,0,0,1,bacteria,thermodesulfobacteriota,desulfuromonadia,desulfuromonadales,desulfuromonadaceae,pelobacter,pelobacter seleniigenes
Zotu5676,0,0,0,0,0,0,0,0,bacteria,acidobacteriota,vicinamibacteria,vicinamibacterales,vicinamibacteraceae,luteitalea,luteitalea pratensis
Zotu5677,0,0,0,0,0,0,0,0,bacteria,chloroflexota,chloroflexia,kallotenuales,kallotenuaceae,kallotenue,kallotenue papyrolyticum
Zotu5678,0,0,0,17,0,0,0,0,bacteria,bacillota,clostridia,eubacteriales,peptococcaceae,desulforamulus,desulforamulus ferrireducens
Zotu5679,0,0,0,0,0,0,0,0,bacteria,actinomycetota,nitriliruptoria,euzebyales,euzebyaceae,euzebya,euzebya pacifica
Zotu5680,0,0,0,0,0,0,0,0,bacteria,pseudomonadota,alphaproteobacteria,rhodospirillales,azospirillaceae,skermanella,skermanella rosea
Zotu5681,0,0,0,0,1,11,0,0,bacteria,bacillota,clostridia,eubacteriales,syntrophomonadaceae,syntrophothermus,syntrophothermus lipocalidus
Zotu5682,0,0,1,0,0,0,1,0,bacteria,gemmatimonadota,gemmatimonadetes,gemmatimonadales,gemmatimonadaceae,gemmatimonas,gemmatimonas aurantiaca
Zotu5683,0,0,0,0,0,0,0,0,bacteria,bacillota,clostridia,eubacteriales,symbiobacteriaceae,symbiobacterium,symbiobacterium terraclitae
Zotu5684,0,0,0,0,0,0,0,0,bacteria,acidobacteriota,vicinamibacteria,vicinamibacterales,vicinamibacteraceae,luteitalea,luteitalea pratensis
Zotu5685,0,0,0,0,0,0,0,0,bacteria,gemmatimonadota,longimicrobiia,longimicrobiales,longimicrobiaceae,longimicrobium,longimicrobium terrae
Zotu5686,0,0,0,0,0,0,0,0,archaea,methanobacteriota,methanococci,methanococcales,methanococcaceae,methanococcus,methanococcus maripaludis
Zotu5687,13,0,0,0,0,0,0,0,bacteria,bacteroidota,sphingobacteriia,sphingobacteriales,aurantibacillaceae,aurantibacillus,aurantibacillus circumpalustris
Zotu5688,0,0,0,0,0,0,0,0,bacteria,cyanobacteriota,cyanobacteria,pseudanabaenales,leptolyngbyaceae,phormidesmis,phormidesmis priestleyi
Zotu5689,14,20,1,1,0,0,0,0,bacteria,planctomycetota,planctomycetia,pirellulales,pirellulaceae,candidatus anammoximicrobium,candidatus anammoximicrobium moscowii
Zotu5690,11,0,0,1,0,0,0,0,bacteria,acidobacteriota,vicinamibacteria,vicinamibacterales,vicinamibacteraceae,luteitalea,luteitalea pratensis
Zotu5691,14,3,0,0,0,0,11,0,bacteria,pseudomonadota,gammaproteobacteria,gammaproteobacteria,gammaproteobacteria,acidibacter,acidibacter ferrireducens
Zotu5692,0,1,0,0,14,0,0,0,bacteria,acidobacteriota,thermoanaerobaculia,thermoanaerobaculales,thermoanaerobaculaceae,thermoanaerobaculum,thermoanaerobaculum aquaticum
Zotu5693,0,0,0,0,0,0,0,0,bacteria,chloroflexota,chloroflexia,herpetosiphonales,herpetosiphonaceae,herpetosiphon,herpetosiphon aurantiacus
Zotu5694,0,0,0,0,0,0,0,0,bacteria,pseudomonadota,alphaproteobacteria,sphingomonadales,sphingosinicellaceae,sphingoaurantiacus,sphingoaurantiacus polygranulatus
Zotu5695,0,0,0,0,1,12,1,0,bacteria,thermodesulfobacteriota,desulfuromonadia,geobacterales,geobacteraceae,geobacter,geobacter argillaceus
Zotu5696,0,0,0,0,0,0,0,0,bacteria,bacteroidota,chitinophagia,chitinophagales,chitinophagaceae,segetibacter,segetibacter aerophilus
Zotu5697,0,0,0,0,0,0,0,0,bacteria,verrucomicrobiota,opitutae,opitutales,opitutaceae,lacunisphaera,lacunisphaera limnophila
Zotu5698,0,0,14,0,0,0,0,0,archaea,methanobacteriota,methanococci,methanococcales,methanocaldococcaceae,methanocaldococcus,methanocaldococcus villosus
Zotu5699,0,0,0,0,0,0,0,0,bacteria,planctomycetota,phycisphaerae,tepidisphaerales,tepidisphaeraceae,tepidisphaera,tepidisphaera mucosa
Zotu5700,0,0,1,1,0,0,0,0,bacteria,gemmatimonadota,gemmatimonadetes,gemmatimonadales,gemmatimonadaceae,roseisolibacter,roseisolibacter agri
Zotu5701,0,0,0,0,0,0,0,0,bacteria,bacillota,bacilli,bacillales,paenibacillaceae,brevibacillus,brevibacillus borstelensis
Zotu5702,0,0,0,0,0,0,0,0,bacteria,verrucomicrobiota,verrucomicrobiae,verrucomicrobiales,verrucomicrobia subdivision 3,pedosphaera,pedosphaera parvula
Zotu5703,0,0,41,0,0,0,2,0,archaea,methanobacteriota,thermoplasmata,methanomassiliicoccales,methanomassiliicoccaceae,methanomassiliicoccus,candidatus methanomassiliicoccus intestinalis
Zotu5704,0,1,0,0,10,0,0,0,bacteria,actinomycetota,thermoleophilia,solirubrobacterales,parviterribacteraceae,parviterribacter,parviterribacter kavangonensis
Zotu5705,1,0,0,0,0,0,0,0,bacteria,actinomycetota,thermoleophilia,solirubrobacterales,solirubrobacteraceae,solirubrobacter,solirubrobacter phytolaccae
Zotu5706,0,0,0,0,0,0,0,0,bacteria,gemmatimonadota,longimicrobiia,longimicrobiales,longimicrobiaceae,longimicrobium,longimicrobium terrae
Zotu5707,0,0,0,0,0,0,0,0,bacteria,pseudomonadota,gammaproteobacteria,pasteurellales,pasteurellaceae,haemophilus,haemophilus parainfluenzae
Zotu5708,0,0,0,0,0,0,0,0,bacteria,actinomycetota,acidimicrobiia,acidimicrobiales,acidimicrobiaceae,aciditerrimonas,aciditerrimonas ferrireducens
Zotu5709,0,0,0,0,0,0,0,0,bacteria,pseudomonadota,alphaproteobacteria,rhodospirillales,azospirillaceae,skermanella,skermanella rosea
Zotu5710,0,0,0,0,0,0,0,0,bacteria,pseudomonadota,alphaproteobacteria,geminicoccales,geminicoccaceae,arboricoccus,arboricoccus pini
Zotu5711,5,6,0,0,0,0,12,1,bacteria,bacillota,clostridia,eubacteriales,symbiobacteriaceae,symbiobacterium,symbiobacterium terraclitae
Zotu5712,0,0,0,0,0,0,0,0,bacteria,pseudomonadota,alphaproteobacteria,sphingomonadales,sphingomonadaceae,sphingomonas,sphingomonas flava
Zotu5713,1,0,1,1,0,0,0,0,bacteria,acidobacteriota,thermoanaerobaculia,thermoanaerobaculales,thermoanaerobaculaceae,thermoanaerobaculum,thermoanaerobaculum aquaticum
Zotu5714,0,0,0,0,0,0,0,0,bacteria,pseudomonadota,alphaproteobacteria,hyphomicrobiales,beijerinckiaceae,methylocella,methylocella tundrae
Zotu5715,5,10,0,1,0,0,0,1,bacteria,pseudomonadota,betaproteobacteria,nitrosomonadales,thiobacillaceae,annwoodia,annwoodia aquaesulis
Zotu5716,0,0,0,0,0,0,0,0,bacteria,bacillota,clostridia,eubacteriales,symbiobacteriaceae,symbiobacterium,symbiobacterium terraclitae
Zotu5717,0,0,0,0,0,0,0,0,bacteria,chloroflexota,tepidiformia,tepidiformales,tepidiformaceae,tepidiforma,tepidiforma bonchosmolovskayae
Zotu5718,5,47,2,0,0,0,0,0,archaea,methanobacteriota,thermoplasmata,methanomassiliicoccales,methanomassiliicoccaceae,methanomassiliicoccus,candidatus methanomassiliicoccus intestinalis
Zotu5719,0,0,0,0,0,0,1,0,bacteria,actinomycetota,rubrobacteria,rubrobacterales,rubrobacteraceae,rubrobacter,rubrobacter radiotolerans
Zotu5720,0,0,22,0,0,0,1,0,bacteria,actinomycetota,thermoleophilia,solirubrobacterales,conexibacteraceae,conexibacter,conexibacter arvalis
Zotu5721,0,0,0,0,0,0,0,0,bacteria,thermodesulfobacteriota,desulfuromonadia,desulfuromonadales,desulfuromonadaceae,desulfuromonas,desulfuromonas palmitatis
Zotu5722,0,0,0,0,0,0,0,0,bacteria,bacteroidota,cytophagia,cytophagales,cytophagaceae,rhodocytophaga,rhodocytophaga rosea
Zotu5723,0,0,0,0,0,0,0,0,bacteria,bacillota,bacilli,lactobacillales,streptococcaceae,streptococcus,streptococcus sinensis
Zotu5724,0,0,0,0,0,0,0,0,bacteria,bacteroidota,bacteroidia,marinilabiliales,prolixibacteraceae,aquipluma,aquipluma nitroreducens
Zotu5725,0,0,0,0,0,2,0,0,bacteria,acidobacteriota,vicinamibacteria,vicinamibacterales,vicinamibacteraceae,luteitalea,luteitalea pratensis
Zotu5726,0,0,0,0,0,0,0,0,bacteria,bacillota,bacilli,bacillales,paenibacillaceae,paenibacillus,paenibacillus yonginensis
Zotu5727,0,0,0,0,0,1,0,0,bacteria,verrucomicrobiota,verrucomicrobiae,limisphaerales,fontisphaeraceae,fontisphaera,fontisphaera persica
Zotu5728,0,0,18,0,0,0,0,0,bacteria,actinomycetota,acidimicrobiia,acidimicrobiales,acidimicrobiaceae,aciditerrimonas,aciditerrimonas ferrireducens
Zotu5729,0,0,0,0,0,0,0,0,bacteria,bacteroidota,chitinophagia,chitinophagales,chitinophagaceae,sediminibacterium,sediminibacterium goheungense
Zotu5730,0,0,0,0,0,0,0,0,bacteria,deinococcota,deinococci,deinococcales,deinococcaceae,deinococcus,deinococcus metalli
Zotu5731,0,0,0,0,0,0,0,6,bacteria,myxococcota,myxococcota,nannocystales,nannocystaceae,nannocystis,nannocystis pusilla
Zotu5732,0,0,0,0,0,0,18,0,bacteria,acidobacteriota,blastocatellia,blastocatellales,pyrinomonadaceae,pyrinomonas,pyrinomonas methylaliphatogenes
Zotu5733,0,0,0,0,0,0,0,0,bacteria,gemmatimonadota,gemmatimonadetes,gemmatimonadales,gemmatimonadaceae,roseisolibacter,roseisolibacter agri
Zotu5734,0,0,0,0,0,0,16,0,bacteria,actinomycetota,thermoleophilia,miltoncostaeales,miltoncostaeaceae,miltoncostaea,miltoncostaea marina
Zotu5735,2,0,0,1,9,0,0,0,bacteria,actinomycetota,acidimicrobiia,acidimicrobiales,iamiaceae,actinomarinicola,actinomarinicola tropica
Zotu5736,0,0,0,17,0,0,0,0,bacteria,gemmatimonadota,longimicrobiia,longimicrobiales,longimicrobiaceae,longimicrobium,longimicrobium terrae
Zotu5737,0,0,0,0,24,0,0,0,bacteria,planctomycetota,planctomycetia,gemmatales,gemmataceae,gemmata,gemmata palustris
Zotu5738,0,0,0,0,0,0,0,0,bacteria,chloroflexota,chloroflexia,herpetosiphonales,herpetosiphonaceae,herpetosiphon,herpetosiphon geysericola
Zotu5739,0,0,0,0,0,0,0,0,bacteria,bacillota,clostridia,peptostreptococcales,filifactoraceae,criibacterium,criibacterium bergeronii
Zotu5740,0,0,0,0,0,0,0,0,bacteria,deinococcota,deinococci,trueperales,trueperaceae,truepera,truepera radiovictrix
Zotu5741,0,12,0,0,12,0,0,0,bacteria,gemmatimonadota,longimicrobiia,longimicrobiales,longimicrobiaceae,longimicrobium,longimicrobium terrae
Zotu5742,0,15,0,1,0,0,58,0,archaea,methanobacteriota,thermoplasmata,methanomassiliicoccales,methanomassiliicoccaceae,methanomassiliicoccus,candidatus methanomassiliicoccus intestinalis
Zotu5743,0,0,0,0,0,0,0,0,bacteria,actinomycetota,actinomycetes,propionibacteriales,nocardioidaceae,aeromicrobium,aeromicrobium tamlense
Zotu5744,0,0,0,0,0,0,0,0,bacteria,pseudomonadota,alphaproteobacteria,rickettsiales,rickettsiaceae,rickettsia,rickettsia australis
Zotu5745,0,0,0,0,0,0,0,0,bacteria,bacillota,clostridia,eubacteriales,peptococcaceae,thermanaerosceptrum,thermanaerosceptrum fracticalcis
Zotu5746,0,0,0,0,0,0,0,0,bacteria,actinomycetota,thermoleophilia,thermoleophilales,thermoleophilaceae,thermoleophilum,thermoleophilum album
Zotu5747,0,0,0,0,0,0,0,0,bacteria,verrucomicrobiota,verrucomicrobiae,verrucomicrobiales,verrucomicrobia subdivision 3,pedosphaera,pedosphaera parvula
Zotu5748,0,0,0,0,0,0,0,0,bacteria,bacillota,clostridia,eubacteriales,symbiobacteriaceae,symbiobacterium,symbiobacterium terraclitae
Zotu5749,0,0,1,0,0,0,0,2,bacteria,actinomycetota,thermoleophilia,solirubrobacterales,conexibacteraceae,conexibacter,conexibacter arvalis
Zotu5751,0,0,0,0,0,3,0,0,bacteria,actinomycetota,actinomycetes,streptosporangiales,streptosporangiaceae,nonomuraea,nonomuraea soli
Zotu5752,0,0,0,0,0,0,0,0,bacteria,bacteroidota,cytophagia,cytophagales,hymenobacteraceae,hymenobacter,hymenobacter ocellatus
Zotu5753,0,0,0,0,0,0,0,0,bacteria,actinomycetota,actinomycetes,micrococcales,microbacteriaceae,pseudolysinimonas,pseudolysinimonas kribbensis
Zotu5754,0,0,0,0,0,0,0,0,bacteria,acidobacteriota,vicinamibacteria,vicinamibacterales,vicinamibacteraceae,luteitalea,luteitalea pratensis
Zotu5755,0,0,0,0,0,0,16,0,bacteria,pseudomonadota,deltaproteobacteria,myxococcales,anaeromyxobacteraceae,anaeromyxobacter,anaeromyxobacter dehalogenans
Zotu5756,31,1,0,0,0,0,1,0,bacteria,bacillota,clostridia,eubacteriales,syntrophomonadaceae,syntrophothermus,syntrophothermus lipocalidus
Zotu5757,0,0,0,0,0,0,1,0,bacteria,actinomycetota,actinomycetes,motilibacterales,vallicoccaceae,vallicoccus,vallicoccus soli
Zotu5759,0,0,1,0,0,0,0,0,bacteria,thermomicrobiota,thermomicrobia,sphaerobacterales,sphaerobacteraceae,sphaerobacter,sphaerobacter thermophilus
Zotu5760,0,0,0,0,0,0,13,0,bacteria,pseudomonadota,betaproteobacteria,burkholderiales,oxalobacteraceae,noviherbaspirillum,noviherbaspirillum massiliense
Zotu5761,26,0,0,0,0,0,1,0,bacteria,verrucomicrobiota,opitutae,opitutales,opitutaceae,geminisphaera,geminisphaera colitermitum
Zotu5763,0,0,0,0,0,0,0,0,bacteria,acidobacteriota,acidobacteriia,bryobacterales,solibacteraceae,candidatus solibacter,candidatus solibacter usitatus
Zotu5764,0,0,0,0,0,0,0,0,bacteria,gemmatimonadota,longimicrobiia,longimicrobiales,longimicrobiaceae,longimicrobium,longimicrobium terrae
Zotu5765,2,0,0,0,0,0,0,3,bacteria,chloroflexota,caldilineae,caldilineales,caldilineaceae,litorilinea,litorilinea aerophila
Zotu5766,0,0,0,0,0,0,0,0,bacteria,pseudomonadota,deltaproteobacteria,myxococcales,anaeromyxobacteraceae,anaeromyxobacter,anaeromyxobacter dehalogenans
Zotu5768,0,0,0,0,0,0,0,20,bacteria,bacteroidota,cytophagia,cytophagales,cytophagaceae,rhodocytophaga,rhodocytophaga aerolata
Zotu5769,0,8,0,0,8,0,0,0,bacteria,gemmatimonadota,longimicrobiia,longimicrobiales,longimicrobiaceae,longimicrobium,longimicrobium terrae
Zotu5770,0,0,0,1,0,0,10,2,bacteria,bacillota,clostridia,eubacteriales,desulfotomaculaceae,desulfotomaculum,desulfotomaculum nigrificans
Zotu5771,1,0,0,0,0,0,0,12,bacteria,pseudomonadota,alphaproteobacteria,sphingomonadales,sphingomonadaceae,hephaestia,hephaestia caeni
Zotu5772,0,0,0,0,0,0,0,0,bacteria,pseudomonadota,alphaproteobacteria,sphingomonadales,erythrobacteraceae,aurantiacibacter,aurantiacibacter sediminis
Zotu5773,0,0,0,0,0,0,0,0,bacteria,chloroflexota,chloroflexia,kallotenuales,kallotenuaceae,kallotenue,kallotenue papyrolyticum
Zotu5774,0,0,0,0,0,0,0,0,bacteria,pseudomonadota,alphaproteobacteria,sphingomonadales,sphingomonadaceae,sphingomonas,sphingomonas lutea
Zotu5775,0,0,0,0,0,0,0,0,bacteria,pseudomonadota,alphaproteobacteria,rhodospirillales,acetobacteraceae,roseomonas,roseomonas chloroacetimidivorans
Zotu5776,0,0,0,0,0,0,0,0,bacteria,pseudomonadota,betaproteobacteria,nitrosomonadales,methylophilaceae,methylobacillus,methylobacillus flagellatus
Zotu5777,0,0,0,0,0,0,0,0,bacteria,actinomycetota,actinomycetes,streptosporangiales,thermomonosporaceae,actinocorallia,actinocorallia libanotica
Zotu5778,0,0,41,0,0,0,0,0,archaea,methanobacteriota,thermoplasmata,methanomassiliicoccales,methanomassiliicoccaceae,methanomassiliicoccus,candidatus methanomassiliicoccus intestinalis
Zotu5779,0,0,0,0,3,4,1,1,bacteria,planctomycetota,planctomycetia,pirellulales,thermoguttaceae,thermogutta,thermogutta terrifontis
Zotu5780,0,0,1,0,0,0,0,0,bacteria,actinomycetota,actinomycetes,bifidobacteriales,bifidobacteriaceae,bifidobacterium,bifidobacterium porcinum
Zotu5781,0,0,0,0,0,0,0,0,archaea,methanobacteriota,thermoplasmata,methanomassiliicoccales,methanomassiliicoccaceae,methanomassiliicoccus,methanomassiliicoccus luminyensis
Zotu5782,0,0,0,0,0,0,0,0,bacteria,bacillota,clostridia,eubacteriales,clostridiales family xvii. incertae sedis,thermaerobacter,thermaerobacter subterraneus
Zotu5783,0,0,19,0,0,0,0,0,bacteria,thermodesulfobacteriota,desulfobulbia,desulfobulbales,desulfobulbaceae,desulfolithobacter,desulfolithobacter dissulfuricans
Zotu5785,0,0,0,0,0,0,0,0,bacteria,pseudomonadota,alphaproteobacteria,sphingomonadales,sphingomonadaceae,sphingomonas,sphingomonas jaspsi
Zotu5786,0,2,0,0,0,1,1,0,archaea,methanobacteriota,thermoplasmata,methanomassiliicoccales,methanomassiliicoccaceae,methanomassiliicoccus,candidatus methanomassiliicoccus intestinalis
Zotu5787,0,0,0,0,0,0,0,0,bacteria,thermomicrobiota,thermomicrobia,sphaerobacterales,sphaerobacteraceae,nitrolancea,nitrolancea hollandica
Zotu5788,0,0,23,0,1,0,0,0,bacteria,acidobacteriota,terriglobia,bryobacterales,bryobacteraceae,paludibaculum,paludibaculum fermentans
Zotu5789,0,0,0,32,0,0,0,0,bacteria,bacillota,bacilli,bacillales,bacillaceae,lysinibacillus,lysinibacillus pakistanensis
Zotu5790,0,0,0,0,0,0,0,0,bacteria,pseudomonadota,alphaproteobacteria,sphingomonadales,sphingomonadaceae,sphingomonas,sphingomonas lutea
Zotu5791,0,0,0,0,0,0,0,0,bacteria,bacillota,bacilli,bacillales,bacillales,exiguobacterium,exiguobacterium oxidotolerans
Zotu5792,0,0,0,0,0,0,0,0,bacteria,bdellovibrionota,bacteriovoracia,bacteriovoracales,bacteriovoracaceae,peredibacter,peredibacter starrii
Zotu5794,0,0,0,0,0,0,0,0,bacteria,actinomycetota,actinomycetes,streptosporangiales,streptosporangiaceae,nonomuraea,nonomuraea thailandensis
Zotu5795,0,3,0,0,25,3,3,1,bacteria,gemmatimonadota,gemmatimonadetes,gemmatimonadales,gemmatimonadaceae,gemmatimonas,gemmatimonas phototrophica
Zotu5796,0,0,0,0,0,1,0,0,bacteria,verrucomicrobiota,verrucomicrobiae,verrucomicrobiales,verrucomicrobia subdivision 3,pedosphaera,pedosphaera parvula
Zotu5797,0,0,0,0,0,0,0,0,bacteria,planctomycetota,planctomycetia,pirellulales,pirellulaceae,bremerella,bremerella alba
Zotu5798,0,1,0,0,6,0,20,0,bacteria,gemmatimonadota,longimicrobiia,longimicrobiales,longimicrobiaceae,longimicrobium,longimicrobium terrae
Zotu5799,0,0,0,0,0,0,0,0,bacteria,pseudomonadota,alphaproteobacteria,sphingomonadales,sphingosinicellaceae,sphingosinicella,sphingosinicella humi
Zotu5800,0,0,0,0,0,0,0,0,bacteria,acidobacteriota,vicinamibacteria,vicinamibacterales,vicinamibacteraceae,vicinamibacter,vicinamibacter silvestris
Zotu5801,0,0,0,0,21,0,0,0,bacteria,pseudomonadota,oligoflexia,bdellovibrionales,bdellovibrionaceae,bdellovibrio,bdellovibrio bacteriovorus
Zotu5802,0,0,32,0,0,0,0,1,bacteria,planctomycetota,planctomycetia,pirellulales,thermoguttaceae,thermogutta,thermogutta terrifontis
Zotu5803,0,0,0,0,0,0,0,0,bacteria,gemmatimonadota,gemmatimonadetes,gemmatimonadales,gemmatimonadaceae,gemmatimonas,gemmatimonas phototrophica
Zotu5804,0,0,0,0,0,0,0,0,bacteria,planctomycetota,planctomycetia,pirellulales,pirellulaceae,lignipirellula,lignipirellula cremea
Zotu5805,0,0,0,0,0,0,0,0,bacteria,pseudomonadota,alphaproteobacteria,sphingomonadales,erythrobacteraceae,aurantiacibacter,aurantiacibacter luteus
Zotu5806,0,0,0,0,0,0,0,0,bacteria,gemmatimonadota,longimicrobiia,longimicrobiales,longimicrobiaceae,longimicrobium,longimicrobium terrae
Zotu5807,4,2,10,0,9,0,0,0,bacteria,gemmatimonadota,gemmatimonadetes,gemmatimonadales,gemmatimonadaceae,roseisolibacter,roseisolibacter agri
Zotu5808,0,0,0,0,0,1,0,6,bacteria,actinomycetota,nitriliruptoria,salsipaludibacterales,salsipaludibacteraceae,salsipaludibacter,salsipaludibacter albus
Zotu5809,0,0,1,1,0,0,0,0,bacteria,planctomycetota,planctomycetia,pirellulales,pirellulaceae,anatilimnocola,anatilimnocola aggregata
Zotu5810,2,0,0,0,0,0,0,0,bacteria,chloroflexota,anaerolineae,anaerolineales,anaerolineaceae,thermanaerothrix,thermanaerothrix daxensis
Zotu5811,0,1,0,0,0,3,99,2,bacteria,gemmatimonadota,longimicrobiia,longimicrobiales,longimicrobiaceae,longimicrobium,longimicrobium terrae
Zotu5812,0,0,0,0,0,0,0,0,bacteria,actinomycetota,actinomycetes,streptosporangiales,streptosporangiaceae,nonomuraea,nonomuraea soli
Zotu5813,0,0,0,0,0,0,0,0,bacteria,bacillota,clostridia,eubacteriales,symbiobacteriaceae,symbiobacterium,symbiobacterium terraclitae
Zotu5814,14,1,0,0,6,0,0,0,bacteria,actinomycetota,acidimicrobiia,acidimicrobiales,acidimicrobiaceae,aciditerrimonas,aciditerrimonas ferrireducens
Zotu5815,0,0,15,1,0,1,11,0,bacteria,bacillota,clostridia,eubacteriales,symbiobacteriaceae,symbiobacterium,symbiobacterium terraclitae
Zotu5816,0,0,0,0,0,0,0,0,bacteria,pseudomonadota,alphaproteobacteria,hyphomicrobiales,methylobacteriaceae,microvirga,microvirga pakistanensis
Zotu5817,0,0,0,0,0,0,0,0,bacteria,bacteroidota,cytophagia,cytophagales,spirosomataceae,fibrella,fibrella rubiginis
Zotu5818,0,0,0,0,0,0,0,0,bacteria,bacillota,bacilli,lactobacillales,lactobacillaceae,leuconostoc,leuconostoc gasicomitatum
Zotu5819,3,0,0,0,0,0,0,5,bacteria,myxococcota,myxococcia,myxococcales,myxococcaceae,simulacricoccus,simulacricoccus ruber
Zotu5820,0,2,0,0,0,8,7,0,bacteria,gemmatimonadota,gemmatimonadetes,gemmatimonadales,gemmatimonadaceae,roseisolibacter,roseisolibacter agri
Zotu5821,0,0,0,0,0,0,0,3,bacteria,chloroflexota,chloroflexota,chloroflexota,chloroflexota,thermobaculum,thermobaculum terrenum
Zotu5822,0,0,0,0,0,0,0,0,bacteria,chloroflexota,chloroflexia,herpetosiphonales,herpetosiphonaceae,herpetosiphon,herpetosiphon aurantiacus
Zotu5823,0,0,0,0,0,0,0,0,bacteria,bacteroidota,bacteroidia,bacteroidales,lentimicrobiaceae,lentimicrobium,lentimicrobium saccharophilum
Zotu5824,0,0,0,0,0,0,0,0,bacteria,actinomycetota,acidimicrobiia,acidimicrobiales,iamiaceae,actinomarinicola,actinomarinicola tropica
Zotu5825,0,0,0,0,0,0,0,0,bacteria,pseudomonadota,alphaproteobacteria,sphingomonadales,sphingomonadaceae,sphingomonas,sphingomonas edaphi
Zotu5826,0,0,0,0,1,0,0,0,bacteria,bacteroidota,chitinophagia,chitinophagales,chitinophagaceae,flavisolibacter,flavisolibacter metallilatus
Zotu5827,8,0,0,0,0,0,0,0,bacteria,pseudomonadota,alphaproteobacteria,alphaproteobacteria,alphaproteobacteria,candidatus monilibacter,candidatus monilibacter batavus
Zotu5828,0,0,0,0,0,0,1,1,bacteria,bacillota,clostridia,eubacteriales,symbiobacteriaceae,symbiobacterium,symbiobacterium terraclitae
Zotu5829,0,0,1,0,1,0,0,0,bacteria,pseudomonadota,gammaproteobacteria,gammaproteobacteria,gammaproteobacteria,acidibacter,acidibacter ferrireducens
Zotu5830,0,0,0,0,0,0,0,0,bacteria,bacillota,clostridia,eubacteriales,symbiobacteriaceae,symbiobacterium,symbiobacterium terraclitae
Zotu5831,0,0,0,0,0,0,0,15,bacteria,pseudomonadota,deltaproteobacteria,myxococcales,kofleriaceae,kofleria,kofleria flava
Zotu5832,0,0,0,0,0,0,0,0,bacteria,actinomycetota,thermoleophilia,thermoleophilales,thermoleophilaceae,thermoleophilum,thermoleophilum album
Zotu5833,0,0,0,0,0,0,0,0,bacteria,bacteroidota,cytophagia,cytophagales,hymenobacteraceae,hymenobacter,hymenobacter rivuli
Zotu5834,0,0,0,0,0,0,0,0,bacteria,pseudomonadota,alphaproteobacteria,rhodobacterales,roseobacteraceae,rubellimicrobium,rubellimicrobium thermophilum
Zotu5835,0,0,0,0,0,0,0,15,bacteria,pseudomonadota,deltaproteobacteria,myxococcales,kofleriaceae,kofleria,kofleria flava
Zotu5836,0,0,0,0,0,0,0,0,bacteria,pseudomonadota,betaproteobacteria,nitrosomonadales,thiobacillaceae,annwoodia,annwoodia aquaesulis
Zotu5837,0,0,0,0,0,0,0,0,archaea,methanobacteriota,halobacteria,halobacteriales,halobacteriaceae,halobacterium,halobacterium bonnevillei
Zotu5838,1,0,0,0,29,0,0,0,bacteria,pseudomonadota,alphaproteobacteria,hyphomicrobiales,methylobacteriaceae,microvirga,microvirga thermotolerans
Zotu5839,1,0,0,0,0,0,0,1,bacteria,actinomycetota,acidimicrobiia,acidimicrobiales,iamiaceae,actinomarinicola,actinomarinicola tropica
Zotu5840,0,0,0,0,0,0,0,0,bacteria,gemmatimonadota,longimicrobiia,longimicrobiales,longimicrobiaceae,longimicrobium,longimicrobium terrae
Zotu5841,0,0,0,52,0,0,0,0,bacteria,pseudomonadota,alphaproteobacteria,rickettsiales,candidatus midichloriaceae,candidatus lariskella,candidatus lariskella arthropodarum
Zotu5842,0,0,0,0,0,0,0,0,bacteria,planctomycetota,planctomycetia,planctomycetales,planctomycetaceae,thalassoroseus,thalassoroseus pseudoceratinae
Zotu5844,0,1,0,0,0,0,1,0,bacteria,pseudomonadota,betaproteobacteria,burkholderiales,burkholderiaceae,lautropia,lautropia mirabilis
Zotu5845,0,0,0,0,0,0,0,0,bacteria,bacteroidota,cytophagia,cytophagales,fulvivirgaceae,ohtaekwangia,ohtaekwangia kribbensis
Zotu5846,0,0,0,0,0,0,0,0,bacteria,actinomycetota,acidimicrobiia,acidimicrobiales,acidimicrobiaceae,aciditerrimonas,aciditerrimonas ferrireducens
Zotu5847,0,0,0,0,0,0,0,0,bacteria,acidobacteriota,blastocatellia,blastocatellales,arenimicrobiaceae,brevitalea,brevitalea aridisoli
Zotu5848,3,0,0,0,0,11,0,0,bacteria,pseudomonadota,deltaproteobacteria,myxococcales,anaeromyxobacteraceae,anaeromyxobacter,anaeromyxobacter dehalogenans
Zotu5849,0,0,0,0,0,0,0,0,bacteria,actinomycetota,acidimicrobiia,acidimicrobiales,ilumatobacteraceae,ilumatobacter,ilumatobacter fluminis
Zotu5850,1,11,10,0,0,0,29,0,archaea,methanobacteriota,thermoplasmata,methanomassiliicoccales,methanomassiliicoccaceae,methanomassiliicoccus,candidatus methanomassiliicoccus intestinalis
Zotu5851,0,0,0,0,0,0,0,0,bacteria,actinomycetota,rubrobacteria,rubrobacterales,rubrobacteraceae,rubrobacter,rubrobacter naiadicus
Zotu5852,0,0,0,0,0,0,0,0,bacteria,actinomycetota,rubrobacteria,gaiellales,gaiellaceae,gaiella,gaiella occulta
Zotu5853,0,0,0,0,0,0,0,35,bacteria,thermodesulfobacteriota,desulfuromonadia,geobacterales,geobacteraceae,geomobilimonas,geomobilimonas luticola
Zotu5854,0,0,0,0,0,0,0,0,bacteria,actinomycetota,actinomycetes,streptosporangiales,thermomonosporaceae,actinocorallia,actinocorallia cavernae
Zotu5855,0,0,0,0,0,0,0,0,bacteria,pseudomonadota,deltaproteobacteria,desulfuromonadales,desulfuromonadaceae,pelobacter,pelobacter carbinolicus
Zotu5856,0,0,0,0,0,0,0,0,bacteria,actinomycetota,acidimicrobiia,acidimicrobiales,iamiaceae,actinomarinicola,actinomarinicola tropica
Zotu5857,0,0,0,0,0,0,0,4,archaea,methanobacteriota,thermoplasmata,methanomassiliicoccales,candidatus methanomethylophilaceae,candidatus methanomethylophilus,candidatus methanomethylophilus alvus
Zotu5858,0,0,0,0,0,0,0,0,bacteria,pseudomonadota,hydrogenophilia,hydrogenophilia,hydrogenophilia,pelomicrobium,pelomicrobium methylotrophicum
Zotu5859,0,0,0,0,0,17,0,0,bacteria,chloroflexota,caldilineae,caldilineales,caldilineaceae,caldilinea,caldilinea tarbellica
Zotu5860,0,0,0,0,0,0,0,0,bacteria,bacillota,bacilli,bacillales,paenibacillaceae,paenibacillus,paenibacillus antri
Zotu5861,0,0,0,0,0,0,0,0,bacteria,gemmatimonadota,longimicrobiia,longimicrobiales,longimicrobiaceae,longimicrobium,longimicrobium terrae
Zotu5863,5,0,0,0,0,0,0,0,bacteria,actinomycetota,actinomycetes,streptosporangiales,thermomonosporaceae,actinomadura,actinomadura geliboluensis
Zotu5864,0,0,0,0,0,0,0,0,bacteria,pseudomonadota,deltaproteobacteria,myxococcales,anaeromyxobacteraceae,anaeromyxobacter,anaeromyxobacter dehalogenans
Zotu5865,0,12,0,0,0,0,27,6,archaea,methanobacteriota,thermoplasmata,methanomassiliicoccales,methanomassiliicoccaceae,methanomassiliicoccus,candidatus methanomassiliicoccus intestinalis
Zotu5866,8,16,0,0,0,0,1,0,bacteria,gemmatimonadota,longimicrobiia,longimicrobiales,longimicrobiaceae,longimicrobium,longimicrobium terrae
Zotu5867,1,0,26,0,0,0,0,0,bacteria,gemmatimonadota,longimicrobiia,longimicrobiales,longimicrobiaceae,longimicrobium,longimicrobium terrae
Zotu5868,0,0,0,0,0,4,0,0,bacteria,actinomycetota,rubrobacteria,gaiellales,gaiellaceae,gaiella,gaiella occulta
Zotu5869,0,0,1,0,0,0,0,0,bacteria,acidobacteriota,vicinamibacteria,vicinamibacterales,vicinamibacteraceae,luteitalea,luteitalea pratensis
Zotu5870,0,0,0,0,0,0,0,0,bacteria,pseudomonadota,betaproteobacteria,burkholderiales,sphaerotilaceae,rubrivivax,rubrivivax rivuli
Zotu5871,0,0,0,0,0,0,0,0,bacteria,planctomycetota,planctomycetia,gemmatales,gemmataceae,urbifossiella,urbifossiella limnaea
Zotu5872,0,0,0,0,0,0,0,0,bacteria,pseudomonadota,alphaproteobacteria,sphingomonadales,sphingomonadaceae,novosphingobium,novosphingobium naphthalenivorans
Zotu5873,0,0,0,0,0,0,0,0,bacteria,pseudomonadota,alphaproteobacteria,sphingomonadales,sphingomonadaceae,novosphingobium,novosphingobium ginsenosidimutans
Zotu5874,0,25,0,0,0,0,0,0,bacteria,planctomycetota,planctomycetia,gemmatales,gemmataceae,zavarzinella,zavarzinella formosa
Zotu5875,0,0,0,61,1,0,0,0,archaea,methanobacteriota,halobacteria,halobacteriales,halobacteriaceae,halobellus,halobellus limi
Zotu5876,0,0,0,0,0,0,0,0,bacteria,verrucomicrobiota,verrucomicrobiae,verrucomicrobiales,verrucomicrobia subdivision 3,pedosphaera,pedosphaera parvula
Zotu5877,0,0,9,0,0,0,0,0,bacteria,actinomycetota,actinomycetes,jiangellales,jiangellaceae,jiangella,jiangella muralis
Zotu5878,0,0,0,0,0,2,4,0,bacteria,gemmatimonadota,longimicrobiia,longimicrobiales,longimicrobiaceae,longimicrobium,longimicrobium terrae
Zotu5879,13,0,0,0,0,0,0,0,archaea,methanobacteriota,thermoplasmata,methanomassiliicoccales,methanomassiliicoccaceae,methanomassiliicoccus,candidatus methanomassiliicoccus intestinalis
Zotu5880,0,0,0,0,0,0,0,0,bacteria,bacillota,clostridia,eubacteriales,symbiobacteriaceae,symbiobacterium,symbiobacterium terraclitae
Zotu5881,34,0,0,0,0,0,0,0,bacteria,acidobacteriota,vicinamibacteria,vicinamibacterales,vicinamibacteraceae,vicinamibacter,vicinamibacter silvestris
Zotu5882,0,0,0,0,0,0,0,0,bacteria,bacteroidota,chitinophagia,chitinophagales,chitinophagaceae,paraflavisolibacter,paraflavisolibacter caeni
Zotu5884,3,0,1,0,0,0,0,1,bacteria,actinomycetota,actinomycetes,kitasatosporales,streptomycetaceae,streptomyces,streptomyces aculeolatus
Zotu5885,0,0,0,0,0,0,0,0,bacteria,pseudomonadota,alphaproteobacteria,sphingomonadales,sphingomonadaceae,sphingomonas,sphingomonas wittichii
Zotu5886,15,4,0,0,0,11,0,0,bacteria,pseudomonadota,alphaproteobacteria,rhodospirillales,dongiaceae,dongia,dongia mobilis
Zotu5887,11,18,0,0,0,0,0,1,bacteria,actinomycetota,acidimicrobiia,acidimicrobiales,acidimicrobiaceae,aciditerrimonas,aciditerrimonas ferrireducens
Zotu5888,0,0,1,0,1,1,0,30,bacteria,chloroflexota,chloroflexia,chloroflexales,oscillochloridaceae,chloronema,chloronema giganteum
Zotu5890,0,0,0,0,0,0,21,0,bacteria,verrucomicrobiota,spartobacteria,chthoniobacterales,chthoniobacteraceae,chthoniobacter,chthoniobacter flavus
Zotu5891,1,0,0,0,0,0,0,0,archaea,methanobacteriota,thermoplasmata,methanomassiliicoccales,methanomassiliicoccaceae,methanomassiliicoccus,candidatus methanomassiliicoccus intestinalis
Zotu5892,0,0,0,0,0,0,0,0,bacteria,chloroflexota,chloroflexota,chloroflexota,chloroflexota,thermobaculum,thermobaculum terrenum
Zotu5893,8,9,0,0,0,0,0,0,bacteria,pseudomonadota,alphaproteobacteria,hyphomicrobiales,xanthobacteraceae,pseudolabrys,pseudolabrys taiwanensis
Zotu5894,0,0,0,0,0,0,2,0,bacteria,bacillota,clostridia,eubacteriales,symbiobacteriaceae,symbiobacterium,symbiobacterium ostreiconchae
Zotu5895,0,0,0,0,0,0,0,0,bacteria,pseudomonadota,alphaproteobacteria,hyphomicrobiales,methylobacteriaceae,microvirga,microvirga thermotolerans
Zotu5896,0,0,0,0,18,0,0,0,bacteria,gemmatimonadota,longimicrobiia,longimicrobiales,longimicrobiaceae,longimicrobium,longimicrobium terrae
Zotu5897,8,15,17,2,0,0,1,0,bacteria,thermomicrobiota,thermomicrobia,sphaerobacterales,sphaerobacteraceae,sphaerobacter,sphaerobacter thermophilus
Zotu5898,0,0,0,0,17,0,0,0,bacteria,acidobacteriota,vicinamibacteria,vicinamibacterales,vicinamibacteraceae,luteitalea,luteitalea pratensis
Zotu5899,0,0,0,0,0,0,0,0,bacteria,verrucomicrobiota,verrucomicrobiae,verrucomicrobiales,verrucomicrobia subdivision 3,pedosphaera,pedosphaera parvula
Zotu5900,5,1,0,0,0,0,1,1,bacteria,actinomycetota,actinomycetes,micrococcales,cellulomonadaceae,actinotalea,actinotalea ferrariae
Zotu5901,0,0,0,0,0,0,0,0,bacteria,pseudomonadota,gammaproteobacteria,chromatiales,ectothiorhodospiraceae,natronospira,natronospira proteinivora
Zotu5902,0,0,0,0,1,10,0,0,bacteria,myxococcota,myxococcota,haliangiales,kofleriaceae,haliangium,haliangium tepidum
Zotu5903,0,0,0,0,0,0,0,0,bacteria,gemmatimonadota,longimicrobiia,longimicrobiales,longimicrobiaceae,longimicrobium,longimicrobium terrae
Zotu5904,26,6,0,0,0,0,0,0,bacteria,pseudomonadota,gammaproteobacteria,acidiferrobacterales,acidiferrobacteraceae,sulfurifustis,sulfurifustis variabilis
Zotu5905,0,0,0,0,22,0,0,0,bacteria,pseudomonadota,alphaproteobacteria,rhodospirillales,acetobacteraceae,plastoroseomonas,plastoroseomonas hellenica
Zotu5906,0,0,0,1,0,0,0,22,bacteria,bacteroidota,cytophagia,cytophagales,hymenobacteraceae,adhaeribacter,adhaeribacter aerophilus
Zotu5907,0,0,0,0,0,0,0,2,bacteria,thermodesulfobacteriota,desulfuromonadia,geobacterales,geobacteraceae,geobacter,geobacter argillaceus
Zotu5908,0,0,0,0,0,0,0,0,bacteria,thermodesulfobacteriota,desulfuromonadia,desulfuromonadales,desulfuromonadaceae,pelobacter,pelobacter propionicus
Zotu5909,0,0,0,0,0,0,0,0,bacteria,bacillota,tissierellia,tissierellales,peptoniphilaceae,murdochiella,murdochiella massiliensis
Zotu5910,0,0,18,0,0,0,0,0,bacteria,planctomycetota,phycisphaerae,tepidisphaerales,tepidisphaeraceae,tepidisphaera,tepidisphaera mucosa
Zotu5911,0,0,0,0,0,0,0,0,bacteria,bacteroidota,cytophagia,cytophagales,fulvivirgaceae,fulvivirga,fulvivirga lutea
Zotu5912,0,0,0,0,0,0,0,0,bacteria,planctomycetota,planctomycetia,planctomycetales,planctomycetaceae,planctopirus,planctopirus limnophila
Zotu5913,0,0,0,0,0,0,5,0,bacteria,actinomycetota,actinomycetes,propionibacteriales,nocardioidaceae,nocardioides,nocardioides insulae
Zotu5914,0,0,0,0,0,0,0,0,bacteria,pseudomonadota,alphaproteobacteria,sphingomonadales,sphingomonadaceae,sphingomonas,sphingomonas lutea
Zotu5915,2,0,0,0,0,0,0,0,bacteria,pseudomonadota,alphaproteobacteria,rhodospirillales,magnetovibrionaceae,varunaivibrio,varunaivibrio sulfuroxidans
Zotu5916,0,0,0,0,40,0,0,0,bacteria,planctomycetota,phycisphaerae,tepidisphaerales,tepidisphaeraceae,tepidisphaera,tepidisphaera mucosa
Zotu5917,0,0,0,0,0,0,0,0,bacteria,myxococcota,myxococcota,polyangiales,polyangiaceae,racemicystis,racemicystis crocea
Zotu5918,0,0,0,0,0,0,0,0,bacteria,pseudomonadota,alphaproteobacteria,sphingomonadales,sphingomonadaceae,sphingomonas,sphingomonas flava
Zotu5919,0,0,0,0,0,0,0,0,bacteria,actinomycetota,acidimicrobiia,acidimicrobiales,iamiaceae,actinomarinicola,actinomarinicola tropica
Zotu5920,0,0,0,0,0,0,0,0,bacteria,pseudomonadota,alphaproteobacteria,hyphomicrobiales,kaistiaceae,kaistia,kaistia adipata
Zotu5921,0,0,0,0,4,0,0,0,archaea,methanobacteriota,thermoplasmata,methanomassiliicoccales,methanomassiliicoccaceae,methanomassiliicoccus,candidatus methanomassiliicoccus intestinalis
Zotu5922,1,0,0,0,0,0,0,1,bacteria,pseudomonadota,alphaproteobacteria,rhodospirillales,azospirillaceae,nitrospirillum,azospirillum amazonense
Zotu5923,1,0,0,0,1,0,0,4,bacteria,gemmatimonadota,longimicrobiia,longimicrobiales,longimicrobiaceae,longimicrobium,longimicrobium terrae
Zotu5924,0,0,0,0,0,0,0,0,bacteria,chloroflexota,chloroflexia,kallotenuales,kallotenuaceae,kallotenue,kallotenue papyrolyticum
Zotu5925,0,0,0,0,0,0,0,0,bacteria,myxococcota,myxococcota,polyangiales,polyangiaceae,aetherobacter,aetherobacter rufus
Zotu5926,2,0,0,0,0,0,0,0,archaea,methanobacteriota,thermoplasmata,methanomassiliicoccales,methanomassiliicoccaceae,methanomassiliicoccus,candidatus methanomassiliicoccus intestinalis
Zotu5927,10,32,0,0,0,0,0,0,archaea,methanobacteriota,thermoplasmata,methanomassiliicoccales,methanomassiliicoccaceae,methanomassiliicoccus,candidatus methanomassiliicoccus intestinalis
Zotu5928,0,0,0,0,0,0,0,0,bacteria,actinomycetota,actinomycetes,propionibacteriales,nocardioidaceae,nocardioides,nocardioides pocheonensis
Zotu5930,0,0,0,0,0,0,0,0,bacteria,deinococcota,deinococci,deinococcales,deinococcaceae,deinococcus,deinococcus peraridilitoris
Zotu5931,0,0,0,0,0,13,0,0,bacteria,pseudomonadota,alphaproteobacteria,rickettsiales,anaplasmataceae,wolbachia,wolbachia pipientis
Zotu5932,0,0,0,0,0,0,0,0,bacteria,actinomycetota,thermoleophilia,solirubrobacterales,baekduiaceae,baekduia,baekduia soli
Zotu5933,0,1,0,0,0,0,0,19,bacteria,chloroflexota,chloroflexia,kallotenuales,kallotenuaceae,kallotenue,kallotenue papyrolyticum
Zotu5934,0,0,0,0,0,0,0,0,bacteria,planctomycetota,phycisphaerae,tepidisphaerales,tepidisphaeraceae,tepidisphaera,tepidisphaera mucosa
Zotu5935,0,0,0,0,0,0,0,0,bacteria,bacillota,bacilli,bacillales,bacillaceae,bacillus,bacillus litoralis
Zotu5936,0,0,0,1,0,0,0,0,bacteria,actinomycetota,acidimicrobiia,acidimicrobiales,iamiaceae,iamia,iamia majanohamensis
Zotu5938,11,4,1,0,3,0,0,0,bacteria,actinomycetota,thermoleophilia,thermoleophilales,thermoleophilaceae,thermoleophilum,thermoleophilum album
Zotu5939,0,0,0,0,0,0,17,11,bacteria,planctomycetota,phycisphaerae,tepidisphaerales,tepidisphaeraceae,tepidisphaera,tepidisphaera mucosa
Zotu5940,0,0,0,0,0,0,0,1,bacteria,actinomycetota,actinomycetes,geodermatophilales,geodermatophilaceae,trujillonella,trujillella endophytica
Zotu5941,0,0,0,18,0,0,0,0,bacteria,actinomycetota,rubrobacteria,rubrobacterales,rubrobacteraceae,rubrobacter,rubrobacter xylanophilus
Zotu5942,0,0,0,0,0,0,1,0,bacteria,pseudomonadota,alphaproteobacteria,hyphomicrobiales,propylenellaceae,propylenella,propylenella binzhouense
Zotu5943,0,0,0,0,0,0,0,0,bacteria,bacillota,clostridia,eubacteriales,oscillospiraceae,anaerobacterium,anaerobacterium chartisolvens
Zotu5944,0,1,0,0,2,0,2,11,bacteria,chloroflexota,chloroflexia,kallotenuales,kallotenuaceae,kallotenue,kallotenue papyrolyticum
Zotu5945,0,0,0,0,6,0,0,0,bacteria,actinomycetota,thermoleophilia,solirubrobacterales,conexibacteraceae,conexibacter,conexibacter arvalis
Zotu5946,0,0,0,0,0,0,0,0,bacteria,pseudomonadota,alphaproteobacteria,sphingomonadales,sphingomonadaceae,sphingomonas,sphingomonas agri
Zotu5948,0,0,0,1,0,0,0,1,bacteria,pseudomonadota,alphaproteobacteria,sphingomonadales,sphingomonadaceae,sphingomonas,sphingomonas montis
Zotu5949,0,0,0,0,0,0,0,0,bacteria,chloroflexota,tepidiformia,tepidiformales,tepidiformaceae,tepidiforma,tepidiforma bonchosmolovskayae
Zotu5950,0,0,0,0,0,0,0,0,bacteria,pseudomonadota,alphaproteobacteria,hyphomicrobiales,phyllobacteriaceae,chelativorans,chelativorans intermedius
Zotu5951,7,1,0,7,13,1,0,0,bacteria,chloroflexota,chloroflexota,chloroflexota,chloroflexota,thermobaculum,thermobaculum terrenum
Zotu5952,0,0,0,0,0,0,0,0,bacteria,bacillota,bacilli,bacillales,paenibacillaceae,paenibacillus,paenibacillus senegalensis
Zotu5953,0,0,0,0,8,0,0,6,bacteria,pseudomonadota,alphaproteobacteria,hyphomicrobiales,methylobacteriaceae,methylobacterium,methylobacterium iners
Zotu5954,0,0,0,0,0,0,1,0,bacteria,actinomycetota,actinomycetes,pseudonocardiales,pseudonocardiaceae,labedaea,labedaea rhizosphaerae
Zotu5955,0,0,0,0,0,0,0,0,bacteria,planctomycetota,planctomycetia,gemmatales,gemmataceae,gemmata,gemmata obscuriglobus
Zotu5956,0,0,0,0,0,0,0,0,bacteria,thermodesulfobacteriota,desulfuromonadia,desulfuromonadales,syntrophotaleaceae,syntrophotalea,syntrophotalea carbinolica
Zotu5957,0,0,0,0,0,0,0,0,bacteria,pseudomonadota,gammaproteobacteria,pasteurellales,pasteurellaceae,frederiksenia,frederiksenia canicola
Zotu5959,0,0,0,0,0,0,0,0,bacteria,bacillota,clostridia,eubacteriales,clostridiaceae,fonticella,fonticella tunisiensis
Zotu5960,0,0,0,0,0,0,0,0,bacteria,gemmatimonadota,longimicrobiia,longimicrobiales,longimicrobiaceae,longimicrobium,longimicrobium terrae
Zotu5961,0,0,0,0,0,0,0,0,bacteria,bacteroidota,chitinophagia,chitinophagales,chitinophagaceae,paraflavisolibacter,paraflavisolibacter caeni
Zotu5962,4,0,0,0,18,14,0,0,bacteria,actinomycetota,rubrobacteria,gaiellales,gaiellaceae,gaiella,gaiella occulta
Zotu5963,0,0,0,0,0,0,0,0,bacteria,pseudomonadota,alphaproteobacteria,hyphomicrobiales,rhizobiaceae,rhizobium,rhizobium herbae
Zotu5964,0,18,1,0,0,0,1,0,bacteria,planctomycetota,planctomycetia,isosphaerales,isosphaeraceae,singulisphaera,singulisphaera rosea
Zotu6025,0,0,0,0,0,0,0,16,bacteria,bacteroidota,chitinophagia,chitinophagales,chitinophagaceae,paracnuella,paracnuella aquatica
Zotu6026,0,0,0,0,0,0,0,0,bacteria,actinomycetota,actinomycetes,kineosporiales,kineosporiaceae,thalassiella,thalassiella azotivora
Zotu6027,0,12,0,0,0,0,1,0,bacteria,bacteroidota,bacteroidia,marinilabiliales,marinilabiliaceae,geofilum,geofilum rhodophaeum
Zotu6028,0,0,0,0,0,0,0,0,bacteria,planctomycetota,phycisphaerae,tepidisphaerales,tepidisphaeraceae,tepidisphaera,tepidisphaera mucosa
Zotu6029,0,0,0,0,0,0,1,0,bacteria,bacillota,clostridia,eubacteriales,oscillospiraceae,ruminococcus,ruminococcus flavefaciens
Zotu6030,0,0,0,0,0,0,0,0,bacteria,actinomycetota,actinomycetes,bifidobacteriales,bifidobacteriaceae,bifidobacterium,bifidobacterium porcinum
Zotu6031,0,0,0,27,0,0,0,0,archaea,methanobacteriota,thermoplasmata,methanomassiliicoccales,methanomassiliicoccaceae,methanomassiliicoccus,candidatus methanomassiliicoccus intestinalis
Zotu6032,0,0,0,14,0,0,0,0,bacteria,gemmatimonadota,longimicrobiia,longimicrobiales,longimicrobiaceae,longimicrobium,longimicrobium terrae
Zotu6033,0,0,0,0,0,0,0,0,bacteria,nitrospirota,nitrospira,nitrospirales,nitrospiraceae,nitrospira,nitrospira enrichment
Zotu6034,0,0,0,0,0,0,0,0,bacteria,pseudomonadota,gammaproteobacteria,chromatiales,ectothiorhodospiraceae,ectothiorhodospira,ectothiorhodospira salini
Zotu6035,0,0,1,0,0,0,1,0,bacteria,chloroflexota,anaerolineae,anaerolineales,anaerolineaceae,pelolinea,pelolinea submarina
Zotu6036,0,0,0,0,15,0,0,0,bacteria,pseudomonadota,alphaproteobacteria,hyphomicrobiales,hyphomicrobiaceae,rhodoplanes,rhodoplanes serenus
Zotu6037,0,0,0,0,0,0,0,0,bacteria,candidatus saccharibacteria,candidatus saccharibacteria,candidatus saccharibacteria,candidatus saccharibacteria,candidatus saccharimonas,candidatus saccharimonas aalborgensis
Zotu6039,2,0,0,0,0,0,8,4,bacteria,pseudomonadota,alphaproteobacteria,rhodospirillales,stellaceae,constrictibacter,constrictibacter antarcticus
Zotu6040,0,0,0,0,0,0,0,0,archaea,methanobacteriota,halobacteria,halobacteriales,halobacteriaceae,halomicroarcula,halomicroarcula salinisoli
Zotu6042,0,0,0,0,0,0,0,0,archaea,methanobacteriota,thermoplasmata,methanomassiliicoccales,methanomassiliicoccaceae,methanomassiliicoccus,candidatus methanomassiliicoccus intestinalis
Zotu6043,0,0,0,0,0,0,0,0,bacteria,bacillota,clostridia,eubacteriales,symbiobacteriaceae,symbiobacterium,symbiobacterium terraclitae
Zotu6044,0,0,0,0,0,6,7,0,bacteria,pseudomonadota,deltaproteobacteria,myxococcales,kofleriaceae,kofleria,kofleria flava
Zotu6045,0,0,0,0,0,0,0,0,bacteria,bacillota,bacillota,bacillota,bacillota,capillibacterium,capillibacterium thermochitinicola
Zotu6046,0,0,0,0,0,0,0,0,bacteria,actinomycetota,thermoleophilia,solirubrobacterales,capillimicrobiaceae,capillimicrobium,capillimicrobium parvum
Zotu6047,0,0,0,0,0,0,0,0,bacteria,actinomycetota,actinomycetes,micrococcales,cellulomonadaceae,cellulomonas,cellulomonas fimi
Zotu6048,0,0,0,0,0,0,0,0,bacteria,bacillota,clostridia,peptostreptococcales,thermotaleaceae,marinisporobacter,marinisporobacter balticus
Zotu6051,0,1,1,2,0,0,0,0,bacteria,gemmatimonadota,longimicrobiia,longimicrobiales,longimicrobiaceae,longimicrobium,longimicrobium terrae
Zotu6052,0,0,0,0,0,0,0,0,bacteria,pseudomonadota,alphaproteobacteria,hyphomicrobiales,methylobacteriaceae,microvirga,microvirga lenta
Zotu6053,4,0,0,0,0,0,0,0,bacteria,actinomycetota,actinomycetes,kitasatosporales,streptomycetaceae,allostreptomyces,allostreptomyces indica
Zotu6054,8,0,10,0,0,10,0,0,bacteria,actinomycetota,rubrobacteria,gaiellales,gaiellaceae,gaiella,gaiella occulta
Zotu6056,0,0,0,0,1,6,0,1,bacteria,actinomycetota,thermoleophilia,solirubrobacterales,solirubrobacteraceae,solirubrobacter,solirubrobacter ginsenosidimutans
Zotu6057,0,0,0,0,0,0,0,0,bacteria,chloroflexota,tepidiformia,tepidiformales,tepidiformaceae,tepidiforma,tepidiforma bonchosmolovskayae
Zotu6058,0,0,0,0,0,0,0,0,bacteria,pseudomonadota,alphaproteobacteria,sphingomonadales,sphingomonadaceae,sphingomonas,sphingomonas wittichii
Zotu6059,0,0,0,0,0,0,0,0,bacteria,chloroflexota,anaerolineae,anaerolineales,anaerolineaceae,ornatilinea,ornatilinea apprima
Zotu6060,0,0,0,0,0,0,0,9,bacteria,pseudomonadota,deltaproteobacteria,myxococcales,anaeromyxobacteraceae,anaeromyxobacter,anaeromyxobacter dehalogenans
Zotu6061,0,0,0,0,0,0,0,0,bacteria,planctomycetota,phycisphaerae,tepidisphaerales,tepidisphaeraceae,tepidisphaera,tepidisphaera mucosa
Zotu6062,0,0,0,0,0,0,0,0,bacteria,bacteroidota,cytophagia,cytophagales,fulvivirgaceae,ohtaekwangia,ohtaekwangia koreensis
Zotu6063,0,0,0,0,0,0,0,0,bacteria,pseudomonadota,gammaproteobacteria,chromatiales,sedimenticolaceae,thiolapillus,thiolapillus brandeum
Zotu6064,0,0,0,0,0,0,0,0,bacteria,bacteroidota,chitinophagia,chitinophagales,chitinophagaceae,flavisolibacter,flavisolibacter ginsengiterrae
Zotu6065,0,0,0,0,0,0,0,0,bacteria,actinomycetota,rubrobacteria,gaiellales,gaiellaceae,gaiella,gaiella occulta
Zotu6066,3,0,1,0,0,0,0,1,bacteria,myxococcota,myxococcota,polyangiales,polyangiaceae,racemicystis,racemicystis persica
Zotu6067,0,0,1,0,0,0,0,0,bacteria,bacillota,clostridia,eubacteriales,symbiobacteriaceae,symbiobacterium,symbiobacterium terraclitae
Zotu6068,0,0,0,0,0,0,0,0,bacteria,verrucomicrobiota,verrucomicrobiae,verrucomicrobiales,verrucomicrobia subdivision 3,pedosphaera,pedosphaera parvula
Zotu6069,8,0,0,0,11,0,1,1,bacteria,actinomycetota,rubrobacteria,gaiellales,gaiellaceae,gaiella,gaiella occulta
Zotu6070,0,0,0,0,0,0,0,0,bacteria,pseudomonadota,alphaproteobacteria,sphingomonadales,sphingomonadaceae,sphingomonas,sphingomonas wittichii
Zotu6071,8,19,0,0,0,0,0,0,bacteria,bacillota,thermolithobacteria,thermolithobacterales,thermolithobacteraceae,thermolithobacter,thermolithobacter ferrireducens
Zotu6072,0,0,0,0,0,1,0,1,bacteria,chloroflexota,anaerolineae,anaerolineales,anaerolineaceae,longilinea,longilinea arvoryzae
Zotu6073,0,0,0,0,0,0,0,0,bacteria,actinomycetota,actinomycetes,micrococcales,microbacteriaceae,protaetiibacter,protaetiibacter larvae
Zotu6074,0,0,0,0,0,0,0,0,bacteria,bacteroidota,sphingobacteriia,sphingobacteriales,sphingobacteriaceae,solitalea,solitalea canadensis
Zotu6075,0,0,0,0,0,0,0,0,bacteria,actinomycetota,thermoleophilia,solirubrobacterales,capillimicrobiaceae,capillimicrobium,capillimicrobium parvum
Zotu6076,6,0,0,1,20,0,1,0,bacteria,actinomycetota,thermoleophilia,solirubrobacterales,conexibacteraceae,conexibacter,conexibacter arvalis
Zotu6077,0,1,16,0,0,0,0,0,bacteria,myxococcota,myxococcota,polyangiales,polyangiaceae,racemicystis,racemicystis persica
Zotu6079,0,0,0,0,0,0,0,0,bacteria,chloroflexota,chloroflexia,herpetosiphonales,herpetosiphonaceae,herpetosiphon,herpetosiphon aurantiacus
Zotu6080,0,0,0,0,0,0,0,0,bacteria,planctomycetota,planctomycetia,gemmatales,gemmataceae,zavarzinella,zavarzinella formosa
Zotu6081,7,0,0,0,0,0,0,0,bacteria,actinomycetota,nitriliruptoria,salsipaludibacterales,salsipaludibacteraceae,salsipaludibacter,salsipaludibacter albus
Zotu6082,0,0,0,0,0,0,0,0,bacteria,actinomycetota,rubrobacteria,rubrobacterales,rubrobacteraceae,rubrobacter,rubrobacter bracarensis
Zotu6083,0,0,0,0,1,15,0,0,bacteria,planctomycetota,phycisphaerae,phycisphaerales,phycisphaeraceae,mucisphaera,mucisphaera calidilacus
Zotu6084,1,0,0,1,0,0,0,0,bacteria,actinomycetota,rubrobacteria,gaiellales,gaiellaceae,gaiella,gaiella occulta
Zotu6085,0,0,0,0,0,0,0,0,bacteria,chloroflexota,chloroflexia,chloroflexales,roseiflexaceae,kouleothrix,kouleothrix aurantiaca
Zotu6086,0,0,0,0,0,0,0,0,bacteria,gemmatimonadota,longimicrobiia,longimicrobiales,longimicrobiaceae,longimicrobium,longimicrobium terrae
Zotu6087,0,4,0,0,1,1,0,0,bacteria,bacillota,clostridia,eubacteriales,symbiobacteriaceae,symbiobacterium,symbiobacterium terraclitae
Zotu6088,0,0,0,0,0,0,0,0,bacteria,pseudomonadota,alphaproteobacteria,sphingomonadales,sphingosinicellaceae,sphingosinicella,sphingosinicella humi
Zotu6089,0,0,0,0,0,0,0,0,bacteria,chloroflexota,chloroflexota,chloroflexota,chloroflexota,thermobaculum,thermobaculum terrenum
Zotu6090,3,25,0,0,0,0,0,0,bacteria,planctomycetota,phycisphaerae,tepidisphaerales,tepidisphaeraceae,tepidisphaera,tepidisphaera mucosa
Zotu6091,0,0,1,0,0,0,0,0,bacteria,pseudomonadota,alphaproteobacteria,hyphomicrobiales,beijerinckiaceae,beijerinckia,beijerinckia mobilis
Zotu6092,0,0,0,0,0,0,0,0,bacteria,pseudomonadota,alphaproteobacteria,geminicoccales,geminicoccaceae,arboricoccus,arboricoccus pini
Zotu6093,0,0,0,0,0,0,0,0,bacteria,pseudomonadota,deltaproteobacteria,myxococcales,anaeromyxobacteraceae,anaeromyxobacter,anaeromyxobacter dehalogenans
Zotu6094,0,0,44,0,0,0,10,0,bacteria,bacillota,clostridia,eubacteriales,symbiobacteriaceae,symbiobacterium,symbiobacterium terraclitae
Zotu6095,0,0,0,0,10,0,0,1,bacteria,pseudomonadota,alphaproteobacteria,hyphomicrobiales,hyphomicrobiaceae,rhodoplanes,rhodoplanes serenus
Zotu6096,0,0,0,0,0,0,0,0,bacteria,planctomycetota,phycisphaerae,tepidisphaerales,tepidisphaeraceae,tepidisphaera,tepidisphaera mucosa
Zotu6097,0,0,0,0,0,0,0,0,bacteria,actinomycetota,actinomycetes,jiangellales,jiangellaceae,jiangella,jiangella endophytica
Zotu6098,0,0,0,0,0,0,0,0,bacteria,actinomycetota,coriobacteriia,coriobacteriales,atopobiaceae,olsenella,olsenella phocaeensis
Zotu6099,0,0,0,0,0,0,0,0,bacteria,thermomicrobiota,thermomicrobia,sphaerobacterales,sphaerobacteraceae,sphaerobacter,sphaerobacter thermophilus
Zotu6100,3,0,0,0,0,0,0,0,bacteria,verrucomicrobiota,verrucomicrobiae,limisphaerales,fontisphaeraceae,fontisphaera,fontisphaera persica
Zotu6101,0,0,0,0,1,0,0,0,bacteria,actinomycetota,actinomycetes,geodermatophilales,geodermatophilaceae,modestobacter,modestobacter lapidis
Zotu6102,0,0,0,0,0,0,0,0,bacteria,chloroflexota,dehalococcoidia,dehalococcoidia,dehalococcoidia,dehalogenimonas,dehalogenimonas lykanthroporepellens
Zotu6103,3,1,5,8,0,0,0,0,bacteria,actinomycetota,rubrobacteria,rubrobacterales,rubrobacteraceae,rubrobacter,rubrobacter naiadicus
Zotu6104,0,0,0,0,0,0,0,10,bacteria,pseudomonadota,alphaproteobacteria,rhodospirillales,azospirillaceae,skermanella,skermanella rubra
Zotu6105,0,0,17,0,0,0,0,0,bacteria,actinomycetota,thermoleophilia,solirubrobacterales,conexibacteraceae,conexibacter,conexibacter woesei
Zotu6106,0,0,0,0,0,0,0,0,bacteria,gemmatimonadota,gemmatimonadetes,gemmatimonadales,gemmatimonadaceae,gemmatimonas,gemmatimonas phototrophica
Zotu6107,0,0,0,0,0,0,0,0,bacteria,pseudomonadota,betaproteobacteria,burkholderiales,oxalobacteraceae,pseudoduganella,pseudoduganella dura
Zotu6108,0,0,0,0,0,0,0,0,bacteria,actinomycetota,actinomycetes,kitasatosporales,streptomycetaceae,allostreptomyces,allostreptomyces indica
Zotu6109,0,0,0,0,0,0,0,0,bacteria,thermomicrobiota,thermomicrobia,sphaerobacterales,sphaerobacteraceae,sphaerobacter,sphaerobacter thermophilus
Zotu6110,0,0,0,0,0,1,0,0,bacteria,actinomycetota,actinomycetia,micrococcales,cellulomonadaceae,actinotalea,actinotalea fermentans
Zotu6111,0,0,0,0,0,0,0,0,bacteria,myxococcota,myxococcota,polyangiales,polyangiaceae,racemicystis,racemicystis persica
Zotu6112,0,0,0,0,0,0,0,0,bacteria,bacteroidota,flavobacteriia,flavobacteriales,weeksellaceae,chryseobacterium,chryseobacterium mucoviscidosis
Zotu6113,0,0,0,0,0,0,0,0,bacteria,bacteroidota,flavobacteriia,flavobacteriales,flavobacteriaceae,salinimicrobium,salinimicrobium sediminis
Zotu6114,0,0,0,0,0,0,0,0,bacteria,pseudomonadota,gammaproteobacteria,chromatiales,ectothiorhodospiraceae,thiohalomonas,thiohalomonas denitrificans
Zotu6115,0,0,0,0,0,8,0,8,bacteria,actinomycetota,rubrobacteria,gaiellales,gaiellaceae,gaiella,gaiella occulta
Zotu6116,0,0,0,0,0,0,0,0,bacteria,thermomicrobiota,thermomicrobia,sphaerobacterales,sphaerobacteraceae,sphaerobacter,sphaerobacter thermophilus
Zotu6117,0,0,0,0,0,0,0,0,bacteria,actinomycetota,actinomycetes,streptosporangiales,thermomonosporaceae,actinocorallia,actinocorallia lasiicapitis
Zotu6118,0,0,0,0,0,20,1,15,bacteria,planctomycetota,phycisphaerae,tepidisphaerales,tepidisphaeraceae,tepidisphaera,tepidisphaera mucosa
Zotu6119,0,0,0,0,0,0,0,0,bacteria,bacteroidota,bacteroidia,bacteroidales,prevotellaceae,prevotella,prevotella melaninogenica
Zotu6120,0,0,0,1,0,0,0,1,bacteria,pseudomonadota,gammaproteobacteria,chromatiales,chromatiaceae,imhoffiella,imhoffiella bheemlica
Zotu6121,0,0,0,0,6,1,6,0,bacteria,thermomicrobiota,thermomicrobia,sphaerobacterales,sphaerobacteraceae,sphaerobacter,sphaerobacter thermophilus
Zotu6122,0,0,0,0,0,0,0,0,bacteria,actinomycetota,actinomycetes,streptosporangiales,streptosporangiaceae,planomonospora,planomonospora parontospora
Zotu6123,0,0,0,0,0,0,0,0,bacteria,pseudomonadota,alphaproteobacteria,hyphomicrobiales,methylobacteriaceae,methylobacterium,methylobacterium iners
Zotu6124,0,8,18,0,0,0,0,0,bacteria,bacillota,clostridia,eubacteriales,symbiobacteriaceae,symbiobacterium,symbiobacterium terraclitae
Zotu6126,0,0,0,0,0,22,0,0,bacteria,verrucomicrobiota,opitutae,opitutales,opitutaceae,horticoccus,horticoccus luteus
Zotu6127,0,0,0,0,0,0,0,0,bacteria,actinomycetota,acidimicrobiia,acidimicrobiales,iamiaceae,actinomarinicola,actinomarinicola tropica
Zotu6128,0,0,0,0,0,0,0,0,bacteria,pseudomonadota,alphaproteobacteria,sphingomonadales,sphingomonadaceae,sphingomonas,sphingomonas parva
Zotu6129,0,0,0,0,1,0,0,0,bacteria,actinomycetota,thermoleophilia,miltoncostaeales,miltoncostaeaceae,miltoncostaea,miltoncostaea oceani
Zotu6130,0,0,0,0,0,0,0,0,bacteria,pseudomonadota,betaproteobacteria,nitrosomonadales,nitrosomonadaceae,nitrosomonas,nitrosomonas cryotolerans
Zotu6131,0,0,0,0,0,0,0,0,bacteria,actinomycetota,actinomycetes,micromonosporales,micromonosporaceae,actinocatenispora,actinocatenispora thailandica
Zotu6132,0,0,0,0,0,0,0,0,bacteria,chloroflexota,chloroflexia,kallotenuales,kallotenuaceae,kallotenue,kallotenue papyrolyticum
Zotu6133,0,0,0,0,0,0,0,0,bacteria,bacillota,bacilli,lactobacillales,enterococcaceae,enterococcus,enterococcus cecorum
Zotu6134,0,0,0,0,0,0,0,0,bacteria,actinomycetota,actinomycetes,bifidobacteriales,bifidobacteriaceae,bifidobacterium,bifidobacterium porcinum
Zotu6135,0,0,0,0,0,0,0,0,bacteria,planctomycetota,planctomycetia,pirellulales,pirellulaceae,anatilimnocola,anatilimnocola aggregata
Zotu6136,10,11,0,0,0,0,0,0,bacteria,actinomycetota,actinomycetes,mycobacteriales,corynebacteriaceae,corynebacterium,corynebacterium confusum
Zotu6137,0,0,1,0,0,0,0,0,bacteria,pseudomonadota,alphaproteobacteria,sphingomonadales,sphingosinicellaceae,sphingosinicella,sphingosinicella humi
Zotu6138,0,0,0,0,0,0,0,0,bacteria,chloroflexota,chloroflexia,chloroflexales,oscillochloridaceae,oscillochloris,oscillochloris trichoides
Zotu6139,0,0,0,0,0,12,44,9,archaea,methanobacteriota,thermoplasmata,methanomassiliicoccales,methanomassiliicoccaceae,methanomassiliicoccus,candidatus methanomassiliicoccus intestinalis
Zotu6140,0,0,0,0,0,0,0,0,bacteria,actinomycetota,actinomycetes,propionibacteriales,nocardioidaceae,nocardioides,nocardioides flava
Zotu6141,0,0,0,0,0,0,0,0,bacteria,pseudomonadota,alphaproteobacteria,caulobacterales,caulobacteraceae,phenylobacterium,phenylobacterium koreense
Zotu6142,0,0,0,0,0,0,0,0,bacteria,pseudomonadota,hydrogenophilia,hydrogenophilia,hydrogenophilia,pelomicrobium,pelomicrobium methylotrophicum
Zotu6143,0,0,0,0,0,0,0,0,bacteria,actinomycetota,actinomycetes,geodermatophilales,geodermatophilaceae,geodermatophilus,geodermatophilus chilensis
Zotu6144,0,0,0,0,33,0,0,0,bacteria,bacillota,clostridia,eubacteriales,eubacteriales,natranaerovirga,natranaerovirga pectinivora
Zotu6145,0,0,0,0,0,0,0,0,bacteria,chloroflexota,chloroflexia,kallotenuales,kallotenuaceae,kallotenue,kallotenue papyrolyticum
Zotu6146,0,0,0,0,0,0,0,0,bacteria,bacillota,clostridia,eubacteriales,oscillospiraceae,ethanoligenens,ethanoligenens harbinense
Zotu6147,0,0,0,0,0,0,0,0,bacteria,planctomycetota,phycisphaerae,tepidisphaerales,tepidisphaeraceae,tepidisphaera,tepidisphaera mucosa
Zotu6148,0,10,0,0,0,0,0,0,bacteria,chloroflexota,tepidiformia,tepidiformales,tepidiformaceae,tepidiforma,tepidiforma bonchosmolovskayae
Zotu6149,0,0,0,0,0,0,0,0,bacteria,pseudomonadota,alphaproteobacteria,sphingomonadales,sphingosinicellaceae,sandaracinobacter,sandaracinobacter neustonicus
Zotu6150,0,0,0,0,0,0,0,0,bacteria,chlamydiota,chlamydiia,parachlamydiales,parachlamydiaceae,protochlamydia,candidatus protochlamydia naegleriophila
Zotu6151,0,0,0,0,0,1,0,0,bacteria,actinomycetota,thermoleophilia,solirubrobacterales,conexibacteraceae,conexibacter,conexibacter woesei
Zotu6152,0,0,0,0,0,0,0,0,bacteria,chloroflexota,caldilineae,caldilineales,caldilineaceae,litorilinea,litorilinea aerophila
Zotu6153,0,0,0,0,0,0,0,15,bacteria,thermodesulfobacteriota,syntrophobacteria,syntrophobacterales,syntrophobacteraceae,desulfoglaeba,desulfoglaeba alkanexedens
Zotu6154,0,0,0,0,0,15,0,0,bacteria,pseudomonadota,deltaproteobacteria,myxococcales,anaeromyxobacteraceae,anaeromyxobacter,anaeromyxobacter dehalogenans
Zotu6155,0,0,0,0,12,0,0,0,bacteria,gemmatimonadota,gemmatimonadetes,gemmatimonadales,gemmatimonadaceae,roseisolibacter,roseisolibacter agri
Zotu6156,0,0,0,0,0,0,0,0,bacteria,bacillota,clostridia,lutisporales,lutisporaceae,lutispora,lutispora thermophila
Zotu6157,1,0,0,0,0,0,0,0,bacteria,bacillota,bacilli,bacillales,paenibacillaceae,oxalophagus,oxalophagus oxalicus
Zotu6158,1,0,0,0,1,0,0,1,bacteria,pseudomonadota,betaproteobacteria,burkholderiales,burkholderiaceae,lautropia,lautropia mirabilis
Zotu6160,14,12,0,0,0,0,0,0,bacteria,planctomycetota,planctomycetia,gemmatales,gemmataceae,zavarzinella,zavarzinella formosa
Zotu6161,0,0,0,0,0,0,0,0,bacteria,gemmatimonadota,longimicrobiia,longimicrobiales,longimicrobiaceae,longimicrobium,longimicrobium terrae
Zotu6162,0,0,0,0,0,0,0,0,bacteria,chloroflexota,tepidiformia,tepidiformales,tepidiformaceae,tepidiforma,tepidiforma bonchosmolovskayae
Zotu6163,0,0,0,0,0,0,0,0,bacteria,actinomycetota,actinomycetes,micrococcales,microbacteriaceae,microbacterium,microbacterium rhizosphaerae
Zotu6164,0,0,0,0,0,0,0,0,bacteria,acidobacteriota,vicinamibacteria,vicinamibacterales,vicinamibacteraceae,vicinamibacter,vicinamibacter silvestris
Zotu6165,0,0,0,0,0,0,0,0,bacteria,pseudomonadota,alphaproteobacteria,hyphomicrobiales,phyllobacteriaceae,chelativorans,chelativorans multitrophicus
Zotu6166,0,0,0,0,0,0,0,0,bacteria,myxococcota,myxococcia,myxococcales,myxococcaceae,pyxidicoccus,pyxidicoccus fallax
Zotu6167,0,0,0,0,0,0,0,0,bacteria,chloroflexota,chloroflexia,kallotenuales,kallotenuaceae,kallotenue,kallotenue papyrolyticum
Zotu6168,0,0,0,0,0,0,0,0,bacteria,pseudomonadota,gammaproteobacteria,chromatiales,ectothiorhodospiraceae,inmirania,inmirania thermothiophila
Zotu6169,0,0,14,0,0,0,0,0,bacteria,pseudomonadota,deltaproteobacteria,myxococcales,anaeromyxobacteraceae,anaeromyxobacter,anaeromyxobacter dehalogenans
Zotu6171,0,0,0,0,0,0,0,0,bacteria,myxococcota,myxococcota,haliangiales,kofleriaceae,kofleria,kofleria flava
Zotu6172,0,0,1,0,0,0,15,0,bacteria,bacillota,clostridia,eubacteriales,symbiobacteriaceae,symbiobacterium,symbiobacterium turbinis
Zotu6173,0,0,0,0,0,0,0,0,bacteria,pseudomonadota,alphaproteobacteria,sphingomonadales,sphingosinicellaceae,pedomonas,pedomonas mirosovicensis
Zotu6174,0,0,0,0,25,0,0,0,bacteria,actinomycetota,nitriliruptoria,nitriliruptorales,nitriliruptoraceae,profundirhabdus,profundirhabdus halotolerans
Zotu6175,0,0,0,0,0,0,0,0,bacteria,pseudomonadota,gammaproteobacteria,xanthomonadales,xanthomonadaceae,lysobacter,lysobacter terrigena
Zotu6176,0,0,0,0,19,0,1,0,bacteria,pseudomonadota,betaproteobacteria,burkholderiales,burkholderiaceae,paraburkholderia,paraburkholderia domus
Zotu6178,0,0,0,0,0,0,0,0,bacteria,bacteroidota,sphingobacteriia,sphingobacteriales,sphingobacteriaceae,solitalea,solitalea canadensis
Zotu6180,0,0,0,0,0,0,0,0,bacteria,planctomycetota,planctomycetia,pirellulales,pirellulaceae,anatilimnocola,anatilimnocola aggregata
Zotu6181,8,10,0,0,0,0,0,0,archaea,methanobacteriota,thermoplasmata,methanomassiliicoccales,methanomassiliicoccaceae,methanomassiliicoccus,candidatus methanomassiliicoccus intestinalis
Zotu6182,0,0,0,0,0,0,0,0,bacteria,verrucomicrobiota,verrucomicrobiae,verrucomicrobiales,verrucomicrobia subdivision 3,pedosphaera,pedosphaera parvula
Zotu6183,22,0,0,0,0,1,0,1,bacteria,cyanobacteriota,cyanobacteria,synechococcales,trichocoleusaceae,trichocoleus,trichocoleus desertorum
Zotu6185,0,0,0,0,0,0,0,0,bacteria,chloroflexota,chloroflexia,herpetosiphonales,herpetosiphonaceae,herpetosiphon,herpetosiphon aurantiacus
Zotu6187,3,0,1,0,0,0,0,1,bacteria,pseudomonadota,gammaproteobacteria,steroidobacterales,steroidobacteraceae,peristeroidobacter,peristeroidobacter agariperforans
Zotu6188,0,0,0,0,0,0,0,0,bacteria,pseudomonadota,gammaproteobacteria,moraxellales,moraxellaceae,acinetobacter,acinetobacter seohaensis
Zotu6189,0,0,0,0,0,0,0,0,bacteria,bacteroidota,cytophagia,cytophagales,hymenobacteraceae,adhaeribacter,adhaeribacter aerophilus
Zotu6190,0,0,0,0,0,0,0,0,bacteria,myxococcota,myxococcia,myxococcales,archangiaceae,hyalangium,hyalangium minutum
Zotu6192,0,0,0,0,0,33,0,0,bacteria,verrucomicrobiota,verrucomicrobiae,verrucomicrobiales,verrucomicrobia subdivision 3,pedosphaera,pedosphaera parvula
Zotu6193,0,0,0,0,0,0,0,0,bacteria,bacteroidota,chitinophagia,chitinophagales,chitinophagaceae,segetibacter,segetibacter aerophilus
Zotu6194,0,0,0,0,0,0,0,0,bacteria,actinomycetota,actinomycetes,propionibacteriales,nocardioidaceae,nocardioides,nocardioides solisilvae
Zotu6195,0,0,0,0,0,0,0,0,bacteria,thermodesulfobacteriota,desulfobulbia,desulfobulbales,desulfobulbaceae,desulfolithobacter,desulfolithobacter dissulfuricans
Zotu6196,0,0,0,0,0,0,0,0,bacteria,cyanobacteriota,cyanobacteria,nostocales,scytonemataceae,scytonema,scytonema ocellatum
Zotu6198,0,20,0,0,0,0,8,0,bacteria,bacillota,bacilli,bacillales,paenibacillaceae,paenibacillus,paenibacillus phyllosphaerae
Zotu6199,0,0,0,0,0,0,0,0,bacteria,actinomycetota,thermoleophilia,solirubrobacterales,parviterribacteraceae,parviterribacter,parviterribacter multiflagellatus
Zotu6200,0,0,0,0,0,0,0,0,bacteria,bacteroidota,sphingobacteriia,sphingobacteriales,sphingobacteriaceae,pedobacter,pedobacter xinjiangensis
Zotu6201,0,0,0,0,12,0,0,0,bacteria,pseudomonadota,alphaproteobacteria,hyphomicrobiales,boseaceae,bosea,bosea thiooxidans
Zotu6202,0,0,0,0,0,0,1,0,bacteria,planctomycetota,planctomycetia,pirellulales,pirellulaceae,rosistilla,rosistilla oblonga
Zotu6203,0,0,0,0,0,0,1,19,bacteria,pseudomonadota,deltaproteobacteria,myxococcales,anaeromyxobacteraceae,anaeromyxobacter,anaeromyxobacter dehalogenans
Zotu6205,0,0,0,0,0,0,0,0,bacteria,pseudomonadota,alphaproteobacteria,hyphomicrobiales,methylobacteriaceae,microvirga,microvirga guangxiensis
Zotu6206,0,0,0,0,0,0,0,0,bacteria,actinomycetota,rubrobacteria,rubrobacterales,rubrobacteraceae,rubrobacter,rubrobacter xylanophilus
Zotu6207,0,0,0,0,0,0,0,0,bacteria,bacteroidota,cytophagia,cytophagales,flexibacteraceae,flexibacter,flexibacter flexilis
Zotu6208,3,3,0,0,0,1,3,0,bacteria,actinomycetota,rubrobacteria,rubrobacterales,rubrobacteraceae,rubrobacter,rubrobacter naiadicus
Zotu6210,0,0,0,0,0,0,0,0,bacteria,ignavibacteriota,ignavibacteria,ignavibacteriales,ignavibacteriaceae,ignavibacterium,ignavibacterium album
Zotu6211,0,0,0,0,0,0,0,1,bacteria,chloroflexota,chloroflexia,kallotenuales,kallotenuaceae,kallotenue,kallotenue papyrolyticum
Zotu6212,27,0,0,0,0,0,0,0,bacteria,planctomycetota,planctomycetia,pirellulales,lacipirellulaceae,aeoliella,aeoliella mucimassa
Zotu6213,9,9,0,0,11,0,5,1,bacteria,myxococcota,myxococcia,myxococcales,myxococcaceae,simulacricoccus,simulacricoccus ruber
Zotu6214,0,0,0,0,0,0,0,0,bacteria,actinomycetota,rubrobacteria,rubrobacterales,rubrobacteraceae,rubrobacter,rubrobacter taiwanensis
Zotu6216,0,0,0,0,27,0,0,0,bacteria,pseudomonadota,alphaproteobacteria,hyphomicrobiales,propylenellaceae,propylenella,propylenella binzhouense
Zotu6217,0,0,0,0,0,0,0,0,bacteria,acidobacteriota,vicinamibacteria,vicinamibacterales,vicinamibacteraceae,luteitalea,luteitalea pratensis
Zotu6218,0,0,25,0,0,1,0,0,bacteria,bacillota,clostridia,eubacteriales,peptococcaceae,desulforamulus,desulforamulus ferrireducens
Zotu6219,0,0,0,0,0,0,2,0,bacteria,bacteroidota,cytophagia,cytophagales,cytophagaceae,rhodocytophaga,rhodocytophaga rosea
Zotu6220,0,0,0,0,0,0,0,0,bacteria,pseudomonadota,alphaproteobacteria,sphingomonadales,sphingomonadaceae,sphingomonas,sphingomonas sediminicola
Zotu6221,2,0,0,0,0,1,0,0,bacteria,bacillota,clostridia,eubacteriales,symbiobacteriaceae,symbiobacterium,symbiobacterium terraclitae
Zotu6222,0,0,0,1,0,0,0,0,bacteria,chloroflexota,chloroflexota,chloroflexota,chloroflexota,thermobaculum,thermobaculum terrenum
Zotu6223,27,0,0,0,0,0,0,0,bacteria,bacillota,clostridia,peptostreptococcales,thermotaleaceae,anaeromicrobium,anaeromicrobium sediminis
Zotu6224,13,0,0,0,0,0,0,0,bacteria,bacillota,clostridia,moorellales,moorellaceae,moorella,moorella humiferrea
Zotu6225,0,0,0,0,0,0,0,1,bacteria,actinomycetota,actinomycetes,geodermatophilales,geodermatophilaceae,geodermatophilus,geodermatophilus chilensis
Zotu6226,0,0,0,0,6,1,0,0,bacteria,myxococcota,myxococcota,haliangiales,kofleriaceae,haliangium,haliangium ochraceum
Zotu6227,0,0,0,0,0,0,0,0,bacteria,bacillota,clostridia,eubacteriales,thermincolaceae,thermincola,thermincola carboxydiphila
Zotu6228,0,0,0,0,0,0,1,0,bacteria,bacteroidota,cytophagia,cytophagales,hymenobacteraceae,adhaeribacter,adhaeribacter aquaticus
Zotu6229,0,0,0,0,0,0,0,0,bacteria,bacteroidota,sphingobacteriia,sphingobacteriales,aurantibacillaceae,aurantibacillus,aurantibacillus circumpalustris
Zotu6230,0,0,0,0,0,1,0,0,archaea,methanobacteriota,thermoplasmata,methanomassiliicoccales,methanomassiliicoccaceae,methanomassiliicoccus,candidatus methanomassiliicoccus intestinalis
Zotu6231,0,0,0,0,0,0,0,0,archaea,methanobacteriota,thermoplasmata,methanomassiliicoccales,methanomassiliicoccaceae,methanomassiliicoccus,candidatus methanomassiliicoccus intestinalis
Zotu6232,0,0,0,0,0,0,0,0,bacteria,actinomycetota,thermoleophilia,solirubrobacterales,conexibacteraceae,conexibacter,conexibacter stalactiti
Zotu6234,0,0,0,0,0,0,0,0,bacteria,bacillota,bacilli,bacillales,paenibacillaceae,paenibacillus,paenibacillus antri
Zotu6235,2,0,0,0,0,0,0,0,bacteria,actinomycetota,rubrobacteria,rubrobacterales,rubrobacteraceae,rubrobacter,rubrobacter xylanophilus
Zotu6236,0,0,0,0,0,0,0,0,bacteria,pseudomonadota,alphaproteobacteria,caulobacterales,caulobacteraceae,phenylobacterium,phenylobacterium lituiforme
Zotu6237,0,0,0,0,0,0,0,0,bacteria,candidatus saccharibacteria,candidatus saccharibacteria,candidatus saccharibacteria,candidatus saccharibacteria,candidatus saccharimonas,candidatus saccharimonas aalborgensis
Zotu6238,0,0,0,0,0,0,0,0,bacteria,chloroflexota,chloroflexia,kallotenuales,kallotenuaceae,kallotenue,kallotenue papyrolyticum
Zotu6239,0,1,0,0,0,0,1,0,bacteria,bacillota,clostridia,eubacteriales,symbiobacteriaceae,symbiobacterium,symbiobacterium terraclitae
Zotu6240,9,0,1,0,26,1,0,0,bacteria,chloroflexota,tepidiformia,tepidiformales,tepidiformaceae,tepidiforma,tepidiforma bonchosmolovskayae
Zotu6241,10,0,0,0,0,0,0,0,bacteria,planctomycetota,planctomycetia,gemmatales,gemmataceae,gemmata,gemmata obscuriglobus
Zotu6242,0,0,0,0,0,0,0,0,bacteria,actinomycetota,thermoleophilia,solirubrobacterales,solirubrobacteraceae,solirubrobacter,solirubrobacter phytolaccae
Zotu6243,0,0,0,0,0,0,0,0,bacteria,bacillota,bacilli,bacillales,bacillales family x. incertae sedis,brockia,brockia lithotrophica
Zotu6244,0,0,0,0,0,0,1,0,bacteria,chloroflexota,chloroflexia,kallotenuales,kallotenuaceae,kallotenue,kallotenue papyrolyticum
Zotu6245,0,0,0,0,0,0,17,0,bacteria,bacillota,bacillota,bacillota,bacillota,capillibacterium,capillibacterium thermochitinicola
Zotu6246,9,1,2,0,0,1,0,0,bacteria,myxococcota,myxococcota,polyangiales,polyangiaceae,byssovorax,byssovorax cruenta
Zotu6247,6,0,0,0,0,0,0,0,bacteria,pseudomonadota,hydrogenophilia,hydrogenophilia,hydrogenophilia,pelomicrobium,pelomicrobium methylotrophicum
Zotu6248,0,0,0,0,0,0,0,0,bacteria,pseudomonadota,alphaproteobacteria,hyphomicrobiales,brucellaceae,brucella,brucella intermedia
Zotu6249,0,0,0,0,0,25,0,0,bacteria,verrucomicrobiota,verrucomicrobiae,verrucomicrobiales,verrucomicrobia subdivision 3,pedosphaera,pedosphaera parvula
Zotu6250,15,16,0,0,0,0,0,0,bacteria,planctomycetota,planctomycetia,pirellulales,lacipirellulaceae,lacipirellula,lacipirellula limnantheis
Zotu6251,0,0,0,0,0,0,0,0,bacteria,actinomycetota,thermoleophilia,solirubrobacterales,parviterribacteraceae,parviterribacter,parviterribacter kavangonensis
Zotu6252,12,5,0,0,0,0,0,0,bacteria,pseudomonadota,deltaproteobacteria,desulfuromonadales,desulfuromonadaceae,desulfuromonas,desulfuromonas svalbardensis
Zotu6253,0,0,0,0,0,0,0,2,bacteria,actinomycetota,rubrobacteria,rubrobacterales,rubrobacteraceae,rubrobacter,rubrobacter spartanus
Zotu6254,0,0,0,0,0,0,0,0,bacteria,pseudomonadota,gammaproteobacteria,legionellales,coxiellaceae,coxiella,coxiella cheraxi
Zotu6256,0,0,0,0,0,0,0,0,bacteria,pseudomonadota,betaproteobacteria,rhodocyclales,zoogloeaceae,thauera,thauera mechernichensis
Zotu6257,0,0,0,0,0,0,2,0,bacteria,actinomycetota,rubrobacteria,gaiellales,gaiellaceae,gaiella,gaiella occulta
Zotu6258,0,0,0,0,0,0,1,1,bacteria,actinomycetota,rubrobacteria,gaiellales,gaiellaceae,gaiella,gaiella occulta
Zotu6259,0,0,0,0,0,0,7,0,bacteria,actinomycetota,acidimicrobiia,acidimicrobiales,iamiaceae,iamia,iamia majanohamensis
Zotu6260,0,0,0,0,0,0,0,0,bacteria,actinomycetota,thermoleophilia,solirubrobacterales,conexibacteraceae,conexibacter,conexibacter stalactiti
Zotu6261,0,0,9,0,15,3,25,24,bacteria,gemmatimonadota,longimicrobiia,longimicrobiales,longimicrobiaceae,longimicrobium,longimicrobium terrae
Zotu6262,0,0,0,0,0,0,0,0,bacteria,bacteroidota,chitinophagia,chitinophagales,chitinophagaceae,paracnuella,paracnuella aquatica
Zotu6263,0,0,0,0,0,0,0,0,bacteria,thermodesulfobacteriota,desulfuromonadia,geobacterales,geobacteraceae,geobacter,geobacter argillaceus
Zotu6264,0,0,0,0,0,0,0,0,bacteria,bacteroidota,cytophagia,cytophagales,hymenobacteraceae,pontibacter,pontibacter amylolyticus
Zotu6265,0,0,0,0,35,0,0,0,bacteria,myxococcota,myxococcota,polyangiales,polyangiaceae,racemicystis,racemicystis persica
Zotu6266,0,1,0,0,0,0,0,0,bacteria,pseudomonadota,alphaproteobacteria,hyphomicrobiales,methylobacteriaceae,enterovirga,enterovirga rhinocerotis
Zotu6267,0,0,0,0,0,11,5,0,bacteria,chloroflexota,tepidiformia,tepidiformales,tepidiformaceae,tepidiforma,tepidiforma bonchosmolovskayae
Zotu6268,0,0,0,0,1,0,0,0,bacteria,bacillota,bacilli,bacillales,bacillaceae,bacillus,bacillus kwashiorkori
Zotu6269,0,0,0,0,0,0,8,15,bacteria,chloroflexota,chloroflexia,herpetosiphonales,herpetosiphonaceae,herpetosiphon,herpetosiphon aurantiacus
Zotu6270,1,6,0,0,0,1,0,0,archaea,methanobacteriota,thermoplasmata,methanomassiliicoccales,methanomassiliicoccaceae,methanomassiliicoccus,candidatus methanomassiliicoccus intestinalis
Zotu6271,1,0,0,0,9,0,0,0,bacteria,actinomycetota,actinomycetes,geodermatophilales,geodermatophilaceae,geodermatophilus,geodermatophilus saharensis
Zotu6272,11,10,0,0,0,0,0,1,bacteria,pseudomonadota,betaproteobacteria,burkholderiales,burkholderiaceae,burkholderia,burkholderia sordidicola
Zotu6273,0,0,0,0,0,0,0,0,bacteria,actinomycetota,actinomycetes,micrococcales,promicromonosporaceae,cellulosimicrobium,cellulosimicrobium cellulans
Zotu6274,9,8,0,0,0,0,0,0,bacteria,actinomycetota,rubrobacteria,rubrobacterales,rubrobacteraceae,rubrobacter,rubrobacter xylanophilus
Zotu6275,0,0,0,0,0,0,0,0,bacteria,pseudomonadota,alphaproteobacteria,rhodospirillales,thalassobaculaceae,thalassobaculum,thalassobaculum litoreum
Zotu6276,0,0,0,0,0,0,0,0,archaea,methanobacteriota,halobacteria,halobacteriales,halobacteriaceae,natronomonas,natronomonas moolapensis
Zotu6277,0,0,0,0,0,0,0,0,bacteria,gemmatimonadota,gemmatimonadetes,gemmatimonadales,gemmatimonadaceae,roseisolibacter,roseisolibacter agri
Zotu6279,0,0,0,0,0,0,0,0,bacteria,pseudomonadota,alphaproteobacteria,sphingomonadales,sphingosinicellaceae,sphingosinicella,sphingosinicella ginsenosidimutans
Zotu6280,0,0,0,0,0,0,0,0,bacteria,pseudomonadota,alphaproteobacteria,hyphomicrobiales,hyphomicrobiaceae,rhodoplanes,rhodoplanes serenus
Zotu6281,0,0,0,0,0,0,0,0,bacteria,bacteroidota,cytophagia,cytophagales,cytophagaceae,rhodocytophaga,rhodocytophaga aerolata
Zotu6282,1,0,37,0,0,0,0,0,archaea,methanobacteriota,thermococci,thermococcales,thermococcaceae,thermococcus,thermococcus litoralis
Zotu6283,0,0,0,0,0,0,0,0,bacteria,bacillota,clostridia,eubacteriales,desulfotomaculaceae,desulfotomaculum,desulfotomaculum nigrificans
Zotu6284,0,0,0,0,0,0,0,0,bacteria,gemmatimonadota,longimicrobiia,longimicrobiales,longimicrobiaceae,longimicrobium,longimicrobium terrae
Zotu6346,0,0,0,0,0,0,0,0,bacteria,planctomycetota,planctomycetia,planctomycetales,planctomycetaceae,calycomorphotria,calycomorphotria hydatis
Zotu6347,0,0,0,0,0,0,0,0,bacteria,chloroflexota,anaerolineae,anaerolineales,anaerolineaceae,leptolinea,leptolinea tardivitalis
Zotu6348,2,0,19,0,14,1,1,0,bacteria,acidobacteriota,vicinamibacteria,vicinamibacterales,vicinamibacteraceae,vicinamibacter,vicinamibacter silvestris
Zotu6349,0,0,0,0,0,0,0,0,archaea,methanobacteriota,methanomicrobia,methanomicrobiales,methanomicrobiaceae,methanoculleus,methanoculleus sediminis
Zotu6350,0,0,0,0,0,0,0,0,bacteria,planctomycetota,phycisphaerae,tepidisphaerales,tepidisphaeraceae,tepidisphaera,tepidisphaera mucosa
Zotu6351,0,0,0,0,0,0,0,0,bacteria,actinomycetota,actinomycetes,pseudonocardiales,pseudonocardiaceae,allokutzneria,allokutzneria oryzae
Zotu6353,0,0,0,0,0,0,0,0,bacteria,pseudomonadota,alphaproteobacteria,sphingomonadales,erythrobacteraceae,porphyrobacter,porphyrobacter donghaensis
Zotu6354,1,0,0,0,0,0,1,0,archaea,methanobacteriota,thermoplasmata,methanomassiliicoccales,methanomassiliicoccaceae,methanomassiliicoccus,candidatus methanomassiliicoccus intestinalis
Zotu6355,0,0,0,0,0,0,1,1,bacteria,pseudomonadota,betaproteobacteria,burkholderiales,comamonadaceae,acidovorax,acidovorax oryzae
Zotu6356,3,0,0,0,0,0,1,0,bacteria,pseudomonadota,gammaproteobacteria,acidiferrobacterales,acidiferrobacteraceae,sulfuricaulis,sulfuricaulis limicola
Zotu6357,0,0,0,0,0,0,0,1,bacteria,bacillota,bacilli,bacillales,paenibacillaceae,paenibacillus,paenibacillus antri
Zotu6358,0,0,0,0,0,16,0,0,bacteria,pseudomonadota,alphaproteobacteria,rhodospirillales,azospirillaceae,indioceanicola,indioceanicola profundi
Zotu6359,0,0,0,0,0,18,0,0,bacteria,planctomycetota,planctomycetia,pirellulales,pirellulaceae,candidatus anammoximicrobium,candidatus anammoximicrobium moscowii
Zotu6360,0,0,0,0,0,0,0,0,bacteria,pseudomonadota,alphaproteobacteria,hyphomicrobiales,aurantimonadaceae,aureimonas,aureimonas altamirensis
Zotu6361,1,4,0,0,3,5,0,0,bacteria,actinomycetota,rubrobacteria,rubrobacterales,rubrobacteraceae,rubrobacter,rubrobacter spartanus
Zotu6362,0,5,0,0,0,0,0,0,bacteria,acidobacteriota,vicinamibacteria,vicinamibacterales,vicinamibacteraceae,luteitalea,luteitalea pratensis
Zotu6363,0,0,0,0,0,0,0,0,bacteria,bacillota,clostridia,moorellales,moorellaceae,moorella,moorella glycerini
Zotu6364,0,0,0,0,0,0,0,0,bacteria,gemmatimonadota,longimicrobiia,longimicrobiales,longimicrobiaceae,longimicrobium,longimicrobium terrae
Zotu6365,0,1,12,0,1,0,0,0,bacteria,actinomycetota,rubrobacteria,rubrobacterales,rubrobacteraceae,rubrobacter,rubrobacter spartanus
Zotu6366,1,7,0,0,17,3,0,0,bacteria,actinomycetota,thermoleophilia,solirubrobacterales,parviterribacteraceae,parviterribacter,parviterribacter kavangonensis
Zotu6367,0,1,1,0,0,0,0,0,bacteria,myxococcota,myxococcota,haliangiales,kofleriaceae,haliangium,haliangium ochraceum
Zotu6368,0,0,0,0,0,0,0,0,bacteria,actinomycetota,acidimicrobiia,acidimicrobiales,iamiaceae,actinomarinicola,actinomarinicola tropica
Zotu6369,0,0,0,0,0,10,0,0,bacteria,chloroflexota,chloroflexia,kallotenuales,kallotenuaceae,kallotenue,kallotenue papyrolyticum
Zotu6370,0,0,0,0,0,0,0,0,bacteria,actinomycetota,thermoleophilia,solirubrobacterales,conexibacteraceae,conexibacter,conexibacter arvalis
Zotu6371,0,0,0,0,0,0,0,0,bacteria,bacteroidota,chitinophagia,chitinophagales,chitinophagaceae,flavisolibacter,flavisolibacter ginsengiterrae
Zotu6372,0,0,0,0,0,0,0,0,bacteria,planctomycetota,planctomycetia,pirellulales,pirellulaceae,pirellula,pirellula staleyi
Zotu6373,0,2,0,0,0,0,0,0,bacteria,bacteroidota,flavobacteriia,flavobacteriales,schleiferiaceae,owenweeksia,owenweeksia hongkongensis
Zotu6374,0,0,0,0,0,0,0,0,bacteria,gemmatimonadota,longimicrobiia,longimicrobiales,longimicrobiaceae,longimicrobium,longimicrobium terrae
Zotu6375,0,0,0,0,0,0,0,0,bacteria,gemmatimonadota,longimicrobiia,longimicrobiales,longimicrobiaceae,longimicrobium,longimicrobium terrae
Zotu6376,0,0,0,0,0,0,0,0,bacteria,planctomycetota,planctomycetia,planctomycetales,planctomycetaceae,symmachiella,symmachiella dynata
Zotu6377,0,0,0,1,0,0,0,13,bacteria,actinomycetota,thermoleophilia,solirubrobacterales,conexibacteraceae,conexibacter,conexibacter arvalis
Zotu6378,0,21,0,1,0,0,0,0,bacteria,chloroflexota,anaerolineae,anaerolineales,anaerolineaceae,thermomarinilinea,thermomarinilinea lacunifontana
Zotu6379,0,0,0,0,0,0,1,0,bacteria,actinomycetota,actinomycetes,streptosporangiales,thermomonosporaceae,actinocorallia,actinocorallia longicatena
Zotu6380,0,0,0,0,1,0,0,0,bacteria,actinomycetota,thermoleophilia,solirubrobacterales,parviterribacteraceae,parviterribacter,parviterribacter multiflagellatus
Zotu6381,0,0,0,0,0,0,0,0,bacteria,bacillota,limnochordia,limnochordales,limnochordaceae,limnochorda,limnochorda pilosa
Zotu6382,0,0,0,0,0,0,0,0,bacteria,verrucomicrobiota,verrucomicrobiae,verrucomicrobiales,verrucomicrobia subdivision 3,pedosphaera,pedosphaera parvula
Zotu6383,0,0,0,0,0,0,0,0,bacteria,chloroflexota,chloroflexota,chloroflexota,chloroflexota,thermobaculum,thermobaculum terrenum
Zotu6384,0,0,0,0,0,0,0,0,bacteria,actinomycetota,thermoleophilia,solirubrobacterales,solirubrobacteraceae,solirubrobacter,solirubrobacter ginsenosidimutans
Zotu6386,0,0,0,0,0,1,0,0,bacteria,actinomycetota,thermoleophilia,solirubrobacterales,conexibacteraceae,conexibacter,conexibacter arvalis
Zotu6387,0,0,0,0,1,0,0,0,bacteria,bacillota,bacilli,bacillales,paenibacillaceae,paenibacillus,paenibacillus mucilaginosus
Zotu6388,0,0,0,0,0,0,0,0,bacteria,actinomycetota,nitriliruptoria,euzebyales,euzebyaceae,euzebya,euzebya pacifica
Zotu6389,0,0,0,1,6,0,1,0,bacteria,gemmatimonadota,longimicrobiia,longimicrobiales,longimicrobiaceae,longimicrobium,longimicrobium terrae
Zotu6390,3,13,0,0,26,0,14,0,archaea,methanobacteriota,thermoplasmata,methanomassiliicoccales,candidatus methanomethylophilaceae,candidatus methanomethylophilus,candidatus methanomethylophilus alvus
Zotu6391,1,16,0,0,0,0,0,0,bacteria,acidobacteriota,vicinamibacteria,vicinamibacterales,vicinamibacteraceae,luteitalea,luteitalea pratensis
Zotu6392,0,0,0,0,0,0,0,0,bacteria,actinomycetota,rubrobacteria,rubrobacterales,rubrobacteraceae,rubrobacter,rubrobacter xylanophilus
Zotu6393,0,0,0,15,0,0,0,0,archaea,methanobacteriota,thermoplasmata,methanomassiliicoccales,methanomassiliicoccaceae,methanomassiliicoccus,candidatus methanomassiliicoccus intestinalis
Zotu6394,0,0,0,0,0,0,0,0,bacteria,bacteroidota,cytophagia,cytophagales,fulvivirgaceae,ohtaekwangia,ohtaekwangia koreensis
Zotu6395,0,0,0,0,0,0,0,0,bacteria,actinomycetota,actinomycetes,micrococcales,microbacteriaceae,microbacterium,microbacterium arborescens
Zotu6396,0,0,0,0,1,0,0,0,bacteria,actinomycetota,rubrobacteria,rubrobacterales,rubrobacteraceae,rubrobacter,rubrobacter spartanus
Zotu6397,0,0,0,0,0,0,0,0,bacteria,gemmatimonadota,gemmatimonadetes,gemmatimonadales,gemmatimonadaceae,gemmatimonas,gemmatimonas phototrophica
Zotu6398,0,0,0,0,0,0,0,0,bacteria,myxococcota,myxococcia,myxococcales,vulgatibacteraceae,vulgatibacter,vulgatibacter incomptus
Zotu6399,6,0,0,0,0,0,0,0,bacteria,pseudomonadota,alphaproteobacteria,rhodospirillales,azospirillaceae,skermanella,skermanella pratensis
Zotu6400,0,0,0,0,0,0,0,0,bacteria,pseudomonadota,betaproteobacteria,burkholderiales,burkholderiales,rhizobacter,rhizobacter dauci
Zotu6401,0,0,0,0,0,0,0,0,bacteria,myxococcota,myxococcota,haliangiales,kofleriaceae,kofleria,kofleria flava
Zotu6402,0,0,0,0,0,0,0,0,bacteria,thermomicrobiota,thermomicrobia,sphaerobacterales,sphaerobacteraceae,sphaerobacter,sphaerobacter thermophilus
Zotu6403,1,0,0,0,0,0,3,0,bacteria,bacillota,clostridia,eubacteriales,symbiobacteriaceae,symbiobacterium,symbiobacterium terraclitae
Zotu6404,0,0,0,0,0,0,0,0,bacteria,bacteroidota,bacteroidia,bacteroidales,lentimicrobiaceae,lentimicrobium,lentimicrobium saccharophilum
Zotu6405,0,0,0,0,0,0,0,0,bacteria,actinomycetota,actinomycetes,pseudonocardiales,pseudonocardiaceae,pseudonocardia,pseudonocardia halophobica
Zotu6406,1,0,0,0,0,0,0,0,bacteria,myxococcota,myxococcota,polyangiales,sandaracinaceae,sandaracinus,sandaracinus amylolyticus
Zotu6407,0,0,0,0,0,0,0,0,bacteria,planctomycetota,planctomycetia,gemmatales,gemmataceae,gemmata,gemmata obscuriglobus
Zotu6408,0,0,0,0,0,0,0,0,bacteria,pseudomonadota,gammaproteobacteria,xanthomonadales,xanthomonadaceae,lysobacter,lysobacter enzymogenes
Zotu6409,0,0,0,0,0,0,26,0,bacteria,verrucomicrobiota,verrucomicrobiae,verrucomicrobiales,verrucomicrobia subdivision 3,pedosphaera,pedosphaera parvula
Zotu6410,0,0,0,1,0,0,2,0,bacteria,chloroflexota,chloroflexia,kallotenuales,kallotenuaceae,kallotenue,kallotenue papyrolyticum
Zotu6411,0,0,0,0,0,0,0,15,bacteria,pseudomonadota,alphaproteobacteria,sphingomonadales,sphingomonadaceae,novosphingobium,novosphingobium endophyticum
Zotu6412,0,0,0,0,0,0,0,0,bacteria,bacteroidota,flavobacteriia,flavobacteriales,owenweeksiaceae,owenweeksia,owenweeksia hongkongensis
