"","MESQUITE.FLATS.SAND.MF.4B","MESQUITE.FLATS.SAND.MF.5B","MESQUITE.FLATS.SAND.MF.6B","MESQUITE.FLATS.SAND.MF.7B","MESQUITE.FLATS.SAND.MF.8B","MESQUITE.FLATS.SAND.MF.11A","MESQUITE.FLATS.SAND.MF.12A","MESQUITE.FLATS.SAND.MF.13A","MESQUITE.FLATS.SAND.MF.14B","MESQUITE.FLATS.SAND.MF.15A","MESQUITE.FLATS.SAND.MF.16A","MESQUITE.FLATS.SAND.MF.17A","MESQUITE.FLATS.SAND.MF.18B","MESQUITE.FLATS.SAND.MF.19A","MESQUITE.FLATS.SAND.MF.20A","MESQUITE.FLATS.SAND.MF.27B","MESQUITE.FLATS.SAND.MF.28A","MESQUITE.FLATS.SAND.MF.30A","MESQUITE.FLATS.SAND.MF.31B","MESQUITE.FLATS.SAND.MF.33A","EUREKA.SAND.ED.01A","EUREKA.SAND.ED.02B","EUREKA.SAND.ED.03A","EUREKA.SAND.ED.04A","EUREKA.SAND.ED.05A","EUREKA.SAND.ED.06A","EUREKA.SAND.ED.08A","EUREKA.SAND.ED.09A","EUREKA.SAND.ED.10A","EUREKA.SAND.ED.11A","EUREKA.SAND.ED.12A","EUREKA.SAND.ED.13A","EUREKA.SAND.ED.14B","EUREKA.SAND.ED.15B","EUREKA.SAND.ED.16A","EUREKA.SAND.ED.17B","EUREKA.SAND.ED.18A","EUREKA.SAND.ED.19A","EUREKA.SAND.ED.20A","EUREKA.SAND.ED.21A","EUREKA.SAND.ED.22A","EUREKA.SAND.ED.23A","EUREKA.SAND.ED.24A","EUREKA.SAND.ED.33A","IBEX.SAND.IX.1B","IBEX.SAND.IX.2A","IBEX.SAND.IX.3A","IBEX.SAND.IX.4B","IBEX.SAND.IX.5A","IBEX.SAND.IX.6A","IBEX.SAND.IX.7A","IBEX.SAND.IX.8A","IBEX.SAND.IX.9A","IBEX.SAND.IX.10A","IBEX.SAND.IX.10CM.A","IBEX.SAND.IX.2OCM.B","IBEX.SAND.IX.3OCM.A","IBEX.SAND.IX.40CM.A","IBEX.SAND.IX.50CM.A","IBEX.SAND.IX.60CM.A","IBEX.SAND.IX.70CM.A","IBEX.SAND.IX.80CM.A"
"Zotu198",585,10,49,16,15,6,16,5,3,4,16,67,10,11,21,10,20,3,4,149,223,2,8,3,7,5,10,7,3,34,2,0,4,0,2,3,4,4,3,5,4,2,53,11,292,1,2,0,0,1,12,15,4,22,0,0,1,3,3,2,1,5
"Zotu5",384,393,169,161,41,39,333,339,481,1176,414,283,34,570,146,23,41,105,186,463,48,316,316,28,283,77,238,456,165,408,35,326,106,192,210,28,402,442,22,427,43,784,826,27,56,1204,714,430,778,1357,480,134,91,165,25,27,46,21,34,44,106,187
"Zotu62",4151,11,15,15,26,54,48,22,16,50,17,35,15,20,17,137,26,27,11,190,20,12,37,8,24,15,68,21,19,25,19,0,0,0,0,0,0,0,0,0,0,0,0,0,0,0,0,0,0,0,0,0,0,0,0,0,0,0,0,0,0,0
"Zotu15",5905,102,118,28,36,143,163,40,34,78,61,99,21,91,110,800,58,101,18,494,187,28,77,27,27,29,63,40,31,63,39,2,4,2,3,4,4,4,7,2,2,3,2,4,462,4,7,8,1,3,35,60,21,29,0,4,2,4,5,2,4,24
"Zotu66",282,150,38,12,5,6,1202,347,34,123,7,92,11,73,78,141,22,14,6,14,17,12,12,11,16,15,13,11,20,20,16,0,2,3,5,1,2,1,2,1,1,95,4,1,118,0,2,0,2,3,2,103,189,1,0,1,3,2,1,2,2,6
"Zotu766",381,0,4,1,1,2,5,4,0,31,1,5,0,2,1,2,1,0,2,4,3,0,1,3,0,4,2,0,3,3,2,0,0,0,0,0,0,0,0,0,0,0,0,0,0,0,0,0,0,0,0,0,0,0,0,0,0,0,0,0,0,0
"Zotu5726",1,0,0,0,0,0,0,0,0,0,11,19,0,1,1,1,0,1,0,0,1,0,0,0,0,0,0,1,0,0,0,0,0,0,0,0,0,0,0,0,0,0,0,0,0,0,0,0,0,0,0,0,0,0,0,0,0,0,0,0,0,0
"Zotu282",273,31,33,2,12,3,4,44,9,12,3,37,2,34,16,4,19,27,20,4,54,56,4,5,7,1,6,9,45,19,40,115,3,1,3,3,42,1,2,3,3,21,152,4,79,4,0,3,4,3,38,42,42,24,6,3,2,2,8,7,5,49
"Zotu7",1081,342,417,320,105,125,242,417,130,684,31,333,41,413,769,72,252,205,19,257,2892,81,120,44,209,62,70,273,236,819,125,158,710,152,206,28,145,359,48,55,22,240,892,77,358,10,22,17,20,25,54,531,125,386,9,12,14,11,10,17,15,197
"Zotu58",250,111,75,36,15,49,33,153,42,34,52,111,8,73,78,133,45,11,7,20,100,12,306,5,24,60,246,105,120,394,8,219,13,84,47,9,175,141,76,258,14,419,10,33,176,10,13,17,21,13,59,136,69,203,6,3,2,6,5,5,11,214
"Zotu236",262,0,2,1,0,1,0,0,0,1,2,3,1,2,1,3,1,2,0,3,1,1,3,0,5,0,1,2,2,1,1,10,6,4,2,1,336,586,8,2,2,5,7,4,83,7,2,17,9,7,4,6,14,7,4,0,4,6,4,6,5,4
"Zotu342",629,20,2,9,5,6,31,17,10,8,2,7,1,4,12,3,5,9,1,47,15,1,2,3,1,1,5,2,5,3,3,0,1,1,1,0,1,0,0,1,0,0,2,0,36,0,0,0,0,0,0,1,0,0,0,0,0,3,0,0,0,3
"Zotu1",607,926,968,209,241,366,400,517,244,265,1709,1761,17626,318,227,235,312,336,1085,3005,885,5824,6195,8908,6029,6889,5370,709,464,300,8692,6794,5940,4456,4386,5730,492,335,345,457,11631,324,599,114,1940,4160,3101,3647,4894,3449,2078,392,1068,2523,121,75,336,700,105,239,223,188
"Zotu5769",1,1,0,2,10,0,0,0,1,0,0,0,0,1,0,0,4,0,0,0,0,0,0,0,0,0,0,0,0,0,0,0,0,0,0,0,0,0,0,0,0,0,0,2,1,0,0,1,0,0,0,1,1,0,0,8,0,0,8,0,0,0
"Zotu2615",74,0,0,0,0,0,0,1,0,0,0,0,0,0,0,0,0,0,0,2,1,0,0,0,0,0,0,0,0,0,0,0,0,0,0,0,0,0,0,0,0,0,0,0,0,0,0,1,0,0,0,9,0,0,0,0,0,0,0,0,0,0
"Zotu802",323,1,1,1,0,2,5,1,1,1,1,0,1,2,1,0,0,1,0,0,0,1,3,1,0,1,0,4,1,1,0,0,0,0,0,0,0,0,0,0,0,0,0,0,0,0,0,0,0,0,0,0,0,0,0,0,0,0,0,0,0,0
"Zotu70",262,12,25,9,15,12,5,9,4,5,7,32,8,12,13,10,15,14,3,291,20,4,700,397,193,81,6,6,4,11,125,100,192,3,167,5,44,18,46,23,1,6,3,2,48,74,2,48,150,2,36,8,38,19,5,2,4,0,3,4,2,12
"Zotu14",68,63,38,50,30,7581,30,57,39,623,51,47,26,63,42,280,40,59,64,53,53,42,54,43,48,54,48,74,71,59,47,0,0,0,0,0,0,0,0,0,0,0,0,0,0,0,0,0,0,0,0,0,0,0,0,0,0,0,0,0,0,0
"Zotu132",538,29,14,8,2,1261,15,16,16,14,9,17,7,14,20,12,11,11,8,5,7,8,9,7,3,23,22,4,4,16,9,1,0,0,0,0,0,0,0,1,0,1,0,0,49,2,1,0,4,0,46,5,17,0,0,0,0,0,1,0,1,31
"Zotu147",7,538,24,5,1,2,4,345,97,3,33,10,10,51,28,11,8,114,118,11,4,5,9,10,13,6,11,5,11,19,12,2,1,1,0,3,47,28,1,5,1,0,1,0,3,1,135,2,1,2,0,11,1,1,1,1,54,3,0,1,2,1
"Zotu10",39,186,88,27,34,45,534,381,217,1675,97,91,21,400,89,19,34,77,60,426,46,18,395,22,563,268,170,299,104,272,207,15,16,244,234,19,593,191,146,536,20,699,104,18,18,12,184,296,26,222,242,152,65,99,10,11,12,10,10,14,15,55
"Zotu314",15,8,5,5,5,6,4,3,0,3,0,13,4,6,24,2,8,8,0,3,4,0,6,0,5,3,40,2,522,91,4,2,0,1,65,1,0,1,0,50,1,1,1,0,1,2,1,0,0,0,24,1,0,12,0,1,1,1,0,0,1,3
"Zotu6",34,46,89,27,37,30,60,97,35,15,98,160,2132,25,38,27,63,152,108,270,52,985,1854,165,519,165,331,230,36,30,237,743,1034,682,184,1130,40,21,23,152,257,14,22,21,117,191,236,265,587,270,268,25,76,53,18,11,14,8,48,33,60,26
"Zotu285",182,10,7,6,3,19,0,4,9,3,31,29,1,2,4,2,2,45,3,170,3,320,4,1,2,5,2,9,1,11,2,62,6,77,155,4,1,70,258,1,3,31,2,3,74,65,30,2,5,4,7,11,6,4,2,2,15,3,4,2,3,5
"Zotu840",258,1,2,4,1,1,3,33,0,2,1,3,3,1,1,3,0,3,3,4,16,0,5,0,0,4,5,3,1,0,4,0,0,0,0,0,1,0,0,0,0,0,1,0,0,0,1,0,1,0,0,0,1,26,0,0,0,0,0,0,0,0
"Zotu183",106,18,62,2,8,8,46,83,14,232,8,29,5,32,48,4,38,44,5,441,32,5,6,4,8,8,5,10,17,5,12,0,2,1,2,6,1,2,0,6,0,0,0,3,3,2,2,52,1,3,141,26,22,47,0,0,1,0,0,2,0,1
"Zotu52",584,75,40,68,46,154,55,100,56,882,93,33,8,115,19,43,260,164,8,347,31,14,25,7,13,13,111,14,17,19,15,5,7,6,10,8,6,5,8,20,4,8,5,383,6,50,246,132,397,5,147,13,30,23,5,6,6,4,3,24,54,12
"Zotu85",239,28,19,3,7,18,3,1,4,2,5,48,7,5,4,12,3,7,27,34,58,174,1,1,1,41,292,99,11,30,139,236,1,5,57,444,69,4,20,59,153,2,2,5,8,3,88,58,65,4,3,5,3,3,4,4,4,278,3,15,11,4
"Zotu446",526,5,6,139,1,1,3,5,1,0,2,3,8,1,10,2,5,1,4,1,6,0,5,0,4,3,6,1,5,3,2,1,0,0,0,0,0,0,0,0,0,0,0,6,0,0,0,0,0,0,0,0,0,0,0,0,0,0,0,0,0,0
"Zotu151",1077,4,9,3,10,4,12,5,3,3,6,2,1,52,3,7,0,1,1,3,4,3,4,4,230,4,11,3,2,3,1,1,0,0,214,2,1,2,1,4,1,80,1,1,131,4,1,0,3,0,0,1,4,2,2,0,1,1,3,3,1,6
"Zotu162",354,18,15,28,23,93,248,17,10,294,9,30,11,15,33,369,78,63,9,307,33,6,7,9,10,13,17,14,19,20,13,1,3,2,4,2,1,2,5,2,3,1,18,97,0,2,4,0,1,0,0,42,5,50,4,2,0,0,4,5,3,33
"Zotu8",624,218,179,23,38,38,111,288,98,67,40,150,19,204,104,132,99,93,18,463,551,237,29,132,552,117,230,167,217,515,403,91,216,473,442,273,467,351,64,405,397,462,300,36,717,11,54,37,26,25,233,294,124,240,25,16,10,14,24,21,29,361
"Zotu1023",267,1,0,0,0,1,0,1,2,0,1,2,1,1,1,1,0,1,0,2,1,1,0,0,0,1,2,2,1,1,0,0,0,0,0,0,0,0,0,0,0,0,0,0,0,0,0,0,0,0,0,0,0,0,0,0,0,0,0,0,0,0
"Zotu156",6,138,36,4,1,5,78,132,37,92,58,12,2,63,15,5,3,1,5,6,9,4,10,1,284,39,3,107,6,9,5,3,5,7,3,4,74,39,69,31,3,3,1,5,103,4,4,101,56,9,86,31,49,17,2,0,2,6,3,3,13,68
"Zotu1427",160,0,12,0,2,2,1,1,0,0,1,3,0,0,0,3,1,3,0,1,1,0,1,1,0,0,2,0,0,3,0,1,0,0,0,0,0,0,0,0,0,0,0,18,0,0,0,0,0,0,0,0,0,0,0,0,0,0,0,0,0,0
"Zotu2021",4,0,0,0,0,0,1,1,14,0,0,50,1,45,24,0,22,1,0,0,0,0,0,0,0,0,0,0,2,0,1,0,0,0,0,0,0,0,0,0,0,0,0,4,0,0,0,0,0,0,0,0,0,0,0,0,0,0,1,0,0,0
"Zotu3",1415,183,185,59,69,190,188,187,140,148,266,543,2424,148,77,56,67,550,58,696,134,637,1209,886,1522,494,796,475,308,278,1005,2245,1196,686,1263,2471,237,292,398,579,3178,243,1083,50,927,1155,811,530,747,693,558,80,191,451,95,96,196,1122,247,90,160,159
"Zotu358",353,1,3,12,1,1,0,0,1,0,1,0,3,2,0,0,2,0,1,565,0,3,5,1,1,1,6,1,1,0,0,1,0,1,0,0,0,0,1,3,0,0,0,59,0,0,1,0,0,0,0,0,0,0,0,0,1,0,0,0,0,0
"Zotu1283",3,1,2,0,1,0,2,1,10,0,0,0,1,0,0,0,0,1,0,0,0,196,0,0,0,1,0,1,1,0,0,0,0,0,0,0,0,0,0,0,0,0,0,0,0,0,0,0,0,0,0,0,0,0,0,3,0,0,0,0,0,0
"Zotu347",2,14,14,183,225,0,2,1,10,0,74,22,0,2,52,3,37,43,56,4,0,0,3,1,2,3,2,0,1,1,1,2,6,7,3,4,1,3,6,1,5,3,3,36,0,44,3,7,3,3,64,7,16,45,372,365,337,99,335,350,432,12
"Zotu43",199,11,41,41,21,27,36,62,28,17,19,18,17,26,20,3696,57,17,22,15,47,26,13,14,16,28,16,23,14,24,20,0,0,0,0,0,0,0,0,0,0,8,0,4,0,0,0,0,0,0,0,0,0,1,0,0,0,0,0,0,0,0
"Zotu434",254,2,27,2,0,3,5,37,43,5,3,36,0,30,13,1,5,31,1,1,40,0,5,0,1,1,3,1,2,2,0,1,2,1,4,1,1,0,74,0,0,1,0,1,87,1,1,1,1,2,43,26,19,26,2,3,2,2,1,2,3,8
"Zotu1703",4,0,4,1,1,1,1,18,0,0,0,23,0,0,0,1,12,0,2,0,0,1,0,0,0,0,1,0,0,0,1,0,1,1,0,0,0,0,2,1,2,0,0,0,0,2,1,0,0,1,1,9,10,0,0,0,1,0,0,0,0,95
"Zotu467",7,4,22,0,2,1,3,7,34,2,44,32,1,24,28,3,54,1,90,7,11,3,6,5,4,7,1,1,187,1,1,0,0,1,84,0,0,0,2,2,1,1,1,0,0,1,1,0,0,2,1,15,7,2,1,0,0,0,0,0,1,10
"Zotu69",15,52,93,202,19,37,162,222,107,59,72,13,5,20,52,1240,336,13,12,15,68,15,11,16,20,13,16,15,25,16,12,3,5,3,4,2,0,5,2,28,3,0,1,7,109,1,1,37,142,85,75,56,16,1,1,0,2,6,1,2,2,91
"Zotu235",5,69,64,1,3,2,8,97,11,16,10,39,2,18,53,5,23,4,0,431,14,0,3,2,8,22,0,40,4,16,0,4,2,3,2,0,18,44,29,2,3,21,1,0,7,6,6,12,2,2,53,32,14,7,2,3,0,0,3,0,0,115
"Zotu2133",108,0,0,0,0,1,0,0,0,0,1,0,0,1,0,0,0,0,1,0,0,0,0,0,0,0,1,0,0,0,0,0,0,0,0,0,0,0,2,0,0,0,0,0,0,0,0,0,0,0,0,0,0,0,0,0,0,0,0,0,0,0
"Zotu74",166,12,50,41,22,36,104,37,31,19,8,13,3,14,17,98,74,14,3,192,142,68,178,35,166,60,7,260,121,231,47,136,5,114,69,4,279,44,98,145,1,191,4,21,84,5,9,67,1,3,11,32,32,37,10,8,9,3,31,12,13,27
"Zotu460",450,1,2,1,2,0,0,1,0,0,0,0,1,0,2,2,10,0,0,3,2,0,4,0,1,0,3,3,0,2,1,2,0,0,0,1,27,0,0,1,0,1,0,0,0,0,0,0,0,1,41,24,2,31,0,0,0,2,0,1,2,17
"Zotu44",654,29,36,110,25,98,2031,16,47,594,48,24,11,43,66,44,131,45,14,19,26,26,24,13,20,22,23,15,16,28,11,1,1,3,2,2,51,63,1,0,1,3,1,5,0,7,1,1,3,1,2,49,124,56,0,1,0,2,0,0,3,9
"Zotu1186",2,1,16,3,0,1,1,0,21,0,1,0,0,0,31,1,6,0,0,0,2,0,1,0,1,2,2,0,0,11,2,0,0,0,0,3,0,0,1,1,1,0,3,0,2,0,1,1,2,2,1,65,0,52,0,0,1,0,0,0,0,0
"Zotu166",281,123,110,5,8,5,109,144,49,184,8,172,9,55,19,2,5,34,7,12,6,6,3,7,10,9,3,10,7,7,3,5,5,0,4,4,1,3,0,2,3,2,7,3,1,2,98,2,2,3,187,11,5,28,3,6,0,2,1,2,104,123
"Zotu542",180,1,4,1,2,2,21,1,0,6,0,1,0,16,16,2,18,2,1,9,33,1,3,2,1,3,1,4,20,1,2,2,2,4,0,0,2,3,2,1,1,5,3,0,2,2,81,5,3,4,3,18,12,86,3,4,1,0,1,1,2,96
"Zotu1707",156,1,1,1,0,2,1,0,1,0,0,1,0,0,0,0,0,2,0,0,1,0,0,0,0,0,1,0,0,0,0,0,0,0,0,0,0,0,0,0,0,0,0,0,0,0,0,0,0,0,0,0,0,0,0,0,0,0,0,0,0,0
"Zotu1141",235,1,2,1,2,0,3,1,0,1,1,1,0,1,1,1,11,1,0,5,0,0,3,0,0,0,2,3,0,2,1,0,0,0,0,0,0,0,0,0,0,0,0,3,0,0,0,0,0,0,0,0,0,0,0,0,0,0,0,0,0,0
"Zotu109",26,8,12,5,10,53,58,17,8,6,10,18,17,14,6,1719,15,9,5,15,18,13,8,14,8,11,13,10,28,30,16,1,0,0,0,0,20,0,0,0,0,0,0,1,1,0,0,0,1,0,0,0,1,1,0,0,0,0,0,0,0,0
"Zotu2256",108,1,0,0,1,2,0,1,0,0,0,1,0,1,0,0,0,1,0,0,0,0,0,0,0,0,2,2,0,0,0,0,0,0,0,0,0,0,0,0,0,0,0,0,0,0,0,0,0,0,0,0,0,0,0,0,0,0,0,0,0,0
"Zotu29",41,34,73,12,8,43,64,74,34,112,39,12,8,57,21,214,217,18,17,15,106,208,16,15,217,50,228,226,122,211,152,286,168,124,348,30,318,274,95,280,10,145,89,81,110,52,90,158,130,18,91,51,81,38,6,10,8,18,10,11,10,80
"Zotu18",63,187,150,31,40,30,28,153,122,167,62,124,10,180,241,27,111,31,16,22,615,267,229,439,18,117,128,63,229,705,281,355,585,249,18,16,209,593,19,244,7,183,590,23,42,14,10,11,15,10,5,146,57,124,16,10,15,9,15,13,11,22
"Zotu83",273,46,48,68,8,11,185,195,44,334,8,42,10,48,44,6,30,31,33,16,46,9,11,4,8,15,12,12,72,30,9,9,11,5,7,4,4,11,6,40,5,4,3,55,71,115,297,167,4,5,132,54,78,63,3,8,3,8,2,12,43,50
"Zotu280",9,31,40,4,4,7,5,117,169,2,97,42,3,45,45,2,4,118,69,1,6,94,8,4,5,2,6,4,12,5,4,2,1,2,2,2,1,0,2,1,1,1,0,0,2,4,57,178,0,1,11,0,1,1,0,0,1,2,0,2,1,0
"Zotu3014",5,1,0,5,10,0,0,0,0,0,1,1,0,0,0,0,40,1,1,1,1,1,1,1,0,0,1,3,0,0,0,0,0,0,0,0,0,0,0,0,0,0,0,1,0,0,0,0,0,0,0,0,0,0,0,0,0,0,0,0,0,0
"Zotu5707",138,2,0,0,0,0,1,2,0,1,0,12,0,0,2,1,0,0,0,2,0,1,1,0,0,2,0,0,0,1,0,0,0,0,0,0,0,0,0,0,0,0,0,0,0,0,0,0,0,0,0,0,0,0,0,0,0,0,0,0,0,0
"Zotu1440",153,0,1,1,2,1,1,0,0,0,0,1,0,1,2,3,0,1,1,3,0,3,0,1,0,2,0,0,1,1,0,0,0,0,0,0,0,0,0,0,0,0,0,0,0,0,0,0,0,0,0,0,0,0,0,0,0,0,0,0,0,0
"Zotu287",67,5,18,1,7,2,12,9,0,2,3,7,5,4,2,7,10,1,2,3,22,63,1,102,4,2,35,94,3,122,3,149,4,52,3,5,20,25,9,55,197,3,1,1,4,2,1,3,5,2,23,30,26,35,2,3,2,2,2,3,1,7
"Zotu64",13,19,40,33,19,8,27,9,10,53,7,43,7,14,8,8,89,9,6,10,20,104,14,37,302,5,22,484,114,177,188,132,158,143,174,75,240,200,90,296,9,58,105,50,8,11,13,8,2,9,2,26,5,11,5,1,10,9,5,6,6,7
"Zotu2417",2,2,0,2,0,0,1,24,0,1,1,0,1,0,4,1,9,0,0,0,14,0,0,0,1,1,0,0,1,0,1,0,0,0,0,0,0,0,0,0,0,0,0,0,1,0,0,0,0,0,0,9,20,3,0,0,0,0,0,0,0,2
"Zotu33",21,87,248,16,20,19,14,87,1019,13,19,309,16,314,256,10,24,23,16,10,519,13,20,8,20,19,29,27,23,23,11,14,17,19,19,14,25,31,14,13,10,13,102,28,316,18,17,19,15,17,200,683,317,1142,10,11,13,9,9,24,35,79
"Zotu315",3,2,9,1,6,1,3,3,0,3,2,4,2,2,3,1,5,3,1,2,3,1,3,1,0,2,7,7,73,92,47,13,84,117,2,125,86,59,116,35,2,20,90,6,5,4,4,3,6,3,7,3,5,2,2,3,4,4,1,8,4,0
"Zotu17",9,22,76,13,20,13,12,56,38,8,64,70,19,74,29,15,16,13,37,12,8,149,17,6,9,13,315,1116,535,562,290,580,17,312,151,10,471,473,91,478,68,320,194,19,19,19,16,13,13,19,29,100,65,67,23,12,53,19,21,12,122,30
"Zotu471",4,143,10,4,4,2,172,6,29,14,2,149,8,47,21,1,16,5,2,1,8,5,5,4,9,1,7,2,14,2,8,0,0,0,0,0,0,0,0,0,0,0,0,0,0,0,0,0,0,0,0,1,0,0,0,0,0,0,0,0,1,0
"Zotu1645",157,3,1,0,0,0,2,0,0,0,0,2,2,0,0,1,1,1,1,2,1,0,3,0,0,1,0,0,1,1,1,0,0,0,0,0,0,0,0,0,0,0,0,0,0,0,0,0,0,0,0,0,0,0,0,0,0,0,0,0,0,0
"Zotu189",111,3,1,1,1,2,5,1,2,3,1,4,2,3,4,2,4,1,1,1,2,183,1,136,0,74,2,3,1,3,1,6,4,8,6,4,7,5,872,4,15,7,5,3,10,2,3,4,2,6,2,6,4,2,8,0,0,6,6,2,6,11
"Zotu46",115,495,313,57,45,12,17,183,114,9,84,166,20,137,125,15,22,150,57,12,79,14,35,7,16,45,8,158,52,224,15,163,104,88,18,8,137,155,104,154,15,288,19,14,10,50,95,37,10,19,101,52,129,142,358,43,29,161,11,13,16,97
"Zotu907",9,2,17,2,2,119,18,1,1,57,7,1,0,1,0,153,1,4,1,1,7,2,0,2,1,2,0,4,3,3,1,0,0,0,0,0,2,0,0,0,0,0,0,4,0,0,0,0,0,0,0,0,0,0,0,1,0,0,0,0,0,0
"Zotu45",3,113,128,34,21,8,42,109,58,104,56,235,9,99,189,22,121,12,9,11,137,9,15,8,11,6,9,129,198,329,8,7,7,126,8,406,8,17,15,7,10,10,7,5,228,6,6,6,157,3,7,268,312,176,10,6,7,6,6,4,27,291
"Zotu330",7,5,5,0,1,0,148,40,48,101,1,2,2,26,11,5,5,4,0,3,4,2,3,0,3,1,2,3,2,2,1,1,1,3,1,0,0,0,0,2,0,0,0,1,0,3,117,51,184,1,55,3,0,1,2,0,1,4,1,1,72,3
"Zotu2866",1,0,9,1,3,1,0,2,0,2,37,0,0,2,1,4,0,0,0,0,0,3,2,0,0,0,1,0,0,0,0,0,0,0,0,0,0,0,0,0,0,0,0,0,0,0,0,0,0,0,0,0,0,0,0,0,0,0,0,0,0,0
"Zotu814",145,13,0,2,1,2,34,34,2,15,1,54,2,0,3,3,4,1,0,1,2,4,6,1,0,6,2,1,3,4,1,1,0,0,0,0,0,0,1,0,0,0,1,3,2,0,1,1,1,1,0,3,1,1,1,1,0,1,0,0,108,0
"Zotu394",215,1,1,1,0,1,0,0,0,0,0,2,0,0,2,3,1,0,1,0,0,0,2,0,0,0,0,0,1,1,1,6,8,3,6,8,187,1058,42,3,7,9,7,3,5,8,9,5,7,206,8,8,5,14,6,2,2,10,2,4,4,7
"Zotu1980",1,0,1,0,1,1,1,0,0,1,0,0,0,0,8,0,1,0,0,0,55,1,0,1,0,0,0,0,1,0,0,1,0,0,63,0,0,1,1,0,0,0,1,0,1,0,0,0,0,0,0,1,0,0,0,0,0,0,0,0,0,9
"Zotu75",10,73,206,5,10,10,59,248,29,8,9,41,7,15,156,2,33,4,0,9,548,7,12,11,16,70,10,9,6,21,11,11,6,120,7,12,13,6,4,17,7,10,164,9,101,8,6,10,4,14,112,416,137,195,3,6,7,4,6,9,41,146
"Zotu1360",132,0,0,0,1,12,1,2,0,1,15,0,0,1,1,0,3,2,0,1,0,0,2,3,0,1,0,0,1,0,31,0,0,1,0,0,0,0,0,19,0,0,1,0,1,0,0,0,17,35,0,0,0,1,0,0,0,0,0,0,0,1
"Zotu35",21,20,17,29,21,21,25,33,10,18,16,17,24,17,19,4069,23,20,16,19,19,18,10,10,20,25,30,28,26,23,24,0,0,0,0,0,0,0,0,0,0,0,0,0,0,0,0,0,0,0,0,0,0,0,0,0,0,0,0,0,0,0
"Zotu1138",2,20,15,8,2,0,15,2,0,3,0,1,0,8,11,1,45,0,1,2,40,1,1,0,1,0,0,1,10,1,0,0,0,1,0,1,1,1,0,13,0,0,1,36,2,0,1,33,0,0,26,8,0,0,2,3,0,0,1,1,0,7
"Zotu3208",1,5,1,12,2,0,1,0,1,0,0,0,0,0,0,1,5,0,0,0,5,1,0,0,0,0,1,1,0,0,0,1,0,0,0,0,0,0,0,0,0,0,25,2,0,0,0,1,0,1,2,7,0,29,0,0,1,1,8,0,0,6
"Zotu3924",29,0,0,0,0,0,0,0,0,0,0,0,0,0,0,0,0,0,0,0,0,1,1,0,0,0,0,0,0,0,0,0,0,0,0,0,0,0,0,0,0,0,0,0,0,0,0,0,0,0,0,0,0,0,0,0,0,0,0,0,0,0
"Zotu179",320,31,26,1,7,7,10,87,9,6,4,7,3,66,54,6,14,7,2,7,306,8,6,7,6,18,8,42,110,201,11,1,42,3,1,3,2,33,33,4,6,3,2,5,4,1,2,27,5,9,50,79,18,38,3,0,1,6,2,1,1,65
"Zotu693",3,28,4,3,1,1,173,1,11,120,0,1,3,4,2,1,2,0,0,4,0,1,5,2,1,0,2,2,0,3,2,0,0,0,0,0,0,0,0,0,0,0,0,0,0,0,0,0,0,0,0,0,0,0,0,0,0,0,0,0,0,0
"Zotu291",4,26,20,11,14,26,48,1,38,36,3,1,3,90,30,13,38,5,1,2,86,46,4,3,4,7,0,0,26,4,158,0,1,1,78,2,1,1,2,4,2,2,0,2,2,2,73,60,3,2,2,31,32,37,2,0,2,1,1,14,16,57
"Zotu4787",2,0,2,2,112,0,0,1,0,0,0,1,1,0,0,0,0,0,1,1,0,0,3,0,0,0,1,2,0,0,1,0,0,0,0,0,0,0,0,0,0,0,0,0,0,0,0,0,0,0,0,0,0,0,7,0,0,0,0,0,0,0
"Zotu2898",1,0,15,0,9,1,0,0,8,0,0,0,0,0,2,0,5,0,0,0,0,0,1,0,0,1,0,0,0,0,0,0,0,1,0,0,0,0,1,2,0,0,0,4,0,0,0,0,1,0,2,0,0,0,0,0,1,0,0,10,21,0
"Zotu27",21,142,42,12,12,15,18,132,222,75,417,94,10,155,30,14,7,10,253,14,16,12,15,4,20,29,253,95,53,87,7,17,20,34,19,48,141,285,91,249,15,380,14,8,12,370,314,215,243,862,163,17,10,18,8,10,5,7,10,15,10,26
"Zotu2601",5,0,5,0,4,0,0,0,1,0,1,0,0,5,0,1,6,0,0,1,8,1,0,0,0,2,0,0,0,0,0,0,0,0,1,0,0,1,3,1,1,0,0,2,36,0,0,0,1,0,1,9,1,1,0,0,0,0,1,1,0,6
"Zotu1546",180,0,1,2,0,1,0,0,0,1,0,2,1,0,1,1,0,3,1,0,1,1,1,0,0,0,5,3,2,2,0,0,0,0,0,0,0,0,0,0,0,0,0,0,0,0,0,0,0,0,0,0,0,0,0,0,0,0,0,0,0,0
"Zotu405",197,1,2,3,4,3,4,15,11,1,0,3,3,1,1,2,0,1,1,2,2,257,2,0,2,1,4,2,1,4,79,0,119,0,0,0,0,0,1,0,1,0,0,18,45,0,0,0,0,0,2,1,3,0,1,0,0,0,0,1,11,0
"Zotu5819",2,0,2,12,0,0,0,0,1,0,17,0,0,0,1,1,5,0,0,0,0,0,0,0,0,0,0,0,1,0,0,0,0,0,0,0,0,0,0,0,0,1,0,3,0,0,0,1,0,0,0,6,0,1,3,0,0,0,0,0,0,5
"Zotu93",247,73,99,39,15,14,135,142,123,244,5,97,13,323,110,9,38,69,8,14,17,13,15,9,12,15,21,14,15,16,13,5,5,3,3,5,6,3,4,7,2,2,11,4,75,1,63,5,4,1,81,92,35,99,4,5,1,2,2,1,15,103
"Zotu641",3,14,14,0,2,4,2,1,31,1,44,3,1,2,12,0,1,45,13,3,1,1,3,5,2,2,0,1,61,6,1,2,1,1,0,12,45,16,54,37,1,21,1,0,3,1,0,1,0,4,0,2,1,1,0,2,22,3,0,2,0,0
"Zotu305",341,2,3,0,0,2,1,2,3,2,1,3,2,4,1,5,3,42,1,5,7,3,4,2,0,2,1,1,0,1,76,3,21,9,3,4,3,8,570,3,3,4,4,3,8,0,2,2,4,2,5,6,5,4,5,0,4,3,1,3,3,12
"Zotu110",163,4,8,7,7,6,10,4,19,6,24,7,6,15,1,1,7,129,33,4,15,3,349,4,4,6,1,48,4,12,213,4,177,2,72,305,5,64,9,53,3,62,1,3,1,1,55,100,1,5,1,4,50,39,10,13,6,150,2,4,5,7
"Zotu233",3,6,20,0,1,4,5,13,41,53,21,16,2,10,10,1,1,28,26,2,3,88,2,164,4,2,3,47,3,29,0,4,31,45,0,46,47,77,187,126,110,28,7,2,4,3,2,74,28,2,4,8,3,2,3,2,2,3,10,3,3,5
"Zotu295",2,23,5,1,4,4,2,1,1,0,1,0,3,22,6,2,2,2,6,5,0,5,0,0,2,6,106,32,38,56,56,5,1,3,2,232,55,33,34,17,2,351,1,3,3,2,2,5,3,4,0,3,0,7,6,2,6,2,3,2,3,1
"Zotu155",5,34,64,17,5,19,4,92,278,45,310,14,3,129,34,6,5,84,448,169,4,10,4,2,5,8,12,12,8,12,5,0,0,0,0,0,0,0,0,0,0,1,0,1,0,0,0,0,0,0,0,0,0,0,0,0,0,0,0,0,0,0
"Zotu568",10,5,12,26,56,16,139,2,3,24,0,3,2,5,3,2,56,4,2,2,2,1,1,1,2,0,3,4,2,3,1,1,2,0,0,1,3,0,2,0,0,0,0,7,113,72,1,1,1,0,0,3,0,1,0,2,0,0,0,9,5,0
"Zotu3311",26,11,0,0,2,18,1,0,0,0,1,0,0,0,0,0,2,2,0,1,9,0,1,0,2,0,0,1,0,2,0,0,0,0,1,1,0,0,1,0,0,2,1,1,12,0,0,1,1,0,0,14,1,0,0,0,1,1,1,0,0,11
"Zotu82",42,44,109,20,18,41,29,198,12,6,13,67,9,67,101,12,47,10,4,8,816,15,11,142,214,12,20,43,37,540,18,2,2,52,3,2,0,19,2,4,1,40,5,5,2,1,5,7,3,3,78,42,88,25,3,1,3,2,3,0,2,5
"Zotu1444",118,0,1,0,1,32,9,19,0,1,0,4,0,3,0,0,1,1,1,0,0,3,0,2,0,0,2,0,0,0,0,0,0,0,0,0,0,0,0,0,0,0,0,0,0,0,0,0,0,0,0,0,0,0,0,0,0,0,0,0,0,0
"Zotu2457",104,0,0,3,0,2,0,0,0,0,2,0,0,0,0,1,1,1,0,0,1,3,2,0,1,0,1,1,0,2,0,0,1,0,0,0,0,0,0,0,0,0,0,7,0,0,1,0,0,0,0,0,0,0,0,0,0,0,0,0,0,0
"Zotu387",3,0,0,3,3,1,2,5,0,5,2,1,0,3,2,1,1,0,1,3,2,300,2,4,2,0,3,2,107,47,154,1,0,1,0,0,39,24,1,0,0,0,0,1,0,1,2,0,0,1,2,16,21,1,2,0,0,1,1,1,2,0
"Zotu165",5,1,55,1,4,2,2,1,3,2,51,54,0,11,23,2,1,49,78,0,2,2,0,3,1,1,1,2,12,3,2,7,10,8,5,12,6,7,9,11,1,8,3,4,5,13,45,7,4,9,18,9,10,3,127,180,173,229,235,206,81,33
"Zotu19",11,54,137,10,17,17,9,248,149,9,27,95,8,99,71,5,10,185,67,199,21,58,7,24,8,92,99,257,177,102,308,85,166,120,98,190,140,76,138,69,11,10,27,13,14,375,1119,683,309,495,272,21,25,22,24,24,73,63,140,513,269,34
"Zotu2891",120,0,0,1,0,0,0,0,0,0,0,0,0,1,0,0,0,0,0,0,0,0,0,0,0,0,0,0,0,0,0,0,0,0,0,0,0,0,0,0,0,0,0,0,0,0,0,0,0,0,0,0,0,0,0,0,0,0,0,0,0,0
"Zotu20",30,30,175,17,26,14,15,79,155,10,32,143,5,50,155,11,14,785,13,23,15,91,20,12,0,7,266,578,20,96,116,110,201,313,389,130,143,105,64,283,95,255,106,34,75,38,415,80,275,931,534,172,548,360,20,15,25,13,16,34,25,38
"Zotu5218",1,0,0,1,26,0,0,0,0,0,0,2,0,0,1,0,1,1,0,0,0,0,0,0,0,0,0,0,0,1,0,0,0,0,0,0,0,0,0,0,0,0,0,0,0,0,0,0,0,0,0,0,0,0,0,0,0,0,0,0,0,0
"Zotu3087",1,0,1,0,59,1,1,0,0,1,0,0,1,0,0,2,1,0,0,2,1,1,2,1,0,0,0,2,0,1,0,0,0,0,0,0,0,0,0,0,0,0,0,0,0,0,0,0,0,0,0,0,0,0,0,0,0,0,0,0,0,0
"Zotu2411",62,0,0,1,1,0,0,0,0,0,0,1,0,0,0,0,0,0,0,0,0,0,0,0,0,0,0,0,0,0,0,0,0,0,0,0,0,0,0,0,0,0,0,0,0,0,0,0,0,0,0,0,0,0,0,0,0,0,0,0,0,0
"Zotu5069",1,0,0,0,0,0,0,0,0,0,0,0,0,0,7,0,0,0,0,0,12,0,0,0,0,0,0,0,0,0,0,0,0,0,0,0,0,0,0,0,0,0,0,0,0,0,0,0,0,0,0,0,0,0,0,0,0,0,0,0,0,0
"Zotu81",21,326,96,16,6,12,79,330,34,139,9,76,11,954,71,17,15,11,9,11,20,10,14,14,11,34,21,13,6,19,11,1,4,6,0,0,2,5,4,10,7,1,3,8,12,5,101,2,6,6,58,52,60,162,1,1,0,0,2,1,22,38
"Zotu4",71,1367,822,78,65,95,807,766,414,115,264,690,68,1319,2305,49,216,197,39,78,1229,234,246,391,649,341,297,534,292,1025,62,504,200,435,989,43,683,501,239,957,418,2368,255,58,618,54,51,189,60,107,566,2299,595,1490,36,32,28,41,40,41,126,813
"Zotu2310",79,0,0,1,1,0,1,0,0,0,0,0,0,0,0,0,1,0,0,1,0,1,0,0,0,2,1,0,0,0,0,0,0,0,0,0,0,0,0,0,0,0,0,0,0,0,0,0,0,0,0,0,0,0,0,0,0,0,0,0,0,0
"Zotu2511",4,0,0,36,8,1,9,1,0,1,1,1,1,0,0,0,27,2,0,1,1,0,0,0,0,0,0,1,0,0,2,0,0,0,0,0,0,0,0,0,1,0,0,0,0,0,0,0,0,0,0,0,0,0,0,0,0,0,0,0,0,9
"Zotu23",7,15,12,7,7,9,19,11,6,12,9,9,21,12,10,10,8,7,3,4,27,11,16,699,1320,12,6,481,291,443,249,13,174,225,14,9,593,235,14,924,16,58,15,7,9,9,3,10,16,17,7,14,8,14,10,3,11,4,4,7,7,13
"Zotu30",20,209,800,88,17,15,63,390,78,15,115,259,14,109,279,13,59,21,9,211,300,8,31,277,18,74,20,18,113,104,16,8,318,155,94,11,77,117,56,45,8,188,118,15,114,10,9,20,11,16,168,323,136,194,11,3,3,5,11,13,96,176
"Zotu50",12,266,91,15,9,6,49,745,77,156,6,50,18,145,43,16,21,10,4,10,184,11,11,11,280,15,16,58,65,233,16,5,5,55,67,6,87,198,55,109,8,123,4,7,5,4,5,8,157,11,3,74,35,5,5,0,5,4,4,3,3,75
"Zotu478",3,5,1,0,1,1,0,1,0,2,0,3,1,0,0,1,2,3,0,0,0,1,1,0,2,2,138,152,0,1,2,1,6,3,1,211,51,0,36,0,0,31,1,3,1,0,2,0,0,3,3,0,1,1,2,1,3,1,0,3,0,0
"Zotu31",17,502,97,8,13,35,38,639,192,45,111,128,10,150,57,20,18,635,81,10,22,5,27,5,319,117,8,14,144,100,15,376,10,84,205,4,214,115,161,88,207,142,18,3,7,8,13,85,200,16,53,16,48,63,4,2,3,4,7,10,5,8
"Zotu4825",2,0,0,0,0,0,36,0,0,2,0,0,0,0,0,1,12,1,0,0,1,0,0,0,0,0,0,0,0,0,1,0,0,0,0,0,0,0,0,0,0,0,0,0,0,0,0,0,0,0,0,0,0,0,0,0,0,0,0,0,0,0
"Zotu450",5,164,39,5,9,3,2,27,24,3,28,6,5,27,19,5,4,8,19,7,14,6,5,3,4,98,74,12,52,86,3,2,0,63,50,3,6,2,2,1,0,104,3,2,3,0,1,2,4,0,3,13,38,34,16,8,0,3,2,2,1,10
"Zotu1096",3,3,3,0,7,1,1,0,12,2,0,1,3,0,7,0,0,4,0,3,2,1,262,0,6,0,1,3,2,1,1,0,0,0,0,0,0,0,0,0,0,0,0,0,0,0,0,0,0,0,0,0,0,0,0,0,0,0,0,0,0,0
"Zotu4108",2,0,0,2,33,0,0,1,0,0,0,2,0,0,0,0,4,0,0,0,1,0,0,0,0,1,1,0,0,0,1,0,0,0,0,0,0,0,0,0,0,0,0,1,0,0,0,0,0,0,0,0,0,0,0,0,0,0,0,0,0,0
"Zotu652",5,2,3,3,65,339,0,2,11,7,1,2,5,2,13,5,2,0,2,4,3,0,6,0,3,1,0,2,2,3,1,0,0,0,0,0,0,0,0,32,1,0,1,1,1,0,0,0,1,0,0,2,0,0,1,0,0,0,0,0,0,0
"Zotu310",2,2,4,7,0,2,6,0,1,1,0,1,4,0,5,0,2,0,0,3,3,3,2,1,1,8,7,0,163,96,4,2,6,128,3,5,60,150,2,24,6,78,270,4,2,4,3,0,4,3,1,24,1,4,4,1,0,2,2,3,3,4
"Zotu25",25,66,116,9,20,23,10,202,310,26,493,61,9,204,82,12,16,198,414,492,5,10,15,4,9,7,151,156,13,11,10,18,11,85,15,22,5,21,32,49,2,132,99,13,12,379,235,209,178,335,235,14,16,9,8,143,1030,74,9,27,37,7
"Zotu203",17,8,6,467,553,5,5,12,5,3,8,13,4,9,2,6,31,75,3,13,9,2,7,2,7,5,13,12,12,6,10,0,1,0,2,0,1,1,1,0,0,1,0,2,1,2,0,2,0,2,1,0,1,1,5,0,1,26,15,19,14,7
"Zotu56",20,150,179,96,164,53,16,100,155,29,284,304,14,181,285,17,81,154,836,23,23,19,17,16,15,18,12,11,27,20,16,3,0,8,2,3,3,3,2,4,2,4,5,0,291,7,3,2,3,7,6,42,66,53,4,4,52,3,54,116,41,80
"Zotu119",7,3,40,5,6,5,3,40,89,9,71,60,4,27,44,5,19,56,35,6,14,109,189,3,1,3,2,20,94,18,7,5,4,61,34,4,3,48,9,7,2,42,79,14,5,6,27,48,14,142,134,14,7,21,4,5,9,2,14,174,344,54
"Zotu199",4,9,32,1322,0,4,12,5,3,9,8,9,15,5,13,4,8,9,7,6,9,6,14,5,5,8,10,10,8,6,12,0,0,0,0,0,0,0,0,0,0,0,0,0,0,0,0,0,2,0,0,0,0,3,0,0,0,0,0,1,0,14
"Zotu3517",1,1,0,0,0,2,0,0,0,0,0,43,0,0,0,1,0,2,0,2,0,0,0,0,0,0,0,0,0,0,1,0,0,0,0,0,0,0,0,0,0,0,0,0,0,0,0,0,0,0,0,0,0,0,0,0,0,0,0,0,0,0
"Zotu587",1,4,7,1,5,3,4,2,1,0,5,1,2,2,2,2,0,1,1,4,31,1,0,3,251,1,2,1,20,47,2,0,0,1,0,1,0,2,1,1,2,0,2,1,2,0,0,1,0,1,0,22,16,23,0,1,0,0,1,1,1,27
"Zotu1027",2,1,4,1,0,0,2,0,0,1,1,1,2,2,0,0,1,2,2,2,1,0,291,1,0,3,1,0,1,0,1,0,0,0,0,0,0,0,0,0,0,0,0,0,0,0,0,0,0,0,0,0,0,0,0,0,0,0,0,0,0,0
"Zotu79",12,45,25,3,3,4,11,6,32,5,6,6,7,47,20,1,34,3,18,1,7,245,3,2,215,61,3,101,156,120,216,263,256,7,172,3,24,150,288,205,7,96,54,7,6,8,11,9,1,5,12,9,4,5,7,8,4,4,5,2,6,10
"Zotu961",2,0,0,0,1,0,1,1,2,1,1,1,0,0,1,2,0,0,2,1,0,265,2,1,0,1,2,0,0,3,1,0,0,0,0,0,0,0,0,0,0,0,0,0,0,0,0,0,0,0,0,0,0,0,0,0,0,0,0,0,0,0
"Zotu706",7,0,38,21,9,2,8,4,2,10,1,5,1,26,9,2,43,2,2,3,19,1,297,1,2,1,1,0,2,21,1,0,51,0,0,0,0,1,0,0,0,0,0,3,0,1,0,0,1,0,0,6,0,9,0,1,0,0,0,0,1,0
"Zotu36",15,27,23,9,12,17,11,41,31,15,99,39,929,37,9,8,14,107,8,151,19,46,371,376,6,84,73,12,16,24,9,215,21,146,229,268,105,89,153,84,80,110,76,5,33,6,4,169,100,400,99,12,13,45,13,15,9,8,20,20,19,14
"Zotu3478",2,0,0,1,0,0,1,0,0,0,1,0,0,1,0,0,0,0,0,0,0,0,0,0,1,0,0,67,0,0,0,0,0,0,0,0,0,0,0,0,0,0,0,0,0,0,0,0,0,0,0,0,0,0,2,0,0,0,0,0,0,0
"Zotu4114",1,0,0,0,1,0,0,0,0,0,0,1,0,0,0,2,0,1,0,1,10,0,1,0,0,1,0,1,18,1,0,0,0,0,0,0,0,0,0,0,0,0,0,0,0,0,0,0,0,0,0,0,0,0,0,0,0,0,0,0,0,0
"Zotu1626",1,4,27,1,1,0,1,0,3,1,1,0,0,11,6,1,9,0,0,0,0,0,0,0,0,0,2,0,0,2,1,1,0,0,1,0,2,1,1,0,0,0,0,1,0,1,1,0,0,0,0,8,5,0,0,1,1,1,1,1,6,71
"Zotu149",5,58,84,14,18,5,4,64,59,8,43,80,4,22,38,4,59,94,38,295,37,2,2,1,3,6,5,9,6,5,4,3,2,7,1,2,5,2,5,0,1,3,5,4,3,1,67,251,21,194,199,19,4,22,1,3,3,7,2,32,14,14
"Zotu207",5,54,18,2,8,0,841,5,18,42,6,5,7,24,12,3,5,1,3,3,17,8,5,2,2,7,2,2,9,7,4,1,0,1,1,1,1,3,3,0,1,3,1,1,2,2,3,3,12,1,277,1,3,3,0,1,0,2,2,0,10,30
"Zotu2404",1,1,0,0,0,1,0,0,0,15,0,0,0,6,1,1,5,0,0,0,9,0,0,0,0,0,0,0,0,1,0,0,0,1,0,1,0,0,0,0,0,9,0,0,0,64,0,0,0,0,0,2,0,0,0,1,1,0,1,0,0,1
"Zotu32",13,153,118,8,8,22,316,61,324,411,14,12,19,140,77,18,29,3,47,11,9,12,8,11,11,13,16,11,12,12,18,26,20,21,19,14,36,17,9,12,28,17,9,10,13,363,185,245,23,7,389,76,65,18,4,11,42,206,209,309,779,448
"Zotu578",1,0,0,1,0,0,0,1,12,0,0,0,2,1,1,0,0,1,1,0,0,0,2,197,222,1,0,2,18,1,0,0,2,0,0,0,0,42,1,0,0,0,0,0,0,0,77,1,0,0,0,0,0,0,0,0,0,0,0,0,0,0
"Zotu223",6,182,36,1,10,4,6,56,7,3,136,23,3,14,17,6,3,12,27,7,9,4,8,1,6,5,286,30,2,58,4,69,5,3,3,3,3,1,19,62,1,2,0,5,4,71,43,26,1,129,35,8,16,5,11,1,1,2,1,2,4,3
"Zotu782",1,2,18,9,11,33,69,3,3,114,24,3,2,13,11,3,40,3,3,4,0,8,7,0,0,3,0,5,1,8,3,0,1,0,0,0,0,0,0,0,0,0,0,1,0,0,0,0,0,0,0,0,0,0,0,0,0,0,0,0,0,0
"Zotu3696",2,1,0,0,0,0,0,0,16,0,1,0,0,0,4,0,0,0,10,0,0,0,0,0,0,0,0,0,0,0,0,0,0,0,0,0,0,0,0,0,0,0,0,0,0,0,0,0,0,0,0,0,17,0,0,0,0,0,0,0,0,0
"Zotu5303",5,0,1,14,14,0,1,1,1,0,0,0,0,0,0,0,15,1,1,0,1,0,1,0,0,2,0,0,2,0,0,0,0,0,0,0,0,0,0,0,0,0,0,3,0,0,0,1,0,0,0,0,0,0,0,0,0,0,0,0,3,1
"Zotu213",5,2,6,12,4,3,88,26,19,14,40,4,6,77,55,3,33,3,5,261,32,4,4,1,4,6,3,3,3,50,3,3,5,3,3,4,30,3,3,2,6,49,5,3,233,2,5,5,2,7,5,170,65,98,7,0,5,3,5,1,10,56
"Zotu546",5,8,0,4,2,1,3,3,4,3,4,1,418,3,1,1,2,4,1,78,8,2,3,1,3,2,0,2,1,1,51,1,1,0,0,4,0,0,0,1,0,0,0,2,1,25,0,0,0,0,0,1,0,0,0,0,0,0,0,0,0,1
"Zotu108",17,41,22,9,4,1522,17,118,30,30,10,43,9,64,17,24,25,117,9,10,10,11,32,6,19,35,11,108,16,30,8,1,4,63,2,0,4,4,1,4,3,4,6,3,108,3,4,3,4,6,36,59,5,8,1,0,0,0,1,3,11,86
"Zotu225",204,17,18,17,1,5,10,22,52,27,6,3,1,26,29,3,14,3,1,4,11,2,4,1,1,5,5,2,7,1,3,9,6,4,6,3,6,1,3,4,9,4,7,8,90,6,7,61,205,5,170,69,21,51,2,3,2,4,2,7,15,136
"Zotu325",4,37,40,5,5,5,2,1,178,1,1,56,1,1,53,2,2,3,82,4,1,4,3,1,1,1,1,0,7,1,3,3,0,3,3,3,3,2,4,2,0,1,2,3,2,1,0,3,1,6,0,0,2,3,52,74,10,2,3,4,229,9
"Zotu180",11,4,9,17,4,10,120,7,8,12,7,28,6,7,12,1224,19,7,24,2,8,15,7,1,9,11,4,8,7,4,3,0,0,0,0,0,0,0,0,0,0,0,0,0,0,0,0,0,0,0,0,0,0,0,0,0,0,0,0,0,0,0
"Zotu941",1,0,0,11,19,1,0,1,0,0,0,0,0,0,0,0,4,0,0,0,0,0,0,0,0,0,3,0,0,0,0,2,1,4,2,4,0,1,1,0,0,0,2,7,0,3,1,1,1,1,0,1,0,0,42,24,74,101,1,12,4,0
"Zotu4771",2,0,0,1,0,0,1,0,0,0,0,1,2,16,0,0,16,0,0,0,0,1,0,0,1,2,0,0,44,0,1,0,0,0,0,0,0,0,0,0,0,0,0,0,0,0,0,0,0,0,0,3,0,0,0,0,0,0,0,0,0,1
"Zotu369",4,4,23,2,11,7,2,4,31,27,182,133,2,60,35,5,11,4,37,3,1,2,3,0,4,3,10,1,2,4,4,1,1,0,1,1,1,1,3,0,1,1,2,0,0,1,1,4,2,0,30,2,0,3,0,10,0,0,32,79,14,1
"Zotu88",4,21,38,159,27,2,9,3,19,4,57,17,2,18,22,6,29,66,60,2,3,97,1,2,9,8,3,3,65,91,123,11,208,278,118,6,54,102,178,109,8,44,12,21,92,2,11,9,74,7,51,18,36,37,5,4,10,164,20,71,29,19
"Zotu9",48,2198,800,66,53,60,56,1170,403,42,660,635,42,362,481,49,76,378,206,49,163,31,49,30,155,65,492,190,92,121,50,90,73,69,155,193,282,141,122,114,3,87,7,4,116,13,155,52,123,14,81,142,67,213,5,11,6,5,7,10,12,31
"Zotu3334",1,1,1,0,2,1,2,1,0,0,0,0,0,0,1,1,0,0,1,0,0,0,120,0,0,1,0,0,1,0,0,0,0,0,0,0,0,0,0,0,0,0,0,0,1,0,0,0,0,0,0,0,0,0,0,0,0,0,0,0,0,0
"Zotu486",5,36,6,2,5,1,9,24,33,8,2,77,1,22,54,3,12,3,0,4,87,0,2,0,4,8,1,8,8,4,1,4,2,3,2,0,2,4,2,3,5,0,2,0,12,5,3,3,1,4,23,98,28,80,2,1,1,4,2,1,2,19
"Zotu2334",91,1,0,0,0,0,3,0,0,0,0,1,0,1,0,0,1,0,0,0,1,0,0,3,0,2,0,2,0,1,1,0,0,0,1,0,0,0,0,0,0,0,0,13,0,0,1,0,0,0,0,0,0,0,0,0,0,0,0,0,0,0
"Zotu1335",2,0,0,2,1,0,2,0,25,0,0,1,0,1,6,0,0,0,0,0,0,0,0,2,0,0,0,0,0,0,0,1,0,1,0,1,2,0,2,0,0,1,0,5,1,2,0,0,0,1,2,0,0,0,24,5,2,107,0,3,14,7
"Zotu3751",1,0,2,2,2,1,0,0,0,0,0,0,0,0,0,0,1,0,1,0,0,0,0,0,0,0,0,30,15,0,0,0,0,0,0,0,0,0,2,0,0,0,0,1,1,0,0,0,0,0,0,0,0,0,6,20,0,0,0,0,0,0
"Zotu1004",2,0,2,12,11,0,9,0,1,12,2,1,2,2,7,1,12,76,10,1,0,0,0,0,0,1,1,0,13,1,2,0,0,0,0,2,0,0,1,0,2,0,1,1,0,1,1,1,0,0,37,0,11,0,0,0,0,0,1,51,0,6
"Zotu408",6,28,26,2,2,4,3,5,45,10,152,3,2,43,17,3,5,86,118,2,2,1,3,0,1,9,1,10,2,3,2,1,0,0,0,1,0,0,3,2,0,0,0,0,0,1,0,3,113,1,84,5,15,0,1,1,0,0,1,12,0,1
"Zotu424",2,4,3,6,2,3,8,10,0,6,7,2,9,3,13,4,597,3,0,7,0,2,3,2,0,6,2,4,1,5,2,0,0,0,0,0,0,0,0,0,0,0,0,0,0,0,0,0,0,0,0,0,0,0,0,0,0,0,0,0,0,0
"Zotu59",14,82,53,87,10,11,293,307,46,303,12,134,6,49,43,11,29,70,27,22,20,144,354,10,294,25,14,14,117,46,140,11,303,6,5,5,104,86,2,119,3,51,8,16,22,85,175,6,73,8,93,16,8,52,2,3,2,1,15,8,4,21
"Zotu445",5,62,41,2,12,4,1,201,39,9,115,2,4,25,22,8,2,5,191,2,19,4,5,3,0,1,2,2,4,4,2,0,0,0,0,2,8,0,0,0,0,40,2,1,0,0,0,0,1,1,13,1,0,0,0,1,0,0,0,5,0,0
"Zotu13",31,90,240,36,21,18,1180,268,485,2194,17,457,52,202,210,25,37,150,24,23,50,26,40,43,30,123,32,37,42,44,42,23,20,36,16,14,24,13,13,9,16,20,7,12,16,109,700,1005,600,23,423,138,180,216,8,9,8,12,14,16,17,293
"Zotu1193",1,0,9,0,1,1,51,22,0,0,0,0,1,1,3,2,7,0,0,0,28,1,0,0,5,0,0,0,0,0,1,0,0,0,0,1,0,0,0,1,2,0,0,1,0,0,0,0,0,1,16,5,32,19,0,1,0,1,0,1,0,3
"Zotu2",36,49,43,40,39,52,54,48,43,67,31,41,35,59,48,43,51,23,29,46,35,32,30,23,27,14960,34,83,32,40,42,127,135,100,109,97,125,128,120,125,4077,144,1007,65,5532,1115,1363,5340,81,4695,128,132,8271,1429,54,55,95,77,79,134,316,235
"Zotu41",21,30,81,17,20,16,9,27,84,20,114,107,1,16,67,13,25,212,43,22,37,397,8,97,7,25,84,464,73,175,178,165,89,48,30,103,140,207,66,197,11,87,178,11,7,16,53,11,102,9,204,84,106,126,8,3,13,15,89,206,48,18
"Zotu536",94,2,11,1,3,5,6,5,3,6,3,8,1,1,4,235,12,3,2,3,24,1,1,1,1,36,2,1,4,9,4,0,3,2,4,7,3,2,0,5,4,1,0,7,1,0,3,0,1,4,6,50,20,18,0,0,0,1,1,0,0,37
"Zotu635",3,0,5,4,2,362,2,2,0,3,2,3,3,1,4,4,1,1,4,1,2,2,3,0,1,4,2,4,5,1,1,0,0,0,0,0,0,0,0,0,0,0,0,0,0,0,0,0,0,0,0,0,0,0,0,0,0,0,0,0,0,0
"Zotu1895",1,19,6,11,9,0,1,1,0,0,0,17,3,1,16,0,1,48,0,2,0,3,0,0,0,1,0,1,3,0,0,0,0,2,0,0,0,3,0,0,0,0,0,2,0,1,0,0,0,0,0,3,15,8,0,5,0,1,0,2,0,18
"Zotu1132",109,0,1,1,0,2,0,0,2,0,0,2,0,2,0,1,1,0,2,79,2,0,3,0,0,0,0,0,0,0,0,0,0,0,0,0,0,0,0,6,0,0,0,0,0,0,0,0,0,0,0,0,0,0,0,0,0,0,0,0,0,0
"Zotu344",3,27,36,5,5,2,2,3,27,21,81,91,2,106,22,5,3,3,3,201,3,2,5,2,1,2,1,0,49,2,2,2,2,0,0,1,0,26,2,2,1,0,0,0,5,2,1,2,0,0,2,12,1,0,0,0,3,1,30,37,44,28
"Zotu143",12,6,15,10,10,525,5,12,8,297,14,11,8,28,7,835,6,19,14,11,13,14,6,8,12,13,11,10,10,16,8,0,0,0,0,0,0,0,0,0,0,0,0,1,0,0,0,0,0,0,0,0,0,0,0,0,0,0,0,0,0,0
"Zotu5906",1,0,0,1,0,0,50,0,0,0,0,1,0,1,0,0,1,0,0,0,0,0,0,0,0,0,0,0,0,0,0,0,0,0,0,1,0,0,0,0,2,0,0,0,1,0,0,0,0,0,0,0,0,0,0,0,0,1,0,0,0,22
"Zotu4975",1,0,16,35,4,0,1,0,2,0,2,0,0,0,1,0,8,1,0,5,0,0,0,0,0,0,1,0,0,0,1,0,0,0,0,0,0,0,0,0,0,0,0,8,0,0,0,0,1,0,0,0,1,0,0,0,0,1,0,0,0,0
"Zotu5627",1,0,0,0,34,0,1,0,0,0,0,0,0,0,0,0,0,0,0,0,0,0,1,0,0,0,0,2,0,0,0,0,0,0,0,0,0,0,0,0,0,0,0,2,0,0,0,0,0,0,0,0,0,0,0,0,0,0,0,0,0,0
"Zotu964",1,26,6,0,1,2,0,33,23,0,1,0,2,0,6,0,1,0,0,2,0,0,0,0,0,0,0,1,0,8,0,1,0,0,135,0,27,34,0,31,2,2,3,0,3,0,0,1,0,1,0,3,2,2,0,3,0,2,0,0,0,1
"Zotu211",2,10,6,3,28,7,4,5,3,4,3,4,3,17,6,3,80,4,7,4,36,1,3,138,181,52,14,121,34,73,73,3,5,96,84,5,61,20,3,64,0,50,124,51,1,5,5,43,1,7,1,13,1,3,1,4,3,1,8,16,25,21
"Zotu2608",2,2,90,0,2,0,0,0,0,0,0,0,0,0,0,1,0,1,0,0,0,2,0,2,0,0,2,0,0,0,0,0,0,0,0,0,0,0,0,0,0,0,0,0,0,0,0,0,0,0,0,0,0,0,0,0,0,0,0,0,0,0
"Zotu77",19,62,118,10,4,36,61,132,38,73,21,75,4,94,52,689,130,10,11,169,51,14,13,5,13,12,9,4,11,37,9,8,76,33,8,3,2,5,6,5,175,19,5,8,166,7,50,4,131,138,36,56,3,14,4,0,1,5,3,4,9,70
"Zotu239",2,45,36,10,2,0,2,16,20,0,7,21,3,4,9,1,5,2,3,4,18,174,0,3,6,2,2,121,47,120,2,4,3,1,137,2,103,45,5,0,1,26,4,3,2,3,0,1,1,2,0,43,1,53,0,3,3,0,3,1,1,73
"Zotu885",7,8,1,2,9,141,1,3,35,3,3,0,0,19,1,2,9,5,136,1,1,1,2,2,1,1,1,4,5,2,3,0,0,0,0,0,0,2,0,0,0,0,0,2,0,0,0,0,0,0,1,0,0,8,0,0,0,0,0,0,0,0
"Zotu28",19,55,174,9,21,20,14,40,306,18,383,210,7,67,162,10,16,132,461,803,11,13,10,7,8,17,17,14,25,19,14,15,7,9,12,11,13,9,11,12,10,7,8,8,10,419,330,252,225,10,132,19,9,13,45,62,251,219,97,322,32,6
"Zotu144",17,5,18,3,5,2,2,3,4,5,2,21,0,1,5,2,11,4,21,398,1,2,5,4,350,2,9,6,5,25,183,2,8,3,6,1,2,2,3,82,6,55,114,1,84,2,102,194,150,1,36,1,2,4,6,4,2,2,3,19,4,2
"Zotu279",8,20,56,70,111,433,15,4,18,27,3,10,3,38,30,14,11,43,9,4,3,3,0,3,12,11,5,8,8,7,3,1,0,1,0,0,0,1,0,0,0,0,0,3,56,1,0,0,0,0,0,0,0,1,0,0,0,0,0,2,0,11
"Zotu217",6,7,87,6,3,0,156,111,97,215,2,187,4,51,81,1,27,5,4,6,3,3,11,6,3,8,7,3,48,5,5,2,1,4,2,1,0,1,1,0,3,0,2,5,4,1,1,2,4,2,2,57,87,138,0,0,1,1,2,0,1,71
"Zotu114",7,34,42,23,6,6,7,54,3,2,4,64,4,9,50,130,112,3,2,9,250,1,8,1,5,0,205,10,8,38,2,5,136,42,305,6,69,1,48,39,1,83,2,4,5,2,3,0,3,3,3,117,24,38,4,2,2,3,5,7,3,55
"Zotu2705",1,0,0,1,0,0,0,0,0,0,0,74,0,0,15,0,0,1,0,1,0,0,0,0,0,1,0,0,0,0,0,0,0,0,0,0,0,0,0,0,0,0,0,0,0,0,0,0,0,0,0,0,0,0,0,0,0,0,0,0,0,0
"Zotu2871",2,1,0,0,1,0,1,0,0,0,1,0,0,0,0,0,1,0,0,0,0,0,0,0,0,0,67,0,0,1,0,0,0,0,0,0,0,0,0,0,0,0,0,0,0,0,0,0,0,0,0,0,0,0,0,0,0,0,0,0,0,0
"Zotu296",4,1,50,3,4,4,3,5,39,4,6,87,2,2,15,0,3,72,21,2,3,1,10,0,8,5,0,61,157,34,0,1,0,3,1,2,2,1,2,14,1,3,3,0,2,80,166,3,1,2,157,1,6,2,1,1,1,1,3,21,5,2
"Zotu48",15,126,94,58,8,14,137,61,169,45,238,83,15,229,81,239,50,10,23,16,95,11,17,10,9,175,162,16,43,188,205,14,7,172,135,7,131,97,12,63,9,290,519,61,68,161,11,62,174,25,143,125,45,37,12,4,9,8,6,14,28,56
"Zotu3360",1,0,0,2,0,0,0,0,0,0,0,1,0,0,0,0,2,0,0,0,4,0,0,0,4,0,0,0,2,0,0,0,1,0,0,0,0,0,0,0,1,0,0,1,32,0,1,2,1,0,0,2,10,12,0,1,0,0,1,1,1,8
"Zotu160",3,19,88,35,15,56,20,78,38,93,104,98,0,375,67,1,18,294,51,0,2,4,9,2,0,4,0,0,9,2,3,0,1,2,2,0,1,1,2,0,0,1,0,2,0,155,0,36,129,1,102,0,0,0,1,3,2,0,1,41,24,50
"Zotu6163",2,0,0,0,0,0,0,0,0,0,1,10,0,0,0,0,1,0,0,0,2,0,1,0,0,1,0,0,1,0,0,0,0,0,0,0,0,0,0,0,0,0,0,0,0,0,0,0,0,0,0,0,0,0,0,0,0,0,0,0,0,0
"Zotu116",7,136,32,4,5,7,508,79,6,380,4,61,16,9,72,9,20,5,6,6,12,324,12,10,9,16,5,7,7,11,12,3,3,2,3,3,5,1,2,3,8,1,0,1,138,3,1,2,174,2,0,22,4,41,2,0,1,0,0,0,2,111
"Zotu800",2,1,10,21,19,1,2,3,1,5,1,39,0,5,16,1,30,0,20,2,1,1,0,1,3,0,5,2,2,2,2,1,2,2,1,3,0,6,3,0,1,1,1,1,4,0,0,1,2,1,1,6,13,12,12,13,1,65,66,9,0,0
"Zotu5041",1,0,0,0,64,0,2,2,1,0,0,0,1,1,0,1,0,0,0,1,0,2,2,0,1,0,0,0,1,1,1,0,0,0,0,0,0,0,0,0,0,0,0,0,0,0,0,0,0,0,0,0,0,0,0,0,0,0,0,0,0,0
"Zotu507",5,22,80,5,9,15,13,1,23,1,10,101,1,12,39,2,7,181,1,10,11,0,1,4,6,0,2,2,6,4,2,0,0,0,0,0,0,0,0,0,0,1,1,3,0,1,0,0,0,0,23,0,0,0,0,0,0,0,0,0,0,8
"Zotu658",5,38,23,6,10,0,2,3,4,0,13,25,2,13,60,0,6,72,3,3,10,3,92,4,1,0,0,0,3,0,1,2,2,0,1,1,0,0,0,0,1,0,1,2,0,1,0,0,72,0,1,20,2,1,4,0,0,73,2,1,1,13
"Zotu354",5,13,36,1,3,2,5,30,25,3,29,32,0,18,39,3,6,63,14,0,10,234,3,1,82,3,4,1,10,34,5,1,0,9,38,1,6,10,14,1,0,0,38,3,0,1,1,47,0,0,2,12,8,0,1,2,2,0,1,53,4,1
"Zotu4250",2,0,0,6,5,1,0,0,0,0,11,0,0,0,2,1,4,0,0,0,1,1,0,0,0,0,0,0,0,0,0,0,0,1,0,0,0,0,0,0,0,0,1,0,0,0,0,0,0,0,0,0,0,0,0,10,8,0,0,0,0,0
"Zotu106",8,4,15,18,11,181,31,11,13,9,5,12,15,16,9,1906,13,9,14,6,6,9,6,9,7,14,6,11,5,13,8,0,2,0,0,0,0,0,0,0,0,0,0,1,0,0,0,0,0,0,0,1,0,0,0,0,0,0,0,0,0,0
"Zotu1933",2,3,0,3,0,1,1,0,0,0,0,0,0,0,0,0,1,38,0,0,5,0,0,0,0,1,0,0,0,1,0,1,1,1,1,1,0,0,1,0,0,0,0,2,0,0,0,0,0,1,0,0,16,4,0,1,1,0,1,0,8,40
"Zotu3510",3,0,2,21,32,2,0,2,6,68,1,1,0,2,0,1,3,2,2,0,1,1,0,0,0,2,1,0,1,2,1,0,0,0,0,2,0,0,0,0,0,0,0,11,0,0,0,0,1,0,0,0,0,0,0,0,0,0,0,0,0,0
"Zotu429",8,20,8,2,10,10,2,34,10,4,34,2,1,18,3,4,3,30,9,3,31,151,2,4,4,6,1,38,117,82,3,1,0,1,0,0,18,2,20,13,0,36,0,10,1,0,1,68,1,0,1,0,0,1,1,1,0,0,2,1,4,0
"Zotu150",5,2,23,148,74,0,1,6,19,3,2,4,1,19,6,3,28,32,1,1,2,152,4,2,1,2,1,35,20,27,0,5,29,8,4,5,16,33,7,9,4,18,5,75,12,3,6,4,5,5,72,9,2,24,35,22,143,364,126,84,113,8
"Zotu4750",2,0,1,11,41,0,2,0,1,2,2,0,0,0,0,1,3,12,0,1,2,0,0,0,1,0,0,0,1,0,0,0,0,0,0,0,0,0,0,0,0,0,0,0,0,0,0,0,0,0,0,0,0,0,0,0,0,0,0,0,0,0
"Zotu2545",2,0,0,0,0,1,1,1,1,0,0,0,0,1,1,1,0,1,0,0,2,0,0,1,0,1,1,0,1,74,0,0,0,0,0,0,0,0,0,0,0,0,0,0,0,0,0,0,0,0,1,0,0,0,0,0,0,0,0,0,0,0
"Zotu2815",3,0,0,1,3,1,0,0,0,0,0,1,0,0,0,1,2,0,0,0,0,0,0,1,0,0,0,0,0,1,0,1,0,0,0,1,2,0,1,1,0,0,1,66,0,0,1,0,1,0,0,1,0,0,0,0,0,1,1,0,3,0
"Zotu1036",1,0,25,0,0,0,0,0,15,1,0,0,0,0,10,1,0,0,0,0,0,0,0,0,0,0,0,0,0,0,0,1,0,0,1,0,0,0,0,1,0,0,0,2,0,0,0,126,181,1,1,0,0,2,12,0,1,0,0,2,21,9
"Zotu57",9,28,36,12,19,12,3,18,14,2,8,11,6,12,9,9,11,14,2,6,67,2,167,196,7,20,41,141,281,248,197,63,184,113,329,16,64,36,40,32,7,85,536,16,17,97,61,17,22,13,33,15,23,15,18,30,220,289,237,624,433,31
"Zotu297",1,1,0,3,5,0,1,4,1,1,0,1,1,10,4,3,3,2,0,0,2,0,5,0,0,0,77,4,17,44,215,179,2,79,45,96,53,77,10,25,1,20,63,4,1,1,2,3,1,3,4,3,1,4,1,1,1,5,1,3,1,3
"Zotu138",12,361,52,26,3,36,87,179,33,177,6,39,12,87,70,8,31,67,4,7,56,7,5,6,9,16,3,13,6,11,10,4,7,1,2,5,5,7,2,4,5,4,8,14,48,3,173,3,120,1,4,46,27,95,1,2,3,0,0,5,22,102
"Zotu1260",1,0,6,0,0,0,0,0,0,0,0,0,0,1,5,2,0,3,0,0,3,23,0,0,0,0,3,0,0,11,0,1,0,0,32,3,0,2,47,0,3,54,0,1,0,0,2,0,0,1,1,1,0,2,3,1,2,1,3,1,0,1
"Zotu636",9,2,3,2,1,359,40,4,2,6,1,2,3,3,2,3,1,3,3,0,2,2,4,0,4,2,1,5,1,1,3,0,0,0,0,2,0,1,0,0,0,0,0,0,0,0,0,0,0,0,0,0,0,0,0,0,0,0,0,0,0,0
"Zotu3249",1,0,1,4,2,0,0,0,0,0,0,1,0,0,4,1,53,2,0,0,1,1,0,0,0,1,1,3,3,0,0,0,0,0,0,0,0,0,0,0,0,0,0,1,0,0,0,0,0,0,0,0,0,0,0,0,0,0,0,0,0,0
"Zotu1698",1,0,0,1,1,0,1,1,3,1,0,31,0,90,2,2,0,1,0,1,18,2,1,2,3,4,1,1,0,3,0,0,0,0,0,0,0,0,0,0,0,0,0,0,0,0,0,0,0,0,0,19,0,0,0,0,0,0,0,0,0,1
"Zotu318",4,52,60,7,12,6,5,62,16,31,70,98,2,24,68,6,29,229,21,3,19,6,6,8,0,1,3,10,7,3,5,2,1,0,3,1,0,0,4,1,0,0,1,0,3,0,1,0,0,0,20,7,22,20,0,1,2,3,32,0,17,15
"Zotu432",2,5,1,459,127,1,3,4,2,2,2,5,15,5,3,5,3,2,5,4,0,11,6,6,4,8,5,2,4,4,3,0,0,0,1,1,0,0,0,0,1,1,0,0,0,0,1,1,0,0,0,0,54,0,1,0,0,0,0,0,0,1
"Zotu273",15,17,7,5,2,911,20,7,3,13,8,4,3,49,5,13,14,12,11,9,5,10,5,5,6,5,3,6,5,8,7,0,0,0,0,0,0,0,0,0,0,0,0,0,0,0,0,0,0,0,0,0,0,0,0,0,0,0,0,0,0,0
"Zotu1389",2,13,0,9,1,1,0,0,0,0,0,0,1,0,4,0,36,0,0,0,29,1,1,0,0,0,1,1,0,7,1,2,0,1,0,0,1,0,0,4,1,2,1,2,1,0,0,2,1,3,0,18,0,0,0,1,1,0,0,0,0,65
"Zotu5708",1,0,0,0,9,14,0,1,1,0,0,1,0,0,1,0,0,0,0,0,1,1,0,0,1,0,0,1,0,1,0,0,0,0,0,0,0,0,0,0,0,0,0,0,0,0,0,0,0,0,0,0,0,0,0,0,0,0,0,0,0,0
"Zotu1729",1,11,40,1,2,0,1,0,10,0,0,21,1,0,23,0,0,1,0,1,3,2,0,0,0,2,3,1,1,0,0,1,0,1,0,0,0,0,0,2,1,0,0,1,1,0,0,2,2,1,19,13,29,0,0,0,2,0,0,0,7,6
"Zotu411",9,25,8,13,4,35,116,0,0,13,1,13,2,8,11,13,41,78,31,4,2,2,2,0,1,1,5,0,2,2,1,0,2,1,2,0,2,1,1,2,0,0,6,1,1,3,1,2,0,5,31,1,6,2,0,0,3,1,15,172,87,31
"Zotu47",13,41,117,11,13,9,4,5,80,5,68,94,4,61,48,10,5,184,3,4,9,6,590,110,7,3,69,5,29,20,34,81,137,225,399,18,233,206,107,363,108,401,208,7,11,58,226,171,250,19,88,97,137,160,8,9,11,11,11,12,11,14
"Zotu721",1,0,80,0,1,0,1,0,20,1,0,80,0,0,21,0,1,4,38,0,1,1,1,1,88,0,2,3,42,1,0,0,0,3,0,0,0,2,0,0,0,0,0,2,0,0,0,0,0,0,0,0,0,0,23,0,0,0,0,35,0,0
"Zotu2562",1,0,0,2,84,0,0,1,1,0,0,0,0,0,0,0,1,0,0,0,2,0,1,0,0,0,1,1,0,0,0,0,0,0,0,0,0,0,0,0,0,0,0,0,0,0,0,0,0,0,0,0,0,0,0,0,0,0,0,0,0,0
"Zotu111",7,19,42,7,28,10,3,12,162,14,67,31,4,135,28,2,20,69,132,168,3,3,3,5,2,6,1,6,5,1,1,6,8,9,7,4,5,7,4,2,6,6,5,9,2,870,102,96,70,222,45,6,14,22,5,8,47,50,3,30,12,9
"Zotu3158",1,0,0,0,2,0,0,19,10,0,0,0,0,6,1,1,1,0,0,0,0,0,1,0,0,0,0,0,0,0,0,0,0,0,0,0,0,0,0,0,0,0,0,0,0,0,30,0,0,0,0,0,0,0,0,0,1,0,0,0,0,0
"Zotu2414",1,0,0,0,1,0,1,0,0,0,0,14,0,0,2,0,2,0,0,1,0,0,0,0,0,0,0,1,0,1,0,1,1,47,0,1,1,1,1,1,0,0,0,0,1,1,0,0,0,0,0,0,0,1,0,0,0,0,1,6,18,0
"Zotu3799",3,0,1,1,0,1,0,0,0,0,0,0,0,0,0,0,0,0,58,0,0,0,0,0,0,0,0,0,0,0,0,0,0,0,0,0,0,0,0,0,0,0,0,0,0,0,0,0,0,0,0,0,0,0,0,0,0,0,0,0,0,0
"Zotu622",5,11,35,5,7,2,5,3,15,2,13,62,0,1,27,3,31,124,0,2,0,3,5,1,1,0,3,1,4,0,0,0,1,0,0,0,0,0,0,1,0,0,3,1,0,0,0,0,0,1,1,7,63,11,0,0,0,0,0,0,0,0
"Zotu42",27,47,73,15,31,27,26,189,390,20,412,89,11,887,68,16,24,337,213,172,10,20,21,13,17,16,168,61,94,49,16,8,6,41,6,100,37,6,26,54,2,121,5,9,5,359,233,171,255,65,31,8,4,6,2,4,18,7,7,32,8,8
"Zotu158",6,55,275,8,9,13,2,12,42,5,7,71,2,69,136,2,21,12,6,2,205,10,4,7,3,8,4,4,23,55,39,101,6,2,124,8,63,254,6,7,2,7,15,11,49,8,9,6,43,6,117,145,131,101,7,5,10,4,9,4,5,29
"Zotu527",1,4,5,3,4,3,2,2,2,5,5,3,3,2,1,4,0,5,1,2,3,2,5,284,1,32,0,51,38,41,46,0,1,20,31,0,4,0,0,0,0,1,0,0,1,0,0,1,1,0,0,0,1,0,0,2,1,0,0,10,14,2
"Zotu204",4,49,14,3,1,2,36,77,3,1,2,3,2,19,38,1,14,1,0,3,61,81,4,0,0,1,0,2,4,41,126,197,144,89,4,3,4,34,8,1,4,93,3,2,4,2,67,9,4,11,23,31,23,39,5,1,2,2,3,3,28,113
"Zotu135",3,58,66,13,4,6,193,15,52,123,3,75,12,3,82,11,58,0,2,8,34,6,14,6,9,7,15,5,46,199,4,7,4,137,3,4,24,219,59,6,5,144,6,2,4,5,2,4,3,8,4,71,70,121,2,3,2,3,5,0,3,92
"Zotu89",7,14,9,8,9,3,45,38,11,2,4,15,4,55,15,2,16,3,2,1,66,134,7,1,5,77,2,4,75,157,155,128,165,230,253,267,96,8,46,6,7,122,87,17,2,3,70,4,8,132,6,7,2,2,3,7,4,6,5,8,7,5
"Zotu5751",1,2,2,22,28,0,0,0,0,0,1,2,0,1,0,0,22,1,1,1,1,0,2,0,0,0,0,0,0,0,1,0,0,0,0,0,0,0,0,1,0,0,0,15,0,0,0,0,0,0,0,1,0,0,0,0,0,0,0,3,0,0
"Zotu248",6,21,23,1,2,7,8,80,40,8,3,147,6,124,125,2,6,2,4,3,13,6,4,6,5,6,6,135,7,89,5,89,6,4,3,2,38,71,1,9,6,51,1,0,4,0,3,2,1,2,15,72,7,115,0,1,1,0,2,4,3,42
"Zotu113",7,1,3,6,11,5,10,3,1,3,3,5,2,6,3,4,12,10,4,2,16,49,177,171,2,34,90,126,92,154,129,133,242,103,32,12,150,148,256,135,6,8,4,4,6,5,9,9,3,8,7,7,6,8,5,5,8,3,2,3,7,8
"Zotu134",14,21,32,5,8,15,10,124,78,7,62,133,3,80,75,4,14,224,52,5,5,130,6,0,3,5,5,68,84,118,73,1,3,4,3,4,55,13,18,70,0,82,84,4,2,6,3,1,2,4,3,8,20,18,4,23,71,46,1,84,39,3
"Zotu170",9,571,36,12,9,18,7,118,23,10,117,9,11,35,21,5,4,16,22,6,3,6,7,3,2,3,252,9,64,28,6,3,0,73,1,3,1,131,28,32,1,75,0,6,1,2,3,54,1,1,51,5,2,16,13,3,3,4,2,1,4,2
"Zotu4137",1,0,0,0,0,0,0,0,0,1,0,0,0,0,5,0,0,0,0,0,7,0,0,0,0,0,0,0,2,0,0,1,0,0,0,0,0,0,1,0,0,0,1,1,0,0,0,0,0,1,19,12,1,0,0,1,0,0,0,0,1,1
"Zotu313",4,4,20,12,1,0,34,2,5,1,23,2,3,25,16,3,3,26,29,3,6,0,4,2,0,5,1,47,28,57,1,94,100,55,91,138,61,48,2,50,8,42,5,24,8,10,5,3,1,5,1,51,30,12,2,2,3,4,1,2,1,3
"Zotu1473",2,0,0,0,0,0,1,1,0,0,0,0,0,0,0,0,1,0,10,166,1,1,2,1,1,0,0,0,0,0,0,0,0,0,0,0,0,0,0,0,0,0,0,4,0,0,0,1,0,0,0,0,0,0,0,5,0,0,0,0,0,1
"Zotu1277",4,2,4,20,166,1,3,2,0,1,1,2,0,3,0,1,1,2,0,4,2,1,5,0,0,0,0,0,3,1,0,0,0,0,0,0,0,0,0,0,0,0,0,0,0,0,0,0,0,0,0,0,0,0,0,0,0,0,0,0,0,0
"Zotu4151",2,0,14,2,3,0,0,0,0,0,0,0,0,0,1,0,4,0,0,0,1,0,0,0,1,0,0,2,0,0,1,0,0,0,0,0,0,0,0,1,0,0,0,1,0,0,0,0,0,0,0,1,0,0,0,0,0,0,0,0,0,0
"Zotu4134",33,0,1,0,0,0,1,1,0,0,0,1,0,1,0,0,0,0,0,0,0,0,2,0,0,0,0,0,0,0,0,0,0,0,0,0,0,0,0,0,0,0,0,0,0,0,0,0,0,0,0,0,0,0,0,0,0,0,0,0,0,0
"Zotu1721",1,0,0,0,0,1,0,0,0,0,0,0,0,0,0,0,0,0,0,0,0,0,0,0,0,0,0,0,0,1,0,0,0,0,1,2,0,0,0,0,0,0,0,0,0,0,1,1,0,0,0,1,0,0,19,86,0,1,22,0,3,0
"Zotu67",2,11,1,4,5,5,2,5,24,2,0,1,2,33,2,1,4,1,44,1,2,465,4,1,1,3,4,185,1,2,2,6,5,295,7,9,94,75,12,239,6,317,11,7,3,90,113,8,5,134,40,9,9,9,6,34,356,400,67,24,9,5
"Zotu4427",1,0,0,6,17,0,0,0,0,1,1,0,0,0,0,0,1,0,0,0,0,0,0,0,0,0,0,0,0,0,0,0,0,0,0,0,0,0,1,1,0,0,0,10,0,0,0,1,1,0,0,2,0,0,9,8,0,0,34,1,0,0
"Zotu302",4,1,6,4,4,5,3,3,2,2,3,2,6,3,0,2,6,1,0,1,3,172,2,215,1,4,3,96,97,8,4,3,2,30,1,0,52,37,45,124,2,36,1,3,4,3,4,2,3,3,1,7,1,2,5,1,1,1,2,5,0,2
"Zotu61",4,21,10,5,11,12,6,21,21,10,17,9,7,6,9,11,7,4,3,6,6,4,4,6,3420,13,8,12,19,4,80,1,182,0,0,0,0,1,4,3,4,122,5,2,0,0,0,1,0,0,1,1,2,0,0,1,2,1,0,0,0,2
"Zotu872",3,0,8,3,2,5,1,33,2,1,1,20,0,0,8,1,7,1,0,0,24,0,3,0,1,14,2,0,9,0,0,1,1,1,2,0,4,0,1,3,0,0,2,0,138,0,0,0,0,0,0,14,1,17,1,0,2,1,0,1,3,28
"Zotu1381",3,33,15,2,1,1,3,2,9,0,2,33,0,2,9,2,6,1,0,2,11,0,2,0,0,0,2,0,0,2,0,0,3,0,1,0,1,19,1,0,1,2,1,0,0,0,0,0,0,2,0,16,0,0,1,0,0,0,1,0,0,19
"Zotu6143",32,0,2,0,0,1,0,0,0,0,0,0,1,0,0,0,0,1,0,0,0,0,1,0,1,0,0,1,2,0,0,0,0,0,0,0,0,0,0,0,0,0,0,0,0,0,0,0,0,0,0,0,0,0,0,0,0,0,0,0,0,0
"Zotu34",11,121,74,13,12,10,48,644,73,203,30,60,10,145,65,15,24,14,11,254,32,7,14,10,126,41,8,269,67,312,128,7,193,92,354,5,271,136,18,167,11,315,9,6,16,6,18,139,46,11,191,77,37,129,6,3,7,7,10,10,8,53
"Zotu1090",1,1,1,0,3,2,1,0,2,0,0,1,1,2,1,1,0,0,0,245,1,0,0,0,0,0,2,0,1,1,1,0,0,0,0,0,0,0,0,0,0,0,0,0,0,0,0,0,0,0,0,0,0,0,0,0,0,0,0,0,0,0
"Zotu2026",2,0,0,1,1,0,1,0,0,0,2,29,1,15,4,1,2,0,0,0,0,0,0,0,1,0,0,0,0,8,0,0,0,0,0,0,1,1,2,0,0,1,1,1,0,0,0,0,2,0,35,1,1,1,0,1,0,0,0,2,5,18
"Zotu6232",1,2,1,14,3,1,3,0,2,2,1,0,0,0,0,0,0,1,0,0,0,0,1,0,0,0,0,0,0,0,0,0,0,0,0,0,0,0,0,0,0,0,1,9,0,0,0,0,0,0,0,0,0,0,0,0,0,0,0,0,0,0
"Zotu1535",1,0,3,84,50,1,0,1,3,4,2,0,0,2,0,2,6,0,1,2,0,1,0,0,0,0,0,2,1,1,0,0,0,0,0,0,0,0,0,0,0,0,0,0,0,0,0,0,0,0,0,0,0,0,0,0,0,0,0,0,0,0
"Zotu910",1,0,0,23,13,2,1,0,2,1,0,3,0,1,2,0,5,58,4,0,2,0,1,0,1,1,0,1,20,1,1,0,0,0,3,2,0,0,0,0,0,1,0,2,1,1,0,2,0,0,2,4,2,0,21,32,6,25,7,3,4,1
"Zotu260",5,3,94,3,4,1,3,3,99,4,89,102,1,1,24,2,2,48,201,0,3,1,1,1,1,8,3,0,1,1,1,1,1,0,1,1,0,2,1,1,0,0,1,1,2,175,1,128,0,1,0,8,3,0,12,2,33,4,17,70,2,2
"Zotu1603",1,3,1,1,2,0,0,1,0,3,26,73,1,0,2,0,0,1,0,1,1,1,0,2,1,2,2,0,0,0,0,0,0,0,1,0,0,39,0,0,0,0,0,1,0,1,0,0,0,1,1,0,0,0,0,0,0,0,0,0,0,0
"Zotu5840",2,0,0,0,48,2,0,0,0,1,0,1,0,0,4,0,0,2,0,2,1,0,0,0,1,1,0,0,0,0,0,0,0,0,0,0,0,0,0,0,0,0,0,0,0,0,0,0,0,0,0,0,0,0,0,0,0,0,0,0,0,0
"Zotu3905",1,0,35,1,6,1,0,0,0,0,0,0,0,0,2,0,4,0,0,0,1,0,1,0,0,0,0,0,0,0,0,0,0,0,0,0,0,0,1,0,1,0,0,2,0,0,0,0,0,0,0,13,0,0,0,0,0,0,0,0,0,0
"Zotu4264",2,0,0,1,39,1,0,0,0,0,2,0,1,0,0,0,1,0,0,0,0,0,0,1,1,1,0,0,0,0,0,0,0,0,0,0,0,0,0,0,0,0,0,2,0,0,0,0,0,0,0,0,0,0,0,0,0,0,0,0,0,0
"Zotu218",5,83,44,20,5,9,4,75,3,8,5,9,5,13,38,21,63,38,4,12,86,0,17,2,11,9,5,5,25,30,3,6,4,3,5,2,6,4,5,3,4,7,3,155,106,3,2,6,1,9,96,123,5,42,1,1,1,4,3,3,37,125
"Zotu153",3,22,5,4,7,5,2,7,16,2,185,24,11,3,38,1,6,259,148,1,4,4,2,4,4,5,35,143,2,21,4,5,9,11,181,7,106,29,200,80,5,79,6,7,8,11,8,6,5,6,5,32,38,38,161,91,132,68,51,110,9,19
"Zotu38",15,690,324,19,22,19,29,516,94,16,81,137,15,85,102,16,18,140,112,214,24,6,15,6,10,7,15,14,37,60,13,9,10,9,80,11,9,13,13,10,7,68,65,8,16,13,248,309,363,90,468,81,86,124,269,30,62,8,44,23,51,80
"Zotu1676",1,0,1,145,3,2,0,1,0,3,2,1,0,1,1,1,3,0,0,1,0,0,3,0,0,1,0,2,4,1,1,0,1,0,0,0,1,1,0,0,1,0,0,23,0,0,0,0,0,0,0,0,0,0,0,0,0,0,0,0,0,0
"Zotu177",8,4,21,4,4,933,2,25,25,363,7,7,2,9,1,8,5,3,26,12,8,4,2,5,10,15,10,10,6,5,5,1,0,0,0,0,0,0,0,0,0,7,0,0,1,1,0,1,0,0,0,0,0,0,20,0,2,0,0,2,0,0
"Zotu1325",11,3,10,5,6,61,26,7,1,25,1,16,1,1,3,118,2,1,2,2,2,3,1,0,2,2,1,7,1,1,1,0,0,0,0,0,0,0,0,0,0,0,0,0,0,0,0,0,0,0,0,0,0,0,0,0,0,0,0,0,0,1
"Zotu601",2,3,0,104,0,0,4,4,0,5,2,1,1,2,3,0,9,2,0,2,0,0,0,0,1,4,4,2,2,1,0,3,2,0,2,2,0,2,1,2,2,1,0,9,3,62,26,17,0,4,26,12,29,1,2,0,2,1,0,26,19,17
"Zotu618",3,39,1,0,0,1,0,0,0,13,0,28,0,0,8,0,1,0,4,1,1,0,0,3,0,2,0,1,2,0,1,1,5,0,0,2,1,3,0,0,3,1,2,0,1,3,1,2,2,3,129,28,35,1,1,0,0,3,1,3,60,17
"Zotu2767",2,0,7,91,45,0,0,3,2,1,0,3,0,1,3,3,8,1,0,1,1,0,2,0,1,2,1,0,1,2,2,0,0,0,0,0,0,0,0,0,0,0,0,6,0,0,0,0,0,0,0,0,0,0,1,0,0,0,0,5,1,0
"Zotu919",2,2,12,0,0,1,0,1,0,0,1,0,0,0,18,0,4,0,0,1,90,0,0,0,1,0,0,0,0,1,0,0,2,1,32,0,1,0,4,1,2,0,1,4,0,1,0,1,1,1,23,49,21,1,2,1,0,2,1,0,2,23
"Zotu588",2,0,6,14,8,1,1,0,2,0,0,0,0,0,3,0,0,1,17,0,0,0,0,1,0,1,0,1,0,0,1,2,2,4,4,7,1,0,2,5,3,3,34,4,2,1,4,1,0,0,1,0,4,3,60,46,22,24,100,134,7,6
"Zotu128",5,63,82,3,6,3,6,29,162,4,8,78,7,46,24,4,12,101,36,4,5,4,174,1,10,3,3,14,227,26,6,3,1,80,5,5,74,72,6,180,4,5,8,6,7,4,10,6,7,3,67,35,76,58,2,7,5,3,168,176,29,9
"Zotu5989",1,0,0,2,1,6,0,0,0,4,0,0,0,0,3,0,0,0,1,0,1,0,0,2,0,0,0,0,0,0,0,0,0,0,0,0,0,0,0,0,0,0,0,1,0,0,0,0,0,0,0,0,1,0,7,10,0,0,0,0,3,0
"Zotu1297",3,1,0,0,1,0,0,3,0,0,0,1,198,0,0,0,0,0,0,0,0,0,1,0,1,0,6,0,0,1,2,0,0,0,0,0,0,0,0,0,0,0,0,0,0,0,0,0,0,0,0,0,0,0,0,0,0,0,0,0,0,0
"Zotu1495",1,1,0,133,4,0,1,1,2,0,0,2,2,1,1,1,28,1,2,1,0,0,0,0,3,2,0,0,2,2,1,1,1,0,0,0,0,0,0,0,0,0,0,6,0,0,0,0,0,0,0,0,0,0,0,0,0,0,0,0,0,5
"Zotu148",5,34,49,5,9,6,10,229,479,14,379,114,3,115,53,13,14,100,145,10,10,4,9,7,10,10,9,13,7,8,8,0,0,0,0,0,0,0,1,1,0,0,1,0,0,0,18,56,1,1,20,0,0,0,0,0,0,1,1,0,3,0
"Zotu1014",1,2,3,37,8,0,2,26,3,0,0,1,0,17,2,2,46,0,2,1,24,0,2,0,1,1,0,1,1,5,0,1,1,0,1,0,0,0,1,2,0,0,1,5,0,0,3,0,0,0,25,22,1,29,0,0,0,2,1,0,1,13
"Zotu190",4,37,73,3,18,6,4,5,64,10,37,164,0,54,19,2,32,72,32,8,3,1,4,1,2,3,3,8,3,4,2,2,3,2,4,6,4,1,2,2,4,0,3,1,132,3,10,5,4,11,2,22,3,7,1,3,6,1,27,26,269,199
"Zotu5928",1,0,1,2,0,0,28,0,2,0,1,0,0,0,0,0,0,1,0,0,9,0,0,0,0,0,0,0,10,2,0,0,0,0,0,0,0,0,0,0,0,0,0,0,0,0,0,0,0,0,0,2,0,0,0,0,0,0,0,0,0,0
"Zotu447",2,6,5,3,2,123,99,3,3,4,1,3,7,8,3,386,2,4,1,5,4,6,3,2,3,3,4,5,5,4,2,0,0,0,0,0,0,0,0,0,0,0,0,0,0,0,0,0,0,0,0,0,0,0,0,0,0,0,0,0,0,0
"Zotu940",1,0,0,1,1,0,0,0,0,0,1,0,0,1,0,0,0,2,0,2,0,1,0,0,1,0,42,23,24,39,0,98,0,0,0,1,2,15,1,13,0,2,0,0,1,0,1,1,0,0,1,0,0,0,0,0,0,2,0,0,1,0
"Zotu1712",1,1,0,15,2,14,2,0,0,0,0,1,1,0,3,0,14,0,0,1,15,0,2,1,1,0,0,26,1,0,1,0,0,0,0,0,0,0,0,1,0,0,0,3,0,0,0,0,0,0,0,0,0,0,0,0,0,0,0,0,0,5
"Zotu845",3,0,1,2,3,0,0,0,0,0,1,1,0,0,1,0,2,1,1,322,0,1,1,0,3,0,0,0,0,0,0,0,0,0,0,0,0,0,0,0,0,0,1,3,0,0,0,0,0,0,0,7,0,0,0,0,0,0,0,0,0,0
"Zotu675",3,0,0,1,1,1,1,0,1,2,31,2,0,0,17,0,0,1,42,1,7,2,1,1,53,1,0,50,2,18,75,1,32,3,2,0,3,3,15,24,0,0,0,0,0,0,2,0,1,1,1,1,0,1,7,2,0,138,2,24,1,0
"Zotu161",8,197,28,5,3,5,4,114,24,67,104,9,4,41,10,7,20,38,22,5,7,4,8,3,9,6,103,0,1,10,5,10,1,6,8,3,8,8,5,8,3,9,4,3,5,129,228,281,11,7,191,5,5,92,1,1,3,1,14,4,9,5
"Zotu939",3,1,24,0,1,1,40,1,11,0,0,1,0,0,2,0,0,0,0,0,0,0,1,0,2,54,0,1,1,3,2,3,3,0,1,0,2,0,0,1,4,1,1,2,11,94,3,140,0,4,1,3,24,16,0,0,1,0,2,1,1,1
"Zotu209",8,43,6,2,2,40,258,23,21,105,1,21,2,29,40,5,6,147,5,4,14,6,11,2,1,12,3,94,78,69,3,0,2,2,1,1,43,4,0,53,1,14,8,1,7,1,66,0,160,1,26,13,3,3,2,0,1,2,1,24,45,14
"Zotu497",3,3,4,276,258,6,7,1,1,3,4,39,3,3,1,11,11,5,4,9,1,1,0,2,7,5,5,3,5,1,3,1,0,0,0,0,0,0,0,0,0,0,0,12,0,0,0,1,0,0,0,0,0,0,0,0,0,0,0,0,1,0
"Zotu145",17,6,51,338,38,47,43,6,10,167,2,8,8,10,12,8,300,12,6,7,22,1,6,3,151,10,5,6,28,37,4,13,6,12,8,7,54,86,77,28,4,6,4,844,3,2,4,4,2,2,17,3,6,10,5,4,4,9,4,8,3,11
"Zotu206",3,76,56,5,7,8,90,88,94,81,50,38,10,128,34,6,11,96,38,7,0,5,2,1,6,7,31,74,35,7,2,5,1,1,1,1,40,24,2,13,2,0,1,4,2,48,81,53,168,1,50,15,0,13,1,2,1,1,3,1,4,1
"Zotu2504",2,1,0,0,0,0,0,0,14,0,27,0,0,12,0,2,1,0,0,0,0,1,0,0,0,1,0,0,0,15,0,0,0,0,0,0,0,1,1,0,1,1,1,0,0,0,30,0,1,0,1,2,1,7,0,0,0,0,0,2,10,6
"Zotu942",2,1,3,3,2,77,1,4,1,28,0,1,0,1,0,132,3,1,1,3,1,1,2,4,0,0,1,2,6,2,1,0,0,0,0,0,0,0,0,0,0,0,0,0,0,0,0,0,0,0,0,0,0,0,0,0,0,0,0,0,0,0
"Zotu361",5,140,56,3,2,1,4,77,29,14,3,9,3,35,33,3,15,65,1,1,18,5,11,1,2,2,1,1,3,1,8,1,1,2,2,2,0,3,0,2,2,3,4,2,4,4,2,1,2,5,2,64,23,151,0,0,1,1,2,1,2,32
"Zotu1779",1,2,1,89,55,0,0,1,0,0,0,0,0,2,2,0,1,0,0,3,0,1,0,0,1,1,0,0,2,0,0,0,0,0,0,0,0,0,0,0,0,0,0,0,0,0,0,0,0,0,0,0,0,0,0,0,0,0,0,0,0,0
"Zotu617",4,17,9,9,7,48,21,18,7,0,0,0,0,18,5,0,19,1,0,0,0,0,1,0,0,2,3,0,0,0,0,3,3,4,0,2,2,0,3,4,2,2,1,1,3,3,1,2,0,1,7,18,4,2,2,0,0,3,21,73,111,74
"Zotu240",3,0,33,1,4,5,0,1,21,2,32,1,1,3,26,5,2,1,271,0,1,0,4,3,1,3,8,1,2,3,1,5,2,6,10,9,3,4,3,3,1,3,2,7,5,2,1,4,5,5,0,4,8,1,220,307,263,118,20,3,4,6
"Zotu283",4,3,38,2,4,1,0,2,23,2,1,21,0,8,19,1,3,2,20,122,2,2,2,0,0,0,4,3,2,1,0,3,7,2,2,4,5,1,6,4,3,1,7,8,23,11,48,7,0,73,30,4,6,4,6,5,8,4,23,285,127,125
"Zotu2159",1,0,0,0,0,1,0,0,0,0,0,0,1,0,20,0,0,0,0,0,0,0,0,0,0,0,0,0,0,0,0,1,0,0,0,0,0,2,0,0,1,0,0,0,0,0,0,1,1,1,0,64,2,16,0,0,0,0,0,0,0,7
"Zotu2469",1,0,0,12,61,0,0,0,0,1,1,2,2,0,0,0,1,0,0,1,0,0,0,0,1,0,1,0,0,0,1,0,0,0,0,0,0,0,0,0,0,0,0,1,0,0,0,0,0,0,0,0,0,0,0,0,0,0,0,0,0,0
"Zotu494",3,3,2,1,1,1,3,0,0,0,1,1,0,4,1,1,1,3,0,0,2,84,1,0,2,1,0,41,11,35,1,0,123,30,80,0,48,2,2,3,1,43,1,1,1,2,2,2,1,3,18,1,0,0,0,0,1,1,1,0,0,1
"Zotu1600",1,1,1,6,22,2,0,0,0,0,0,10,0,0,2,0,19,0,0,1,0,1,1,0,0,0,1,0,0,0,0,0,2,0,0,3,0,1,0,2,0,2,0,1,0,1,2,0,1,0,0,1,0,0,0,2,1,0,124,2,0,2
"Zotu2001",1,0,2,2,0,0,1,0,0,0,0,25,0,0,1,0,8,0,0,2,79,0,1,0,0,0,1,0,0,1,0,0,0,0,0,0,0,0,0,0,0,0,0,0,0,0,0,0,0,0,0,0,0,0,0,0,0,0,0,0,0,0
"Zotu1704",1,2,0,4,3,65,15,1,8,4,0,0,1,2,0,1,0,2,1,1,0,0,0,0,0,0,0,0,1,1,1,0,0,0,1,0,0,0,0,0,0,0,0,0,0,0,0,1,41,0,0,0,0,0,8,0,0,1,0,2,1,0
"Zotu2498",1,0,0,0,0,0,71,0,2,0,0,0,1,0,0,1,0,0,0,0,0,0,0,0,1,0,0,0,0,0,0,0,0,1,0,0,0,0,0,0,0,0,0,0,0,0,0,0,0,0,0,20,0,0,0,0,0,1,0,0,0,0
"Zotu256",4,0,1,1,5,12,1,1,0,0,10,0,4,1,2,2,1,2,5,1,0,1,43,2,84,2,66,2,1,21,3,131,94,81,2,4,2,4,5,3,354,20,50,3,73,1,25,1,73,4,26,1,2,21,0,3,2,2,3,3,0,7
"Zotu1050",1,0,0,0,0,0,0,0,0,0,0,3,0,0,0,0,0,1,0,0,0,0,0,0,0,0,0,0,43,0,0,1,1,1,0,1,0,2,53,0,4,61,2,2,8,1,0,0,0,1,0,15,44,10,0,11,1,0,0,1,5,2
"Zotu481",4,18,22,1,4,1,15,5,8,1,1,43,0,0,10,3,6,23,34,0,12,0,0,0,2,5,2,118,54,2,2,3,11,2,2,0,52,10,1,1,0,0,2,1,2,0,19,3,0,1,5,11,12,0,18,6,24,2,7,34,16,2
"Zotu781",3,2,2,2,0,3,5,2,1,1,2,0,0,0,1,2,2,0,0,0,266,1,1,0,3,3,0,1,1,3,2,0,1,0,1,0,1,0,2,2,1,1,0,1,1,0,0,0,0,0,0,32,0,0,1,1,0,0,1,0,3,6
"Zotu263",4,4,4,2,1,3,6,3,0,7,4,3,3,3,7,2,1,3,0,2,1,0,9,192,0,4,160,270,0,1,2,0,2,0,275,1,90,2,2,0,1,0,1,12,0,1,2,2,3,0,2,3,4,3,1,0,0,0,1,1,1,2
"Zotu92",15,5,20,4,6,7,10,7,9,13,61,10,591,16,6,5,7,4,20,5,25,196,259,4,5,12,10,114,17,25,7,230,155,146,151,6,7,3,8,20,159,34,90,5,2,6,0,5,6,72,5,8,8,7,3,1,18,42,1,4,5,1
"Zotu245",8,30,19,6,6,4,3,33,27,10,44,20,3,15,19,4,2,63,33,320,6,3,5,0,6,3,42,46,1,18,4,55,5,5,2,2,37,14,31,15,1,4,1,5,107,3,0,4,54,3,62,10,5,50,23,1,12,5,1,12,34,25
"Zotu131",8,38,51,8,7,6,21,73,29,2,10,46,10,39,106,2,9,8,3,181,877,5,7,8,4,11,11,9,23,17,12,5,8,7,3,8,2,5,6,12,7,9,7,7,89,4,9,7,6,6,140,226,77,99,3,2,4,4,6,6,8,68
"Zotu367",8,10,38,1,8,2,4,2,26,61,0,46,0,38,31,2,3,16,6,7,2,0,2,2,1,36,3,129,78,20,4,3,3,5,2,0,119,36,49,50,1,4,1,1,0,0,4,0,2,1,2,1,1,2,2,1,1,1,1,4,3,4
"Zotu1000",4,1,7,4,5,215,14,1,0,0,2,1,0,1,2,3,2,2,3,0,3,0,0,1,0,2,0,4,5,3,1,0,0,0,0,0,0,0,0,5,0,0,0,8,0,1,0,0,0,0,0,9,1,0,0,5,0,0,0,1,0,0
"Zotu40",3,5,14,4,6,8,43,59,17,11,0,20,1,3,6,7,17,3,41,365,18,186,8,9,3,57,267,58,24,8,561,154,258,223,142,10,8,18,11,6,325,88,727,9,63,96,40,2,250,9,9,8,55,86,12,2,5,303,47,6,38,7
"Zotu104",12,459,63,30,31,14,36,57,39,18,176,52,10,30,49,9,14,9,122,8,46,3,155,13,7,62,500,166,132,99,10,4,0,178,63,2,80,89,49,49,1,4,6,30,5,1,3,3,4,7,72,22,4,28,40,8,2,0,6,1,13,4
"Zotu865",1,4,5,1,2,2,60,3,0,1,0,1,3,2,0,196,2,2,1,1,2,0,0,4,2,3,3,2,3,0,0,0,0,0,0,0,0,0,0,0,0,0,0,0,0,0,0,0,0,0,0,0,0,1,0,0,0,0,0,0,0,0
"Zotu685",3,2,12,1,4,2,1,2,113,4,99,40,1,47,22,4,4,1,208,2,0,1,0,2,3,2,1,0,0,0,0,0,1,0,0,0,0,0,1,0,0,0,0,0,0,0,0,0,0,0,0,0,0,0,0,0,5,0,0,0,0,0
"Zotu68",7,39,68,11,6,13,22,148,141,17,8,126,6,144,79,62,34,157,8,671,44,11,10,3,12,20,11,86,38,134,10,420,8,38,5,135,5,69,3,135,9,93,9,1,13,10,6,6,5,6,20,57,32,84,1,2,1,4,0,1,3,26
"Zotu307",2,39,66,4,0,4,18,37,2,4,2,88,2,23,90,45,23,0,2,3,12,2,3,2,1,7,2,4,65,45,6,1,119,97,2,119,2,153,2,2,2,4,1,5,3,2,3,4,4,2,3,33,7,2,2,1,1,0,0,0,1,8
"Zotu118",5,23,37,9,5,8,6,119,60,23,165,55,2,29,22,8,4,6,30,7,3,10,18,3,11,37,170,160,87,140,7,107,190,7,205,7,80,127,4,144,5,177,156,4,7,4,2,7,5,9,27,12,21,103,2,6,2,6,3,2,4,10
"Zotu1276",3,0,0,22,84,1,0,1,1,1,0,0,1,1,1,5,15,2,0,0,2,0,1,0,0,0,0,0,0,7,0,0,0,0,0,0,0,0,0,0,0,0,0,6,1,0,0,0,0,0,0,0,0,1,0,0,0,84,0,0,0,0
"Zotu276",1,2,2,182,2,0,521,3,25,4,3,4,1,3,6,0,316,4,4,2,2,4,3,0,1,4,3,3,6,4,2,0,0,0,0,0,0,0,0,0,1,0,0,6,0,0,0,0,0,0,0,0,0,0,1,9,0,0,0,0,0,0
"Zotu428",7,8,9,1,5,7,5,27,29,8,2,73,0,42,13,1,7,2,1,15,82,3,3,1,3,7,4,0,32,43,3,4,2,2,2,9,34,35,13,1,6,84,3,1,90,1,2,8,1,2,2,36,22,50,1,2,0,6,0,3,4,42
"Zotu242",8,5,4,6,3,1,25,3,4,1,4,7,4,3,3,7,6,3,3,4,12,230,0,1,102,44,3,1,210,119,1,2,98,0,0,0,68,73,0,1,0,11,29,3,0,0,2,1,0,3,1,3,0,2,3,1,0,0,3,2,0,3
"Zotu54",3,8,17,4,11,3,2,47,4,6,4,38,2,3,7,2,9,4,3,5,21,255,2,699,4,32,71,2,0,4,106,261,211,80,389,639,5,7,7,2,4,47,6,2,224,5,7,107,4,169,182,11,66,57,3,5,5,4,2,7,9,9
"Zotu102",4,37,205,8,38,9,7,82,119,489,214,155,4,39,76,5,24,284,253,2,1,6,3,7,4,4,6,1,9,3,7,1,2,1,1,0,2,0,1,0,1,0,0,3,1,3,0,1,205,1,0,9,2,1,12,21,78,0,41,98,15,7
"Zotu5913",2,0,1,0,0,0,0,0,0,0,0,0,0,0,5,0,13,1,1,0,13,0,0,0,1,0,0,0,0,0,0,0,0,0,0,0,0,0,0,0,1,0,0,1,1,0,0,0,0,0,0,2,0,0,0,0,0,0,0,0,5,0
"Zotu232",3,79,6,1,5,6,23,45,50,21,2,66,6,41,14,2,3,13,33,2,36,6,5,0,14,6,10,2,4,7,0,6,4,6,14,7,9,3,6,7,10,9,4,2,102,79,98,6,178,218,46,21,26,38,1,2,2,4,5,1,65,56
"Zotu227",11,27,20,2,6,452,4,8,71,24,5,50,2,47,23,6,10,63,18,385,2,12,6,5,3,4,6,11,3,5,4,0,0,1,0,0,0,1,1,1,0,1,0,1,0,1,2,0,115,1,16,0,0,0,0,0,0,0,0,0,0,0
"Zotu1398",3,1,0,45,28,0,0,0,0,0,0,1,1,1,1,0,2,2,0,0,0,0,1,0,0,0,0,4,0,0,1,1,0,0,0,0,1,1,0,1,0,0,0,7,1,0,0,0,0,2,0,2,2,1,5,7,10,159,8,4,6,1
"Zotu11",20,28,70,14,42,19,15,69,24,10,23,35,13,36,27,20,11,42,29,14,11,616,304,31,84,60,673,598,242,168,438,493,228,255,396,529,464,225,284,710,89,534,124,19,23,175,263,178,57,142,160,22,21,18,32,19,83,30,50,261,68,39
"Zotu731",4,14,35,2,1,6,3,3,1,253,2,1,2,4,18,1,31,3,5,2,5,0,2,1,4,4,2,2,3,4,3,0,0,0,0,0,0,0,0,1,0,1,0,1,0,0,0,0,0,0,0,6,0,0,0,0,0,0,0,0,0,2
"Zotu4415",1,31,0,1,0,0,0,1,0,0,0,0,0,0,0,0,1,0,12,0,0,0,0,0,0,1,0,1,0,0,2,0,0,0,0,0,0,0,0,0,0,0,0,0,0,0,0,0,0,0,0,0,0,0,0,0,0,0,0,0,0,0
"Zotu393",4,0,4,0,3,6,6,3,4,1,1,5,1,3,2,2,3,6,2,3,2,91,3,3,5,1,0,63,181,82,44,5,1,27,2,7,9,23,70,66,2,96,0,3,1,2,2,0,0,2,1,1,1,1,3,4,2,3,2,5,5,0
"Zotu1396",1,0,0,7,4,0,1,0,0,0,0,1,0,0,0,1,4,0,0,0,0,0,0,0,0,25,0,0,0,1,0,2,0,0,0,0,0,0,0,1,0,0,0,7,1,0,1,0,3,0,2,0,0,0,0,0,4,52,63,11,18,5
"Zotu24",18,21,40,4,8,57,29,52,8,29,111,58,5,37,13,13,7,16,7,21,22,3,247,4,133,43,463,106,58,24,212,112,14,45,27,396,115,75,213,112,380,63,210,10,177,142,16,275,154,26,26,27,48,88,11,6,55,561,97,12,83,58
"Zotu1560",1,1,5,1,1,0,0,0,64,13,0,20,1,21,2,0,1,0,1,2,0,0,0,2,1,0,0,2,0,0,0,0,1,0,0,0,1,0,0,0,0,0,0,0,0,0,0,38,0,2,1,0,0,0,0,0,0,0,0,0,0,0
"Zotu3949",4,0,0,0,22,0,6,0,0,1,0,0,0,0,1,0,1,0,0,2,5,1,0,0,1,0,0,0,2,3,0,0,1,0,0,0,0,0,0,1,1,0,0,3,0,2,0,0,0,0,0,0,4,1,0,1,1,0,0,1,17,0
"Zotu1270",2,0,0,16,217,0,1,0,1,0,0,3,3,0,0,0,0,0,0,0,1,1,0,0,0,1,1,0,0,0,0,0,0,0,0,0,0,0,0,0,0,0,0,0,0,0,0,0,0,0,0,0,0,0,0,0,0,0,0,0,0,0
"Zotu219",7,2,7,3,6,5,7,0,5,3,5,4,3,6,8,1,6,3,2,7,4,2,4,402,5,1,10,51,93,121,85,171,1,22,1,8,86,3,211,18,3,4,1,2,3,9,1,4,5,3,2,5,1,2,5,4,5,6,1,2,4,5
"Zotu764",5,18,9,2,1,0,138,45,1,2,1,65,2,1,14,1,2,3,1,0,9,1,0,1,0,1,1,2,2,3,0,3,0,4,1,2,3,0,0,3,0,2,6,0,3,0,1,0,0,0,21,47,5,8,0,0,0,0,0,0,2,32
"Zotu521",1,1,3,1,0,3,1,0,24,5,23,1,1,9,2,0,0,9,15,1,0,1,1,1,0,0,0,1,1,1,2,5,0,1,1,0,0,1,2,0,4,1,2,0,0,132,94,8,0,126,47,0,0,3,1,1,3,0,1,0,2,1
"Zotu1910",3,0,0,0,0,0,0,0,0,0,1,21,0,0,0,0,1,0,0,0,0,0,0,0,0,0,0,0,0,0,0,0,2,1,2,0,19,23,20,0,0,35,0,0,1,0,1,0,0,1,0,5,0,0,1,1,0,0,0,3,0,0
"Zotu1686",2,0,0,0,0,1,1,0,1,0,105,0,0,0,11,0,2,0,0,0,0,0,0,0,0,0,0,0,1,1,0,0,0,0,0,0,0,0,0,0,0,0,0,0,0,0,0,0,0,0,0,0,0,0,0,0,0,0,0,0,0,0
"Zotu2344",1,1,0,4,20,0,0,0,0,0,0,0,0,0,0,0,25,0,0,1,0,1,0,0,0,0,0,0,0,1,0,4,0,0,0,1,1,2,1,0,0,0,0,61,0,0,0,0,0,0,0,0,1,0,0,0,0,0,0,2,0,0
"Zotu1183",2,1,6,8,2,0,2,0,0,0,1,0,3,1,1,0,1,0,1,1,1,97,0,84,0,0,1,0,5,15,1,0,3,1,0,0,6,0,17,0,1,0,0,9,0,0,0,0,0,0,0,2,0,0,0,0,0,0,0,0,0,3
"Zotu355",9,34,49,4,2,5,327,56,4,73,3,3,5,64,41,12,8,2,0,2,17,3,4,6,3,2,12,5,5,8,3,0,1,2,3,0,0,0,2,1,2,1,0,2,1,3,1,0,2,2,2,41,13,28,3,0,2,1,0,1,23,56
"Zotu1488",1,0,0,0,76,1,1,1,1,1,2,2,1,6,1,0,4,3,2,1,4,0,2,1,1,0,1,1,0,2,0,1,0,2,0,1,0,0,0,0,0,0,1,11,1,1,1,0,1,0,2,0,1,0,0,1,1,52,1,4,23,0
"Zotu237",4,11,32,2,3,241,3,3,0,2,1,1,1,3,1,5,2,5,0,28,1,1,7,1,2,4,1,3,68,12,3,2,2,51,62,5,2,27,28,32,4,51,3,3,1,118,5,30,110,3,59,6,2,16,7,2,3,94,16,17,5,1
"Zotu1322",1,2,20,1,2,0,1,0,1,1,0,0,0,0,19,1,1,0,0,0,0,0,1,0,0,0,0,0,0,0,0,0,2,0,0,2,2,0,0,0,0,1,0,0,2,0,1,0,0,0,1,33,32,18,0,0,0,0,0,1,0,21
"Zotu99",6,48,35,53,8,5,2,5,102,53,3,30,6,45,24,4,63,96,8,5,10,245,3,5,5,9,7,113,195,32,6,4,4,193,3,5,130,28,90,22,2,37,167,106,5,5,5,171,4,2,184,26,40,71,16,9,0,3,4,10,3,45
"Zotu3442",1,1,0,0,0,0,19,0,0,2,0,0,0,0,0,0,0,0,1,0,19,0,0,0,0,0,0,0,0,0,1,0,1,0,0,1,0,0,0,1,0,1,0,0,0,0,0,0,0,0,0,8,0,0,0,0,0,0,0,0,0,0
"Zotu73",10,58,47,6,8,3,13,91,22,9,35,49,9,64,16,5,13,9,5,2,180,5,8,8,227,14,222,60,30,410,79,172,179,106,5,1,50,35,10,11,4,65,8,8,98,43,1,7,8,5,52,178,118,135,5,4,4,3,4,4,13,272
"Zotu488",1,1,2,1,2,0,1,4,2,1,0,2,1,2,1,1,1,0,1,3,1,4,1,2,0,1,1,3,155,10,156,109,1,0,0,0,0,45,0,1,0,0,0,0,0,1,0,2,0,0,0,4,2,1,0,0,0,1,2,0,0,1
"Zotu504",1,0,11,1,6,5,3,1,41,120,164,31,0,6,4,3,1,3,45,2,1,3,4,0,1,3,5,4,1,3,2,0,1,1,1,0,0,0,0,0,0,0,0,2,0,76,0,0,0,0,0,1,0,0,1,1,1,1,0,0,0,0
"Zotu3925",1,0,0,2,0,2,6,4,0,9,0,0,0,1,5,0,28,2,0,1,2,0,0,0,0,0,0,0,0,0,0,0,0,0,0,0,0,0,0,0,0,0,0,3,0,0,0,0,0,0,0,0,0,0,0,0,0,0,0,0,0,0
"Zotu1441",2,3,2,45,50,2,5,0,1,3,1,4,1,1,3,1,43,1,1,1,14,0,1,0,0,4,0,0,6,1,0,0,2,0,0,0,0,1,0,0,0,0,0,30,1,0,0,0,0,0,0,0,0,0,0,0,0,0,0,1,0,0
"Zotu3521",1,0,1,1,1,6,0,1,1,61,0,1,0,2,0,4,0,0,1,2,1,0,0,0,0,0,1,0,0,0,0,0,0,0,0,0,0,0,0,0,0,0,0,2,0,0,0,0,0,0,0,0,0,0,3,0,0,0,0,0,0,0
"Zotu284",2,53,7,15,0,3,275,4,2,6,3,11,5,4,69,6,27,1,1,3,10,7,4,2,5,7,3,3,88,251,6,0,2,1,1,2,1,69,3,1,1,1,0,0,0,0,4,0,0,1,1,45,41,2,0,0,1,0,1,0,0,58
"Zotu1549",6,3,4,0,175,0,1,2,0,1,1,4,1,2,2,0,2,1,2,1,0,2,2,1,1,3,13,3,4,1,2,0,0,0,0,0,0,0,0,0,0,0,0,0,0,0,0,0,0,0,0,0,0,0,0,0,0,0,0,0,0,0
"Zotu1104",1,0,5,0,2,2,0,0,0,0,0,41,0,0,1,1,0,0,0,0,0,0,0,0,1,0,0,0,1,1,2,1,1,2,1,1,2,0,2,6,2,1,0,4,0,3,25,1,50,0,77,4,36,0,0,2,1,1,1,2,23,3
"Zotu186",2,16,79,9,6,8,3,39,46,7,164,161,1,5,43,6,16,195,97,4,4,3,3,6,2,4,2,4,9,10,2,4,2,5,7,4,2,7,4,2,2,3,5,4,5,5,2,1,2,4,142,11,6,2,8,36,23,1,40,195,76,17
"Zotu101",8,27,32,3,5,3,7,85,76,5,118,39,6,33,8,1,6,14,85,5,29,2,10,2,22,1,159,169,19,28,49,5,187,74,35,56,176,99,88,157,2,214,209,7,4,20,32,2,6,2,44,13,5,26,9,25,114,13,9,43,30,5
"Zotu477",3,131,112,12,2,3,136,106,28,60,3,6,4,0,12,11,31,3,6,9,18,3,1,1,1,0,0,3,1,5,6,0,2,0,0,0,0,0,0,0,0,0,0,1,0,0,0,0,0,0,0,6,1,1,0,0,0,0,0,0,20,1
"Zotu906",1,2,1,2,3,0,2,1,2,28,2,0,0,19,17,0,18,78,2,1,42,0,0,0,2,2,2,1,1,3,1,0,1,1,1,2,1,1,4,0,1,1,0,1,0,2,2,0,0,4,1,18,37,23,0,0,0,1,2,1,1,10
"Zotu378",3,5,46,0,1,1,1,18,32,2,0,62,0,18,23,1,4,167,1,4,0,0,6,1,3,2,1,6,1,3,3,3,2,1,1,3,2,1,0,7,1,3,5,0,3,2,1,12,1,0,279,7,83,66,2,2,0,3,3,1,6,9
"Zotu53",16,16,44,5,16,8,10,30,49,6,6,35,4,25,91,11,14,344,2,9,56,7,271,1,7,7,122,215,201,146,298,525,19,189,97,155,159,206,57,89,11,124,8,10,13,9,66,11,101,14,105,63,172,168,6,9,10,5,11,8,9,12
"Zotu3704",1,0,0,0,0,0,0,0,17,0,1,0,0,0,3,0,3,0,0,0,0,0,0,0,2,0,0,0,0,1,0,0,0,1,0,0,0,33,1,0,0,0,0,2,1,0,0,0,0,0,0,0,0,0,0,0,0,0,0,0,1,0
"Zotu2811",1,1,4,3,10,0,9,0,2,16,0,0,2,22,3,0,16,0,1,1,0,0,1,0,1,0,0,0,3,1,1,0,1,0,0,0,0,0,0,0,0,1,0,8,0,0,0,0,0,0,0,1,0,0,0,0,0,0,1,0,0,7
"Zotu980",7,28,13,0,2,0,0,0,85,0,3,8,0,0,3,0,3,1,28,13,2,0,0,0,1,1,2,0,3,1,1,0,0,0,1,0,0,0,1,1,0,0,0,0,0,0,41,0,18,0,0,0,2,2,0,0,0,0,0,1,1,0
"Zotu803",2,0,1,300,21,1,3,1,2,2,2,3,2,1,0,2,1,2,1,2,1,3,1,3,3,4,2,2,0,1,1,0,0,0,0,0,0,0,0,0,0,0,0,0,0,0,0,0,0,0,0,0,0,0,0,0,0,0,0,0,0,0
"Zotu12",15,507,292,24,21,15,241,867,237,667,66,105,59,288,277,31,32,105,43,24,45,17,27,19,535,94,271,611,81,161,300,29,159,160,200,15,569,205,128,451,43,810,396,13,275,17,205,29,102,458,89,247,84,212,9,4,12,7,3,12,13,218
"Zotu5900",2,0,1,8,1,0,0,0,0,1,0,1,0,0,3,0,8,0,0,0,0,0,0,0,0,0,0,0,0,0,2,0,0,1,0,1,0,0,1,0,1,0,0,41,0,0,1,0,0,0,0,1,4,0,5,1,0,0,0,0,1,1
"Zotu167",7,11,10,23,56,12,10,56,66,364,44,23,0,134,19,5,49,6,46,10,4,4,6,2,10,6,4,3,11,7,6,112,8,7,2,8,3,10,2,3,3,31,4,6,2,228,189,6,3,3,4,11,4,2,5,2,4,4,24,50,124,55
"Zotu3622",1,0,0,1,0,1,1,0,0,0,0,0,0,23,2,0,5,0,0,1,9,1,1,0,0,0,0,0,0,0,1,0,0,0,0,0,0,0,0,0,0,0,0,0,0,0,0,0,0,0,0,0,0,0,0,0,0,0,0,0,0,0
"Zotu5772",1,0,0,8,3,0,0,0,0,0,1,0,0,0,0,0,7,0,0,0,0,0,1,0,0,0,0,0,0,1,0,0,0,0,0,0,0,0,0,0,0,0,0,3,0,0,0,0,0,0,0,0,0,0,0,0,0,0,0,0,0,0
"Zotu2514",3,14,0,0,1,1,0,25,0,0,2,0,1,0,4,0,2,0,0,0,11,0,0,0,0,0,0,2,0,17,0,0,0,0,0,0,2,4,0,0,0,0,2,0,0,0,0,0,0,0,0,5,0,0,0,0,0,0,0,0,0,4
"Zotu4123",4,0,0,0,99,0,0,0,1,0,1,1,0,1,7,0,0,0,0,4,0,1,2,0,2,1,0,1,1,1,0,0,0,0,0,0,0,0,0,0,0,0,0,0,0,0,0,0,0,0,0,0,0,0,0,0,0,0,0,0,0,0
"Zotu6310",3,0,5,10,41,0,0,2,0,1,0,0,0,1,2,0,2,0,0,2,1,0,0,0,0,0,2,0,0,0,0,0,0,0,0,0,0,0,0,0,0,0,0,9,0,0,0,0,0,0,0,0,0,0,0,3,0,0,1,0,0,0
"Zotu5357",1,0,0,6,0,0,0,0,0,0,0,0,0,0,2,0,8,0,1,0,0,0,0,0,0,0,0,0,0,0,0,0,0,0,0,0,0,0,0,0,1,0,0,0,0,0,0,0,0,0,0,0,0,5,0,0,0,0,0,0,0,0
"Zotu322",1,1,1,0,5,3,0,0,7,1,2,2,2,0,3,1,2,0,0,1,29,242,2,2,1,3,2,2,26,34,4,1,1,0,3,381,1,99,1,1,1,35,0,1,1,1,1,0,0,0,1,1,1,2,0,0,1,1,0,1,0,0
"Zotu2012",4,0,4,3,22,4,1,1,4,21,12,2,0,67,5,4,4,0,14,1,4,4,2,2,2,0,1,0,3,1,0,2,1,0,0,1,1,1,0,3,0,1,0,32,0,0,0,0,0,0,0,0,0,1,0,4,0,0,0,1,1,0
"Zotu549",2,1,2,0,1,0,4,4,2,2,1,2,1,0,0,1,5,2,0,2,0,0,0,120,1,0,0,72,144,2,2,0,1,1,35,1,18,2,5,43,1,45,2,0,2,0,0,1,1,3,3,1,21,7,1,1,3,1,86,1,0,2
"Zotu416",6,4,21,11,2,7,8,68,14,102,0,5,2,45,9,1,4,5,34,4,2,2,6,1,0,3,94,1,39,17,2,0,0,0,5,0,35,3,1,36,4,67,1,0,2,87,2,29,2,3,36,10,4,49,1,1,4,1,1,0,2,12
"Zotu187",11,3,10,3,3,3,411,7,2,2,4,6,4,5,10,523,12,5,5,8,7,8,6,3,6,6,5,11,16,22,136,1,0,3,1,1,38,101,5,78,2,1,2,2,1,0,2,0,1,0,0,0,0,0,0,0,0,3,0,0,10,5
"Zotu1205",5,0,1,2,232,0,3,1,0,1,4,2,1,1,2,3,1,4,0,2,7,0,2,3,3,3,1,0,1,1,0,0,0,0,0,0,0,0,0,0,0,0,0,0,0,0,0,0,0,0,0,0,0,0,0,0,0,0,0,0,0,0
"Zotu2658",1,2,1,31,1,0,15,4,0,4,0,1,2,0,2,0,8,0,0,0,1,1,1,0,1,0,0,2,1,5,0,0,0,0,1,0,0,0,1,1,0,0,0,3,1,0,0,0,1,0,1,2,0,0,0,0,0,0,1,0,0,5
"Zotu2262",1,0,0,1,0,1,1,0,1,0,9,2,0,7,2,0,0,3,2,1,0,0,1,0,2,0,0,9,15,9,0,0,6,1,1,0,10,0,9,4,1,6,0,0,0,0,0,1,1,1,1,0,0,0,0,0,0,0,0,0,0,0
"Zotu181",3,38,36,3,3,1,2,3,38,1,1,11,3,3,4,1,3,5,13,3,19,2,7,213,372,84,1,3,0,0,101,253,153,3,2,2,15,4,26,2,292,2,230,8,2,1,118,1,5,2,56,4,95,64,6,5,1,141,2,2,2,4
"Zotu2382",1,1,0,0,0,1,0,0,0,0,1,0,0,0,0,0,0,0,0,0,0,0,1,0,72,0,0,0,0,0,0,0,0,0,0,0,0,0,0,0,0,0,0,0,0,0,0,0,0,0,0,0,0,0,0,0,0,0,0,0,0,0
"Zotu137",6,84,33,5,5,6,21,6,17,10,3,8,15,91,157,4,37,9,4,6,230,7,383,12,4,12,14,8,86,178,10,7,9,6,6,3,2,7,3,5,11,39,4,3,6,3,5,5,5,6,3,327,47,96,0,2,1,0,1,1,3,53
"Zotu631",2,2,16,141,2,4,30,2,5,13,1,4,5,20,9,1,16,62,4,4,32,3,2,2,3,1,2,2,4,1,2,0,0,1,0,0,1,0,0,1,0,0,0,19,0,0,0,0,0,0,0,2,0,0,0,0,0,0,0,0,0,29
"Zotu37",26,81,234,13,29,38,22,178,294,1112,55,220,10,206,170,22,55,77,40,535,19,24,26,5,10,12,14,18,15,16,20,5,4,2,3,6,6,4,1,3,4,6,6,6,5,181,223,413,362,153,111,9,1,1,8,2,3,6,2,13,21,8
"Zotu451",6,0,16,8,13,7,1,2,17,66,26,19,0,3,5,12,6,3,2,437,8,1,3,1,2,3,2,1,2,2,4,0,0,0,0,0,0,1,0,0,0,0,0,0,0,0,0,0,0,0,0,0,1,0,16,3,0,1,0,0,0,0
"Zotu4699",2,0,0,0,0,0,0,0,39,1,0,1,0,1,1,0,0,1,3,0,0,0,1,0,0,1,0,0,0,0,1,0,0,0,0,0,0,0,0,0,0,0,0,0,0,1,0,0,0,0,0,0,0,0,0,0,0,0,0,1,0,0
"Zotu1605",1,0,0,0,2,1,1,0,0,0,0,41,0,0,0,0,0,0,0,76,0,0,0,0,0,0,1,0,4,0,0,0,0,1,0,1,0,0,0,0,0,0,2,7,1,2,0,0,0,0,1,0,10,14,0,0,0,0,0,6,0,0
"Zotu2154",1,1,0,24,6,5,1,23,4,0,0,0,0,1,2,1,0,1,0,2,0,0,1,0,0,0,1,1,0,0,0,0,1,2,0,0,0,0,0,0,0,0,0,3,2,1,0,0,0,0,0,0,0,0,6,32,0,0,15,2,2,3
"Zotu2273",2,0,1,1,105,0,0,0,0,1,1,0,1,1,1,0,1,0,1,1,1,0,1,0,1,0,0,1,3,0,0,0,0,0,0,0,0,0,0,0,0,0,0,0,0,0,0,0,0,0,0,0,0,0,2,6,0,0,0,0,1,0
"Zotu1228",1,1,0,1,0,0,2,1,1,5,0,0,1,0,13,0,0,1,1,0,0,0,1,0,2,0,0,0,1,1,1,1,3,4,4,0,0,2,1,1,5,1,1,0,5,3,1,5,1,3,2,130,2,41,0,1,0,0,1,3,0,54
"Zotu2116",1,0,4,0,2,0,2,0,1,0,0,0,0,0,7,1,8,1,1,0,12,1,0,0,0,0,0,1,23,0,0,0,1,31,0,2,0,0,0,0,1,0,1,5,2,0,1,0,1,1,1,0,0,0,0,0,0,1,1,0,0,17
"Zotu1968",2,1,1,2,82,0,0,1,0,0,0,1,0,1,0,0,3,1,1,0,1,0,1,0,0,1,2,0,1,1,0,0,0,0,0,0,0,0,0,0,0,0,0,0,0,0,0,0,0,0,0,0,0,0,0,0,0,0,0,0,0,0
"Zotu1614",2,2,0,25,38,1,0,3,9,0,0,25,2,1,4,0,10,0,0,2,1,0,0,0,1,1,2,1,0,2,0,0,0,0,0,0,0,0,0,0,0,0,0,0,0,0,0,0,0,0,0,0,0,0,0,0,0,0,0,0,0,0
"Zotu168",3,6,13,24,12,4,5,339,14,3,2,56,1,52,60,363,77,2,6,5,70,7,2,222,6,4,2,4,3,8,8,2,3,2,2,3,0,2,5,1,2,1,0,2,124,1,3,0,4,7,0,102,23,3,4,2,2,1,2,2,21,122
"Zotu1734",1,42,4,8,5,0,1,1,15,0,0,10,1,2,14,0,0,1,0,1,2,0,0,0,2,1,0,0,0,1,2,1,1,0,0,0,0,1,0,1,1,0,0,0,0,0,1,0,0,1,0,5,0,1,35,7,0,0,0,3,0,5
"Zotu39",9,62,20,4,7,22,18,34,4,6,25,71,6,3,11,6,10,56,2,207,25,10,5,568,10,9,158,3,22,4,240,88,1,99,77,8,25,41,6,29,923,3,7,4,116,7,26,33,29,2,25,20,7,5,4,7,17,2,12,7,13,13
"Zotu642",4,4,1,0,3,0,1,2,2,2,4,3,463,2,1,4,2,0,2,0,1,1,1,2,2,7,2,2,2,1,8,0,0,0,0,0,0,0,0,0,0,0,0,0,0,0,0,0,0,0,0,0,0,0,0,0,0,0,0,0,0,0
"Zotu3163",2,0,0,18,4,0,1,0,0,0,34,0,0,0,0,0,1,0,0,0,0,0,0,0,0,0,0,0,0,0,0,0,0,0,0,0,0,0,0,0,0,0,0,1,0,0,0,0,0,0,0,0,0,0,0,0,0,0,0,0,0,0
"Zotu2284",4,0,4,10,4,1,0,1,0,3,1,1,0,0,14,2,13,1,0,0,24,0,1,1,0,1,0,0,0,10,1,0,0,2,0,1,1,0,1,0,1,0,0,10,35,1,1,1,0,1,1,27,1,7,0,0,0,0,1,0,0,6
"Zotu21",13,467,48,38,56,25,27,147,85,14,264,86,12,91,45,19,20,123,174,21,16,18,16,194,295,19,242,206,46,218,343,103,50,115,96,116,126,227,298,201,9,328,145,18,30,140,13,55,139,160,125,27,53,46,301,98,61,170,31,13,36,60
"Zotu2586",1,0,0,0,1,1,0,0,0,5,0,0,0,24,8,0,7,1,2,0,12,2,1,0,0,0,0,0,1,0,0,0,0,0,0,0,0,0,0,1,0,0,0,0,1,0,0,0,2,0,0,10,0,0,0,1,0,0,0,0,0,3
"Zotu87",3,35,52,6,13,10,47,28,123,8,72,15,5,81,50,5,15,111,51,4,19,139,9,4,3,71,4,57,159,175,134,182,3,167,13,133,53,28,32,7,9,18,112,8,4,75,49,19,35,120,34,30,30,5,5,8,16,3,98,370,91,11
"Zotu2576",2,0,0,4,0,0,37,0,0,0,0,0,0,1,5,2,10,0,0,0,7,1,0,1,0,1,0,0,0,0,0,1,0,0,0,0,0,0,2,0,0,2,0,1,0,0,0,0,0,0,0,0,0,0,0,1,0,0,0,0,2,23
"Zotu4852",1,0,0,0,3,0,0,1,6,0,0,1,0,0,2,0,0,29,0,0,0,0,0,0,0,0,0,0,0,0,1,0,0,0,0,0,0,0,0,0,0,0,0,0,0,0,0,0,0,0,0,0,0,0,0,0,0,0,0,0,0,0
"Zotu5369",1,0,0,0,1,0,0,0,0,4,0,0,0,0,1,0,0,0,0,0,1,0,0,2,0,0,0,0,7,0,0,0,1,0,0,0,0,0,0,0,0,0,0,0,0,0,0,1,0,0,0,0,0,1,4,0,0,0,1,1,23,10
"Zotu2957",1,0,1,3,5,1,1,0,1,1,1,0,0,0,0,0,11,1,0,0,0,0,0,0,0,0,0,0,0,0,0,0,1,1,0,0,0,0,0,0,0,0,0,4,66,0,1,1,0,0,0,1,1,0,0,0,1,0,0,0,1,2
"Zotu3734",1,0,0,0,18,0,0,0,0,0,0,0,0,0,0,0,0,0,0,0,0,0,0,2,0,0,0,0,0,0,0,0,0,1,1,0,0,1,1,0,0,0,0,0,0,0,0,1,0,0,0,0,0,0,48,0,0,0,0,5,0,1
"Zotu1013",2,2,3,0,5,134,1,0,3,108,0,0,2,2,0,2,3,3,0,0,2,2,1,0,2,2,2,3,1,1,0,0,0,0,0,0,0,0,0,0,0,0,0,0,0,0,0,0,0,0,0,0,0,0,0,0,0,0,0,0,0,0
"Zotu998",4,1,7,2,1,6,10,15,10,0,3,5,3,30,5,18,0,1,0,0,12,1,2,0,108,0,0,0,5,1,1,0,0,1,0,0,1,1,2,1,0,0,0,0,20,0,0,3,0,0,3,10,9,1,0,0,0,0,0,0,25,3
"Zotu3371",1,1,0,21,24,0,58,0,1,0,1,0,1,0,0,1,13,1,0,2,0,1,1,0,0,1,4,1,1,0,0,0,0,0,0,0,0,0,0,0,0,0,0,13,0,0,0,0,0,0,0,0,0,0,0,0,0,0,0,1,0,0
"Zotu2258",1,0,10,0,1,0,1,1,8,0,0,50,0,15,5,0,9,3,0,2,0,2,0,0,0,1,0,1,0,0,0,0,0,0,0,0,0,0,0,0,0,0,0,0,0,0,0,0,0,0,0,5,0,0,0,0,0,0,0,0,0,0
"Zotu5700",1,0,0,7,0,0,0,0,0,3,7,0,0,1,4,0,0,0,0,0,13,1,1,0,0,0,0,0,9,0,0,0,0,0,0,0,12,0,0,0,0,0,0,0,0,0,1,0,0,0,0,3,0,14,0,0,1,1,0,0,0,0
"Zotu1672",1,0,0,0,15,2,10,1,1,7,0,0,0,0,0,101,0,0,0,0,0,0,0,0,0,0,0,0,0,0,2,0,0,0,0,0,0,0,0,0,0,0,0,1,0,0,0,0,0,0,0,0,0,0,0,0,0,0,0,0,0,0
"Zotu3632",2,4,9,9,44,1,2,0,0,0,0,2,0,0,4,1,2,0,0,0,2,0,0,0,0,1,1,0,1,0,0,0,0,0,0,0,0,0,0,1,0,0,1,7,0,1,0,0,1,0,0,0,0,0,4,7,8,0,0,0,1,0
"Zotu4774",1,1,0,0,0,0,0,19,0,0,0,0,0,0,0,0,0,0,0,0,0,0,0,0,0,0,0,0,0,0,0,0,0,0,1,0,0,0,0,1,0,0,0,1,0,0,0,0,0,0,0,12,1,10,0,0,0,0,0,0,0,8
"Zotu5146",1,0,0,0,1,0,0,0,0,0,0,36,0,0,5,0,0,0,0,0,0,0,0,0,1,0,0,0,0,0,0,0,0,0,0,0,0,0,0,0,0,0,0,0,0,0,0,0,0,0,0,2,0,0,0,0,0,0,0,0,0,0
"Zotu797",1,0,0,0,1,1,0,3,1,0,0,0,0,2,1,2,3,0,1,1,0,0,0,0,0,2,26,17,51,12,0,1,0,1,146,0,1,0,1,0,0,0,0,0,1,2,0,0,0,3,1,1,2,0,0,0,0,0,0,0,3,0
"Zotu1448",2,8,7,5,13,2,0,15,4,6,19,27,0,1,6,3,5,47,12,1,1,0,1,2,1,1,2,0,4,0,1,0,0,1,0,0,0,0,0,1,0,0,0,10,0,0,0,0,0,0,0,0,0,0,0,11,0,0,0,0,1,7
"Zotu3301",3,0,0,0,0,0,0,0,0,1,0,0,1,0,0,0,0,0,0,0,1,0,0,0,2,51,0,0,0,0,0,0,0,0,0,0,0,0,0,0,0,0,0,0,0,0,0,0,0,0,0,0,0,0,0,0,0,0,0,0,0,0
"Zotu1997",2,0,0,3,0,0,0,1,13,1,0,19,0,0,4,1,0,15,0,0,0,0,5,0,0,0,1,2,0,0,0,0,0,1,2,0,0,0,1,1,0,0,0,1,3,0,0,0,0,0,1,6,0,1,15,13,11,0,2,99,9,5
"Zotu3146",1,0,0,12,0,0,18,0,0,0,0,0,0,1,2,0,11,0,0,0,0,1,0,0,1,1,0,2,0,0,1,0,0,0,0,1,0,0,0,0,1,0,0,11,2,1,3,1,0,0,0,0,0,0,0,0,0,2,0,1,24,16
"Zotu146",10,16,33,17,6,288,130,41,30,297,7,6,6,15,14,757,45,6,12,8,5,7,11,9,11,26,18,9,12,13,13,1,0,1,2,4,1,2,0,2,2,12,0,7,1,7,2,1,2,5,3,32,7,2,1,0,1,0,1,2,1,0
"Zotu2169",2,0,0,0,1,1,0,0,0,1,0,1,0,1,0,0,0,0,0,0,0,87,0,0,0,1,0,0,0,0,0,0,1,0,1,0,0,0,0,34,0,0,0,0,0,0,1,0,0,2,0,0,0,0,0,0,0,0,0,0,0,1
"Zotu1654",1,1,11,4,4,4,2,16,10,3,18,2,0,47,0,0,2,0,21,0,0,0,3,0,1,3,0,3,1,0,0,0,0,1,0,0,1,0,0,0,0,0,0,0,0,0,0,0,0,0,0,0,0,0,0,0,0,0,0,0,0,0
"Zotu538",6,1,23,78,44,12,27,3,1,26,3,3,5,18,9,0,47,5,6,2,37,3,2,1,1,1,2,3,0,22,0,0,1,0,0,0,1,0,0,0,0,0,0,14,0,0,0,0,0,0,2,4,0,4,0,0,0,2,0,0,16,14
"Zotu5836",2,0,0,2,0,0,0,0,0,0,0,34,0,0,0,0,0,0,0,2,0,0,0,1,0,1,0,0,0,0,0,0,0,0,0,0,0,0,0,0,0,0,0,4,0,0,0,0,0,0,0,3,0,0,0,0,0,0,0,0,0,0
"Zotu881",2,0,46,2,2,1,2,0,32,0,1,0,1,3,13,0,27,156,2,2,0,0,1,0,3,0,1,0,2,0,1,0,0,0,1,1,0,0,1,0,1,0,0,0,0,0,0,0,0,0,0,32,0,0,0,0,0,1,0,0,0,19
"Zotu5830",1,0,0,0,0,1,0,0,0,0,0,0,0,0,0,0,1,0,0,0,0,0,0,0,1,0,28,0,0,0,0,0,0,0,0,0,0,0,0,0,0,0,0,0,0,0,0,0,0,0,0,0,0,0,0,0,0,0,0,0,0,0
"Zotu2105",2,0,0,7,0,2,2,0,7,1,1,0,1,0,1,0,74,1,0,0,12,1,0,0,0,0,0,0,0,0,0,0,0,0,0,0,0,0,0,0,0,0,0,1,0,0,0,0,0,0,0,0,0,0,0,0,0,0,0,0,0,0
"Zotu2200",1,0,0,17,7,1,2,0,0,0,0,1,1,0,0,1,49,0,0,3,1,1,0,0,0,0,2,0,0,0,5,0,0,1,0,0,0,0,0,0,0,0,0,10,0,0,0,0,0,0,0,0,0,0,0,0,0,0,0,0,0,0
"Zotu55",8,28,32,7,6,28,12,48,15,19,50,89,10,73,5,6,7,110,3,348,4,5,12,378,314,41,262,29,7,6,122,79,657,5,2,3,1,42,8,42,369,71,100,4,1,5,3,6,46,239,1,7,4,22,12,12,43,3,15,13,17,13
"Zotu4400",1,0,0,0,0,0,0,0,1,0,8,1,0,0,0,0,0,0,0,0,0,0,0,0,0,2,0,0,5,13,0,0,0,0,0,0,0,0,12,0,1,1,0,0,0,0,0,1,0,0,0,0,0,0,1,3,0,0,0,0,1,0
"Zotu1995",5,1,1,48,19,0,6,1,1,1,0,0,0,1,3,1,5,22,1,0,0,0,0,2,2,0,5,1,0,0,2,1,0,0,1,1,1,2,3,1,1,0,1,5,21,0,3,0,0,0,0,4,1,0,4,1,2,0,8,18,1,7
"Zotu3570",1,0,0,5,6,0,1,0,0,0,0,0,0,0,0,0,2,0,25,0,2,0,0,1,0,0,0,0,0,0,0,0,0,0,0,0,0,0,0,0,0,0,0,2,0,0,0,0,0,0,1,9,0,0,37,0,0,0,0,0,0,0
"Zotu1344",2,0,1,29,119,1,0,1,2,1,2,6,3,1,4,0,4,3,0,5,1,2,3,0,0,0,1,1,1,3,5,0,0,0,0,0,0,0,0,0,0,0,0,3,0,0,0,0,0,1,0,0,0,0,0,1,0,0,0,0,0,0
"Zotu212",17,11,7,12,6,541,47,14,7,16,11,4,9,8,4,771,5,3,12,8,9,12,12,4,10,7,15,11,13,11,7,0,0,0,0,0,0,0,0,0,0,0,0,0,0,0,0,0,0,0,0,0,0,0,0,0,0,0,0,0,0,0
"Zotu5195",2,0,2,0,47,0,0,1,0,2,0,1,0,0,5,0,1,2,1,1,1,1,1,0,0,1,1,0,0,2,0,0,0,1,0,0,0,0,1,1,0,0,0,0,0,0,1,0,0,0,0,0,0,0,15,11,0,1,0,0,0,0
"Zotu174",13,551,105,20,22,9,39,75,31,12,86,68,8,96,189,15,8,43,45,14,20,5,7,7,10,6,10,12,23,20,9,21,2,0,1,4,1,1,5,0,1,2,0,1,1,3,1,2,1,1,3,65,23,168,0,0,0,1,3,2,1,25
"Zotu3084",2,0,6,1,4,0,0,1,0,0,0,0,0,0,3,0,2,50,22,2,1,1,1,0,2,0,0,0,0,1,0,0,0,0,0,0,0,0,0,0,0,0,0,0,0,0,0,0,0,0,0,0,0,0,0,0,0,0,0,0,0,0
"Zotu912",1,0,1,1,1,0,0,0,1,0,12,0,0,0,1,0,0,0,0,1,0,1,2,2,0,0,133,0,0,52,0,0,1,0,1,0,1,1,0,0,1,1,1,2,1,89,1,2,1,0,0,1,0,42,17,2,5,0,2,46,16,1
"Zotu1823",1,42,1,1,1,0,0,0,0,0,0,0,0,0,3,0,5,0,0,0,0,0,0,0,0,0,0,0,0,0,0,0,1,94,0,0,0,0,0,1,1,0,0,1,1,0,0,1,0,0,0,8,0,0,1,0,0,0,0,0,1,10
"Zotu1642",1,0,0,1,1,1,0,1,0,1,1,1,1,3,1,0,15,0,0,0,47,1,0,0,0,0,0,1,1,0,1,0,0,0,1,1,0,55,1,0,1,0,0,1,0,0,0,0,2,1,0,22,0,0,1,1,0,2,0,0,0,10
"Zotu421",2,12,13,2,3,6,4,12,4,5,0,20,6,26,56,1,44,2,0,0,61,3,8,4,3,2,4,0,5,105,261,1,0,0,1,2,1,1,1,28,1,11,0,3,3,1,0,1,2,1,0,28,2,54,1,0,1,1,1,0,1,9
"Zotu243",4,6,100,5,3,4,3,46,125,3,89,110,1,82,64,6,2,105,43,4,2,1,2,2,5,3,4,69,7,4,6,2,2,2,1,1,1,0,18,13,2,4,3,0,1,0,113,225,124,0,34,2,4,5,0,2,3,3,1,21,14,1
"Zotu576",2,3,3,2,2,4,3,4,3,0,1,2,1,2,2,5,2,1,1,0,412,6,3,4,5,2,2,3,5,23,0,0,0,0,0,0,0,0,0,0,1,0,0,0,0,0,0,0,0,0,0,12,0,0,0,0,0,0,0,0,0,0
"Zotu340",5,2,62,2,7,7,6,35,102,2,6,44,2,16,22,4,5,179,6,296,4,3,6,4,3,4,5,1,8,6,5,1,1,3,2,1,1,0,1,0,0,1,2,1,1,1,0,48,1,116,0,0,2,0,0,1,0,0,1,1,1,0
"Zotu896",5,2,0,1,2,4,2,2,2,2,0,2,0,2,2,0,1,3,2,1,1,3,1,103,3,33,31,64,4,11,0,0,0,1,61,0,1,13,0,0,0,0,0,1,0,0,0,0,0,0,0,1,0,1,0,0,1,0,0,1,0,0
"Zotu80",1,5,35,5,1,3,1,0,179,38,345,162,0,50,77,1,12,153,374,1,1,1,233,0,0,3,0,69,221,25,157,188,82,52,0,50,79,2,157,72,2,56,59,4,3,4,2,30,73,2,30,14,89,30,83,84,163,3,181,250,1,3
"Zotu16",21,37,70,43,21,111,95,271,63,68,17,185,18,335,223,313,366,72,16,15,420,308,17,12,407,106,10,14,180,604,54,18,15,167,18,16,15,22,19,15,11,147,241,23,238,7,288,116,9,11,11,539,340,261,13,11,13,8,12,14,84,870
"Zotu455",2,65,3,5,4,2,3,59,11,43,3,7,1,35,14,0,2,1,13,5,8,1,3,0,0,1,1,8,1,8,3,2,1,4,4,6,6,4,23,7,0,6,1,4,4,2,2,126,234,4,46,9,22,23,1,2,1,2,2,3,19,3
"Zotu353",5,6,49,4,0,5,0,5,98,15,53,50,0,1,11,2,4,20,2,1,1,0,1,0,1,1,2,1,54,38,4,1,1,46,1,203,2,134,3,115,2,24,4,0,3,1,3,37,3,1,4,4,2,0,3,2,2,2,2,1,3,4
"Zotu194",10,13,8,8,5,378,49,12,4,20,9,5,7,7,8,955,6,8,9,9,12,6,11,5,13,9,11,18,8,9,5,0,0,0,0,0,1,0,0,0,0,0,0,1,0,0,0,0,0,0,0,2,0,0,0,0,0,0,0,0,0,0
"Zotu201",3,3,16,7,7,8,5,177,1,14,3,6,2,123,24,2,42,2,2,1,89,2,3,2,3,2,1,1,7,4,3,4,2,3,129,1,3,5,3,2,3,1,169,1,210,0,3,2,167,2,49,57,54,60,6,0,3,3,1,2,2,31
"Zotu157",5,32,65,20,4,3,70,38,20,192,1,50,6,205,70,10,29,56,4,5,32,5,7,4,1,3,5,6,15,8,3,1,10,6,6,2,5,4,6,7,2,3,7,5,7,5,5,3,4,207,90,167,167,72,3,3,2,3,3,4,37,141
"Zotu152",7,528,27,7,15,4,4,100,22,5,100,51,2,44,18,4,5,3,71,5,4,2,4,49,6,6,8,3,4,75,7,1,7,25,6,4,37,45,96,26,1,58,3,2,2,2,137,1,1,120,4,2,40,7,11,10,41,48,3,0,11,2
"Zotu463",2,4,0,1,1,2,0,1,1,0,1,0,1,4,2,0,2,2,1,2,5,0,0,0,191,2,7,91,26,10,1,1,3,30,35,156,33,43,0,20,0,43,83,2,4,3,2,0,6,2,5,1,0,0,3,3,5,3,1,49,9,2
"Zotu51",3,3,9,9,7,24,5,17,8,3,68,34,1319,3,11,6,5,3,18,2,4,4,6,3,137,2,254,88,26,3,105,107,3,1,4,512,0,1,5,3,513,5,3,1,82,161,134,14,1,2,58,2,2,37,9,13,1,77,2,0,1,1
"Zotu86",2,2,7,3,6,6,1,9,3,2,17,12,0,3,2,3,2,5,3,104,3,1,273,0,0,26,7,6,1,3,1,17,14,50,11,9,31,98,2149,9,13,19,17,12,22,9,12,8,7,22,10,18,8,14,16,5,13,12,18,9,10,24
"Zotu1250",1,1,0,1,0,1,0,0,20,0,26,0,0,0,3,0,0,0,49,0,0,1,0,0,0,0,0,1,0,0,0,0,1,1,0,0,1,1,1,0,0,1,0,0,1,0,0,0,0,0,1,2,0,0,102,2,0,0,0,0,1,2
"Zotu2789",1,1,0,0,0,0,0,61,1,0,1,0,0,0,1,2,0,0,0,0,2,0,0,0,0,0,0,0,0,0,0,0,0,0,0,0,0,0,0,0,0,0,0,0,1,0,0,0,0,0,0,1,0,0,0,0,0,0,0,0,0,0
"Zotu308",5,1,21,0,4,2,4,1,20,0,22,7,1,8,24,1,29,19,0,2,0,145,0,0,0,1,0,6,16,14,0,3,5,36,0,4,23,4,8,5,1,45,4,0,65,4,9,22,5,4,199,58,14,46,0,1,0,5,4,8,128,88
"Zotu363",4,15,20,4,6,6,4,36,26,4,127,15,3,12,16,3,9,2,108,224,5,3,1,4,4,4,3,4,7,2,1,0,1,4,2,3,1,0,1,0,0,3,1,0,1,0,0,2,1,1,2,4,2,0,9,12,36,59,4,35,13,0
"Zotu351",2,2,4,0,4,1,2,3,0,6,2,3,2,4,1,1,4,4,3,6,28,1,142,3,6,0,0,76,51,29,62,3,3,4,0,103,112,24,10,98,2,35,44,4,30,0,0,2,0,3,1,9,1,3,1,2,2,2,6,1,2,11
"Zotu882",2,21,55,1,1,2,15,31,1,44,1,1,2,22,6,4,6,3,3,1,1,0,2,2,0,0,1,0,0,11,1,1,0,0,0,0,0,1,0,63,0,1,0,0,0,0,0,0,1,1,0,1,0,0,0,0,0,0,0,0,0,3
"Zotu602",4,4,0,7,3,1,0,1,10,1,2,1,0,1,3,0,40,2,1,0,1,236,0,0,0,0,0,1,1,13,81,0,0,1,0,0,56,22,1,0,0,0,1,2,0,0,0,0,0,0,0,5,2,1,0,0,0,0,1,0,0,1
"Zotu715",3,2,13,49,79,63,56,2,6,1,1,19,1,29,4,2,64,7,2,3,4,1,0,0,1,3,1,3,1,2,0,0,0,0,0,1,1,0,3,0,0,0,0,6,0,0,0,2,0,0,0,0,1,0,0,0,1,1,0,23,12,2
"Zotu90",3,127,14,6,3,9,18,51,86,72,19,57,9,44,11,9,11,12,70,8,10,140,8,6,21,33,219,288,79,274,89,4,80,26,1,5,192,76,24,61,6,116,113,3,5,15,94,10,76,21,5,6,7,24,0,6,2,1,1,3,6,10
"Zotu4435",1,0,29,0,0,1,0,0,10,0,0,0,0,0,8,0,0,0,0,0,0,0,2,0,0,0,0,0,0,0,0,0,0,0,0,0,0,0,0,1,0,1,0,0,0,0,0,0,0,0,0,5,0,17,0,0,0,0,1,1,1,0
"Zotu5949",1,0,10,2,10,1,0,0,0,0,0,0,1,1,1,0,5,0,0,0,1,0,0,0,0,0,0,0,0,0,1,0,0,0,0,0,0,0,0,0,0,0,0,2,0,0,0,0,0,0,0,1,0,0,0,0,0,0,0,0,0,0
"Zotu621",1,3,1,0,1,3,0,1,0,1,1,1,1,2,3,0,2,3,2,0,2,0,1,1,0,47,0,82,71,66,2,3,0,1,1,3,33,59,0,123,2,1,1,0,0,2,0,0,1,2,0,0,0,2,0,2,0,2,0,1,3,3
"Zotu6065",1,0,1,3,21,0,0,0,0,13,0,0,0,0,0,2,5,0,0,1,0,0,0,0,0,0,0,2,0,0,0,0,0,0,0,0,0,0,0,2,0,0,0,4,0,1,0,0,0,0,0,0,0,1,0,0,0,0,0,0,0,0
"Zotu2040",1,0,2,2,1,0,0,1,0,1,0,0,1,0,0,0,0,2,0,0,13,0,118,0,0,2,3,1,0,0,0,0,0,0,0,0,0,0,0,0,0,0,0,0,0,0,0,0,0,0,0,0,0,0,0,0,0,0,0,0,0,0
"Zotu274",1,1,1,1,2,0,8,2,2,4,1,2,3,2,1,1,7,1,0,656,2,1,3,1,1,2,4,1,3,1,2,1,3,3,4,0,1,1,2,0,2,1,4,1,2,171,2,2,3,1,2,3,2,3,0,0,1,1,1,58,134,27
"Zotu5574",3,0,0,6,6,0,0,0,4,0,0,0,0,2,0,0,3,0,0,0,0,0,0,0,0,0,0,0,0,0,0,0,1,0,0,0,0,0,0,0,0,0,0,0,0,0,0,0,0,0,0,0,0,0,0,0,0,0,0,14,0,0
"Zotu210",1,0,1,3,4,1,1,6,0,0,0,1,0,0,0,0,2,0,0,168,0,1,0,2,0,0,1,1,2,0,0,4,4,4,5,3,1,4,4,5,2,5,4,2,7,345,344,94,49,140,98,5,4,3,2,2,68,7,6,16,7,8
"Zotu188",3,17,22,3,9,2,7,2,26,4,21,6,1,37,13,0,2,15,28,5,7,1,0,226,9,45,176,73,77,45,133,4,171,2,4,157,84,139,102,180,6,75,5,2,5,4,7,3,71,7,3,9,10,20,4,24,30,65,3,21,5,5
"Zotu1665",1,0,0,0,1,0,0,0,3,0,0,1,0,0,5,0,0,0,0,92,0,2,2,0,0,0,1,0,1,0,0,0,0,0,0,0,0,0,0,0,0,0,0,0,0,0,0,0,0,0,0,0,0,0,0,0,0,0,0,0,0,0
"Zotu1656",1,0,0,7,89,25,2,0,1,0,0,0,1,3,1,1,0,1,1,1,0,0,1,0,0,1,0,0,2,2,2,0,0,0,0,0,0,0,0,0,0,0,0,0,0,0,0,0,0,0,0,0,0,0,0,0,0,0,0,0,0,0
"Zotu371",4,8,79,1,4,3,4,70,8,3,4,25,2,29,53,2,6,3,3,2,306,2,9,2,6,7,6,4,16,3,2,2,0,2,0,1,27,1,0,1,3,35,64,4,3,0,0,3,0,1,68,45,9,7,2,2,0,3,2,3,0,7
"Zotu2735",1,0,3,0,7,0,1,0,1,0,0,0,0,0,3,0,0,63,0,0,0,0,0,1,0,0,0,0,0,0,0,0,0,0,0,0,0,0,0,0,0,0,0,0,0,0,0,0,0,0,0,0,0,0,0,0,0,0,4,0,0,0
"Zotu71",7,97,61,48,36,8,114,160,55,57,30,100,10,336,201,9,30,162,11,326,44,8,561,7,15,16,7,6,6,15,7,4,4,97,4,3,6,7,5,2,5,20,2,4,6,3,3,6,1,4,4,59,86,112,0,0,3,3,1,36,76,187
"Zotu960",6,0,13,1,2,1,2,2,0,2,1,2,0,0,5,2,5,7,0,256,0,0,1,0,0,0,1,2,0,1,0,0,0,0,0,0,0,0,0,0,0,0,0,0,0,0,0,0,0,0,0,0,0,5,0,0,0,0,0,0,0,0
"Zotu1099",5,58,6,1,6,0,0,16,8,1,0,16,0,21,22,4,2,1,0,0,0,0,2,3,0,1,0,2,0,1,2,1,0,0,63,0,0,0,2,0,1,1,0,1,0,0,1,1,0,1,0,10,1,1,22,3,0,1,3,0,0,0
"Zotu1401",1,0,26,2,4,0,0,0,0,1,1,0,0,1,12,0,7,0,0,0,0,1,2,0,0,0,0,0,0,0,1,1,2,2,0,2,0,2,0,0,0,0,0,12,0,0,1,0,0,1,0,6,0,1,28,48,1,1,28,0,0,2
"Zotu76",8,8,8,5,7,4,11,7,6,2,6,7,5,7,4,4,5,3,5,15,7,1,5,6,8,58,4,392,192,207,349,153,9,191,86,13,52,164,503,278,229,87,19,5,8,6,9,5,7,6,7,13,8,5,11,10,9,6,12,12,11,12
"Zotu826",2,2,0,25,0,54,0,0,0,0,0,0,0,1,15,0,47,0,0,0,1,0,0,0,0,1,1,0,0,0,0,0,0,0,0,0,0,0,0,1,1,1,0,0,0,0,0,0,0,0,0,23,117,0,0,0,0,0,2,0,0,0
"Zotu754",5,2,2,176,162,2,0,3,1,1,3,4,4,4,9,2,5,5,2,2,2,1,2,4,2,5,2,7,3,2,4,0,0,0,0,0,0,0,0,0,0,0,0,12,0,0,0,0,0,0,0,0,0,0,0,0,0,0,0,0,0,0
"Zotu4854",2,0,0,0,39,0,0,0,0,0,0,0,0,0,0,0,0,0,0,1,0,0,0,1,0,0,2,1,0,0,0,0,0,0,0,0,0,0,0,0,0,0,0,0,0,0,0,0,0,0,0,0,0,0,0,0,0,0,0,0,0,0
"Zotu503",3,4,18,1,1,0,240,0,2,2,3,1,7,7,1,48,1,0,1,2,4,1,2,0,2,1,1,0,4,21,0,1,0,3,0,1,26,1,0,2,1,0,115,2,1,0,0,3,0,1,3,17,53,0,1,2,0,4,2,0,1,9
"Zotu334",4,18,5,4,3,3,4,48,40,29,17,25,1,54,13,4,6,21,20,1,2,3,37,2,151,38,18,21,49,24,6,1,2,3,4,2,125,37,20,74,3,18,0,3,1,0,4,18,1,2,5,4,10,5,6,4,7,13,22,19,14,8
"Zotu901",2,4,6,2,3,1,3,4,2,3,2,4,1,1,0,0,12,2,0,5,20,2,346,2,2,4,2,2,2,2,2,0,0,0,0,0,0,0,0,0,0,0,0,0,0,0,0,0,0,0,0,0,0,0,0,0,0,0,0,0,0,0
"Zotu419",4,7,15,2,2,3,1,32,56,46,102,1,1,77,5,4,1,121,60,1,1,1,2,0,2,7,5,3,5,4,3,1,2,0,1,1,0,1,0,2,4,1,0,0,4,1,3,100,45,0,78,0,4,1,1,2,0,2,1,2,0,0
"Zotu309",5,44,1,1,2,5,6,78,34,3,2,30,5,6,124,8,1,3,2,2,282,8,3,1,1,2,3,1,1,6,3,2,1,0,5,1,1,0,2,0,0,0,1,2,149,2,2,0,1,2,0,134,27,30,1,0,1,1,0,1,4,2
"Zotu3769",2,0,0,1,0,1,0,0,0,0,0,1,1,0,0,0,0,0,0,0,1,0,0,0,0,1,0,34,0,8,1,0,0,0,0,0,0,0,0,0,0,0,0,0,0,0,0,0,0,0,0,0,0,0,0,0,0,0,0,0,0,0
"Zotu430",4,3,34,5,1,3,8,6,107,2,110,4,3,2,53,0,2,1,187,3,0,2,1,2,3,3,4,2,15,1,3,2,1,0,1,1,45,27,1,0,1,82,0,0,2,0,1,1,0,1,2,1,3,0,0,0,0,1,1,0,0,0
"Zotu2072",1,1,4,0,0,0,0,0,0,6,1,0,0,0,1,0,0,0,0,0,0,0,0,0,0,0,0,0,0,0,0,91,0,0,0,0,0,0,0,0,0,0,0,3,0,0,0,1,0,0,0,0,0,0,0,0,0,0,16,1,0,1
"Zotu763",5,8,12,1,1,2,31,16,10,22,6,19,3,14,5,3,0,3,1,4,0,0,125,0,0,1,4,25,17,6,3,1,1,1,0,0,8,9,0,0,0,0,1,0,2,0,24,2,0,0,25,6,2,0,2,0,5,0,8,4,28,18
"Zotu2385",1,0,0,46,32,0,0,0,0,1,1,2,0,0,0,0,0,0,0,1,0,0,0,0,0,0,0,0,0,0,0,0,0,0,0,0,0,0,0,0,0,0,0,2,0,0,0,0,0,0,0,0,1,0,0,0,0,0,0,0,0,0
"Zotu154",1,29,14,2,11,2,1,3,62,4,49,37,4,64,41,4,7,73,30,0,4,173,8,4,0,4,2,4,33,9,0,5,7,4,4,5,4,6,3,3,2,3,1,5,12,45,175,214,151,64,93,12,7,14,11,19,12,38,47,124,28,2
"Zotu2213",2,1,6,11,6,0,0,1,0,1,0,0,0,0,6,2,10,0,1,0,13,28,1,0,0,0,0,0,28,21,0,0,0,1,0,1,0,0,0,22,0,0,0,1,0,1,0,0,0,0,0,3,1,0,0,0,1,0,0,0,0,5
"Zotu1863",1,1,0,2,0,0,0,0,2,6,0,0,0,0,5,0,2,44,13,0,11,0,0,2,0,0,1,2,0,5,0,1,0,1,1,0,0,1,0,3,0,24,0,0,0,0,1,2,1,0,0,11,1,29,0,1,0,0,0,1,1,0
"Zotu744",2,19,9,0,0,1,2,1,18,0,1,2,0,14,8,0,14,1,1,0,2,0,2,1,0,0,0,4,0,0,0,7,0,0,3,1,1,4,1,7,2,1,58,0,44,4,48,0,3,2,17,31,51,38,0,0,0,1,2,2,5,22
"Zotu701",3,0,1,1,2,0,0,1,0,2,0,6,1,0,0,1,12,2,0,302,0,3,0,0,1,1,0,0,3,1,2,0,0,0,0,1,0,0,0,1,0,0,0,0,0,0,0,0,0,0,0,0,0,0,0,0,0,0,0,0,15,0
"Zotu770",4,4,4,4,1,3,1,3,2,3,3,2,597,1,5,3,5,4,1,4,1,3,3,1,6,3,7,2,4,13,1,0,0,0,0,0,0,0,0,0,0,0,0,0,0,0,0,0,0,0,0,0,0,0,0,0,0,0,0,0,0,0
"Zotu202",4,229,48,32,25,2,2,59,30,3,70,31,9,13,28,3,5,40,40,2,3,1,1,5,3,5,4,6,11,3,3,5,4,7,2,3,12,3,6,7,5,6,7,4,103,1,23,4,57,1,69,31,40,17,166,63,22,3,3,17,15,16
"Zotu670",1,0,0,0,0,0,0,0,0,0,0,1,0,0,4,0,0,32,0,0,0,0,1,0,0,0,0,0,0,0,0,1,1,2,1,4,1,2,4,1,6,4,2,3,4,1,3,2,5,2,3,4,3,31,211,106,0,2,2,1,4,5
"Zotu3784",1,0,0,0,0,0,0,0,0,0,0,0,0,0,1,0,0,1,0,0,0,0,0,0,0,0,0,0,0,0,0,0,0,0,0,0,0,0,0,0,0,1,0,0,0,0,0,0,0,0,2,0,0,0,1,0,0,0,0,1,1,39
"Zotu251",2,2,2,3,4,1,3,3,1,0,1,1,1,0,1,2,2,0,0,2,2,260,1,0,3,5,4,77,14,8,115,2,3,16,3,7,98,213,52,127,4,22,4,2,4,5,6,4,3,6,6,8,5,1,1,0,1,1,2,3,1,3
"Zotu377",1,117,26,1,1,2,57,50,36,15,3,1,1,15,10,3,3,4,1,4,0,0,2,3,0,0,2,2,0,2,1,1,1,2,1,2,2,4,1,2,1,2,3,2,2,0,3,154,0,251,0,17,1,22,0,1,1,2,0,3,1,2
"Zotu540",9,6,29,4,3,8,3,17,78,3,6,3,1,134,12,1,6,85,1,208,3,2,4,0,4,4,3,5,2,6,1,0,0,1,1,0,0,0,1,0,0,0,0,0,0,1,1,0,0,0,2,0,0,0,0,0,1,36,0,0,0,0
"Zotu3270",1,0,0,2,11,0,0,0,0,0,0,0,0,0,0,0,1,1,0,0,0,0,1,0,0,1,0,0,0,0,0,0,0,0,0,1,0,0,1,0,0,0,0,0,0,0,0,0,0,0,50,0,0,0,1,0,1,0,0,0,0,0
"Zotu3904",1,1,0,1,0,0,0,0,0,0,0,0,0,0,0,33,0,0,0,0,0,0,0,0,0,0,0,1,0,0,0,0,0,0,0,0,0,0,0,0,0,0,0,0,0,0,0,0,0,0,0,0,0,0,0,0,0,0,0,0,0,0
"Zotu4935",1,0,0,0,1,0,0,0,0,0,0,0,0,0,0,0,0,0,0,0,0,0,0,0,0,0,0,0,0,0,0,0,0,0,0,0,0,1,0,0,1,0,0,0,0,0,0,0,0,0,0,0,0,0,5,4,12,0,0,0,0,0
"Zotu4001",1,0,0,0,0,0,31,1,0,0,0,0,1,0,3,0,5,0,0,0,1,0,0,0,0,0,0,0,0,2,0,0,0,0,0,0,0,0,1,0,0,0,0,1,0,0,0,0,0,0,0,0,0,0,0,0,0,0,0,0,0,0
"Zotu3111",1,0,1,1,1,0,1,1,0,1,0,0,1,1,3,1,0,0,94,0,0,0,1,0,0,0,3,0,0,1,1,0,0,0,0,0,0,0,0,0,0,0,0,0,0,0,0,0,0,0,0,0,0,0,0,0,0,0,0,0,0,0
"Zotu836",2,2,1,169,115,1,2,3,1,4,1,2,2,2,6,2,5,4,1,0,0,2,2,2,1,1,3,1,1,1,3,0,0,0,0,0,0,0,0,0,0,0,0,8,0,1,0,0,0,0,0,0,0,0,0,0,0,0,0,0,0,0
"Zotu1391",3,4,5,3,0,0,0,1,0,1,14,1,2,19,0,0,1,1,0,0,1,73,1,0,0,0,3,40,0,1,1,0,0,0,0,0,10,1,1,0,0,0,0,0,0,1,2,0,1,0,1,0,0,1,0,0,0,1,0,0,0,0
"Zotu328",6,10,38,9,4,3,6,6,10,14,6,17,2,22,39,1,19,2,0,3,98,5,4,179,2,42,0,77,9,44,20,80,3,31,1,1,20,14,5,37,1,1,2,4,33,3,4,0,1,2,2,15,16,4,0,1,2,2,0,1,2,28
"Zotu734",5,7,3,20,349,3,0,5,1,3,3,6,3,5,1,2,14,3,3,1,7,3,3,3,2,3,8,4,4,2,4,0,0,0,0,0,0,0,0,0,0,0,0,0,0,0,0,0,0,0,0,0,0,0,0,0,0,0,0,0,0,0
"Zotu290",3,5,21,8,19,1,1,5,25,4,32,30,1,2,13,4,7,3,173,1,0,5,0,0,0,0,0,3,2,1,0,6,1,2,5,10,2,2,5,37,2,3,2,8,6,156,3,2,3,2,3,3,4,3,55,98,57,228,113,112,3,4
"Zotu472",1,3,1,0,2,2,1,0,1,0,1,1,2,0,0,0,1,1,0,2,0,1,1,0,2,0,0,138,55,33,0,0,219,0,1,0,94,0,0,9,2,2,0,0,1,0,3,1,0,2,3,3,1,2,5,0,2,0,3,1,2,0
"Zotu6107",2,0,0,0,0,0,0,0,0,0,0,0,0,0,3,0,1,0,0,0,15,0,0,2,0,0,0,0,0,1,0,0,0,2,0,0,0,0,0,0,0,0,0,0,0,0,0,0,0,1,0,8,0,0,0,0,0,0,0,0,0,0
"Zotu72",7,5,16,11,19,7,5,10,9,8,7,8,1,6,4,6,8,65,3,7,13,229,116,8,3,64,55,433,97,64,49,7,50,101,306,42,271,93,98,214,10,344,159,17,8,12,12,11,12,10,11,14,6,4,11,10,16,12,7,165,25,17
"Zotu127",4,22,66,13,6,10,81,89,114,2,84,89,7,20,184,5,189,7,4,7,205,4,9,3,9,9,4,8,42,93,4,2,7,3,2,2,4,7,5,3,4,81,2,5,79,6,3,2,145,4,2,125,1,96,2,3,1,0,8,0,2,99
"Zotu984",2,16,44,0,3,0,9,1,4,1,12,10,0,1,0,2,4,3,1,0,101,3,0,0,5,18,4,1,6,8,4,1,2,1,0,0,22,0,1,0,4,4,1,0,19,1,0,0,0,0,2,11,0,24,0,0,0,0,0,1,1,36
"Zotu261",3,1,10,5,5,1,8,1,0,16,0,1,0,0,2,46,3,1,0,1,4,1,0,0,0,14,0,86,24,59,40,3,3,135,337,126,77,80,63,119,4,24,52,32,2,2,8,4,2,5,6,3,3,4,3,0,3,3,2,5,2,5
"Zotu3081",1,1,1,0,0,0,1,2,0,0,0,2,0,17,3,0,0,0,27,0,0,0,0,1,0,0,0,2,0,0,0,0,0,0,0,0,0,0,0,0,0,0,0,0,0,0,0,0,0,0,0,0,0,0,2,0,0,0,0,0,0,0
"Zotu163",2,5,3,7,5,2,4,1,2,5,5,5,3,73,4,3,11,3,1,2,55,3,3,4,3,83,2,0,428,71,3,241,3,84,2,1,27,143,56,88,3,66,1,2,1,1,6,1,3,1,3,19,6,1,0,6,4,7,0,1,10,6
"Zotu1114",1,0,8,43,58,2,0,1,0,4,0,1,1,0,1,1,38,1,0,0,0,1,0,0,2,1,3,3,5,6,0,0,0,0,1,0,0,1,0,0,0,3,2,31,0,0,2,0,1,0,0,1,0,1,1,76,0,0,9,2,0,0
"Zotu599",4,0,0,9,3,0,2,2,0,3,1,2,4,2,1,1,2,3,0,0,5,1,456,4,1,1,9,0,3,0,7,4,0,1,1,1,0,0,1,1,1,0,0,3,1,0,0,0,46,0,5,0,0,0,0,0,0,0,0,0,1,0
"Zotu406",1,6,2,0,3,1,2,4,1,1,1,0,4,0,41,0,260,0,3,1,15,0,5,0,3,1,1,0,38,0,244,0,1,0,0,0,1,0,0,0,1,0,1,0,126,0,0,0,2,0,0,35,35,18,0,2,2,1,2,2,0,0
"Zotu1046",1,2,0,2,0,0,0,1,1,1,2,0,0,1,0,0,2,0,0,2,16,1,1,5,1,0,1,1,1,10,169,0,0,43,0,0,0,0,0,0,0,0,1,0,0,0,0,0,0,0,0,1,0,1,0,0,0,0,1,0,0,0
"Zotu2783",2,0,17,1,0,0,10,1,0,1,0,0,0,8,11,0,1,38,0,0,0,0,1,1,0,0,0,0,1,0,0,0,0,0,0,0,0,0,0,0,0,0,0,0,0,0,0,0,0,0,0,0,9,0,0,0,0,0,0,0,0,0
"Zotu1304",3,3,5,17,90,0,1,11,1,0,3,2,0,1,8,2,9,0,0,0,0,2,4,0,0,0,1,1,1,2,2,0,0,0,1,0,0,0,0,3,1,1,0,4,1,0,1,1,0,1,0,0,4,0,0,0,0,0,19,13,1,7
"Zotu63",2,17,19,0,1,6,27,4,21,1,5,15,4,11,34,2,4,125,3,2,3,2,1,160,7,3,0,25,3,7,534,420,151,280,6,980,97,185,9,98,5,5,7,5,7,5,8,7,14,2,3,8,3,20,6,2,10,6,4,3,3,6
"Zotu4631",1,0,8,0,0,1,0,0,12,0,1,0,0,0,12,0,0,0,1,2,0,0,0,0,0,0,0,1,0,0,0,0,0,0,0,0,0,0,0,0,0,0,0,0,0,0,0,0,0,0,0,0,0,0,0,0,0,0,0,0,0,0
"Zotu1300",1,1,1,1,1,2,1,2,0,3,0,3,5,1,0,1,2,3,1,1,4,0,218,1,0,8,1,0,1,0,2,0,0,0,0,0,0,0,0,0,0,0,0,0,0,0,0,0,0,0,0,0,0,0,0,0,0,0,0,0,0,0
"Zotu6161",4,5,7,0,8,26,0,0,0,0,0,0,0,5,2,0,0,1,0,0,2,1,0,0,0,0,0,0,2,0,0,0,0,0,0,0,0,0,0,0,0,0,0,0,0,0,0,0,0,0,0,0,0,0,0,0,0,0,0,0,0,0
"Zotu1165",1,1,9,11,5,8,27,0,1,2,2,0,2,2,4,1,31,0,1,0,8,0,1,48,1,1,0,3,0,4,1,0,1,1,0,1,0,1,1,0,2,1,0,0,1,0,0,3,1,0,1,0,1,0,1,0,0,0,4,7,27,14
"Zotu5332",3,0,0,0,0,0,0,0,0,0,0,0,0,17,0,0,0,0,0,0,0,0,0,0,0,0,0,0,0,0,0,0,0,0,0,0,0,0,0,0,0,0,0,0,0,0,0,0,0,0,0,0,0,0,0,0,0,0,0,0,0,0
"Zotu3392",2,2,1,4,0,0,38,4,2,5,0,3,2,1,10,0,6,1,4,2,1,0,3,0,2,1,0,1,2,1,0,1,2,4,1,1,6,2,0,2,0,1,0,0,3,4,6,2,5,0,3,0,3,6,0,0,3,1,0,20,1,10
"Zotu468",3,7,2,1,3,1,3,6,1,0,2,2,707,3,4,3,1,1,0,0,1,1,2,0,1,3,1,9,0,3,1,0,0,0,0,0,0,0,0,0,0,0,0,0,0,0,0,0,0,0,0,0,0,0,0,0,0,0,0,0,0,0
"Zotu4792",5,0,16,6,8,0,17,0,3,0,0,15,3,0,0,0,6,1,3,0,1,1,0,0,0,0,0,1,0,1,0,0,0,0,0,0,0,0,0,0,0,1,0,2,0,0,0,0,0,0,0,1,0,0,6,1,1,1,0,0,0,7
"Zotu3248",1,0,1,0,0,0,0,0,0,0,0,56,0,0,6,1,0,0,0,0,0,0,0,0,0,0,2,0,1,0,0,0,0,0,0,0,0,0,0,0,0,0,0,0,0,0,0,0,0,0,0,0,0,0,0,0,0,0,0,0,0,0
"Zotu2178",1,29,7,0,0,0,1,0,0,17,1,36,0,23,3,0,1,2,0,0,7,0,1,0,0,0,0,2,0,0,2,0,0,0,0,0,0,0,0,0,0,0,0,0,0,0,0,0,0,0,0,2,0,0,0,1,0,0,0,0,0,0
"Zotu3559",1,0,0,2,7,0,0,0,0,7,0,0,0,1,0,0,4,0,0,0,0,0,1,0,2,0,0,0,0,0,0,0,1,0,0,0,0,0,0,0,1,1,2,5,0,1,0,0,0,0,1,3,1,0,13,24,0,0,2,1,0,0
"Zotu4545",2,0,0,0,0,0,30,0,0,0,0,0,0,0,0,0,0,0,0,0,0,0,0,1,0,0,0,0,0,0,0,1,0,0,0,0,0,1,0,0,0,0,0,0,0,0,0,0,0,0,26,0,1,0,0,0,0,0,0,0,0,0
"Zotu319",1,6,7,5,1,890,3,1,3,5,5,6,6,3,2,5,5,2,2,5,12,7,8,2,2,13,8,4,5,5,4,0,0,0,0,0,0,0,0,0,0,0,0,0,0,0,0,0,0,0,0,0,0,0,0,0,0,0,0,0,0,0
"Zotu2653",3,0,0,1,5,0,0,0,0,0,0,0,0,1,0,0,0,0,0,0,0,0,0,0,0,0,0,0,0,0,0,0,0,1,0,0,0,2,0,0,0,0,0,3,0,0,2,0,0,0,1,1,0,0,0,0,1,51,3,11,0,0
"Zotu856",6,71,21,3,4,0,2,31,7,1,2,27,2,4,20,0,3,2,17,5,7,3,1,0,0,3,5,4,1,4,0,1,2,2,0,4,1,5,3,4,3,13,61,5,31,1,1,3,1,2,6,5,0,42,52,0,5,0,4,1,0,10
"Zotu1520",1,3,9,0,3,1,1,0,4,2,3,1,1,2,0,153,0,2,0,0,1,0,0,0,1,1,4,2,2,0,0,0,0,0,0,0,0,0,0,0,0,0,0,0,0,0,0,0,0,0,0,3,0,0,0,0,0,0,0,0,0,0
"Zotu396",2,1,5,3,2,0,4,1,12,18,54,4,1,9,7,3,4,8,42,199,0,3,68,0,0,0,1,33,17,0,1,3,1,4,0,6,25,27,2,15,0,21,3,2,3,4,9,0,2,3,30,2,18,3,23,13,61,79,14,56,3,2
"Zotu275",3,27,5,4,3,1,79,7,106,3,0,3,6,59,3,3,4,0,2,5,18,2,4,9,0,1,3,2,99,0,4,4,5,1,0,3,3,3,3,1,6,96,2,0,2,3,3,6,0,4,272,33,3,41,2,3,0,0,2,1,1,112
"Zotu247",6,3,6,2,7,3,4,5,4,3,3,12,2,3,1,1,5,8,2,7,5,6,120,1,2,5,383,102,15,24,2,1,3,235,205,3,37,3,10,2,1,8,3,2,2,4,1,4,1,1,0,1,2,4,2,1,5,6,0,8,2,5
"Zotu6226",1,0,0,1,1,0,0,0,0,0,0,0,1,0,2,0,0,0,7,0,0,0,0,0,0,0,0,0,0,14,0,0,0,0,0,0,0,0,0,0,0,0,0,2,0,0,0,0,0,0,0,0,0,0,0,0,0,0,6,1,0,0
"Zotu339",6,4,3,17,41,556,116,8,5,10,5,8,6,9,4,8,15,5,3,4,8,4,4,1,4,6,3,3,2,8,2,0,0,3,0,0,0,1,0,0,0,1,0,2,0,0,0,0,0,0,0,3,0,0,0,0,0,1,1,0,0,5
"Zotu765",1,0,2,169,19,0,1,0,18,3,0,27,0,47,6,1,103,2,1,0,1,0,2,1,0,1,1,0,2,0,0,0,0,0,0,1,0,1,0,0,0,58,1,91,0,1,2,0,0,0,0,0,0,1,0,0,0,0,0,0,0,0
"Zotu2795",1,0,0,0,7,1,0,0,2,0,0,0,0,1,0,1,3,0,3,0,15,0,0,0,0,0,1,0,0,0,0,1,0,1,1,1,0,1,0,0,0,0,3,0,1,1,0,1,0,1,1,0,0,0,1,0,0,32,17,37,5,4
"Zotu5740",1,0,1,0,34,0,0,0,0,0,2,0,0,0,0,0,0,1,0,0,0,0,0,1,0,0,0,0,0,0,0,0,0,0,0,0,0,0,0,0,0,0,0,0,0,0,0,0,0,0,0,0,0,0,0,0,0,0,0,0,0,0
"Zotu448",5,49,5,6,0,4,187,10,0,2,4,5,5,11,35,2,37,4,1,2,90,4,5,4,3,2,6,7,1,39,5,4,2,76,3,1,24,0,6,2,1,6,4,3,3,1,2,1,2,4,4,100,75,70,1,0,1,4,2,3,2,30
"Zotu360",2,2,40,4,6,0,7,62,1,39,1,41,1,32,22,7,6,1,2,3,1,4,1,2,304,1,6,2,61,74,4,3,1,0,0,2,41,2,1,2,1,50,1,4,2,0,2,60,1,0,0,11,0,1,1,1,0,1,0,0,6,23
"Zotu117",6,49,67,10,6,5,134,30,9,40,9,12,8,48,106,3,10,9,8,11,61,10,15,252,22,26,169,104,10,153,13,12,12,51,22,5,155,80,81,293,12,207,5,2,15,6,3,5,4,12,10,114,31,84,2,2,3,3,5,3,6,34
"Zotu1310",3,2,4,32,83,4,1,3,0,2,2,2,0,2,3,3,21,0,1,3,7,0,0,2,0,2,4,3,2,1,1,1,1,0,0,1,0,0,1,0,0,0,0,22,1,0,0,0,1,0,1,1,0,1,30,24,0,0,1,13,1,2
"Zotu301",2,98,19,74,6,2,2,1,3,4,57,0,3,2,19,6,102,54,18,3,25,6,1,4,1,5,3,2,3,3,4,3,6,4,3,1,1,0,3,5,2,4,2,1,3,0,3,63,3,3,132,95,42,89,2,4,0,2,24,2,26,42
"Zotu2028",1,0,0,0,0,0,4,0,0,0,0,0,0,0,0,0,0,0,0,0,0,1,1,1,0,0,0,0,0,0,0,0,1,0,1,1,1,0,3,1,0,0,1,1,0,2,1,0,0,112,1,0,0,1,0,0,0,0,0,0,1,1
"Zotu2165",4,2,1,1,0,0,5,0,1,0,1,6,0,19,7,0,10,0,0,1,17,1,0,0,0,1,3,1,1,14,0,0,0,8,0,0,0,0,1,0,0,0,0,5,0,0,0,0,0,2,0,5,19,0,0,1,1,0,1,13,5,1
"Zotu121",8,184,121,9,6,6,76,273,153,178,3,52,7,133,21,9,6,63,41,13,13,8,6,5,4,27,14,7,4,33,5,4,5,2,0,1,57,30,4,33,2,3,1,2,7,5,3,48,146,3,297,17,5,33,1,0,0,2,19,0,13,27
"Zotu657",2,2,3,2,3,3,4,0,3,1,2,2,3,1,2,1,1,4,0,2,1,0,145,170,0,1,3,1,21,3,5,1,0,0,0,1,77,24,30,2,0,4,1,0,1,0,0,0,1,0,0,0,1,1,10,11,6,1,2,1,1,0
"Zotu1593",2,1,1,2,0,0,177,0,0,0,1,1,1,3,1,3,3,2,1,0,0,0,1,0,1,1,2,2,0,0,1,0,1,0,0,0,0,0,0,0,0,0,0,6,0,0,0,0,0,0,0,1,0,0,0,0,0,1,0,0,0,5
"Zotu4379",1,0,0,0,0,1,0,0,1,0,1,0,0,0,0,0,0,0,0,0,21,0,0,0,0,1,0,0,0,0,0,0,0,0,0,1,0,0,1,0,0,0,0,0,0,0,0,0,0,0,0,0,2,0,0,0,18,0,0,5,3,0
"Zotu1782",2,2,1,52,66,0,1,1,0,0,0,1,1,4,5,2,21,0,0,0,1,2,0,1,0,1,1,0,1,0,1,0,0,0,0,0,0,0,0,0,0,0,0,24,0,0,0,0,1,0,0,0,0,0,0,0,0,0,0,0,0,1
"Zotu4306",2,0,0,10,9,0,0,0,1,0,0,0,0,1,0,0,22,0,0,1,5,0,0,0,0,0,1,0,1,1,0,0,0,0,0,0,0,0,0,0,0,0,0,0,1,0,0,0,0,0,1,0,0,0,0,0,1,0,0,0,5,2
"Zotu483",2,0,12,0,0,1,0,0,7,0,0,0,0,0,4,0,1,50,0,0,0,0,3,0,0,0,0,1,0,0,1,4,4,45,7,4,3,37,29,115,2,55,4,1,2,61,54,3,1,143,3,23,3,27,4,3,2,0,2,3,3,2
"Zotu3738",1,1,0,23,1,0,1,1,0,0,0,3,1,0,2,0,10,0,0,1,0,1,0,0,0,1,0,2,1,1,1,0,0,0,0,0,0,0,0,0,0,0,0,0,0,0,0,0,0,0,0,0,0,0,0,0,0,0,0,0,0,1
"Zotu3403",1,6,0,1,0,2,0,0,3,0,0,0,0,27,0,0,0,0,7,0,1,0,0,0,1,0,2,0,1,27,0,0,2,0,0,0,0,0,0,0,0,0,0,0,0,0,0,0,0,0,0,0,0,0,2,0,0,0,0,0,0,6
"Zotu4111",2,0,1,2,11,0,1,28,0,9,0,1,3,0,7,0,0,36,0,0,1,1,0,0,0,0,0,0,0,0,1,0,0,0,0,1,0,0,0,0,0,0,0,0,0,0,1,0,0,0,0,0,0,0,4,21,0,0,0,0,0,0
"Zotu120",8,37,11,10,7,6,2,9,47,4,0,152,6,67,181,3,39,2,1,243,210,2,4,6,3,9,5,5,5,11,5,8,11,7,8,5,28,7,4,9,10,6,7,7,11,3,9,5,6,6,155,332,85,290,2,1,4,2,3,2,4,38
"Zotu3169",1,1,1,0,1,0,1,0,0,1,0,0,0,0,0,0,0,0,0,0,0,0,0,0,0,0,56,0,0,0,0,0,0,0,0,0,0,0,0,0,0,0,0,0,0,0,0,0,0,0,0,0,0,0,0,0,0,0,0,0,0,0
"Zotu1619",3,0,11,0,2,0,1,16,0,0,18,0,0,1,2,0,1,69,37,0,1,2,0,1,0,0,0,0,1,1,2,0,0,0,0,0,0,0,0,0,0,0,0,0,0,0,0,0,0,0,17,0,0,0,0,1,0,0,0,0,0,0
"Zotu2680",1,0,0,0,0,0,0,0,0,1,0,1,1,0,1,0,0,0,1,0,0,0,0,0,0,1,0,34,0,2,0,0,0,0,0,0,25,0,0,0,0,0,0,0,0,0,0,0,0,0,0,0,0,1,0,0,1,0,0,0,0,0
"Zotu1268",2,0,5,69,82,0,0,2,1,2,0,0,1,22,1,0,3,3,4,2,0,1,0,0,0,2,1,0,2,2,0,0,0,0,0,0,0,0,0,0,0,0,0,6,0,0,0,1,0,0,0,0,0,0,0,0,0,0,0,0,0,0
"Zotu495",1,2,3,2,5,0,3,0,2,1,52,2,0,2,5,0,0,2,21,197,0,0,0,1,0,2,1,0,0,0,1,1,1,56,1,6,1,5,2,2,2,1,2,3,0,0,1,3,1,0,0,4,0,26,9,15,26,24,86,24,3,4
"Zotu5852",3,0,0,22,31,1,1,0,0,1,0,7,2,0,0,0,0,0,0,2,7,0,0,0,2,0,2,1,3,1,0,0,0,0,0,0,29,0,0,0,0,0,0,1,0,0,0,0,0,0,0,0,0,0,0,0,0,0,0,0,0,0
"Zotu141",5,133,74,4,10,24,41,132,148,112,27,107,3,86,34,5,4,32,16,4,5,3,2,2,4,3,5,0,4,3,7,12,12,3,12,7,5,8,6,6,6,10,6,4,10,403,332,309,471,5,168,16,72,12,4,8,1,4,36,74,43,17
"Zotu2429",1,1,0,6,9,0,1,1,0,0,0,0,0,2,7,1,14,1,0,0,0,0,2,1,0,1,0,0,0,0,1,1,0,1,0,0,1,2,0,0,0,0,0,8,0,0,1,37,0,0,0,22,0,0,1,0,0,0,1,0,1,0
"Zotu427",3,25,0,1,0,0,2,18,1,1,3,25,0,17,13,3,1,2,0,1,9,1,2,3,0,0,107,0,27,26,1,2,1,89,186,1,1,44,3,57,1,4,1,0,1,1,0,2,4,1,3,43,2,2,1,0,2,2,0,2,1,2
"Zotu250",1,42,17,29,2,2,33,3,49,58,1,4,4,3,31,2,16,112,0,5,76,5,3,4,2,2,5,4,111,80,4,5,6,8,180,4,4,14,3,80,6,52,0,3,3,1,2,2,10,6,6,64,100,139,0,0,3,1,0,1,0,2
"Zotu6200",1,0,0,0,0,1,0,0,0,0,0,0,0,0,0,0,26,0,0,0,0,0,1,0,1,0,0,0,1,0,0,0,0,0,0,0,0,0,0,0,0,0,0,0,0,0,0,0,0,0,0,0,0,0,0,0,0,0,0,0,0,0
"Zotu459",2,0,6,2,1,2,0,18,22,0,34,1,0,16,0,0,3,1,48,0,9,0,0,1,1,0,0,1,2,1,1,2,2,3,1,4,31,2,6,9,2,203,1,1,2,1,3,1,1,164,27,4,0,2,1,4,69,2,2,11,14,2
"Zotu5813",2,0,1,0,0,0,1,0,0,0,0,0,0,0,0,0,0,0,0,0,0,0,0,0,0,0,11,0,0,0,0,0,0,0,0,0,0,0,0,0,0,0,0,0,0,0,0,0,0,0,0,0,0,0,0,0,0,0,0,0,0,0
"Zotu182",4,5,9,10,8,630,406,1,9,6,9,6,1,12,2,12,13,6,4,354,5,5,8,4,2,11,13,12,4,8,5,0,0,0,0,0,0,0,0,0,0,0,0,3,0,0,0,0,0,0,0,0,0,0,0,0,0,0,0,0,0,0
"Zotu2806",2,1,0,1,1,1,69,0,0,0,1,1,0,0,0,0,4,0,1,0,4,1,0,0,0,0,0,2,0,1,1,0,0,0,0,0,0,0,0,0,0,0,0,0,0,0,0,0,0,0,0,0,0,0,0,0,0,0,0,0,0,0
"Zotu2721",1,0,0,0,0,0,0,0,0,0,0,0,0,0,0,0,0,0,0,0,0,0,1,0,0,0,0,0,0,0,0,0,1,0,0,1,1,0,1,0,0,1,0,2,0,29,2,1,0,0,0,0,0,0,0,0,7,40,18,1,1,0
"Zotu376",1,0,1,0,7,1,0,0,1,0,0,0,0,0,0,0,1,55,0,0,0,0,0,0,0,0,0,0,0,1,0,5,2,6,3,2,6,7,3,3,2,1,3,7,2,5,2,4,3,2,4,12,1,4,74,109,33,175,271,20,0,2
"Zotu4353",1,1,5,0,0,0,1,2,1,0,0,1,0,0,1,0,0,0,0,0,0,0,0,0,0,0,1,0,22,0,0,0,0,0,0,0,0,0,0,0,0,0,0,0,0,0,0,0,0,0,0,2,0,0,0,0,0,0,0,0,0,0
"Zotu306",3,4,22,1,3,7,1,3,3,35,77,2,0,0,19,5,5,1,91,3,1,0,4,0,245,4,3,0,39,1,2,5,2,64,2,5,2,71,58,1,5,2,198,2,5,0,3,1,2,4,4,12,20,1,5,5,0,3,5,37,16,4
"Zotu2546",1,1,0,0,1,0,0,2,2,1,1,0,1,0,0,0,90,1,4,0,0,0,1,0,2,1,1,0,1,0,0,0,0,0,0,0,0,0,0,0,0,0,0,9,0,0,0,0,0,0,0,0,0,0,0,0,0,0,0,0,0,0
"Zotu673",1,1,0,14,15,3,1,1,0,2,1,5,2,14,1,1,14,1,0,0,0,0,1,0,2,3,1,3,17,13,110,1,3,1,1,0,53,19,19,47,1,58,1,5,0,2,1,3,0,0,1,0,13,0,3,9,2,2,3,1,1,1
"Zotu1106",1,1,4,5,17,0,2,2,3,1,0,0,1,2,10,5,2,76,7,2,3,0,4,0,1,1,1,2,0,2,2,1,0,1,0,0,0,1,1,1,1,2,1,7,0,1,0,0,120,0,1,0,0,2,7,22,17,0,1,0,1,1
"Zotu2039",1,0,6,6,5,0,17,0,1,0,0,2,2,0,9,1,6,0,0,0,0,0,0,0,0,1,0,0,1,1,0,0,0,0,2,0,0,1,0,0,1,0,0,2,70,1,0,1,0,0,0,6,0,12,0,1,1,0,12,0,1,1
"Zotu3758",1,0,2,0,4,0,0,0,12,0,1,1,0,0,17,0,0,9,0,0,2,0,0,0,0,0,0,1,0,0,1,0,0,0,0,0,0,0,0,0,0,0,0,0,0,0,0,0,0,0,0,0,0,0,0,0,0,0,0,0,0,0
"Zotu2501",1,0,0,0,0,0,1,1,0,1,28,0,0,0,0,1,0,0,1,0,1,0,0,0,0,1,0,0,0,0,0,0,2,1,0,1,0,0,0,0,0,0,0,0,0,2,0,2,0,0,0,0,0,1,23,32,8,2,0,0,0,0
"Zotu3120",1,0,1,0,0,0,0,0,0,0,0,1,0,0,0,0,0,70,0,0,0,0,0,0,0,0,0,0,0,0,0,0,0,0,0,0,0,0,0,0,0,0,0,0,0,0,0,0,0,0,0,0,0,0,0,0,0,0,0,0,0,0
"Zotu404",1,1,17,7,3,4,1,2,22,1,111,153,1,2,59,2,14,1,52,3,0,3,1,4,0,0,1,1,5,1,1,1,1,4,3,3,0,1,42,55,2,0,2,3,3,1,0,4,3,0,3,13,3,1,85,123,28,4,2,5,112,13
"Zotu2802",2,1,72,0,1,0,0,0,0,0,0,0,0,0,16,0,4,0,0,0,0,0,0,0,0,0,0,0,0,1,0,0,0,0,0,0,0,0,0,0,0,0,0,0,0,0,0,0,0,0,0,0,0,0,0,0,0,0,0,0,0,0
"Zotu395",1,3,3,1,1,3,1,1,1,1,1,3,0,5,3,0,1,1,1,2,15,1,6,0,158,2,0,93,81,50,2,1,1,0,0,1,3,174,20,48,1,3,1,0,0,0,0,0,2,4,0,22,3,2,2,1,2,0,3,1,0,1
"Zotu3813",2,0,0,1,0,0,0,0,0,0,0,0,0,0,0,0,1,0,1,0,0,0,0,0,0,1,0,0,8,0,0,1,0,0,0,0,1,0,1,0,1,0,0,6,1,0,1,0,0,2,0,4,18,1,0,0,0,0,0,0,0,12
"Zotu1347",1,2,24,0,0,0,2,103,2,0,1,46,0,1,9,0,6,66,0,0,0,0,1,0,0,1,0,0,0,45,0,0,0,1,2,0,1,36,2,1,0,0,0,4,0,1,0,0,0,0,8,5,0,0,1,1,0,0,0,2,43,0
"Zotu2768",1,3,0,1,0,0,0,1,1,1,0,40,0,1,3,0,2,1,0,0,33,0,1,0,0,0,1,0,0,0,0,0,1,0,0,0,0,0,0,1,0,0,0,0,0,0,1,0,0,0,0,22,0,0,0,1,0,0,0,0,0,0
"Zotu270",1,2,25,0,4,4,1,1,6,2,3,3,1,6,1,2,2,70,6,5,17,0,1,4,0,1,53,0,90,31,0,7,3,6,4,3,3,3,9,4,1,33,180,1,2,5,4,2,5,15,7,1,7,23,3,2,13,16,73,362,92,32
"Zotu4806",1,0,1,0,18,0,1,0,0,0,0,0,0,0,0,0,0,0,0,0,0,0,0,0,0,0,0,0,0,0,0,0,0,0,0,0,0,0,0,0,0,0,0,0,1,0,0,0,0,0,0,0,0,0,0,6,0,0,0,0,0,0
"Zotu3668",1,0,0,0,0,13,0,0,0,0,0,0,0,0,0,0,0,0,0,3,0,0,0,0,0,54,0,0,0,0,0,0,0,0,0,1,0,0,0,0,0,0,0,0,0,0,0,0,0,0,0,0,0,0,0,0,1,18,0,0,0,0
"Zotu417",2,1,2,7,0,0,4,0,1,3,2,0,3,0,1,1,13,1,2,2,31,208,0,0,2,2,1,2,1,31,1,301,1,0,1,1,1,2,69,3,2,0,3,2,0,3,2,3,2,0,1,6,0,56,0,0,0,0,1,0,1,0
"Zotu1523",2,3,5,1,3,0,0,0,0,0,0,5,0,3,0,3,1,1,3,1,1,1,254,0,0,0,1,0,0,1,0,0,0,0,0,0,0,0,0,0,0,0,0,5,0,0,0,0,0,0,0,0,0,0,0,0,0,0,0,0,0,0
"Zotu897",2,1,21,1,2,2,0,0,11,1,0,20,0,29,3,0,0,36,2,0,1,2,0,0,1,1,1,1,1,0,0,2,1,0,0,0,0,1,2,2,2,0,0,0,0,158,0,47,2,0,2,0,0,0,1,1,0,0,0,2,1,0
"Zotu1136",2,2,2,0,0,176,12,1,0,0,0,2,0,1,1,0,0,2,0,2,0,1,2,0,1,2,0,3,1,2,2,0,0,0,0,0,0,0,0,0,0,0,0,0,0,0,0,0,0,0,0,1,0,0,0,0,0,0,0,0,0,0
"Zotu4996",1,0,0,7,85,0,0,0,0,1,1,0,0,0,2,1,2,0,0,0,1,1,0,0,0,0,0,0,2,1,0,0,0,0,0,0,0,0,0,0,0,0,0,0,0,0,0,0,0,0,0,0,0,0,0,0,0,0,0,0,0,0
"Zotu5961",2,0,19,15,3,1,0,2,1,2,0,0,0,1,0,0,27,1,0,0,0,0,1,0,0,0,2,2,0,0,0,0,0,0,0,0,0,0,0,1,0,0,0,0,0,0,0,0,0,0,0,0,0,0,0,0,0,0,0,0,0,0
"Zotu1188",1,0,0,15,2,2,1,2,0,0,1,0,0,0,2,0,18,0,0,1,2,0,0,0,0,1,0,0,0,10,0,0,0,1,1,1,2,1,0,0,0,0,1,3,55,1,0,0,0,1,41,4,24,1,1,0,3,1,1,3,1,0
"Zotu6001",1,0,0,2,38,0,0,0,0,0,0,0,0,0,0,0,0,0,0,0,0,0,0,0,0,0,0,0,0,0,0,0,0,0,0,0,0,0,0,0,0,0,0,0,0,0,0,0,0,0,0,0,0,0,0,0,0,0,0,0,0,0
"Zotu3561",2,1,1,0,96,1,0,0,0,0,0,0,0,1,0,1,0,0,1,3,0,0,0,1,0,2,0,1,0,0,0,0,0,0,0,1,1,0,0,0,0,0,0,8,0,0,1,2,0,0,0,3,0,1,4,12,0,0,0,0,0,0
"Zotu2031",4,2,1,41,92,0,0,2,0,0,0,2,0,0,1,2,6,3,1,1,2,0,3,0,0,2,4,1,0,1,0,0,0,0,0,0,0,0,0,0,0,0,0,7,0,0,0,0,0,0,0,0,0,0,0,0,0,0,0,1,0,0
"Zotu216",5,44,41,5,2,3,4,99,41,7,18,23,2,22,13,4,10,62,0,3,71,0,2,4,2,4,4,4,9,28,1,3,0,5,3,0,6,3,3,2,6,13,5,5,112,61,51,161,149,3,56,40,62,72,2,1,3,2,2,6,7,35
"Zotu700",2,19,27,2,4,2,2,1,22,14,4,86,3,16,5,0,0,36,31,3,2,4,2,0,0,0,1,2,4,1,1,0,1,0,0,0,1,1,2,1,1,0,0,0,0,1,1,2,0,44,53,14,17,6,1,0,1,1,0,2,10,4
"Zotu558",3,27,0,0,0,1,0,0,0,0,16,0,0,1,3,0,1,0,14,0,0,0,0,0,1,0,0,0,0,0,1,2,1,2,3,3,1,2,5,2,1,5,2,4,1,3,116,1,1,0,4,6,3,3,14,27,222,4,3,31,21,2
"Zotu370",1,26,151,3,2,6,2,124,12,4,0,44,4,3,46,6,13,6,1,4,84,1,5,4,3,2,5,5,3,1,0,0,1,3,0,0,1,2,2,1,3,3,184,1,2,0,0,3,4,7,0,39,1,30,2,3,0,2,1,0,2,59
"Zotu1581",1,38,15,0,1,0,1,0,0,0,0,1,0,1,13,0,5,2,0,0,1,1,0,0,0,0,0,0,0,0,0,1,0,0,0,0,0,0,0,1,0,0,0,0,1,0,0,0,0,0,0,30,29,19,0,0,0,2,0,1,2,1
"Zotu1272",1,0,1,0,2,0,0,0,0,0,2,0,0,0,7,0,6,1,1,0,63,0,0,0,0,0,0,1,1,16,1,1,1,2,56,1,1,1,2,0,3,1,0,1,0,1,0,4,0,2,0,36,7,5,0,0,2,1,0,1,0,2
"Zotu241",4,24,71,3,5,4,1,29,94,6,87,67,0,23,42,2,10,114,43,4,6,3,7,5,5,2,3,6,3,4,2,5,2,1,1,3,4,0,3,1,0,5,4,1,2,3,5,3,56,1,29,4,3,23,10,6,32,0,20,144,129,26
"Zotu639",3,2,3,2,6,343,91,2,2,3,3,4,0,3,1,7,4,1,1,6,2,0,2,1,1,1,1,5,5,4,5,0,0,0,0,0,0,0,0,0,0,0,0,0,0,0,0,0,0,0,0,0,0,0,0,0,0,0,0,0,0,0
"Zotu4620",1,0,1,0,0,0,0,2,0,0,1,27,1,0,0,0,2,0,0,1,0,1,0,0,0,1,0,0,0,0,0,0,0,0,0,0,0,0,0,0,0,0,1,0,0,0,0,0,0,0,0,3,0,0,0,0,0,0,0,0,0,2
"Zotu1330",2,31,0,1,0,1,2,1,33,1,0,2,1,2,13,2,2,15,0,0,22,0,0,1,1,0,1,1,25,1,2,0,0,0,0,0,0,0,0,0,0,0,0,0,1,0,0,0,0,0,0,11,11,0,0,1,0,0,0,0,0,0
"Zotu1641",1,5,0,0,1,0,16,15,28,1,1,2,0,1,5,1,1,69,0,2,1,1,1,0,1,15,2,1,1,1,0,0,0,0,0,0,0,18,0,1,2,1,0,0,6,1,2,2,0,5,3,7,12,4,0,0,0,0,0,1,0,0
"Zotu863",3,2,18,2,3,1,1,21,19,12,103,5,1,0,1,0,3,1,70,0,0,1,2,1,2,0,3,2,3,1,1,0,0,1,1,0,0,0,0,1,0,0,1,0,0,0,0,0,0,0,0,0,0,2,0,39,0,0,0,1,0,1
"Zotu2237",1,0,1,1,1,0,0,1,0,1,0,2,0,0,0,1,0,1,0,0,0,1,2,0,0,0,89,1,1,1,0,0,0,0,0,0,0,0,0,0,0,0,0,0,0,0,0,0,0,0,0,0,0,0,0,0,0,0,0,0,0,0
"Zotu1031",2,1,2,1,2,0,0,0,1,0,16,1,1,0,3,3,0,1,0,3,0,0,2,2,0,33,0,30,60,4,0,0,1,0,11,0,27,14,26,29,1,5,1,2,1,0,1,0,2,1,0,4,0,0,1,1,0,0,0,6,0,2
"Zotu3411",1,2,36,0,0,0,0,1,0,0,0,3,0,0,0,0,0,1,0,1,10,1,0,0,0,1,0,0,0,0,0,0,0,0,0,0,0,0,0,0,0,0,0,0,0,0,0,0,0,0,0,0,0,0,0,0,0,0,0,0,0,0
"Zotu997",2,0,1,9,4,2,5,1,23,15,1,2,0,70,5,15,61,1,1,2,53,1,1,0,0,1,4,1,0,4,4,0,0,0,0,0,0,1,0,1,0,0,0,0,0,0,0,0,0,0,2,5,0,0,0,0,0,0,0,0,0,1
"Zotu1853",1,0,0,0,0,0,0,0,0,19,73,0,0,1,1,0,0,0,86,0,0,0,0,0,0,2,0,0,0,0,0,0,0,0,0,0,0,0,0,0,0,0,0,0,0,0,0,0,0,0,0,0,0,0,0,0,0,0,0,0,0,0
"Zotu3482",2,0,1,0,0,1,1,1,0,0,1,1,0,0,3,1,0,1,0,0,0,0,0,0,0,1,1,0,1,29,0,0,0,0,1,0,0,1,0,1,0,0,0,0,0,0,0,0,0,0,0,13,0,0,0,0,0,0,0,0,0,0
"Zotu502",4,2,7,5,6,7,3,6,5,602,4,4,2,1,5,1,2,3,5,11,0,2,2,5,2,3,1,7,4,3,2,0,0,0,0,0,0,0,0,0,0,0,0,0,0,0,0,0,0,0,0,0,0,0,0,0,0,0,0,0,0,0
"Zotu465",4,109,17,17,4,3,17,20,15,13,23,20,4,38,8,1,0,38,32,2,2,3,1,1,1,3,4,5,0,0,2,0,2,4,89,1,0,36,0,1,1,1,157,3,51,1,2,3,1,1,16,5,1,4,4,1,1,0,0,0,4,1
"Zotu950",3,0,0,9,7,2,1,3,3,0,0,0,0,2,1,0,2,2,1,226,1,2,0,0,0,0,0,0,0,0,0,0,0,0,0,0,0,0,0,0,0,0,0,2,0,0,0,0,0,0,0,0,0,0,0,0,0,0,0,0,0,0
"Zotu1249",3,1,0,0,1,197,1,3,2,0,2,0,0,3,2,2,3,1,3,4,3,5,2,0,1,1,0,2,1,4,4,0,0,0,0,0,0,0,0,0,0,0,0,0,0,0,0,0,0,0,0,0,0,0,0,0,0,0,0,0,0,0
"Zotu142",7,50,7,208,7,5,39,8,7,9,7,16,14,3,20,5,55,14,7,6,80,9,11,9,14,161,10,4,796,100,12,2,1,2,176,3,0,106,0,1,1,2,1,6,2,0,1,2,0,3,56,25,1,3,0,1,1,1,0,0,0,6
"Zotu3726",2,0,1,1,8,1,1,1,0,0,0,30,0,0,12,0,5,0,0,0,0,0,1,0,0,0,2,1,0,0,0,0,0,0,0,0,0,0,0,0,0,0,0,0,0,0,0,0,0,0,0,0,0,0,0,0,0,0,0,0,0,0
"Zotu3861",1,1,2,23,50,0,1,2,1,1,3,3,1,0,0,0,5,1,0,2,5,0,2,0,2,1,1,1,1,2,1,1,0,1,0,4,1,0,0,0,0,0,0,2,1,0,0,1,1,0,0,0,0,0,0,0,1,45,0,5,1,0
"Zotu473",5,30,94,0,5,2,1,4,18,1,1,4,9,93,26,2,2,1,0,3,24,1,1,0,1,2,3,4,36,1,2,1,3,4,1,1,0,1,0,2,0,0,1,1,113,1,1,2,4,4,2,84,3,1,0,1,0,0,0,0,1,38
"Zotu259",3,17,26,1,4,1,1,11,17,0,0,42,0,3,19,0,2,55,18,2,1,0,8,0,3,0,1,23,39,2,0,3,5,3,44,3,2,6,4,4,1,3,67,2,2,103,227,26,128,6,107,11,38,31,0,2,3,8,24,67,88,6
"Zotu129",7,4,5,6,9,8,4,3,2,2,2,5,2,5,4,6,4,3,2,8,2,3,5,171,0,4,0,66,224,131,3,6,70,4,8,5,48,22,14,36,5,112,249,10,9,209,67,91,65,5,64,8,5,9,4,8,60,209,31,59,35,4
"Zotu1644",3,0,0,0,0,1,0,1,0,0,1,0,0,0,0,0,0,0,0,0,0,0,0,149,0,1,1,0,0,0,3,0,0,0,0,0,0,0,0,0,0,0,0,0,0,0,0,0,0,0,0,0,0,0,0,0,0,0,0,0,0,0
"Zotu508",1,29,0,2,2,1,1,0,0,0,31,2,0,0,9,0,0,1,41,1,0,2,2,0,1,2,0,65,0,36,1,2,2,169,1,1,0,1,2,3,1,4,1,4,1,1,2,6,2,3,33,7,0,1,8,32,46,4,14,4,2,1
"Zotu311",4,155,58,10,11,3,62,70,13,4,4,24,5,2,16,4,4,75,95,3,19,9,5,3,3,3,5,3,2,6,136,2,1,3,3,0,0,5,0,37,1,1,2,1,0,1,80,82,1,1,3,21,24,50,0,1,0,0,2,2,5,14
"Zotu2508",2,0,0,10,8,0,0,0,0,0,0,1,0,0,0,1,1,0,0,0,1,0,0,0,0,0,0,2,0,0,0,0,0,0,1,0,1,1,0,0,0,0,0,0,0,0,1,0,0,1,0,0,0,0,3,12,22,1,15,0,13,1
"Zotu100",4,106,76,21,2,4,469,38,18,6,5,56,6,80,28,3,32,5,3,8,49,6,4,7,8,12,8,175,110,86,2,9,154,3,9,4,84,42,6,134,4,117,8,21,59,5,4,43,116,9,55,46,125,16,7,6,4,3,2,3,14,126
"Zotu407",2,2,9,8,2,0,2,92,0,0,0,31,2,36,9,3,19,1,4,4,30,2,2,0,0,1,0,7,99,2,0,269,5,12,4,1,3,3,1,1,3,1,1,6,0,1,3,4,0,0,3,73,32,72,1,0,1,1,1,0,1,41
"Zotu2400",2,3,0,42,49,0,1,1,3,1,1,0,1,0,0,2,21,1,0,1,1,1,0,0,0,0,0,1,4,1,0,0,0,0,0,0,0,0,0,0,0,0,0,1,0,0,0,0,0,0,0,0,0,0,0,0,0,0,0,0,0,0
"Zotu289",4,4,12,3,1,0,1,6,2,1,28,4,0,3,3,3,1,83,16,8,2,3,2,2,0,26,1,134,129,49,1,7,0,84,2,2,2,77,260,46,5,58,8,10,11,5,4,2,0,2,1,15,23,0,12,10,7,5,12,2,4,6
"Zotu1612",2,0,0,0,3,0,0,1,0,1,0,0,0,2,0,0,3,0,0,0,0,123,0,2,0,0,0,0,1,0,0,0,0,1,0,0,0,0,0,0,0,0,0,0,0,0,0,0,0,0,0,0,0,0,3,0,0,0,0,0,0,0
"Zotu1040",2,9,6,2,1,1,0,0,9,3,0,0,2,2,2,1,3,1,1,230,2,1,2,0,0,1,2,1,9,0,1,0,0,1,0,0,3,2,9,14,0,0,0,0,0,1,1,0,0,0,1,2,19,0,1,0,0,1,0,11,0,0
"Zotu634",5,2,4,80,2,3,3,3,21,11,1,2,1,29,4,2,9,1,9,0,0,0,2,0,0,2,1,1,0,2,0,0,2,1,2,0,0,2,1,0,2,0,1,62,0,88,1,0,0,2,28,3,3,23,0,1,1,1,0,1,24,1
"Zotu469",1,2,4,3,5,5,2,3,2,0,3,2,1,3,1,3,4,6,7,1,0,2,3,2,2,2,1,202,56,35,5,1,1,1,1,1,0,18,3,32,0,40,50,5,2,4,1,2,0,0,1,9,0,17,0,2,1,2,0,10,26,1
"Zotu5755",1,0,0,0,10,0,1,2,1,0,0,21,0,27,0,0,2,0,0,0,0,0,1,0,0,0,0,1,0,0,1,0,0,0,0,0,0,0,0,0,0,0,0,0,0,0,0,1,0,0,0,0,0,0,0,0,0,0,0,0,16,0
"Zotu1026",4,1,0,0,3,0,0,0,1,0,0,0,1,1,11,0,1,0,140,0,1,0,0,0,1,2,0,0,1,0,0,0,0,0,0,0,0,1,0,1,0,0,0,1,0,0,0,0,0,1,1,0,0,0,1,0,0,0,26,30,17,0
"Zotu373",4,2,15,33,1,0,4,23,7,6,2,35,3,14,44,4,41,2,2,4,45,3,1,0,2,2,4,3,0,24,0,6,10,5,7,2,6,7,4,7,6,3,6,1,6,8,0,68,1,7,25,70,32,121,4,2,3,3,0,1,17,115
"Zotu3880",1,0,1,1,0,0,0,0,0,0,0,0,0,1,1,0,0,0,0,51,0,1,1,0,0,0,1,0,0,1,0,0,0,0,0,0,0,0,0,0,0,0,0,0,0,0,0,0,0,0,0,0,0,0,0,0,0,0,0,0,0,0
"Zotu1598",1,1,13,0,1,1,0,1,0,0,31,0,0,42,9,0,9,0,1,0,14,0,0,1,3,0,0,0,0,8,0,0,1,0,1,0,36,0,2,0,0,0,0,1,0,0,0,0,0,2,0,12,0,0,0,0,0,0,0,0,0,0
"Zotu3714",1,0,1,0,11,1,0,0,1,0,0,11,0,1,2,0,7,0,0,2,0,0,1,0,0,0,0,1,17,0,0,0,0,0,0,0,0,0,0,0,0,0,0,7,0,1,0,0,0,0,0,0,0,0,1,0,0,0,15,0,1,0
"Zotu1480",3,2,2,2,7,0,1,0,2,4,0,22,0,1,15,0,11,0,1,1,0,0,0,0,0,0,2,0,2,1,1,0,0,0,1,0,1,1,0,1,0,0,2,2,0,0,0,0,1,0,0,5,38,5,1,0,0,1,0,19,8,0
"Zotu2093",3,2,0,1,0,1,0,0,19,0,0,1,0,2,1,1,1,60,16,0,1,0,0,0,0,1,0,1,1,0,0,0,0,0,0,0,0,0,0,0,0,0,0,0,0,0,0,0,0,0,0,0,0,0,0,0,0,0,0,0,0,0
"Zotu859",1,2,4,1,7,0,1,23,9,1,29,55,1,7,7,0,2,1,0,3,0,2,4,0,0,0,0,2,3,24,3,1,0,1,0,1,24,0,26,34,0,23,1,2,0,1,1,0,0,2,1,1,1,2,6,1,18,3,2,9,1,1
"Zotu989",3,0,0,2,3,0,1,1,0,2,0,1,0,0,2,0,3,1,0,0,6,0,1,1,1,1,0,25,37,11,0,0,0,0,1,0,41,39,7,20,0,45,0,0,0,0,1,1,0,2,1,2,0,0,0,0,2,0,1,0,1,0
"Zotu5542",1,0,0,3,12,3,0,0,0,0,0,0,0,0,0,0,6,21,0,0,1,0,0,0,0,0,0,0,0,0,0,0,0,0,0,0,0,0,0,0,0,0,0,1,0,0,0,0,0,0,0,0,0,0,0,0,0,0,0,0,0,0
"Zotu3867",2,0,0,2,0,0,2,34,0,0,0,0,0,1,1,1,12,0,0,0,1,0,1,0,1,0,0,0,3,1,0,0,0,0,0,0,0,0,0,0,0,0,0,0,0,0,0,0,0,0,0,0,0,0,0,0,0,0,0,0,0,0
"Zotu1666",1,3,38,77,0,0,0,3,2,0,1,4,0,1,0,0,2,5,1,4,3,0,1,0,0,4,1,1,2,0,0,0,0,0,0,2,0,1,0,1,0,0,0,13,0,0,0,0,0,0,0,0,0,0,0,0,0,0,0,0,0,0
"Zotu196",3,2,21,2,4,1,1,3,2,1,3,6,6,4,1,2,2,6,0,7,6,3,7,3,3,6,2,1,569,28,0,2,5,1,1,465,132,2,2,50,0,47,2,1,2,3,3,2,2,2,21,7,2,2,1,0,4,1,3,2,0,5
"Zotu1402",1,0,0,0,0,0,0,1,0,0,0,0,0,1,0,0,2,0,0,0,10,0,0,0,0,0,0,0,0,1,0,0,1,0,1,0,1,0,1,1,0,1,127,0,21,0,0,0,1,0,0,9,5,14,0,1,0,2,0,6,1,8
"Zotu582",2,2,38,0,1,3,3,2,32,2,43,2,2,1,17,2,3,37,20,3,2,0,1,1,0,3,43,93,26,0,3,3,1,50,4,5,32,51,31,78,5,47,6,2,5,4,1,5,4,2,1,13,44,12,97,290,61,4,3,37,5,5
"Zotu2529",1,0,0,10,24,0,0,0,0,1,0,0,0,0,2,0,6,0,1,0,0,0,0,0,0,0,0,0,0,0,1,0,0,0,0,0,0,1,2,0,0,0,1,2,0,0,0,0,0,0,0,0,0,0,0,0,0,62,0,0,0,0
"Zotu2528",1,0,0,52,0,0,0,0,0,0,0,0,1,0,0,0,8,0,0,1,1,0,2,0,0,0,0,0,12,1,1,0,0,1,0,0,1,0,1,1,0,0,0,31,0,0,0,1,0,1,0,0,0,1,0,1,0,0,0,0,0,1
"Zotu173",6,1,20,6,5,4,5,3,19,6,4,41,4,8,4,2,11,2,1,6,5,413,0,0,0,2,5,8,96,100,2,85,2,38,3,3,146,128,27,25,5,59,3,6,6,3,2,2,8,6,4,16,4,4,4,3,3,1,4,54,8,3
"Zotu1371",1,1,3,0,1,0,29,29,0,31,1,3,1,0,0,0,3,1,3,1,7,1,0,0,0,0,0,0,1,1,2,0,0,0,1,0,0,1,0,2,0,55,0,0,1,0,0,0,0,0,0,10,0,0,0,1,0,0,0,0,1,0
"Zotu973",2,3,8,1,1,4,3,1,44,2,143,2,3,1,0,2,2,1,81,4,3,2,0,0,0,1,1,4,3,0,2,0,1,0,0,0,0,0,0,0,0,34,0,0,1,0,0,0,0,0,0,3,1,0,1,8,0,1,0,0,0,0
"Zotu596",6,43,4,42,5,1,78,1,1,28,4,103,1,6,29,4,72,2,3,1,29,3,2,2,6,2,2,3,20,3,0,0,2,0,1,0,0,2,2,2,0,0,3,5,1,0,1,0,1,2,0,30,11,55,0,0,1,1,1,0,0,10
"Zotu2423",1,0,0,0,123,0,0,0,0,0,0,0,1,0,0,0,1,0,0,0,0,0,0,0,0,0,0,0,0,0,0,0,0,0,0,0,0,0,0,0,0,0,0,0,0,0,0,0,0,0,0,0,0,0,0,0,0,0,0,0,0,0
"Zotu26",7,63,43,3,6,14,20,6,21,20,147,47,6,5,9,2,5,0,32,3,15,230,1,190,293,244,101,3,4,2,371,258,190,46,285,336,6,15,39,8,688,64,8,18,6,98,331,107,89,708,8,13,28,6,6,6,4,162,14,38,34,6
"Zotu1512",2,0,0,1,0,0,1,34,0,30,0,0,1,1,10,1,1,0,12,0,0,1,0,0,0,0,1,0,0,1,1,0,0,1,1,2,0,0,0,0,0,0,4,0,1,1,0,0,3,0,1,0,1,0,7,16,2,0,0,0,16,7
"Zotu257",3,17,22,4,5,5,5,117,1,26,7,46,3,56,47,5,6,3,13,4,25,3,8,3,6,4,2,106,63,83,4,2,4,86,3,4,89,26,6,5,3,82,4,3,4,2,4,6,1,4,59,44,64,70,3,1,1,5,1,1,16,46
"Zotu384",4,4,6,4,5,6,2,0,16,0,61,6,2,82,8,6,4,39,24,3,4,6,2,1,6,2,10,72,125,111,3,4,39,2,2,0,52,11,38,37,1,54,1,1,3,0,1,0,1,2,1,6,5,1,0,0,1,2,1,1,2,5
"Zotu1870",1,0,0,22,7,30,67,1,1,1,10,0,1,0,3,3,20,0,2,4,0,2,1,3,1,1,0,1,1,1,1,0,0,0,0,0,0,0,0,0,0,0,2,4,0,0,0,0,0,0,0,0,0,5,5,0,0,1,0,0,1,1
"Zotu3388",1,0,0,0,1,0,0,0,0,0,1,0,0,1,0,0,0,0,0,0,11,0,0,0,2,0,1,0,0,11,0,0,0,0,0,0,0,2,0,0,1,0,1,0,0,0,0,0,0,0,0,0,0,18,0,0,0,0,0,0,0,2
"Zotu534",3,27,15,1,2,1,4,236,1,2,32,78,2,2,18,5,86,1,3,2,3,1,2,0,4,1,4,0,8,1,5,0,0,0,0,0,0,0,0,0,1,0,0,0,0,0,0,0,0,0,0,0,0,0,0,0,0,0,0,1,0,17
"Zotu1006",1,1,1,4,1,248,1,1,2,31,2,0,2,1,0,2,2,1,2,5,3,0,1,0,3,1,5,3,3,1,5,0,0,0,0,0,0,0,0,0,0,0,0,0,0,0,0,1,0,0,0,0,0,0,0,0,0,0,0,0,0,0
"Zotu115",4,4,5,3,20,7,9,3,0,0,22,2,2,36,8,4,61,5,3,6,40,84,3,214,2,81,26,190,24,41,87,3,2,252,299,173,59,4,48,4,124,36,156,6,6,38,6,3,4,4,5,9,3,1,3,12,5,5,3,65,3,5
"Zotu392",6,5,5,84,4,4,92,2,72,589,4,7,2,7,7,4,133,5,46,3,3,5,1,4,4,3,2,5,2,7,4,0,0,0,0,0,0,0,1,0,0,0,0,0,0,0,0,0,0,0,0,7,0,0,0,0,0,0,0,13,1,0
"Zotu3387",2,0,2,12,66,0,0,1,1,1,1,1,0,2,0,1,0,1,0,2,0,0,1,1,1,1,0,0,0,0,0,0,0,0,0,0,0,0,0,0,0,0,0,2,0,0,0,0,0,0,0,0,0,0,0,0,0,0,0,0,0,0
"Zotu1776",1,39,20,1,3,0,0,34,2,0,23,2,0,1,8,2,1,1,18,3,3,0,2,0,1,0,6,1,0,1,1,0,0,0,0,0,1,1,0,0,0,0,0,1,0,0,0,0,0,0,1,2,0,3,0,1,0,0,0,0,0,7
"Zotu811",3,2,0,22,1,0,3,2,3,1,0,3,1,3,4,2,5,1,2,1,3,1,2,0,0,3,0,72,26,0,116,0,0,38,44,0,0,0,0,0,0,3,0,22,0,0,0,0,0,1,0,8,2,1,0,1,0,0,0,0,1,1
"Zotu178",2,2,108,4,14,3,3,2,122,17,257,61,1,42,73,1,9,74,537,0,1,1,9,5,2,7,0,5,3,0,2,0,0,0,1,0,0,2,0,0,0,0,0,1,3,0,1,1,0,0,2,0,1,2,28,0,0,0,1,83,204,1
"Zotu4192",2,0,40,0,1,1,0,0,0,0,0,0,0,0,12,0,0,0,0,0,0,0,0,0,3,1,2,1,0,2,0,0,0,0,0,1,0,0,0,0,0,1,0,0,0,0,0,0,0,0,0,4,0,0,0,0,0,0,0,0,1,0
"Zotu6147",2,0,0,26,37,0,0,0,0,0,0,0,0,0,0,0,22,0,0,0,0,0,0,1,0,0,0,0,0,0,0,0,0,0,0,0,0,0,0,0,0,0,0,3,0,0,0,0,0,0,0,0,0,0,0,0,0,0,0,0,0,0
"Zotu6321",1,1,0,15,16,0,1,0,0,0,0,0,0,2,0,0,4,0,0,0,0,0,0,0,0,0,0,0,0,0,0,0,1,0,0,0,0,0,0,0,0,0,0,4,0,0,0,0,0,0,0,0,0,0,2,0,0,0,0,0,0,0
"Zotu6264",1,0,0,0,0,0,0,0,0,0,0,0,0,0,0,0,0,0,0,0,16,0,0,0,0,0,0,0,0,1,0,0,0,0,0,0,0,0,0,0,0,0,0,0,0,0,0,0,0,0,0,0,0,0,0,0,0,0,0,0,0,0
"Zotu269",2,3,8,4,2,1,3,4,166,1,1,5,1,448,44,3,2,269,0,0,0,3,14,2,4,5,4,4,4,5,7,0,0,0,0,1,0,0,0,0,1,0,0,0,0,0,0,2,0,0,17,8,0,0,0,1,0,0,0,0,1,17
"Zotu660",2,6,24,2,3,2,3,92,40,34,34,4,0,57,6,4,0,51,20,2,2,2,4,1,1,0,0,1,3,3,2,0,1,0,1,2,0,1,0,0,0,1,1,2,1,1,0,1,1,1,61,1,22,6,0,1,1,2,1,6,17,7
"Zotu684",4,2,2,2,1,3,1,2,1,0,3,4,1,1,0,1,1,3,1,0,0,2,5,0,2,2,143,53,29,22,2,1,0,1,1,0,0,32,11,37,1,14,2,0,0,1,0,1,1,1,1,0,0,0,0,0,1,0,1,1,0,0
"Zotu1728",2,3,0,0,0,0,3,1,1,0,14,0,0,0,6,0,1,31,21,0,0,1,1,0,2,0,0,0,0,1,0,0,0,1,1,0,0,0,0,0,0,1,0,0,0,0,0,27,0,0,0,4,1,0,0,4,0,0,0,0,0,0
"Zotu265",4,4,28,5,88,1,2,2,6,3,25,45,0,35,21,2,50,2,8,7,0,0,4,0,3,2,10,1,6,3,0,9,5,7,8,3,5,5,6,5,6,3,7,29,6,7,5,28,3,102,27,9,21,3,6,6,9,9,5,318,189,38
"Zotu479",2,1,0,1,0,1,0,0,2,0,1,16,0,0,5,0,0,61,0,2,0,1,0,0,0,0,0,1,0,1,120,2,1,128,0,29,33,88,1,40,0,1,1,1,3,0,1,3,1,1,2,1,10,2,3,1,1,0,0,1,1,0
"Zotu399",1,4,2,5,5,201,79,4,7,3,7,2,4,3,3,336,12,6,4,5,2,0,4,2,3,7,13,1,3,5,4,0,0,0,0,0,0,0,0,0,0,0,0,2,0,0,0,0,0,0,0,0,0,0,0,0,0,0,0,0,0,0
"Zotu3598",2,0,9,0,0,0,0,0,5,0,0,0,0,1,1,0,1,0,0,0,0,0,0,0,0,0,0,0,0,0,1,0,0,0,1,0,0,0,0,0,0,0,0,0,0,0,0,22,0,0,1,3,1,0,0,0,0,0,0,0,0,0
"Zotu4949",2,0,0,0,0,0,0,0,0,0,1,0,0,0,8,0,13,0,0,0,0,2,1,1,0,0,0,0,1,29,1,0,0,0,0,0,0,0,0,0,0,0,0,7,0,0,0,0,0,0,0,9,0,0,0,0,0,0,0,0,0,0
"Zotu1671",1,0,11,0,0,0,16,48,12,5,0,0,1,1,3,0,0,0,0,0,0,0,0,0,0,1,0,2,0,0,1,0,0,0,0,0,0,0,0,0,0,0,0,0,0,1,34,1,2,0,0,0,0,13,0,1,0,0,0,0,0,11
"Zotu4321",1,0,0,0,2,0,0,0,5,0,3,0,1,1,2,25,1,1,1,0,0,0,0,0,0,0,2,0,1,0,0,0,0,0,0,0,1,0,0,0,0,0,0,0,0,0,0,0,0,0,0,0,0,0,0,0,0,0,0,0,0,0
"Zotu112",1,0,3,0,0,1,3,1,1,0,1,2,1,1,2,0,5,4,0,1,1,1,1,0,1,1,1,113,37,24,270,12,6,45,71,252,199,204,389,516,8,112,166,4,6,10,5,5,10,12,12,13,8,50,8,3,11,3,7,9,3,10
"Zotu1574",1,0,0,7,26,1,1,1,13,9,13,0,0,21,3,3,3,1,13,2,1,1,0,1,0,0,0,3,0,2,0,1,0,0,1,0,0,0,0,0,0,1,0,9,0,0,48,0,52,0,0,2,0,2,1,1,1,0,2,0,0,0
"Zotu5283",2,1,0,2,0,0,3,0,0,2,0,0,0,1,0,0,7,0,1,0,1,0,0,0,0,0,0,3,0,0,0,0,0,0,0,0,0,0,0,0,0,0,20,3,0,0,0,0,0,0,3,0,0,0,0,0,1,0,0,0,0,1
"Zotu1880",2,1,0,10,0,30,1,1,5,0,1,0,0,1,3,0,9,1,2,0,58,0,0,0,0,0,0,0,0,1,3,0,0,0,0,1,1,0,0,0,1,0,0,0,0,0,0,0,0,0,0,4,0,0,0,2,0,0,0,0,0,31
"Zotu5076",1,0,0,0,0,0,0,0,9,0,15,0,0,1,0,0,0,0,0,0,0,0,0,0,0,0,2,0,0,0,1,0,0,1,0,0,0,0,0,0,0,0,0,0,0,0,0,0,0,0,0,0,0,0,0,0,0,0,0,0,0,0
"Zotu3009",1,0,2,1,22,2,0,4,0,3,16,1,0,1,4,1,18,1,6,0,0,0,0,0,0,1,0,0,0,0,1,0,1,1,0,1,0,1,0,0,0,0,1,0,0,1,0,0,0,1,0,0,0,1,14,4,23,1,0,2,0,0
"Zotu1416",3,0,0,0,0,0,0,0,2,0,2,0,1,1,2,0,1,0,1,1,3,0,0,48,0,12,2,0,10,18,78,0,0,0,0,0,2,5,5,0,0,0,0,0,0,0,0,0,0,1,0,0,0,0,0,1,4,0,0,0,0,0
"Zotu4440",1,2,3,3,1,1,2,0,0,0,1,0,1,0,5,1,38,0,0,0,1,1,0,0,0,0,0,1,0,2,1,0,0,0,0,0,1,0,0,0,0,0,0,0,0,0,0,1,0,0,0,0,1,0,0,1,0,0,8,0,0,0
"Zotu3909",1,0,0,0,0,0,0,0,0,0,0,1,0,1,0,1,24,0,0,0,0,0,0,0,0,1,0,1,3,1,0,0,0,0,0,0,0,0,0,0,0,0,0,0,0,0,0,0,0,0,0,0,0,0,0,0,0,0,0,0,0,0
"Zotu3676",1,0,0,12,3,0,0,1,0,0,0,1,0,1,0,0,3,0,1,0,0,0,0,0,0,0,0,0,0,0,0,0,0,0,1,0,0,0,0,0,0,0,0,1,1,1,0,34,1,0,0,0,0,0,0,0,0,0,0,1,1,4
"Zotu139",7,27,77,36,4,7,6,78,18,2,4,5,9,14,25,9,98,7,1,6,348,2,5,8,4,4,111,96,129,106,3,1,3,160,2,387,2,47,4,0,1,114,111,7,2,0,7,4,2,3,1,76,56,1,4,3,1,0,1,1,2,6
"Zotu5213",1,0,0,0,0,0,4,0,0,0,1,2,0,1,0,0,5,0,0,1,31,0,0,1,0,0,0,2,0,2,0,0,1,2,3,0,3,3,0,6,0,0,0,0,0,0,0,0,0,0,1,18,0,0,0,0,0,0,0,0,0,1
"Zotu3453",2,0,1,0,0,0,0,1,0,0,0,0,0,0,0,0,0,0,0,0,56,0,2,0,0,0,0,0,2,1,0,0,0,0,0,0,0,0,0,0,0,0,0,0,0,0,0,0,0,0,0,0,0,0,0,0,0,0,0,0,0,0
"Zotu1570",1,0,2,19,47,0,4,1,9,0,16,19,3,0,8,1,4,1,39,3,1,0,0,1,1,2,0,2,3,2,2,0,0,0,0,0,1,0,1,1,0,1,0,5,0,1,0,1,0,1,1,2,0,1,1,0,21,0,0,46,1,1
"Zotu1388",1,1,0,1,0,0,0,1,23,0,0,2,1,49,6,0,2,0,0,1,1,0,0,0,0,0,0,0,0,1,0,0,0,0,1,0,75,0,0,0,2,1,1,3,1,1,2,0,0,0,1,13,34,1,2,0,1,1,0,1,2,4
"Zotu5039",1,0,0,1,5,0,0,21,0,0,1,0,0,2,0,1,2,0,0,1,0,0,1,0,0,0,2,0,0,0,0,0,0,0,0,0,0,0,0,0,0,0,0,1,0,0,0,0,0,0,0,0,0,0,0,0,0,0,0,0,0,0
"Zotu327",4,5,69,10,2,4,7,3,72,1,50,31,4,42,47,4,178,323,133,6,3,6,7,2,1,13,1,4,3,3,1,1,0,77,0,2,1,1,0,53,0,1,0,2,1,1,3,0,1,0,2,3,3,20,3,0,0,1,2,0,0,0
"Zotu1818",2,0,17,2,0,3,1,0,0,2,0,3,1,0,4,1,0,139,0,1,10,0,1,0,0,2,0,2,0,0,1,0,0,0,0,0,0,0,0,0,0,0,0,0,0,0,0,0,0,0,0,1,0,0,0,1,0,0,0,0,0,3
"Zotu1579",2,5,2,1,0,1,0,12,14,0,13,0,1,32,10,1,1,10,0,0,1,0,0,0,0,0,0,0,0,0,2,0,0,0,0,0,0,0,0,0,0,0,0,0,0,0,0,0,0,0,0,0,0,1,0,0,0,0,0,9,5,1
"Zotu2638",1,0,2,0,2,0,0,0,1,0,0,0,0,0,0,2,7,68,0,0,17,0,0,0,0,0,0,0,0,0,0,0,0,0,0,0,0,0,0,0,0,0,0,0,0,0,0,0,0,0,0,0,0,0,0,0,0,0,0,0,0,0
"Zotu2016",1,1,0,1,99,1,1,0,0,2,2,0,2,0,0,3,0,0,1,0,0,0,3,0,0,1,1,1,1,0,1,0,0,0,0,0,0,0,0,0,0,0,0,0,0,0,0,0,0,0,0,0,0,0,0,0,0,0,0,0,0,0
"Zotu3354",1,0,1,1,1,8,0,0,0,1,0,0,1,0,0,48,0,0,0,0,0,0,0,0,0,0,0,0,1,0,2,0,0,0,0,0,0,0,0,0,0,0,0,0,0,0,0,0,0,0,0,0,0,0,0,0,0,0,0,0,0,0
"Zotu575",1,28,32,4,2,4,20,0,23,45,1,2,0,25,14,2,78,5,0,4,23,2,3,1,2,5,4,2,18,30,2,0,0,1,0,3,0,0,0,0,0,42,1,2,3,2,1,0,0,1,1,32,5,35,0,0,0,0,0,1,2,4
"Zotu580",2,8,11,3,2,4,9,32,10,8,26,5,0,2,10,7,7,1,0,2,0,0,2,0,2,3,0,53,9,13,0,2,2,2,4,1,0,15,17,13,1,20,1,4,4,1,54,10,48,145,16,0,9,17,0,1,0,4,2,4,2,0
"Zotu1553",1,1,13,1,0,3,13,25,1,35,0,0,0,0,2,1,1,1,1,0,1,1,0,0,0,0,1,1,0,0,0,1,0,0,0,0,1,1,0,0,0,0,0,0,0,1,26,1,18,1,7,2,17,0,0,1,0,0,1,7,13,14
"Zotu329",2,17,7,5,7,2,3,2,3,4,49,29,2,3,0,4,3,5,1,3,4,2,276,323,4,0,3,2,2,2,3,90,0,0,0,1,0,1,0,0,0,0,1,0,0,0,0,1,1,0,2,0,20,0,2,1,0,0,0,0,1,2
"Zotu548",4,4,1,5,16,4,2,28,6,3,3,12,0,0,2,2,30,3,1,0,21,1,1,0,173,3,2,3,19,0,1,1,3,1,2,0,1,1,2,0,2,2,4,7,3,3,6,0,52,2,51,42,3,43,1,1,2,1,1,2,1,63
"Zotu1509",1,16,5,48,30,3,0,0,5,1,1,3,1,14,6,0,14,1,0,0,1,0,4,1,0,2,1,2,1,0,1,1,0,0,1,0,0,1,0,1,0,0,1,3,0,0,0,1,0,0,23,1,0,0,9,1,41,0,6,2,7,3
"Zotu2444",1,0,0,0,0,0,0,2,1,0,0,1,0,18,6,3,4,0,0,0,4,2,0,0,1,0,0,1,9,4,0,0,0,0,0,0,1,11,0,0,0,0,0,0,0,0,1,57,0,0,0,5,0,0,0,0,0,0,0,1,0,7
"Zotu1567",1,4,2,2,1,0,159,0,1,0,1,0,0,0,1,2,2,0,0,0,2,0,0,0,0,0,1,0,0,0,0,0,0,0,0,0,1,0,0,0,0,0,0,0,0,0,0,0,0,0,0,0,0,0,0,0,0,0,0,0,0,0
"Zotu254",4,12,2,4,1,1,0,0,3,2,1,1,1,23,3,1,4,24,1,2,5,82,3,2,2,1,100,107,7,23,5,68,2,120,226,2,87,8,1,54,3,79,3,4,28,1,2,3,2,1,3,6,1,18,7,3,3,3,0,1,30,14
"Zotu4919",1,0,0,0,0,0,1,0,0,0,0,0,0,0,0,0,0,0,0,0,13,0,0,0,0,1,0,0,0,1,0,0,0,0,0,1,0,0,0,0,0,0,0,0,0,0,0,0,33,0,1,1,0,0,0,0,0,0,0,0,0,0
"Zotu2687",1,4,11,0,2,1,0,0,0,1,0,0,0,13,0,1,0,0,27,0,0,0,0,0,1,0,0,0,0,1,0,0,0,0,0,0,0,0,0,0,0,0,0,0,0,0,0,0,0,0,0,0,0,0,0,0,0,0,0,0,7,2
"Zotu374",1,2,0,0,2,0,0,1,171,0,0,1,0,672,26,1,0,0,0,2,1,4,1,1,0,0,0,0,0,0,1,0,0,0,0,0,0,0,0,0,0,0,0,0,0,0,0,0,0,0,0,0,0,0,0,0,0,0,0,0,0,0
"Zotu2365",1,1,0,1,1,13,0,0,1,43,0,1,0,0,0,6,2,2,0,0,0,2,1,1,0,1,0,0,0,1,1,0,0,0,0,0,0,0,0,0,0,0,0,0,0,0,0,0,0,0,0,0,0,0,0,0,0,0,0,0,0,0
"Zotu2603",2,1,1,1,1,0,0,1,0,0,0,56,0,0,2,0,0,0,1,1,0,0,0,0,1,0,0,0,1,0,0,0,0,0,1,0,0,0,0,0,1,0,1,0,0,0,0,1,0,0,0,0,2,0,6,1,0,1,0,7,0,0
"Zotu4272",3,0,0,0,0,0,0,0,0,1,1,0,1,25,0,0,0,0,0,0,5,0,0,0,0,1,0,0,2,0,0,0,0,0,0,0,0,0,0,0,0,0,0,0,0,0,0,0,0,0,0,0,0,0,0,0,0,0,0,0,0,0
"Zotu605",1,1,2,4,99,1,1,2,6,5,5,3,0,1,13,1,57,28,19,3,13,1,2,0,1,2,1,1,1,1,2,42,2,1,1,1,1,1,0,3,1,1,1,25,28,1,3,1,2,0,1,2,1,1,0,1,1,1,17,75,18,1
"Zotu5132",1,0,0,0,30,0,0,0,0,0,0,1,0,0,0,0,0,0,0,1,0,0,1,0,0,0,0,0,0,0,0,0,0,0,0,0,0,0,0,0,0,0,0,0,0,0,0,0,0,0,0,0,0,0,0,0,0,0,0,0,0,0
"Zotu3414",2,0,0,1,32,1,0,0,0,0,0,2,2,0,1,0,0,1,1,1,0,0,1,1,0,0,1,2,21,1,0,0,0,0,0,0,0,0,0,0,0,0,0,0,0,0,0,0,0,0,0,0,0,0,0,0,0,0,0,0,0,0
"Zotu3182",1,20,11,0,0,1,0,1,1,1,0,1,0,11,1,0,3,0,0,0,3,0,0,0,0,0,0,0,0,0,0,0,0,0,1,0,0,0,0,1,0,0,0,0,0,0,0,0,0,0,0,3,12,0,0,0,0,0,0,1,0,8
"Zotu5661",1,0,1,2,0,0,0,0,7,0,0,0,0,0,0,0,3,0,0,0,0,0,0,0,0,0,0,0,0,0,0,1,0,0,0,2,1,0,0,0,0,1,0,0,0,0,0,0,0,0,0,2,2,0,0,0,0,0,17,5,3,2
"Zotu774",1,4,7,2,0,2,35,46,2,7,1,5,5,1,4,4,1,0,10,1,6,4,0,1,0,17,3,95,3,1,3,0,1,3,0,0,0,1,0,2,2,0,0,1,1,0,0,0,1,0,73,22,1,0,1,0,0,0,0,3,0,30
"Zotu5773",1,0,0,5,0,0,0,0,0,0,0,0,0,15,0,0,2,0,0,0,0,0,0,0,0,0,0,1,0,0,0,0,0,0,0,0,0,1,0,0,0,0,0,1,0,0,0,0,0,0,0,0,0,0,0,0,0,0,0,0,0,0
"Zotu3971",1,0,0,7,0,0,0,0,0,0,39,0,0,0,0,1,4,0,0,0,1,2,0,0,0,0,0,1,7,0,0,0,0,0,0,0,0,0,0,0,0,0,0,1,0,0,0,0,0,0,0,0,0,0,0,0,0,0,0,0,0,0
"Zotu435",3,4,13,6,0,0,1,10,3,2,0,2,0,19,6,0,2,59,17,1,0,0,2,1,0,0,0,0,2,14,1,2,2,1,1,2,3,2,2,0,2,2,4,3,2,4,264,101,1,3,37,9,7,3,2,3,26,2,10,49,99,9
"Zotu3465",2,0,0,0,0,0,0,0,0,6,1,0,0,0,2,0,1,0,0,2,0,0,0,0,0,0,31,0,0,9,0,0,0,0,0,0,0,0,0,0,0,0,0,3,0,0,0,0,0,0,0,0,0,0,0,0,0,0,0,0,0,0
"Zotu3941",1,0,1,8,20,0,0,1,1,0,1,4,0,0,2,2,0,1,2,0,0,0,0,0,0,0,0,0,0,0,2,1,0,0,0,0,0,0,0,0,0,0,0,1,0,0,0,0,0,0,1,0,0,0,0,0,10,0,5,0,0,0
"Zotu1059",1,20,0,4,4,0,1,0,0,0,3,54,0,0,1,0,1,1,38,2,1,1,2,1,3,1,0,1,3,0,0,1,2,0,4,1,0,0,0,0,1,1,0,1,0,98,0,0,0,1,0,1,0,0,6,13,0,3,16,2,3,4
"Zotu246",3,2,2,459,141,1,5,1,6,5,6,20,6,4,5,5,42,2,8,5,5,0,3,4,3,6,11,3,1,5,8,3,4,1,5,1,1,0,6,0,0,4,1,14,5,2,5,5,3,3,3,0,4,1,12,21,24,39,227,69,82,8
"Zotu238",3,14,2,0,2,3,1,2,0,0,14,2,0,0,3,2,1,0,3,401,1,1,1,0,1,1,3,128,18,91,2,2,2,19,3,2,75,99,83,39,1,65,2,2,2,1,3,0,17,73,0,0,1,1,0,0,1,2,1,4,2,1
"Zotu1840",1,2,1,44,70,1,1,0,0,0,0,1,0,1,5,0,2,2,0,0,1,1,3,0,0,0,1,1,0,0,5,0,0,0,0,0,0,0,0,0,0,0,0,0,0,0,0,0,0,0,0,0,0,0,0,0,0,0,0,0,0,0
"Zotu4067",2,0,0,25,16,0,0,0,0,0,0,2,0,0,0,0,4,0,0,1,1,0,0,0,0,0,0,0,0,0,0,0,0,0,0,0,0,0,0,0,0,0,0,0,0,0,0,0,0,0,0,0,0,0,0,0,0,0,0,0,0,0
"Zotu4527",1,0,0,0,0,0,0,0,0,0,0,0,0,0,0,0,0,0,0,0,0,0,0,0,0,0,0,0,0,0,0,0,0,2,0,1,0,0,0,1,0,0,0,0,0,0,0,0,0,0,0,0,0,0,22,4,10,0,0,0,1,0
"Zotu3895",2,0,1,0,0,0,0,0,0,0,0,0,0,0,0,0,0,1,0,0,0,0,0,0,0,0,49,0,0,0,0,0,0,0,0,0,0,0,0,0,0,0,0,0,0,0,0,0,0,0,0,0,0,0,0,0,0,0,0,0,0,0
"Zotu2451",2,1,0,0,0,0,1,0,0,0,1,2,2,0,3,0,1,0,0,0,1,0,0,1,0,0,0,56,0,0,0,0,0,0,0,0,0,0,19,0,0,0,0,0,0,0,0,0,0,0,0,0,1,0,0,0,0,0,0,1,0,0
"Zotu5842",1,0,1,0,42,0,0,1,0,1,0,1,1,0,0,0,0,0,0,0,0,0,0,0,0,1,1,0,0,0,0,0,0,0,0,0,0,0,0,0,0,0,0,0,0,0,0,0,0,0,0,0,0,0,0,0,0,0,0,0,0,0
"Zotu226",5,4,2,2,5,8,9,8,6,4,5,4,13,3,5,1052,10,1,5,7,4,6,16,9,11,4,5,3,3,5,6,0,0,1,0,0,0,0,0,0,0,0,0,0,0,0,0,0,0,0,0,0,0,0,0,0,0,0,0,0,0,0
"Zotu6000",1,1,0,14,12,11,0,1,0,0,1,0,0,1,0,1,2,0,0,0,0,0,0,0,0,0,0,1,0,0,0,0,0,0,0,0,0,0,0,0,0,0,0,1,0,0,0,0,0,0,0,0,0,0,0,0,0,0,0,0,0,0
"Zotu600",2,3,0,1,3,0,0,5,1,1,79,2,0,1,5,1,0,2,34,0,1,1,2,1,0,0,64,106,2,2,2,1,0,1,1,0,26,0,0,31,4,3,1,0,0,2,1,1,2,1,0,10,1,0,1,46,49,2,1,1,3,0
"Zotu2669",2,0,11,11,7,2,2,1,0,3,2,0,0,1,8,0,18,4,0,0,6,0,0,0,1,1,1,0,1,1,0,0,0,0,1,0,0,0,0,0,0,0,0,1,0,1,0,0,0,0,0,4,0,0,0,1,0,0,1,0,0,0
"Zotu743",3,4,3,3,1,1,20,3,3,9,0,13,1,7,12,0,3,3,2,0,26,1,2,0,0,4,2,0,24,8,0,0,0,8,1,2,21,24,1,1,1,3,2,1,1,4,5,4,2,3,0,7,22,47,1,0,0,0,1,2,1,46
"Zotu3030",2,1,6,0,0,0,0,0,1,0,0,0,0,0,0,0,3,0,40,0,0,1,0,0,0,0,0,0,0,0,0,0,0,0,0,0,0,0,1,0,0,0,0,0,0,0,0,0,0,0,0,2,0,0,0,0,0,0,0,0,0,0
"Zotu1094",3,2,1,0,0,0,0,0,0,1,0,0,2,1,4,0,0,0,0,2,0,1,0,1,0,1,0,0,0,0,211,0,0,0,0,0,0,0,0,0,0,0,0,1,0,0,0,0,0,0,0,0,0,0,0,0,0,0,0,0,0,0
"Zotu946",1,21,2,0,2,0,0,46,1,1,1,8,0,2,17,1,0,5,0,0,19,1,1,1,0,2,1,0,9,21,1,15,17,4,2,1,13,2,0,3,0,2,16,1,44,1,1,0,31,1,18,26,0,12,1,1,4,2,2,1,16,48
"Zotu595",1,1,0,8,11,0,0,0,0,0,0,0,0,0,0,0,0,1,0,0,0,0,0,0,0,1,0,0,0,1,0,1,0,1,2,3,0,4,1,2,0,2,2,1,4,2,4,3,0,1,3,0,2,4,26,75,80,93,19,32,31,1
"Zotu647",1,9,17,0,4,96,1,0,15,1,26,10,0,4,12,0,3,2,37,2,0,0,4,0,0,0,2,1,1,1,1,0,1,1,1,0,3,0,2,0,2,0,2,10,0,1,86,2,1,1,16,3,0,0,7,4,17,72,1,1,0,8
"Zotu4177",1,0,1,2,0,1,0,0,1,0,0,0,0,0,3,0,0,34,0,0,0,0,0,0,0,0,0,0,0,0,0,0,0,0,0,0,0,0,0,0,0,0,0,2,0,0,0,0,0,0,0,0,0,0,0,0,0,0,0,0,0,0
"Zotu365",7,22,21,5,4,16,17,338,1,9,34,110,3,24,11,8,29,2,3,3,17,0,5,5,1,11,3,4,4,11,2,2,1,4,3,1,2,2,1,6,5,2,1,2,60,2,1,68,2,0,0,30,15,2,1,0,0,0,0,2,43,47
"Zotu140",5,52,70,1,5,5,2,73,23,4,47,43,1,68,60,2,15,149,35,2,2,3,2,6,1,0,4,6,3,1,5,14,3,11,7,7,6,7,7,4,8,6,9,4,9,161,261,5,70,3,118,19,26,23,29,55,45,146,7,325,19,7
"Zotu1634",1,0,0,10,0,0,0,1,0,0,0,0,0,1,0,0,39,1,0,0,0,0,0,0,0,0,0,0,1,0,0,0,172,0,0,0,0,0,0,0,0,0,1,2,0,1,0,1,0,0,1,1,0,0,0,1,0,0,0,0,0,0
"Zotu4671",2,0,0,15,42,0,0,3,1,0,0,0,0,0,0,0,3,0,1,0,1,0,0,0,0,0,1,1,1,0,0,0,0,0,0,0,0,0,0,0,0,1,0,11,0,0,0,0,0,0,0,0,0,0,0,0,0,0,0,0,0,0
"Zotu1811",1,11,0,1,0,0,3,0,0,0,0,2,0,0,1,1,8,0,0,0,1,1,1,0,1,1,0,1,23,21,1,0,21,1,0,0,9,0,1,1,3,1,0,0,38,0,1,2,1,0,0,9,0,0,3,0,0,0,0,0,0,21
"Zotu1158",1,1,0,0,0,0,0,0,0,0,17,0,0,0,1,0,4,0,0,0,0,0,0,0,2,0,1,0,2,0,0,0,0,0,0,0,0,0,1,21,175,1,0,0,0,0,0,1,0,1,41,1,2,0,1,0,2,0,1,0,0,1
"Zotu3832",2,0,1,16,20,7,9,0,0,0,0,27,0,0,1,3,27,0,0,1,1,5,0,0,0,0,2,0,1,0,0,0,0,0,0,0,0,0,0,0,0,0,0,1,0,0,0,0,0,0,0,0,0,0,0,0,0,0,0,0,0,0
"Zotu613",3,148,2,4,10,1,1,118,1,3,51,6,1,17,5,3,3,31,0,3,0,1,3,1,8,4,3,2,1,4,2,1,1,0,0,0,0,0,0,1,0,0,0,0,0,1,0,55,0,1,0,5,1,0,1,3,8,0,0,1,2,0
"Zotu3954",1,1,2,14,0,0,3,1,1,4,1,0,0,2,1,0,0,1,1,3,0,0,0,0,2,0,0,1,0,3,0,0,0,0,0,3,1,1,1,0,0,1,5,0,1,1,2,3,1,4,0,5,1,0,0,0,16,0,0,1,7,14
"Zotu944",2,0,0,1,0,0,0,1,0,0,0,58,0,0,3,0,3,1,1,0,15,0,0,0,1,0,0,2,1,0,0,0,0,1,0,0,0,1,1,1,0,0,0,1,0,0,2,1,2,0,3,47,49,1,1,0,0,1,0,0,0,37
"Zotu425",2,34,36,31,3,5,4,2,13,69,1,19,1,4,5,3,16,4,23,1,1,272,7,1,3,4,6,85,87,2,2,2,0,42,0,0,23,71,0,1,1,2,0,5,0,1,0,0,1,0,0,6,1,1,0,1,3,0,0,1,21,0
"Zotu91",8,221,62,8,12,5,14,243,60,15,34,377,15,70,494,12,19,13,1,315,14,7,7,8,10,9,21,14,13,4,9,6,6,6,4,0,1,2,3,5,5,7,6,2,7,3,3,3,4,8,3,465,89,35,1,2,3,2,1,2,1,26
"Zotu172",8,5,64,5,9,4,6,4,52,2,93,258,3,8,78,6,6,78,42,393,2,3,9,2,2,12,0,4,2,1,2,0,2,0,2,4,0,0,1,3,1,0,0,2,0,2,1,2,2,1,93,34,101,4,0,6,2,3,0,54,5,2
"Zotu4681",1,1,0,0,0,0,0,0,0,1,0,0,0,0,0,1,1,0,47,0,1,1,0,0,0,0,0,0,0,0,0,0,0,0,0,0,0,0,0,0,0,0,0,0,0,0,0,0,0,0,0,0,0,0,0,0,0,0,0,0,0,0
"Zotu4207",1,0,3,1,1,1,1,0,0,0,1,0,0,0,9,0,6,1,37,0,0,0,0,0,1,1,0,0,0,0,0,0,0,1,2,1,0,1,0,0,0,0,0,14,0,0,0,0,1,0,1,7,0,40,0,0,0,0,1,0,1,0
"Zotu2554",1,0,0,1,0,2,47,0,0,3,2,0,0,0,0,1,15,1,0,1,1,0,1,0,1,0,0,0,0,0,0,0,0,1,0,0,0,0,1,0,0,0,1,0,0,0,0,0,0,0,0,0,17,0,0,0,0,0,1,0,0,0
"Zotu458",1,1,17,0,3,1,3,1,2,0,2,1,0,1,5,2,1,112,1,1,8,2,155,1,91,3,1,0,2,0,1,74,1,0,141,33,3,0,11,1,4,1,85,7,4,0,0,1,1,2,2,0,1,0,7,0,1,2,0,0,1,1
"Zotu5878",1,0,0,3,2,0,10,0,0,0,0,0,0,0,1,0,7,0,0,0,8,0,0,0,0,0,0,2,0,0,0,0,0,0,0,0,0,0,0,0,1,0,0,0,0,1,0,1,0,0,0,1,0,0,0,0,0,0,0,2,4,0
"Zotu490",1,3,4,2,1,497,52,3,2,3,2,4,2,6,4,43,2,4,2,2,1,4,3,1,4,1,5,2,3,7,5,0,0,0,0,0,0,0,0,0,0,0,0,0,0,0,0,0,0,0,0,0,0,0,0,0,0,0,0,0,0,0
"Zotu461",3,1,1,1,0,0,2,0,0,0,0,2,2,1,0,0,1,1,1,0,4,6,0,0,1,1,2,2,2,266,2,0,0,1,2,0,1,2,1,91,283,3,1,1,1,1,1,0,0,2,1,2,1,0,1,0,0,0,0,0,0,1
"Zotu1496",2,0,11,0,4,0,1,1,0,0,0,1,0,2,15,1,8,136,0,1,1,0,1,0,0,2,0,1,0,0,0,0,0,0,0,0,0,0,0,0,0,0,0,2,0,0,0,0,0,0,0,6,0,0,0,0,0,0,0,0,0,0
"Zotu49",2,13,7,23,1,6,10,8,4,12,6,8,9,5,7,3,19,9,2,8,90,10,7,12,6,7,320,458,396,268,8,148,611,220,20,9,501,239,125,164,11,214,16,9,12,11,9,7,10,13,11,27,9,33,7,5,6,6,7,8,5,24
"Zotu221",5,6,8,3,2,4,5,2,2,2,3,2,1,1,4,2,8,45,0,5,3,95,203,0,2,0,1,2,4,17,135,182,84,1,4,784,31,17,3,3,2,2,2,10,4,4,2,4,1,3,2,7,2,26,2,2,9,0,0,3,3,0
"Zotu854",1,1,3,5,229,4,1,2,0,0,3,3,0,2,11,0,52,3,1,0,2,2,2,1,3,2,3,2,6,3,1,0,0,0,0,0,0,0,0,0,0,0,0,0,0,0,0,0,0,0,0,0,0,0,0,0,0,0,0,0,0,0
"Zotu3379",1,0,0,3,8,0,0,0,1,0,22,0,0,6,1,1,0,0,0,0,1,0,0,0,0,0,0,1,0,0,0,0,0,0,0,0,0,0,0,0,0,0,0,4,1,0,0,0,0,1,0,0,0,1,0,0,0,0,0,1,0,0
"Zotu5366",2,0,0,0,1,0,1,0,0,0,0,0,0,0,1,0,32,0,0,0,0,0,0,0,0,0,0,0,0,0,1,0,0,0,1,1,0,0,0,0,0,0,0,0,1,0,0,1,0,1,0,3,0,0,0,0,0,0,18,0,0,0
"Zotu2466",1,0,1,3,9,1,1,1,1,9,21,4,0,0,13,0,1,0,19,0,0,1,0,1,0,1,0,4,1,9,1,0,2,0,0,1,0,0,0,0,1,0,1,8,0,0,0,0,0,0,0,0,0,0,1,11,0,0,0,0,0,0
"Zotu266",3,2,4,3,5,4,3,1,2,2,2,1,7,2,3,2,2,4,0,3,2,211,249,1,1,2,2,2,39,20,165,3,2,3,5,22,15,4,75,206,3,4,1,0,4,3,1,0,0,2,1,24,21,18,3,2,1,2,2,0,2,5
"Zotu789",1,1,0,0,2,1,1,1,1,1,1,1,0,1,10,2,1,0,0,0,0,385,0,0,0,36,1,1,0,4,0,0,0,0,0,0,0,0,0,0,0,0,0,0,0,0,0,0,0,0,0,0,0,0,0,0,0,0,0,0,0,0
"Zotu735",2,0,25,3,6,1,2,5,27,1,71,23,0,28,10,2,4,113,66,5,0,1,1,1,1,4,2,3,1,0,2,0,0,0,0,0,0,0,0,0,0,0,0,0,1,0,0,0,0,0,0,5,0,0,0,0,0,0,0,4,0,0
"Zotu2755",1,12,0,2,1,1,0,0,0,0,2,0,2,2,4,1,1,0,0,0,0,0,0,0,2,0,0,55,0,0,0,1,0,0,14,0,0,33,0,1,0,0,1,1,0,0,1,0,0,0,0,0,0,1,8,0,0,0,0,1,0,0
"Zotu2727",2,1,2,2,0,0,1,0,6,2,0,12,0,18,1,1,3,2,50,1,1,0,1,0,0,1,0,0,1,1,0,0,0,0,0,0,0,0,0,0,0,0,0,0,0,0,0,0,0,0,0,0,4,0,0,0,0,0,0,0,0,0
"Zotu1722",1,0,1,1,0,3,0,2,2,1,1,1,0,1,1,118,1,0,0,1,1,0,1,0,1,1,0,0,0,0,0,0,0,0,0,0,0,0,0,0,0,0,0,0,0,0,0,0,0,0,0,0,0,0,0,0,0,0,0,0,0,0
"Zotu4922",1,0,0,0,0,4,0,0,0,0,0,36,0,0,2,0,4,0,0,0,0,0,2,0,0,0,0,0,0,0,0,0,0,0,0,1,0,0,0,0,0,0,2,0,0,0,0,0,0,0,0,6,0,6,0,0,0,0,0,0,0,0
"Zotu5050",2,0,2,22,13,0,1,0,0,0,0,1,0,0,0,0,4,0,0,0,0,0,0,0,0,0,0,0,0,0,0,0,0,0,0,0,0,0,0,0,0,0,0,0,0,0,0,0,0,0,0,0,0,0,0,0,0,0,1,0,0,0
"Zotu1562",1,2,0,1,0,0,1,0,39,0,0,27,0,44,10,3,0,1,41,0,0,1,1,0,1,0,1,2,1,0,0,0,0,0,0,0,0,0,0,0,0,0,0,0,0,0,0,0,0,0,0,0,0,0,0,0,0,0,0,0,0,0
"Zotu713",3,1,0,0,0,0,0,1,0,0,1,0,1,1,1,0,2,0,0,1,1,103,1,113,1,5,0,1,0,1,1,144,0,0,0,0,0,0,1,1,0,1,1,3,0,0,1,13,1,1,2,0,3,0,0,0,0,1,0,0,8,2
"Zotu1822",1,1,0,34,5,0,1,0,0,0,1,0,0,0,0,1,15,1,1,0,0,1,2,0,0,0,0,0,1,0,0,4,0,0,0,1,0,2,0,0,1,0,1,93,0,0,0,0,0,0,0,0,1,0,0,0,0,1,0,0,0,0
"Zotu4077",2,0,11,0,0,0,0,1,33,5,0,0,0,0,0,0,0,0,1,0,1,0,0,0,0,0,2,0,0,0,0,0,0,0,0,0,0,0,0,0,0,0,0,0,0,0,0,0,0,0,0,0,0,0,0,0,0,0,0,0,0,0
"Zotu2665",2,0,0,0,1,0,0,0,20,0,0,0,0,0,0,1,13,0,0,0,0,0,0,0,1,0,0,1,0,1,0,0,0,0,0,0,0,0,0,1,0,0,0,0,0,1,0,0,1,0,0,0,0,0,13,11,2,0,1,1,0,1
"Zotu133",2,47,25,4,6,1,4,30,106,4,2,5,4,32,48,3,43,4,80,3,1,7,267,2,8,5,6,3,7,2,8,213,2,1,6,6,38,5,1,3,5,4,4,8,4,11,256,80,117,6,72,31,90,262,4,5,0,4,2,3,5,48
"Zotu2448",1,1,0,0,0,0,1,0,0,2,0,0,0,1,0,0,11,0,0,0,0,0,0,0,0,1,0,0,0,23,0,0,0,2,0,0,2,0,10,51,0,1,0,0,1,1,0,0,1,0,0,0,1,0,1,0,0,0,21,1,0,2
"Zotu4277",2,2,1,4,55,0,1,1,0,17,0,3,0,0,0,2,3,0,0,1,0,0,0,0,0,0,0,1,0,0,1,0,0,0,0,0,0,0,0,0,0,0,0,18,0,0,0,0,0,0,0,0,0,0,0,0,1,0,0,0,0,0
"Zotu2844",1,1,0,0,0,1,0,1,5,1,41,0,0,11,6,0,1,0,2,0,0,0,0,1,0,1,0,0,0,0,0,0,0,0,0,1,0,1,0,0,0,0,0,1,1,0,0,0,0,0,0,7,0,13,0,0,1,1,0,0,0,0
"Zotu224",5,5,38,28,0,32,4,7,3,4,2,8,3,6,18,7,44,2,2,5,66,214,5,1,3,1,2,77,211,114,4,3,2,37,104,0,4,2,4,0,3,139,1,7,0,2,2,2,2,5,1,69,111,47,1,2,5,1,3,1,4,36
"Zotu529",1,8,4,0,0,0,0,14,4,0,0,8,0,8,6,0,0,1,1,0,1,0,0,0,0,0,0,0,1,0,0,1,2,3,1,2,4,3,2,0,4,1,4,1,5,2,79,225,178,28,1,2,0,3,3,2,1,2,0,5,3,1
"Zotu514",5,12,34,5,5,3,0,2,40,4,16,76,4,10,29,0,12,123,31,2,5,0,8,1,2,6,7,2,8,3,2,0,0,2,5,0,1,1,1,1,1,1,0,1,2,0,0,0,2,139,1,16,11,43,1,3,4,0,15,0,2,0
"Zotu2674",3,1,12,14,51,1,1,1,0,0,0,3,0,0,4,1,5,1,0,0,1,1,0,0,1,0,2,1,1,1,0,0,0,0,0,0,0,0,0,0,0,0,0,2,0,0,0,0,0,0,0,0,0,0,0,0,0,0,0,0,0,0
"Zotu2777",3,1,0,1,0,1,0,0,4,0,0,12,0,0,6,0,0,0,0,0,0,1,1,0,0,0,0,0,0,0,0,0,0,0,1,0,0,1,0,0,0,0,1,6,0,2,1,0,1,0,0,2,0,0,1,49,15,0,7,0,2,0
"Zotu526",3,1,2,7,6,3,1,1,1,2,2,1,2,3,2,1,6,3,0,1,0,0,268,0,0,3,0,0,0,4,0,218,1,1,0,1,1,3,1,34,1,2,2,20,1,0,1,1,0,1,0,4,0,3,0,0,0,0,1,0,1,0
"Zotu4739",1,1,1,2,2,0,1,0,0,0,0,0,0,4,2,0,0,0,0,0,4,0,0,0,0,0,0,0,0,0,0,1,4,1,0,0,1,1,12,0,0,14,0,2,1,2,0,2,0,0,0,25,0,2,1,11,1,0,0,0,0,1
"Zotu2663",1,2,0,0,2,0,0,1,2,1,0,0,0,0,6,0,0,60,0,1,0,1,0,0,0,0,0,0,1,0,0,0,0,0,0,0,0,0,0,0,0,0,0,1,0,0,0,0,0,0,0,1,0,2,0,0,0,0,0,0,0,0
"Zotu711",1,0,23,0,0,0,4,0,0,0,0,0,1,0,1,0,2,0,0,0,12,0,0,0,0,0,0,0,1,0,0,3,3,130,1,2,0,2,1,1,4,0,5,1,2,0,4,76,161,3,3,12,0,1,0,1,0,1,1,0,0,15
"Zotu884",2,3,0,119,138,2,2,1,1,3,0,22,1,3,1,4,21,2,3,5,1,1,3,1,2,3,0,1,0,1,2,0,0,0,0,0,0,0,0,0,0,0,0,2,0,0,0,0,0,0,0,0,2,0,0,0,0,0,0,0,0,0
"Zotu736",3,9,6,34,32,146,1,12,3,5,3,1,1,13,2,3,8,2,0,2,1,0,2,3,1,2,0,0,2,3,1,0,1,2,3,1,0,0,1,1,2,1,0,7,45,1,0,3,1,1,11,9,12,0,1,0,0,1,11,1,0,22
"Zotu2032",1,3,20,0,0,0,1,1,11,0,0,1,0,0,13,0,0,0,1,1,0,0,0,0,0,0,0,0,0,0,0,1,1,0,0,0,0,0,0,0,0,0,0,0,0,0,0,0,0,0,0,5,0,25,0,0,0,0,0,11,0,0
"Zotu2587",1,0,0,0,0,0,0,12,0,1,0,0,0,1,1,0,1,1,0,0,4,0,0,0,1,0,0,0,0,22,0,3,0,1,0,2,28,1,0,2,0,2,0,0,0,1,0,1,0,0,1,7,8,3,0,0,0,0,1,0,0,2
"Zotu654",4,2,2,4,0,394,2,2,0,4,3,1,1,2,1,0,2,2,2,2,2,0,3,0,2,4,2,3,3,0,2,0,0,0,0,0,0,0,0,0,0,0,0,0,0,0,0,0,0,0,0,0,0,0,0,0,0,0,0,0,0,0
"Zotu1483",1,0,1,1,4,4,4,4,1,5,2,1,1,4,3,9,7,0,0,2,24,1,2,0,0,0,0,2,24,17,1,3,0,0,0,0,7,10,0,0,1,16,0,1,2,0,1,0,0,0,0,5,0,15,0,0,0,0,0,0,0,9
"Zotu6242",1,0,1,1,16,0,0,0,6,1,0,0,0,0,0,0,5,0,0,0,1,0,0,0,0,0,0,0,0,0,0,0,0,0,0,0,0,0,0,0,1,0,0,10,0,0,0,0,0,0,1,0,0,0,0,0,0,0,0,0,0,0
"Zotu2565",1,0,11,1,1,2,0,1,1,0,1,37,0,3,9,0,10,0,0,0,0,1,1,2,0,1,5,8,0,1,0,0,0,0,0,0,0,0,0,0,0,0,0,1,0,0,1,0,0,0,0,0,0,0,0,0,0,0,0,0,6,7
"Zotu616",3,1,6,4,5,1,3,2,3,1,3,6,1,3,2,5,3,2,2,8,0,0,462,0,1,1,4,2,0,2,1,0,0,0,0,0,0,0,0,0,0,0,0,0,0,0,0,0,0,0,0,5,0,0,0,0,0,0,0,0,0,2
"Zotu893",2,1,0,1,0,1,1,0,10,0,0,0,1,2,44,2,8,0,0,0,73,0,1,2,2,0,0,1,0,2,0,1,113,2,1,1,0,1,1,0,2,0,2,0,0,2,0,2,1,1,13,58,0,18,0,0,0,0,3,0,1,1
"Zotu3455",1,0,0,0,0,0,0,0,0,0,0,0,0,0,0,0,0,0,13,0,0,0,0,0,0,0,0,0,1,1,0,1,1,0,0,0,1,1,0,0,0,1,1,0,1,1,1,0,0,0,0,0,0,0,0,0,1,0,1,57,0,0
"Zotu2952",2,1,0,0,3,1,0,0,0,1,0,0,0,0,4,0,1,0,25,0,6,0,0,0,0,0,0,0,0,0,0,0,2,0,0,1,0,0,0,0,1,0,0,1,44,1,0,0,0,1,0,0,1,0,0,0,2,1,1,6,9,6
"Zotu5229",1,1,4,0,2,0,0,1,8,0,0,12,0,0,10,1,1,0,0,1,0,0,0,0,0,1,0,0,0,0,0,0,0,1,0,0,0,0,0,17,0,0,0,0,0,0,0,0,1,1,0,1,0,0,7,0,0,0,0,1,0,0
"Zotu2049",1,0,3,2,89,0,0,0,0,1,3,0,1,1,6,0,2,2,11,1,1,0,1,0,0,1,2,1,0,1,0,0,1,0,0,1,0,0,0,1,0,2,0,2,1,0,0,0,0,0,0,0,0,1,5,5,23,47,26,10,0,0
"Zotu3960",1,0,0,0,0,0,0,0,0,0,3,0,0,0,6,0,0,0,44,0,0,0,0,0,0,0,0,0,0,0,0,0,0,0,0,0,0,0,0,0,0,0,0,0,0,0,0,0,0,0,0,0,0,0,0,0,0,0,0,0,0,0
"Zotu1252",1,0,0,2,3,1,2,0,0,0,0,1,1,2,0,0,1,1,0,1,0,0,2,1,0,2,169,0,0,0,1,0,0,36,0,0,0,0,0,1,0,1,0,0,0,0,1,1,0,0,2,1,18,1,0,0,0,0,0,0,0,0
"Zotu610",2,0,2,10,21,1,1,17,1,1,26,2,1,3,3,2,1,1,3,2,6,3,164,0,1,1,44,1,12,14,2,1,0,0,0,0,50,3,0,9,0,92,4,3,0,0,2,1,0,1,0,1,0,1,0,0,0,0,1,0,1,0
"Zotu184",1,1,4,3,2,3,4,5,1,0,2,6,3,1,3,1,3,4,3,4,0,4,316,1,1,2,0,2,42,150,1,170,124,86,15,0,205,184,40,109,3,75,4,4,0,7,5,1,2,2,1,3,26,6,3,1,5,5,6,4,4,1
"Zotu3994",1,0,1,0,0,1,1,0,0,0,0,23,0,2,0,1,1,0,0,2,0,0,0,0,0,0,0,0,0,0,0,0,1,0,0,0,0,1,0,0,0,0,0,0,1,0,0,0,0,1,0,0,0,1,4,0,1,0,15,0,1,0
"Zotu65",4,3,82,161,6,2,134,2,4,49,71,3,0,3,47,5,868,0,2,3,4,376,1,0,7,2,1,505,191,217,1,0,0,159,2,2,102,131,275,3,2,0,1,22,1,1,1,1,0,0,0,51,0,71,3,2,3,2,0,1,0,0
"Zotu5577",2,0,1,4,5,0,0,18,0,0,0,0,0,0,0,0,1,0,0,0,0,0,0,0,0,0,0,0,1,0,0,0,0,0,0,0,0,0,0,1,1,0,0,0,0,0,0,1,0,0,0,2,0,0,0,0,0,0,0,0,4,1
"Zotu2269",1,0,1,4,0,0,0,0,0,0,0,0,0,0,0,0,0,0,0,0,3,0,0,0,0,0,0,0,0,0,0,0,2,0,0,1,0,1,0,0,0,1,23,1,0,0,0,0,1,1,1,1,0,1,2,0,3,23,18,11,20,0
"Zotu4943",1,1,0,0,3,0,1,0,0,1,0,1,0,0,0,0,0,2,1,3,28,0,0,0,0,1,2,0,35,0,0,0,0,0,0,0,0,0,0,0,0,0,0,2,0,0,0,1,0,0,0,2,0,0,0,0,0,0,0,0,0,0
"Zotu1081",3,0,15,3,1,0,13,0,1,0,2,4,0,0,10,3,17,0,0,5,0,1,0,0,0,0,0,1,0,1,1,2,1,23,0,3,1,3,2,0,1,3,5,206,0,3,1,1,0,0,1,5,0,2,0,1,1,1,0,1,2,3
"Zotu917",2,1,4,2,2,0,1,1,1,0,1,0,1,0,6,0,1,174,0,0,0,1,1,0,1,2,0,0,1,0,0,0,0,2,1,0,0,0,1,1,1,0,0,0,0,0,2,0,1,0,0,3,56,9,0,0,0,0,0,0,1,1
"Zotu4780",2,1,0,6,5,0,1,1,1,0,1,15,0,0,1,0,3,0,0,0,0,0,0,0,0,0,1,0,0,1,0,0,0,1,0,0,0,1,0,1,0,0,0,15,0,0,0,0,0,1,0,0,0,0,3,0,0,0,1,5,0,0
"Zotu3721",1,0,0,0,0,0,0,0,0,0,1,0,0,1,0,1,2,0,0,0,0,0,0,0,0,0,0,0,6,12,1,0,0,0,0,0,17,0,0,0,0,1,0,0,0,0,1,0,0,0,0,0,0,0,0,1,1,0,0,0,0,0
"Zotu525",4,10,3,2,1,0,3,0,9,2,11,13,1,17,17,2,22,3,28,2,4,4,102,3,4,3,61,111,19,25,3,1,0,2,0,0,17,0,11,21,0,0,0,0,0,0,2,1,0,0,0,3,1,1,1,2,2,0,20,18,1,0
"Zotu1236",1,2,230,9,2,0,3,3,4,2,3,0,2,3,0,4,3,2,0,2,2,0,4,0,3,1,0,2,0,2,2,0,0,0,0,0,0,0,0,0,0,0,0,0,0,0,0,0,0,1,10,6,0,0,0,0,1,0,0,0,0,0
"Zotu60",1,3,68,4,2,3,6,4,59,1,284,4,0,3,147,0,6,643,1474,3,0,3,3,2,1,2,4,2,2,6,1,1,2,5,2,2,4,3,1,3,4,1,1,3,0,1,2,4,0,1,3,32,1,3,1232,38,7,2,54,0,5,1
"Zotu4718",1,0,0,12,24,0,0,0,0,0,0,0,0,0,1,1,5,0,0,0,1,0,3,0,1,0,1,1,0,0,0,0,0,0,0,0,0,0,0,0,0,0,0,20,0,0,0,0,0,0,0,1,0,0,1,0,0,0,0,2,0,0
"Zotu2534",1,0,0,0,0,1,0,0,0,69,1,0,1,0,0,0,0,0,0,1,0,0,0,0,0,0,0,4,0,1,0,0,0,0,0,0,0,0,0,0,0,0,0,0,0,0,0,0,0,0,0,0,0,0,0,0,0,0,0,0,0,0
"Zotu442",2,4,3,3,0,0,2,7,1,2,2,3,595,2,8,3,2,1,1,0,1,2,3,1,4,3,3,6,0,3,2,0,0,0,0,0,0,0,0,0,0,0,1,0,0,0,0,0,0,0,0,0,0,0,0,0,0,0,0,0,0,0
"Zotu103",2,10,12,0,3,1,4,15,10,6,1,5,704,6,4,3,2,2,28,191,4,5,3,146,10,9,0,15,14,1,0,288,7,11,5,7,6,182,990,10,199,8,6,10,8,6,3,25,56,15,2,10,8,6,7,2,3,5,3,9,14,10
"Zotu2235",1,0,0,0,0,0,2,0,0,0,0,2,0,0,8,1,7,0,2,0,0,0,0,1,0,1,0,74,1,0,0,0,0,0,0,0,0,0,0,0,1,0,0,0,0,0,2,0,0,0,0,3,0,1,1,1,1,0,0,0,0,13
"Zotu843",2,0,4,3,24,12,1,2,7,2,0,2,1,13,5,0,4,1,18,0,22,3,0,0,4,1,2,1,0,3,3,3,2,1,5,2,3,0,2,9,5,1,1,28,2,12,3,1,3,3,0,0,0,10,32,64,70,1,0,10,2,1
"Zotu707",1,2,4,3,2,2,2,0,21,118,119,0,0,56,5,0,3,1,3,0,0,1,1,1,3,1,2,2,63,2,2,0,0,0,1,0,0,0,0,0,0,0,0,0,2,0,0,0,0,0,0,0,0,80,0,0,0,0,0,0,0,1
"Zotu271",1,2,0,38,0,3,2,4,1,3,55,24,5,0,41,4,111,1,1,4,0,5,2,4,1,3,2,2,0,2,6,11,7,2,4,8,1,8,3,3,5,5,5,687,2,3,3,4,3,5,2,3,2,4,0,0,1,3,1,0,4,11
"Zotu164",5,6,6,7,3,3,3,9,0,1,2,2,3,4,13,5,12,3,2,0,118,179,5,5,304,0,3,24,29,246,7,87,31,111,2,5,176,147,47,150,5,110,5,3,2,3,3,3,5,5,5,30,1,4,4,5,2,1,3,2,4,1
"Zotu1750",1,0,2,0,0,0,0,2,1,0,0,43,0,1,0,0,1,1,57,0,0,0,2,0,0,0,0,0,0,0,0,0,0,0,0,0,0,1,0,0,1,0,0,0,0,0,0,0,0,1,0,0,0,0,0,0,9,0,0,0,0,0
"Zotu5265",1,0,0,1,0,0,0,1,18,0,0,0,0,0,0,0,0,0,0,0,0,0,1,0,0,0,0,0,0,0,0,0,0,0,0,0,0,0,0,0,0,0,0,0,0,0,0,0,0,0,0,0,0,0,0,0,0,0,0,0,0,0
"Zotu579",1,11,20,87,110,1,4,11,10,1,16,1,3,12,14,3,12,2,3,9,17,1,2,2,0,1,3,3,13,10,3,2,2,1,1,3,3,1,11,2,2,2,0,93,141,2,1,1,3,0,7,5,27,0,29,37,5,35,77,23,25,23
"Zotu1647",5,0,1,23,90,1,0,0,2,1,1,0,1,0,1,1,9,2,0,1,0,0,0,0,1,0,1,2,0,0,1,0,0,0,0,0,0,0,0,0,0,0,0,0,0,0,0,0,0,0,0,0,0,0,0,0,0,0,0,0,0,0
"Zotu191",2,187,16,8,7,698,17,164,13,14,3,5,2,6,5,5,4,2,5,5,10,0,2,6,3,4,8,6,13,5,10,1,1,0,0,1,4,2,1,1,0,2,1,0,1,1,71,0,134,0,0,0,1,111,2,2,0,0,0,1,1,2
"Zotu627",2,1,1,2,3,1,2,1,0,3,1,0,0,0,1,2,3,1,4,1,5,1,1,104,0,1,0,123,65,2,0,95,0,0,0,0,16,0,0,2,0,8,0,6,1,0,1,0,1,0,0,1,0,1,1,0,1,2,0,4,0,1
"Zotu1217",1,3,1,26,2,13,69,2,0,16,1,5,1,3,6,2,55,3,0,2,2,0,1,0,1,0,2,5,0,1,2,0,0,0,1,0,0,0,0,0,0,0,1,2,0,0,0,1,0,0,0,0,2,14,0,1,0,1,0,0,8,9
"Zotu963",1,2,3,0,0,2,1,4,8,0,4,3,1,5,4,0,1,13,6,4,1,6,40,0,0,0,1,2,11,2,1,0,0,11,8,0,0,4,1,0,1,7,7,0,1,1,3,9,4,14,18,4,2,3,0,0,1,1,1,19,40,7
"Zotu5495",1,0,5,1,1,0,1,0,0,1,0,0,0,0,8,0,6,0,0,0,1,0,0,0,0,0,0,0,0,0,0,0,1,0,1,0,0,0,0,0,0,0,1,0,2,0,0,0,0,0,0,3,0,0,0,0,9,0,0,6,3,2
"Zotu480",3,3,2,4,3,7,3,2,3,1,4,4,2,2,5,586,8,3,2,7,5,2,3,2,6,5,4,2,8,3,3,0,0,0,0,0,0,0,0,1,0,0,0,0,0,0,0,0,0,0,0,4,1,0,1,0,0,0,0,0,0,0
"Zotu2766",1,0,1,0,1,0,0,0,0,0,1,0,2,0,10,1,1,0,0,0,1,2,1,0,0,0,0,0,55,1,1,0,0,0,0,0,0,0,0,0,0,0,0,0,0,0,0,0,0,0,0,6,0,0,0,0,0,0,0,0,0,0
"Zotu6361",2,2,3,61,34,1,0,1,1,0,0,1,1,1,2,1,5,1,1,2,2,0,0,0,0,2,0,3,4,0,0,0,0,0,0,0,0,8,0,0,0,0,0,12,0,1,0,1,0,1,0,1,0,0,1,4,0,0,3,5,0,0
"Zotu136",3,157,4,6,8,6,111,33,20,9,44,31,6,9,10,3,25,7,1,4,70,4,4,3,673,91,10,69,5,114,9,2,1,40,1,6,4,69,54,62,4,5,1,4,2,3,4,6,1,2,3,52,12,23,1,0,3,3,1,2,19,133
"Zotu567",1,0,6,0,4,1,1,1,0,1,1,4,2,3,3,17,1,2,0,2,1,2,489,0,2,1,3,0,2,0,0,0,0,0,0,0,0,0,0,0,0,0,0,0,0,0,0,0,0,0,0,0,0,1,0,0,0,0,0,0,0,0
"Zotu3610",1,0,1,0,0,0,0,0,0,1,0,0,0,0,0,0,3,0,7,0,0,0,0,0,0,0,0,0,0,0,0,0,0,1,0,1,29,0,13,0,0,0,0,3,1,0,0,0,0,0,0,2,1,1,0,0,1,0,0,0,0,0
"Zotu3206",1,0,0,0,0,0,2,0,2,0,1,0,0,1,0,1,0,0,0,1,4,0,0,1,0,0,2,40,0,0,1,0,0,0,0,0,0,0,0,0,0,0,0,2,0,0,1,0,0,0,0,0,0,0,0,0,0,0,0,0,0,0
"Zotu125",4,46,4,1,0,0,40,50,2,3,44,49,8,23,80,1,20,1,2,4,161,4,2,4,2,4,3,3,73,6,3,9,13,9,14,11,7,5,8,9,10,9,3,4,260,11,9,7,7,6,63,421,295,138,2,2,4,5,7,5,5,172
"Zotu3317",1,1,7,0,10,6,8,1,3,3,0,0,0,1,3,0,10,0,7,0,9,1,3,0,0,0,0,1,0,7,0,0,0,0,0,0,0,0,0,0,0,0,0,7,0,0,0,0,1,0,0,7,0,4,3,0,0,0,0,1,0,20
"Zotu678",1,12,0,3,4,1,47,0,23,52,1,2,1,20,5,1,6,65,2,2,5,2,1,1,1,0,1,3,0,2,1,0,1,0,1,1,0,2,1,0,2,0,5,0,7,1,0,1,68,3,0,21,1,1,0,0,1,1,0,0,0,81
"Zotu78",13,5,17,176,7,9,39,12,16,3,8,34,10,113,67,183,386,7,6,11,245,204,6,7,7,5,10,139,108,73,13,4,5,8,3,177,2,4,5,6,5,6,3,6,10,2,4,5,3,4,90,188,207,114,1,1,3,5,2,5,6,96
"Zotu2066",2,14,1,1,0,0,0,2,0,0,19,0,0,1,8,2,0,0,21,1,1,0,0,1,0,1,0,0,0,0,0,0,0,0,1,1,0,0,0,0,0,0,0,1,0,1,1,0,0,0,13,4,12,8,1,3,17,0,0,0,9,1
"Zotu2142",1,2,14,21,12,5,0,1,6,1,1,0,0,0,3,9,7,2,0,0,0,0,0,0,0,22,0,0,2,0,0,0,0,0,0,2,0,0,1,0,0,0,2,3,0,1,0,0,0,2,2,10,0,0,7,2,0,0,38,0,1,0
"Zotu813",1,1,17,1,3,8,1,1,13,0,6,2,1,1,8,2,11,0,84,1,4,58,4,0,0,0,0,1,36,16,2,0,0,0,1,1,10,0,31,0,0,1,1,3,0,1,0,1,1,1,0,6,4,1,0,0,1,0,0,1,12,17
"Zotu1531",1,3,2,2,0,1,0,1,5,15,0,0,0,3,8,0,2,1,1,2,0,1,2,1,2,0,0,1,3,14,0,0,1,0,2,0,1,0,1,0,2,0,0,0,3,1,95,1,1,0,12,8,1,2,2,0,0,0,0,1,28,1
"Zotu1101",1,0,6,2,1,2,0,15,1,1,15,0,0,13,2,1,4,45,0,3,0,0,0,0,0,3,1,0,0,3,1,0,2,29,0,1,1,0,0,0,0,0,2,0,0,0,33,21,21,1,4,0,1,0,0,0,0,0,14,3,6,1
"Zotu3996",1,1,3,26,4,0,14,0,1,0,2,1,1,1,8,2,20,0,2,0,0,0,1,0,0,1,0,2,0,0,1,0,0,0,0,0,0,0,0,0,0,0,0,1,0,0,0,0,0,0,0,0,0,0,0,0,0,0,0,0,0,0
"Zotu2925",1,0,0,8,9,0,0,2,2,0,2,1,0,0,4,1,8,56,0,0,1,0,0,0,0,0,0,0,4,0,1,0,0,0,0,0,1,0,0,1,1,0,0,5,0,0,0,1,0,0,6,1,0,0,0,1,0,0,0,1,0,0
"Zotu584",2,9,53,4,1,0,1,56,1,2,1,4,3,4,10,2,12,0,0,3,3,198,2,2,1,6,3,2,8,3,1,2,1,0,0,0,15,102,0,1,1,2,1,3,2,0,1,0,1,0,2,1,3,0,1,0,0,0,0,2,1,1
"Zotu664",1,3,19,8,19,4,1,5,5,0,9,29,0,24,50,3,5,100,1,3,26,66,0,0,3,2,5,50,2,4,2,0,0,0,0,1,0,26,7,1,0,0,3,12,1,1,0,0,0,1,3,15,2,3,0,0,1,0,0,0,1,4
"Zotu857",1,0,36,0,2,0,0,0,41,0,0,40,0,0,9,1,0,0,1,0,0,0,0,1,0,0,0,0,0,0,0,0,0,2,0,1,0,0,1,0,1,0,0,1,1,0,0,137,0,4,28,0,53,0,0,2,2,0,2,0,7,24
"Zotu159",1,107,19,2,1,3,6,30,3,3,1,2,5,48,21,0,12,323,2,6,1,3,1,7,2,2,4,1,5,24,0,6,8,7,5,4,7,32,6,9,8,7,667,5,153,4,7,3,5,4,6,36,5,3,2,5,2,6,1,3,45,343
"Zotu300",3,1,22,1,8,1,0,5,7,1,17,8,0,17,29,4,2,46,10,420,3,2,1,0,2,3,8,1,8,0,3,2,4,3,1,1,3,3,3,0,1,1,2,0,0,87,44,41,2,3,66,0,1,1,3,2,1,1,3,107,79,2
"Zotu94",3,155,28,60,7,5,5,166,74,7,55,7,13,82,138,8,16,3,195,5,9,7,5,8,7,64,4,41,137,22,10,5,8,2,3,8,219,76,0,77,8,74,4,6,1,6,102,3,8,1,2,62,130,57,4,3,3,193,3,1,6,18
"Zotu1008",3,16,18,0,34,0,0,2,1,1,22,22,1,7,31,3,42,1,2,0,6,1,1,3,0,0,1,2,2,1,0,0,0,0,0,0,0,0,0,1,0,0,0,1,33,0,0,0,1,1,0,2,0,0,0,0,0,0,0,0,0,18
"Zotu2662",1,0,0,14,35,0,0,2,0,0,1,0,0,0,0,2,13,1,3,1,0,0,0,0,0,1,0,2,1,0,1,1,0,1,1,1,0,0,0,0,0,1,0,15,13,1,1,0,0,0,0,0,0,1,4,2,1,1,8,15,11,3
"Zotu786",2,0,6,5,0,0,5,0,9,0,0,4,1,2,2,1,13,0,0,0,22,140,1,0,0,2,0,1,0,3,0,0,0,1,1,0,0,1,1,1,0,1,125,1,0,0,1,0,0,2,0,8,0,1,0,0,1,2,0,1,0,2
"Zotu1785",1,0,6,0,1,2,12,0,0,1,1,1,0,2,15,0,5,15,1,2,10,0,1,0,0,0,1,0,42,1,0,0,0,0,0,0,0,2,0,0,0,0,0,0,0,0,0,0,0,0,0,3,9,0,0,0,0,0,0,0,1,4
"Zotu1885",1,0,1,0,0,0,0,1,0,0,23,0,0,0,0,1,0,0,0,0,0,0,0,0,0,0,0,0,0,0,0,2,1,0,0,0,0,0,0,0,0,19,0,0,0,1,0,0,110,1,0,1,0,0,2,1,0,0,2,1,6,0
"Zotu1576",2,0,0,1,2,0,1,1,0,0,1,0,0,0,1,1,8,1,2,1,8,86,0,0,0,1,0,0,1,3,0,0,0,0,0,0,0,0,0,0,0,0,0,2,0,0,0,0,0,0,0,0,1,0,0,0,0,0,0,0,0,4
"Zotu6140",2,0,0,0,0,0,1,0,0,0,0,0,0,0,0,0,1,0,0,0,20,0,0,0,0,0,0,0,0,1,0,0,0,0,0,0,0,0,0,0,0,0,0,0,0,0,0,0,0,0,0,0,0,0,0,0,0,0,0,0,0,0
"Zotu3820",1,0,0,0,0,0,1,0,0,0,1,1,0,0,0,0,0,0,0,0,0,0,0,0,0,0,0,40,0,0,0,0,0,0,0,0,0,0,0,0,0,0,0,0,0,0,0,0,0,0,0,0,0,0,0,0,0,0,0,0,0,0
"Zotu1071",1,1,2,148,67,2,0,2,1,3,0,0,1,0,1,3,1,3,1,3,0,0,2,1,0,1,0,2,6,3,1,0,0,0,0,0,0,0,0,0,0,0,0,7,0,0,0,0,0,0,0,0,1,0,0,0,1,0,0,0,0,0
"Zotu485",1,2,5,41,21,3,4,1,13,1,3,0,0,2,4,2,23,2,1,3,10,0,1,304,1,1,0,0,1,18,2,84,1,1,1,1,2,2,1,9,0,0,0,91,0,0,1,0,0,0,0,0,2,1,0,0,0,1,0,1,1,0
"Zotu2513",1,0,0,0,0,0,0,0,0,0,0,0,0,0,1,0,2,0,0,0,0,0,0,0,0,0,0,0,6,0,0,0,0,0,1,61,0,1,18,0,0,0,0,0,0,0,0,0,0,0,0,0,0,0,0,0,1,0,0,1,0,0
"Zotu1793",2,27,0,0,1,0,1,0,0,0,1,1,2,1,9,1,5,1,0,0,43,0,0,2,0,0,0,3,0,1,0,1,0,2,4,0,0,0,1,0,0,0,0,0,0,0,1,0,1,0,3,6,0,36,0,0,0,0,0,1,0,0
"Zotu293",3,6,10,8,7,3,13,19,281,131,117,3,1,85,12,1,4,7,153,8,2,5,8,0,7,5,0,5,3,1,7,1,1,3,0,0,2,0,0,0,0,1,3,0,1,1,1,0,150,75,0,0,1,5,0,0,0,0,0,1,0,1
"Zotu5489",1,0,11,2,3,1,1,0,0,0,0,0,1,0,0,2,1,0,23,0,0,1,1,0,0,0,0,0,0,0,0,0,0,0,0,0,0,0,0,0,0,0,0,0,0,0,0,0,0,0,0,0,0,0,0,0,0,0,0,0,0,0
"Zotu570",1,15,22,3,3,3,1,2,26,26,66,76,1,2,23,4,16,1,207,3,2,4,0,2,2,1,2,2,1,4,2,0,0,0,0,0,0,0,1,0,0,0,0,0,0,0,0,0,0,0,6,0,0,0,0,0,0,0,0,0,0,0
"Zotu3073",1,1,0,3,13,0,0,0,0,0,0,1,0,1,0,0,6,0,0,0,0,0,0,0,0,0,0,1,0,0,0,0,0,0,0,0,0,0,0,0,2,0,0,41,0,1,0,0,0,0,0,0,0,0,0,0,0,0,1,1,7,1
"Zotu1212",2,0,0,0,1,0,0,0,1,1,1,1,2,0,0,0,1,0,1,217,0,0,0,3,0,0,3,1,0,0,0,0,0,0,0,0,0,0,0,0,0,0,0,0,0,0,0,0,0,0,0,0,0,0,0,0,0,0,0,0,0,0
"Zotu437",4,0,6,1,7,3,3,14,10,3,1,0,2,28,7,4,6,101,2,2,1,77,159,2,6,2,2,35,21,20,3,2,0,3,78,1,24,7,5,65,3,26,0,5,0,74,69,2,1,0,4,1,0,0,4,0,2,1,0,25,14,2
"Zotu3067",1,0,1,0,69,0,1,0,0,0,0,0,0,2,1,1,1,0,0,0,0,0,0,0,0,0,1,3,0,0,1,0,0,0,0,0,0,0,0,0,0,0,0,0,0,0,0,0,0,0,0,0,0,0,0,0,0,0,0,0,0,0
"Zotu4589",1,0,1,0,0,0,0,0,0,0,0,0,0,0,0,1,33,0,0,0,0,0,0,0,0,0,0,0,0,0,0,0,0,0,0,0,0,0,0,0,0,0,0,2,0,0,0,0,0,0,0,0,0,0,0,0,0,0,0,0,0,0
"Zotu1034",1,0,0,0,0,0,0,0,42,0,0,0,0,0,12,0,2,0,94,0,0,0,1,1,0,0,0,1,0,0,0,0,0,0,83,0,1,0,0,0,0,0,0,0,0,0,0,0,0,0,0,0,0,0,0,0,2,0,1,0,0,0
"Zotu820",2,2,3,2,1,295,1,4,2,40,2,3,0,2,0,3,2,1,1,2,3,1,0,0,0,1,1,0,1,1,0,0,0,0,0,0,0,0,0,0,0,0,0,0,0,0,0,0,0,0,0,0,0,0,0,0,0,0,0,0,0,0
"Zotu169",5,4,22,4,0,2,511,38,4,320,4,5,14,64,38,7,5,1,5,6,11,11,11,8,9,10,6,4,12,10,4,10,2,6,4,5,6,2,4,5,7,3,1,2,1,2,5,2,5,4,98,98,98,170,1,0,2,0,2,1,29,170
"Zotu5124",1,0,0,1,0,0,0,0,1,0,9,2,0,0,11,1,2,0,0,0,0,1,0,0,0,1,0,0,2,21,0,0,0,0,0,0,0,0,0,0,0,0,0,2,0,0,0,0,0,0,0,4,0,0,0,0,0,0,0,0,0,0
"Zotu6399",1,0,15,2,8,0,0,0,0,0,0,0,0,0,4,0,0,0,1,0,0,0,0,0,0,0,0,0,2,1,0,0,0,0,0,0,0,0,0,0,0,0,0,0,0,1,0,0,0,0,0,0,0,0,6,0,0,0,0,0,0,0
"Zotu679",3,5,38,0,1,4,0,0,24,2,108,26,2,22,25,2,1,2,80,1,1,1,0,1,2,2,0,2,1,0,1,0,1,0,0,0,1,0,0,0,0,2,0,0,1,1,35,0,1,35,0,0,0,8,0,1,9,1,0,1,1,0
"Zotu431",2,6,15,15,3,1,4,2,5,9,4,58,0,66,27,2,11,0,1,0,107,2,0,0,1,1,3,3,33,32,1,4,0,0,3,1,83,0,48,0,3,0,4,28,1,4,0,0,2,0,1,85,80,27,3,0,1,4,1,1,2,11
"Zotu4687",2,0,1,0,42,0,0,1,0,0,0,1,0,1,0,1,0,1,0,0,0,0,1,0,0,1,1,0,1,0,0,0,0,0,0,0,0,0,0,0,0,0,0,0,0,0,0,0,0,0,0,0,0,0,0,0,0,0,0,0,0,0
"Zotu2839",1,0,0,1,0,0,0,1,0,0,0,0,0,1,0,0,0,0,1,0,0,0,0,0,0,0,1,0,0,15,0,0,0,41,0,0,1,0,1,0,0,25,0,0,0,0,0,0,0,0,1,4,1,0,1,0,1,0,1,0,0,0
"Zotu3359",1,0,0,1,0,0,32,0,0,0,0,0,0,1,3,0,0,0,1,0,0,0,0,0,0,0,0,0,1,0,0,0,0,0,0,0,0,0,1,0,0,0,0,0,0,0,1,1,0,0,0,3,0,0,0,0,0,1,14,0,0,17
"Zotu3332",1,1,0,1,1,0,0,0,0,0,0,0,0,14,5,0,1,1,0,0,0,1,0,1,0,2,1,1,0,0,1,0,0,0,0,0,0,0,0,0,0,1,1,0,27,0,1,0,0,1,0,0,0,0,0,0,1,0,0,0,1,0
"Zotu1191",1,14,10,0,1,0,1,0,4,2,0,21,0,0,3,1,3,1,0,0,0,0,4,0,3,0,1,0,1,1,0,0,0,1,0,1,2,2,1,1,1,0,0,0,3,0,2,43,0,1,58,5,15,6,1,1,0,2,0,1,13,2
"Zotu6072",1,0,0,0,0,0,0,0,0,0,0,0,0,0,0,0,14,0,0,0,0,0,0,2,2,0,0,0,0,0,0,0,0,0,0,0,0,0,0,0,0,0,0,29,0,1,0,0,0,0,0,0,0,0,0,0,0,0,0,1,0,1
"Zotu1981",2,0,0,1,0,0,0,1,0,18,0,0,0,0,20,0,4,0,20,0,0,0,3,0,0,0,1,1,0,0,1,0,0,0,0,1,0,42,1,0,0,1,0,0,3,1,0,0,0,0,0,4,26,0,0,0,0,1,0,0,1,0
"Zotu1834",1,1,4,2,17,1,0,1,1,0,1,0,0,0,5,1,69,0,0,1,0,0,0,0,1,1,1,1,0,0,1,0,0,0,0,0,0,0,0,1,0,0,0,5,0,1,0,0,1,0,0,0,0,1,8,12,1,0,19,0,0,0
"Zotu2357",1,2,27,2,3,0,0,12,1,6,1,1,0,0,15,0,4,36,0,1,0,1,0,0,0,0,0,0,0,0,0,0,0,0,0,0,0,1,0,1,0,0,0,7,0,0,0,0,0,1,0,0,0,29,0,0,0,0,0,0,0,1
"Zotu2560",1,3,0,0,0,1,0,0,0,0,6,17,0,10,1,1,0,0,0,3,0,0,0,0,0,0,0,1,0,0,0,1,0,0,0,1,1,0,0,0,1,0,0,0,0,0,0,0,1,0,0,2,15,18,1,0,0,1,0,0,0,0
"Zotu5705",2,0,0,0,13,0,1,0,1,3,0,0,0,1,1,1,0,1,20,0,2,0,0,2,0,0,0,0,0,0,0,1,0,0,0,0,1,0,0,0,0,0,0,8,0,0,0,0,0,0,0,0,0,4,1,0,0,0,0,0,0,0
"Zotu1606",1,1,4,13,3,51,49,0,1,1,0,1,0,0,2,1,3,0,0,0,0,0,1,0,1,3,0,2,0,1,0,0,0,0,0,0,0,0,0,0,0,0,0,0,0,0,0,0,0,0,0,0,0,0,0,0,0,0,0,0,0,0
"Zotu761",1,2,0,3,1,2,0,0,13,0,0,32,0,0,0,1,1,2,19,1,22,0,1,0,0,0,0,0,0,36,0,5,0,2,6,1,5,3,0,4,1,5,2,4,1,0,2,4,2,1,7,2,35,15,2,5,4,8,33,237,201,69
"Zotu1133",3,0,0,0,0,0,0,1,0,0,1,0,0,1,1,0,4,0,0,0,3,72,0,0,1,0,0,0,17,18,30,1,1,49,1,3,31,7,0,68,1,7,3,2,1,1,1,0,1,0,0,0,2,0,1,0,0,0,0,0,1,0
"Zotu4587",1,0,0,0,0,0,0,0,0,0,0,0,0,40,0,0,11,0,0,0,0,0,0,0,0,1,0,0,0,1,0,0,0,0,0,0,0,0,0,0,0,0,0,1,0,0,0,0,0,0,0,0,0,0,0,0,0,0,0,0,0,0
"Zotu875",1,88,42,1,1,1,0,89,13,0,5,0,2,44,10,3,0,1,0,0,2,0,2,1,3,0,1,2,1,1,0,0,0,0,0,0,0,0,0,0,0,0,0,0,0,0,0,0,0,0,0,0,0,0,0,0,0,0,0,0,0,0
"Zotu773",1,2,1,13,0,2,2,1,1,7,132,11,3,2,12,1,0,0,53,0,0,0,1,3,5,3,0,3,1,1,1,1,2,1,0,0,0,0,0,0,0,0,0,1,1,0,8,0,1,1,0,2,0,0,1,7,0,1,50,1,0,0
"Zotu410",1,0,2,0,2,0,1,1,0,0,2,1,3,2,0,1,0,3,1,1,0,2,1,1,0,1,203,51,2,1,1,2,2,191,1,2,21,42,56,82,2,1,113,1,0,4,2,3,2,3,2,3,0,1,1,0,0,1,3,0,2,2
"Zotu1595",1,0,0,0,2,0,67,0,2,0,1,1,0,0,0,2,6,3,3,0,35,0,1,1,0,1,3,0,1,2,0,1,1,0,0,1,0,0,1,1,1,1,1,0,0,1,0,0,0,3,0,17,0,0,0,0,0,0,0,1,0,16
"Zotu6412",1,0,0,0,70,0,3,0,1,0,1,1,1,0,0,1,0,0,0,0,2,2,3,0,0,1,3,2,2,0,0,0,0,0,0,0,0,0,0,0,0,0,0,0,0,0,0,0,0,0,0,0,0,0,0,0,0,0,0,0,0,0
"Zotu1469",1,1,3,1,1,1,0,1,0,0,1,2,0,1,0,0,0,1,0,0,0,0,159,0,1,0,0,0,0,0,0,0,0,0,0,0,0,0,0,0,0,0,0,0,0,0,0,0,0,0,0,0,0,0,0,0,0,0,0,0,0,0
"Zotu6275",1,1,6,0,95,0,0,1,0,0,0,1,1,0,0,1,0,0,0,1,0,0,0,0,1,0,0,0,0,0,0,0,0,0,0,0,0,0,0,0,0,0,0,0,0,0,0,0,0,0,0,0,0,0,0,0,0,0,0,0,0,0
"Zotu1065",1,1,2,27,57,2,3,1,0,1,1,4,0,11,1,1,60,92,0,1,0,4,5,0,0,3,3,2,1,0,2,0,0,0,0,0,0,0,0,0,0,0,0,5,0,0,0,0,0,0,0,0,0,0,0,0,0,0,0,0,0,0
"Zotu4748",1,0,0,2,5,0,1,0,0,0,0,0,0,0,0,0,0,0,0,1,0,0,0,0,0,0,0,0,0,0,0,0,0,0,0,0,0,0,0,0,0,1,1,0,0,0,1,0,2,0,0,0,0,0,1,0,2,2,1,1,22,30
"Zotu2698",1,3,2,0,0,0,0,0,0,0,0,0,1,1,0,1,1,0,1,1,0,0,2,2,0,0,105,0,0,0,0,0,0,0,0,0,0,0,0,0,0,0,0,0,0,0,0,0,0,0,0,0,0,0,0,0,0,0,0,0,0,0
"Zotu720",2,0,16,0,3,1,0,0,1,1,34,0,0,2,4,1,1,0,5,131,2,0,0,0,1,0,1,3,1,0,0,1,0,0,1,2,0,1,0,0,4,2,0,1,3,3,2,2,0,0,4,2,3,1,2,0,23,39,37,17,50,1
"Zotu1490",2,0,0,26,59,1,0,1,0,0,2,2,0,1,2,0,4,0,0,1,0,1,1,1,0,1,0,0,1,1,0,0,0,1,2,3,0,3,0,1,0,0,1,9,0,3,1,0,1,2,1,0,0,1,10,4,0,66,45,4,1,9
"Zotu5936",2,0,1,0,1,1,0,0,0,14,0,0,0,0,7,0,18,1,0,0,1,0,0,0,0,0,0,0,12,1,1,0,0,0,0,0,0,0,0,0,0,0,0,0,0,1,0,0,0,0,0,2,0,0,0,0,0,1,0,0,0,0
"Zotu2609",1,0,15,4,0,0,0,0,0,0,0,0,0,0,1,0,14,0,1,1,0,0,0,0,2,0,1,0,0,0,0,1,1,1,0,2,0,0,0,0,2,1,0,1,1,0,0,63,0,0,0,7,0,0,1,0,0,1,0,0,0,16
"Zotu787",1,0,31,3,7,0,2,1,16,1,0,1,0,1,20,1,5,28,0,1,1,2,3,0,1,1,0,1,0,1,1,0,1,3,0,0,1,2,1,1,2,2,3,1,3,0,0,1,0,0,0,0,2,1,18,48,27,1,27,54,5,0
"Zotu1954",1,0,0,0,0,1,0,0,0,0,0,1,0,0,0,0,2,0,0,0,1,0,0,108,0,0,0,0,1,1,0,0,0,0,0,0,0,0,0,0,0,0,0,0,0,0,0,0,0,0,0,0,0,0,0,0,0,0,0,0,0,0
"Zotu5075",3,0,0,0,0,0,0,0,0,0,0,0,0,0,0,0,0,0,0,0,0,0,0,0,0,1,0,0,1,8,0,0,0,0,0,0,0,0,0,0,0,36,0,0,0,0,0,0,0,0,0,0,0,0,0,0,0,0,0,0,0,0
"Zotu1142",1,5,1,1,1,0,1,2,1,0,0,0,0,0,2,0,0,0,0,0,0,0,0,0,234,0,0,1,0,0,1,0,0,0,0,0,0,0,0,0,1,0,0,0,0,0,1,1,0,0,0,0,0,0,0,6,0,0,0,0,0,0
"Zotu1962",1,0,0,36,11,1,1,58,0,1,1,0,0,1,3,0,11,2,0,1,0,2,0,0,0,1,2,2,0,0,2,0,0,0,0,1,0,0,0,0,0,0,0,0,0,0,0,0,0,0,0,3,0,0,0,0,0,0,0,0,0,1
"Zotu5510",1,0,0,3,12,0,0,2,0,0,0,0,0,0,0,0,1,1,0,0,0,0,1,0,0,0,0,0,0,0,0,0,0,0,0,0,1,0,0,0,0,0,0,11,0,0,0,0,0,0,0,0,0,0,0,0,0,0,1,0,0,0
"Zotu552",1,27,2,9,3,0,1,1,1,4,4,3,0,1,14,5,44,3,0,1,45,2,2,0,0,1,0,1,76,2,0,2,5,3,2,2,2,1,2,2,4,2,0,3,133,2,1,4,0,0,0,62,14,28,6,3,2,0,1,3,5,116
"Zotu2969",2,0,0,1,1,0,1,0,1,0,0,0,0,0,0,0,0,0,0,0,61,0,0,1,0,0,0,2,0,1,1,0,0,0,0,0,0,0,0,0,0,0,0,0,0,0,0,0,0,0,0,0,0,0,0,0,0,0,0,0,0,0
"Zotu1266",1,0,40,0,1,0,0,0,0,0,95,2,0,31,9,1,3,3,0,0,0,0,0,0,0,2,1,1,0,0,1,0,0,0,0,0,0,0,0,0,0,0,0,0,0,0,0,0,0,0,0,4,0,0,7,12,0,0,0,0,0,0
"Zotu2268",1,1,1,9,21,1,2,0,0,0,1,12,0,1,0,0,2,2,0,1,1,1,0,0,1,0,2,1,0,0,3,1,0,0,0,0,0,0,0,1,0,1,3,19,0,0,0,0,0,0,7,0,0,0,12,5,8,46,2,2,11,11
"Zotu3636",1,17,0,0,1,0,0,11,0,0,0,0,0,1,3,0,0,0,0,0,0,0,0,0,1,0,0,0,0,1,1,0,0,0,0,0,0,0,1,1,0,1,0,0,1,0,0,0,0,0,0,3,32,0,1,0,1,0,0,1,2,0
"Zotu2778",1,0,0,0,0,0,0,0,0,0,2,1,0,0,2,0,1,50,3,0,1,0,0,0,0,0,0,0,27,0,0,0,0,0,0,0,0,0,0,11,0,0,0,10,0,0,0,0,0,0,0,0,0,0,5,0,0,0,0,0,0,0
"Zotu1482",1,0,0,16,3,0,0,2,1,0,0,0,0,0,9,2,52,0,0,1,3,0,0,0,0,0,1,5,0,0,0,0,0,1,0,0,0,1,42,0,0,0,0,2,0,1,1,0,1,0,1,5,0,0,1,1,0,1,2,0,1,3
"Zotu1410",1,0,1,0,0,0,1,2,33,2,0,0,0,0,0,0,0,0,2,0,8,1,1,0,0,8,0,0,61,0,0,1,0,3,0,0,1,2,0,1,1,0,2,0,0,0,0,1,0,1,0,8,0,3,0,0,0,0,0,0,0,34
"Zotu1312",1,0,31,1,0,1,0,1,0,0,1,30,1,1,0,6,3,0,2,2,0,1,1,0,0,1,0,0,43,0,1,0,0,0,0,1,0,0,0,0,0,0,0,1,0,0,0,0,1,0,0,21,41,1,0,0,1,1,0,2,0,8
"Zotu3353",1,0,0,0,2,2,0,1,0,58,0,0,0,0,1,1,0,0,0,0,0,0,0,0,0,0,0,0,0,0,0,0,0,0,0,0,0,0,0,0,0,0,0,0,0,0,0,0,0,0,0,0,0,0,0,0,0,0,0,0,0,0
"Zotu749",3,2,5,2,4,4,1,4,5,4,117,33,0,2,8,5,4,0,181,3,1,1,5,5,2,1,3,2,1,1,2,0,0,0,0,0,0,0,1,0,0,0,0,0,0,0,0,0,0,0,0,4,0,0,0,0,0,0,0,1,0,6
"Zotu604",2,0,0,0,0,1,1,3,0,0,2,0,1,0,1,0,1,0,0,0,6,218,1,0,0,2,0,43,17,8,0,1,1,81,47,0,0,1,2,0,0,1,0,2,0,0,0,0,2,0,1,0,0,1,0,0,1,0,1,7,0,1
"Zotu1178",2,1,29,5,2,1,61,1,1,52,1,1,0,3,18,2,36,0,1,2,1,2,0,1,1,1,2,0,3,1,3,0,2,0,0,1,1,1,2,0,1,0,0,22,0,0,0,0,0,0,31,7,28,1,0,1,1,0,0,1,0,9
"Zotu5086",3,0,0,2,18,0,1,0,0,0,0,33,0,1,1,0,2,0,1,0,0,0,2,0,1,0,0,0,0,0,0,0,0,0,0,0,0,0,0,0,0,0,0,0,0,0,0,0,0,0,0,0,0,0,0,0,0,0,0,0,0,0
"Zotu1927",1,1,2,8,3,0,2,0,1,1,0,0,2,0,0,2,2,0,1,0,1,1,0,0,0,1,1,104,18,0,0,0,0,0,0,0,0,0,1,0,0,0,0,6,0,0,0,0,0,0,0,0,0,0,0,0,0,0,0,0,0,0
"Zotu1930",2,3,0,2,1,2,1,1,1,17,0,0,0,0,4,0,16,0,1,0,44,0,0,0,0,3,1,2,21,1,1,0,1,0,0,0,1,2,0,0,1,0,2,2,2,0,0,28,0,0,9,7,1,18,0,0,0,0,0,0,0,1
"Zotu714",1,4,1,2,2,2,0,2,0,0,3,0,1,4,1,0,2,2,0,3,2,292,0,3,0,0,1,1,71,10,0,0,0,0,0,0,0,2,0,0,0,0,0,0,0,0,0,0,1,1,1,3,26,0,0,1,0,0,0,1,0,0
"Zotu784",1,28,2,0,1,2,1,9,35,132,21,24,1,2,10,1,7,33,12,2,0,0,1,1,5,3,1,2,2,1,5,0,0,0,0,0,0,1,0,1,0,1,0,0,1,0,0,0,0,0,23,6,1,0,0,13,0,46,0,2,1,0
"Zotu2253",1,0,1,1,29,0,1,0,0,0,11,0,0,0,1,0,2,0,0,0,0,0,1,2,0,2,0,0,0,0,0,0,0,0,0,1,1,0,1,1,1,24,0,17,0,1,0,0,0,0,0,0,1,0,1,3,0,0,0,0,1,0
"Zotu1194",1,0,1,3,1,0,0,1,0,1,0,0,5,3,3,0,1,2,1,1,3,2,0,152,2,4,0,1,10,0,1,2,0,1,0,0,0,2,1,2,0,2,1,0,0,0,0,1,0,0,1,4,0,0,0,0,0,1,0,0,0,0
"Zotu3063",1,0,0,5,6,0,1,0,1,0,0,0,0,1,5,0,37,0,0,0,9,1,3,0,0,0,0,1,0,0,0,0,0,0,0,0,0,0,0,0,0,0,0,3,0,0,0,0,0,0,0,0,0,0,0,0,0,0,0,0,0,0
"Zotu1066",1,1,0,24,25,2,0,1,0,1,1,2,0,3,3,2,6,0,0,169,0,0,2,2,0,0,0,1,1,0,1,0,0,0,0,0,0,1,1,0,0,0,0,15,0,1,0,0,0,0,0,0,0,0,0,1,0,1,0,0,0,0
"Zotu397",2,2,3,3,4,2,2,0,1,2,1,2,2,1,1,2,2,2,1,3,0,3,994,3,1,3,2,1,1,2,0,0,0,0,0,0,0,0,0,0,0,0,0,0,0,0,0,0,0,0,0,0,0,0,0,0,0,0,0,0,0,0
"Zotu2921",1,6,1,0,1,1,0,1,0,1,0,0,0,0,0,0,2,0,0,135,0,0,1,0,0,0,1,0,0,1,1,0,0,0,0,0,0,0,0,0,0,0,0,0,0,0,0,0,0,0,0,0,0,0,0,0,0,0,0,0,0,0
"Zotu5408",1,0,0,2,22,0,0,0,0,1,0,0,2,0,0,0,13,0,0,0,0,0,0,0,0,0,0,0,0,0,0,0,0,0,0,0,0,0,0,0,0,0,0,3,0,0,0,0,0,1,0,0,0,0,3,3,0,0,0,0,0,0
"Zotu2076",1,2,1,6,17,0,0,1,0,0,0,0,0,0,0,0,0,0,0,2,0,0,0,0,1,1,0,0,0,0,0,0,1,1,0,0,1,1,0,2,0,0,0,6,1,2,0,0,0,0,0,0,4,1,1,32,50,1,0,10,5,0
"Zotu6303",1,0,0,0,12,0,0,0,1,0,0,0,0,0,0,0,1,2,0,1,0,0,0,0,0,0,2,0,0,0,0,0,0,0,0,0,0,0,0,0,0,0,0,0,0,0,0,0,0,0,0,0,0,0,0,0,0,0,0,0,0,0
"Zotu1366",1,0,0,0,0,0,1,0,0,0,0,0,0,0,0,0,0,0,0,0,8,0,0,0,0,0,0,0,0,0,0,0,0,2,0,2,0,3,0,2,3,0,0,0,175,0,0,0,2,0,1,0,0,0,0,1,1,1,0,1,0,17
"Zotu2781",1,0,0,0,0,0,0,0,3,0,0,0,0,0,0,0,0,0,0,0,0,0,0,0,0,0,0,0,0,0,0,0,1,1,0,1,0,0,0,1,0,0,0,0,0,80,0,1,0,0,0,0,1,0,0,0,0,0,1,11,3,0
"Zotu1377",1,2,1,0,2,0,0,0,0,0,0,0,0,7,1,0,3,18,0,0,2,0,0,0,0,1,0,0,1,0,0,0,0,1,91,1,1,1,0,0,0,0,0,1,52,0,1,0,2,0,2,2,1,0,0,0,0,0,0,1,0,14
"Zotu4258",1,0,1,22,50,0,0,1,1,1,0,0,0,0,0,0,8,3,1,1,0,1,0,0,0,0,2,0,4,1,1,0,0,0,0,0,0,0,0,0,0,0,0,5,0,0,1,0,0,0,0,0,0,0,0,0,4,0,0,2,0,0
"Zotu6171",1,1,0,0,2,0,0,1,1,0,1,1,0,0,2,1,2,0,43,0,0,0,0,0,0,0,0,0,0,0,2,0,0,0,0,0,0,0,0,0,0,0,0,0,0,0,0,0,0,0,0,0,0,0,0,0,0,0,0,0,0,0
"Zotu6012",1,0,0,1,1,3,0,0,0,0,0,0,0,0,0,2,2,14,0,0,1,0,0,0,0,0,0,0,0,1,0,0,0,0,0,0,0,0,0,0,0,0,1,0,0,0,0,0,0,0,0,0,0,0,0,0,0,0,0,0,0,1
"Zotu2107",5,1,7,65,62,1,0,2,0,0,1,1,2,0,1,1,10,3,1,3,0,1,0,0,0,1,2,1,0,0,0,0,0,0,0,0,0,0,0,16,0,0,0,1,1,0,0,0,0,0,0,1,0,0,0,0,0,0,0,0,0,11
"Zotu3650",2,0,0,23,9,0,0,1,0,0,0,0,0,0,8,0,21,0,0,0,0,0,0,0,0,0,0,0,0,0,1,0,0,0,0,0,1,0,0,0,1,0,0,5,0,0,1,0,0,0,0,1,0,60,1,0,0,0,0,3,20,0
"Zotu2842",2,0,0,12,48,0,0,0,0,0,0,1,0,0,0,2,8,1,1,1,1,1,0,0,0,0,0,2,0,2,0,0,0,0,0,0,0,0,0,0,0,0,0,2,0,0,0,0,0,0,0,0,0,0,0,0,0,0,0,0,0,0
"Zotu255",2,0,2,0,6,2,2,0,0,10,1,1,1,3,3,4,9,4,8,1,1,6,3,238,2,1,0,3,65,3,264,5,0,3,195,148,85,44,54,3,1,2,197,4,2,1,2,3,0,3,3,7,1,37,4,9,1,0,28,0,2,2
"Zotu452",2,23,26,1,0,1,26,5,1,6,2,5,1,39,20,0,5,1,0,248,3,0,2,1,2,3,3,6,0,22,7,2,1,2,2,6,4,1,1,1,2,1,1,0,122,0,3,0,2,2,3,49,9,2,1,0,1,1,1,0,1,53
"Zotu674",1,1,0,1,64,0,0,1,13,0,0,0,0,0,0,0,0,0,0,0,1,0,0,0,0,0,0,0,1,0,0,0,0,0,0,3,3,1,3,0,0,0,0,2,1,1,1,0,0,2,1,1,1,2,74,104,52,157,0,4,0,2
"Zotu2074",1,0,2,0,1,0,1,0,6,26,1,12,0,1,3,1,4,35,0,1,0,0,0,0,0,0,0,3,1,3,0,0,0,0,1,0,0,0,0,0,0,0,0,3,0,1,0,0,1,0,1,1,0,1,1,1,0,0,0,14,0,0
"Zotu1874",1,2,0,1,2,0,1,1,0,11,30,0,0,0,6,0,0,0,0,1,0,0,0,2,0,0,0,0,0,0,0,0,1,0,0,1,0,0,1,0,0,0,0,0,1,0,0,1,1,1,0,0,41,0,19,0,0,0,0,0,0,1
"Zotu2058",2,1,0,18,28,9,1,0,1,1,0,1,0,0,4,0,14,0,1,0,0,2,0,0,1,0,1,0,1,0,2,0,1,0,1,0,0,0,0,1,0,0,0,7,0,0,0,0,0,0,0,1,1,0,0,0,1,1,14,0,9,13
"Zotu3485",1,1,1,0,0,0,1,0,0,4,0,0,0,0,0,0,1,1,0,0,0,0,1,0,0,0,0,57,0,0,0,0,0,0,0,0,2,0,0,1,0,0,0,0,0,0,0,0,0,0,0,1,1,0,0,0,0,0,0,10,0,0
"Zotu1187",1,2,2,1,0,2,0,18,20,22,52,2,0,3,8,2,1,52,2,0,0,0,3,0,0,0,0,1,0,0,2,0,0,0,0,0,0,0,0,0,0,0,0,0,0,0,0,0,0,0,0,0,0,0,0,0,0,0,0,0,0,0
"Zotu2709",1,0,6,1,0,0,0,37,0,2,0,2,0,0,0,2,7,4,0,0,0,0,1,0,1,0,0,1,29,0,1,0,0,0,0,0,0,0,0,0,0,0,0,0,0,0,0,0,0,0,0,0,0,0,0,0,0,0,0,0,0,0
"Zotu1146",1,0,1,24,12,1,0,0,2,0,1,0,1,4,8,1,5,1,3,0,0,0,2,0,0,0,1,0,0,0,0,1,2,3,1,2,2,4,2,0,2,2,2,51,2,3,85,56,2,1,23,4,1,3,10,11,15,2,6,5,4,3
"Zotu1108",1,0,25,199,0,0,1,2,3,2,0,2,0,2,1,3,3,0,0,1,0,3,1,0,1,3,3,2,1,2,0,0,0,0,0,0,0,0,0,0,0,0,0,0,0,0,0,0,0,0,0,0,0,0,0,0,0,0,0,0,0,0
"Zotu1088",1,1,30,1,2,0,0,0,13,0,1,0,1,0,26,0,1,0,44,0,0,0,0,0,0,0,0,29,1,0,0,0,0,2,0,0,0,0,0,1,0,46,1,3,1,0,0,0,0,0,0,2,0,2,66,26,16,0,39,0,4,2
"Zotu4401",2,1,1,17,21,0,1,0,0,1,1,0,0,0,0,0,5,0,0,0,0,0,0,0,0,0,0,1,1,0,0,0,0,0,0,0,0,0,0,0,0,0,0,3,0,0,0,0,0,1,0,0,0,0,0,0,0,0,0,0,0,0
"Zotu5610",1,2,11,1,0,0,0,19,13,0,1,0,0,0,6,0,2,0,11,0,0,0,1,0,0,1,0,0,0,0,1,2,0,2,0,0,0,0,0,0,0,0,1,0,0,0,1,0,0,0,0,3,0,61,0,0,1,0,0,1,0,0
"Zotu3260",2,0,0,31,37,1,0,0,0,0,0,0,0,1,1,1,6,1,1,0,0,2,0,0,0,0,0,1,1,1,0,0,0,0,0,0,0,0,0,0,0,0,0,0,0,0,0,0,0,0,0,0,0,0,0,0,0,0,0,0,0,0
"Zotu818",1,0,2,4,2,2,1,1,0,5,0,2,0,1,0,0,11,0,0,0,19,0,0,1,117,0,0,0,2,0,1,2,1,58,0,1,30,0,1,0,1,22,1,0,0,0,0,0,2,3,1,54,20,0,0,0,1,0,1,1,1,0
"Zotu3587",1,0,0,0,0,0,0,0,0,1,0,0,0,0,0,0,0,0,1,0,0,0,0,0,0,0,0,0,0,0,43,0,0,0,0,0,0,0,0,0,0,0,0,0,0,0,0,0,0,0,0,0,0,0,0,0,0,0,0,0,0,0
"Zotu2611",1,0,1,1,2,0,0,0,0,0,0,0,0,26,8,0,0,1,0,0,26,0,0,1,0,0,1,0,0,0,1,0,0,0,0,0,0,0,0,0,0,0,0,0,0,0,0,1,0,0,0,8,0,0,0,0,0,0,0,0,0,0
"Zotu2966",2,0,1,16,33,0,0,0,0,0,0,1,2,0,0,0,9,2,0,2,0,0,0,0,0,0,0,0,0,1,0,0,0,0,0,0,0,0,0,0,0,0,0,2,0,0,1,0,0,0,0,1,0,0,0,0,0,0,11,0,0,0
"Zotu1638",1,0,1,38,49,1,20,0,2,2,0,2,4,10,4,0,29,3,0,3,1,0,1,1,0,1,1,0,1,1,2,0,0,0,0,1,0,0,0,0,0,0,0,4,0,0,0,0,0,0,0,0,0,0,0,0,0,0,1,0,11,0
"Zotu390",3,1,14,6,21,1,1,1,0,1,1,1,0,0,7,0,1,0,39,3,0,1,2,0,1,1,2,0,0,27,0,2,1,3,4,0,51,27,2,7,1,33,6,4,4,0,3,3,1,350,47,4,4,2,9,33,61,2,48,2,7,7
"Zotu5413",1,3,0,2,36,0,0,0,0,0,1,0,0,1,1,0,3,0,0,0,0,0,0,0,0,2,0,0,0,1,0,0,0,0,0,0,0,0,0,0,0,0,0,0,0,0,0,0,0,0,0,0,0,0,0,0,0,0,0,0,0,0
"Zotu1367",2,0,0,1,1,1,1,20,0,0,1,0,1,19,8,1,25,3,0,0,1,0,2,1,1,1,0,1,4,10,0,1,0,1,1,0,0,0,3,1,0,0,0,0,38,56,0,0,0,0,1,5,2,2,0,0,0,0,0,1,1,6
"Zotu5942",1,1,0,1,11,0,0,0,0,0,0,0,0,0,0,0,0,0,1,1,0,0,0,0,0,0,0,0,0,0,0,0,0,1,0,0,0,0,0,0,0,0,0,2,0,0,0,0,0,0,0,0,0,0,0,0,0,0,0,0,1,0
"Zotu229",1,1,4,3,5,6,2,2,0,3,2,2,1,1,0,1,11,3,0,1,1,304,0,3,0,3,4,62,72,70,3,139,6,102,34,5,159,14,75,231,2,81,40,6,6,5,6,3,1,3,7,3,0,2,5,1,3,4,3,3,6,3
"Zotu386",1,24,17,3,3,5,51,32,31,4,49,3,3,15,86,4,5,32,39,1,5,5,7,1,2,2,0,5,2,2,1,2,4,2,2,2,2,2,0,0,2,1,1,3,2,3,0,1,4,0,166,92,83,60,0,1,2,4,4,1,1,11
"Zotu4853",1,0,1,0,0,0,1,0,0,0,0,0,1,0,0,1,1,0,0,0,0,0,0,0,0,0,0,0,21,0,1,0,0,0,0,0,0,0,0,0,0,0,0,0,0,0,0,0,0,0,0,0,0,0,0,0,0,0,0,0,0,0
"Zotu2693",2,1,0,1,60,0,1,0,1,0,2,2,0,1,0,0,7,0,4,1,1,0,1,0,1,0,0,1,0,0,0,0,0,1,1,0,0,0,0,0,0,0,0,12,0,0,0,0,0,0,0,0,1,0,0,0,0,1,0,0,0,8
"Zotu5943",1,0,0,0,0,0,0,0,0,0,0,0,0,23,0,0,0,0,0,0,0,0,0,0,0,0,0,0,0,0,0,0,0,0,0,0,0,0,0,0,0,0,0,0,0,0,0,0,0,0,0,0,0,0,0,0,0,0,0,0,0,0
"Zotu3775",1,0,0,1,0,0,0,2,0,1,0,0,0,0,0,0,5,1,21,0,0,0,0,0,0,0,0,0,0,0,0,0,0,0,0,0,0,0,0,0,0,0,0,0,0,0,0,0,0,0,0,0,0,0,0,0,0,0,0,0,0,0
"Zotu331",3,11,11,3,5,3,15,36,38,4,4,55,1,67,10,3,3,4,24,5,4,2,1,3,3,1,4,152,28,60,2,6,3,65,1,0,143,14,1,128,0,40,1,5,1,3,3,55,2,3,10,5,2,11,3,2,5,3,16,3,1,5
"Zotu3201",1,6,0,2,2,0,0,1,0,1,0,0,0,1,1,1,4,1,4,0,0,0,1,1,1,0,0,0,0,14,0,0,0,1,1,0,0,0,0,40,0,0,0,1,2,0,0,0,0,0,0,0,0,1,0,0,7,0,0,6,0,0
"Zotu5216",1,0,0,4,1,0,0,0,0,0,0,0,0,0,2,0,11,0,0,0,0,0,0,0,0,0,0,0,0,0,0,0,0,0,0,0,0,0,0,0,0,0,2,0,0,0,0,0,0,0,0,0,0,5,0,0,0,0,0,1,0,1
"Zotu2223",1,1,0,0,0,1,0,0,0,0,0,0,119,1,1,0,1,1,0,0,0,0,0,0,0,0,2,2,0,1,1,0,0,0,0,0,0,0,0,0,0,0,0,0,0,0,0,0,0,0,0,0,0,0,0,0,0,0,0,0,0,0
"Zotu3678",2,1,6,9,52,1,0,0,3,1,1,0,0,1,3,0,4,1,1,0,0,0,1,0,1,0,0,1,0,1,1,0,0,0,0,0,1,0,1,0,0,1,0,61,0,0,2,0,0,1,0,0,0,2,0,1,0,0,0,0,0,0
"Zotu3004",1,0,2,0,1,0,0,0,0,0,0,0,0,0,0,0,1,0,0,59,1,0,0,0,0,0,0,0,0,0,0,0,0,0,0,0,0,0,0,0,0,0,0,0,0,0,0,0,0,0,0,0,0,0,0,0,0,0,0,0,0,0
"Zotu3603",2,0,0,0,0,0,0,0,29,0,13,1,0,0,0,0,0,0,1,0,0,0,0,0,0,0,0,0,0,0,0,0,0,0,0,0,0,0,0,0,0,0,0,0,0,0,0,0,0,0,0,0,0,0,0,0,0,0,0,0,0,0
"Zotu2849",1,0,4,2,3,0,0,0,0,0,1,0,0,0,3,0,0,0,0,0,0,0,0,0,0,2,0,0,0,0,0,0,0,1,0,2,1,0,0,0,1,2,0,6,0,3,0,0,0,0,35,1,1,0,7,4,8,0,1,5,0,1
"Zotu1045",1,0,10,56,38,0,0,0,3,1,5,0,1,3,0,1,36,4,0,2,2,33,4,1,0,2,0,0,33,2,2,0,0,0,0,0,0,0,0,0,0,0,1,10,0,0,0,0,0,0,0,0,0,0,0,0,0,1,0,0,0,0
"Zotu1408",1,0,1,273,0,0,1,0,0,1,1,1,0,0,0,0,0,0,1,0,2,0,2,0,0,1,0,0,1,1,0,0,0,0,0,0,0,0,0,0,0,0,0,0,0,0,0,0,0,0,0,0,0,0,0,0,0,0,0,0,0,0
"Zotu920",1,64,3,3,1,2,0,42,3,9,24,0,2,0,5,1,2,1,21,0,0,0,0,0,0,1,2,1,2,1,0,2,1,1,1,1,1,1,1,32,1,0,0,1,0,0,1,0,3,0,0,2,52,1,1,2,1,1,0,0,43,5
"Zotu3951",1,1,7,31,55,0,0,0,0,0,0,3,0,23,3,0,3,4,0,2,0,0,0,0,0,0,0,0,0,1,0,0,0,0,0,0,0,0,0,1,0,0,0,6,0,0,0,0,0,0,0,0,0,0,0,0,0,0,0,0,0,0
"Zotu598",5,26,8,6,11,3,5,14,2,1,17,24,0,4,16,4,8,26,0,2,7,3,191,0,2,1,2,2,3,2,3,2,0,29,0,2,0,1,2,0,1,0,136,1,1,0,0,2,21,0,23,6,0,3,0,0,1,0,3,2,0,2
"Zotu965",1,0,20,2,4,1,1,4,1,1,1,2,0,2,9,0,4,1,9,230,2,0,1,0,0,0,1,1,1,9,0,1,0,1,0,2,0,1,1,0,1,0,0,8,0,0,1,0,0,0,0,10,0,0,4,22,11,0,0,0,1,0
"Zotu2095",2,0,6,0,3,1,0,11,0,1,26,1,0,24,0,0,1,0,0,0,1,0,0,0,0,0,0,0,1,1,2,1,0,0,0,0,1,0,0,0,0,27,0,0,1,0,0,1,1,1,0,1,1,0,0,4,0,0,0,5,1,0
"Zotu130",3,255,62,3,5,10,48,42,7,8,75,166,7,23,136,7,7,4,3,6,18,7,10,11,9,11,4,104,6,144,5,8,7,9,3,0,51,48,16,99,4,225,7,5,4,5,3,5,5,5,74,63,17,94,3,2,0,1,2,3,30,148
"Zotu2257",1,0,2,8,12,0,0,1,1,3,41,1,1,22,4,1,4,0,26,1,1,0,0,1,0,4,3,1,0,1,2,0,0,0,0,0,0,0,0,0,0,0,0,1,0,0,1,0,0,0,0,0,0,0,0,0,0,0,0,0,0,0
"Zotu4284",1,0,1,0,1,0,2,0,8,0,8,1,0,2,5,1,2,22,0,0,0,0,0,0,0,0,0,0,9,5,0,0,0,1,1,0,0,0,0,0,0,0,0,8,1,0,2,0,0,1,0,1,6,9,0,0,0,0,14,0,0,0
"Zotu816",1,0,1,0,0,1,0,0,9,0,14,4,0,0,2,0,2,0,1,2,1,0,0,0,0,0,0,0,0,0,0,1,0,0,62,0,2,0,16,1,2,24,1,1,1,1,2,2,2,3,4,3,14,0,4,0,3,1,34,55,49,2
"Zotu2972",1,1,0,9,2,15,0,0,0,0,0,0,0,0,0,1,44,2,0,0,0,0,0,0,2,0,1,1,1,1,0,0,0,0,0,0,0,0,0,0,0,0,0,2,0,0,0,0,0,0,0,0,0,0,0,0,0,0,0,0,0,0
"Zotu573",1,18,3,5,2,1,1,0,26,4,69,101,0,1,45,2,15,0,0,4,27,3,1,1,4,3,2,1,2,0,3,2,1,1,1,0,2,4,20,2,2,1,2,4,0,2,2,1,2,1,1,70,44,34,1,2,1,0,0,1,1,7
"Zotu3897",2,0,10,0,1,0,0,1,15,0,5,0,0,1,4,0,0,0,0,1,0,0,0,0,0,0,0,0,0,0,0,0,0,0,0,0,0,0,0,0,0,0,0,0,0,0,0,0,0,0,0,0,0,0,0,0,0,0,0,0,0,0
"Zotu2320",2,0,1,2,2,0,0,1,0,0,20,0,2,1,0,1,0,1,71,0,0,0,0,8,1,3,1,0,0,0,0,0,0,0,0,0,0,0,0,0,0,0,0,0,0,0,0,0,0,0,0,0,0,0,0,0,0,0,0,0,0,0
"Zotu4212",2,0,0,1,0,0,0,0,0,0,1,0,0,1,0,0,0,0,0,0,32,0,1,0,0,0,0,0,0,0,0,0,0,0,0,0,0,0,0,0,0,0,0,0,0,0,0,0,0,0,0,16,0,0,0,1,0,0,0,0,0,0
"Zotu1308",1,0,15,12,3,2,0,1,39,42,25,0,1,0,1,0,0,1,2,0,1,0,0,0,0,1,0,0,1,0,1,0,0,1,0,0,0,0,0,0,0,0,2,0,1,0,1,68,0,0,2,1,0,1,0,1,1,1,1,0,0,13
"Zotu1275",1,0,0,0,0,0,0,0,0,0,0,0,0,0,0,0,0,0,0,1,0,0,0,0,0,37,0,0,33,1,0,0,0,33,1,0,27,27,2,29,1,8,1,0,0,0,0,0,0,1,1,1,0,3,1,0,2,1,2,1,0,1
"Zotu5748",2,0,0,0,0,0,1,0,0,1,0,0,0,1,0,0,0,0,0,0,0,0,0,0,0,0,55,0,0,0,0,0,0,0,0,0,0,0,0,0,0,0,0,0,0,0,0,0,0,0,0,0,0,0,0,0,0,0,0,0,0,0
"Zotu288",1,0,1,1,0,0,1,0,0,1,0,0,2,50,14,1,0,1,0,0,1,0,1,0,2,33,1,40,3,73,4,6,2,4,2,1,163,276,1,347,10,3,3,1,4,5,3,7,4,7,3,8,2,7,3,3,3,5,1,1,4,29
"Zotu3343",1,1,0,0,0,0,0,0,0,0,3,0,0,0,4,0,1,38,29,1,0,0,1,0,0,0,0,0,0,0,0,0,0,0,0,0,0,0,0,0,0,0,0,0,0,0,0,0,0,0,0,0,0,0,5,3,0,0,11,0,0,0
"Zotu379",1,0,1,2,13,0,1,1,0,0,0,2,1,1,3,0,3,0,1,3,3,145,2,0,2,14,1,2,1,18,0,3,3,120,97,4,136,182,33,137,5,39,8,6,8,3,1,3,2,7,4,27,4,40,1,1,3,1,22,1,5,9
"Zotu193",3,0,36,6,21,4,2,31,32,2,89,78,3,26,29,4,6,150,13,54,6,0,4,1,3,1,9,2,2,2,2,3,4,3,5,3,8,3,2,3,4,6,4,2,1,67,281,118,135,334,23,6,16,3,3,1,2,3,3,2,2,12
"Zotu381",2,2,5,1,2,2,5,5,31,49,4,3,5,4,24,2,27,6,0,3,1,18,514,3,5,7,11,103,1,4,2,0,4,2,1,2,79,0,0,2,2,0,3,0,4,0,1,1,1,1,2,58,2,0,0,0,0,0,0,0,1,3
"Zotu1599",1,0,15,1,0,1,0,26,19,1,2,0,0,0,6,1,0,0,12,0,0,2,0,0,0,0,1,1,1,1,1,0,1,0,1,0,53,1,0,0,1,0,1,0,0,0,1,0,0,0,0,0,14,0,22,8,9,0,0,1,2,1
"Zotu1151",1,1,7,1,3,1,1,1,0,1,1,8,0,3,4,2,1,78,1,0,0,0,0,0,1,1,0,0,2,0,13,2,0,0,1,0,28,41,0,2,0,41,2,1,0,0,1,0,0,0,0,4,2,0,3,0,0,0,3,0,0,0
"Zotu762",1,1,0,0,0,0,0,0,0,0,0,1,0,0,0,0,0,2,1,2,2,0,0,0,0,1,0,0,0,18,0,1,222,1,57,1,18,1,30,44,1,2,0,10,0,2,2,3,1,0,2,4,2,0,3,0,0,1,1,2,0,0
"Zotu185",1,10,3,6,3,4,9,6,5,1,1,16,4,19,3,4,2,7,3,3,9,231,4,4,486,6,2,2,21,15,3,1,4,1,3,119,2,4,14,3,3,12,2,3,0,0,76,68,0,1,2,2,31,0,1,1,1,0,0,12,1,2
"Zotu2276",1,15,7,0,1,1,0,1,1,0,2,17,1,26,5,6,10,1,0,4,1,1,3,1,2,1,1,4,3,2,2,2,1,3,1,0,0,0,1,3,1,3,1,2,2,1,1,1,0,0,0,10,1,21,1,1,0,0,0,1,0,8
"Zotu759",1,1,9,2,2,0,1,0,1,0,0,11,2,1,5,0,6,3,1,2,1,0,193,0,2,1,82,1,5,1,0,1,0,0,0,0,0,0,29,0,0,0,2,0,1,0,1,0,1,2,0,3,0,0,0,0,0,0,0,0,0,4
"Zotu3489",1,1,1,0,0,95,0,0,0,0,0,0,0,0,0,2,0,0,0,1,0,0,1,0,0,1,0,0,1,1,0,0,0,0,0,0,0,0,0,0,0,0,0,0,0,0,0,0,0,0,0,0,0,0,0,0,0,0,0,0,0,0
"Zotu3481",1,35,70,1,5,1,1,8,84,2,2,48,2,0,29,1,0,2,1,5,2,0,3,2,0,1,1,0,0,1,1,0,0,0,0,0,0,0,2,0,0,0,0,0,4,0,0,3,0,1,44,9,0,14,1,0,0,2,1,1,16,0
"Zotu1092",2,0,1,26,46,0,0,0,0,1,0,1,1,0,0,0,0,0,1,3,1,1,1,0,0,0,1,0,2,0,0,1,2,2,0,0,0,2,1,2,1,4,4,6,0,1,2,1,1,2,2,2,0,0,3,1,1,1,42,72,52,0
"Zotu176",2,0,5,3,6,1,1,3,1,4,24,5,3,3,6,3,0,3,1,2,2,98,0,0,194,7,1,39,55,80,3,5,6,74,3,3,285,55,3,90,271,162,224,3,7,7,6,8,3,13,3,3,7,9,6,0,2,6,1,3,2,9
"Zotu5293",2,1,1,2,32,1,0,2,1,0,0,0,0,1,1,0,0,0,1,0,1,0,0,0,0,0,1,0,0,0,0,0,0,0,0,0,0,0,0,0,0,0,0,0,0,0,0,0,0,0,0,0,0,0,0,0,0,0,0,0,0,0
"Zotu515",3,7,16,2,3,5,1,3,12,2,1,2,2,1,9,1,7,4,4,1,22,2,1,0,1,1,4,97,60,40,105,39,2,50,28,1,53,1,1,2,0,1,1,5,1,3,0,1,1,1,1,21,14,20,1,1,0,0,0,6,2,0
"Zotu958",2,1,1,1,1,0,2,0,0,0,0,2,0,25,68,0,1,1,0,3,43,0,0,0,2,2,1,1,0,1,2,1,1,1,1,0,0,2,0,0,1,1,1,0,4,0,2,2,3,1,0,107,2,44,1,0,0,0,3,0,1,0
"Zotu1267",1,1,0,2,0,1,1,0,1,0,0,0,1,0,2,0,6,0,0,2,0,0,1,0,2,0,18,3,1,51,1,1,0,1,0,0,96,2,10,0,3,3,1,0,2,0,0,0,3,0,1,2,2,0,0,0,0,0,0,0,0,0
"Zotu3296",2,0,9,8,37,0,0,1,0,1,0,3,0,1,0,0,11,0,0,0,0,0,0,2,0,0,0,0,1,0,0,0,0,0,0,0,0,0,0,0,0,0,0,2,0,0,0,0,0,0,0,0,0,0,0,0,0,0,0,2,0,0
"Zotu4316",2,0,0,2,6,0,0,0,0,0,0,10,0,0,0,0,0,0,0,1,0,0,0,0,0,0,0,0,0,0,0,0,0,1,0,0,0,0,0,0,0,0,0,1,0,0,0,0,1,0,0,0,0,0,23,9,0,0,5,1,0,1
"Zotu5165",1,0,0,0,28,0,0,0,0,0,1,0,0,0,0,0,0,0,0,0,0,0,0,0,0,0,0,1,0,0,0,0,0,0,0,0,0,0,0,0,0,0,0,0,0,0,0,0,0,0,0,0,0,0,0,0,0,0,0,0,0,0
"Zotu4346",1,0,4,26,15,0,0,0,2,0,12,0,2,0,1,1,5,1,0,1,2,1,0,0,0,0,1,0,0,1,2,0,0,25,0,0,0,0,0,0,1,0,0,31,0,0,1,1,0,0,0,1,1,0,1,0,1,0,53,0,11,1
"Zotu5392",1,1,6,7,9,0,0,0,0,1,0,0,0,0,10,1,0,1,0,1,9,0,1,0,2,0,0,0,0,0,1,0,1,0,0,1,0,3,0,0,0,1,0,2,0,0,0,1,0,2,1,3,15,0,0,0,0,0,11,0,0,1
"Zotu705",1,0,0,0,2,0,2,0,0,10,0,1,0,0,5,0,10,1,0,1,5,0,0,0,0,0,0,0,0,1,0,2,0,0,1,2,1,3,1,0,1,3,0,0,202,2,4,1,2,3,30,26,18,1,0,0,1,0,2,2,7,48
"Zotu1423",1,2,27,0,0,0,0,2,9,0,1,1,0,0,19,0,0,0,1,0,3,1,1,0,0,1,0,0,0,0,0,0,101,0,1,0,1,1,3,0,1,1,1,1,1,0,0,0,1,1,31,22,0,1,0,0,0,1,0,1,0,16
"Zotu1741",1,3,3,17,74,0,1,1,5,0,21,2,0,0,0,2,12,2,1,2,0,0,0,0,0,1,0,0,0,2,2,1,0,0,0,0,0,11,1,0,0,0,0,21,2,0,2,0,0,0,0,0,0,0,1,3,1,2,31,0,1,1
"Zotu2023",1,2,1,32,118,0,1,2,0,2,1,2,0,0,0,0,0,2,1,1,0,0,1,0,1,3,0,1,1,0,1,0,0,0,0,0,0,0,0,0,0,0,0,0,0,0,0,0,0,0,0,0,0,0,0,0,0,0,0,0,0,0
"Zotu758",2,2,3,1,13,1,0,0,4,0,3,0,1,8,3,184,6,1,1,2,14,1,0,0,145,1,1,2,4,2,4,0,0,0,0,0,0,0,0,0,0,25,0,1,0,1,0,0,0,0,0,0,1,10,1,0,0,2,0,0,16,15
"Zotu1466",1,0,0,3,1,0,0,1,0,0,1,1,1,33,10,1,65,0,0,0,0,0,0,4,0,0,0,0,1,0,2,0,0,1,0,0,67,0,0,0,0,0,0,10,0,0,0,0,1,0,0,8,0,1,0,0,0,0,0,0,0,14
"Zotu349",1,1,0,1,0,2,1,0,16,2,0,2,0,0,3,0,0,0,107,0,0,0,0,0,0,0,1,0,1,1,0,8,3,4,4,2,1,2,3,2,0,1,0,5,3,1,2,7,1,3,2,2,2,8,1,2,1,633,43,68,15,6
"Zotu3156",1,1,2,6,18,0,0,1,0,0,0,32,2,0,3,0,2,0,1,0,0,0,0,0,0,0,0,0,0,0,0,0,0,0,0,0,0,0,0,0,0,0,0,3,0,0,0,0,0,0,0,0,0,1,0,0,0,0,0,0,0,0
"Zotu2078",2,0,0,0,4,0,0,0,1,0,0,1,0,0,3,0,1,0,0,0,7,0,1,0,1,0,0,0,7,0,0,0,0,0,1,1,2,1,3,1,0,0,4,2,56,0,1,0,0,0,0,3,0,0,0,0,0,0,2,0,0,24
"Zotu1109",2,15,56,2,4,1,1,1,2,0,0,3,0,0,4,0,3,0,0,2,17,0,2,0,0,0,2,2,3,2,0,1,0,0,1,0,1,1,0,0,0,1,0,4,150,1,0,4,0,0,28,8,0,0,0,6,0,1,1,1,7,9
"Zotu5599",2,1,0,11,12,0,0,0,0,0,1,0,0,0,0,2,3,0,0,0,0,0,0,0,0,0,0,0,0,0,0,0,0,0,0,0,0,2,0,1,0,0,0,4,0,0,0,0,0,0,0,1,2,1,2,0,0,0,0,0,0,0
"Zotu5858",2,0,14,0,0,0,0,0,0,0,0,0,0,0,0,0,0,0,0,0,0,0,0,0,0,0,0,0,0,0,0,0,0,0,0,0,0,0,0,0,0,0,0,0,0,0,0,0,0,0,0,0,0,0,0,0,0,0,0,0,0,0
"Zotu3002",1,0,1,0,0,0,0,0,2,0,64,1,0,0,0,0,1,0,0,3,0,1,0,2,1,0,0,1,0,1,2,0,0,0,0,0,0,0,0,0,0,0,0,0,0,0,0,0,0,0,0,0,0,0,0,0,0,0,0,0,0,0
"Zotu4473",1,1,0,13,36,1,0,1,0,0,0,2,0,0,0,1,7,0,1,2,0,0,0,0,2,0,3,0,1,0,1,0,0,0,0,0,0,0,0,0,0,0,0,1,0,0,0,0,0,0,0,0,0,0,0,0,0,0,0,0,0,0
"Zotu724",1,0,1,0,0,0,0,1,0,0,145,0,0,0,15,0,0,0,214,0,1,0,0,0,0,0,0,2,1,1,1,0,0,0,0,0,0,0,0,0,0,0,0,0,0,0,0,0,0,0,0,0,0,0,0,1,2,0,0,0,0,0
"Zotu626",1,5,4,1,5,3,0,12,2,1,5,5,0,2,4,3,2,1,3,3,4,4,7,0,0,2,293,0,34,89,87,0,1,1,0,0,29,0,1,2,1,27,0,1,1,1,0,0,1,1,0,3,1,12,0,1,0,0,1,0,0,0
"Zotu1328",1,0,3,0,1,1,0,1,0,0,3,45,0,1,7,1,0,58,0,3,1,0,0,0,0,1,0,0,0,0,0,3,0,1,0,0,1,0,2,0,0,0,2,0,0,0,0,1,0,0,0,6,1,0,31,75,0,1,1,0,8,0
"Zotu4658",1,0,0,0,0,0,0,1,0,0,0,21,0,0,0,0,0,0,0,0,0,0,0,0,0,0,1,0,0,1,0,0,0,0,0,0,0,0,0,0,0,0,0,0,0,0,0,0,0,0,0,0,0,0,0,0,0,0,0,0,0,0
"Zotu420",2,2,1,1,0,0,1,0,1,0,0,3,0,2,1,3,1,2,2,4,0,0,0,1,4,0,98,1,67,75,67,0,1,3,1,144,43,7,2,37,4,17,237,3,0,0,1,0,1,2,5,0,1,0,4,2,2,3,2,8,4,2
"Zotu6301",1,0,0,20,5,0,0,1,1,1,0,0,0,0,3,0,4,0,2,0,0,0,0,0,0,0,0,0,0,0,0,1,0,0,0,0,0,0,0,0,0,0,0,8,1,0,0,0,0,0,0,0,0,1,0,0,0,0,0,0,0,0
"Zotu1207",1,0,4,0,1,0,0,0,0,0,0,0,1,12,14,0,1,0,0,0,7,0,0,0,0,0,0,0,0,0,0,1,171,0,0,0,1,0,1,1,1,1,0,0,1,0,0,0,0,1,23,16,0,19,0,2,0,0,0,0,0,1
"Zotu1336",1,0,25,2,0,0,0,1,11,0,0,0,0,0,0,0,0,0,0,0,0,0,0,1,0,0,0,0,1,0,0,0,78,1,0,0,1,1,34,1,1,1,0,5,3,0,0,0,0,0,3,2,1,0,0,0,0,1,0,1,1,1
"Zotu5469",1,0,0,0,0,0,0,0,0,0,0,0,0,0,0,0,0,0,0,0,0,0,1,0,0,0,1,0,19,0,0,0,0,0,0,0,0,0,0,0,0,0,0,0,0,0,0,0,0,0,0,0,0,0,0,0,0,0,0,0,0,0
"Zotu443",2,1,1,3,5,0,2,0,1,1,1,1,0,0,3,2,0,0,1,0,1,0,1,148,2,1,28,0,0,2,5,1,116,0,1,160,3,86,29,53,1,104,3,2,1,2,3,4,2,2,5,2,2,3,1,1,2,1,3,1,4,0
"Zotu5282",1,0,0,0,36,0,0,0,0,0,0,2,2,0,0,0,0,1,0,0,1,0,0,0,0,1,0,0,0,0,0,0,0,0,0,0,0,0,0,0,0,0,0,0,0,0,0,0,0,0,0,0,0,0,0,0,0,0,0,0,0,0
"Zotu1929",1,0,0,0,0,0,0,0,0,5,0,0,0,0,1,0,7,0,0,0,1,0,0,0,0,0,0,0,0,0,0,1,0,0,0,0,1,2,0,0,0,0,0,0,1,1,0,0,118,0,0,0,1,0,0,4,0,0,0,0,0,0
"Zotu528",2,1,11,1,20,1,0,0,0,0,19,1,0,1,0,0,5,1,15,0,0,0,0,0,1,0,0,1,0,1,0,4,2,3,6,2,4,4,0,4,0,3,0,3,5,4,4,2,1,0,2,4,5,2,20,28,66,145,111,84,36,4
"Zotu676",3,1,13,4,8,4,1,3,10,10,40,14,0,2,12,0,16,20,15,112,4,0,2,1,1,1,3,1,1,1,0,1,1,1,0,3,0,0,2,1,0,2,2,0,1,1,0,0,0,0,0,6,25,0,2,7,1,46,17,21,23,8
"Zotu326",1,2,1,0,1,4,4,0,0,1,19,1,0,0,0,0,0,0,0,1,0,0,0,0,0,0,52,0,1,0,2,6,5,3,3,121,5,126,679,6,6,6,6,2,8,1,34,3,3,7,6,12,4,6,2,1,4,5,8,4,5,10
"Zotu3859",1,0,0,0,0,0,1,0,0,0,0,0,0,2,27,0,0,0,0,0,1,0,0,0,0,0,0,0,0,0,1,0,0,0,0,0,0,0,0,0,0,0,0,0,1,0,0,0,0,0,24,0,2,0,0,0,0,0,0,0,1,8
"Zotu5498",1,0,0,7,9,0,0,0,7,0,0,0,0,0,8,1,4,0,0,3,0,0,1,4,1,0,2,2,0,6,0,0,0,0,0,0,23,0,0,0,0,0,1,1,0,0,0,0,0,0,1,2,0,0,0,6,0,0,0,0,0,0
"Zotu5592",1,0,1,0,2,0,1,21,0,0,0,0,0,0,0,0,1,0,0,0,1,0,0,0,0,0,0,0,0,0,0,0,0,0,0,0,0,0,0,0,0,0,0,0,0,0,0,0,0,0,0,0,0,0,0,0,0,0,0,0,0,0
"Zotu1064",1,5,4,2,2,1,2,1,0,16,71,0,0,0,5,0,2,49,0,0,1,0,1,0,0,0,1,3,1,0,3,1,0,0,0,0,0,0,0,49,1,1,0,8,0,0,1,0,0,0,1,2,1,1,1,0,0,0,1,20,0,9
"Zotu2696",1,0,0,18,1,2,0,1,1,0,1,0,1,1,0,1,63,0,0,0,0,2,1,0,0,0,2,1,0,0,0,0,1,0,0,0,0,0,0,1,0,12,2,3,0,0,0,0,0,0,0,0,0,1,0,0,0,0,0,0,0,0
"Zotu4215",1,0,0,0,0,0,0,0,0,1,0,0,0,0,0,0,0,0,10,0,0,0,0,0,0,0,0,0,0,0,0,0,0,0,0,0,1,0,0,0,0,0,0,1,0,0,0,1,0,0,48,0,0,0,0,0,0,1,0,0,1,0
"Zotu2011",1,0,14,1,5,0,0,1,6,0,0,12,1,2,35,1,4,39,4,2,0,1,1,0,1,0,0,0,1,2,1,0,0,0,1,0,0,0,1,0,1,0,0,0,0,0,0,0,0,0,0,1,0,5,0,0,0,1,0,0,0,5
"Zotu298",2,15,14,4,5,2,87,143,63,76,0,2,2,41,17,4,6,3,1,366,0,2,4,0,8,3,3,1,3,4,1,0,0,0,2,0,2,1,0,1,1,1,136,1,0,1,0,0,0,2,1,13,0,26,0,0,0,1,0,1,3,1
"Zotu3076",1,0,1,14,1,0,0,0,0,0,0,1,0,0,0,0,3,0,0,0,0,0,1,0,1,1,0,3,22,24,0,0,0,1,0,0,0,0,0,0,0,0,0,2,0,0,0,0,0,0,0,6,0,0,0,0,0,0,0,0,0,0
"Zotu3669",2,0,0,0,0,0,0,0,0,0,0,0,0,0,0,0,0,0,0,0,0,0,1,0,0,0,0,43,0,0,0,0,0,0,0,0,0,0,0,0,0,0,0,0,0,0,0,0,0,0,0,0,0,0,0,0,0,0,0,0,0,0
"Zotu3795",1,0,0,1,0,0,0,0,0,0,0,27,0,0,5,0,0,0,0,0,0,0,0,0,1,1,0,0,2,0,0,0,0,0,0,0,0,0,0,0,0,0,0,0,0,0,0,0,0,0,0,9,0,0,0,0,0,0,0,0,0,1
"Zotu3160",1,0,16,0,0,0,0,0,0,0,0,0,2,0,0,0,0,1,0,1,12,0,4,0,0,0,0,0,0,0,1,0,0,0,0,0,0,0,0,0,1,0,1,0,0,1,0,1,0,0,24,1,0,2,0,0,0,1,0,0,0,0
"Zotu5112",1,0,2,6,8,2,0,0,4,0,11,0,0,0,1,1,1,0,0,1,1,0,1,0,0,0,0,0,0,0,0,0,0,1,0,0,0,0,0,0,0,0,0,2,0,0,0,0,0,0,0,2,0,0,0,0,0,0,0,0,6,3
"Zotu1419",1,0,3,0,2,1,0,0,0,0,0,0,0,0,2,2,2,0,35,0,1,0,0,0,1,0,0,0,1,0,0,0,113,0,0,0,2,0,19,2,0,0,1,2,0,0,1,0,0,1,1,1,0,0,2,0,8,1,0,13,0,1
"Zotu286",1,2,4,865,3,0,2,4,1,3,4,3,2,2,16,3,211,2,2,1,1,3,4,0,3,3,1,0,3,1,2,0,0,0,0,0,0,0,0,0,0,0,0,0,0,0,0,0,0,0,0,0,0,0,0,0,0,0,0,0,0,0
"Zotu337",2,1,13,2,4,1,17,1,12,30,34,17,2,46,5,3,12,24,1,3,34,2,1,0,1,1,0,2,1,1,2,8,4,5,1,1,5,7,4,10,8,1,4,244,3,21,3,6,3,3,19,26,22,2,4,5,5,7,34,70,102,24
"Zotu962",1,0,0,0,0,1,0,0,77,0,0,3,0,40,3,0,14,1,1,0,0,0,0,0,0,0,0,1,0,0,0,1,3,1,0,2,81,1,3,0,0,0,0,120,0,0,0,1,0,0,14,8,0,1,1,2,1,0,72,4,59,14
"Zotu5907",1,0,0,0,0,0,0,0,0,0,0,0,0,0,1,0,1,0,0,0,0,0,0,0,1,1,0,0,0,0,0,0,0,0,0,0,0,0,0,0,0,0,0,37,0,0,0,0,0,1,0,0,0,0,0,0,0,0,0,0,0,2
"Zotu1511",2,0,0,0,1,0,0,0,1,0,0,0,0,0,0,0,0,0,0,0,0,0,0,0,0,0,0,0,20,0,0,3,0,43,2,0,11,38,18,17,1,14,0,3,5,0,0,0,0,1,0,1,0,0,10,0,0,1,1,0,0,1
"Zotu214",3,1,24,15,41,0,0,2,21,2,32,10,5,9,40,3,1,1,67,3,1,2,0,0,0,3,151,0,0,1,0,3,2,86,6,3,0,2,5,8,3,212,6,19,7,8,2,3,4,3,3,4,1,2,137,192,58,4,271,17,6,4
"Zotu3750",1,0,0,6,1,0,1,0,12,0,0,1,0,0,5,0,2,0,0,5,0,0,0,0,0,0,0,0,1,0,0,0,0,0,0,0,0,1,0,0,0,0,0,0,0,0,0,0,0,0,0,0,0,0,0,0,0,0,0,0,0,0
"Zotu1893",1,0,0,0,3,0,0,2,0,0,0,1,0,0,0,0,0,0,0,1,0,0,1,0,0,0,135,0,0,13,0,0,0,0,0,0,0,0,0,0,0,0,0,0,0,0,1,1,0,0,0,0,0,0,0,0,23,0,0,0,0,0
"Zotu5344",1,0,0,2,31,0,0,0,0,0,0,0,0,0,0,0,3,0,0,0,0,0,0,0,0,0,0,0,0,0,0,0,0,0,0,0,0,0,0,0,0,0,0,0,0,0,0,0,0,0,0,0,0,0,0,0,0,0,0,0,0,0
"Zotu3346",2,1,0,11,14,0,0,0,0,0,14,0,0,1,0,1,22,0,0,1,0,0,0,0,0,3,3,1,0,0,1,0,0,0,0,0,0,0,0,0,0,0,0,2,0,0,0,0,0,0,0,0,0,0,0,0,0,0,0,0,0,0
"Zotu1364",1,0,0,14,33,1,0,0,11,0,1,0,0,0,7,0,4,1,0,1,0,0,0,0,1,1,0,0,0,0,0,3,2,1,1,2,0,2,1,3,1,1,0,2,1,0,3,1,0,1,0,4,6,21,19,44,53,0,26,3,1,1
"Zotu4310",1,0,0,0,1,0,0,2,0,30,0,0,0,0,0,0,1,1,1,0,0,0,0,0,0,1,0,0,0,1,0,0,0,0,0,0,0,0,0,0,0,0,0,1,0,0,0,0,0,0,0,0,0,0,0,0,0,0,0,0,0,0
"Zotu1533",1,0,1,6,4,0,0,0,0,0,0,0,0,0,0,0,1,0,0,0,0,0,0,0,0,0,0,1,0,0,0,1,0,0,1,0,4,1,1,1,1,1,4,1,1,0,0,1,0,0,0,1,0,0,17,24,40,39,0,3,4,1
"Zotu935",1,0,0,9,4,1,0,1,4,1,1,0,0,0,3,0,0,50,1,1,0,0,0,0,0,0,2,2,2,18,0,0,0,0,0,199,2,1,1,0,0,0,0,1,0,0,0,0,1,1,1,0,0,1,0,0,1,0,0,0,0,0
"Zotu3336",1,0,0,0,0,0,0,0,0,0,28,0,0,0,0,0,0,0,0,0,0,0,0,0,0,0,0,0,0,0,0,0,0,0,0,1,0,0,0,0,1,0,0,0,0,0,0,0,1,0,1,0,0,1,0,0,0,0,0,27,32,0
"Zotu2454",1,0,0,0,0,0,0,0,1,0,3,1,1,0,0,101,0,0,0,0,0,0,0,0,0,1,0,4,0,1,0,0,0,0,0,0,0,0,0,0,0,0,0,0,0,0,0,0,0,0,0,0,0,0,0,0,0,0,0,0,0,0
"Zotu5115",1,0,0,0,0,0,0,0,0,0,0,12,0,1,2,0,0,0,0,0,0,0,0,0,0,0,0,0,0,0,0,1,0,0,0,0,0,0,0,0,0,0,0,0,1,0,0,1,1,0,0,0,0,0,0,13,1,0,0,0,0,0
"Zotu3264",2,0,1,0,0,2,1,0,7,0,1,0,0,32,0,1,0,1,7,0,0,0,0,0,0,1,2,1,0,0,1,0,0,0,0,0,0,0,0,0,0,0,0,0,0,0,0,0,0,0,0,0,0,0,0,0,0,0,0,0,0,0
"Zotu2734",1,0,1,6,24,8,9,0,2,1,1,0,0,0,0,1,0,0,38,0,0,0,0,1,1,2,0,1,3,1,1,0,0,0,0,0,0,0,0,0,0,0,0,0,0,0,0,0,0,0,0,0,11,0,0,0,0,0,0,0,0,0
"Zotu1590",3,0,0,153,1,0,0,0,0,1,1,0,2,1,1,0,1,0,0,1,0,0,2,0,0,1,1,1,0,2,2,0,0,0,0,0,0,0,0,0,0,0,0,0,0,0,0,0,0,0,0,0,0,0,0,0,0,0,0,0,0,0
"Zotu1464",2,1,9,0,20,0,1,0,1,0,27,45,0,0,2,1,4,1,13,0,0,0,0,1,0,1,1,0,3,2,0,0,0,1,0,0,0,0,0,0,0,0,0,0,0,0,0,0,49,0,0,0,0,0,0,0,0,0,0,0,0,0
"Zotu975",1,0,0,0,0,0,0,0,12,0,0,0,0,0,0,0,0,0,0,0,0,0,0,0,0,0,0,0,0,0,0,0,1,0,0,1,0,0,1,2,0,0,0,0,0,39,58,1,0,121,17,0,0,1,9,5,22,1,0,0,2,1
"Zotu1471",1,0,0,0,1,0,1,3,0,1,0,43,0,1,5,1,2,1,0,0,0,0,0,1,0,0,2,0,0,0,1,0,74,0,0,0,0,0,0,0,0,3,0,0,0,0,0,0,0,0,0,0,0,0,0,0,0,0,2,1,0,0
"Zotu597",5,4,1,4,0,0,2,3,2,3,2,2,438,2,3,1,2,13,2,0,0,3,4,0,2,5,5,2,31,1,2,1,0,0,0,0,0,0,0,0,0,0,0,0,0,0,0,0,0,0,0,0,0,0,0,0,0,0,0,0,0,0
"Zotu5864",1,0,1,0,0,0,0,0,0,5,0,0,0,0,0,0,0,0,0,2,0,0,0,0,0,1,1,0,24,0,1,0,0,0,0,0,0,0,0,0,0,0,0,0,0,0,0,0,0,0,0,0,0,0,0,0,0,0,0,0,0,0
"Zotu838",1,0,0,100,54,3,1,1,2,0,1,1,1,1,1,1,24,1,0,1,0,4,1,0,3,0,3,0,2,3,2,1,1,0,1,0,1,1,2,0,0,0,1,127,0,1,2,0,1,0,0,0,1,1,0,0,0,2,1,1,0,1
"Zotu5915",1,0,0,0,5,0,0,0,0,0,0,0,0,1,1,0,2,0,24,0,0,0,0,0,1,0,1,0,1,0,0,0,0,0,0,0,0,0,0,0,0,0,0,0,0,0,0,0,0,0,1,0,0,0,2,0,0,0,0,0,0,0
"Zotu343",1,2,19,3,6,6,7,5,14,14,45,21,0,42,34,0,7,36,61,4,1,20,3,2,2,3,5,45,60,13,4,2,3,1,121,0,4,3,1,1,1,2,0,2,0,54,2,2,58,0,22,8,1,12,3,2,2,1,13,56,5,1
"Zotu3005",1,0,0,18,28,0,0,2,0,0,17,0,0,1,2,1,1,0,0,1,2,0,2,1,0,2,2,1,1,1,0,0,0,20,0,0,0,1,2,0,0,1,0,14,0,1,0,1,0,0,1,0,0,0,2,7,0,1,12,0,1,0
"Zotu1528",1,0,11,51,25,0,0,4,1,0,2,0,0,4,0,1,5,0,0,1,0,0,1,0,0,1,3,1,2,0,1,1,0,1,0,0,1,2,0,2,0,0,106,7,0,0,2,1,0,30,3,2,0,0,0,0,0,0,0,0,2,1
"Zotu541",1,1,3,1,8,1,0,1,15,9,2,1,2,86,28,3,11,50,2,2,49,2,2,7,1,0,1,2,59,31,4,0,1,76,1,0,0,1,1,2,1,0,0,2,75,1,0,2,2,1,1,15,0,2,1,2,1,2,0,22,28,45
"Zotu1830",1,1,0,0,1,2,1,0,24,0,1,0,0,1,4,0,1,59,56,2,2,0,0,0,1,1,0,0,0,1,0,0,0,0,0,0,0,0,0,0,0,0,0,0,0,0,0,0,0,0,0,0,0,0,0,3,0,0,0,0,0,0
"Zotu348",5,8,25,1,2,6,2,1,50,5,4,25,2,69,40,2,6,0,1,2,20,5,1,1,3,2,72,60,21,51,1,2,0,4,1,3,87,10,1,41,2,101,3,1,4,1,3,3,3,3,38,51,31,118,0,0,0,0,0,4,3,43
"Zotu879",1,8,12,5,7,1,3,1,27,0,2,52,0,2,22,0,1,128,0,1,0,2,2,0,0,0,0,0,0,1,1,0,0,1,0,0,1,0,1,1,1,0,0,1,1,1,1,0,0,0,1,0,0,9,1,0,0,1,77,0,0,11
"Zotu6394",1,0,3,3,8,1,0,0,0,0,0,0,0,0,0,0,0,0,0,0,0,0,0,0,0,0,1,0,0,0,0,0,0,0,0,0,0,0,0,0,0,0,0,1,0,0,0,0,0,0,0,0,0,0,0,0,0,0,0,0,0,0
"Zotu1555",1,8,5,0,2,1,3,0,7,0,0,1,3,37,18,1,23,1,0,1,7,0,0,5,2,1,1,0,0,2,0,0,0,3,2,0,0,0,1,1,0,0,1,1,1,1,0,0,0,1,0,17,18,1,0,0,0,0,0,1,0,9
"Zotu208",3,4,57,5,6,8,4,4,102,194,142,44,0,19,22,2,3,18,132,3,1,7,4,3,2,5,1,25,2,2,5,7,1,4,0,2,6,3,2,32,0,0,2,1,2,3,130,180,107,2,2,3,5,5,17,20,35,4,75,108,27,6
"Zotu2497",1,0,0,1,0,0,26,0,1,11,0,0,2,1,12,0,3,0,0,0,1,1,0,0,0,0,0,0,1,0,0,0,0,0,1,0,0,0,0,0,0,0,0,0,0,1,0,0,0,0,0,5,0,0,0,0,0,0,0,0,0,12
"Zotu2118",1,0,0,38,23,0,0,0,0,0,3,1,0,0,1,1,5,0,1,76,1,0,1,0,1,0,0,0,0,1,1,0,0,0,0,0,0,0,0,0,0,0,0,0,0,0,0,0,0,0,0,0,0,0,0,0,0,0,0,0,0,0
"Zotu753",1,2,2,1,2,0,1,1,0,3,0,1,2,0,0,1,3,1,0,2,0,1,0,0,0,0,1,0,173,0,0,1,2,1,0,2,69,0,0,1,0,0,0,0,0,0,2,2,1,0,0,33,41,2,0,0,2,1,0,0,1,2
"Zotu6271",1,0,0,7,2,0,0,0,0,0,0,0,0,0,0,0,0,0,0,0,0,0,0,0,0,1,0,0,0,0,1,0,0,0,0,0,0,0,0,0,0,0,3,0,0,0,0,0,0,0,0,2,0,0,1,0,0,0,9,0,0,0
"Zotu1550",1,2,0,0,0,11,0,0,3,15,0,0,0,14,0,1,0,0,1,0,0,3,1,1,0,0,0,0,1,1,0,83,0,0,0,1,10,15,1,0,0,0,1,0,0,1,1,1,0,0,1,2,1,1,0,7,9,0,0,0,0,1
"Zotu3029",1,0,6,0,6,0,0,0,0,3,0,0,0,0,1,2,4,0,0,0,10,0,0,0,0,0,0,0,1,6,0,0,0,12,1,1,0,0,1,0,0,0,0,1,28,0,0,0,0,1,2,4,0,1,0,0,0,0,2,1,0,5
"Zotu5174",1,0,0,3,0,1,0,0,19,1,0,0,0,0,0,0,0,0,0,0,0,0,0,0,0,0,0,0,0,0,0,0,0,1,0,0,0,0,0,0,0,0,0,0,0,0,0,0,0,0,0,0,0,0,0,0,0,0,0,0,0,0
"Zotu1856",1,0,49,0,0,0,0,0,28,1,0,0,0,0,61,0,0,0,0,0,0,0,3,0,0,1,0,0,0,0,0,0,0,0,0,0,0,0,0,0,0,0,0,0,0,0,0,0,0,0,0,0,0,0,0,7,0,0,0,0,0,0
"Zotu3031",1,1,1,1,5,1,0,5,1,0,22,7,1,18,0,1,2,0,9,1,0,0,0,2,0,0,0,1,2,1,0,0,0,0,0,0,0,0,0,0,0,0,0,0,0,0,0,0,0,0,0,1,0,0,0,2,0,0,0,1,0,0
"Zotu1157",1,1,0,0,0,1,0,0,1,0,3,1,0,3,1,0,1,1,2,1,3,0,0,1,0,0,0,80,1,1,1,83,0,0,1,0,0,1,0,62,0,0,2,0,1,0,0,2,0,0,1,1,0,0,0,0,0,0,0,0,3,0
"Zotu4294",2,0,7,10,0,0,0,0,11,0,0,1,0,1,2,2,8,0,0,0,0,2,1,0,2,0,0,0,3,0,0,0,0,0,0,0,0,0,0,0,0,0,0,5,0,0,0,0,0,0,0,0,0,0,0,0,0,0,0,0,0,0
"Zotu3767",1,0,0,0,0,40,0,0,0,0,0,0,0,0,0,0,1,0,0,0,0,0,0,0,1,0,0,0,0,0,0,0,0,0,0,0,0,0,0,0,0,0,0,0,0,0,0,0,0,0,0,0,0,0,0,0,0,0,0,0,0,0
"Zotu5789",1,3,1,0,0,0,0,0,0,0,1,0,0,0,2,0,1,0,0,0,0,0,0,0,0,0,1,0,0,1,0,0,0,0,0,0,0,0,0,0,0,0,0,0,0,0,0,0,0,0,0,0,0,0,0,0,0,32,0,0,0,0
"Zotu1020",2,0,1,0,1,0,0,0,0,0,0,2,0,0,0,0,0,2,0,0,0,0,308,0,0,0,0,0,1,0,0,0,0,0,0,0,0,0,0,0,0,0,0,0,0,0,0,0,0,0,0,0,0,0,0,0,0,0,0,0,0,0
"Zotu2594",1,0,0,4,0,0,0,0,0,0,0,0,0,0,1,0,1,0,0,0,0,0,0,0,0,0,0,0,0,1,0,1,0,16,0,0,50,0,0,0,1,1,0,4,0,1,1,0,1,0,0,2,0,0,20,1,1,0,0,0,0,2
"Zotu5562",1,0,0,7,2,0,0,0,0,0,0,0,0,0,0,0,0,0,0,0,0,0,0,0,0,0,0,0,0,0,0,1,1,0,0,0,0,0,0,0,0,0,0,0,0,0,29,0,0,0,1,0,0,0,0,0,0,0,0,4,1,0
"Zotu2667",1,0,0,8,25,0,0,0,1,0,0,0,0,0,0,0,2,0,0,0,0,0,1,0,0,0,0,0,0,0,0,0,0,0,0,0,0,0,0,1,0,0,79,0,1,0,0,0,0,0,1,0,0,0,0,0,0,0,0,0,3,0
"Zotu98",1,0,6,37,23,0,1,0,2,1,3,7,1,3,15,1,19,1,0,2,22,137,2,227,3,14,0,56,314,135,244,8,3,220,125,288,106,182,546,190,5,21,66,89,1,2,1,2,2,2,3,15,110,24,3,3,2,2,3,3,3,2
"Zotu352",4,3,78,1,4,3,4,7,124,1,5,144,5,4,46,0,8,229,2,222,3,4,9,1,3,6,2,2,10,4,2,0,0,0,0,0,0,0,0,0,0,0,0,0,0,0,0,0,0,0,0,1,0,0,0,0,0,0,0,0,0,0
"Zotu890",2,79,4,1,0,3,0,1,0,3,27,1,1,1,1,0,0,2,0,0,0,1,1,0,0,0,0,2,0,0,1,1,1,0,2,1,1,104,0,1,1,0,0,1,0,0,2,0,1,1,1,0,0,2,1,0,62,1,2,1,0,0
"Zotu2994",1,0,0,0,1,1,0,17,0,0,0,18,0,0,0,0,1,0,8,2,0,2,0,0,0,0,0,0,1,0,0,0,0,0,0,0,0,0,0,0,0,0,0,1,0,0,0,2,0,0,0,1,0,0,0,4,0,0,0,0,1,5
"Zotu5400",1,2,0,0,1,0,0,0,1,0,11,0,0,0,0,0,0,0,0,1,0,0,0,0,0,0,0,0,0,0,0,0,0,0,0,0,0,0,0,0,0,0,1,0,0,0,1,0,0,0,0,0,0,0,0,0,5,0,0,0,1,0
"Zotu5978",1,0,0,0,0,0,0,0,0,0,0,0,0,0,0,0,2,0,10,0,0,0,0,0,0,0,0,0,0,0,0,0,0,0,0,0,0,0,0,0,0,0,0,1,0,0,0,0,0,0,0,1,0,0,0,11,0,0,0,0,1,0
"Zotu2678",1,10,12,0,1,2,0,2,0,0,0,1,0,0,0,0,0,40,0,0,0,0,0,0,0,0,0,0,0,1,0,0,0,0,0,0,0,0,0,0,0,0,0,0,0,0,0,0,0,0,0,0,0,0,15,0,0,0,0,0,0,0
"Zotu2367",1,0,1,0,4,0,1,16,0,0,1,11,0,1,0,2,1,0,0,0,1,0,1,0,0,0,69,0,1,1,0,0,0,0,0,0,13,0,0,2,0,0,0,0,0,0,0,0,0,0,13,8,0,1,0,1,0,0,0,0,0,1
"Zotu1719",1,0,11,1,2,0,1,0,0,0,1,0,0,0,0,0,2,117,1,0,0,0,0,0,0,1,0,0,0,1,0,0,0,0,0,0,0,0,0,0,0,0,0,0,0,0,0,0,0,0,0,0,0,0,0,0,0,0,0,0,0,0
"Zotu3715",1,0,0,2,0,0,0,0,0,0,0,30,0,0,0,0,5,0,0,1,0,0,0,0,0,0,0,0,0,0,0,0,0,0,0,0,0,0,0,0,0,1,0,10,0,0,0,0,0,0,0,0,0,0,0,0,0,0,0,0,0,0
"Zotu3174",1,0,0,0,0,0,0,0,0,1,0,1,1,0,5,0,14,0,1,0,0,0,0,0,0,0,1,0,0,0,0,1,0,0,1,0,0,12,0,0,0,0,0,1,0,1,0,1,0,0,0,13,0,0,0,1,0,0,1,0,0,22
"Zotu1699",1,1,0,0,0,2,2,33,0,2,1,32,0,1,0,1,1,0,0,0,0,0,3,0,1,2,0,69,0,0,2,0,0,0,0,0,0,0,0,0,0,0,0,1,0,0,0,0,0,0,0,0,0,1,0,0,0,0,0,0,0,8
"Zotu2787",1,23,0,2,0,0,8,0,1,0,1,0,0,2,5,0,3,0,1,1,0,0,0,0,1,0,2,0,0,0,1,0,0,0,0,0,0,1,0,1,0,0,0,0,0,1,0,1,0,0,1,3,0,10,0,0,0,0,0,0,0,8
"Zotu359",1,0,3,0,0,0,0,0,0,3,0,0,0,0,9,0,0,0,0,0,0,0,0,0,0,0,0,0,0,0,3,2,48,170,7,498,66,139,2,3,3,0,5,6,1,2,2,5,6,3,2,3,0,4,1,1,1,5,2,4,1,4
"Zotu3386",1,0,0,11,0,2,0,0,0,0,0,0,0,2,1,1,59,0,0,0,1,0,0,0,1,0,0,0,0,0,0,0,0,0,0,0,0,1,0,0,0,0,0,19,0,0,0,0,0,0,0,0,0,0,0,0,0,0,0,0,6,0
"Zotu983",3,1,8,1,3,0,0,1,3,1,8,3,0,0,6,0,2,2,1,2,2,0,181,0,1,0,0,0,1,0,2,0,0,0,0,0,0,0,2,1,2,0,0,1,0,0,0,0,1,0,0,2,68,1,1,0,1,0,1,3,1,0
"Zotu1220",2,0,8,1,0,0,1,1,0,0,0,2,0,0,2,0,0,0,0,1,9,0,0,0,0,1,0,0,0,0,68,1,1,1,0,109,0,4,0,0,0,0,0,3,0,0,0,0,29,1,3,0,1,0,0,1,1,0,1,0,0,1
"Zotu413",1,93,14,1,0,273,0,31,19,7,3,3,6,0,4,1,2,1,6,1,0,0,8,5,6,2,4,1,5,2,5,2,1,0,1,2,0,1,2,1,3,1,2,1,0,0,61,1,52,208,1,0,2,1,0,0,2,0,1,1,1,2
"Zotu5717",1,1,0,8,3,0,0,0,0,0,0,0,0,0,3,0,1,0,0,0,0,0,0,0,0,0,0,0,0,0,0,0,0,0,0,0,0,0,0,0,0,0,0,0,0,0,0,0,0,0,0,0,0,0,0,0,0,0,0,0,0,0
"Zotu3279",1,1,0,42,2,0,1,1,1,0,0,1,1,0,2,0,13,1,0,0,1,0,0,0,0,1,0,1,1,0,0,0,0,0,0,0,0,0,0,0,0,0,0,0,0,0,0,0,0,0,0,0,0,0,0,0,0,0,0,0,0,0
"Zotu2569",1,1,0,0,0,1,0,0,0,0,16,14,0,2,3,0,3,0,12,0,0,1,0,0,1,0,0,0,0,0,0,2,1,0,0,0,17,2,0,0,0,1,0,0,1,0,0,0,0,0,1,1,0,0,2,1,0,0,0,0,0,0
"Zotu3374",1,0,0,0,0,0,0,0,0,9,0,0,0,0,2,0,2,0,1,0,0,0,2,0,0,0,0,0,11,0,0,0,0,32,0,1,0,0,0,7,2,1,0,0,1,1,1,0,0,2,11,5,1,0,0,0,0,0,0,0,0,0
"Zotu4389",1,2,1,22,43,0,0,0,0,12,0,0,0,2,0,0,1,0,0,2,0,0,0,0,1,0,3,2,4,0,0,0,0,0,1,1,0,0,0,0,0,0,0,18,0,0,0,0,0,0,0,0,0,0,1,4,0,0,0,0,0,0
"Zotu1154",1,1,8,3,0,3,0,2,0,0,0,3,1,0,0,150,2,2,0,1,7,3,4,0,0,0,1,0,0,0,1,0,0,0,0,0,0,0,0,0,0,0,0,0,0,0,0,0,0,0,0,0,0,0,0,0,0,0,0,0,0,0
"Zotu3700",1,2,0,0,74,0,1,0,1,2,1,0,1,0,1,0,0,0,0,0,0,0,0,0,3,0,1,0,0,1,0,0,0,0,0,0,0,0,0,0,0,0,0,0,0,0,0,0,0,0,0,0,0,0,0,0,0,1,0,0,0,0
"Zotu3151",1,0,0,16,30,1,0,0,1,0,0,1,0,1,1,0,4,1,0,1,0,0,1,0,1,0,0,0,1,0,0,0,0,0,1,0,0,1,0,1,1,1,0,6,0,0,1,0,0,0,0,5,0,0,0,0,0,34,0,0,10,3
"Zotu591",1,1,1,53,75,0,1,0,2,1,1,1,0,0,1,0,18,0,11,2,1,0,0,3,2,0,0,2,0,2,1,3,0,5,1,1,2,0,6,3,1,3,3,4,0,1,4,3,1,1,5,1,2,0,9,11,8,119,87,52,12,29
"Zotu978",1,0,5,0,1,2,0,1,1,1,2,0,1,2,1,2,3,1,1,213,0,0,0,1,1,1,2,0,0,1,0,0,0,0,1,1,1,1,0,0,0,0,0,1,0,1,0,26,0,1,1,3,5,4,0,0,0,0,0,0,0,0
"Zotu1175",1,0,7,1,1,2,2,2,47,92,1,0,0,1,9,0,0,0,17,2,1,3,2,1,3,1,6,0,2,0,2,0,0,0,0,0,0,0,0,0,0,0,0,0,0,0,0,0,30,0,0,0,0,0,0,4,0,0,0,0,0,0
"Zotu671",1,0,4,1,3,1,2,2,0,9,0,11,1,9,12,0,6,1,1,0,2,0,3,0,82,0,0,35,0,1,1,0,0,0,1,1,0,1,6,1,0,1,0,6,0,0,1,1,0,1,38,6,28,6,2,1,15,1,2,33,4,3
"Zotu5187",1,0,0,0,2,0,0,1,0,4,0,0,0,0,5,0,9,0,0,0,0,0,0,0,0,0,0,0,0,0,0,0,0,0,0,0,0,0,0,0,0,0,0,0,0,0,0,0,0,0,0,0,0,0,0,0,0,0,0,4,0,0
"Zotu1620",1,0,12,1,1,1,0,0,0,1,0,0,0,0,3,0,0,0,21,0,0,1,0,0,0,0,0,0,0,0,0,0,0,0,1,0,1,0,0,0,0,0,0,0,0,0,41,0,0,0,1,0,1,0,33,23,0,2,26,0,3,0
"Zotu2438",1,0,15,0,6,2,0,0,25,9,0,2,0,0,2,0,0,69,1,2,0,0,0,0,0,0,2,0,0,0,0,0,0,0,0,0,0,1,0,0,0,0,0,7,0,1,0,0,0,0,0,0,0,0,0,0,0,0,0,0,0,0
"Zotu3648",1,0,0,0,2,10,0,0,0,0,28,1,0,0,5,0,0,0,0,0,0,0,0,0,0,1,0,0,0,0,0,0,0,0,0,0,0,0,0,0,0,0,0,0,0,0,0,0,0,0,0,8,0,0,0,0,0,0,0,0,0,0
"Zotu2671",1,57,3,1,0,1,1,0,1,0,0,37,0,0,1,0,2,1,7,0,0,1,0,0,2,0,0,0,1,0,2,0,0,0,0,0,0,0,0,0,0,0,0,0,0,0,0,0,0,0,0,0,0,0,0,0,0,0,0,0,0,0
"Zotu3866",1,0,2,0,0,0,0,0,0,0,0,0,0,0,0,0,0,1,0,1,0,0,0,0,1,0,0,0,18,0,0,1,0,0,0,0,1,0,0,0,0,1,0,36,0,0,0,0,0,0,0,0,1,0,0,0,0,0,0,0,0,0
"Zotu4480",1,0,19,1,0,0,0,0,0,1,0,0,0,0,1,0,0,0,0,0,1,0,0,0,0,0,0,0,0,0,0,0,0,0,0,0,0,1,0,1,0,1,0,0,0,0,0,1,0,0,0,0,0,0,0,0,0,0,0,0,0,21
"Zotu2537",1,2,28,3,5,0,1,0,0,1,1,41,0,1,15,0,21,2,0,1,0,4,2,0,0,0,0,0,0,0,1,0,0,0,0,0,0,0,0,0,0,0,0,0,0,0,0,0,0,0,0,20,0,0,0,0,0,0,0,0,0,1
"Zotu1039",1,0,1,9,2,1,1,0,1,31,159,1,3,2,11,0,23,0,14,0,2,1,3,3,0,0,0,0,4,3,3,0,0,0,0,0,0,0,0,0,0,0,0,3,0,0,0,0,0,0,0,0,0,0,0,0,0,0,0,0,0,0
"Zotu846",4,3,1,0,1,1,0,1,2,0,1,0,0,2,0,0,4,0,1,0,1,1,1,4,241,0,0,0,1,1,0,0,1,1,0,0,0,0,1,17,0,0,0,0,2,0,0,1,0,0,0,0,0,0,1,0,0,0,1,0,0,5
"Zotu1800",1,9,0,1,2,24,1,0,11,38,2,1,0,21,0,4,1,2,0,3,1,3,2,0,3,1,0,0,1,2,0,0,1,0,0,0,0,0,0,0,0,0,0,0,0,0,0,0,0,0,0,0,0,0,3,0,6,0,0,0,0,0
"Zotu1342",1,1,1,2,1,1,0,0,2,1,0,0,1,1,5,0,0,1,22,98,2,0,1,0,0,1,0,1,0,0,1,0,0,0,0,0,0,0,0,0,0,0,0,0,0,0,29,0,0,0,0,0,5,0,0,0,0,0,0,0,0,0
"Zotu409",2,42,7,2,1,1,101,21,31,94,1,44,0,10,22,5,2,1,1,0,30,1,2,0,5,3,4,1,3,15,3,2,0,1,0,2,1,0,0,25,0,0,1,2,2,1,1,2,2,2,42,57,41,31,3,1,0,0,2,0,8,31
"Zotu1087",1,69,0,9,1,1,0,0,15,1,1,0,1,28,11,2,19,1,0,0,0,0,0,1,1,0,1,2,3,3,2,0,0,2,0,0,0,0,62,0,1,1,0,1,0,0,0,0,1,0,0,1,0,0,0,0,0,0,0,0,0,1
"Zotu746",2,0,19,0,1,0,0,10,15,1,13,81,0,2,42,1,3,136,53,0,1,0,0,0,0,1,1,0,0,2,1,0,0,0,0,0,0,2,0,1,0,0,0,0,0,1,0,0,0,0,0,0,1,40,3,1,0,0,0,0,0,0
"Zotu778",1,0,49,1,2,1,0,0,1,1,2,57,4,39,18,2,0,1,1,1,114,4,3,3,0,1,1,1,1,1,1,0,0,1,0,0,0,0,0,0,1,1,0,0,0,0,0,0,0,0,0,15,0,0,0,0,0,0,0,0,1,0
"Zotu383",1,1,1,1,1,0,0,0,1,0,1,0,1,0,4,1,1,0,0,1,8,0,0,133,1,27,1,1,1,0,1,83,50,5,2,2,1,1,436,0,5,0,2,2,0,2,1,3,4,4,1,1,2,4,4,2,3,2,2,2,4,4
"Zotu2183",3,1,7,0,0,0,0,0,0,0,20,0,0,0,0,0,0,0,0,1,0,0,0,0,1,0,0,0,0,0,14,0,0,1,0,0,22,32,0,1,0,0,0,1,0,0,0,0,0,1,0,1,0,2,0,0,1,0,1,0,0,0
"Zotu2227",1,1,3,2,1,2,93,0,2,0,1,1,0,0,1,1,2,0,2,1,0,0,0,0,1,2,0,2,0,1,0,0,0,0,0,0,0,0,0,0,0,0,0,1,0,0,0,0,0,0,0,0,0,0,0,0,0,0,0,0,0,0
"Zotu537",1,2,4,0,2,2,3,32,24,2,16,32,1,0,14,1,2,0,30,154,1,1,1,0,3,1,0,0,1,0,3,0,2,1,0,3,3,2,0,0,1,0,0,1,1,195,24,34,0,1,0,2,2,0,0,0,0,0,1,0,2,1
"Zotu4861",1,0,0,22,9,0,0,0,0,0,0,1,3,0,0,0,0,0,1,0,0,0,0,0,1,0,0,0,0,0,1,0,0,0,0,0,0,0,0,0,0,0,0,1,0,0,0,0,1,0,0,0,0,0,0,0,1,0,0,0,0,0
"Zotu953",1,1,1,4,0,1,1,0,1,3,13,2,1,22,4,2,7,78,30,3,1,0,2,0,0,1,0,4,2,0,3,0,0,0,0,0,0,0,0,0,1,2,1,1,0,0,1,0,0,0,0,2,1,1,1,1,0,0,11,0,30,15
"Zotu316",2,2,25,2,5,1,3,0,25,2,0,24,0,2,21,0,4,154,0,3,0,0,1,0,1,3,1,54,1,3,75,6,5,78,3,1,88,83,3,120,1,1,2,5,0,7,86,1,57,0,7,15,64,110,1,0,2,1,3,3,3,4
"Zotu6225",1,0,6,0,1,0,0,0,0,0,6,0,0,0,3,12,0,0,0,0,1,0,0,0,0,0,0,0,0,1,1,0,0,0,0,0,0,0,0,1,0,0,0,0,0,0,0,0,0,0,0,0,0,0,0,0,0,0,0,0,0,1
"Zotu1970",1,0,0,3,7,2,0,7,0,0,2,2,0,1,23,0,1,1,0,60,1,0,0,1,0,1,0,1,3,0,1,0,0,0,0,0,1,0,0,0,0,1,0,0,0,0,0,0,0,0,0,6,0,35,1,0,0,0,0,1,1,0
"Zotu2064",1,3,24,1,0,3,0,1,0,2,12,21,1,3,1,2,2,2,54,2,0,0,0,2,0,2,0,0,1,1,2,0,0,0,0,0,0,0,0,0,0,0,0,0,0,0,0,0,0,0,0,0,0,0,0,0,0,0,0,0,0,0
"Zotu4089",1,0,0,0,1,0,1,0,0,0,17,14,0,0,1,0,0,0,0,1,0,0,0,0,0,0,0,0,0,0,0,0,0,0,0,0,0,0,0,0,0,0,0,0,0,0,0,0,0,0,0,0,0,0,0,0,0,0,0,0,0,0
"Zotu632",1,2,3,1,2,0,1,1,0,10,25,2,0,0,2,0,1,73,13,1,0,0,1,0,0,1,0,4,0,0,0,1,0,47,2,2,0,1,16,5,0,3,3,0,0,0,0,1,1,1,6,3,3,2,36,18,18,132,34,41,2,1
"Zotu2927",1,0,0,1,0,0,43,0,0,41,0,0,0,1,0,1,0,1,1,0,0,0,0,0,1,0,0,0,0,1,0,0,0,0,0,0,0,0,0,0,0,0,0,0,0,0,0,0,0,0,0,0,0,0,0,0,0,0,0,0,2,0
"Zotu686",1,0,1,2,2,294,4,1,0,48,1,2,1,3,0,75,2,4,5,1,3,1,4,1,2,4,1,6,4,2,4,0,0,0,0,0,1,0,0,0,0,0,0,0,0,0,0,0,0,0,0,0,0,0,0,0,0,0,0,0,0,0
"Zotu5138",1,1,0,11,7,1,1,0,0,0,0,0,0,1,0,24,1,0,7,0,0,4,3,0,0,0,0,0,0,0,2,0,0,0,0,0,0,0,0,0,0,0,0,6,0,0,0,0,0,0,0,0,0,0,0,6,0,0,1,1,0,0
"Zotu694",1,1,1,0,4,1,1,2,1,1,1,10,2,1,2,7,3,4,2,5,31,3,0,1,0,3,0,2,242,1,1,2,2,1,1,0,2,3,0,0,2,1,0,0,3,4,0,0,1,0,0,20,2,21,4,1,3,2,3,1,12,67
"Zotu3187",1,0,0,3,4,1,3,1,0,0,0,0,0,0,0,16,38,0,0,0,2,1,0,0,2,1,0,0,1,1,0,0,0,0,0,0,0,2,0,0,0,1,0,21,0,0,0,0,0,0,0,4,0,0,0,0,0,0,0,0,1,1
"Zotu911",1,1,2,1,0,2,3,0,0,2,0,2,2,0,3,2,277,4,0,3,0,1,0,3,1,3,3,1,2,3,2,0,0,0,0,0,0,0,0,0,0,0,0,0,0,0,0,0,0,0,0,0,0,0,0,0,0,0,0,0,0,0
"Zotu5946",1,0,0,13,9,0,0,0,0,0,0,0,0,0,0,0,0,0,0,0,0,0,0,0,0,0,0,0,0,0,1,0,0,0,0,0,0,0,0,0,0,0,0,0,0,0,0,0,0,0,0,0,0,0,0,0,0,0,0,0,0,0
"Zotu4766",1,0,0,25,1,1,3,0,3,0,0,0,0,0,1,0,4,0,0,0,0,0,1,0,0,1,0,0,0,0,0,0,0,1,1,1,0,0,0,1,0,0,0,6,0,0,1,0,0,0,0,0,1,0,0,0,14,0,0,3,8,8
"Zotu620",1,5,13,1,3,1,1,24,30,2,36,46,1,34,7,1,2,37,28,0,0,133,0,4,2,1,2,0,1,4,1,0,0,1,1,0,1,0,0,0,0,33,0,0,0,0,0,1,0,0,1,0,0,0,0,0,0,1,0,0,0,0
"Zotu324",2,26,13,5,11,0,12,0,3,1,38,5,0,2,44,2,21,27,19,1,12,8,0,1,1,24,0,5,24,2,5,4,1,81,65,6,3,4,4,7,2,5,5,6,37,83,50,1,0,0,36,11,22,14,4,20,97,102,12,65,3,4
"Zotu628",1,3,0,2,23,274,25,0,0,2,0,2,2,2,1,2,47,0,0,6,3,1,2,8,2,1,0,0,1,1,1,0,0,0,0,0,0,0,0,0,0,0,0,2,0,0,0,0,0,1,0,0,0,0,0,0,0,0,0,0,0,0
"Zotu4487",2,1,0,2,25,1,0,0,0,0,2,0,0,0,0,1,10,0,0,0,0,0,0,0,0,0,1,0,0,0,0,0,0,0,0,0,0,0,0,0,0,0,0,2,0,0,0,0,0,0,0,0,0,0,0,0,0,0,0,0,1,0
"Zotu3984",1,25,0,0,0,0,0,0,0,0,0,0,0,0,0,1,0,1,0,0,8,0,0,0,0,0,0,0,0,1,0,0,0,0,0,0,0,0,0,0,0,0,0,0,0,0,0,0,0,0,0,0,0,0,0,0,0,0,0,0,0,0
"Zotu231",1,15,24,0,3,1,1,4,52,0,49,47,1,214,78,1,108,69,1,1,0,3,1,0,0,1,1,2,0,107,0,0,1,125,186,0,48,29,130,2,4,0,2,42,1,66,1,3,1,3,227,24,1,3,23,40,0,73,88,39,268,19
"Zotu3213",1,0,1,0,5,0,0,1,2,0,0,31,0,0,5,2,5,0,0,0,0,0,0,0,0,0,0,0,0,0,1,0,0,0,0,0,0,0,0,0,0,0,0,0,0,0,0,0,1,0,0,18,0,0,0,1,1,0,0,0,1,0
"Zotu228",1,9,0,0,1,2,4,34,3,2,2,3,1,2,0,1,5,2,3,1,2,3,1,1,3,3,0,74,59,84,53,11,6,57,3,4,331,263,63,138,7,29,297,3,4,2,6,4,4,7,8,8,4,10,2,1,3,5,2,3,4,10
"Zotu1047",1,58,14,2,1,3,1,1,25,0,68,5,2,42,11,2,0,1,54,0,2,1,0,1,0,1,3,3,1,1,1,0,0,0,0,0,0,0,0,0,0,0,0,2,0,0,0,0,0,0,0,1,0,0,0,0,0,0,0,0,0,0
"Zotu4907",1,13,2,0,0,1,0,1,0,0,0,2,0,0,5,0,0,0,0,0,0,0,0,0,0,0,0,0,0,0,0,0,0,0,14,0,0,0,0,0,0,0,0,0,0,0,0,0,0,0,0,0,0,0,2,0,0,1,0,1,0,1
"Zotu2182",1,2,0,12,52,0,0,0,0,0,1,1,0,0,2,1,6,1,0,1,0,2,0,0,2,0,0,2,1,1,1,0,0,0,0,0,0,0,0,0,0,0,0,3,0,0,0,0,0,0,0,0,0,0,0,0,0,0,10,2,0,3
"Zotu5856",1,1,21,1,0,1,1,0,0,0,0,0,0,0,1,0,0,0,0,0,0,0,3,0,0,0,1,0,0,0,1,0,0,0,0,0,0,0,0,0,0,0,0,0,0,0,0,0,0,0,0,0,0,0,0,0,0,0,0,0,0,0
"Zotu645",1,1,0,0,2,1,0,0,17,1,48,0,0,0,4,0,0,0,6,1,0,0,0,0,1,1,0,0,0,0,0,3,0,1,0,4,1,3,1,0,1,0,0,0,1,0,0,1,1,0,0,1,2,1,52,118,32,109,6,0,1,1
"Zotu3900",1,20,0,0,0,0,0,0,0,1,0,0,0,0,0,0,0,0,0,0,0,0,0,1,0,0,0,0,0,0,2,0,0,0,0,0,0,0,10,1,0,1,0,0,12,0,0,0,0,0,1,0,20,1,0,0,0,0,0,0,0,1
"Zotu1787",1,0,0,0,1,0,0,0,0,0,0,0,0,0,0,0,7,0,0,0,0,0,0,0,0,0,0,0,0,0,0,0,0,1,0,1,0,0,0,0,0,0,0,0,0,0,0,129,0,0,1,0,0,0,0,0,0,0,0,0,0,0
"Zotu5690",2,0,0,10,24,0,0,1,0,2,0,0,2,0,0,0,0,1,0,0,0,1,0,0,1,0,0,0,0,0,1,0,0,0,0,0,0,0,0,0,0,0,1,3,0,0,0,0,0,0,0,0,1,0,11,0,0,1,0,0,0,0
"Zotu1135",1,1,3,0,0,1,0,1,0,1,3,10,0,1,0,2,0,4,9,0,0,0,0,0,0,0,0,0,2,0,0,1,0,0,1,5,0,2,1,1,0,1,2,2,0,0,4,1,1,1,3,0,1,1,14,28,35,34,23,24,16,4
"Zotu1009",1,20,0,3,1,0,0,24,0,0,0,13,1,4,5,0,4,0,0,1,75,0,0,0,1,1,2,1,0,0,1,2,1,1,3,0,0,0,2,1,1,0,6,0,1,0,1,1,3,0,0,7,70,18,1,1,0,0,0,1,0,24
"Zotu869",1,1,0,0,0,0,0,0,0,0,12,0,1,0,1,0,0,0,7,0,0,0,0,0,0,0,0,25,0,0,1,1,0,0,22,2,1,0,2,1,4,1,0,0,1,40,47,1,56,81,1,0,1,0,0,3,0,0,0,0,1,1
"Zotu382",1,1,2,32,23,0,0,1,35,0,68,2,0,1,0,1,2,1,2,1,0,1,0,1,0,1,2,0,158,1,0,1,2,2,0,1,145,0,194,170,2,109,0,17,1,0,0,5,0,1,0,2,1,2,13,32,2,3,1,0,1,4
"Zotu834",1,2,3,1,2,0,0,1,0,0,3,3,0,1,2,1,0,0,1,1,0,238,3,0,1,1,0,2,20,1,1,0,0,0,0,1,0,0,0,16,0,0,0,0,0,0,0,1,1,0,0,2,0,27,0,0,0,0,0,0,0,1
"Zotu375",1,16,26,4,2,4,5,9,2,54,77,21,1,18,4,2,6,1,7,1,2,182,1,0,0,1,2,5,20,10,2,1,2,2,2,2,58,1,24,68,1,1,1,0,3,99,0,49,2,2,19,2,6,21,4,2,8,4,0,9,20,0
"Zotu4232",1,0,0,0,39,0,0,0,0,0,1,0,0,0,0,0,5,1,0,1,0,0,0,0,0,0,0,0,0,1,0,1,0,0,0,0,0,0,0,0,0,0,0,5,1,0,0,0,0,0,0,8,0,0,0,5,0,1,26,0,0,0
"Zotu2770",1,25,0,2,0,2,0,15,0,0,26,0,0,0,0,2,0,0,1,0,1,0,0,0,0,0,0,0,1,0,1,0,0,0,0,0,0,0,0,0,1,0,0,0,0,0,0,0,0,0,0,0,0,0,0,4,0,0,0,0,1,0
"Zotu5263",1,0,0,12,14,0,0,0,0,0,1,7,0,0,0,0,0,0,0,0,0,0,0,0,0,0,0,0,0,0,0,0,0,0,0,0,0,0,0,0,0,0,0,2,0,0,0,0,0,0,0,0,0,0,0,0,0,0,0,0,0,0
"Zotu572",1,2,8,1,1,2,1,4,19,2,98,27,4,3,15,2,4,138,57,2,1,3,0,3,1,1,4,4,53,1,5,0,0,0,0,1,3,47,65,15,0,1,2,1,1,0,0,5,0,1,0,6,0,1,0,0,1,0,0,2,1,0
"Zotu710",1,0,0,0,1,0,0,0,16,1,1,38,0,1,1,0,0,2,16,1,0,0,0,0,1,1,0,0,0,0,0,5,3,0,4,2,3,1,0,2,0,1,2,1,4,1,1,2,0,1,42,3,1,2,26,92,45,1,2,21,2,1
"Zotu4486",1,0,0,0,2,0,0,0,1,0,0,1,0,0,0,0,0,0,0,0,0,0,1,0,1,0,0,0,31,1,0,0,0,0,0,0,0,0,0,0,0,0,0,10,0,0,0,0,0,0,0,0,0,0,3,0,0,0,0,1,4,0
"Zotu5429",1,0,0,0,1,0,0,0,0,0,0,0,0,0,0,0,4,0,0,0,0,0,0,0,0,0,0,0,0,0,0,0,1,0,0,0,0,0,0,0,0,0,0,0,0,0,0,0,0,0,0,1,1,0,0,0,0,0,0,0,14,0
"Zotu2000",1,0,0,3,6,2,0,0,0,2,0,0,0,0,1,0,2,0,0,0,1,1,0,0,0,0,0,0,0,0,0,0,2,1,0,1,1,0,0,0,0,0,114,1,1,1,0,0,0,0,2,1,0,0,0,0,0,0,1,0,0,0
"Zotu3283",1,2,0,13,52,0,0,1,1,0,1,0,0,5,0,0,0,2,0,0,3,0,1,3,0,0,2,0,1,1,0,0,0,0,0,0,0,0,0,0,0,0,0,0,0,0,0,0,0,0,0,0,0,0,0,0,0,0,0,0,0,0
"Zotu4802",1,0,0,2,0,0,1,1,0,0,0,0,1,0,0,0,0,0,0,5,6,0,0,0,0,0,0,0,36,12,0,0,0,0,0,0,0,0,0,0,0,0,0,0,0,0,0,0,0,0,0,0,0,0,0,0,0,0,0,0,0,0
"Zotu5440",1,0,0,0,1,0,0,1,0,0,0,0,0,4,3,0,3,0,0,0,0,0,0,0,0,0,0,0,0,0,0,0,0,0,2,1,0,0,0,1,0,0,0,1,1,0,0,0,0,0,0,0,19,0,8,0,0,0,0,0,0,0
"Zotu5609",1,2,0,0,0,0,0,0,0,22,2,0,0,0,0,0,0,0,0,0,9,0,0,0,0,0,0,0,0,0,0,0,0,0,0,0,0,0,0,0,0,0,0,2,0,0,0,0,0,0,0,0,0,0,0,0,0,0,0,0,0,0
"Zotu5250",1,1,0,1,0,0,0,0,11,11,0,1,0,0,2,0,0,0,0,0,0,1,0,0,0,0,0,0,1,0,0,0,0,0,0,0,0,0,0,0,0,0,0,1,0,0,0,0,0,0,0,4,0,0,0,0,0,0,0,0,0,0
"Zotu3339",1,0,0,0,0,1,1,0,1,0,0,0,2,0,0,0,0,0,0,0,0,0,2,0,0,0,51,0,0,0,0,0,0,0,0,0,0,0,0,0,0,0,0,0,0,0,0,0,0,0,0,0,0,0,0,0,0,0,0,0,0,0
"Zotu3663",1,0,0,1,10,1,0,0,0,0,0,3,0,0,0,0,0,0,0,0,0,0,1,0,0,1,1,0,0,0,0,1,0,0,0,0,0,0,0,0,0,0,0,3,0,0,0,0,0,0,0,0,0,0,12,23,6,1,0,0,0,1
"Zotu1538",1,2,1,156,25,0,2,1,0,0,0,2,0,1,2,0,5,2,0,0,0,0,0,0,6,0,1,0,1,0,0,0,0,0,0,0,0,0,0,0,0,0,1,4,0,0,0,0,0,0,0,0,0,0,0,0,0,0,0,0,0,0
"Zotu2062",2,9,4,0,1,0,0,0,0,0,0,0,1,0,0,0,0,0,0,0,0,0,0,0,0,1,0,0,0,0,0,0,0,0,2,0,0,0,1,0,0,0,0,0,0,77,1,0,0,1,0,1,0,3,1,13,17,0,1,0,0,1
"Zotu806",1,0,7,0,0,0,0,0,0,0,0,0,0,0,0,0,0,0,0,0,0,0,0,0,0,0,0,0,0,0,0,0,0,0,0,3,2,0,2,0,0,0,0,1,0,1,170,0,2,339,0,1,0,0,2,2,2,0,1,1,0,0
"Zotu4335",1,0,0,0,2,1,0,0,4,1,0,0,0,0,0,1,2,0,21,0,1,0,0,0,0,1,0,0,0,0,1,0,0,0,0,0,0,0,0,0,0,0,0,0,0,0,0,0,0,0,0,0,0,0,0,0,0,0,0,0,0,0
"Zotu317",2,11,93,3,7,3,0,19,99,8,18,64,1,59,84,8,5,66,25,231,5,2,3,3,2,5,4,2,3,7,7,0,4,0,3,4,3,3,3,0,1,32,1,0,0,85,91,39,1,2,51,7,1,1,1,2,35,2,1,8,10,4
"Zotu426",1,1,2,1,1,1,1,3,9,2,1,39,0,1,2,0,1,1,2,0,0,0,0,2,296,0,2,1,1,0,0,1,2,2,1,2,0,29,1,1,2,1,0,0,1,1,68,151,2,105,1,6,3,2,1,16,11,0,3,0,4,0
"Zotu1383",1,1,0,1,0,0,2,0,1,0,0,0,0,0,0,1,4,0,0,0,0,0,0,0,0,2,0,0,1,0,96,1,0,0,0,0,1,1,1,1,0,39,2,5,0,0,0,0,0,0,0,13,0,0,0,0,0,1,0,0,0,0
"Zotu230",1,29,5,2,5,0,419,1,38,9,3,44,8,2,8,3,6,3,0,4,1,6,5,0,413,5,5,3,3,6,5,5,4,4,5,5,2,4,0,2,2,0,1,0,1,2,155,0,2,3,65,24,17,3,0,1,0,0,0,0,1,126
"Zotu2458",2,1,0,20,0,1,0,0,0,0,0,2,0,27,7,0,25,0,0,0,0,0,0,0,0,0,0,0,0,1,0,0,0,1,0,0,0,0,0,0,1,0,1,0,0,0,0,0,0,0,0,0,0,0,0,0,0,0,0,0,0,6
"Zotu4263",1,0,0,0,0,0,0,0,0,0,0,0,0,0,0,0,0,0,0,1,28,0,0,0,0,1,0,0,0,0,0,0,0,0,0,0,0,0,0,0,0,0,0,0,0,0,0,0,0,0,0,0,0,0,0,0,0,0,0,0,0,0
"Zotu3790",1,0,1,2,4,0,0,27,0,0,1,0,0,0,4,0,8,0,1,0,15,0,0,0,0,0,0,0,0,0,0,0,0,0,0,0,0,0,0,0,1,0,0,0,1,0,0,0,0,0,0,4,0,0,0,0,0,0,0,0,0,11
"Zotu4078",2,0,0,0,0,0,1,0,0,0,0,0,1,0,1,1,7,0,0,0,0,0,0,0,0,0,0,0,0,0,0,0,1,0,0,0,0,0,1,0,0,0,0,1,1,0,0,0,1,0,0,2,28,0,1,0,1,0,0,0,0,1
"Zotu1911",1,0,10,0,0,1,0,1,1,0,1,0,0,0,3,1,0,0,0,1,8,0,0,0,0,0,0,3,0,17,0,0,0,19,0,0,2,3,0,2,2,17,0,2,2,1,1,12,0,0,2,1,37,15,0,1,0,0,2,0,1,0
"Zotu729",1,4,44,1,5,3,3,99,84,6,33,61,1,4,38,6,11,348,33,2,1,5,3,3,2,4,4,0,3,3,4,0,0,0,0,1,4,0,1,1,0,0,0,1,2,1,1,0,123,1,0,0,33,0,1,1,0,0,1,1,0,0
"Zotu476",1,34,6,9,2,0,52,94,17,2,2,2,1,64,14,3,24,2,0,1,51,3,2,0,1,5,2,2,1,3,2,1,0,1,1,1,0,2,1,3,5,0,1,2,40,3,0,0,0,1,1,78,5,29,0,0,0,3,0,4,0,96
"Zotu5629",1,2,11,7,27,0,0,0,0,0,1,0,1,1,0,0,9,1,2,0,0,0,2,0,1,0,0,1,1,0,0,1,0,0,0,0,0,0,0,0,0,0,1,6,0,0,0,1,0,0,0,0,0,0,0,3,0,0,0,0,0,0
"Zotu798",1,2,1,0,0,2,0,12,2,5,0,0,0,1,2,0,5,0,0,2,1,0,0,0,1,0,0,3,0,5,2,1,3,3,1,0,8,4,2,13,0,3,2,0,90,4,3,7,2,2,31,10,19,21,0,2,2,3,1,1,44,86
"Zotu2059",1,0,0,75,85,0,0,0,0,0,3,2,0,0,0,1,2,0,1,0,0,0,0,0,0,0,0,0,0,1,0,0,0,0,0,0,0,0,0,0,0,0,0,0,0,0,0,0,0,0,0,0,0,0,0,0,0,0,0,0,0,0
"Zotu496",1,3,23,13,9,2,2,1,17,1,30,77,3,1,15,0,5,4,11,2,1,0,2,0,2,1,0,1,2,1,1,2,0,4,3,0,1,4,1,20,0,22,116,4,0,4,0,1,34,2,1,16,21,23,16,68,2,0,1,18,0,0
"Zotu6402",1,1,2,8,1,0,0,0,0,2,0,0,1,1,2,0,26,0,13,1,0,1,0,0,0,0,0,0,0,0,0,0,0,0,0,0,0,0,0,0,0,0,0,6,0,0,0,0,0,0,0,0,0,0,0,0,0,0,0,0,0,0
"Zotu2087",1,1,0,0,0,0,0,1,0,1,0,0,0,9,6,0,1,0,45,0,0,0,1,0,0,3,1,0,0,0,1,0,0,1,0,2,0,0,0,0,0,0,0,0,0,0,0,0,0,0,0,0,0,1,5,0,0,0,32,0,0,0
"Zotu2170",1,0,0,1,3,0,0,0,0,1,0,0,0,0,4,0,0,0,0,0,0,0,0,0,0,1,0,0,0,0,0,0,0,1,1,1,0,1,0,0,0,0,3,0,0,0,1,0,0,2,1,0,0,0,0,1,1,0,2,7,55,1
"Zotu1202",1,0,1,2,1,2,1,11,24,4,5,2,0,41,1,1,0,0,20,0,9,2,0,1,0,2,0,0,0,1,0,0,2,0,0,2,0,0,0,1,0,1,0,0,3,0,1,1,3,0,0,0,1,0,1,2,32,2,25,1,77,5
"Zotu5362",1,0,0,0,32,1,0,0,0,0,0,0,0,0,0,0,0,0,0,0,0,0,1,0,0,0,1,0,0,0,0,0,0,0,0,0,0,0,0,0,0,0,0,0,0,0,0,0,0,0,0,0,0,0,0,0,0,0,0,0,0,0
"Zotu1234",1,0,0,0,0,1,0,0,21,0,0,61,0,0,41,0,0,0,24,0,0,0,0,1,0,1,0,1,0,1,0,0,0,2,0,0,0,0,1,0,0,0,0,0,0,0,0,0,0,0,0,12,0,0,3,42,0,1,32,1,0,0
"Zotu2302",1,1,0,8,5,0,0,0,1,0,0,0,0,0,0,0,0,0,0,0,0,0,0,0,0,0,0,0,0,0,1,0,0,1,0,0,0,0,0,1,1,0,0,7,0,0,0,0,0,0,0,6,2,0,0,1,1,0,24,5,53,0
"Zotu5990",1,0,0,0,1,0,0,0,2,0,1,0,0,0,0,0,3,0,0,0,0,0,0,0,0,0,0,0,0,0,0,0,0,0,0,0,0,0,0,0,0,0,0,0,0,0,1,0,0,0,0,2,1,1,0,0,5,0,0,0,0,2
"Zotu1582",1,0,2,2,1,4,0,1,0,2,0,0,0,1,0,0,1,0,1,0,0,0,0,1,0,0,164,1,0,0,1,0,0,0,0,0,0,0,0,0,0,0,0,0,1,0,0,0,0,0,0,0,0,0,0,2,13,0,0,0,0,0
"Zotu2283",1,1,3,0,1,0,0,1,5,1,59,0,0,0,4,1,0,14,21,0,1,0,0,0,2,0,0,1,1,0,1,1,0,0,0,0,0,0,0,0,0,0,0,0,0,0,0,0,0,0,0,0,1,0,0,0,0,1,8,4,0,0
"Zotu5803",1,0,0,0,0,0,1,0,4,1,2,0,0,0,0,0,0,0,21,0,0,0,0,0,1,0,0,0,1,0,0,0,0,0,0,0,0,0,0,0,0,0,0,0,0,0,0,0,0,0,15,0,0,0,0,0,0,0,0,0,0,0
"Zotu4433",1,0,0,3,11,10,0,0,0,0,0,2,0,1,0,0,4,2,0,0,1,0,1,0,0,0,0,0,0,1,0,0,0,0,0,0,0,0,0,0,0,0,0,0,0,0,0,0,0,0,0,0,0,0,5,0,0,1,0,0,0,8
"Zotu3033",1,2,0,5,46,1,0,0,1,0,0,0,0,0,0,1,1,0,1,1,0,0,0,0,0,1,2,1,0,1,0,0,0,0,0,0,0,0,0,0,0,0,0,0,0,0,0,0,0,0,0,0,0,0,0,0,0,0,0,0,0,0
"Zotu682",1,2,13,0,6,2,0,1,0,7,0,18,0,1,6,0,0,0,86,0,0,1,0,1,0,1,0,0,0,1,0,3,2,1,0,0,2,1,3,1,0,2,0,0,3,0,90,3,0,152,24,0,0,1,4,1,2,30,2,24,2,0
"Zotu422",1,0,59,0,24,1,1,1,30,2,38,2,0,0,28,3,0,0,156,1,1,0,0,0,0,3,1,0,2,1,1,4,0,3,1,4,3,1,5,2,2,1,1,1,1,6,3,2,2,0,2,10,5,1,138,125,41,1,91,144,23,2
"Zotu475",1,3,17,5,2,3,0,36,56,19,0,1,0,38,11,3,9,1,59,0,4,2,2,0,1,0,0,1,1,5,1,1,0,4,4,0,1,0,4,1,1,1,2,5,2,1,4,1,1,4,145,3,63,2,0,2,1,2,0,47,71,39
"Zotu4383",1,41,0,0,0,0,0,0,0,0,0,0,0,1,1,0,0,0,0,0,1,0,0,0,0,0,1,1,0,1,1,0,0,0,0,0,0,0,0,0,0,0,0,0,0,0,0,0,0,0,0,0,0,0,0,0,0,0,0,0,0,0
"Zotu1565",1,22,14,2,5,2,21,17,8,4,1,17,1,11,2,0,3,0,20,3,0,0,0,1,1,2,0,2,4,0,0,1,0,0,0,1,0,0,1,1,0,0,0,1,1,0,1,0,0,0,18,3,0,24,0,1,1,1,0,0,0,14
"Zotu2110",1,0,0,7,18,0,2,0,1,5,1,1,0,13,1,1,79,3,1,1,6,1,0,1,2,1,1,0,1,2,1,0,0,0,0,0,0,0,0,0,0,1,0,0,0,0,0,0,0,0,0,2,0,0,0,0,0,0,0,3,2,0
"Zotu4347",1,0,0,1,0,0,1,0,0,1,0,35,2,0,0,0,0,1,1,1,1,0,0,0,1,0,0,1,0,0,0,0,0,0,0,0,0,0,0,0,0,0,0,1,0,0,0,0,0,0,0,0,0,0,0,0,0,0,0,0,0,0
"Zotu4499",1,0,0,14,16,0,1,0,0,0,1,0,0,0,0,2,1,0,0,0,0,0,0,1,0,0,0,1,0,1,0,0,0,2,0,1,0,0,0,0,0,0,0,0,0,0,0,0,0,0,0,0,1,0,0,0,0,0,0,21,0,0
"Zotu482",1,3,13,0,2,3,2,2,1,0,3,1,2,2,1,0,0,31,2,0,6,1,0,0,282,0,1,16,50,1,1,2,0,0,0,2,0,15,0,0,1,1,92,0,0,0,0,0,0,1,0,1,20,1,2,3,3,0,0,0,10,1
"Zotu683",1,110,0,1,1,3,2,20,9,1,4,37,1,0,12,4,0,1,26,0,1,4,3,0,1,1,112,0,1,1,2,0,0,0,0,0,0,21,0,0,0,0,0,0,0,0,1,0,0,0,0,0,0,0,0,0,0,0,0,0,0,1
"Zotu2067",1,23,0,11,0,0,1,1,0,0,0,70,0,0,0,0,8,0,0,0,0,0,2,0,0,0,0,1,0,0,0,0,1,0,0,1,0,0,0,0,0,0,0,5,0,0,0,0,0,0,0,8,0,1,0,0,0,0,0,0,0,1
"Zotu5594",1,0,0,0,15,0,1,0,1,0,0,0,0,26,1,1,2,0,0,0,1,0,0,0,0,0,0,0,0,0,0,0,0,0,0,0,0,0,0,0,0,0,0,2,0,0,0,0,0,0,0,0,0,0,0,0,0,0,0,0,0,0
"Zotu3826",1,0,1,28,9,0,1,1,0,1,0,0,0,0,0,0,12,0,1,1,0,1,2,1,0,0,0,0,0,0,0,0,0,0,0,0,0,0,0,0,0,0,0,3,0,0,0,0,0,0,0,0,0,0,0,0,0,0,0,0,0,0
"Zotu681",2,1,1,0,0,1,0,1,0,3,3,2,1,1,2,1,2,0,0,1,0,1,0,70,0,1,109,2,20,76,0,5,3,0,3,0,28,54,11,64,1,34,1,6,0,0,1,1,0,0,0,1,1,2,1,1,11,0,20,0,1,1
"Zotu3133",1,0,0,44,1,0,0,0,0,0,0,0,1,0,14,2,0,0,0,0,3,0,0,0,0,0,0,1,0,0,0,0,0,0,0,0,0,0,0,0,0,0,1,1,0,0,0,0,0,0,0,0,0,0,0,0,0,0,0,0,0,0
"Zotu5380",1,0,0,0,0,0,1,0,14,1,0,0,0,2,0,0,0,0,0,0,2,0,1,0,0,0,0,2,0,10,1,0,0,0,0,0,0,0,0,0,0,0,0,4,0,1,0,0,0,0,0,0,0,0,0,0,0,0,0,0,0,0
"Zotu3891",1,0,11,0,0,0,0,0,0,0,0,1,1,0,5,0,1,2,1,0,0,0,0,0,0,0,0,0,41,0,0,0,0,0,0,0,0,0,0,0,0,0,0,0,0,0,0,0,0,0,0,0,0,0,0,0,0,0,0,0,0,5
"Zotu2521",1,0,0,1,1,0,0,0,0,0,0,0,0,0,0,0,0,0,0,0,0,0,0,0,0,0,0,39,0,0,0,2,0,0,0,0,0,0,36,15,1,0,0,0,0,0,0,0,0,0,1,4,0,0,5,17,0,1,1,0,0,1
"Zotu1192",1,0,0,2,2,1,0,0,1,0,11,0,0,0,4,1,0,0,13,0,0,0,0,0,1,0,0,0,0,0,0,2,1,0,0,0,1,0,0,0,0,1,0,1,1,0,104,0,18,2,58,0,2,1,1,3,2,0,35,12,0,9
"Zotu505",1,12,10,2,6,1,1,1,15,4,51,3,0,2,17,2,16,3,35,3,8,2,1,0,0,2,1,4,97,26,2,0,0,18,5,9,19,4,3,3,2,3,207,11,0,0,4,2,0,5,1,10,2,41,20,14,33,47,16,21,10,7
"Zotu554",1,2,16,3,3,3,1,1,1,3,30,56,2,1,20,3,43,1,155,1,1,1,0,1,0,1,2,3,1,2,0,4,1,2,0,2,3,0,1,0,0,2,0,1,0,1,1,0,47,1,1,0,27,27,0,1,1,0,1,8,4,32
"Zotu851",1,2,0,1,2,0,16,0,0,2,0,1,0,0,0,1,0,1,0,0,5,2,0,0,1,8,0,0,33,59,65,0,1,87,0,0,0,0,1,0,1,0,0,0,0,0,1,0,2,0,0,0,0,0,1,0,0,0,0,0,1,0
"Zotu1169",1,0,0,0,1,0,2,0,0,2,0,0,0,1,1,0,1,0,0,1,33,0,0,0,2,1,0,1,37,1,0,1,1,0,83,0,0,40,3,0,1,0,0,0,0,0,0,1,0,2,0,0,1,0,0,0,0,0,0,1,1,2
"Zotu5035",1,0,0,0,2,0,37,0,0,0,1,1,0,0,0,1,0,0,0,0,1,1,0,0,0,0,0,0,0,0,0,0,0,0,0,0,0,0,0,0,0,0,0,0,0,0,0,0,0,0,0,0,0,0,0,0,0,0,0,0,0,0
"Zotu3372",1,15,24,3,2,0,0,26,0,0,0,1,0,0,7,1,0,0,0,0,1,0,0,0,0,0,1,0,0,0,0,0,0,1,1,1,0,0,0,0,0,0,0,0,0,42,1,0,0,1,0,0,0,0,2,1,0,0,0,0,0,0
"Zotu321",1,81,62,5,1,1,1,52,12,2,1,69,1,31,94,3,10,4,5,1,83,3,7,0,3,1,1,2,3,34,3,0,2,1,1,0,33,1,2,1,2,76,3,0,4,2,1,1,3,1,2,89,29,90,1,1,1,0,1,6,0,38
"Zotu5787",1,0,0,7,4,0,0,0,0,0,0,0,0,0,0,0,16,0,0,0,1,0,0,0,0,0,0,0,0,1,0,0,0,0,0,0,0,0,0,0,0,0,0,0,0,0,0,0,0,0,0,0,0,0,0,0,0,0,0,0,0,0
"Zotu192",1,21,58,22,2,2,50,36,29,316,34,2,2,453,103,1,15,1,47,1,1,3,3,5,1,2,0,1,5,3,3,0,2,0,0,0,0,0,0,0,0,1,0,3,1,1,0,0,1,0,43,28,0,0,1,2,0,0,2,95,51,1
"Zotu909",2,2,0,3,0,2,173,1,2,1,4,1,2,39,25,1,2,2,0,1,4,2,0,0,1,2,0,0,1,3,3,0,0,0,0,0,0,0,0,0,0,0,0,0,0,0,1,0,0,0,0,0,0,0,0,0,0,0,0,0,0,0
"Zotu5812",1,0,0,0,0,1,0,0,0,0,0,0,0,1,1,0,6,1,0,0,14,0,0,0,0,0,0,0,0,1,0,0,0,0,0,0,0,0,0,0,0,0,0,1,0,0,0,0,0,0,0,0,0,0,0,0,0,0,0,0,0,0
"Zotu1630",1,0,0,43,6,0,1,0,0,0,0,1,1,1,0,1,4,0,2,1,0,0,0,1,0,1,0,0,2,0,2,0,0,0,0,0,0,1,0,0,0,0,0,62,0,1,0,0,0,0,0,0,1,1,0,0,0,2,0,0,0,0
"Zotu4485",1,0,0,0,2,0,2,0,0,0,0,16,2,0,0,0,0,1,1,0,5,0,0,0,0,0,0,0,34,0,0,0,0,1,0,0,1,0,0,0,0,0,0,0,0,0,0,0,0,0,0,8,0,0,0,0,0,0,0,0,0,0
"Zotu2187",1,32,0,1,0,1,59,0,1,0,0,0,0,0,4,0,2,1,0,0,2,0,1,0,0,3,2,0,0,1,1,0,0,0,0,0,1,0,0,0,2,1,0,0,1,0,2,0,0,2,0,3,2,0,1,0,0,1,0,0,9,24
"Zotu3071",1,1,2,0,4,0,1,0,23,0,1,0,1,0,2,1,0,0,32,0,0,0,0,0,1,0,0,0,0,0,0,0,0,0,0,0,0,0,0,0,0,0,0,0,0,0,0,0,0,0,0,0,0,0,0,0,0,0,0,0,0,0
"Zotu6079",1,2,21,0,0,0,0,1,25,1,3,44,0,0,8,1,1,0,0,0,0,1,0,0,0,0,0,0,0,1,0,0,0,0,0,0,0,0,0,0,0,0,0,0,0,0,0,0,0,0,0,0,0,0,0,0,0,0,0,0,0,0
"Zotu2419",1,1,0,0,1,2,1,0,2,0,0,0,0,1,0,0,1,1,0,92,0,0,0,0,0,1,0,0,1,0,0,0,0,0,0,0,0,1,0,0,0,0,0,0,0,0,0,0,0,0,0,0,0,0,5,0,0,0,0,0,8,0
"Zotu3052",1,0,0,0,58,0,0,0,0,0,0,0,0,0,1,0,0,1,0,1,0,0,0,0,0,0,0,0,0,0,0,0,0,0,0,0,0,0,0,0,0,0,0,0,0,0,1,0,0,0,0,0,0,0,6,0,0,0,0,0,0,0
"Zotu561",1,2,11,1,1,0,1,0,33,2,6,2,0,108,50,0,20,4,0,0,2,0,0,0,0,2,0,0,2,50,0,2,1,1,3,0,1,3,1,0,1,0,0,1,2,1,2,3,2,1,64,18,3,3,1,1,1,2,46,65,52,2
"Zotu1321",1,21,17,9,0,1,0,9,0,1,0,0,0,1,0,1,1,1,0,115,9,3,1,0,2,1,0,2,0,2,0,1,0,11,0,0,0,17,0,0,0,0,0,0,0,0,0,0,0,0,0,0,0,10,0,0,0,0,1,0,0,1
"Zotu2436",1,0,0,0,5,0,72,0,1,12,0,0,1,1,1,3,23,1,1,0,7,1,0,0,0,3,1,0,3,2,0,0,1,0,0,0,0,1,0,0,1,0,0,0,0,0,0,1,1,0,0,6,1,0,0,1,0,0,0,0,0,11
"Zotu3717",1,0,1,0,0,1,0,1,0,0,0,0,0,0,0,1,0,49,0,0,0,0,0,0,0,0,0,0,0,0,0,0,0,0,0,0,0,0,0,0,0,0,0,0,1,0,0,0,0,0,1,0,0,0,0,0,0,0,0,0,0,0
"Zotu6122",1,1,0,0,1,0,0,0,0,0,0,1,0,0,0,0,0,40,0,0,0,0,2,0,0,0,0,0,0,0,0,0,0,0,0,0,0,0,0,0,0,0,0,0,0,0,0,0,0,0,0,0,0,0,0,0,0,0,0,0,0,0
"Zotu3373",1,1,0,0,0,0,6,0,0,0,0,21,0,1,0,0,7,0,10,0,0,0,0,0,0,0,3,0,0,1,1,1,0,0,0,0,1,1,0,0,0,0,1,0,1,1,0,0,0,1,0,0,25,0,0,0,0,0,0,0,0,1
"Zotu6298",1,0,1,5,15,1,0,0,0,0,0,0,0,0,0,0,13,0,0,0,0,2,0,0,0,0,0,0,0,0,0,0,0,0,0,0,0,0,0,0,0,0,0,0,0,0,0,0,0,0,0,0,0,0,4,0,0,0,0,0,0,0
"Zotu560",1,0,0,1,0,1,0,1,1,1,0,2,1,1,2,0,0,0,2,0,0,0,2,0,0,1,0,0,22,37,30,3,1,2,2,3,20,39,25,43,0,4,147,4,3,4,2,2,4,1,1,22,32,34,19,36,1,2,0,1,15,2
"Zotu531",1,19,21,1,7,0,3,2,1,8,21,14,0,1,12,1,5,68,3,1,0,0,3,2,0,0,2,1,20,1,99,1,2,1,0,0,31,1,3,2,1,1,3,3,0,4,2,1,2,0,2,9,1,1,58,5,47,54,28,25,10,3
"Zotu805",1,0,0,0,0,1,0,0,0,0,0,0,0,1,3,1,5,0,0,0,0,1,0,0,0,0,0,0,0,0,13,1,91,1,2,158,43,10,0,2,1,0,2,1,2,1,5,3,2,0,0,6,10,0,1,1,2,1,3,1,0,0
"Zotu5617",1,0,0,13,22,0,0,0,0,0,2,0,0,0,0,0,25,1,0,2,0,0,0,0,3,0,2,1,0,0,0,0,0,0,0,0,0,0,0,0,0,0,0,0,0,0,0,0,0,0,0,0,0,0,0,0,0,0,0,0,0,0
"Zotu533",1,93,47,1,3,6,68,106,22,19,0,0,6,0,17,2,14,0,1,1,6,6,2,1,1,1,0,2,2,1,0,1,0,2,0,0,0,0,0,0,2,2,2,1,0,0,1,0,1,1,39,36,34,4,2,0,0,0,1,0,0,12
"Zotu1317",1,2,3,9,16,0,0,1,1,0,0,2,2,1,2,0,3,2,1,2,0,1,116,0,0,0,0,1,2,7,1,0,0,2,3,1,2,0,1,2,0,0,112,31,1,0,1,1,0,1,1,1,0,0,0,3,0,0,0,5,0,3
"Zotu1293",1,21,21,1,2,3,1,18,1,0,11,56,0,10,4,0,1,2,18,3,2,2,2,0,0,2,48,3,1,1,1,0,0,0,0,0,0,2,0,0,1,0,0,0,0,1,0,2,0,0,0,9,10,7,0,0,0,0,0,0,0,0
"Zotu2393",1,2,2,3,95,1,1,0,0,0,1,0,2,0,2,0,0,1,0,0,0,0,1,2,0,1,1,1,2,1,0,0,0,0,0,0,0,0,0,0,0,0,0,0,0,0,0,0,0,0,0,0,0,0,0,0,0,0,0,0,0,0
"Zotu1821",1,1,3,0,1,3,1,0,7,1,37,18,0,22,5,7,2,1,40,0,1,1,1,0,1,2,0,2,1,0,1,0,0,0,0,0,0,0,0,0,0,0,0,0,0,0,0,0,0,0,0,0,0,0,0,0,0,0,0,0,0,0
"Zotu5970",1,0,0,0,2,0,0,0,0,0,0,0,0,3,1,0,15,0,0,0,0,0,0,0,2,0,0,0,0,0,1,0,0,0,0,0,1,0,0,0,0,0,0,0,0,0,0,0,0,0,0,0,0,0,0,0,0,0,0,2,0,4
"Zotu3445",1,0,3,5,2,0,0,0,1,0,0,1,0,8,3,1,1,62,0,0,0,0,0,0,1,0,0,0,1,0,0,0,0,0,0,0,0,0,0,0,0,0,0,0,0,0,0,0,0,0,0,0,0,0,0,0,0,0,0,0,0,0
"Zotu1222",1,1,0,0,2,0,0,1,0,1,0,0,0,30,6,2,6,116,0,3,4,0,1,0,0,0,0,0,0,0,0,0,0,0,0,2,0,0,0,0,0,0,0,1,0,0,0,0,0,0,0,7,0,0,0,0,0,0,0,0,0,0
"Zotu1417",1,1,2,0,2,1,0,0,0,1,0,2,0,0,0,0,0,3,0,2,3,0,150,0,1,0,2,0,0,1,0,0,0,0,0,0,0,0,1,0,0,1,0,0,0,0,0,0,0,0,0,2,2,0,0,0,0,0,0,0,7,9
"Zotu4790",1,0,0,0,1,0,0,0,1,0,0,0,0,0,3,0,6,0,0,0,0,0,0,0,1,0,1,2,0,0,0,2,0,0,0,1,3,1,16,1,0,1,0,10,0,0,0,0,1,0,0,1,0,0,0,0,0,0,0,0,0,0
"Zotu1752",1,0,0,3,0,1,0,0,0,1,0,0,2,0,1,0,0,1,0,0,0,0,0,0,0,1,3,1,9,41,45,0,0,0,0,0,11,0,9,0,0,2,1,0,0,0,0,0,0,0,0,0,0,1,0,0,1,1,1,0,1,0
"Zotu1339",1,1,1,1,1,1,0,2,18,1,1,0,0,0,1,0,3,0,0,1,0,1,3,0,1,1,170,1,0,1,0,0,0,0,0,0,0,0,0,0,0,0,0,5,0,0,0,0,0,0,0,0,0,0,0,0,0,0,0,0,0,0
"Zotu3757",1,0,1,32,21,0,0,0,1,0,0,1,0,1,0,1,0,0,0,1,0,0,1,0,0,0,2,0,2,0,0,0,0,0,0,0,0,0,0,0,0,0,0,0,0,0,0,0,0,0,0,0,0,0,0,0,0,0,0,0,0,0
"Zotu2352",1,1,0,0,0,1,0,53,0,0,0,2,0,0,8,0,0,1,0,2,25,0,0,0,1,2,0,0,2,12,2,0,1,1,0,1,1,0,0,0,0,0,0,0,1,0,0,0,0,0,0,16,0,0,0,0,0,0,0,0,0,10
"Zotu5923",1,0,6,21,8,6,2,2,0,7,10,0,0,0,1,0,12,0,0,0,1,0,1,0,0,0,0,0,1,0,0,0,0,0,1,0,0,0,0,0,0,0,0,2,0,0,0,0,0,0,0,0,5,0,1,0,0,0,1,0,0,4
"Zotu401",1,1,9,1,4,2,4,3,40,2,3,1,1,3,1,6,18,1,0,2,34,1,0,1,112,27,0,62,11,43,0,120,4,0,2,3,75,123,0,28,2,121,4,1,2,3,5,2,5,4,1,36,0,2,5,4,1,2,1,1,2,18
"Zotu5776",1,0,1,2,28,0,0,0,0,1,0,0,0,0,2,0,0,0,0,0,0,0,0,0,0,0,0,0,1,0,0,0,0,0,0,1,0,0,0,0,0,0,0,0,0,0,0,0,0,0,0,4,0,0,0,0,0,0,0,0,0,0
"Zotu362",1,4,0,0,1,3,0,0,50,2,211,58,0,3,48,2,3,0,70,0,2,4,0,1,1,3,0,1,0,0,1,1,0,0,3,1,1,0,0,0,0,1,0,0,3,0,1,1,3,0,0,9,2,1,0,7,57,1,2,191,35,0
"Zotu3106",1,0,0,1,0,0,0,0,1,2,22,41,2,0,1,0,0,1,0,0,0,0,0,0,0,0,0,0,0,0,0,0,0,0,0,0,0,0,0,0,0,0,0,0,0,0,0,0,0,0,0,0,0,0,0,0,0,0,1,0,1,0
"Zotu1838",1,1,1,0,1,0,0,1,2,0,0,2,1,1,2,0,6,92,0,0,1,0,0,0,0,0,0,1,0,0,0,1,0,0,0,1,0,0,0,0,1,1,0,1,1,0,0,0,0,0,0,9,0,22,0,0,0,0,0,0,0,0
"Zotu827",1,1,1,6,7,2,1,1,35,0,0,0,0,17,22,1,14,0,0,2,13,2,0,0,0,0,1,0,2,7,1,1,2,2,4,2,1,0,2,0,1,1,1,72,1,0,44,0,61,2,1,15,1,8,3,1,0,1,0,4,0,3
"Zotu3068",1,0,2,0,0,0,1,0,0,1,0,0,0,1,3,1,1,59,0,0,0,0,1,0,0,0,2,0,1,1,0,0,0,0,0,0,0,0,0,0,0,0,0,0,0,0,0,1,0,0,0,5,0,0,0,0,0,0,0,0,0,0
"Zotu1139",1,0,4,0,0,1,0,2,9,0,22,0,0,37,7,0,0,0,11,0,1,0,0,0,0,1,1,1,2,0,1,1,0,1,0,0,0,0,0,0,0,0,1,0,0,0,38,1,2,1,1,0,1,0,3,5,31,89,1,13,0,0
"Zotu22",1,3,4,4,7,4,4,11,3,4,4,11,7,5,13,4,5,9,6,3,7,2,3,383,5,11,273,112,569,70,238,16,118,87,128,236,285,502,1394,686,28,284,17,19,28,12,14,12,16,19,19,21,20,23,19,17,8,13,17,13,13,18
"Zotu1541",1,0,7,5,0,0,0,0,0,0,0,0,4,0,3,0,1,0,0,1,2,0,0,0,0,0,0,0,0,0,0,2,0,0,0,0,25,1,2,0,0,1,2,1,0,0,0,0,96,0,1,2,0,0,0,1,1,1,1,0,1,17
"Zotu5166",1,0,0,1,3,0,0,0,0,0,0,0,0,0,0,0,0,0,0,0,0,0,0,0,0,0,0,0,0,0,0,0,0,0,0,0,0,0,0,0,0,0,0,1,0,0,0,0,0,0,0,0,0,0,0,10,14,0,1,5,0,0
"Zotu1902",1,1,1,2,3,42,0,1,0,2,1,1,1,0,0,86,1,1,2,0,1,1,0,0,1,0,0,3,1,0,3,0,0,1,0,0,0,0,0,0,0,0,0,9,0,0,0,0,0,0,0,0,0,0,0,0,1,0,0,0,0,0
"Zotu894",1,0,3,2,3,0,1,0,1,0,0,3,0,1,2,0,4,2,0,192,11,0,1,0,0,0,2,2,32,2,2,0,3,0,0,0,0,0,0,0,0,1,0,0,0,0,0,0,0,0,0,4,0,9,0,1,0,0,0,3,0,17
"Zotu3434",1,0,0,0,0,0,0,0,0,0,53,0,0,0,0,0,0,0,0,0,1,0,1,0,0,0,1,0,0,0,0,0,0,0,0,0,0,0,0,0,0,0,0,0,0,0,0,0,0,0,0,0,0,0,0,0,0,0,0,0,0,0
"Zotu4764",1,0,0,0,0,0,0,0,0,0,0,0,0,0,0,0,0,0,0,0,0,0,0,0,0,0,0,0,47,0,0,0,0,0,0,0,0,0,0,0,0,0,0,0,0,0,0,0,0,0,0,0,0,0,0,0,0,0,0,0,0,0
"Zotu267",1,34,84,6,11,6,3,6,15,5,184,120,1,2,54,2,9,95,263,2,2,1,2,4,0,4,2,5,6,3,6,1,1,1,2,2,3,2,2,5,0,1,1,1,1,1,0,2,2,0,2,13,13,2,83,44,186,3,0,33,2,2
"Zotu3535",1,0,0,1,0,0,0,0,0,0,0,0,0,0,0,0,0,0,0,0,0,0,0,0,0,0,0,0,18,1,0,35,0,0,0,0,0,0,1,0,0,0,0,0,0,0,1,1,0,0,0,0,0,0,0,0,0,0,0,0,0,0
"Zotu5480",1,0,0,10,28,0,0,1,0,0,0,0,0,1,0,0,1,0,0,1,2,0,1,0,0,0,0,0,1,0,0,0,1,0,0,0,0,0,0,0,0,0,0,3,0,0,0,0,0,0,0,0,0,0,0,0,0,0,0,0,0,0
"Zotu790",0,126,14,0,1,2,1,0,1,1,1,1,4,0,8,2,1,0,10,0,0,0,1,4,1,1,0,6,0,0,0,0,0,3,0,0,0,3,2,1,1,2,0,2,3,0,3,0,0,0,1,8,10,40,6,31,0,79,0,3,8,0
"Zotu3018",0,10,0,4,0,0,1,0,5,1,0,0,0,0,10,0,3,0,0,0,28,0,0,0,0,2,1,0,0,1,1,0,0,0,0,0,0,0,0,0,0,0,1,0,1,0,0,0,1,0,0,31,5,0,0,0,0,0,0,0,3,0
"Zotu874",0,32,1,0,3,1,0,2,3,2,0,2,0,0,4,0,1,2,11,312,3,1,2,0,2,1,0,1,1,1,1,0,0,44,0,0,1,0,0,0,0,0,0,0,0,0,0,0,0,2,0,0,0,0,0,2,0,0,0,0,0,1
"Zotu839",0,11,1,0,0,1,2,0,0,0,0,0,0,1,14,1,7,0,0,0,17,0,1,0,0,0,0,0,0,1,0,2,1,2,0,1,0,1,17,1,1,1,1,0,153,3,0,91,1,1,17,5,27,17,0,0,3,1,1,1,1,2
"Zotu1301",0,9,7,0,1,0,0,0,0,1,25,0,0,20,0,1,0,0,0,0,1,0,0,0,0,0,0,3,0,0,1,0,2,0,0,0,0,0,0,0,0,0,0,1,1,1,2,0,0,0,0,0,0,0,2,4,13,80,0,2,8,4
"Zotu4182",0,28,2,0,1,0,0,1,0,1,1,0,1,22,7,0,0,0,0,1,0,0,0,0,2,0,0,0,0,0,0,0,0,0,0,0,0,0,0,0,0,0,0,0,0,0,0,0,0,0,0,0,0,0,2,8,0,0,0,0,0,0
"Zotu5917",0,15,0,0,0,0,0,0,0,0,2,0,0,0,0,0,0,0,0,0,0,0,0,0,0,0,0,0,0,0,0,0,0,0,0,0,0,0,0,0,0,0,0,0,0,0,0,0,0,0,0,0,0,0,0,0,0,0,0,0,0,0
"Zotu1504",0,23,0,0,3,0,1,43,29,1,0,29,0,0,15,0,0,77,3,0,0,0,1,0,0,0,1,0,1,1,0,0,0,0,0,0,0,0,0,0,0,0,0,0,0,0,0,0,0,0,0,0,0,0,0,0,0,0,0,0,0,0
"Zotu338",0,16,0,2,0,1,34,46,2,77,2,1,3,2,3,3,11,2,1,0,2,1,0,0,2,2,3,2,31,0,154,3,1,2,2,303,0,38,0,73,0,27,1,7,2,1,0,1,1,2,1,13,3,1,2,1,0,1,1,2,0,7
"Zotu2519",0,42,4,0,0,0,1,1,0,2,1,1,1,1,29,0,1,0,0,0,1,0,0,1,2,1,0,0,0,1,1,0,0,0,0,0,0,0,0,0,0,0,0,0,0,0,0,1,2,0,0,0,0,0,0,0,0,0,0,0,0,0
"Zotu493",0,15,5,0,2,0,38,3,3,25,40,45,0,53,17,1,3,1,9,1,1,5,0,1,1,1,1,2,1,1,5,1,0,1,2,1,0,0,1,0,0,1,1,0,4,127,0,1,2,0,0,8,53,33,2,0,1,1,1,0,3,25
"Zotu530",0,91,28,2,2,3,1,84,19,3,3,6,3,12,12,1,4,5,84,1,5,3,3,1,0,5,232,0,14,13,3,0,0,0,1,0,0,0,0,0,0,0,0,0,1,0,0,0,0,0,1,10,0,6,0,0,0,0,0,1,1,2
"Zotu4449",0,22,0,0,0,0,1,0,0,0,0,0,0,33,0,2,0,1,0,0,1,0,0,0,0,0,0,0,0,0,1,0,0,0,0,0,0,0,0,0,0,0,0,0,0,0,0,0,0,0,0,0,0,0,0,0,0,0,0,0,0,0
"Zotu830",0,31,0,0,0,0,0,0,0,0,0,0,1,0,4,0,0,0,6,0,0,0,0,0,0,2,0,0,0,0,0,1,0,0,0,2,0,1,0,1,0,0,0,0,1,0,0,0,0,0,0,0,1,0,14,9,37,206,1,15,1,0
"Zotu272",0,24,49,0,0,0,2,103,168,0,2,1,1,1,78,2,5,63,33,1,2,0,0,0,0,92,0,1,7,85,128,0,248,3,3,2,39,0,64,115,0,0,2,18,0,1,0,0,0,481,46,28,56,47,3,2,3,1,5,0,3,19
"Zotu4569",0,38,0,0,0,0,0,0,0,0,0,0,0,0,0,0,0,0,0,0,0,0,0,0,0,0,0,0,0,1,0,0,0,0,0,0,0,0,0,0,0,0,0,0,0,0,0,0,0,0,0,0,0,0,0,0,0,0,0,0,0,0
"Zotu4923",0,24,0,0,0,0,0,0,1,0,0,0,0,1,1,0,0,0,0,0,0,0,0,0,0,0,0,0,1,0,1,0,0,0,0,0,0,0,0,0,0,0,0,0,0,0,0,0,0,0,0,0,0,0,0,0,0,0,0,0,0,0
"Zotu550",0,80,23,3,0,0,3,98,43,6,9,2,3,141,22,2,2,0,27,2,0,0,4,2,2,3,2,1,4,0,3,0,2,0,0,0,0,0,0,0,0,0,0,0,0,0,0,1,34,0,1,0,1,0,0,0,0,0,1,5,23,1
"Zotu2055",0,60,0,0,2,1,0,2,1,0,1,0,0,0,3,1,6,4,1,0,0,1,0,0,2,0,0,0,0,14,0,2,0,0,0,0,0,1,0,0,0,0,0,0,0,0,0,0,0,0,0,4,0,0,0,5,0,0,0,0,5,6
"Zotu1218",0,1,35,4,1,0,10,0,2,0,0,1,2,0,7,0,8,0,0,4,13,0,0,0,1,0,2,0,3,1,0,1,2,1,0,0,0,0,2,1,0,16,181,6,1,0,0,1,0,1,0,0,1,0,1,0,0,0,1,1,0,2
"Zotu5117",0,25,0,0,15,0,0,0,0,0,0,0,0,0,0,0,0,0,0,0,0,0,0,0,0,0,0,0,0,0,0,0,0,0,0,0,0,0,0,0,0,0,0,2,0,0,0,0,0,0,0,0,0,0,0,0,0,0,0,0,0,0
"Zotu4744",0,10,0,0,0,0,0,0,10,0,0,0,0,0,1,0,0,0,0,0,0,0,0,0,0,0,0,0,0,0,0,1,0,0,0,0,0,0,9,20,1,2,0,0,0,0,0,0,0,0,2,0,0,0,0,0,0,0,0,0,0,0
"Zotu2092",0,16,8,2,0,0,1,23,1,1,0,1,0,4,8,0,0,0,0,0,10,1,0,0,1,1,2,0,23,0,1,1,0,0,0,0,1,0,0,0,0,0,0,1,0,0,0,0,0,0,0,1,0,16,0,0,0,0,0,0,0,1
"Zotu303",0,46,13,9,5,5,2,26,8,9,151,23,3,18,13,1,2,4,57,1,2,0,5,2,1,3,0,48,8,15,2,4,70,0,5,2,5,34,15,23,0,27,96,1,3,2,52,1,2,4,107,4,25,55,24,6,14,2,6,5,17,13
"Zotu4013",0,38,4,1,1,0,0,0,0,0,0,1,0,0,2,0,0,0,0,0,1,0,0,0,0,0,0,0,0,0,0,0,0,0,0,0,0,0,0,0,0,0,0,1,0,0,0,0,0,0,0,4,0,0,0,0,0,1,0,0,0,0
"Zotu3518",0,22,3,0,0,0,0,0,0,0,29,0,0,0,0,0,0,2,0,0,0,0,0,0,1,0,0,0,0,0,2,0,0,0,0,0,0,0,0,0,0,0,0,0,0,0,0,0,0,0,0,0,0,0,0,0,0,0,0,0,0,0
"Zotu5935",0,16,13,2,3,0,0,1,0,0,0,1,0,0,9,0,0,0,0,0,1,0,0,0,0,0,0,1,0,1,1,0,0,0,0,0,0,0,0,0,0,0,0,0,0,0,0,0,0,0,0,0,0,0,0,0,0,0,0,0,0,0
"Zotu3377",0,64,0,1,0,0,0,0,20,0,0,0,0,0,7,0,0,0,0,0,0,0,0,1,1,1,0,2,0,0,1,0,0,0,0,0,0,0,0,0,0,0,0,0,0,0,0,0,0,0,0,0,0,0,3,0,0,0,0,0,0,0
"Zotu718",0,3,17,3,1,0,2,7,17,24,0,0,1,0,10,0,11,1,1,0,4,1,0,3,2,1,1,1,2,1,3,3,6,2,4,1,4,4,3,6,2,5,0,0,6,1,0,3,0,3,178,16,67,51,0,1,2,2,1,25,2,22
"Zotu439",0,18,12,1,0,3,0,6,16,1,38,1,1,13,3,1,1,1,6,0,1,2,4,0,1,1,0,1,0,0,0,3,4,4,3,7,3,3,5,2,4,2,4,13,3,6,3,1,5,1,3,3,5,1,1,34,525,3,6,17,10,4
"Zotu581",0,29,0,1,0,2,0,3,0,0,15,1,0,1,5,0,0,1,0,0,0,0,0,0,0,0,0,0,0,0,0,1,3,2,1,1,1,4,2,1,2,1,2,2,3,3,3,3,1,2,5,8,57,5,1,1,9,1,1,272,36,3
"Zotu2904",0,42,25,0,0,1,0,0,0,0,0,1,0,0,3,0,12,0,0,0,0,0,0,0,0,0,0,0,1,0,0,1,0,0,0,0,0,0,0,0,0,0,0,0,0,0,0,0,0,1,0,2,0,14,0,0,0,0,0,0,0,0
"Zotu2204",0,28,0,2,0,1,1,1,1,1,1,0,2,18,0,1,7,2,1,0,32,0,1,0,0,0,2,1,0,0,0,0,1,0,0,0,0,0,0,0,0,0,0,1,0,0,0,0,0,0,0,2,0,0,0,0,0,0,0,0,0,3
"Zotu1315",0,1,0,0,0,0,0,0,13,0,0,0,0,39,5,1,0,0,0,2,1,0,0,1,0,0,0,0,0,1,0,1,0,0,1,0,2,0,0,0,0,0,0,0,0,2,0,2,181,0,1,1,0,0,0,1,0,1,0,0,1,7
"Zotu2580",0,11,3,0,1,0,0,0,0,0,0,7,0,0,1,0,0,0,0,0,0,0,0,0,0,0,0,0,0,0,0,0,0,1,0,0,0,1,1,0,2,0,1,0,42,0,0,0,3,0,0,1,1,1,2,3,0,0,0,0,0,25
"Zotu4395",0,4,14,0,0,0,0,0,0,0,0,0,0,0,0,0,0,0,0,0,16,0,0,0,0,0,0,0,0,0,0,0,0,0,0,0,0,0,0,1,0,0,0,1,0,0,0,0,0,0,0,2,0,8,0,0,0,0,0,0,0,0
"Zotu1961",0,48,14,0,0,0,0,0,26,0,0,2,1,0,8,0,26,0,0,1,1,0,1,0,0,0,2,0,0,0,0,0,0,0,0,0,0,1,0,0,0,1,1,1,0,0,2,0,0,0,0,14,0,65,1,0,0,0,1,0,0,9
"Zotu1865",0,33,12,0,0,0,7,59,1,0,0,0,3,0,4,2,3,0,0,1,0,1,1,0,1,3,0,0,0,0,1,0,0,0,0,0,0,0,0,0,0,0,0,0,0,0,0,0,0,1,0,0,0,0,0,0,0,0,0,0,0,0
"Zotu574",0,31,0,0,0,0,0,0,0,0,1,0,0,0,0,0,0,0,0,0,0,0,0,0,1,0,0,0,0,0,0,0,1,0,2,0,3,1,1,4,1,0,37,4,0,0,0,3,0,412,2,3,1,3,0,0,1,3,1,0,14,0
"Zotu2741",0,71,0,0,0,0,3,0,1,0,0,0,1,0,2,0,4,0,0,0,1,1,0,0,0,0,0,1,0,0,1,0,0,0,0,0,0,0,0,0,0,0,0,0,0,0,0,0,0,0,0,0,0,0,0,0,0,0,0,0,0,0
"Zotu722",0,5,6,33,3,133,17,4,10,23,5,3,8,18,2,1,18,2,1,0,0,0,3,1,3,2,6,3,2,15,0,0,0,1,0,0,0,0,0,2,1,2,0,1,1,2,0,1,1,1,4,19,31,23,0,0,0,1,0,1,1,19
"Zotu2623",0,1,27,0,0,2,0,0,17,18,0,0,0,0,5,1,1,1,0,0,0,0,0,1,2,1,0,0,1,1,0,0,0,0,0,0,0,0,0,0,0,0,0,3,0,0,0,0,0,0,0,5,0,0,1,0,23,1,0,7,1,1
"Zotu583",0,57,1,1,0,28,9,0,2,2,1,1,0,2,3,1,0,0,0,0,0,2,0,0,1,3,0,4,1,0,2,1,3,2,0,1,0,2,1,1,1,43,1,0,64,2,2,4,2,1,28,54,75,51,1,2,1,0,2,1,1,32
"Zotu3145",0,21,11,0,0,0,57,0,6,1,0,2,0,0,9,1,2,1,0,1,0,1,0,0,1,1,0,0,0,4,1,0,0,0,0,0,0,0,0,0,0,0,0,2,0,0,0,0,0,0,0,0,0,0,0,0,0,0,0,0,0,0
"Zotu876",0,52,24,1,3,0,1,68,56,0,26,27,2,1,20,0,3,1,21,1,1,0,2,0,0,0,0,1,1,4,0,1,0,0,0,0,0,0,0,0,0,0,0,0,0,0,0,0,0,0,0,0,13,1,0,0,0,0,0,0,0,0
"Zotu1807",0,1,0,2,1,3,0,0,0,0,1,2,0,0,3,1,0,1,0,0,0,108,0,0,0,1,0,0,0,2,0,0,0,0,0,1,0,0,0,0,0,0,0,0,0,0,0,0,0,0,0,0,0,0,0,0,0,0,0,0,0,0
"Zotu1736",0,3,0,7,4,0,0,0,2,4,0,0,0,0,3,0,46,0,0,0,0,0,1,0,0,0,0,1,0,0,0,1,2,0,0,2,1,2,1,0,1,0,0,80,0,0,0,0,0,0,2,4,18,0,0,0,0,1,1,0,0,0
"Zotu3590",0,2,0,18,38,0,0,1,0,0,0,0,1,0,0,0,4,0,1,2,0,2,0,0,0,0,0,0,0,0,2,0,1,0,0,0,0,0,0,0,0,0,0,4,0,0,0,0,0,0,0,0,0,0,0,0,0,0,0,0,0,0
"Zotu3893",0,3,1,18,26,0,0,0,1,0,0,0,0,0,0,0,37,0,0,2,0,0,0,0,0,0,0,0,0,1,0,0,0,0,0,0,0,0,0,0,0,0,0,5,0,0,0,0,0,0,0,0,0,1,0,0,0,0,0,0,0,0
"Zotu518",0,47,12,8,3,10,0,3,10,1,17,3,1,29,53,1,2,1,2,4,0,0,0,0,2,1,3,1,1,0,1,1,6,1,1,1,1,3,2,4,0,1,1,3,98,26,2,5,2,5,321,30,4,35,5,2,3,4,4,8,1,17
"Zotu501",0,24,6,0,1,3,2,4,15,1,3,20,3,0,9,1,2,29,86,2,1,0,1,0,0,5,1,2,40,12,1,0,1,1,0,0,1,1,2,25,2,0,0,3,0,1,0,0,1,1,0,38,79,97,0,1,0,3,1,0,2,1
"Zotu563",0,45,10,0,1,1,0,2,22,0,25,1,0,1,17,3,0,2,25,3,0,1,0,0,3,0,0,1,1,0,0,2,0,1,0,4,2,1,0,0,0,2,0,0,1,0,85,1,187,0,29,1,0,2,15,8,0,0,20,23,1,2
"Zotu932",0,44,15,0,2,0,4,17,22,1,43,2,1,73,1,2,0,0,55,2,0,1,0,0,0,1,1,1,5,0,2,0,0,0,0,0,1,0,0,0,0,0,0,0,0,0,0,0,0,0,0,0,1,0,0,0,20,0,0,1,0,0
"Zotu2870",0,12,0,1,0,1,0,0,1,0,0,0,0,0,3,0,2,0,0,0,0,0,0,0,1,0,0,0,0,0,0,0,0,45,1,0,0,1,8,1,0,0,0,1,0,0,0,0,0,0,0,3,0,1,0,0,0,0,0,0,0,0
"Zotu3199",0,58,0,0,19,0,0,0,0,0,0,1,0,0,0,0,0,0,0,0,0,0,0,0,1,0,1,0,0,0,1,0,0,0,0,0,0,0,0,0,0,0,0,17,0,0,0,0,0,0,0,0,1,0,0,13,0,0,0,0,0,1
"Zotu3764",0,9,28,2,0,0,0,0,0,1,0,1,0,0,1,1,0,1,0,0,2,0,1,0,1,0,1,0,2,0,1,2,0,0,2,1,1,0,1,0,0,0,0,2,0,0,0,0,0,0,16,1,0,0,0,8,0,0,1,1,0,3
"Zotu5142",0,33,0,0,0,0,0,0,0,0,0,0,0,0,16,0,4,0,0,0,0,1,0,0,1,0,0,0,0,0,0,0,0,1,0,0,0,0,0,0,0,0,0,0,0,0,0,0,0,0,0,1,0,0,13,0,0,0,0,0,0,0
"Zotu3987",0,2,0,1,0,1,24,0,0,1,1,0,0,0,1,1,0,0,0,0,0,0,0,0,0,0,0,0,0,1,0,0,0,0,0,0,0,0,0,0,0,0,0,0,0,0,0,0,0,0,0,0,0,0,0,0,0,0,0,0,0,6
"Zotu1477",0,56,0,0,0,0,1,0,12,0,1,1,2,0,4,0,1,0,2,0,1,0,0,1,0,0,0,0,0,0,0,1,0,0,1,0,0,1,21,1,0,63,0,0,0,1,1,0,0,1,0,0,0,0,0,0,1,0,0,0,0,0
"Zotu3096",0,13,0,0,0,1,0,42,0,0,0,0,2,0,3,1,0,0,2,0,1,0,1,0,0,0,0,0,0,0,1,0,0,0,0,0,0,0,0,0,0,0,0,0,0,0,0,0,0,0,0,0,0,0,0,0,0,1,0,0,0,4
"Zotu5238",0,1,18,0,0,0,0,0,0,0,0,0,0,0,5,0,0,0,0,0,0,0,0,0,0,0,0,0,0,0,0,0,0,1,0,0,0,0,0,1,0,0,0,0,0,0,0,68,0,0,0,0,0,0,1,0,0,0,1,0,0,0
"Zotu3595",0,19,5,0,0,0,0,0,3,0,0,1,0,0,11,0,2,0,0,0,0,0,1,0,0,0,0,0,1,1,1,0,0,1,0,0,0,0,0,1,0,0,0,0,0,0,0,0,0,0,0,3,0,0,0,0,0,0,0,0,0,0
"Zotu2328",0,33,2,2,0,0,10,2,3,1,0,1,1,0,2,1,0,0,0,1,50,3,2,3,1,0,2,1,3,9,0,1,0,0,0,3,0,0,0,0,0,0,2,4,0,2,0,0,1,0,1,11,0,0,0,0,0,0,0,0,1,10
"Zotu1298",0,26,1,0,1,0,1,0,1,1,0,1,2,0,1,2,2,1,0,1,71,0,3,0,1,1,0,0,23,5,1,1,0,0,0,0,0,0,0,0,0,1,0,0,1,0,0,0,0,0,1,16,1,1,0,0,1,1,0,1,0,19
"Zotu3292",0,15,1,0,0,0,56,0,0,0,1,1,0,1,5,0,2,1,0,1,0,2,0,0,0,0,2,1,0,0,2,0,0,1,0,0,0,0,0,0,0,1,0,0,0,0,0,0,0,0,0,0,0,0,0,0,0,0,0,0,0,0
"Zotu3553",0,13,0,4,2,0,0,0,2,0,0,0,0,0,1,0,0,0,9,0,1,0,0,0,1,0,0,0,0,0,0,0,0,0,0,2,0,0,0,0,0,1,0,2,0,0,0,0,0,1,0,2,0,0,4,20,11,0,0,0,0,0
"Zotu878",0,28,0,0,0,1,1,0,0,0,0,1,0,0,1,0,3,0,0,0,10,1,0,1,0,0,0,0,0,0,0,0,1,0,2,0,0,1,0,1,3,0,0,0,158,1,2,0,109,0,29,4,2,1,1,1,1,0,1,0,0,13
"Zotu3266",0,5,0,1,3,0,0,0,0,0,0,0,0,0,2,0,3,1,0,0,0,0,1,1,0,0,0,41,0,0,0,0,0,0,0,0,0,0,0,0,0,0,0,0,0,0,0,0,0,0,0,0,0,0,0,0,0,0,0,0,0,0
"Zotu1159",0,59,0,0,0,0,0,0,0,0,0,0,1,0,16,0,2,0,0,0,25,0,0,1,0,0,1,0,0,0,0,0,0,0,1,0,0,0,2,0,1,0,0,0,0,1,0,1,0,1,1,17,40,0,0,0,1,0,0,0,0,46
"Zotu2682",0,32,2,0,0,0,1,0,1,0,1,1,1,1,0,0,0,0,18,0,0,0,0,1,4,0,0,2,0,2,1,0,0,0,0,0,0,0,0,0,0,0,0,0,0,0,0,0,0,0,0,0,0,0,0,0,0,0,0,0,0,0
"Zotu2865",0,2,0,4,23,2,1,0,7,0,0,0,1,0,0,1,0,0,0,1,32,0,1,0,0,1,0,0,0,0,1,0,0,1,0,0,0,0,0,0,0,0,0,14,0,0,0,1,1,0,0,0,0,0,0,0,0,0,0,0,9,1
"Zotu3495",0,1,6,2,0,0,1,0,2,0,0,0,0,0,0,0,0,0,0,0,0,0,0,1,0,0,2,0,0,36,1,0,0,0,0,0,0,0,0,0,0,0,0,0,0,0,0,0,0,0,0,0,0,0,0,0,0,0,0,0,0,0
"Zotu2547",0,21,19,2,5,4,2,3,70,2,30,51,3,1,10,1,1,131,0,3,2,2,0,1,3,1,1,0,2,1,0,0,0,1,1,1,2,0,1,1,0,0,2,0,0,2,0,28,164,0,41,3,0,1,1,0,0,0,2,2,6,1
"Zotu519",0,2,88,8,1,2,1,0,68,21,0,1,1,75,8,1,1,1,1,1,2,2,0,4,1,2,0,3,0,1,1,1,2,0,1,0,2,2,0,0,1,1,0,2,2,1,1,5,1,5,80,6,3,3,1,1,0,0,0,0,154,55
"Zotu590",0,42,56,1,8,0,1,2,29,0,86,70,0,1,20,0,0,149,51,1,0,0,2,0,1,2,0,2,1,0,1,0,0,0,0,0,0,0,0,0,0,0,0,3,0,0,0,0,0,0,0,0,0,0,0,0,0,0,0,0,0,0
"Zotu268",0,19,8,4,1,0,2,0,0,2,1,2,1,2,0,6,3,35,4,0,27,0,154,3,1,1,2,2,0,16,32,0,0,2,184,2,1,2,20,1,1,0,1,1,0,6,197,80,5,2,1,1,2,0,1,0,2,0,3,1,3,1
"Zotu2602",0,22,9,0,0,0,1,0,2,0,10,0,0,0,5,0,2,1,0,1,0,1,0,0,0,0,0,3,0,0,0,1,0,1,0,0,0,0,0,1,1,0,0,0,0,0,0,1,0,0,0,37,0,1,0,0,0,0,0,0,1,0
"Zotu516",0,16,1,3,1,0,1,0,0,5,31,0,2,2,15,0,6,1,36,0,2,1,0,0,1,2,0,2,35,29,61,2,2,1,2,0,0,46,210,141,3,2,2,2,1,2,1,0,4,0,0,5,16,12,1,1,0,0,3,4,0,2
"Zotu5894",0,30,0,0,1,0,1,0,11,0,0,0,0,0,0,1,0,0,6,0,0,0,0,1,0,1,0,0,2,0,0,0,0,0,0,0,0,0,0,0,1,0,0,0,0,1,0,0,0,0,0,0,0,0,0,0,0,0,0,0,2,0
"Zotu1112",0,6,4,7,6,48,40,28,1,16,13,2,2,18,1,3,8,1,1,1,3,5,2,5,1,1,3,1,3,0,3,0,0,0,0,0,0,0,0,0,0,0,0,0,0,0,0,0,0,0,4,0,1,0,0,0,0,0,0,4,10,6
"Zotu440",0,42,18,0,1,0,0,0,28,0,23,20,1,40,15,0,14,52,1,0,0,0,0,0,1,93,0,1,2,1,78,0,1,2,274,2,25,1,1,53,1,0,0,4,0,102,0,55,0,1,2,3,1,15,2,2,1,0,0,28,2,0
"Zotu985",0,2,0,0,0,0,0,0,3,1,2,1,0,0,1,3,0,2,19,0,0,0,0,1,0,0,0,1,1,1,186,0,0,0,0,0,0,0,15,0,0,0,0,1,2,1,3,0,1,1,3,7,0,0,4,3,4,0,11,31,1,0
"Zotu372",0,97,30,2,3,0,0,1,128,0,238,1,1,0,42,2,2,168,98,1,1,1,0,2,0,1,0,1,5,76,1,0,0,0,0,1,0,0,1,0,0,0,0,0,0,4,0,0,0,0,0,19,0,0,33,6,0,0,1,0,0,0
"Zotu3762",0,17,1,0,0,0,0,1,0,0,3,1,0,7,1,0,0,0,19,0,3,1,0,0,0,0,0,0,0,0,1,0,0,0,0,0,0,0,0,0,0,0,0,0,0,0,0,0,0,0,0,2,0,0,0,0,0,0,0,0,0,0
"Zotu464",0,12,11,14,7,11,5,7,2,8,5,6,6,9,7,10,49,1,18,4,2,3,379,2,5,6,5,99,3,41,3,2,2,2,0,1,6,4,1,0,1,4,0,3,1,1,4,4,1,2,53,14,3,19,0,0,1,1,1,0,1,26
"Zotu988",0,26,0,0,1,2,1,0,1,9,0,0,0,0,33,0,29,0,0,0,4,2,0,0,0,0,2,0,0,26,1,4,2,4,1,1,0,0,0,0,2,0,1,2,0,0,1,2,0,1,1,77,1,39,0,0,0,1,0,2,2,3
"Zotu1363",0,5,9,0,1,0,1,0,6,0,0,1,0,29,0,0,1,0,10,0,3,0,0,1,0,2,0,31,32,1,0,0,0,0,1,2,0,15,23,0,0,0,0,0,1,1,0,2,0,1,1,1,0,1,1,13,0,0,0,12,1,6
"Zotu999",0,50,0,0,0,0,0,0,0,0,0,0,0,1,0,1,1,0,2,1,0,0,1,0,2,1,0,0,1,26,0,0,1,15,1,0,1,52,0,0,0,46,94,0,0,0,0,1,0,0,1,2,1,0,0,1,0,0,2,1,0,0
"Zotu3448",0,17,5,0,0,0,1,0,0,0,31,0,0,0,6,0,0,0,0,0,0,0,0,0,0,0,0,0,1,0,0,0,0,0,0,0,0,0,0,0,0,0,0,0,0,0,0,0,0,0,0,0,0,0,0,0,0,0,0,0,0,0
"Zotu385",0,20,10,0,0,0,1,43,6,1,49,2,1,0,29,0,0,147,193,0,0,0,0,4,0,2,1,0,1,0,1,1,2,0,0,0,0,0,0,0,0,0,0,0,1,73,2,130,2,1,0,7,0,0,6,10,1,0,44,0,1,0
"Zotu810",0,34,3,0,0,0,2,25,17,12,1,1,5,3,12,4,0,3,1,13,2,0,0,2,1,2,0,6,3,2,2,6,1,1,2,3,4,4,0,3,2,4,1,0,1,0,78,1,1,0,2,18,33,36,0,0,0,1,0,0,0,23
"Zotu234",0,22,85,0,1,2,7,1,73,23,3,2,3,153,44,2,9,3,34,3,4,1,2,6,1,3,2,4,3,5,5,2,3,1,318,5,73,3,1,1,3,105,3,8,4,3,2,223,2,4,66,13,67,6,0,0,4,1,2,3,2,6
"Zotu4052",0,12,0,0,2,1,0,1,0,0,1,2,0,13,3,0,2,0,0,0,21,0,0,0,0,0,0,0,0,0,0,0,1,13,1,0,0,0,0,2,0,0,0,1,0,0,0,0,0,0,0,3,0,1,0,0,0,0,0,0,0,0
"Zotu2336",0,14,4,0,0,0,0,0,0,0,0,0,0,0,9,0,1,0,0,0,0,0,0,1,1,0,0,0,0,0,0,0,0,0,0,0,0,0,0,0,0,0,0,0,0,0,0,1,80,0,0,0,1,0,2,0,0,0,0,0,0,0
"Zotu1637",0,18,13,2,5,0,14,0,29,15,2,41,0,0,7,0,5,1,12,1,0,0,0,0,2,0,3,2,1,1,0,0,0,1,0,1,0,0,0,0,0,0,0,0,0,1,0,0,1,0,0,0,1,0,0,1,0,0,0,38,13,6
"Zotu3179",0,9,0,4,1,0,8,2,0,0,1,1,1,0,5,0,20,0,0,0,7,0,0,0,1,0,0,0,0,0,0,0,0,0,0,0,0,0,8,0,0,0,0,0,0,0,0,0,0,0,0,5,0,0,0,0,0,0,0,0,0,10
"Zotu6062",0,3,21,7,1,0,0,1,0,1,0,0,0,1,2,0,40,0,0,1,1,0,0,0,0,0,0,1,0,2,1,0,0,0,0,0,0,0,0,0,0,0,0,3,0,1,0,0,0,0,0,2,0,0,0,0,0,0,0,0,0,0
"Zotu5248",0,1,0,1,1,0,12,1,1,1,5,0,0,1,4,0,4,0,0,0,12,1,1,2,0,0,0,0,0,0,0,0,0,0,0,0,0,0,1,0,0,0,1,0,0,0,0,0,0,0,0,0,18,3,2,0,1,0,0,0,0,0
"Zotu5043",0,15,0,0,1,0,0,0,0,0,0,0,0,0,0,0,0,1,0,0,1,0,0,0,0,0,0,0,0,0,0,0,1,0,0,0,0,0,0,0,0,0,0,0,0,1,0,0,0,0,1,0,0,0,0,0,25,0,0,0,0,0
"Zotu5586",0,1,0,27,38,0,0,0,0,0,0,1,1,6,1,0,2,0,2,1,3,0,0,0,0,0,0,1,1,0,1,0,0,0,0,0,1,0,0,0,0,0,26,16,0,0,0,0,0,0,0,0,0,0,1,0,0,0,0,1,0,0
"Zotu4525",0,9,1,1,2,0,0,0,0,0,0,0,0,0,2,0,0,0,0,0,0,0,0,0,0,0,0,0,0,0,1,1,1,0,1,0,0,0,0,0,0,0,0,1,0,0,1,29,0,1,1,1,0,1,0,7,0,0,10,9,0,0
"Zotu2238",0,11,0,0,1,0,14,1,0,0,0,0,1,2,4,0,3,1,0,0,0,0,2,0,0,0,1,0,1,27,2,0,0,0,0,0,1,0,0,0,0,0,0,0,0,0,0,0,0,0,30,0,0,0,0,0,0,0,0,0,0,0
"Zotu1118",0,3,0,17,12,2,0,0,0,1,1,27,0,32,1,2,51,2,1,2,8,0,3,2,3,2,2,0,5,1,0,0,0,0,0,0,1,0,1,0,1,0,61,1,0,0,0,0,0,0,0,2,0,0,1,2,1,0,1,0,0,1
"Zotu4650",0,22,1,0,0,0,1,0,0,0,0,0,0,0,0,0,0,0,0,0,0,0,0,0,0,0,0,1,0,0,1,0,0,0,0,0,0,0,0,0,0,0,0,0,0,0,0,0,0,1,0,0,0,1,11,2,0,0,0,1,0,0
"Zotu1963",0,1,1,0,1,1,1,1,14,1,30,0,0,0,1,0,0,1,26,0,0,0,0,0,0,0,0,0,2,0,0,0,0,0,0,0,1,0,0,0,0,0,0,0,0,0,0,0,0,0,0,1,0,0,0,0,0,0,0,1,0,10
"Zotu4002",0,29,0,0,0,0,0,1,0,0,0,0,1,0,0,0,1,0,0,0,0,0,0,0,0,0,0,1,1,0,0,0,0,0,0,0,0,0,0,0,0,0,0,2,0,0,0,0,0,0,0,0,0,0,0,0,0,0,0,0,0,0
"Zotu3998",0,18,13,0,5,1,12,0,0,0,0,2,0,2,7,0,1,1,18,0,2,0,0,0,0,0,0,0,0,0,0,0,0,0,0,1,0,0,0,0,0,0,0,0,1,0,0,1,0,0,0,3,0,21,0,0,0,0,6,0,1,11
"Zotu996",0,12,15,1,1,1,2,29,14,2,0,36,0,1,33,2,6,0,1,1,24,2,1,0,2,0,1,0,0,0,1,0,0,2,1,0,0,0,1,0,1,0,0,1,1,1,1,1,0,0,0,53,0,0,1,1,0,1,0,0,0,2
"Zotu1400",0,26,9,9,10,2,0,0,9,1,3,8,1,1,8,0,2,2,15,2,32,3,1,0,0,0,2,0,2,2,3,1,0,2,2,0,2,0,0,0,0,1,0,35,0,0,0,0,0,0,0,23,26,1,1,6,1,3,0,0,0,3
"Zotu491",0,72,12,1,2,2,56,2,5,7,1,49,0,1,4,1,9,0,7,1,3,3,2,0,3,2,0,1,14,0,0,5,1,4,1,7,5,3,3,33,5,3,2,2,5,2,2,5,1,1,91,30,3,25,0,1,2,2,3,2,58,133
"Zotu6117",0,11,0,0,0,0,1,0,0,0,0,0,0,1,0,0,1,0,15,0,0,0,0,0,0,0,0,0,0,1,0,0,0,0,0,0,0,0,0,0,0,0,0,0,0,0,0,0,0,0,0,0,0,0,0,0,0,0,0,0,0,0
"Zotu2109",0,17,7,2,0,0,1,1,0,0,0,2,1,0,7,1,0,0,0,0,0,1,0,0,94,1,0,0,0,0,2,0,1,0,0,0,0,0,0,0,0,0,0,3,0,0,0,0,0,0,0,0,0,0,0,0,0,0,0,0,0,0
"Zotu122",0,34,85,4,2,0,8,7,178,221,120,114,4,68,28,6,9,2,237,4,4,7,8,6,2,3,3,4,10,3,6,0,2,3,4,1,3,5,3,1,5,1,2,1,1,2,124,71,137,8,162,10,4,57,2,2,4,6,0,107,127,34
"Zotu3484",0,11,1,2,1,0,12,13,0,0,0,0,0,0,3,0,2,1,0,1,0,0,0,0,0,0,0,0,0,0,0,0,0,0,0,0,0,0,0,1,0,0,0,3,0,0,0,0,0,0,0,0,0,0,0,0,0,0,0,0,0,0
"Zotu6172",0,15,0,0,0,1,0,0,0,0,0,0,0,0,0,0,0,0,0,0,0,0,1,0,0,0,0,0,0,0,1,1,0,0,0,0,0,0,0,0,0,0,0,0,0,0,1,0,0,0,0,0,0,0,0,0,1,0,0,0,15,0
"Zotu4035",0,1,0,2,0,0,0,0,0,0,0,0,0,0,0,0,1,1,0,0,2,0,0,0,0,0,0,0,1,3,0,0,0,1,0,0,0,0,0,0,0,0,0,0,0,0,0,0,0,0,0,0,0,30,0,0,0,0,0,0,0,0
"Zotu3061",0,10,0,0,0,1,0,1,3,0,1,2,0,28,6,2,2,0,0,0,1,0,1,0,0,1,0,4,0,0,0,0,0,0,0,0,0,0,0,0,0,0,0,1,0,0,0,0,0,0,0,0,0,0,0,0,0,0,0,0,0,0
"Zotu1926",0,1,0,0,0,0,1,0,20,5,54,0,0,0,5,1,1,0,0,0,0,1,3,1,0,2,1,0,0,3,0,0,0,0,0,0,0,0,0,0,0,0,0,0,0,0,0,0,22,0,0,2,0,0,0,1,0,0,0,0,0,1
"Zotu952",0,52,2,1,1,0,0,0,6,2,1,1,1,0,1,1,0,0,0,0,0,2,0,0,116,0,0,0,0,0,0,0,1,67,0,0,1,38,1,1,1,1,2,0,0,0,1,1,1,2,1,0,46,0,0,0,0,1,3,0,1,0
"Zotu462",0,19,7,6,4,1,463,1,5,20,1,6,2,21,3,11,21,1,1,0,13,10,4,5,3,52,1,4,26,13,4,0,1,1,0,0,0,1,3,1,1,1,3,5,1,0,0,0,0,1,17,18,10,0,0,1,1,0,1,2,2,44
"Zotu594",0,16,5,0,1,4,0,1,17,2,8,1,1,6,0,1,0,0,8,0,1,0,1,0,0,0,0,0,0,0,0,3,0,2,6,2,2,2,4,3,1,3,2,0,2,254,1,3,3,153,49,3,3,0,2,6,23,3,1,6,12,1
"Zotu1311",0,2,13,0,1,2,0,3,5,2,0,34,2,0,5,0,3,1,0,1,0,2,0,0,0,25,0,0,37,1,0,0,0,0,0,2,1,1,0,0,0,1,0,1,1,12,1,0,1,0,2,4,0,1,2,0,0,0,94,9,0,0
"Zotu2279",0,20,1,0,0,0,0,1,0,0,48,0,0,0,0,0,0,0,0,0,2,2,1,0,0,0,0,1,0,0,1,0,0,0,0,0,0,0,0,0,0,1,0,7,0,0,0,0,1,0,0,0,0,0,14,30,0,0,0,0,1,2
"Zotu967",0,1,1,0,1,2,1,2,2,1,2,0,1,0,0,2,0,1,2,0,6,0,1,0,4,1,0,0,100,16,1,1,0,0,1,0,0,1,0,0,0,52,0,2,86,1,1,1,1,4,4,10,0,1,1,2,0,0,0,2,0,0
"Zotu615",0,2,16,227,2,0,1,2,2,2,1,1,2,44,22,1,1,1,3,2,2,5,3,1,0,1,3,2,4,31,2,1,2,1,0,0,1,0,0,0,5,1,1,11,0,0,0,2,2,0,1,2,124,0,0,0,2,0,0,0,0,13
"Zotu1379",0,26,0,0,1,0,2,0,1,16,1,0,0,0,0,0,0,0,19,0,0,1,0,2,0,1,0,0,0,9,0,0,0,50,0,0,0,37,0,0,1,0,1,3,0,0,3,0,1,0,0,1,0,0,2,3,1,1,0,0,11,1
"Zotu5522",0,15,4,0,0,1,1,1,0,1,0,1,0,0,1,0,0,0,0,0,0,0,0,0,2,0,0,0,0,0,1,0,0,0,0,0,0,0,0,0,0,0,0,0,1,0,0,0,0,0,0,0,1,0,0,0,0,0,0,0,0,3
"Zotu3395",0,10,0,0,1,0,0,1,0,0,0,1,0,0,0,2,0,0,10,0,0,0,0,0,0,0,0,0,0,12,0,0,0,0,0,0,0,0,0,39,0,0,0,0,0,0,0,0,0,0,0,0,0,0,0,0,0,0,0,0,0,0
"Zotu1382",0,36,0,0,1,1,6,0,0,0,2,0,1,0,0,1,0,1,0,1,0,0,0,0,0,0,0,75,11,0,45,1,1,0,0,0,0,0,1,33,0,0,0,0,0,0,1,0,0,0,0,0,0,2,0,0,0,0,0,1,0,0
"Zotu5980",0,15,0,1,0,1,0,1,1,0,0,1,0,1,0,6,0,1,0,0,0,0,1,0,0,0,0,1,0,5,0,0,0,0,0,0,0,0,0,0,0,0,0,0,0,0,0,0,0,0,0,0,0,0,0,0,0,0,0,0,0,0
"Zotu3800",0,1,1,0,0,1,1,1,0,0,0,1,1,0,0,0,5,0,0,2,5,0,0,0,0,0,0,0,33,15,1,0,0,0,0,0,0,0,0,0,0,0,0,0,0,0,0,0,0,0,0,9,0,0,0,0,0,0,0,0,0,0
"Zotu2312",0,74,11,2,2,0,1,13,2,0,1,1,0,2,0,0,1,1,10,3,4,0,2,4,0,3,0,2,2,0,1,0,0,0,0,0,0,1,0,0,0,1,0,1,0,0,0,0,53,1,1,1,0,13,0,0,0,1,0,0,1,15
"Zotu6023",0,1,0,0,15,0,0,0,0,0,0,1,0,0,0,0,4,0,0,0,0,0,0,0,0,0,0,0,0,0,1,0,0,0,0,0,0,0,0,0,0,0,0,0,0,0,0,0,0,0,0,0,0,0,0,0,0,0,0,0,0,0
"Zotu1465",0,10,1,2,4,0,0,1,17,0,0,1,0,0,2,1,1,0,0,1,0,1,0,0,0,0,0,1,0,0,0,1,1,1,0,1,1,1,0,0,0,0,0,0,0,0,1,1,0,1,0,1,0,0,1,16,18,116,1,2,0,0
"Zotu2505",0,29,0,0,0,0,0,2,0,0,0,0,0,0,0,0,0,0,0,0,0,0,0,0,0,0,0,0,0,0,0,1,0,0,0,1,1,2,1,0,0,0,0,0,0,0,0,60,0,0,0,1,0,0,0,0,0,0,0,1,0,0
"Zotu1631",0,10,1,0,1,0,1,1,13,2,0,27,0,2,1,0,0,0,35,0,1,0,0,0,1,1,1,1,1,0,2,1,2,1,0,0,0,0,0,0,0,0,0,0,0,0,0,1,1,0,32,5,17,1,0,0,0,0,1,1,0,0
"Zotu825",0,30,1,1,0,0,0,0,1,1,12,0,0,0,0,0,0,0,0,0,0,0,0,0,1,0,0,0,0,0,0,2,3,1,4,3,1,4,1,0,2,1,1,3,1,6,23,1,1,0,1,2,2,1,72,65,81,55,5,1,3,1
"Zotu1881",0,13,0,0,0,2,1,0,13,0,0,0,0,0,0,0,0,0,10,0,0,0,0,0,0,0,0,0,0,0,1,1,0,0,0,0,0,1,1,0,0,0,0,0,0,0,2,0,0,76,0,1,0,0,1,0,0,0,0,0,0,0
"Zotu1387",0,20,1,1,7,1,0,0,1,0,1,23,0,0,7,0,20,2,18,0,0,0,0,0,3,3,0,0,0,0,0,1,1,1,1,0,2,48,0,0,2,1,0,1,0,1,1,2,0,108,2,2,0,0,4,6,1,0,0,1,2,3
"Zotu732",0,6,20,1,1,0,2,15,24,7,1,13,0,4,2,2,3,1,0,0,0,0,2,3,1,1,0,25,13,22,3,0,1,0,0,0,28,25,25,26,2,34,1,2,2,0,25,1,0,0,10,14,1,10,0,0,2,0,1,1,2,1
"Zotu4074",0,24,0,1,0,0,0,2,0,0,1,1,0,0,0,0,0,0,0,0,0,1,0,0,0,0,0,0,0,0,0,0,0,0,0,0,0,0,0,0,0,0,0,2,0,0,0,0,0,0,0,0,0,0,0,0,0,0,0,0,0,0
"Zotu4926",0,19,0,0,0,0,0,0,0,0,0,0,0,0,2,0,0,1,0,0,0,0,0,0,0,0,0,0,0,0,2,0,0,0,0,0,0,0,0,0,0,0,0,0,0,0,0,0,0,0,0,0,0,0,0,0,0,0,0,0,0,0
"Zotu1044",0,24,21,35,23,1,2,9,10,1,1,5,1,13,10,2,6,2,2,3,10,1,3,0,1,1,2,3,0,1,0,1,1,0,2,1,1,2,1,1,2,2,0,59,0,1,1,3,1,1,2,6,0,11,21,1,0,2,3,1,2,16
"Zotu5286",0,1,6,1,0,0,0,0,0,9,28,0,0,0,0,1,0,1,2,0,0,0,0,0,1,0,0,0,0,0,0,0,0,0,0,0,0,0,0,0,0,0,0,0,0,0,0,0,0,0,0,0,0,0,0,0,0,0,0,0,1,0
"Zotu1254",0,55,24,0,1,1,0,71,1,0,34,0,0,0,0,0,1,0,35,0,0,0,0,1,0,0,0,2,0,0,0,0,0,0,0,0,0,0,0,0,0,0,0,0,0,0,0,0,0,0,0,0,0,0,2,10,0,0,0,0,0,0
"Zotu3670",0,19,1,2,1,0,0,1,2,4,0,1,0,0,4,2,2,1,0,0,0,0,0,0,0,0,0,0,1,0,1,2,1,1,0,0,0,1,0,0,0,0,0,0,0,0,0,0,0,59,0,0,1,0,1,0,0,0,6,0,0,4
"Zotu3473",0,1,11,4,7,0,0,0,7,6,0,1,0,2,2,1,0,1,19,1,0,0,0,0,1,0,0,0,0,0,0,0,0,0,0,0,0,0,0,0,0,0,0,1,0,0,0,0,0,0,0,0,0,0,1,18,0,0,0,0,0,0
"Zotu4635",0,11,0,3,0,0,0,0,0,0,0,0,0,0,3,0,0,0,0,0,1,1,0,0,0,0,0,0,1,0,0,0,0,1,1,0,0,0,0,42,0,2,0,1,0,1,0,1,0,0,1,0,1,0,0,0,0,0,0,3,1,0
"Zotu4173",0,6,0,1,0,0,0,0,0,0,0,0,1,0,8,0,36,0,0,0,0,0,0,0,0,0,0,0,2,0,0,0,0,0,0,0,0,0,0,0,0,0,0,0,0,0,0,0,0,0,0,0,0,0,0,0,0,0,0,0,0,0
"Zotu672",0,15,37,3,15,1,1,0,29,1,1,52,1,11,15,1,5,122,1,1,2,0,3,3,0,2,3,3,4,0,3,2,1,1,1,1,1,1,1,1,0,2,0,0,1,2,1,1,0,1,16,2,49,50,0,0,0,0,0,1,1,0
"Zotu2380",0,57,3,11,22,0,4,0,1,2,1,16,1,5,14,1,1,0,1,1,4,1,2,0,1,0,1,54,1,1,0,0,0,1,1,0,0,0,1,0,0,0,0,3,0,0,0,0,0,0,0,1,0,6,1,0,0,1,0,0,0,11
"Zotu5683",0,9,0,0,0,0,0,0,1,0,0,0,1,0,0,2,0,0,1,0,0,0,0,0,0,0,0,2,1,0,0,0,0,0,0,0,0,0,0,0,0,0,0,0,0,0,0,0,0,0,0,0,0,0,0,0,0,0,0,0,0,0
"Zotu1438",0,19,6,0,1,1,2,98,2,2,1,1,1,2,0,3,1,1,1,2,0,0,1,0,0,0,3,0,2,1,0,0,0,0,0,0,0,0,0,0,0,0,0,0,0,0,0,0,0,0,0,0,0,0,0,0,0,0,0,0,0,0
"Zotu1185",0,1,1,2,2,1,0,1,0,0,0,0,3,2,0,0,0,1,0,2,8,61,132,0,0,1,1,1,9,3,1,0,0,2,0,1,0,10,0,1,0,0,1,0,0,0,0,0,0,0,0,0,10,0,0,0,0,0,0,0,0,0
"Zotu1982",0,19,0,0,1,1,0,1,0,0,0,0,0,0,2,0,0,0,0,0,0,0,0,1,0,0,0,0,0,0,0,0,0,1,0,0,1,62,0,0,0,0,1,1,0,2,1,1,0,0,0,0,0,0,1,0,0,0,0,0,0,0
"Zotu3824",0,12,0,14,16,0,0,0,1,0,0,0,0,1,0,0,7,2,0,1,1,0,0,0,1,0,5,0,0,0,0,0,0,0,0,0,0,0,0,0,0,0,0,0,0,0,0,0,0,0,0,0,0,0,0,0,0,0,0,0,0,0
"Zotu1370",0,1,2,1,1,3,3,5,54,20,25,0,0,13,3,2,0,0,26,0,1,1,0,0,0,0,0,1,0,0,1,0,0,0,0,0,1,0,1,0,0,0,1,0,1,0,0,0,19,11,0,0,0,0,0,0,0,0,0,0,0,0
"Zotu2953",0,1,1,0,0,0,0,1,0,0,0,1,0,0,0,0,6,0,0,0,0,0,0,0,0,0,0,0,20,1,0,0,0,0,1,0,1,0,0,41,0,0,0,0,1,0,0,3,0,1,1,2,0,0,0,0,0,1,1,0,0,1
"Zotu586",0,1,0,1,0,0,23,1,0,1,0,16,3,0,0,0,2,1,0,0,11,0,0,0,0,0,0,0,30,0,1,1,1,0,3,1,2,2,1,4,4,1,0,3,172,2,96,1,0,3,1,44,3,0,0,2,2,2,0,2,4,124
"Zotu4218",0,2,0,0,0,0,0,0,0,1,1,21,0,0,1,0,1,0,0,0,0,0,0,0,0,0,0,2,1,0,0,2,2,1,0,0,0,4,0,0,1,0,0,0,1,1,1,1,0,0,0,0,3,0,1,74,1,0,0,0,0,0
"Zotu4065",0,6,0,3,0,0,0,0,0,0,0,0,0,0,0,0,1,0,0,0,0,0,0,0,0,0,0,0,0,0,0,1,1,0,0,0,37,0,0,0,0,0,0,0,0,0,0,0,0,0,0,1,0,0,0,5,0,0,0,2,0,0
"Zotu2722",0,27,2,15,4,2,0,0,0,0,0,0,0,2,4,0,8,1,0,0,1,0,0,0,0,0,1,0,1,0,0,0,0,0,0,0,0,0,0,0,0,0,0,0,0,0,0,0,0,0,0,0,0,0,0,0,0,0,0,0,0,0
"Zotu294",0,14,24,0,0,2,0,0,1,0,26,1,0,0,1,0,0,0,2,0,0,0,1,0,1,0,0,0,1,7,0,0,2,5,3,7,5,5,7,6,3,1,5,4,6,114,41,7,55,75,27,3,5,5,3,2,271,290,23,32,40,4
"Zotu4640",0,2,1,2,3,0,0,0,0,0,0,0,0,1,1,0,32,0,0,1,0,0,0,0,0,0,1,0,35,0,0,0,0,0,0,0,0,0,0,0,0,0,0,0,0,0,0,0,0,0,0,0,0,0,0,0,0,0,0,0,0,0
"Zotu3675",0,20,0,2,1,1,0,0,0,0,0,0,0,0,1,0,0,0,0,2,14,1,0,0,0,0,0,0,0,0,0,0,0,0,1,0,0,1,0,0,0,0,0,1,28,0,2,0,0,0,0,0,0,3,0,0,0,0,7,1,0,0
"Zotu6048",0,19,0,0,0,0,0,0,0,0,0,0,0,0,0,0,0,0,0,0,0,0,0,0,0,0,0,0,0,0,0,0,0,0,0,0,0,0,0,0,0,0,0,0,0,0,0,0,0,0,0,0,0,0,0,0,0,0,0,0,0,0
"Zotu2231",0,19,0,0,0,0,3,0,0,0,0,1,0,0,0,0,0,0,0,0,22,1,0,0,0,0,0,1,0,2,0,0,0,0,0,0,0,1,0,0,0,0,0,0,45,0,1,0,0,1,0,0,0,0,0,0,0,0,0,2,1,4
"Zotu1115",0,2,1,0,0,2,2,1,0,0,0,2,0,1,1,0,0,1,0,0,0,1,1,0,0,22,0,2,36,108,2,2,0,0,0,2,38,29,0,0,0,0,2,0,0,1,1,1,0,0,0,3,0,0,0,0,0,0,0,0,0,0
"Zotu1394",0,1,1,0,1,0,0,2,2,0,1,0,1,0,2,1,1,1,0,2,1,97,1,0,0,0,0,0,30,10,0,0,0,0,0,0,0,0,0,0,0,0,0,0,1,1,0,1,1,0,16,2,13,0,0,0,1,0,0,10,5,14
"Zotu4092",0,1,2,6,0,0,0,1,15,1,0,0,0,1,1,2,16,0,0,1,0,0,0,0,0,0,3,0,0,0,0,1,0,0,0,0,1,0,2,0,0,1,0,0,0,0,0,0,0,0,0,0,0,15,0,0,0,0,0,0,0,0
"Zotu3964",0,1,0,7,0,0,0,1,0,0,0,0,0,0,0,0,17,0,0,0,0,0,0,0,0,0,0,0,0,0,0,0,1,0,0,0,0,0,0,0,0,0,0,8,0,0,0,0,0,0,0,0,0,0,0,0,0,0,0,0,0,0
"Zotu391",0,31,9,2,1,1,0,52,10,1,4,19,3,14,9,0,0,6,23,0,0,1,0,0,1,1,0,31,1,1,3,4,1,4,2,7,3,3,1,3,1,0,2,4,3,2,3,25,2,1,19,4,4,0,3,2,113,94,44,132,135,37
"Zotu987",0,23,16,2,0,1,35,1,23,0,1,0,4,22,11,1,12,0,0,0,7,0,1,0,0,45,1,1,0,1,0,2,2,1,0,0,0,0,29,0,0,0,3,0,1,1,0,1,1,2,16,9,0,1,0,0,0,0,0,0,1,11
"Zotu986",0,22,6,1,1,1,1,0,0,8,1,0,1,0,1,1,0,0,2,1,0,1,1,0,0,0,0,0,30,0,0,3,0,2,0,2,42,26,27,0,1,1,2,1,0,0,2,0,0,3,1,5,0,12,1,1,1,72,1,1,6,13
"Zotu195",0,2,8,100,3,0,16,0,8,18,25,1,0,43,37,1,48,0,1,2,17,2,0,0,0,0,0,0,120,78,3,3,2,0,2,1,0,2,2,0,4,0,0,1,3,2,1,1,3,1,2,35,92,54,3,5,0,0,117,38,241,394
"Zotu2544",0,1,0,1,0,0,0,0,0,1,0,0,0,0,0,0,0,0,0,0,0,0,0,0,0,0,0,9,25,0,0,1,0,0,0,0,26,0,0,0,0,0,0,0,2,0,0,0,0,2,0,0,0,0,0,1,0,1,0,2,0,0
"Zotu5406",0,6,0,2,0,0,19,0,0,1,0,0,2,0,0,0,4,0,0,0,0,0,0,0,0,0,0,0,0,1,0,0,0,0,0,0,0,1,0,0,0,0,0,3,0,1,0,1,0,0,3,2,9,0,0,1,0,0,23,12,0,6
"Zotu1285",0,2,10,0,0,0,0,1,14,0,0,12,0,0,3,0,9,2,2,0,1,0,0,0,1,0,0,1,1,0,1,0,0,0,0,1,1,0,2,0,0,0,1,26,1,1,2,48,65,1,0,7,1,1,1,0,1,0,0,0,0,6
"Zotu2112",0,28,0,0,0,0,0,1,1,0,0,0,0,0,0,0,0,0,0,0,0,1,0,0,0,1,0,0,0,1,1,1,0,0,1,1,0,1,0,0,0,34,0,1,0,0,0,1,0,1,0,20,2,0,0,1,0,0,0,1,0,15
"Zotu278",0,17,80,1,4,2,20,45,15,3,64,3,3,79,8,2,10,2,1,2,18,1,4,0,1,0,1,2,32,2,4,2,2,3,2,1,4,2,0,2,7,1,2,3,276,4,0,2,221,2,24,16,2,4,1,1,3,0,1,4,1,150
"Zotu948",0,24,1,2,1,0,155,2,1,3,14,1,2,1,2,2,0,1,0,0,1,2,1,0,0,1,0,4,1,3,1,0,0,0,0,0,0,2,0,0,1,0,0,1,1,0,0,0,83,0,0,1,2,0,0,0,0,0,0,1,1,1
"Zotu3198",0,1,1,11,3,0,0,1,0,2,0,2,0,0,0,0,48,0,0,2,1,0,0,0,1,0,3,0,0,0,0,0,0,0,0,0,0,0,0,0,0,0,0,0,0,0,0,0,0,0,0,0,0,0,0,0,0,0,0,0,0,0
"Zotu4807",0,1,1,6,10,1,0,0,0,0,0,0,0,0,0,1,2,0,0,0,0,0,0,0,0,0,1,1,0,0,0,0,0,0,0,0,0,0,0,0,0,0,0,2,0,0,0,0,1,1,0,0,0,0,0,1,0,0,0,13,0,0
"Zotu2699",0,3,43,0,1,0,0,0,1,1,0,0,1,1,13,0,4,0,0,1,1,0,0,0,0,0,0,1,0,0,1,1,2,0,0,0,0,0,0,0,0,0,0,0,0,0,0,1,0,0,8,8,0,7,0,0,0,0,0,4,0,0
"Zotu4913",0,13,0,0,0,0,0,0,1,0,0,16,1,0,0,0,0,0,0,0,0,0,1,0,0,0,0,0,0,0,0,0,0,0,0,0,0,0,0,0,0,0,0,2,0,0,0,0,0,0,0,0,0,0,2,0,0,0,0,0,0,0
"Zotu5955",0,2,0,0,0,1,0,1,0,2,0,0,0,0,5,0,0,0,31,0,0,0,0,0,0,0,0,0,0,0,0,0,0,0,0,0,0,0,0,0,0,0,0,0,0,0,0,0,0,0,0,0,0,0,0,0,0,0,0,0,0,0
"Zotu3094",0,2,1,0,0,13,0,1,6,0,7,1,0,0,1,0,0,0,4,0,0,1,1,2,0,0,0,0,0,0,1,0,1,0,0,0,0,0,1,0,0,0,0,4,0,0,12,0,0,0,2,0,0,0,0,1,2,5,0,0,0,0
"Zotu1862",0,22,12,6,2,0,1,2,0,0,0,0,0,0,0,1,5,0,0,0,1,0,1,0,0,0,0,4,0,0,1,0,0,1,1,0,1,1,3,2,0,41,0,2,0,0,0,0,1,0,44,0,0,0,0,0,0,0,0,0,6,0
"Zotu2525",0,28,0,0,0,1,0,0,0,0,0,0,0,0,7,0,0,0,94,0,0,1,0,0,0,0,0,0,0,0,0,0,0,0,0,0,0,0,0,0,0,0,0,0,0,0,0,0,0,0,0,0,0,0,4,0,0,0,0,0,0,0
"Zotu3796",0,47,0,0,0,0,0,0,0,0,0,0,0,0,2,0,2,0,17,1,0,0,0,0,0,0,0,1,0,0,0,0,0,0,0,0,0,0,0,0,0,0,0,0,0,0,0,0,0,0,0,0,0,0,0,0,0,0,0,0,0,0
"Zotu1486",0,52,12,0,2,0,0,0,0,0,0,0,0,0,6,0,1,0,0,0,1,2,1,0,0,1,1,0,0,1,1,2,0,0,0,0,0,0,1,0,0,0,0,0,0,0,0,1,1,1,0,6,0,60,0,0,0,0,0,0,0,0
"Zotu2266",0,1,0,75,5,0,0,1,0,0,0,2,0,0,2,1,0,3,0,0,0,1,1,0,1,0,2,1,1,0,0,0,0,0,0,0,0,0,0,0,0,0,0,0,0,0,0,0,0,0,0,0,2,0,0,0,0,0,0,0,0,0
"Zotu1700",0,1,2,1,1,1,0,2,34,0,2,4,0,74,2,2,1,0,2,1,0,0,1,1,0,0,1,0,1,1,0,0,0,0,0,0,1,0,0,0,0,0,1,0,0,2,2,2,0,0,0,0,0,0,0,7,0,1,0,11,7,1
"Zotu2774",0,22,0,0,0,2,1,27,0,1,1,0,0,0,0,0,0,0,0,0,0,0,0,1,0,2,0,0,0,0,0,0,0,0,2,0,0,0,0,0,0,0,0,0,0,0,0,0,0,0,0,0,0,0,0,0,18,0,0,0,0,0
"Zotu332",0,4,1,2,0,0,0,0,1,1,1,87,2,0,0,2,1,2,40,0,0,1,2,0,2,0,0,113,3,1,0,2,1,46,5,2,3,14,3,4,3,32,1,1,3,2,1,1,3,2,4,4,2,2,123,170,18,129,23,24,4,3
"Zotu3234",0,1,0,2,45,0,0,1,0,0,0,1,0,1,0,0,0,1,0,0,0,0,0,0,2,0,0,1,0,0,1,0,0,0,0,0,0,0,0,0,0,0,0,0,0,0,0,0,0,0,0,0,0,0,0,0,0,0,0,0,0,0
"Zotu5477",0,5,0,9,3,1,0,0,0,0,0,1,2,0,0,0,0,0,0,0,0,0,0,0,0,0,0,0,0,1,0,0,0,1,0,0,0,0,0,0,0,0,0,3,0,0,2,0,0,0,0,0,0,1,9,0,5,0,0,0,4,0
"Zotu1905",0,12,54,14,9,0,0,0,2,0,1,0,1,2,4,0,0,1,0,0,1,0,3,1,1,0,0,0,0,1,1,0,1,0,0,0,0,1,0,0,0,0,0,21,0,1,0,0,0,1,0,0,2,0,4,10,0,0,0,0,1,7
"Zotu2234",0,48,0,0,0,0,0,0,1,0,1,0,1,1,0,1,1,0,0,0,0,0,0,0,0,0,0,0,0,0,3,0,0,0,0,0,0,34,0,0,2,2,0,0,0,0,0,0,0,0,0,0,0,0,0,0,0,0,0,0,1,0
"Zotu2405",0,2,1,0,5,1,1,3,2,128,2,0,0,1,0,1,1,2,0,1,1,2,0,0,2,0,0,2,1,1,3,0,0,0,0,0,0,0,0,0,0,0,0,2,0,0,0,0,0,0,0,0,0,0,0,0,0,0,0,0,0,0
"Zotu1769",0,3,25,97,0,0,0,1,0,0,0,0,0,0,0,0,61,1,0,0,0,0,1,1,0,0,0,0,0,0,0,0,0,0,0,0,0,0,0,0,0,0,5,5,0,0,0,0,0,0,0,0,0,0,0,0,0,0,0,0,0,0
"Zotu2738",0,10,3,0,1,1,1,14,0,1,2,13,0,0,4,0,1,0,6,0,0,0,1,0,0,2,0,0,0,0,1,1,0,0,0,0,0,0,0,0,0,0,0,0,0,0,0,1,0,0,0,0,0,10,0,0,0,0,0,0,0,0
"Zotu2963",0,1,0,1,4,1,2,0,0,0,1,1,0,1,14,0,9,0,2,1,27,0,1,0,0,1,0,2,0,1,1,1,0,0,0,0,0,1,0,2,0,0,0,1,0,1,0,0,0,0,1,14,0,13,0,0,0,1,0,0,0,5
"Zotu4493",0,6,0,0,0,0,0,0,18,0,1,0,0,0,6,0,1,0,19,0,0,0,0,1,0,0,0,1,0,0,0,0,0,0,0,0,1,0,0,0,0,0,0,0,0,0,0,0,0,0,0,3,0,0,3,10,0,0,0,8,0,0
"Zotu637",0,26,29,0,1,0,0,0,2,2,3,24,0,0,8,0,1,246,0,0,1,0,0,0,0,0,0,1,0,0,1,0,0,0,0,0,0,0,53,45,0,0,2,0,1,0,0,0,0,0,0,7,1,1,1,0,0,0,0,1,0,0
"Zotu1121",0,6,0,3,3,2,0,0,0,1,0,0,0,0,1,0,0,0,0,0,0,0,0,0,0,0,0,1,0,2,0,0,2,0,1,5,1,1,3,1,2,2,0,0,0,2,0,3,2,1,0,0,2,0,35,53,24,62,42,26,0,0
"Zotu3197",0,18,0,0,0,0,0,1,1,0,0,0,0,0,0,0,0,0,0,0,0,0,0,0,0,0,0,0,0,0,0,0,0,0,0,1,0,1,0,1,1,0,0,0,0,0,0,0,1,0,38,0,1,0,0,11,0,0,0,17,1,1
"Zotu524",0,3,9,7,18,0,243,3,17,17,47,2,4,36,2,3,46,1,3,6,4,3,4,0,0,4,1,3,2,2,4,0,0,0,2,0,1,0,2,0,0,1,2,5,0,0,1,1,1,0,2,9,1,1,1,2,19,0,1,33,8,15
"Zotu2987",0,24,0,0,0,1,0,35,5,0,1,5,0,10,4,1,1,2,0,3,0,0,0,0,0,0,0,0,2,0,0,0,0,0,0,0,0,0,0,0,0,0,0,0,0,0,0,0,0,0,0,0,0,0,0,0,0,0,1,0,0,4
"Zotu915",0,6,2,2,9,0,1,24,3,4,94,3,0,46,22,0,3,35,37,1,2,0,0,2,1,1,2,0,1,2,1,0,1,0,0,0,0,15,0,0,0,0,0,0,0,0,0,0,0,0,0,0,0,0,0,4,0,0,0,0,0,0
"Zotu3810",0,18,0,0,0,0,0,0,0,0,0,0,1,1,2,1,0,18,0,2,0,0,0,0,1,0,0,0,1,0,0,0,0,0,0,0,1,0,0,0,0,0,0,0,0,0,0,0,0,0,0,1,1,0,0,11,6,0,30,0,0,0
"Zotu4847",0,1,0,0,3,0,0,0,1,0,0,0,0,0,0,0,0,0,1,2,0,0,1,0,0,0,0,38,0,0,1,0,0,0,0,0,0,0,0,0,0,0,0,0,0,0,0,0,0,0,0,0,0,0,0,0,0,0,0,0,0,0
"Zotu2293",0,5,0,0,1,1,3,0,2,2,1,0,1,0,3,0,0,1,9,0,4,0,0,0,0,1,1,0,2,10,1,50,0,1,0,0,0,0,0,0,0,13,0,0,0,0,0,0,0,0,0,8,6,0,0,1,0,0,0,0,0,4
"Zotu4534",0,2,0,0,1,0,0,0,0,4,0,0,0,0,0,32,1,0,0,0,0,0,0,0,0,0,0,0,0,0,0,0,0,0,0,0,0,0,0,0,0,0,0,5,0,0,0,0,0,0,0,1,0,0,0,0,0,0,0,0,0,0
"Zotu3768",0,5,0,1,0,0,0,0,0,4,0,0,0,0,0,0,0,0,0,0,0,0,0,0,0,0,0,0,0,0,0,0,0,1,0,0,1,2,2,0,0,0,0,2,0,1,1,0,0,1,0,0,17,0,0,3,0,0,14,1,0,0
"Zotu6148",0,8,0,3,0,0,1,0,0,0,0,1,0,1,3,0,3,0,0,0,1,0,0,0,0,0,0,0,0,0,0,0,0,0,0,0,0,0,0,1,0,1,0,9,0,0,0,0,0,0,0,0,0,0,0,10,0,0,0,0,0,0
"Zotu916",0,1,2,1,0,2,0,2,1,0,1,0,0,1,1,1,1,0,0,0,0,276,0,0,0,0,0,0,0,0,0,0,0,0,1,0,2,0,20,0,0,0,1,1,2,0,0,0,0,1,0,2,0,0,3,1,0,0,0,0,0,0
"Zotu1950",0,7,8,0,1,0,0,0,0,1,13,19,0,1,1,0,6,0,1,0,1,2,0,2,1,1,0,0,2,1,30,0,0,1,0,0,0,0,0,1,0,1,0,0,0,26,0,0,1,1,1,4,6,12,0,1,0,0,0,0,0,2
"Zotu4800",0,2,1,14,17,0,0,0,0,0,0,0,0,0,0,0,25,0,0,1,0,0,0,0,0,0,0,0,1,0,0,0,0,0,1,0,0,1,0,0,0,0,0,27,0,0,0,0,0,0,0,0,0,0,0,0,0,0,0,0,0,0
"Zotu5745",0,8,0,0,0,0,0,34,0,0,1,0,0,0,5,1,0,0,1,0,0,0,0,2,0,0,0,0,0,0,0,0,0,0,0,0,0,0,0,0,0,0,0,0,0,0,0,0,0,0,0,0,0,0,0,0,0,0,0,0,0,0
"Zotu1414",0,1,49,0,0,0,1,1,8,1,2,16,0,72,15,2,3,2,20,1,3,0,0,0,1,4,4,1,2,1,0,0,1,0,1,0,1,1,0,0,0,0,0,31,3,1,0,1,0,0,0,5,1,0,0,1,0,0,0,0,0,4
"Zotu498",0,2,0,2,2,1,0,0,0,0,1,0,0,0,3,0,0,0,4,0,1,1,1,0,1,0,93,0,2,0,0,1,1,4,5,103,45,26,81,39,2,44,60,4,2,51,3,3,2,3,2,7,4,3,0,28,21,1,1,3,4,3
"Zotu3651",0,1,0,0,11,0,0,0,2,1,0,16,0,1,2,0,1,0,0,1,1,0,2,0,0,0,0,0,0,0,0,0,0,0,0,1,0,0,0,0,0,0,0,2,1,34,0,1,0,0,0,0,0,0,0,0,11,0,7,2,0,0
"Zotu244",0,1,0,5,17,1,0,0,30,1,0,0,0,1,14,1,2,0,13,0,0,0,0,0,1,3,1,0,0,0,0,6,4,69,5,1,51,31,47,119,5,55,60,7,10,3,7,1,7,3,9,13,52,24,91,67,94,188,50,32,19,6
"Zotu2621",0,1,0,2,19,0,0,0,0,0,0,0,0,1,0,0,1,0,0,0,0,0,0,0,0,0,0,0,1,0,0,0,0,0,1,0,0,2,0,0,0,0,0,0,0,1,0,0,0,0,1,0,0,1,0,1,1,68,2,1,13,9
"Zotu2188",0,16,7,0,0,0,4,1,0,1,0,0,1,19,0,3,0,0,0,1,0,2,0,0,0,0,0,0,1,2,0,2,1,0,0,0,1,0,0,1,0,0,1,1,3,1,1,0,0,0,34,10,2,1,0,0,0,0,1,0,0,15
"Zotu388",0,2,12,0,0,0,0,0,10,2,0,0,0,1,11,0,0,0,0,1,0,0,0,0,0,0,0,0,0,0,0,4,12,3,3,6,17,3,4,7,0,72,0,7,3,3,2,3,3,4,2,4,4,4,202,263,81,215,20,28,6,5
"Zotu2339",0,8,9,0,0,0,0,0,19,0,3,4,0,43,6,0,2,7,2,0,0,0,0,0,1,15,0,0,1,0,18,0,0,1,28,0,33,0,30,8,0,0,0,4,0,18,0,8,0,0,0,2,0,4,1,1,1,0,0,8,18,0
"Zotu3886",0,28,0,0,0,0,1,0,11,0,1,0,1,1,9,0,9,0,0,0,0,0,0,0,0,0,0,0,0,1,0,0,1,0,0,0,0,0,0,0,0,0,0,0,0,0,0,0,0,0,0,10,0,0,0,0,0,0,0,0,0,0
"Zotu1539",0,12,34,0,8,0,1,0,11,1,0,22,0,18,14,2,1,27,17,0,0,1,0,0,0,0,2,0,0,0,0,0,1,0,0,0,0,0,0,0,0,0,0,0,0,1,0,0,0,0,0,0,0,7,0,0,0,0,0,0,0,0
"Zotu2480",0,17,0,0,0,0,1,0,0,0,0,0,0,0,0,0,0,0,0,0,0,0,0,0,0,0,0,0,0,0,0,2,0,1,1,0,1,0,0,2,0,0,0,1,1,1,2,1,0,0,0,1,17,0,6,3,0,0,0,0,43,45
"Zotu123",0,2,2,5,3,1,2,3,8,3,1,32,0,1,12,0,4,2,7,0,3,2,0,52,1,27,2,227,108,39,181,5,2,60,3,7,34,48,106,201,4,3,252,4,0,3,5,5,4,4,3,23,10,8,354,98,7,135,26,58,4,7
"Zotu5405",0,7,1,1,0,0,0,1,0,0,4,2,0,1,8,2,0,0,0,0,2,0,0,0,0,19,1,0,2,0,0,1,1,1,2,0,0,0,0,0,1,0,0,2,0,0,0,0,0,1,0,0,1,7,4,0,0,0,1,0,0,1
"Zotu1425",0,19,15,16,1,0,0,0,1,1,2,1,0,1,15,1,73,0,1,1,0,0,1,2,2,2,0,0,2,1,0,0,0,0,0,0,0,1,0,0,0,0,0,17,0,0,1,0,1,0,1,10,0,0,0,0,0,0,0,1,0,2
"Zotu4206",0,2,0,8,6,0,0,1,6,0,14,0,0,0,2,0,13,0,0,0,0,0,0,0,0,0,1,0,2,0,0,1,0,1,0,0,1,0,0,1,0,1,0,1,0,0,0,0,0,0,0,0,0,0,4,3,0,1,0,0,0,1
"Zotu2025",0,2,1,10,6,1,2,1,29,0,0,3,0,29,2,2,7,1,12,1,2,1,1,0,4,4,0,0,3,1,0,0,0,1,1,0,0,1,0,0,0,0,0,0,0,2,0,0,0,1,0,6,0,28,0,0,0,0,0,0,0,9
"Zotu2413",0,1,0,0,0,0,0,0,0,0,1,0,0,1,0,0,1,0,0,0,0,1,0,0,0,0,0,2,0,0,77,0,0,0,0,0,0,0,0,1,0,0,0,1,0,0,0,0,0,0,0,1,8,1,1,0,0,0,0,0,0,0
"Zotu509",0,7,1,1,0,0,3,1,8,1,7,2,0,0,0,3,3,3,1,0,8,1,1,0,0,0,62,3,26,18,2,79,4,14,88,2,38,10,24,21,2,3,4,0,47,53,21,3,1,4,14,10,2,9,3,2,4,1,1,1,11,10
"Zotu933",0,4,1,1,0,1,1,0,3,0,1,0,0,0,0,2,0,0,0,1,2,0,0,0,286,0,1,4,0,10,1,0,0,0,0,0,0,0,0,0,0,1,0,0,0,0,0,0,0,0,0,0,0,0,0,0,0,0,0,0,0,0
"Zotu5517",0,1,0,0,0,0,1,0,1,0,0,0,0,0,0,0,1,0,0,1,18,0,0,1,0,0,0,0,0,0,0,0,0,0,0,0,0,0,0,0,0,0,0,0,0,0,0,0,0,0,0,0,0,0,0,0,0,0,0,0,0,0
"Zotu4986",0,9,0,1,2,0,0,0,3,0,7,0,0,0,0,0,0,0,0,0,0,0,0,0,0,0,0,1,0,0,0,0,0,0,0,0,0,0,0,0,1,0,0,0,0,1,0,0,0,0,0,0,0,0,0,1,0,0,0,17,5,0
"Zotu1727",0,4,0,0,6,0,30,0,29,1,0,1,0,5,3,0,15,12,3,1,2,0,0,0,0,1,1,0,0,0,1,0,0,0,0,0,0,15,0,0,0,0,0,5,0,42,1,1,0,0,0,1,8,0,0,0,0,1,2,0,1,0
"Zotu4751",0,3,20,0,0,0,0,1,12,0,0,0,0,27,13,0,0,0,0,0,0,3,0,0,0,1,0,0,0,0,0,0,0,0,0,0,0,0,0,0,0,0,0,0,0,0,0,0,0,0,0,7,0,0,0,0,0,0,0,0,0,0
"Zotu1016",0,4,1,0,0,0,0,1,0,0,0,0,4,0,1,1,0,0,1,1,10,1,0,0,0,0,0,0,15,14,2,1,0,0,168,2,1,0,0,1,2,0,0,0,0,1,0,0,0,1,0,1,2,0,0,0,0,0,0,0,0,1
"Zotu755",0,2,14,0,0,0,0,0,19,1,0,1,0,0,0,1,0,0,0,0,0,0,1,0,0,1,0,0,0,0,0,4,3,3,5,2,0,0,2,1,0,1,1,3,1,1,0,2,0,1,0,1,0,0,110,71,149,1,1,0,1,2
"Zotu3942",0,3,0,0,0,0,0,0,0,0,0,1,2,1,1,0,5,2,0,0,0,1,0,0,0,0,0,107,0,0,0,1,0,0,0,0,0,0,5,0,0,0,0,0,0,0,0,0,0,0,0,0,0,0,0,0,0,0,0,0,0,0
"Zotu436",0,3,1,2,0,0,0,2,0,0,0,0,0,0,1,0,0,0,3,1,0,0,0,0,1,1,0,48,0,1,2,3,0,0,2,326,59,2,0,132,0,0,0,1,2,1,95,0,0,4,2,2,1,4,1,2,0,1,1,1,2,0
"Zotu2115",0,2,0,1,0,0,101,1,0,1,1,0,2,0,3,1,0,0,0,0,0,1,1,0,0,0,2,2,1,0,1,0,0,0,0,0,0,0,0,0,0,0,0,0,0,0,0,0,0,0,0,0,0,0,0,0,0,0,0,0,0,0
"Zotu1085",0,6,12,5,8,0,2,0,0,2,0,32,1,1,4,0,10,0,6,1,1,0,0,0,0,0,2,0,1,0,0,2,0,1,2,1,1,25,1,0,0,0,4,1,21,0,3,0,1,2,22,16,15,1,7,6,0,0,5,10,5,25
"Zotu2251",0,11,0,1,2,1,1,0,7,4,15,0,1,2,5,1,0,0,20,0,1,0,0,0,0,0,0,2,0,0,0,0,0,0,0,0,0,0,0,0,0,1,0,1,1,0,0,0,0,0,0,0,8,1,4,5,1,0,7,23,0,1
"Zotu5091",0,32,1,0,0,1,0,0,0,1,1,0,0,0,9,0,0,0,0,1,1,0,0,0,1,0,0,0,0,0,0,0,0,0,0,0,0,0,0,0,0,0,0,0,0,0,0,0,0,0,0,0,0,0,0,0,0,0,0,0,0,0
"Zotu3492",0,22,34,0,0,0,0,2,1,0,1,0,0,0,3,1,0,1,0,1,23,0,1,1,0,0,1,1,0,0,0,0,0,0,0,0,0,0,0,0,0,0,0,0,0,0,0,0,0,0,0,0,0,0,0,0,0,0,0,0,0,0
"Zotu1392",0,2,0,0,0,0,6,0,0,0,0,0,0,1,0,2,0,0,0,0,19,0,0,0,0,1,0,0,0,0,0,0,1,1,1,1,1,0,0,0,0,0,149,0,0,0,0,0,0,1,1,6,4,2,0,0,2,0,1,0,1,11
"Zotu1150",0,2,8,3,0,0,0,0,7,7,6,1,0,1,8,0,2,2,1,0,1,0,0,1,1,0,0,0,0,3,0,1,4,0,1,0,0,13,1,1,1,0,0,2,0,0,2,3,2,115,2,5,0,0,1,1,0,4,1,7,29,2
"Zotu842",0,2,2,4,1,1,2,8,8,0,0,134,1,1,7,2,2,2,26,1,2,0,2,1,0,1,0,1,3,1,1,0,3,1,0,0,0,0,1,0,1,0,1,1,0,1,0,2,1,0,2,12,1,1,0,0,0,1,0,21,82,0
"Zotu2442",0,12,0,12,0,0,0,2,8,1,0,0,1,1,0,0,3,0,0,0,1,0,0,2,0,1,0,51,0,2,0,0,0,1,0,0,0,0,0,0,0,0,1,13,0,0,0,0,0,0,0,9,0,0,0,0,0,0,0,0,0,0
"Zotu1374",0,8,6,2,2,1,0,1,3,0,64,0,1,5,7,3,1,41,33,0,0,0,0,0,1,0,3,0,0,16,2,0,0,0,0,0,0,0,0,0,1,0,0,0,0,0,0,0,0,0,0,0,0,0,0,0,0,0,0,0,7,0
"Zotu3251",0,1,0,0,0,0,1,0,0,1,0,0,0,0,1,0,0,46,9,0,0,0,0,0,0,0,0,1,0,0,0,0,0,0,0,0,0,0,0,0,0,0,0,0,0,0,0,0,0,0,0,0,0,0,0,0,0,0,0,0,0,0
"Zotu346",0,5,5,9,7,38,166,4,1,2,5,2,9,37,7,573,3,4,5,6,5,2,4,0,8,6,1,6,10,6,4,0,0,0,0,0,0,0,2,0,0,0,1,0,0,0,0,0,0,0,0,0,0,0,0,0,0,0,0,0,0,0
"Zotu1805",0,9,0,10,4,2,1,2,0,2,0,2,2,26,9,0,1,1,0,0,1,0,0,0,0,1,2,0,1,40,0,1,0,0,0,0,0,1,0,0,1,0,0,0,0,1,0,0,0,0,1,10,0,0,0,0,0,0,0,0,0,10
"Zotu3741",0,3,0,16,21,1,1,1,0,0,1,0,1,0,0,2,3,0,0,0,0,0,0,1,0,2,0,0,0,0,0,0,0,0,0,0,0,0,0,0,0,1,0,0,0,0,0,0,0,0,0,0,0,0,0,0,0,0,0,0,0,2
"Zotu510",0,3,10,5,4,3,1,16,60,0,1,0,0,2,5,4,0,54,71,1,0,1,0,1,1,2,0,0,0,1,3,0,0,1,0,1,2,1,1,0,1,0,0,0,0,2,75,1,164,3,3,1,0,0,3,0,1,0,1,0,1,0
"Zotu2156",0,1,0,0,0,0,0,0,0,0,17,0,0,0,0,0,0,0,0,0,0,0,0,0,0,0,0,0,0,1,0,0,0,0,0,0,0,1,0,0,0,0,0,0,0,88,1,0,0,0,0,1,0,0,0,0,0,0,0,0,0,0
"Zotu3803",0,1,0,0,0,0,0,0,9,0,18,0,0,0,0,0,0,0,1,0,0,0,0,1,0,0,0,0,5,0,0,0,0,0,0,0,0,0,0,0,0,0,0,0,0,0,0,0,0,0,0,0,0,0,0,0,0,0,1,0,0,0
"Zotu2341",0,2,0,0,0,0,8,0,0,14,0,0,0,0,6,0,1,0,1,0,1,0,0,0,0,0,0,0,0,0,0,0,0,0,0,1,1,0,0,0,1,1,0,0,0,0,0,1,0,0,1,2,0,2,0,1,0,0,71,0,1,0
"Zotu1130",0,1,1,0,0,1,2,61,20,14,33,16,0,1,2,1,0,78,9,2,1,2,0,2,0,1,2,1,2,4,1,0,0,0,0,0,0,0,0,0,0,0,0,0,0,0,0,0,0,0,0,0,0,0,0,0,0,0,0,0,0,0
"Zotu1037",0,3,0,1,1,243,2,1,2,10,3,2,2,1,4,7,0,1,3,1,1,1,0,3,0,2,2,3,3,0,1,0,0,0,0,0,0,0,0,0,0,0,0,0,0,0,0,0,0,0,0,0,0,0,0,0,0,0,0,0,0,0
"Zotu3391",0,11,1,0,0,0,0,2,0,2,1,0,0,25,7,0,12,2,0,0,1,0,0,0,0,1,1,0,0,1,0,0,0,0,0,0,0,0,2,0,0,0,0,0,0,0,0,0,0,2,0,1,1,1,0,0,0,0,0,0,0,0
"Zotu6151",0,16,1,2,5,0,0,0,0,0,0,0,0,9,5,0,2,0,0,1,0,0,0,0,2,0,0,0,0,0,0,0,0,0,0,0,0,0,0,0,0,0,0,0,0,0,0,0,0,0,0,0,0,0,0,0,0,0,0,1,0,0
"Zotu979",0,1,0,0,0,1,0,0,28,0,0,1,0,0,9,0,0,1,0,0,0,0,0,0,0,0,0,0,0,0,2,2,1,0,0,1,1,2,0,0,1,0,0,1,0,151,79,0,0,1,1,6,0,0,2,6,0,0,1,1,1,11
"Zotu4405",0,2,0,0,0,0,0,0,0,0,0,0,0,0,0,0,0,0,0,0,0,0,0,46,0,0,0,0,0,0,0,0,0,0,0,0,0,0,0,0,0,0,0,0,0,0,0,0,0,0,0,0,0,0,0,0,0,0,0,0,0,0
"Zotu2193",0,2,1,3,0,0,0,0,3,1,86,0,1,1,4,0,0,0,0,1,0,0,0,0,0,0,0,0,0,1,0,0,0,0,0,0,0,0,0,0,0,0,0,0,0,0,0,0,0,0,0,0,0,0,0,0,0,0,0,0,0,0
"Zotu2974",0,53,0,0,0,0,0,0,0,0,1,0,0,0,19,0,0,1,0,0,0,0,0,0,0,0,0,0,0,0,0,0,0,0,0,0,0,0,0,0,0,0,0,0,0,0,0,0,0,0,0,0,0,0,0,0,0,0,0,0,0,0
"Zotu6059",0,1,0,3,11,0,1,0,0,0,0,0,0,0,0,0,0,0,0,0,0,0,0,0,0,0,0,0,0,0,0,0,0,0,0,0,0,0,0,0,0,0,0,17,0,0,0,0,0,0,1,1,0,0,0,0,0,0,0,0,0,0
"Zotu5550",0,1,0,2,57,0,0,0,0,1,0,1,0,1,0,0,0,0,0,0,0,0,0,0,1,0,2,0,0,0,0,0,1,0,0,0,0,0,0,0,0,0,0,0,0,0,0,0,0,0,0,0,0,0,1,1,17,0,0,0,0,0
"Zotu1588",0,7,13,0,1,2,1,22,0,8,18,16,0,0,6,0,4,2,8,0,1,0,0,0,0,0,0,1,2,13,0,0,0,0,1,1,2,0,0,0,0,1,2,0,0,0,0,0,0,0,0,4,0,2,0,0,0,3,0,48,28,0
"Zotu1386",0,2,4,1,2,4,0,10,0,1,0,1,1,0,3,0,1,3,0,1,100,3,2,2,1,0,2,1,0,2,95,0,0,0,0,0,0,0,0,0,0,0,0,0,0,0,0,0,0,0,0,7,11,0,0,0,0,0,1,2,0,6
"Zotu3935",0,1,0,0,0,0,0,0,0,1,0,0,0,0,2,0,0,0,0,0,0,0,0,0,0,0,0,20,0,0,0,0,0,0,0,1,0,0,5,0,0,0,1,0,0,0,0,18,0,0,0,0,0,0,0,1,15,0,0,3,0,0
"Zotu3212",0,1,0,1,0,0,0,0,26,0,0,0,0,11,1,1,0,0,0,2,0,0,0,0,0,0,1,0,0,0,0,0,0,0,0,0,0,0,0,1,0,0,0,0,0,0,0,0,0,0,0,0,0,0,0,0,0,0,0,0,0,0
"Zotu795",0,11,0,34,42,3,0,1,2,3,40,2,2,1,6,2,188,2,2,5,2,1,3,0,2,0,2,3,3,2,0,0,0,0,0,0,0,0,0,0,0,0,0,0,0,0,0,0,0,0,0,0,0,0,0,0,1,0,0,11,0,10
"Zotu3060",0,26,0,0,1,0,0,0,0,1,1,1,0,0,0,1,4,0,0,0,0,2,1,0,6,0,0,0,32,0,1,0,0,0,0,0,0,0,0,0,0,0,0,0,0,0,0,0,0,0,0,13,0,0,0,0,0,0,0,0,0,0
"Zotu6346",0,1,19,1,10,0,0,0,0,0,0,0,0,0,6,0,0,0,0,0,0,0,1,0,0,0,0,0,0,0,0,0,0,0,0,0,0,0,0,0,0,0,0,0,0,0,0,0,0,0,0,0,0,0,0,0,0,0,0,0,0,0
"Zotu5102",0,1,0,0,0,0,0,0,1,0,0,0,0,0,0,0,0,0,0,51,0,0,0,0,0,0,0,0,1,0,0,0,0,0,0,0,0,0,0,0,0,0,0,0,0,0,0,0,0,0,0,0,0,0,0,0,0,0,0,0,0,0
"Zotu2171",0,4,7,15,5,3,8,0,8,3,0,1,0,0,0,0,22,2,1,2,1,0,0,0,1,0,0,2,0,1,1,0,0,0,0,0,0,0,0,0,0,0,0,0,0,0,0,0,0,0,0,0,0,0,0,0,0,0,14,0,0,0
"Zotu2139",0,1,5,1,1,0,0,0,3,0,0,2,0,0,2,1,0,0,0,0,0,0,0,0,0,0,0,16,15,0,0,0,0,0,0,1,20,0,0,0,0,0,0,0,1,0,24,0,23,0,0,0,2,0,1,0,0,0,0,0,0,1
"Zotu5009",0,2,0,6,19,0,1,1,0,20,0,1,0,0,0,1,3,0,3,0,0,1,0,0,0,1,0,1,0,0,0,0,0,0,1,0,0,0,0,0,0,0,0,13,0,0,0,0,0,0,0,0,0,0,0,0,0,0,0,0,0,1
"Zotu4779",0,10,2,10,0,0,26,0,0,0,0,1,2,0,0,1,7,1,0,2,0,2,2,0,2,0,2,3,0,0,0,0,0,0,0,0,0,0,0,0,0,0,0,0,0,0,0,0,0,0,0,0,0,0,0,0,0,0,0,0,0,0
"Zotu2855",0,1,0,0,0,0,0,0,0,0,0,0,0,0,0,0,2,0,0,0,0,0,0,0,0,0,0,0,0,0,0,0,0,0,1,0,1,1,1,0,0,1,0,0,0,1,0,0,0,0,1,0,0,58,0,0,0,0,0,0,1,0
"Zotu532",0,2,0,2,0,1,11,0,14,18,3,32,1,22,11,0,4,1,0,1,0,0,0,1,143,5,1,2,0,31,0,4,2,3,1,2,4,2,0,15,4,3,2,3,3,2,1,165,1,2,16,25,20,2,0,1,0,0,0,2,13,30
"Zotu862",0,8,15,1,3,2,3,15,16,1,69,10,2,0,30,1,6,3,49,0,3,0,0,0,1,1,0,2,1,4,0,2,0,0,1,0,0,0,0,0,0,1,2,0,0,1,48,0,0,0,0,3,2,7,2,2,0,3,1,46,1,0
"Zotu1812",0,1,1,0,7,0,0,1,8,1,0,0,0,0,9,2,2,48,12,0,1,0,2,0,0,0,0,0,0,1,0,1,0,0,0,0,0,0,1,1,0,0,1,0,0,0,0,0,1,1,1,5,0,0,5,42,8,0,0,0,0,0
"Zotu522",0,26,1,0,1,0,1,1,0,0,54,2,0,0,15,0,2,73,24,1,0,0,0,0,1,1,0,3,0,1,1,2,2,1,0,1,1,3,3,1,0,3,1,3,1,2,2,3,0,1,0,2,37,13,95,234,2,0,1,3,2,1
"Zotu336",0,5,0,0,0,1,1,0,0,0,0,7,0,0,1,0,1,0,15,0,0,0,0,0,0,0,0,0,0,0,11,88,15,9,8,4,5,93,675,2,6,1,4,4,12,6,11,9,4,4,6,15,7,9,5,4,3,9,4,6,8,10
"Zotu2407",0,7,1,0,0,0,0,0,0,0,0,0,0,1,6,0,0,0,0,0,14,4,0,0,0,0,0,0,0,2,0,0,0,0,0,1,0,1,1,0,1,1,0,0,0,0,0,0,0,0,0,6,1,31,0,0,0,0,0,0,0,0
"Zotu6130",0,3,0,0,0,0,0,0,18,0,0,0,0,0,0,0,0,0,0,0,7,1,0,0,0,0,0,1,0,1,0,0,0,0,0,0,0,0,0,0,0,0,0,2,0,0,0,0,0,0,0,0,0,0,0,0,0,0,0,0,0,0
"Zotu4179",0,1,5,0,0,0,0,0,0,0,0,0,0,0,0,0,5,0,1,0,0,0,0,0,0,0,0,0,0,0,0,0,0,1,0,0,0,0,0,1,0,0,0,3,0,0,17,0,0,1,0,0,0,1,0,0,1,0,0,0,1,0
"Zotu6376",0,1,0,0,0,0,0,0,0,22,0,0,0,0,0,3,0,0,0,1,0,0,1,0,0,0,0,0,0,0,0,0,0,0,0,0,0,0,0,0,0,0,0,0,0,0,0,0,0,0,0,0,0,0,0,0,0,0,0,0,0,0
"Zotu2060",0,1,0,1,1,1,1,52,0,0,0,25,0,0,0,0,4,1,0,1,13,1,1,0,0,1,0,3,0,3,0,0,0,0,0,0,1,0,0,0,0,0,0,0,0,0,0,0,0,0,0,3,0,0,0,0,0,1,0,0,1,0
"Zotu4634",0,25,13,0,0,0,0,0,0,0,0,0,0,0,8,0,0,0,0,0,0,0,0,0,0,0,0,0,0,1,0,0,0,0,0,0,0,0,0,0,0,0,0,0,0,0,0,0,0,0,0,0,0,0,0,0,0,0,0,0,0,0
"Zotu1282",0,1,0,1,1,1,1,1,0,0,1,1,0,4,1,1,3,0,1,0,1,2,0,0,0,1,0,49,21,11,2,1,0,1,0,0,48,1,35,41,0,0,1,1,0,2,0,0,1,2,1,2,0,0,1,1,0,1,2,1,1,0
"Zotu1573",0,17,11,2,4,3,0,2,0,0,0,1,0,2,4,0,2,25,4,0,0,1,0,0,1,1,1,0,0,1,4,0,4,3,0,1,0,2,1,2,0,0,0,0,1,0,0,1,1,1,1,3,0,1,2,0,0,0,1,18,47,15
"Zotu5860",0,6,5,0,0,0,0,0,1,0,0,2,0,0,0,1,0,0,0,0,0,0,0,0,0,0,0,1,0,27,0,0,0,0,0,0,0,0,0,0,0,0,0,0,0,0,0,0,0,0,0,0,0,0,0,0,0,0,0,0,0,0
"Zotu1145",0,22,1,2,1,0,1,1,1,2,26,9,1,56,7,4,4,1,0,1,3,1,0,0,0,0,0,0,0,0,2,1,1,0,0,0,2,1,0,1,1,1,0,0,2,0,61,1,2,1,46,0,2,1,1,1,2,0,18,52,26,0
"Zotu5739",0,1,0,0,3,0,0,0,0,0,0,0,0,0,0,1,14,1,0,0,0,0,0,1,0,0,0,0,0,0,0,0,0,0,0,0,0,0,0,0,0,0,0,0,0,0,0,0,0,0,0,0,0,0,0,0,0,0,0,0,0,0
"Zotu712",0,3,66,0,1,0,25,3,0,0,2,140,2,27,13,3,6,1,2,0,17,2,1,0,1,1,0,3,0,3,0,0,0,1,0,1,0,0,0,0,0,0,0,0,4,1,0,1,0,1,0,13,24,0,0,0,0,0,0,0,0,9
"Zotu2162",0,3,1,37,0,1,0,0,0,1,1,0,0,0,3,1,39,1,0,2,0,1,0,2,0,1,0,0,1,0,0,0,0,0,0,0,0,1,1,0,0,0,2,51,0,0,1,1,0,0,0,1,0,0,0,2,0,0,0,0,4,1
"Zotu5650",0,3,0,1,4,0,0,0,0,0,0,0,0,0,0,0,14,0,0,0,0,0,0,0,0,0,0,0,0,1,0,0,0,0,0,0,1,0,0,0,0,0,0,7,0,0,0,0,0,0,0,0,0,0,0,0,0,0,0,0,0,0
"Zotu1731",0,3,1,10,0,0,1,22,0,25,0,15,0,0,1,1,9,0,0,0,0,1,1,0,0,1,0,0,1,1,1,0,0,0,0,1,0,2,0,0,1,1,0,17,1,1,0,0,0,0,0,2,1,22,0,0,0,0,18,5,7,1
"Zotu3191",0,1,0,0,0,0,0,0,1,1,0,0,0,0,0,0,0,0,0,0,29,1,1,0,0,0,0,0,0,0,0,0,0,0,0,0,0,0,0,0,0,0,0,1,0,0,0,0,0,0,0,0,21,0,0,0,0,0,0,0,0,0
"Zotu5930",0,1,0,0,0,0,18,0,0,0,0,0,0,0,1,9,1,2,0,0,0,0,1,0,0,0,0,0,0,1,1,0,0,0,0,0,0,0,0,0,0,0,0,0,0,0,0,0,0,0,0,0,0,0,0,0,0,0,0,0,0,0
"Zotu1817",0,7,5,0,2,0,0,17,5,0,1,0,0,9,6,1,1,11,1,0,8,0,0,0,1,0,0,1,0,8,0,0,1,0,0,0,1,0,1,2,1,0,3,1,1,0,23,0,1,0,0,16,5,13,0,0,0,0,0,1,1,29
"Zotu4882",0,7,9,1,1,0,1,2,18,2,4,3,1,2,21,0,0,2,0,0,1,0,2,0,0,0,1,2,0,1,1,0,0,0,1,1,0,0,0,0,0,0,0,0,1,0,1,0,0,0,1,2,0,2,0,0,0,1,0,0,0,0
"Zotu4268",0,7,0,5,1,0,0,0,14,0,0,0,1,0,4,0,6,0,0,0,6,0,1,0,0,1,0,0,0,3,0,0,0,0,0,0,0,1,0,1,0,0,0,15,0,0,1,0,0,0,0,6,0,0,0,0,4,0,0,0,0,1
"Zotu197",0,6,3,1,0,1,6,36,3,2,0,1,1,20,12,3,5,0,1,0,130,0,1,0,0,2,0,0,2,12,3,300,4,85,4,4,3,57,2,5,5,219,209,0,2,2,4,5,2,5,2,166,4,52,4,4,2,3,0,3,2,13
"Zotu4626",0,10,0,0,0,0,0,0,0,0,0,0,0,1,1,0,0,0,0,0,0,0,0,0,0,0,0,0,0,1,0,0,0,0,0,0,0,0,0,0,0,1,0,0,0,0,0,0,0,0,0,9,0,0,0,0,0,0,1,0,0,0
"Zotu107",0,2,19,0,1,0,0,0,88,1,130,103,0,4,46,0,10,142,352,3,0,6,1,1,0,3,1,0,1,2,1,3,0,1,3,1,0,2,0,0,0,1,1,4,1,1,2,0,2,1,57,1,3,1,4,62,99,272,799,127,7,1
"Zotu6237",0,1,0,0,0,0,0,0,14,0,0,0,2,0,0,0,0,0,0,0,0,0,0,0,0,0,0,0,1,0,0,0,0,0,0,0,0,0,0,0,0,0,0,0,0,0,0,0,0,0,0,0,0,0,0,0,0,0,0,0,0,0
"Zotu936",0,3,1,100,2,1,60,0,2,0,1,2,0,19,4,0,4,0,2,1,1,1,1,1,1,3,1,1,0,1,1,0,1,0,1,1,0,0,0,0,0,2,1,2,0,2,1,1,0,1,1,0,2,4,0,5,0,0,0,19,58,1
"Zotu4133",0,9,0,0,1,0,0,0,7,0,0,0,0,0,6,0,0,2,0,0,1,0,1,0,0,0,0,0,0,0,0,1,0,0,0,0,0,1,0,0,0,0,0,1,0,0,0,0,0,2,19,0,11,1,1,1,0,1,0,0,4,11
"Zotu4298",0,8,3,0,0,0,6,2,8,1,0,4,0,4,7,1,1,0,0,0,6,3,1,5,2,1,0,1,0,7,1,1,0,1,8,0,2,1,3,3,0,22,2,1,5,0,0,2,0,0,3,28,3,19,2,0,0,0,0,0,0,13
"Zotu2573",0,5,0,0,2,0,0,0,0,0,0,0,1,0,1,0,2,43,1,0,1,0,0,0,0,0,0,0,1,0,0,0,1,1,0,1,1,1,0,0,0,0,1,2,0,0,1,1,0,0,1,1,31,8,2,0,1,1,1,0,0,0
"Zotu4479",0,1,1,0,0,0,19,0,0,0,0,0,0,0,1,0,0,0,0,1,2,0,1,0,0,0,0,0,0,0,0,0,0,0,0,0,0,0,0,0,0,0,0,0,0,0,0,0,0,0,0,0,0,0,0,0,0,0,0,0,0,0
"Zotu2125",0,1,0,1,0,0,0,0,0,0,115,2,0,0,0,0,18,0,1,0,0,0,0,0,0,0,0,0,0,1,0,0,0,0,0,0,0,0,0,0,0,0,0,0,0,0,0,0,0,0,0,0,0,0,0,0,0,0,0,0,0,1
"Zotu1239",0,1,0,1,0,1,0,0,0,0,0,0,0,59,12,0,1,0,0,0,55,0,0,3,0,1,0,2,0,9,0,0,0,0,1,0,0,0,1,1,0,0,0,1,0,0,0,1,0,0,2,25,0,36,0,0,0,0,0,0,0,0
"Zotu2979",0,1,0,20,0,0,0,0,0,0,0,0,1,0,0,0,0,0,0,0,0,0,0,0,2,0,0,0,0,0,1,0,0,1,0,0,1,0,0,1,0,0,1,36,0,1,0,0,0,0,1,0,0,0,0,1,0,0,0,0,0,0
"Zotu543",0,3,11,34,34,1,1,1,47,148,2,1,1,40,54,1,102,1,0,1,3,1,1,0,1,3,0,2,1,1,0,0,0,0,0,0,0,0,0,0,0,0,0,2,2,0,0,152,0,0,43,0,0,0,0,0,2,0,0,0,43,0
"Zotu2595",0,1,0,3,0,1,0,1,1,0,0,0,0,0,3,0,4,0,1,0,1,0,0,0,0,1,0,87,0,2,0,0,0,0,0,0,0,0,0,0,0,0,0,0,0,0,0,0,0,0,0,0,0,0,0,0,0,0,0,0,0,0
"Zotu2208",0,22,0,0,0,0,0,0,1,0,0,0,0,40,0,0,2,1,0,0,1,0,0,0,0,0,0,0,0,1,0,0,0,0,1,0,26,28,1,1,0,1,0,1,1,0,0,0,0,0,0,0,0,0,3,0,1,0,0,0,0,0
"Zotu3763",0,1,0,0,0,1,0,0,0,1,1,0,0,0,0,1,1,0,0,0,0,55,0,0,0,1,0,0,0,0,1,0,0,0,0,0,0,0,0,0,0,0,0,0,0,0,0,0,0,0,0,0,0,0,0,0,0,0,0,0,0,0
"Zotu4498",0,1,0,0,1,0,0,0,10,0,0,0,0,0,0,1,0,0,20,0,1,0,0,2,0,0,0,0,1,0,0,0,0,0,0,0,0,0,0,0,0,0,0,0,0,0,0,0,0,0,0,0,0,0,0,0,0,0,0,0,0,0
"Zotu903",0,1,2,1,3,1,1,1,2,3,108,0,1,0,7,0,2,1,207,2,0,1,1,1,0,1,0,1,0,0,0,0,0,0,0,0,0,0,0,0,0,0,0,0,0,0,0,0,0,0,0,0,0,0,0,0,0,0,0,0,0,0
"Zotu4952",0,8,0,0,0,0,0,0,0,0,0,1,0,0,0,0,0,0,0,0,1,0,0,0,0,0,0,0,0,0,0,0,0,0,0,0,0,0,0,0,0,0,1,0,0,0,0,0,1,0,0,0,0,0,0,2,12,0,1,0,1,0
"Zotu771",0,2,0,0,0,0,0,0,0,1,0,1,1,1,2,1,0,0,0,0,1,3,1,0,0,1,0,2,23,16,137,0,1,0,1,2,48,49,43,1,0,0,6,0,1,1,0,1,1,0,0,2,2,0,2,1,1,0,0,0,1,0
"Zotu3969",0,1,0,0,0,0,14,21,1,1,0,0,0,0,1,1,3,0,0,2,1,0,0,0,0,0,0,0,0,2,0,0,0,0,0,0,1,0,0,0,0,0,0,0,0,1,0,0,0,0,0,0,0,0,0,0,0,0,0,0,0,5
"Zotu4139",0,3,0,0,1,0,0,0,0,0,27,0,0,0,0,0,0,0,0,1,0,0,0,0,0,0,0,0,0,0,0,0,0,0,0,0,0,0,0,0,0,0,0,0,0,0,0,0,0,0,0,0,0,0,0,1,0,0,0,0,0,0
"Zotu299",0,2,50,34,1,3,52,0,171,240,17,3,3,4,73,2,176,1,174,0,0,2,1,0,0,2,0,3,1,0,1,1,0,0,0,0,0,0,105,0,2,1,0,7,0,0,1,0,0,0,0,0,0,0,0,0,1,0,0,1,0,0
"Zotu4972",0,6,0,0,0,0,0,0,0,0,0,0,0,0,0,0,0,0,0,0,10,0,0,0,0,0,0,0,0,0,0,1,0,0,0,0,0,0,0,0,2,0,0,0,0,0,0,0,0,1,0,0,0,0,0,1,0,0,0,0,10,18
"Zotu5382",0,12,0,0,0,0,0,0,0,0,0,0,0,0,1,1,0,1,0,0,0,0,0,0,0,0,0,0,0,0,0,0,0,0,0,2,0,0,1,0,0,0,0,0,0,1,1,0,0,0,14,2,0,0,0,0,0,2,0,1,6,3
"Zotu1289",0,2,14,10,5,3,0,0,1,5,0,12,1,2,4,3,57,3,2,1,18,0,0,122,0,2,0,0,0,2,1,0,0,0,0,0,0,0,0,0,0,0,1,13,0,0,0,0,0,0,0,7,0,0,0,0,0,2,0,0,0,5
"Zotu3175",0,1,0,0,1,1,1,0,1,0,1,0,0,1,2,0,2,2,0,0,7,1,0,0,1,0,0,43,0,11,0,2,0,0,0,0,0,0,0,0,0,0,0,0,0,0,0,0,0,0,0,0,0,0,0,0,0,0,0,0,6,0
"Zotu739",0,3,9,4,1,1,1,1,0,0,25,2,0,1,6,1,0,0,2,318,1,0,0,1,2,1,0,0,1,0,1,1,0,0,0,1,0,0,10,2,0,0,0,14,0,0,0,0,1,0,1,0,2,0,2,5,0,0,9,38,0,0
"Zotu5188",0,5,0,0,0,0,1,0,0,0,0,1,0,0,7,0,0,1,0,1,0,0,1,2,0,0,0,1,0,16,0,0,0,0,0,0,0,0,17,0,0,0,0,0,0,0,1,0,0,0,2,1,0,0,0,0,0,1,0,0,3,0
"Zotu1258",0,4,1,0,0,0,1,0,1,0,1,0,0,1,0,0,0,0,0,0,1,219,1,2,0,0,1,0,0,1,0,0,0,0,0,0,0,0,0,0,0,0,0,0,0,0,0,0,0,0,0,0,0,0,0,0,0,0,0,0,0,0
"Zotu2462",0,1,1,2,52,0,1,0,2,0,1,0,1,15,0,0,9,1,0,0,0,0,0,1,0,2,1,0,1,0,2,0,0,0,1,0,0,0,0,0,0,0,0,12,0,1,0,0,0,0,0,0,0,0,0,4,8,0,0,0,1,0
"Zotu1184",0,1,6,3,7,0,0,0,13,0,0,0,0,0,5,1,1,0,0,1,1,1,1,0,0,0,0,0,0,0,1,3,1,2,0,3,0,0,1,0,0,1,2,4,1,0,0,1,0,0,3,1,0,2,16,18,20,1,40,56,0,1
"Zotu5271",0,6,6,1,0,0,0,1,0,0,0,0,0,0,0,0,0,0,0,1,0,0,0,0,0,0,0,0,9,16,0,0,0,0,0,0,0,12,0,8,0,0,0,7,0,1,0,0,0,1,0,0,10,1,0,0,1,0,0,0,0,0
"Zotu1650",0,1,1,5,9,0,1,0,0,0,0,0,0,0,1,0,7,0,1,1,1,0,0,0,0,0,0,0,2,0,0,2,0,0,1,1,1,0,0,1,1,0,1,6,0,0,0,1,0,1,1,0,1,1,5,1,28,84,46,0,23,4
"Zotu520",0,1,0,0,0,0,0,0,0,0,0,0,0,0,0,0,0,0,0,0,0,0,0,0,0,0,0,0,0,0,0,3,0,1,0,0,2,1,3,3,1,2,0,1,1,163,0,1,0,3,0,0,0,0,151,146,72,0,72,3,5,0
"Zotu861",0,7,6,2,7,1,43,57,14,37,3,2,1,18,8,16,6,3,0,1,6,2,0,2,4,1,2,2,9,19,2,2,4,1,1,0,0,1,2,0,1,24,0,6,0,0,0,0,0,0,0,44,1,37,0,0,0,0,9,0,2,20
"Zotu2332",0,2,0,1,0,0,0,0,12,0,42,0,0,0,3,0,0,0,10,0,0,0,3,0,0,1,0,1,0,0,0,0,0,0,0,1,0,2,0,0,0,0,0,0,1,0,0,0,0,0,0,6,1,14,0,1,1,1,0,13,5,0
"Zotu926",0,1,0,19,5,0,13,0,7,1,9,0,0,0,8,1,8,3,5,1,0,1,0,4,0,0,0,0,7,0,0,3,0,1,2,1,2,2,0,1,1,1,0,0,1,0,1,0,1,1,3,0,0,1,32,16,0,63,33,22,12,15
"Zotu5345",0,2,0,0,0,0,0,0,0,0,0,27,0,0,0,1,0,1,0,0,0,0,0,0,0,0,0,0,0,0,0,0,0,0,0,0,0,0,0,0,0,0,0,0,0,0,0,0,0,0,0,0,0,0,0,0,0,0,0,0,0,0
"Zotu1086",0,1,0,1,1,0,3,0,11,0,31,0,1,2,0,0,6,0,0,3,43,0,0,1,0,1,0,0,0,0,1,1,1,2,2,0,0,1,2,1,0,1,1,0,1,0,0,2,0,1,33,43,22,42,0,0,1,0,0,1,0,0
"Zotu6316",0,1,10,0,2,0,0,0,0,0,1,1,2,0,2,0,0,0,0,0,0,0,0,0,0,0,0,0,0,0,0,0,0,0,0,0,0,0,0,0,0,0,0,0,0,0,0,0,0,0,0,0,0,0,0,0,0,0,0,0,0,1
"Zotu655",0,2,2,2,0,2,8,3,0,1,0,0,4,0,5,0,1,0,1,0,208,1,4,1,1,2,2,2,2,2,2,2,1,0,0,1,1,4,0,0,0,0,0,0,191,0,1,0,1,1,2,19,6,5,0,1,0,0,1,2,1,4
"Zotu3141",0,1,0,1,1,0,0,0,0,0,1,0,0,1,0,1,2,0,0,3,1,0,37,0,0,17,0,0,2,1,0,0,0,0,0,0,0,0,13,0,0,0,0,0,0,0,0,0,0,0,0,1,0,0,0,0,1,0,1,0,0,1
"Zotu1279",0,3,8,1,0,0,1,31,0,0,2,1,0,32,1,0,4,0,0,0,14,0,3,1,2,3,0,1,0,2,3,3,1,3,0,1,0,4,3,1,1,1,2,0,0,1,2,1,1,1,3,10,2,14,2,0,0,0,0,0,0,90
"Zotu3664",0,1,0,0,0,0,0,0,0,28,0,0,0,0,0,1,0,0,1,0,0,2,0,0,0,0,1,0,0,0,0,0,0,0,0,0,0,0,0,0,0,0,0,0,0,0,0,0,0,0,0,0,0,0,20,8,0,0,0,0,0,0
"Zotu1763",0,1,2,49,4,0,1,0,0,0,0,18,1,0,3,0,12,0,0,2,0,1,1,0,0,0,0,0,0,0,1,4,0,2,0,2,1,0,0,33,1,1,0,5,1,0,0,1,1,0,0,16,0,1,0,0,0,0,0,0,1,5
"Zotu5375",0,6,0,0,1,0,0,0,1,1,0,0,0,0,1,0,0,0,0,0,0,0,0,0,0,1,0,0,0,0,0,0,0,0,0,0,0,1,1,0,0,0,0,0,0,0,0,1,0,0,14,0,0,19,0,0,0,0,1,0,0,0
"Zotu829",0,4,15,0,2,0,2,1,12,0,0,25,0,34,21,1,2,7,0,1,5,1,1,0,4,0,4,6,0,1,1,0,2,4,1,1,2,1,1,2,2,1,0,3,2,0,1,4,1,2,87,16,33,46,0,1,0,2,0,0,2,9
"Zotu1623",0,2,3,0,1,0,138,2,0,1,1,1,0,1,2,3,0,1,0,4,1,1,2,0,0,0,1,2,1,0,1,0,0,0,0,0,0,0,0,0,0,0,0,3,0,0,0,0,0,0,0,0,0,0,0,0,0,0,0,0,0,0
"Zotu1048",0,2,1,1,1,2,0,1,1,0,2,0,2,3,0,0,1,2,1,0,1,230,0,1,1,1,2,2,2,1,2,0,0,0,0,0,0,0,0,0,0,0,0,0,0,0,0,0,0,0,0,0,0,0,0,0,0,0,0,0,0,0
"Zotu539",0,1,0,1,0,1,4,0,1,0,0,2,0,1,0,2,1,0,0,1,2,192,0,0,0,0,2,0,30,0,2,3,1,2,1,3,0,0,1,34,2,71,205,0,0,0,1,0,2,2,0,2,13,0,1,1,0,0,1,0,2,10
"Zotu1433",0,1,26,5,0,0,2,52,0,0,2,2,2,1,3,1,22,1,0,0,5,0,2,0,0,1,0,0,34,2,0,0,1,1,0,0,0,0,0,0,0,0,0,0,1,0,0,0,0,0,1,14,0,0,0,0,0,0,0,0,0,1
"Zotu886",0,2,11,10,3,2,29,4,0,1,1,4,1,2,5,115,11,3,1,3,2,0,0,0,0,3,0,4,1,1,2,1,1,47,0,0,0,1,0,0,0,0,0,1,0,0,47,2,0,4,16,3,1,0,0,0,1,0,11,1,3,2
"Zotu1706",0,2,7,1,3,0,0,0,0,0,0,2,1,1,1,1,0,0,1,0,4,0,1,0,0,1,75,0,1,2,1,1,0,1,0,0,0,0,3,0,0,0,3,1,0,1,1,0,1,0,0,0,5,0,2,0,1,1,24,14,11,6
"Zotu5027",0,7,0,0,0,0,0,0,0,0,0,0,1,0,5,0,0,0,0,0,0,0,0,0,0,0,0,0,0,0,0,0,1,0,0,0,0,0,0,0,0,0,0,0,0,0,0,0,0,0,0,2,1,0,0,0,0,0,0,0,0,0
"Zotu5785",0,1,1,0,7,0,0,2,0,0,0,0,0,1,3,0,15,0,0,0,13,0,1,0,0,0,0,0,0,1,0,0,0,0,0,0,0,0,0,0,0,0,0,0,0,0,0,0,0,0,0,0,0,0,0,0,0,0,0,0,0,0
"Zotu3546",0,1,0,1,2,0,0,0,0,0,0,0,0,0,0,0,0,0,0,0,0,0,2,0,0,0,0,0,0,0,0,2,0,0,2,1,0,1,1,0,1,3,0,2,0,0,1,1,0,0,1,1,1,1,3,1,14,1,10,28,16,0
"Zotu638",0,1,1,2,1,0,73,0,1,1,2,1,0,1,6,0,16,1,0,2,3,0,1,0,0,1,0,0,0,122,1,2,1,1,1,0,2,2,2,2,0,0,0,3,1,1,1,2,0,0,0,101,19,19,1,1,0,0,0,0,0,97
"Zotu3607",0,4,0,0,0,0,35,0,0,0,0,0,1,0,4,1,0,0,0,0,1,0,0,0,0,0,0,1,0,1,1,0,0,0,0,0,0,0,0,0,0,0,0,0,0,0,0,0,0,0,0,0,0,0,0,0,0,0,0,0,0,0
"Zotu3255",0,1,0,4,6,1,33,0,1,1,1,0,0,0,0,1,5,0,0,0,0,0,0,0,0,0,0,0,0,1,1,0,0,0,0,0,0,0,0,0,0,0,0,0,0,0,0,0,0,0,0,0,0,0,0,0,0,0,0,0,0,0
"Zotu2681",0,2,1,53,23,0,0,0,1,1,0,0,0,1,0,0,0,1,0,0,0,0,1,0,0,0,0,2,1,1,0,0,0,0,0,0,0,0,0,0,0,0,0,0,0,0,0,0,0,0,0,0,0,0,0,0,0,0,0,0,0,0
"Zotu898",0,1,6,11,0,0,0,1,1,0,1,1,0,1,8,0,0,1,0,1,0,0,1,0,0,0,0,0,0,0,0,0,2,0,5,1,1,1,1,2,2,3,2,5,2,1,2,1,1,0,0,2,1,35,7,36,2,96,103,1,2,11
"Zotu412",0,1,0,0,2,0,0,1,0,1,0,1,0,8,3,0,2,3,0,0,0,1,0,2,3,1,0,0,10,3,196,2,3,60,5,4,140,81,21,109,140,22,2,3,4,4,2,2,0,0,0,6,3,5,3,1,0,1,3,1,3,3
"Zotu1198",0,3,1,7,22,1,1,0,4,29,0,1,0,0,0,0,5,0,17,1,0,1,0,0,0,0,1,0,0,1,2,0,0,0,1,0,2,0,1,0,0,0,0,3,0,0,1,0,2,1,0,0,0,1,8,10,20,78,1,6,0,0
"Zotu444",0,1,0,0,0,0,11,0,1,0,0,0,0,0,0,0,0,0,0,0,0,0,0,0,4,0,0,0,2,0,0,2,2,68,271,2,2,3,3,1,2,3,7,0,86,2,2,5,1,2,69,23,2,33,0,1,2,3,0,1,2,91
"Zotu2088",0,1,7,70,0,1,2,2,1,1,0,2,2,3,0,0,3,2,1,0,0,0,0,0,1,1,1,0,0,0,0,0,2,0,0,0,0,0,1,0,0,0,0,0,1,0,0,2,1,0,0,1,1,1,0,0,0,0,0,0,0,0
"Zotu2390",0,1,0,0,0,0,1,0,0,0,0,0,0,0,0,0,0,0,0,0,1,0,0,0,0,1,1,23,0,0,1,1,0,20,1,0,9,38,1,1,0,5,0,0,0,1,0,0,0,0,0,0,0,0,1,0,0,0,0,0,0,0
"Zotu380",0,1,19,1,0,1,0,1,35,1,13,0,0,2,3,0,0,0,24,4,0,2,0,0,1,2,0,2,1,0,0,1,4,1,1,1,0,1,3,1,0,0,2,0,4,44,89,37,206,258,26,2,0,4,2,5,11,1,2,2,2,2
"Zotu126",0,6,17,13,3,2,10,1,98,5,39,1,10,64,34,1,14,101,102,4,21,6,2,1,3,4,0,4,2,31,4,9,343,10,4,4,34,8,3,64,15,137,8,8,7,152,63,8,324,4,78,35,149,116,4,17,44,5,0,34,49,65
"Zotu4612",0,1,35,2,1,0,0,0,1,1,0,0,0,0,0,0,1,0,0,0,4,0,0,0,0,2,0,0,0,0,0,0,0,0,0,0,0,0,0,0,0,0,0,0,0,0,0,0,0,0,0,0,0,0,0,0,0,0,0,0,0,0
"Zotu4724",0,2,0,1,0,0,0,1,7,0,0,0,0,0,0,1,0,0,0,0,0,0,0,1,0,0,34,0,0,0,0,0,1,0,0,0,0,0,2,0,0,40,0,0,1,0,0,0,1,0,0,2,0,0,0,0,0,0,0,0,3,0
"Zotu2197",0,1,2,0,0,0,0,84,27,0,1,1,0,0,0,1,0,0,1,0,0,2,1,1,0,0,0,0,0,0,0,0,0,0,0,0,0,0,1,0,0,0,0,0,0,1,0,0,0,0,0,0,0,0,6,0,0,0,0,0,0,0
"Zotu667",0,1,1,0,2,1,0,2,74,14,49,13,3,0,4,0,2,0,1,0,1,1,0,3,0,1,2,33,1,1,0,2,1,0,61,2,19,0,0,0,0,0,0,2,0,6,4,0,34,0,44,2,0,1,1,0,2,0,0,1,1,1
"Zotu4754",0,1,0,6,1,0,0,0,0,0,0,0,0,19,3,0,3,1,0,0,0,0,0,0,0,1,1,0,1,0,0,0,0,0,0,0,0,0,0,0,0,0,0,0,0,0,0,0,0,0,0,0,0,0,0,0,0,0,0,0,0,0
"Zotu4685",0,4,0,0,1,0,0,0,0,1,11,0,0,0,5,1,1,0,0,2,0,0,0,0,0,1,0,0,0,0,1,0,0,0,0,0,0,0,0,0,0,0,0,0,1,0,1,1,1,0,0,1,10,16,0,0,0,0,0,0,2,0
"Zotu3095",0,1,0,10,0,1,0,0,1,0,0,1,0,0,5,0,13,0,16,0,0,0,0,0,0,0,1,0,0,1,1,0,0,0,0,1,0,1,0,0,0,0,0,9,0,0,1,0,0,0,0,10,0,14,0,0,0,0,0,1,0,0
"Zotu740",0,1,0,19,0,1,264,3,14,17,1,4,2,1,14,2,3,3,1,4,2,1,3,0,0,2,4,2,2,0,4,3,1,0,0,0,0,0,1,0,2,0,2,0,0,0,0,0,0,0,1,1,0,0,0,0,0,1,0,0,0,54
"Zotu3189",0,4,0,1,3,0,0,0,0,7,0,0,0,1,3,0,0,0,2,1,0,0,0,0,0,0,0,0,0,0,0,1,0,0,0,0,0,1,0,1,0,0,0,0,0,0,0,0,0,0,18,0,0,0,0,7,14,0,0,0,1,1
"Zotu1985",0,4,1,1,2,0,110,0,0,1,0,1,2,0,1,1,0,0,0,0,2,3,0,0,0,0,2,0,0,1,0,0,0,0,0,0,0,0,0,0,0,0,0,0,0,0,0,0,0,0,0,0,0,0,0,0,0,0,0,0,0,0
"Zotu1365",0,3,1,1,3,1,0,0,0,0,3,1,0,0,0,0,0,1,0,0,0,0,0,1,0,2,0,117,0,0,0,0,0,0,0,1,0,1,0,0,0,0,0,0,1,0,0,0,0,0,1,0,0,1,0,0,0,58,1,0,0,1
"Zotu3946",0,1,0,0,0,0,40,0,0,0,0,0,0,0,1,0,5,0,0,0,0,0,0,0,1,0,0,0,0,0,1,0,0,0,0,0,0,0,0,0,0,0,0,0,0,0,0,0,0,0,0,0,0,0,0,0,0,0,0,0,0,0
"Zotu5503",0,1,4,5,14,0,0,0,11,0,0,1,0,0,1,0,10,0,0,1,1,0,0,0,0,0,3,0,1,1,0,0,0,0,0,0,0,1,0,0,0,0,1,7,0,0,0,0,0,0,0,0,0,0,0,0,0,1,0,0,0,0
"Zotu4758",0,2,16,0,0,0,0,14,0,0,0,0,0,0,0,0,1,0,0,0,0,27,0,1,0,0,0,0,0,1,0,0,0,0,0,0,0,0,0,0,0,0,0,0,0,0,0,0,0,0,0,2,0,0,0,0,8,0,0,0,0,0
"Zotu2556",0,1,0,0,0,0,0,0,0,0,0,0,0,0,0,0,0,0,0,0,0,0,0,0,1,0,0,0,0,0,62,0,0,0,0,0,0,0,0,0,0,0,0,0,0,0,0,0,0,0,0,3,0,0,4,0,1,0,0,0,3,1
"Zotu1674",0,1,0,1,0,3,0,1,9,5,7,0,0,7,19,0,28,0,4,0,1,0,0,0,1,0,0,0,1,0,1,1,0,0,1,0,0,0,1,0,1,0,1,0,0,2,0,2,1,0,13,3,0,0,1,0,0,0,16,43,16,0
"Zotu1742",0,1,0,1,0,0,0,0,0,0,0,2,0,0,0,0,0,1,0,0,0,0,0,0,1,0,159,0,0,0,0,0,0,0,0,0,0,0,0,0,0,0,0,0,0,0,0,0,0,0,0,0,0,0,0,0,0,0,0,0,0,0
"Zotu5701",0,1,0,1,0,0,0,0,0,0,0,16,0,0,0,0,0,0,0,1,1,0,0,0,0,0,0,0,1,0,0,0,0,0,0,0,0,0,0,0,0,0,0,0,0,0,0,0,0,0,0,0,0,0,0,0,0,0,0,0,0,0
"Zotu1514",0,2,0,0,1,0,0,1,0,2,1,0,0,0,2,0,0,2,40,1,0,0,0,0,0,1,0,0,50,0,2,1,1,1,0,0,1,2,0,0,0,0,0,1,0,2,1,1,0,0,1,0,1,2,1,0,0,0,0,54,5,2
"Zotu3718",0,13,5,0,0,0,0,0,0,0,33,0,0,1,0,1,0,0,16,0,0,0,0,0,0,3,2,0,2,0,1,0,0,0,0,0,0,0,0,0,0,0,0,0,0,0,0,0,0,0,1,0,0,0,2,0,0,0,0,4,0,0
"Zotu1519",0,1,0,0,2,1,1,23,26,0,0,26,0,1,9,1,4,1,1,0,0,0,0,0,0,1,0,1,0,2,1,0,0,0,0,0,0,0,0,0,0,0,0,0,1,0,32,0,0,0,0,0,0,0,0,0,0,1,0,0,4,0
"Zotu441",0,1,12,0,21,0,0,0,0,1,1,0,0,0,6,0,6,3,10,0,1,0,0,1,0,0,1,0,4,0,1,5,2,5,2,6,2,5,5,3,3,4,1,4,5,4,2,2,57,2,45,4,5,2,26,76,39,99,43,57,155,5
"Zotu249",0,3,0,12,3,7,2,2,14,1,2,1,4,15,1,1,38,1,2,3,1,305,0,0,1,1,2,33,16,20,2,2,143,64,72,0,41,23,21,45,3,19,146,10,3,4,2,1,2,4,2,11,3,9,0,0,1,1,1,0,3,14
"Zotu4447",0,1,0,0,0,0,0,0,0,0,0,0,0,0,0,0,0,0,0,0,0,0,0,0,0,0,0,0,32,0,0,0,0,0,0,0,0,0,0,0,0,0,0,0,0,0,0,0,0,0,0,0,0,0,0,0,0,0,0,0,0,0
"Zotu4451",0,2,0,25,7,0,0,0,0,0,0,0,0,2,13,0,14,1,0,0,0,1,0,0,0,0,0,0,1,1,2,0,0,0,0,1,0,0,1,1,0,0,0,21,1,1,0,0,0,0,0,0,0,0,0,0,0,0,0,0,0,0
"Zotu1111",0,3,9,49,22,3,1,14,1,1,31,1,1,0,2,0,4,2,0,1,0,1,1,0,1,0,0,2,2,0,0,1,1,0,0,0,1,0,0,0,0,3,43,30,0,0,0,0,1,0,0,4,0,1,4,0,0,1,0,1,8,1
"Zotu3931",0,3,0,1,0,0,0,0,13,10,0,0,0,0,0,0,0,0,0,1,0,0,0,0,2,0,0,0,1,0,0,0,0,0,0,0,0,0,0,2,0,2,0,1,0,0,1,1,0,0,22,1,0,0,0,0,0,1,0,1,7,0
"Zotu5995",0,1,0,0,0,1,14,0,0,0,0,0,2,0,0,0,0,0,0,0,0,0,0,0,0,0,0,0,0,0,0,0,0,0,0,0,0,0,0,0,0,0,0,0,0,0,0,0,0,0,0,0,0,0,0,0,0,0,0,0,0,0
"Zotu2131",0,1,0,0,0,2,1,1,0,0,0,2,1,1,3,1,1,0,0,0,1,0,0,0,81,0,0,2,2,14,0,0,0,1,0,0,0,0,0,0,0,0,0,0,0,0,0,0,0,0,0,0,0,0,0,0,0,0,0,0,0,0
"Zotu3099",0,6,0,0,0,0,0,0,0,0,0,0,0,0,0,0,0,0,0,0,0,0,0,0,0,0,0,0,0,0,0,1,1,1,0,2,0,0,1,0,0,2,0,0,2,59,0,0,0,0,0,0,1,1,0,0,1,0,1,0,10,2
"Zotu1001",0,1,0,0,8,1,0,0,4,0,1,0,0,0,0,0,5,1,0,0,0,0,1,0,2,0,2,0,1,1,0,0,0,52,1,3,39,5,2,37,1,83,2,8,2,1,1,0,0,1,1,1,10,3,1,1,11,0,1,13,22,0
"Zotu2173",0,1,1,11,1,0,1,2,0,0,0,0,1,0,1,0,5,0,0,0,73,2,1,0,0,1,0,1,0,1,2,0,0,0,0,0,0,0,0,0,0,1,0,0,0,0,0,0,0,0,1,11,0,0,0,0,0,0,0,0,0,0
"Zotu4456",0,1,1,0,0,1,0,0,26,1,0,0,0,0,2,0,1,0,30,2,0,0,0,0,0,0,0,0,0,0,0,0,0,0,0,0,0,0,0,0,0,0,0,0,0,0,0,0,0,0,0,0,0,0,0,0,0,0,0,0,0,0
"Zotu1003",0,9,1,0,0,0,0,0,18,0,0,0,0,0,0,0,0,0,0,0,0,0,0,0,0,0,0,0,0,0,1,3,0,0,0,0,3,3,3,1,1,1,2,1,1,0,3,0,92,3,131,4,0,3,0,1,0,1,1,1,3,21
"Zotu2991",0,1,0,0,0,0,0,0,0,0,0,0,0,0,5,0,4,0,0,0,0,0,0,0,0,0,0,0,0,0,0,1,0,2,1,0,0,0,0,37,0,6,0,0,0,0,0,0,0,0,0,2,0,1,0,0,1,0,0,0,0,1
"Zotu1063",0,1,1,1,1,0,0,3,11,1,0,0,1,28,2,1,0,1,1,1,33,0,3,0,0,0,1,2,0,15,0,0,0,1,1,0,0,0,1,2,0,1,1,0,101,0,0,1,0,0,0,9,0,5,0,2,0,1,0,1,0,13
"Zotu3035",0,4,4,8,17,1,0,1,2,0,2,0,0,0,0,0,3,1,2,0,2,0,1,0,0,0,0,0,2,1,0,0,0,0,0,0,0,0,1,0,1,1,0,12,30,0,0,1,1,0,2,0,2,0,3,4,1,9,18,0,6,2
"Zotu2903",0,1,0,0,0,0,1,43,0,0,0,0,0,22,2,0,1,0,1,0,1,0,1,0,0,1,0,1,1,1,0,0,0,0,0,0,0,0,0,0,0,0,0,0,0,0,0,0,0,0,0,0,0,0,0,0,0,0,0,0,0,0
"Zotu3927",0,3,0,0,0,0,1,2,0,0,1,0,1,0,0,2,4,1,0,0,22,0,0,1,1,32,0,0,0,0,1,0,0,1,0,0,1,0,0,0,0,1,0,0,0,0,0,0,1,0,0,0,0,0,0,0,0,0,0,0,2,0
"Zotu1174",0,2,3,0,0,1,0,0,14,0,26,1,0,1,7,0,0,0,6,0,0,0,1,0,0,1,1,0,0,0,1,2,1,2,1,2,0,0,3,0,2,2,1,1,1,1,0,1,2,1,1,7,34,1,20,33,49,0,17,15,2,2
"Zotu3203",0,1,0,13,11,0,1,0,1,0,1,1,0,1,0,0,21,0,0,0,1,0,0,0,0,0,0,0,0,0,0,0,1,0,0,0,0,0,0,0,1,0,0,18,0,1,0,0,0,0,1,0,0,0,0,0,0,0,0,0,0,0
"Zotu2917",0,2,32,0,0,0,0,1,0,1,3,0,1,0,8,0,2,0,0,0,0,0,0,0,0,0,0,0,0,16,0,1,0,0,0,0,0,0,1,0,0,0,0,0,0,0,0,0,0,0,0,17,0,0,0,0,0,0,0,0,0,0
"Zotu2702",0,2,1,0,0,0,0,1,1,0,20,1,0,0,1,1,0,0,0,0,0,0,0,0,0,1,0,0,0,1,0,0,0,0,1,0,0,0,0,0,0,43,0,12,0,0,0,0,0,0,0,0,0,0,1,3,1,0,0,0,0,0
"Zotu1435",0,1,1,0,0,1,0,0,0,0,0,1,0,0,0,1,0,1,0,0,0,0,0,0,165,0,0,1,0,0,0,0,0,0,0,0,0,0,0,0,0,0,0,0,0,0,0,0,0,0,0,0,0,0,0,0,0,0,0,0,0,0
"Zotu4452",0,1,0,0,0,1,0,0,0,0,0,0,0,0,0,0,0,0,0,0,0,0,0,0,0,0,0,0,0,21,1,0,0,0,0,0,0,0,12,0,1,0,0,0,1,0,0,0,0,0,0,0,0,1,0,1,0,0,0,0,0,0
"Zotu6404",0,1,0,0,0,0,21,1,0,0,0,0,0,0,0,0,0,0,0,0,0,0,0,0,0,0,0,0,0,0,0,0,0,0,0,0,0,0,0,0,0,0,0,0,0,0,0,0,0,0,0,0,0,0,0,0,0,0,0,0,0,0
"Zotu5866",0,1,0,0,4,0,0,0,0,0,0,0,0,0,0,0,0,0,0,0,0,0,0,0,0,0,0,0,0,1,0,0,0,0,0,0,0,0,0,0,0,0,0,1,0,0,0,0,0,0,0,0,0,0,8,16,0,0,0,0,1,0
"Zotu1871",0,1,1,0,1,0,1,0,0,0,0,0,0,0,3,0,1,0,0,0,12,0,0,0,0,1,0,0,0,0,0,0,1,0,1,1,1,0,0,0,140,1,0,4,0,0,0,0,0,1,0,0,0,0,1,0,0,0,0,0,0,1
"Zotu3463",0,1,1,1,0,1,0,0,0,0,0,0,0,0,0,0,1,2,1,1,1,0,0,0,0,1,48,0,0,10,0,1,0,0,0,0,0,0,0,0,0,0,0,0,0,0,0,0,0,0,0,7,0,0,0,0,1,0,0,0,0,0
"Zotu523",0,1,9,0,4,0,2,3,17,1,97,1,0,1,16,2,1,0,35,4,0,0,0,0,2,0,0,2,10,0,2,1,3,1,0,4,1,1,0,0,1,1,3,1,1,0,2,3,1,1,1,2,1,0,35,46,20,127,53,29,1,0
"Zotu3400",0,1,7,3,3,0,0,0,1,0,0,0,0,0,3,0,0,2,0,0,0,0,0,0,0,0,0,0,0,0,0,0,1,0,0,0,1,0,0,0,0,1,0,0,0,0,0,0,1,0,1,1,0,2,0,5,0,0,36,0,0,4
"Zotu2763",0,1,2,21,47,1,0,0,0,1,0,4,0,0,2,1,7,0,1,1,0,0,1,0,0,0,0,2,0,0,0,0,0,0,0,0,0,0,0,0,0,1,0,26,0,0,0,0,1,0,0,1,0,0,4,0,0,0,0,0,2,1
"Zotu4760",0,1,0,0,0,0,0,0,0,0,0,0,1,0,0,0,0,0,1,0,0,0,0,0,0,0,0,0,43,1,0,0,0,0,0,0,0,0,0,1,0,0,0,0,0,0,0,0,0,0,0,0,0,0,0,9,0,0,0,0,0,0
"Zotu1334",0,3,36,0,1,0,0,2,4,22,9,26,1,0,2,1,1,0,16,0,1,0,2,1,0,0,0,1,2,0,1,0,1,0,1,0,0,1,0,0,1,0,1,0,0,0,0,13,0,0,0,13,0,1,1,4,0,1,0,34,1,0
"Zotu1460",0,2,1,1,1,0,1,1,0,1,0,0,158,3,2,0,2,0,0,1,1,0,1,0,1,0,0,1,1,1,1,0,0,0,0,0,0,0,0,0,0,0,0,0,0,0,0,0,0,0,0,0,0,0,0,0,0,0,0,0,0,0
"Zotu1760",0,4,1,3,6,0,0,1,1,0,0,0,0,0,0,0,0,1,0,109,2,1,0,1,0,0,0,0,1,0,0,0,0,0,0,0,0,0,0,0,0,0,0,0,0,0,0,0,0,0,0,0,0,0,0,0,0,0,0,0,0,0
"Zotu1859",0,4,0,1,0,0,0,35,2,4,2,13,0,20,5,0,5,1,0,1,1,1,1,0,0,2,2,0,1,3,1,3,1,1,1,1,1,1,1,1,0,3,1,0,0,0,2,1,0,0,0,3,26,2,0,0,0,0,0,0,14,1
"Zotu2816",0,1,0,1,3,0,0,0,1,0,0,0,0,0,0,0,3,0,0,0,0,0,1,0,0,0,0,0,0,10,0,1,0,1,1,19,0,21,0,1,0,11,0,24,0,1,0,0,0,1,1,0,0,0,0,0,1,0,0,0,2,0
"Zotu612",0,2,1,1,1,0,241,1,2,20,0,39,2,44,2,3,0,1,11,1,1,1,3,4,3,1,0,0,0,0,2,1,0,0,0,0,0,0,0,0,1,0,0,4,1,0,1,0,0,0,13,1,1,0,0,1,0,0,0,56,23,1
"Zotu4934",0,1,1,0,0,0,0,0,0,0,0,0,0,0,0,1,14,0,0,2,0,1,0,0,0,0,0,0,0,0,0,0,0,0,0,0,0,0,0,0,0,0,0,0,0,0,1,0,0,0,0,7,0,0,0,0,0,0,0,0,0,0
"Zotu3152",0,1,1,0,1,0,16,0,1,9,0,0,0,7,0,0,0,0,0,0,0,0,0,0,1,1,0,1,0,0,0,0,1,45,0,0,0,0,0,1,0,0,1,0,0,0,0,0,1,0,0,5,1,0,0,0,1,0,0,0,0,2
"Zotu4216",0,1,0,0,3,1,0,0,0,0,0,0,0,0,0,0,0,0,34,1,0,0,0,0,0,0,0,1,0,0,0,0,0,0,0,0,0,0,0,0,0,0,0,0,0,0,0,0,0,0,0,0,0,0,1,0,0,0,0,0,0,0
"Zotu5774",0,1,0,4,23,0,0,0,0,0,0,0,0,0,0,0,0,0,1,1,0,0,0,0,0,0,0,0,0,0,0,0,0,0,0,0,0,0,0,0,0,0,0,0,0,0,0,0,0,0,0,0,0,0,0,0,0,0,0,0,0,0
"Zotu3451",0,1,12,6,3,1,1,0,8,20,0,0,0,0,2,0,8,1,5,0,0,0,1,0,0,1,1,0,1,6,0,0,0,7,1,2,1,0,0,0,0,0,0,1,3,0,1,0,0,2,0,12,5,0,0,0,1,0,18,5,0,8
"Zotu717",0,1,3,0,0,1,1,0,0,0,4,14,0,0,6,0,1,0,19,0,1,0,0,1,0,1,0,0,0,0,0,1,1,3,2,5,1,2,0,0,2,0,0,3,4,1,3,3,1,2,2,4,12,0,19,94,154,63,4,5,10,3
"Zotu547",0,1,0,1,6,0,0,0,2,1,25,0,0,0,1,0,5,0,0,0,0,1,0,0,0,0,4,0,14,10,0,3,4,2,5,1,19,25,34,44,3,43,2,3,2,68,47,2,3,1,29,9,24,40,0,15,3,0,4,22,9,0
"Zotu5031",0,1,0,6,24,0,0,1,9,8,1,5,0,3,3,0,2,1,8,2,0,0,2,2,0,0,0,0,0,1,1,0,0,0,0,0,0,0,0,0,0,0,0,0,0,0,0,0,0,0,0,1,0,0,0,0,0,0,0,0,0,0
"Zotu1307",0,12,0,1,0,0,0,0,1,1,46,0,1,0,3,1,1,0,34,0,0,0,0,0,1,0,0,2,0,0,1,0,0,1,0,0,0,0,0,0,0,0,0,0,0,47,0,0,0,0,0,0,0,0,1,0,0,1,0,0,1,0
"Zotu5247",0,1,0,0,1,0,2,0,0,0,0,0,0,0,0,0,0,0,0,0,3,0,0,0,0,0,0,0,0,0,14,0,0,0,0,0,0,0,0,0,0,0,0,0,0,0,1,0,0,0,0,0,0,0,0,0,0,0,0,0,0,0
"Zotu629",0,1,3,23,14,312,3,3,13,93,5,4,3,4,9,30,6,9,6,3,0,0,5,4,4,1,3,3,7,4,0,0,1,0,0,0,3,1,0,0,0,6,0,44,1,0,1,0,0,0,0,0,0,0,1,0,0,0,0,1,0,0
"Zotu1107",0,1,0,0,3,0,4,1,0,4,1,0,1,0,0,0,1,1,0,0,1,30,0,132,0,1,0,5,3,7,1,0,0,0,0,0,0,0,0,0,0,0,0,0,0,0,0,0,0,0,0,0,0,0,0,0,0,0,0,0,0,0
"Zotu5111",0,1,2,5,6,0,0,1,2,1,0,2,0,2,3,1,19,0,1,2,25,0,0,0,2,0,2,0,0,1,1,0,0,0,0,0,0,0,0,0,0,0,0,2,0,0,0,0,0,0,1,1,0,0,0,0,0,0,0,2,1,0
"Zotu2862",0,1,0,0,4,1,0,0,0,0,0,0,0,0,0,0,0,57,0,1,0,0,0,1,0,0,0,0,0,0,0,0,0,0,0,0,0,0,0,0,0,0,0,0,0,0,0,0,0,0,0,0,0,0,0,0,0,0,0,0,0,0
"Zotu6368",0,1,0,0,0,0,0,0,0,0,0,0,0,0,0,0,0,0,0,0,0,0,0,0,0,0,0,16,0,0,0,0,0,0,0,0,0,0,0,0,0,0,0,0,0,0,0,0,0,0,0,0,0,0,0,0,0,0,0,0,0,0
"Zotu1925",0,1,0,13,22,0,0,2,0,0,1,1,1,2,1,1,24,0,0,1,0,0,1,0,0,1,0,0,0,1,1,0,0,0,0,0,0,0,0,0,0,0,0,0,48,1,0,0,0,0,1,0,0,0,0,1,0,0,0,1,0,1
"Zotu253",0,3,1,6,2,2,248,1,2,1,1,0,3,3,18,2,5,3,0,0,45,2,1,0,0,4,6,1,2,3,3,4,13,4,4,6,4,6,3,8,9,1,2,2,3,3,5,3,3,6,98,111,248,145,4,2,3,1,3,1,5,220
"Zotu4966",0,1,1,0,6,1,0,0,0,0,1,0,0,0,2,0,0,1,1,0,34,0,0,0,0,0,0,0,1,1,0,0,0,0,0,0,0,0,0,0,1,1,0,1,0,0,0,0,0,0,0,1,0,0,0,0,0,0,0,0,0,0
"Zotu2666",0,1,18,1,0,1,0,0,2,0,0,1,0,0,5,0,0,0,29,0,0,1,0,0,0,0,0,0,0,0,0,0,0,0,0,0,0,0,0,0,0,0,0,0,0,0,0,0,0,0,0,0,0,0,0,0,12,1,0,0,0,0
"Zotu2564",0,1,0,3,0,0,40,1,1,0,0,1,0,0,0,7,9,1,0,0,1,0,0,0,3,1,0,0,1,1,0,0,0,0,0,0,0,1,0,0,0,0,1,0,0,0,0,0,0,0,0,1,0,0,0,0,0,0,0,3,0,1
"Zotu345",0,1,12,0,0,3,1,1,1,0,57,0,1,0,18,0,0,0,0,0,0,1,0,304,2,0,0,115,81,0,0,1,0,112,3,1,12,49,74,114,0,4,1,3,3,1,2,23,0,2,1,3,71,3,6,23,0,0,1,2,2,2
"Zotu702",0,2,1,9,0,0,0,0,0,0,0,0,0,2,18,1,0,56,0,0,0,1,0,0,0,0,1,0,0,0,0,2,0,1,0,3,2,1,1,1,2,0,2,0,280,0,2,1,2,4,0,42,1,1,1,0,2,0,1,1,0,0
"Zotu3836",0,1,0,0,0,0,0,0,0,1,1,0,0,0,0,0,0,0,1,0,0,0,0,0,2,0,0,48,0,0,0,0,0,0,0,0,0,0,0,0,0,0,0,0,0,0,0,0,0,0,0,0,0,0,0,0,0,0,0,0,0,0
"Zotu3501",0,1,1,0,0,0,23,0,1,1,0,1,0,0,0,0,4,0,0,0,0,0,0,0,0,13,0,0,0,0,0,0,0,0,0,0,0,0,0,0,0,0,0,1,0,0,0,0,0,0,0,0,0,0,0,0,0,0,0,0,0,0
"Zotu4417",0,1,0,2,0,0,0,1,0,0,0,1,0,0,3,0,1,1,0,0,0,0,1,0,0,0,0,0,0,0,0,0,0,1,0,0,0,0,0,0,0,0,0,0,0,0,0,0,0,1,0,0,0,21,1,0,0,0,0,0,0,4
"Zotu1983",0,2,0,3,10,1,0,0,0,0,1,0,0,1,0,0,0,1,4,0,1,0,0,0,1,1,117,0,0,0,1,0,0,0,0,0,0,0,0,0,0,0,1,10,0,0,0,0,0,0,0,0,0,1,0,0,0,0,0,0,0,0
"Zotu1119",0,1,0,1,0,1,0,46,0,0,0,0,2,0,0,1,1,1,0,2,3,0,0,0,1,0,0,1,0,0,0,1,2,0,0,0,1,1,0,2,0,0,0,3,153,0,1,1,2,3,1,24,1,0,0,2,2,2,0,1,0,14
"Zotu1070",0,2,0,0,0,0,0,0,31,0,0,1,0,0,2,0,0,43,0,1,0,0,0,90,0,0,0,0,0,0,0,1,0,0,0,1,0,0,0,0,0,50,0,1,0,1,0,2,0,1,0,4,0,1,63,31,0,0,106,3,0,0
"Zotu1170",0,1,3,54,47,1,3,0,1,1,2,2,0,1,2,2,36,0,11,0,1,1,0,1,5,2,0,0,2,0,2,1,2,0,0,3,1,1,2,0,0,1,0,152,1,1,0,0,0,1,1,0,0,0,0,1,0,0,1,1,0,1
"Zotu3680",0,1,0,0,3,0,0,0,45,0,0,0,0,0,19,0,1,0,0,0,0,0,1,0,0,0,2,0,0,0,0,0,0,0,0,0,0,0,0,0,0,0,0,3,0,0,0,0,0,1,0,0,0,0,26,0,1,1,0,0,0,0
"Zotu3804",0,1,0,0,0,0,0,0,0,0,0,0,0,0,0,0,0,0,0,0,0,0,0,0,0,0,0,0,0,0,0,0,0,0,1,0,0,0,0,0,1,0,0,13,0,0,0,0,0,0,2,0,0,0,0,0,0,0,40,0,0,0
"Zotu3023",0,1,0,6,0,0,1,0,0,9,0,0,0,1,3,4,9,1,1,0,0,0,0,0,0,2,0,0,0,0,0,0,0,0,1,0,0,1,0,0,0,0,0,0,0,0,0,0,0,0,0,9,0,35,0,2,0,0,0,1,0,1
"Zotu1941",0,1,0,2,0,1,0,0,1,0,0,0,0,0,2,0,0,0,0,0,0,0,0,0,0,1,1,0,0,51,0,1,0,4,0,0,0,0,0,2,1,0,1,1,1,0,1,0,0,0,0,3,130,26,0,0,0,2,0,2,0,36
"Zotu1575",0,1,0,1,1,0,1,44,1,1,36,1,0,0,12,2,4,0,0,0,1,0,0,0,0,0,0,1,1,0,0,1,0,1,0,0,0,0,0,1,0,0,0,4,1,0,0,1,1,0,0,9,34,2,0,1,0,0,1,12,6,35
"Zotu2929",0,3,4,6,1,0,0,0,0,1,26,0,0,0,2,0,28,0,0,0,0,0,0,0,0,0,3,1,0,0,0,0,0,4,0,0,0,0,0,0,0,0,0,2,0,0,0,1,0,0,0,0,0,0,0,0,0,0,0,0,0,0
"Zotu4381",0,1,1,29,0,1,0,1,1,0,0,1,1,1,0,1,0,0,0,0,0,1,0,3,0,2,0,0,1,0,0,0,0,0,0,0,0,0,0,0,0,0,0,0,0,0,0,0,0,0,0,0,0,0,0,0,0,0,0,0,0,0
"Zotu4157",0,1,1,0,0,0,36,0,0,0,0,0,0,0,0,0,0,0,0,0,0,0,0,0,0,1,0,0,0,0,0,0,0,0,0,0,0,0,0,0,0,0,0,0,0,0,0,0,0,0,0,0,0,0,0,0,0,0,0,0,0,0
"Zotu794",0,4,0,0,0,0,0,1,0,0,0,0,0,0,0,1,5,0,0,1,1,0,0,0,0,0,2,0,31,0,0,2,1,52,1,2,3,1,53,59,1,115,1,0,1,1,3,2,0,0,0,2,2,1,1,1,1,0,1,0,1,1
"Zotu3184",0,1,0,1,1,1,1,0,3,0,13,2,0,2,7,2,5,0,16,0,0,0,0,3,0,0,0,1,1,0,0,0,0,0,0,0,0,0,0,0,0,0,0,7,0,0,0,0,0,1,0,0,0,1,2,0,0,0,10,0,0,0
"Zotu1227",0,1,0,0,1,0,0,0,0,0,0,0,0,0,0,0,7,0,0,2,0,0,0,0,0,0,0,0,0,0,0,2,1,0,0,2,0,1,0,1,0,2,1,0,117,0,0,0,1,1,1,13,1,1,0,0,1,1,0,9,15,30
"Zotu3464",0,1,1,0,0,0,1,0,0,0,0,0,0,0,0,0,0,1,0,0,0,0,0,0,2,0,0,0,0,0,35,0,0,0,0,0,0,0,0,0,0,0,0,0,0,0,0,0,0,0,0,0,0,0,0,0,0,0,0,0,0,0
"Zotu489",0,1,1,1,0,1,0,0,1,0,33,0,1,0,2,1,0,0,2,0,1,0,0,0,1,0,0,0,0,0,0,2,10,3,3,1,2,1,3,4,2,1,5,5,4,1,3,1,4,0,4,5,3,17,1,6,3,5,61,88,342,26
"Zotu1173",0,1,0,1,0,11,0,1,0,0,0,0,0,6,0,0,0,0,1,0,0,1,2,1,0,0,0,0,4,1,0,1,0,2,0,0,1,0,1,1,3,1,5,1,66,2,2,1,0,1,1,18,1,3,0,0,0,1,1,0,4,78
"Zotu1405",0,1,66,0,0,0,0,2,34,0,0,0,0,2,1,1,2,0,121,1,0,0,1,1,0,0,0,0,0,1,1,0,0,0,0,0,0,0,2,0,0,0,0,0,0,0,0,0,0,0,9,0,0,0,0,0,0,0,1,0,11,0
"Zotu5832",0,1,0,3,1,0,15,1,0,14,0,0,0,0,1,0,0,2,0,0,0,0,0,0,0,0,0,0,0,1,0,0,0,0,0,0,0,0,0,0,0,0,0,0,0,0,0,0,0,0,0,0,0,0,0,0,0,0,0,0,0,0
"Zotu6238",0,1,0,7,17,1,1,0,0,0,2,1,0,0,1,0,6,1,0,0,0,0,3,0,0,0,0,0,0,0,0,0,0,0,0,0,0,0,0,0,0,0,0,0,0,0,0,0,0,0,0,0,0,0,0,0,0,0,0,0,0,0
"Zotu3051",0,1,3,0,0,0,0,0,31,0,1,0,0,18,1,2,1,0,0,0,0,3,1,0,0,0,0,0,1,1,0,0,0,0,0,0,0,0,0,0,0,31,0,2,0,0,0,0,0,0,0,0,0,0,1,1,0,0,1,0,0,0
"Zotu6199",0,9,0,0,0,0,0,0,0,0,1,0,0,0,0,0,2,0,0,0,0,0,0,0,0,0,0,0,0,0,0,0,0,0,0,0,0,0,0,0,0,0,0,0,0,0,0,0,0,0,0,0,0,0,0,0,0,0,0,0,0,0
"Zotu1857",0,1,10,0,0,0,0,0,0,0,7,0,1,0,15,1,0,0,18,0,0,0,0,0,0,0,0,0,1,0,0,0,0,0,1,1,0,1,1,0,0,0,1,0,0,0,0,1,2,0,0,0,0,0,5,3,19,0,27,0,12,1
"Zotu5877",0,1,10,1,0,0,0,0,0,1,26,0,0,5,5,0,0,1,0,1,0,0,0,0,0,1,0,0,0,15,0,0,0,0,0,0,0,0,1,0,0,1,0,8,0,1,3,0,0,0,0,3,0,0,0,0,9,0,0,0,0,0
"Zotu3323",0,3,0,2,1,0,0,1,0,0,1,0,0,1,1,1,0,0,0,0,33,1,0,0,0,0,0,0,19,1,1,0,0,0,0,0,0,0,0,0,0,0,0,0,0,0,0,0,0,0,0,5,0,0,0,0,0,0,0,0,0,0
"Zotu2324",0,1,0,0,0,0,0,0,1,1,38,0,0,2,5,0,1,1,97,0,0,1,0,2,0,1,0,0,0,0,0,0,0,0,3,0,3,0,0,0,0,0,0,2,0,0,0,1,0,0,0,1,0,0,0,0,0,0,0,0,1,0
"Zotu2104",0,2,13,1,1,0,0,0,0,0,0,30,0,0,0,0,0,0,1,0,0,0,0,0,0,0,0,0,0,0,0,1,0,0,0,0,0,0,1,0,1,0,1,2,0,0,0,0,49,0,1,0,0,0,3,25,1,0,13,7,0,0
"Zotu3972",0,1,0,0,0,0,1,30,0,0,0,0,2,1,0,0,0,0,0,1,0,0,0,0,0,0,0,0,0,0,1,0,0,0,0,0,0,0,0,0,0,0,0,0,0,0,0,0,0,0,0,0,0,0,0,0,0,0,0,0,0,0
"Zotu1210",0,1,3,1,1,1,1,0,0,0,7,0,0,8,6,2,0,0,11,1,7,0,0,0,0,0,0,0,13,4,0,4,0,1,0,1,1,1,1,1,2,3,1,0,0,3,2,1,1,1,1,2,1,0,1,1,0,1,4,40,95,2
"Zotu661",0,1,0,0,0,0,0,0,0,0,0,0,0,0,1,0,0,0,2,1,0,1,0,0,0,0,0,25,28,0,0,87,1,2,1,3,33,33,55,86,4,39,4,2,1,2,1,3,2,4,2,2,3,2,5,2,0,1,4,3,3,2
"Zotu1041",0,1,1,10,2,0,1,0,0,2,0,0,1,0,7,1,54,0,0,0,2,1,0,0,0,0,132,0,3,0,1,0,0,0,0,0,0,0,0,0,0,0,0,1,0,0,0,0,0,0,0,0,0,0,0,0,0,0,0,0,0,0
"Zotu3584",0,1,0,0,0,0,0,0,0,0,0,0,0,0,10,0,0,1,0,0,1,1,0,0,0,0,0,0,0,0,0,0,1,1,0,1,0,0,0,0,0,0,1,0,0,0,0,0,1,0,0,17,55,0,0,1,1,0,0,0,0,0
"Zotu6131",0,4,8,8,8,0,0,6,7,0,0,0,0,0,3,0,3,6,4,3,0,0,0,0,0,1,0,1,0,0,0,0,0,0,0,0,1,0,1,0,0,0,0,6,0,0,0,0,0,0,0,0,0,0,0,0,0,0,0,0,0,0
"Zotu3042",0,1,0,0,0,1,0,0,0,1,0,0,0,0,0,1,0,0,0,0,0,66,0,0,0,1,0,0,0,0,0,0,0,0,0,0,0,0,0,0,0,0,0,0,0,0,2,0,0,0,0,0,0,0,0,0,0,0,0,0,0,0
"Zotu5589",0,1,0,0,0,0,0,16,0,4,0,0,0,0,0,0,1,0,10,0,1,0,1,0,0,0,0,0,0,1,0,0,0,0,0,0,0,0,0,0,0,0,0,0,0,0,0,0,0,0,0,0,0,0,2,0,0,0,0,1,0,0
"Zotu4443",0,2,1,20,33,0,2,0,0,0,0,0,0,0,0,0,2,1,0,0,1,0,0,4,0,1,1,0,4,0,0,0,0,0,0,0,0,0,0,0,0,0,0,1,0,0,0,0,0,0,2,0,0,0,0,0,0,0,0,1,0,0
"Zotu3183",0,1,0,0,2,0,1,0,33,0,0,0,0,0,2,0,0,0,1,0,0,0,0,0,0,1,0,0,0,0,0,0,0,0,0,0,0,0,0,0,0,0,0,0,0,0,0,0,0,0,0,2,0,0,1,19,0,0,0,1,0,0
"Zotu304",0,1,0,11,2,0,1,0,0,0,0,0,0,0,2,0,7,0,0,0,0,0,0,0,1,0,0,0,0,0,0,3,6,7,3,4,2,2,4,3,6,6,3,2,90,2,7,3,5,7,12,8,6,7,4,9,2,3,2,21,592,189
"Zotu6110",0,1,0,5,0,0,5,0,0,0,0,0,0,0,1,0,3,0,0,0,11,0,0,0,0,0,0,1,0,0,0,0,0,0,1,1,1,0,0,0,0,0,1,35,0,0,0,0,0,1,0,0,0,0,0,0,0,0,0,1,0,0
"Zotu5677",0,1,1,5,1,0,0,18,0,0,1,0,0,0,0,0,0,0,0,0,0,0,0,0,0,0,0,0,0,0,0,0,0,0,0,0,0,0,0,0,0,0,0,0,0,0,0,0,0,0,0,0,0,0,0,0,0,0,0,0,0,0
"Zotu4948",0,1,0,1,0,0,0,0,0,0,0,0,0,0,0,0,0,53,0,0,0,0,0,0,0,0,0,0,0,0,0,0,0,0,0,0,0,0,0,0,0,0,0,0,0,0,0,0,0,0,0,0,0,0,1,2,0,0,0,0,0,0
"Zotu1430",0,1,0,1,0,9,0,0,0,21,0,0,0,0,1,0,0,0,1,0,1,1,0,1,0,0,1,0,2,1,0,0,0,3,1,0,0,1,1,0,1,1,2,8,0,1,0,5,1,1,2,1,20,0,23,39,45,1,14,39,36,0
"Zotu1891",0,1,0,0,0,0,0,0,0,0,0,0,0,0,0,0,1,0,0,0,0,0,0,0,0,0,0,0,1,0,126,0,0,0,0,0,0,0,0,0,0,0,0,1,0,0,0,0,0,0,0,0,0,0,0,0,0,0,25,0,0,0
"Zotu2769",0,1,1,1,1,0,0,0,0,0,0,74,0,0,1,0,0,0,0,0,0,0,0,0,0,0,0,0,0,0,0,0,0,0,0,0,0,0,0,0,0,0,0,0,0,0,0,0,0,0,0,0,0,0,0,0,0,0,0,0,0,0
"Zotu614",0,3,2,8,1,1,119,1,16,9,40,30,0,4,3,2,3,0,1,1,1,3,0,1,4,1,3,5,3,3,0,1,0,0,7,1,0,12,1,1,2,10,1,1,0,72,0,0,66,3,1,3,1,1,0,0,1,0,0,0,0,0
"Zotu708",0,3,0,0,0,1,0,0,0,1,0,1,0,0,12,1,0,0,72,0,0,0,1,3,0,0,0,192,0,0,0,0,0,0,0,0,0,0,0,120,0,0,1,0,1,2,0,0,0,0,1,0,0,0,0,0,0,0,0,1,1,0
"Zotu1076",0,2,30,13,6,2,32,1,15,76,1,2,1,2,4,0,20,3,1,0,2,0,0,0,1,2,1,2,0,1,1,1,1,0,0,0,0,0,1,0,1,0,2,9,0,1,0,0,0,0,0,12,0,0,4,14,0,0,0,0,1,13
"Zotu2485",0,1,3,27,0,0,0,21,1,0,0,1,0,1,8,6,9,2,0,0,1,0,0,1,0,0,0,0,1,2,0,0,0,0,0,0,0,0,0,0,0,0,1,4,0,0,0,1,0,0,0,3,0,0,0,0,0,0,0,0,0,5
"Zotu5956",0,2,0,1,0,0,1,0,0,0,1,0,0,0,0,22,0,0,0,0,1,0,0,0,0,1,0,0,0,0,0,0,0,0,0,0,0,0,0,0,0,0,0,0,0,0,0,0,0,0,0,0,0,0,0,0,0,0,0,0,0,0
"Zotu1503",0,1,1,0,4,0,1,0,0,0,0,0,0,0,0,0,0,0,0,0,0,1,1,2,0,0,0,0,0,0,90,50,1,0,0,0,26,1,1,1,0,1,0,2,0,0,0,0,0,0,0,0,0,0,0,0,0,1,0,0,0,0
"Zotu1155",0,1,0,0,0,0,0,0,0,0,0,0,0,0,1,0,0,0,0,0,0,0,0,0,0,0,0,149,0,0,0,0,0,64,0,0,43,0,29,0,0,0,1,24,1,0,0,0,0,2,0,0,0,0,0,1,1,1,0,0,0,1
"Zotu3560",0,2,0,0,0,1,0,1,0,1,0,0,0,1,0,52,0,0,0,0,0,0,0,0,0,0,1,0,0,0,0,0,0,0,0,0,0,0,0,0,0,0,0,0,0,0,0,0,0,0,0,0,0,0,0,0,0,0,0,0,0,0
"Zotu2618",0,1,16,19,3,0,1,0,1,0,3,1,0,1,0,2,22,0,0,0,9,0,0,0,0,1,0,1,0,0,1,0,0,0,0,0,0,0,0,0,0,0,1,2,0,1,1,0,0,0,0,0,0,0,0,0,0,0,0,0,0,1
"Zotu1214",0,2,0,0,1,1,0,0,1,0,1,0,0,1,0,2,2,1,0,3,0,0,253,0,0,0,3,0,4,1,1,0,0,0,0,0,1,0,0,0,0,0,0,2,0,0,0,1,0,0,0,0,0,0,7,1,0,0,0,0,0,0
"Zotu4563",0,1,2,4,11,1,0,0,0,0,0,1,1,0,7,2,5,2,0,1,6,0,0,0,0,0,0,0,0,1,0,0,0,0,0,0,0,0,0,1,0,1,1,5,1,0,0,0,0,0,21,2,1,0,0,0,1,0,9,0,0,12
"Zotu5771",0,1,0,0,0,0,1,0,0,0,0,0,0,0,0,0,0,0,0,0,0,0,0,0,0,0,0,0,0,0,0,1,0,0,0,0,0,0,0,0,0,0,0,1,0,1,0,0,0,0,0,0,0,0,1,0,0,0,0,0,0,12
"Zotu3376",0,2,2,5,54,0,1,0,0,0,0,3,0,0,0,1,13,1,0,1,0,0,0,1,0,1,0,1,0,1,0,0,0,0,0,0,0,0,0,0,0,0,0,1,0,0,0,0,0,0,0,0,0,0,0,0,0,0,0,0,0,0
"Zotu1784",0,2,2,2,0,0,17,0,1,0,0,0,3,0,1,82,2,0,1,0,1,0,0,2,1,1,0,0,0,2,1,0,0,0,0,0,0,0,0,0,0,0,0,0,0,0,0,0,0,0,0,1,0,0,0,0,0,0,0,0,0,0
"Zotu3806",0,1,0,0,0,0,0,0,0,0,0,0,0,0,0,0,2,0,0,0,0,0,0,0,0,0,0,0,0,0,0,0,0,2,1,0,1,0,1,0,0,0,0,0,0,0,1,1,0,2,0,9,19,26,1,0,0,0,0,0,0,0
"Zotu2772",0,1,1,0,0,0,0,0,0,0,0,0,0,1,0,0,1,0,0,0,0,0,1,0,1,0,0,0,0,0,60,0,0,0,0,0,0,0,0,0,0,0,0,0,0,0,0,0,0,0,0,0,0,0,0,0,0,0,0,0,0,0
"Zotu4876",0,1,0,6,4,1,0,0,3,0,0,0,0,1,2,0,14,0,0,0,0,1,0,1,1,0,0,1,0,0,0,1,0,0,22,0,0,0,0,0,0,0,0,0,0,0,1,0,0,0,0,0,0,0,0,0,0,0,0,0,0,0
"Zotu1375",0,1,2,2,0,2,145,3,1,1,0,0,1,1,3,2,0,2,1,2,21,0,1,1,2,1,0,0,2,5,1,0,0,0,0,0,0,0,1,0,0,0,0,0,0,0,0,0,0,0,0,8,0,1,0,0,0,1,0,0,7,4
"Zotu2459",0,1,0,0,4,0,0,0,22,0,0,0,0,0,4,0,24,0,0,0,0,0,0,0,0,2,0,1,0,1,0,1,1,0,3,0,0,0,0,1,0,0,0,2,0,0,1,0,0,0,0,0,0,1,0,13,0,133,5,0,2,0
"Zotu3879",0,1,0,0,1,0,0,0,0,0,0,36,0,0,0,0,0,0,0,0,0,0,0,0,1,0,0,0,0,0,0,0,0,0,0,2,0,0,0,0,0,0,0,0,0,1,0,0,0,0,0,3,0,0,0,0,26,0,0,0,0,0
"Zotu688",0,2,28,0,4,0,0,0,11,0,1,1,0,13,25,0,5,28,5,0,12,1,1,1,0,0,0,1,0,13,1,1,0,1,2,2,2,3,3,3,2,1,1,2,98,3,3,0,0,3,26,3,2,10,26,12,12,2,61,36,0,16
"Zotu2381",0,1,3,0,1,1,0,0,0,0,31,0,0,0,0,2,0,1,0,1,0,0,0,2,0,0,0,0,5,5,1,0,0,0,0,0,2,0,0,33,0,0,0,0,0,0,0,0,0,1,0,0,0,0,0,0,1,0,0,0,0,1
"Zotu1451",0,2,2,0,6,4,0,0,0,1,0,1,1,1,3,1,7,1,1,2,1,0,158,0,1,0,1,0,1,0,0,0,0,0,0,0,0,0,0,0,0,0,0,0,0,0,0,0,0,0,0,0,0,0,0,0,0,0,0,0,0,0
"Zotu4511",0,1,0,1,0,0,0,1,8,1,0,1,0,0,8,1,1,0,0,0,3,0,0,0,0,0,1,0,0,0,0,1,2,0,0,0,0,0,0,1,0,0,0,0,0,1,0,0,0,0,0,14,0,9,0,0,0,0,0,3,0,0
"Zotu5513",0,1,0,18,0,0,0,0,0,0,0,0,0,0,0,0,12,1,0,0,1,0,0,0,0,0,0,0,0,0,0,0,0,0,0,0,0,0,0,0,0,0,0,0,0,0,0,0,0,0,0,0,0,0,0,0,0,0,0,0,0,0
"Zotu648",0,1,3,2,2,0,0,0,1,0,0,1,0,0,2,0,7,1,2,2,37,0,312,0,2,0,0,0,2,0,0,0,0,2,1,2,0,0,0,0,0,0,0,65,0,0,0,0,0,0,1,0,0,1,1,0,0,1,1,0,0,0
"Zotu4901",0,1,0,5,0,0,0,0,0,0,1,0,0,0,0,0,1,0,0,0,3,0,0,0,0,0,0,0,0,1,0,2,0,0,0,0,0,1,1,0,0,0,0,0,0,0,0,0,2,0,0,0,0,0,0,0,0,0,22,0,0,0
"Zotu1295",0,3,1,4,2,150,0,2,2,1,0,1,0,25,2,1,14,4,0,3,1,1,1,0,0,4,0,1,2,3,0,0,1,0,0,0,0,1,0,0,0,0,0,0,0,1,0,0,0,0,0,0,0,0,0,0,0,0,0,4,0,0
"Zotu1343",0,1,1,7,0,0,0,0,0,0,0,0,0,0,0,0,0,0,0,0,0,0,0,0,2,0,0,0,17,31,0,0,0,61,0,0,0,49,40,0,1,0,0,0,0,1,0,1,0,0,0,2,0,2,3,1,0,0,0,0,1,2
"Zotu277",0,1,2,0,0,0,0,0,2,0,124,2,1,1,53,2,2,17,76,0,0,257,0,0,2,1,0,2,67,0,0,0,0,0,0,0,1,3,76,59,2,59,0,0,0,0,0,0,1,0,1,47,2,39,4,2,2,2,194,50,0,1
"Zotu3997",0,2,0,0,0,0,0,0,0,0,0,0,0,0,0,0,0,0,0,0,0,1,0,0,0,0,0,0,0,41,0,0,0,0,0,0,0,0,0,0,0,0,0,0,0,0,0,0,0,0,0,0,0,0,0,0,0,0,0,0,0,0
"Zotu5616",0,1,1,1,34,0,1,0,0,1,0,0,0,0,0,0,0,1,0,1,1,0,0,0,0,0,0,0,2,0,0,0,0,0,0,1,0,0,0,0,0,0,0,1,0,0,0,0,0,0,0,0,0,0,0,4,0,0,0,0,0,0
"Zotu804",0,1,1,11,6,0,2,1,18,1,25,2,0,0,3,1,14,0,46,0,1,1,2,0,1,2,0,0,2,0,1,1,0,0,0,1,1,2,3,0,1,1,0,1,0,1,1,0,66,1,0,6,0,2,4,12,0,109,4,16,1,4
"Zotu1527",0,1,0,0,0,1,0,0,0,0,0,1,0,1,0,0,0,0,0,0,0,0,0,0,0,2,0,0,0,2,138,0,0,0,0,0,24,1,0,0,1,0,0,0,1,0,0,0,0,0,0,0,0,0,0,0,0,0,0,0,1,0
"Zotu2804",0,1,0,6,8,0,0,0,0,0,0,1,0,10,0,0,4,0,0,0,0,1,0,0,0,0,0,0,5,1,0,1,0,0,0,0,0,0,1,0,0,0,0,2,0,0,0,0,0,0,0,0,0,0,0,3,0,52,0,0,0,1
"Zotu1979",0,1,11,0,0,0,0,1,0,0,22,0,0,33,3,0,0,0,1,0,0,0,0,0,0,0,0,0,0,1,0,1,0,0,0,1,0,0,0,0,0,0,0,0,0,0,0,1,0,0,0,0,10,23,0,0,0,1,0,1,1,0
"Zotu2703",0,1,0,0,3,0,0,0,0,0,0,0,0,0,0,0,0,0,0,0,0,0,0,0,2,0,0,0,0,0,0,0,0,0,1,0,0,0,2,1,0,0,0,1,0,1,2,0,50,1,0,2,0,0,0,0,0,1,3,0,7,0
"Zotu1771",0,1,0,0,1,0,0,0,12,0,0,14,1,0,0,0,0,0,37,0,0,0,0,0,0,0,0,13,11,0,0,0,0,1,0,0,0,0,1,0,0,0,0,1,0,81,0,0,0,0,0,0,0,0,1,2,0,0,0,0,0,0
"Zotu200",0,1,2,0,0,0,1,65,65,0,3,1,0,3,59,0,14,119,43,0,2,0,1,1,0,2,122,230,2,2,0,4,4,185,3,2,41,114,147,116,348,12,204,6,1,0,3,3,2,1,3,31,83,1,4,3,4,0,5,2,59,11
"Zotu3497",0,1,7,0,2,0,1,0,1,0,19,1,0,0,5,0,8,0,1,0,1,0,0,0,0,0,0,0,0,0,0,0,0,1,1,0,0,0,1,2,0,0,0,0,0,2,0,0,0,0,0,3,0,0,0,1,0,0,0,3,39,16
"Zotu4674",0,1,0,0,0,0,0,0,0,0,9,0,0,0,2,0,0,0,0,0,0,0,0,1,0,0,0,0,0,0,1,0,0,0,0,0,0,1,0,1,0,0,0,1,1,0,0,0,0,0,0,3,14,13,0,1,0,0,0,0,0,1
"Zotu611",0,2,1,1,0,0,0,1,1,0,11,26,0,1,12,0,4,0,22,0,0,2,1,2,3,0,0,0,0,0,0,0,1,4,2,1,32,3,20,7,1,0,2,4,2,6,5,4,0,2,5,2,2,2,38,90,15,0,62,149,41,1
"Zotu4749",0,1,0,0,0,0,0,0,10,0,0,0,0,0,2,5,0,0,0,0,0,0,0,0,0,0,0,0,0,0,0,0,0,0,0,0,0,0,0,0,0,0,0,0,0,0,1,0,1,0,0,1,0,23,0,0,0,0,2,2,0,0
"Zotu1947",0,1,0,1,1,1,0,0,0,0,0,1,0,2,3,0,49,1,0,1,1,69,0,0,0,0,0,0,3,0,1,0,0,0,0,0,0,0,0,0,0,0,0,1,0,0,0,0,0,0,0,4,0,0,0,0,0,0,0,0,0,0
"Zotu5615",0,1,0,0,0,0,26,0,0,0,0,0,0,1,0,0,1,2,0,0,0,0,0,0,0,0,2,0,0,0,0,0,0,0,0,0,0,0,0,0,0,0,0,0,0,0,0,0,0,0,0,0,0,0,0,0,0,0,0,0,0,0
"Zotu651",0,2,0,2,0,0,0,1,30,1,99,1,0,59,96,1,14,0,143,0,0,1,0,0,1,1,2,1,0,0,0,0,0,0,0,0,0,0,0,0,0,0,0,0,0,0,0,0,0,0,0,0,0,0,6,11,0,0,0,0,0,0
"Zotu5061",0,1,0,0,0,0,0,16,0,3,0,0,0,1,0,0,1,0,0,0,0,0,0,0,0,0,0,0,0,0,0,0,0,0,0,0,0,0,0,0,0,0,0,0,0,0,0,0,0,0,0,0,0,0,0,0,0,1,0,0,0,0
"Zotu2943",0,1,0,64,0,0,0,0,0,0,0,1,0,0,0,1,6,0,0,1,1,1,2,0,0,1,0,2,1,0,0,0,0,0,0,0,0,0,0,0,0,0,0,8,0,0,0,0,1,0,0,0,0,0,0,0,0,0,0,0,0,0
"Zotu2321",0,1,12,1,0,0,1,0,0,7,0,10,1,0,5,0,0,38,0,1,0,1,1,0,0,2,0,0,0,0,2,0,0,0,0,0,0,0,0,1,0,0,0,0,0,0,0,0,0,0,0,2,0,0,0,1,1,0,0,9,1,0
"Zotu1357",0,1,0,0,0,0,0,0,0,1,0,0,0,0,0,0,0,0,0,0,0,0,0,0,0,1,0,28,0,0,1,0,1,1,1,1,1,0,43,112,2,0,2,13,1,0,0,0,1,2,0,3,0,0,1,4,1,1,1,1,0,1
"Zotu1245",0,1,0,3,0,0,0,0,0,0,0,0,0,0,0,0,0,0,0,0,0,0,0,0,0,0,0,0,0,0,0,2,0,2,2,1,1,3,3,2,1,1,1,1,3,2,2,4,1,1,3,8,0,2,2,0,0,0,2,5,130,76
"Zotu3496",0,1,0,13,2,1,0,9,1,0,0,0,0,0,0,0,17,1,0,0,1,1,0,0,1,0,0,0,0,0,0,0,1,0,0,0,1,0,0,0,0,31,0,8,0,0,0,0,0,0,0,6,1,0,0,0,0,0,0,0,1,1
"Zotu656",0,1,0,0,1,0,0,1,20,0,34,0,1,0,2,1,1,0,1,0,0,0,0,262,0,1,2,0,0,2,0,0,0,1,0,0,0,0,0,0,1,1,0,0,0,0,0,0,0,0,0,0,15,0,0,10,12,0,0,0,0,0
"Zotu1702",0,1,16,0,1,0,0,1,0,0,8,0,0,0,2,4,1,0,0,0,3,0,1,0,0,0,0,0,29,0,1,0,2,0,1,1,1,0,2,0,0,0,0,1,58,1,0,1,0,0,3,14,11,2,0,0,0,1,0,0,1,3
"Zotu4769",0,1,1,5,8,0,0,22,1,0,0,0,0,1,0,0,0,0,0,0,1,0,0,0,1,1,0,0,0,0,0,0,0,0,0,0,0,0,0,0,0,0,0,3,0,0,0,0,0,0,0,0,0,0,0,0,0,0,0,0,0,0
"Zotu3828",0,1,0,1,0,1,0,3,0,0,0,0,0,0,0,0,43,0,0,0,0,0,0,0,0,0,2,0,1,0,0,0,0,0,0,0,0,0,0,0,0,0,0,12,0,0,0,0,0,0,1,0,0,0,0,0,0,0,0,0,0,0
"Zotu1424",0,2,0,1,12,0,1,2,0,3,1,0,0,0,22,1,0,0,104,0,0,0,2,0,1,1,1,3,0,0,2,0,0,0,0,0,0,0,0,0,0,0,0,0,0,0,0,0,0,0,0,4,0,0,1,0,0,0,0,0,0,0
"Zotu1384",0,1,0,2,0,0,0,0,12,60,0,0,0,1,0,17,1,1,0,0,0,1,0,0,0,0,2,0,2,0,1,0,1,0,0,1,0,0,1,0,0,0,70,1,0,0,0,0,0,0,0,0,0,0,0,0,1,0,1,0,0,0
"Zotu6156",0,1,0,0,0,0,0,0,0,0,0,0,0,0,0,0,0,0,12,0,0,0,1,0,0,0,0,0,0,0,0,0,0,0,0,0,0,0,0,0,0,0,0,0,0,0,0,0,0,0,0,0,0,0,0,0,0,0,0,0,0,0
"Zotu2861",0,1,0,0,0,0,52,0,0,1,0,0,0,0,0,1,0,0,0,1,1,0,0,2,0,0,0,0,0,0,0,0,0,0,0,0,0,0,0,0,0,0,1,0,0,0,0,1,0,0,0,0,0,0,0,0,0,0,0,0,0,12
"Zotu1432",0,1,19,1,1,1,0,0,0,1,2,2,3,0,1,0,0,0,94,1,0,0,2,0,1,1,0,2,2,2,0,0,0,0,0,0,0,0,0,0,0,0,1,0,0,0,0,0,0,0,37,0,0,0,0,0,12,0,0,1,1,0
"Zotu1226",0,2,0,0,0,1,0,1,0,1,1,0,0,0,0,0,0,0,0,0,7,0,0,0,0,0,35,0,0,1,0,57,0,1,0,1,2,1,2,1,0,13,0,0,0,0,72,1,1,2,0,0,0,1,1,1,4,0,0,0,0,0
"Zotu2585",0,1,1,0,0,0,0,0,48,0,0,0,0,0,4,0,1,75,0,0,1,0,0,0,0,0,0,0,0,0,0,0,0,0,0,0,0,0,0,0,0,0,0,0,0,0,0,0,0,0,0,0,0,0,0,0,0,0,0,0,0,0
"Zotu6217",0,1,1,0,3,0,1,0,0,0,19,0,0,0,2,0,0,0,0,0,0,0,2,0,0,1,0,0,1,0,0,0,0,0,0,0,0,0,0,0,0,0,0,0,0,0,0,0,0,0,0,0,0,0,0,0,0,0,0,0,0,0
"Zotu2349",0,1,0,0,0,0,0,0,0,0,0,0,0,0,5,0,1,0,0,0,16,0,0,0,0,0,0,0,0,0,0,0,0,0,0,1,0,2,1,0,0,0,1,0,2,1,1,1,0,1,0,12,0,26,1,0,1,0,0,1,0,71
"Zotu6157",0,1,0,5,0,0,0,0,0,1,0,0,1,0,2,0,3,0,0,0,0,2,0,0,0,0,0,1,0,2,0,0,0,0,0,0,0,0,0,1,0,0,0,1,0,0,0,1,0,0,0,0,0,0,1,0,0,0,0,0,0,0
"Zotu3545",0,2,1,1,42,0,1,0,0,0,0,0,1,2,0,1,0,0,1,0,1,0,0,0,0,0,0,0,0,1,0,0,0,0,0,0,0,0,0,0,0,0,0,0,0,0,0,0,0,0,0,0,0,0,0,0,0,0,0,0,0,0
"Zotu3711",0,1,0,0,1,0,0,0,0,1,0,0,0,0,0,0,0,0,11,0,0,0,0,0,0,0,0,0,0,0,0,0,0,0,0,0,0,0,0,1,0,0,0,0,0,0,0,0,0,0,1,0,0,0,11,0,29,0,0,0,1,0
"Zotu1219",0,1,12,0,0,0,0,41,0,1,0,0,0,1,1,1,4,0,2,0,0,0,0,3,0,1,2,0,0,0,0,0,0,1,0,2,0,2,2,0,2,0,1,1,1,0,1,1,3,3,1,31,23,58,0,2,0,1,0,1,1,21
"Zotu5670",0,1,1,0,9,0,0,0,0,1,0,2,1,0,1,0,3,1,0,1,13,0,0,0,5,0,0,0,0,1,1,0,0,0,0,0,0,0,0,0,0,0,0,0,0,0,0,0,0,0,0,0,0,0,0,0,0,0,0,0,0,0
"Zotu3959",0,1,0,0,0,1,0,0,0,0,0,0,0,17,1,0,0,0,0,0,0,0,0,0,0,0,0,0,17,0,0,0,0,0,1,0,0,15,0,0,0,0,0,0,0,0,0,0,0,0,0,0,0,0,0,0,0,0,0,0,0,0
"Zotu1248",0,1,0,0,0,1,4,0,0,0,1,7,0,0,17,0,4,0,0,1,54,0,1,1,0,0,0,0,0,6,0,0,73,0,0,0,1,1,0,0,0,0,0,0,0,0,0,0,0,0,13,5,0,0,0,0,1,0,0,0,0,0
"Zotu3574",0,2,1,10,24,0,0,0,0,0,0,0,1,0,0,0,18,0,0,1,3,0,1,0,1,0,0,1,1,1,1,0,0,0,0,0,1,0,0,0,1,0,0,0,0,0,0,0,0,0,0,0,0,0,0,0,0,0,1,0,0,1
"Zotu3088",0,1,3,3,0,0,5,1,0,3,0,0,1,0,2,0,40,0,0,0,0,0,1,1,0,1,0,1,2,0,0,0,0,0,1,0,0,0,0,0,0,0,0,0,0,0,0,0,0,0,0,0,0,0,0,0,0,0,0,0,0,0
"Zotu4152",0,1,22,0,0,0,0,1,0,0,1,0,0,0,0,1,0,1,0,0,0,0,2,0,0,1,1,0,1,0,0,0,0,0,0,0,0,0,0,0,0,0,0,0,0,0,0,0,0,0,0,0,0,0,0,0,0,0,0,0,0,0
"Zotu2472",0,1,7,0,1,0,0,0,0,0,1,0,0,0,0,0,0,0,0,0,0,0,0,0,0,0,0,0,0,0,0,1,0,1,0,2,1,0,0,1,0,1,0,1,0,2,1,0,1,0,1,0,1,17,2,17,1,0,49,0,0,0
"Zotu2589",0,2,1,5,10,0,0,0,0,0,0,0,0,0,0,0,5,0,0,2,0,0,2,0,1,1,0,37,12,1,0,2,0,0,0,0,7,24,0,0,0,0,0,7,0,0,1,0,0,0,0,0,0,0,0,0,0,0,0,2,1,0
"Zotu6258",0,1,1,20,32,0,0,0,0,0,0,0,0,2,2,1,2,2,1,0,0,1,0,0,1,1,0,0,0,1,0,1,0,0,0,0,1,0,0,1,0,0,0,11,0,0,0,0,0,0,0,0,0,0,0,0,0,0,0,0,1,1
"Zotu1936",0,1,0,13,1,1,0,0,1,1,2,1,0,10,6,1,8,3,1,4,24,0,0,0,0,0,0,13,19,17,0,0,0,0,0,0,0,0,0,0,0,1,0,13,0,0,0,0,1,0,0,0,0,18,1,0,0,0,0,0,0,0
"Zotu5018",0,2,0,0,0,0,0,1,0,0,0,0,0,0,4,0,1,0,0,0,3,0,0,0,0,0,0,0,0,0,0,0,0,0,1,0,0,0,0,0,0,0,0,0,0,0,0,0,0,0,0,7,0,0,0,0,0,0,0,12,0,1
"Zotu6109",0,1,1,0,0,8,0,0,0,0,0,0,0,0,1,0,0,0,0,0,0,0,0,0,0,0,0,0,0,1,0,0,0,0,0,0,0,0,0,0,0,0,0,0,0,0,0,0,0,0,0,0,0,0,0,0,0,0,0,0,0,0
"Zotu1251",0,1,0,1,0,0,0,0,0,0,0,0,1,1,0,1,0,0,0,0,0,351,0,0,0,0,0,0,1,2,0,0,0,0,0,0,0,0,0,0,0,0,0,0,0,0,0,0,0,0,0,0,0,0,0,0,0,0,0,0,0,0
"Zotu1529",0,1,0,0,1,1,0,0,0,1,1,0,1,39,11,0,3,0,65,0,0,2,0,0,0,1,0,0,50,0,0,0,0,0,0,0,0,0,0,0,0,0,0,0,0,0,0,0,0,0,0,0,0,0,8,0,0,0,0,0,0,0
"Zotu4897",0,1,0,0,0,0,0,1,0,0,24,0,0,0,2,0,0,0,0,0,0,0,0,0,0,0,0,0,0,1,0,0,0,0,0,0,0,0,0,0,0,0,0,0,0,0,0,0,0,0,0,0,0,0,0,0,0,0,0,0,0,0
"Zotu222",0,1,10,0,2,1,0,2,14,0,2,1,0,32,12,0,0,1,0,8,1,0,1,0,0,1,0,0,2,1,0,10,8,4,7,4,3,6,3,4,3,4,13,10,9,144,2,3,3,3,22,3,6,4,7,11,32,67,212,186,524,5
"Zotu2354",0,1,14,3,1,0,0,0,0,3,0,0,1,31,9,3,0,0,2,0,0,0,1,0,0,1,1,0,0,3,1,0,0,0,0,0,0,0,0,0,1,0,0,0,0,0,0,0,0,0,0,9,0,0,0,0,0,0,0,0,0,14
"Zotu1238",0,2,0,0,0,0,0,2,4,1,0,2,0,0,6,0,11,38,0,0,0,0,0,0,0,1,0,0,1,0,140,0,0,0,0,0,0,0,0,0,0,0,0,0,0,0,0,0,0,0,0,2,0,0,0,0,0,0,0,14,0,0
"Zotu1904",0,1,1,0,1,1,3,0,9,127,0,0,0,2,0,1,0,0,1,1,1,1,2,0,0,1,0,0,0,0,0,0,0,0,0,0,0,0,0,0,0,0,0,0,0,0,0,0,0,0,0,0,0,0,0,0,0,0,0,0,0,0
"Zotu3269",0,1,0,2,0,0,0,0,1,0,0,1,0,0,0,0,5,0,0,0,0,42,0,0,0,2,1,0,0,4,14,0,0,0,0,0,9,4,0,0,0,0,0,0,0,0,0,0,0,0,0,0,0,0,0,0,0,1,0,0,0,0
"Zotu3732",0,1,10,0,0,0,0,0,14,0,0,1,0,1,0,0,0,0,0,0,20,0,1,0,2,0,0,0,0,1,1,0,0,0,0,0,0,0,0,0,0,0,0,0,0,0,0,0,0,0,0,0,0,0,0,0,0,0,0,0,0,0
"Zotu6002",0,2,0,0,0,0,0,0,0,1,0,0,0,1,0,0,1,0,0,0,0,0,0,0,0,0,0,0,0,21,0,0,0,0,0,2,0,0,0,0,0,0,0,0,0,0,0,0,0,0,1,0,0,0,0,0,0,0,0,0,0,0
"Zotu769",0,1,1,3,1,1,1,2,0,0,0,0,1,0,1,2,1,1,1,2,2,0,1,0,4,0,0,256,0,0,0,0,1,0,0,1,1,0,0,1,0,0,1,0,0,0,1,2,0,1,53,20,1,0,1,0,0,0,0,2,0,24
"Zotu4428",0,1,0,27,9,0,1,0,2,0,0,3,0,0,0,0,1,0,0,1,1,0,0,0,0,0,0,1,0,0,3,0,0,0,0,0,0,0,0,0,0,0,0,7,0,0,0,0,0,0,0,0,0,0,0,1,0,0,0,0,0,0
"Zotu1801",0,3,1,8,32,1,0,1,0,0,0,0,0,0,0,1,10,1,0,5,0,0,0,0,0,1,0,0,0,0,0,0,1,0,0,1,0,2,1,1,2,0,1,24,0,0,1,2,84,0,0,0,0,2,0,1,1,0,0,0,0,0
"Zotu4131",0,2,0,0,0,0,0,0,0,0,0,0,0,0,0,0,0,46,0,0,0,0,0,0,0,0,0,0,0,0,0,0,0,0,0,0,0,0,0,0,0,0,0,0,0,0,0,0,0,0,0,0,0,0,0,0,0,0,0,0,0,0
"Zotu4313",0,1,1,2,0,0,0,0,0,0,0,0,0,0,0,0,0,0,0,0,0,0,24,0,0,0,0,0,0,0,0,0,0,0,0,0,1,0,0,15,0,0,0,2,0,0,0,0,0,0,0,0,0,0,1,0,0,0,0,0,0,0
"Zotu1651",0,1,2,0,0,2,0,0,0,0,2,1,0,1,2,1,14,0,1,0,30,2,4,1,0,14,0,0,11,25,0,0,1,0,1,0,0,2,25,0,2,19,0,2,0,0,0,17,0,0,0,2,1,0,0,0,0,0,0,1,0,0
"Zotu2452",0,1,1,0,0,0,0,0,1,0,0,0,0,1,0,1,1,83,0,0,0,0,0,1,1,0,0,0,1,0,0,0,0,0,0,0,0,0,0,0,0,0,0,0,0,0,0,0,0,0,0,0,0,0,0,0,0,0,0,0,0,0
"Zotu5470",0,1,0,0,0,0,0,0,0,0,0,0,1,0,0,0,0,0,1,0,18,0,0,0,1,0,2,0,0,0,0,0,0,0,0,0,0,0,0,0,0,0,0,0,0,0,0,0,0,0,0,0,0,0,0,0,0,0,0,0,0,0
"Zotu4359",0,1,0,0,71,0,1,1,0,0,1,0,0,0,1,1,0,0,0,0,1,1,0,0,0,0,0,1,0,0,0,0,0,0,0,0,0,0,0,0,0,0,0,0,0,0,0,0,0,0,0,0,0,0,0,0,0,0,0,0,0,0
"Zotu1720",0,1,0,17,0,0,0,0,0,0,1,0,0,12,5,0,7,0,0,0,0,1,0,0,0,1,0,0,1,11,0,0,1,1,68,1,1,19,4,0,1,1,0,16,0,0,0,0,0,0,0,5,8,0,4,0,1,0,6,0,0,0
"Zotu423",0,1,5,0,6,8,1,3,2,3,0,3,4,1,4,1,6,2,1,5,2,85,204,0,2,3,2,42,28,1,3,2,2,31,1,1,91,33,30,131,1,49,71,0,1,7,7,2,1,0,0,2,3,10,3,4,28,2,2,8,5,5
"Zotu1497",0,1,11,1,1,1,0,0,15,18,1,0,0,5,4,0,2,0,2,0,0,1,0,0,0,0,0,0,0,0,0,0,0,0,0,0,0,2,0,0,0,0,0,0,1,82,0,0,0,0,0,0,0,0,6,0,0,1,0,4,0,0
"Zotu6293",0,1,0,0,0,0,0,0,0,0,0,0,0,0,0,0,2,0,0,0,0,0,0,0,0,0,0,0,0,0,0,0,0,0,0,0,0,0,0,2,0,0,0,0,0,0,0,0,0,0,23,0,0,0,0,0,0,0,0,0,0,0
"Zotu2157",0,1,0,0,0,0,0,0,0,0,0,0,0,0,1,0,0,1,0,0,0,0,0,0,0,0,0,0,0,0,0,0,0,87,0,1,1,0,0,2,0,0,0,1,0,0,0,1,0,0,1,1,1,0,0,0,0,3,0,1,1,1
"Zotu2199",0,2,0,0,0,1,48,0,1,1,1,1,1,14,6,0,0,1,0,0,0,0,0,0,1,0,1,1,2,0,0,0,0,0,0,0,0,0,0,0,0,0,0,0,0,0,0,0,0,0,0,3,0,0,0,0,0,0,0,0,0,0
"Zotu3737",0,1,1,0,0,7,1,11,0,1,0,0,1,16,0,0,1,0,0,0,0,1,0,0,1,0,1,1,1,1,0,0,0,0,0,0,0,1,0,0,0,0,0,0,0,0,0,0,0,0,0,4,0,0,0,0,0,0,0,0,3,6
"Zotu1908",0,1,0,57,1,2,0,0,0,0,0,0,0,0,0,0,37,0,0,0,0,0,1,0,0,2,0,0,1,0,0,0,0,0,0,0,0,0,0,0,0,0,0,3,0,0,0,0,0,0,0,0,0,0,0,0,0,0,0,0,0,0
"Zotu1491",0,1,5,0,0,0,1,0,0,2,0,17,0,0,13,1,1,0,0,1,29,0,2,0,3,0,0,1,0,0,2,1,0,2,0,1,0,3,2,0,0,1,0,1,2,0,3,1,1,1,1,59,0,56,1,1,1,1,0,2,2,3
"Zotu2150",0,1,0,0,0,1,0,0,0,0,0,0,0,0,15,0,0,1,20,0,0,0,0,0,0,0,1,0,0,0,0,0,0,1,0,0,0,1,0,0,0,0,0,0,0,0,1,2,0,0,1,13,3,51,4,2,0,2,0,55,13,0
"Zotu2384",0,1,13,1,5,1,0,0,16,0,0,0,1,0,6,0,0,0,0,0,0,0,0,0,2,0,0,3,0,1,0,0,1,0,1,0,0,1,1,0,0,0,1,6,0,1,1,1,0,1,1,1,0,1,0,60,1,2,1,15,1,0
"Zotu3856",0,1,1,0,0,0,0,0,0,0,0,0,0,1,0,0,0,0,0,37,0,0,0,0,0,0,0,0,0,0,0,0,0,0,0,0,0,0,0,0,0,0,0,0,0,0,0,0,0,0,0,0,0,0,0,0,0,0,0,0,0,0
"Zotu5557",0,1,0,0,6,0,0,1,0,0,0,0,0,0,0,0,1,1,0,0,0,0,1,1,0,0,0,0,0,0,1,0,1,0,1,0,0,0,0,0,0,0,0,0,0,0,0,0,0,0,2,0,29,0,0,0,0,0,0,0,1,0
"Zotu3144",0,1,0,0,0,0,0,1,0,0,0,0,0,0,0,0,1,0,0,0,0,0,0,0,2,0,0,0,0,0,57,0,0,0,0,0,0,0,0,0,0,0,0,0,0,0,0,0,0,0,0,0,0,0,0,0,0,0,0,0,0,0
"Zotu6195",0,1,0,1,5,0,0,0,0,0,0,0,0,0,0,0,3,0,0,0,14,0,0,0,0,0,0,0,0,0,0,0,0,0,0,0,0,0,0,0,0,0,0,0,0,0,0,0,0,0,0,0,0,0,0,0,0,0,0,0,0,0
"Zotu2338",0,1,2,0,0,0,0,1,2,0,21,0,0,0,2,0,0,55,6,0,1,0,0,0,0,1,0,0,1,0,0,0,0,0,0,0,0,0,0,0,0,0,0,0,0,0,0,0,0,0,0,0,0,0,0,0,0,0,0,0,0,0
"Zotu5999",0,1,0,0,1,2,0,0,3,1,0,9,0,11,2,0,0,0,0,0,0,0,0,0,0,0,0,1,0,0,1,0,0,0,0,0,0,0,0,0,0,0,0,0,0,0,0,0,0,0,0,8,3,0,0,0,0,0,0,0,0,0
"Zotu1472",0,1,0,0,0,0,1,0,116,0,0,0,0,1,0,0,0,0,0,0,0,0,0,0,1,0,0,0,0,0,0,0,0,74,0,0,0,0,0,0,0,0,0,0,0,0,0,0,0,0,0,0,0,0,0,0,0,0,0,0,0,0
"Zotu1557",0,2,6,0,2,0,0,0,0,1,0,1,0,0,1,0,3,0,0,0,8,0,0,0,0,0,0,0,0,1,0,0,0,0,1,0,0,1,0,0,0,0,0,1,3,2,2,1,1,1,0,1,4,1,0,2,2,1,56,63,26,1
"Zotu1887",0,2,1,3,6,0,1,2,8,34,0,1,0,0,5,1,44,0,0,1,1,0,0,0,0,0,0,0,0,0,0,1,0,0,0,0,0,0,0,0,0,0,0,3,0,0,0,0,0,0,0,0,0,0,0,0,0,0,0,0,0,0
"Zotu649",0,3,0,0,0,1,0,0,1,0,0,0,0,1,1,0,0,0,0,0,0,2,1,0,0,1,1,83,67,1,1,1,3,0,199,3,2,23,27,57,1,1,1,2,0,1,2,0,0,0,1,8,2,0,1,0,3,1,1,0,0,2
"Zotu457",0,2,3,4,7,1,3,1,3,1,3,2,2,25,6,3,3,0,2,2,173,2,1,1,5,2,7,0,68,117,3,0,2,1,51,0,0,0,1,1,0,105,1,2,1,0,2,1,0,3,0,17,0,1,0,0,0,1,0,0,0,0
"Zotu4210",0,1,0,1,0,0,0,0,1,3,0,0,0,1,19,0,13,0,6,0,0,0,0,0,0,0,0,0,0,1,0,0,0,0,0,0,0,0,0,0,0,0,0,0,0,0,0,0,0,0,0,2,0,0,0,0,0,0,0,0,0,1
"Zotu1462",0,1,3,0,1,1,2,0,2,0,0,2,2,1,0,3,32,2,0,0,15,135,1,0,0,0,1,1,1,0,1,0,0,1,0,0,0,0,0,0,0,0,0,0,0,0,0,0,0,0,0,5,0,0,0,0,0,0,0,0,0,0
"Zotu2803",0,1,0,0,0,1,0,0,0,0,0,0,0,0,0,1,28,0,0,0,0,0,0,0,0,0,2,0,0,1,0,0,1,1,2,1,0,0,2,0,0,0,0,59,0,0,0,0,0,0,1,0,1,0,0,1,0,0,0,1,0,0
"Zotu1223",0,1,0,0,0,0,0,0,0,0,0,0,0,0,0,0,0,0,0,18,0,0,0,0,0,0,0,0,0,0,16,0,0,0,90,0,0,0,0,0,5,1,0,0,145,0,0,2,1,0,0,0,0,0,0,8,0,0,0,0,0,0
"Zotu4290",0,1,0,9,25,1,0,0,1,0,1,0,0,0,0,1,1,0,0,0,0,1,0,0,0,0,1,1,0,1,0,1,0,0,0,0,0,0,0,1,0,0,0,20,0,0,0,0,0,0,0,0,1,0,0,1,2,1,0,0,0,0
"Zotu3246",0,1,0,1,1,0,0,0,0,0,0,1,0,0,0,0,0,0,1,0,0,0,0,0,0,0,0,0,35,24,1,0,0,0,0,0,0,0,0,0,0,0,1,1,0,0,0,0,0,0,0,8,0,0,0,0,0,0,0,0,0,2
"Zotu3348",0,1,4,11,5,8,11,1,0,1,0,0,0,1,0,0,13,0,0,0,0,0,0,0,1,0,0,0,0,0,0,0,1,1,0,0,23,1,0,0,0,0,0,3,1,1,0,0,0,0,0,0,0,0,0,0,0,0,0,1,0,1
"Zotu2916",0,2,2,1,1,30,16,0,0,20,0,0,2,1,3,3,2,0,0,2,0,0,0,0,0,0,0,1,0,1,1,0,0,0,0,0,0,0,0,0,0,0,0,0,0,0,0,0,1,0,0,0,0,0,0,0,0,0,0,1,0,0
"Zotu4602",0,1,0,1,1,0,0,0,0,0,40,0,0,0,7,0,0,1,0,1,0,0,0,0,0,0,1,0,0,0,1,0,0,0,0,0,0,0,0,0,0,0,0,0,0,0,0,0,0,0,0,0,0,0,0,0,0,0,0,0,0,0
"Zotu2825",0,1,0,3,36,1,45,1,0,0,0,0,0,0,0,0,20,0,0,1,0,0,0,0,0,0,0,0,1,0,0,0,0,0,0,0,1,0,0,0,0,0,0,8,0,0,0,0,0,0,0,0,0,0,0,0,0,0,0,0,0,0
"Zotu3300",0,1,4,1,3,1,0,1,1,0,27,0,0,0,1,0,2,0,0,0,0,0,1,0,0,0,0,0,0,0,1,1,1,0,1,0,0,1,1,0,1,0,0,0,0,2,0,0,0,0,1,0,18,0,0,0,0,0,0,15,2,0
"Zotu5613",0,1,0,2,21,0,0,0,0,0,0,0,0,0,0,0,1,1,0,1,0,0,0,0,0,0,3,1,0,0,0,0,0,0,0,0,0,0,0,0,0,0,0,10,0,0,0,0,0,0,0,0,0,0,0,0,0,0,0,0,0,0
"Zotu4471",0,1,0,1,1,0,1,0,11,0,1,32,0,1,0,1,0,0,0,1,0,2,1,0,0,0,2,0,0,1,0,0,0,0,0,0,0,0,0,0,0,0,0,0,0,0,0,0,0,0,0,0,0,0,0,0,0,0,0,0,0,0
"Zotu5963",0,1,0,0,0,0,1,0,0,0,0,0,0,0,6,1,25,0,0,0,1,0,1,0,0,0,0,0,0,0,0,0,0,0,0,0,0,0,0,1,0,1,0,2,0,0,1,0,0,0,0,0,0,17,0,0,0,0,0,0,0,0
"Zotu5388",0,1,0,0,0,0,0,0,0,0,0,1,0,1,1,0,0,0,0,0,28,0,2,0,0,0,0,0,0,0,0,0,0,0,0,0,1,0,0,0,0,0,1,1,0,0,0,0,0,0,0,3,0,0,0,1,0,0,6,0,0,0
"Zotu737",0,1,1,2,0,0,2,0,0,0,0,1,1,1,6,7,29,0,0,0,19,0,1,1,0,1,1,2,37,1,1,1,2,1,0,1,0,0,92,0,1,2,105,2,1,1,1,2,1,2,1,7,25,1,4,1,1,2,0,2,0,20
"Zotu5539",0,1,13,1,0,1,0,0,0,0,0,0,0,0,0,1,0,1,0,0,0,0,1,0,0,0,0,0,0,0,0,0,0,0,0,0,0,0,0,0,0,0,0,0,0,0,0,0,0,0,0,0,0,0,0,0,0,0,0,0,0,0
"Zotu3865",0,2,0,0,0,0,0,36,0,0,0,0,0,0,0,1,0,0,1,0,1,0,0,0,0,0,0,0,0,0,0,0,0,1,0,0,0,0,1,0,0,0,0,2,0,0,0,1,0,0,0,0,0,0,7,8,0,0,0,0,0,1
"Zotu968",0,1,0,4,4,0,0,0,0,0,0,0,0,1,1,0,0,0,0,0,0,0,0,0,0,0,0,0,0,0,0,0,1,1,1,0,2,1,2,2,1,3,1,10,1,0,4,1,4,3,6,1,1,0,1,24,40,9,118,63,13,8
"Zotu3357",0,1,0,0,0,0,44,0,0,0,0,0,0,0,0,0,1,0,0,0,0,0,0,0,0,2,0,0,0,0,0,0,0,0,0,0,0,0,0,0,0,0,0,0,0,0,0,0,0,0,0,0,0,0,0,0,0,0,0,0,0,0
"Zotu608",0,2,10,3,2,4,3,3,81,56,45,1,0,44,20,2,1,35,54,187,2,0,1,1,0,3,2,4,4,2,2,0,0,0,0,0,0,0,0,0,0,0,0,0,0,0,0,0,30,0,0,0,0,0,0,0,0,0,0,0,0,0
"Zotu5782",0,1,0,0,0,0,0,0,0,0,22,0,0,0,0,0,0,0,0,2,1,0,0,0,0,0,0,0,0,0,0,0,0,0,0,0,0,0,0,0,0,0,0,0,0,0,0,0,0,0,0,0,0,0,0,0,0,0,0,0,0,0
"Zotu1358",0,1,1,0,1,0,1,1,1,0,1,0,1,1,0,0,0,0,0,0,0,0,0,1,0,1,0,73,0,0,1,0,3,0,0,0,0,14,1,0,1,0,106,2,0,0,0,0,0,1,0,0,0,0,0,1,0,0,0,0,0,1
"Zotu5763",0,1,0,2,0,0,3,0,1,0,0,0,0,0,0,0,0,0,17,0,0,0,0,0,1,0,0,0,0,0,0,0,0,0,0,0,0,0,0,0,0,0,0,0,0,0,0,0,0,0,0,0,0,0,0,0,0,0,0,0,0,0
"Zotu949",0,1,4,1,2,0,0,0,0,0,1,0,0,1,0,0,0,0,0,250,1,1,0,0,0,0,1,0,1,1,0,0,0,0,0,0,0,0,0,0,0,0,0,0,0,0,0,0,0,0,0,0,0,0,0,0,0,0,0,0,0,0
"Zotu1781",0,1,0,1,0,0,0,1,8,0,28,0,0,0,0,0,0,0,0,0,0,0,0,0,1,0,0,3,4,0,0,0,1,0,0,2,0,0,0,1,1,1,0,0,2,2,0,0,1,0,0,0,3,31,5,48,7,0,0,1,4,1
"Zotu1035",0,1,22,243,4,2,0,1,1,0,1,1,0,1,1,1,56,0,0,0,2,1,2,0,3,0,3,0,0,0,1,0,0,0,0,0,0,0,0,0,0,0,0,0,0,0,0,0,0,0,0,0,0,0,0,0,0,0,0,0,0,0
"Zotu2598",0,1,0,31,12,1,1,0,0,1,0,0,2,0,2,0,23,0,1,0,0,0,1,0,0,0,2,0,0,1,1,0,0,0,0,0,0,0,0,0,0,0,0,0,0,0,0,0,0,0,0,0,0,0,0,0,0,0,0,0,0,0
"Zotu4630",0,1,0,1,0,0,2,0,0,0,1,0,0,0,1,0,15,0,0,0,0,0,0,0,0,0,0,0,0,1,0,0,1,1,0,0,1,0,0,33,1,0,2,0,0,0,0,1,1,2,1,3,0,0,0,0,0,0,0,0,1,0
"Zotu981",0,3,0,1,0,0,0,0,0,0,0,0,0,0,0,0,0,0,0,0,0,0,0,0,0,0,0,0,0,0,0,0,1,4,0,0,1,2,3,0,0,2,1,0,3,97,41,1,62,43,19,0,2,1,7,1,2,1,3,0,6,0
"Zotu3527",0,1,33,2,0,1,0,1,0,0,0,1,1,0,1,0,0,27,0,1,0,0,1,0,0,2,0,1,0,1,0,0,0,0,0,0,0,0,0,0,0,0,0,0,0,0,0,0,0,0,0,0,0,0,0,0,0,0,0,0,0,0
"Zotu2506",0,2,75,0,2,0,1,2,58,0,1,41,1,1,26,0,2,1,2,0,6,2,2,0,1,2,3,1,0,3,1,0,0,0,0,0,0,0,0,0,0,0,0,0,0,0,0,0,0,0,0,0,0,1,0,0,0,0,0,0,0,0
"Zotu565",0,1,3,1,2,1,1,1,66,1,13,1,0,0,26,1,5,178,64,0,0,1,0,1,1,1,0,0,1,0,2,0,1,0,0,0,0,0,0,1,1,0,0,0,2,0,2,0,1,0,1,1,0,0,83,16,2,0,12,6,1,6
"Zotu5136",0,1,0,1,19,0,1,0,1,0,0,0,0,0,0,0,0,0,0,2,0,1,0,0,0,0,0,0,0,1,0,0,0,0,0,0,0,0,0,0,0,0,0,0,0,0,0,0,0,0,0,0,0,0,0,0,0,0,0,0,0,0
"Zotu6113",0,1,0,0,0,0,0,0,25,0,0,0,0,0,0,0,1,0,0,0,0,0,0,0,0,0,0,0,0,0,1,0,0,0,0,0,0,0,0,0,0,0,0,0,0,0,0,0,0,0,0,0,0,0,0,0,0,0,0,0,0,0
"Zotu2018",0,1,0,0,1,1,2,0,22,8,60,3,0,0,7,1,0,0,23,0,1,0,0,1,0,1,0,0,0,1,0,0,0,0,0,0,0,0,29,0,0,0,1,3,1,0,0,1,0,0,10,0,0,0,2,0,1,0,0,12,0,0
"Zotu2397",0,1,0,2,0,0,0,0,0,0,12,0,0,0,4,0,0,25,44,0,0,0,0,0,0,0,0,1,1,0,0,0,0,0,0,0,0,0,0,0,0,0,0,0,0,0,0,0,0,0,0,0,0,0,2,12,0,0,0,0,0,0
"Zotu5062",0,1,2,2,17,0,23,2,0,0,0,0,0,0,1,0,7,1,0,0,0,0,3,0,0,0,0,0,0,1,0,0,0,0,0,0,0,0,0,0,0,0,0,0,0,0,0,0,0,0,0,0,0,0,0,0,0,0,0,0,0,0
"Zotu1687",0,1,1,0,1,1,0,0,0,1,0,22,1,0,3,1,0,0,21,0,0,0,0,0,2,0,0,28,9,0,0,0,0,0,0,0,10,0,0,0,1,1,1,0,0,0,1,0,0,1,0,0,0,0,0,0,1,65,0,0,0,0
"Zotu4551",0,1,0,0,1,0,0,0,0,0,0,0,0,0,7,0,0,0,0,0,24,0,1,0,0,0,0,0,0,1,0,0,0,0,0,0,0,0,0,0,0,0,0,0,0,0,0,0,0,0,0,9,0,0,0,0,0,0,0,0,0,0
"Zotu6381",0,1,0,1,2,1,0,0,0,0,10,0,1,0,1,0,1,0,25,1,0,0,3,0,1,0,1,0,0,0,0,0,0,0,0,0,0,0,0,0,0,0,0,0,0,0,0,0,0,0,0,0,0,0,0,0,0,0,0,0,0,0
"Zotu6064",0,1,30,1,0,0,0,0,0,0,0,1,1,0,0,0,0,0,1,0,0,0,0,0,0,0,1,0,2,0,0,0,0,0,0,0,0,0,0,0,0,0,0,0,0,0,0,0,0,0,0,0,0,0,0,0,0,0,0,0,0,0
"Zotu4539",0,1,0,5,6,2,3,0,0,2,0,0,0,9,1,1,9,0,0,0,2,0,0,0,0,0,0,0,0,2,1,1,0,0,0,1,0,0,1,1,0,0,0,0,1,0,0,0,0,0,1,0,0,0,0,1,0,0,7,17,15,4
"Zotu3368",0,1,3,0,0,9,17,0,8,1,3,0,0,11,2,0,6,0,0,0,9,1,0,1,1,1,2,0,0,1,0,0,0,0,0,0,0,0,0,0,0,0,0,1,0,0,0,0,0,0,0,4,9,0,0,0,0,0,0,0,0,0
"Zotu5567",0,1,0,5,12,1,0,1,0,0,1,0,0,0,2,0,12,0,0,0,0,1,0,0,0,1,0,1,0,4,0,0,0,1,0,1,0,0,0,0,0,0,0,12,0,0,0,0,1,0,0,0,0,0,0,0,0,0,0,0,0,0
"Zotu4223",0,2,6,0,0,0,0,0,0,0,1,0,0,0,5,0,0,0,0,0,0,0,0,0,0,0,0,0,0,0,0,0,0,0,0,0,0,0,0,0,0,0,0,0,0,0,0,0,0,0,0,0,0,17,0,0,0,0,0,1,0,0
"Zotu982",0,1,2,0,3,1,0,0,6,0,0,0,0,0,1,0,0,41,0,0,1,0,1,0,0,0,0,0,0,1,0,1,0,0,0,0,2,1,1,3,0,1,0,0,2,56,69,27,53,1,0,0,0,1,0,3,0,0,2,2,0,1
"Zotu3350",0,1,0,0,0,0,0,0,0,0,0,1,1,0,0,0,0,0,0,0,0,0,0,0,1,1,0,1,0,0,66,0,0,0,0,0,0,0,0,0,0,0,0,0,0,0,0,0,0,0,0,0,0,0,0,0,0,0,0,0,0,0
"Zotu3988",0,1,0,0,0,2,2,0,0,1,0,0,1,0,0,0,0,0,0,2,0,0,0,0,0,0,0,34,0,0,0,0,0,0,0,0,0,0,0,0,0,0,0,0,0,0,0,0,0,0,0,0,0,0,0,0,0,0,0,0,0,0
"Zotu500",0,1,4,0,1,0,0,12,0,1,0,12,1,20,4,0,0,0,0,0,0,2,0,1,0,0,0,1,0,0,1,3,1,5,0,2,3,3,4,7,1,0,2,0,80,2,3,3,2,3,9,2,1,6,2,9,4,7,17,163,129,81
"Zotu1552",0,2,0,7,1,1,2,0,0,3,0,0,0,1,1,0,22,1,1,0,0,0,0,0,0,0,0,16,1,1,1,0,1,0,0,0,2,1,0,1,0,0,124,7,0,0,0,0,0,0,0,0,0,0,2,0,1,0,0,0,0,0
"Zotu3435",0,1,0,0,1,1,0,51,1,2,0,0,0,0,5,1,4,0,0,0,0,0,1,0,0,0,0,0,0,0,0,0,0,0,0,0,0,0,0,0,0,1,0,0,0,0,0,0,0,0,0,3,0,0,0,0,0,0,0,0,0,0
"Zotu5145",0,1,0,0,0,0,0,0,0,0,1,0,0,0,0,0,0,0,0,0,0,1,0,0,0,0,0,0,26,0,0,0,0,0,0,0,0,0,0,0,0,0,0,0,0,0,0,0,0,0,0,0,0,0,0,0,0,0,0,0,0,0
"Zotu4659",0,1,1,0,0,0,1,0,0,0,0,45,0,0,0,0,0,0,0,0,0,0,0,0,1,0,0,0,1,0,0,0,0,0,0,0,0,0,0,0,0,0,0,0,0,0,0,0,0,0,0,0,0,0,0,0,0,0,0,0,0,0
"Zotu4953",0,2,0,18,10,0,0,0,0,0,0,2,0,0,0,0,0,0,0,0,0,0,0,0,0,0,1,0,0,0,1,0,0,0,0,0,0,0,0,0,0,0,0,9,0,0,0,0,0,0,0,0,0,1,0,0,0,0,0,0,0,0
"Zotu1684",0,1,0,0,0,0,0,0,0,0,0,0,0,16,4,0,1,0,0,0,0,0,0,0,0,0,0,0,0,1,2,0,81,0,0,0,0,34,0,0,0,1,2,7,0,0,0,2,0,1,0,0,1,0,0,1,0,1,0,0,0,4
"Zotu4377",0,1,12,2,0,0,0,0,0,1,0,0,0,0,3,0,0,0,0,0,0,0,0,0,0,2,0,0,0,0,0,0,0,2,0,0,0,0,0,0,1,0,0,0,0,1,0,0,0,0,0,19,0,0,0,0,0,0,0,0,0,0
"Zotu551",0,2,0,0,1,0,0,0,0,0,1,0,1,0,0,1,1,0,0,0,0,2,0,0,0,72,0,180,19,0,55,2,2,1,3,2,136,2,133,0,0,0,1,6,0,1,0,0,2,0,0,0,0,0,1,0,1,1,0,0,0,4
"Zotu2965",0,1,0,0,2,0,0,2,3,0,0,0,0,0,1,1,4,0,0,0,13,0,0,0,0,0,0,0,1,1,0,0,0,0,1,1,2,0,0,1,1,0,0,4,0,0,0,0,1,0,0,7,0,2,1,1,0,0,0,0,5,18
"Zotu1578",0,1,1,3,0,0,0,37,1,0,0,0,0,2,0,0,10,1,0,0,39,3,1,1,2,0,0,1,21,1,0,0,0,0,0,0,0,0,2,29,1,1,0,2,0,0,0,0,1,0,1,2,0,1,0,0,0,1,1,0,0,0
"Zotu1247",0,1,3,0,2,0,0,1,22,1,0,36,1,0,10,2,13,0,83,0,1,1,2,0,0,0,1,0,0,1,0,1,0,0,1,0,1,0,2,2,0,0,0,7,0,0,0,1,1,1,0,5,51,0,0,0,0,0,0,0,14,0
"Zotu4537",0,1,6,0,0,0,0,0,0,0,0,0,0,20,1,0,0,0,1,0,0,0,0,2,0,0,0,0,0,0,0,0,0,0,0,0,0,0,0,0,0,0,0,0,0,0,0,0,0,0,0,0,0,0,0,0,0,0,0,0,0,0
"Zotu1924",0,1,0,1,1,0,0,1,0,1,0,51,0,4,4,0,4,2,0,0,3,0,1,0,3,2,0,0,0,4,0,1,0,0,0,0,0,0,2,0,1,0,2,0,1,0,5,1,2,2,0,24,3,21,1,0,0,0,1,0,2,3
"Zotu5632",0,4,0,0,0,1,0,0,0,1,0,0,0,36,1,0,0,0,0,0,1,0,1,0,0,0,0,1,0,0,0,0,0,0,0,0,0,0,0,0,0,0,0,7,0,0,1,0,0,0,0,0,0,0,0,0,0,0,0,0,0,0
"Zotu1563",0,1,15,0,1,0,0,0,27,0,13,0,0,16,8,1,2,0,9,1,0,0,1,0,0,1,1,0,0,0,0,0,0,0,0,0,2,0,0,0,0,0,1,0,1,0,86,0,0,0,0,0,0,0,0,0,1,0,0,0,0,0
"Zotu4431",0,1,0,0,2,0,0,0,0,1,0,1,0,43,3,0,0,2,0,0,0,0,0,0,0,0,0,0,0,0,0,0,0,0,0,0,0,0,0,0,0,0,0,0,0,0,0,0,0,0,0,0,0,0,0,0,0,0,0,0,0,0
"Zotu484",0,1,1,1,4,1,0,0,19,3,56,1,0,0,19,2,4,1,102,1,0,0,0,0,0,0,0,1,1,0,0,0,1,3,1,2,1,1,1,0,1,3,2,23,4,145,0,4,1,2,69,16,3,1,12,0,1,1,24,215,18,1
"Zotu1378",0,1,0,0,2,0,0,0,0,0,0,2,0,0,0,0,11,0,0,0,0,0,0,0,0,0,0,1,0,0,0,1,2,2,4,0,0,1,0,0,0,1,2,0,1,1,2,0,0,0,0,0,1,2,153,0,0,1,2,0,2,2
"Zotu1380",0,2,0,1,0,2,1,0,0,1,0,1,0,2,0,1,1,1,0,4,0,0,0,0,148,1,1,0,0,0,2,0,0,0,0,1,0,0,0,0,0,23,3,0,0,0,0,0,0,0,1,0,0,0,0,0,0,0,0,0,0,8
"Zotu1825",0,1,0,14,33,0,0,0,0,0,0,0,1,0,0,2,2,1,0,0,0,2,0,0,0,0,0,0,0,0,0,0,0,0,0,0,0,1,13,0,1,1,0,5,2,0,0,1,0,0,0,0,0,0,1,7,0,97,0,1,0,0
"Zotu696",0,1,0,5,1,0,0,0,0,1,1,2,1,0,1,1,2,0,0,1,6,0,6,1,4,0,0,0,0,38,3,3,4,5,2,3,4,3,3,5,7,0,1,0,49,1,3,2,4,3,60,62,5,48,3,3,0,0,0,0,19,186
"Zotu474",0,1,1,2,0,0,0,1,0,1,0,2,3,0,1,2,16,1,0,2,27,3,0,0,177,1,0,0,1,0,0,1,4,2,1,1,0,1,3,2,2,0,350,2,0,0,0,1,1,0,1,16,1,2,0,0,0,2,2,0,0,20
"Zotu335",0,1,8,0,1,3,1,0,22,1,0,65,0,2,17,0,2,2,21,0,0,0,0,0,1,0,0,2,0,1,0,4,2,3,4,13,4,3,1,2,2,2,4,4,2,100,134,4,6,3,14,3,0,1,0,4,312,104,5,7,8,5
"Zotu3214",0,1,4,2,0,4,15,1,1,34,1,1,0,1,6,1,11,0,0,1,3,0,0,0,0,2,0,1,0,0,0,0,0,0,0,0,0,0,0,0,0,0,0,4,0,0,0,0,0,0,0,0,0,0,0,0,0,0,0,0,0,0
"Zotu2168",0,1,0,1,2,0,3,8,16,0,65,16,0,16,10,0,0,2,3,2,0,1,0,0,2,1,1,0,0,2,0,0,0,0,0,0,0,0,0,0,0,0,0,0,0,0,0,0,0,0,0,0,0,0,0,0,0,0,0,0,0,0
"Zotu1513",0,1,1,0,0,0,1,0,0,1,0,2,2,1,0,0,0,0,0,0,0,1,0,0,0,2,2,0,0,61,1,0,3,1,1,1,1,0,1,1,1,0,1,1,0,0,0,0,0,0,2,62,0,22,0,0,1,1,0,1,1,1
"Zotu4910",0,1,0,26,0,0,1,1,0,1,0,0,0,0,0,0,20,1,0,0,0,0,0,0,1,0,0,0,0,1,0,0,0,0,0,0,0,0,0,0,0,0,0,0,0,0,0,0,0,0,0,0,0,0,0,0,0,0,0,0,0,0
"Zotu767",0,1,37,0,5,1,3,2,0,0,1,44,0,38,17,2,64,4,1,4,25,0,0,2,0,0,4,1,71,45,0,0,0,114,0,0,2,0,2,0,1,0,0,0,0,0,0,0,0,1,1,25,1,1,1,0,0,1,0,0,0,1
"Zotu5215",0,1,0,0,0,0,0,0,0,0,0,0,0,0,0,0,0,0,0,0,3,0,0,0,0,0,0,0,0,0,0,0,0,0,0,0,1,0,0,0,0,0,0,2,0,0,0,0,0,0,1,4,1,0,0,0,0,0,14,0,0,11
"Zotu4653",0,1,0,1,0,0,10,0,0,0,0,1,0,23,6,1,0,0,1,0,0,1,0,0,0,0,0,0,0,0,0,0,0,0,0,0,0,0,0,0,0,0,0,0,0,0,0,0,0,0,0,1,0,0,0,0,0,0,0,0,0,0
"Zotu2468",0,1,0,64,11,0,0,0,1,2,4,0,1,1,1,1,5,0,0,0,1,1,0,1,4,1,3,0,0,0,1,0,2,0,0,0,0,0,0,0,0,0,0,1,0,0,0,0,0,0,0,0,0,0,1,0,0,0,0,0,0,0
"Zotu1875",0,1,12,0,2,6,0,0,0,0,0,0,0,9,3,0,8,0,0,0,4,0,0,0,0,0,0,0,0,1,0,1,0,1,1,0,1,21,1,1,0,18,1,15,0,2,2,4,2,0,1,1,0,0,2,7,45,0,0,2,11,0
"Zotu2358",0,1,9,3,1,0,18,0,2,2,0,1,0,10,3,0,9,2,15,1,0,2,1,0,0,0,0,6,0,0,0,0,0,0,0,0,0,0,0,0,0,0,0,0,0,0,0,0,0,0,0,0,13,0,0,0,0,0,0,0,11,0
"Zotu5526",0,1,2,2,0,0,1,2,0,4,0,22,2,0,1,0,0,0,2,0,4,1,0,0,2,2,1,0,0,1,0,0,0,0,0,1,0,0,0,0,0,0,0,0,0,0,0,0,0,0,0,0,0,0,0,0,0,0,0,0,0,1
"Zotu1450",0,1,1,9,7,0,0,0,0,1,0,0,0,0,0,0,0,0,4,0,0,0,0,0,0,0,0,0,0,0,0,0,0,31,0,185,0,2,31,0,0,1,0,0,0,1,2,2,0,2,1,2,0,1,0,0,1,0,1,0,0,2
"Zotu6056",0,2,0,16,2,0,0,1,0,1,2,13,0,1,1,0,15,0,1,1,2,0,0,0,0,0,1,0,0,0,0,0,0,0,0,2,0,0,0,0,0,1,2,1,0,0,1,0,0,0,0,2,0,0,0,0,0,0,1,6,0,1
"Zotu2409",0,1,0,0,2,35,66,1,4,3,0,1,0,0,0,0,0,3,0,0,0,1,1,2,1,3,1,1,1,2,0,0,0,0,0,0,0,0,0,0,0,0,0,0,0,0,0,0,0,0,0,0,0,0,0,0,0,0,0,0,0,0
"Zotu752",0,1,1,4,1,1,1,2,9,5,45,1,1,0,0,0,0,0,15,0,0,0,0,1,0,2,0,0,0,0,1,0,1,1,1,0,1,0,0,0,1,2,0,24,1,2,3,46,26,1,1,6,2,3,1,0,2,0,63,64,17,1
"Zotu4547",0,1,0,0,1,0,1,0,0,1,2,2,1,0,0,1,41,0,0,0,0,0,0,0,0,0,0,0,0,0,0,0,0,0,0,0,0,0,0,0,0,0,0,0,0,0,0,0,0,0,0,0,0,0,0,0,0,0,0,0,0,0
"Zotu5743",0,1,0,16,7,0,0,0,0,0,0,0,0,0,0,0,10,0,0,0,0,0,1,0,1,1,0,0,0,1,0,0,0,0,0,0,0,0,0,0,0,0,0,0,0,0,0,0,0,0,0,0,0,0,0,0,0,0,0,0,0,0
"Zotu2232",0,2,2,1,0,3,44,1,0,0,0,0,0,1,1,2,23,1,0,0,0,1,0,1,0,0,1,0,0,2,1,1,2,1,0,0,0,1,0,0,0,0,0,0,0,0,0,1,57,0,0,0,0,1,0,0,0,0,0,0,0,0
"Zotu5902",0,1,0,0,0,0,0,0,0,0,0,0,1,0,1,0,0,0,0,0,0,0,0,0,0,0,0,0,2,21,0,0,0,0,0,0,0,0,13,0,0,0,2,9,0,0,1,0,0,1,0,0,0,0,0,0,0,0,1,10,0,0
"Zotu3074",0,1,0,16,0,0,47,0,0,0,1,0,0,0,0,2,0,0,0,0,0,0,0,0,0,0,0,0,0,0,0,0,0,0,0,0,0,0,0,0,0,0,0,28,0,0,0,0,0,0,0,0,0,0,0,0,0,0,0,0,0,0
"Zotu3647",0,1,0,0,0,0,44,0,0,1,0,0,1,0,0,0,0,0,0,0,0,0,0,0,0,1,0,0,1,0,0,0,0,0,0,0,0,1,0,0,0,0,0,0,0,0,0,0,0,0,0,0,0,0,0,0,0,0,0,0,0,0
"Zotu2392",0,1,10,0,0,0,1,0,0,0,34,0,0,1,0,0,0,36,0,0,0,0,0,0,0,0,0,0,0,0,0,0,0,0,0,0,1,0,0,0,0,12,0,0,0,0,0,0,0,0,0,0,0,0,10,15,0,0,1,14,0,0
"Zotu4584",0,1,0,0,0,0,1,0,1,0,0,0,1,27,2,0,0,2,0,0,0,0,0,0,0,0,0,0,0,0,0,0,0,0,0,0,0,0,0,0,0,0,0,1,0,1,0,0,0,0,0,1,0,0,0,0,0,0,0,0,0,1
"Zotu4796",0,1,2,0,31,0,1,0,1,0,0,0,0,0,0,0,0,0,0,0,0,0,0,0,0,0,0,0,0,0,0,0,0,0,0,0,0,0,0,0,0,0,0,0,0,0,0,0,0,0,0,0,0,0,0,0,0,0,0,0,0,0
"Zotu2648",0,1,6,0,1,0,1,0,0,0,0,0,1,0,0,0,0,0,45,0,1,0,0,0,0,0,0,0,0,0,0,0,0,0,1,0,0,0,0,0,0,1,0,1,0,0,1,0,0,0,0,0,0,1,19,34,0,0,0,0,23,0
"Zotu3548",0,1,0,14,0,0,0,0,0,0,0,0,1,0,0,0,1,0,0,0,0,0,0,0,0,0,0,0,4,1,0,0,0,1,3,1,0,1,0,0,0,1,1,46,0,0,2,1,0,0,0,0,0,1,0,0,0,0,1,1,0,1
"Zotu5412",0,1,1,11,8,0,0,1,0,0,0,0,0,0,0,0,1,1,0,0,0,0,0,0,0,0,0,1,0,0,0,1,0,0,0,0,0,0,0,1,1,0,0,28,0,0,0,0,0,0,0,0,0,0,0,0,0,0,0,0,0,1
"Zotu414",0,1,34,10,12,0,0,0,2,1,45,0,1,2,12,1,1,0,55,0,1,0,0,0,0,2,1,1,3,1,2,5,6,2,2,1,3,23,0,3,3,2,4,4,2,1,72,2,5,1,1,4,5,5,107,97,95,152,3,3,5,11
"Zotu5056",0,1,1,1,0,1,0,0,7,0,19,0,0,2,1,0,0,1,0,0,7,1,0,0,0,17,0,0,0,0,0,0,0,0,0,0,0,0,0,0,0,0,0,0,0,0,0,0,0,0,0,0,0,0,0,0,0,0,0,0,0,0
"Zotu668",0,1,26,0,0,1,0,0,41,0,41,0,0,0,3,0,0,1,0,0,0,1,0,0,0,0,2,0,0,0,1,3,2,0,1,1,0,2,1,0,1,0,1,0,1,2,0,1,0,1,3,0,0,1,12,52,64,1,55,75,2,0
"Zotu5249",0,1,1,0,0,3,0,0,0,0,0,2,0,1,1,0,0,21,0,0,0,0,0,0,0,0,0,0,2,9,0,0,1,2,1,0,0,0,0,7,1,1,0,5,0,1,1,0,0,0,0,0,1,0,1,2,0,0,8,4,6,0
"Zotu2027",0,1,0,28,30,1,4,0,1,7,0,3,1,2,0,2,26,1,1,1,1,0,2,2,0,0,0,1,2,1,0,0,0,0,0,0,0,0,0,0,0,0,0,2,0,0,0,0,0,0,0,0,0,0,0,0,0,0,0,2,0,0
"Zotu4300",0,1,4,12,0,1,1,1,0,1,0,0,0,0,1,0,12,0,1,0,0,0,0,0,1,0,0,0,0,0,0,0,0,1,0,0,0,0,0,0,0,0,0,5,0,0,0,0,0,0,0,0,0,0,0,0,0,0,0,0,1,0
"Zotu5052",0,1,0,1,12,1,1,0,0,0,0,0,2,1,0,0,13,0,0,0,23,0,0,0,2,0,1,0,0,0,0,0,0,0,0,0,0,0,0,0,0,0,0,0,0,0,0,0,0,0,0,3,0,0,0,0,0,0,0,0,0,0
"Zotu741",0,1,47,28,0,0,3,1,2,0,1,0,1,1,7,1,6,0,1,0,1,113,0,0,0,1,0,0,1,1,0,2,3,2,3,1,43,1,36,1,1,0,0,62,2,0,76,0,0,1,0,3,0,0,15,5,1,0,0,6,1,1
"Zotu2659",0,1,0,0,0,0,0,0,3,0,0,0,0,0,2,0,1,0,0,1,0,0,0,2,0,0,0,0,0,0,0,0,0,52,1,0,0,2,0,0,0,0,1,0,0,1,0,1,2,1,0,0,0,16,1,0,1,0,0,0,0,0
"Zotu828",0,1,0,2,0,0,2,0,0,3,79,142,0,0,1,1,0,0,38,0,0,0,0,0,0,0,0,0,3,2,1,0,0,0,0,0,1,0,0,1,0,0,0,0,1,0,0,0,0,0,1,0,0,0,0,0,0,0,0,34,0,0
"Zotu4453",0,1,0,5,0,1,0,1,1,1,0,1,0,0,6,1,13,0,17,1,2,0,0,0,0,3,0,1,0,9,0,0,0,0,0,0,1,1,0,0,0,2,0,1,0,0,0,1,0,0,0,3,0,0,0,0,0,0,0,0,0,6
"Zotu2539",0,1,1,1,0,2,0,0,1,1,1,0,0,0,0,0,0,0,0,0,0,0,0,0,0,0,0,67,0,0,0,0,0,0,0,0,0,0,0,0,0,0,0,0,0,0,1,0,0,0,0,0,0,0,13,0,0,0,0,0,0,0
"Zotu4786",0,1,2,9,16,0,0,0,0,0,0,1,0,1,0,0,5,0,0,0,1,1,0,0,0,0,1,0,1,0,0,0,0,0,0,0,0,0,0,0,0,0,0,3,0,0,1,0,0,0,0,0,0,0,0,0,0,0,0,0,0,0
"Zotu1257",0,1,2,19,17,2,2,1,0,11,0,0,1,2,3,1,32,2,1,1,0,1,1,2,180,3,0,0,2,2,0,0,0,0,0,0,0,0,0,0,0,0,0,1,0,0,0,0,0,0,0,0,0,0,0,0,0,0,0,0,0,0
"Zotu687",0,1,8,1,0,0,0,0,0,1,14,0,3,0,2,0,0,1,28,0,0,0,1,0,0,1,0,50,14,0,0,1,0,0,129,0,63,12,14,3,2,0,1,1,0,2,1,0,0,1,2,4,1,0,5,0,1,0,28,58,2,0
"Zotu923",0,1,0,0,0,0,0,1,0,0,1,0,0,0,5,0,13,0,0,0,10,0,0,0,0,0,0,0,0,0,0,0,68,2,0,36,0,1,0,1,0,1,2,6,0,3,32,0,0,3,1,10,30,26,0,0,0,2,1,1,0,0
"Zotu1868",0,1,2,2,0,0,0,0,0,0,0,0,0,1,3,0,0,0,0,0,0,0,0,0,0,0,1,0,0,0,0,1,1,0,0,0,0,1,1,0,0,0,0,1,66,1,1,0,59,3,0,2,0,1,0,0,0,0,1,0,0,0
"Zotu2221",0,1,0,37,13,0,0,20,0,0,1,1,0,0,0,0,13,0,0,2,0,0,0,0,0,1,0,0,0,0,0,0,0,0,0,0,0,0,0,0,0,0,0,6,0,0,0,0,0,0,2,9,0,0,0,0,0,0,0,0,0,1
"Zotu4021",0,1,0,1,4,0,0,0,0,0,0,1,0,0,0,1,6,0,0,0,1,0,0,0,1,0,1,0,0,0,0,0,0,0,0,0,0,0,1,33,0,0,0,1,0,0,0,1,0,2,0,3,0,1,0,0,0,0,0,4,1,1
"Zotu5053",0,1,0,0,0,0,1,0,0,0,0,0,0,23,0,0,0,0,0,0,0,0,0,0,0,0,0,0,0,0,0,0,0,0,0,0,0,0,0,0,0,0,0,0,0,0,0,0,0,0,0,0,0,0,0,0,0,0,0,0,0,0
"Zotu2984",0,1,8,1,3,2,11,0,8,0,1,0,0,0,21,0,3,1,0,1,0,0,0,0,0,1,1,0,1,0,1,3,35,2,0,5,1,0,0,0,0,0,0,0,0,0,0,0,0,0,1,0,19,0,1,0,0,1,0,1,0,0
"Zotu1516",0,1,1,0,0,0,0,0,0,0,0,1,0,0,0,0,1,1,0,0,0,0,0,0,0,0,0,0,8,13,0,0,105,39,3,1,0,0,1,0,1,0,3,1,1,0,1,0,0,1,0,0,2,1,0,0,0,1,0,0,1,1
"Zotu5764",0,1,0,0,0,0,0,0,0,0,0,0,0,0,0,0,0,0,21,0,0,0,0,0,0,0,0,0,0,0,0,0,0,0,0,0,0,0,0,0,0,0,0,0,0,0,0,0,0,0,0,0,0,0,0,0,0,0,0,0,0,0
"Zotu5312",0,1,0,0,2,15,0,0,0,0,0,0,0,0,0,0,0,0,0,0,0,0,0,0,0,0,0,0,0,0,0,0,1,0,0,0,0,0,0,1,0,1,1,1,0,1,0,0,0,0,0,0,0,0,0,0,0,0,26,2,0,18
"Zotu2189",0,1,1,0,1,0,1,1,38,0,0,49,1,0,0,0,4,2,0,0,0,0,0,0,0,0,0,0,0,0,0,0,0,1,0,0,1,0,0,1,0,0,0,0,0,1,1,0,0,0,1,0,0,0,1,0,1,0,3,62,0,10
"Zotu350",0,1,0,0,0,1,1,5,0,0,2,0,2,1,5,1,9,2,1,1,60,0,0,1,0,56,0,1,16,14,0,5,5,103,4,2,4,5,2,3,2,90,1,1,3,4,5,4,0,6,2,172,89,84,1,2,0,1,1,1,3,46
"Zotu2214",0,1,0,89,0,0,0,1,1,0,0,3,0,0,0,1,6,0,1,0,1,0,1,0,1,0,0,0,2,0,0,0,0,0,0,0,0,0,0,0,0,0,0,1,0,0,0,0,0,0,0,1,0,0,0,0,0,0,0,0,0,0
"Zotu2502",0,2,0,12,1,0,0,0,6,0,0,0,1,1,0,0,11,0,0,0,18,0,0,0,1,0,0,2,0,0,1,1,1,54,0,1,0,0,0,1,1,1,0,4,0,0,1,0,0,1,0,2,0,14,2,0,0,0,0,0,2,11
"Zotu1329",0,1,0,2,8,0,0,2,0,1,0,0,0,0,5,1,1,34,108,0,0,2,1,0,1,0,0,0,0,0,1,0,0,0,0,0,0,0,0,0,0,0,0,0,0,0,0,0,0,0,0,0,0,47,0,0,0,0,0,0,0,0
"Zotu6333",0,1,0,0,0,0,0,0,0,0,1,0,0,1,0,0,0,0,0,0,0,0,0,0,0,16,0,0,0,0,0,0,0,0,0,0,0,0,1,0,0,0,0,0,0,0,0,0,0,0,0,0,0,0,0,1,2,0,0,0,0,0
"Zotu2270",0,1,1,1,0,1,2,2,0,2,0,2,0,0,17,1,0,0,100,0,0,0,0,1,1,0,0,0,12,2,2,0,0,0,0,0,0,0,0,0,0,0,0,0,0,0,0,0,0,0,0,8,0,0,0,8,0,0,0,0,0,0
"Zotu1144",0,1,11,0,2,2,1,2,7,3,1,0,2,2,9,0,0,62,33,0,0,2,0,0,3,0,1,3,5,0,1,0,1,1,2,1,0,0,0,0,0,1,0,1,1,0,0,0,0,1,1,3,0,0,8,2,3,2,0,5,68,1
"Zotu4878",0,1,0,1,0,0,0,0,1,2,20,1,0,0,0,0,0,0,0,0,0,0,0,0,0,0,0,0,0,0,0,1,0,0,0,0,0,0,0,0,0,0,0,0,0,0,0,0,0,0,0,5,0,0,0,0,13,0,1,0,7,0
"Zotu5071",0,1,4,7,17,1,1,0,2,0,2,1,0,1,0,0,33,0,0,0,2,0,0,0,0,0,0,1,0,0,0,0,0,0,1,0,0,0,0,0,0,0,0,3,0,0,0,0,0,0,0,0,0,0,0,0,0,0,0,0,0,0
"Zotu4181",0,1,0,0,3,0,0,0,0,0,29,0,0,1,0,0,5,0,0,0,0,0,0,0,0,0,0,0,0,0,1,0,0,0,0,0,0,0,0,0,0,0,0,0,0,0,0,0,0,0,0,0,0,0,0,0,0,0,0,0,0,0
"Zotu2614",0,1,3,0,0,10,0,0,0,0,0,0,0,0,0,2,0,0,0,0,0,0,0,0,0,16,0,0,0,0,0,0,0,1,0,0,22,1,0,0,0,1,0,0,0,0,0,10,36,0,0,0,1,0,0,0,0,0,0,0,0,0
"Zotu3139",0,1,4,2,0,0,0,0,0,0,0,1,0,0,0,0,8,0,0,0,0,0,0,0,0,0,0,0,0,0,0,0,0,0,0,0,1,45,0,0,1,1,2,0,0,0,0,0,1,0,0,7,0,2,0,0,0,1,0,0,0,0
"Zotu760",0,1,2,0,3,1,1,0,1,0,0,0,1,2,4,0,7,1,0,0,10,68,2,0,1,1,0,1,20,23,1,2,0,1,233,2,0,1,3,0,0,28,0,1,0,0,1,0,2,0,0,2,0,1,0,1,1,1,0,0,0,1
"Zotu3314",0,1,0,0,0,0,0,0,0,0,0,1,1,0,0,0,3,0,0,1,18,0,0,0,2,0,1,0,29,17,1,0,0,0,0,0,0,0,0,0,0,0,0,0,0,0,1,0,0,0,0,13,0,0,0,0,0,0,0,0,0,0
"Zotu6388",0,1,0,6,0,0,0,0,0,0,1,0,0,0,2,0,2,0,0,0,1,0,2,0,0,0,0,0,0,0,0,0,0,0,0,0,0,0,0,0,0,0,0,0,0,0,0,0,0,0,0,0,0,0,0,0,0,0,0,0,0,0
"Zotu506",0,1,1,0,0,2,1,0,0,12,0,9,0,2,1,1,2,0,1,235,0,0,1,0,1,0,110,121,0,0,0,0,0,0,2,0,0,0,33,0,1,0,0,0,38,0,0,0,1,0,2,3,0,0,0,1,0,0,18,1,1,0
"Zotu4214",0,1,1,6,39,0,0,1,0,0,1,0,0,0,0,0,0,0,0,0,1,1,1,0,0,0,1,0,0,0,1,0,0,0,0,0,0,0,0,0,0,0,0,0,0,0,1,0,0,0,0,0,0,0,0,1,0,0,0,0,0,0
"Zotu3325",0,1,1,48,0,1,3,0,2,6,3,0,2,3,2,0,11,1,3,1,0,2,5,2,0,2,0,2,0,0,1,0,0,0,1,2,1,0,0,2,0,2,0,8,0,2,2,1,0,3,1,6,1,0,1,0,0,0,0,1,0,2
"Zotu4043",0,1,0,0,0,0,0,0,12,0,0,0,0,0,1,0,0,0,0,0,0,0,0,0,0,1,0,0,0,0,0,0,0,0,0,0,0,0,0,0,0,0,0,0,0,0,1,0,0,0,0,0,0,0,6,5,0,0,0,0,0,0
"Zotu3643",0,1,0,0,0,0,0,0,0,0,0,1,0,0,0,1,0,0,18,0,0,0,0,0,0,0,0,0,26,0,0,0,0,0,0,0,0,0,0,0,0,0,0,0,0,0,0,0,0,0,1,11,0,0,0,0,0,0,0,0,0,0
"Zotu4914",0,1,0,0,0,0,1,0,1,0,19,0,0,0,1,0,0,2,15,0,0,0,0,0,0,1,0,1,0,0,1,0,0,0,0,0,0,0,0,0,0,0,0,0,0,0,0,0,0,0,0,0,0,0,0,0,0,0,0,0,0,0
"Zotu4743",0,1,0,0,0,1,1,0,0,0,0,0,0,1,0,0,0,0,27,0,0,0,0,0,0,0,0,1,0,0,0,0,0,0,0,0,0,0,0,0,0,0,0,0,0,0,0,0,0,0,0,0,0,0,0,0,0,0,0,0,0,0
"Zotu1986",0,1,0,0,0,0,0,0,10,0,0,48,0,0,3,0,0,0,0,0,0,0,0,0,1,0,0,0,0,2,1,0,1,0,0,0,0,0,0,1,0,0,0,0,1,0,2,3,0,0,1,3,29,34,2,0,0,0,1,2,0,0
"Zotu2577",0,1,5,0,0,0,0,0,0,1,22,1,1,1,8,1,2,0,28,0,0,0,0,0,2,1,0,1,0,0,0,0,1,0,0,0,0,0,0,0,0,0,1,0,0,0,1,1,0,0,0,0,1,0,0,0,0,0,0,19,0,0
"Zotu6101",0,1,0,1,1,2,0,0,0,0,1,0,0,0,4,1,1,1,0,0,0,0,2,0,0,0,0,0,2,1,0,0,0,0,0,0,1,0,0,1,0,0,0,0,0,0,0,0,0,0,0,4,0,15,0,0,0,0,1,0,0,0
"Zotu3629",0,1,0,0,0,0,0,42,0,1,1,0,0,0,0,4,0,0,0,0,0,0,0,0,0,0,0,0,0,0,0,0,0,0,0,0,0,0,0,0,0,0,0,0,0,0,0,0,0,0,0,0,0,0,0,0,0,0,0,0,0,0
"Zotu6193",0,1,1,4,0,0,0,0,0,0,0,0,0,0,0,0,1,0,0,0,23,0,0,0,0,0,0,0,0,0,0,0,0,0,0,0,0,0,0,0,0,0,0,0,0,0,0,0,0,0,0,0,0,0,0,0,0,0,0,0,0,0
"Zotu2970",0,1,0,6,0,0,1,0,0,0,0,0,0,1,0,0,4,1,0,0,0,0,0,0,0,1,0,0,0,0,0,0,0,0,0,0,0,0,3,0,0,0,1,47,0,0,0,0,0,0,0,1,0,1,0,0,0,0,0,0,0,0
"Zotu5845",0,1,0,1,0,1,0,0,0,0,0,0,0,2,0,0,28,0,0,0,0,0,0,0,0,0,0,0,0,0,0,0,0,0,0,0,0,0,0,0,0,0,0,0,0,0,0,0,0,0,0,0,0,0,0,0,0,0,0,0,0,0
"Zotu2628",0,1,6,3,0,1,0,0,1,0,0,1,0,18,1,0,4,72,0,0,6,0,0,0,0,1,0,0,0,0,0,0,0,0,0,0,0,0,0,0,0,0,0,0,0,0,0,0,0,0,0,0,0,0,0,0,1,0,0,0,0,0
"Zotu864",0,1,7,68,5,2,16,0,1,2,1,40,0,0,4,1,16,2,0,2,2,0,1,0,2,2,0,3,2,1,1,3,0,0,0,1,1,1,0,1,1,59,0,8,0,0,0,1,0,1,0,3,17,0,0,1,1,0,0,10,1,12
"Zotu921",0,1,15,0,1,1,0,0,6,0,0,1,0,0,6,0,4,0,0,0,0,0,0,0,0,0,0,1,0,0,0,0,0,1,0,2,2,1,0,0,1,0,0,1,1,100,0,1,33,3,1,5,0,0,1,18,1,1,3,52,34,1
"Zotu730",0,1,43,290,6,2,2,3,1,0,2,2,0,2,3,7,2,2,2,1,0,2,2,1,3,0,0,5,3,2,1,0,0,0,0,0,0,0,0,1,0,0,0,20,0,0,1,0,1,0,0,0,0,0,0,0,0,0,0,0,0,0
"Zotu2841",0,1,0,3,1,3,0,0,11,2,22,0,0,0,3,1,1,0,0,0,0,0,0,0,0,1,1,0,1,0,0,1,0,0,0,0,0,0,0,0,1,0,0,0,0,0,0,2,1,0,0,1,0,0,28,3,0,0,1,1,4,0
"Zotu2647",0,1,0,8,5,0,0,0,0,0,0,0,0,0,0,1,1,0,0,0,0,0,0,0,0,0,0,0,1,0,1,1,0,0,0,1,1,1,0,0,0,0,0,1,0,1,0,0,0,0,0,1,0,0,0,1,0,81,1,0,0,0
"Zotu1244",0,1,5,7,0,0,0,0,0,0,0,35,0,0,1,0,25,0,1,1,10,0,1,0,0,1,0,0,0,1,0,0,1,2,0,0,21,0,1,0,0,1,129,6,0,1,0,1,1,1,0,0,0,1,0,1,0,0,0,2,0,2
"Zotu5202",0,1,0,0,0,0,0,0,0,0,0,0,0,0,0,0,0,0,0,0,1,0,1,0,0,0,0,0,24,0,0,0,0,0,0,0,0,0,0,0,0,0,0,0,0,0,0,0,0,0,0,0,0,0,0,0,0,0,0,0,0,0
"Zotu3397",0,1,0,0,0,0,0,0,1,0,0,0,1,0,0,1,0,1,0,0,0,0,0,42,0,0,0,0,0,0,1,0,0,0,0,0,0,0,0,0,0,0,0,0,0,0,0,0,0,0,0,0,0,0,0,0,0,0,0,0,0,0
"Zotu1054",0,1,0,2,0,1,0,0,9,0,0,2,0,0,0,0,0,0,0,103,0,0,0,3,0,1,0,0,1,1,0,1,0,0,0,0,1,0,0,0,0,0,0,1,0,1,0,0,110,0,0,0,0,0,0,0,0,0,0,0,1,1
"Zotu4957",0,1,0,0,1,1,0,1,4,1,0,0,0,0,4,0,0,0,20,0,0,2,0,1,0,0,0,2,1,0,2,0,0,0,0,0,0,0,0,0,0,0,0,0,0,0,0,0,0,0,0,0,0,0,0,0,0,0,0,0,0,0
"Zotu3850",0,1,3,0,0,0,0,0,1,0,16,1,0,5,0,0,2,0,16,0,0,0,1,0,2,0,2,0,0,0,0,0,0,0,0,0,0,0,0,0,0,0,0,0,0,0,0,0,0,0,0,0,0,0,0,0,0,0,0,0,0,0
"Zotu2052",0,1,2,1,0,0,4,1,0,0,0,1,0,0,4,1,4,49,0,0,3,0,0,0,0,0,0,2,5,0,1,1,0,0,0,0,0,0,1,1,0,0,1,2,0,0,0,0,0,0,0,19,6,1,0,0,1,0,1,0,16,20
"Zotu3312",0,1,5,1,15,0,0,0,0,0,0,0,0,0,1,0,0,0,0,0,1,0,0,0,0,0,0,0,0,0,0,0,0,0,0,0,0,1,0,0,0,0,0,0,0,1,52,0,0,0,0,0,0,0,0,0,0,0,0,1,2,0
"Zotu5370",0,1,1,8,9,0,0,0,0,8,1,0,0,0,1,17,0,0,0,1,0,1,0,0,0,0,0,2,0,1,0,0,0,0,0,0,0,0,0,0,0,0,0,2,0,0,0,0,0,0,0,0,0,0,0,0,0,0,0,0,0,1
"Zotu6356",0,1,1,2,0,0,0,0,17,0,0,1,0,6,0,0,2,0,0,0,0,0,0,0,0,2,0,0,0,0,1,0,0,0,2,0,0,0,0,0,0,0,0,0,0,0,0,0,0,1,0,0,1,13,3,0,0,0,0,0,1,0
"Zotu5996",0,1,0,10,16,0,0,0,0,0,1,0,0,0,1,0,0,0,0,0,0,0,0,0,1,0,0,0,1,0,0,0,0,0,0,0,0,0,0,0,0,0,0,5,0,0,0,0,0,0,0,0,0,0,0,0,0,0,0,0,0,0
"Zotu4709",0,0,6,2,20,0,0,0,0,2,11,1,0,0,2,0,0,0,11,0,0,1,2,0,0,1,0,2,2,0,0,0,0,1,0,0,0,0,0,0,0,0,0,0,0,1,0,0,0,0,0,0,0,0,12,8,0,0,0,0,0,0
"Zotu1434",0,0,18,0,0,0,0,0,0,0,0,1,1,0,30,1,4,1,0,1,2,2,0,1,0,1,0,1,0,1,1,1,1,0,0,2,1,0,0,0,0,1,0,0,1,1,0,1,1,1,3,60,1,0,0,1,0,0,0,0,24,12
"Zotu1790",0,0,13,0,0,0,0,2,0,0,0,0,0,0,14,0,0,0,1,0,0,0,1,0,0,0,0,0,0,0,0,0,1,0,0,2,2,0,45,100,0,27,1,1,0,1,0,0,0,0,1,0,0,0,3,0,1,0,0,1,2,0
"Zotu1350",0,0,39,0,0,1,0,0,12,18,63,1,1,0,6,0,5,0,0,0,0,0,0,0,0,0,0,0,0,0,0,0,0,0,0,0,0,0,0,0,0,0,0,0,0,0,0,0,0,0,1,0,0,0,1,0,0,0,0,30,0,0
"Zotu5196",0,0,27,9,0,0,0,2,0,1,1,0,0,1,9,0,13,0,0,0,1,1,1,0,0,0,1,0,0,1,0,0,0,0,0,0,0,0,0,0,0,0,0,5,0,0,1,0,0,0,1,4,0,0,0,0,0,0,1,0,0,3
"Zotu4619",0,0,3,0,0,0,0,0,0,0,0,0,0,0,0,2,3,0,0,0,0,0,0,0,1,0,1,0,0,0,0,1,0,0,1,0,0,0,0,0,0,0,0,1,0,0,31,0,0,0,0,6,0,0,1,0,0,0,0,0,0,0
"Zotu5987",0,0,18,4,0,0,0,0,0,0,0,0,0,0,0,0,0,0,0,0,5,0,2,0,0,1,0,1,1,0,0,0,0,0,0,0,0,0,0,0,0,0,0,1,0,0,0,0,0,0,0,2,1,0,0,0,0,0,0,0,0,0
"Zotu5287",0,0,9,0,1,1,1,0,24,0,0,1,0,0,0,0,0,0,0,0,0,0,0,0,0,0,0,0,0,1,0,0,0,0,0,0,0,0,0,0,0,0,0,0,0,0,0,0,0,0,0,0,0,0,0,0,0,0,0,0,0,0
"Zotu5600",0,0,19,0,0,0,0,0,1,0,1,1,0,0,5,0,5,0,0,0,0,0,2,0,0,0,0,0,1,0,0,0,0,0,0,0,0,0,0,0,0,0,0,0,0,0,0,0,0,0,0,14,0,0,0,0,0,0,0,1,0,0
"Zotu3480",0,0,3,1,0,0,0,0,0,0,0,0,0,0,0,0,0,0,0,0,0,0,0,0,0,0,0,0,0,0,0,0,0,0,0,0,37,0,0,0,1,0,0,0,0,0,0,0,0,3,0,4,1,1,1,0,0,0,0,1,0,2
"Zotu3529",0,0,50,0,1,0,0,1,1,0,2,1,2,0,2,0,1,1,0,0,0,0,4,1,0,0,0,0,0,0,0,0,0,0,0,0,0,0,0,0,0,0,0,0,0,0,0,0,0,0,0,0,0,0,0,0,0,0,0,0,0,0
"Zotu2190",0,0,6,0,0,0,0,0,0,0,0,0,0,0,0,0,0,0,0,0,3,0,0,0,0,0,0,0,0,0,0,2,0,0,1,0,1,0,0,1,0,0,94,1,2,0,2,0,0,1,11,0,1,0,0,0,0,0,4,1,0,2
"Zotu1412",0,0,5,0,0,1,0,0,11,1,0,1,0,0,9,1,0,0,0,0,0,0,1,0,1,0,0,1,0,0,0,0,1,2,1,2,1,1,1,0,0,0,1,0,0,0,0,0,1,0,0,0,0,0,2,24,12,82,1,11,0,0
"Zotu2119",0,0,36,0,4,2,0,0,0,0,70,0,0,0,9,0,1,0,0,0,0,0,0,0,2,0,0,0,0,0,1,0,0,0,0,0,0,0,0,0,0,0,0,0,0,0,0,0,0,0,0,0,0,0,0,0,0,0,0,0,0,0
"Zotu4667",0,0,4,0,0,0,0,0,0,0,0,0,0,0,0,0,0,0,0,0,0,0,0,0,0,0,0,0,0,0,0,0,1,0,3,0,1,1,2,1,0,0,2,3,1,0,0,0,2,0,0,3,0,1,0,0,0,0,0,25,1,22
"Zotu2127",0,0,13,0,0,1,0,1,9,0,0,2,0,0,3,0,0,0,0,0,0,0,0,0,0,1,0,0,0,0,0,1,0,1,0,0,0,0,1,0,0,1,0,1,0,0,0,1,2,0,19,0,40,0,0,2,1,1,0,2,0,0
"Zotu3072",0,0,11,0,1,0,0,0,0,2,0,0,0,0,2,0,0,0,0,0,0,1,1,0,0,0,0,0,39,0,1,0,0,1,0,0,0,0,0,0,0,0,0,3,0,0,0,0,1,0,0,0,0,28,0,7,1,0,0,0,1,0
"Zotu262",0,0,131,0,10,2,1,1,5,0,0,0,0,1,478,1,5,2,43,0,3,0,0,2,0,4,0,1,3,1,1,0,0,1,0,0,1,0,2,2,0,0,0,0,0,1,2,0,1,1,2,36,0,45,252,11,2,0,105,0,0,4
"Zotu1597",0,0,11,0,0,1,0,0,0,0,0,0,1,18,1,0,0,0,0,0,0,0,0,0,1,1,0,0,1,0,0,1,1,1,1,0,1,0,0,0,1,1,1,0,0,0,50,2,0,124,1,1,0,0,1,2,0,1,0,1,0,8
"Zotu860",0,0,12,1,1,0,0,7,23,0,0,1,0,0,3,0,11,1,0,1,0,0,20,0,1,0,0,0,9,0,1,2,0,0,1,0,1,2,5,2,1,0,0,1,60,0,2,26,1,1,4,10,10,13,0,1,9,0,25,1,4,2
"Zotu1409",0,0,1,2,1,0,0,1,0,0,0,0,1,1,0,0,1,0,0,0,0,162,1,0,0,0,0,0,0,1,0,0,0,0,0,0,0,0,0,0,0,0,0,0,0,0,0,0,0,0,0,0,0,0,0,0,0,0,2,0,0,0
"Zotu3918",0,0,10,1,1,0,0,0,0,0,0,0,0,51,8,1,1,0,1,0,0,1,0,0,0,0,0,0,0,1,1,0,0,0,0,0,0,0,0,0,0,0,0,0,0,0,0,0,0,0,0,0,0,0,0,0,0,0,0,0,0,0
"Zotu3515",0,0,5,3,0,0,0,0,0,0,0,0,0,0,3,0,1,0,0,0,0,0,0,0,0,0,0,0,0,0,0,0,0,1,0,0,1,0,3,41,0,0,0,10,0,1,0,0,0,2,0,0,0,0,1,9,0,0,1,0,1,0
"Zotu1028",0,0,11,0,0,0,0,0,0,0,0,0,0,0,8,0,0,0,0,1,0,0,0,0,0,0,0,0,0,0,0,0,0,0,72,0,2,0,74,0,178,0,0,5,0,0,0,0,2,0,0,9,0,0,1,0,0,0,1,1,1,0
"Zotu4394",0,0,2,0,0,0,0,0,0,0,0,0,0,0,3,0,0,0,0,0,15,0,0,0,0,0,0,0,0,0,0,0,0,0,1,0,0,0,1,1,0,0,0,0,0,0,0,0,1,0,26,7,1,0,0,0,0,0,1,1,0,0
"Zotu1554",0,0,6,0,0,0,0,0,0,0,0,0,0,0,0,0,0,0,0,1,3,0,0,0,2,0,0,0,0,0,0,0,1,2,0,1,0,2,0,2,1,2,1,2,64,0,2,1,1,3,1,5,1,1,0,0,1,2,1,2,7,101
"Zotu2833",0,0,2,0,0,0,0,0,0,1,1,76,0,0,5,0,3,0,0,1,0,0,0,0,0,1,0,0,2,0,0,0,0,0,0,0,0,0,0,0,0,0,0,0,0,0,0,0,0,0,0,0,1,0,0,9,9,1,0,0,19,12
"Zotu6292",0,0,6,0,0,0,0,0,0,0,0,0,0,0,1,0,6,0,0,0,6,1,0,0,0,0,0,0,1,0,0,0,0,0,0,0,1,1,0,0,0,0,0,0,0,0,0,1,0,0,1,7,1,0,0,0,0,0,0,0,0,15
"Zotu97",0,0,81,1,1,0,0,2,105,2,125,2,1,1,287,1,0,5,256,1,1,0,0,4,2,0,0,4,1,2,1,1,0,1,3,2,3,0,2,2,0,2,1,8,0,1,1,6,2,4,3,0,5,3,168,315,3,4,1126,0,6,1
"Zotu2103",0,0,14,0,1,0,0,0,0,0,0,1,0,2,0,0,7,1,0,2,19,2,0,0,0,0,0,0,0,0,0,0,0,0,1,0,0,43,3,1,0,0,1,2,1,1,0,0,1,1,0,10,0,0,0,0,0,0,0,0,1,11
"Zotu4607",0,0,10,25,15,0,0,0,0,0,0,0,0,2,5,0,10,0,3,0,0,1,0,0,0,0,0,1,0,0,0,0,0,0,0,0,0,0,0,0,0,0,0,30,0,0,0,0,0,0,0,0,0,0,0,18,0,0,0,0,0,1
"Zotu1548",0,0,19,1,3,1,1,0,0,5,0,0,0,0,3,0,3,46,0,0,0,0,0,0,0,0,0,0,0,1,0,1,1,2,1,1,1,1,1,1,1,1,0,0,1,0,0,0,0,0,19,5,2,15,11,2,0,0,9,0,2,6
"Zotu3649",0,0,12,0,0,0,0,0,1,0,28,0,0,0,0,0,0,0,0,1,0,0,0,0,0,0,0,0,0,0,0,0,0,0,0,0,0,0,0,0,0,0,0,0,1,0,1,0,0,0,0,0,0,0,1,6,0,1,1,6,0,0
"Zotu5097",0,0,19,0,0,0,0,0,0,0,0,1,0,0,0,0,0,1,0,0,0,0,0,0,0,0,0,0,1,0,0,0,0,0,0,0,0,0,0,0,0,0,0,0,0,0,0,0,0,0,0,5,0,0,0,0,0,0,0,0,1,0
"Zotu4061",0,0,8,23,22,1,0,0,0,1,0,0,1,1,1,1,11,0,0,1,0,0,0,2,0,1,0,0,1,0,0,0,0,0,0,0,0,0,0,0,0,0,0,0,0,0,0,0,0,0,0,0,0,0,0,0,0,0,0,0,0,0
"Zotu2794",0,0,60,0,0,0,0,0,0,0,0,1,3,0,0,3,2,1,1,0,24,0,0,0,0,0,0,1,0,1,2,0,0,0,0,0,0,0,0,0,1,0,0,1,0,0,1,0,0,0,0,11,0,0,0,0,0,0,0,0,0,1
"Zotu5149",0,0,31,0,0,0,0,0,0,0,0,0,3,1,0,0,0,0,0,1,1,1,0,0,0,0,0,1,1,0,0,0,0,0,0,0,0,0,0,0,0,0,0,0,0,0,0,0,0,0,0,0,0,0,0,0,0,0,0,0,0,0
"Zotu2933",0,0,29,0,0,0,0,0,0,0,0,0,0,0,26,0,0,1,0,0,0,0,0,0,0,0,0,0,0,0,0,0,0,0,0,0,0,0,0,0,0,0,0,20,0,0,0,0,1,1,0,6,0,34,3,1,0,0,0,1,0,0
"Zotu5372",0,0,28,2,1,0,1,0,0,0,0,0,0,2,0,1,0,1,0,0,0,0,0,0,0,0,0,0,0,0,0,0,0,0,0,0,0,0,0,0,0,0,0,0,0,0,0,0,0,0,0,0,0,0,0,0,0,0,0,0,0,0
"Zotu4976",0,0,14,0,0,0,0,0,0,0,5,0,0,0,0,0,1,0,0,0,0,0,0,0,0,1,0,0,0,10,1,0,0,0,0,0,0,0,0,0,0,0,0,0,0,0,0,0,0,0,0,8,1,1,0,0,0,0,0,0,0,0
"Zotu5791",0,0,21,0,1,0,0,1,0,0,0,0,0,1,1,0,0,0,0,1,0,0,0,0,0,0,1,1,0,0,1,0,0,0,0,0,0,0,0,0,0,0,0,0,0,0,0,0,0,0,0,0,0,0,0,0,0,0,0,0,0,0
"Zotu2424",0,0,19,0,0,0,0,0,1,0,0,0,0,0,0,0,1,0,1,0,0,0,0,0,0,0,0,0,0,0,0,0,0,0,0,0,0,1,0,1,0,1,0,4,0,0,0,0,0,0,0,0,1,33,30,36,47,0,0,0,0,0
"Zotu5651",0,0,13,4,0,0,1,0,0,0,1,0,0,0,2,0,2,0,0,0,0,0,0,0,0,0,0,0,0,7,0,0,0,1,0,0,0,0,0,0,1,0,0,3,0,0,0,0,0,0,0,10,0,1,0,0,0,0,0,0,0,0
"Zotu4529",0,0,16,0,3,1,0,0,0,9,0,1,0,0,0,9,10,0,0,0,0,1,0,0,1,0,0,0,0,0,0,0,0,0,0,0,0,0,0,0,0,0,0,0,0,0,0,0,0,0,0,0,0,0,0,0,0,0,0,0,0,0
"Zotu389",0,0,9,1,2,1,1,27,20,2,109,54,2,6,20,2,7,1,89,0,1,0,0,0,0,3,0,4,2,0,3,1,7,0,33,4,0,91,42,69,3,1,5,4,7,1,0,0,2,1,1,11,2,0,50,119,4,0,1,2,2,1
"Zotu511",0,0,21,0,0,0,0,0,0,0,0,0,2,0,16,0,0,2,8,0,0,0,0,0,0,0,0,0,0,0,0,0,1,1,1,2,0,0,0,0,0,0,0,6,0,211,86,0,0,0,60,1,0,1,1,1,0,0,1,103,84,0
"Zotu2418",0,0,73,0,0,0,0,0,0,0,0,0,0,0,0,0,0,2,1,0,0,0,0,0,0,0,0,0,0,0,0,0,0,0,0,0,0,0,0,0,0,0,0,0,0,1,0,0,0,0,0,16,0,0,0,0,0,0,0,1,0,0
"Zotu4533",0,0,27,0,1,0,0,0,1,0,0,0,0,0,1,1,0,0,0,0,0,0,0,0,0,1,0,0,0,0,1,0,0,0,0,0,0,0,0,0,0,0,0,0,0,0,0,0,0,0,0,0,0,0,0,0,0,0,0,0,0,0
"Zotu2290",0,0,18,0,0,0,0,0,0,0,0,0,0,0,18,0,2,0,0,0,0,0,0,0,1,0,0,0,0,0,0,0,1,1,0,0,0,0,0,0,0,0,0,4,0,0,0,0,0,0,0,37,0,0,9,0,0,0,0,0,0,1
"Zotu4746",0,0,24,0,0,0,0,0,0,0,0,1,0,0,0,1,0,1,0,1,12,0,1,0,0,2,0,0,1,0,0,0,0,0,0,0,0,0,0,0,0,0,0,1,0,0,0,0,0,0,0,0,0,0,0,0,0,0,0,0,0,0
"Zotu1439",0,0,4,15,13,0,0,0,1,2,0,1,1,20,3,1,26,2,0,0,0,1,0,0,0,1,0,2,0,1,9,0,0,4,0,0,0,0,10,1,0,1,77,5,1,0,1,0,0,1,0,2,0,0,0,1,0,2,0,5,0,7
"Zotu704",0,0,74,0,0,0,0,1,0,1,2,70,1,0,16,0,12,91,48,0,1,104,0,1,0,0,0,1,0,0,0,0,0,0,141,0,0,0,0,0,0,0,0,0,0,0,0,0,2,0,0,8,0,0,0,1,0,0,0,0,0,0
"Zotu1737",0,0,4,13,30,0,0,0,1,1,0,0,1,0,0,0,8,0,0,0,0,1,0,0,0,0,0,0,0,0,0,1,0,3,1,1,0,0,1,0,0,0,0,161,1,1,0,0,0,0,0,0,2,1,0,0,0,1,0,1,0,0
"Zotu1493",0,0,30,0,0,0,0,0,0,0,0,1,0,0,0,0,0,0,0,1,0,0,0,0,1,0,0,0,0,0,0,0,0,101,0,0,0,0,1,0,2,1,0,1,0,0,0,1,0,0,0,1,0,0,1,0,1,1,0,2,0,0
"Zotu607",0,0,28,0,0,0,0,0,48,0,0,2,0,0,27,0,15,0,28,1,1,0,0,0,0,0,0,0,0,0,0,0,0,3,0,0,1,1,0,2,0,0,93,1,0,0,1,197,200,1,49,10,1,2,0,2,0,1,0,1,19,18
"Zotu6209",0,0,19,0,1,0,0,0,0,0,0,0,0,0,0,0,0,0,0,0,0,0,0,0,0,0,0,0,0,0,0,0,0,0,0,0,0,0,0,0,0,0,0,0,0,0,0,0,0,0,0,0,0,0,0,0,0,0,0,0,0,0
"Zotu6165",0,0,25,1,0,0,0,0,0,0,0,0,0,0,3,0,0,0,0,0,0,0,0,0,0,0,1,0,0,0,2,0,0,0,0,0,0,0,0,0,0,0,0,0,0,0,0,0,0,0,0,0,0,0,0,0,0,0,0,0,0,0
"Zotu3104",0,0,2,0,0,0,0,0,0,0,0,0,0,0,0,0,0,0,0,0,0,0,1,0,0,0,0,0,0,0,0,0,0,0,0,0,0,0,0,0,0,0,0,0,1,0,2,83,0,0,0,0,1,0,0,0,0,0,0,0,0,0
"Zotu5021",0,0,21,0,0,0,0,0,0,0,0,0,0,1,1,0,1,2,0,1,0,0,1,0,0,1,0,0,0,0,0,0,0,0,0,0,0,0,0,0,0,0,0,0,0,0,0,0,0,0,0,0,0,0,0,0,0,0,0,0,0,0
"Zotu2642",0,0,11,17,0,0,17,1,0,8,0,0,0,1,2,0,7,0,0,2,13,0,1,0,0,0,0,0,1,0,0,1,0,1,0,0,0,0,1,1,0,0,0,14,1,0,0,0,0,0,0,5,0,0,0,1,0,0,0,0,0,4
"Zotu3066",0,0,49,34,0,0,0,0,0,1,0,2,4,0,1,0,0,2,0,0,0,0,2,0,0,1,0,1,1,0,0,1,0,0,0,0,0,0,0,0,0,0,0,23,0,0,0,0,0,0,0,0,0,0,0,0,0,0,0,0,0,0
"Zotu3159",0,0,10,1,0,0,0,23,0,0,0,0,1,0,0,0,0,1,2,0,0,0,0,0,29,0,0,0,3,0,0,0,0,0,0,0,0,0,0,0,0,0,0,0,0,0,0,0,0,0,0,0,0,0,0,0,0,0,0,0,0,0
"Zotu5425",0,0,13,4,3,0,1,0,0,0,0,0,0,0,0,0,4,0,0,0,0,0,0,0,0,0,0,0,1,0,0,0,0,0,0,0,0,0,0,0,0,0,0,0,0,0,0,0,0,0,0,0,0,0,0,0,0,0,0,0,0,0
"Zotu3901",0,0,7,5,0,1,0,0,0,1,0,0,1,0,0,0,12,0,0,0,0,0,0,0,0,0,0,0,0,0,1,0,0,0,1,0,1,0,0,0,1,0,0,36,0,0,1,0,0,0,0,0,0,0,0,0,1,0,0,0,0,0
"Zotu4899",0,0,10,0,0,0,0,0,0,0,0,0,0,1,1,0,1,0,0,0,0,0,1,0,0,0,1,0,0,0,0,1,0,1,0,0,0,0,0,0,0,0,0,1,1,0,0,0,0,1,0,11,0,0,0,0,0,0,0,0,0,0
"Zotu5019",0,0,10,2,1,0,0,0,0,0,0,11,0,0,0,0,0,0,0,0,1,0,0,0,0,0,0,2,0,0,0,0,0,0,0,0,0,0,0,0,0,0,0,1,0,0,0,0,0,0,0,0,0,0,0,0,0,0,17,3,10,0
"Zotu6069",0,0,3,19,17,0,0,0,0,4,0,0,0,4,1,1,2,0,0,0,0,0,0,0,0,1,0,0,0,0,0,0,0,0,0,0,0,0,0,0,0,0,2,27,0,0,0,1,0,0,0,0,0,0,8,0,0,0,11,0,1,1
"Zotu3765",0,0,20,0,0,0,0,0,0,0,0,0,0,0,0,0,0,0,0,0,0,0,0,0,0,0,0,0,0,0,0,0,0,0,0,0,0,0,0,0,0,0,0,0,0,0,0,0,0,0,0,1,1,0,0,0,0,0,0,18,0,0
"Zotu4165",0,0,9,3,1,1,0,0,0,0,1,0,0,0,0,0,0,0,0,0,0,0,0,0,0,0,0,0,0,1,0,0,0,42,0,0,0,0,0,0,1,1,0,2,0,0,0,1,0,0,1,0,0,1,0,0,0,0,0,1,0,1
"Zotu4812",0,0,1,0,0,0,0,0,0,0,0,0,0,21,0,0,0,0,0,1,0,1,0,0,0,0,0,0,0,0,0,0,0,0,0,0,0,0,0,0,0,0,0,0,0,0,0,0,0,0,0,7,0,0,0,0,0,0,0,0,0,0
"Zotu3258",0,0,23,0,0,0,0,0,19,0,0,0,0,1,8,0,1,0,1,1,0,0,0,0,0,0,0,0,0,0,2,0,0,0,0,1,0,0,1,0,0,0,0,0,0,0,0,0,0,0,0,10,0,0,0,0,0,0,0,0,0,0
"Zotu1669",0,0,4,0,0,0,0,1,2,0,0,0,0,0,0,0,0,0,0,0,0,0,0,0,0,0,0,1,0,19,0,1,2,30,0,0,2,0,0,1,1,22,102,2,1,2,0,1,1,0,0,2,0,0,0,0,0,0,1,0,2,0
"Zotu4942",0,0,2,1,0,0,0,1,0,0,0,0,0,0,7,0,0,0,7,2,0,0,0,0,0,0,0,0,0,0,0,1,0,0,0,1,1,0,0,0,0,0,0,1,1,1,0,0,0,0,0,0,0,0,0,7,15,0,0,1,1,1
"Zotu1359",0,0,8,2,1,1,0,0,1,0,0,0,0,0,16,0,0,73,0,0,0,0,0,3,0,0,0,0,2,0,0,0,0,2,1,1,0,0,0,0,0,2,0,0,2,1,0,0,0,0,16,20,1,57,1,0,0,0,0,3,1,1
"Zotu938",0,0,14,254,0,1,3,3,0,0,0,3,1,0,0,2,1,2,2,1,0,0,3,1,0,2,1,0,1,0,0,0,1,0,0,0,0,0,0,0,0,0,0,1,0,0,0,0,0,0,0,0,0,0,0,0,0,0,0,0,0,0
"Zotu3112",0,0,2,1,7,0,0,0,0,0,0,0,0,0,0,0,0,0,0,1,0,0,0,0,0,28,0,0,0,1,0,0,1,0,0,2,2,0,5,1,0,24,0,4,1,2,0,0,0,0,0,0,0,0,4,1,26,2,0,4,1,0
"Zotu4783",0,0,1,0,0,34,0,1,0,1,0,0,0,0,0,0,0,0,1,0,0,0,0,0,0,1,2,0,0,1,0,0,0,0,0,0,0,0,0,0,0,0,0,2,0,0,0,0,0,0,0,0,0,0,0,0,0,0,0,0,1,0
"Zotu5765",0,0,11,0,1,0,0,0,0,0,0,0,0,0,0,0,0,0,0,0,0,0,0,0,0,0,0,0,0,0,0,0,0,0,0,0,0,0,0,0,0,0,0,0,0,0,0,0,0,0,0,0,0,0,2,0,0,0,0,0,0,3
"Zotu1601",0,0,4,0,3,3,0,1,14,1,21,2,0,0,2,0,1,1,25,0,0,2,2,1,0,0,0,1,0,0,0,1,0,1,4,1,0,1,0,1,0,0,0,0,0,1,1,1,0,1,0,2,0,0,2,3,16,0,28,8,0,1
"Zotu3092",0,0,6,0,0,0,0,0,0,0,0,0,0,0,18,0,0,0,0,0,0,1,1,0,0,0,0,0,0,0,0,0,0,0,0,0,0,0,0,0,1,0,0,0,0,0,0,0,0,0,0,0,0,44,0,0,0,0,0,0,0,0
"Zotu2449",0,0,10,0,2,0,0,0,0,0,0,0,0,0,0,0,0,0,0,0,1,0,0,0,0,1,0,0,0,0,0,0,2,0,0,2,0,0,1,0,0,0,0,0,45,0,0,0,0,0,18,0,0,0,1,0,1,0,8,0,0,7
"Zotu3032",0,0,2,1,3,0,0,0,0,1,0,0,0,1,1,1,0,0,0,0,2,1,0,0,0,0,0,18,0,13,1,0,1,1,0,0,15,1,0,0,0,15,0,0,0,0,0,0,1,0,0,0,0,0,1,0,0,0,0,1,0,0
"Zotu2094",0,0,9,1,2,0,0,0,0,0,31,0,0,0,4,0,0,0,6,0,0,0,0,0,0,0,0,1,0,0,0,1,0,1,0,0,1,1,0,0,0,0,3,0,0,0,0,0,0,0,0,0,0,0,23,0,31,1,0,0,15,2
"Zotu6330",0,0,11,0,5,1,1,1,4,0,0,1,2,8,3,0,1,0,0,0,12,0,0,0,1,1,0,0,0,0,0,0,0,0,0,0,0,0,0,0,0,0,0,0,0,0,0,0,0,0,0,5,0,0,0,3,1,0,0,0,0,1
"Zotu3913",0,0,13,0,0,0,0,0,29,0,0,0,0,0,0,0,0,0,0,0,0,0,0,0,0,1,0,0,0,0,0,0,0,0,0,0,0,0,0,0,0,0,0,0,0,0,0,0,0,0,0,0,0,0,0,0,0,0,0,0,0,0
"Zotu84",0,0,32,0,2,0,0,0,0,0,5,1,0,0,14,0,0,77,41,0,0,1,1,0,0,0,0,0,0,0,1,0,6,4,3,6,1,5,7,2,2,0,5,4,1,5,2,8,6,2,3,3,1,0,543,1630,686,92,15,2,11,3
"Zotu3209",0,0,23,0,0,0,1,0,11,0,0,0,0,0,2,0,0,16,14,0,0,0,2,0,0,0,0,0,1,0,0,0,0,0,0,1,0,0,0,0,0,0,0,0,0,0,0,0,0,0,0,1,0,0,2,0,0,0,4,8,0,0
"Zotu699",0,0,11,0,0,0,0,0,0,0,0,0,0,1,0,0,0,1,0,0,0,0,0,0,0,0,0,1,0,0,0,2,0,3,2,1,1,0,0,1,0,2,0,0,1,1,172,43,0,2,226,1,2,0,1,0,0,1,1,0,2,0
"Zotu1069",0,0,20,0,0,0,0,1,0,0,0,0,0,39,3,0,0,0,0,0,0,0,0,0,1,0,0,0,0,0,0,1,0,0,1,0,0,0,0,1,1,0,1,0,1,0,0,0,18,4,1,39,82,31,0,1,0,0,1,0,0,39
"Zotu2198",0,0,1,2,35,0,0,0,0,0,1,1,0,1,0,0,0,0,0,0,2,0,0,2,0,0,1,0,1,0,0,0,0,0,0,0,0,0,0,1,0,0,43,13,0,0,0,0,0,0,0,0,0,0,1,0,0,0,0,0,1,0
"Zotu1303",0,0,2,0,1,0,0,0,0,0,0,0,0,10,1,1,0,0,0,0,1,0,0,0,0,0,0,0,0,0,0,2,2,2,0,0,1,0,1,1,0,0,1,2,3,2,4,1,1,0,0,2,1,1,1,1,0,2,5,135,17,8
"Zotu2114",0,0,16,0,0,0,0,0,0,0,0,0,0,0,0,0,2,0,0,0,0,0,0,2,0,0,0,0,0,11,1,1,0,1,1,1,1,0,0,0,0,25,0,0,0,0,0,0,85,0,1,1,1,0,0,5,1,0,0,0,0,2
"Zotu3692",0,0,7,0,0,3,0,0,0,0,0,1,0,0,0,0,0,0,0,1,0,0,0,0,0,0,0,0,0,0,0,0,0,0,0,0,0,0,0,0,1,0,0,0,0,1,0,0,0,1,0,0,2,0,1,0,0,0,0,24,0,0
"Zotu3990",0,0,11,4,110,0,0,0,0,0,1,1,0,0,1,0,2,0,0,0,1,0,2,0,1,0,0,0,0,0,0,0,0,0,0,0,0,0,0,0,0,0,0,0,0,0,0,0,0,0,0,0,0,0,0,0,0,0,0,0,0,0
"Zotu2926",0,0,5,0,0,0,0,0,0,0,0,0,0,0,0,0,0,0,0,0,0,0,0,0,0,0,0,0,0,0,1,0,0,0,2,0,0,0,1,1,0,0,0,1,1,1,0,1,0,0,1,4,1,1,3,42,7,1,13,0,0,0
"Zotu454",0,0,17,3,3,0,102,232,0,110,0,4,1,7,29,2,0,2,1,1,3,1,0,0,2,6,4,2,6,1,3,1,1,3,0,0,1,0,0,0,0,1,0,1,0,0,0,1,53,0,65,11,41,1,0,0,0,0,0,1,1,0
"Zotu6152",0,0,15,0,0,0,0,1,0,0,0,0,0,0,0,1,0,0,0,0,0,0,0,0,0,0,0,0,0,0,0,0,0,0,0,0,0,0,0,0,0,0,0,0,0,0,0,0,0,0,0,0,0,0,0,0,0,0,0,0,0,0
"Zotu5631",0,0,12,11,0,1,0,0,0,1,0,0,0,0,0,0,0,0,0,0,0,0,0,0,0,0,0,0,0,1,0,0,0,0,0,0,0,0,0,0,0,0,0,0,0,0,0,0,0,0,0,0,0,0,0,0,0,0,0,0,0,0
"Zotu924",0,0,18,0,0,0,0,0,0,4,1,0,0,1,0,0,1,0,0,0,0,0,0,0,0,0,0,0,0,0,0,0,219,0,2,0,0,3,1,1,0,1,0,2,0,1,0,0,1,1,0,9,2,32,2,1,1,0,0,1,1,0
"Zotu1618",0,0,10,2,0,0,0,0,0,0,0,0,0,0,0,0,0,0,0,0,0,0,0,0,0,0,0,0,0,0,0,0,0,0,1,1,0,0,0,0,0,1,0,0,0,1,1,0,110,0,2,0,1,0,0,1,0,0,0,0,0,0
"Zotu1765",0,0,3,1,0,0,1,1,0,107,0,1,0,4,1,0,1,0,1,0,0,1,0,1,1,0,0,1,0,1,1,0,0,0,0,0,0,0,1,0,0,0,0,0,0,0,0,0,0,0,0,8,0,0,0,0,0,0,0,0,0,6
"Zotu3502",0,0,15,0,0,0,0,0,2,0,0,1,0,0,0,1,3,0,0,0,0,0,0,0,0,0,0,0,0,0,0,0,0,0,0,1,1,0,0,24,0,0,0,5,0,0,0,0,0,0,0,0,0,1,1,0,0,0,1,0,0,0
"Zotu6039",0,0,5,0,0,1,0,0,0,0,21,0,0,1,7,1,1,0,0,0,0,0,0,0,0,0,0,0,0,0,1,1,0,0,0,0,0,0,0,0,0,0,1,1,0,0,0,2,0,0,0,1,0,0,2,0,0,0,0,0,8,4
"Zotu2716",0,0,8,0,0,0,0,0,0,0,0,52,1,2,6,0,0,1,20,0,0,0,0,0,0,1,0,1,0,0,0,0,3,0,0,0,1,0,0,1,0,0,1,0,0,0,0,0,0,0,0,0,0,0,0,1,0,0,0,0,0,23
"Zotu4276",0,0,11,0,0,0,0,0,12,0,0,0,0,0,0,0,0,1,0,0,0,0,0,0,0,0,0,0,0,0,0,0,0,0,0,0,0,0,0,1,0,0,0,0,0,0,0,0,0,0,1,3,35,0,0,0,0,0,0,1,1,0
"Zotu2754",0,0,4,0,1,0,1,0,0,0,0,55,4,1,7,0,12,1,0,0,0,1,1,0,0,0,0,1,0,1,0,0,0,0,0,0,1,0,1,0,0,0,0,0,0,0,0,0,1,0,0,1,0,0,0,0,0,0,0,0,0,0
"Zotu5295",0,0,1,0,0,0,0,0,0,0,0,0,0,0,0,0,4,0,0,1,24,1,1,0,0,1,0,0,1,0,0,0,0,0,0,0,0,0,0,0,0,0,0,1,0,0,0,0,0,0,0,0,0,0,0,0,0,0,0,0,0,0
"Zotu5099",0,0,12,14,4,0,0,0,0,0,1,1,0,0,0,0,13,0,0,0,0,0,0,0,0,0,0,0,1,0,0,0,0,0,0,0,0,0,0,0,0,0,0,0,0,0,0,0,0,0,0,0,0,0,0,0,0,0,0,0,0,0
"Zotu3697",0,0,14,0,0,0,0,0,0,0,1,0,0,0,0,0,0,0,0,0,0,0,0,0,0,0,0,0,0,0,0,0,0,0,0,0,0,1,1,0,0,0,0,0,0,0,0,0,0,0,0,0,0,0,3,8,37,0,0,0,0,0
"Zotu1912",0,0,6,0,0,0,0,0,0,0,0,0,0,0,27,0,1,0,0,0,1,0,0,0,0,0,1,0,0,0,1,1,0,0,1,0,2,0,0,0,0,0,0,0,0,18,1,0,0,0,0,4,34,5,0,0,1,0,0,0,0,0
"Zotu1305",0,0,11,2,1,2,0,0,1,0,0,0,0,2,1,0,0,2,0,0,129,0,3,1,0,0,1,0,46,2,0,0,0,0,0,0,0,0,0,0,0,0,0,0,0,0,0,0,0,0,0,0,0,0,0,0,0,0,0,0,0,0
"Zotu4765",0,0,2,2,0,0,1,0,14,1,0,0,0,0,3,1,0,0,0,1,0,0,0,0,0,0,0,0,28,1,0,0,0,0,0,0,0,0,0,0,0,0,0,0,0,0,0,0,0,0,0,0,0,0,0,0,0,0,0,0,0,0
"Zotu5738",0,0,1,0,0,0,0,0,0,0,0,0,0,0,0,0,0,0,0,1,0,0,0,0,0,0,0,17,0,0,0,0,0,0,0,0,0,0,0,0,0,0,0,0,0,0,0,0,0,0,0,0,0,0,0,0,0,0,0,0,0,0
"Zotu3177",0,0,26,0,0,0,0,24,0,0,0,0,0,0,0,0,0,1,0,0,0,0,0,0,0,0,0,0,2,0,0,0,0,0,0,0,0,0,0,0,0,0,0,0,0,0,0,61,0,0,0,0,0,0,2,1,0,0,1,0,0,0
"Zotu4921",0,0,26,0,0,0,0,0,0,0,0,0,0,0,2,0,1,0,0,0,1,0,0,0,0,0,0,0,1,0,0,0,0,0,0,0,0,0,0,0,0,0,0,0,0,0,0,0,0,0,0,0,0,1,0,0,0,0,0,0,0,0
"Zotu592",0,0,1,0,0,0,0,0,4,0,1,0,0,0,0,0,0,0,14,0,0,0,0,0,0,0,0,0,0,0,0,0,0,34,2,2,2,0,3,1,2,0,2,1,0,3,4,0,1,0,0,2,1,0,4,75,23,155,11,36,21,2
"Zotu5158",0,0,37,0,0,0,0,0,0,1,0,0,0,0,0,0,0,1,15,0,0,0,0,0,0,0,0,0,0,0,0,0,0,0,0,0,0,0,0,1,0,0,0,0,0,0,0,1,0,0,0,0,1,0,33,10,0,0,0,0,0,0
"Zotu677",0,0,8,0,1,0,0,0,0,3,0,1,0,0,0,0,0,0,0,0,0,1,1,0,1,0,0,0,0,0,0,0,0,2,0,2,1,1,2,1,2,0,2,0,0,2,5,3,112,1,1,0,1,2,0,5,4,206,1,0,11,2
"Zotu5458",0,0,13,0,0,0,0,2,0,0,0,1,0,0,1,0,1,0,0,0,9,0,1,0,0,0,0,0,0,0,0,0,0,0,0,0,0,0,0,0,0,0,0,0,0,0,1,0,0,0,0,0,0,0,0,0,0,0,0,0,0,6
"Zotu364",0,0,70,1,0,1,60,1,2,0,0,3,2,1,14,2,10,1,0,0,2,0,3,0,1,1,1,1,73,1,0,2,7,3,5,1,5,4,3,3,4,5,0,1,3,21,1,0,5,381,1,74,58,41,2,3,1,1,1,1,31,66
"Zotu5066",0,0,15,0,0,0,0,0,0,0,0,1,0,0,0,0,0,0,0,0,26,0,0,0,0,0,0,1,0,0,1,0,0,0,0,0,0,0,0,0,0,0,0,0,0,0,0,0,0,0,0,0,0,0,0,0,0,0,0,0,0,0
"Zotu3356",0,0,23,0,0,1,1,0,13,0,0,1,0,0,13,0,0,0,1,0,0,0,1,0,0,0,0,0,0,1,0,0,0,1,1,0,0,1,0,0,0,0,0,12,2,0,0,0,0,0,0,2,1,0,0,1,0,0,19,0,1,0
"Zotu5210",0,0,1,2,6,6,7,0,2,0,0,0,0,0,1,2,4,0,0,0,1,2,0,1,0,0,0,0,0,1,0,0,0,0,0,0,0,0,0,4,0,0,0,0,0,0,0,0,0,0,1,0,0,0,0,0,0,0,0,0,0,0
"Zotu2873",0,0,16,1,0,0,0,2,0,0,0,0,0,0,11,0,10,0,0,0,0,0,0,0,0,0,0,0,0,0,0,0,0,1,0,0,0,0,1,2,0,0,0,0,0,74,0,0,0,1,0,0,0,0,2,5,1,0,0,0,1,0
"Zotu6281",0,0,10,0,0,1,1,0,0,0,0,0,0,0,6,0,11,0,1,0,0,0,0,0,2,0,0,0,0,0,0,0,0,0,0,0,0,0,0,0,0,0,0,0,0,0,0,0,0,0,0,0,0,0,0,0,0,0,0,0,0,0
"Zotu3468",0,0,4,0,0,0,0,0,0,8,0,2,0,0,0,0,0,8,0,0,0,0,0,0,0,0,0,0,0,0,1,0,0,0,0,1,0,0,0,0,0,0,1,0,0,56,1,1,0,0,0,0,0,0,0,7,0,1,0,1,0,0
"Zotu1256",0,0,25,0,0,0,0,0,1,0,6,2,0,0,10,0,0,0,1,0,0,0,0,0,0,0,0,0,0,0,0,0,2,0,0,0,0,0,22,0,0,0,0,0,1,0,28,0,0,0,2,5,1,0,31,74,2,2,1,0,0,0
"Zotu1505",0,0,10,6,0,0,0,1,7,0,0,1,0,0,0,0,1,1,0,0,0,0,1,0,0,0,0,0,0,0,0,0,0,1,3,1,1,1,1,1,1,0,0,2,1,44,0,2,0,0,10,2,1,0,29,28,19,1,2,2,1,0
"Zotu512",0,0,6,0,2,1,1,0,9,3,12,0,2,2,1,0,0,0,29,0,0,0,1,0,1,0,73,0,0,0,0,4,1,3,3,5,31,8,2,4,1,27,4,5,0,117,27,27,37,230,1,8,0,1,2,1,4,3,2,1,0,4
"Zotu1296",0,0,12,1,1,2,0,1,5,0,33,27,3,1,5,1,1,83,10,0,1,0,0,1,0,0,0,0,2,0,0,2,2,1,1,0,1,0,0,0,1,0,1,0,0,0,0,11,15,0,0,0,10,0,8,3,15,1,1,0,0,0
"Zotu665",0,0,1,0,1,1,0,0,0,0,0,0,0,0,0,0,20,0,0,0,0,0,0,0,0,0,0,0,2,0,0,4,3,5,1,6,1,4,5,1,2,1,3,466,1,2,3,3,3,0,4,4,2,3,0,0,2,3,3,3,3,0
"Zotu1796",0,0,12,0,0,0,0,0,0,0,0,0,0,1,0,0,2,114,0,0,0,0,0,0,0,0,0,0,1,0,0,0,0,0,0,0,0,0,0,0,0,0,0,0,0,0,0,0,0,0,0,0,0,0,0,0,0,0,0,0,0,0
"Zotu5950",0,0,19,0,1,0,0,0,0,0,0,0,0,0,3,1,0,0,0,0,0,0,0,0,1,0,0,0,0,0,0,0,0,0,0,0,0,0,0,0,0,0,0,0,0,0,0,0,0,0,0,0,0,0,0,0,0,0,0,0,0,0
"Zotu3703",0,0,8,1,0,0,1,0,21,0,2,0,0,0,9,2,7,0,0,0,0,0,3,2,2,0,0,1,0,0,0,0,1,0,1,0,0,0,0,1,0,0,0,0,0,0,0,0,1,3,0,0,0,21,0,0,0,0,0,0,0,0
"Zotu1854",0,0,6,1,0,2,0,1,2,0,0,24,2,2,3,0,6,0,1,69,0,0,0,1,1,0,0,0,0,1,0,0,1,0,1,1,1,0,0,1,1,1,1,67,0,0,0,0,0,1,0,1,0,2,0,0,0,0,0,1,0,8
"Zotu6344",0,0,2,1,70,1,1,2,0,0,0,0,1,5,1,3,1,1,0,0,0,3,2,0,0,0,0,2,0,0,0,0,0,0,0,0,0,0,0,0,0,0,0,0,0,0,0,0,0,0,0,0,0,0,0,0,0,0,0,0,0,0
"Zotu5884",0,0,11,0,2,0,0,0,0,0,0,0,1,0,5,0,0,0,0,0,0,0,1,0,0,0,0,0,0,0,0,0,0,0,0,0,0,0,0,0,0,0,1,0,0,0,0,0,0,0,1,2,19,0,3,0,1,0,0,0,0,1
"Zotu4521",0,0,3,0,0,1,0,0,12,13,0,0,0,0,1,0,1,0,0,0,1,1,1,0,0,1,0,0,0,0,0,0,0,0,0,0,0,0,0,0,0,0,0,0,0,0,0,0,0,0,0,0,0,0,0,0,0,0,0,0,0,0
"Zotu5208",0,0,6,1,0,0,0,0,0,0,0,0,0,0,0,0,0,0,0,0,0,1,0,0,0,0,0,0,0,0,0,0,0,0,1,0,0,0,1,32,0,0,0,0,0,0,0,0,0,0,0,0,1,0,0,2,0,0,0,0,0,0
"Zotu1181",0,0,17,0,0,0,1,0,7,0,3,1,1,0,8,0,2,14,1,0,1,0,1,0,0,0,0,0,1,0,0,0,0,1,1,0,1,1,1,2,0,1,0,0,0,1,1,1,80,0,66,1,0,0,0,8,1,0,2,0,1,0
"Zotu5272",0,0,1,0,0,0,1,0,0,2,0,0,1,0,3,0,0,0,1,0,0,0,0,0,0,0,1,0,10,0,0,1,0,0,0,0,19,0,0,0,1,0,0,0,1,0,1,1,0,0,0,1,1,10,0,0,0,0,0,0,0,0
"Zotu3190",0,0,4,0,0,0,1,0,0,1,1,1,0,0,3,0,0,1,0,1,0,1,0,1,0,0,0,0,20,22,0,0,0,0,0,0,0,0,0,0,0,1,0,12,0,0,0,0,0,0,0,0,0,0,2,0,0,0,0,0,0,0
"Zotu3091",0,0,7,0,1,0,0,0,0,0,0,0,1,0,0,1,0,0,12,5,1,0,1,0,0,0,3,0,0,0,0,0,0,0,0,1,1,1,0,0,0,0,1,0,0,0,40,0,1,0,0,1,0,0,0,0,5,0,0,2,4,0
"Zotu4101",0,0,4,1,2,1,0,0,0,0,0,18,0,0,0,0,0,19,0,0,0,0,0,0,0,0,0,0,0,0,0,0,0,0,0,0,0,0,0,0,0,0,0,0,0,0,0,0,0,0,0,0,0,0,6,0,0,0,0,0,0,0
"Zotu3058",0,0,39,0,0,0,0,0,18,0,0,0,0,1,12,1,0,0,0,0,1,0,0,0,0,0,0,0,0,0,0,0,0,0,0,0,0,0,0,0,0,0,0,0,0,0,0,0,0,0,0,0,5,0,0,0,0,0,0,0,0,0
"Zotu1180",0,0,10,0,1,0,1,1,18,34,0,1,0,2,15,1,0,0,11,0,0,2,1,3,0,0,0,0,0,0,1,1,1,0,3,2,0,0,0,0,1,0,0,10,0,2,1,0,0,2,0,2,2,0,7,14,18,1,58,23,0,0
"Zotu4637",0,0,14,31,0,0,0,0,0,0,0,0,0,0,0,1,1,1,0,1,0,0,0,0,0,0,0,0,0,0,1,0,0,0,0,0,0,0,0,0,0,0,0,0,0,0,0,0,0,0,0,0,0,0,0,0,0,0,0,0,0,0
"Zotu3254",0,0,3,38,19,2,1,0,1,0,2,0,1,1,4,2,13,1,2,0,0,2,0,0,2,1,0,1,2,0,1,0,0,0,0,0,0,0,0,0,0,0,0,3,0,0,1,0,0,0,0,0,0,0,0,0,0,0,0,0,0,0
"Zotu3229",0,0,20,0,0,0,0,0,0,0,7,6,0,42,3,0,0,1,0,0,1,0,0,0,0,0,0,0,0,0,0,0,0,0,0,0,0,0,0,0,0,0,0,0,0,0,0,0,2,0,0,1,0,10,0,0,0,0,0,0,0,0
"Zotu5070",0,0,1,0,0,0,0,1,0,0,1,0,0,1,0,0,0,0,21,0,0,0,0,0,0,0,0,0,2,0,1,0,0,0,0,0,0,0,0,0,0,0,0,0,0,0,0,0,0,0,0,0,0,0,0,0,0,0,0,0,0,2
"Zotu3974",0,0,1,0,0,0,0,0,0,0,44,0,2,0,15,1,0,0,0,0,0,0,1,1,0,1,0,0,0,0,0,1,0,0,0,0,1,0,0,1,0,1,1,0,1,1,0,0,1,0,0,0,0,1,34,31,22,1,0,0,0,2
"Zotu1536",0,0,20,0,0,0,0,0,0,0,0,0,0,0,0,0,0,0,0,0,0,0,0,0,0,0,0,0,0,0,1,0,0,0,0,0,0,1,0,1,0,0,0,0,0,0,0,0,0,1,0,2,0,1,14,70,67,0,51,0,1,0
"Zotu5011",0,0,24,25,0,0,0,0,0,0,0,0,0,0,0,0,41,0,0,0,0,0,1,0,0,0,0,0,0,0,0,0,0,0,0,0,0,0,0,0,0,0,0,0,0,0,0,0,0,0,0,0,0,0,0,0,0,0,0,0,0,0
"Zotu1012",0,0,7,1,1,0,1,0,0,0,0,1,0,1,1,0,5,2,0,0,0,0,0,0,0,0,0,0,106,1,0,0,1,1,1,0,0,0,108,0,0,0,0,3,0,0,0,0,0,1,0,0,0,0,1,0,0,0,1,1,1,1
"Zotu1746",0,0,2,0,0,0,0,0,1,0,0,0,0,0,0,0,0,0,0,0,0,0,0,0,0,0,0,0,0,0,0,0,126,0,0,0,1,0,1,0,0,0,2,0,2,0,0,0,0,1,0,2,0,0,0,0,0,0,0,0,1,0
"Zotu4531",0,0,22,0,0,0,0,0,0,0,0,0,0,0,0,0,0,0,0,0,0,0,0,0,0,0,0,0,0,0,0,0,0,0,0,0,0,0,0,0,0,0,0,0,0,0,0,0,0,0,0,0,0,0,0,0,0,0,0,0,0,0
"Zotu1057",0,0,10,17,0,0,1,0,4,9,0,1,0,17,7,4,2,0,0,2,6,0,0,0,0,0,1,0,1,0,0,0,4,1,3,1,1,1,1,1,1,2,1,3,2,0,1,2,3,0,8,7,69,1,0,0,5,0,0,5,45,54
"Zotu5311",0,0,13,0,0,0,0,1,0,0,0,0,2,0,6,0,0,0,0,0,0,0,0,0,0,0,0,1,0,0,0,0,0,0,0,0,0,0,0,0,0,0,1,0,0,0,0,0,0,0,0,3,0,0,0,0,0,0,0,0,0,0
"Zotu4835",0,0,13,0,1,0,0,0,0,0,10,0,0,0,0,0,0,0,0,0,0,0,0,0,0,0,0,0,0,0,1,0,0,0,0,0,0,0,0,1,0,0,0,0,0,0,0,0,0,0,0,0,0,0,11,11,13,2,22,2,0,0
"Zotu403",0,0,8,0,3,1,0,0,0,0,0,0,1,1,13,0,0,0,0,0,0,0,1,0,0,0,0,1,0,0,0,8,5,7,4,4,5,3,61,1,4,35,3,4,8,3,4,2,8,2,1,3,6,25,28,527,50,0,3,9,3,0
"Zotu1633",0,0,3,1,0,0,29,0,32,26,0,0,2,0,3,1,5,2,0,0,0,0,0,0,0,0,0,0,1,1,0,0,0,0,0,0,0,0,0,0,0,0,0,15,0,0,0,0,0,1,0,0,2,0,0,0,0,0,0,0,0,9
"Zotu4535",0,0,19,19,0,0,0,0,0,1,0,0,0,0,1,0,2,0,0,0,0,0,0,0,1,1,0,0,0,1,0,0,0,0,0,0,0,0,0,0,0,0,0,0,0,0,0,0,0,0,0,0,0,0,0,0,0,0,0,0,0,0
"Zotu2086",0,0,6,1,0,0,0,0,0,0,0,6,0,0,9,0,3,2,0,0,0,0,0,0,0,0,0,0,0,0,1,0,0,0,62,0,0,18,1,0,1,2,1,4,1,1,0,0,0,1,0,5,0,0,0,0,1,0,0,1,0,0
"Zotu1945",0,0,11,3,9,1,0,1,0,16,0,1,1,0,0,0,1,0,0,0,1,0,0,0,0,0,2,0,1,0,0,1,0,1,2,1,0,0,1,0,0,1,2,0,0,1,1,0,1,0,0,0,0,0,39,9,21,0,1,0,2,0
"Zotu5461",0,0,13,2,1,1,0,0,12,0,0,0,1,0,9,0,8,0,0,0,0,0,0,1,0,0,2,0,0,0,2,0,0,0,0,0,0,0,0,0,0,0,0,1,0,0,0,1,0,0,0,3,0,0,0,0,0,0,0,0,0,0
"Zotu2261",0,0,8,3,48,0,0,2,3,1,2,1,0,11,1,1,47,0,0,2,1,1,1,0,0,1,0,1,0,2,1,0,0,0,0,0,0,0,0,0,0,0,0,8,0,0,0,0,0,0,0,0,0,0,0,0,0,0,1,0,0,0
"Zotu625",0,0,12,8,12,0,1,0,10,1,0,0,1,0,2,1,15,0,1,2,10,0,0,0,2,0,0,0,0,0,1,1,2,83,2,0,0,0,2,0,2,0,245,9,0,2,2,0,2,2,5,14,46,0,5,5,0,0,3,9,7,16
"Zotu6243",0,0,15,0,0,0,2,0,0,0,0,0,0,16,0,0,1,0,0,1,0,0,1,0,0,0,0,0,0,0,0,0,0,0,0,0,0,0,0,0,0,0,0,0,0,0,0,0,0,0,0,0,0,0,0,0,0,0,0,0,0,0
"Zotu5110",0,0,10,0,0,0,0,0,0,0,31,0,0,1,0,2,0,0,0,0,4,0,0,1,0,0,0,0,0,0,1,0,0,0,0,0,0,0,0,0,0,0,0,0,0,0,0,0,0,0,0,0,0,0,0,0,0,0,0,0,0,0
"Zotu4104",0,0,26,1,0,0,1,0,0,0,0,0,0,0,17,0,1,0,0,0,1,0,1,0,0,0,0,0,0,0,0,0,0,0,0,0,0,0,0,0,0,0,0,0,0,0,0,0,0,0,0,0,0,0,0,0,0,0,0,0,0,0
"Zotu5212",0,0,3,3,3,0,0,0,1,0,0,0,0,0,0,0,0,0,0,0,0,0,0,0,0,0,0,0,0,0,0,0,0,0,0,0,0,0,1,0,1,0,0,5,0,0,0,0,0,0,0,0,0,0,0,0,0,0,0,24,4,0
"Zotu3039",0,0,12,14,11,1,2,0,1,0,12,0,0,0,7,0,13,1,0,1,0,0,0,0,1,0,0,0,0,1,0,0,1,0,2,0,0,0,0,0,0,0,0,11,0,0,0,0,1,0,0,0,0,16,0,0,1,0,0,0,0,0
"Zotu3815",0,0,22,0,0,0,1,0,1,0,33,0,0,1,3,0,0,1,0,0,0,1,0,0,0,0,0,0,0,0,0,0,0,0,0,0,0,0,0,0,0,0,0,0,0,0,0,0,0,0,0,0,0,0,0,0,0,0,0,0,0,0
"Zotu3267",0,0,18,0,0,0,0,0,0,1,0,2,0,0,0,0,0,0,39,0,0,0,0,0,0,0,0,0,1,0,0,0,0,0,0,0,0,0,0,0,0,0,0,0,0,0,0,0,0,0,0,0,0,0,0,0,0,0,0,0,0,0
"Zotu3022",0,0,14,6,0,0,1,0,0,0,0,0,0,0,1,0,25,0,0,0,23,0,0,0,0,0,0,0,0,0,0,0,0,0,0,1,0,0,1,0,0,0,0,2,0,0,0,0,0,2,0,42,0,0,0,0,0,0,0,0,0,0
"Zotu4458",0,0,1,11,22,0,1,0,0,0,0,0,0,0,0,0,9,0,0,0,0,1,0,0,0,0,0,0,0,0,0,0,0,0,0,0,0,0,0,0,0,0,0,0,0,0,0,0,0,0,0,0,0,0,0,0,0,0,0,0,0,0
"Zotu3170",0,0,14,0,1,0,0,0,0,0,0,0,0,0,3,0,0,0,26,0,0,0,0,0,0,2,0,2,0,0,0,0,0,0,0,0,0,0,0,1,0,0,0,0,0,1,0,1,0,0,0,0,0,0,0,0,23,0,0,0,0,0
"Zotu4060",0,0,10,0,0,0,0,0,0,0,0,0,0,0,0,0,0,0,0,1,0,0,0,0,0,0,0,0,0,0,0,0,0,0,0,0,0,0,0,0,0,0,0,0,0,0,0,0,0,0,0,0,0,0,4,0,0,0,0,25,0,0
"Zotu4432",0,0,1,0,0,1,0,0,0,0,0,0,0,0,0,0,0,0,0,0,0,0,0,0,0,1,0,0,21,0,0,0,0,1,0,0,0,0,0,0,0,0,0,0,0,0,0,0,0,0,0,0,0,0,0,0,0,0,0,0,0,0
"Zotu2555",0,0,2,0,0,4,0,0,0,0,1,1,0,0,2,4,0,0,0,1,1,0,96,0,0,0,0,0,0,0,0,0,0,0,0,0,0,0,0,0,0,0,1,0,0,0,0,0,0,0,0,0,0,0,12,2,0,0,0,0,0,0
"Zotu3773",0,0,1,3,1,0,0,0,0,0,0,0,0,0,0,0,3,0,0,0,0,0,0,0,0,0,0,0,0,0,0,0,0,0,0,1,0,0,34,1,0,0,0,1,0,0,1,0,0,0,0,0,0,0,0,1,0,1,0,1,0,10
"Zotu2967",0,0,10,0,4,0,0,0,0,3,45,0,0,0,10,1,3,0,0,0,0,0,0,0,0,0,0,0,0,1,0,0,0,0,0,0,0,1,0,1,0,0,1,1,0,0,0,0,0,0,0,3,0,0,5,4,0,0,21,0,0,0
"Zotu4031",0,0,10,0,1,0,0,0,0,0,0,1,0,0,3,0,0,1,0,0,7,0,1,0,0,0,2,0,1,1,1,0,0,0,0,0,0,0,0,0,0,0,0,4,0,0,0,0,0,0,0,0,0,0,0,0,0,0,0,0,0,10
"Zotu1916",0,0,15,0,0,0,0,0,0,0,0,0,0,0,1,0,1,0,34,0,0,0,1,0,0,0,0,0,0,0,0,1,1,1,0,0,1,0,0,0,0,0,0,3,1,2,0,0,2,1,1,0,1,0,2,2,0,0,1,49,21,1
"Zotu2295",0,0,14,0,0,0,0,0,0,0,1,0,0,0,0,0,0,0,0,0,0,0,0,0,0,0,0,0,0,0,0,0,0,0,0,0,0,0,1,0,0,0,0,0,0,0,0,11,0,0,0,4,0,0,11,0,27,1,53,0,0,0
"Zotu4125",0,0,1,0,0,0,0,0,0,0,0,0,0,0,0,0,0,0,0,0,4,0,0,0,0,0,0,0,0,3,0,1,0,1,0,0,0,2,0,0,0,0,0,1,44,0,0,0,0,0,0,1,0,0,0,0,0,0,1,0,0,0
"Zotu5706",0,0,12,1,0,0,0,0,0,0,0,0,0,0,0,0,0,0,0,0,0,0,0,0,0,0,0,0,0,0,0,0,0,0,0,0,0,0,0,0,0,0,0,0,0,0,0,0,0,0,0,0,0,0,0,0,0,0,0,0,0,0
"Zotu4020",0,0,11,0,0,0,0,0,0,0,0,0,0,0,0,0,0,0,0,0,0,0,0,0,0,0,0,0,0,0,0,0,0,1,1,1,0,0,90,0,1,1,1,1,0,1,1,0,0,0,0,1,1,0,1,0,0,0,0,1,1,1
"Zotu2184",0,0,10,0,0,0,0,0,2,0,49,0,0,0,12,0,0,0,43,0,0,0,2,6,0,0,0,1,0,0,1,0,0,0,0,0,0,0,0,0,0,0,0,0,0,0,0,0,0,0,0,0,0,0,0,21,0,0,0,0,0,0
"Zotu2316",0,0,1,1,1,0,0,0,0,0,0,0,0,0,0,0,0,82,0,0,0,0,1,1,0,0,0,0,0,1,0,0,0,0,0,0,0,0,0,0,0,3,0,0,0,0,0,0,0,0,0,0,0,0,0,0,0,0,0,0,0,0
"Zotu2798",0,0,7,0,0,0,0,0,0,0,0,0,0,0,2,0,0,0,0,0,0,0,0,0,0,0,0,1,0,0,0,0,0,0,0,1,1,0,0,0,0,0,1,6,2,0,0,0,0,0,1,0,1,0,1,0,1,0,0,62,0,0
"Zotu5325",0,0,10,0,4,0,0,0,0,0,0,0,0,0,3,0,0,0,0,0,0,0,0,0,0,0,0,0,0,0,0,0,0,0,0,0,1,0,0,0,0,0,0,2,0,0,0,0,0,0,0,0,0,0,3,0,0,0,0,27,16,0
"Zotu777",0,0,13,0,4,0,0,1,0,0,0,0,0,0,2,0,0,0,14,0,0,0,3,0,0,0,0,0,1,0,0,0,3,0,1,0,2,0,1,0,0,1,5,0,0,1,0,1,0,1,0,0,1,0,33,45,51,83,64,1,18,1
"Zotu4463",0,0,12,1,1,0,0,0,3,22,0,0,0,0,1,0,0,0,4,0,0,1,0,0,1,0,0,0,0,0,0,0,0,0,0,0,0,0,0,1,0,0,0,0,0,0,0,0,0,0,0,0,0,0,4,2,0,0,0,0,0,0
"Zotu6166",0,0,16,0,1,0,0,0,0,0,0,0,1,0,0,0,0,0,0,0,0,0,0,0,0,0,0,0,0,0,0,0,0,0,0,0,0,0,0,0,0,0,0,1,0,0,0,0,0,0,0,0,0,0,0,0,0,0,0,0,0,0
"Zotu3534",0,0,23,0,21,0,0,0,0,0,0,0,0,1,0,0,0,1,0,0,0,0,0,0,0,0,0,0,0,0,0,0,0,0,0,0,0,0,0,0,0,0,0,0,0,0,0,0,0,0,0,0,0,0,0,0,0,0,0,0,0,0
"Zotu4708",0,0,7,0,0,0,0,0,0,0,0,0,0,0,0,0,1,0,0,0,0,0,0,0,0,0,0,0,0,0,0,0,0,0,0,2,0,0,0,0,1,0,0,0,0,0,0,0,0,0,2,0,36,0,0,0,0,0,0,0,0,0
"Zotu5869",0,0,1,1,17,0,0,1,0,0,0,1,0,0,0,0,0,0,0,1,0,0,0,0,0,1,0,0,1,0,0,0,0,0,0,0,0,0,0,0,0,0,0,0,0,0,0,0,0,0,0,0,0,0,0,0,1,0,0,0,0,0
"Zotu719",0,0,28,2,1,1,0,26,0,21,0,29,1,1,2,2,2,1,0,2,1,0,2,0,1,2,0,1,0,0,1,0,2,0,0,1,2,2,1,0,1,1,1,1,197,3,0,0,0,0,0,28,38,0,1,0,4,0,2,1,3,2
"Zotu4937",0,0,9,0,0,0,0,0,0,0,0,0,0,0,0,0,2,0,0,0,0,0,0,0,0,0,0,1,0,4,0,1,0,1,0,0,0,0,0,0,1,0,1,0,1,1,0,0,0,1,36,4,0,10,0,0,0,0,2,0,0,0
"Zotu2394",0,0,7,0,0,0,0,0,1,0,2,24,0,1,3,0,0,98,0,0,0,0,2,0,1,0,0,0,0,0,0,0,0,0,0,0,0,0,0,0,0,0,0,0,0,0,0,0,0,0,0,0,0,0,0,6,0,0,0,0,0,1
"Zotu5170",0,0,4,31,24,0,0,0,0,0,0,1,0,0,3,0,1,0,0,1,0,0,0,0,0,1,2,0,1,0,0,2,0,1,0,0,1,0,0,22,0,0,0,5,0,0,1,0,0,1,0,0,0,0,6,11,1,1,0,0,0,0
"Zotu4829",0,0,8,0,0,0,0,0,0,0,0,0,1,0,0,0,0,0,0,0,0,0,0,0,0,0,0,1,0,0,0,1,1,0,0,0,0,0,0,0,0,0,0,0,1,0,0,0,1,0,0,4,0,16,0,0,0,0,0,0,0,0
"Zotu4575",0,0,17,0,0,0,0,0,1,1,0,1,1,0,0,0,0,0,0,0,0,0,0,0,0,0,0,0,0,0,0,0,0,0,0,0,0,0,0,0,1,1,0,0,0,0,0,0,2,0,0,0,0,0,5,1,0,0,0,7,0,0
"Zotu5206",0,0,5,0,0,0,0,0,0,0,0,0,0,0,0,0,0,0,0,0,0,0,0,0,0,0,0,0,0,0,0,0,0,0,0,1,0,0,0,0,0,0,1,1,1,0,0,0,0,1,0,0,0,0,6,24,0,0,0,0,1,0
"Zotu2668",0,0,1,8,1,1,21,0,0,0,26,0,0,1,0,1,9,0,0,1,1,0,1,1,1,0,0,1,2,0,0,0,0,0,0,0,0,0,0,0,0,0,0,1,0,0,0,0,0,0,0,3,0,0,0,0,0,0,0,0,0,0
"Zotu2212",0,0,6,0,0,0,0,0,42,1,1,0,0,25,41,0,3,0,0,0,0,0,0,0,0,0,0,0,1,1,0,0,0,0,0,1,0,0,0,0,0,0,0,7,0,0,0,0,0,0,1,20,24,0,25,43,0,0,0,1,0,1
"Zotu4170",0,0,3,0,0,0,0,0,3,0,0,1,0,4,1,0,0,0,0,0,0,0,0,0,0,1,0,0,0,0,0,0,0,0,0,0,0,2,0,0,0,1,0,0,0,33,0,0,0,1,0,1,0,0,3,3,8,0,1,0,0,0
"Zotu3585",0,0,17,5,0,0,0,0,1,0,0,0,0,0,0,0,0,0,0,0,0,0,0,0,0,0,0,0,0,0,0,0,0,0,0,0,0,0,0,0,0,0,0,18,0,0,0,0,0,0,0,0,0,0,0,0,0,0,0,0,0,1
"Zotu2759",0,0,12,0,0,1,1,1,0,0,1,0,0,13,0,0,0,0,28,0,1,0,0,0,0,2,0,0,0,0,0,0,0,0,0,0,0,0,0,0,0,0,0,0,0,0,0,0,0,0,0,0,0,0,0,0,0,0,0,2,5,0
"Zotu3420",0,0,1,0,0,0,0,0,9,0,0,0,0,0,1,0,0,0,0,0,0,0,0,0,0,0,0,0,0,0,0,0,0,0,0,0,0,0,1,1,1,0,0,1,0,0,0,0,0,1,0,0,0,0,17,2,0,0,47,0,1,0
"Zotu1774",0,0,2,24,33,1,0,2,1,0,0,28,1,1,2,0,13,0,0,0,0,2,0,0,1,1,1,1,0,0,0,0,0,0,0,1,15,0,0,0,0,0,1,9,0,0,1,0,0,0,1,0,0,0,0,0,0,2,0,20,13,0
"Zotu3327",0,0,5,0,5,16,20,0,0,0,4,0,0,0,0,0,0,1,2,0,1,0,0,0,0,0,0,0,0,0,0,0,0,0,0,0,0,0,0,0,0,0,0,2,1,0,0,0,0,0,0,0,0,0,1,0,0,0,0,0,0,0
"Zotu1755",0,0,6,1,2,1,15,0,12,5,0,1,0,2,3,0,31,0,0,1,7,1,2,1,0,0,0,2,0,1,1,0,0,0,2,1,0,0,0,1,0,0,0,4,0,1,59,0,0,0,0,5,1,0,0,1,0,0,0,0,0,6
"Zotu6319",0,0,3,0,1,0,0,1,1,0,0,0,0,0,7,0,0,0,0,0,5,0,0,1,0,0,0,0,0,0,0,0,0,0,0,0,0,0,0,0,0,0,0,0,0,0,0,0,0,0,0,0,0,0,0,0,0,0,0,0,0,0
"Zotu3845",0,0,10,10,17,0,0,0,4,0,8,1,0,0,0,1,1,17,1,1,0,0,0,0,1,1,0,0,1,0,2,0,0,0,0,0,0,0,0,0,0,0,0,1,0,0,0,0,0,0,0,0,0,0,0,0,0,0,0,0,0,0
"Zotu3122",0,0,2,2,2,1,1,0,1,1,0,0,2,1,2,0,5,0,0,0,41,0,0,0,0,1,0,0,0,0,1,0,0,0,0,0,0,0,0,0,0,0,0,6,0,0,0,0,0,0,0,0,0,0,0,0,0,0,1,0,0,0
"Zotu1314",0,0,11,2,0,3,0,2,7,2,31,0,1,42,2,0,0,0,50,0,0,0,0,1,0,2,0,1,0,0,1,0,0,0,0,0,0,0,0,0,0,0,0,0,0,17,0,0,0,0,0,0,0,0,0,0,1,0,0,0,0,0
"Zotu5143",0,0,4,0,4,0,0,0,21,1,0,0,1,0,19,0,17,0,1,0,0,0,1,0,0,0,1,1,0,0,0,0,0,0,0,0,0,0,0,0,0,0,0,0,0,0,0,0,0,0,0,0,0,0,0,0,0,0,0,0,0,0
"Zotu4187",0,0,2,0,10,0,0,3,2,2,0,0,0,7,1,7,1,1,17,1,0,0,0,0,0,0,0,0,0,0,0,0,0,0,0,0,0,0,0,0,0,0,0,0,1,0,1,0,0,0,1,0,0,0,0,0,0,0,0,0,0,1
"Zotu1662",0,0,7,4,5,0,0,0,8,26,1,0,0,1,3,0,10,0,0,0,1,0,1,0,0,1,0,0,0,0,1,2,0,0,0,0,0,1,1,0,1,0,0,20,0,1,0,84,0,0,0,0,0,0,1,1,0,0,21,0,0,0
"Zotu6167",0,0,20,2,0,0,0,0,0,0,0,0,0,0,0,0,0,1,0,0,0,0,0,0,1,0,0,0,0,0,0,0,0,0,0,0,0,0,0,0,0,0,0,0,0,0,0,0,0,0,0,0,0,0,0,0,0,0,0,0,0,0
"Zotu1021",0,0,9,2,8,1,1,0,26,0,48,3,1,3,6,0,14,1,26,0,0,1,0,0,0,1,1,0,15,0,1,1,1,0,0,0,1,28,0,0,0,0,0,3,0,0,0,0,60,1,2,8,0,0,1,0,0,1,0,0,0,0
"Zotu1745",0,0,19,1,0,0,0,0,0,0,0,33,0,0,9,0,0,1,25,0,0,0,0,0,1,0,0,1,0,0,0,0,0,0,0,0,0,0,1,0,0,0,0,0,0,0,0,72,0,0,0,0,1,0,0,0,0,0,0,0,0,0
"Zotu733",0,0,2,6,4,0,0,0,0,0,2,0,2,0,1,1,4,0,0,0,1,0,0,1,262,0,0,47,11,3,0,0,0,25,0,0,0,0,0,1,0,0,0,2,77,0,0,0,0,0,0,0,0,1,1,0,0,0,0,0,0,0
"Zotu1869",0,0,1,1,1,1,2,1,0,1,0,1,0,0,1,0,0,1,2,3,18,0,0,0,1,66,1,0,0,30,0,0,0,0,0,0,0,0,0,48,0,0,1,2,0,1,0,0,7,1,0,4,0,0,0,0,0,0,1,0,0,0
"Zotu3928",0,0,2,4,0,10,12,0,1,0,0,0,0,0,1,6,3,1,0,0,4,0,0,0,0,0,0,1,0,0,0,0,0,0,0,0,0,0,0,0,0,0,0,2,0,0,0,0,0,0,0,0,0,0,0,0,0,0,1,0,0,0
"Zotu1341",0,0,1,5,44,0,2,0,1,2,0,65,1,0,6,0,3,1,0,0,0,0,0,0,0,0,1,0,1,1,2,0,1,3,1,1,0,1,5,1,0,0,1,3,1,2,2,0,2,0,0,2,1,0,66,27,0,0,18,0,3,1
"Zotu5938",0,0,2,0,1,0,0,0,4,8,0,0,0,0,2,0,1,0,0,0,0,0,0,1,0,0,0,1,0,0,0,1,0,0,0,0,0,0,0,1,0,0,0,0,0,0,0,1,0,0,0,1,0,1,11,4,1,0,3,0,0,0
"Zotu2160",0,0,2,3,0,1,0,13,0,2,1,1,0,0,0,0,4,0,1,1,0,3,1,1,0,0,0,0,76,0,0,0,0,0,0,0,0,0,0,0,0,0,0,1,0,0,0,0,0,0,0,0,0,0,0,0,0,0,0,0,0,0
"Zotu1952",0,0,5,1,2,0,78,22,0,1,2,0,0,1,0,0,1,0,2,0,0,0,2,2,0,0,1,0,1,0,1,0,0,0,0,0,0,0,0,0,0,0,0,0,0,0,0,0,0,0,0,2,0,0,0,0,0,0,0,0,0,10
"Zotu2024",0,0,3,5,6,1,4,0,0,0,0,0,0,0,0,0,2,0,0,0,0,0,0,0,0,0,0,1,0,1,0,1,1,1,0,0,1,1,0,0,0,0,0,5,0,0,1,1,0,2,0,1,0,7,2,1,10,0,48,18,12,5
"Zotu6013",0,0,1,0,17,0,0,0,0,0,0,1,0,0,4,0,0,1,0,0,0,0,0,0,1,0,0,0,0,0,0,0,0,0,0,0,0,0,0,0,0,0,0,2,0,0,0,0,0,0,0,0,0,0,0,0,0,0,0,0,0,0
"Zotu1083",0,0,6,5,3,0,0,0,0,0,0,2,0,0,0,0,2,1,0,0,0,1,0,3,0,0,1,0,0,0,0,2,0,1,2,1,1,3,1,1,0,2,2,1,3,1,2,2,0,1,1,1,1,1,5,11,0,1,110,21,32,6
"Zotu4270",0,0,1,1,0,0,0,1,0,2,38,1,1,0,0,1,0,0,0,1,0,0,0,0,0,0,0,1,0,0,0,0,0,0,0,0,0,0,0,0,0,0,0,0,0,0,0,0,0,0,0,0,0,0,0,0,1,0,0,0,0,0
"Zotu3217",0,0,10,0,1,1,0,0,0,0,0,2,0,1,1,0,0,0,0,0,6,0,0,0,0,1,0,20,0,7,0,0,69,0,0,0,0,1,1,1,1,0,0,1,0,0,0,0,0,0,0,1,0,2,1,0,0,0,0,0,0,0
"Zotu5578",0,0,5,0,0,0,0,0,20,1,0,0,0,0,4,0,0,0,9,0,0,0,0,0,0,0,0,0,0,0,0,0,0,0,0,0,0,0,0,0,0,0,0,0,0,0,0,0,0,0,0,0,0,0,7,7,0,0,0,0,0,0
"Zotu3786",0,0,4,0,0,0,0,0,0,1,0,0,0,0,0,0,0,0,0,0,0,0,0,0,0,0,0,0,0,0,0,0,0,0,0,1,0,1,0,0,0,0,0,0,0,0,1,0,0,0,1,0,0,0,0,0,1,0,0,6,29,0
"Zotu5674",0,0,1,25,0,0,0,0,0,0,0,0,0,0,0,1,0,0,0,0,0,0,0,0,0,0,0,0,0,0,0,0,0,0,0,0,0,0,0,0,0,0,0,5,0,0,0,0,0,0,0,0,0,0,0,0,0,0,0,0,0,0
"Zotu3293",0,0,18,0,0,0,0,0,9,0,0,0,0,0,3,0,1,0,0,0,0,0,0,0,0,0,0,0,0,0,0,1,0,1,0,2,0,1,1,47,0,0,0,3,0,1,1,0,0,0,0,1,2,1,11,6,0,1,2,0,0,0
"Zotu5354",0,0,3,0,2,0,1,0,0,1,0,45,0,0,1,0,0,16,0,0,0,0,0,0,0,0,0,0,0,0,2,0,0,0,0,0,0,0,0,0,0,0,0,0,0,1,0,0,0,1,1,8,1,56,1,0,0,1,1,0,0,0
"Zotu2350",0,0,1,1,1,0,0,0,0,0,0,0,0,0,0,0,1,0,0,0,0,0,0,0,0,2,0,0,9,0,85,0,0,0,0,0,0,12,0,0,0,0,0,0,0,0,1,0,0,0,0,0,0,0,0,0,0,1,0,0,0,0
"Zotu776",0,0,22,1,0,0,1,0,22,4,56,45,0,60,26,0,10,0,7,1,2,1,3,0,1,1,2,0,1,1,1,0,1,2,0,0,0,0,1,0,1,0,0,0,0,1,1,1,0,0,1,14,0,0,11,1,0,0,66,8,23,0
"Zotu333",0,0,1,5,3,1,3,0,0,0,2,0,0,1,4,0,3,2,0,0,0,0,0,1,4,1,0,62,67,35,0,2,1,5,2,2,0,8,0,3,1,143,2,1,3,3,1,5,0,1,6,3,21,0,4,3,75,90,10,66,135,106
"Zotu1007",0,0,2,0,1,0,0,0,1,1,0,0,0,0,0,0,0,0,0,1,0,0,1,0,0,0,51,0,6,0,0,136,0,38,0,2,0,1,0,18,0,1,0,1,0,1,1,1,0,0,1,0,0,1,1,0,0,0,1,0,1,0
"Zotu3746",0,0,1,1,0,0,1,0,25,0,0,1,0,0,5,0,0,37,0,0,0,0,1,0,1,1,0,0,3,1,0,0,0,0,0,0,0,0,0,0,0,0,0,0,0,0,0,0,0,0,0,0,0,0,0,3,0,0,0,0,0,0
"Zotu3727",0,0,5,1,2,1,0,0,0,0,2,1,0,0,1,0,0,0,39,1,0,0,0,0,0,0,0,0,1,0,0,0,0,0,1,0,0,0,0,0,0,0,0,0,0,0,0,1,0,0,0,0,0,0,1,8,0,0,0,0,0,0
"Zotu1613",0,0,1,0,0,0,0,0,23,0,0,0,0,0,6,0,0,1,0,0,0,0,0,0,0,0,0,0,0,0,0,0,0,0,1,0,0,0,48,0,0,0,0,0,0,0,0,1,10,0,0,2,0,0,17,10,18,0,60,6,0,0
"Zotu368",0,0,15,0,0,0,0,0,0,0,0,0,0,0,0,0,0,0,0,0,0,0,0,0,0,0,0,0,0,0,0,3,4,7,2,1,7,86,717,8,6,3,2,2,5,5,4,8,5,4,2,17,2,6,4,3,3,3,7,4,5,8
"Zotu2500",0,0,3,1,1,10,1,0,0,1,0,33,1,0,0,0,0,0,0,0,0,0,0,0,0,1,0,0,0,0,0,0,0,0,0,0,0,1,0,0,0,0,0,0,0,0,0,0,0,1,0,0,1,0,0,1,0,0,1,1,0,14
"Zotu5559",0,0,12,0,0,1,0,0,12,1,0,0,0,0,0,0,0,0,0,0,0,0,0,0,0,0,0,0,1,0,2,0,0,0,0,0,0,0,0,0,0,0,0,0,0,0,0,0,2,0,0,0,0,12,0,0,0,0,0,0,0,0
"Zotu3565",0,0,6,0,0,0,0,0,0,0,0,0,0,0,19,0,0,0,0,0,0,0,0,0,0,0,0,0,0,0,0,0,0,0,0,0,0,0,0,1,0,1,0,0,0,0,0,1,1,0,0,0,0,0,38,10,26,1,25,0,2,1
"Zotu6181",0,0,13,0,0,0,0,0,0,0,0,0,0,0,0,0,0,0,0,0,0,0,0,0,0,1,0,0,0,0,0,0,0,0,0,0,0,0,0,0,0,0,0,0,0,0,0,1,0,0,0,0,0,0,8,10,0,0,0,0,0,0
"Zotu889",0,0,4,0,1,1,0,0,68,1,76,0,1,23,31,1,0,0,37,0,0,0,0,0,0,1,0,0,0,0,0,0,0,0,1,1,0,1,0,0,0,0,1,46,0,1,0,0,187,0,38,0,0,0,0,0,3,0,0,0,0,1
"Zotu5147",0,0,17,0,0,0,0,0,0,0,0,0,0,0,5,0,0,0,0,1,0,0,0,0,0,0,0,1,0,0,0,0,0,0,1,0,0,34,0,0,0,0,0,2,1,0,0,12,0,0,0,3,0,0,8,0,0,0,0,0,1,0
"Zotu5920",0,0,2,8,47,1,0,0,0,0,0,0,0,0,1,0,3,1,0,2,0,1,1,0,1,1,0,2,0,0,0,0,0,0,0,0,0,0,0,0,0,0,0,2,0,0,0,0,0,0,0,0,0,0,0,0,0,0,0,0,0,0
"Zotu1587",0,0,31,0,0,0,0,0,22,0,26,0,0,0,7,0,0,2,0,0,0,0,0,0,0,0,0,0,3,0,0,0,0,0,1,0,1,0,57,1,1,0,13,1,0,0,0,0,0,0,0,0,0,0,31,10,36,0,0,0,1,0
"Zotu6360",0,0,13,0,1,0,0,0,0,0,0,0,0,0,7,0,0,0,0,0,0,0,0,0,0,0,0,0,0,0,0,0,0,0,0,0,0,0,0,0,0,0,0,0,0,0,0,0,0,0,0,0,0,0,0,0,0,0,0,0,0,0
"Zotu5430",0,0,1,0,1,0,0,0,0,1,0,31,0,0,2,0,0,1,0,0,0,0,0,0,0,0,0,0,0,0,0,0,0,0,0,0,0,0,0,0,0,0,0,0,0,0,0,0,0,0,0,4,0,0,0,0,0,0,0,0,0,0
"Zotu4588",0,0,1,0,0,0,0,0,23,0,0,0,0,1,0,0,0,0,0,0,0,0,0,0,0,0,0,0,0,1,1,0,0,0,0,0,0,0,0,0,0,0,0,0,0,0,0,0,0,0,0,0,0,0,0,0,0,0,0,0,0,0
"Zotu3695",0,0,1,1,0,0,0,0,1,0,0,0,0,0,0,0,0,0,0,0,0,34,0,0,0,0,0,0,0,0,0,0,0,0,0,0,0,0,0,0,0,0,0,0,0,0,0,0,0,0,0,0,0,0,0,0,0,0,0,0,0,0
"Zotu5294",0,0,11,0,0,0,0,0,0,8,0,0,0,0,0,0,0,0,0,0,0,0,1,0,0,0,1,0,0,2,0,0,0,0,0,0,0,0,0,0,0,0,0,0,0,0,0,0,0,0,0,0,0,0,0,0,0,0,0,0,0,0
"Zotu470",0,0,9,0,2,1,0,0,0,1,1,13,0,0,3,0,0,0,18,128,0,0,0,2,0,0,0,1,1,1,1,2,1,1,5,4,1,4,1,3,0,2,2,3,3,84,3,0,3,2,5,1,4,3,14,56,70,147,48,43,21,2
"Zotu5189",0,0,4,0,2,0,0,0,0,1,22,0,0,0,0,0,1,0,1,0,0,1,0,0,0,0,0,0,0,0,0,0,0,0,0,0,0,0,0,0,0,0,0,0,0,0,0,0,0,0,0,0,0,0,0,0,0,1,0,0,0,1
"Zotu6328",0,0,1,19,1,0,0,1,0,0,1,0,0,0,0,1,0,0,0,0,1,0,0,0,0,0,0,1,0,1,0,0,0,0,0,0,0,0,0,0,0,0,0,0,0,0,0,0,0,0,0,0,0,0,0,0,0,0,0,0,0,0
"Zotu433",0,0,1,0,0,1,1,0,0,0,0,12,0,0,1,1,6,0,0,0,0,1,0,1,0,0,0,1,1,1,85,0,136,6,77,5,116,179,2,1,0,6,8,7,0,2,1,0,1,4,1,6,1,9,3,0,1,3,2,7,1,1
"Zotu925",0,0,14,1,1,0,1,0,1,2,29,3,0,3,43,1,3,83,93,2,0,2,1,1,0,2,0,2,0,1,0,0,0,1,0,0,0,0,0,0,0,2,0,0,0,0,0,0,0,0,0,4,0,0,1,20,0,0,0,0,0,0
"Zotu4448",0,0,5,0,0,0,44,0,0,0,0,1,0,0,0,0,5,1,0,0,2,0,0,0,1,0,1,0,2,0,0,0,0,0,0,0,0,0,0,0,0,0,0,2,0,0,0,0,0,0,0,1,0,0,0,0,0,0,0,0,0,0
"Zotu2282",0,0,4,0,0,2,1,0,16,0,25,0,0,0,0,0,1,0,0,0,0,0,0,0,0,0,0,0,1,0,0,0,0,0,0,0,0,0,0,0,0,0,0,0,0,0,0,0,0,0,0,0,0,0,1,5,0,0,0,3,0,0
"Zotu6406",0,0,8,0,1,0,1,0,0,0,0,0,0,0,0,0,0,0,0,1,0,0,0,0,0,0,0,0,0,0,0,0,0,0,0,0,29,0,0,0,0,0,0,1,0,1,0,0,0,0,0,5,0,0,1,0,0,0,0,0,0,0
"Zotu2085",0,0,14,0,0,0,0,0,14,0,0,1,0,11,5,0,7,1,13,0,0,0,0,0,0,0,0,0,0,0,0,0,0,0,0,0,1,0,0,0,0,21,0,0,0,0,0,0,37,1,0,0,0,0,0,0,15,44,0,0,1,0
"Zotu1861",0,0,13,0,0,0,0,0,0,0,0,1,3,23,6,0,7,0,12,0,15,0,0,0,0,0,0,0,0,0,2,0,0,0,0,0,0,0,0,1,0,0,0,0,0,0,0,0,1,0,0,13,35,1,0,0,0,1,0,0,4,0
"Zotu2479",0,0,11,1,0,0,1,1,0,0,0,2,0,0,1,0,2,0,0,0,24,0,0,0,0,0,0,0,0,19,0,1,0,0,0,0,0,0,0,2,1,0,0,2,0,0,0,0,1,0,0,17,9,1,0,0,0,0,0,0,1,7
"Zotu1467",0,0,2,3,8,1,0,0,0,1,0,0,0,0,0,0,1,0,13,0,0,0,1,0,0,1,0,0,0,0,0,1,0,0,0,0,0,0,0,1,0,0,0,0,2,0,1,1,0,1,0,1,0,1,6,1,1,1,58,34,4,9
"Zotu5352",0,0,2,0,1,0,20,0,1,1,0,0,0,0,1,0,0,0,0,0,1,2,0,0,1,0,0,0,0,0,1,0,0,0,0,0,0,0,0,0,0,0,0,0,0,0,0,0,0,0,0,0,0,0,0,0,0,0,0,0,0,0
"Zotu2317",0,0,4,0,4,0,0,0,0,1,0,0,2,0,1,2,2,0,15,0,0,0,0,0,0,0,0,0,0,0,0,1,1,0,0,2,0,1,0,1,0,0,1,1,0,0,0,0,0,0,1,2,0,0,4,36,13,0,79,0,2,2
"Zotu2254",0,0,11,11,0,0,0,0,0,1,1,0,1,1,0,0,47,0,0,0,1,0,0,0,0,1,0,1,6,0,0,0,0,3,0,0,0,0,0,0,0,0,0,1,0,0,0,0,0,1,0,4,0,0,1,0,0,0,0,0,0,0
"Zotu1470",0,0,8,0,1,0,0,0,0,22,1,30,1,0,6,0,1,0,1,0,0,0,0,1,0,1,0,0,0,0,1,1,0,0,0,1,2,1,0,0,0,1,1,0,0,1,0,1,1,0,1,1,1,0,29,13,15,3,39,20,0,0
"Zotu6347",0,0,1,0,26,0,0,0,0,0,0,0,1,0,0,0,0,0,0,0,0,0,0,0,0,0,0,0,0,0,0,0,0,0,0,0,0,0,0,0,0,0,0,0,0,0,0,0,0,0,0,0,0,0,0,0,0,0,0,0,0,0
"Zotu4176",0,0,2,0,0,0,0,0,0,0,0,1,0,0,0,0,0,0,0,0,0,0,0,0,43,0,0,0,0,0,0,0,0,0,0,0,0,0,0,0,0,0,0,0,0,0,0,0,0,0,0,0,0,0,0,0,0,0,0,0,0,0
"Zotu4600",0,0,5,0,0,0,1,0,12,0,0,0,0,0,2,0,0,0,0,0,0,0,1,0,0,0,0,0,2,0,0,0,0,0,0,0,0,0,0,0,0,0,0,0,0,22,0,0,0,0,0,0,0,0,0,0,0,1,0,0,0,0
"Zotu2563",0,0,9,0,0,0,0,0,0,0,0,0,0,0,0,0,0,0,0,0,0,0,0,0,0,0,0,0,0,0,0,2,0,2,0,2,0,2,0,0,0,0,0,0,0,2,1,0,0,0,0,0,0,2,37,32,0,0,6,8,10,0
"Zotu1337",0,0,3,1,2,0,1,2,0,0,0,6,2,1,1,0,6,0,0,1,7,0,0,2,2,1,1,0,174,32,1,0,0,0,0,0,0,0,0,0,0,0,0,1,0,0,0,0,0,0,0,0,0,0,0,0,0,0,0,0,0,0
"Zotu5342",0,0,8,2,1,0,0,1,0,1,17,2,0,0,2,0,0,0,0,0,0,0,1,2,0,0,0,0,0,0,0,0,0,0,0,0,0,1,0,0,0,0,0,0,0,0,0,0,0,0,0,0,1,0,3,1,0,0,0,0,1,1
"Zotu4773",0,0,10,0,4,0,0,0,4,4,0,0,0,0,5,0,0,2,0,0,0,0,2,0,0,0,0,0,1,0,0,0,0,0,0,0,0,0,0,0,0,0,0,0,0,0,0,0,0,0,0,0,0,0,0,3,0,0,0,0,0,0
"Zotu3609",0,0,31,0,0,0,0,0,5,1,1,0,0,0,0,0,0,0,0,0,0,0,0,0,0,0,2,0,0,0,0,0,0,0,0,0,0,0,0,0,0,0,0,0,0,0,0,0,0,0,0,0,0,0,0,0,0,0,0,0,0,0
"Zotu3730",0,0,7,0,0,0,1,0,0,1,0,0,0,0,0,0,1,0,0,0,1,0,0,0,0,0,0,0,13,10,0,0,0,0,0,0,0,0,0,0,0,0,0,0,0,0,0,0,0,0,0,2,0,0,0,0,0,0,0,0,0,3
"Zotu6357",0,0,10,0,0,0,0,0,0,1,0,0,0,0,1,2,0,0,12,0,0,1,0,0,0,0,0,0,0,0,0,0,0,0,0,0,0,0,1,0,0,0,0,0,0,0,0,0,1,0,0,0,17,0,0,0,0,0,0,0,0,1
"Zotu3016",0,0,3,0,1,0,1,3,2,1,1,2,1,1,7,0,12,1,1,0,0,1,0,0,2,0,1,0,39,41,0,0,0,23,0,0,0,1,1,0,0,0,0,2,0,0,1,1,0,0,0,0,0,0,1,0,0,1,0,0,0,1
"Zotu553",0,0,4,0,1,0,2,2,1,342,0,0,3,0,8,2,5,0,27,1,2,2,1,1,2,3,0,1,1,1,1,0,0,0,2,0,0,1,0,1,1,0,0,0,1,0,0,0,0,2,115,1,1,1,0,1,1,2,1,29,46,7
"Zotu4842",0,0,2,0,0,0,0,0,0,0,0,0,0,0,0,0,0,0,0,0,0,0,0,0,0,0,0,0,0,0,0,0,1,0,0,1,0,0,1,0,0,0,0,0,0,0,0,0,0,0,0,0,0,0,9,0,0,0,25,0,1,0
"Zotu2651",0,0,1,36,19,2,0,0,0,0,1,0,1,2,0,0,3,0,1,1,0,0,0,0,0,2,0,1,0,1,0,0,0,0,0,0,0,0,0,0,0,0,0,0,0,0,0,0,0,0,0,0,0,0,0,0,0,0,0,0,0,0
"Zotu1542",0,0,8,1,1,0,0,0,9,0,0,0,0,0,4,0,0,0,0,0,0,0,1,0,0,1,0,0,5,0,0,103,1,1,1,0,0,1,0,1,1,0,1,1,0,0,0,1,1,1,0,2,0,1,0,0,1,0,0,0,0,0
"Zotu1068",0,0,14,0,0,0,0,0,19,0,0,69,0,0,0,0,0,0,2,0,1,0,0,0,0,0,0,0,0,0,0,0,1,0,2,1,2,0,1,2,0,1,0,159,0,1,1,0,0,0,0,0,1,1,7,1,0,0,44,0,0,0
"Zotu880",0,0,3,1,5,2,0,1,1,0,0,0,0,50,20,0,18,0,0,0,5,1,2,0,0,2,0,0,0,22,0,0,2,2,0,0,0,1,2,2,0,1,2,0,2,0,0,0,1,2,1,67,0,34,1,0,4,0,0,28,3,43
"Zotu1652",0,0,1,0,0,0,0,0,0,0,1,0,0,0,1,0,3,0,0,0,3,0,0,0,0,0,0,0,0,0,0,1,1,1,2,1,0,0,0,1,2,0,0,1,102,0,0,24,1,0,2,12,2,1,2,5,0,3,1,1,7,1
"Zotu3181",0,0,8,0,0,0,1,2,1,1,0,1,0,0,7,0,1,1,0,1,1,0,0,0,1,0,1,1,0,0,1,1,0,0,1,0,2,1,0,0,0,2,0,1,0,45,0,0,3,1,1,2,2,3,1,0,0,1,0,0,1,1
"Zotu5437",0,0,1,1,0,0,0,1,0,5,0,0,0,1,2,1,4,0,0,0,0,1,0,0,0,0,0,0,0,23,1,0,0,0,1,0,0,0,0,0,0,0,0,0,0,1,0,0,0,0,0,0,0,0,0,0,0,0,0,0,0,3
"Zotu3619",0,0,1,0,0,1,1,0,0,0,0,0,1,0,0,0,51,0,0,0,0,0,1,1,0,0,0,0,0,0,1,0,0,0,0,0,0,0,0,0,0,0,0,0,0,0,0,0,0,0,0,3,0,0,0,0,0,0,0,0,0,0
"Zotu2271",0,0,1,7,4,0,0,0,0,1,0,1,0,0,0,2,1,1,0,0,5,0,0,0,0,0,0,3,6,0,0,0,0,1,115,0,0,0,1,0,0,0,1,21,1,0,0,1,0,1,0,0,0,0,0,1,0,0,0,1,0,2
"Zotu663",0,0,11,0,1,0,0,0,1,0,0,1,0,1,10,0,1,15,0,0,0,0,379,0,0,0,0,0,0,0,0,0,0,0,0,0,0,0,0,0,0,0,0,0,0,0,0,0,0,0,0,0,0,0,13,0,21,34,14,1,0,0
"Zotu3657",0,0,2,2,5,2,22,0,0,0,2,2,0,2,6,1,3,0,2,0,1,0,0,0,0,0,0,0,0,1,0,0,0,0,1,0,0,0,0,0,1,1,1,0,2,1,1,2,0,0,0,0,0,1,0,1,1,0,0,0,17,20
"Zotu4109",0,0,5,0,16,0,2,0,3,2,1,22,1,0,7,0,1,0,0,1,0,0,1,0,0,0,0,0,1,0,0,0,0,0,0,0,0,0,0,0,0,0,0,1,0,0,0,0,0,0,0,2,0,0,0,0,0,0,0,0,0,0
"Zotu623",0,0,11,1,2,1,0,0,0,1,12,1,2,0,8,0,1,0,95,0,0,0,1,1,1,1,1,0,0,1,1,0,2,1,1,2,1,0,1,3,3,2,0,0,0,2,0,1,1,2,1,1,0,1,87,136,81,32,10,1,1,2
"Zotu2899",0,0,5,0,0,0,0,0,0,0,0,0,0,0,2,0,0,0,0,0,0,0,0,0,0,0,0,0,30,0,0,0,0,1,0,0,0,0,0,0,0,0,0,0,0,0,0,1,0,0,0,8,0,11,0,0,0,0,0,0,0,15
"Zotu4271",0,0,17,0,0,0,0,0,1,0,0,0,0,0,5,0,11,0,1,0,0,0,0,0,0,0,0,0,0,0,0,0,0,0,0,0,0,0,0,0,0,0,0,0,0,0,0,0,0,0,0,0,0,0,0,0,0,0,0,0,0,0
"Zotu2071",0,0,1,0,0,0,0,0,0,0,0,0,0,0,0,0,0,63,0,0,0,0,0,0,0,0,0,0,0,52,1,0,0,0,0,0,0,0,0,0,0,0,0,0,0,0,0,0,0,0,0,0,0,0,0,0,0,0,0,0,0,0
"Zotu5306",0,0,1,0,0,0,1,0,0,0,0,0,0,0,1,0,0,0,0,0,0,0,0,0,0,0,0,0,0,0,0,0,0,0,0,0,0,1,0,0,0,0,0,0,0,0,0,0,0,0,0,4,17,1,0,1,0,0,0,0,0,1
"Zotu3852",0,0,5,2,1,0,0,0,0,0,1,0,0,0,2,0,2,1,0,0,0,0,0,0,0,0,0,0,0,0,0,0,0,1,0,0,0,18,0,0,1,0,0,15,0,63,1,0,0,0,0,0,1,0,1,3,0,0,0,0,0,0
"Zotu5307",0,0,1,71,0,0,1,0,2,3,1,3,1,2,1,1,27,1,0,1,1,1,0,0,0,1,0,0,1,2,1,0,0,0,0,0,0,1,0,0,0,2,0,0,0,0,0,0,2,0,0,0,0,0,0,0,0,0,0,0,0,0
"Zotu2913",0,0,11,1,3,1,19,0,0,6,0,2,2,0,10,0,17,2,0,0,0,0,0,0,1,1,0,1,3,0,1,0,0,0,0,0,0,0,0,0,0,0,0,0,0,0,0,0,0,0,0,1,0,0,0,0,0,0,0,0,0,0
"Zotu3572",0,0,16,1,2,0,0,1,0,1,0,0,1,0,8,0,0,0,19,0,0,0,1,0,0,1,0,0,0,0,0,0,0,0,0,0,0,1,0,0,0,0,1,0,0,0,0,0,0,0,0,20,0,0,0,0,0,0,0,0,0,1
"Zotu2758",0,0,15,0,3,2,0,0,12,1,7,0,0,0,11,0,9,1,0,0,0,0,1,0,0,0,1,0,0,0,0,0,0,0,0,0,0,0,0,0,0,0,0,0,0,0,0,0,1,0,0,0,0,10,0,1,0,0,0,9,0,0
"Zotu3638",0,0,13,0,0,0,0,0,0,0,0,0,1,0,9,1,1,0,0,0,0,1,0,0,0,0,0,1,0,0,0,0,0,0,0,0,0,2,0,0,1,0,0,0,32,0,1,0,0,0,0,17,2,0,1,0,0,0,0,1,0,0
"Zotu2084",0,0,5,0,0,0,0,0,0,0,0,0,0,0,0,0,0,0,0,0,0,0,0,0,0,0,0,0,0,0,0,2,0,0,0,83,0,30,1,0,0,1,0,6,1,0,0,0,0,0,0,0,0,0,0,0,0,0,0,0,0,0
"Zotu2186",0,0,14,0,0,0,1,0,4,0,0,0,0,0,4,0,2,0,0,0,0,0,0,0,0,0,0,0,0,0,0,0,3,1,1,1,15,0,1,0,0,22,3,0,0,0,0,1,0,0,0,0,1,2,52,13,8,0,18,0,11,2
"Zotu3129",0,0,2,1,2,0,0,0,0,0,0,0,0,0,2,0,1,0,0,0,0,0,0,0,0,0,1,0,0,0,0,0,1,0,0,0,1,0,1,0,0,1,0,0,0,0,1,56,0,0,0,1,0,0,0,1,0,1,2,0,1,0
"Zotu4509",0,0,3,4,6,0,0,0,0,0,0,1,0,0,0,0,1,0,0,0,1,0,0,0,0,0,0,0,0,1,0,0,0,0,0,1,0,0,0,0,0,0,0,1,0,0,0,0,0,0,0,0,0,0,1,3,11,0,0,2,0,0
"Zotu1747",0,0,6,0,1,1,1,25,0,0,18,0,1,1,0,0,0,0,0,2,1,0,0,0,0,1,0,0,0,0,0,1,0,0,0,0,0,1,1,1,0,30,0,5,3,0,55,0,0,0,0,0,0,0,0,0,18,2,0,1,0,1
"Zotu6354",0,0,19,0,0,0,0,0,0,0,0,0,0,0,0,0,0,0,0,0,0,0,0,0,0,0,0,0,0,0,0,0,0,0,0,0,0,0,0,0,0,0,0,6,0,0,0,1,0,0,0,0,0,0,1,0,0,0,0,0,1,0
"Zotu2493",0,0,1,2,5,0,1,1,0,0,0,0,0,0,0,1,0,62,1,0,0,0,0,0,2,0,0,0,0,0,0,0,0,0,0,0,0,0,1,0,0,0,0,0,0,0,0,0,0,0,0,0,0,0,0,10,0,0,0,1,1,0
"Zotu1131",0,0,10,0,1,2,0,0,2,0,0,0,0,0,14,0,2,1,0,0,1,0,0,0,1,0,0,0,17,0,0,0,0,0,2,2,0,2,4,0,0,0,1,0,0,0,0,1,1,1,25,0,0,0,10,8,6,75,22,24,0,0
"Zotu1123",0,0,8,25,21,41,64,5,2,2,1,2,0,2,4,5,47,1,1,2,4,1,0,1,2,0,0,1,2,3,2,0,0,0,0,0,0,0,0,0,0,0,0,10,0,0,0,0,0,0,1,0,0,1,0,0,0,0,0,0,2,0
"Zotu5585",0,0,2,0,0,0,0,0,0,0,0,2,0,1,4,0,0,0,0,0,31,1,0,0,1,0,2,0,0,0,0,0,0,0,0,0,0,0,0,0,0,0,0,0,0,0,0,0,0,0,0,1,0,0,0,0,0,0,0,0,0,0
"Zotu2410",0,0,2,2,2,1,0,0,0,0,13,0,0,1,0,0,6,0,5,0,0,1,0,0,1,0,0,1,0,0,0,0,0,1,0,0,0,0,1,0,1,0,0,1,0,0,0,0,0,76,11,3,0,0,0,1,0,0,0,0,1,0
"Zotu1820",0,0,3,2,3,1,1,16,0,1,34,1,0,3,8,0,7,24,2,1,41,0,0,0,0,0,0,1,1,0,2,0,1,1,1,0,0,0,0,1,0,0,0,0,0,0,0,0,0,0,40,0,0,0,1,0,0,1,1,1,2,0
"Zotu4795",0,0,4,8,0,0,1,0,0,0,0,0,0,0,1,0,18,0,0,1,1,0,1,0,0,0,0,0,0,0,0,0,0,0,0,0,0,0,0,0,0,0,0,0,0,0,0,0,0,0,0,0,0,0,0,0,0,0,0,0,0,0
"Zotu6036",0,0,2,5,4,0,0,1,9,0,0,1,0,0,7,0,0,0,0,0,0,0,0,0,0,1,0,0,0,0,0,0,0,0,0,0,0,0,2,0,0,0,1,29,0,1,0,0,0,0,0,0,0,0,0,0,0,0,15,0,0,0
"Zotu366",0,0,14,0,9,0,0,0,0,0,0,0,0,0,0,0,0,0,0,0,0,0,0,0,0,0,0,0,0,0,1,5,1,1,2,2,2,1,3,2,1,3,3,7,1,218,228,5,28,0,116,2,50,2,5,98,149,2,5,36,0,4
"Zotu5908",0,0,13,0,0,0,0,0,0,0,0,0,0,0,0,0,0,0,0,0,0,0,0,1,0,0,0,0,0,1,0,0,0,0,0,0,0,0,0,0,0,0,0,0,0,1,0,0,0,0,0,8,0,0,0,0,0,0,0,0,0,0
"Zotu5289",0,0,20,0,3,0,0,0,0,0,0,0,0,0,0,0,0,0,0,0,0,1,2,1,0,0,0,0,0,0,2,0,0,0,0,0,0,0,0,0,0,0,0,0,0,0,0,0,0,0,0,0,0,0,0,0,0,0,0,0,0,0
"Zotu1730",0,0,11,0,0,0,0,0,0,0,0,1,0,0,1,0,0,0,0,0,0,1,0,0,0,0,0,0,0,0,1,0,0,0,0,0,0,0,1,0,1,0,148,0,0,0,1,0,0,0,0,1,0,0,0,2,0,0,0,0,0,0
"Zotu2398",0,0,9,0,1,0,0,0,6,0,0,0,0,1,2,1,2,29,0,1,1,0,1,0,0,1,0,0,1,1,0,0,1,0,0,1,0,0,0,0,0,0,0,2,0,0,0,1,0,0,0,0,0,0,2,8,12,0,20,11,2,0
"Zotu2918",0,0,4,0,1,0,0,0,0,0,0,0,0,0,0,0,0,0,0,0,0,0,0,0,0,0,0,0,0,0,0,0,0,0,1,0,0,0,1,2,0,1,1,9,0,1,0,0,0,0,1,0,0,1,0,0,0,0,55,1,1,0
"Zotu4624",0,0,11,98,81,1,1,0,1,0,0,1,0,0,0,0,41,0,0,0,0,0,0,0,0,1,1,2,0,1,0,0,0,1,0,0,1,0,1,1,0,0,0,38,0,0,0,0,0,0,0,3,0,0,0,0,1,1,50,15,11,20
"Zotu2492",0,0,1,3,0,2,20,0,1,3,1,0,0,1,3,1,18,1,1,0,0,0,0,2,0,0,2,0,0,0,1,0,0,0,0,0,0,0,0,0,0,1,1,0,0,0,1,0,0,0,1,5,15,0,0,0,0,0,0,0,6,10
"Zotu5276",0,0,4,0,0,0,3,2,0,0,0,1,0,0,0,0,0,0,0,0,3,0,0,0,0,0,0,0,0,0,0,0,0,28,0,0,1,0,1,0,0,0,1,0,0,0,0,0,0,1,2,3,5,2,2,0,0,0,0,0,0,2
"Zotu2788",0,0,7,0,0,0,0,0,0,0,2,0,0,22,6,0,0,0,19,0,0,0,0,0,0,0,0,0,0,0,0,0,0,0,0,0,0,0,0,0,0,0,0,1,0,1,0,0,0,0,0,1,0,0,0,1,0,0,38,0,0,0
"Zotu2056",0,0,4,1,0,0,0,0,9,0,1,1,0,1,0,0,1,0,1,0,0,1,0,0,0,0,78,0,0,1,1,0,0,0,0,0,0,0,0,0,1,0,0,0,0,0,0,0,0,0,27,0,0,0,0,0,0,0,0,2,0,0
"Zotu2292",0,0,1,2,0,0,5,0,1,12,0,0,0,11,4,0,8,1,0,0,0,0,0,0,1,1,0,0,0,0,0,0,0,0,0,2,1,0,0,0,0,0,0,0,0,0,0,1,0,0,1,17,52,1,0,0,1,0,0,0,0,0
"Zotu5150",0,0,11,0,0,1,0,0,0,0,0,0,0,0,0,0,11,0,0,0,1,0,0,0,0,0,0,0,0,0,0,0,0,0,0,0,0,0,0,0,0,0,0,1,0,0,0,0,0,0,0,0,0,0,0,0,0,0,0,0,0,0
"Zotu2079",0,0,10,23,8,0,0,1,0,4,1,0,0,3,1,1,34,0,0,1,7,1,1,0,0,0,0,1,1,2,0,0,0,0,1,0,0,0,0,0,0,0,2,5,0,0,0,2,0,0,0,0,0,0,0,0,0,0,0,0,0,8
"Zotu3036",0,0,3,0,1,0,0,0,0,0,0,0,0,0,0,0,0,0,0,0,0,0,0,0,0,0,0,0,0,0,0,0,0,0,0,0,0,0,0,54,0,0,0,1,0,0,0,0,0,0,0,0,0,0,0,0,1,0,2,0,0,0
"Zotu5368",0,0,13,0,2,0,0,0,0,0,0,0,0,0,9,0,1,1,0,0,0,0,0,0,0,0,0,0,0,0,0,0,0,0,0,0,0,0,0,0,0,0,0,0,0,0,0,0,0,0,0,0,0,0,1,0,0,0,0,0,0,0
"Zotu5313",0,0,8,0,1,0,0,0,0,0,0,1,0,0,1,0,0,0,15,0,0,0,0,0,0,0,0,0,0,0,0,0,0,0,0,0,0,0,0,0,0,0,0,0,0,0,0,0,0,0,0,0,0,0,2,0,0,0,0,0,0,0
"Zotu1426",0,0,8,19,1,1,0,13,1,1,1,47,0,1,1,1,8,0,1,1,56,1,1,0,0,0,0,0,0,1,0,1,0,0,0,0,25,5,0,0,0,0,0,17,1,1,0,1,1,0,1,12,0,0,0,0,1,0,1,0,1,14
"Zotu5565",0,0,12,0,0,0,0,0,0,0,0,0,0,0,0,0,0,0,0,0,0,0,1,0,1,0,0,2,0,0,0,0,0,0,0,0,0,0,0,0,0,0,0,0,0,0,0,0,0,0,0,0,0,0,0,0,0,0,0,0,0,0
"Zotu1890",0,0,7,0,0,1,0,0,0,0,4,13,0,0,0,0,0,0,4,0,0,0,0,0,0,0,0,0,0,0,0,0,0,0,0,1,0,0,1,0,0,0,0,0,0,0,0,36,0,1,22,0,2,0,2,6,20,1,0,1,1,0
"Zotu899",0,0,3,1,1,0,1,3,1,0,0,1,0,1,1,1,5,1,0,0,34,0,0,2,0,1,0,0,25,2,0,0,0,0,115,0,0,2,1,2,3,1,1,1,2,2,0,0,1,5,47,21,2,13,0,1,0,0,0,0,15,35
"Zotu1987",0,0,8,0,0,1,1,3,3,0,3,5,0,0,6,0,1,9,2,0,1,26,2,0,10,0,0,0,3,3,0,0,0,0,3,0,1,2,1,0,0,0,3,0,0,0,0,2,0,0,0,1,0,0,0,0,0,1,0,7,0,0
"Zotu3432",0,0,2,0,0,1,0,0,0,0,0,14,0,0,0,0,0,0,0,0,0,1,0,0,0,0,0,0,7,0,0,1,2,1,0,0,0,0,13,0,1,0,0,0,3,0,1,0,0,0,0,3,0,0,0,0,0,0,0,24,23,0
"Zotu3671",0,0,3,14,6,0,0,1,0,0,0,0,0,0,0,0,1,1,0,2,0,0,0,1,0,0,0,0,0,0,0,0,0,0,1,0,0,0,0,0,1,0,0,42,0,2,0,0,0,0,0,0,0,0,0,0,1,0,0,5,0,0
"Zotu5974",0,0,11,0,0,0,1,0,0,0,0,0,1,0,0,0,2,2,0,0,0,0,0,0,0,0,0,0,0,0,0,0,0,0,0,0,0,0,0,0,1,0,0,0,0,0,0,0,0,0,0,2,0,0,0,0,0,0,0,0,0,0
"Zotu3238",0,0,1,0,0,0,0,0,0,1,0,0,1,0,1,0,0,0,2,0,0,0,0,0,1,1,0,54,1,0,0,0,0,0,0,0,0,0,0,0,1,0,0,6,1,0,0,0,0,0,0,0,0,0,0,0,0,0,0,0,0,0
"Zotu2151",0,0,11,1,0,1,0,0,0,0,0,2,0,0,1,0,8,1,48,0,0,0,1,1,0,1,0,1,14,0,0,0,0,0,32,0,0,0,0,0,0,0,0,10,0,0,0,0,0,2,0,8,0,1,0,0,0,0,0,0,0,0
"Zotu3853",0,0,6,0,1,0,0,0,1,0,0,27,0,0,8,0,0,0,15,0,0,0,0,0,0,0,0,0,1,0,0,0,0,0,0,0,0,0,0,0,0,0,0,0,0,0,33,0,0,0,0,10,0,0,0,0,1,0,0,0,1,0
"Zotu3744",0,0,1,11,19,1,0,0,0,0,0,0,0,1,0,0,2,0,0,0,0,0,1,0,0,0,1,1,31,0,0,0,0,0,0,1,0,0,0,0,0,0,0,11,0,0,0,0,0,0,0,0,0,0,0,0,0,0,0,0,0,0
"Zotu2192",0,0,5,0,0,0,0,23,0,0,0,0,0,1,4,0,0,0,0,1,0,1,0,1,1,0,0,1,0,0,0,0,0,0,1,1,1,0,0,0,1,0,0,1,0,1,0,1,0,0,0,0,0,0,31,2,18,0,9,3,1,0
"Zotu3916",0,0,4,43,2,0,0,0,0,1,1,0,1,1,1,0,2,0,0,0,0,0,0,0,0,0,0,0,0,0,0,0,0,0,0,0,0,0,0,0,0,0,0,0,0,0,0,0,0,0,0,0,0,0,0,0,0,0,0,0,0,0
"Zotu1196",0,0,1,5,3,2,1,34,0,0,0,1,1,0,0,0,20,0,0,0,2,0,0,0,0,0,0,0,1,0,0,0,0,2,0,0,0,1,3,1,0,48,161,0,0,0,0,1,0,0,1,0,0,1,1,0,0,1,0,1,1,0
"Zotu2122",0,0,9,0,1,0,0,0,0,1,0,0,0,1,1,0,0,0,0,1,0,0,0,0,0,0,0,0,0,0,0,0,0,0,0,1,0,0,1,1,1,4,1,1,0,0,0,1,0,0,0,0,10,12,14,7,24,2,0,17,1,0
"Zotu3062",0,0,12,0,0,0,1,0,0,0,0,0,0,0,21,0,0,1,0,0,0,0,0,0,0,0,0,0,0,0,0,0,0,0,0,0,0,0,1,0,0,1,0,0,1,2,0,0,0,0,0,1,41,0,0,0,0,1,0,0,1,0
"Zotu1948",0,0,5,1,5,1,0,0,0,1,0,0,0,0,0,0,1,0,0,2,0,1,0,0,1,0,0,46,6,3,0,1,0,0,0,0,0,38,23,1,0,12,1,0,1,1,0,0,1,0,0,0,0,2,1,5,0,1,10,19,1,0
"Zotu908",0,0,11,0,0,0,15,2,0,1,0,0,1,0,0,0,2,0,0,0,0,0,0,0,0,0,0,0,0,2,1,4,4,5,1,1,0,0,2,6,4,2,0,3,3,2,1,1,0,1,131,50,0,2,1,1,0,2,2,3,1,106
"Zotu2907",0,0,1,1,0,0,0,0,0,0,2,0,0,0,0,0,0,0,0,0,0,0,0,0,0,0,0,0,1,0,0,0,0,0,2,0,1,1,0,0,0,0,0,0,0,1,0,0,0,0,0,0,0,1,0,3,6,80,9,0,0,0
"Zotu5643",0,0,5,1,0,0,0,0,0,0,1,0,0,0,1,0,2,0,0,0,0,0,0,0,0,0,0,0,0,0,0,0,0,0,0,0,22,0,0,4,1,0,0,1,0,1,0,0,0,0,1,1,0,0,0,0,0,0,0,0,0,0
"Zotu5422",0,0,2,1,0,0,0,0,0,0,0,13,0,0,0,0,1,0,0,0,0,0,0,0,2,0,0,0,0,0,0,0,0,0,0,0,0,0,0,0,0,0,0,0,0,0,0,0,0,0,0,0,0,0,0,0,0,0,0,0,0,0
"Zotu3168",0,0,2,1,0,0,0,50,0,0,1,0,0,0,0,0,13,1,1,0,0,0,0,0,0,2,0,0,0,0,0,0,0,0,0,0,0,0,0,0,0,0,0,1,0,0,0,0,0,0,0,1,0,0,0,0,0,0,0,0,0,0
"Zotu3134",0,0,18,0,0,0,0,0,0,0,0,10,0,0,0,0,0,0,0,0,0,0,1,0,0,0,0,0,0,0,0,0,0,0,0,0,0,0,0,0,0,0,0,0,0,0,0,1,0,0,68,0,0,0,1,3,0,0,0,0,0,0
"Zotu4925",0,0,1,0,1,0,1,0,8,0,0,1,0,0,0,1,3,0,1,0,0,0,0,0,0,0,0,1,2,13,1,0,0,0,0,0,0,0,0,0,0,1,0,1,0,0,0,1,0,0,0,0,11,0,0,0,1,0,0,0,0,2
"Zotu453",0,0,1,0,0,0,0,0,0,0,1,1,0,24,1,1,0,0,0,0,0,0,0,0,0,2,0,0,0,0,0,7,2,6,7,3,2,6,5,6,3,5,4,5,4,4,0,9,4,5,10,5,4,6,5,3,6,28,41,60,515,0
"Zotu4872",0,0,2,0,0,0,0,0,0,0,0,0,0,0,0,0,0,0,0,0,0,0,0,0,0,0,46,0,1,1,0,0,1,0,0,0,0,0,0,0,1,0,0,0,0,0,0,0,0,2,0,6,0,0,0,0,1,0,0,0,0,0
"Zotu6265",0,0,3,0,0,0,0,0,0,0,0,0,0,0,0,0,2,0,0,0,0,0,0,0,0,0,0,0,0,0,0,0,0,0,0,0,0,0,0,0,0,0,0,0,0,0,1,0,0,0,0,3,0,4,0,0,0,0,35,0,0,0
"Zotu3539",0,0,1,0,2,0,2,1,1,0,0,20,0,0,0,0,7,0,0,0,15,0,2,0,0,1,1,0,1,0,0,0,0,0,0,0,0,0,0,0,0,0,0,0,0,0,0,0,0,0,0,1,0,0,0,0,0,0,0,0,0,0
"Zotu2370",0,0,1,0,0,0,0,0,0,0,0,1,0,0,10,0,0,0,0,0,0,0,0,0,0,0,0,1,0,0,0,0,0,0,0,0,0,0,1,1,0,0,0,0,0,0,0,124,0,0,1,0,0,0,0,11,12,0,1,1,0,0
"Zotu3200",0,0,2,2,2,1,13,0,0,1,0,0,0,1,5,0,18,1,0,0,12,0,0,0,3,0,1,0,2,0,0,0,0,0,0,0,0,0,0,0,0,0,0,2,0,0,0,0,15,0,0,6,0,0,0,0,1,1,0,0,0,0
"Zotu3627",0,0,2,0,2,0,0,0,3,0,0,0,0,2,4,0,1,7,0,0,5,1,0,0,0,0,0,0,0,2,0,0,0,0,0,0,0,0,0,0,0,0,1,1,13,0,0,0,0,2,2,0,0,1,4,2,3,0,9,4,0,1
"Zotu1920",0,0,10,3,1,1,1,2,9,9,0,0,1,26,5,1,3,0,28,0,1,0,0,0,0,2,0,0,9,0,1,1,0,0,1,0,0,0,0,0,0,0,0,0,0,0,0,1,0,0,18,0,0,0,0,0,0,0,0,0,0,9
"Zotu791",0,0,2,0,15,0,1,1,67,2,49,2,1,0,22,1,1,1,160,0,1,1,0,0,2,0,0,1,1,2,2,0,0,0,0,0,0,0,0,0,0,0,0,0,1,0,0,0,0,0,0,5,0,0,10,15,0,0,0,16,1,0
"Zotu1415",0,0,3,0,0,0,0,0,0,0,0,0,0,0,5,0,3,0,0,0,0,0,0,0,0,0,0,0,0,0,0,120,0,1,0,0,0,0,1,1,0,0,0,0,0,1,0,0,1,2,0,13,1,1,0,0,0,0,0,0,1,0
"Zotu1446",0,0,3,1,2,0,1,0,9,19,15,1,0,2,3,0,1,0,3,1,1,0,1,0,0,1,1,0,12,5,0,0,0,1,39,1,0,1,10,1,2,1,0,0,1,1,2,51,0,1,0,0,0,0,2,2,2,1,1,21,0,1
"Zotu2467",0,0,5,0,0,0,0,0,0,0,0,0,0,0,3,0,0,0,0,0,0,0,0,0,0,0,0,0,0,0,0,0,0,1,0,1,0,0,0,42,0,0,1,0,0,0,0,0,0,0,0,1,0,0,1,18,11,0,0,0,0,0
"Zotu2362",0,0,2,2,0,0,0,0,0,0,1,28,0,0,0,0,0,0,0,0,0,0,0,0,0,0,0,0,0,0,0,0,0,0,0,0,0,0,0,0,0,0,1,0,1,1,8,0,0,0,41,0,1,0,0,0,0,0,0,0,0,0
"Zotu3493",0,0,1,0,0,0,0,0,1,0,0,0,0,0,1,0,1,57,1,0,0,0,0,0,0,0,1,0,0,0,0,0,0,0,0,0,0,0,0,0,0,0,0,0,0,0,0,0,0,0,0,0,0,0,0,0,0,0,0,0,0,0
"Zotu4810",0,0,1,1,0,0,1,0,0,0,1,0,0,0,0,0,0,0,0,0,0,0,0,0,0,0,1,0,0,18,0,0,0,0,0,0,0,0,0,0,0,0,0,0,0,0,0,0,0,0,0,13,0,0,1,0,0,0,0,0,1,0
"Zotu1437",0,0,4,64,23,0,0,1,19,0,1,0,0,1,4,0,8,1,0,0,0,0,0,0,0,0,0,0,2,0,0,0,0,0,1,0,0,0,0,0,0,0,0,8,0,0,0,0,0,0,0,0,0,0,0,0,0,0,0,0,0,0
"Zotu6320",0,0,6,1,0,0,0,0,1,0,0,0,0,7,0,2,0,0,0,0,0,0,3,0,0,0,0,0,18,0,0,0,0,0,0,0,0,0,0,1,0,9,0,0,0,0,0,0,0,0,0,0,0,0,3,1,7,0,0,0,0,0
"Zotu2935",0,0,1,0,0,0,0,0,0,0,0,0,0,0,0,0,0,14,0,1,0,0,0,0,0,0,0,0,0,0,0,0,0,0,0,0,2,0,0,0,2,0,0,0,0,1,0,0,1,0,3,0,0,0,2,8,0,1,0,16,21,5
"Zotu5723",0,0,2,0,1,9,0,0,0,1,0,1,0,0,0,0,1,0,0,1,0,0,0,0,0,0,0,0,15,0,0,0,0,0,0,0,0,0,0,0,0,0,0,0,0,0,0,0,0,0,0,0,0,0,0,0,0,0,0,0,0,0
"Zotu1476",0,0,1,1,1,2,1,1,13,0,2,1,0,16,1,0,0,3,32,0,0,2,1,1,5,1,0,1,1,0,0,47,0,1,0,0,0,0,0,1,0,31,2,0,0,12,0,0,1,1,0,0,0,0,0,1,0,2,7,0,9,1
"Zotu4342",0,0,1,2,3,0,1,0,0,0,0,0,0,0,0,0,0,0,1,0,0,0,0,0,0,0,0,0,0,0,0,0,0,0,0,0,0,0,0,0,0,0,0,0,0,0,0,0,0,0,1,0,0,0,0,0,0,0,0,20,0,0
"Zotu4056",0,0,1,0,0,0,0,0,1,0,1,2,0,0,0,0,0,0,3,0,0,0,0,0,0,0,0,0,0,0,0,0,0,1,0,0,0,0,0,0,0,1,0,0,1,0,0,0,0,1,0,0,0,0,5,0,3,0,9,5,2,0
"Zotu4437",0,0,5,0,1,1,0,1,0,1,0,0,1,35,0,0,0,0,0,0,0,0,0,0,1,0,1,1,0,1,0,0,0,0,0,0,0,0,0,0,0,0,0,0,0,0,0,0,0,0,0,0,0,0,0,0,0,0,0,0,0,0
"Zotu258",0,0,1,1,1,0,1,0,39,0,48,1,1,0,27,0,0,0,198,0,0,0,0,0,0,1,0,0,0,0,0,1,1,1,114,2,3,0,1,0,3,3,1,2,0,2,0,0,1,1,1,0,2,1,127,149,150,127,262,0,2,2
"Zotu4541",0,0,6,2,0,0,0,0,0,1,0,0,0,0,5,1,0,0,0,0,0,0,0,0,0,0,0,0,0,0,0,0,0,1,0,0,0,0,0,0,0,0,0,0,0,0,0,0,0,1,0,9,0,2,0,0,0,0,0,0,1,17
"Zotu3540",0,0,1,0,1,0,0,0,0,0,0,0,0,0,0,0,0,0,0,0,0,0,0,0,0,1,0,1,65,0,0,0,0,0,0,0,0,0,0,0,0,0,0,7,0,0,0,0,0,0,0,7,0,0,12,7,0,0,0,0,1,0
"Zotu4368",0,0,1,2,4,0,0,0,0,0,0,25,0,0,8,0,0,1,0,0,0,0,1,0,0,0,0,0,0,0,0,0,0,0,0,0,0,0,0,0,0,0,0,0,0,0,0,0,0,0,0,0,0,0,10,0,0,0,0,0,0,0
"Zotu3556",0,0,8,2,0,1,8,1,0,0,0,0,0,6,6,0,1,0,0,0,15,0,0,0,0,0,3,0,0,0,1,0,0,0,0,0,0,0,0,0,0,0,0,0,0,0,0,0,0,0,0,5,0,0,0,0,0,0,0,0,0,0
"Zotu6410",0,0,2,6,1,0,0,0,6,0,0,1,0,0,0,0,11,0,0,0,0,0,0,4,0,0,0,1,12,0,0,0,0,0,0,0,0,0,0,0,0,0,0,0,0,0,0,0,0,1,0,7,1,0,0,0,0,1,0,0,2,0
"Zotu1319",0,0,8,1,0,0,0,0,0,1,0,0,0,0,23,0,5,0,0,0,0,0,0,0,1,0,0,1,0,0,1,1,0,0,2,124,45,1,0,0,0,0,0,14,1,1,3,0,0,2,0,0,0,1,0,1,0,0,0,0,0,1
"Zotu3171",0,0,7,0,0,0,0,0,0,0,0,0,0,0,0,0,0,0,0,0,0,0,0,0,0,0,0,0,0,0,0,0,2,0,0,0,0,0,0,0,2,0,1,1,68,0,0,0,0,0,2,6,0,0,2,0,0,0,0,0,1,0
"Zotu3950",0,0,1,2,4,2,0,1,0,15,0,0,0,0,3,0,21,0,0,0,0,0,0,0,0,0,1,0,0,0,0,0,0,0,0,0,0,0,0,0,0,0,0,0,0,0,0,0,1,0,0,1,0,0,0,0,0,0,0,0,0,0
"Zotu4421",0,0,4,9,8,0,0,0,0,0,0,0,0,0,0,0,3,0,0,1,1,0,0,0,0,2,0,0,0,0,0,1,0,0,1,0,0,1,0,0,0,0,0,2,0,0,0,0,0,0,0,0,1,0,0,0,4,57,0,1,0,1
"Zotu4980",0,0,9,0,5,0,0,0,0,0,0,0,0,0,0,0,0,0,0,0,0,0,0,0,0,0,0,0,0,0,0,0,0,0,0,0,0,0,0,0,0,0,0,11,0,0,0,0,0,0,0,0,0,0,0,0,0,0,0,0,0,0
"Zotu1082",0,0,4,2,2,0,0,0,0,0,0,0,0,0,1,0,0,0,0,0,0,0,0,0,1,0,0,0,0,0,0,1,2,3,1,1,0,1,1,2,3,1,4,0,2,1,1,1,0,0,1,1,0,0,1,1,1,2,24,111,53,7
"Zotu2745",0,0,2,0,1,0,0,0,1,0,0,0,1,0,0,0,0,0,1,0,1,0,0,0,0,0,0,31,0,0,0,0,0,0,0,0,0,0,0,11,0,0,2,0,0,0,0,0,0,0,0,0,0,0,1,0,7,0,0,0,0,0
"Zotu1873",0,0,2,8,78,1,1,0,0,1,0,0,1,17,3,2,4,0,0,2,1,1,1,0,2,3,1,0,4,0,1,0,0,0,0,0,0,0,1,0,0,0,0,2,0,0,0,0,0,0,0,0,0,0,0,0,0,0,0,0,0,0
"Zotu1849",0,0,10,0,0,0,0,0,0,0,0,1,0,0,9,0,0,77,0,2,1,0,0,0,0,0,1,1,1,0,0,0,0,0,2,1,0,0,0,0,0,0,0,2,0,0,0,0,1,0,0,0,1,0,1,1,0,0,0,8,6,12
"Zotu4029",0,0,6,0,0,0,0,0,0,0,0,0,0,0,1,0,0,0,0,0,0,0,0,0,0,0,0,0,0,0,0,0,0,0,0,0,0,0,0,0,0,0,0,0,0,0,0,0,16,0,0,0,0,16,0,0,0,0,0,0,0,0
"Zotu1355",0,0,1,0,0,3,0,0,0,0,1,1,0,2,0,0,0,1,0,0,1,2,0,1,0,0,30,0,1,1,1,0,0,1,4,161,2,1,3,1,1,0,0,0,0,0,1,1,1,1,0,0,1,0,1,0,1,0,1,0,0,3
"Zotu2123",0,0,4,2,0,0,1,0,4,0,1,13,0,0,0,0,3,0,0,1,1,0,0,0,0,1,0,15,8,2,1,0,0,0,1,0,1,0,0,0,0,0,80,0,0,0,0,0,0,1,0,0,0,3,4,1,1,0,0,1,1,0
"Zotu4204",0,0,2,7,0,0,1,0,0,0,1,1,0,0,0,0,30,0,0,1,14,0,0,0,0,1,0,0,1,0,1,0,0,0,0,0,0,0,0,0,0,0,0,0,0,0,0,0,0,0,0,1,0,0,1,0,0,0,0,0,1,7
"Zotu1585",0,0,2,0,3,13,0,31,1,2,0,28,0,1,30,0,0,57,0,1,0,0,0,0,0,0,1,0,0,1,2,0,0,0,0,0,0,0,0,0,0,0,0,0,0,1,0,0,0,0,0,0,0,0,0,0,0,0,0,0,0,8
"Zotu4231",0,0,4,27,0,1,2,1,0,0,1,1,0,1,0,0,15,0,0,0,0,0,0,0,0,0,0,0,0,1,0,0,0,0,0,0,0,0,0,0,0,0,0,0,0,0,0,0,0,0,0,0,0,0,0,0,0,0,0,0,0,0
"Zotu4794",0,0,1,0,0,0,0,0,0,0,0,0,0,0,1,0,0,19,0,0,0,0,0,0,0,0,0,0,0,0,0,0,0,0,0,0,0,0,0,0,0,0,0,0,0,0,0,0,0,0,0,0,0,0,0,0,0,0,0,0,0,0
"Zotu3919",0,0,8,3,2,0,0,0,0,0,0,0,0,10,0,0,3,0,0,1,0,0,0,0,0,0,0,0,16,0,0,0,0,0,0,0,0,0,0,0,0,0,0,0,0,0,0,0,0,0,0,0,9,0,0,4,1,0,0,10,3,0
"Zotu3285",0,0,2,0,0,0,0,1,0,0,0,2,0,10,0,0,10,1,0,0,9,1,0,0,0,1,0,34,0,0,0,0,0,0,0,0,0,0,9,0,0,0,0,0,0,0,0,0,0,0,0,4,0,0,0,0,0,0,0,0,0,3
"Zotu5494",0,0,14,0,0,0,2,1,0,0,1,0,2,0,3,0,0,1,0,0,0,0,0,0,0,0,0,0,1,0,0,0,0,0,0,0,0,0,0,0,0,0,0,0,0,0,0,0,0,0,0,0,0,0,0,0,0,0,0,0,0,0
"Zotu1442",0,0,2,0,0,0,0,0,0,0,0,0,0,0,0,0,0,0,0,0,0,0,0,0,0,0,0,0,0,0,0,0,0,0,0,0,0,0,1,1,1,0,149,0,0,0,1,0,0,0,0,3,1,0,1,0,2,0,0,1,1,0
"Zotu1839",0,0,1,1,3,0,8,1,0,0,2,1,1,1,0,0,4,3,1,1,0,1,2,1,0,3,109,0,0,0,1,0,0,0,0,0,0,0,0,0,0,0,0,3,0,0,0,0,0,0,0,0,0,0,0,0,0,0,0,0,0,0
"Zotu5849",0,0,1,1,2,0,0,0,0,0,0,0,0,0,0,0,1,0,0,0,0,0,0,0,0,0,0,1,0,15,0,2,0,0,0,0,0,0,0,0,0,3,0,0,0,0,0,0,0,0,0,4,0,0,0,0,0,0,0,0,0,0
"Zotu2878",0,0,1,1,1,1,0,0,28,1,0,2,1,0,3,0,0,0,36,1,1,0,0,0,1,0,0,0,0,0,1,0,0,0,0,0,0,0,0,0,0,0,0,0,0,0,0,0,0,0,0,0,0,0,0,0,0,0,0,0,0,0
"Zotu792",0,0,8,0,1,1,1,0,0,7,0,10,0,0,0,0,0,43,1,0,1,0,0,0,0,0,0,0,0,0,1,0,1,1,1,2,1,2,0,0,1,0,3,0,1,91,1,2,0,109,18,1,2,0,4,4,18,3,3,11,2,0
"Zotu3573",0,0,1,0,0,0,0,0,1,1,1,0,1,0,0,0,1,0,0,0,1,0,0,0,0,0,0,0,0,55,0,0,0,0,0,0,0,0,0,0,0,0,0,0,0,0,0,0,0,0,0,0,0,0,0,0,0,0,0,0,0,0
"Zotu3602",0,0,3,0,0,0,0,0,1,0,0,0,0,0,3,0,1,0,26,0,0,0,0,1,0,1,0,0,0,0,0,0,0,0,0,0,0,1,0,0,0,0,0,0,0,0,0,0,0,0,0,17,0,0,0,0,0,0,0,0,0,0
"Zotu4185",0,0,1,1,1,0,0,0,0,0,0,1,0,0,1,0,0,0,0,0,0,0,0,0,0,0,0,0,0,0,0,0,1,0,0,1,0,0,1,1,1,0,0,0,0,0,0,0,0,0,0,0,0,7,2,7,0,14,13,0,0,1
"Zotu5172",0,0,1,0,0,0,0,0,0,0,0,0,0,0,0,0,4,0,0,0,21,0,0,0,0,0,0,0,0,0,0,0,0,0,0,0,0,0,0,0,0,0,0,0,0,0,0,0,0,0,0,0,0,0,0,0,0,0,0,0,0,0
"Zotu4243",0,0,2,0,8,0,0,0,0,0,0,0,0,1,0,0,4,0,0,0,24,0,0,0,0,0,0,0,0,0,0,0,0,0,0,0,0,0,0,0,0,0,0,0,0,0,0,0,0,0,0,0,0,0,0,0,0,0,0,0,0,0
"Zotu3109",0,0,1,32,28,1,0,0,0,0,0,1,0,1,0,0,5,0,0,2,1,0,1,0,1,0,2,1,0,0,0,0,0,0,0,0,0,0,0,0,0,0,0,28,0,0,0,0,0,0,0,0,0,1,0,0,0,0,0,0,0,0
"Zotu2010",0,0,1,19,5,0,0,0,0,0,0,0,0,0,0,0,2,0,0,0,0,0,0,0,0,0,0,0,1,0,0,2,0,0,1,1,0,0,1,1,1,0,1,3,0,1,0,1,0,2,0,0,0,0,4,28,0,79,0,2,0,0
"Zotu4327",0,0,3,0,0,0,0,0,6,0,0,1,1,5,0,0,0,0,0,0,0,0,0,0,0,0,0,1,0,0,0,0,0,0,1,0,0,0,0,0,0,0,1,0,2,0,0,29,0,0,0,0,1,0,0,0,1,0,1,0,0,0
"Zotu1661",0,0,1,0,0,0,0,0,0,0,0,1,0,0,0,0,0,55,1,0,1,0,1,0,2,0,0,0,0,0,0,0,0,2,0,0,0,0,2,0,1,0,0,1,2,0,0,0,0,1,0,0,1,0,0,2,1,0,0,46,23,5
"Zotu535",0,0,4,1,0,0,0,2,2,1,1,1,0,1,0,2,1,1,1,1,1,146,0,1,5,38,2,1,8,0,0,78,0,2,2,1,29,0,64,2,2,9,79,3,1,0,0,0,1,1,1,0,0,1,1,0,2,1,1,15,6,2
"Zotu5416",0,0,1,1,12,1,1,1,0,0,1,13,0,0,0,1,20,0,0,2,0,2,0,0,0,0,0,0,0,0,0,0,1,0,0,0,1,0,1,0,0,0,0,7,0,0,0,0,0,0,0,0,0,0,0,0,0,1,0,0,1,0
"Zotu2793",0,0,1,0,0,0,0,0,0,0,0,0,0,0,20,0,5,0,0,0,0,0,1,0,0,1,0,0,0,0,0,0,1,4,0,0,1,0,1,0,0,0,0,2,1,0,0,0,1,2,0,12,0,0,0,0,0,1,0,0,1,30
"Zotu5479",0,0,6,2,12,0,0,0,0,0,1,0,0,0,0,0,9,1,0,0,0,0,1,0,0,0,0,0,0,0,0,0,0,0,0,0,0,0,0,0,0,0,0,0,0,0,0,0,0,0,0,0,0,0,0,0,0,0,0,0,0,0
"Zotu1199",0,0,2,0,0,0,0,0,0,0,0,46,0,1,0,0,0,0,23,0,0,0,0,0,0,0,0,0,0,0,0,2,0,1,0,1,0,0,1,0,0,1,0,0,0,0,0,0,132,0,1,1,0,1,0,0,76,2,40,1,1,1
"Zotu2910",0,0,1,0,0,0,0,0,0,0,0,0,0,0,0,0,0,0,0,1,0,0,0,0,0,0,0,0,0,11,0,0,0,0,0,0,87,0,0,0,3,0,0,0,0,1,0,2,0,0,0,0,0,0,0,1,0,0,0,1,0,1
"Zotu3973",0,0,1,0,1,0,0,0,0,0,0,1,0,0,0,0,0,0,0,0,0,0,1,0,0,1,0,0,20,12,0,0,0,0,1,0,20,24,0,1,0,0,0,0,0,0,1,0,0,0,0,0,0,0,0,0,0,0,1,0,0,0
"Zotu3578",0,0,1,0,0,0,0,0,0,0,2,0,0,0,0,0,0,1,0,0,0,0,0,0,0,0,0,1,54,1,0,0,0,0,0,0,0,0,0,0,0,0,0,0,0,0,0,0,0,0,0,0,0,0,0,0,0,0,0,0,0,0
"Zotu4598",0,0,1,0,0,0,1,0,0,0,0,2,0,0,0,1,0,0,0,0,26,0,1,0,0,0,2,0,0,0,0,0,0,0,0,0,0,0,0,0,0,0,0,0,1,0,0,0,0,0,0,1,0,0,0,0,0,0,0,0,0,0
"Zotu2014",0,0,17,1,0,0,0,0,36,1,0,0,0,0,0,0,1,0,0,2,0,0,0,0,0,2,0,0,0,1,1,0,0,0,0,0,0,0,0,0,0,0,0,0,0,0,1,0,0,0,0,0,0,0,27,0,0,0,0,0,0,2
"Zotu1740",0,0,7,0,1,1,2,2,0,0,32,0,0,35,2,2,0,0,0,0,8,1,0,0,1,0,2,1,1,1,1,4,0,1,2,0,1,0,2,1,0,0,0,2,0,0,0,1,0,0,47,7,15,0,5,0,1,0,2,8,1,43
"Zotu2303",0,0,2,0,0,0,0,0,0,0,0,0,0,0,0,0,1,0,0,83,0,0,1,1,0,1,0,1,0,0,0,0,0,0,0,0,0,0,0,0,0,1,0,0,0,0,0,0,0,0,0,0,0,0,8,0,0,0,0,0,0,0
"Zotu3439",0,0,10,34,31,0,1,0,1,2,3,1,0,2,2,0,4,0,0,0,6,0,0,3,0,1,0,0,0,3,0,2,0,0,0,0,0,0,0,1,0,0,0,11,0,0,0,0,0,0,0,1,0,0,0,0,0,0,4,4,0,0
"Zotu750",0,0,13,0,0,0,0,0,25,0,0,0,0,1,1,0,0,0,0,0,0,2,0,0,1,0,0,1,0,0,0,1,2,1,0,0,3,0,0,0,0,2,1,0,1,1,89,76,2,4,270,1,0,0,0,0,0,1,2,2,5,2
"Zotu5516",0,0,1,10,0,0,0,0,0,0,0,0,0,0,5,1,2,0,0,0,1,0,0,0,0,0,0,0,0,0,0,2,13,0,0,0,0,0,0,0,0,0,1,45,0,0,0,1,0,0,0,0,0,0,1,0,0,0,0,1,0,0
"Zotu517",0,0,1,0,0,0,1,1,12,2,0,1,1,0,19,0,0,1,61,4,0,2,0,2,0,2,0,1,0,1,1,0,4,2,0,3,3,0,0,1,4,6,0,5,5,5,2,2,0,0,121,2,2,1,75,148,110,4,3,0,2,4
"Zotu105",0,0,1,0,0,0,1,0,0,1,0,0,0,8,9,0,0,0,0,1,0,0,0,0,0,0,0,0,0,0,1,19,7,8,12,7,16,12,15,26,6,10,14,16,23,73,13,9,8,7,15,13,9,13,13,26,8,207,154,282,1125,161
"Zotu4153",0,0,6,0,1,0,14,0,1,0,0,0,0,0,1,0,0,0,0,0,0,2,0,0,0,0,0,0,1,0,0,0,0,0,0,1,0,0,0,1,0,0,0,0,0,0,0,0,0,0,0,5,0,0,0,0,0,0,0,0,0,0
"Zotu1677",0,0,1,0,0,0,0,0,59,0,0,0,0,0,1,0,0,0,0,0,27,0,0,2,0,0,0,0,0,0,0,0,0,0,0,0,0,0,0,0,0,0,0,0,0,65,0,0,0,0,0,10,0,0,0,0,0,0,0,0,0,0
"Zotu1696",0,0,2,0,0,0,0,0,0,0,0,34,0,0,6,0,56,0,2,0,0,0,0,0,0,0,0,0,0,1,0,0,0,0,0,1,0,1,0,1,0,1,0,1,0,0,1,2,1,0,0,0,0,20,2,0,0,0,0,1,0,104
"Zotu2831",0,0,1,0,0,0,0,0,0,0,0,0,0,0,1,0,0,0,14,0,1,0,0,0,0,1,0,0,0,0,0,0,66,0,0,0,0,1,0,3,1,0,0,2,0,0,0,0,0,0,0,3,0,0,26,5,0,0,1,0,0,0
"Zotu4331",0,0,1,18,32,1,0,0,0,1,0,0,0,0,0,0,2,0,0,0,6,0,0,0,0,0,0,0,0,0,0,0,0,0,0,0,0,0,0,0,0,0,0,5,0,0,0,0,0,0,0,0,0,0,0,0,7,0,0,0,0,0
"Zotu666",0,0,7,0,7,1,0,1,6,6,16,0,0,2,3,0,1,27,0,1,4,0,2,0,0,2,1,1,0,2,0,3,1,0,4,2,1,1,0,2,0,24,0,4,0,0,73,38,2,1,115,2,2,2,1,1,7,0,2,8,11,0
"Zotu5377",0,0,10,2,2,0,1,0,9,2,1,1,0,0,4,0,5,0,0,1,2,0,0,0,0,0,0,0,0,11,0,0,0,0,0,0,0,0,0,1,0,0,0,8,0,0,0,0,0,0,0,2,0,0,0,0,0,0,0,0,0,0
"Zotu6049",0,0,1,0,0,0,2,0,0,0,0,50,0,0,0,0,0,0,0,0,0,0,1,0,0,0,0,1,0,0,0,0,0,0,0,0,0,0,0,0,0,0,0,0,0,0,0,0,0,0,0,0,0,0,0,0,0,0,0,0,0,0
"Zotu2736",0,0,2,0,2,0,0,0,0,0,0,0,0,0,0,0,0,0,0,0,0,0,0,0,0,0,0,0,22,0,0,0,1,0,1,1,1,1,2,0,2,0,0,1,0,1,1,1,1,0,0,0,0,0,42,49,0,0,0,1,0,1
"Zotu2889",0,0,5,0,0,2,0,0,0,0,0,0,0,0,2,0,1,0,0,0,10,0,0,0,0,0,0,0,0,9,0,0,0,0,0,68,10,0,0,0,0,0,0,4,0,0,0,1,0,0,0,12,0,1,0,0,0,0,0,0,0,0
"Zotu6224",0,0,6,0,9,7,1,1,0,0,0,0,0,0,0,4,0,2,0,1,0,0,0,0,0,1,0,0,0,0,0,0,0,0,0,0,0,0,0,0,0,0,0,0,0,0,0,0,0,0,0,0,0,0,13,0,0,0,0,0,0,0
"Zotu2558",0,0,1,0,0,1,0,0,0,0,0,0,0,0,0,0,0,1,13,0,0,0,0,0,0,0,0,0,0,0,0,1,0,1,0,0,1,0,0,0,1,0,0,0,0,0,0,32,0,1,0,1,0,0,1,3,0,43,3,1,1,1
"Zotu3922",0,0,1,0,0,4,0,1,11,4,1,0,0,0,6,9,0,0,8,0,0,0,0,0,0,1,0,1,1,2,2,0,0,0,0,0,0,0,0,0,0,0,0,0,0,0,0,0,0,0,0,0,0,0,0,0,0,0,0,0,0,0
"Zotu3413",0,0,2,0,0,0,0,0,0,0,0,0,0,0,1,0,1,0,0,0,0,0,0,1,2,0,0,0,29,1,0,1,0,2,2,0,0,0,0,0,1,31,0,0,0,0,0,0,1,0,1,3,0,0,0,0,0,0,1,0,6,1
"Zotu4997",0,0,1,1,1,0,0,0,0,1,0,7,1,1,0,0,0,0,0,0,0,0,2,0,0,0,0,33,0,1,0,0,0,0,0,0,0,0,0,0,0,0,0,0,0,0,0,0,0,0,0,0,0,0,0,0,0,0,0,0,0,0
"Zotu1216",0,0,1,0,1,0,1,0,1,0,0,0,0,1,3,0,0,0,17,0,0,0,0,0,0,1,0,0,0,0,0,0,0,0,0,0,0,0,1,3,0,1,0,0,0,0,99,1,1,0,2,0,0,0,1,0,2,0,2,0,0,51
"Zotu1797",0,0,3,10,18,0,1,0,1,2,1,2,0,1,0,1,8,1,0,0,0,0,0,0,0,41,0,0,0,1,0,0,0,0,1,0,0,10,1,0,0,0,0,1,1,2,1,0,0,0,1,0,1,4,6,3,8,1,2,19,0,1
"Zotu1110",0,0,2,0,2,0,0,0,2,1,2,3,2,1,1,3,1,1,2,0,7,0,1,1,0,2,0,38,116,40,2,0,0,0,0,0,1,24,1,0,0,1,0,0,1,0,0,0,1,0,0,0,0,0,0,0,0,0,0,0,0,0
"Zotu3366",0,0,1,3,59,0,1,1,2,1,0,1,0,1,1,1,4,0,0,2,0,1,1,0,0,0,0,1,0,6,0,0,0,0,0,0,0,0,0,0,0,0,0,1,0,0,0,0,0,0,0,1,0,0,0,0,0,0,1,0,0,0
"Zotu4632",0,0,1,0,0,0,1,0,0,0,1,0,0,1,0,0,0,0,0,0,23,0,0,0,0,0,0,0,0,0,0,0,0,0,0,0,0,0,0,0,0,0,0,0,0,0,0,0,0,0,0,0,0,0,0,0,0,0,0,0,0,0
"Zotu449",0,0,1,0,1,0,0,0,1,1,35,0,0,1,1,0,1,45,1,3,0,0,0,0,2,0,0,10,0,0,2,1,4,12,2,5,1,7,149,29,2,33,4,6,3,2,0,8,3,4,1,5,4,4,86,129,40,309,2,1,2,2
"Zotu4402",0,0,5,6,13,1,0,1,0,0,0,0,0,0,0,0,0,0,1,1,0,0,1,0,0,0,0,1,0,0,0,0,0,0,0,0,0,0,0,0,0,0,0,3,0,0,1,2,0,0,0,0,0,0,0,0,0,0,10,0,0,0
"Zotu1098",0,0,1,1,2,0,1,1,1,1,0,0,1,0,0,0,2,0,0,0,1,2,0,207,0,0,0,1,1,1,1,0,0,0,0,0,0,0,0,0,0,0,0,0,0,0,0,0,0,0,0,0,0,0,0,0,0,0,0,0,0,0
"Zotu4532",0,0,2,0,0,0,0,0,0,0,0,0,0,0,0,1,3,0,0,0,0,0,0,0,0,2,0,0,29,0,0,0,0,0,0,0,0,0,0,0,0,0,0,0,0,0,0,0,0,0,0,0,0,0,0,0,0,0,0,0,0,0
"Zotu5581",0,0,6,0,0,0,0,0,0,0,0,0,0,0,0,0,0,0,0,0,1,0,0,0,0,0,0,0,0,0,0,0,0,0,0,0,0,0,0,0,0,0,0,0,0,0,0,0,0,0,0,0,0,15,5,0,0,0,0,0,0,1
"Zotu1105",0,0,1,0,0,0,0,0,0,0,0,0,0,1,30,0,95,0,0,0,0,0,0,0,0,1,0,0,0,0,0,0,0,0,187,0,0,0,0,0,0,0,0,31,0,1,0,0,1,1,0,0,0,0,0,0,1,0,1,0,0,0
"Zotu2100",0,0,2,5,0,0,0,0,0,0,0,0,0,0,0,0,16,0,2,0,0,0,0,0,0,0,0,0,0,0,0,1,1,0,0,0,0,0,0,0,0,1,1,27,0,2,0,0,1,0,65,7,0,1,0,0,0,1,0,2,0,0
"Zotu3889",0,0,1,0,0,32,0,2,0,0,0,0,1,0,0,2,0,0,0,1,1,0,0,0,0,0,0,0,0,1,1,0,0,0,0,0,0,0,0,0,0,0,0,0,0,0,0,0,0,0,0,0,0,0,0,0,0,0,0,0,0,0
"Zotu5822",0,0,1,0,0,0,0,0,0,1,0,0,1,2,1,0,4,0,1,1,0,0,0,0,0,0,1,0,0,44,0,0,0,0,0,0,0,0,0,0,0,0,0,0,0,0,0,0,0,0,0,0,0,0,0,0,0,0,0,0,0,0
"Zotu5459",0,0,2,0,1,0,0,0,21,0,0,0,0,0,2,0,0,0,0,0,0,0,0,0,0,0,0,0,0,0,0,0,0,0,0,0,0,0,0,0,0,0,0,0,0,0,0,0,0,0,0,0,0,0,0,0,0,0,0,0,0,0
"Zotu1274",0,0,3,4,4,0,1,1,12,1,5,19,0,0,0,0,5,0,7,0,0,0,0,0,2,0,0,1,0,1,2,0,0,0,0,0,0,3,0,0,0,0,0,0,0,0,1,0,1,2,3,1,0,0,12,2,14,1,54,32,9,0
"Zotu3284",0,0,1,0,0,0,0,0,0,0,0,0,0,0,4,0,3,0,0,0,0,0,0,0,0,0,0,0,0,0,0,0,0,0,1,0,0,1,0,0,0,0,0,74,0,0,0,0,0,0,1,0,0,0,0,0,1,1,1,0,0,3
"Zotu5555",0,0,1,2,1,0,0,0,1,4,0,0,0,0,3,0,4,0,0,0,0,0,0,0,0,0,0,0,0,0,0,0,0,0,0,0,0,0,0,0,0,0,0,2,0,0,0,16,0,0,0,0,0,0,2,0,0,0,5,0,0,0
"Zotu1262",0,0,5,1,0,0,18,0,0,0,0,1,0,1,0,1,1,0,0,0,0,0,0,0,0,0,0,1,0,0,0,0,3,0,1,0,0,1,0,2,0,1,3,0,0,1,0,0,0,144,0,2,0,1,1,0,0,2,1,0,0,12
"Zotu4522",0,0,6,1,0,0,0,0,0,2,0,1,0,0,3,0,0,0,18,0,0,0,0,0,0,0,0,0,0,0,0,0,0,0,0,0,0,0,0,0,0,0,0,0,0,0,0,0,0,0,0,0,0,0,0,0,0,0,0,0,0,0
"Zotu3355",0,0,1,6,0,0,1,0,0,1,0,1,0,0,0,1,43,0,0,0,10,1,1,0,0,0,1,0,0,1,0,0,0,0,0,0,0,0,0,0,0,0,0,0,29,0,0,0,0,1,0,0,0,1,2,0,0,0,0,0,0,0
"Zotu5118",0,0,5,0,1,0,0,0,0,0,0,0,0,0,0,0,0,27,0,0,0,0,0,0,0,0,0,0,0,0,0,0,0,0,0,0,0,0,0,0,0,0,0,0,0,0,0,0,0,0,0,0,0,0,0,0,0,0,0,0,0,0
"Zotu5644",0,0,2,0,0,0,0,0,2,1,0,34,0,0,0,0,0,1,0,0,0,0,0,0,0,0,0,0,0,2,2,0,0,0,0,0,0,0,0,0,0,0,0,0,0,0,0,0,0,0,0,0,0,0,0,0,0,0,0,0,0,0
"Zotu1332",0,0,1,0,0,0,0,0,0,0,2,0,0,0,4,0,0,0,0,0,0,0,0,0,0,0,0,0,0,0,1,0,0,153,0,1,0,0,0,2,0,1,0,0,2,1,0,0,0,3,0,0,1,0,0,0,0,0,1,0,1,2
"Zotu3119",0,0,3,0,0,0,1,1,1,1,1,0,0,0,0,0,1,0,0,0,0,0,0,0,0,0,0,0,0,49,1,0,0,0,0,0,0,0,0,0,0,0,0,0,0,0,0,0,0,0,0,0,0,0,0,0,0,0,0,0,0,0
"Zotu2476",0,0,1,12,0,0,1,0,0,0,0,0,0,0,15,0,27,0,55,0,0,3,2,0,0,0,0,0,0,2,0,1,1,0,0,0,0,0,0,1,0,0,2,4,0,0,0,0,0,0,1,0,1,0,0,0,45,0,34,1,1,0
"Zotu2955",0,0,5,1,2,0,0,0,0,0,0,23,0,0,2,0,0,0,0,0,0,0,0,0,0,0,0,1,0,0,0,0,0,0,0,0,0,1,0,1,0,0,0,0,0,0,1,0,0,0,48,11,0,1,0,0,0,0,0,1,2,17
"Zotu1566",0,0,1,1,3,0,0,1,8,0,1,2,0,0,7,1,3,78,0,0,1,0,1,0,0,0,0,1,0,0,0,0,0,0,1,1,2,1,3,0,2,0,0,3,1,0,0,0,1,1,31,17,44,0,0,0,0,0,0,1,1,6
"Zotu2902",0,0,1,10,0,0,1,0,0,0,0,0,0,0,0,0,22,0,0,0,0,0,0,0,0,0,0,0,0,0,0,0,0,0,0,0,0,1,0,0,0,0,106,5,0,0,0,0,0,0,0,0,0,0,0,0,0,0,0,0,0,0
"Zotu3693",0,0,2,0,3,0,0,0,1,0,0,0,0,0,0,0,0,0,0,0,0,0,0,2,0,0,0,0,0,0,0,0,0,0,0,0,0,0,0,0,0,0,0,2,0,0,0,1,0,0,0,0,0,0,1,31,39,0,1,1,2,0
"Zotu2533",0,0,1,0,0,0,1,1,0,0,0,0,2,1,2,0,0,2,2,0,0,1,0,0,0,1,0,73,1,0,0,0,0,0,0,0,0,0,0,0,0,0,0,0,0,0,0,0,0,0,0,0,0,0,0,0,0,0,0,0,0,0
"Zotu2440",0,0,1,0,0,0,2,0,0,0,0,0,0,0,0,0,0,0,0,0,0,0,1,0,0,0,82,0,0,0,1,0,0,0,0,0,0,0,0,0,0,0,0,0,0,0,0,0,0,0,0,0,0,0,0,0,0,0,0,0,0,0
"Zotu5466",0,0,1,2,2,1,0,0,0,0,0,11,0,1,0,0,11,0,0,1,0,0,1,0,0,0,0,0,1,0,0,0,0,0,0,0,0,0,0,0,0,0,0,0,0,0,0,0,0,0,0,0,0,0,0,0,0,0,0,0,0,0
"Zotu3281",0,0,2,0,0,0,0,0,0,23,0,53,2,1,0,0,0,0,0,0,0,0,0,0,1,0,0,0,0,1,0,0,1,0,0,1,0,0,1,0,0,0,0,2,0,0,0,0,0,0,1,0,0,0,0,1,0,0,0,24,0,0
"Zotu3113",0,0,1,0,0,0,0,0,0,0,0,0,0,1,0,0,0,0,0,0,0,0,62,0,0,0,0,0,0,0,0,0,0,0,0,0,0,0,0,0,0,0,0,0,0,0,0,0,0,0,0,0,0,0,0,0,0,0,0,0,0,0
"Zotu4691",0,0,2,0,1,0,0,0,7,0,0,27,0,1,0,0,0,0,0,0,0,0,0,0,0,1,0,0,0,0,0,0,0,0,0,1,0,0,0,0,0,0,0,1,0,0,0,0,0,0,1,2,0,0,0,0,0,0,0,15,0,0
"Zotu5725",0,0,1,1,1,0,0,0,0,19,0,0,0,0,0,0,1,0,0,0,0,0,0,0,0,0,0,0,0,0,0,0,0,0,0,0,0,0,0,0,0,0,0,0,0,0,0,0,0,0,0,0,0,0,0,0,0,0,0,2,0,0
"Zotu1176",0,0,2,1,0,121,0,0,1,7,0,1,0,46,0,1,1,1,1,0,1,0,1,0,1,2,1,3,3,0,1,0,0,0,0,0,0,0,0,0,0,0,0,0,0,0,0,0,0,0,0,0,0,0,0,0,0,0,0,0,0,0
"Zotu6247",0,0,1,1,0,1,1,0,5,0,0,1,0,21,0,0,0,0,16,1,0,0,0,2,1,0,0,0,0,0,0,0,0,0,0,0,0,0,0,0,0,0,0,0,0,0,0,0,0,0,0,0,0,0,6,0,0,0,0,0,0,0
"Zotu6400",0,0,1,0,0,0,1,0,0,0,0,0,3,0,0,0,12,0,0,1,0,0,2,0,0,0,1,1,0,0,1,0,0,0,0,0,0,1,0,0,0,0,0,0,0,0,0,0,0,0,0,1,0,0,0,0,0,0,0,0,0,0
"Zotu4911",0,0,1,0,0,0,1,0,0,0,0,0,1,0,1,0,0,0,0,0,31,1,0,0,0,0,0,0,0,0,0,0,0,0,0,0,0,0,0,0,0,0,0,0,0,0,0,0,0,0,0,3,0,0,0,0,0,0,0,0,0,0
"Zotu171",0,0,4,0,1,0,0,0,15,0,67,1,1,2,6,3,0,0,33,1,1,0,1,0,0,1,22,90,0,13,0,1,2,79,4,3,85,51,67,255,3,218,271,2,1,1,4,6,3,2,2,15,118,2,5,100,141,2,4,3,4,3
"Zotu5002",0,0,1,1,1,1,1,0,0,1,0,0,0,0,1,39,1,0,6,0,0,0,0,1,1,1,0,1,0,2,0,0,0,0,0,0,0,0,0,0,0,0,0,0,0,0,0,0,0,0,0,0,0,0,0,0,0,0,0,0,0,0
"Zotu5611",0,0,3,3,1,0,0,0,0,0,0,0,0,0,0,0,9,1,0,0,0,0,0,0,0,0,1,0,0,0,0,0,0,0,0,1,0,0,1,0,0,0,0,1,1,0,0,0,0,0,0,3,1,1,1,0,0,0,0,1,0,41
"Zotu2395",0,0,4,0,0,0,0,0,13,0,0,1,0,0,13,1,0,0,10,1,0,0,0,0,0,0,0,0,0,0,0,0,1,0,2,0,0,0,0,1,0,0,0,0,0,0,82,0,0,0,0,0,1,1,0,0,0,0,0,0,0,0
"Zotu2248",0,0,2,0,3,1,0,0,0,2,1,0,0,7,2,0,16,0,1,0,16,0,1,1,0,0,0,0,7,0,0,0,0,1,0,0,0,0,0,0,0,0,1,1,1,0,0,0,44,1,1,10,1,9,1,0,0,0,0,3,0,13
"Zotu1053",0,0,2,1,3,1,3,1,2,0,0,3,1,2,0,0,1,0,1,0,6,3,1,189,0,1,1,2,2,3,0,1,0,2,0,0,0,26,2,0,1,0,1,3,0,0,0,26,35,3,0,0,5,1,0,0,0,0,1,0,0,2
"Zotu5159",0,0,7,0,3,0,0,0,0,0,0,0,0,0,0,0,0,0,0,0,0,1,0,0,0,0,0,0,0,0,0,1,0,0,0,0,0,1,0,1,0,0,0,1,0,0,0,0,0,0,0,0,0,0,7,19,2,0,0,1,0,0
"Zotu4171",0,0,2,0,0,0,0,0,0,0,0,0,0,0,2,1,0,0,0,0,21,1,0,0,0,0,0,0,0,20,1,0,0,0,0,0,0,0,0,0,0,0,0,0,0,0,0,0,0,0,0,4,0,0,0,0,0,0,0,0,0,0
"Zotu4281",0,0,3,0,0,0,0,0,17,0,0,1,0,0,3,0,0,0,0,0,0,2,0,0,0,0,0,0,0,0,0,0,0,0,0,0,0,0,0,0,0,0,0,0,0,0,0,0,0,0,0,0,0,0,0,0,0,0,0,0,0,0
"Zotu3389",0,0,1,0,0,0,0,0,0,1,0,0,0,0,0,0,0,0,1,0,0,1,0,0,0,0,0,0,40,0,0,0,0,0,0,0,0,0,0,0,0,0,0,0,0,0,0,0,0,0,0,0,0,0,0,0,0,0,0,0,0,0
"Zotu6211",0,0,1,2,0,0,0,0,0,0,3,0,0,0,0,0,0,0,0,0,0,0,1,0,0,0,0,0,0,0,0,0,0,1,0,1,0,0,0,0,0,0,0,0,0,0,0,0,0,0,0,5,0,12,0,0,0,0,0,0,0,1
"Zotu3275",0,0,3,0,0,0,0,0,14,0,0,0,0,0,8,0,1,0,0,0,0,0,1,0,0,0,0,1,0,0,1,0,0,0,1,1,0,0,0,1,0,0,0,0,0,0,0,0,0,0,0,0,0,1,37,0,0,0,0,0,0,2
"Zotu4889",0,0,1,0,0,0,0,0,0,0,0,22,0,0,0,0,0,0,0,0,0,0,0,0,0,0,0,0,1,0,0,0,0,0,0,0,0,0,0,0,0,0,0,0,0,0,0,0,0,0,0,1,0,0,0,0,2,0,15,5,0,0
"Zotu5682",0,0,2,5,13,1,0,0,0,0,0,1,0,0,0,0,4,0,0,0,6,0,0,0,0,0,0,0,0,0,0,0,0,0,1,0,0,0,0,1,0,0,0,23,0,0,0,1,0,0,0,0,0,0,0,0,1,0,0,0,1,0
"Zotu3652",0,0,2,2,1,0,0,0,11,0,0,0,0,0,0,1,0,0,34,0,0,0,0,0,0,0,0,0,0,0,0,0,0,0,0,0,0,0,0,0,0,0,0,0,0,0,0,0,0,0,0,0,0,0,3,0,0,0,3,0,0,0
"Zotu831",0,0,1,0,1,0,1,0,0,1,1,1,1,2,5,1,3,1,0,0,17,1,2,0,3,0,0,46,14,1,2,0,0,2,1,1,28,54,37,68,0,2,0,2,0,0,1,1,2,1,1,0,0,0,2,0,0,1,1,2,1,1
"Zotu6137",0,0,1,6,17,0,0,1,0,0,0,0,0,0,0,1,2,0,0,0,1,0,0,0,0,0,0,0,0,0,0,2,0,0,0,0,0,0,1,0,0,0,0,16,0,0,0,0,0,0,0,1,2,0,0,0,1,0,0,0,0,0
"Zotu2220",0,0,2,0,0,1,0,0,2,0,0,0,0,0,0,0,4,115,0,0,0,0,1,0,0,1,0,0,0,1,0,0,0,0,0,0,0,0,0,0,0,0,0,0,0,0,0,0,0,0,0,0,0,0,0,0,0,0,0,0,0,0
"Zotu5534",0,0,1,0,0,0,0,0,0,0,0,1,0,1,0,0,1,0,0,0,10,0,0,0,0,0,0,0,0,0,0,0,0,0,1,0,0,0,0,0,0,0,0,0,0,0,0,0,0,0,0,8,0,0,0,0,0,0,0,0,0,1
"Zotu2008",0,0,2,0,0,1,0,0,11,0,0,0,0,0,9,0,2,0,0,1,0,0,0,0,1,0,0,1,1,0,0,0,0,0,2,0,0,3,0,0,0,0,0,1,0,134,0,0,0,0,1,0,0,2,0,0,1,0,0,0,0,1
"Zotu1017",0,0,7,7,0,0,1,1,1,0,1,0,1,0,1,1,12,1,0,1,0,0,0,2,2,0,58,1,3,0,99,0,0,1,0,0,33,31,13,33,1,0,0,5,0,0,0,2,0,1,0,2,0,1,0,1,0,2,1,0,2,1
"Zotu2252",0,0,2,0,0,2,0,0,1,0,1,2,0,0,0,2,0,0,0,0,0,0,0,86,0,0,0,0,0,1,0,0,0,0,0,0,0,0,0,0,0,0,0,0,0,0,0,0,0,0,0,0,0,1,0,0,0,0,0,0,0,0
"Zotu4523",0,0,1,2,37,0,0,1,0,0,0,0,0,0,1,0,1,0,0,0,0,0,0,0,0,1,0,0,0,0,0,0,0,0,0,0,0,0,1,0,0,0,0,2,0,0,0,0,0,0,0,0,0,0,0,0,0,0,0,0,6,0
"Zotu5904",0,0,1,0,0,0,0,0,0,0,0,0,0,0,0,1,0,0,0,0,0,0,0,0,0,0,0,0,0,0,0,1,1,0,1,0,0,0,0,1,0,0,0,0,0,0,0,0,0,0,0,0,1,0,26,6,0,0,0,0,0,0
"Zotu5988",0,0,1,7,0,0,1,0,0,0,0,0,0,0,1,0,20,0,0,0,1,0,0,1,0,1,0,0,1,1,1,0,0,0,0,0,0,0,0,0,0,0,0,5,0,0,0,0,0,0,0,0,0,0,0,0,0,0,0,0,0,0
"Zotu2461",0,0,1,77,1,1,1,2,0,1,1,1,1,2,0,0,3,1,0,0,1,2,0,0,0,1,0,1,1,0,0,0,0,0,0,0,0,0,0,0,0,0,0,1,0,0,0,0,0,0,0,1,0,0,0,0,0,0,0,0,0,0
"Zotu850",0,0,1,0,0,0,0,0,0,0,93,0,0,0,8,1,0,0,0,0,0,0,0,0,0,0,0,0,0,0,0,0,0,1,1,1,0,0,0,1,0,0,1,0,0,0,0,0,2,1,0,10,0,0,64,114,95,0,1,0,0,0
"Zotu4490",0,0,1,0,1,1,0,0,0,0,1,0,0,0,3,0,0,0,24,0,0,0,0,0,0,0,0,0,0,0,0,0,0,0,0,0,0,0,0,0,0,0,0,0,0,0,0,0,0,0,0,0,0,0,0,0,0,0,0,0,0,0
"Zotu4296",0,0,1,5,24,1,0,2,1,0,0,0,0,0,0,0,14,0,1,0,0,0,0,0,1,1,0,0,0,0,0,0,0,0,0,0,0,0,0,0,0,0,0,0,0,0,0,0,0,0,0,0,0,0,0,0,0,0,0,0,0,0
"Zotu544",0,0,1,0,0,0,1,0,0,0,0,37,0,1,0,0,1,0,0,0,0,216,1,0,1,0,1,1,17,0,0,1,1,1,85,1,2,0,1,0,0,1,2,1,1,1,68,1,0,0,1,6,20,0,1,7,18,68,0,0,11,2
"Zotu4785",0,0,1,8,3,0,0,1,2,0,0,0,0,0,0,1,1,0,0,0,0,1,9,0,0,0,0,21,0,7,0,0,0,0,0,0,0,0,0,0,0,0,0,2,0,0,0,0,0,0,0,0,0,0,0,0,1,0,0,10,0,0
"Zotu3341",0,0,7,0,1,4,0,0,0,1,0,0,1,0,0,0,1,0,0,1,0,0,52,0,0,1,2,0,0,8,0,0,0,0,0,0,17,0,1,0,0,0,0,9,1,0,0,0,0,1,0,0,0,0,0,3,0,0,0,0,0,0
"Zotu398",0,0,6,3,5,1,2,37,20,0,1,36,1,29,34,4,6,87,1,0,27,84,0,1,6,1,1,4,2,3,0,3,2,5,31,0,3,33,3,5,4,1,2,25,8,1,32,5,31,9,67,71,209,68,2,1,1,1,3,4,2,9
"Zotu1627",0,0,1,0,0,0,0,1,0,1,0,1,0,0,1,1,1,0,0,135,1,0,0,0,0,0,0,0,1,0,0,0,0,0,0,0,0,0,0,0,0,0,0,0,0,0,0,0,0,0,0,0,0,0,0,0,0,0,0,0,0,0
"Zotu2578",0,0,1,12,11,0,0,0,0,0,0,2,0,0,0,0,1,0,0,0,0,0,1,0,0,1,0,0,0,0,0,0,0,1,2,0,11,1,0,0,0,0,0,13,1,1,0,0,0,0,0,1,0,0,19,24,0,3,33,1,0,1
"Zotu4102",0,0,7,0,1,0,0,0,29,0,0,0,0,0,8,0,0,0,1,0,0,0,0,0,0,0,0,0,0,0,0,0,0,0,0,0,0,0,0,0,0,0,0,1,0,0,0,0,0,0,0,8,0,0,0,0,0,0,0,0,0,0
"Zotu1168",0,0,1,25,31,1,11,1,0,0,1,2,0,14,0,0,55,0,0,0,0,0,5,0,0,1,0,0,0,4,1,1,0,0,1,2,0,0,0,1,0,1,115,6,0,1,0,0,0,0,2,1,1,2,1,0,0,0,0,19,1,2
"Zotu4544",0,0,1,1,5,0,0,0,0,0,0,0,0,0,0,0,0,0,0,0,0,0,0,0,0,0,0,0,1,0,0,0,0,0,1,1,0,0,0,0,1,0,0,2,0,0,0,0,1,0,0,0,0,0,1,0,18,0,0,8,8,0
"Zotu3808",0,0,2,0,0,0,0,0,0,0,0,0,0,0,2,0,0,0,0,0,0,0,0,0,0,0,0,0,0,0,0,0,1,0,0,0,0,2,0,0,1,1,0,0,0,0,1,0,0,1,23,0,0,0,0,0,0,1,0,8,13,6
"Zotu5326",0,0,2,18,8,0,0,0,1,0,0,0,0,0,0,0,3,0,0,0,0,0,0,0,0,0,0,0,1,2,0,0,0,0,0,0,0,0,0,0,0,0,0,0,0,0,0,0,0,0,0,0,0,0,0,0,0,0,0,0,0,0
"Zotu3476",0,0,1,0,0,0,0,0,0,0,0,0,0,0,1,0,0,0,0,3,0,0,0,0,0,63,0,0,1,0,0,0,0,0,0,0,0,0,0,0,0,0,0,0,0,0,0,0,0,0,0,0,0,0,0,0,0,0,0,0,0,0
"Zotu4700",0,0,1,0,0,0,5,0,2,0,0,0,0,0,1,1,0,0,0,0,8,0,1,0,1,0,0,0,0,22,1,0,0,0,0,0,0,0,0,0,0,0,0,0,0,0,0,0,0,0,0,0,0,0,0,0,1,0,0,0,0,0
"Zotu4391",0,0,1,20,2,29,0,1,0,1,0,0,0,0,5,0,12,1,0,0,0,0,0,0,0,0,0,0,0,0,0,0,0,0,0,0,0,0,0,0,0,0,0,0,0,1,0,0,0,1,0,0,0,0,0,0,0,0,0,0,3,5
"Zotu5911",0,0,1,0,0,1,25,1,0,1,0,0,0,0,0,0,0,0,0,0,0,0,0,0,0,0,0,0,0,0,0,0,0,0,0,0,0,0,0,0,0,0,0,0,0,0,0,0,0,0,0,0,0,0,0,0,0,0,0,0,0,0
"Zotu1024",0,0,1,2,0,0,0,0,1,0,1,0,0,0,0,0,5,1,1,1,0,0,0,2,0,1,0,0,20,9,0,0,0,0,1,197,0,1,0,0,2,0,0,3,0,0,2,0,0,1,1,1,0,0,0,1,2,0,0,0,0,0
"Zotu2890",0,0,1,1,0,1,0,0,0,0,0,0,0,0,1,0,0,0,0,0,0,1,0,0,1,0,0,1,0,53,0,0,0,0,0,0,0,0,0,0,0,0,0,0,0,0,0,0,0,0,0,0,0,0,0,0,0,0,0,0,0,0
"Zotu1932",0,0,1,4,10,0,0,0,0,0,0,0,0,0,0,0,0,0,0,0,0,0,0,0,0,1,0,0,0,0,0,0,0,1,0,0,0,0,2,0,0,0,1,1,1,0,0,0,0,0,0,0,0,0,0,6,12,98,0,0,3,1
"Zotu3681",0,0,1,0,1,0,0,0,1,0,0,0,1,0,1,62,0,0,1,0,0,0,0,0,0,0,0,0,3,0,1,0,0,0,0,0,0,0,0,0,0,0,0,0,0,0,0,0,0,0,0,0,0,0,0,0,0,0,0,0,0,0
"Zotu5968",0,0,1,1,9,1,0,0,0,0,0,0,0,1,0,1,22,1,0,1,0,0,0,0,0,0,0,0,0,0,0,0,0,0,0,0,0,0,0,0,0,0,0,1,0,1,0,0,0,0,0,4,1,0,0,0,0,0,0,0,5,0
"Zotu6386",0,0,1,5,4,0,0,0,0,19,0,2,0,1,0,0,1,0,1,0,0,0,0,0,0,0,0,1,1,0,0,0,0,0,0,0,0,0,0,0,0,0,0,2,0,0,0,0,0,0,0,0,0,0,0,0,0,0,0,1,0,0
"Zotu5373",0,0,1,0,3,0,0,0,0,0,0,0,0,20,0,0,1,0,0,0,0,0,0,0,0,1,0,1,0,0,0,0,0,0,0,0,0,0,0,0,0,0,0,0,0,0,0,0,0,0,0,0,0,0,0,0,0,0,0,0,0,0
"Zotu4334",0,0,1,1,70,0,0,0,0,0,1,1,0,0,0,0,7,0,0,0,0,0,0,0,0,0,0,1,0,0,1,0,0,0,0,0,0,0,0,0,0,0,0,2,0,0,0,0,0,0,0,0,0,0,0,0,0,0,0,0,0,0
"Zotu780",0,0,1,26,12,1,10,2,7,0,0,0,2,1,0,2,1,0,0,0,0,2,0,0,0,1,2,0,1,0,0,1,2,2,3,5,1,1,2,2,1,0,2,54,3,45,2,3,1,3,5,1,2,2,0,1,1,1,71,25,85,5
"Zotu4333",0,0,2,1,0,0,0,1,0,38,0,0,0,0,1,1,0,1,0,0,1,0,0,0,0,0,0,0,0,2,0,0,0,0,0,0,0,0,0,0,0,0,0,0,0,0,0,0,0,0,0,0,0,0,0,0,0,0,0,0,0,0
"Zotu1369",0,0,1,1,0,0,0,0,0,0,0,0,0,0,1,0,0,0,0,0,0,0,2,0,0,0,0,0,0,0,0,0,0,1,1,0,0,0,0,1,2,2,0,2,3,3,1,0,0,0,1,12,3,49,0,0,0,0,0,1,40,84
"Zotu1718",0,0,1,6,1,0,0,0,0,0,0,0,0,0,0,0,14,1,0,1,9,0,0,0,0,0,0,1,19,1,0,0,1,1,0,0,0,1,2,0,0,0,0,0,0,0,0,0,144,0,1,10,1,0,1,0,0,0,0,0,12,2
"Zotu6397",0,0,1,0,0,0,0,0,0,0,0,0,0,0,0,0,0,2,0,0,0,0,0,0,0,0,0,0,16,0,0,0,0,0,0,0,0,0,0,0,0,0,0,0,0,0,0,0,0,0,0,0,0,0,0,0,0,0,0,0,0,0
"Zotu3760",0,0,1,0,1,1,0,0,22,1,1,0,0,0,2,0,0,0,28,0,0,2,0,0,0,0,0,0,0,0,0,0,0,0,0,0,0,0,0,0,0,0,0,0,0,0,0,0,0,0,0,0,0,0,0,0,9,0,0,0,0,0
"Zotu3575",0,0,1,0,0,0,32,0,0,0,0,0,2,0,0,0,0,0,0,0,0,2,0,1,0,0,0,0,0,0,0,0,0,0,0,0,0,0,0,0,0,0,0,0,0,0,0,0,0,0,0,0,0,0,0,0,0,0,0,0,0,0
"Zotu779",0,0,1,0,0,12,0,0,0,3,1,0,0,0,0,0,0,0,0,0,1,1,0,0,0,0,0,0,28,0,0,3,1,4,20,2,1,36,329,1,6,1,2,5,4,4,1,1,3,3,2,1,4,4,2,2,1,4,3,1,1,6
"Zotu1049",0,0,1,0,5,0,0,0,0,0,0,0,0,0,3,0,3,0,0,0,0,0,0,0,0,0,0,1,0,0,0,0,1,0,1,3,0,1,1,1,3,0,4,0,126,2,0,1,0,2,1,2,1,0,0,1,0,2,49,1,43,14
"Zotu1894",0,0,1,2,1,13,0,0,1,0,0,12,0,0,0,0,0,0,0,0,0,0,0,0,0,0,0,0,0,0,0,0,1,1,1,1,0,0,0,1,0,1,0,7,0,0,3,0,0,145,0,0,1,0,0,0,0,0,0,0,0,2
"Zotu1594",0,0,1,1,0,0,0,1,0,0,0,0,1,0,0,0,1,0,1,0,0,0,1,0,115,0,0,0,0,1,0,0,0,0,0,0,0,0,0,0,0,0,0,0,0,0,0,0,0,0,0,0,0,0,0,0,0,0,0,0,0,0
"Zotu5922",0,0,2,3,9,0,0,0,0,0,0,0,0,0,0,0,1,0,0,0,0,0,0,0,0,0,0,0,0,0,0,0,0,1,0,0,0,1,31,0,0,0,1,3,0,0,1,0,0,0,0,0,0,0,1,0,0,0,0,0,0,1
"Zotu877",0,0,2,1,1,1,0,3,0,1,1,3,0,2,0,1,1,1,1,0,0,0,0,186,0,0,0,0,0,1,1,0,0,1,0,3,26,1,23,30,1,1,1,1,0,0,1,1,0,0,0,1,0,0,0,1,0,1,0,1,0,0
"Zotu888",0,0,1,2,0,1,3,2,1,0,1,2,0,0,0,0,1,1,0,0,0,133,0,1,0,1,3,5,9,7,46,0,0,0,1,0,1,2,39,0,0,33,0,3,0,0,0,1,0,0,0,1,0,1,0,0,0,0,0,0,0,0
"Zotu487",0,0,4,0,0,1,0,0,0,0,1,0,0,1,0,0,2,0,0,0,0,0,0,0,0,0,0,27,20,1,13,159,1,19,1,227,3,63,4,24,0,34,1,3,4,1,0,51,2,1,25,1,3,0,1,1,1,2,2,5,3,0
"Zotu3375",0,0,1,0,0,0,0,0,0,0,0,0,0,70,0,0,3,0,0,0,0,0,0,0,0,1,0,0,0,1,1,0,0,0,0,0,0,0,0,0,0,0,1,0,0,0,0,0,0,0,0,4,0,0,0,0,0,0,0,0,0,0
"Zotu5806",0,0,2,0,0,0,1,0,0,1,0,0,1,16,0,0,1,0,0,0,0,0,0,0,0,0,0,0,0,0,0,0,0,0,0,0,0,0,0,0,0,0,0,0,0,0,0,0,0,0,0,0,0,0,0,0,0,0,0,0,0,0
"Zotu2810",0,0,1,0,0,0,0,0,0,0,0,0,0,0,0,0,2,0,0,0,32,0,0,0,0,0,0,0,0,0,0,0,0,0,0,0,1,0,0,0,2,0,0,1,0,0,0,0,0,0,0,20,0,0,0,0,0,0,0,0,1,25
"Zotu2590",0,0,2,0,0,0,0,1,6,0,1,1,0,1,3,0,9,32,0,1,0,0,0,1,0,0,0,0,37,0,0,0,0,0,0,0,0,0,0,0,0,0,0,0,0,0,0,0,0,0,0,2,0,0,3,1,0,0,0,8,0,0
"Zotu2835",0,0,1,8,0,0,0,1,0,0,0,0,1,0,0,0,0,0,0,0,0,0,0,0,0,0,0,1,0,0,0,1,1,1,0,0,1,2,0,0,0,0,0,81,0,0,1,1,0,1,2,0,0,1,0,0,0,0,0,0,0,0
"Zotu6304",0,0,1,0,3,0,0,0,0,0,0,0,0,0,8,0,25,0,1,0,0,0,0,0,0,0,0,0,0,0,0,0,0,0,0,0,0,0,0,0,0,0,0,0,0,0,0,0,0,0,0,0,0,0,0,0,0,0,0,0,0,0
"Zotu3779",0,0,1,1,0,0,0,0,1,7,1,1,0,0,0,0,3,0,0,1,0,0,0,0,0,0,0,0,13,0,0,0,0,0,0,0,28,1,1,0,1,0,0,3,0,0,0,0,1,0,0,0,0,0,0,0,0,1,0,0,0,0
"Zotu3872",0,0,3,1,1,0,0,0,0,1,0,12,0,0,0,0,8,35,2,0,0,0,0,0,0,0,0,0,0,2,0,0,0,0,0,0,0,1,0,0,0,0,0,6,0,0,0,0,0,0,0,0,0,0,0,0,0,0,0,0,0,0
"Zotu2399",0,0,1,0,0,0,0,0,0,0,0,33,0,0,27,1,0,76,0,0,0,0,0,0,0,0,0,0,0,0,0,0,0,0,0,0,1,0,0,0,0,0,0,0,0,0,0,0,0,0,0,0,0,0,0,0,0,0,0,0,0,14
"Zotu3450",0,0,1,28,7,0,0,1,0,0,0,0,0,1,1,0,0,0,0,0,0,0,0,0,0,1,0,0,0,0,0,0,0,0,0,0,0,0,0,0,0,0,0,0,0,0,0,0,0,0,0,7,0,0,0,0,1,0,0,0,0,0
"Zotu3093",0,0,1,1,0,1,0,0,6,0,45,0,0,0,17,0,2,0,1,0,1,0,0,1,0,0,0,2,0,0,0,0,0,0,0,0,0,0,0,0,0,0,0,0,0,0,0,0,0,0,0,0,0,0,0,0,0,0,0,0,0,0
"Zotu4330",0,0,1,0,0,0,0,0,0,5,0,0,0,13,0,1,0,36,0,0,0,0,2,0,0,1,0,0,0,0,0,0,0,0,0,0,0,0,0,0,0,0,0,0,0,0,0,0,0,0,0,0,0,0,0,0,0,0,0,0,0,0
"Zotu6374",0,0,2,0,0,0,10,1,0,2,0,0,0,14,0,1,0,0,0,0,1,0,0,0,0,0,0,2,0,1,1,0,0,0,0,0,0,0,0,0,0,0,0,0,0,0,0,0,0,0,0,0,0,0,0,0,0,0,0,0,0,0
"Zotu2791",0,0,1,0,1,0,0,1,0,0,0,0,0,39,5,0,4,0,0,0,2,0,0,0,0,0,0,0,2,1,0,0,0,0,0,0,0,0,0,0,1,0,0,2,0,0,0,0,0,0,0,0,0,0,0,0,0,0,0,0,0,0
"Zotu1743",0,0,2,2,1,2,20,1,1,0,0,1,1,0,0,0,8,0,0,0,35,0,0,0,0,1,0,0,0,3,94,1,0,0,1,0,0,12,0,0,1,0,0,3,0,0,0,0,0,0,0,2,0,0,0,0,0,0,0,0,0,0
"Zotu2244",0,0,4,1,3,0,1,1,0,2,0,0,1,0,4,0,14,81,0,0,0,0,1,0,0,1,0,2,0,1,1,0,0,0,0,0,1,0,0,0,0,0,0,0,0,0,0,0,0,0,0,2,0,0,0,0,0,0,0,0,0,0
"Zotu1481",0,0,1,1,0,0,1,1,0,0,0,0,1,1,2,0,0,0,0,0,2,0,1,1,0,1,140,0,0,1,0,0,0,0,0,0,0,0,0,0,0,1,0,0,0,0,0,0,0,0,0,0,0,0,0,0,0,0,0,0,0,0
"Zotu3833",0,0,1,0,0,0,0,0,0,2,0,0,0,0,0,0,0,0,0,0,5,0,0,0,0,0,0,0,0,0,0,0,0,0,0,1,1,1,0,1,0,0,1,0,1,0,0,42,0,0,1,0,0,1,0,0,0,0,0,2,0,0
"Zotu1989",0,0,1,0,1,0,0,0,0,0,0,0,0,0,7,0,0,0,0,0,1,0,0,0,0,0,0,1,0,0,0,0,0,0,0,0,1,0,2,1,0,2,0,2,1,1,1,2,0,2,0,1,2,0,11,15,28,3,48,4,0,1
"Zotu566",0,0,2,1,3,4,0,1,0,0,56,2,1,1,15,0,54,103,11,3,1,2,0,0,1,2,6,3,21,4,1,2,0,4,109,0,1,2,1,1,1,0,2,1,3,2,0,1,1,1,1,18,24,2,0,1,3,0,50,73,1,1
"Zotu2053",0,0,1,1,0,0,1,1,0,17,30,1,2,0,1,2,1,0,31,0,1,1,0,0,2,0,0,3,1,0,0,0,0,1,0,0,0,0,0,0,0,2,0,2,0,0,0,0,0,0,0,0,0,0,0,2,31,1,1,0,0,0
"Zotu1526",0,0,2,0,0,1,1,1,0,1,0,0,0,1,0,0,0,0,0,0,2,1,1,0,1,0,0,1,8,35,2,1,3,1,103,0,0,0,0,1,0,3,0,1,0,0,1,0,1,1,0,1,0,0,0,0,1,0,0,0,0,2
"Zotu2646",0,0,1,0,0,47,0,3,1,40,0,1,0,1,0,2,0,2,0,0,0,0,0,0,1,0,0,0,1,1,0,0,0,0,0,0,0,0,0,0,0,0,0,0,0,0,0,0,0,0,0,0,0,0,0,0,0,0,0,0,0,0
"Zotu4373",0,0,1,5,28,1,0,0,0,0,0,1,2,1,0,0,4,0,0,0,0,0,0,0,0,0,1,0,0,0,0,0,0,0,0,0,0,0,0,1,0,0,1,10,0,0,0,0,0,0,0,1,1,0,2,0,1,0,0,5,11,0
"Zotu1484",0,0,1,1,1,0,0,0,0,2,0,15,0,0,0,0,1,0,1,1,0,1,0,0,0,0,0,0,0,0,0,0,0,0,0,0,0,0,1,0,0,0,0,0,1,0,0,110,0,1,1,1,2,0,1,11,1,2,1,31,0,1
"Zotu341",0,0,2,1,1,0,0,0,1,0,1,2,1,0,0,0,5,0,0,0,0,2,0,1,0,0,0,146,1,38,0,3,2,5,2,1,163,2,179,72,132,1,125,3,2,2,2,5,6,4,3,4,1,1,6,5,1,0,6,1,3,5
"Zotu646",0,0,1,0,3,0,0,0,0,0,0,0,0,0,0,0,0,0,0,0,0,0,0,0,0,0,0,0,0,0,0,0,0,1,0,0,0,1,0,1,0,1,0,2,1,0,0,0,0,0,2,0,0,1,22,0,0,289,0,39,1,0
"Zotu4233",0,0,4,0,22,0,1,0,1,0,1,0,0,0,0,0,3,0,0,2,0,0,2,1,0,0,33,0,0,1,1,0,0,0,0,0,0,0,0,0,0,0,0,1,0,0,0,0,0,0,0,0,0,0,5,0,0,0,0,0,0,0
"Zotu624",0,0,1,6,0,0,26,0,5,2,67,0,1,0,10,0,15,1,0,0,1,0,0,3,0,1,1,0,0,0,1,3,0,0,2,3,1,1,3,3,1,0,0,9,2,94,88,2,0,0,1,0,1,1,3,7,50,0,0,92,19,1
"Zotu2645",0,0,3,0,0,0,0,0,4,2,0,0,0,0,7,0,0,0,0,1,0,0,0,0,0,0,0,0,0,0,1,0,0,0,0,0,0,0,0,0,0,0,0,0,1,0,0,21,26,0,0,0,0,0,0,0,0,0,0,0,2,0
"Zotu6332",0,0,1,14,8,0,0,1,0,0,0,1,1,0,0,0,6,1,0,0,1,0,0,0,0,0,0,1,0,0,0,0,0,0,0,0,0,0,0,0,0,0,0,0,0,0,0,0,0,0,0,0,0,0,0,0,0,0,0,0,0,0
"Zotu1942",0,0,1,0,0,1,0,0,1,1,0,14,0,0,8,0,14,0,0,0,8,0,2,0,2,0,0,0,0,0,0,0,1,0,1,0,1,1,0,1,0,0,1,0,0,2,0,0,0,0,0,0,0,78,0,0,0,0,1,1,0,2
"Zotu1225",0,0,2,0,0,0,1,0,0,0,15,0,0,0,7,0,0,0,17,0,0,0,0,0,0,1,0,0,0,0,1,0,0,1,0,0,1,0,3,2,0,0,0,2,0,0,1,1,0,0,2,2,0,1,0,15,26,80,1,35,21,1
"Zotu3621",0,0,2,6,15,1,0,0,0,1,0,1,0,0,8,0,11,0,5,0,1,0,0,0,0,0,0,0,0,0,0,0,0,0,0,0,0,0,0,0,0,0,0,1,0,0,0,0,0,1,0,0,0,1,0,0,0,0,7,0,0,7
"Zotu1229",0,0,1,1,7,0,0,0,0,0,0,0,0,0,2,0,1,1,0,0,6,0,0,0,0,1,0,0,0,0,0,0,1,0,1,0,1,0,1,0,1,1,3,8,0,0,0,2,1,0,0,1,1,1,5,0,17,0,89,17,45,1
"Zotu4705",0,0,3,0,0,1,32,0,0,0,0,0,0,15,0,0,6,0,0,0,0,0,0,0,0,0,0,0,0,1,0,0,0,0,0,0,0,0,0,0,0,0,0,0,0,0,1,0,0,0,0,2,0,0,0,0,0,0,0,0,6,0
"Zotu4291",0,0,1,0,1,2,1,25,0,0,0,0,1,13,1,1,0,1,0,0,1,0,0,0,1,0,0,0,0,0,0,0,0,0,0,0,0,0,0,0,0,0,0,0,0,0,0,0,0,0,0,0,0,0,0,0,0,0,0,0,0,0
"Zotu1679",0,0,3,2,8,10,0,1,2,65,1,0,0,11,9,19,5,0,3,1,1,2,1,0,3,0,3,2,1,0,0,0,0,0,0,0,0,0,1,0,0,0,0,12,0,0,0,0,1,0,0,4,0,0,0,0,0,0,14,0,0,1
"Zotu4099",0,0,1,11,22,1,0,0,1,0,0,0,0,0,0,0,1,0,3,0,0,0,0,0,0,0,0,0,0,0,1,2,1,0,0,0,0,0,0,0,0,1,0,14,0,0,1,0,0,0,0,0,0,0,0,23,0,0,1,0,0,0
"Zotu1998",0,0,1,0,0,0,0,0,0,0,1,1,0,2,0,0,0,148,0,0,0,0,0,4,0,0,1,1,51,1,0,0,0,0,0,0,0,0,0,0,0,0,0,0,0,0,0,0,0,0,0,0,0,0,1,1,1,0,0,0,2,19
"Zotu6086",0,0,1,0,0,0,0,0,6,1,0,0,0,0,0,0,0,21,0,0,0,0,0,0,0,0,0,0,0,0,0,0,0,0,0,0,0,0,0,0,0,0,0,0,0,0,0,0,0,0,0,0,0,0,0,0,0,0,0,0,0,0
"Zotu2960",0,0,1,0,0,0,0,0,0,3,0,1,0,0,0,0,1,1,0,0,18,0,0,0,0,0,0,0,0,23,0,0,0,0,0,0,0,0,0,0,0,0,0,0,0,0,0,0,0,0,0,0,0,0,0,0,0,0,0,0,0,0
"Zotu832",0,0,1,1,0,0,0,33,1,0,0,1,0,15,2,0,1,78,0,1,0,0,1,0,0,53,0,0,1,8,0,1,0,0,61,0,0,0,0,0,0,0,1,0,0,0,0,0,0,1,0,0,0,0,0,0,0,0,0,0,2,0
"Zotu5753",0,0,1,0,3,0,0,11,0,0,0,0,0,1,0,0,6,0,0,0,5,0,0,0,1,0,0,0,0,6,0,1,0,0,0,0,0,0,0,0,0,0,0,1,0,0,0,0,1,0,0,2,0,0,0,0,0,0,0,0,0,0
"Zotu931",0,0,1,6,0,0,1,0,1,0,0,1,0,0,0,0,54,1,2,1,42,1,1,0,0,0,0,1,2,48,0,1,1,2,1,2,1,3,4,0,3,1,0,0,1,0,1,0,0,0,0,43,0,16,1,0,0,0,2,0,1,37
"Zotu1909",0,0,6,0,0,0,4,1,14,0,1,104,1,1,10,1,0,2,1,1,1,1,1,0,0,0,0,1,1,0,1,0,0,0,0,0,0,0,1,0,1,0,0,0,0,0,0,0,0,0,0,0,0,0,7,12,0,0,0,0,0,1
"Zotu577",0,0,1,0,3,0,0,0,0,0,0,0,0,0,5,0,0,0,0,0,10,0,0,0,0,0,2,1,0,0,0,0,1,0,2,1,2,0,1,5,4,2,1,8,3,0,0,3,2,1,2,4,2,2,4,20,40,2,109,327,0,4
"Zotu4361",0,0,1,13,14,1,0,0,0,0,0,0,0,0,1,1,5,0,0,1,0,2,0,0,0,0,0,0,0,1,0,0,0,0,0,0,0,0,0,0,0,0,0,0,0,0,0,0,0,0,0,0,0,0,0,0,0,0,0,0,0,0
"Zotu6284",0,0,1,0,0,1,0,1,0,0,8,0,0,0,8,0,0,0,6,0,0,0,0,0,0,0,0,0,0,0,0,0,0,0,0,0,0,0,0,0,0,0,0,0,0,0,0,0,0,0,0,0,0,0,0,0,0,0,0,0,0,0
"Zotu5476",0,0,1,6,0,0,1,1,0,0,0,0,1,0,11,0,26,0,0,0,0,1,0,2,0,0,0,0,0,0,0,0,0,0,0,0,0,0,0,0,0,0,0,2,0,1,0,0,0,0,0,0,0,0,0,0,0,0,0,0,0,0
"Zotu5593",0,0,1,0,0,0,0,0,0,0,0,0,0,0,0,1,0,0,0,0,2,0,0,0,0,0,0,0,27,0,0,0,0,0,0,0,0,0,0,0,0,0,0,0,0,0,0,0,0,0,0,0,0,0,0,0,0,0,0,0,0,0
"Zotu747",0,0,1,0,3,0,0,0,0,0,0,1,0,0,0,0,0,0,0,0,0,0,0,0,0,0,0,0,0,0,0,1,1,4,1,3,0,1,2,6,0,2,3,3,3,1,2,1,1,0,2,4,3,9,1,16,58,215,42,7,1,2
"Zotu2383",0,0,1,0,0,0,0,0,19,0,0,0,0,0,3,0,0,0,10,0,0,0,0,0,0,0,0,0,0,0,0,0,0,1,0,0,0,1,0,0,0,0,0,0,0,1,1,1,0,1,0,1,0,0,40,1,62,0,0,1,31,0
"Zotu1788",0,0,1,11,7,1,0,0,1,1,1,0,0,0,4,0,3,2,0,103,0,0,2,0,1,0,0,1,1,1,0,0,2,0,0,0,0,0,0,0,0,1,0,1,0,0,1,2,0,0,14,9,0,0,0,1,0,0,0,0,1,1
"Zotu2327",0,0,1,0,3,1,0,0,0,0,0,0,0,1,0,1,1,0,0,1,0,0,0,0,0,4,84,0,0,0,1,0,0,0,0,0,0,16,0,0,0,1,0,3,0,0,0,0,0,0,0,0,0,0,0,0,0,1,0,0,0,0
"Zotu3874",0,0,2,0,0,15,0,0,0,19,2,0,0,0,0,0,0,0,1,0,0,0,0,0,0,1,0,1,0,0,0,0,0,0,0,0,0,0,0,0,0,0,0,0,0,0,0,0,0,0,0,0,0,0,0,0,0,0,0,0,0,0
"Zotu2708",0,0,1,0,0,0,0,1,1,0,0,0,0,28,34,0,1,0,0,0,0,1,0,1,1,0,1,0,1,0,1,0,0,0,1,0,0,1,1,0,0,0,0,1,0,0,1,1,0,0,0,18,0,1,0,0,1,2,0,0,0,2
"Zotu5393",0,0,3,1,0,0,0,0,0,0,0,23,0,1,1,2,0,0,0,0,0,0,0,0,0,0,0,0,2,0,0,0,0,0,0,0,0,0,0,0,0,0,0,0,1,0,0,0,0,0,0,0,0,0,0,0,0,0,0,0,0,0
"Zotu3526",0,0,1,17,2,0,0,1,0,0,0,0,0,1,0,0,21,1,0,0,0,0,0,1,0,0,1,0,0,0,0,1,0,0,0,0,0,0,0,0,0,0,0,2,0,0,0,0,0,0,1,5,0,0,0,0,0,0,0,0,0,16
"Zotu1657",0,0,2,0,0,0,0,0,0,0,0,0,0,0,4,0,0,0,0,0,0,1,0,0,0,0,0,0,12,0,0,0,0,0,0,0,33,0,1,10,0,0,0,0,2,0,1,58,0,0,0,0,0,1,5,8,14,39,2,0,0,0
"Zotu4155",0,0,1,0,0,0,0,1,0,0,0,0,0,0,0,1,0,0,1,0,34,2,0,0,0,0,2,0,0,11,0,0,0,0,0,0,0,0,0,0,0,0,0,0,0,0,0,0,0,0,0,0,0,0,0,0,0,0,0,0,0,0
"Zotu2739",0,0,1,0,0,0,0,2,1,0,1,0,0,0,2,1,0,0,0,0,0,0,0,1,1,0,0,88,0,2,1,0,0,0,0,0,0,0,0,0,0,0,0,0,0,0,0,0,0,0,0,2,0,0,0,0,0,0,0,0,0,0
"Zotu2982",0,0,1,2,0,0,1,1,0,0,0,0,0,0,0,0,1,0,0,0,0,0,1,0,0,0,0,74,0,1,1,0,0,0,0,0,0,0,0,0,0,0,0,3,0,0,0,0,0,0,0,0,0,0,0,0,0,0,0,0,0,0
"Zotu4927",0,0,1,26,0,0,1,0,1,0,0,0,0,0,0,0,16,1,1,0,10,0,0,0,0,1,0,0,0,0,0,0,0,0,0,0,0,0,0,0,1,0,1,1,0,0,1,0,0,0,0,10,0,0,0,0,0,0,0,0,0,3
"Zotu1843",0,0,3,0,1,0,0,4,2,0,1,5,0,0,6,0,5,22,2,0,1,1,2,0,0,0,3,0,61,0,0,0,0,0,2,2,1,0,0,1,1,0,0,0,0,0,0,0,0,2,2,3,0,4,0,1,0,0,1,0,0,27
"Zotu3679",0,0,1,0,0,0,0,0,0,0,0,0,0,11,4,0,0,0,0,0,0,0,0,0,0,0,0,0,0,0,0,0,0,0,0,0,0,0,1,0,0,0,0,0,0,0,0,0,0,0,0,6,0,22,0,0,0,0,0,0,0,1
"Zotu2361",0,0,1,1,0,0,0,1,21,0,0,0,0,0,6,0,2,0,1,0,0,0,0,0,0,1,0,1,1,0,2,0,0,1,1,0,0,0,0,0,0,0,0,1,0,0,0,0,0,0,0,29,16,0,0,0,0,0,0,1,1,0
"Zotu3923",0,0,1,0,0,1,0,0,4,0,0,0,0,0,3,0,0,0,0,0,0,0,0,0,0,0,0,0,0,49,0,0,0,0,0,0,0,0,0,0,0,0,0,1,0,0,0,0,0,0,0,5,0,0,0,0,0,0,0,0,0,0
"Zotu954",0,0,1,0,0,0,1,0,0,2,1,1,362,0,0,0,0,0,0,0,0,0,0,0,0,0,0,1,0,0,0,0,0,0,0,0,0,0,0,0,0,0,0,0,0,0,0,0,0,0,0,1,0,0,0,0,0,0,0,0,0,0
"Zotu4898",0,0,4,1,3,0,0,0,1,1,0,0,0,0,5,0,0,1,0,0,0,0,1,0,0,0,0,0,0,0,0,0,0,0,0,0,0,1,0,0,0,0,1,0,0,0,0,0,0,0,0,5,0,0,8,0,0,0,0,0,0,0
"Zotu5169",0,0,1,0,0,1,0,1,0,1,0,19,0,0,0,0,0,0,0,0,0,0,0,0,0,0,0,0,1,1,0,0,0,0,0,0,0,0,0,0,0,0,0,0,0,0,0,0,0,0,0,0,0,0,0,0,0,0,0,0,0,0
"Zotu5790",0,0,1,7,7,0,0,0,0,0,0,0,0,0,2,0,4,0,0,0,0,0,0,0,0,0,0,0,0,0,0,0,0,0,0,0,0,0,0,0,0,0,0,7,0,0,0,1,0,0,0,0,0,0,0,0,0,0,0,0,0,0
"Zotu2570",0,0,2,3,1,0,1,2,1,0,1,1,1,0,1,0,0,0,0,0,0,29,0,0,0,0,0,0,11,21,0,0,0,0,0,0,0,0,12,0,0,0,0,2,0,0,0,0,0,0,0,1,1,0,0,0,0,0,0,0,0,0
"Zotu5106",0,0,1,0,0,0,0,0,0,0,0,0,0,0,0,0,0,0,0,0,0,0,0,0,0,0,0,0,0,0,0,0,1,1,0,0,0,0,0,0,0,0,0,51,0,0,0,0,0,0,0,0,1,0,1,0,0,0,0,2,0,0
"Zotu4016",0,0,2,0,0,0,0,0,0,39,1,0,2,0,1,1,0,0,0,1,0,0,0,1,0,2,1,0,0,0,0,0,0,0,0,0,0,0,0,0,0,0,0,0,0,0,0,0,0,0,0,0,0,0,0,0,0,0,0,0,0,0
"Zotu2886",0,0,1,5,2,0,0,0,0,0,0,0,0,0,0,0,0,0,0,0,0,0,0,0,0,0,0,0,0,0,0,0,0,2,0,0,0,0,1,0,0,1,0,1,1,0,0,0,0,1,0,0,0,0,1,0,0,1,0,13,61,4
"Zotu2944",0,0,1,35,14,0,2,0,0,0,0,20,0,0,2,0,15,1,0,1,1,0,0,0,0,3,1,0,0,0,0,0,0,0,0,0,0,0,0,0,0,0,0,2,0,0,0,0,0,0,0,0,0,0,0,0,0,0,0,0,0,0
"Zotu3080",0,0,1,1,0,0,0,0,0,0,0,0,0,12,1,0,0,49,0,0,0,0,0,0,1,0,0,0,0,1,2,0,0,0,0,0,0,0,0,0,0,0,0,0,0,0,0,0,0,0,0,0,0,0,0,0,0,0,0,0,0,0
"Zotu1124",0,0,1,0,0,0,0,1,33,1,34,0,0,0,6,1,1,0,0,1,0,0,0,0,1,1,0,1,0,0,0,0,1,1,0,0,1,0,1,1,0,0,2,0,0,0,1,0,1,0,0,3,1,87,1,0,0,1,0,1,2,1
"Zotu3890",0,0,1,0,2,1,0,1,0,0,0,1,2,0,0,0,37,0,1,1,0,0,0,0,0,1,0,0,0,1,0,0,0,0,0,0,0,0,0,0,0,1,0,0,0,0,0,0,0,0,0,2,0,0,0,0,0,1,0,0,0,0
"Zotu2073",0,0,1,0,0,0,0,0,12,0,0,31,1,0,0,1,0,0,18,1,1,0,1,0,0,0,0,0,0,0,0,0,0,0,0,0,0,0,0,0,0,0,0,0,0,0,0,0,0,0,0,0,0,1,10,3,19,0,0,0,0,0
"Zotu4698",0,0,2,0,0,1,0,0,1,0,23,1,0,0,0,0,0,0,0,0,0,0,0,0,0,0,0,0,0,1,0,0,0,0,0,0,0,0,0,0,0,0,0,0,0,0,0,0,0,0,0,0,0,0,0,0,0,0,0,0,0,0
"Zotu2782",0,0,1,0,4,0,23,0,0,23,0,0,0,5,0,0,4,0,0,0,6,1,1,1,0,1,0,3,2,0,0,0,0,0,0,0,0,1,1,0,0,0,0,0,0,0,2,0,0,1,0,4,0,0,0,1,0,0,0,8,32,5
"Zotu2840",0,0,2,0,0,1,0,0,0,0,0,11,0,0,0,0,1,0,0,0,0,0,0,0,0,0,0,1,0,0,0,0,1,0,0,0,0,0,0,1,0,0,1,0,1,0,35,0,0,0,0,0,1,0,0,0,0,0,0,12,0,0
"Zotu5327",0,0,1,1,0,0,0,0,0,1,0,0,0,0,0,0,1,0,0,0,0,0,0,0,0,0,0,0,0,0,0,0,0,0,1,0,0,0,0,0,0,0,0,0,0,0,0,1,1,0,0,0,1,1,1,1,0,0,0,0,0,42
"Zotu5131",0,0,1,0,1,0,0,0,0,0,0,0,0,0,0,0,0,0,0,0,0,2,0,0,0,0,1,1,0,1,0,0,0,0,5,0,0,0,9,0,1,7,0,1,0,0,0,0,0,0,0,0,0,0,1,0,0,0,0,0,0,0
"Zotu785",0,0,1,0,0,0,1,0,2,0,31,1,1,0,3,1,6,99,10,0,1,0,1,0,0,3,0,0,78,1,1,0,0,40,0,0,30,0,2,0,0,30,0,0,3,0,0,1,1,2,0,3,14,0,1,0,0,1,0,0,2,0
"Zotu1571",0,0,1,0,1,0,2,0,0,0,1,1,0,0,0,1,3,0,1,0,0,0,1,0,0,0,98,0,19,1,2,0,0,1,0,0,0,0,1,0,2,0,0,2,0,0,0,0,0,2,0,21,0,0,0,0,0,0,0,0,8,1
"Zotu745",0,0,1,1,0,0,0,2,0,1,0,0,0,1,1,12,0,0,0,1,0,0,1,0,0,18,0,0,0,1,1,2,0,3,0,1,1,2,0,1,1,1,322,1,1,0,1,0,1,0,3,0,1,0,2,1,0,0,1,0,2,6
"Zotu4726",0,0,1,9,1,0,0,0,0,8,0,1,0,0,1,0,4,0,0,0,5,0,0,0,1,0,0,0,0,0,0,1,0,1,0,0,0,0,0,1,0,1,0,2,0,0,0,0,0,0,0,3,1,8,0,0,0,0,0,0,0,0
"Zotu3568",0,0,1,3,101,0,0,0,0,0,0,0,0,0,0,0,0,1,0,1,0,0,2,0,0,3,0,1,0,0,0,0,0,0,0,0,0,0,0,0,0,0,0,0,0,0,0,0,0,0,0,0,0,0,0,0,0,0,0,0,0,0
"Zotu3593",0,0,1,6,0,0,0,0,6,0,0,0,0,0,8,2,11,0,0,0,0,0,0,0,0,0,0,0,0,1,0,1,0,0,0,0,0,0,0,0,0,0,0,5,0,0,0,0,0,0,0,6,0,40,0,0,0,0,1,0,1,1
"Zotu3531",0,0,1,3,11,0,1,0,11,1,1,0,1,10,2,0,22,0,0,0,0,0,1,0,0,0,0,0,1,0,0,0,0,0,1,1,0,1,1,1,0,0,0,1,14,0,0,0,1,0,7,0,0,0,0,0,0,0,1,0,0,15
"Zotu822",0,0,1,0,0,0,0,1,0,0,0,0,0,2,0,1,0,0,0,0,0,1,0,0,0,0,0,149,40,28,1,1,0,1,1,0,1,99,0,0,0,95,0,0,0,0,0,0,0,0,0,0,0,0,0,1,0,2,0,1,1,0
"Zotu6127",0,0,1,0,1,0,0,0,0,0,0,0,0,3,0,0,0,0,0,0,14,0,0,0,0,0,0,0,0,0,0,0,0,0,0,0,0,0,0,0,0,0,0,0,0,0,0,0,0,0,0,0,0,0,0,0,0,0,0,0,0,0
"Zotu5177",0,0,1,0,1,0,0,0,17,0,2,0,2,0,3,0,2,0,6,0,0,1,0,1,0,0,0,0,0,0,0,0,0,0,0,0,0,0,0,0,0,0,0,0,0,0,0,0,0,0,0,0,0,0,0,0,0,0,0,0,0,0
"Zotu1221",0,0,1,1,0,0,1,1,0,0,0,1,0,0,0,0,0,0,1,2,0,0,0,0,0,0,0,0,0,59,0,0,0,1,0,1,0,1,0,2,1,133,0,0,0,0,1,0,0,0,0,1,0,0,2,0,0,0,0,0,2,1
"Zotu5103",0,0,1,7,0,1,0,0,0,0,1,0,0,1,3,0,0,1,1,0,19,2,0,0,2,0,0,0,0,0,0,0,0,0,0,0,1,0,0,0,0,0,0,1,0,0,0,1,0,0,0,0,0,0,0,0,0,0,0,0,0,0
"Zotu1943",0,0,1,0,2,0,0,0,0,0,0,0,0,0,0,0,2,0,0,0,0,0,0,0,0,0,0,0,0,0,0,0,0,2,0,0,0,0,0,0,0,1,0,0,0,0,0,0,0,0,0,1,0,0,15,8,1,80,7,0,0,0
"Zotu640",0,0,1,11,41,0,0,0,0,23,1,2,1,0,1,0,6,0,0,1,0,0,1,1,0,0,1,0,2,1,0,2,3,5,3,1,0,6,0,4,2,3,2,5,3,3,3,2,1,2,3,2,2,1,14,83,45,129,117,22,22,6
"Zotu5620",0,0,1,0,2,0,0,0,0,0,1,2,0,0,0,1,0,30,0,0,0,0,0,0,0,0,0,0,0,0,0,0,0,0,0,0,0,0,0,0,0,0,0,0,0,0,0,0,0,0,0,0,0,0,0,0,0,0,0,0,0,0
"Zotu799",0,0,1,0,0,0,0,0,12,0,23,0,0,0,1,0,0,0,32,0,0,0,0,0,0,0,0,0,53,0,0,0,2,0,2,0,178,2,79,123,0,1,0,0,0,0,0,0,0,5,1,0,0,0,4,0,1,0,1,17,1,0
"Zotu3361",0,0,3,0,0,13,31,1,0,0,0,2,0,2,0,0,0,0,0,0,1,0,0,0,0,0,0,0,0,0,0,0,0,0,0,0,0,0,0,0,0,0,0,0,0,0,0,0,0,0,0,0,0,0,0,0,0,0,0,0,0,0
"Zotu2450",0,0,1,22,23,0,1,2,10,0,0,1,1,1,2,1,24,1,0,1,0,0,0,0,0,0,1,0,1,1,0,0,0,0,0,0,0,1,0,0,0,0,1,3,0,1,0,0,0,0,0,0,0,0,0,0,0,0,0,0,0,0
"Zotu4409",0,0,1,3,0,0,0,0,0,1,0,0,0,0,0,0,4,2,0,0,1,0,0,0,0,0,0,0,0,0,0,0,0,0,0,1,0,0,0,1,0,0,0,0,0,0,0,0,0,1,0,5,0,0,0,0,0,1,0,1,25,27
"Zotu5905",0,0,1,0,0,0,0,0,0,0,0,0,0,0,0,0,0,0,0,0,0,0,0,0,0,0,0,0,0,0,0,0,0,0,0,0,0,0,0,0,0,0,0,0,0,1,0,0,0,0,0,0,0,0,0,0,0,0,22,0,0,0
"Zotu2940",0,0,1,0,0,0,0,0,0,0,0,0,0,0,0,1,0,0,0,0,0,0,0,0,0,1,73,0,0,0,1,0,0,0,0,0,0,0,0,1,0,0,0,3,0,0,0,0,0,0,0,0,0,10,0,0,0,0,1,1,0,0
"Zotu5371",0,0,1,32,46,0,0,3,0,7,0,1,0,3,0,2,2,1,2,4,0,1,0,0,1,0,2,0,0,0,0,1,0,0,1,0,0,0,0,0,0,0,0,38,0,0,0,0,0,0,0,0,0,1,0,1,0,0,1,0,0,1
"Zotu974",0,0,1,0,0,0,0,0,0,0,0,0,0,0,0,0,0,0,0,0,0,0,0,0,0,0,0,0,0,0,0,2,3,2,2,0,3,0,0,1,0,1,1,1,1,6,1,0,1,1,1,0,1,1,13,52,80,0,15,57,13,0
"Zotu2431",0,0,1,0,7,0,0,0,0,0,0,0,0,14,0,1,0,0,0,0,0,0,0,0,0,0,0,0,0,0,0,1,0,0,0,0,0,5,0,30,0,22,0,1,0,0,2,0,0,2,0,1,0,0,0,0,0,0,0,0,0,2
"Zotu3520",0,0,1,1,0,0,1,0,0,0,0,31,1,0,5,0,1,1,2,0,0,0,0,0,0,2,0,0,0,18,0,0,0,0,0,1,0,1,24,0,0,1,0,2,0,0,0,1,0,0,0,2,0,0,1,0,0,1,0,0,0,1
"Zotu5088",0,0,1,0,0,0,0,0,0,0,0,1,0,24,0,0,0,0,0,0,0,0,0,0,0,0,0,0,0,0,0,0,0,0,0,1,0,0,0,0,0,0,0,0,0,0,0,29,0,0,0,0,1,0,0,0,0,0,0,0,0,0
"Zotu2975",0,0,2,0,73,0,0,1,0,0,0,1,0,0,2,0,0,2,1,1,0,0,4,0,2,0,0,6,0,0,2,0,0,0,0,0,0,0,0,0,0,0,0,0,0,0,0,0,0,0,0,0,0,0,0,0,0,0,0,0,0,0
"Zotu1215",0,0,1,1,2,2,1,0,1,0,0,1,0,1,13,1,6,2,9,0,0,0,1,0,2,0,0,0,42,0,1,0,1,1,1,0,0,2,0,58,1,53,0,1,0,2,2,0,1,2,0,12,0,0,0,0,0,1,0,0,1,3
"Zotu3862",0,0,1,0,3,0,36,1,0,0,0,0,0,0,2,0,9,2,1,0,1,0,0,2,0,0,2,0,0,0,1,0,0,0,0,0,0,0,0,0,0,0,0,1,0,0,0,0,0,0,0,0,0,0,0,0,0,0,0,0,0,0
"Zotu5899",0,0,1,0,47,0,1,0,0,0,0,0,0,0,0,0,1,1,0,0,0,0,0,0,0,0,0,0,0,0,0,0,0,0,0,0,0,0,0,0,0,0,0,0,0,0,0,0,0,0,0,0,0,0,0,0,0,0,0,0,0,0
"Zotu3308",0,0,1,0,5,0,0,0,0,0,0,0,0,0,1,0,0,0,1,0,0,0,0,0,0,0,0,0,0,0,0,1,0,0,0,1,1,0,0,1,1,17,0,5,0,1,1,0,0,0,1,1,1,0,42,5,0,0,17,0,1,3
"Zotu5322",0,0,1,18,2,0,2,0,0,0,0,0,1,0,0,0,18,0,0,1,0,0,1,0,0,0,1,0,0,2,0,0,0,0,1,0,0,0,0,0,0,0,0,26,0,0,0,0,1,0,0,0,0,1,3,3,0,0,0,0,0,1
"Zotu2004",0,0,1,14,97,0,1,0,2,1,1,1,0,15,0,4,4,5,13,1,0,2,1,0,1,1,2,0,0,1,0,0,1,0,0,0,0,0,0,0,0,0,0,5,0,0,0,1,0,0,0,0,0,0,0,0,0,0,0,0,0,1
"Zotu1559",0,0,1,1,0,0,0,0,1,1,1,0,0,0,0,0,2,0,1,1,0,0,0,1,0,1,0,0,0,0,178,0,0,0,0,0,0,0,0,0,0,0,0,0,0,0,0,0,0,0,0,0,0,0,0,0,0,0,0,0,0,0
"Zotu571",0,0,1,2,0,0,1,0,7,3,1,0,1,2,8,2,1,91,3,0,0,0,2,0,2,2,0,2,1,1,0,1,2,0,0,3,1,2,0,4,0,5,4,5,2,1,75,8,1,1,4,1,4,2,14,51,28,0,30,118,17,3
"Zotu3512",0,0,1,2,0,0,7,0,0,0,0,0,0,0,3,0,0,50,1,0,0,1,0,0,0,0,0,0,0,0,1,0,0,0,0,0,0,0,0,0,0,0,0,0,0,0,0,0,0,0,0,1,0,0,0,0,0,0,0,0,0,0
"Zotu2635",0,0,1,0,0,0,1,1,27,0,1,0,1,0,0,0,6,0,0,0,0,0,1,0,0,0,0,0,52,0,0,0,0,0,0,0,0,0,0,0,0,0,0,1,0,0,0,0,0,0,0,0,0,0,0,1,0,0,0,0,0,0
"Zotu4723",0,0,1,0,0,0,0,1,1,0,0,1,0,0,0,0,0,0,0,0,1,0,0,0,0,44,0,0,2,0,0,0,0,0,0,0,0,0,0,0,0,0,0,0,0,0,0,0,0,0,0,0,0,0,0,0,0,0,0,0,0,0
"Zotu5346",0,0,1,0,0,0,0,0,0,0,0,0,0,0,0,0,0,0,0,0,0,0,0,0,4,0,0,0,5,0,0,0,0,0,0,0,0,0,0,0,0,0,1,0,0,0,1,0,0,0,0,1,0,25,0,0,0,0,0,0,0,0
"Zotu905",0,0,1,0,1,0,0,1,0,1,0,1,1,0,2,1,1,0,0,1,2,0,0,0,206,1,0,0,0,1,20,0,0,32,0,0,0,0,0,0,0,1,0,0,1,0,0,0,1,0,0,0,0,0,0,0,0,0,0,1,1,1
"Zotu1664",0,0,1,0,0,0,0,0,0,0,0,0,0,0,0,0,0,0,0,0,0,0,173,0,0,1,0,0,0,1,0,0,0,0,0,0,0,0,0,0,0,0,0,0,0,0,0,0,0,0,0,0,0,0,0,0,0,0,0,0,0,0
"Zotu4956",0,0,1,0,13,0,0,0,0,0,0,0,0,0,0,0,0,1,0,0,0,1,0,0,0,0,0,0,0,0,1,0,2,0,0,0,0,0,1,0,0,0,0,4,0,0,1,0,0,1,0,6,43,0,27,11,0,0,0,10,5,0
"Zotu6037",0,0,1,0,0,0,0,0,1,0,0,0,0,0,0,33,0,0,0,0,0,0,0,0,0,1,0,0,0,0,0,0,0,0,0,0,0,0,0,0,0,0,0,0,0,0,0,0,0,0,0,0,0,0,0,0,0,0,0,0,0,0
"Zotu2814",0,0,1,11,15,1,0,0,0,0,0,1,0,0,0,0,2,0,1,0,3,34,0,0,1,0,0,0,12,0,0,0,0,0,0,0,1,0,0,0,0,0,0,4,0,0,0,0,0,0,0,0,0,0,1,1,0,0,1,0,0,0
"Zotu3725",0,0,1,0,1,0,0,0,0,0,0,0,0,0,0,0,0,0,0,0,0,0,0,0,0,0,0,16,0,0,0,0,0,1,0,0,2,11,0,0,0,0,0,6,0,0,0,0,0,0,1,0,0,0,0,0,0,0,0,0,0,0
"Zotu2867",0,0,1,15,11,0,2,0,0,0,0,1,0,0,6,34,7,1,0,0,0,0,0,0,2,2,0,0,0,0,0,1,1,1,1,1,0,0,0,0,0,2,2,75,0,1,0,1,0,0,0,0,1,0,0,0,0,0,0,2,0,1
"Zotu2330",0,0,1,2,0,0,0,0,18,1,0,33,1,0,6,0,0,0,15,0,1,2,0,1,2,0,0,0,0,2,1,0,0,0,0,0,0,0,1,0,1,1,1,0,0,1,1,0,0,0,0,4,0,0,0,0,0,0,0,0,0,9
"Zotu5551",0,0,1,1,0,0,0,1,0,0,0,30,0,2,0,0,0,0,0,0,1,0,0,0,0,0,0,0,0,0,0,0,0,0,0,0,0,0,0,0,0,0,0,1,0,0,0,0,0,0,0,0,0,0,0,0,0,0,0,0,0,0
"Zotu4849",0,0,1,1,0,0,11,0,0,0,1,0,0,1,0,0,1,0,1,0,16,0,2,0,0,0,0,0,0,0,0,0,0,0,0,0,0,0,0,0,0,0,0,1,0,1,0,0,0,0,0,6,0,0,0,0,0,0,0,1,0,0
"Zotu2801",0,0,1,0,0,0,1,0,0,0,0,75,0,0,0,0,0,0,0,0,0,0,0,0,0,0,0,0,0,0,0,0,0,0,0,0,0,0,0,0,0,0,0,0,0,0,0,0,0,0,0,0,0,0,0,0,0,0,0,0,0,0
"Zotu5214",0,0,1,1,3,0,0,0,0,0,27,1,0,0,7,0,1,0,0,0,0,0,0,0,0,2,0,2,0,0,0,0,0,0,0,0,0,0,0,0,0,0,0,0,0,0,0,0,0,0,0,0,0,1,0,0,0,0,0,0,0,0
"Zotu4562",0,0,1,0,0,0,0,1,0,0,0,0,0,0,0,0,1,0,0,0,0,0,0,0,0,0,0,0,0,0,0,0,2,0,0,0,0,0,0,0,0,0,0,0,0,1,1,0,0,0,1,11,0,0,0,0,0,0,0,0,0,7
"Zotu3116",0,0,1,0,1,0,0,0,0,0,1,2,1,1,0,1,0,2,0,0,0,0,54,0,0,0,0,0,0,0,0,0,0,0,0,0,0,0,0,0,0,0,0,0,0,0,0,0,0,0,0,0,0,0,0,0,0,0,0,0,0,0
"Zotu5965",0,0,1,0,0,0,0,0,28,1,1,0,0,0,0,0,0,0,0,0,0,0,0,0,0,0,2,0,0,0,0,0,0,0,0,0,0,0,0,0,0,0,0,0,0,0,0,0,0,0,0,0,0,0,0,0,0,0,0,0,0,0
"Zotu3611",0,0,1,18,0,0,0,0,0,1,0,0,0,0,0,0,3,0,2,1,14,4,1,0,0,1,0,39,1,1,1,0,0,1,1,0,5,0,0,0,0,0,0,0,0,0,0,0,0,0,0,5,0,6,0,0,0,0,12,1,0,0
"Zotu2491",0,0,1,37,0,0,0,0,0,0,0,1,0,1,2,0,5,0,0,0,0,0,0,0,0,0,0,0,0,0,0,0,0,0,0,0,0,1,0,0,0,1,0,24,1,0,1,1,0,0,2,1,0,0,1,11,50,0,1,0,0,0
"Zotu2416",0,0,1,7,10,3,0,0,0,78,0,0,0,1,0,0,3,1,0,0,2,1,2,0,0,0,2,1,0,1,0,0,0,0,0,0,0,0,0,0,0,0,0,1,0,0,0,0,0,0,0,0,0,0,0,1,0,0,0,0,0,0
"Zotu4819",0,0,1,4,10,1,0,0,1,0,0,0,0,3,3,0,2,1,0,0,0,0,0,0,0,0,0,0,0,0,0,0,0,1,0,0,0,0,0,0,0,0,0,0,0,0,0,0,0,0,1,0,0,0,0,5,0,0,0,15,0,0
"Zotu1397",0,0,1,0,2,1,0,0,27,2,0,0,0,0,14,1,8,0,63,0,0,0,0,0,0,0,0,0,0,0,1,1,0,0,1,1,1,1,0,0,0,1,0,0,0,0,0,1,0,0,0,3,0,1,0,1,1,0,22,73,23,2
"Zotu606",0,0,2,0,0,0,0,0,0,0,0,0,1,1,0,0,0,0,0,1,0,0,0,0,0,0,0,0,29,0,0,1,615,0,1,1,0,1,0,4,1,3,2,2,3,0,1,4,2,2,0,2,1,3,0,3,0,2,1,1,2,1
"Zotu2453",0,0,1,13,23,0,1,0,0,0,0,0,0,0,1,1,0,1,0,1,0,0,0,0,0,0,2,0,0,0,1,0,0,0,0,0,0,0,0,0,2,0,1,3,0,2,2,0,0,0,1,4,1,0,0,2,1,1,20,0,32,11
"Zotu3337",0,0,1,0,0,0,0,0,0,0,0,0,0,1,1,0,0,0,0,0,14,0,1,0,0,1,0,0,0,0,1,3,0,0,2,0,0,0,0,0,0,0,0,1,1,0,0,1,0,0,19,0,1,0,0,0,0,0,1,2,0,18
"Zotu6033",0,0,1,0,0,0,0,0,16,0,0,0,2,0,0,0,0,0,0,0,0,0,1,0,0,0,0,0,0,0,0,0,0,0,0,0,0,0,0,0,0,0,0,0,0,0,0,0,0,0,0,0,0,0,0,0,0,0,0,0,0,0
"Zotu5882",0,0,1,7,1,0,0,0,0,0,0,1,0,0,0,0,19,0,0,0,0,0,0,0,0,0,1,0,0,0,0,0,0,0,0,0,0,0,0,0,0,0,0,3,0,0,0,0,0,0,0,0,0,0,0,0,0,0,0,0,0,0
"Zotu3968",0,0,1,1,0,0,0,0,0,0,0,0,0,0,1,0,0,0,0,1,0,0,0,0,0,0,0,0,0,0,1,0,0,0,0,0,0,0,0,0,0,0,0,1,0,0,0,0,0,0,0,1,0,0,0,1,0,0,37,0,0,0
"Zotu2863",0,0,1,0,0,0,0,1,0,0,0,0,0,6,1,1,53,0,0,1,1,0,0,0,0,1,0,0,0,0,0,0,0,0,0,0,0,0,0,0,0,0,0,0,0,0,0,0,0,0,0,0,1,0,0,0,0,0,0,0,0,0
"Zotu3513",0,0,1,1,0,0,1,0,0,2,47,1,3,0,3,0,0,0,0,0,0,0,0,0,0,0,0,1,1,1,0,0,0,0,0,0,0,0,0,0,0,0,0,0,0,0,0,0,0,0,0,0,0,0,0,0,0,0,0,0,0,0
"Zotu3369",0,0,1,9,0,0,32,0,1,0,0,0,1,0,0,0,0,1,0,1,0,0,0,0,4,3,0,0,3,2,0,0,0,1,2,0,0,0,0,0,0,0,0,1,0,0,1,1,0,0,2,16,0,0,0,0,0,1,0,0,0,13
"Zotu2009",0,0,1,0,1,1,0,0,5,0,28,12,0,17,8,0,3,2,9,1,1,0,0,0,0,0,0,1,0,0,0,0,0,0,0,0,0,0,2,0,2,0,0,0,2,1,0,2,0,0,0,0,0,0,0,0,36,0,0,2,11,0
"Zotu1813",0,0,1,18,4,13,28,0,0,0,2,0,3,1,3,3,78,1,1,1,2,0,2,0,0,2,0,1,1,4,0,1,0,0,1,0,0,1,0,0,0,0,0,4,0,0,0,0,0,0,0,0,0,0,0,0,0,0,0,0,0,0
"Zotu1393",0,0,1,0,0,0,0,1,1,2,0,0,0,0,0,0,0,2,0,0,0,0,0,0,32,0,0,10,11,1,1,3,2,3,55,0,1,0,1,66,1,1,0,1,0,0,0,0,2,0,11,4,1,2,0,0,1,2,0,1,0,2
"Zotu5497",0,0,1,1,16,0,0,1,0,0,0,0,0,1,3,0,7,0,0,1,1,0,0,0,0,0,2,0,0,0,1,0,0,1,1,0,0,0,1,0,1,3,1,31,0,0,0,1,0,0,0,4,0,0,0,0,0,0,0,1,0,4
"Zotu3204",0,0,1,13,20,1,1,0,0,0,11,0,0,0,2,1,2,2,0,0,1,0,0,0,0,0,0,0,0,12,0,0,1,0,0,0,2,1,0,0,1,0,0,9,0,1,1,0,0,0,0,0,1,1,7,2,0,1,42,1,0,0
"Zotu904",0,0,1,0,0,0,0,0,2,0,2,0,0,3,2,0,0,0,1,0,0,5,0,377,0,0,0,1,0,1,1,0,0,0,0,0,0,0,1,2,0,0,0,0,0,0,0,0,0,1,0,2,0,1,2,71,1,0,1,0,2,0
"Zotu4042",0,0,1,0,1,0,0,0,0,0,0,0,1,0,0,2,0,0,0,0,0,0,0,0,0,0,0,31,0,0,0,0,0,0,0,0,0,1,0,1,0,0,0,5,0,0,0,0,0,0,0,0,0,0,2,0,0,0,10,0,1,0
"Zotu5752",0,0,2,0,0,0,0,0,0,0,0,0,2,0,3,0,0,0,0,0,12,1,0,0,0,0,0,0,14,0,0,0,0,0,0,0,0,0,0,0,0,0,0,0,0,0,0,0,0,0,0,0,0,0,0,0,0,0,0,0,0,0
"Zotu5634",0,0,1,2,41,1,0,0,0,0,1,1,1,9,4,0,4,0,0,1,0,0,1,3,0,0,0,0,0,0,0,0,0,0,0,0,0,0,0,0,0,0,0,3,0,0,0,0,0,0,0,0,0,0,0,0,0,0,0,0,0,0
"Zotu2061",0,0,2,0,0,1,1,1,1,1,0,0,0,0,2,0,2,0,0,0,9,0,0,0,0,0,1,6,5,8,53,0,0,0,0,0,8,0,2,9,1,0,0,1,0,0,0,1,1,0,0,9,9,1,0,0,0,0,0,0,0,0
"Zotu3615",0,0,1,1,0,0,0,0,7,1,0,0,0,0,0,0,6,0,0,0,0,0,0,0,1,0,1,0,14,14,0,1,0,0,0,0,1,30,10,0,0,0,1,9,0,1,0,0,1,0,0,0,1,1,2,0,0,1,0,0,0,0
"Zotu1966",0,0,1,0,0,0,0,1,0,0,0,1,0,0,0,0,0,0,0,0,0,0,0,0,0,1,0,65,7,0,0,0,1,1,1,0,1,0,55,1,1,0,0,0,0,0,0,0,0,0,0,0,0,0,0,0,0,0,0,1,0,0
"Zotu2605",0,0,1,0,0,0,0,0,6,0,0,0,0,0,0,0,0,0,0,0,0,1,0,0,0,0,0,0,0,0,0,1,0,0,0,0,0,0,1,0,0,0,0,0,0,68,0,0,0,0,0,0,0,1,0,0,0,1,0,0,0,1
"Zotu6285",0,0,1,0,0,0,0,0,0,0,0,0,0,0,4,0,0,1,0,1,0,1,0,0,0,0,0,0,0,0,0,0,0,24,0,0,0,0,0,1,0,0,0,0,0,0,1,0,0,0,0,1,0,0,0,0,0,0,0,0,0,0
"Zotu4917",0,0,1,0,0,1,1,1,0,0,0,0,0,0,0,0,2,0,34,0,0,0,0,0,0,0,0,0,1,0,0,0,0,0,0,0,0,0,0,0,0,0,0,0,0,0,0,0,0,0,0,0,0,0,0,0,0,0,0,0,0,0
"Zotu6375",0,0,1,9,18,0,0,0,0,0,1,1,0,0,0,0,2,1,0,0,2,1,0,0,0,0,0,0,0,1,0,0,0,0,0,0,0,0,0,0,0,0,0,0,0,0,0,0,0,0,0,0,0,0,0,0,0,0,0,0,0,0
"Zotu6168",0,0,1,0,0,0,0,0,0,0,0,0,0,0,0,0,0,0,0,0,0,15,0,0,0,0,0,0,0,0,0,0,0,0,0,0,0,0,0,0,0,0,0,0,0,0,0,0,0,0,0,0,0,0,0,0,0,0,0,0,0,0
"Zotu5505",0,0,1,0,1,0,1,0,1,0,0,0,0,0,0,0,0,0,0,0,0,0,0,0,0,0,0,0,0,22,0,0,0,0,0,0,2,0,0,0,0,0,0,0,0,0,0,2,0,0,0,0,0,0,0,0,0,0,0,0,0,1
"Zotu4144",0,0,1,3,4,0,0,0,0,1,0,0,0,0,0,0,3,0,0,0,1,0,0,0,0,0,0,0,26,0,0,0,0,0,0,0,0,0,0,0,0,0,0,1,0,0,0,0,0,0,0,0,0,0,0,0,0,0,0,0,0,0
"Zotu4178",0,0,1,1,0,0,0,0,0,0,0,1,0,0,0,0,24,0,0,0,0,0,0,0,0,0,0,0,0,0,0,0,0,0,0,0,0,0,1,0,0,1,0,4,0,0,0,0,0,0,0,10,1,0,7,0,0,0,0,0,0,0
"Zotu569",0,0,1,18,1,3,1,0,46,3,59,0,0,1,14,0,18,0,1,0,0,0,0,0,0,2,0,2,0,0,1,349,0,0,0,0,0,0,1,2,0,2,0,1,1,0,0,0,0,0,0,2,0,0,0,3,0,0,0,2,0,0
"Zotu5199",0,0,1,0,0,0,1,0,28,0,0,0,0,0,0,0,0,1,0,0,0,0,0,1,0,0,0,0,0,0,0,0,0,0,0,0,0,0,0,0,0,0,0,0,0,0,0,0,0,0,0,0,0,0,0,0,0,0,0,0,0,0
"Zotu1754",0,0,1,0,0,0,0,0,0,0,0,0,0,0,0,0,0,0,0,0,0,0,0,0,0,0,0,50,0,0,9,1,0,1,0,0,0,18,65,37,0,0,1,1,0,0,0,0,1,0,0,0,0,0,2,0,0,1,0,0,2,1
"Zotu3290",0,0,1,0,0,0,0,0,0,0,0,0,0,1,3,0,9,0,8,0,0,0,0,0,0,2,0,0,0,0,0,1,0,3,0,0,0,0,2,0,1,0,0,1,1,0,0,1,0,0,0,1,10,23,0,9,0,0,0,0,0,0
"Zotu3576",0,0,1,0,0,1,0,7,0,0,1,0,0,6,7,0,0,0,0,0,21,1,0,0,0,1,0,1,0,0,0,0,0,0,0,0,0,1,0,0,1,0,0,0,0,0,0,0,0,0,0,8,0,0,0,0,0,0,0,0,0,0
"Zotu1738",0,0,1,0,0,0,3,0,2,0,0,2,0,0,2,0,0,0,0,0,32,0,0,0,0,0,0,0,0,1,1,0,1,1,3,1,0,1,3,0,0,0,0,0,1,0,0,0,1,0,0,29,0,43,0,0,0,0,0,0,0,0
"Zotu3488",0,0,1,0,0,0,0,0,2,1,0,0,0,0,1,0,0,0,0,0,0,0,0,0,0,1,0,0,0,0,0,88,0,0,0,0,0,0,0,0,1,0,0,1,0,0,0,0,0,0,0,0,1,0,1,0,0,0,0,0,0,1
"Zotu5472",0,0,1,0,0,0,0,0,0,0,0,0,0,0,0,0,0,0,0,0,0,0,0,0,0,0,0,0,0,0,0,0,0,0,0,0,0,0,0,0,0,0,0,0,0,0,0,0,0,0,0,0,17,0,0,0,0,1,0,0,0,0
"Zotu2535",0,0,1,0,0,0,0,0,0,0,0,0,0,0,0,0,0,0,0,0,1,0,1,0,0,0,0,0,121,0,0,0,0,0,0,0,0,0,0,0,0,0,0,0,0,0,0,0,0,0,0,0,0,0,0,0,0,0,0,0,0,0
"Zotu1604",0,0,0,8,0,0,0,0,0,0,0,0,0,0,0,0,1,0,0,0,0,0,0,0,0,0,0,0,1,0,0,0,0,0,3,2,1,1,2,0,0,1,0,1,2,0,0,0,0,1,0,2,129,28,1,0,0,1,2,1,0,1
"Zotu2932",0,0,0,5,1,0,0,0,0,0,0,0,0,0,0,0,1,0,0,0,0,0,0,0,0,0,0,0,0,0,0,0,0,0,0,0,0,0,0,0,0,0,35,2,1,0,1,0,0,0,0,0,0,0,0,0,0,0,0,0,0,0
"Zotu1290",0,0,0,5,7,0,0,0,0,0,0,0,0,0,0,0,1,0,1,0,0,0,0,0,0,0,0,0,0,0,0,1,0,0,1,1,0,1,0,1,1,1,2,6,1,0,2,1,3,1,13,0,1,0,1,1,4,122,4,22,31,2
"Zotu1792",0,0,0,13,1,5,0,2,0,10,1,0,0,0,3,2,10,0,0,0,1,0,0,0,0,0,0,2,0,1,0,0,2,0,0,0,0,0,0,1,1,0,2,2,65,2,0,1,0,1,1,9,1,0,0,11,0,0,0,0,1,18
"Zotu4752",0,0,0,19,6,0,0,0,0,0,0,0,0,0,2,0,23,0,0,0,0,0,0,1,0,0,2,2,0,0,0,0,0,0,0,0,0,0,0,0,0,0,0,4,0,0,0,0,0,0,0,0,0,0,0,0,0,0,0,0,0,0
"Zotu4875",0,0,0,9,0,0,0,0,0,26,0,0,0,1,0,0,0,0,0,0,0,0,0,0,0,0,0,0,0,0,0,0,0,0,0,0,0,1,0,0,0,0,0,0,0,0,0,0,0,0,0,0,0,0,0,0,0,0,0,0,0,0
"Zotu1029",0,0,0,219,4,0,0,3,0,12,0,0,1,1,1,0,24,1,1,0,0,0,3,0,0,2,0,0,1,1,0,0,0,0,0,0,0,0,0,0,0,0,0,9,0,0,0,0,0,0,0,0,0,0,0,0,0,0,0,0,0,0
"Zotu3259",0,0,0,52,4,0,2,0,0,3,0,0,1,2,0,0,4,0,0,0,1,1,1,0,0,0,1,0,1,0,0,0,0,0,0,0,0,0,0,0,0,0,0,4,1,0,1,0,0,1,0,0,0,1,0,0,14,0,0,0,0,0
"Zotu4309",0,0,0,4,0,0,0,0,0,0,0,0,0,0,0,0,0,0,0,0,0,0,0,0,0,0,0,0,0,0,0,1,0,0,1,1,0,0,0,0,0,0,1,1,0,1,0,0,0,0,0,0,0,0,0,1,1,1,0,18,0,15
"Zotu2713",0,0,0,18,27,0,2,0,1,0,1,0,0,0,0,0,2,0,0,0,0,0,0,0,1,0,2,0,1,0,0,0,0,0,0,0,0,21,0,0,0,0,0,8,0,0,0,0,1,0,1,0,0,0,0,0,0,0,0,1,2,0
"Zotu2005",0,0,0,74,133,0,0,0,0,0,0,1,1,0,1,0,16,1,1,0,4,0,0,0,0,1,1,4,1,0,0,0,0,0,0,0,0,0,0,2,0,1,0,118,0,0,0,0,0,0,0,0,0,0,0,4,31,95,12,10,23,6
"Zotu5973",0,0,0,2,6,0,0,0,0,0,0,0,0,0,1,0,0,0,0,0,0,0,1,0,0,0,0,0,0,0,0,0,0,0,0,0,0,0,0,0,0,0,0,9,0,0,0,0,0,0,0,1,0,0,18,2,3,0,0,2,1,0
"Zotu1011",0,0,0,171,2,0,1,1,2,1,0,0,0,0,7,3,64,1,0,0,1,0,0,0,0,2,0,1,0,0,1,0,1,1,0,0,0,2,0,1,0,0,0,71,0,0,0,0,0,0,0,0,0,0,1,0,0,0,0,0,1,0
"Zotu4024",0,0,0,19,27,0,0,0,0,0,0,0,0,0,0,0,14,0,0,0,0,0,0,0,0,0,0,0,0,0,0,0,0,0,0,0,0,0,0,0,0,0,0,0,0,0,0,0,0,0,0,0,0,0,0,0,0,0,0,0,0,0
"Zotu6132",0,0,0,16,9,0,0,0,1,0,0,0,0,0,0,0,1,0,0,0,0,0,1,0,0,0,0,1,0,0,0,0,0,0,0,0,0,0,0,0,0,0,0,0,0,0,0,0,0,0,0,0,0,0,0,0,0,0,0,0,0,0
"Zotu3351",0,0,0,8,2,1,0,0,0,0,0,0,0,1,0,0,0,0,0,0,0,0,0,3,0,0,0,1,0,0,0,0,1,0,1,0,0,0,0,0,0,0,0,0,0,0,1,1,1,0,0,0,0,0,16,0,31,0,0,0,1,0
"Zotu4273",0,0,0,31,24,0,0,1,1,1,1,0,0,0,0,2,37,0,0,0,0,0,2,0,0,1,0,0,0,1,0,0,0,0,0,0,0,0,0,0,0,0,0,9,0,0,0,0,0,0,0,0,0,0,1,0,0,0,0,0,0,0
"Zotu2742",0,0,0,20,2,0,0,0,0,0,0,0,1,0,0,1,10,0,1,0,0,0,0,0,0,0,1,0,10,0,0,0,0,35,1,0,0,0,0,0,0,0,0,11,0,0,0,2,0,0,0,0,0,0,0,0,0,0,0,0,0,0
"Zotu5647",0,0,0,27,19,1,0,1,0,0,1,0,0,0,0,0,0,0,0,2,0,0,0,0,0,1,1,0,0,0,1,0,0,0,0,0,0,0,0,0,0,0,0,5,0,0,0,0,0,0,0,0,0,0,18,1,0,0,0,0,0,0
"Zotu3748",0,0,0,58,9,1,1,0,0,0,1,0,0,0,2,3,5,0,0,0,0,0,0,0,0,0,0,1,0,1,1,0,0,0,0,0,0,0,0,0,0,0,0,3,0,0,0,0,0,0,0,0,0,0,0,0,0,0,0,0,0,0
"Zotu4199",0,0,0,19,30,1,0,1,1,24,0,0,1,0,0,0,0,1,0,0,0,0,0,0,0,0,0,0,1,3,0,0,1,0,0,1,0,0,0,0,0,0,0,16,0,1,0,0,0,0,0,0,0,0,0,0,0,0,0,0,0,0
"Zotu3262",0,0,0,4,5,0,0,0,0,0,0,1,0,0,0,0,0,0,0,0,0,0,0,0,0,1,0,0,0,0,0,0,0,0,45,0,0,0,0,0,0,0,2,0,0,0,0,0,0,0,0,0,0,0,0,0,0,0,1,0,0,0
"Zotu3257",0,0,0,53,11,1,1,0,0,1,0,0,1,0,1,1,7,0,1,0,0,1,2,0,0,0,0,0,0,1,0,1,0,0,0,0,0,0,0,1,0,1,0,17,0,1,0,1,0,0,0,0,0,2,0,0,0,0,0,0,0,2
"Zotu2015",0,0,0,7,0,0,0,0,0,0,0,0,0,0,0,0,4,0,0,0,57,0,0,0,0,0,0,0,0,1,1,0,0,0,1,0,1,1,0,0,0,0,0,0,0,0,0,0,0,0,0,16,0,35,0,0,0,0,0,0,0,0
"Zotu5528",0,0,0,5,2,0,0,1,0,0,0,0,0,0,0,0,0,0,0,0,0,0,0,0,0,0,0,0,0,0,0,0,0,0,0,0,0,0,1,0,0,0,0,1,0,1,0,0,0,1,0,1,0,0,0,0,1,0,0,0,8,6
"Zotu2729",0,0,0,14,0,0,0,0,0,0,1,0,0,0,0,0,0,0,0,0,0,1,0,0,0,0,0,0,0,0,0,74,0,0,0,0,0,0,0,0,0,0,0,0,0,0,0,0,1,1,0,0,0,1,0,0,0,0,0,0,2,0
"Zotu4884",0,0,0,20,6,1,0,0,0,0,0,0,0,0,1,0,1,1,0,0,0,0,0,0,0,1,0,0,0,0,0,0,0,0,0,0,0,0,0,0,0,0,0,0,0,0,0,0,0,0,0,0,0,0,0,0,0,0,0,0,0,0
"Zotu1850",0,0,0,56,1,1,1,4,0,0,1,1,0,21,0,0,5,0,1,0,0,1,1,0,0,1,1,2,0,0,1,2,1,0,0,3,0,0,0,1,0,1,0,15,0,0,0,1,0,1,0,0,0,1,0,1,18,1,0,0,12,1
"Zotu4660",0,0,0,14,13,0,0,0,0,0,0,0,0,0,0,0,1,0,0,0,1,0,0,0,0,0,0,0,1,1,0,1,1,0,0,0,0,0,0,0,0,0,0,1,0,0,0,0,0,0,0,0,0,0,0,0,1,0,11,0,0,0
"Zotu3777",0,0,0,54,0,1,1,0,0,0,0,0,1,0,0,0,0,0,0,0,0,0,0,0,0,1,0,0,0,0,0,0,0,0,0,0,0,0,0,0,0,0,0,2,0,0,0,0,0,0,0,0,0,0,0,0,0,0,0,0,0,0
"Zotu4641",0,0,0,5,1,0,0,0,5,0,0,0,0,0,0,1,0,0,6,0,0,0,0,0,0,0,0,0,0,0,0,0,0,2,0,0,0,0,0,0,0,0,0,9,1,1,0,0,1,1,0,0,1,0,0,0,0,0,37,8,0,0
"Zotu6025",0,0,0,11,0,0,0,0,1,0,0,0,0,0,1,0,0,0,0,0,12,0,0,0,0,0,0,0,1,1,0,2,1,1,0,0,0,0,0,0,0,0,0,0,1,0,0,0,0,0,0,5,1,0,0,0,0,0,0,0,0,16
"Zotu2224",0,0,0,32,11,0,9,0,0,1,0,0,0,7,1,3,54,1,1,0,1,1,0,0,2,0,1,0,0,1,0,0,0,1,0,0,0,0,0,0,0,1,0,21,0,0,0,1,0,0,0,4,1,0,0,0,0,0,0,0,0,2
"Zotu5243",0,0,0,35,0,0,0,0,0,0,0,0,0,0,0,0,0,0,0,0,0,0,0,0,1,0,0,0,0,0,1,0,0,0,0,0,0,0,0,0,0,0,0,0,0,0,0,0,0,0,0,0,0,0,0,0,0,0,0,0,0,2
"Zotu1803",0,0,0,1,0,0,0,112,0,0,0,0,0,1,5,0,0,0,0,0,0,0,1,0,0,0,0,0,0,0,0,0,0,0,0,0,0,0,0,0,0,0,0,0,0,0,0,0,0,0,0,0,0,0,0,0,0,0,0,0,0,0
"Zotu4715",0,0,0,20,52,0,1,2,2,7,1,0,1,1,0,1,2,0,1,2,2,0,1,0,1,0,0,1,0,0,0,1,0,0,0,0,2,0,0,1,0,0,0,16,0,0,0,0,0,0,0,1,1,0,0,0,0,0,0,1,1,0
"Zotu2732",0,0,0,19,0,0,0,0,0,0,1,0,0,0,0,1,0,0,0,0,0,0,1,0,0,2,0,1,0,0,1,0,1,2,0,0,0,0,0,2,2,2,1,6,1,0,0,0,0,1,2,2,0,0,36,35,2,0,1,27,0,1
"Zotu1616",0,0,0,1,0,0,0,0,0,0,0,0,0,0,0,0,0,0,0,0,0,0,0,0,0,0,0,0,0,0,0,0,1,1,3,1,1,1,0,0,1,0,0,0,0,1,0,1,0,1,0,0,0,0,5,0,1,175,1,0,1,0
"Zotu3273",0,0,0,9,23,1,0,1,0,1,0,0,1,1,1,0,4,0,0,0,0,0,0,0,2,0,0,0,0,1,0,0,0,0,0,0,0,0,0,0,0,1,0,2,0,0,0,0,0,0,0,0,0,0,0,8,0,0,0,1,0,1
"Zotu1153",0,0,0,22,3,0,0,0,0,0,0,0,0,0,0,0,0,0,0,0,0,0,0,0,0,1,0,0,1,0,0,1,0,2,1,3,1,1,1,1,1,0,0,6,0,4,1,1,3,0,1,5,1,0,16,13,51,0,83,39,7,1
"Zotu3550",0,0,0,18,3,0,0,1,0,0,0,1,0,15,1,1,2,0,0,1,0,0,0,0,0,0,0,0,0,1,0,0,0,0,0,0,0,0,0,0,0,0,0,0,0,0,0,0,0,0,0,0,0,0,0,0,0,35,0,0,0,0
"Zotu2333",0,0,0,3,0,0,0,0,0,0,0,0,0,0,0,0,0,0,0,0,0,0,0,0,0,0,0,0,0,0,0,0,0,1,0,0,0,1,0,0,0,0,1,27,1,0,1,0,0,0,1,0,1,0,21,11,48,0,0,1,1,0
"Zotu5838",0,0,0,2,3,0,0,0,0,0,0,0,0,0,0,0,1,0,0,0,0,0,0,0,0,0,0,0,0,0,0,0,0,0,0,0,0,0,0,0,1,0,0,1,0,0,0,0,0,0,0,3,0,0,1,0,0,0,29,0,0,0
"Zotu5104",0,0,0,12,34,0,0,0,0,0,0,0,1,0,0,1,0,0,0,0,0,0,0,0,0,1,0,2,0,1,0,0,0,0,0,0,0,0,0,0,0,0,0,0,0,0,0,0,0,0,0,0,0,0,0,0,0,0,0,0,0,0
"Zotu4797",0,0,0,13,3,1,2,0,1,0,0,0,2,0,0,1,8,0,0,0,0,0,0,0,0,0,0,0,18,0,0,0,0,0,0,0,0,0,0,0,0,0,0,12,0,0,0,0,0,0,0,0,0,0,0,0,0,0,2,1,0,0
"Zotu6082",0,0,0,10,13,0,0,0,0,0,0,0,0,0,0,0,1,0,0,0,0,1,0,0,0,0,0,0,0,0,0,0,0,0,0,0,0,0,0,0,0,0,0,16,0,0,0,0,0,0,0,0,0,1,0,0,0,0,0,0,0,0
"Zotu3788",0,0,0,4,7,0,0,0,0,0,0,0,0,0,0,0,0,0,0,0,0,0,0,0,0,0,0,0,0,0,0,0,0,0,1,0,0,1,1,0,2,1,1,4,0,0,0,0,0,0,0,1,0,0,0,0,6,0,27,5,0,0
"Zotu2077",0,0,0,67,0,0,0,0,0,2,0,0,0,0,0,0,40,0,0,0,1,2,1,0,0,2,0,3,0,2,0,0,0,0,0,0,0,0,0,0,0,0,0,0,0,0,0,0,0,0,0,1,0,0,0,0,0,0,0,0,0,0
"Zotu5160",0,0,0,2,91,0,0,0,0,0,0,0,0,0,0,0,0,2,0,0,0,0,4,0,0,0,1,0,1,1,0,0,0,0,0,0,0,0,0,0,0,0,0,0,0,0,0,0,0,0,0,0,0,0,0,0,0,0,0,0,0,0
"Zotu2818",0,0,0,49,0,1,0,0,24,0,0,1,1,0,18,1,5,0,1,1,1,0,0,0,0,0,0,2,0,0,0,0,0,0,0,0,0,0,0,0,0,0,0,7,0,0,0,0,0,0,0,0,0,1,0,0,0,1,0,0,0,0
"Zotu2408",0,0,0,2,2,1,0,0,0,1,0,25,1,14,2,1,0,1,17,0,0,0,2,0,0,0,0,0,0,1,0,0,0,0,0,0,0,0,0,0,0,0,0,0,0,0,0,0,0,0,0,0,0,0,0,0,0,0,0,0,0,17
"Zotu2712",0,0,0,36,16,1,0,0,0,1,1,0,1,0,0,1,21,0,1,0,0,0,0,0,0,0,1,0,0,0,0,0,0,0,1,0,0,0,1,0,0,0,0,1,0,0,0,2,0,0,0,3,0,0,0,0,0,0,8,0,4,0
"Zotu4038",0,0,0,1,7,0,0,0,0,0,0,0,0,0,0,0,0,0,0,1,0,0,0,0,0,0,0,0,0,0,0,0,0,0,0,0,0,0,0,0,0,1,1,2,0,0,1,0,0,0,0,0,0,0,0,32,0,0,0,0,0,1
"Zotu4095",0,0,0,17,14,1,3,26,0,0,1,0,0,1,0,0,3,1,0,0,0,0,0,0,0,1,0,0,0,1,0,0,0,0,0,0,0,0,0,0,0,0,0,0,0,0,0,0,0,0,0,0,0,0,0,0,0,0,0,0,0,0
"Zotu2629",0,0,0,4,0,0,0,0,0,0,0,0,0,0,0,0,3,0,0,0,0,0,0,0,0,0,0,0,0,1,0,0,0,0,0,0,0,0,0,0,0,0,1,1,0,0,0,1,0,0,0,0,0,0,1,1,27,0,44,0,0,1
"Zotu3797",0,0,0,14,28,0,0,0,1,0,0,0,0,1,0,0,0,0,0,1,1,0,0,0,1,0,0,1,0,0,0,0,0,0,0,0,0,0,1,0,0,0,0,1,0,0,0,0,0,0,0,0,0,0,0,4,0,0,0,0,0,0
"Zotu3707",0,0,0,2,2,0,0,0,0,0,0,0,0,0,0,0,0,0,0,0,0,2,0,0,0,0,0,0,0,0,0,0,0,1,1,53,0,0,0,0,0,0,2,0,0,0,0,0,0,0,0,0,0,0,0,2,0,0,1,0,0,1
"Zotu4506",0,0,0,1,0,0,0,0,0,0,0,0,0,0,0,0,2,0,0,0,0,0,0,0,0,0,0,0,0,0,0,1,2,0,0,0,0,0,1,0,0,2,1,6,0,0,0,0,0,0,1,0,0,0,34,14,0,0,8,2,0,0
"Zotu3975",0,0,0,9,1,3,0,0,0,0,0,2,0,0,0,0,11,1,0,0,23,0,0,0,0,0,0,0,0,8,0,0,0,1,0,0,0,0,0,1,0,0,0,6,0,0,0,0,0,0,0,2,0,0,0,0,0,0,0,0,0,0
"Zotu5407",0,0,0,5,0,0,0,0,0,0,0,0,0,0,0,0,0,0,0,0,0,0,0,0,0,0,0,0,0,0,0,0,0,0,0,1,0,0,0,0,0,0,0,22,0,1,0,0,0,0,0,0,0,0,0,0,0,0,0,0,0,1
"Zotu6294",0,0,0,6,15,0,0,0,0,0,0,0,0,0,0,1,3,0,0,0,0,0,0,0,0,0,0,0,1,0,0,0,0,0,0,0,0,0,0,0,0,0,0,1,0,0,0,0,0,0,0,0,0,0,0,0,0,0,0,0,0,0
"Zotu4557",0,0,0,12,43,0,0,0,0,0,1,0,0,0,0,1,10,0,0,1,0,0,0,0,1,0,0,2,0,0,0,0,0,0,0,0,0,0,0,0,0,0,0,3,0,0,0,0,0,0,0,0,0,0,0,0,0,0,0,1,0,0
"Zotu1847",0,0,0,9,0,1,0,1,0,0,0,0,0,1,6,0,8,2,0,0,0,0,0,0,0,0,0,92,0,13,0,0,0,1,0,0,1,3,0,16,0,0,1,2,0,1,0,1,1,0,0,0,0,0,0,0,0,0,0,0,0,16
"Zotu3194",0,0,0,67,1,0,0,0,0,0,0,2,0,0,0,0,0,0,0,1,0,0,0,0,0,0,0,0,0,0,0,0,0,0,0,0,0,0,0,0,0,0,0,0,0,0,0,0,0,0,0,0,0,0,0,0,0,0,0,0,0,0
"Zotu2216",0,0,0,1,3,0,1,0,0,0,0,0,1,1,0,0,0,0,1,119,0,0,0,1,0,0,0,0,2,1,0,0,0,0,0,0,0,0,0,0,0,0,0,0,0,0,0,0,0,0,0,0,0,0,0,0,0,0,0,0,0,0
"Zotu2780",0,0,0,9,4,1,1,0,1,0,1,0,0,0,1,0,1,0,0,2,0,0,0,0,0,0,0,0,33,0,0,0,0,1,0,0,1,1,0,1,2,1,1,74,0,0,0,0,1,0,0,11,0,0,2,2,1,1,0,0,2,0
"Zotu6396",0,0,0,10,12,0,0,0,0,0,0,0,0,0,1,0,0,0,0,0,2,0,0,0,0,0,0,1,1,0,0,0,0,0,0,0,0,0,0,0,0,0,0,1,0,0,0,0,0,0,0,0,0,0,0,0,0,0,1,0,0,0
"Zotu5030",0,0,0,54,0,0,0,1,19,0,2,0,0,0,3,0,19,0,1,0,1,0,0,1,1,0,0,0,0,0,0,0,0,0,0,0,0,0,0,0,1,0,0,17,0,0,0,0,0,0,0,0,0,1,0,0,0,0,0,1,0,0
"Zotu5154",0,0,0,27,14,0,1,0,0,1,0,0,0,0,0,1,0,0,2,1,0,0,0,0,0,0,0,0,0,0,1,1,0,0,0,0,1,0,0,0,0,0,0,16,0,0,0,0,0,0,0,0,1,0,0,0,0,25,0,0,0,0
"Zotu3614",0,0,0,8,5,0,0,1,0,0,1,0,0,0,0,0,37,0,0,0,0,0,2,0,0,0,2,0,0,0,0,0,0,0,0,0,0,0,0,0,0,0,0,0,0,0,0,0,0,0,0,0,0,0,0,0,0,0,0,0,0,0
"Zotu5693",0,0,0,14,0,0,0,0,0,0,1,1,0,0,0,0,0,0,1,0,0,2,0,0,0,0,0,0,0,1,1,0,0,0,0,0,0,0,0,0,0,0,0,0,0,0,0,0,0,0,0,0,0,0,0,0,0,0,0,0,0,0
"Zotu5182",0,0,0,13,6,1,0,0,2,1,0,9,1,0,1,0,2,0,0,0,0,0,0,0,1,0,2,1,0,0,0,3,0,0,2,0,2,1,0,7,0,0,2,23,0,0,0,2,0,2,2,3,8,12,1,0,2,0,1,8,1,0
"Zotu5173",0,0,0,1,0,0,1,0,0,0,0,0,0,0,0,3,0,0,0,0,0,0,0,0,0,0,0,0,0,0,0,0,0,0,0,0,0,27,0,0,0,1,1,0,0,0,0,0,0,0,0,5,0,0,1,1,0,0,0,0,0,1
"Zotu5628",0,0,0,28,6,0,0,0,0,0,0,2,0,0,1,0,1,0,0,0,0,0,0,0,0,0,0,0,0,0,0,0,0,0,0,0,0,0,0,0,0,0,0,3,0,0,0,0,0,0,0,0,0,0,0,0,0,0,0,0,0,1
"Zotu6366",0,0,0,4,8,1,0,0,1,0,0,0,1,1,17,0,0,0,0,0,0,0,0,0,0,0,0,0,0,0,0,0,0,1,0,0,0,0,2,0,1,0,0,5,0,0,1,0,0,1,1,0,0,0,1,7,0,0,17,3,0,0
"Zotu2654",0,0,0,32,32,0,0,0,0,1,0,0,0,1,0,0,13,0,0,0,0,0,1,0,0,0,0,0,1,1,0,0,0,0,0,0,0,0,0,0,0,0,0,1,0,0,0,0,0,0,0,0,0,0,0,0,0,0,0,0,0,0
"Zotu3948",0,0,0,27,3,0,0,0,0,0,0,0,0,1,0,0,14,0,0,0,1,0,1,0,1,0,0,1,0,0,0,0,0,0,0,0,0,0,0,0,0,0,0,0,0,0,0,0,0,0,0,0,0,0,0,0,0,0,0,0,0,0
"Zotu4283",0,0,0,10,15,0,1,0,5,0,0,0,0,0,2,0,10,0,0,1,0,0,0,0,0,0,0,4,0,1,1,0,0,0,0,0,0,0,0,0,0,0,0,4,0,0,0,0,0,0,0,0,0,1,0,0,0,0,6,0,2,1
"Zotu871",0,0,0,5,6,1,12,0,6,20,1,8,0,1,7,1,6,0,0,0,2,5,2,1,1,0,0,37,7,0,0,0,0,1,2,0,65,39,0,7,2,39,3,5,0,0,1,0,22,1,1,3,2,6,1,1,1,1,2,2,0,0
"Zotu5654",0,0,0,20,11,1,0,0,1,0,0,0,0,1,0,0,1,0,0,0,0,1,0,0,0,0,0,0,0,0,0,0,0,0,0,0,0,0,0,0,0,0,0,0,0,0,0,0,0,0,0,0,0,0,0,0,0,0,0,0,0,0
"Zotu1547",0,0,0,2,0,0,0,0,0,0,0,0,0,0,1,0,0,0,0,0,0,0,0,0,0,0,1,0,0,0,1,0,0,1,78,0,1,9,0,47,0,0,3,1,0,1,1,0,0,1,0,3,0,9,1,1,2,1,0,0,5,0
"Zotu5719",0,0,0,25,12,1,0,0,0,0,0,0,1,0,1,0,0,0,0,0,0,0,0,0,3,0,0,0,2,0,0,0,0,0,0,0,0,0,0,0,0,0,0,1,0,0,0,0,0,0,0,0,0,0,0,0,0,0,0,0,1,0
"Zotu3655",0,0,0,18,0,0,0,0,0,0,0,0,1,1,0,0,26,0,0,0,0,0,0,0,0,0,0,0,0,0,0,0,0,0,0,0,0,0,0,0,0,0,0,0,0,0,0,0,0,0,0,0,0,0,0,0,0,0,0,0,0,1
"Zotu6307",0,0,0,11,0,1,0,1,11,0,0,0,0,0,0,0,11,0,0,0,0,0,0,0,0,0,0,0,0,0,1,0,0,0,0,0,0,0,0,0,0,0,0,4,0,0,0,0,0,0,0,0,0,0,0,0,0,0,0,0,0,0
"Zotu4954",0,0,0,1,1,0,0,0,0,0,1,0,0,0,5,0,8,1,0,0,0,0,0,0,0,0,0,0,0,0,0,1,2,0,0,0,1,0,0,0,0,0,0,1,0,0,0,1,0,0,0,0,36,0,1,0,0,0,0,0,0,13
"Zotu2655",0,0,0,2,0,0,0,0,0,0,0,0,0,0,4,0,9,0,0,0,0,0,0,0,1,0,0,0,0,0,0,0,0,2,0,0,0,0,1,0,0,0,0,0,0,1,0,1,0,0,1,4,0,0,0,0,0,0,1,75,1,0
"Zotu4675",0,0,0,4,6,0,0,0,0,0,27,0,1,2,0,1,5,0,0,0,4,1,1,0,0,1,0,1,16,1,0,2,2,1,31,2,19,2,44,6,2,17,1,12,0,1,0,0,1,2,1,0,0,1,0,3,0,2,0,0,0,1
"Zotu716",0,0,0,2,17,0,15,1,0,0,0,0,1,0,0,0,1,0,0,0,0,0,0,0,0,0,0,1,0,0,0,1,3,2,1,1,1,0,1,1,1,1,1,3,2,0,3,0,1,2,1,1,1,3,32,69,53,76,111,3,1,0
"Zotu6145",0,0,0,29,2,1,0,1,0,0,0,0,0,0,0,0,0,0,0,0,0,0,0,0,0,0,0,2,0,0,0,0,0,0,0,0,0,0,0,0,0,0,0,0,0,0,0,0,0,0,0,0,0,0,0,0,0,0,0,0,0,0
"Zotu1280",0,0,0,1,3,1,12,0,0,1,1,2,1,0,0,2,0,22,0,0,0,0,1,3,0,0,0,64,0,12,0,0,0,0,0,0,23,31,0,42,0,0,0,0,0,2,0,2,0,0,0,0,2,0,1,1,0,1,1,11,0,1
"Zotu5234",0,0,0,4,4,1,0,0,0,0,0,0,0,0,1,0,1,0,0,0,0,0,0,0,0,0,0,0,0,0,0,0,0,0,0,0,0,0,0,1,0,0,0,0,0,0,0,0,0,0,0,0,0,0,0,0,0,0,0,11,0,0
"Zotu4951",0,0,0,5,4,1,0,0,0,0,0,0,0,9,2,0,1,0,0,0,0,0,0,0,0,1,0,0,0,0,0,0,0,0,0,0,0,0,0,0,0,0,0,1,0,0,0,0,0,0,0,0,0,0,0,0,0,0,0,0,0,0
"Zotu5607",0,0,0,3,0,0,0,0,0,0,0,0,0,0,0,0,0,0,0,0,0,1,0,0,0,0,0,0,0,0,0,0,0,0,0,0,0,0,0,0,0,0,0,0,0,1,0,0,0,0,1,0,1,0,0,0,0,0,26,1,0,0
"Zotu2664",0,0,0,22,12,0,1,0,0,1,0,0,0,1,0,0,8,0,0,0,0,2,0,0,0,0,0,0,0,0,0,1,0,0,0,0,0,1,2,0,0,0,2,71,0,0,2,0,1,0,0,0,0,0,0,1,1,0,0,0,0,0
"Zotu2239",0,0,0,38,25,0,1,1,0,1,0,1,2,2,0,0,8,0,0,0,1,2,0,0,0,0,0,1,1,0,0,0,1,0,0,0,0,0,1,0,1,0,0,24,0,0,0,1,1,1,0,1,1,0,0,0,0,0,0,0,0,0
"Zotu4209",0,0,0,40,6,0,0,1,0,0,0,1,0,0,0,1,1,0,1,0,0,0,0,0,0,0,0,0,0,1,0,0,1,0,0,0,0,0,0,0,0,0,0,2,0,0,0,0,0,0,0,0,0,0,0,0,0,0,0,0,0,0
"Zotu2588",0,0,0,2,6,3,7,1,11,6,23,0,0,3,15,0,10,0,1,1,1,0,0,0,1,0,0,0,0,0,1,0,0,1,0,0,0,0,1,0,1,0,1,1,0,0,1,0,0,0,0,0,0,2,1,1,0,0,11,13,4,0
"Zotu5314",0,0,0,11,2,0,0,0,0,0,0,0,0,0,0,0,6,0,0,0,1,0,0,0,0,0,0,0,0,0,0,0,0,0,0,0,0,0,0,0,0,0,0,4,0,0,0,0,0,0,0,0,0,0,0,0,0,0,0,0,0,0
"Zotu5492",0,0,0,17,6,0,0,0,0,0,1,0,0,0,1,1,0,0,0,0,0,0,0,0,0,0,0,0,0,0,1,0,1,1,0,0,0,0,0,0,0,0,0,33,0,0,0,0,0,0,0,0,0,0,0,0,1,0,0,1,1,0
"Zotu2936",0,0,0,10,18,5,0,1,1,6,0,1,1,0,9,0,42,0,0,0,2,1,0,0,1,1,0,0,0,0,1,0,0,0,0,0,0,0,0,0,0,0,0,3,4,0,0,0,1,0,0,3,0,0,0,22,0,0,0,1,0,0
"Zotu5729",0,0,0,30,11,0,1,0,0,0,0,0,0,0,0,0,0,0,0,1,0,1,0,0,0,0,0,0,0,0,0,0,0,0,0,0,0,0,0,0,0,0,0,1,0,0,0,0,0,0,0,0,0,0,0,0,0,0,0,0,0,0
"Zotu6207",0,0,0,13,0,0,0,0,0,0,1,0,0,0,4,0,6,0,0,1,0,0,0,0,0,0,0,0,0,0,0,0,0,0,0,0,0,0,0,0,0,0,0,0,0,0,0,0,0,0,0,0,0,0,0,0,0,0,0,0,0,0
"Zotu2211",0,0,0,7,1,0,0,0,0,0,0,0,0,0,0,0,20,0,0,0,0,0,0,0,0,0,0,0,0,0,1,1,1,0,42,0,0,0,0,0,1,0,1,75,0,0,0,0,1,0,1,1,0,0,1,0,1,0,0,0,0,2
"Zotu3037",0,0,0,5,0,0,0,0,0,13,0,0,0,0,4,1,1,0,0,0,0,0,0,0,0,0,0,0,0,0,0,0,0,1,1,0,0,1,0,0,1,0,1,2,0,0,0,0,0,0,1,4,0,31,0,0,0,0,0,0,0,7
"Zotu4727",0,0,0,15,13,0,0,0,4,0,0,0,0,0,3,0,2,0,0,0,4,0,0,0,0,0,0,0,0,0,0,0,0,0,0,0,0,0,0,0,0,0,0,13,0,0,0,0,0,0,0,6,0,4,0,0,0,0,4,0,0,0
"Zotu5770",0,0,0,11,3,0,0,0,0,0,0,0,0,0,0,0,4,0,0,1,0,2,0,0,0,0,0,0,0,0,0,0,0,0,0,0,0,0,0,0,0,0,0,4,0,0,0,0,0,0,0,0,0,0,0,0,0,1,0,0,10,2
"Zotu6309",0,0,0,7,2,0,0,0,0,0,0,0,0,0,0,0,6,0,1,1,0,0,0,0,1,0,0,0,0,0,0,0,0,0,0,0,0,0,0,0,0,0,0,3,0,0,0,0,0,0,0,0,0,0,0,0,0,0,0,0,0,0
"Zotu4236",0,0,0,1,1,1,0,0,0,0,0,0,0,0,0,0,0,1,0,0,0,0,0,0,0,0,0,0,0,0,0,0,0,0,0,0,0,0,0,0,0,0,0,4,0,0,0,0,0,0,0,1,0,1,0,3,8,0,0,2,0,3
"Zotu2522",0,0,0,121,1,0,0,0,0,0,0,1,2,0,0,1,3,0,0,1,1,0,0,0,0,1,0,1,0,0,0,0,0,0,0,0,0,0,0,0,0,0,0,6,0,0,0,0,0,0,0,0,0,0,0,0,0,0,0,0,0,0
"Zotu4606",0,0,0,53,2,0,1,1,1,0,0,1,0,2,1,0,1,1,0,1,0,0,1,189,0,1,0,0,0,1,1,0,0,0,0,0,0,0,0,0,0,0,0,0,0,0,0,0,0,0,0,0,0,0,0,0,0,0,0,0,0,0
"Zotu3708",0,0,0,15,2,0,0,0,0,0,0,2,0,0,0,0,9,0,0,0,0,1,0,0,0,0,0,0,0,28,0,0,0,0,0,0,0,1,0,0,0,0,0,4,0,0,0,0,0,0,0,0,0,0,0,0,0,0,0,0,0,0
"Zotu1690",0,0,0,1,11,0,0,0,0,0,0,0,0,0,2,0,2,0,0,0,28,0,0,0,0,1,0,0,0,0,0,0,0,0,0,0,0,0,0,0,0,0,0,3,1,82,1,0,0,1,1,0,0,0,7,1,1,0,1,0,2,0
"Zotu1867",0,0,0,1,2,0,0,0,0,0,0,0,0,0,0,0,5,0,0,0,0,0,0,0,0,0,0,0,0,0,0,1,2,0,3,2,0,0,0,1,0,0,0,2,54,1,1,1,2,0,1,0,0,1,0,1,0,0,27,37,18,6
"Zotu6283",0,0,0,24,4,0,0,0,0,0,0,0,0,0,1,1,2,0,5,1,0,1,0,0,0,1,0,0,0,0,0,0,0,0,0,1,0,0,0,1,0,0,0,33,0,0,1,0,0,0,1,0,0,0,0,0,0,0,0,0,0,0
"Zotu5015",0,0,0,2,0,0,0,0,1,0,0,0,0,0,4,0,6,0,0,0,0,0,0,0,0,0,0,0,0,0,2,0,0,0,0,0,1,2,35,0,1,0,0,2,0,0,0,0,0,0,0,0,0,0,0,0,0,0,0,0,0,1
"Zotu3577",0,0,0,6,0,0,0,0,0,0,0,0,0,0,1,0,0,0,0,0,0,1,0,0,1,1,0,0,0,0,0,0,1,1,1,0,1,1,0,1,0,0,0,1,0,0,1,0,0,0,0,1,4,0,0,0,0,23,14,0,0,1
"Zotu4461",0,0,0,9,15,1,0,0,0,0,0,0,0,0,6,0,13,0,0,0,0,0,0,0,0,0,0,0,0,0,0,0,0,0,0,0,0,0,0,0,0,0,0,0,0,0,0,0,0,0,0,0,0,0,0,0,0,0,0,0,0,0
"Zotu3857",0,0,0,12,0,1,0,0,0,0,0,0,0,0,0,1,17,0,0,0,0,0,0,0,0,0,0,0,0,1,0,0,0,0,0,0,0,0,2,0,0,0,0,37,0,0,0,0,0,0,0,0,0,0,0,0,0,0,0,0,0,0
"Zotu959",0,0,0,29,0,0,0,0,1,0,0,1,0,0,0,0,0,0,1,0,1,0,0,0,1,1,0,0,0,1,0,1,0,1,2,1,0,1,1,4,1,1,0,5,2,2,0,1,0,0,2,0,2,3,2,2,62,3,29,129,6,0
"Zotu2981",0,0,0,61,4,0,0,0,0,0,0,1,0,0,1,0,0,1,0,0,0,0,0,1,0,0,0,0,0,0,0,0,0,0,0,0,0,0,0,0,0,0,0,0,0,0,0,0,0,0,0,0,0,0,0,0,0,0,0,0,0,0
"Zotu4158",0,0,0,15,9,0,2,0,0,0,0,0,0,0,1,2,4,0,0,0,0,0,0,0,0,0,0,0,4,0,0,0,0,0,0,0,0,0,0,0,0,0,0,2,0,0,0,0,0,0,0,0,0,0,0,0,0,0,0,0,0,0
"Zotu6118",0,0,0,6,4,0,0,0,0,0,0,0,0,0,0,0,4,0,0,0,0,0,0,0,0,0,0,0,0,0,0,0,0,0,0,0,0,0,0,0,0,0,1,1,1,0,0,0,0,0,0,0,0,0,0,0,0,0,0,20,1,15
"Zotu5299",0,0,0,10,3,0,3,0,0,0,1,1,0,0,0,0,15,3,0,0,0,0,0,0,0,0,0,0,2,1,0,0,0,0,0,0,0,0,0,0,0,0,0,2,0,0,0,0,1,0,0,2,0,0,0,0,0,0,0,1,0,0
"Zotu5619",0,0,0,33,0,1,0,0,0,0,0,0,0,0,5,0,1,0,1,1,0,0,2,0,0,0,0,3,0,0,1,0,0,0,0,0,0,0,0,0,0,0,0,0,0,0,0,0,0,0,0,0,0,0,0,0,0,0,0,0,0,0
"Zotu2599",0,0,0,7,5,0,0,0,0,0,0,0,0,0,0,0,0,0,0,0,0,0,0,0,0,0,0,0,0,0,0,0,1,0,0,2,2,1,0,0,0,0,1,14,0,0,0,0,0,0,0,0,0,1,4,0,19,37,0,16,14,0
"Zotu3136",0,0,0,40,4,0,1,1,0,1,0,0,0,0,0,0,1,0,0,0,0,1,0,0,0,1,0,1,0,0,0,0,0,0,0,0,0,0,0,0,0,0,0,30,0,0,0,0,0,0,0,0,0,0,0,1,0,0,0,0,0,0
"Zotu1827",0,0,0,1,0,0,0,0,0,0,1,0,1,0,3,0,0,0,1,0,2,1,2,0,2,0,0,0,1,0,121,0,0,0,0,0,0,1,1,0,0,0,0,2,0,0,0,0,0,0,0,0,0,0,0,14,0,0,0,0,0,0
"Zotu1338",0,0,0,12,0,0,45,1,1,0,1,1,0,3,1,41,3,0,0,0,0,1,0,0,0,0,0,0,0,0,2,0,1,0,1,1,0,1,0,0,0,1,0,5,1,0,1,93,0,0,0,0,0,0,0,2,0,1,0,1,0,0
"Zotu5201",0,0,0,12,13,0,0,0,0,0,7,0,0,0,0,0,1,0,0,1,0,0,0,0,0,0,0,1,0,0,1,0,0,0,0,0,0,0,0,0,0,0,0,4,0,0,0,0,0,0,0,0,0,0,0,0,0,0,1,0,0,0
"Zotu5105",0,0,0,7,4,0,0,0,0,0,0,0,0,0,0,0,1,0,0,0,0,0,0,0,0,1,0,0,0,1,0,0,0,0,0,0,0,1,1,0,0,0,0,1,37,0,0,0,0,0,0,0,8,0,0,0,0,0,0,0,0,0
"Zotu4548",0,0,0,29,0,0,0,0,0,0,1,0,0,0,0,0,0,1,0,0,0,1,1,0,1,0,0,0,0,1,1,0,0,0,0,0,0,0,0,0,0,0,0,2,0,0,0,0,0,0,0,0,0,0,0,0,0,0,0,0,0,0
"Zotu4292",0,0,0,18,28,0,0,0,0,0,0,0,0,0,0,0,4,0,0,0,0,0,0,0,0,1,0,0,0,0,0,0,0,0,0,0,0,0,0,0,0,0,0,2,0,0,0,0,0,0,0,0,0,0,0,0,0,0,0,0,0,0
"Zotu6280",0,0,0,4,19,0,0,0,0,0,0,1,0,0,0,1,0,0,0,0,1,0,2,0,2,0,0,0,0,0,0,0,0,0,0,0,0,0,0,1,0,0,0,10,0,0,0,0,0,0,0,1,0,0,0,0,0,0,0,0,0,0
"Zotu3840",0,0,0,5,1,0,1,0,0,1,0,0,0,0,0,1,1,0,0,0,0,0,1,0,0,0,0,2,48,1,0,0,0,0,0,0,0,0,0,0,0,0,0,3,0,0,0,1,0,0,1,13,0,0,0,0,0,1,0,0,0,0
"Zotu3639",0,0,0,2,0,0,0,1,0,0,0,0,0,0,0,10,9,2,0,0,1,0,0,0,1,0,0,1,10,0,0,0,0,0,0,0,0,0,0,0,0,0,0,2,0,0,0,0,0,0,0,0,0,0,0,0,0,0,0,0,0,0
"Zotu1615",0,0,0,8,0,0,0,0,0,0,0,0,0,0,0,0,0,0,0,0,0,0,0,0,0,0,0,0,0,0,0,0,1,1,0,0,1,1,0,0,1,0,0,4,3,3,0,0,0,0,3,4,1,0,1,0,0,3,6,89,47,14
"Zotu3562",0,0,0,14,21,0,1,0,0,1,1,0,1,2,3,0,11,0,0,3,1,1,1,0,0,0,0,0,1,0,0,0,0,0,0,0,0,0,0,0,0,0,0,3,0,0,0,0,0,0,0,0,0,0,0,0,0,0,0,0,0,0
"Zotu6115",0,0,0,6,14,0,0,1,0,1,1,2,0,1,0,0,1,0,0,0,0,0,0,0,0,0,0,0,0,0,0,0,0,0,0,0,0,0,0,0,0,0,0,0,0,0,0,0,0,0,0,0,0,0,0,0,0,0,0,8,0,8
"Zotu2496",0,0,0,12,12,0,0,1,0,0,0,1,0,0,3,0,0,0,0,0,0,0,0,0,1,0,0,0,1,0,0,1,1,3,0,2,0,2,1,1,0,1,0,1,0,1,1,3,1,1,0,35,0,0,0,3,0,0,0,0,1,38
"Zotu3041",0,0,0,4,0,0,0,0,0,0,0,0,0,0,0,0,0,0,0,0,0,0,0,0,0,0,0,0,0,0,0,0,0,0,0,2,0,0,0,0,0,0,0,0,0,0,0,0,0,0,0,1,0,0,0,0,1,0,0,0,28,6
"Zotu4610",0,0,0,1,0,0,2,0,0,0,0,0,0,0,1,1,6,0,0,0,0,0,0,0,0,0,0,0,0,1,0,0,1,0,1,0,0,0,1,0,0,0,0,1,0,0,0,0,2,0,0,19,1,1,0,0,1,0,0,0,0,1
"Zotu4777",0,0,0,27,1,0,0,0,0,0,0,0,0,0,0,0,0,0,0,0,0,0,0,0,0,0,0,0,0,0,0,0,0,0,0,0,0,0,0,0,0,0,0,0,0,0,0,0,0,0,0,0,0,0,8,0,0,0,0,0,0,0
"Zotu728",0,0,0,3,2,0,0,0,0,1,0,0,0,13,1,1,5,1,10,0,2,0,1,0,0,0,0,0,0,1,1,1,1,2,1,1,1,2,2,5,3,0,0,0,80,2,2,1,2,3,0,2,3,1,1,3,3,1,1,1,142,112
"Zotu4444",0,0,0,20,31,0,0,0,0,1,18,1,0,0,0,0,0,1,0,0,0,0,0,0,0,0,0,1,0,0,0,0,0,0,0,1,0,20,0,0,0,0,0,63,0,0,0,0,0,0,0,0,0,0,0,0,0,0,0,1,1,0
"Zotu5821",0,0,0,11,12,0,0,21,0,0,0,0,0,1,1,1,0,0,1,1,0,0,0,0,1,1,0,0,0,0,0,0,0,0,0,0,0,0,0,0,0,0,0,9,0,0,0,0,0,0,0,0,0,0,0,0,0,0,0,0,0,3
"Zotu1195",0,0,0,9,1,0,0,0,0,0,1,34,0,2,1,0,2,0,0,0,0,4,0,0,0,3,1,0,0,0,0,1,0,0,0,0,30,1,0,0,1,2,1,107,5,0,1,1,0,3,1,1,1,0,0,0,0,1,1,0,0,0
"Zotu3907",0,0,0,7,1,0,0,0,9,0,1,0,0,1,3,2,31,0,0,0,0,0,0,0,0,0,0,0,0,0,0,0,0,0,0,0,0,0,0,0,0,0,0,1,0,0,0,0,0,0,0,0,0,0,0,0,0,0,0,0,0,0
"Zotu3457",0,0,0,2,0,0,0,0,0,0,0,0,0,0,0,0,2,0,0,0,9,0,0,0,0,0,0,0,0,0,0,2,1,3,1,0,54,15,0,1,0,0,1,1,0,0,1,1,0,0,0,0,0,1,0,0,0,1,0,0,1,0
"Zotu1263",0,0,0,2,1,1,1,1,1,0,1,0,0,2,0,0,0,1,1,0,0,0,1,2,4,0,168,0,2,5,0,0,0,1,0,0,0,0,1,1,0,0,0,0,0,1,0,0,0,0,1,0,13,0,13,0,1,0,1,0,0,1
"Zotu4221",0,0,0,8,0,0,0,0,0,0,0,1,0,0,0,0,6,0,0,0,0,1,0,1,2,1,0,0,0,0,0,1,0,0,0,0,0,0,0,1,0,0,0,19,0,0,2,0,0,0,0,1,0,0,0,0,0,0,0,0,0,0
"Zotu3986",0,0,0,9,15,0,0,0,0,1,0,0,0,0,0,0,0,0,0,0,0,0,0,0,0,0,0,0,0,0,1,0,0,1,1,0,0,0,0,0,0,0,0,0,0,2,0,0,0,0,0,0,0,0,4,2,18,0,0,0,0,0
"Zotu4166",0,0,0,1,0,1,0,0,0,0,0,31,2,1,0,1,0,1,1,0,0,0,0,0,0,1,0,0,0,0,0,0,0,0,0,0,0,0,0,0,0,0,0,0,0,0,0,0,0,0,0,0,0,0,0,0,0,0,0,0,0,0
"Zotu6341",0,0,0,3,9,0,0,0,0,0,0,0,0,0,0,0,0,0,0,0,0,0,0,0,0,0,0,0,0,0,0,0,2,0,0,0,0,0,0,0,0,0,0,2,0,0,0,0,0,0,0,0,0,0,0,0,0,0,0,0,0,0
"Zotu4360",0,0,0,6,21,0,0,0,0,0,0,0,0,1,3,1,2,0,0,0,0,2,0,0,0,0,0,2,1,0,0,0,0,0,0,0,0,0,0,0,0,0,0,1,0,0,0,0,1,0,0,2,0,0,9,1,0,0,14,0,0,5
"Zotu6046",0,0,0,14,11,0,0,1,1,0,0,0,0,0,0,0,1,0,0,1,0,0,0,0,0,0,0,0,1,0,0,0,0,0,0,0,0,0,0,0,0,0,0,0,0,0,0,0,0,0,0,0,0,0,0,0,0,0,0,0,0,0
"Zotu6383",0,0,0,16,19,0,0,1,0,0,0,1,0,0,0,1,0,0,0,1,0,0,0,0,0,0,0,1,0,0,0,0,0,0,0,0,0,0,0,0,0,0,0,0,0,0,0,0,0,0,0,0,0,0,0,0,0,0,0,0,0,0
"Zotu5514",0,0,0,6,12,1,0,0,0,0,0,0,0,0,0,0,0,0,0,0,0,0,0,0,0,0,1,0,0,0,0,0,0,0,0,0,0,0,0,0,0,0,0,5,0,0,0,0,0,0,0,1,0,0,0,0,0,0,0,0,0,0
"Zotu5536",0,0,0,14,9,0,0,0,0,1,0,27,0,0,0,0,1,4,16,1,0,0,1,0,0,0,2,0,0,0,0,0,0,0,0,0,2,0,0,0,0,0,0,9,0,0,0,0,0,0,0,0,0,0,0,0,0,0,0,0,0,0
"Zotu4407",0,0,0,7,14,0,0,0,0,0,0,2,0,0,1,0,0,33,0,0,1,1,0,0,0,0,3,0,0,1,1,0,0,0,0,0,0,0,0,0,0,0,1,2,0,0,0,0,0,0,0,0,0,0,1,0,0,1,14,1,0,3
"Zotu6318",0,0,0,17,26,0,0,0,1,0,0,0,0,3,1,0,2,1,1,1,0,0,0,0,0,0,0,0,0,2,0,0,0,0,0,0,0,0,0,0,0,0,0,8,0,0,0,0,0,0,0,0,0,1,0,0,0,0,0,6,0,0
"Zotu3412",0,0,0,12,0,0,0,0,2,3,0,0,0,0,0,1,0,17,0,0,0,0,0,0,0,0,0,0,0,0,0,0,0,0,0,0,0,1,0,1,0,0,0,0,0,0,0,0,0,0,24,0,0,0,0,0,0,1,0,0,0,3
"Zotu1759",0,0,0,2,0,0,0,0,0,0,0,2,0,1,2,0,1,1,0,0,7,1,0,0,0,0,0,1,35,0,1,2,1,0,72,0,0,1,2,0,0,0,0,1,0,0,0,0,0,2,0,8,1,17,0,1,0,1,0,0,0,2
"Zotu6016",0,0,0,10,9,0,0,0,1,0,0,0,0,0,0,0,6,0,1,0,11,0,0,0,0,0,0,0,0,1,1,0,0,0,1,0,0,1,0,0,1,0,0,8,0,0,0,0,0,0,0,0,0,0,0,0,0,0,0,0,15,0
"Zotu4055",0,0,0,6,7,0,0,0,0,0,0,0,0,0,0,0,2,0,0,0,0,0,0,0,0,0,0,0,0,2,0,0,1,0,1,0,0,1,3,0,1,0,0,15,0,0,0,1,0,2,1,0,0,0,0,25,0,1,2,0,2,1
"Zotu5351",0,0,0,4,0,0,0,0,0,0,0,0,0,0,0,0,0,0,0,0,0,0,0,0,0,0,0,0,0,0,0,1,0,0,0,0,0,0,0,1,0,0,0,0,0,0,0,0,0,0,0,0,0,0,15,15,0,0,0,0,0,0
"Zotu5445",0,0,0,15,0,0,0,0,1,0,0,0,1,1,5,0,17,0,0,0,0,0,0,0,0,0,0,0,0,0,1,0,0,0,0,0,0,0,0,0,0,0,0,0,0,0,0,0,0,0,0,0,0,0,0,0,0,0,0,0,0,0
"Zotu4920",0,0,0,20,13,0,0,0,0,7,0,1,0,0,0,0,4,1,1,0,0,0,0,0,0,1,0,0,0,0,2,0,0,0,0,0,0,0,0,0,0,0,0,0,0,0,0,0,0,0,0,0,0,0,0,1,0,0,0,0,0,0
"Zotu5854",0,0,0,16,33,0,0,1,0,3,1,0,0,1,0,0,4,0,1,2,1,0,0,0,1,0,0,0,2,0,0,0,1,0,0,0,0,2,0,0,0,0,0,9,0,1,0,0,0,0,0,0,0,0,0,0,0,0,0,0,0,0
"Zotu1515",0,0,0,2,6,0,0,0,0,0,0,0,0,0,0,0,0,0,0,0,0,3,0,0,0,0,0,0,0,0,0,4,1,3,0,0,0,0,1,0,0,0,0,0,81,1,3,1,1,0,1,4,0,3,0,2,0,2,0,1,39,41
"Zotu1458",0,0,0,8,2,0,0,0,0,0,0,1,0,0,0,0,6,0,0,0,0,0,0,0,0,0,0,0,0,0,0,1,0,1,0,0,2,1,3,1,1,0,0,1,1,0,73,1,1,0,0,0,0,16,2,2,1,0,39,1,24,17
"Zotu6006",0,0,0,9,7,0,0,0,1,1,0,0,0,0,0,0,12,1,0,0,0,0,0,0,0,0,0,0,0,0,0,0,0,0,0,0,0,0,0,0,0,0,0,1,0,0,0,0,0,0,0,16,0,0,0,0,0,0,0,0,0,0
"Zotu1990",0,0,0,2,0,38,1,0,0,2,0,1,0,1,1,68,1,0,0,1,0,2,1,0,0,0,1,1,2,1,0,0,0,0,0,0,0,0,0,0,1,0,0,0,0,0,0,0,0,0,0,3,0,0,0,1,0,0,0,0,1,1
"Zotu6244",0,0,0,22,24,0,0,12,1,1,0,0,1,1,1,0,17,1,0,1,1,0,3,1,0,0,0,0,0,0,0,0,0,0,0,0,0,0,0,0,0,0,0,0,0,0,0,0,0,0,0,1,0,0,0,0,0,0,0,0,1,0
"Zotu1340",0,0,0,2,0,0,0,0,0,0,0,0,0,0,0,0,0,1,1,0,0,0,1,0,0,0,1,0,31,0,0,3,0,1,0,2,0,0,0,0,1,0,0,115,0,0,0,0,0,0,0,7,3,1,0,0,0,0,0,1,4,1
"Zotu5239",0,0,0,4,1,0,0,0,0,0,0,0,0,0,2,0,2,0,0,0,0,0,0,0,0,1,0,0,0,2,0,0,0,1,0,0,0,0,0,0,0,0,0,1,0,0,0,0,0,0,0,1,36,0,2,0,1,0,0,3,0,0
"Zotu5378",0,0,0,2,0,0,0,0,0,0,0,0,0,0,6,0,3,0,0,0,0,0,1,0,0,0,0,0,0,0,0,0,0,0,0,0,0,0,0,0,1,0,0,0,0,0,0,0,0,0,0,0,0,0,0,0,0,0,0,0,0,6
"Zotu2626",0,0,0,9,6,0,0,0,0,0,0,0,0,0,0,0,0,0,0,0,0,0,0,0,0,0,0,0,0,0,0,0,0,0,1,1,0,0,2,0,0,0,0,94,0,0,0,1,0,2,0,0,1,1,0,0,1,1,1,0,1,0
"Zotu2179",0,0,0,1,0,0,0,0,0,0,0,0,0,0,0,0,4,0,0,0,1,0,0,0,0,0,0,0,0,0,0,0,79,1,0,0,0,1,0,2,2,0,0,0,0,0,0,0,0,0,0,1,2,2,0,0,0,0,0,0,0,0
"Zotu1261",0,0,0,1,0,0,0,0,1,0,2,0,0,0,10,0,0,0,12,1,0,1,0,0,0,0,0,44,1,1,0,1,0,0,0,1,23,4,0,53,0,20,0,1,0,0,1,0,0,1,0,0,0,0,4,1,0,1,0,0,0,10
"Zotu5692",0,0,0,19,0,1,0,1,0,0,0,1,0,0,1,1,2,0,0,0,13,0,1,0,0,0,0,0,0,0,0,2,0,0,0,1,0,0,0,0,1,0,0,16,0,1,0,0,0,0,0,0,0,0,0,1,0,0,14,0,0,0
"Zotu5096",0,0,0,10,4,0,0,0,0,0,1,0,0,1,0,0,1,0,0,0,0,1,0,0,2,0,0,1,0,0,0,0,0,0,0,0,0,0,0,0,0,0,0,0,0,0,0,0,0,0,0,0,0,0,6,0,1,0,11,0,11,1
"Zotu2145",0,0,0,6,5,2,0,0,1,0,0,2,0,0,0,1,82,0,0,0,1,0,0,0,0,0,0,1,2,0,2,0,0,0,0,0,0,0,0,0,0,0,0,0,0,0,1,0,0,0,0,0,0,0,0,0,0,1,0,0,0,0
"Zotu5660",0,0,0,10,12,0,0,0,0,0,0,22,0,0,1,0,4,0,0,1,1,2,0,0,0,0,0,2,1,0,1,0,0,0,0,0,0,0,0,0,0,0,0,0,0,0,0,0,0,0,0,0,0,0,0,0,0,0,0,0,0,0
"Zotu5992",0,0,0,3,0,0,0,1,0,0,0,0,0,0,0,1,30,0,0,0,0,0,0,0,0,0,0,0,0,1,0,0,0,0,0,0,0,0,0,0,0,0,0,0,0,0,0,0,0,0,0,0,0,0,0,0,0,0,0,0,0,0
"Zotu3781",0,0,0,18,4,1,0,0,0,1,1,2,0,0,0,0,10,0,0,2,0,0,0,0,1,0,0,2,0,0,0,0,0,1,0,1,0,0,0,0,0,2,0,0,0,0,0,0,0,0,0,0,0,0,0,0,0,0,0,4,2,7
"Zotu4090",0,0,0,10,12,0,1,0,1,0,0,0,0,0,0,0,24,1,0,1,0,0,0,0,0,0,0,0,0,1,0,0,0,0,0,0,0,0,0,0,0,0,0,1,0,0,0,0,1,0,0,0,0,0,0,0,0,0,0,0,1,0
"Zotu4047",0,0,0,4,0,0,0,0,1,0,1,0,0,1,4,1,0,0,0,0,43,0,0,0,1,0,0,0,0,0,1,0,0,0,0,0,0,0,0,0,0,0,0,0,0,0,0,0,0,0,0,0,0,0,0,0,0,0,0,0,0,0
"Zotu4665",0,0,0,2,4,2,0,2,1,0,0,0,0,1,0,0,28,2,0,0,1,2,2,0,2,1,1,1,1,2,2,0,0,1,0,0,1,2,2,0,0,0,0,3,0,0,0,1,1,0,1,2,0,0,0,0,0,0,0,0,0,1
"Zotu5077",0,0,0,2,0,0,0,0,0,0,0,0,0,0,4,0,0,0,0,2,0,0,0,0,0,0,0,0,0,0,0,0,0,0,2,0,0,0,0,0,0,0,0,27,0,0,0,0,0,0,0,0,1,0,0,6,0,0,0,0,0,0
"Zotu5669",0,0,0,19,0,0,0,0,0,0,0,0,0,0,0,1,0,0,0,0,0,0,0,0,0,0,0,0,0,1,0,0,0,0,0,0,0,0,0,0,0,0,0,1,0,0,0,0,0,0,0,0,0,0,0,0,0,0,0,0,0,0
"Zotu5152",0,0,0,8,4,0,0,0,0,0,0,0,0,0,0,0,3,0,0,0,1,0,0,0,0,0,1,0,0,0,0,0,0,0,1,0,0,1,0,0,0,0,0,34,0,0,0,0,0,0,0,0,0,0,0,0,0,0,0,0,1,0
"Zotu4318",0,0,0,10,21,0,0,0,0,0,0,2,0,2,1,0,4,0,0,0,0,1,0,0,0,0,1,0,0,0,0,0,0,0,0,0,0,0,0,0,0,0,0,1,0,0,0,0,0,0,0,1,0,0,0,0,0,0,1,0,0,0
"Zotu3981",0,0,0,7,1,0,0,0,0,0,0,0,0,0,0,0,0,0,0,0,0,0,2,0,0,0,0,0,0,0,0,0,0,0,0,0,0,0,2,0,0,0,0,42,0,0,0,0,0,0,1,0,0,0,1,0,0,0,0,0,0,0
"Zotu1447",0,0,0,10,0,0,0,0,0,1,0,0,0,1,0,1,24,1,0,1,1,0,0,0,0,0,0,0,0,0,0,2,0,2,0,1,1,2,2,1,0,1,0,151,0,0,1,0,1,2,0,0,1,1,0,0,1,1,1,0,2,4
"Zotu4322",0,0,0,19,40,0,1,1,1,0,0,2,0,0,0,0,2,2,0,1,0,1,1,0,0,0,0,0,1,0,2,0,0,0,1,0,0,0,0,0,0,0,52,8,0,0,0,0,0,1,0,1,2,0,1,0,1,0,0,0,10,0
"Zotu1019",0,0,0,2,0,0,0,0,0,0,0,0,0,0,0,0,0,0,0,0,0,0,0,0,0,0,0,0,0,1,0,3,0,1,0,2,0,1,1,0,0,0,2,1,4,1,122,1,1,2,23,13,2,0,1,0,0,0,0,2,16,26
"Zotu3280",0,0,0,4,0,0,40,0,0,0,0,0,0,1,8,0,16,0,1,0,0,2,0,0,0,0,0,0,1,1,0,0,0,0,0,0,0,0,0,0,0,0,1,1,0,0,0,0,0,0,0,5,1,0,0,0,0,0,0,0,0,0
"Zotu5446",0,0,0,3,3,1,0,1,0,0,0,0,0,0,0,0,2,0,1,0,0,0,1,0,0,0,0,0,0,0,0,0,0,0,0,0,0,0,0,0,0,0,0,1,0,0,0,0,0,3,0,9,0,0,0,0,0,1,0,0,0,0
"Zotu2037",0,0,0,4,3,0,0,1,0,0,0,1,0,0,5,0,0,0,10,2,3,0,0,0,0,0,92,0,0,0,0,2,0,1,0,0,0,9,0,29,0,0,0,2,1,1,1,1,0,0,0,2,0,0,0,13,0,0,0,0,0,0
"Zotu3816",0,0,0,1,0,0,1,1,0,0,0,0,0,34,0,0,1,0,0,0,1,0,0,0,0,0,0,0,0,0,0,0,0,0,0,0,0,0,0,0,0,0,0,0,0,0,0,0,0,0,0,0,0,0,0,0,0,0,0,0,0,0
"Zotu4365",0,0,0,8,13,0,0,0,0,2,2,0,0,0,0,0,0,0,0,0,1,2,0,0,0,0,0,0,0,0,0,0,0,0,0,0,0,0,0,0,0,0,0,5,0,0,0,0,0,0,0,0,0,0,0,0,0,0,1,0,0,0
"Zotu5892",0,0,0,7,6,0,0,0,0,0,0,0,0,0,1,0,2,0,1,0,0,0,0,0,0,0,0,0,0,0,0,0,0,0,0,0,0,0,0,0,0,0,0,0,0,0,0,0,0,0,0,0,0,0,0,0,0,0,0,0,0,0
"Zotu5716",0,0,0,2,2,0,0,0,16,0,0,0,0,0,4,0,0,1,1,0,0,0,0,0,0,0,0,0,0,0,0,0,0,0,0,0,0,0,0,0,0,0,0,0,0,0,0,0,0,0,0,0,0,0,0,0,0,0,0,0,0,0
"Zotu4406",0,0,0,4,1,0,0,1,0,0,0,0,0,0,0,0,0,0,0,1,0,20,1,0,0,0,0,0,16,9,0,0,0,1,0,1,23,0,19,23,0,0,16,1,0,4,1,0,1,0,1,0,0,1,4,5,19,2,3,0,0,0
"Zotu2919",0,0,0,3,1,1,0,0,1,0,0,0,0,0,0,4,17,0,0,0,13,0,0,0,0,0,0,1,1,2,0,0,1,43,0,0,0,0,0,0,0,0,0,1,0,0,0,0,1,0,1,1,0,0,0,0,0,1,0,1,0,2
"Zotu5937",0,0,0,29,0,0,0,0,0,0,0,1,0,0,0,0,0,0,0,0,0,0,0,0,0,1,1,0,0,0,0,0,0,0,0,0,0,0,0,0,0,0,0,0,0,0,0,0,0,0,0,0,0,0,0,0,0,0,0,0,0,0
"Zotu3288",0,0,0,1,0,0,0,1,0,0,0,0,0,0,12,0,26,1,0,0,0,0,1,0,0,0,0,0,2,2,0,0,2,0,0,1,0,0,0,0,0,0,0,2,2,0,0,0,0,0,0,0,0,42,0,0,0,0,0,1,0,1
"Zotu1025",0,0,0,8,1,0,0,53,1,1,0,83,1,0,6,1,5,0,0,4,0,0,0,0,1,1,0,0,1,0,2,0,0,0,0,1,0,27,1,0,0,0,0,0,0,1,1,0,0,1,0,1,0,2,1,0,0,1,1,1,46,18
"Zotu5300",0,0,0,25,0,0,0,0,0,2,0,0,0,0,0,0,0,0,0,0,0,0,0,0,0,0,0,0,0,0,0,0,0,0,0,0,0,0,0,0,0,0,0,0,0,0,0,0,0,0,0,0,0,0,0,0,0,0,0,0,0,0
"Zotu4328",0,0,0,1,0,0,0,0,26,14,1,0,1,0,0,1,0,1,1,0,0,0,0,0,0,0,0,0,0,0,0,0,0,0,0,0,0,0,0,0,0,0,0,0,0,0,0,0,0,0,0,0,0,0,0,0,0,0,0,0,0,0
"Zotu5587",0,0,0,1,0,0,0,0,0,0,1,0,0,0,0,0,12,1,0,0,0,0,0,0,0,0,1,0,0,1,1,0,0,0,0,0,0,0,0,0,0,0,0,0,0,0,0,0,0,0,0,8,0,0,0,0,0,0,0,0,0,0
"Zotu5640",0,0,0,3,0,1,0,2,0,0,0,0,0,1,0,1,2,0,0,1,0,1,1,0,0,0,0,0,19,18,1,0,0,0,0,0,0,0,0,0,0,0,0,1,0,0,0,0,0,0,1,0,0,0,0,0,1,0,8,0,0,0
"Zotu4728",0,0,0,19,0,0,0,0,0,1,1,1,0,0,0,0,0,0,0,0,0,0,0,0,0,1,0,0,0,0,0,0,0,0,0,0,0,0,0,0,0,0,0,7,0,0,0,0,0,0,0,1,0,0,0,0,0,0,0,0,0,0
"Zotu5606",0,0,0,5,15,0,1,0,0,0,36,0,0,0,0,0,5,0,0,0,1,1,1,0,0,0,0,0,1,0,0,0,0,0,1,1,0,0,0,1,1,0,0,0,0,0,0,0,0,0,0,0,0,1,0,2,0,0,0,0,0,3
"Zotu4010",0,0,0,12,33,0,0,0,0,0,0,1,0,0,0,0,1,1,0,0,0,0,0,1,0,0,0,0,0,3,1,0,0,0,0,0,0,0,0,0,0,0,0,1,0,0,0,0,0,0,0,1,0,0,0,0,0,0,0,0,0,0
"Zotu6277",0,0,0,2,14,0,0,0,0,0,0,0,0,1,0,0,0,0,0,0,0,0,1,0,0,0,0,0,1,0,0,0,0,0,0,0,0,0,0,0,0,0,0,10,0,0,0,0,0,0,0,0,0,0,0,0,0,0,0,0,0,0
"Zotu2128",0,0,0,13,4,0,0,0,0,5,0,0,0,0,0,0,3,0,0,0,0,0,2,0,0,0,0,0,0,0,1,2,1,2,1,0,0,0,1,3,0,0,0,0,1,0,0,0,0,0,1,30,0,36,0,1,0,1,1,6,0,0
"Zotu5163",0,0,0,3,0,0,26,0,0,0,0,1,0,0,0,1,0,2,0,0,0,0,0,0,0,0,0,0,1,1,0,0,0,0,0,0,0,0,0,0,0,0,0,0,0,0,0,0,0,0,0,0,0,0,0,0,0,0,0,0,0,0
"Zotu4000",0,0,0,23,0,0,0,0,0,0,0,0,0,0,0,0,4,0,0,0,0,0,0,0,0,0,0,0,0,0,0,0,1,0,0,0,0,0,1,1,0,0,0,13,0,0,0,0,0,0,0,0,0,0,0,0,0,0,0,1,0,0
"Zotu2427",0,0,0,8,3,0,1,1,1,0,2,0,0,1,12,0,78,1,0,0,2,0,0,2,1,1,0,0,1,0,0,0,0,0,0,0,0,0,0,0,0,0,0,1,0,0,0,0,0,0,0,0,0,1,0,0,0,0,0,0,0,0
"Zotu5814",0,0,0,2,3,0,0,0,0,0,0,0,0,0,0,0,0,1,0,0,0,0,0,0,2,0,0,0,0,0,0,0,1,0,0,0,1,0,0,0,0,0,0,8,0,0,0,1,0,0,0,0,0,0,14,1,0,0,6,0,0,0
"Zotu2977",0,0,0,1,0,0,0,0,0,0,0,0,0,0,0,0,0,1,0,0,0,0,0,0,0,0,0,0,0,0,0,0,0,0,0,0,0,0,0,1,0,1,0,1,0,1,3,1,1,0,0,2,0,0,8,31,1,1,15,15,0,0
"Zotu1002",0,0,0,6,0,0,2,1,33,1,0,0,2,0,1,0,1,0,58,0,2,0,0,0,0,4,0,0,1,2,2,0,0,1,0,1,0,0,0,1,0,0,2,2,0,0,1,0,147,0,32,1,1,1,0,0,0,0,0,1,1,1
"Zotu3142",0,0,0,6,3,0,0,0,0,0,0,0,0,0,0,0,0,0,0,0,0,0,0,0,0,0,0,0,0,0,0,0,0,0,1,0,0,0,0,0,0,0,0,5,0,0,0,1,2,0,0,0,0,0,0,8,0,1,56,0,0,1
"Zotu5825",0,0,0,8,0,0,0,0,0,1,0,0,1,0,0,0,0,0,0,2,0,0,1,0,0,0,0,0,0,0,0,0,0,0,0,0,0,0,0,0,0,0,0,17,0,0,0,0,0,0,0,0,1,0,0,0,0,0,0,0,0,0
"Zotu2378",0,0,0,1,0,0,1,0,0,0,1,0,0,29,8,0,8,0,1,0,0,1,0,0,0,0,0,0,0,32,0,0,0,0,0,0,0,0,0,0,0,0,0,3,0,0,0,0,0,0,0,10,0,0,5,0,0,0,0,0,0,0
"Zotu6308",0,0,0,3,2,0,0,0,0,0,0,1,0,0,0,0,32,0,0,0,0,0,0,0,0,0,0,0,0,0,0,0,0,0,0,0,0,0,0,0,0,0,0,1,0,0,0,0,0,0,0,7,0,0,0,0,0,0,0,0,1,0
"Zotu4362",0,0,0,8,14,0,0,0,1,0,0,2,0,1,1,0,0,1,0,0,0,0,0,0,0,0,0,0,0,1,0,0,2,1,0,0,0,1,0,0,0,0,0,7,0,0,1,0,0,0,0,1,0,1,2,1,0,0,1,10,72,2
"Zotu2314",0,0,0,15,0,0,0,0,0,0,0,0,0,0,3,0,8,0,0,0,0,0,0,0,0,0,0,0,0,0,0,0,0,0,0,0,0,1,0,0,0,72,0,0,0,0,0,0,0,0,0,0,0,0,1,0,0,0,0,0,1,0
"Zotu2272",0,0,0,2,10,1,0,0,0,0,0,0,0,0,0,0,5,0,0,0,0,0,0,0,2,0,0,0,0,0,0,1,0,0,0,0,0,0,0,0,2,0,0,6,1,0,0,0,0,0,0,9,2,1,8,18,0,0,100,0,0,0
"Zotu3135",0,0,0,3,5,0,0,0,0,1,0,0,2,0,0,0,1,0,0,0,0,0,0,0,0,0,0,0,1,0,0,0,0,1,0,0,0,0,0,0,0,0,1,0,0,1,2,0,0,0,0,0,0,0,4,8,0,38,1,11,0,0
"Zotu4343",0,0,0,9,8,0,0,0,0,0,0,1,0,0,0,0,0,0,0,0,0,2,1,0,0,0,0,0,13,0,0,0,0,0,0,0,1,27,0,0,0,0,0,0,0,0,0,0,0,0,0,0,0,0,0,0,0,0,0,0,0,0
"Zotu5515",0,0,0,1,8,0,0,0,0,0,0,1,0,0,0,0,0,1,0,0,0,0,0,0,0,0,0,0,0,0,0,0,0,0,0,0,0,0,1,9,0,0,0,4,0,0,0,0,0,0,0,0,0,0,0,0,0,0,0,0,0,0
"Zotu4339",0,0,0,41,5,0,0,1,0,0,0,0,0,0,0,0,0,0,0,0,0,0,0,0,0,2,0,0,0,0,0,0,0,0,0,0,0,0,0,0,0,0,0,3,0,0,0,0,0,0,0,0,0,0,0,0,0,0,0,0,0,0
"Zotu3698",0,0,0,7,11,1,0,0,0,0,0,0,0,1,4,0,2,1,0,0,0,0,0,0,0,0,0,0,0,0,0,0,0,56,1,1,0,0,0,0,0,2,1,22,0,1,3,0,0,0,3,1,2,1,0,5,0,1,0,13,0,2
"Zotu2360",0,0,0,1,0,0,0,0,0,0,0,0,0,0,0,0,0,0,1,0,0,0,0,0,0,1,0,0,0,0,0,2,1,2,1,2,0,2,0,0,0,0,0,1,0,2,0,1,0,1,1,0,1,2,2,3,0,1,0,1,56,42
"Zotu4902",0,0,0,2,4,0,0,0,0,0,0,0,0,0,0,0,0,0,0,0,0,1,0,0,0,0,0,0,0,0,1,2,0,1,0,0,0,0,0,1,0,1,0,9,0,0,1,0,0,0,0,0,0,0,0,3,0,1,0,0,0,34
"Zotu5262",0,0,0,5,5,0,20,3,0,0,0,0,0,1,0,0,1,0,0,0,0,0,0,0,2,0,0,0,0,1,0,0,0,0,0,0,0,0,0,0,0,1,0,0,0,0,0,0,0,0,0,0,0,0,0,0,0,0,0,0,0,1
"Zotu5049",0,0,0,4,17,0,1,0,0,1,0,0,2,1,0,0,10,1,1,1,0,0,0,0,0,0,1,1,2,0,0,0,0,0,0,1,0,0,0,0,0,0,0,1,0,0,0,0,0,0,0,0,0,0,0,0,0,0,0,0,0,2
"Zotu3231",0,0,0,31,0,0,0,0,0,0,1,0,0,0,1,0,4,0,0,1,0,0,0,0,0,0,1,0,0,50,0,0,0,0,0,0,0,0,0,0,0,0,0,3,0,0,0,0,0,0,0,0,0,0,0,0,0,0,0,0,0,0
"Zotu5665",0,0,0,2,1,1,0,0,0,0,0,0,0,1,0,0,0,0,35,0,0,0,0,0,0,0,0,0,0,0,0,0,0,0,0,0,0,0,0,0,0,0,0,0,0,0,0,0,0,0,0,0,0,0,0,2,0,0,0,0,0,0
"Zotu6123",0,0,0,1,0,0,0,0,1,0,0,0,0,0,0,1,1,0,0,0,27,0,0,0,0,2,0,0,0,0,1,0,0,0,0,0,0,0,1,0,0,0,0,0,0,0,0,0,0,0,0,0,0,0,0,0,0,0,0,0,0,0
"Zotu1233",0,0,0,7,2,0,9,0,0,0,0,1,0,14,1,1,11,0,1,0,0,0,0,0,0,1,0,0,0,0,1,1,1,2,0,0,31,1,1,2,3,49,113,4,0,0,2,3,0,0,0,0,2,0,0,3,0,1,2,1,0,0
"Zotu2771",0,0,0,3,9,0,0,0,0,0,1,0,0,0,0,0,1,0,0,2,0,0,0,0,0,0,0,0,0,0,0,0,3,0,0,0,0,1,0,1,0,0,1,0,0,0,0,1,0,0,0,0,0,0,2,0,2,21,11,3,12,5
"Zotu6240",0,0,0,4,4,0,0,0,0,0,0,1,0,0,0,0,0,0,0,0,0,0,0,0,0,0,0,1,14,0,0,0,0,0,0,0,0,0,0,0,0,0,0,1,0,0,1,0,0,1,0,0,1,0,9,0,1,0,26,1,0,0
"Zotu3070",0,0,0,4,0,0,0,0,0,0,0,0,0,0,1,0,0,0,0,0,0,0,0,0,3,0,0,0,0,0,0,0,0,0,1,0,0,0,1,1,0,0,0,0,0,0,0,2,0,0,0,1,2,1,0,0,0,0,0,0,23,23
"Zotu5335",0,0,0,5,1,0,0,1,3,0,0,0,0,1,1,1,12,1,0,0,0,0,0,0,0,0,0,0,0,0,1,1,0,1,0,0,0,0,0,0,0,1,1,0,0,0,0,0,0,0,0,0,0,0,0,0,0,0,0,1,5,6
"Zotu2209",0,0,0,1,1,0,1,0,0,0,96,0,0,0,0,0,0,0,0,0,0,0,0,0,0,1,0,0,0,0,0,0,0,0,0,0,0,0,0,0,0,0,0,2,0,0,0,0,0,0,0,0,0,0,0,0,0,0,0,0,0,0
"Zotu6306",0,0,0,1,5,0,0,0,0,0,0,0,0,0,0,0,0,0,0,0,0,0,0,0,0,0,0,0,0,0,0,0,0,0,0,0,0,14,0,0,0,0,0,1,0,0,0,0,0,0,0,0,0,0,3,0,0,0,0,1,0,0
"Zotu5034",0,0,0,2,0,0,0,0,0,0,0,0,0,0,0,0,0,0,0,0,0,0,0,0,0,0,0,0,0,0,0,0,0,0,1,0,0,0,0,0,1,3,0,0,0,0,0,0,0,1,0,1,0,0,0,0,0,0,0,0,3,33
"Zotu5451",0,0,0,3,2,8,2,0,0,10,11,0,0,0,0,0,4,1,0,0,0,0,0,0,0,0,0,0,0,0,0,0,0,0,0,0,0,0,0,0,0,0,0,1,1,0,0,0,0,0,0,0,0,0,2,0,0,0,0,0,0,8
"Zotu1967",0,0,0,3,2,0,0,1,0,0,0,0,0,0,0,0,0,0,0,0,1,0,0,0,0,0,0,0,0,0,0,1,1,0,1,1,2,1,0,1,0,0,0,4,140,2,0,0,0,0,1,0,0,2,1,2,3,0,1,2,7,5
"Zotu6102",0,0,0,12,3,0,0,1,0,0,0,0,0,0,0,1,3,0,0,0,0,0,0,0,0,0,0,0,0,0,0,0,0,0,0,0,0,0,0,0,0,0,0,0,0,0,0,0,0,0,0,0,0,0,0,0,0,0,0,0,0,0
"Zotu4225",0,0,0,3,4,1,0,0,0,0,0,0,0,0,0,0,6,0,0,1,0,0,0,0,0,0,0,2,0,0,0,2,0,1,0,0,0,0,0,1,0,0,0,11,53,2,0,0,0,0,1,0,0,0,1,0,1,0,0,0,8,0
"Zotu1845",0,0,0,2,0,0,0,0,0,0,15,0,0,0,1,0,0,0,0,0,0,0,0,0,1,0,0,0,0,0,0,0,0,1,0,0,1,1,0,2,0,0,0,0,2,0,0,1,1,0,85,3,0,0,1,0,0,0,0,13,0,2
"Zotu2868",0,0,0,12,28,0,0,0,0,0,21,0,0,0,1,0,2,0,0,0,0,0,0,0,1,0,2,1,3,0,1,0,0,0,1,0,1,1,0,0,0,0,0,8,0,1,0,0,0,0,0,0,0,0,0,0,0,51,10,0,0,0
"Zotu2177",0,0,0,4,19,0,0,1,0,0,0,0,0,0,0,0,0,1,0,0,0,0,0,0,0,0,1,0,0,0,0,1,0,0,0,0,1,0,0,0,1,0,2,1,0,1,0,0,0,0,0,6,0,1,1,0,0,0,48,1,26,23
"Zotu1883",0,0,0,1,0,0,0,0,0,0,0,0,0,0,0,0,0,0,0,0,0,0,0,0,0,0,0,0,1,0,0,0,0,1,0,0,0,2,0,0,0,0,0,1,1,0,0,0,0,0,1,1,2,0,0,0,12,1,94,26,1,2
"Zotu3791",0,0,0,10,9,1,0,0,1,1,0,0,1,0,0,2,1,0,0,1,8,1,1,1,0,0,0,1,0,8,0,0,0,1,0,0,0,0,0,0,0,0,1,4,1,0,0,0,0,1,0,0,0,0,1,26,6,0,2,0,3,0
"Zotu609",0,0,0,28,29,1,0,0,8,0,1,1,0,1,3,0,23,1,2,0,1,1,2,0,0,0,1,1,2,0,1,1,1,4,2,2,1,2,0,2,0,1,3,8,4,0,0,4,3,2,3,3,0,0,35,45,42,115,10,82,34,17
"Zotu4066",0,0,0,7,1,0,1,0,0,8,0,0,0,0,0,0,14,0,0,0,0,0,1,0,0,0,0,0,0,1,0,0,0,0,0,0,0,0,0,0,0,2,0,23,0,0,0,0,0,0,0,0,0,0,0,1,0,0,0,0,1,0
"Zotu5279",0,0,0,3,3,0,0,0,0,0,0,0,0,0,0,0,0,0,0,0,0,0,1,0,0,0,1,0,0,0,0,0,0,0,0,0,0,0,0,0,0,1,0,0,0,0,1,1,0,0,0,0,0,0,0,2,1,0,20,3,9,0
"Zotu4295",0,0,0,4,25,1,0,0,0,1,0,0,0,0,1,1,6,0,1,0,0,0,0,0,0,0,0,0,0,1,0,0,1,0,0,0,0,0,0,1,0,0,0,26,0,0,0,0,1,0,0,0,0,0,0,0,0,0,0,0,0,2
"Zotu1288",0,0,0,1,0,0,0,0,0,0,0,0,0,0,0,0,0,0,0,0,0,0,0,0,0,0,0,0,0,0,0,0,1,0,0,0,0,1,1,0,1,2,0,0,1,0,0,0,0,0,0,0,0,0,5,12,16,103,58,2,10,0
"Zotu5699",0,0,0,2,5,0,0,0,0,0,0,0,0,1,0,0,5,0,0,0,0,0,0,0,0,0,0,0,0,0,0,0,0,0,0,0,0,0,0,0,0,0,0,1,0,0,0,0,0,0,0,0,0,0,0,0,0,0,0,0,0,0
"Zotu6099",0,0,0,27,17,0,1,0,0,0,0,0,0,0,1,0,12,1,0,0,0,0,1,0,0,0,1,0,0,0,0,0,0,0,0,0,0,0,0,0,0,0,0,1,0,0,0,0,0,0,0,0,0,0,0,0,0,0,0,0,0,0
"Zotu5434",0,0,0,3,15,0,0,0,1,0,0,0,0,0,0,0,0,0,0,0,0,0,0,0,0,0,0,1,0,0,0,0,0,0,0,0,0,0,1,0,0,0,0,5,0,0,0,0,0,0,0,0,0,0,1,0,0,0,0,10,6,0
"Zotu1127",0,0,0,3,7,0,0,0,0,0,0,0,0,0,0,0,5,0,0,0,0,0,0,0,0,0,1,0,0,0,0,2,0,0,1,1,1,0,1,1,0,0,0,3,2,1,0,1,2,0,2,1,4,0,1,2,0,1,120,77,55,1
"Zotu1764",0,0,0,1,0,0,1,0,0,0,0,0,0,0,0,0,0,0,0,0,0,0,0,0,0,0,0,0,0,0,0,0,1,0,0,0,1,0,0,0,0,0,141,0,0,0,0,0,0,0,0,1,0,0,0,0,0,0,0,0,0,0
"Zotu895",0,0,0,1,0,0,0,0,0,0,0,0,0,0,1,0,1,0,0,0,0,0,0,0,0,0,0,0,45,11,0,0,1,0,0,0,180,21,20,2,0,0,0,0,0,0,1,0,0,2,1,0,0,13,1,0,0,0,1,0,1,0
"Zotu4928",0,0,0,1,3,1,1,1,0,33,0,0,0,0,1,0,0,0,0,1,0,0,0,0,3,0,0,1,1,1,1,0,0,0,0,0,0,0,0,0,0,0,0,0,0,0,0,0,0,0,0,0,0,0,0,0,0,0,0,0,0,0
"Zotu4375",0,0,0,2,3,0,0,0,0,0,0,0,0,0,0,0,1,0,0,0,0,0,0,0,0,0,0,0,0,0,0,2,0,0,1,0,1,1,0,0,0,1,0,0,0,0,0,0,0,0,1,0,0,0,0,4,5,0,21,2,0,0
"Zotu6315",0,0,0,6,0,0,1,0,0,0,0,0,0,0,0,0,5,0,0,2,2,0,0,1,0,0,1,0,0,0,0,0,0,0,0,0,0,0,0,0,0,0,0,6,0,0,0,0,0,0,0,0,0,0,0,0,0,0,0,0,0,0
"Zotu4211",0,0,0,2,0,0,0,1,0,1,0,49,0,0,0,0,0,1,1,1,0,0,0,0,0,0,0,0,0,0,0,0,0,0,0,0,0,0,0,0,0,0,0,0,0,0,0,0,0,0,0,0,0,0,0,0,0,0,0,0,0,0
"Zotu4933",0,0,0,9,0,0,0,0,0,0,0,0,0,0,0,0,1,0,0,0,1,0,0,0,3,0,0,1,0,0,0,0,0,0,0,1,0,0,0,0,0,0,0,0,0,0,0,0,0,0,0,10,0,0,0,0,0,0,0,0,0,0
"Zotu5193",0,0,0,3,1,0,0,0,0,0,0,0,0,0,0,0,1,0,0,0,0,0,0,0,0,0,0,0,0,0,0,0,0,0,0,0,1,0,1,0,1,0,0,7,0,0,0,0,0,0,0,5,0,0,0,13,0,0,0,0,0,0
"Zotu3001",0,0,0,6,6,0,1,0,0,0,0,0,0,0,0,0,0,0,0,0,0,0,0,0,0,0,1,0,0,0,0,3,0,2,1,0,0,0,0,1,1,1,0,31,0,0,0,1,0,0,0,2,4,0,0,0,0,0,20,16,19,1
"Zotu1116",0,0,0,4,2,0,0,1,0,0,0,0,0,0,0,0,0,0,0,0,0,0,0,0,0,0,0,0,0,0,0,1,0,2,2,1,1,3,0,0,0,2,0,3,2,1,3,0,2,0,0,1,1,1,3,2,1,0,109,0,77,7
"Zotu5545",0,0,0,21,4,0,0,0,0,0,0,0,0,2,0,2,1,0,0,0,0,0,0,0,0,1,0,1,0,0,0,0,0,0,0,0,0,0,0,0,0,0,0,0,0,0,0,0,0,0,0,0,0,0,0,0,0,0,0,0,0,0
"Zotu5007",0,0,0,11,0,1,0,0,0,0,0,0,1,1,0,0,21,1,0,0,1,0,0,0,0,0,0,0,0,0,1,0,0,0,0,0,0,0,0,0,0,0,0,0,1,0,0,0,0,0,0,6,0,0,0,0,0,0,0,0,0,0
"Zotu3470",0,0,0,8,7,0,0,0,0,0,0,0,0,0,1,0,2,1,0,0,0,3,0,0,0,0,0,0,0,0,0,0,1,1,0,0,0,1,0,1,0,1,1,5,2,0,0,1,2,0,1,0,0,0,10,6,1,0,23,0,17,6
"Zotu2225",0,0,0,2,1,0,0,0,0,0,0,0,0,0,0,0,0,0,0,0,0,1,0,0,0,0,0,0,0,0,0,0,0,3,3,1,0,2,0,1,1,0,1,1,0,0,1,0,1,0,0,0,0,0,26,33,74,0,0,0,1,2
"Zotu5269",0,0,0,1,2,0,0,0,0,0,0,0,0,0,13,0,3,0,0,0,0,1,0,0,0,0,0,0,0,0,0,0,0,0,0,0,0,0,0,0,0,0,0,6,0,0,0,0,1,0,0,4,0,0,0,0,0,0,0,0,0,1
"Zotu4805",0,0,0,6,11,1,0,0,0,0,0,0,0,0,0,1,0,0,0,0,5,0,2,0,0,1,0,0,0,0,0,1,1,0,0,1,1,0,1,0,1,0,0,59,1,1,0,0,0,0,0,1,0,0,0,0,0,0,1,1,0,1
"Zotu2070",0,0,0,5,0,0,0,0,0,0,0,0,0,0,0,0,0,0,0,0,0,0,0,0,0,0,0,0,0,0,0,1,1,0,0,1,0,0,0,0,0,0,0,0,1,0,1,1,0,1,44,11,0,1,0,0,0,0,0,0,0,26
"Zotu220",0,0,0,3,8,0,0,0,0,0,0,1,1,0,0,0,6,2,0,2,6,1,0,0,0,0,0,1,1,0,0,8,0,8,7,5,8,3,7,8,7,8,2,3,8,5,7,5,1,6,8,3,4,6,0,10,67,117,507,320,92,1
"Zotu5865",0,0,0,2,0,0,0,0,0,0,0,0,0,0,0,0,0,0,0,0,0,0,0,0,0,0,0,0,0,0,0,0,0,2,0,1,1,0,0,0,0,0,0,0,0,0,0,0,0,0,0,6,0,0,0,12,0,0,0,0,27,6
"Zotu6089",0,0,0,5,4,0,1,0,0,0,0,1,0,1,0,0,0,0,0,0,0,0,0,0,0,0,0,0,0,17,0,0,0,0,0,0,0,0,0,0,0,0,0,2,0,0,0,0,0,0,0,0,0,0,0,0,0,0,0,0,0,0
"Zotu205",0,0,0,1,0,1,21,0,1,1,1,2,1,1,0,2,1,1,12,7,13,0,0,0,114,22,1,0,0,0,1,4,182,8,132,3,4,41,635,3,8,8,7,8,8,4,4,1,7,9,4,5,2,3,5,5,5,5,2,9,4,10
"Zotu4332",0,0,0,1,1,0,0,0,0,0,0,0,0,0,0,0,26,0,0,0,0,0,0,0,0,0,0,0,0,1,0,0,0,0,0,0,0,0,0,0,0,0,0,2,0,0,0,0,0,0,0,0,0,0,0,0,0,0,0,0,0,0
"Zotu6323",0,0,0,14,0,0,0,0,0,0,1,0,0,0,1,0,5,0,0,0,0,0,0,0,0,0,0,0,0,0,0,0,0,0,0,0,0,0,0,0,0,0,0,1,0,0,1,0,0,0,0,15,0,0,0,0,0,0,0,0,0,0
"Zotu2949",0,0,0,3,1,0,0,0,0,0,0,0,0,0,1,0,17,0,0,0,1,1,1,0,1,0,0,0,0,0,0,0,0,0,0,2,0,0,2,1,0,0,1,11,0,1,0,1,0,1,0,0,50,0,0,0,1,1,0,0,0,0
"Zotu3306",0,0,0,4,3,1,1,0,11,0,0,35,1,0,4,0,2,0,9,0,0,0,2,0,1,1,0,0,19,8,0,0,0,1,0,0,50,0,0,3,0,0,0,3,0,0,1,0,2,0,0,0,1,0,2,3,0,0,0,0,1,0
"Zotu1949",0,0,0,2,2,0,0,0,0,0,0,0,0,0,3,0,0,0,0,0,0,0,0,0,0,0,0,1,0,0,0,1,1,0,1,1,1,0,0,2,0,0,1,3,0,0,0,0,2,1,0,1,0,0,63,31,0,0,0,13,1,0
"Zotu1568",0,0,0,1,0,0,1,2,1,25,0,0,0,0,6,0,0,1,13,2,0,0,0,0,0,0,0,0,0,1,0,1,0,0,0,0,0,1,0,0,1,0,0,0,0,1,0,0,0,0,62,0,0,0,3,5,0,1,0,0,0,1
"Zotu1778",0,0,0,3,15,7,0,0,1,0,0,0,0,9,2,3,3,0,25,0,2,0,0,2,0,2,4,1,0,0,0,2,1,2,1,0,0,0,0,0,1,0,0,1,2,99,0,0,0,0,0,5,0,0,0,17,0,1,11,1,1,5
"Zotu5048",0,0,0,1,0,0,0,0,0,0,0,0,0,0,0,0,0,0,10,1,0,0,0,0,0,0,0,2,0,1,0,0,0,0,0,0,2,6,0,0,0,0,0,0,0,0,0,0,0,0,1,0,0,0,1,0,0,0,0,0,0,0
"Zotu1643",0,0,0,1,3,0,0,0,37,0,1,54,1,1,7,0,0,0,0,1,0,0,0,0,0,1,1,0,0,2,0,2,0,0,0,0,0,0,0,0,0,0,0,0,0,0,0,0,0,0,0,1,0,0,11,30,0,1,0,1,0,0
"Zotu4930",0,0,0,4,13,0,0,1,0,0,0,0,0,0,0,0,7,0,0,0,4,0,0,0,0,0,0,0,0,0,0,0,0,0,0,0,0,0,0,0,0,0,0,8,0,0,0,0,0,0,0,0,0,0,0,0,0,0,0,1,0,0
"Zotu5863",0,0,0,1,4,1,0,6,8,0,1,0,0,0,8,0,0,1,0,0,0,0,0,0,0,0,0,0,0,0,1,0,0,0,1,0,0,0,0,0,0,1,0,0,0,0,0,0,0,0,0,2,0,0,5,0,0,0,0,0,0,0
"Zotu3421",0,0,0,3,8,0,0,0,0,0,0,0,0,0,0,0,3,0,0,0,0,0,0,0,0,0,2,2,2,0,0,0,0,0,0,0,0,0,0,0,1,0,3,0,0,0,1,0,0,1,0,1,0,1,21,4,0,0,0,5,0,1
"Zotu3506",0,0,0,1,1,0,0,0,0,85,0,0,0,0,0,0,0,0,1,0,0,0,2,0,0,1,0,0,2,0,1,0,0,0,1,0,0,0,0,0,0,1,0,4,0,0,0,0,0,0,0,0,0,0,0,0,1,0,0,0,0,0
"Zotu4784",0,0,0,2,0,0,0,1,1,0,0,0,0,25,0,0,0,0,0,0,0,0,0,0,0,0,0,0,1,1,0,0,0,0,0,0,0,0,0,0,0,0,0,0,0,0,0,0,0,0,0,0,0,0,0,0,0,0,0,0,0,0
"Zotu4655",0,0,0,7,0,0,0,0,0,0,0,0,0,1,0,0,0,0,0,0,0,0,0,0,0,0,0,0,0,0,0,0,0,0,0,0,0,0,1,0,0,0,0,29,0,0,0,0,0,0,0,0,0,0,0,0,0,0,0,0,0,0
"Zotu4745",0,0,0,1,0,0,0,0,0,0,0,0,0,0,1,0,25,0,0,0,0,1,0,0,0,0,0,0,0,0,0,0,0,0,0,0,0,0,0,0,0,0,0,14,0,0,0,0,0,0,0,0,0,0,0,0,0,0,1,0,0,0
"Zotu3844",0,0,0,5,0,0,0,0,0,0,0,0,0,0,0,0,0,0,0,0,0,0,0,0,0,0,0,0,0,1,1,0,0,0,1,0,0,1,0,0,0,0,0,0,0,0,0,0,0,0,0,1,0,40,0,0,0,0,0,0,1,0
"Zotu6085",0,0,0,6,15,0,0,0,0,0,0,0,0,0,0,0,0,0,0,0,0,0,0,0,0,0,0,0,0,0,0,0,0,0,0,0,0,0,0,0,0,0,0,2,0,0,0,0,0,0,0,0,0,0,0,0,0,0,0,0,0,0
"Zotu5747",0,0,0,9,14,0,1,0,0,0,0,1,0,1,1,0,0,0,0,2,0,0,0,0,0,0,0,0,1,0,0,0,0,0,0,0,0,0,0,0,0,0,0,10,0,0,0,0,0,0,0,2,0,0,0,0,0,0,0,0,0,0
"Zotu5116",0,0,0,4,1,0,1,0,0,0,0,0,0,0,0,0,2,0,0,1,33,0,1,0,0,0,0,0,0,1,0,0,0,0,0,0,0,1,0,0,0,0,0,1,0,0,0,0,0,1,0,2,0,2,0,0,0,0,0,0,0,7
"Zotu3716",0,0,0,1,0,2,0,1,0,0,0,0,0,1,2,0,18,0,0,0,0,0,0,0,0,0,1,0,3,0,0,0,0,0,0,0,0,0,14,0,0,0,0,0,0,0,0,0,0,0,0,1,0,0,0,0,0,1,0,0,0,0
"Zotu4987",0,0,0,4,2,0,0,0,1,0,0,0,0,0,1,0,0,0,0,0,0,0,0,0,0,0,0,0,0,0,0,0,0,1,0,1,0,0,0,0,0,0,3,25,0,1,0,0,0,0,0,0,0,0,0,0,0,0,0,0,0,0
"Zotu3719",0,0,0,6,23,2,1,0,0,0,0,0,0,0,0,0,2,0,0,1,1,0,1,0,0,0,0,1,0,0,0,2,0,0,0,3,0,1,0,1,1,0,1,3,0,1,0,2,0,0,1,0,0,0,4,29,7,0,10,9,25,8
"Zotu4257",0,0,0,5,7,0,0,0,0,0,0,0,0,0,0,0,0,0,0,0,0,0,0,0,0,0,0,0,0,0,0,1,0,0,0,0,0,0,0,0,0,0,0,1,0,1,0,0,0,0,0,1,0,0,46,4,0,1,0,0,8,0
"Zotu4890",0,0,0,8,1,1,1,0,0,0,0,0,0,0,1,2,7,0,0,0,0,0,0,0,0,0,0,0,0,0,0,0,0,0,0,0,0,0,0,0,0,0,0,7,0,0,0,0,0,0,0,0,0,0,0,0,1,0,0,0,0,1
"Zotu4965",0,0,0,2,1,0,0,0,0,0,0,0,0,0,0,0,3,0,0,0,0,0,0,0,0,0,0,0,0,0,0,1,0,0,0,0,0,0,0,0,0,0,0,0,0,0,0,0,0,0,0,1,29,0,0,0,1,0,0,0,0,0
"Zotu1161",0,0,0,10,12,0,0,0,0,0,1,1,0,0,0,0,0,1,0,0,0,0,0,0,0,0,0,0,1,0,0,0,0,3,1,1,2,1,1,0,0,2,1,2,4,2,1,3,1,1,0,0,1,1,20,21,12,5,81,31,24,3
"Zotu3304",0,0,0,3,0,0,0,0,1,0,10,1,0,0,2,0,2,1,7,0,0,0,1,0,0,0,0,0,0,0,0,1,0,0,0,0,0,0,1,0,0,0,1,0,0,0,0,0,10,0,0,0,0,0,0,3,0,16,0,7,0,0
"Zotu4341",0,0,0,3,0,0,0,0,0,0,0,0,1,0,1,0,10,0,0,0,0,0,0,0,0,0,0,0,0,1,0,1,0,0,0,0,0,1,33,1,0,1,0,7,0,0,0,0,0,0,0,0,0,0,0,0,0,0,0,0,0,2
"Zotu3580",0,0,0,1,0,0,0,0,0,1,0,0,1,0,0,0,0,0,0,0,0,0,0,0,0,0,0,0,47,0,0,0,0,0,0,0,0,0,0,0,0,0,0,0,0,0,0,0,0,0,0,0,0,0,0,0,0,0,0,0,0,0
"Zotu5391",0,0,0,15,12,0,0,0,0,4,0,0,0,0,0,1,1,2,1,1,0,1,0,0,1,0,0,0,1,0,1,0,0,0,0,0,0,0,0,1,0,0,0,6,0,0,0,0,0,0,0,0,0,0,0,0,0,0,0,0,0,0
"Zotu1937",0,0,0,7,15,1,1,1,17,23,0,2,1,0,6,0,0,0,1,0,1,0,0,0,2,0,0,1,0,0,1,0,0,0,0,0,0,0,0,0,0,0,0,1,0,41,0,0,1,1,0,0,0,0,0,7,2,1,0,0,0,0
"Zotu4613",0,0,0,7,5,0,0,0,0,0,0,0,0,0,1,0,0,0,0,0,1,0,1,0,0,0,0,1,0,0,0,0,0,1,0,0,0,1,0,1,0,0,0,2,0,0,0,0,1,0,0,0,0,0,0,3,0,0,26,0,0,0
"Zotu3687",0,0,0,9,44,1,0,0,0,0,0,0,0,0,0,0,2,0,0,1,2,0,0,0,0,1,0,0,1,0,1,0,0,0,2,0,0,0,0,0,0,0,0,4,0,0,0,0,0,0,0,0,0,0,0,0,0,0,0,0,0,0
"Zotu5868",0,0,0,11,15,1,0,0,0,0,1,0,0,1,0,0,0,0,0,0,0,0,0,0,0,0,0,0,2,0,0,0,1,0,0,0,0,0,0,0,0,0,0,0,0,0,0,0,0,0,0,0,0,0,0,0,0,0,0,4,0,0
"Zotu5903",0,0,0,7,13,0,0,0,0,0,1,0,0,1,0,0,1,0,0,2,0,0,0,0,0,0,0,0,0,0,0,0,0,0,0,0,0,0,0,0,0,0,0,0,0,0,0,0,0,0,0,0,0,0,0,0,0,0,0,0,0,0
"Zotu5605",0,0,0,3,0,0,0,0,0,0,0,0,0,0,2,0,0,0,0,0,0,0,0,0,0,0,0,0,0,0,0,1,0,0,0,0,0,0,1,0,1,0,0,0,0,0,0,0,0,0,1,0,16,0,0,0,1,0,0,0,0,0
"Zotu3552",0,0,0,1,2,0,0,0,0,0,0,0,0,0,0,0,1,0,1,0,0,0,0,0,0,0,0,0,0,0,0,0,0,0,0,1,0,0,0,0,0,0,1,1,0,0,1,0,0,0,0,0,0,0,0,0,0,40,0,0,0,0
"Zotu5953",0,0,0,5,2,0,0,0,0,0,0,1,0,0,0,0,5,0,0,0,1,0,0,0,2,0,0,0,0,0,0,0,0,0,0,1,2,1,0,0,1,0,0,1,0,0,0,0,0,0,0,1,0,0,0,0,0,0,8,0,0,6
"Zotu6009",0,0,0,1,0,0,1,1,0,0,0,0,0,0,3,1,28,0,0,1,10,0,1,1,0,0,0,0,0,0,0,0,0,0,0,0,0,0,0,0,0,0,0,0,0,0,0,0,0,0,0,0,0,0,0,0,0,0,0,0,0,0
"Zotu902",0,0,0,2,2,0,0,1,0,55,0,0,0,1,0,1,4,0,0,1,0,2,0,0,0,0,2,1,0,1,0,0,0,0,1,0,0,1,0,0,1,1,0,0,2,0,0,111,85,1,1,8,2,0,1,0,1,1,0,0,15,0
"Zotu4015",0,0,0,4,6,0,0,1,0,0,0,0,0,0,1,0,8,0,0,0,5,0,0,0,0,0,0,0,2,0,0,0,0,1,0,0,21,0,0,0,0,0,0,0,0,2,0,0,0,0,0,3,0,2,0,0,0,0,1,0,1,4
"Zotu4741",0,0,0,1,18,0,0,0,0,0,0,0,0,0,0,0,6,1,0,0,0,0,0,0,0,0,0,0,1,0,0,0,0,0,0,0,0,0,0,0,0,0,0,1,0,0,0,0,0,0,0,0,0,0,0,0,0,0,0,0,0,0
"Zotu6206",0,0,0,3,1,0,1,0,0,0,17,0,0,0,0,0,0,0,0,1,0,2,0,0,0,0,0,0,1,0,0,0,0,0,0,0,0,0,0,0,0,0,0,0,0,0,0,0,0,0,0,0,0,0,0,0,0,0,0,0,0,0
"Zotu5038",0,0,0,6,2,0,0,0,0,0,0,1,0,0,0,0,7,0,0,0,0,0,0,0,0,0,0,0,0,0,0,0,0,0,0,0,0,0,0,0,0,0,0,0,0,0,0,0,0,0,0,0,0,0,0,0,0,0,0,0,0,4
"Zotu5463",0,0,0,7,6,0,0,0,1,0,16,0,0,0,0,0,6,1,0,1,0,1,0,2,0,1,0,0,0,0,0,0,0,1,1,0,0,0,1,1,1,0,1,3,0,0,2,0,0,0,0,3,0,1,2,0,0,1,1,0,2,32
"Zotu6300",0,0,0,1,0,0,0,0,0,0,1,0,0,0,16,0,0,0,0,0,0,0,0,0,0,0,0,0,0,0,0,1,0,0,0,0,0,0,0,0,0,0,0,0,0,0,0,0,0,0,0,9,0,0,0,0,0,0,0,0,0,0
"Zotu5521",0,0,0,1,0,0,0,0,1,1,0,0,0,0,1,0,9,0,0,0,0,1,0,0,0,1,0,1,0,18,0,0,0,0,0,0,0,0,0,0,0,0,0,0,0,0,0,0,0,0,0,0,0,0,0,0,0,0,0,0,0,0
"Zotu6045",0,0,0,5,5,0,0,1,0,0,0,0,0,0,0,0,0,0,0,1,10,0,0,0,0,1,0,0,0,0,0,0,0,0,0,0,0,0,0,0,0,0,0,2,0,0,0,0,0,0,0,0,0,0,0,0,0,0,0,0,0,0
"Zotu3307",0,0,0,5,1,0,2,0,0,0,43,0,0,0,0,0,0,0,1,0,0,0,0,0,1,0,0,0,0,0,0,0,0,0,1,0,0,0,0,1,0,0,1,13,0,0,0,1,0,0,0,0,1,0,0,1,0,0,0,6,0,0
"Zotu5281",0,0,0,1,0,0,0,0,22,0,0,0,0,0,0,0,0,0,0,0,0,0,0,0,0,0,0,0,1,0,0,0,0,0,0,0,0,0,0,0,0,0,0,0,0,0,0,0,0,0,0,0,0,0,0,0,0,0,0,0,0,0
"Zotu1524",0,0,0,1,0,0,0,0,0,1,0,0,0,0,2,0,6,0,0,0,14,0,0,0,0,3,0,1,27,1,0,1,1,82,0,0,2,0,1,0,0,1,1,1,2,0,1,0,1,0,0,13,0,0,0,1,0,0,0,0,0,5
"Zotu2939",0,0,0,4,1,0,2,0,1,0,0,0,0,1,0,0,2,0,0,0,1,0,0,0,0,0,0,0,3,25,0,0,0,50,0,0,0,0,2,0,0,0,0,0,0,0,0,0,0,2,0,2,1,0,1,0,0,0,0,0,1,0
"Zotu1286",0,0,0,2,2,0,0,0,0,0,0,0,0,0,2,1,1,0,0,0,0,0,0,0,0,0,2,0,0,9,0,157,0,0,2,2,0,19,0,2,1,0,0,1,1,1,2,0,1,1,1,0,2,0,0,1,0,1,19,5,1,1
"Zotu4317",0,0,0,19,1,1,0,0,0,0,0,0,0,0,0,0,2,0,0,0,0,0,0,0,0,1,0,2,0,1,0,0,1,1,0,0,1,0,0,0,1,0,0,46,0,0,0,0,1,0,0,1,0,0,0,1,0,0,0,0,1,0
"Zotu3178",0,0,0,2,2,0,0,0,0,0,0,0,0,0,0,0,0,0,0,0,0,0,0,0,0,0,0,0,0,0,0,0,0,0,0,0,0,2,1,2,0,0,0,2,0,0,0,0,1,0,0,1,0,0,0,13,2,0,37,0,14,0
"Zotu4518",0,0,0,1,0,0,0,0,0,0,0,0,0,0,0,0,0,0,0,0,0,0,0,0,0,0,0,0,0,0,0,0,0,0,0,0,1,2,1,0,0,0,0,0,0,0,0,0,0,2,2,0,1,0,0,0,23,1,1,0,4,5
"Zotu5254",0,0,0,2,3,0,3,0,0,4,0,1,0,0,1,0,4,27,1,0,0,0,0,0,0,0,0,0,0,0,0,0,0,0,0,0,1,1,0,0,0,0,0,3,0,0,0,0,0,0,0,4,3,14,0,0,0,0,0,0,0,0
"Zotu5569",0,0,0,3,0,0,0,0,0,0,0,0,0,0,9,0,3,1,0,0,0,0,0,0,0,0,0,0,0,1,0,1,0,0,0,1,0,0,0,0,0,1,0,1,0,0,0,3,0,0,0,11,15,0,0,0,0,0,0,0,0,0
"Zotu3976",0,0,0,1,3,0,0,0,0,0,0,0,0,0,0,0,0,1,0,0,0,0,0,0,0,0,1,0,0,0,0,0,0,0,0,0,0,0,0,0,0,0,0,0,1,0,0,0,0,0,0,0,0,0,19,7,0,0,1,0,0,0
"Zotu3028",0,0,0,10,18,1,7,0,0,0,1,0,1,0,0,1,18,3,0,3,0,0,0,0,0,0,3,0,0,0,1,1,0,0,0,0,1,0,0,1,0,0,0,15,0,0,0,0,0,0,0,0,0,0,0,0,0,0,12,0,0,0
"Zotu5667",0,0,0,1,3,0,0,0,0,0,0,0,0,0,0,0,0,0,0,0,0,0,0,0,0,0,1,0,0,0,0,0,0,1,0,0,1,0,0,1,0,0,0,5,0,1,0,0,0,0,0,0,0,0,0,0,1,0,15,1,0,0
"Zotu1428",0,0,0,4,1,0,0,0,0,0,0,0,0,0,1,0,2,0,0,0,13,0,0,0,0,0,0,0,0,0,0,0,0,0,0,0,0,0,1,0,1,1,0,0,97,0,0,3,0,0,0,2,20,1,0,0,0,0,0,0,1,27
"Zotu5576",0,0,0,2,0,0,0,0,0,0,0,0,0,0,0,0,0,0,0,0,0,0,0,0,0,0,0,0,0,0,0,0,0,0,0,0,0,0,0,0,0,0,0,0,0,0,0,0,0,0,0,1,0,0,0,0,0,0,29,0,0,0
"Zotu3914",0,0,0,4,0,0,1,0,0,1,0,0,0,0,1,1,0,0,0,0,0,0,0,0,1,0,0,0,0,0,0,0,0,0,0,1,0,0,0,0,0,0,0,5,0,0,0,0,1,1,0,15,0,0,3,0,0,1,0,0,0,24
"Zotu3684",0,0,0,4,1,0,1,0,0,0,0,0,0,0,0,0,8,0,0,0,2,0,0,0,0,0,0,0,5,0,0,0,0,0,1,0,0,0,0,1,0,0,0,3,0,0,0,0,0,0,0,6,0,0,0,0,0,0,0,0,21,0
"Zotu3571",0,0,0,3,0,0,0,0,0,0,0,0,0,0,0,0,0,0,0,0,0,0,0,0,0,0,0,0,0,0,0,0,0,1,0,0,0,0,0,1,0,0,0,0,0,0,0,0,0,0,0,0,0,0,1,7,2,45,2,1,0,2
"Zotu697",0,0,0,2,5,0,0,0,0,0,0,0,0,1,0,0,0,0,0,0,0,0,0,0,0,0,0,0,0,0,0,1,3,5,0,2,2,2,2,1,3,0,5,3,1,0,2,1,1,0,1,1,2,3,78,184,1,87,2,3,7,1
"Zotu5714",0,0,0,3,0,0,0,0,0,0,0,0,0,0,0,0,20,0,0,0,0,0,1,0,0,0,0,0,0,0,0,0,0,0,0,0,0,0,0,0,0,0,0,0,0,0,0,0,0,0,0,0,0,0,0,0,0,0,0,0,0,0
"Zotu5851",0,0,0,8,10,1,0,0,0,0,0,0,0,1,0,0,0,1,0,0,0,0,0,0,0,0,1,0,0,0,0,0,0,0,0,0,0,0,0,0,0,0,0,1,0,0,0,0,0,0,0,0,0,0,0,0,0,0,0,0,0,0
"Zotu2255",0,0,0,1,3,1,0,0,0,0,0,0,1,1,9,0,1,0,7,0,0,0,0,0,0,0,0,0,0,0,0,0,0,1,0,2,0,1,0,1,1,0,1,0,1,0,0,0,0,1,1,0,0,1,9,0,0,41,13,14,22,10
"Zotu5759",0,0,0,7,35,1,1,1,1,0,0,0,0,1,1,0,5,0,0,0,0,1,0,0,0,0,0,0,0,0,1,0,0,0,0,0,0,0,0,0,0,0,2,5,0,0,0,0,0,0,0,0,0,0,0,0,1,0,0,0,0,0
"Zotu2426",0,0,0,1,0,0,0,0,0,0,0,0,0,0,0,0,0,0,0,0,0,0,0,0,0,0,0,0,0,0,0,2,0,0,0,1,0,0,0,0,3,0,0,1,0,1,0,0,0,1,1,15,0,1,0,0,1,0,0,0,28,32
"Zotu6295",0,0,0,7,10,0,0,0,0,0,0,0,1,0,0,0,0,0,0,0,0,1,1,0,0,0,0,0,0,0,2,0,0,0,0,0,0,0,0,0,0,0,0,0,0,0,0,0,0,0,0,0,0,0,0,0,0,0,0,0,0,0
"Zotu6042",0,0,0,1,0,0,0,0,1,0,2,56,0,0,7,0,0,0,2,0,0,0,0,0,0,0,0,0,0,0,0,0,0,0,0,0,0,0,0,0,0,0,0,3,0,0,0,0,0,0,0,0,0,0,0,0,0,0,0,0,0,0
"Zotu5209",0,0,0,1,1,0,0,0,0,0,17,0,0,0,2,0,1,0,0,0,0,0,0,0,0,0,0,0,0,0,0,0,0,0,0,0,0,0,0,0,0,0,0,0,0,0,0,0,0,0,0,0,0,0,0,0,0,0,0,0,0,7
"Zotu4103",0,0,0,2,0,0,0,0,0,0,0,0,0,0,1,0,2,0,0,0,4,0,0,0,0,0,0,0,0,0,72,0,0,0,0,0,0,0,0,0,0,0,0,1,0,0,0,0,0,0,0,0,0,0,0,0,0,0,0,0,0,0
"Zotu6220",0,0,0,9,2,0,0,0,1,1,0,0,0,0,0,0,12,0,0,0,0,0,0,0,0,1,0,1,0,0,0,0,0,0,0,0,0,0,0,0,0,0,0,11,0,0,0,0,0,0,0,0,1,0,0,0,0,0,0,0,0,0
"Zotu6327",0,0,0,1,0,0,0,0,0,0,0,0,0,0,0,0,3,0,0,0,1,0,0,0,0,0,0,0,0,0,0,0,0,0,0,0,0,0,0,0,1,0,0,0,0,0,0,0,0,0,0,0,0,0,0,0,0,0,0,0,0,11
"Zotu4536",0,0,0,2,0,0,0,0,0,0,0,0,0,0,0,0,0,0,0,0,0,0,0,0,0,0,0,0,0,0,0,0,0,0,0,0,0,0,0,1,1,0,0,4,1,0,0,0,1,0,0,0,1,0,6,31,0,1,0,0,0,0
"Zotu937",0,0,0,1,0,0,0,0,0,1,0,0,0,1,0,0,0,0,14,0,0,0,0,0,0,0,0,0,0,22,0,169,1,1,0,1,1,1,2,0,1,0,0,0,1,0,3,0,1,1,1,0,1,2,2,0,0,1,31,4,3,0
"Zotu6253",0,0,0,10,3,0,0,0,0,0,0,1,0,1,0,0,1,1,0,0,0,0,0,0,0,0,1,0,0,0,0,0,0,0,0,0,0,0,0,0,0,0,0,2,0,0,0,0,1,0,0,0,0,0,0,0,0,0,0,0,0,2
"Zotu1751",0,0,0,9,18,0,0,0,0,37,1,5,1,0,0,0,20,3,0,0,0,0,2,0,0,2,1,1,0,3,0,0,0,0,0,0,0,0,0,0,0,0,0,29,0,0,0,0,0,1,0,0,0,0,0,0,0,0,0,0,0,1
"Zotu3315",0,0,0,2,1,37,0,0,0,0,0,0,0,0,0,0,2,0,0,0,0,0,0,0,0,0,0,0,1,0,0,0,0,0,0,0,0,0,0,1,0,0,0,0,0,0,0,0,0,0,0,0,0,0,0,0,0,0,0,0,0,4
"Zotu5914",0,0,0,8,19,0,0,0,0,0,0,0,0,0,0,0,0,0,0,0,0,0,0,0,0,1,2,0,2,0,0,0,0,0,0,0,0,0,0,0,0,0,0,0,0,0,0,0,0,0,0,0,0,0,0,0,0,0,0,0,0,0
"Zotu5796",0,0,0,4,12,0,0,0,0,0,0,0,0,0,4,2,5,1,0,0,0,0,0,0,0,1,0,0,0,0,0,0,0,0,1,0,0,0,0,0,0,0,0,14,0,0,0,0,0,0,0,0,0,0,0,0,0,0,0,1,0,0
"Zotu3089",0,0,0,1,0,0,0,0,0,0,0,0,0,44,0,0,29,0,0,0,0,0,0,0,0,0,0,0,1,0,0,0,0,0,0,0,0,0,0,0,0,0,0,0,0,0,0,0,0,0,0,0,0,0,0,0,0,0,0,0,0,0
"Zotu1607",0,0,0,3,36,0,0,0,0,0,0,1,0,0,0,0,0,0,0,0,0,0,0,0,0,1,0,0,0,0,2,1,4,1,0,0,2,0,0,0,0,0,1,2,1,1,1,0,0,0,0,0,0,2,74,44,0,0,2,0,1,0
"Zotu3286",0,0,0,1,0,0,0,0,0,0,0,0,0,0,0,1,0,1,0,0,0,1,0,0,68,0,0,0,0,1,0,0,0,0,0,0,0,0,0,0,0,0,0,0,0,0,0,0,0,0,0,0,0,0,0,0,0,0,0,0,0,0
"Zotu1213",0,0,0,1,1,0,2,35,28,1,0,0,1,44,1,0,0,0,63,1,0,0,0,2,0,0,1,0,0,1,0,0,0,0,0,0,0,0,0,0,0,0,0,0,0,0,0,0,0,1,0,0,0,0,4,0,0,0,0,0,0,0
"Zotu3875",0,0,0,2,0,1,0,1,0,0,50,0,1,0,0,0,0,0,0,1,1,0,0,1,2,0,0,0,1,0,0,0,0,0,0,0,0,0,0,0,0,0,0,0,0,0,0,0,0,0,0,0,0,0,0,0,0,0,0,0,0,0
"Zotu1848",0,0,0,2,3,0,0,0,0,1,0,0,0,0,0,0,0,0,0,0,0,0,0,0,0,0,0,0,0,0,0,0,0,1,1,0,0,1,0,0,1,0,1,13,0,1,0,0,0,0,0,0,0,0,1,0,42,0,47,8,11,0
"Zotu1544",0,0,0,3,3,0,0,0,0,0,0,0,0,0,0,0,14,0,0,0,24,0,0,0,0,0,0,0,0,0,0,2,2,0,0,0,0,0,1,2,3,0,1,0,69,0,0,1,1,0,38,2,1,2,0,0,1,1,1,0,2,24
"Zotu4446",0,0,0,11,6,0,0,0,0,1,0,0,1,0,0,0,17,0,0,0,0,0,0,0,0,0,0,0,1,0,0,0,0,0,0,0,0,0,0,0,0,0,0,3,1,0,0,0,0,0,0,1,0,0,0,0,0,0,1,0,0,0
"Zotu5481",0,0,0,2,3,0,0,0,0,0,0,0,0,0,0,0,0,0,0,0,0,0,0,0,0,0,0,0,0,2,0,0,0,0,31,0,0,0,0,0,0,0,1,2,1,0,0,1,0,0,0,0,0,1,0,0,0,2,0,0,0,0
"Zotu5156",0,0,0,8,21,0,0,0,0,0,1,1,0,0,0,0,0,0,0,0,0,1,0,0,0,1,0,0,0,0,1,0,0,0,0,0,0,0,0,0,0,0,0,0,0,0,0,0,0,0,0,0,0,0,0,0,0,0,0,0,0,0
"Zotu5663",0,0,0,4,5,0,0,0,0,0,0,0,0,0,0,1,0,0,0,0,0,0,0,0,0,0,0,0,0,0,0,0,0,0,0,1,0,0,0,1,0,0,0,0,0,0,1,0,0,0,0,0,0,0,7,8,0,0,1,0,0,0
"Zotu4244",0,0,0,2,0,0,0,1,0,1,0,38,0,1,1,0,1,0,0,1,2,0,0,0,0,0,0,2,0,0,0,0,0,0,0,0,0,0,0,0,0,0,0,0,0,0,0,0,0,0,0,0,0,0,0,0,0,0,0,0,0,0
"Zotu4124",0,0,0,2,0,2,0,0,11,0,0,0,0,0,0,0,1,0,0,0,0,0,0,0,1,0,0,0,1,0,0,0,1,0,0,0,1,1,0,0,0,0,0,10,0,0,1,0,0,0,0,2,0,0,15,0,0,0,18,0,0,0
"Zotu2289",0,0,0,1,11,0,0,0,0,0,0,0,0,0,0,0,0,0,0,0,0,0,0,0,0,0,0,0,0,0,0,0,1,1,0,0,0,2,0,0,1,0,0,1,2,0,0,0,2,1,0,3,0,0,29,20,33,1,0,14,1,0
"Zotu5933",0,0,0,2,1,0,0,0,1,0,0,0,0,0,0,0,4,0,0,0,1,0,0,0,0,0,0,0,0,0,0,0,0,0,1,0,0,1,0,1,0,0,0,0,0,0,1,0,0,0,0,0,0,0,0,1,0,0,0,0,0,19
"Zotu1814",0,0,0,2,0,0,0,0,0,0,0,0,0,0,0,0,0,0,0,0,0,0,0,0,0,0,0,0,0,0,0,0,2,2,1,0,2,0,0,1,1,1,0,144,0,1,0,0,0,0,0,0,0,0,0,0,0,1,1,0,0,2
"Zotu2035",0,0,0,1,1,2,0,0,0,0,0,0,0,0,0,0,0,0,0,0,0,0,0,0,0,0,0,0,13,0,0,1,1,2,0,0,0,0,0,1,0,0,149,0,0,0,0,0,0,1,0,1,1,1,0,0,1,1,0,2,1,1
"Zotu2144",0,0,0,1,7,0,0,0,0,1,0,0,0,1,0,1,6,0,0,0,0,0,0,0,0,0,0,1,0,0,0,0,0,1,0,0,0,1,1,3,0,1,1,6,2,0,1,1,1,0,0,4,2,12,2,3,4,0,20,20,6,1
"Zotu2720",0,0,0,3,1,0,0,0,0,0,0,0,0,0,0,0,0,0,0,0,0,0,0,0,0,1,0,0,0,0,0,1,0,1,2,0,0,1,0,2,0,0,0,0,0,1,0,0,0,0,0,2,1,77,1,2,0,0,1,0,2,3
"Zotu5496",0,0,0,2,19,0,0,0,0,0,0,0,1,0,0,0,1,2,0,0,0,0,0,0,0,0,0,0,0,0,0,0,0,0,0,0,0,0,0,0,0,0,0,0,0,0,0,0,0,0,0,0,0,0,0,0,0,0,0,0,0,0
"Zotu957",0,0,0,1,1,0,1,0,119,21,2,0,0,22,15,0,1,52,59,0,0,0,0,0,0,1,0,0,1,0,0,0,0,0,0,0,0,0,0,0,0,0,0,0,0,0,0,0,0,0,0,0,0,0,0,0,0,0,0,0,0,0
"Zotu4388",0,0,0,5,9,11,0,0,0,1,0,0,0,0,1,0,0,0,1,1,0,0,0,0,0,0,0,0,2,0,0,0,0,0,0,0,13,0,0,1,0,1,0,1,0,0,0,0,0,0,0,2,0,1,0,4,0,1,0,0,1,1
"Zotu3538",0,0,0,5,0,0,0,0,2,0,0,0,0,0,0,0,0,0,0,0,0,0,0,0,0,0,0,0,0,0,0,1,0,0,1,1,0,0,0,0,2,2,0,1,0,1,0,1,2,0,0,0,0,1,5,1,8,0,40,2,12,1
"Zotu4219",0,0,0,1,8,2,0,0,0,0,0,8,0,0,0,1,1,0,1,1,0,0,0,0,0,0,0,0,2,0,0,0,0,0,0,1,0,0,0,0,0,0,1,50,0,0,0,0,0,0,0,1,1,0,0,0,0,0,0,0,0,0
"Zotu5339",0,0,0,5,1,1,0,0,11,0,0,0,0,0,0,0,1,1,0,0,0,0,0,0,0,0,0,0,0,0,0,0,0,0,0,0,0,0,0,0,0,0,0,0,0,0,0,0,0,0,0,0,0,0,0,0,0,0,0,0,0,0
"Zotu6286",0,0,0,8,12,0,0,1,0,0,0,0,0,1,0,0,1,0,0,0,0,0,2,0,1,1,0,1,0,0,0,1,0,0,0,0,0,0,0,0,0,0,0,4,0,0,0,0,0,0,0,0,0,0,0,0,0,0,0,0,0,0
"Zotu2817",0,0,0,1,1,1,1,2,0,0,0,2,0,0,5,0,51,0,0,0,0,1,0,0,1,0,0,1,0,0,2,0,0,0,0,0,0,0,0,0,0,0,0,0,0,0,0,0,0,0,0,0,0,0,0,0,0,0,0,0,0,0
"Zotu1993",0,0,0,6,2,0,0,0,1,0,0,28,0,9,0,1,10,0,0,0,0,0,1,0,0,0,0,1,0,0,0,0,0,0,0,1,0,0,0,0,0,0,53,0,0,0,0,0,0,1,0,0,0,0,0,0,0,0,0,0,0,0
"Zotu5777",0,0,0,1,5,0,0,14,0,0,0,0,0,0,0,0,0,0,0,0,0,0,0,0,0,0,0,0,0,0,0,0,0,0,0,0,0,0,0,0,0,0,0,8,0,0,0,0,0,0,0,0,0,0,0,0,0,0,0,0,0,0
"Zotu4424",0,0,0,5,0,0,0,0,0,0,0,0,0,0,18,0,21,0,0,1,0,0,0,0,0,0,0,0,0,0,1,0,0,0,0,0,0,0,0,0,0,0,0,0,0,0,0,0,0,0,0,0,0,0,0,0,0,0,0,0,0,0
"Zotu2137",0,0,0,1,0,0,0,0,0,0,0,0,0,0,0,0,0,0,0,0,0,0,0,0,0,0,0,0,0,0,0,102,2,0,0,0,0,1,0,0,0,0,0,1,0,0,0,1,0,0,0,0,0,0,0,0,0,1,0,0,1,0
"Zotu3077",0,0,0,2,14,0,0,0,0,0,0,0,0,0,0,0,1,0,0,0,0,2,0,0,0,1,0,0,0,0,0,1,1,0,0,0,1,0,0,0,0,0,0,15,0,0,0,0,0,0,0,2,15,0,1,4,12,0,26,0,8,0
"Zotu2622",0,0,0,1,7,1,1,2,0,7,3,1,0,0,0,64,0,0,1,2,1,0,0,0,0,0,1,2,1,0,1,0,0,0,0,0,0,0,0,0,0,0,0,0,0,0,0,0,0,0,0,0,0,0,0,0,0,0,0,0,0,0
"Zotu1269",0,0,0,1,12,0,0,0,0,0,0,0,0,0,0,0,0,0,1,0,0,0,0,0,0,0,1,0,0,0,0,1,1,3,1,0,1,0,1,1,2,0,4,3,1,1,4,2,3,0,3,4,0,24,40,30,18,1,19,34,18,0
"Zotu4138",0,0,0,1,2,0,0,49,0,0,0,0,0,0,0,0,2,0,0,0,0,0,0,0,0,0,0,0,0,0,0,0,0,0,0,0,0,0,0,0,0,0,0,0,0,0,0,0,0,0,0,0,0,0,0,0,0,0,0,0,0,0
"Zotu1540",0,0,0,1,0,0,3,1,12,3,1,2,1,0,2,3,1,0,1,1,24,0,0,0,0,1,0,1,9,0,1,0,0,0,1,0,1,1,1,0,0,1,1,2,187,1,1,0,0,0,6,29,2,0,0,1,1,2,0,0,0,4
"Zotu6162",0,0,0,4,11,0,0,0,0,1,0,0,0,0,2,1,1,0,17,1,0,0,0,0,0,0,0,0,0,0,0,0,0,0,0,0,0,0,0,0,0,0,0,4,0,0,0,0,0,0,0,0,0,0,0,0,0,0,0,0,0,0
"Zotu5235",0,0,0,6,0,0,0,0,0,0,0,0,0,0,11,0,2,0,0,0,0,0,0,0,0,0,0,0,0,0,0,0,0,0,0,0,0,0,0,0,0,0,0,0,0,0,0,0,0,0,0,14,1,0,0,0,0,0,0,0,0,0
"Zotu2443",0,0,0,7,3,0,0,0,1,0,0,0,0,0,0,0,3,0,0,0,0,2,0,1,0,0,0,0,0,0,0,1,2,1,2,1,2,0,0,0,0,0,0,4,1,0,0,0,0,2,0,2,0,0,5,0,11,77,0,0,4,0
"Zotu1786",0,0,0,1,0,0,0,0,6,0,0,0,0,0,0,0,0,0,0,0,0,0,0,0,0,0,0,0,0,0,0,1,1,1,2,3,2,1,0,0,0,1,0,2,0,0,0,0,3,0,0,0,1,0,5,56,14,58,3,0,1,1
"Zotu1172",0,0,0,1,0,0,0,0,0,0,0,0,0,0,0,0,0,0,0,0,0,0,0,0,0,0,0,0,0,0,0,1,2,1,2,1,0,2,2,1,1,0,2,1,0,0,0,0,0,0,1,1,1,2,16,79,47,55,1,4,2,1
"Zotu1692",0,0,0,6,18,0,0,2,0,0,2,1,0,0,1,0,1,0,0,1,3,1,2,137,0,0,0,1,1,0,0,0,0,0,0,0,0,0,1,0,0,0,0,0,0,0,0,0,0,0,0,0,0,0,0,0,6,0,0,0,0,0
"Zotu993",0,0,0,1,1,0,0,1,1,0,0,0,0,1,3,0,12,0,0,0,16,1,0,0,0,0,0,0,1,0,2,2,0,1,1,2,0,2,1,1,1,1,1,0,0,0,1,0,1,2,0,6,55,121,1,1,1,0,1,1,0,0
"Zotu819",0,0,0,1,1,0,1,0,0,0,0,0,0,0,0,0,0,0,0,0,0,0,0,0,0,0,0,42,47,0,0,0,1,142,0,0,38,0,0,64,0,1,0,6,0,0,0,0,0,1,1,1,0,2,3,1,0,0,1,0,1,0
"Zotu6221",0,0,0,3,0,0,1,0,0,0,0,0,0,0,0,0,0,0,0,0,0,0,0,0,0,0,0,0,0,16,1,0,0,0,0,0,0,0,0,0,0,0,0,0,0,0,0,0,0,0,0,0,0,0,2,0,0,0,0,1,0,0
"Zotu3965",0,0,0,3,44,0,0,1,0,0,0,1,0,0,0,0,0,0,0,0,1,0,0,0,0,0,0,0,0,0,0,0,0,0,0,0,0,0,0,0,0,0,0,0,0,0,0,0,0,0,0,0,0,0,0,0,0,0,0,0,0,0
"Zotu1097",0,0,0,3,7,2,0,0,0,0,0,0,0,0,0,0,0,2,0,0,15,0,0,0,0,1,0,0,0,0,1,1,0,2,1,1,1,0,1,2,0,1,183,7,2,0,3,1,0,1,3,0,0,0,3,101,8,0,1,11,16,1
"Zotu4995",0,0,0,1,3,0,0,0,9,0,0,0,0,0,0,0,0,0,0,0,0,0,0,0,0,0,0,0,0,0,0,0,0,0,0,0,0,0,1,0,0,0,0,0,0,0,0,0,0,0,0,2,0,1,0,1,1,0,1,15,9,3
"Zotu5162",0,0,0,8,4,0,0,0,0,0,0,0,0,0,0,0,0,0,0,0,0,0,0,0,0,0,0,0,0,0,0,0,0,0,0,0,0,0,0,0,0,0,0,10,0,0,0,0,0,0,0,0,0,0,0,0,0,0,0,0,0,0
"Zotu2730",0,0,0,10,10,0,0,0,2,0,0,0,0,0,1,0,1,0,0,0,10,0,0,0,0,1,0,0,23,0,2,0,0,0,0,0,0,0,0,0,0,1,0,3,0,2,0,0,0,0,0,5,16,5,0,0,0,1,0,2,0,2
"Zotu6279",0,0,0,2,24,0,0,1,0,0,0,0,1,0,1,0,7,0,0,0,0,0,0,0,0,0,1,0,0,0,0,0,0,0,0,0,0,0,0,0,0,0,0,8,1,0,0,0,0,0,0,0,0,0,0,0,0,0,0,0,0,0
"Zotu918",0,0,0,1,8,0,0,0,0,0,0,0,0,0,0,0,0,0,0,0,0,0,1,0,0,0,0,1,0,0,0,0,1,58,0,223,1,22,0,1,0,0,3,0,1,0,0,1,2,0,0,1,0,2,3,0,1,0,0,1,0,2
"Zotu5754",0,0,0,5,7,0,0,0,0,0,0,0,0,0,4,1,14,0,0,0,0,0,0,0,0,0,0,0,1,0,0,0,0,0,0,0,0,0,0,0,0,0,0,1,0,0,0,0,0,0,0,0,0,0,0,0,0,0,0,0,0,0
"Zotu726",0,0,0,4,2,0,1,0,0,0,2,2,1,1,3,0,1,0,0,0,0,98,0,0,2,0,2,2,5,3,1,0,0,52,147,54,0,0,1,3,3,32,42,14,0,1,1,0,1,3,3,2,0,0,0,2,0,0,0,1,0,3
"Zotu4985",0,0,0,3,23,0,1,0,0,0,0,0,1,0,0,0,8,0,0,2,1,0,0,0,0,0,0,0,0,1,0,0,0,0,0,0,0,0,0,0,0,1,0,6,0,1,0,2,1,1,0,2,0,0,2,2,0,0,0,0,0,4
"Zotu1772",0,0,0,1,1,1,0,0,0,0,1,1,1,0,0,1,1,0,1,0,2,146,1,1,1,1,0,0,0,1,0,0,0,0,0,0,0,0,0,0,0,0,0,0,0,0,0,0,0,0,0,0,0,1,0,0,0,0,0,0,0,1
"Zotu2083",0,0,0,1,0,1,91,0,0,0,0,1,3,1,1,0,0,0,0,0,1,0,0,0,0,1,2,0,1,0,1,0,0,0,0,0,0,0,0,0,0,0,0,0,0,0,0,0,0,0,0,2,0,0,0,0,0,0,0,0,0,0
"Zotu2632",0,0,0,3,22,0,0,0,0,1,1,0,0,0,0,0,0,0,0,0,0,0,0,0,0,0,0,0,7,0,0,0,1,0,0,0,0,1,0,9,0,0,0,6,0,1,1,0,0,0,0,2,1,0,33,10,0,0,0,0,0,0
"Zotu4267",0,0,0,1,0,0,0,0,0,0,26,0,0,0,1,0,3,0,0,0,0,0,0,0,0,0,0,0,0,0,0,0,0,0,0,0,0,0,0,0,0,1,0,3,0,0,0,0,0,0,0,0,0,0,0,0,0,0,0,11,1,0
"Zotu4075",0,0,0,1,0,0,0,0,0,0,0,0,0,0,0,0,4,0,0,0,0,0,0,0,0,1,0,0,0,0,0,0,0,0,0,0,0,0,0,0,1,31,0,2,0,0,0,0,1,0,0,1,0,0,0,0,0,0,0,0,1,0
"Zotu2701",0,0,0,1,0,0,3,0,0,1,0,0,0,13,4,0,4,0,0,0,0,0,0,0,0,0,1,0,0,0,1,0,0,1,0,0,1,0,1,0,0,1,0,0,5,0,0,0,1,0,0,4,0,19,0,0,0,0,0,2,0,15
"Zotu5816",0,0,0,1,0,0,0,0,0,0,0,0,0,0,0,0,0,0,0,0,4,0,0,0,0,0,0,0,0,0,0,0,0,0,0,0,0,0,0,0,0,0,0,0,0,0,0,0,0,0,0,0,0,18,0,0,0,0,0,0,0,0
"Zotu3329",0,0,0,4,2,0,0,0,0,0,0,0,0,0,0,0,8,0,0,0,0,0,0,0,0,0,0,0,0,0,0,0,0,0,0,0,0,0,0,0,0,1,0,2,0,0,0,1,0,0,1,0,0,0,0,0,0,0,45,0,0,0
"Zotu3705",0,0,0,1,0,2,1,25,0,0,0,0,1,3,0,0,0,0,9,0,0,0,0,0,0,0,0,0,1,1,0,0,0,0,0,0,0,0,0,0,1,0,0,0,0,0,0,0,0,0,0,0,0,0,0,11,22,0,0,0,1,0
"Zotu4127",0,0,0,5,0,0,0,0,0,0,0,0,0,0,10,0,35,0,0,0,0,0,0,0,0,0,0,0,0,0,0,0,0,0,0,0,0,0,0,0,0,0,0,2,0,0,0,0,0,0,0,0,0,0,0,0,0,0,0,0,0,0
"Zotu3069",0,0,0,2,0,0,0,0,0,0,0,1,1,0,0,3,0,0,0,0,72,0,0,2,0,1,0,0,0,1,0,0,0,0,0,0,0,0,0,0,0,0,0,0,0,0,0,0,0,0,0,0,0,0,0,0,0,0,0,0,0,9
"Zotu6355",0,0,0,1,0,1,0,0,0,1,0,0,0,1,0,1,0,0,0,0,0,0,0,0,0,20,0,0,0,0,0,0,0,0,0,0,0,0,0,0,0,0,0,4,0,2,0,0,0,0,0,0,0,0,0,0,0,0,0,0,1,1
"Zotu4252",0,0,0,2,1,0,0,0,0,11,0,0,0,0,0,0,0,0,0,0,0,0,0,0,0,0,0,0,0,0,0,0,0,0,0,0,0,0,0,0,0,0,0,1,0,0,0,0,0,0,0,0,0,0,0,0,0,0,0,0,47,0
"Zotu662",0,0,0,2,6,0,0,0,0,0,0,1,0,0,8,1,3,0,17,0,0,1,0,0,0,0,0,1,0,0,1,0,1,3,2,7,0,3,4,4,1,1,2,3,2,1,0,3,3,3,1,1,2,1,77,159,81,108,19,2,3,1
"Zotu1648",0,0,0,2,1,0,0,0,14,11,0,0,0,0,7,0,11,0,0,0,0,0,0,0,0,0,1,0,1,0,0,1,0,1,0,0,63,1,2,0,0,0,1,1,2,0,0,0,0,0,0,6,0,0,0,0,0,0,0,0,0,0
"Zotu5982",0,0,0,1,0,0,0,0,0,0,0,0,0,0,0,0,4,0,0,0,0,0,0,0,0,0,0,0,1,0,0,0,1,0,0,0,0,1,0,0,1,1,0,0,0,0,0,0,0,0,0,6,9,0,0,0,0,0,0,0,15,0
"Zotu1517",0,0,0,3,1,0,1,0,0,0,0,1,0,0,0,0,0,0,3,0,4,0,0,0,0,32,0,0,0,1,0,0,0,48,0,0,11,13,0,0,0,0,0,0,2,1,1,0,1,0,0,1,0,0,21,4,4,9,13,0,0,3
"Zotu1678",0,0,0,1,0,0,0,0,3,0,0,0,0,0,0,0,0,0,12,0,1,0,0,0,0,0,0,0,0,0,0,1,2,1,1,1,0,0,1,3,0,1,3,0,1,2,0,2,0,0,1,0,2,1,1,9,25,0,1,68,23,0
"Zotu6084",0,0,0,3,12,1,0,1,1,0,0,0,0,0,0,0,0,0,0,0,3,0,0,2,0,0,0,0,12,1,0,0,0,0,0,0,0,0,0,0,0,0,0,19,0,0,0,0,0,0,0,0,0,0,1,0,0,1,0,0,0,0
"Zotu4604",0,0,0,2,9,0,0,0,2,0,0,0,0,0,8,0,3,0,0,0,0,0,0,0,1,1,0,0,0,0,0,0,0,0,0,0,0,0,0,0,0,0,0,0,0,0,0,0,0,0,0,0,16,0,0,0,0,0,0,0,1,0
"Zotu4086",0,0,0,1,0,0,0,0,0,0,0,0,0,0,1,0,0,0,0,0,0,0,0,0,0,0,0,0,0,0,0,1,0,0,1,0,0,0,0,0,0,0,0,0,0,1,0,0,0,0,0,0,29,0,1,0,1,0,0,0,0,1
"Zotu2875",0,0,0,3,0,0,0,0,0,0,0,0,0,0,0,0,5,0,1,0,0,0,0,0,0,0,0,0,0,0,0,0,0,51,0,0,0,1,0,0,0,0,2,2,1,0,1,0,0,1,0,2,0,0,0,0,1,0,0,0,0,1
"Zotu4636",0,0,0,1,6,0,0,0,0,0,0,9,0,0,0,0,0,0,0,1,0,0,0,0,0,0,0,0,0,0,0,0,0,0,0,1,0,0,0,0,0,0,0,0,0,0,0,0,0,1,0,1,0,0,11,0,11,0,0,10,0,0
"Zotu4022",0,0,0,3,1,1,0,0,0,0,0,0,0,0,0,0,0,0,18,0,0,0,0,0,0,11,0,0,0,0,0,1,0,0,0,0,0,0,0,0,0,0,0,3,0,0,0,2,0,1,0,0,0,0,1,1,0,0,0,15,0,0
"Zotu1278",0,0,0,6,0,0,0,0,0,0,1,0,0,0,1,0,10,0,0,1,0,2,1,0,0,0,0,1,0,0,0,182,0,1,1,0,1,0,0,1,0,1,0,0,0,0,0,0,2,0,0,1,1,0,0,0,1,1,1,0,1,1
"Zotu3385",0,0,0,2,0,0,0,0,0,0,1,36,0,2,1,0,1,1,1,0,0,0,0,0,1,0,0,0,0,0,0,0,0,0,0,0,0,0,0,0,0,0,0,0,0,0,0,0,0,0,0,3,0,0,0,0,0,1,0,0,0,0
"Zotu6008",0,0,0,1,0,1,0,0,1,0,0,0,0,0,0,0,0,0,0,0,0,0,1,0,0,0,0,0,12,32,0,0,0,0,0,0,0,0,0,0,0,0,0,0,0,0,0,0,0,0,0,0,0,0,0,0,0,0,0,0,0,0
"Zotu5025",0,0,0,1,0,0,0,0,0,0,0,0,0,0,0,0,6,0,0,0,0,0,0,0,0,0,0,0,0,0,0,0,0,0,0,0,0,0,0,0,0,0,0,0,0,1,0,0,0,0,1,0,0,0,0,0,0,0,1,0,12,10
"Zotu3180",0,0,0,1,1,0,0,0,2,0,1,0,0,0,9,1,0,0,37,0,0,0,0,0,0,0,0,0,0,0,0,0,0,0,0,0,0,0,0,0,0,0,0,0,0,1,0,0,0,0,0,3,0,0,2,14,0,0,0,0,0,0
"Zotu4848",0,0,0,2,0,0,0,0,0,0,0,0,0,0,0,0,0,0,0,0,0,0,0,0,0,0,0,0,0,0,0,1,1,0,0,1,0,0,0,0,0,0,0,0,0,0,0,1,0,0,0,0,0,0,0,12,8,0,0,0,0,0
"Zotu4820",0,0,0,3,0,1,0,0,0,0,0,0,0,0,0,0,0,0,15,3,0,0,0,0,0,0,0,0,0,0,0,0,0,0,0,0,0,0,0,0,0,0,0,1,0,0,0,1,0,0,0,0,0,0,2,6,0,0,0,0,0,1
"Zotu1923",0,0,0,2,0,0,1,0,0,0,0,0,0,0,5,0,0,0,0,0,0,0,0,1,0,0,0,0,19,0,0,0,0,1,0,0,0,0,0,1,0,13,0,0,1,0,0,0,0,2,41,10,19,0,0,0,1,1,0,0,2,0
"Zotu2644",0,0,0,1,9,0,1,0,1,0,0,0,0,0,0,0,0,0,0,0,0,0,0,0,0,1,0,0,0,0,0,1,0,1,0,0,1,1,0,0,1,0,0,7,2,1,0,0,0,0,1,1,0,0,11,0,0,1,0,43,1,0
"Zotu2163",0,0,0,3,0,1,0,0,0,0,0,0,0,0,0,0,0,0,0,0,0,0,0,2,0,0,0,0,0,0,0,2,0,0,0,5,0,0,0,0,1,1,1,2,0,0,0,0,0,0,0,0,0,1,10,0,24,73,0,0,0,0
"Zotu5308",0,0,0,1,0,0,0,0,0,0,28,0,0,0,5,1,2,0,0,0,0,0,0,1,0,0,0,0,0,0,0,0,0,0,0,0,0,0,0,0,0,0,0,0,0,0,0,0,0,0,0,0,0,0,0,0,0,0,0,0,0,0
"Zotu5350",0,0,0,8,0,0,0,0,0,0,0,0,0,0,0,0,0,0,0,0,0,0,0,0,0,0,0,0,0,0,0,0,3,0,0,0,1,0,0,1,0,0,0,31,0,0,0,0,0,0,0,1,0,0,1,1,0,0,0,0,0,0
"Zotu6004",0,0,0,1,0,0,0,0,0,0,0,0,0,0,0,0,0,0,0,0,0,0,0,0,0,0,0,0,0,0,0,0,0,0,0,0,1,2,0,0,0,0,0,0,0,0,0,0,0,0,1,0,0,0,0,0,11,0,8,4,8,1
"Zotu891",0,0,0,2,4,0,0,1,2,0,35,0,0,1,1,0,0,0,0,0,0,0,0,0,0,0,0,0,0,0,1,0,2,2,3,0,2,1,1,3,0,3,2,3,3,4,1,1,4,2,0,5,16,1,85,111,18,0,16,21,7,0
"Zotu4763",0,0,0,4,41,2,0,0,0,0,0,0,0,1,0,1,2,0,0,0,0,0,0,0,1,0,0,0,0,1,0,1,0,0,0,0,0,0,0,0,0,1,0,36,0,0,0,0,0,0,0,0,0,1,1,1,1,0,0,0,0,0
"Zotu3740",0,0,0,2,1,0,0,0,0,0,0,0,0,0,0,0,13,1,0,0,1,0,0,0,0,0,0,0,0,0,0,0,2,0,0,0,1,1,2,1,0,1,0,0,0,1,0,2,0,0,0,4,2,0,0,0,0,0,0,0,1,37
"Zotu5962",0,0,0,5,10,0,0,1,0,0,0,0,0,0,0,0,2,0,0,1,1,2,0,0,0,0,0,0,0,0,1,0,0,0,0,0,1,0,0,0,0,0,0,1,1,0,0,1,0,0,0,0,0,0,4,0,0,0,18,14,0,0
"Zotu3747",0,0,0,2,4,0,0,0,0,1,0,0,0,0,0,0,0,0,0,0,0,0,0,0,0,0,0,0,0,0,0,0,0,1,0,0,0,1,0,0,0,0,0,1,0,1,0,0,0,2,0,9,0,0,0,0,1,1,0,1,0,57
"Zotu2894",0,0,0,4,1,0,0,0,12,0,0,0,1,0,0,0,0,0,9,0,0,0,0,0,0,0,0,0,0,0,0,0,0,0,0,0,0,1,0,0,0,0,0,0,0,0,0,0,0,0,0,0,2,0,1,1,0,0,40,1,0,0
"Zotu2376",0,0,0,1,0,0,0,0,15,0,0,0,0,0,2,0,0,0,0,0,0,0,0,0,0,0,0,0,0,0,0,0,1,0,0,1,1,0,0,0,0,0,1,1,0,0,1,0,0,0,0,0,57,0,0,1,1,1,2,41,1,0
"Zotu853",0,0,0,2,0,0,0,0,0,0,0,0,0,0,4,0,2,0,0,0,0,0,0,0,0,0,0,57,0,0,0,1,2,84,0,2,0,1,67,1,1,29,3,17,0,0,0,0,2,1,1,1,1,1,3,0,0,0,0,1,2,2
"Zotu2130",0,0,0,1,21,0,0,0,0,0,0,0,0,1,0,0,0,0,0,0,7,0,0,1,0,0,0,0,0,0,0,2,0,1,1,0,0,0,0,0,0,1,0,1,1,0,0,1,2,0,0,1,0,0,61,41,3,1,1,1,1,0
"Zotu456",0,0,0,1,0,0,3,0,47,0,0,1,0,1,8,0,1,1,0,1,0,1,3,5,3,90,0,56,1,44,1,359,0,2,1,1,1,0,1,0,3,2,1,2,3,0,3,0,0,1,1,17,16,1,0,0,0,1,0,0,2,0
"Zotu6350",0,0,0,8,9,0,46,2,0,6,0,0,1,0,0,0,10,0,0,0,0,0,0,0,0,1,0,0,0,0,0,0,0,0,0,0,0,0,0,0,0,0,0,0,0,0,0,0,0,0,0,0,0,0,0,0,0,0,0,0,0,0
"Zotu4730",0,0,0,3,0,0,0,0,0,0,0,0,0,0,0,0,14,0,0,0,0,0,0,0,0,0,0,0,0,0,0,0,0,0,0,0,0,0,0,0,0,0,0,0,0,0,0,0,0,0,0,0,0,0,0,0,0,0,0,0,0,0
"Zotu3837",0,0,0,2,1,0,0,0,0,0,0,0,0,0,0,0,1,0,0,0,0,0,0,0,0,0,0,0,0,0,0,0,0,0,0,1,0,0,1,0,1,0,0,0,0,1,0,0,0,1,0,3,2,0,13,1,13,0,0,19,7,0
"Zotu3276",0,0,0,10,1,0,0,0,0,0,0,0,0,0,0,0,12,0,1,0,7,1,1,0,1,0,2,0,0,0,0,1,1,0,0,1,2,1,0,1,0,0,0,1,1,1,1,0,0,0,2,3,0,0,0,0,0,1,0,0,14,32
"Zotu6070",0,0,0,4,9,0,0,0,0,1,0,0,0,0,0,1,0,1,0,0,0,0,0,0,0,0,0,1,0,1,1,0,0,0,0,0,0,0,0,0,0,0,0,0,0,0,0,0,0,0,0,0,0,0,0,0,0,0,0,0,0,0
"Zotu5876",0,0,0,3,0,0,0,0,0,0,0,0,0,0,0,0,0,0,0,0,0,0,0,0,0,0,0,0,0,0,0,0,0,0,0,0,0,0,0,0,0,0,0,13,1,0,0,0,0,1,0,0,0,0,0,0,0,0,0,0,0,0
"Zotu2174",0,0,0,4,0,0,1,0,13,0,0,0,0,0,4,0,2,0,0,0,0,0,0,0,0,0,0,0,0,0,0,0,2,0,1,0,0,0,1,1,1,0,0,0,1,0,0,1,0,5,0,1,1,2,0,0,0,0,0,1,44,26
"Zotu1799",0,0,0,1,0,1,0,0,0,0,14,0,0,1,1,0,0,0,29,0,1,0,0,0,1,0,0,1,1,0,0,0,0,0,1,1,1,0,1,0,0,0,0,0,2,1,1,1,0,0,7,1,0,0,0,27,0,0,12,0,0,0
"Zotu5657",0,0,0,1,22,0,0,0,25,0,0,0,0,0,3,0,0,0,0,0,0,0,0,0,0,0,0,0,0,1,0,0,0,0,0,0,0,0,0,0,0,0,0,0,0,0,0,0,0,0,0,0,0,0,0,0,0,0,0,0,0,0
"Zotu5338",0,0,0,7,17,0,0,0,0,0,0,1,0,11,0,0,1,0,0,0,1,0,0,0,0,0,0,0,1,0,0,0,0,0,0,0,0,0,0,0,0,0,0,4,0,0,0,0,0,0,0,0,0,0,0,0,0,0,0,0,0,0
"Zotu2101",0,0,0,1,0,0,0,0,1,2,0,0,0,2,0,94,0,1,0,1,0,0,0,0,0,1,0,0,0,0,0,0,0,0,0,0,0,0,0,0,0,0,0,1,0,0,0,0,0,0,1,0,0,0,0,0,0,0,0,0,0,0
"Zotu5094",0,0,0,3,0,0,0,0,4,0,0,0,0,0,0,0,0,0,1,0,0,0,0,0,0,0,0,0,0,0,0,0,0,0,0,1,0,0,0,1,0,0,0,0,0,0,0,0,0,0,0,8,0,1,1,0,0,0,16,0,21,0
"Zotu5155",0,0,0,6,14,1,0,2,0,7,0,0,0,1,0,0,15,0,0,0,0,0,0,0,0,0,0,0,0,0,0,0,0,0,0,0,0,0,0,0,0,0,0,0,0,0,0,0,0,0,0,0,0,0,0,0,0,0,0,0,0,0
"Zotu5329",0,0,0,4,0,0,0,0,0,2,0,0,0,0,0,0,0,1,16,0,0,0,0,0,0,0,0,0,1,0,0,0,0,0,0,0,0,0,0,0,0,0,0,5,0,0,0,1,0,0,2,6,0,11,0,0,0,0,0,0,0,0
"Zotu1992",0,0,0,1,0,1,0,0,0,0,0,0,0,0,0,0,3,0,0,0,3,0,0,0,0,0,0,0,0,0,0,1,1,0,0,0,0,1,0,0,0,1,0,0,27,0,0,1,1,0,0,1,0,14,2,1,1,74,2,0,0,0
"Zotu3272",0,0,0,2,0,0,0,0,2,0,34,0,1,0,3,0,0,0,30,0,0,0,0,0,0,0,0,0,0,0,0,0,0,0,0,0,0,0,0,0,0,0,0,1,0,0,0,0,0,0,0,1,0,1,1,0,0,0,0,0,0,0
"Zotu1691",0,0,0,1,0,0,1,0,0,0,0,0,0,1,1,0,0,0,0,0,5,0,0,0,0,35,0,22,14,0,0,0,0,46,0,1,0,0,0,1,0,0,0,1,0,0,0,0,0,0,0,0,0,0,0,0,0,1,0,0,0,0
"Zotu5602",0,0,0,1,0,0,0,0,0,0,0,0,0,0,0,0,11,0,0,0,18,0,0,0,0,0,0,0,0,0,0,0,0,0,0,0,0,0,0,0,0,0,0,0,0,0,0,0,0,0,0,0,0,0,0,0,0,0,0,0,0,0
"Zotu3015",0,0,0,2,3,0,0,0,0,0,1,0,0,0,0,1,0,0,0,0,0,0,0,0,1,0,0,1,0,0,0,0,1,1,0,1,0,0,0,0,0,0,69,14,0,0,0,0,0,2,0,0,0,0,1,0,0,0,0,0,0,0
"Zotu5204",0,0,0,2,0,1,1,0,0,0,0,0,0,0,0,0,4,0,0,0,15,0,0,0,0,0,0,0,21,0,2,0,0,0,0,0,0,1,0,0,0,0,0,2,0,0,1,0,1,0,0,4,0,0,0,0,0,0,0,1,1,6
"Zotu5420",0,0,0,1,0,0,0,0,0,0,0,0,0,0,8,1,5,0,0,0,0,0,0,0,0,1,0,0,0,0,0,0,1,0,0,0,0,0,0,0,0,0,0,0,0,0,0,0,0,0,0,0,0,28,0,0,0,0,0,0,0,0
"Zotu5730",0,0,0,2,0,0,0,0,0,0,0,0,0,0,0,1,9,0,0,1,0,0,0,0,0,0,0,0,0,0,0,1,0,0,0,0,0,0,0,0,0,1,0,16,0,0,0,0,0,0,0,0,0,0,0,0,0,0,0,0,0,0
"Zotu4757",0,0,0,1,2,0,0,0,0,0,0,0,0,1,1,0,1,0,0,0,0,0,0,1,0,0,0,0,0,0,0,0,0,0,0,0,0,1,0,0,0,0,0,9,0,0,16,11,0,0,3,0,0,0,2,3,3,0,2,1,3,0
"Zotu1976",0,0,0,2,25,0,0,0,0,1,0,0,0,0,0,1,0,0,0,0,0,0,0,0,0,0,1,0,0,0,0,0,1,0,0,1,0,2,3,1,1,0,0,0,47,1,1,0,0,0,0,2,0,12,15,11,0,0,0,1,7,0
"Zotu3658",0,0,0,2,1,0,0,0,0,0,0,0,0,0,3,0,0,0,0,0,0,0,0,0,0,0,0,0,0,0,0,0,0,0,0,0,0,0,2,0,0,0,2,1,0,0,0,0,1,0,1,0,0,0,0,18,21,0,4,9,1,5
"Zotu3555",0,0,0,2,2,0,0,0,0,0,0,0,0,0,0,0,0,0,0,0,0,0,0,0,0,0,0,0,0,0,0,0,1,0,0,0,0,24,1,0,0,2,1,1,0,0,1,1,0,0,0,0,0,0,10,5,0,0,15,0,0,0
"Zotu6362",0,0,0,4,2,0,0,0,1,0,0,21,0,0,0,1,0,1,0,1,0,0,0,0,2,0,0,0,0,0,0,0,1,0,0,0,0,0,0,0,0,0,0,1,0,0,0,0,0,0,0,0,0,0,0,5,0,0,0,0,0,0
"Zotu3967",0,0,0,1,0,0,0,0,0,0,0,1,0,0,3,0,0,39,0,0,0,0,1,0,0,1,1,0,2,0,0,0,0,0,0,0,0,0,0,0,0,0,0,0,0,0,0,0,0,0,0,0,0,0,0,0,0,0,0,0,0,0
"Zotu1431",0,0,0,1,0,0,0,0,0,0,0,0,0,0,0,0,6,0,0,0,0,0,0,0,0,0,0,0,0,0,0,0,0,0,1,2,0,2,0,0,0,0,0,1,136,0,0,0,0,0,0,0,0,0,1,0,0,1,1,1,2,0
"Zotu1628",0,0,0,2,0,0,0,0,0,0,0,0,0,0,0,0,0,0,0,0,0,0,0,0,0,0,0,0,0,0,0,0,1,0,0,1,15,1,0,5,1,0,0,2,0,0,0,2,1,125,37,1,0,0,0,0,0,0,0,1,3,9
"Zotu1320",0,0,0,4,0,0,2,1,1,0,0,0,0,1,1,0,0,0,0,0,0,0,0,0,0,0,0,0,0,0,0,0,4,4,3,0,3,1,0,1,0,2,0,0,1,0,1,2,1,2,1,2,5,1,0,0,0,0,0,154,0,23
"Zotu4279",0,0,0,1,2,0,0,0,0,0,0,0,0,0,0,0,0,0,0,0,1,0,0,0,0,0,1,0,0,2,0,0,0,0,0,0,1,0,0,0,0,0,1,1,0,0,0,0,0,0,2,1,1,0,0,0,1,0,0,13,15,0
"Zotu4488",0,0,0,1,2,0,0,0,0,0,0,0,3,0,20,0,3,0,9,0,0,0,0,0,0,0,0,0,0,2,0,0,0,0,0,0,0,0,0,0,0,0,0,0,0,0,0,0,0,0,0,0,0,0,0,0,0,0,0,0,0,0
"Zotu2689",0,0,0,7,13,1,0,0,0,0,0,0,0,0,0,1,0,0,0,0,0,0,1,0,0,0,0,0,1,0,0,0,1,1,0,0,0,0,1,0,0,0,0,6,2,1,0,1,0,3,2,0,1,0,0,7,12,49,0,0,7,0
"Zotu3731",0,0,0,3,1,0,0,0,0,0,0,1,3,0,0,0,2,0,0,0,0,0,0,0,0,0,0,0,0,1,2,3,3,1,0,0,0,1,0,1,1,0,0,31,0,0,0,0,1,0,1,2,0,1,7,1,0,0,31,0,1,1
"Zotu6367",0,0,0,2,1,0,0,0,0,0,0,0,0,0,0,0,2,0,0,0,0,0,0,0,0,0,0,0,0,0,0,0,0,1,0,0,1,0,0,0,0,0,1,29,0,0,1,0,0,0,0,0,0,0,0,1,1,0,0,0,0,0
"Zotu3408",0,0,0,1,0,68,0,0,0,9,2,2,0,0,0,0,0,1,2,0,1,0,0,0,0,0,0,0,3,0,0,0,0,0,0,0,0,0,0,0,0,0,0,0,0,0,0,0,0,0,0,0,0,0,0,0,0,0,0,0,0,0
"Zotu1973",0,0,0,8,0,1,0,0,0,0,0,0,0,0,0,0,5,0,0,0,0,0,0,0,0,0,0,0,0,0,0,0,0,0,0,0,0,0,1,0,135,1,0,0,0,0,0,0,0,1,0,0,0,2,0,0,1,0,0,0,0,1
"Zotu1768",0,0,0,2,0,0,0,0,0,0,0,0,0,0,0,0,0,0,0,0,0,0,0,0,0,0,0,0,0,0,0,1,1,0,0,0,0,0,2,0,0,0,0,0,0,1,0,1,0,0,0,0,0,0,0,19,12,104,1,1,2,0
"Zotu5881",0,0,0,2,0,0,0,0,0,0,0,0,0,0,0,0,3,0,0,0,0,0,0,0,0,0,0,0,0,0,0,0,0,0,0,0,0,0,2,1,0,0,0,5,0,0,0,0,0,0,0,4,0,0,34,0,0,0,0,0,0,0
"Zotu1682",0,0,0,1,6,0,0,0,1,1,0,0,0,0,2,1,4,0,0,0,0,61,0,2,0,0,0,0,13,1,0,0,0,0,1,0,1,0,0,13,0,0,0,0,1,0,0,0,0,3,0,0,0,1,0,0,0,0,9,9,3,0
"Zotu6257",0,0,0,1,5,0,0,1,0,0,0,0,0,0,0,0,0,0,0,0,5,0,0,0,0,0,0,10,0,0,0,1,2,15,0,1,0,0,0,0,0,0,0,7,0,1,0,1,0,0,1,1,0,0,0,0,0,0,0,0,2,0
"Zotu5668",0,0,0,1,0,0,0,0,0,0,0,0,0,0,0,0,0,0,0,0,0,0,0,0,0,0,0,0,0,0,0,0,0,0,0,0,0,0,0,0,0,0,0,31,0,0,1,1,0,0,1,0,0,0,0,0,0,0,0,0,0,0
"Zotu725",0,0,0,1,0,0,1,0,1,0,0,0,0,0,24,1,11,0,0,0,0,0,0,0,0,1,0,1,0,0,1,2,10,5,3,2,4,0,5,3,5,5,2,6,5,2,4,4,0,2,1,311,4,29,1,0,2,2,0,1,5,5
"Zotu1454",0,0,0,1,1,0,0,0,0,0,0,0,0,0,2,0,0,0,0,0,0,0,0,1,0,0,0,0,0,0,0,0,1,0,3,0,0,1,0,0,1,0,0,5,0,0,0,1,1,1,2,4,1,1,29,1,1,31,65,9,0,0
"Zotu4909",0,0,0,2,0,0,1,0,0,2,0,0,1,1,1,0,17,0,1,0,1,0,0,0,0,0,0,0,0,10,0,0,0,0,0,0,0,0,0,0,0,0,0,2,0,0,0,0,0,0,0,0,0,0,0,0,0,0,0,0,0,0
"Zotu5809",0,0,0,2,0,0,0,0,0,0,0,0,0,0,0,0,0,0,0,0,0,0,0,0,0,0,0,0,0,0,0,0,0,0,0,0,1,0,0,0,0,0,0,24,0,0,0,0,0,0,0,0,0,0,0,0,1,1,0,0,0,0
"Zotu3953",0,0,0,3,0,0,0,0,0,1,0,0,0,0,0,0,0,1,0,0,21,1,0,0,0,0,0,0,11,11,0,0,0,0,0,0,0,0,0,1,1,0,0,1,0,0,0,0,0,1,0,0,15,0,0,1,0,1,1,0,1,0
"Zotu995",0,0,0,3,1,0,0,0,0,0,0,1,0,0,16,1,1,0,0,0,0,0,0,0,0,0,2,1,72,0,294,0,0,0,0,1,0,0,0,0,0,0,0,3,0,0,0,0,0,0,0,0,0,1,3,0,0,0,0,0,0,0
"Zotu2430",0,0,0,1,0,0,0,0,0,0,0,0,0,0,2,0,0,0,0,0,0,0,0,0,0,0,0,0,0,0,0,1,1,2,0,1,1,0,1,1,2,0,0,0,0,0,1,0,0,2,2,0,0,0,1,0,1,0,0,23,4,46
"Zotu4286",0,0,0,3,8,0,0,0,0,0,0,0,0,0,0,0,0,0,0,0,13,0,0,0,2,0,0,0,0,0,0,0,0,0,0,0,0,0,0,0,0,0,0,0,0,0,1,0,0,0,0,0,0,0,0,0,0,0,0,12,8,0
"Zotu1835",0,0,0,1,2,1,0,0,1,0,1,0,0,0,0,1,0,0,0,124,1,0,0,0,1,0,0,1,0,0,0,0,0,0,0,0,0,0,0,0,0,0,0,0,0,0,0,0,0,0,0,0,0,0,0,0,0,0,0,0,0,0
"Zotu3239",0,0,0,1,0,0,0,0,0,0,0,0,0,0,0,0,0,0,0,0,0,0,0,0,0,0,0,0,0,0,0,55,0,17,0,0,0,0,0,0,0,0,0,3,0,1,0,0,0,0,0,0,0,1,0,1,0,0,0,0,1,0
"Zotu6287",0,0,0,4,0,0,0,0,0,0,0,0,1,0,0,0,18,0,0,0,1,0,0,0,0,0,0,0,0,0,0,0,0,0,0,0,0,0,0,0,0,0,0,0,0,0,0,0,0,0,0,0,0,0,0,0,0,0,0,0,0,0
"Zotu5397",0,0,0,3,1,0,0,0,0,0,0,0,0,0,0,0,0,0,0,0,0,0,0,0,0,0,0,0,0,0,0,0,1,0,0,1,0,0,0,1,0,0,0,1,0,0,0,0,0,0,0,0,0,0,0,10,13,1,0,0,1,0
"Zotu5315",0,0,0,1,0,0,0,0,0,0,0,0,0,0,3,0,3,0,0,0,0,0,0,0,0,0,0,0,0,0,0,0,0,0,1,0,0,0,0,0,0,0,0,0,0,0,0,0,0,0,0,0,0,12,0,0,0,0,0,0,1,0
"Zotu6088",0,0,0,1,17,0,3,0,0,1,0,0,0,1,0,0,5,0,1,0,0,0,0,0,0,0,0,0,0,0,0,0,0,0,1,0,0,0,0,0,0,0,0,5,0,0,0,0,0,0,0,0,0,0,0,0,0,0,0,0,0,0
"Zotu5676",0,0,0,4,13,0,0,1,0,0,0,0,0,0,3,0,4,0,0,0,0,0,0,0,2,0,0,0,0,0,0,0,0,1,0,0,0,0,0,0,0,0,0,0,0,0,0,0,0,0,0,0,0,0,0,0,0,0,0,0,0,0
"Zotu2464",0,0,0,1,0,0,0,0,0,0,0,0,0,0,0,0,0,0,0,0,0,0,0,0,0,0,0,0,0,0,0,4,5,1,2,4,1,0,2,1,2,1,0,1,2,18,92,0,3,1,0,1,0,0,49,23,76,140,0,4,1,1
"Zotu4590",0,0,0,2,0,0,1,1,0,1,0,0,0,0,0,0,1,1,0,0,7,0,0,0,0,18,0,0,0,0,0,0,0,0,0,0,0,0,1,0,0,0,0,0,0,0,0,0,0,0,0,0,0,0,0,0,0,0,0,1,0,0
"Zotu1892",0,0,0,3,0,0,0,0,0,34,23,0,0,0,12,0,23,0,0,0,0,0,0,0,2,0,0,0,0,0,0,0,0,0,0,0,0,0,0,0,0,0,0,0,0,1,0,0,0,0,0,8,0,0,0,0,0,0,0,0,0,0
"Zotu2785",0,0,0,3,9,0,0,0,0,0,0,1,0,0,0,0,0,0,0,1,1,0,0,0,0,0,0,0,3,0,0,0,1,0,0,0,0,0,1,1,0,0,1,4,0,0,1,1,1,0,1,0,0,0,7,7,1,3,11,10,7,1
"Zotu2726",0,0,0,1,0,0,0,0,0,0,0,1,0,1,0,0,0,0,20,0,0,0,0,0,0,0,0,0,0,1,0,0,0,0,1,1,0,0,0,0,1,1,1,0,1,1,0,0,0,2,0,0,1,0,25,1,14,1,20,1,0,0
"Zotu2434",0,0,0,2,0,0,0,0,0,0,0,0,0,1,0,0,0,0,0,0,0,0,0,0,0,1,0,0,0,0,0,1,0,0,88,0,0,0,1,0,0,0,0,4,0,0,0,3,0,0,1,1,0,0,1,1,1,0,1,2,0,0
"Zotu1143",0,0,0,1,0,0,6,0,0,0,0,0,0,21,0,0,3,2,0,0,1,1,0,0,0,0,0,0,0,0,0,0,0,0,1,0,0,1,6,0,0,3,2,2,111,1,0,0,0,1,1,2,1,0,2,0,1,1,1,1,29,55
"Zotu4572",0,0,0,1,0,0,0,5,0,0,20,2,0,0,3,0,5,0,0,0,0,0,0,0,0,0,0,1,2,2,1,0,0,0,0,0,0,0,0,0,0,0,0,0,0,0,0,0,0,0,0,0,0,0,0,0,0,0,0,0,0,0
"Zotu5274",0,0,0,1,0,0,0,1,0,0,0,0,0,0,0,0,1,1,0,0,8,0,0,0,0,0,0,0,14,0,0,0,0,0,0,0,0,0,0,0,0,0,0,0,0,0,0,0,1,1,4,0,0,0,0,0,0,0,0,1,1,3
"Zotu4679",0,0,0,1,0,0,0,0,0,0,0,0,0,0,0,0,0,0,0,0,0,0,0,0,0,0,0,0,0,0,0,0,1,0,1,0,42,0,0,1,0,1,0,0,2,0,0,1,0,1,0,0,0,1,0,0,0,0,0,0,0,1
"Zotu1137",0,0,0,1,0,0,0,0,0,0,2,0,0,0,0,0,0,0,0,0,0,0,0,0,0,0,0,0,0,0,0,2,2,0,2,1,1,0,1,0,0,1,0,1,1,184,0,40,0,0,0,1,0,1,1,0,0,0,2,0,1,0
"Zotu6261",0,0,0,4,8,2,1,0,0,0,0,0,0,6,1,0,4,1,0,0,1,0,0,0,0,0,0,0,0,0,0,2,1,0,0,3,1,0,0,0,0,0,0,0,42,1,0,1,0,2,1,1,1,1,0,0,9,0,15,3,25,24
"Zotu2751",0,0,0,2,1,0,0,0,0,0,0,0,0,0,0,1,3,0,0,0,3,0,0,0,1,0,0,0,0,20,1,0,0,0,0,0,17,0,0,23,0,42,0,0,0,0,2,0,2,0,0,1,0,0,1,0,0,0,0,0,1,0
"Zotu2029",0,0,0,1,0,0,0,5,0,0,0,0,0,0,1,0,0,0,4,0,0,0,0,0,0,0,0,0,0,0,0,0,0,0,0,2,1,12,0,1,0,0,127,1,1,1,0,0,0,3,1,1,15,0,0,0,0,0,1,1,0,0
"Zotu3532",0,0,0,2,8,0,0,1,0,0,0,0,0,0,0,0,0,0,0,0,0,0,0,1,0,0,0,0,0,0,0,1,1,1,1,0,1,0,1,1,0,0,0,1,0,0,0,0,0,2,0,0,0,0,26,0,0,0,0,0,0,0
"Zotu5687",0,0,0,1,0,0,0,0,0,0,0,0,0,0,0,0,0,0,0,0,0,0,0,0,0,0,0,0,0,0,0,0,0,0,1,0,0,0,0,0,1,1,0,0,0,0,0,0,0,0,0,0,0,0,13,0,0,0,0,0,0,0
"Zotu2905",0,0,0,1,4,0,0,0,0,0,0,0,0,0,0,0,0,0,0,0,0,0,0,0,0,0,0,0,0,0,0,0,0,1,0,0,0,0,0,0,1,1,0,0,2,0,0,0,1,0,1,0,0,0,1,1,0,0,73,1,1,1
"Zotu4833",0,0,0,2,1,0,0,0,0,0,0,0,0,0,0,0,0,18,0,0,0,0,1,0,1,0,0,0,0,0,0,0,0,0,0,0,0,0,0,0,0,0,0,1,0,0,0,0,0,0,0,0,0,0,2,0,0,0,0,0,0,0
"Zotu545",0,0,0,1,2,2,4,5,16,1,1,7,1,1,25,2,57,85,1,0,1,1,1,0,3,1,1,1,1,2,156,4,97,63,0,21,9,0,1,18,1,1,0,0,2,0,1,0,0,1,1,2,2,1,1,1,0,1,0,0,0,0
"Zotu1828",0,0,0,2,0,0,0,0,0,0,0,0,0,0,0,0,0,0,0,0,0,0,0,0,0,0,2,0,0,0,0,0,3,1,0,0,0,1,0,0,1,0,148,0,1,0,1,0,0,1,0,1,0,2,2,0,0,0,0,1,1,1
"Zotu3010",0,0,0,3,8,0,1,0,0,0,0,0,0,0,0,0,0,0,0,0,0,0,0,0,0,0,0,0,0,1,0,0,2,35,1,0,0,1,0,1,0,0,0,0,0,0,1,0,0,0,1,2,0,0,0,5,1,0,0,0,0,6
"Zotu5934",0,0,0,4,0,0,0,0,0,0,0,0,0,0,0,0,19,0,0,0,0,0,0,0,0,0,0,0,0,0,0,0,0,0,0,0,0,0,0,0,0,0,0,1,0,0,0,0,0,0,0,0,0,0,0,0,0,0,0,0,0,0
"Zotu3477",0,0,0,1,0,0,0,0,0,0,0,0,0,1,0,45,0,0,0,0,0,0,0,2,0,1,0,0,0,1,0,0,0,0,0,0,0,0,0,0,0,0,0,0,0,0,0,0,0,0,0,0,0,0,0,0,0,0,0,0,0,0
"Zotu3500",0,0,0,1,0,0,0,0,0,0,0,0,0,0,0,0,0,0,0,0,0,0,0,0,0,0,0,0,0,0,0,1,0,1,0,0,0,50,0,0,0,0,0,0,0,0,0,0,0,0,0,0,0,0,0,0,0,0,0,0,0,1
"Zotu1725",0,0,0,1,0,1,0,0,0,1,1,1,0,0,0,0,0,0,0,0,0,0,0,1,0,1,0,1,12,47,0,1,3,2,0,0,6,15,12,40,0,1,1,0,0,0,0,1,2,0,0,2,0,1,2,6,3,0,0,4,0,3
"Zotu4325",0,0,0,2,2,0,0,0,9,1,0,0,0,0,2,0,0,0,0,0,0,0,0,0,0,0,0,0,0,0,0,0,0,0,0,0,0,0,0,0,0,13,0,3,0,0,0,0,0,0,0,0,0,0,10,2,0,0,0,0,0,0
"Zotu3053",0,0,0,2,0,0,0,0,7,1,0,0,0,0,0,0,2,0,0,0,2,0,0,0,0,0,0,0,2,0,0,0,0,0,0,0,2,0,0,0,2,1,1,0,1,0,0,0,1,0,9,2,0,4,3,0,0,0,0,1,32,15
"Zotu2893",0,0,0,2,4,2,64,0,0,0,0,0,0,0,4,0,1,0,0,1,5,3,0,0,0,2,0,3,1,1,0,1,0,0,0,0,0,0,1,0,1,0,0,0,0,0,0,0,2,1,0,14,0,0,0,0,0,1,0,0,0,7
"Zotu3176",0,0,0,2,2,1,0,0,0,0,0,0,0,0,2,0,8,0,0,0,0,1,0,0,0,0,0,0,0,0,0,0,0,0,0,0,0,1,0,1,1,0,0,0,1,64,0,0,0,2,0,1,1,0,2,0,8,0,0,5,0,0
"Zotu4058",0,0,0,1,6,0,0,1,0,0,0,0,0,1,0,0,0,0,0,0,0,0,0,0,0,0,0,0,0,0,0,0,0,0,1,0,0,0,0,3,0,1,0,0,0,0,0,0,0,0,0,0,0,0,5,2,13,1,0,4,6,4
"Zotu5083",0,0,0,2,9,1,0,0,0,0,0,0,0,0,0,0,4,0,1,0,0,0,0,0,0,1,0,0,0,0,0,0,0,0,0,0,0,0,16,0,0,0,1,4,0,0,1,0,0,0,0,0,0,0,0,0,0,0,2,0,0,1
"Zotu4515",0,0,0,4,4,0,0,0,0,0,0,0,0,1,0,0,0,0,0,0,0,0,0,0,0,0,0,0,0,1,0,0,0,0,2,0,0,0,0,0,0,0,1,0,0,1,0,0,0,0,0,0,2,1,22,0,25,0,10,3,0,0
"Zotu5421",0,0,0,1,2,0,0,0,0,0,0,0,0,0,0,0,0,0,0,0,0,0,0,0,0,0,0,0,0,0,0,0,0,0,0,0,0,1,2,0,0,0,1,0,0,0,0,0,1,0,0,0,0,24,0,0,0,0,0,10,0,0
"Zotu4690",0,0,0,1,0,0,0,0,0,0,0,0,0,0,0,0,1,0,0,0,3,0,0,0,0,0,0,0,0,0,0,0,0,1,0,0,0,1,0,0,0,1,0,1,0,0,0,0,0,1,0,0,0,21,0,0,0,0,1,0,0,0
"Zotu2337",0,0,0,1,0,0,0,0,0,0,0,0,0,0,0,0,0,0,0,0,0,0,0,0,0,0,0,0,0,0,0,0,1,0,0,0,0,0,0,1,0,0,0,2,0,1,1,1,1,0,1,0,0,0,4,20,1,65,0,0,0,0
"Zotu4559",0,0,0,1,10,1,1,1,0,0,0,0,0,0,1,0,4,0,0,1,0,1,0,0,1,0,0,0,0,0,0,0,0,0,0,0,0,0,0,0,0,0,0,5,0,0,0,0,16,0,0,0,0,0,0,0,0,0,0,0,0,0
"Zotu6364",0,0,0,1,24,0,0,0,0,0,0,0,0,0,0,0,0,0,0,2,0,0,0,0,0,0,0,0,0,0,1,0,0,0,0,0,0,0,0,0,0,0,0,1,0,0,0,0,0,0,0,0,0,0,0,0,0,0,0,0,0,0
"Zotu3078",0,0,0,1,0,0,0,0,0,0,1,0,1,0,2,0,12,0,0,0,21,0,0,0,0,0,0,0,0,0,0,0,0,0,0,1,0,35,0,0,0,0,0,0,0,0,0,1,0,0,0,0,0,0,0,0,0,0,1,0,0,0
"Zotu971",0,0,0,1,1,0,0,0,0,0,0,0,1,0,0,0,3,0,0,0,0,0,0,0,0,0,0,0,0,0,0,2,0,1,2,5,1,1,3,1,0,2,1,267,1,2,0,0,1,1,1,4,2,1,2,4,0,2,1,0,1,3
"Zotu5080",0,0,0,1,1,0,0,0,0,0,0,0,0,0,0,0,0,0,0,0,0,0,0,0,0,0,0,0,0,0,0,0,0,0,0,40,0,0,0,0,0,0,0,2,0,0,0,0,1,0,0,0,0,1,0,0,0,0,0,0,0,0
"Zotu1756",0,0,0,1,1,0,0,1,11,28,25,0,1,0,1,1,0,0,14,2,0,0,1,1,0,1,0,0,3,1,2,0,1,0,0,0,0,11,0,0,1,23,0,0,0,0,0,0,1,1,0,0,0,0,0,0,0,0,0,0,0,1
"Zotu5186",0,0,0,1,0,0,0,0,0,0,0,0,0,0,3,0,2,0,0,0,0,0,0,0,0,0,0,0,2,0,0,0,0,0,0,0,0,0,1,1,0,1,0,8,0,0,0,0,0,0,0,0,16,0,5,0,0,0,0,8,6,0
"Zotu3569",0,0,0,2,0,1,0,0,0,0,0,0,0,0,2,0,0,0,0,0,0,0,0,0,0,0,0,0,0,0,0,0,0,0,0,0,1,62,0,1,0,0,0,1,0,0,0,0,0,0,1,0,0,0,0,0,0,0,0,0,0,0
"Zotu1917",0,0,0,2,0,1,1,22,0,0,0,0,1,0,0,0,3,0,0,0,5,0,1,0,0,0,0,0,0,12,0,0,0,1,1,3,0,0,1,42,1,0,2,1,1,0,0,0,0,0,1,7,0,3,0,0,0,1,14,7,27,27
"Zotu4076",0,0,0,1,0,0,0,0,0,0,14,0,2,22,0,0,0,0,0,0,0,0,0,0,0,0,0,0,0,0,0,0,0,0,0,0,0,0,0,0,0,0,0,0,0,0,0,0,0,0,0,0,0,0,0,0,0,0,0,0,0,0
"Zotu1999",0,0,0,1,0,0,0,0,0,0,0,0,0,0,0,0,0,0,0,1,0,0,0,0,0,0,0,0,21,0,0,0,90,0,0,0,0,0,0,1,1,0,0,1,0,0,0,0,0,0,1,1,0,2,0,0,0,0,2,1,0,0
"Zotu2294",0,0,0,1,3,0,0,7,1,1,0,0,0,1,2,0,4,0,1,0,0,0,0,0,0,0,0,0,0,0,0,0,0,0,0,0,0,0,0,0,0,0,0,0,0,0,0,0,1,0,0,0,0,0,0,0,0,73,0,4,0,0
"Zotu2313",0,0,0,1,102,0,1,0,0,0,0,2,0,1,4,1,2,2,0,0,0,1,0,1,0,0,0,0,2,1,0,0,0,0,0,0,0,0,0,0,1,0,0,15,0,0,0,0,0,0,0,0,0,1,0,0,0,0,0,0,0,0
"Zotu2950",0,0,0,2,0,0,0,0,0,0,1,0,0,0,1,0,0,0,0,0,4,0,0,0,0,0,0,1,0,0,0,0,0,0,0,0,0,0,0,0,0,0,0,0,0,0,0,1,0,0,47,0,10,0,0,0,0,0,0,0,0,0
"Zotu3150",0,0,0,1,0,0,0,1,0,0,0,0,0,0,0,0,33,0,1,0,16,1,0,0,0,0,0,0,0,0,0,0,0,0,0,0,0,0,0,0,0,0,0,0,0,0,0,0,0,0,0,0,0,0,0,0,0,0,0,0,0,0
"Zotu2323",0,0,0,1,2,0,0,0,18,0,0,0,0,3,3,0,0,0,0,0,0,0,0,0,0,0,1,0,0,0,1,0,2,1,0,0,0,0,0,0,1,0,0,0,0,7,82,0,1,0,0,0,1,1,0,10,0,0,0,0,0,1
"Zotu1709",0,0,0,1,0,0,0,2,69,1,0,0,0,0,0,0,0,1,67,0,0,0,0,2,0,0,0,0,0,0,0,0,0,0,0,0,18,0,0,0,0,0,0,6,0,0,0,0,0,0,0,0,0,0,0,0,0,0,0,0,0,0
"Zotu5951",0,0,0,1,0,0,0,0,0,0,0,0,0,0,0,0,0,0,0,0,0,0,0,0,0,0,0,0,0,0,0,0,0,0,0,0,0,0,0,0,0,0,0,1,0,0,0,0,0,0,0,3,0,0,7,1,0,7,13,1,0,0
"Zotu3233",0,0,0,1,0,0,0,0,21,0,0,0,0,0,0,0,0,0,0,0,0,0,0,0,0,0,0,0,0,0,0,0,0,0,0,1,0,0,1,0,0,0,0,0,1,1,0,0,0,0,0,1,0,0,28,19,1,0,1,8,1,0
"Zotu2043",0,0,0,1,9,0,0,0,0,0,0,0,0,0,0,0,0,0,0,0,0,0,0,0,0,0,0,0,0,0,0,1,0,0,1,1,0,0,2,0,1,1,0,2,0,1,1,0,0,2,1,1,0,1,37,36,40,0,0,0,2,2
"Zotu1946",0,0,0,1,0,0,0,0,0,0,0,0,0,0,0,0,0,0,0,0,0,0,0,0,0,0,0,0,0,0,0,1,0,0,1,0,0,0,1,0,1,0,0,0,0,2,0,0,0,0,0,0,0,1,5,2,7,85,7,1,1,0
"Zotu3995",0,0,0,1,0,0,0,0,0,0,0,0,0,0,3,0,0,0,0,0,3,0,0,0,0,0,0,0,0,0,0,1,2,1,0,0,0,0,0,0,1,0,2,0,1,1,1,3,1,3,0,93,25,27,2,1,0,3,0,2,0,5
"Zotu5608",0,0,0,2,0,1,0,0,0,0,0,0,0,1,1,0,5,0,1,0,0,1,0,0,0,0,0,0,20,0,0,0,0,0,0,0,0,0,0,0,0,0,0,0,0,0,0,0,0,0,0,0,0,0,0,0,0,0,0,0,0,0
"Zotu3352",0,0,0,2,3,0,0,0,7,18,0,0,0,0,1,1,0,0,0,1,0,0,0,0,0,1,0,0,2,0,0,0,1,0,1,0,0,0,0,1,0,0,0,1,0,1,1,0,0,0,0,3,0,0,29,1,4,0,1,0,0,0
"Zotu3542",0,0,0,2,0,0,0,0,0,0,0,0,0,0,0,0,0,0,0,0,0,0,0,0,0,0,0,0,0,0,0,1,0,0,0,0,0,1,0,1,0,0,1,0,0,1,2,1,0,0,0,0,0,1,1,35,16,2,5,8,0,0
"Zotu4094",0,0,0,3,8,0,52,0,0,0,0,0,0,1,2,0,7,2,1,0,0,0,0,1,0,1,0,0,0,1,0,0,0,0,0,0,0,0,0,0,0,0,0,2,0,0,0,0,0,0,0,0,0,0,0,0,0,0,0,0,0,0
"Zotu5073",0,0,0,1,2,0,0,0,0,0,0,0,0,0,0,0,0,0,0,0,0,0,0,0,0,0,0,0,0,0,0,0,0,0,0,0,0,1,0,0,1,0,0,2,0,1,0,0,1,0,1,0,0,0,0,0,0,18,2,16,2,1
"Zotu4959",0,0,0,1,11,0,0,0,0,0,0,0,0,0,0,0,3,0,0,0,0,0,0,0,0,0,0,0,0,0,0,0,0,0,0,0,0,0,0,0,0,1,0,15,0,0,0,0,0,0,0,0,0,0,0,0,0,1,0,0,0,0
"Zotu5671",0,0,0,5,14,0,0,0,0,0,0,1,0,0,0,0,11,1,0,0,0,0,0,0,0,0,1,0,0,0,0,0,0,0,0,1,0,1,0,0,0,1,0,6,7,0,0,0,0,0,1,3,0,0,0,0,0,1,0,0,0,9
"Zotu900",0,0,0,2,1,0,0,0,10,1,0,0,0,0,4,0,0,0,0,0,1,0,0,0,0,0,0,0,0,0,2,2,0,2,1,2,2,0,2,3,0,56,1,4,0,3,0,0,4,0,0,1,0,1,14,62,129,0,20,4,1,1
"Zotu5833",0,0,0,1,0,0,0,0,1,0,0,0,0,0,0,1,0,0,0,0,0,0,0,0,0,0,0,0,0,8,1,0,0,0,0,0,0,0,0,0,0,1,0,0,0,0,0,0,0,0,0,14,0,0,0,0,0,0,0,0,0,0
"Zotu2143",0,0,0,1,2,0,0,0,0,0,2,0,1,0,1,1,2,0,2,0,0,0,0,0,0,0,0,57,0,1,0,0,1,0,0,1,0,0,0,0,0,0,0,2,0,0,0,1,0,0,0,3,18,0,0,1,1,0,0,0,0,7
"Zotu2796",0,0,0,1,1,0,0,0,0,1,0,1,0,0,3,0,0,0,0,0,0,0,0,1,0,0,0,0,0,9,89,0,0,0,0,0,0,0,0,2,0,0,0,0,0,0,0,0,0,0,0,1,0,0,0,0,0,0,0,0,0,2
"Zotu5691",0,0,0,1,2,0,0,0,0,0,0,0,0,0,0,0,1,0,0,0,0,0,0,0,0,0,0,0,0,0,0,0,0,0,0,0,1,1,0,0,0,0,0,9,0,0,0,0,1,2,0,0,22,1,14,3,0,0,0,0,11,0
"Zotu3789",0,0,0,1,0,1,0,1,0,4,0,20,0,11,0,1,1,0,0,0,0,0,0,0,1,1,0,0,3,1,0,0,0,0,0,0,0,0,0,0,0,0,0,0,0,0,0,0,0,1,0,0,0,0,0,0,0,0,0,0,3,0
"Zotu6353",0,0,0,1,0,0,0,0,0,0,0,0,0,0,0,0,0,0,0,0,0,0,0,0,0,0,0,0,0,0,0,0,0,0,0,0,0,0,0,1,0,0,0,16,0,0,0,0,0,0,0,0,0,0,0,0,0,0,0,0,0,0
"Zotu3443",0,0,0,2,0,0,0,0,0,0,0,0,0,0,0,0,0,0,0,0,0,0,0,0,0,0,0,0,0,0,0,0,1,1,0,0,0,0,0,0,0,0,1,7,1,1,0,0,0,1,0,0,0,1,0,68,0,0,0,0,1,0
"Zotu5939",0,0,0,1,0,0,0,1,0,0,0,0,0,0,5,0,0,0,0,0,0,0,0,0,0,0,0,0,0,0,0,0,1,0,0,0,0,1,1,0,0,0,0,0,0,0,0,0,1,0,1,0,0,0,0,0,0,0,0,0,17,11
"Zotu1724",0,0,0,4,2,0,0,2,1,0,19,0,0,1,0,0,0,0,0,0,0,0,0,0,1,0,1,0,0,0,1,0,1,1,0,2,0,0,0,0,0,1,0,0,1,0,1,1,0,0,0,0,1,1,8,9,0,0,84,10,0,1
"Zotu3592",0,0,0,1,0,0,0,0,0,7,0,0,0,0,1,0,1,0,0,0,0,0,0,0,0,0,0,0,0,0,0,2,0,0,0,1,0,1,1,0,0,0,0,0,0,0,50,0,0,0,1,0,1,0,0,0,0,0,0,0,1,0
"Zotu4692",0,0,0,1,3,0,0,0,0,0,0,0,0,0,0,0,5,0,0,0,0,0,0,0,0,0,0,0,0,0,0,1,0,0,0,0,0,31,0,0,0,0,0,2,0,0,1,1,0,0,1,1,0,0,0,0,0,0,0,0,0,0
"Zotu5442",0,0,0,2,22,1,0,0,0,1,0,0,0,0,0,0,0,0,0,0,0,0,2,0,0,0,1,0,0,0,1,0,0,0,0,0,0,0,0,0,0,0,1,2,0,0,0,0,0,0,0,0,0,0,0,0,0,0,0,0,0,0
"Zotu1125",0,0,0,3,2,0,6,0,0,0,0,15,0,0,7,0,0,0,0,0,0,0,1,0,0,2,3,0,0,0,0,3,0,1,0,0,1,0,1,0,0,1,0,0,4,0,3,0,1,154,1,0,21,19,0,1,0,0,1,0,0,10
"Zotu3633",0,0,0,1,4,1,0,0,1,0,0,1,0,3,0,0,0,0,4,0,4,0,1,0,1,0,0,0,0,0,0,0,0,0,0,0,0,0,0,2,0,0,0,4,0,2,1,0,0,0,1,0,1,4,5,11,8,0,0,2,0,0
"Zotu4832",0,0,0,2,1,1,0,0,0,0,0,30,0,0,0,0,1,1,0,0,0,0,0,0,0,0,0,0,0,1,0,0,0,0,0,0,0,0,0,0,0,0,0,1,0,0,0,0,0,0,0,0,0,0,0,0,0,0,0,0,0,0
"Zotu2639",0,0,0,1,0,0,0,0,0,0,0,2,0,1,0,0,1,0,66,0,0,0,0,0,0,0,0,0,0,0,1,0,0,0,0,0,0,0,0,0,1,0,0,0,0,0,0,0,0,0,0,6,0,0,0,0,0,0,0,0,14,0
"Zotu5253",0,0,0,1,1,0,0,0,0,0,0,0,0,0,0,0,0,0,0,0,0,0,0,0,0,0,0,0,0,0,0,2,0,0,1,0,0,0,0,0,0,35,0,0,1,0,0,0,1,0,0,1,0,0,0,0,0,0,0,0,0,0
"Zotu742",0,0,0,1,0,0,0,0,2,3,36,0,0,13,14,0,2,0,1,1,0,2,0,0,0,0,0,1,3,0,0,1,3,0,2,0,3,3,2,5,0,1,1,1,3,3,2,4,3,3,1,8,2,0,48,64,56,4,90,48,0,2
"Zotu1449",0,0,0,1,2,0,0,0,0,0,0,0,0,0,0,0,1,0,0,0,0,0,0,0,0,0,0,0,0,0,0,1,0,1,1,1,0,0,0,3,0,0,0,0,1,0,2,1,0,1,2,0,1,1,9,22,43,49,2,22,19,2
"Zotu6053",0,0,0,1,0,0,0,1,0,1,0,0,0,0,4,0,0,0,15,0,0,0,0,0,0,0,0,0,0,0,0,0,0,0,0,0,0,0,0,0,0,0,0,0,0,0,0,0,0,0,0,0,0,0,4,0,0,0,0,0,0,0
"Zotu6378",0,0,0,3,0,0,0,0,0,0,0,0,0,0,0,0,0,0,0,0,0,0,0,0,0,0,0,0,0,0,0,0,0,0,0,0,0,0,0,0,0,0,0,1,0,0,0,0,0,1,1,0,0,0,0,21,0,1,0,0,0,0
"Zotu3467",0,0,0,1,0,0,0,0,0,0,0,0,0,0,0,0,0,0,0,0,0,0,0,0,0,0,0,0,0,0,0,0,0,1,0,2,0,1,0,0,0,0,0,0,0,0,1,1,0,0,1,1,2,1,1,0,0,0,10,50,3,1
"Zotu2673",0,0,0,2,10,0,0,0,11,0,0,21,0,0,0,1,0,0,2,0,0,0,0,0,0,0,0,0,0,0,0,1,1,1,1,0,0,1,4,0,0,2,1,2,0,0,1,2,0,0,1,1,10,0,100,11,29,56,14,3,1,1
"Zotu5119",0,0,0,1,6,0,0,0,0,0,0,0,0,0,0,0,5,0,0,0,1,0,0,1,0,0,0,0,0,1,1,0,0,0,0,0,0,0,0,0,0,0,0,6,0,0,0,0,0,0,0,0,1,0,0,0,0,0,14,0,0,0
"Zotu3860",0,0,0,1,1,0,0,0,0,1,0,11,0,0,1,0,0,0,0,0,0,0,0,0,0,1,0,0,0,0,0,0,0,0,32,0,0,0,0,0,0,0,0,0,0,0,1,0,0,1,1,0,0,0,1,0,0,0,0,0,0,0
"Zotu3048",0,0,0,1,0,0,0,0,0,0,0,0,0,0,0,0,0,0,0,0,0,0,0,0,0,0,0,0,0,0,0,0,1,1,0,0,0,0,1,3,0,0,1,12,0,0,0,0,0,0,0,2,1,4,0,3,0,1,64,0,2,0
"Zotu4249",0,0,0,1,1,0,1,0,0,0,0,0,1,0,0,0,0,0,0,0,0,0,1,0,1,0,1,1,0,24,0,0,0,0,0,0,0,0,0,0,0,0,0,1,0,0,0,0,0,0,0,0,0,0,0,0,0,0,0,0,0,0
"Zotu4817",0,0,0,1,0,0,0,0,0,0,0,43,0,0,6,2,1,0,0,0,0,0,0,1,0,1,1,0,0,0,1,0,0,0,0,0,0,0,0,0,0,0,0,0,0,0,0,0,0,0,0,0,0,0,0,0,0,0,0,0,0,0
"Zotu4337",0,0,0,2,3,0,0,0,0,0,1,0,0,0,4,0,56,0,0,0,0,0,0,0,2,0,0,0,0,0,0,1,0,0,0,0,0,0,0,1,0,0,0,2,0,0,0,0,0,0,0,8,0,21,0,0,0,0,0,0,0,0
"Zotu5438",0,0,0,2,2,1,0,0,0,1,1,0,0,16,4,0,15,1,0,0,2,0,1,0,0,0,0,0,0,0,0,0,0,1,0,0,0,0,0,0,0,1,0,2,0,0,0,0,1,0,0,6,0,0,0,0,0,1,1,20,0,0
"Zotu4091",0,0,0,2,0,0,0,0,0,0,0,0,0,0,0,0,5,0,0,0,0,0,0,0,0,0,0,0,0,0,0,0,1,0,1,0,0,0,1,0,0,0,0,1,0,0,0,1,1,0,0,0,1,0,4,1,0,0,1,18,46,35
"Zotu3098",0,0,0,2,8,0,0,0,0,0,0,7,0,16,2,0,4,0,0,1,0,0,0,0,0,0,0,1,0,4,0,2,0,0,0,0,1,0,1,2,1,0,2,0,0,1,0,0,0,1,1,2,0,19,0,1,0,1,0,0,2,6
"Zotu5361",0,0,0,1,0,1,1,0,0,1,0,0,0,0,0,0,2,0,30,0,0,0,0,0,0,0,0,0,0,0,0,0,0,0,0,0,0,0,0,0,0,0,0,0,0,0,0,0,0,0,0,0,0,0,0,0,0,0,0,0,0,0
"Zotu4753",0,0,0,1,5,0,0,0,0,0,0,0,0,0,0,0,0,0,0,0,0,0,0,0,0,1,0,0,0,0,0,0,0,0,0,0,0,0,0,0,0,0,0,0,0,0,0,1,0,0,0,0,0,0,7,20,0,0,0,0,1,0
"Zotu4908",0,0,0,1,1,0,0,0,0,0,21,0,0,0,0,0,0,0,1,0,0,0,0,0,1,0,0,0,0,0,0,0,0,0,0,0,0,0,0,0,0,0,0,0,0,0,0,0,0,0,0,0,0,0,0,0,0,0,0,0,0,0
"Zotu2203",0,0,0,1,0,0,0,1,21,0,0,0,0,0,14,0,0,0,0,0,0,2,0,0,0,0,0,0,1,0,0,0,1,0,1,1,0,0,0,0,0,0,1,1,0,0,0,0,0,0,1,0,0,0,0,0,0,0,0,55,2,0
"Zotu3982",0,0,0,1,0,0,1,0,0,0,0,0,0,0,0,0,0,0,0,0,21,0,0,1,0,0,0,1,0,0,1,1,0,0,1,0,0,0,0,0,0,0,0,0,0,0,0,0,1,0,0,0,0,0,0,0,1,0,0,0,0,17
"Zotu4595",0,0,0,1,0,30,0,0,0,1,0,0,1,1,0,0,0,0,0,0,0,0,0,0,0,0,0,3,0,0,0,0,0,0,0,0,0,0,0,0,0,0,0,0,0,0,0,0,0,0,0,0,0,0,0,0,0,0,0,0,0,0
"Zotu4924",0,0,0,1,0,0,0,0,0,0,0,0,0,0,0,0,0,0,0,0,3,0,0,0,0,0,0,0,0,1,0,0,0,0,0,0,0,1,1,0,0,0,2,0,2,0,0,2,0,0,0,0,1,0,1,0,0,1,22,11,13,0
"Zotu994",0,0,0,1,3,0,0,0,0,0,0,0,0,0,0,0,0,0,0,0,0,0,0,0,0,0,0,0,0,0,0,3,0,0,0,0,1,0,1,0,1,1,0,2,3,1,1,1,114,0,14,6,1,1,1,14,1,1,0,113,0,0
"Zotu4618",0,0,0,1,0,0,0,0,3,0,29,0,1,0,1,2,0,0,25,0,0,0,0,0,0,0,0,0,0,0,0,0,0,0,1,0,1,0,0,0,0,1,0,3,0,0,0,0,0,0,0,0,9,0,0,0,0,0,0,0,1,0
"Zotu5185",0,0,0,3,9,0,0,0,0,0,11,0,0,0,0,0,2,1,0,0,0,0,0,0,0,0,0,0,0,0,0,0,0,1,0,0,0,0,0,0,0,0,0,2,0,2,0,0,0,1,0,0,0,0,3,18,2,0,1,0,1,1
"Zotu5222",0,0,0,1,0,0,0,0,0,0,0,0,0,0,0,0,1,0,0,0,19,0,0,0,0,0,0,0,0,2,0,0,0,0,0,0,9,0,0,0,0,0,0,0,0,0,0,0,0,0,0,4,0,0,0,0,0,0,0,0,0,0
"Zotu5885",0,0,0,1,0,0,0,0,0,0,0,0,0,0,0,0,2,0,0,0,7,0,0,0,0,0,0,0,1,1,0,0,1,0,0,0,1,1,0,0,0,0,0,0,0,1,0,0,0,0,0,4,0,0,0,0,0,0,0,0,0,0
"Zotu6411",0,0,0,2,0,0,0,1,0,0,0,0,1,0,0,0,19,0,0,0,0,0,0,0,0,0,0,0,0,0,0,0,0,0,0,0,0,0,0,0,0,0,0,0,0,0,0,0,1,0,0,0,0,1,0,0,0,0,0,0,0,15
"Zotu1206",0,0,0,2,15,0,0,0,0,13,28,0,1,0,4,0,3,0,0,0,1,0,0,0,0,0,3,0,1,0,1,0,0,0,0,0,0,0,1,2,1,0,2,2,1,2,0,0,127,2,0,0,2,1,4,11,1,1,18,20,1,0
"Zotu1052",0,0,0,2,0,0,0,0,0,0,0,0,0,1,0,0,0,0,0,0,0,0,0,0,0,0,0,0,0,0,0,2,1,0,0,3,5,2,2,1,0,0,0,9,2,0,0,1,1,0,1,0,0,0,23,7,76,99,12,37,1,0
"Zotu4863",0,0,0,1,48,1,0,0,0,0,0,0,0,0,0,0,7,0,0,1,0,0,0,0,0,0,0,0,0,0,0,0,0,0,0,0,0,0,0,0,0,0,0,0,0,0,0,0,0,0,0,0,0,0,0,0,0,0,0,0,0,0
"Zotu4656",0,0,0,1,0,0,0,0,0,0,0,0,0,0,0,0,0,0,0,0,16,0,1,0,0,1,0,0,26,0,0,1,1,1,0,0,0,7,1,31,1,0,0,1,0,0,0,0,2,0,0,7,0,1,8,22,0,0,0,0,0,1
"Zotu4597",0,0,0,1,0,1,0,0,0,0,0,0,0,0,0,0,28,0,0,1,0,0,0,0,0,0,0,1,1,0,1,0,0,0,0,0,0,0,0,0,0,0,0,0,0,0,0,0,0,0,0,0,0,0,0,0,0,0,0,0,0,0
"Zotu4896",0,0,0,3,6,0,0,0,1,0,0,0,0,0,2,0,0,0,0,0,0,0,0,0,0,0,0,0,0,0,0,0,0,0,0,1,0,0,0,0,0,0,0,0,0,0,2,0,1,0,1,0,0,0,0,1,0,0,2,26,11,0
"Zotu5945",0,0,0,1,2,0,0,0,0,0,0,0,0,0,0,0,0,0,0,0,0,0,0,0,0,0,0,0,0,1,0,0,49,0,1,0,0,1,1,1,1,0,1,6,1,0,1,1,0,1,0,0,0,0,0,0,0,0,6,0,0,0
"Zotu3958",0,0,0,1,0,0,0,0,0,0,1,0,0,0,0,0,0,0,0,0,0,0,0,23,0,0,0,0,0,0,0,0,0,0,0,0,0,0,0,0,0,0,0,0,0,0,0,0,0,0,0,0,0,0,0,0,0,0,0,0,0,0
"Zotu4032",0,0,0,1,0,0,0,0,4,0,0,0,0,1,1,0,6,0,1,0,0,0,0,0,0,0,0,0,0,45,0,0,0,0,0,0,0,0,0,0,0,0,0,0,0,0,0,0,0,0,0,0,0,0,0,0,0,0,0,0,0,0
"Zotu2102",0,0,0,1,0,1,0,1,20,6,0,12,0,0,0,0,1,0,0,0,0,0,0,0,0,0,0,0,0,0,0,1,0,2,1,0,0,0,0,1,0,2,0,1,0,0,0,1,54,0,0,3,6,0,1,0,0,0,1,0,0,13
"Zotu6335",0,0,0,1,0,0,0,0,0,0,0,0,0,5,2,0,1,0,0,0,0,0,0,0,0,0,0,0,0,0,0,0,0,0,1,0,0,0,0,0,0,0,1,17,0,0,0,0,0,0,0,0,0,0,0,0,0,0,0,0,0,0
"Zotu1877",0,0,0,1,2,0,0,0,0,0,0,0,0,0,0,0,2,0,0,0,0,0,0,0,0,1,0,0,0,0,0,1,1,1,2,0,2,1,1,0,3,2,2,148,0,0,0,0,0,0,0,1,0,0,0,1,2,0,2,0,1,5
"Zotu4596",0,0,0,1,3,22,0,0,0,0,0,0,1,0,0,0,4,0,0,1,0,0,1,0,0,0,0,0,1,0,0,0,0,0,0,0,0,0,0,0,0,0,0,0,0,0,0,0,0,0,0,0,0,0,0,0,0,0,0,0,0,0
"Zotu3910",0,0,0,1,0,0,0,0,0,10,0,0,0,0,0,0,0,0,0,0,0,0,0,0,0,0,0,0,0,0,0,1,1,0,0,0,0,0,0,0,0,0,0,0,1,0,0,1,1,0,0,1,0,1,12,11,25,0,0,0,1,0
"Zotu2325",0,0,0,1,0,0,0,0,0,0,0,0,0,0,0,0,0,0,0,0,0,0,0,0,0,0,0,0,0,0,0,0,0,0,41,0,2,17,0,41,0,1,1,0,1,1,0,0,0,1,0,0,0,0,0,0,0,0,1,0,0,1
"Zotu3362",0,0,0,1,0,0,0,0,0,0,0,0,0,0,0,0,0,0,25,0,0,0,0,0,0,0,0,0,1,0,0,0,0,0,0,1,0,0,1,1,0,0,0,0,0,0,1,0,0,0,0,0,0,36,0,8,0,0,11,0,0,1
"Zotu3504",0,0,0,1,0,0,0,0,0,0,0,37,0,0,0,0,0,0,0,0,0,0,0,0,0,1,0,0,0,0,2,0,0,0,0,0,0,0,0,0,0,0,0,0,0,0,0,0,0,0,0,0,0,0,0,0,0,0,0,0,0,0
"Zotu3896",0,0,0,2,0,0,33,0,0,2,0,2,0,0,0,0,1,0,0,0,0,0,0,0,0,0,0,0,0,0,0,0,0,0,0,0,0,0,0,0,0,0,0,0,0,0,0,0,0,0,0,0,0,0,0,0,0,0,0,0,0,0
"Zotu6090",0,0,0,3,9,0,0,0,0,0,0,0,0,0,0,0,19,0,1,0,0,0,1,0,0,0,1,0,0,0,0,0,0,0,0,0,0,0,0,0,0,0,0,1,1,0,0,0,0,0,0,0,0,0,3,25,0,0,0,0,0,0
"Zotu4837",0,0,0,1,0,0,0,0,0,0,0,0,0,0,1,0,0,0,0,0,0,0,0,0,0,0,0,0,0,0,0,0,0,0,0,0,0,0,0,1,0,0,0,0,1,0,0,0,0,0,1,0,23,0,0,0,0,1,0,0,0,1
"Zotu1056",0,0,0,1,0,0,1,1,34,0,0,3,0,0,14,0,7,1,31,0,0,3,0,0,0,0,79,0,55,0,0,0,0,121,0,0,0,8,0,0,1,1,0,7,0,0,0,1,2,0,0,1,0,1,3,7,0,0,1,0,0,1
"Zotu1113",0,0,0,1,1,1,0,0,19,0,1,0,0,17,1,1,8,0,0,0,9,0,0,0,0,1,0,1,0,0,1,0,2,1,0,0,0,0,0,0,0,0,1,1,55,0,1,0,0,0,36,2,1,1,0,3,1,1,0,14,24,22
"Zotu630",0,0,0,1,2,0,0,0,0,0,0,0,0,0,3,0,0,0,0,0,0,0,0,0,0,0,0,0,0,0,0,3,1,2,1,0,0,1,17,2,3,2,4,1,0,0,2,4,3,5,0,0,3,1,218,70,18,90,2,2,4,3
"Zotu4364",0,0,0,1,2,0,0,0,0,0,0,0,0,0,0,1,0,0,0,0,8,0,0,0,0,0,0,0,5,0,0,0,1,1,0,0,0,0,0,1,0,0,1,1,0,0,0,0,0,0,0,2,0,22,2,0,0,0,0,0,0,6
"Zotu1960",0,0,0,1,0,1,1,0,0,0,0,0,0,0,10,0,36,0,0,0,0,0,0,0,0,0,0,0,0,0,1,1,0,0,0,0,1,0,0,0,0,0,0,0,0,0,0,1,95,0,1,9,0,0,1,0,0,0,0,0,0,0
"Zotu2455",0,0,0,1,0,0,0,0,1,0,0,19,0,0,5,0,1,0,0,0,1,0,0,0,0,0,0,0,0,1,0,1,0,0,0,0,0,0,0,1,0,0,0,0,55,0,0,0,0,0,0,2,0,0,1,0,0,0,0,1,1,2
"Zotu5954",0,0,0,1,0,2,0,1,0,0,0,0,0,1,1,0,3,0,5,0,0,0,0,0,0,0,0,0,0,0,0,0,0,0,0,0,0,1,0,0,0,0,0,0,1,0,0,0,0,0,0,6,0,15,0,0,0,0,0,0,1,0
"Zotu5846",0,0,0,1,11,0,0,0,0,0,0,0,0,0,1,1,2,0,0,2,0,1,0,1,0,0,0,0,0,0,0,0,0,0,0,0,0,0,0,0,0,0,0,1,0,0,0,0,0,0,0,0,0,0,0,0,0,0,0,0,0,0
"Zotu6155",0,0,0,1,0,0,0,0,0,0,0,0,0,0,0,0,0,0,0,0,0,0,0,0,0,0,0,0,0,0,0,0,0,0,0,0,0,0,0,0,1,0,0,0,0,0,0,0,0,0,0,1,0,0,0,0,0,0,12,0,0,0
"Zotu5203",0,0,0,1,0,0,0,0,0,0,0,17,0,0,3,0,2,0,0,0,0,0,0,1,0,0,1,0,0,5,0,0,0,0,1,0,3,0,1,0,0,1,0,3,0,0,0,0,0,1,0,4,12,0,0,0,0,0,0,1,0,0
"Zotu6011",0,0,0,1,0,0,0,0,0,0,0,0,0,0,0,0,0,0,0,0,0,0,0,0,0,0,0,0,0,0,0,1,0,0,0,1,0,0,0,0,1,1,0,0,2,0,0,0,0,0,0,0,1,0,26,4,0,0,0,0,0,2
"Zotu3557",0,0,0,1,0,0,0,0,6,0,0,0,0,0,0,0,0,0,0,0,0,0,0,0,0,0,0,0,0,0,0,0,0,39,1,0,2,1,0,2,0,0,0,0,0,0,0,0,0,0,0,0,0,0,3,3,0,0,1,1,1,2
"Zotu2641",0,0,0,1,1,0,0,0,0,1,1,1,0,0,2,1,1,0,25,0,1,0,0,0,1,0,0,0,0,0,0,1,0,0,0,0,0,2,0,1,1,0,0,2,0,0,1,0,1,0,0,0,1,0,1,29,25,0,0,0,1,0
"Zotu2809",0,0,0,1,12,13,8,1,0,1,33,1,0,1,2,2,11,0,1,1,0,0,0,0,0,0,0,2,1,0,0,0,0,0,0,0,0,0,0,0,0,0,0,0,0,0,0,0,0,0,0,0,0,0,0,0,0,0,0,0,0,0
"Zotu3878",0,0,0,1,0,0,0,0,0,0,0,0,0,0,0,0,0,0,0,0,0,0,0,0,0,0,0,0,0,0,0,2,0,0,0,0,0,0,0,0,1,0,0,0,0,0,0,0,31,1,0,0,0,1,0,0,0,0,0,0,0,0
"Zotu5125",0,0,0,3,1,0,0,0,24,0,0,0,0,0,5,0,0,0,1,0,0,1,0,1,0,0,0,0,0,0,0,0,0,0,1,0,0,0,0,0,0,0,0,2,0,0,0,0,0,0,0,0,0,0,0,0,0,0,0,0,0,0
"Zotu5818",0,0,0,1,0,0,0,0,0,0,0,0,1,0,0,0,0,0,0,0,0,0,0,0,0,18,0,0,0,1,0,0,0,0,0,0,0,0,0,0,0,0,0,0,0,0,0,0,0,0,0,0,0,0,0,0,0,0,0,0,0,0
"Zotu3383",0,0,0,1,4,0,0,0,0,0,0,0,0,0,2,0,22,0,0,0,19,0,0,0,0,0,0,0,0,0,0,0,0,0,52,0,1,0,0,0,0,0,1,3,0,0,0,0,0,0,0,1,0,0,1,0,0,0,0,0,0,0
"Zotu5940",0,0,0,1,1,1,0,0,0,1,2,0,0,2,0,0,4,0,1,0,15,0,0,0,0,0,0,0,7,0,2,0,0,0,0,0,0,0,1,0,0,0,0,0,0,0,0,0,0,0,0,0,0,0,0,0,0,0,0,0,0,1
"Zotu2228",0,0,0,1,4,0,2,0,0,1,0,0,0,0,0,0,0,1,1,0,0,0,1,1,0,0,114,0,0,0,0,0,0,0,0,0,0,0,0,0,0,0,0,0,0,0,0,0,0,0,0,0,0,0,0,0,0,0,0,0,0,0
"Zotu5636",0,0,0,1,1,0,20,0,0,0,0,1,0,2,3,0,5,0,0,0,9,0,0,0,0,0,0,1,0,0,0,0,0,0,0,0,0,0,0,0,0,0,0,0,0,0,0,0,0,0,0,0,0,0,0,0,0,0,0,0,0,0
"Zotu2034",0,0,0,3,0,0,0,0,0,0,0,1,0,0,0,0,2,0,7,0,0,0,0,0,2,1,0,0,0,1,0,2,0,1,0,0,0,3,0,0,0,1,2,2,0,0,0,0,0,1,0,1,0,0,15,10,1,123,3,0,1,0
"Zotu1726",0,0,0,3,5,0,4,0,0,1,2,0,1,0,6,0,8,1,0,0,1,0,0,0,0,0,1,0,1,6,0,1,0,1,3,0,0,1,1,1,0,0,1,6,0,1,0,0,1,1,0,7,1,2,5,19,88,1,0,16,0,5
"Zotu1353",0,0,0,1,0,0,0,0,12,0,1,0,0,0,0,1,0,0,0,0,2,0,0,0,0,0,0,0,0,23,0,0,1,0,0,0,0,1,1,0,1,0,1,0,1,1,2,91,55,0,0,0,0,1,0,1,0,1,0,13,0,0
"Zotu4567",0,0,0,1,0,0,0,0,12,0,0,0,0,0,6,0,0,0,0,2,0,0,0,0,0,0,0,0,0,0,0,0,1,0,0,0,0,0,0,0,1,0,0,15,0,0,0,0,0,0,0,0,0,0,0,8,0,0,0,0,0,0
"Zotu5264",0,0,0,1,1,0,0,1,0,0,0,0,0,14,2,1,1,0,0,0,0,0,0,0,0,0,0,0,1,0,0,0,0,0,0,0,0,0,0,0,0,0,0,0,0,0,0,0,0,1,0,0,0,9,0,0,0,0,0,1,0,0
"Zotu1629",0,0,0,1,0,0,0,0,27,1,0,0,0,0,1,0,0,0,0,0,0,0,0,0,0,0,0,0,0,29,0,1,0,0,0,2,65,0,2,1,0,56,0,2,0,0,1,0,0,0,1,6,0,2,0,0,0,1,0,1,0,11
"Zotu3131",0,0,0,1,0,0,0,0,0,0,0,0,0,34,0,0,8,2,0,0,0,0,0,0,0,0,0,0,1,1,1,0,0,0,0,1,0,0,0,0,0,0,0,0,0,0,0,0,0,0,0,9,0,0,0,0,0,0,0,0,0,0
"Zotu5530",0,0,0,1,0,0,0,0,0,0,17,1,0,1,0,1,0,0,0,0,0,0,0,0,0,0,0,0,0,1,0,0,0,0,0,0,0,0,0,0,0,0,0,0,0,0,0,0,0,0,0,0,0,0,0,0,0,0,0,0,0,0
"Zotu3115",0,0,0,1,0,0,0,43,0,0,0,0,0,0,7,0,0,0,18,0,0,0,1,0,0,0,0,0,0,0,0,0,0,0,0,0,0,0,1,0,0,0,0,0,0,0,0,0,0,0,2,0,15,5,0,0,0,0,0,0,0,0
"Zotu3955",0,0,0,1,0,0,1,0,0,0,0,0,0,0,0,1,0,0,0,0,0,0,0,0,0,0,2,0,0,62,0,0,0,0,0,0,0,0,0,0,0,0,0,0,0,0,0,0,0,0,0,0,0,0,0,0,0,0,0,0,0,0
"Zotu1179",0,0,0,1,0,3,0,0,0,0,0,0,0,0,0,1,0,0,1,0,0,0,0,0,0,0,1,0,0,5,0,0,193,0,0,0,0,10,13,0,0,0,0,1,0,0,0,0,1,0,1,2,0,1,1,1,0,0,1,1,0,0
"Zotu5893",0,0,0,1,0,1,0,0,0,0,0,0,0,0,1,0,0,0,0,0,0,0,0,0,0,0,0,0,0,0,0,0,0,0,0,0,0,0,0,0,0,0,0,0,0,0,0,0,0,0,0,0,0,0,8,9,0,0,0,0,0,0
"Zotu1621",0,0,0,1,3,0,1,0,0,0,1,0,0,0,0,0,0,0,0,0,0,0,0,0,0,0,0,0,0,0,0,0,0,1,0,0,1,13,0,2,0,1,1,0,2,0,2,35,1,0,2,1,0,1,34,38,53,1,1,6,14,0
"Zotu6297",0,0,0,1,0,0,0,0,3,0,0,0,0,0,0,0,1,0,0,0,0,0,0,0,0,0,0,0,0,0,0,0,0,0,0,0,0,0,0,0,0,0,0,0,0,0,1,0,0,0,17,0,0,0,0,0,0,0,0,0,0,0
"Zotu6052",0,0,0,1,0,0,0,1,0,0,1,2,0,1,2,0,0,0,0,0,13,0,0,0,0,1,0,0,0,0,0,0,0,0,0,0,0,0,0,0,0,0,0,1,0,0,0,0,0,0,0,0,0,0,0,0,0,0,0,0,0,0
"Zotu4582",0,0,0,1,0,0,0,0,0,0,0,0,0,0,0,0,0,0,0,0,0,0,0,0,0,0,0,0,0,0,0,0,0,1,0,0,0,0,0,0,0,0,0,0,0,0,0,2,1,0,0,0,0,0,6,0,0,0,14,0,0,0
"Zotu2797",0,0,0,1,1,0,0,1,0,0,0,1,0,0,0,0,0,0,0,1,0,0,1,0,2,0,0,0,23,14,1,0,0,0,0,0,30,0,0,1,0,0,0,0,0,0,0,0,0,0,1,0,0,0,0,0,1,0,0,0,0,0
"Zotu3766",0,0,0,1,1,2,0,1,0,0,1,0,1,0,1,0,0,0,0,1,2,0,0,0,0,29,1,58,2,0,1,0,0,0,0,0,0,19,0,0,0,0,0,8,0,0,0,0,0,0,1,0,0,0,0,0,0,0,0,0,1,1
"Zotu5638",0,0,0,1,2,0,5,0,5,1,0,1,0,7,0,2,0,0,11,0,0,0,0,0,0,0,0,0,0,1,0,1,0,17,0,0,0,0,0,0,0,0,0,0,0,1,0,0,0,0,0,0,1,1,0,0,0,1,0,5,0,0
"Zotu3665",0,0,0,1,5,0,0,0,0,0,0,0,0,0,0,0,0,0,0,0,0,0,0,0,0,0,0,0,0,0,0,0,0,0,0,1,0,1,0,0,0,1,1,1,2,0,1,0,0,0,0,0,0,0,1,1,0,1,0,0,34,0
"Zotu4737",0,0,0,1,0,0,0,0,0,0,0,0,0,0,0,0,0,0,0,0,0,0,0,0,0,0,0,0,0,0,0,0,0,0,0,0,0,1,0,0,0,0,0,0,0,0,0,0,0,0,0,0,0,0,0,0,0,1,22,0,0,0
"Zotu2356",0,0,0,1,0,0,1,0,0,0,0,0,0,0,1,0,0,0,10,0,0,0,0,0,0,0,0,0,1,0,0,0,1,4,0,0,0,1,0,0,0,1,0,1,1,1,0,3,1,1,0,7,1,0,7,1,0,0,25,33,6,0
"Zotu5795",0,0,0,1,0,0,0,0,0,0,0,0,0,0,0,0,1,0,0,0,0,0,0,0,0,1,0,0,0,0,0,0,0,1,0,0,0,0,1,0,0,0,0,0,0,0,0,0,0,0,0,0,0,0,0,3,0,0,25,3,3,1
"Zotu3785",0,0,0,1,0,0,35,0,0,0,0,0,0,1,0,0,0,0,1,0,0,0,0,2,2,0,0,1,0,1,0,0,0,0,0,0,0,0,0,0,0,0,0,0,0,0,0,0,0,0,0,0,0,0,0,0,0,0,0,0,0,0
"Zotu492",0,0,0,1,0,0,0,0,0,0,0,0,0,0,2,0,0,0,0,0,0,0,0,0,0,0,0,0,0,0,0,5,2,7,1,3,2,1,1,9,3,3,0,2,3,8,2,0,3,9,0,7,6,2,244,98,109,100,2,6,6,5
"Zotu2945",0,0,0,1,0,1,0,0,0,0,0,0,0,0,6,0,0,0,0,0,0,0,0,0,0,0,0,0,0,0,0,1,0,0,0,2,0,0,1,1,0,0,0,0,1,2,0,0,0,1,0,0,0,0,16,42,1,0,0,1,2,1
"Zotu5861",0,0,0,1,0,1,0,1,2,0,0,0,0,1,1,1,0,0,13,0,0,0,0,0,0,0,0,0,0,0,0,0,0,0,0,0,0,0,0,0,0,0,0,0,0,0,0,0,0,0,0,0,0,0,0,0,0,0,0,0,0,0
"Zotu644",0,0,0,1,0,0,0,0,0,0,0,0,0,0,0,0,1,0,0,0,0,0,0,0,0,0,0,0,0,0,0,6,2,6,3,2,1,4,3,3,0,4,2,3,2,3,3,3,2,5,20,3,0,2,1,3,2,1,1,3,99,235
"Zotu2541",0,0,0,1,0,0,0,0,0,0,0,0,0,0,0,0,0,0,1,0,0,0,0,0,0,0,0,0,0,0,1,1,0,1,0,1,0,0,0,1,2,2,0,0,0,0,0,0,0,0,0,0,0,1,62,34,0,1,0,1,0,0
"Zotu3944",0,0,0,1,3,0,0,0,0,0,0,0,0,0,1,0,3,0,0,0,0,0,0,0,0,0,0,0,0,0,0,1,1,0,0,0,0,0,0,0,1,0,1,8,0,0,1,0,0,1,0,0,30,0,2,0,13,0,0,0,0,0
"Zotu2022",0,0,0,1,0,0,0,0,27,0,0,0,0,0,0,0,0,0,0,0,0,0,0,0,0,0,0,0,0,1,1,0,0,0,0,0,0,0,0,0,0,1,0,0,0,1,1,0,83,1,0,0,1,0,0,0,0,0,0,2,0,0
"Zotu2161",0,0,0,1,0,0,1,0,0,0,0,1,2,1,0,0,0,0,0,0,11,0,1,0,0,0,1,0,13,0,0,0,0,83,0,0,0,1,0,2,0,2,0,0,0,0,1,0,0,0,1,0,0,0,2,0,1,2,1,0,1,0
"Zotu4881",0,0,0,2,0,0,0,0,0,0,0,0,0,0,0,0,15,0,0,0,0,0,0,0,0,0,0,0,0,1,0,0,0,0,0,0,0,0,0,0,0,0,0,8,0,0,0,0,0,0,0,4,0,0,0,0,0,0,0,0,2,0
"Zotu3303",0,0,0,1,0,0,0,0,0,0,0,0,0,0,0,0,0,0,0,0,0,0,0,0,0,0,0,0,0,0,0,0,0,0,2,0,2,0,0,0,0,1,0,4,0,0,1,0,1,0,1,0,0,0,18,37,0,0,0,0,0,1
"Zotu1237",0,0,0,1,1,1,2,0,12,0,0,0,0,1,30,0,8,0,0,0,45,1,3,0,2,1,0,1,2,1,0,0,0,0,0,0,0,0,1,0,0,1,3,0,3,3,3,0,0,0,21,25,7,35,0,2,0,0,0,0,1,6
"Zotu5839",0,0,0,1,0,0,0,0,8,0,0,0,0,0,0,0,5,0,0,0,0,0,0,0,0,0,0,1,0,0,0,0,0,1,0,0,0,0,0,0,1,0,0,21,0,0,0,1,0,0,0,0,1,0,1,0,0,0,0,0,0,1
"Zotu3563",0,0,0,1,0,0,0,0,2,2,0,0,0,0,0,0,0,2,0,0,0,0,0,0,0,0,0,1,0,0,0,0,0,0,1,1,0,0,0,1,0,0,0,0,1,0,1,1,0,0,0,1,0,0,7,3,21,0,0,13,6,0
"Zotu1271",0,0,0,1,0,0,1,0,0,0,0,0,0,0,0,0,0,0,0,0,1,0,0,0,0,0,0,0,0,0,250,0,0,0,0,0,0,0,0,0,0,0,0,0,0,0,0,0,0,0,0,0,0,0,0,0,0,0,0,0,0,0
"Zotu357",0,0,0,1,0,3,1,0,0,0,2,0,0,1,1,3,1,0,1,2,2,465,0,0,1,0,0,1,3,155,0,0,0,0,0,0,0,68,96,0,0,0,6,2,0,0,0,0,0,0,1,1,1,0,1,0,0,1,0,2,1,2
"Zotu3801",0,0,0,1,0,0,0,0,0,0,0,0,0,0,0,0,0,0,0,0,0,0,0,2,0,0,0,0,0,0,0,0,0,0,0,2,1,0,0,0,0,1,0,0,0,0,0,0,0,0,0,0,0,0,6,15,63,0,0,1,1,0
"Zotu6317",0,0,0,1,0,0,0,0,0,9,0,0,0,0,0,0,0,0,16,0,0,0,0,0,0,0,0,0,0,0,0,0,0,0,0,0,0,0,0,0,0,0,0,0,0,0,0,0,0,0,0,0,0,0,0,0,0,0,0,0,0,0
"Zotu3265",0,0,0,0,5,0,0,0,0,0,0,0,0,0,0,0,0,0,0,0,0,0,0,0,0,1,0,0,0,0,0,0,0,0,62,0,0,0,0,0,0,0,0,1,0,0,1,0,1,1,0,2,0,1,4,1,0,2,0,15,1,1
"Zotu4840",0,0,0,0,37,0,0,0,0,1,0,0,1,1,1,0,1,0,1,1,0,1,0,0,0,0,0,0,0,0,0,0,0,0,0,0,0,0,0,0,0,0,0,0,0,0,0,0,0,0,0,0,0,0,0,0,0,0,0,0,0,0
"Zotu6017",0,0,0,0,28,0,0,0,0,0,1,0,0,0,0,0,0,0,0,0,0,0,0,2,0,0,0,0,0,0,0,0,0,0,0,0,0,0,0,0,0,0,0,15,0,0,0,0,0,0,0,0,0,0,0,0,0,0,0,0,0,0
"Zotu5810",0,0,0,0,20,0,1,0,0,6,0,1,0,0,0,0,0,0,0,0,0,0,1,0,0,0,1,0,0,0,0,0,0,0,0,0,0,0,0,0,0,0,0,0,0,0,0,0,0,0,0,0,0,0,2,0,0,0,0,0,0,0
"Zotu3507",0,0,0,0,61,0,0,0,0,0,1,0,0,0,0,0,0,0,1,1,0,0,0,0,0,0,0,0,0,0,0,0,0,0,0,0,0,0,0,0,0,0,0,1,0,0,0,0,0,0,0,0,0,0,0,0,0,0,0,0,0,0
"Zotu5563",0,0,0,0,2,0,0,0,0,1,0,0,0,0,0,0,0,0,0,0,0,0,0,0,0,0,30,0,0,0,0,0,0,0,0,0,0,0,0,0,0,0,0,0,0,0,0,0,0,0,0,0,0,0,0,0,0,0,0,0,0,0
"Zotu5535",0,0,0,0,44,0,0,0,0,0,0,1,0,0,0,0,1,0,0,0,0,0,0,0,0,0,0,0,0,0,0,0,0,0,0,0,0,0,0,0,0,0,0,0,0,0,0,0,0,0,0,0,0,0,0,0,0,0,0,0,0,0
"Zotu6080",0,0,0,0,17,0,0,0,0,0,0,0,0,0,0,0,0,0,0,0,0,0,0,0,0,0,1,0,0,0,0,0,0,0,0,0,0,0,0,0,0,0,0,3,0,0,0,0,0,0,0,0,0,0,0,0,0,0,0,0,0,0
"Zotu3320",0,0,0,0,6,1,0,2,2,3,0,3,0,1,0,0,3,0,0,4,0,0,0,0,0,1,0,0,70,1,1,0,0,0,0,0,0,0,0,0,0,0,0,1,0,0,0,1,0,0,0,0,0,0,0,0,0,0,0,0,0,0
"Zotu4105",0,0,0,0,74,0,0,0,1,0,0,0,0,0,0,0,0,0,0,2,0,0,0,0,0,0,0,0,0,0,0,0,1,0,0,0,0,0,0,0,0,0,0,19,0,0,0,0,1,0,0,0,1,0,3,7,0,0,0,0,0,0
"Zotu4571",0,0,0,0,2,0,1,0,0,0,0,0,0,1,0,0,7,0,0,0,0,0,0,0,0,0,0,0,0,4,0,0,0,0,0,1,0,0,0,0,0,0,0,6,0,0,0,1,0,0,0,0,0,14,0,0,0,0,0,0,0,0
"Zotu5051",0,0,0,0,5,0,0,0,0,0,0,0,0,0,0,0,0,0,0,0,0,0,0,0,0,0,0,0,0,0,0,0,0,0,0,0,0,0,0,0,0,0,0,0,0,0,0,0,0,0,35,0,0,0,0,0,0,0,0,0,0,0
"Zotu3370",0,0,0,0,5,0,0,0,0,0,0,0,0,0,0,0,0,0,0,0,0,0,0,0,0,0,0,0,0,0,0,0,1,0,1,0,1,0,1,1,0,1,0,10,1,0,1,0,0,0,0,0,0,0,2,45,16,0,6,1,1,0
"Zotu1808",0,0,0,0,2,0,0,0,0,0,0,0,0,0,1,0,0,0,0,0,0,0,0,0,0,0,0,0,0,0,0,3,0,0,0,2,1,0,0,0,2,1,2,1,0,1,1,0,1,1,0,0,0,1,0,9,1,100,0,2,0,1
"Zotu5583",0,0,0,0,41,0,0,1,0,0,0,0,0,0,0,0,0,0,0,0,0,0,0,0,0,0,1,0,0,0,0,0,0,0,0,0,0,0,0,0,0,0,0,0,0,0,0,0,0,0,0,0,0,0,0,0,0,0,0,0,0,0
"Zotu3523",0,0,0,0,9,0,0,1,0,7,1,0,0,1,0,0,1,0,0,1,0,0,0,0,0,0,0,0,0,0,0,0,1,0,1,0,0,1,0,2,0,0,0,32,0,0,0,0,0,0,0,0,1,0,0,0,1,0,0,0,0,0
"Zotu2852",0,0,0,0,110,0,0,1,0,0,1,0,0,0,0,0,0,0,0,0,0,0,0,0,0,0,0,0,0,0,0,0,0,0,0,0,0,0,0,0,0,0,0,0,0,0,0,0,0,0,0,0,0,0,0,0,0,0,0,0,0,0
"Zotu1794",0,0,0,0,7,0,0,0,0,0,0,0,0,0,1,0,0,0,0,0,0,0,0,0,0,0,2,0,0,0,0,0,1,0,0,0,70,2,1,0,1,17,2,11,0,1,1,1,0,0,0,2,0,1,55,36,25,0,1,0,1,3
"Zotu4839",0,0,0,0,34,0,0,1,0,0,0,0,0,0,0,0,0,1,0,0,0,0,0,0,0,1,0,0,0,0,0,0,0,0,0,0,0,0,0,0,0,0,0,2,0,0,0,0,0,0,0,0,0,0,0,0,0,0,0,0,0,0
"Zotu3882",0,0,0,0,2,0,0,0,0,0,0,0,0,0,0,0,3,0,0,0,0,0,0,0,0,0,0,0,0,0,0,0,2,0,0,0,1,0,0,0,0,0,0,4,1,0,0,0,1,0,0,7,0,1,8,19,0,0,1,0,2,0
"Zotu5512",0,0,0,0,60,1,0,0,0,0,0,0,0,1,0,0,1,0,0,0,0,0,0,0,0,0,0,0,0,1,0,0,0,0,0,0,0,0,0,0,0,0,0,0,0,0,0,0,0,0,0,0,0,0,0,0,0,0,0,0,0,0
"Zotu4096",0,0,0,0,5,0,0,1,0,0,26,1,0,0,2,1,0,0,15,1,0,1,1,0,0,0,0,0,0,0,0,0,0,0,0,0,0,0,0,1,0,0,0,3,0,0,0,0,0,0,0,0,0,0,15,7,0,0,0,0,0,0
"Zotu4255",0,0,0,0,3,0,0,1,0,0,0,0,0,0,0,0,0,0,0,0,0,0,0,0,0,0,0,0,0,0,0,0,0,0,0,0,0,0,33,0,0,0,0,0,2,0,0,0,0,0,1,1,0,0,0,0,0,0,0,0,0,1
"Zotu3422",0,0,0,0,13,0,0,0,0,0,0,1,0,0,6,0,0,0,0,1,0,0,1,0,0,0,0,0,0,1,0,0,0,1,0,0,0,0,1,0,0,0,0,1,0,0,0,0,0,1,0,0,0,0,13,24,0,0,2,1,1,0
"Zotu2132",0,0,0,0,3,1,0,1,9,1,0,0,0,1,15,0,4,0,1,0,24,0,1,0,0,1,0,0,0,0,0,1,2,0,0,0,0,0,1,1,0,5,0,5,0,0,0,0,0,0,0,10,27,0,1,0,0,0,0,0,0,6
"Zotu1501",0,0,0,0,10,0,0,0,0,0,0,0,0,0,0,0,0,1,0,0,0,0,2,0,0,0,0,0,0,0,0,0,0,0,1,0,1,1,1,2,0,1,0,2,0,0,0,1,0,0,1,0,0,0,43,22,22,1,45,1,1,0
"Zotu5804",0,0,0,0,36,0,0,0,0,0,0,0,0,0,0,0,0,0,0,1,0,0,0,0,0,0,0,0,0,0,0,0,0,0,0,0,0,0,0,0,0,0,0,0,0,0,0,0,0,0,0,0,0,0,0,0,0,0,0,0,0,0
"Zotu4504",0,0,0,0,2,1,1,1,0,0,0,0,0,1,7,0,20,0,0,0,0,0,0,0,0,0,0,0,0,0,1,0,0,0,0,0,0,0,0,1,0,0,0,1,0,0,0,0,0,0,0,0,0,0,0,0,0,0,0,0,0,14
"Zotu3831",0,0,0,0,1,0,0,0,0,0,0,0,0,0,0,0,0,0,0,0,0,0,0,0,0,0,0,0,0,0,0,1,0,1,0,0,0,0,2,0,0,0,3,3,0,1,0,1,0,0,1,0,0,0,0,1,0,0,22,22,11,4
"Zotu709",0,0,0,0,6,0,1,0,0,0,0,0,0,14,0,0,1,0,0,0,0,0,0,0,1,0,0,4,15,12,1,2,1,28,92,4,13,2,3,29,1,38,2,3,5,0,1,3,3,1,15,4,0,2,20,44,9,5,7,16,5,2
"Zotu873",0,0,0,0,12,0,0,0,1,0,0,0,0,0,1,0,0,0,0,0,0,0,0,0,0,0,0,0,0,0,0,0,2,2,0,1,1,0,0,1,1,0,1,0,2,144,150,1,1,2,0,0,0,0,5,1,24,3,1,43,42,1
"Zotu6314",0,0,0,0,34,0,0,0,0,0,0,1,0,0,0,0,0,0,0,0,0,0,0,0,0,0,0,0,0,0,0,0,0,0,0,0,0,0,0,0,0,0,0,4,0,0,0,0,0,0,0,0,0,0,0,0,0,0,0,0,0,0
"Zotu4877",0,0,0,0,2,0,0,0,0,0,0,0,0,0,0,0,0,0,0,0,0,0,0,0,0,0,0,0,0,0,0,0,0,0,2,0,0,0,0,0,0,0,0,0,0,0,0,0,0,0,0,2,0,0,1,0,24,0,0,9,0,0
"Zotu3235",0,0,0,0,3,0,0,0,0,0,0,0,0,0,0,0,0,1,0,0,0,0,0,0,0,0,0,0,0,0,1,0,0,0,0,1,1,0,0,1,0,0,0,0,1,0,1,1,0,0,0,1,0,0,5,0,0,0,60,1,0,0
"Zotu5801",0,0,0,0,16,0,0,0,0,0,0,0,1,0,0,0,0,0,0,0,0,0,0,0,0,0,2,0,0,1,0,0,0,0,0,0,0,0,0,0,0,0,0,0,0,0,0,0,0,0,0,0,0,0,0,0,0,0,21,0,0,0
"Zotu3589",0,0,0,0,2,0,0,0,0,0,0,0,0,0,0,0,1,0,0,0,0,0,0,0,0,0,0,0,0,0,0,0,0,52,2,1,0,2,0,1,0,0,0,0,0,0,1,0,0,1,0,4,0,0,0,1,0,0,0,0,0,0
"Zotu6305",0,0,0,0,4,0,0,0,0,0,0,0,0,0,0,1,1,0,0,0,0,0,0,0,0,0,0,0,0,0,0,0,0,0,0,1,0,1,0,0,1,0,2,0,0,0,0,0,0,0,1,0,0,0,2,0,1,0,16,0,1,19
"Zotu6259",0,0,0,0,2,1,10,0,0,8,0,0,0,0,0,1,4,0,0,0,0,0,0,0,0,0,0,1,0,0,0,0,0,0,0,0,0,0,0,0,0,0,0,0,0,0,0,0,0,0,0,3,1,0,0,0,0,0,0,0,7,0
"Zotu5686",0,0,0,0,27,0,0,0,0,0,0,0,0,0,1,0,0,0,0,0,0,0,0,0,0,0,0,0,0,0,0,0,0,0,0,0,0,0,0,0,0,0,0,0,0,0,0,0,0,0,0,0,0,0,0,0,0,0,0,0,0,0
"Zotu2236",0,0,0,0,2,0,0,0,0,0,0,0,0,0,4,1,0,0,0,0,0,0,0,0,0,0,0,0,0,25,0,2,0,1,0,0,0,0,30,46,2,0,0,0,0,0,1,2,0,0,1,0,0,0,1,0,1,0,2,1,0,7
"Zotu5436",0,0,0,0,3,1,0,0,18,0,1,0,0,0,1,1,0,0,0,0,0,0,0,0,0,0,0,0,0,0,0,0,0,0,0,0,0,0,0,0,0,0,0,0,0,0,0,0,0,0,0,0,0,0,0,0,0,0,0,0,0,0
"Zotu4770",0,0,0,0,7,0,1,1,0,1,3,1,2,14,4,1,2,1,22,0,0,0,0,0,0,3,0,17,1,1,0,0,0,0,0,0,17,0,0,0,0,0,0,1,0,0,0,0,0,0,0,5,0,2,0,0,0,0,0,0,0,5
"Zotu3472",0,0,0,0,4,50,3,0,0,0,0,0,0,0,1,0,0,0,0,0,1,0,1,1,0,0,2,1,0,0,0,0,0,0,0,0,0,0,0,0,0,0,0,0,0,0,0,0,0,0,0,0,0,0,0,1,0,0,0,0,0,7
"Zotu4971",0,0,0,0,67,0,0,0,0,0,0,0,0,0,3,0,0,2,1,1,1,0,0,0,0,0,2,0,0,0,0,0,0,0,0,0,0,0,0,0,0,0,0,0,0,0,0,0,0,0,0,0,0,0,0,0,0,0,0,0,0,0
"Zotu1077",0,0,0,0,2,0,0,0,0,0,0,0,0,0,0,0,0,0,0,0,3,0,0,0,0,0,0,0,0,0,0,1,3,2,1,2,1,2,0,2,2,2,1,6,1,2,2,0,3,4,0,1,1,0,1,5,72,83,20,9,17,0
"Zotu5781",0,0,0,0,2,0,0,0,44,0,0,0,0,0,0,0,0,0,0,0,0,1,0,0,0,0,0,0,0,0,0,0,0,0,0,0,0,0,0,0,0,0,0,0,0,0,0,0,0,0,0,0,0,0,0,0,0,0,0,0,0,0
"Zotu5715",0,0,0,0,2,0,0,0,0,0,0,0,0,0,2,0,0,0,0,0,0,0,0,0,0,0,0,0,0,0,0,0,1,0,0,0,0,0,0,0,1,1,0,0,0,0,0,0,0,0,0,0,0,0,5,10,0,1,0,0,0,1
"Zotu5491",0,0,0,0,4,0,0,1,0,0,0,0,0,0,1,0,10,0,0,0,0,0,0,0,0,0,2,0,0,0,0,0,0,0,0,0,0,0,0,0,0,0,0,0,0,0,0,0,0,0,0,0,0,0,0,0,0,0,0,0,0,0
"Zotu5932",0,0,0,0,7,0,0,0,0,1,1,0,0,1,0,0,0,0,0,0,0,0,0,2,0,26,0,0,0,1,0,0,0,0,0,0,0,0,0,0,0,0,0,0,0,0,0,0,0,0,0,0,0,0,0,0,0,0,0,0,0,0
"Zotu3438",0,0,0,0,2,1,1,1,1,0,0,0,0,0,1,0,0,0,0,0,66,0,0,1,1,0,0,0,0,1,0,0,0,0,0,0,0,0,0,0,0,0,0,0,0,0,0,0,0,0,0,0,0,8,0,0,0,0,0,0,0,0
"Zotu281",0,0,0,0,2,0,0,0,0,0,0,0,0,1,2,0,1,0,1,0,0,3,0,0,1,0,0,0,0,0,75,3,8,14,22,11,2,3,13,7,8,27,7,6,3,4,5,6,4,5,3,17,6,1,608,252,138,6,6,4,12,11
"Zotu2582",0,0,0,0,1,0,1,1,0,0,0,0,0,0,0,0,0,1,0,0,0,0,0,0,0,0,0,0,0,0,76,0,0,0,0,0,0,0,0,0,0,0,0,0,0,0,0,0,0,0,0,0,0,0,0,0,0,0,0,0,0,0
"Zotu6154",0,0,0,0,4,0,0,0,0,0,0,0,0,0,0,0,0,0,0,0,0,0,0,0,0,0,0,0,0,0,0,0,0,0,0,0,0,0,0,0,0,0,0,2,0,0,0,0,0,0,0,0,0,0,0,0,0,0,0,15,0,0
"Zotu4793",0,0,0,0,2,0,0,1,0,0,0,26,0,0,0,0,1,0,3,1,0,0,0,0,0,0,0,0,0,0,0,0,0,0,0,0,0,0,0,0,0,0,0,0,0,0,0,0,0,0,0,0,0,0,0,0,0,0,0,0,0,0
"Zotu4683",0,0,0,0,1,0,0,32,1,0,0,0,0,0,3,0,3,0,1,0,0,0,0,0,0,0,0,0,0,1,0,0,0,0,1,0,0,0,0,0,2,0,0,1,0,0,0,0,0,0,1,0,0,0,0,0,0,0,0,0,0,8
"Zotu4742",0,0,0,0,7,0,0,0,0,0,0,0,0,0,0,0,0,0,0,0,1,0,0,0,0,0,0,0,0,0,0,1,1,0,1,0,0,0,0,0,0,1,0,0,0,0,0,2,0,0,0,0,0,0,6,5,13,0,0,0,2,0
"Zotu3117",0,0,0,0,6,0,0,0,0,0,0,0,0,0,2,0,0,0,0,0,0,0,0,0,0,0,0,0,0,0,0,3,0,1,0,1,0,1,0,1,0,0,1,0,0,1,0,0,0,0,0,0,0,0,9,28,0,0,5,19,1,0
"Zotu4203",0,0,0,0,31,0,0,1,0,0,0,1,0,0,0,0,0,0,0,1,1,0,0,0,0,0,0,0,0,0,0,0,0,0,0,0,0,0,0,0,0,0,0,0,0,0,0,0,0,0,0,0,0,0,2,1,0,0,0,1,0,0
"Zotu4704",0,0,0,0,3,0,0,0,0,0,0,0,0,0,0,0,0,0,0,0,0,0,0,0,0,0,0,0,0,0,0,0,1,0,0,0,0,0,0,0,0,0,0,0,0,0,0,0,0,0,42,0,0,0,0,0,2,0,1,0,0,0
"Zotu5625",0,0,0,0,20,0,0,0,0,0,0,0,0,0,0,0,0,0,0,0,0,0,1,0,0,0,0,0,0,0,0,0,0,0,0,0,1,0,0,0,0,0,0,5,0,0,0,0,0,0,0,0,0,0,3,0,1,0,25,0,0,11
"Zotu3043",0,0,0,0,1,0,1,0,0,0,0,0,0,0,0,0,5,1,0,0,0,0,0,0,0,0,0,0,0,0,0,0,0,44,0,1,0,1,1,0,1,1,0,1,0,0,0,0,0,0,1,1,0,0,0,0,0,0,0,0,0,0
"Zotu3514",0,0,0,0,3,0,0,0,0,0,0,0,0,0,0,1,0,0,0,0,14,0,0,1,0,0,0,0,0,0,0,0,0,0,0,0,0,0,0,0,0,15,1,1,0,3,0,0,0,0,0,1,0,7,0,1,0,0,0,11,19,0
"Zotu1395",0,0,0,0,1,1,0,1,1,1,2,1,1,0,1,2,1,1,1,1,4,4,1,147,0,1,1,3,0,0,1,0,0,0,0,0,0,0,0,0,0,0,0,0,0,0,0,0,0,0,0,0,0,0,0,0,0,0,0,0,0,0
"Zotu3736",0,0,0,0,2,1,0,0,0,0,0,0,0,0,1,1,0,0,0,0,0,0,0,0,0,0,0,0,0,0,0,1,0,0,2,0,0,0,0,1,0,1,1,3,0,0,0,0,2,0,0,0,0,0,0,0,1,0,31,0,0,0
"Zotu1695",0,0,0,0,25,1,3,0,0,23,7,2,1,1,2,0,4,1,0,0,0,0,1,0,0,0,0,0,5,0,0,1,0,0,1,1,0,0,3,24,0,1,0,1,0,0,0,0,0,0,2,0,0,0,3,8,0,0,2,23,1,1
"Zotu4616",0,0,0,0,1,1,1,1,1,1,0,1,1,1,6,0,2,0,75,0,1,0,0,0,0,0,0,0,0,0,0,0,0,0,0,0,0,0,0,0,0,0,0,0,0,0,0,0,0,0,0,0,0,0,0,0,0,0,0,0,0,0
"Zotu3137",0,0,0,0,5,0,0,0,0,0,0,0,0,0,0,0,0,0,0,0,0,0,0,0,0,1,0,0,0,0,0,1,0,1,0,0,0,1,1,1,0,0,1,0,0,0,1,0,0,0,0,0,0,1,73,14,0,0,0,0,0,0
"Zotu5364",0,0,0,0,4,0,0,1,0,0,20,0,0,0,0,0,0,0,0,0,0,0,0,0,0,0,0,0,1,0,0,0,0,0,0,0,0,0,0,0,0,0,0,0,0,0,0,0,0,0,0,0,0,0,0,0,0,0,0,0,0,0
"Zotu2375",0,0,0,0,11,1,0,0,0,0,0,0,0,1,7,0,3,0,0,0,0,0,0,0,0,0,0,0,0,0,0,1,1,2,0,0,0,0,0,0,0,0,0,0,1,0,1,0,0,0,0,2,0,0,0,0,0,0,45,1,13,10
"Zotu5224",0,0,0,0,2,0,0,0,0,0,0,0,0,0,2,0,0,0,0,0,0,0,0,0,0,0,0,0,0,0,0,0,0,0,0,0,0,0,0,0,0,0,0,0,0,0,0,0,0,0,0,0,1,0,0,0,0,0,34,0,0,1
"Zotu5296",0,0,0,0,3,0,1,0,7,0,0,0,0,0,0,0,0,0,0,0,0,0,0,0,0,0,0,0,0,0,0,1,0,0,1,0,0,0,0,0,0,0,0,1,0,0,0,1,0,1,0,0,1,0,1,0,1,0,29,1,18,0
"Zotu5633",0,0,0,0,5,0,0,0,0,0,0,0,0,0,0,0,0,0,0,0,0,0,0,0,0,0,0,0,0,0,0,0,0,0,0,0,1,0,0,0,0,0,0,0,0,0,0,0,0,0,0,0,0,1,0,0,0,0,0,27,0,0
"Zotu4644",0,0,0,0,19,0,0,1,0,1,0,0,0,0,0,0,0,0,26,0,0,1,0,0,2,0,0,0,0,0,0,0,0,0,0,0,0,0,0,0,0,0,0,0,0,0,0,0,0,0,0,0,0,0,0,0,0,0,0,0,0,0
"Zotu5757",0,0,0,0,3,0,0,0,0,0,0,0,0,0,1,0,0,0,0,0,0,0,0,0,0,0,0,1,0,0,0,0,0,0,0,0,0,0,0,0,0,0,0,13,0,1,0,0,0,0,0,0,0,0,0,0,0,0,0,0,1,0
"Zotu4759",0,0,0,0,1,0,0,0,0,0,0,0,0,0,0,0,0,0,0,0,0,0,0,0,0,1,0,0,0,0,0,1,0,0,0,1,0,0,0,0,0,0,1,0,0,0,1,1,0,38,0,0,0,1,0,0,0,0,0,0,0,0
"Zotu1061",0,0,0,0,1,1,3,2,1,0,1,2,0,0,2,15,0,1,2,3,1,151,0,1,1,0,1,1,3,1,64,0,17,0,0,0,1,11,0,0,0,0,0,0,0,0,1,0,0,1,1,0,1,1,0,0,0,0,0,0,0,1
"Zotu2475",0,0,0,0,3,0,1,0,0,0,0,0,0,0,1,0,0,63,0,0,0,0,0,1,0,0,0,0,0,0,0,0,0,0,0,0,0,0,0,0,0,0,0,0,0,0,0,0,0,0,0,0,0,0,0,0,0,0,0,0,0,0
"Zotu2195",0,0,0,0,4,0,0,0,0,0,0,0,0,0,0,0,0,0,0,0,0,0,0,0,0,0,0,0,0,0,0,0,0,0,0,1,0,1,3,1,0,0,2,1,1,0,0,2,1,3,0,0,1,1,1,0,15,2,15,26,23,0
"Zotu4756",0,0,0,0,1,0,0,0,0,0,0,0,0,0,3,0,0,0,0,0,0,0,0,0,0,0,0,0,0,0,0,0,0,0,0,1,0,0,0,0,0,26,0,2,0,0,0,0,0,0,0,0,0,7,0,1,0,0,0,0,0,0
"Zotu3870",0,0,0,0,13,0,0,0,0,0,0,0,0,0,0,0,0,0,0,0,0,0,0,0,0,0,0,0,0,0,0,1,0,0,0,0,0,0,0,0,0,0,0,0,0,0,0,0,0,0,1,0,0,0,0,22,0,0,1,33,0,0
"Zotu4677",0,0,0,0,1,0,0,0,13,1,0,0,0,0,0,0,0,0,0,0,0,0,0,0,0,1,0,0,0,0,0,0,0,0,0,0,1,0,0,0,0,0,0,0,0,0,0,31,1,0,0,0,0,0,0,0,0,0,0,0,0,0
"Zotu2249",0,0,0,0,1,0,0,1,36,0,1,0,0,0,1,2,0,0,1,0,0,0,1,0,1,1,0,1,0,0,0,0,0,0,0,0,0,0,0,0,0,54,0,0,0,0,0,2,0,0,0,0,0,0,0,0,0,0,1,0,0,0
"Zotu2111",0,0,0,0,11,1,1,0,0,0,0,1,1,0,0,0,0,0,0,0,0,0,0,0,0,0,0,0,0,0,0,0,1,0,1,0,1,1,0,1,1,0,2,0,0,0,0,0,0,0,1,0,3,0,7,9,39,85,1,1,0,0
"Zotu5675",0,0,0,0,10,0,0,0,1,0,0,0,0,1,0,1,3,0,10,2,12,0,0,0,0,0,0,0,0,0,1,0,0,0,0,0,0,0,0,0,0,0,0,1,0,0,0,0,0,0,0,0,0,0,0,0,0,0,0,0,0,1
"Zotu3330",0,0,0,0,8,0,0,0,0,0,0,0,0,0,0,0,0,0,0,0,0,0,1,0,0,0,0,0,0,0,0,0,0,1,0,0,0,0,1,0,1,0,0,0,0,2,1,0,1,1,1,0,0,0,18,24,19,0,1,0,1,0
"Zotu3508",0,0,0,0,3,0,0,0,0,0,1,0,0,0,0,0,1,0,0,0,2,1,0,0,0,0,0,38,0,0,1,0,0,1,0,0,0,0,0,12,0,0,1,0,0,0,0,0,0,0,0,2,0,0,0,0,0,0,0,0,0,0
"Zotu653",0,0,0,0,1,0,0,0,0,1,0,0,0,0,4,0,0,0,0,0,0,0,0,0,0,0,0,0,2,0,0,0,1,2,2,4,2,1,9,1,1,1,1,6,5,1,2,1,0,0,2,2,2,1,115,180,159,0,2,56,2,2
"Zotu3114",0,0,0,0,8,0,0,0,8,0,0,0,0,0,7,1,0,0,0,0,0,0,0,0,0,0,0,0,1,0,0,0,0,47,0,0,0,0,0,0,1,0,0,0,0,0,0,0,0,0,0,6,0,1,1,0,0,0,0,0,0,1
"Zotu4245",0,0,0,0,2,0,0,0,0,0,0,1,0,0,0,0,1,0,0,0,24,0,0,0,0,0,0,0,0,0,0,0,0,0,0,0,0,0,1,0,0,0,0,4,0,0,0,0,0,0,1,9,0,0,0,1,0,1,0,0,1,0
"Zotu5390",0,0,0,0,1,0,0,0,0,1,0,0,1,1,1,0,0,0,0,0,11,0,0,0,0,0,0,0,0,26,0,0,0,0,0,0,1,0,0,0,0,0,1,0,0,0,0,0,0,0,0,4,0,0,9,0,0,0,0,0,0,0
"Zotu2823",0,0,0,0,9,0,0,1,1,4,1,1,0,0,1,0,8,1,0,1,0,0,0,0,0,0,0,0,1,0,0,0,0,0,0,0,0,0,0,0,0,0,0,5,64,0,2,0,0,0,0,0,0,0,0,1,0,0,0,0,0,1
"Zotu4732",0,0,0,0,3,0,0,1,0,1,0,0,1,20,0,0,0,0,0,0,1,3,1,0,0,0,0,0,0,0,0,0,0,0,0,1,0,0,0,0,0,0,0,3,0,0,0,0,0,0,0,0,0,0,0,0,0,0,0,0,0,0
"Zotu2308",0,0,0,0,2,0,0,0,0,0,0,0,0,0,0,0,0,0,0,0,0,0,0,0,0,0,2,0,0,0,0,1,0,0,0,1,30,0,66,0,1,0,0,1,0,1,0,0,1,0,0,0,1,1,0,0,1,0,0,0,0,1
"Zotu6075",0,0,0,0,7,0,0,0,0,0,0,2,0,0,0,0,2,0,0,0,0,0,0,0,0,0,0,0,0,0,0,0,0,0,0,0,0,0,0,0,0,0,0,1,0,0,0,0,0,0,0,0,0,0,0,0,0,0,0,0,0,0
"Zotu3082",0,0,0,0,6,0,0,1,1,0,0,0,0,0,7,0,0,0,0,0,0,0,0,0,0,0,0,0,0,0,0,0,0,0,0,0,0,0,0,0,0,0,0,0,1,0,0,0,0,0,1,0,0,38,0,0,0,0,0,0,0,0
"Zotu2924",0,0,0,0,1,1,0,0,0,0,0,0,0,0,3,0,6,0,0,0,0,0,0,0,0,0,0,0,7,0,0,0,1,0,0,0,0,6,0,0,0,0,70,0,0,1,0,1,0,0,0,0,1,0,0,1,2,0,1,0,0,0
"Zotu5746",0,0,0,0,15,2,0,1,0,0,0,0,0,0,0,0,0,0,0,2,1,0,0,0,0,0,0,0,1,0,0,0,0,0,0,0,0,0,0,0,0,0,0,1,0,0,0,0,0,0,0,0,0,0,0,0,0,0,0,0,0,0
"Zotu2176",0,0,0,0,6,0,0,0,0,0,0,0,0,0,0,0,0,0,0,0,0,0,0,0,0,0,0,0,0,0,0,0,0,0,0,1,0,0,0,1,0,1,0,1,0,0,0,1,0,0,0,0,0,0,33,14,37,0,1,26,0,0
"Zotu2694",0,0,0,0,2,0,0,1,0,0,0,0,0,0,0,0,0,105,0,0,0,0,1,0,0,0,0,0,1,0,0,1,0,0,0,0,0,0,0,0,0,0,0,1,0,0,0,0,0,0,0,0,0,0,0,0,0,0,0,0,0,0
"Zotu6272",0,0,0,0,4,0,0,0,0,0,0,1,0,0,2,0,0,0,0,0,0,0,0,0,0,0,0,1,0,0,0,0,0,1,0,0,0,1,0,0,0,0,0,3,0,1,1,0,0,0,0,0,0,0,11,10,0,0,0,0,0,1
"Zotu3410",0,0,0,0,13,0,0,0,0,0,1,0,0,0,0,0,1,0,0,0,0,0,0,0,0,0,0,1,0,0,0,0,0,2,1,0,0,0,0,0,0,0,0,0,2,1,0,1,0,0,0,0,1,0,0,39,0,0,0,0,2,0
"Zotu2976",0,0,0,0,4,0,0,0,0,0,0,0,0,0,0,0,0,0,0,0,0,0,0,0,0,0,0,0,0,0,0,1,0,0,0,0,0,0,1,0,0,0,0,0,0,0,0,0,0,1,0,1,0,0,0,0,0,0,41,32,0,0
"Zotu2566",0,0,0,0,3,0,0,0,0,0,0,0,0,0,0,0,0,0,0,0,0,0,0,0,0,0,0,0,0,0,0,0,0,0,2,0,0,0,0,0,0,0,0,0,0,2,1,0,77,0,0,0,0,0,0,1,0,1,0,0,2,0
"Zotu5033",0,0,0,0,3,0,0,0,0,0,0,1,0,0,0,0,1,0,0,0,0,0,0,0,0,0,0,0,26,10,0,0,0,0,0,0,0,0,0,0,0,0,0,0,0,0,1,0,0,0,0,0,0,0,0,0,0,0,0,0,0,0
"Zotu6116",0,0,0,0,2,0,0,0,13,0,0,0,0,0,0,0,0,0,0,0,0,0,0,0,0,0,0,0,0,0,0,0,0,0,0,0,0,0,0,0,0,0,0,0,0,0,0,0,0,0,0,0,0,0,0,0,0,0,0,0,0,0
"Zotu6074",0,0,0,0,10,0,0,0,0,0,0,0,0,0,0,0,0,0,0,0,0,0,0,0,0,0,1,0,0,0,1,0,0,0,0,0,0,0,0,0,0,0,0,0,0,0,0,0,0,0,0,0,0,0,0,0,0,0,0,0,0,0
"Zotu6071",0,0,0,0,1,0,0,0,0,0,0,0,0,0,0,0,0,0,0,0,0,0,0,0,0,1,0,0,0,0,0,0,0,0,0,0,1,1,0,0,0,0,0,3,0,0,0,0,0,0,0,0,0,0,8,19,0,0,0,0,0,0
"Zotu5171",0,0,0,0,2,0,0,0,0,0,0,0,0,0,0,0,3,0,0,0,18,0,0,0,0,0,0,0,7,1,0,0,0,0,0,0,0,1,0,0,0,0,0,0,0,0,0,0,0,0,17,0,0,0,0,0,0,0,1,0,0,0
"Zotu5948",0,0,0,0,1,0,0,0,0,0,0,0,0,0,4,0,3,0,0,0,0,0,0,0,0,0,0,0,0,0,0,0,0,0,0,0,0,0,0,0,0,0,0,11,0,1,0,0,0,0,0,0,0,0,0,0,0,1,0,0,0,1
"Zotu2532",0,0,0,0,6,0,0,0,0,0,0,1,0,0,16,0,0,0,0,0,0,0,0,1,0,0,0,0,0,0,0,0,0,0,0,0,0,0,0,0,0,0,0,0,0,0,0,2,1,0,0,0,0,0,1,0,29,0,29,0,41,1
"Zotu4735",0,0,0,0,4,0,0,0,0,0,0,0,0,0,0,0,1,0,0,0,0,0,0,0,0,0,0,0,0,0,0,0,0,0,0,0,0,0,0,0,0,1,0,0,0,0,0,0,1,1,0,1,0,0,0,0,2,0,32,0,0,0
"Zotu4964",0,0,0,0,12,0,0,1,41,0,0,0,0,0,19,0,1,0,0,0,0,0,0,0,0,0,0,0,1,0,1,0,0,0,1,0,0,0,0,0,0,0,0,0,0,0,0,0,0,0,0,0,0,0,0,0,0,0,0,0,17,0
"Zotu4034",0,0,0,0,1,0,0,0,0,0,0,0,0,0,0,0,0,0,0,0,0,0,2,0,0,0,1,0,1,11,0,2,1,1,0,0,0,0,19,0,0,0,0,0,0,0,0,1,0,0,0,0,1,0,0,0,0,0,0,0,0,0
"Zotu1761",0,0,0,0,1,0,0,2,2,0,0,1,0,1,0,0,0,0,0,0,87,1,0,0,2,3,0,2,0,2,0,2,0,0,0,0,0,1,0,0,0,0,0,0,0,0,0,1,0,2,0,29,0,0,1,0,0,0,0,0,0,0
"Zotu2446",0,0,0,0,1,0,0,0,0,0,0,0,2,0,9,0,0,0,47,0,0,0,0,0,0,0,0,0,0,0,0,1,0,1,0,0,0,0,1,0,0,0,0,1,0,161,0,1,1,1,0,0,0,2,0,0,0,2,37,0,0,0
"Zotu4611",0,0,0,0,1,0,0,0,0,0,0,19,0,0,8,0,0,0,0,0,0,0,0,0,0,0,0,0,0,0,0,0,0,0,0,0,0,0,17,0,0,0,0,2,0,0,0,1,0,0,0,0,0,0,1,0,1,0,0,0,0,0
"Zotu1500",0,0,0,0,5,0,0,0,0,0,0,0,0,1,0,0,4,0,0,0,0,0,0,0,0,0,0,0,0,0,0,1,0,0,0,1,1,1,0,1,1,0,0,0,0,4,0,0,0,0,3,0,2,0,1,0,0,1,66,0,28,20
"Zotu5120",0,0,0,0,1,0,0,0,0,0,0,0,0,0,0,0,0,0,0,0,0,0,0,0,0,0,0,0,0,0,0,0,0,0,0,0,0,0,0,0,0,0,0,0,0,0,0,2,0,0,0,0,0,0,0,0,1,0,14,0,1,0
"Zotu1316",0,0,0,0,4,1,0,0,0,0,0,0,0,0,0,0,0,0,0,0,0,0,0,0,0,0,0,0,0,0,0,0,0,0,1,2,0,0,0,0,0,2,2,3,0,1,0,2,1,0,2,2,0,1,11,51,47,58,1,2,0,1
"Zotu5259",0,0,0,0,5,1,0,0,4,0,0,0,0,0,0,1,0,0,0,0,0,0,0,0,0,0,0,0,0,0,0,0,0,0,1,0,0,1,0,0,0,0,0,0,0,0,21,0,0,0,0,5,6,1,0,2,0,0,8,7,1,3
"Zotu2019",0,0,0,0,3,0,0,0,0,3,0,0,0,1,0,0,13,0,0,0,0,0,0,0,0,0,0,0,0,0,0,0,1,0,3,0,2,1,1,2,1,0,0,127,0,0,0,0,0,2,4,1,1,0,1,0,1,0,1,0,0,0
"Zotu4450",0,0,0,0,2,0,0,0,0,0,0,0,0,0,0,0,0,0,0,0,0,0,0,0,0,0,0,0,0,0,0,0,0,0,0,0,0,0,0,0,0,0,1,0,0,0,0,0,1,0,0,1,0,1,0,0,66,0,0,0,2,0
"Zotu4789",0,0,0,0,1,0,0,0,0,0,0,0,0,0,0,0,0,0,0,0,20,0,0,0,0,0,0,1,0,0,0,0,0,0,2,0,0,1,1,0,1,0,0,0,0,0,0,1,0,0,0,16,0,8,0,0,0,0,0,0,0,5
"Zotu4403",0,0,0,0,7,0,0,0,0,4,0,0,0,0,3,0,0,0,0,0,0,0,0,0,0,0,0,0,0,0,0,0,0,1,0,0,0,1,0,0,0,0,1,1,0,0,0,0,0,0,1,0,25,0,5,0,1,0,0,11,13,1
"Zotu3242",0,0,0,0,7,0,0,0,0,0,1,1,0,0,4,0,0,0,0,0,0,0,0,0,0,0,0,0,0,0,0,0,0,1,0,0,18,0,0,1,0,0,0,12,0,0,1,0,0,1,1,10,0,0,0,1,0,0,0,5,0,0
"Zotu1492",0,0,0,0,3,0,1,0,1,0,0,0,0,0,1,0,1,0,0,0,0,0,0,0,0,0,0,0,0,0,0,0,0,0,1,0,0,0,2,2,0,2,1,1,0,0,0,0,1,1,1,1,1,0,23,30,17,0,75,16,0,2
"Zotu2832",0,0,0,0,1,0,0,1,1,1,0,10,2,26,6,0,0,32,0,0,0,0,1,1,1,0,0,1,0,1,0,0,0,0,0,0,0,0,0,0,0,0,0,0,0,0,0,0,0,0,0,0,0,0,0,0,0,0,0,0,0,0
"Zotu4352",0,0,0,0,5,0,0,1,1,0,28,0,0,0,3,0,0,0,0,0,0,1,0,0,0,0,2,0,0,0,0,0,0,0,0,0,0,0,0,0,0,0,0,2,0,0,0,0,0,0,0,0,0,0,0,0,0,0,0,0,0,0
"Zotu3430",0,0,0,0,3,0,0,0,0,0,0,1,0,0,0,0,0,0,0,0,0,0,0,0,0,0,0,0,0,0,0,0,0,1,0,0,0,2,0,1,0,0,0,0,0,0,0,0,1,1,0,0,0,0,6,9,12,26,0,0,0,0
"Zotu6076",0,0,0,0,1,0,0,0,0,0,0,0,0,0,0,0,0,0,0,0,0,0,0,0,0,0,0,0,0,0,0,1,0,0,0,0,0,0,1,0,0,0,0,0,0,0,0,0,0,0,0,0,0,0,6,0,0,1,20,0,1,0
"Zotu6250",0,0,0,0,7,0,0,0,0,0,0,1,0,0,4,0,0,0,0,0,0,0,0,0,0,0,0,0,0,0,0,0,1,0,0,0,0,0,0,0,0,0,0,7,0,0,0,0,0,0,0,0,0,0,15,16,0,0,0,0,0,0
"Zotu2826",0,0,0,0,3,0,0,0,1,0,0,0,0,0,3,0,7,0,0,1,0,0,0,0,0,0,0,0,0,1,0,0,1,1,0,0,60,6,1,0,0,0,1,0,0,0,0,0,0,0,0,4,1,0,0,0,0,2,1,3,0,1
"Zotu3210",0,0,0,0,1,0,0,0,5,0,0,0,0,0,0,0,2,0,0,0,7,0,0,0,0,0,0,0,0,0,0,0,0,1,0,0,0,0,0,0,0,0,1,0,0,1,0,0,0,1,1,2,0,0,0,0,0,0,2,42,18,0
"Zotu1318",0,0,0,0,2,0,0,0,0,0,1,0,0,0,0,0,0,0,8,0,0,0,0,0,0,1,1,0,0,0,0,0,1,1,0,0,0,0,1,0,1,2,0,1,1,68,2,25,76,1,0,0,0,1,19,4,0,0,0,0,0,1
"Zotu4039",0,0,0,0,1,0,0,0,0,0,0,0,0,0,0,0,0,0,0,0,0,0,0,0,0,0,0,0,0,0,0,0,0,0,0,0,0,1,0,0,0,0,0,0,0,0,0,0,1,0,0,0,0,0,8,19,13,0,1,0,1,0
"Zotu1163",0,0,0,0,1,0,0,2,0,0,1,1,0,0,1,0,0,2,0,1,0,1,0,167,1,1,0,0,0,0,0,0,0,0,0,0,0,1,30,0,1,1,0,0,0,0,1,0,0,0,0,0,1,1,0,0,1,0,0,0,1,0
"Zotu2819",0,0,0,0,1,0,0,1,0,0,0,0,0,0,0,0,0,84,0,0,0,0,0,0,0,0,0,0,1,0,0,0,0,0,0,0,0,0,0,0,0,0,0,0,0,0,0,0,0,0,0,0,0,0,0,0,0,0,0,0,0,0
"Zotu5958",0,0,0,0,1,0,0,0,0,1,0,0,0,0,0,0,0,0,0,0,0,0,0,1,0,0,0,0,0,25,0,0,0,0,0,0,0,0,0,0,0,0,0,0,0,0,0,0,0,0,0,0,0,0,0,0,0,0,0,0,0,0
"Zotu3407",0,0,0,0,1,0,1,0,0,0,1,50,1,1,0,0,0,0,0,0,0,0,1,0,0,0,3,0,1,1,0,0,0,0,0,0,0,0,0,0,0,0,0,0,0,0,0,0,0,0,0,0,0,0,0,0,0,0,0,0,0,0
"Zotu5983",0,0,0,0,1,0,0,0,0,0,0,0,0,0,0,0,4,0,32,0,0,0,0,0,0,0,0,0,0,0,0,0,0,0,0,0,0,0,0,0,0,0,0,0,0,1,0,0,0,0,0,2,0,0,4,0,0,0,0,0,0,0
"Zotu4454",0,0,0,0,4,0,0,0,19,0,0,0,0,0,4,0,0,0,0,0,0,0,0,0,0,0,0,0,0,0,1,0,0,0,0,0,0,0,0,0,0,0,0,0,0,0,0,0,0,0,0,0,0,0,0,0,0,0,0,0,0,0
"Zotu1055",0,0,0,0,5,0,0,0,1,0,0,1,0,0,0,0,7,1,0,0,0,0,1,0,0,0,0,0,0,0,0,1,2,4,0,0,2,1,2,4,0,3,1,2,56,0,3,1,0,0,2,9,1,4,1,5,2,0,3,0,51,111
"Zotu1959",0,0,0,0,1,0,0,1,0,0,0,2,0,1,0,0,1,0,0,1,0,0,1,0,0,0,98,1,0,0,0,1,0,0,0,0,0,0,0,0,0,17,0,0,0,0,0,0,0,0,0,0,0,0,0,0,0,0,1,0,0,0
"Zotu5779",0,0,0,0,1,0,0,0,1,0,0,0,0,0,1,0,1,0,13,0,0,0,0,0,0,0,0,0,0,0,0,0,0,0,0,0,0,0,0,0,0,0,0,0,0,0,1,0,0,0,0,2,1,1,0,0,0,0,3,4,1,1
"Zotu5867",0,0,0,0,4,0,0,0,0,0,0,0,0,0,0,0,0,0,0,0,0,0,0,0,0,0,0,0,0,0,0,0,1,0,0,0,0,0,0,0,1,0,0,0,1,0,0,0,0,0,0,0,0,0,1,0,26,0,0,0,0,0
"Zotu3979",0,0,0,0,13,0,0,0,5,0,0,0,1,1,5,0,3,0,0,0,0,0,0,0,0,0,0,0,0,0,0,0,1,0,1,0,0,0,0,0,0,0,0,0,0,0,0,0,0,0,0,0,0,0,3,2,0,0,25,0,0,0
"Zotu2265",0,0,0,0,1,0,0,0,1,0,52,0,0,0,1,0,0,0,0,0,0,0,0,0,0,0,0,0,0,0,0,0,0,0,0,0,0,0,3,0,0,0,0,0,1,0,0,0,1,0,1,0,0,1,0,127,9,0,0,0,0,0
"Zotu976",0,0,0,0,4,0,0,0,0,0,1,0,0,0,0,0,0,0,0,0,0,0,0,0,0,0,0,0,0,0,0,0,3,1,2,1,2,0,1,2,1,2,1,3,2,1,0,3,1,1,1,1,1,1,22,12,1,0,242,1,1,0
"Zotu3720",0,0,0,0,3,0,0,0,0,0,0,0,0,0,0,0,0,0,0,0,0,0,0,0,0,0,0,0,0,0,0,0,0,1,0,0,0,0,0,0,1,0,0,0,1,0,1,0,0,0,1,0,0,0,0,1,0,0,19,11,21,2
"Zotu2711",0,0,0,0,3,0,0,0,0,0,0,0,0,0,1,0,0,0,1,0,0,0,0,0,0,0,0,0,0,0,0,1,0,0,0,0,0,0,0,0,0,0,0,8,1,1,1,1,0,1,0,0,0,0,4,1,0,2,58,1,0,0
"Zotu6260",0,0,0,0,11,0,0,0,0,0,2,0,0,0,0,0,0,0,0,0,0,0,0,0,0,0,1,0,1,0,0,0,0,0,0,0,0,0,0,0,0,0,0,0,0,0,0,0,0,0,0,0,0,0,0,0,0,0,0,0,0,0
"Zotu4895",0,0,0,0,1,0,0,0,1,0,0,1,0,0,0,0,1,0,0,0,0,0,2,0,0,0,44,0,1,1,0,0,0,0,0,0,0,0,0,0,0,0,0,0,0,0,0,0,0,0,0,0,0,0,0,0,0,0,0,0,0,0
"Zotu4380",0,0,0,0,1,0,0,0,0,0,0,25,0,13,1,2,0,0,2,1,1,0,0,0,0,0,0,1,0,0,0,0,0,0,0,0,0,0,0,0,0,0,0,1,0,0,0,0,0,0,0,0,0,0,0,7,0,2,0,0,2,0
"Zotu824",0,0,0,0,5,0,0,0,1,0,0,0,0,0,0,0,0,0,0,0,0,0,0,0,0,0,0,0,0,0,0,1,2,3,1,4,0,4,22,2,1,2,3,11,6,3,2,2,1,1,1,0,3,20,163,56,6,1,113,3,3,3
"Zotu5537",0,0,0,0,2,0,0,0,0,0,0,0,0,1,2,0,0,0,0,0,0,0,0,0,0,0,0,0,0,0,0,0,1,0,0,1,0,0,0,0,0,0,0,0,0,0,0,0,0,0,16,0,0,0,0,0,0,0,13,0,0,0
"Zotu4186",0,0,0,0,1,0,0,0,0,0,0,0,0,0,0,0,1,0,0,0,8,0,0,2,0,0,0,0,0,0,0,2,0,0,0,0,0,0,0,0,0,0,0,2,0,0,3,1,0,0,2,0,0,23,0,1,0,1,0,20,8,0
"Zotu5176",0,0,0,0,5,0,0,0,0,0,0,0,0,0,0,0,4,0,0,0,0,0,0,0,0,0,0,0,0,0,0,0,0,0,0,0,0,0,0,0,0,0,1,0,0,0,0,0,0,0,0,0,0,0,0,1,0,0,0,0,0,20
"Zotu3947",0,0,0,0,4,0,0,0,0,0,0,0,0,1,0,0,0,0,0,0,0,0,0,0,0,0,0,0,0,1,0,0,0,0,2,0,0,0,0,0,0,1,0,0,0,48,0,0,0,0,1,0,0,0,0,0,0,0,0,1,0,0
"Zotu418",0,0,0,0,4,5,1,0,0,1,1,0,0,0,0,3,2,1,0,1,1,1,0,0,0,0,0,38,57,37,1,3,1,145,225,139,13,12,2,52,2,76,5,4,3,4,5,0,1,0,2,4,1,2,4,1,4,1,6,1,4,1
"Zotu2627",0,0,0,0,2,0,0,1,1,0,36,0,1,0,0,0,0,1,1,0,0,0,1,0,1,0,0,1,0,0,1,0,0,0,0,0,0,0,0,0,0,0,1,1,0,0,0,0,0,0,1,0,0,0,0,0,0,0,1,12,5,14
"Zotu3817",0,0,0,0,4,0,0,0,0,0,0,0,0,0,0,0,0,0,0,0,0,0,0,0,0,0,0,0,0,0,0,0,2,0,0,2,0,0,0,1,0,3,0,0,0,0,0,1,0,0,0,0,0,0,11,27,0,0,0,0,2,0
"Zotu1201",0,0,0,0,1,0,0,0,14,0,0,0,0,0,1,0,0,0,0,0,0,0,0,0,0,0,0,0,0,0,0,0,0,1,0,1,1,1,0,0,0,1,0,1,0,1,0,0,0,0,0,1,0,0,22,1,29,154,0,0,0,0
"Zotu2920",0,0,0,0,2,1,65,0,0,0,0,0,0,0,1,0,0,0,0,0,0,1,0,0,1,0,0,0,0,0,0,0,0,0,0,0,0,0,0,0,0,0,0,0,0,0,0,0,0,0,0,0,0,0,0,0,0,0,0,0,0,0
"Zotu2572",0,0,0,0,3,0,0,0,41,0,0,0,0,0,4,0,3,0,11,0,0,0,0,0,0,0,0,0,0,0,0,0,0,1,0,0,0,0,1,0,0,0,0,0,0,0,0,0,0,0,1,0,54,0,1,0,1,0,5,0,0,0
"Zotu6060",0,0,0,0,2,0,0,0,0,0,0,0,0,0,0,0,0,0,0,0,0,0,0,0,0,0,0,0,0,0,0,0,0,0,0,0,0,24,0,0,0,0,0,2,0,0,0,0,0,0,0,6,0,0,0,0,0,0,0,0,0,9
"Zotu5036",0,0,0,0,2,0,0,0,0,0,0,0,0,0,0,0,0,2,0,0,14,0,0,0,0,0,0,0,14,0,0,0,0,0,0,0,0,0,0,0,0,0,0,2,0,0,0,0,0,0,0,0,0,0,0,0,0,0,0,0,0,0
"Zotu4129",0,0,0,0,3,0,0,0,0,0,0,0,1,0,0,0,0,0,31,0,0,0,0,0,0,0,0,0,0,0,0,0,0,0,0,0,0,0,0,0,0,0,0,11,0,0,0,0,0,0,0,0,0,0,0,0,0,0,0,0,0,0
"Zotu6057",0,0,0,0,2,0,1,0,0,0,0,0,0,0,5,0,1,0,0,0,0,0,0,0,0,1,0,0,0,0,0,0,0,0,0,0,0,0,0,0,0,0,0,0,0,0,0,0,0,0,0,3,10,0,0,0,0,0,0,0,0,0
"Zotu1915",0,0,0,0,4,0,0,0,0,0,0,0,0,0,0,0,0,0,0,0,0,0,0,0,0,0,0,0,0,0,0,0,0,0,1,1,2,0,0,0,1,2,0,3,1,0,0,0,0,0,0,2,1,0,82,24,0,0,2,0,4,0
"Zotu5794",0,0,0,0,2,0,0,0,9,0,17,0,0,0,0,0,0,0,0,0,0,0,0,0,0,0,0,0,1,0,0,0,0,0,0,0,0,0,0,0,0,0,0,0,0,0,0,0,0,0,0,0,0,0,0,0,0,0,0,0,0,0
"Zotu2784",0,0,0,0,2,0,0,0,0,0,0,0,0,0,0,0,0,0,0,0,0,0,0,0,0,0,0,0,0,0,0,0,0,0,3,1,0,0,0,0,0,0,1,3,0,0,0,0,0,0,65,0,0,0,13,0,1,1,0,0,0,0
"Zotu2098",0,0,0,0,1,0,0,0,0,0,0,0,0,0,0,0,0,0,0,0,0,0,0,0,0,0,0,0,0,0,0,0,1,0,1,1,0,1,0,1,0,1,2,7,1,1,0,1,0,0,1,0,1,0,8,26,0,0,40,1,1,0
"Zotu5672",0,0,0,0,5,1,0,0,0,1,0,0,0,0,0,0,0,0,1,0,1,0,0,0,0,0,0,0,30,0,0,0,0,0,0,0,0,0,0,0,0,0,0,0,0,0,0,0,0,0,0,0,0,0,0,0,0,0,0,0,0,1
"Zotu2515",0,0,0,0,1,0,0,0,0,0,0,0,0,0,0,0,0,0,0,0,0,0,0,0,0,0,0,0,0,0,0,0,0,0,0,2,0,1,1,2,1,0,2,0,0,0,1,1,0,0,1,0,0,0,1,14,33,2,0,4,40,7
"Zotu1240",0,0,0,0,2,0,3,0,0,0,1,14,0,0,0,0,7,0,0,1,2,0,0,0,0,1,0,0,0,17,0,0,0,1,2,0,1,2,1,0,1,1,0,7,0,1,0,0,133,0,1,5,0,1,1,0,0,1,0,6,2,43
"Zotu1716",0,0,0,0,3,0,0,0,0,0,0,0,0,0,0,0,0,0,0,0,0,0,1,0,0,0,0,0,0,0,0,0,1,1,1,2,1,2,1,1,1,0,0,5,1,0,0,1,1,2,0,0,1,0,26,113,5,0,7,0,4,0
"Zotu2420",0,0,0,0,4,0,0,0,1,0,80,0,0,0,3,0,0,2,0,0,0,0,0,0,0,0,0,0,0,0,0,0,0,0,0,1,0,0,0,0,0,0,0,0,0,0,1,0,0,0,0,8,0,0,0,0,0,0,0,0,1,0
"Zotu3044",0,0,0,0,1,0,0,0,0,0,0,1,0,1,0,1,1,0,0,0,0,0,0,0,0,0,0,0,40,0,0,0,1,0,0,0,0,0,0,15,0,0,0,9,0,0,0,1,0,0,0,3,0,0,0,0,0,0,0,0,0,0
"Zotu6024",0,0,0,0,3,0,1,0,0,0,0,0,1,0,8,0,30,0,0,0,0,0,0,0,0,0,0,0,0,0,0,0,0,0,0,0,0,0,0,0,0,0,0,4,0,0,0,0,0,0,0,0,0,0,0,0,0,0,0,0,0,0
"Zotu1209",0,0,0,0,1,0,0,1,1,0,1,1,0,1,0,2,8,0,0,0,1,0,1,2,0,0,1,58,30,23,0,1,0,41,0,0,0,21,30,0,1,0,1,4,1,1,0,0,1,0,0,1,0,1,1,1,1,0,0,4,2,1
"Zotu1739",0,0,0,0,2,0,0,0,1,0,0,0,0,0,3,0,2,0,0,0,9,0,0,0,0,0,0,0,0,0,1,0,1,1,2,0,0,0,0,2,0,0,0,0,3,1,1,44,0,0,24,5,2,1,1,0,1,2,96,1,1,1
"Zotu5389",0,0,0,0,3,0,0,0,0,0,0,0,0,0,0,0,0,0,0,0,0,0,0,0,0,0,0,0,0,0,0,0,0,1,0,0,0,0,0,0,0,0,0,0,0,0,1,0,0,0,0,1,0,0,0,27,0,0,0,1,0,0
"Zotu4269",0,0,0,0,2,0,0,0,0,0,0,0,0,0,0,0,0,0,0,0,0,0,0,0,0,0,0,0,0,0,0,0,1,0,0,0,0,0,0,0,0,0,0,7,0,0,0,0,0,0,0,1,0,0,0,25,0,0,0,0,0,0
"Zotu5843",0,0,0,0,2,0,17,0,0,0,0,0,0,1,7,0,0,0,0,0,45,1,0,0,0,0,0,0,0,1,0,0,0,0,0,0,0,0,0,0,0,0,0,0,0,0,0,0,0,0,0,2,0,0,0,0,0,0,0,0,0,0
"Zotu2990",0,0,0,0,6,0,0,0,0,0,0,0,0,0,0,0,0,0,1,0,0,0,0,0,0,0,0,0,0,0,0,1,0,0,1,0,0,1,1,2,0,0,0,0,1,1,0,59,0,0,2,1,1,1,0,1,0,0,0,1,0,1
"Zotu1299",0,0,0,0,1,0,0,0,3,0,0,0,0,0,0,0,0,45,0,2,0,0,0,0,0,0,1,0,0,0,0,1,0,0,1,0,0,2,0,0,0,0,0,1,2,0,0,0,1,0,1,1,1,1,0,0,1,75,23,1,0,0
"Zotu6213",0,0,0,0,3,0,0,1,0,9,0,0,0,1,0,0,0,0,0,0,0,0,0,0,0,0,0,0,0,0,0,0,4,0,0,0,0,0,0,1,0,1,0,0,0,0,0,0,0,0,0,3,0,0,9,9,0,0,11,0,5,1
"Zotu1591",0,0,0,0,1,0,0,0,0,0,0,0,0,0,6,0,0,0,0,0,0,0,0,0,0,0,0,0,0,0,0,0,1,1,1,0,1,1,1,0,0,0,0,0,1,0,0,0,0,0,0,0,0,1,24,22,23,1,58,0,0,1
"Zotu2329",0,0,0,0,2,0,0,33,21,0,1,0,1,0,0,1,0,0,0,0,0,0,0,0,0,0,0,1,0,0,1,0,0,1,0,0,41,0,0,0,0,0,0,0,0,1,0,0,0,0,1,1,0,0,1,0,0,0,0,0,0,0
"Zotu6379",0,0,0,0,1,0,0,0,0,0,0,0,0,0,0,0,0,0,0,0,0,0,0,0,0,0,0,0,0,0,0,0,0,18,0,0,0,0,0,1,0,0,0,0,0,0,0,0,0,0,0,0,0,0,0,0,0,0,0,0,1,0
"Zotu3057",0,0,0,0,1,0,0,0,0,0,0,0,0,0,0,0,0,0,0,0,0,0,0,0,0,0,0,0,0,0,0,0,0,0,0,0,1,0,0,0,0,1,0,1,0,0,1,0,0,0,0,0,0,0,38,28,0,2,1,12,0,1
"Zotu2305",0,0,0,0,3,1,0,0,4,0,0,0,1,0,0,0,2,0,1,0,0,0,0,0,0,0,0,0,10,0,0,0,0,0,70,0,0,0,2,0,0,0,0,0,0,1,0,2,0,0,0,0,0,2,10,1,2,0,0,0,3,1
"Zotu2737",0,0,0,0,1,1,0,0,2,0,0,0,0,0,1,1,0,0,0,0,1,0,0,0,96,0,0,0,0,0,1,0,0,0,0,0,0,0,0,0,0,0,0,0,0,0,0,0,0,0,0,0,0,0,0,0,0,0,0,0,0,0
"Zotu1324",0,0,0,0,5,0,0,0,0,0,0,0,0,0,1,0,0,0,0,0,0,0,0,0,0,0,0,0,0,0,0,1,0,0,0,1,1,3,3,1,1,1,1,2,1,1,0,1,1,0,1,2,0,7,1,4,0,2,75,22,36,6
"Zotu3125",0,0,0,0,1,54,1,0,0,0,0,3,0,0,0,0,0,0,1,0,0,0,1,1,0,0,0,0,0,0,0,0,0,0,0,0,0,0,0,0,0,0,0,0,0,0,0,0,0,0,0,0,0,0,0,0,0,0,0,0,0,0
"Zotu6288",0,0,0,0,1,0,0,0,0,1,0,0,0,0,0,0,0,0,0,0,0,0,0,0,0,0,0,0,0,0,0,0,0,0,0,0,0,0,0,0,0,0,0,1,0,0,0,0,0,0,0,0,0,0,0,0,0,1,15,0,0,0
"Zotu6007",0,0,0,0,1,0,0,0,0,0,0,0,0,0,0,0,0,0,0,0,0,0,0,0,0,1,0,0,0,0,0,1,0,1,0,0,30,0,0,0,0,0,0,0,0,0,0,2,0,0,0,0,0,0,0,0,0,0,0,0,0,0
"Zotu3830",0,0,0,0,3,0,0,0,0,0,0,1,0,0,0,0,0,0,0,0,0,0,0,0,0,0,0,0,0,0,0,0,1,0,0,0,2,0,0,1,0,0,0,1,0,0,1,1,32,1,0,0,0,0,0,1,0,1,1,13,33,0
"Zotu4230",0,0,0,0,1,0,0,0,0,0,0,0,0,0,0,0,0,0,0,0,0,0,0,0,0,1,1,0,0,0,0,1,0,0,2,0,0,0,1,0,0,1,1,2,0,0,1,0,0,0,1,0,1,0,5,3,0,1,21,5,0,0
"Zotu4465",0,0,0,0,1,0,0,0,0,0,0,0,0,0,0,0,0,0,0,0,0,0,0,0,0,0,0,0,0,0,0,0,0,0,1,0,0,1,0,0,0,0,0,0,0,0,0,1,0,0,0,0,0,0,2,33,1,0,1,0,2,1
"Zotu3305",0,0,0,0,4,0,0,0,0,0,0,0,0,0,0,0,0,0,0,0,0,0,0,0,0,0,0,1,0,0,0,1,0,0,1,0,0,2,0,0,0,0,0,3,0,0,1,0,1,0,0,0,0,0,27,4,26,0,0,0,1,1
"Zotu6022",0,0,0,0,2,0,0,0,0,0,0,0,0,0,3,0,0,0,0,0,0,0,0,0,0,0,0,0,0,0,0,0,0,0,0,0,16,0,0,0,0,0,0,1,0,0,0,1,0,0,0,1,0,0,1,0,0,0,0,3,0,0
"Zotu5680",0,0,0,0,1,0,0,1,0,0,0,43,0,0,0,0,0,0,0,0,0,0,0,0,0,0,1,0,2,0,1,0,0,0,0,0,0,0,0,0,0,0,0,0,0,0,0,0,0,0,0,0,0,0,0,0,0,0,0,0,0,0
"Zotu555",0,0,0,0,1,0,0,39,0,0,0,0,0,0,6,0,0,0,4,0,0,0,0,0,0,0,0,0,0,0,0,1,4,1,0,1,0,1,0,0,3,1,0,5,1,180,0,0,115,4,18,1,1,0,1,4,0,3,91,88,15,1
"Zotu252",0,0,0,0,7,0,0,0,0,0,0,0,0,0,0,0,0,0,1,0,0,0,0,0,0,0,1,0,0,0,0,0,1,3,1,3,2,2,2,0,5,1,2,6,0,5,0,2,2,6,3,1,0,64,290,421,381,1,36,3,4,0
"Zotu400",0,0,0,0,1,0,1,0,1,1,0,1,0,0,0,0,1,0,0,0,0,0,1,0,0,0,0,71,0,0,0,2,4,133,78,3,47,60,78,40,1,16,153,2,3,2,1,2,2,5,3,6,5,2,4,1,2,3,0,1,0,5
"Zotu3586",0,0,0,0,1,0,0,0,0,0,0,0,0,0,0,0,0,0,0,0,0,0,2,0,0,0,0,0,56,0,2,0,0,0,0,0,0,0,0,0,0,0,0,0,0,0,0,0,0,0,0,0,0,0,0,0,0,0,0,0,0,0
"Zotu1748",0,0,0,0,4,0,1,0,11,0,0,0,0,17,0,0,0,0,0,0,2,0,1,0,0,0,0,0,0,0,1,0,0,0,2,0,24,25,5,14,0,0,0,3,0,0,1,0,1,1,11,0,9,0,0,0,0,1,2,1,0,1
"Zotu4336",0,0,0,0,4,0,0,1,0,0,0,0,0,0,0,0,0,0,0,0,0,0,0,0,0,0,0,0,0,1,0,0,0,0,1,0,0,0,0,0,0,0,1,1,0,0,0,1,1,0,1,0,0,0,0,3,24,0,0,0,1,0
"Zotu4063",0,0,0,0,2,1,1,0,0,0,0,0,0,0,0,0,6,1,0,1,8,1,0,0,0,1,0,0,0,14,0,0,0,36,0,0,0,0,0,0,0,0,0,1,0,0,0,0,0,1,0,0,0,0,0,0,0,0,0,0,1,0
"Zotu4814",0,0,0,0,2,0,0,0,0,1,0,0,0,0,0,0,2,0,0,0,0,0,0,0,0,0,0,0,37,0,1,1,0,0,0,0,0,0,0,0,0,0,0,3,0,0,0,0,0,0,0,0,0,0,0,0,0,0,0,0,0,0
"Zotu4880",0,0,0,0,2,0,0,0,0,1,0,0,0,0,0,0,25,0,0,0,0,0,0,0,0,0,0,0,0,0,0,0,0,0,0,0,0,0,0,0,0,0,0,0,0,0,0,0,0,0,0,0,0,0,0,0,0,0,0,0,0,0
"Zotu4984",0,0,0,0,7,0,0,0,0,0,0,2,0,0,0,0,0,0,0,0,0,0,0,0,0,0,0,0,0,0,0,0,0,0,0,0,0,0,0,0,0,0,0,0,0,0,1,0,0,1,0,0,0,0,1,35,0,0,0,0,0,0
"Zotu1971",0,0,0,0,3,0,0,0,0,0,0,0,0,0,0,0,0,0,0,0,0,0,0,0,0,0,0,0,0,0,0,0,1,2,1,2,6,1,2,0,0,1,2,0,0,0,1,0,91,0,0,2,0,8,2,17,12,0,1,6,0,2
"Zotu4992",0,0,0,0,1,0,0,0,0,0,0,0,0,0,0,0,0,3,0,0,0,0,0,0,0,0,0,0,34,0,0,0,0,0,0,0,0,0,0,0,0,0,0,0,0,0,0,0,0,0,0,0,0,0,0,0,0,0,0,0,0,0
"Zotu5704",0,0,0,0,2,0,1,0,0,0,0,0,0,0,0,0,3,0,0,0,0,0,0,0,0,0,0,0,0,0,0,0,0,0,0,0,0,0,1,0,0,0,0,0,0,0,0,1,1,0,1,0,0,0,0,1,0,0,10,0,0,0
"Zotu3600",0,0,0,0,2,0,0,0,0,0,0,0,0,0,0,0,0,0,0,0,0,0,0,0,0,0,0,0,0,0,0,0,0,0,2,0,0,0,0,1,0,0,0,0,0,0,0,66,0,1,0,1,1,0,0,0,1,0,0,0,0,0
"Zotu3446",0,0,0,0,4,0,0,0,0,0,0,0,0,0,0,0,0,0,0,0,0,0,0,0,0,0,0,0,0,0,0,0,1,0,1,0,0,0,0,0,0,0,0,6,0,0,0,0,0,0,0,0,0,0,1,0,0,0,38,0,0,0
"Zotu4266",0,0,0,0,1,0,0,0,0,0,0,0,0,0,0,0,0,0,0,0,0,0,0,0,0,0,0,0,0,0,0,0,0,0,1,0,0,0,0,0,0,0,0,0,0,0,0,0,0,0,1,0,0,0,0,0,31,0,0,1,22,0
"Zotu833",0,0,0,0,2,0,0,0,1,0,1,0,1,0,6,3,3,0,2,0,0,0,0,0,0,0,0,129,0,1,1,1,1,0,2,0,47,96,0,0,1,68,0,4,1,1,1,0,0,1,0,1,2,1,1,1,0,1,1,2,0,0
"Zotu4887",0,0,0,0,4,0,0,0,0,0,0,0,0,0,2,0,5,0,0,1,0,1,0,0,0,0,0,0,0,0,0,0,0,1,0,1,1,0,1,0,0,1,1,1,0,0,0,2,0,0,0,0,0,0,1,0,0,0,16,0,0,15
"Zotu2561",0,0,0,0,2,0,0,0,0,0,0,0,0,0,0,0,0,0,0,0,0,0,0,0,0,0,0,0,0,0,0,0,0,0,1,1,1,0,0,0,0,0,0,7,0,0,0,0,0,0,0,0,1,0,57,21,0,1,0,1,0,0
"Zotu4710",0,0,0,0,3,0,0,0,0,0,0,0,0,0,0,0,0,0,0,0,0,0,1,0,0,0,0,0,0,0,0,0,0,0,0,0,0,0,0,0,0,0,0,3,0,0,0,0,0,0,0,0,0,0,1,7,18,0,0,0,0,0
"Zotu1182",0,0,0,0,3,0,0,0,28,0,0,0,0,1,5,0,3,0,0,0,0,0,0,0,0,0,0,89,0,0,0,0,2,2,2,1,0,0,7,1,0,0,0,181,0,0,0,0,0,0,1,18,24,0,1,0,0,0,2,0,2,0
"Zotu3660",0,0,0,0,4,0,0,0,0,0,0,0,0,0,0,0,0,0,0,0,0,0,0,0,0,0,0,0,0,0,0,0,1,1,0,0,0,0,0,1,0,1,0,0,0,1,0,0,0,0,2,4,0,1,0,0,0,0,17,0,8,12
"Zotu1060",0,0,0,0,1,0,2,0,0,1,0,0,0,1,0,0,1,0,0,0,0,0,574,1,0,0,0,1,0,0,0,0,0,0,0,0,0,0,0,0,0,0,0,0,0,0,0,0,0,0,0,0,0,0,0,0,0,0,0,0,0,0
"Zotu3491",0,0,0,0,2,0,0,0,0,0,0,0,0,0,1,0,0,0,0,0,0,0,0,0,0,0,0,0,0,0,0,1,0,0,1,0,1,0,0,0,0,0,0,0,1,0,68,0,0,0,0,5,0,1,0,0,0,0,0,0,6,0
"Zotu3682",0,0,0,0,1,0,0,0,0,0,0,0,0,0,2,0,1,0,0,0,0,0,0,0,0,0,0,0,0,0,0,0,0,0,1,0,0,0,0,0,0,0,0,1,1,0,0,50,0,0,0,1,0,0,0,1,0,0,0,1,0,0
"Zotu5241",0,0,0,0,1,0,0,0,15,0,0,0,0,0,0,0,0,0,0,1,0,1,0,0,0,0,0,0,0,0,0,0,0,0,0,0,0,0,0,0,0,0,2,0,0,0,0,0,0,0,0,0,0,0,10,0,0,0,0,0,0,0
"Zotu4963",0,0,0,0,2,0,0,0,0,30,0,0,0,0,1,0,0,0,0,0,0,0,0,1,0,1,0,0,0,2,0,0,0,0,0,0,0,0,0,0,0,0,0,0,0,0,0,0,0,0,0,0,0,0,0,0,0,0,0,0,0,0
"Zotu3226",0,0,0,0,1,0,0,0,0,0,0,0,0,0,0,3,0,0,0,0,0,0,0,0,0,0,0,0,0,0,0,0,0,0,0,0,0,0,0,0,0,1,0,0,0,1,0,0,1,0,0,1,0,1,4,19,0,1,19,10,0,0
"Zotu2351",0,0,0,0,2,0,0,0,0,0,0,0,0,0,0,0,0,0,0,0,0,0,0,0,0,0,1,0,0,0,0,2,0,0,0,53,0,0,0,0,0,21,1,0,0,0,0,1,0,0,0,0,0,0,0,0,0,0,0,0,0,0
"Zotu4120",0,0,0,0,1,0,0,0,0,0,0,0,0,0,0,0,0,0,0,0,0,0,0,0,0,0,0,0,0,0,0,0,30,0,0,0,0,0,0,0,0,0,0,0,0,0,0,0,0,2,0,0,0,0,0,0,0,0,0,0,0,0
"Zotu4811",0,0,0,0,1,1,0,1,0,0,0,2,0,0,0,0,11,0,27,1,0,0,0,0,0,0,0,1,1,0,0,0,0,0,0,0,0,0,0,0,0,0,0,5,0,0,0,1,0,0,0,5,0,0,0,0,0,0,0,0,0,0
"Zotu956",0,0,0,0,2,1,0,0,0,0,0,0,0,0,9,0,1,0,3,0,0,0,0,0,0,0,0,0,0,0,0,0,0,1,259,0,0,0,0,2,0,1,0,4,0,1,1,0,1,1,1,0,0,0,1,0,0,0,0,25,0,0
"Zotu2527",0,0,0,0,1,0,0,0,0,0,0,0,0,0,0,0,0,0,4,0,0,0,1,0,0,0,0,0,1,1,0,1,0,0,0,0,0,0,1,1,0,24,0,0,0,0,0,0,0,0,0,0,0,1,1,27,1,2,1,2,0,1
"Zotu2912",0,0,0,0,2,0,0,0,0,0,50,0,0,0,9,1,1,0,0,0,0,0,0,0,0,0,0,1,0,0,0,0,0,0,0,0,0,0,0,0,0,0,0,0,0,0,0,0,0,0,0,0,0,0,0,0,0,0,0,0,0,0
"Zotu4483",0,0,0,0,1,0,0,0,0,0,0,0,0,0,0,0,2,0,0,0,0,0,0,0,0,0,0,0,1,0,0,0,0,0,0,0,1,0,1,0,0,0,46,0,0,0,0,0,0,1,0,0,0,0,0,0,0,0,0,0,0,0
"Zotu808",0,0,0,0,5,0,1,0,0,0,0,0,0,0,0,2,0,0,0,0,0,0,0,0,2,1,0,0,92,22,0,0,0,1,0,0,1,0,197,1,1,0,2,1,0,1,0,0,0,0,0,1,1,2,1,4,2,0,0,14,2,0
"Zotu934",0,0,0,0,1,0,0,0,0,0,0,0,0,0,0,0,0,0,0,0,0,0,0,0,0,0,0,0,0,0,0,1,2,1,1,3,1,0,1,3,0,2,0,0,0,1,2,0,5,0,2,1,0,1,10,6,6,181,43,2,13,0
"Zotu2568",0,0,0,0,1,0,0,45,0,0,0,0,0,0,0,0,0,0,0,0,1,0,0,0,0,0,0,0,0,0,0,0,0,0,0,0,1,0,0,0,0,0,0,0,0,1,1,0,1,0,0,6,0,25,0,0,0,0,0,0,0,0
"Zotu4050",0,0,0,0,1,0,0,0,0,0,0,0,0,0,1,0,0,0,0,0,0,0,0,0,1,0,0,0,28,1,0,0,0,1,0,0,0,0,0,0,0,0,0,0,0,1,0,0,0,0,0,5,0,0,0,0,0,0,0,0,0,0
"Zotu4866",0,0,0,0,3,0,0,0,0,0,0,0,0,0,0,0,0,0,0,0,0,0,0,0,0,0,0,0,0,0,0,1,0,0,0,0,0,0,1,0,0,0,0,0,1,0,0,0,1,0,0,6,0,0,18,8,9,0,0,0,0,0
"Zotu3522",0,0,0,0,1,0,0,0,0,0,0,0,0,0,0,0,0,0,0,0,0,0,0,0,0,0,0,0,0,0,0,1,0,1,0,2,0,0,1,0,0,0,14,2,1,0,0,1,1,0,0,0,13,1,15,30,2,0,0,18,1,0
"Zotu3710",0,0,0,0,2,0,0,0,0,0,0,0,0,0,0,0,0,0,0,0,0,0,0,0,0,0,0,0,0,0,0,0,1,0,0,0,0,0,0,1,2,0,1,0,0,0,0,0,0,0,0,0,0,0,68,0,0,0,0,0,0,0
"Zotu2973",0,0,0,0,1,2,0,0,0,0,20,0,0,0,4,0,0,0,27,0,0,2,0,0,1,0,0,0,0,0,0,0,0,0,0,0,0,0,0,0,0,0,0,0,0,0,0,0,0,0,0,0,0,0,0,0,0,0,0,0,0,0
"Zotu3207",0,0,0,0,1,0,0,0,0,0,1,0,0,0,0,0,0,0,0,0,0,1,0,0,0,49,0,0,0,0,0,0,0,0,0,0,0,0,0,0,0,0,0,0,0,0,0,0,0,0,0,0,0,0,0,0,0,0,0,0,0,0
"Zotu5635",0,0,0,0,1,0,0,1,0,0,0,0,0,0,0,0,0,1,0,0,19,0,0,0,0,0,0,1,0,0,0,0,0,0,0,0,0,0,0,0,0,0,0,0,0,0,0,0,0,0,0,0,0,0,0,0,0,0,0,0,0,0
"Zotu1624",0,0,0,0,3,0,0,0,0,0,0,0,1,0,0,0,0,0,0,0,0,0,0,0,0,0,0,0,0,0,0,1,0,0,0,0,1,0,1,0,1,0,0,1,161,1,1,0,0,0,0,0,0,0,0,2,0,0,0,0,1,2
"Zotu1313",0,0,0,0,1,0,0,1,0,0,1,0,0,18,8,0,3,1,0,0,11,0,0,0,1,2,0,0,0,0,1,0,2,5,0,0,0,0,1,3,2,1,1,1,3,1,1,1,0,0,0,70,52,15,0,0,0,1,0,1,0,13
"Zotu3661",0,0,0,0,2,0,0,0,0,0,0,0,0,0,0,0,0,0,0,0,0,0,0,0,0,0,0,0,0,0,0,0,0,1,0,0,0,0,0,1,0,0,0,0,0,0,1,0,0,0,0,0,0,0,26,1,0,0,0,1,1,0
"Zotu1362",0,0,0,0,1,1,1,0,0,0,0,1,0,0,0,1,1,0,22,0,0,0,0,0,0,0,0,0,9,0,0,2,2,3,1,0,0,0,1,0,1,0,0,2,2,1,46,0,0,0,3,0,20,1,0,0,0,3,33,15,28,10
"Zotu4012",0,0,0,0,1,0,41,0,0,0,0,0,0,0,6,0,0,0,0,0,0,1,0,1,0,0,0,0,0,0,1,0,0,0,0,0,0,0,0,0,0,0,0,0,0,0,0,0,0,0,0,0,0,0,0,0,0,0,0,0,0,0
"Zotu5414",0,0,0,0,9,0,0,0,0,0,0,0,0,0,1,0,1,0,0,0,0,0,0,0,0,1,0,0,0,0,0,0,0,1,0,0,0,0,0,0,0,1,1,1,0,0,0,1,0,0,1,0,0,0,6,15,33,11,8,12,0,0
"Zotu5256",0,0,0,0,2,0,0,0,0,0,0,0,0,0,0,0,7,0,0,0,0,2,0,0,0,0,0,0,1,0,0,0,0,0,0,0,0,0,0,0,0,0,1,0,0,0,0,0,0,0,0,0,0,0,1,0,0,0,0,1,12,5
"Zotu4706",0,0,0,0,1,1,0,0,0,0,0,0,0,0,1,0,1,0,0,0,9,0,0,0,0,0,0,0,0,0,0,0,1,2,0,0,0,1,1,0,0,0,0,0,32,1,0,0,0,0,0,0,1,1,0,0,0,0,1,0,0,0
"Zotu3694",0,0,0,0,2,0,6,0,0,0,0,0,0,0,0,0,0,0,0,0,0,0,0,0,0,0,0,0,0,0,0,0,0,0,35,0,0,0,0,0,0,0,0,2,0,0,0,0,0,1,0,0,0,0,0,0,0,0,0,0,1,0
"Zotu6345",0,0,0,0,1,1,0,20,0,0,0,0,0,0,0,1,1,0,0,0,0,0,0,0,0,0,0,0,0,0,0,0,0,0,0,0,0,0,0,0,0,0,0,0,0,0,0,0,0,0,0,0,0,0,0,0,0,0,0,0,0,0
"Zotu2690",0,0,0,0,3,0,9,1,0,0,0,0,2,22,4,0,5,1,0,1,0,0,0,0,0,0,0,0,12,1,0,0,0,0,0,0,0,24,0,0,0,0,0,0,0,0,0,0,0,0,0,2,0,1,0,0,1,0,0,0,0,2
"Zotu4167",0,0,0,0,1,0,0,0,19,0,0,0,0,0,5,0,0,0,0,1,0,0,1,0,0,0,0,1,0,0,0,0,0,0,0,0,0,0,0,0,1,0,0,0,0,0,0,0,0,0,0,0,0,0,0,11,0,0,0,0,1,0
"Zotu5200",0,0,0,0,3,28,0,0,0,2,0,0,0,1,0,1,0,0,0,0,0,0,0,0,1,1,0,0,0,0,0,0,0,0,0,0,0,0,0,0,0,0,0,0,0,0,0,0,0,0,0,0,0,0,0,0,0,0,0,0,0,0
"Zotu4247",0,0,0,0,2,0,0,0,0,0,0,0,0,0,0,0,0,0,0,0,0,0,0,0,0,0,0,0,0,0,0,0,0,0,0,0,0,0,0,0,0,0,1,0,0,0,0,0,0,1,0,0,0,0,1,0,11,0,42,0,0,0
"Zotu5603",0,0,0,0,1,0,0,0,0,0,0,0,0,0,0,0,0,0,0,0,73,0,0,0,0,0,0,0,0,1,0,0,0,0,0,0,0,0,0,0,0,0,0,0,0,0,0,0,0,0,0,0,0,0,0,0,0,0,0,0,0,0
"Zotu4652",0,0,0,0,1,0,0,0,0,0,0,0,0,0,0,0,0,0,0,0,0,0,0,0,0,0,0,0,0,0,0,0,0,0,0,0,1,0,0,2,0,1,0,0,0,0,0,0,0,0,0,0,1,0,0,0,26,0,1,16,0,0
"Zotu4411",0,0,0,0,2,0,0,0,0,0,0,0,0,0,0,0,0,0,0,0,0,0,0,0,0,0,0,0,0,0,0,0,0,0,0,1,0,1,0,0,1,0,0,0,2,0,0,0,0,0,1,0,0,0,1,23,0,0,0,0,0,0
"Zotu2724",0,0,0,0,2,0,0,0,0,0,0,1,0,0,3,0,0,0,0,0,0,1,0,0,0,0,1,0,0,0,0,1,1,0,0,1,0,0,1,0,0,0,0,1,1,0,0,1,0,0,0,3,1,0,68,9,12,0,24,6,0,4
"Zotu1543",0,0,0,0,1,0,0,0,0,0,27,0,0,0,0,0,0,0,0,0,1,0,0,0,1,0,0,0,0,1,1,0,0,2,1,0,1,2,0,0,0,1,0,1,0,1,1,95,0,0,2,0,1,0,0,7,14,0,1,1,0,0
"Zotu4439",0,0,0,0,3,0,1,0,0,1,0,0,0,1,0,0,37,0,0,0,0,0,1,0,0,1,0,0,2,0,0,0,0,0,0,1,0,0,0,0,0,0,0,15,0,0,0,0,0,0,0,5,0,0,0,0,0,0,0,0,0,0
"Zotu292",0,0,0,0,2,0,0,0,0,0,0,0,0,0,0,1,2,0,0,0,0,0,0,0,0,0,0,0,0,0,0,7,6,8,6,5,7,3,12,7,8,3,5,4,10,4,7,8,5,10,5,15,10,2,5,4,6,3,2,6,6,979
"Zotu4566",0,0,0,0,1,0,0,0,0,2,0,0,0,31,0,0,0,0,2,0,0,2,0,0,0,0,0,2,1,0,0,0,0,0,0,0,0,0,0,0,0,0,0,0,0,0,0,0,0,1,0,5,0,0,0,0,0,0,0,2,1,0
"Zotu2366",0,0,0,0,1,0,0,10,0,2,0,11,0,4,2,0,2,1,0,0,0,0,0,2,0,0,0,0,0,0,0,0,0,0,0,0,0,3,0,0,0,0,0,0,0,0,50,0,0,0,0,2,0,0,1,0,0,1,0,12,3,11
"Zotu866",0,0,0,0,2,0,0,0,0,0,0,0,0,0,0,0,0,0,0,0,0,0,0,0,0,0,0,0,0,0,0,1,1,2,2,1,1,2,4,1,1,2,0,3,0,0,4,1,3,1,0,0,0,3,126,3,20,2,3,0,79,1
"Zotu6339",0,0,0,0,3,0,0,0,0,0,0,0,0,0,0,0,1,0,0,0,0,0,0,0,0,0,0,0,0,0,0,0,0,0,1,0,0,0,0,0,0,0,0,1,0,0,0,0,0,0,0,0,0,0,0,29,0,0,0,0,0,0
"Zotu4645",0,0,0,0,1,0,0,0,2,0,27,0,0,0,0,0,0,0,0,0,0,0,0,0,0,0,0,0,2,0,0,0,0,0,0,0,0,0,0,0,0,0,0,0,0,0,0,0,0,0,0,0,0,0,0,0,0,0,0,0,0,0
"Zotu2304",0,0,0,0,1,0,1,0,0,0,0,0,0,0,0,0,3,0,0,0,0,0,0,0,0,0,0,0,0,0,0,0,0,70,1,0,1,0,1,0,0,0,1,0,1,1,0,0,0,0,1,0,0,0,1,1,0,0,0,0,0,0
"Zotu1586",0,0,0,0,1,1,0,0,18,0,0,0,0,26,6,0,0,1,0,0,0,0,0,0,0,0,0,0,0,0,0,0,0,0,0,0,1,1,0,2,0,0,0,0,1,1,2,0,0,2,0,3,1,0,63,21,29,1,0,0,0,0
"Zotu4940",0,0,0,0,1,0,0,0,0,0,0,0,0,0,0,0,0,0,0,0,0,0,0,0,0,0,0,0,0,0,0,0,0,0,0,0,0,0,0,0,0,0,0,0,0,0,30,0,0,0,0,0,0,0,1,0,0,0,0,0,0,0
"Zotu5288",0,0,0,0,1,0,0,0,0,0,1,1,0,0,0,0,0,1,0,0,9,0,0,0,0,0,0,0,0,0,0,0,0,0,0,0,0,0,0,1,0,0,0,8,0,0,0,0,0,0,0,0,0,4,0,0,0,0,0,1,0,0
"Zotu1349",0,0,0,0,2,0,0,0,0,1,0,0,0,0,0,0,0,0,28,0,0,0,0,0,0,0,0,0,0,0,0,0,0,1,0,0,0,0,0,0,1,0,1,1,0,0,0,0,142,0,0,0,0,0,0,0,1,0,1,0,1,0
"Zotu992",0,0,0,0,1,1,0,0,1,0,1,0,0,0,3,0,0,0,0,0,0,0,0,0,0,0,0,30,2,14,0,0,0,84,0,0,1,2,1,0,0,1,1,1,1,2,1,0,75,0,0,2,1,1,2,0,1,0,0,1,2,1
"Zotu1148",0,0,0,0,1,0,0,0,0,0,0,0,0,0,0,0,0,1,0,0,0,0,0,0,0,0,0,0,0,0,0,1,0,42,1,162,0,1,0,0,1,1,1,0,0,0,0,0,0,0,0,0,0,1,1,0,2,1,0,0,0,0
"Zotu3956",0,0,0,0,1,1,0,0,0,0,0,0,1,0,0,0,0,0,0,0,20,0,0,0,0,1,0,0,0,0,0,1,0,0,0,0,0,0,0,0,0,0,0,0,0,1,1,0,0,0,0,19,0,0,0,0,0,0,0,0,0,0
"Zotu1837",0,0,0,0,1,0,1,0,0,5,1,0,0,1,1,0,1,1,12,0,1,0,0,0,0,14,0,0,0,0,0,1,1,2,1,1,0,0,0,1,0,1,1,0,0,2,0,1,0,0,0,0,1,0,45,39,0,1,36,3,3,0
"Zotu3811",0,0,0,0,2,0,0,0,0,0,0,0,0,0,0,0,0,0,0,0,0,0,0,0,0,0,0,0,0,0,0,1,0,0,1,1,0,29,0,1,0,2,0,0,0,0,0,0,0,1,1,1,0,1,0,0,0,0,0,0,5,16
"Zotu3906",0,0,0,0,2,0,0,0,0,0,0,0,1,0,0,0,0,0,0,1,0,0,0,0,0,0,0,0,0,0,0,0,0,0,1,0,0,0,0,0,0,0,1,2,0,0,0,1,0,0,0,0,1,43,1,0,0,0,0,0,0,0
"Zotu2567",0,0,0,0,2,1,0,0,1,0,0,0,0,0,3,0,3,0,0,1,0,2,0,0,87,1,1,0,12,0,0,0,0,0,0,0,0,0,0,0,0,0,0,0,0,0,0,0,0,0,0,0,0,0,0,0,0,0,0,0,0,0
"Zotu4821",0,0,0,0,2,0,0,0,0,0,0,0,0,0,0,0,0,0,0,0,0,0,0,0,0,0,0,0,0,0,0,0,0,0,0,0,0,0,0,1,0,0,0,0,0,0,0,0,0,0,0,0,0,0,25,0,0,0,0,0,0,1
"Zotu3772",0,0,0,0,2,0,0,0,0,0,0,0,0,1,2,1,7,0,0,0,0,0,0,0,0,0,0,0,0,0,0,0,1,0,0,0,0,1,0,0,0,0,1,1,0,0,1,0,0,0,0,2,0,0,1,27,0,0,2,0,1,0
"Zotu3454",0,0,0,0,1,0,0,0,0,0,0,0,0,1,1,0,0,0,0,0,0,0,0,0,0,0,0,0,0,0,0,1,0,0,1,0,45,0,1,0,0,0,2,2,3,0,0,1,0,0,0,0,0,0,0,11,0,0,0,0,0,0
"Zotu4426",0,0,0,0,1,0,0,0,0,0,28,0,0,2,0,0,0,0,0,0,0,0,0,1,0,0,0,4,0,0,1,0,0,0,0,0,0,0,0,0,0,0,0,0,0,0,0,0,0,0,0,0,0,0,0,0,0,0,0,0,0,0
"Zotu1171",0,0,0,0,1,0,0,1,0,0,48,0,0,0,0,1,2,0,0,0,0,0,0,0,0,0,0,0,0,0,0,0,0,0,0,0,0,0,2,1,1,1,0,3,1,1,0,0,0,0,0,0,1,0,1,0,0,71,33,75,1,1
"Zotu1140",0,0,0,0,2,0,0,2,0,0,0,0,0,0,4,0,0,0,0,0,0,0,0,0,0,0,0,0,0,0,0,0,1,2,2,4,2,3,2,2,2,2,1,0,0,4,1,3,2,0,0,11,0,0,82,102,21,2,1,4,13,2
"Zotu2155",0,0,0,0,1,0,1,0,0,0,0,1,0,0,1,0,70,1,1,0,0,0,0,0,0,0,0,0,0,0,0,0,0,0,1,1,1,0,0,1,0,0,0,69,1,0,0,0,0,0,0,10,0,2,1,1,1,0,0,1,23,13
"Zotu1498",0,0,0,0,1,0,0,0,0,0,0,0,0,0,0,0,0,0,0,0,0,0,0,0,0,0,0,0,0,0,0,1,2,2,0,0,3,0,0,1,0,0,1,2,1,2,1,0,0,1,0,1,0,1,192,0,1,1,0,1,0,0
"Zotu5568",0,0,0,0,1,0,0,1,0,1,0,1,0,1,0,0,0,0,0,0,5,0,0,0,0,0,1,1,0,29,0,0,0,0,0,0,0,0,0,0,0,0,0,0,0,0,0,0,0,0,0,0,0,0,0,0,0,0,0,0,0,0
"Zotu4392",0,0,0,0,1,0,0,0,0,0,0,0,0,0,0,1,3,0,0,0,0,0,0,0,0,0,0,0,0,0,0,1,0,0,0,0,0,0,0,0,0,0,0,0,1,0,0,0,0,0,0,0,1,0,3,3,0,0,1,27,0,0
"Zotu5384",0,0,0,0,1,0,0,0,0,0,0,0,0,0,0,0,0,0,0,0,0,0,0,0,0,0,0,0,0,0,0,0,0,0,0,0,0,0,1,0,0,0,2,3,0,0,0,0,0,0,0,0,0,1,0,0,0,0,24,1,0,0
"Zotu4585",0,0,0,0,1,0,0,0,0,0,0,0,0,0,0,0,0,0,0,0,5,0,0,0,0,0,0,0,0,0,0,0,0,0,0,0,0,0,0,0,0,0,0,1,0,0,0,35,0,1,0,0,0,0,0,0,0,0,1,0,0,0
"Zotu5460",0,0,0,0,1,0,0,0,0,0,0,0,0,0,3,0,1,0,0,0,0,0,0,0,0,1,0,0,0,0,2,0,0,0,0,0,39,0,0,0,0,0,0,0,0,0,0,0,0,0,0,1,0,0,0,0,0,1,0,0,0,1
"Zotu1886",0,0,0,0,1,0,0,0,0,0,0,0,0,0,3,0,2,0,1,0,0,0,0,0,0,0,0,1,0,0,0,0,0,0,0,2,3,0,2,1,1,0,1,2,1,1,1,2,1,1,1,0,2,0,0,0,1,1,0,1,55,61
"Zotu4217",0,0,0,0,1,0,0,0,1,0,0,0,0,1,1,1,0,0,0,0,43,0,1,0,0,0,0,0,0,0,0,0,0,0,0,0,0,2,0,0,1,0,0,0,0,9,0,0,0,0,0,0,0,0,0,0,0,0,0,0,0,0
"Zotu1907",0,0,0,0,3,0,0,0,0,4,0,0,0,0,1,0,0,0,0,0,0,0,0,0,0,1,0,0,0,0,0,0,1,0,0,0,1,1,1,0,1,0,0,1,0,0,79,0,1,1,0,1,0,0,4,20,0,0,0,0,0,0
"Zotu2559",0,0,0,0,1,0,0,1,0,0,0,1,0,0,10,0,7,0,0,0,0,0,0,0,0,1,0,0,38,0,0,0,0,0,0,0,0,0,0,1,0,0,0,0,1,0,0,0,1,0,0,3,0,45,1,0,0,0,0,0,0,0
"Zotu5919",0,0,0,0,1,0,0,0,0,2,1,1,1,0,0,28,0,0,0,0,0,0,0,0,0,0,0,1,0,0,0,0,0,0,0,0,0,0,0,0,0,0,0,0,0,0,0,0,0,0,0,0,0,0,0,0,0,0,0,0,0,0
"Zotu5456",0,0,0,0,1,0,0,0,0,0,0,0,0,0,2,0,0,0,0,0,0,0,0,0,0,0,0,0,0,0,0,0,0,0,0,0,0,0,1,0,0,0,1,0,0,0,0,2,0,0,0,0,0,0,6,2,0,0,15,0,0,0
"Zotu5448",0,0,0,0,1,0,0,0,26,0,0,0,0,0,0,0,0,0,0,0,0,0,0,0,0,0,0,0,0,0,0,0,0,0,0,0,0,0,0,0,0,0,0,0,0,0,0,0,0,0,0,0,0,0,0,0,0,0,0,0,0,0
"Zotu5689",0,0,0,0,2,0,0,0,0,0,0,0,0,0,3,0,0,1,0,0,0,0,0,0,0,0,0,0,0,0,0,0,0,0,0,0,0,0,0,0,1,0,0,0,0,0,0,1,0,0,0,0,0,0,14,20,1,1,0,0,0,0
"Zotu4661",0,0,0,0,2,0,1,15,0,0,0,0,2,0,0,0,2,0,1,0,1,0,4,0,0,0,0,0,12,0,0,0,0,0,0,0,0,0,0,0,0,0,0,0,0,0,0,0,0,0,0,0,0,0,0,0,0,0,0,0,0,4
"Zotu3809",0,0,0,0,1,0,0,0,1,0,0,0,0,0,0,0,0,0,0,0,0,0,0,3,0,0,0,13,9,1,0,1,0,0,1,0,0,1,0,0,1,28,0,0,0,1,1,0,3,0,0,0,0,0,7,16,0,0,0,0,0,0
"Zotu2808",0,0,0,0,3,0,0,0,0,0,0,0,0,0,0,0,0,0,0,0,0,0,0,0,0,0,0,0,0,0,0,0,0,1,0,0,0,0,0,0,0,0,0,2,1,0,0,0,0,0,0,0,0,0,13,12,46,0,0,0,0,0
"Zotu4823",0,0,0,0,1,0,0,0,0,0,0,0,0,0,0,0,1,0,0,0,0,0,0,0,0,0,0,0,0,0,0,0,2,0,1,0,0,0,1,0,0,0,41,0,0,0,0,0,0,0,0,0,0,0,0,0,0,0,0,0,0,0
"Zotu2250",0,0,0,0,2,0,0,0,1,0,0,0,0,0,0,0,0,0,0,0,2,0,0,0,0,0,0,1,0,0,0,2,2,1,1,4,1,1,0,1,2,1,0,4,1,0,0,1,0,1,0,4,0,21,2,0,1,49,6,6,4,1
"Zotu6093",0,0,0,0,2,0,0,0,0,0,0,3,0,10,0,1,8,15,0,0,0,0,0,0,0,0,1,0,0,0,0,0,0,0,0,0,0,0,0,0,0,0,0,0,0,0,0,0,0,0,0,4,0,0,0,0,0,0,0,0,0,0
"Zotu6313",0,0,0,0,1,0,0,0,0,0,0,0,0,0,0,0,0,0,0,0,0,0,0,0,0,0,0,0,0,0,0,0,1,0,0,0,0,0,0,24,1,0,0,1,0,0,0,1,0,0,0,0,0,0,0,0,0,0,0,0,0,0
"Zotu3554",0,0,0,0,1,1,0,0,1,0,1,2,0,0,2,0,4,0,0,0,39,0,0,0,1,0,0,0,0,1,0,0,0,0,0,0,0,0,0,0,0,0,0,0,0,0,0,0,0,0,0,0,0,0,0,0,0,0,0,0,0,0
"Zotu3050",0,0,0,0,2,0,0,0,1,0,45,0,0,0,0,0,6,0,2,0,1,0,0,0,0,0,0,1,0,0,0,0,0,0,0,0,0,0,0,0,0,0,0,0,0,0,0,0,0,0,0,0,0,0,0,0,0,0,0,0,0,0
"Zotu4733",0,0,0,0,1,0,0,0,0,0,0,0,0,0,0,0,0,0,0,0,0,0,0,0,0,0,0,0,0,0,0,0,0,0,0,0,0,0,0,0,0,0,0,0,0,0,0,0,0,0,0,0,0,0,1,1,0,0,22,0,6,0
"Zotu2986",0,0,0,0,1,0,0,0,0,0,0,0,0,0,8,0,1,0,0,0,2,0,0,0,0,54,0,1,0,0,0,0,0,0,0,0,0,0,0,0,0,0,0,0,0,0,0,0,0,0,0,4,0,0,0,0,0,0,0,0,0,0
"Zotu1010",0,0,0,0,1,0,0,0,0,0,0,1,0,1,3,0,0,0,0,0,0,0,0,0,0,0,0,1,0,25,0,201,0,0,1,1,0,29,0,0,0,0,2,2,0,0,0,1,0,2,0,0,0,0,0,0,0,0,0,0,0,1
"Zotu4512",0,0,0,0,1,0,0,0,0,0,0,0,0,0,0,0,0,0,2,0,0,0,0,0,0,0,0,0,0,0,0,0,0,0,0,0,0,0,0,0,1,1,0,1,1,0,0,1,1,0,0,0,0,0,0,0,0,15,14,7,0,0
"Zotu5304",0,0,0,0,1,0,0,0,0,0,0,0,1,1,0,1,0,0,0,0,0,0,0,0,0,0,0,23,1,1,0,0,0,0,0,0,0,0,0,0,0,0,0,0,0,0,0,0,0,0,0,0,0,0,0,0,0,0,0,0,0,0
"Zotu2538",0,0,0,0,1,0,0,0,39,1,0,0,0,40,12,0,2,0,1,1,0,0,0,0,0,0,0,0,0,0,0,0,0,0,0,0,0,0,2,0,0,0,0,0,0,0,0,0,0,0,0,0,0,0,9,24,0,0,1,0,0,0
"Zotu1639",0,0,0,0,1,0,0,0,1,0,0,0,0,1,9,1,40,0,1,0,4,1,0,0,0,0,0,1,0,0,0,0,1,1,0,0,0,0,0,0,0,1,0,0,1,0,0,2,0,2,1,17,0,1,1,0,0,0,0,26,55,0
"Zotu4477",0,0,0,0,3,0,0,0,0,0,0,1,0,0,0,0,0,0,0,0,0,0,0,0,0,0,0,0,0,0,0,0,1,1,1,0,0,0,0,0,0,0,0,0,0,0,0,0,0,1,0,0,0,0,22,0,0,0,23,0,0,0
"Zotu3912",0,0,0,0,1,0,0,2,9,1,0,0,0,0,0,0,0,0,19,0,0,0,0,1,0,0,0,0,0,0,0,1,0,0,0,0,0,1,1,0,0,0,0,1,0,0,0,0,1,0,2,0,0,0,41,6,13,0,0,0,0,0
"Zotu793",0,0,0,0,1,1,0,1,2,0,1,2,0,68,4,0,16,3,1,2,6,4,0,0,0,0,0,1,25,0,0,1,1,0,1,0,0,0,3,0,0,0,204,0,0,1,1,1,0,0,0,1,0,2,0,1,1,0,0,1,13,14
"Zotu4815",0,0,0,0,1,1,0,0,0,0,0,0,0,0,0,0,0,0,22,0,0,0,1,0,0,0,0,0,0,0,1,0,0,0,0,0,0,0,1,0,0,0,0,0,1,0,0,0,0,0,0,0,0,0,5,6,0,1,0,0,0,1
"Zotu5799",0,0,0,0,1,0,21,0,0,3,1,0,0,1,3,0,4,0,1,0,2,1,0,0,1,0,0,0,0,0,0,0,0,0,0,0,0,0,1,1,0,0,0,9,0,0,0,0,0,0,0,0,0,0,0,0,0,0,0,0,0,0
"Zotu6395",0,0,0,0,1,0,0,0,0,1,0,0,0,0,0,0,0,0,0,0,16,0,2,0,0,0,1,0,0,0,0,0,0,0,0,0,0,0,0,0,0,0,0,0,0,0,0,0,0,0,0,0,0,0,0,0,0,0,0,0,0,0
"Zotu2090",0,0,0,0,1,0,0,0,0,1,1,0,1,0,1,0,1,0,0,0,1,0,0,1,136,1,0,0,1,0,0,0,0,0,0,0,0,0,0,0,0,0,1,0,0,0,0,0,0,0,0,3,0,0,0,0,0,0,0,0,0,0
"Zotu2488",0,0,0,0,3,0,0,1,0,0,0,0,2,0,0,0,0,0,0,0,0,0,0,0,0,0,0,0,2,1,0,1,3,0,0,0,0,0,0,0,0,1,2,3,0,0,0,1,0,0,0,1,0,10,20,8,0,0,40,18,1,0
"Zotu3244",0,0,0,0,1,0,0,0,0,0,0,0,0,0,0,0,0,0,0,0,0,0,0,0,0,0,0,0,0,0,0,46,0,0,0,0,0,0,0,0,0,0,1,0,0,0,0,0,0,0,0,0,0,0,0,1,0,0,0,0,0,0
"Zotu4414",0,0,0,0,1,0,0,0,0,0,0,0,0,0,0,0,0,0,0,0,0,0,0,0,0,0,0,0,0,0,0,0,0,0,0,0,0,0,0,0,0,0,0,0,0,0,0,0,1,0,0,1,0,0,10,1,22,0,0,0,0,0
"Zotu5161",0,0,0,0,2,0,0,23,0,0,0,0,0,0,0,0,0,0,27,0,0,0,0,0,0,0,0,0,0,0,0,0,0,0,0,0,0,0,0,0,0,0,0,0,0,0,0,0,0,0,0,0,0,0,0,0,0,0,0,0,0,0
"Zotu1715",0,0,0,0,1,0,0,0,0,0,0,0,0,0,0,0,0,0,1,0,0,0,1,0,0,0,0,0,11,0,0,146,0,0,0,1,1,26,0,0,1,0,2,1,2,1,1,1,0,0,1,1,0,2,6,1,0,1,0,0,0,2
"Zotu6205",0,0,0,0,1,0,0,0,0,0,1,11,0,0,0,0,0,0,0,1,0,0,2,0,0,0,1,0,0,0,0,0,0,0,0,0,0,0,0,0,0,0,0,0,0,0,0,0,0,0,0,0,0,0,0,0,0,0,0,0,0,0
"Zotu4841",0,0,0,0,1,0,0,0,19,0,0,0,0,0,3,0,0,0,0,0,1,0,0,0,0,0,0,0,0,0,0,0,0,1,0,0,0,0,0,0,0,0,0,22,0,0,0,0,0,0,0,1,0,0,12,0,0,0,4,1,0,0
"Zotu4275",0,0,0,0,1,0,0,0,0,0,0,0,0,0,2,0,4,0,0,0,0,0,0,0,0,0,0,0,0,0,0,0,0,0,0,0,0,0,0,0,0,0,2,0,0,0,0,1,0,0,0,0,0,0,9,0,1,0,42,0,1,0
"Zotu3399",0,0,0,0,1,0,0,42,0,0,0,0,2,0,0,2,0,1,0,0,0,0,0,0,0,1,0,0,0,0,0,0,1,0,0,0,0,0,0,0,0,0,0,0,0,0,0,0,0,0,0,0,0,0,0,0,0,0,0,0,0,0
"Zotu2725",0,0,0,0,1,0,0,0,0,0,0,0,0,0,0,0,0,0,0,0,0,0,0,0,0,0,0,0,0,0,0,0,1,1,0,1,0,1,0,0,1,0,0,1,1,0,0,0,0,0,0,1,0,0,21,27,29,0,0,0,2,1
"Zotu4538",0,0,0,0,1,0,0,0,0,0,1,27,0,0,6,0,3,0,31,1,0,1,0,0,0,1,0,0,0,0,0,0,0,0,0,0,0,0,0,0,0,0,0,0,0,0,0,0,0,0,0,0,0,0,0,0,0,0,0,0,0,0
"Zotu4576",0,0,0,0,1,1,1,0,0,0,0,0,0,0,0,0,1,0,0,0,0,1,0,0,0,1,0,0,2,22,0,0,0,0,0,0,0,0,0,0,0,0,0,0,0,0,0,0,0,0,0,0,0,0,0,0,0,0,0,0,0,0
"Zotu6214",0,0,0,0,1,0,0,0,0,0,0,0,0,0,0,0,0,0,0,0,0,0,0,0,0,0,0,0,0,0,0,0,0,0,0,0,28,1,0,0,0,0,1,0,0,0,0,0,0,1,0,0,0,0,0,0,0,0,0,0,0,0
"Zotu2980",0,0,0,0,1,1,2,0,12,34,17,1,0,26,0,0,0,0,2,1,1,0,0,2,0,0,2,0,1,1,0,0,0,0,0,0,0,0,0,0,0,0,0,0,0,0,0,0,0,0,0,0,0,0,0,0,0,0,0,0,0,0
"Zotu2096",0,0,0,0,1,0,0,0,0,0,0,0,0,0,0,0,0,0,0,0,0,0,0,0,0,0,0,0,0,0,0,0,1,0,0,3,83,0,0,0,0,1,1,1,1,0,0,0,0,0,0,0,0,0,0,0,1,1,0,0,0,0
"Zotu2581",0,0,0,0,1,0,0,0,7,0,0,0,0,0,0,0,2,0,0,0,0,0,0,0,0,1,0,0,0,0,0,1,0,0,1,0,0,0,0,0,0,1,0,0,0,0,66,0,0,0,6,0,0,0,1,0,0,0,0,0,0,3
"Zotu1452",0,0,0,0,1,0,1,1,1,1,0,0,1,0,0,1,0,0,0,1,78,0,3,0,0,0,0,2,1,8,0,0,0,0,0,0,14,0,78,0,0,0,1,1,0,0,1,1,1,0,0,0,0,0,2,0,0,0,0,0,2,1
"Zotu2307",0,0,0,0,1,0,0,0,0,0,0,0,0,0,0,0,0,0,0,0,0,0,0,0,0,0,0,0,0,0,0,1,3,0,0,0,3,0,1,1,0,0,1,2,0,0,0,1,0,2,0,0,0,0,63,51,12,1,1,0,2,0
"Zotu4646",0,0,0,0,1,0,0,0,0,0,0,30,0,0,0,0,0,0,2,0,0,0,1,0,0,1,0,0,0,0,0,0,0,0,0,0,0,0,0,0,0,0,0,0,0,0,0,0,0,0,0,0,0,0,0,0,0,0,0,0,0,0
"Zotu3827",0,0,0,0,1,0,0,0,0,0,0,0,0,0,3,0,2,0,0,0,0,1,0,0,0,0,0,0,0,0,0,1,0,0,0,0,0,1,0,0,0,0,0,2,0,0,0,2,0,0,0,1,0,0,1,0,0,0,52,0,0,0
"Zotu2860",0,0,0,0,1,0,0,0,1,0,0,0,0,0,0,0,4,0,0,0,0,0,0,0,0,0,0,0,0,0,0,1,71,0,1,1,0,0,2,0,0,0,2,0,0,0,1,0,0,1,0,0,1,0,0,0,1,0,11,0,1,0
"Zotu4040",0,0,0,0,1,0,0,1,0,0,21,0,0,0,1,0,0,0,0,0,0,0,0,0,0,0,1,0,0,3,0,0,0,0,0,0,0,0,0,0,0,0,0,0,0,0,0,0,0,0,0,0,0,0,0,0,0,0,0,0,0,0
"Zotu2191",0,0,0,0,1,0,0,0,0,0,0,0,0,0,0,0,0,0,0,0,0,0,0,0,0,0,0,0,0,0,0,1,0,0,2,1,1,0,3,0,0,0,2,1,0,0,0,1,1,0,0,0,0,2,26,23,51,1,0,20,1,0
"Zotu4941",0,0,0,0,1,0,0,0,6,0,26,0,0,2,4,0,0,0,0,1,0,1,0,0,0,0,0,0,1,1,1,0,0,0,0,0,0,0,0,0,0,0,0,0,0,0,0,0,0,0,0,0,0,0,0,0,0,0,0,0,0,0
"Zotu4862",0,0,0,0,1,0,0,0,30,0,0,0,0,0,3,0,1,0,1,0,0,0,0,0,0,0,0,0,0,0,0,0,0,0,0,0,0,0,0,0,0,0,0,0,0,0,0,0,0,0,0,0,0,0,0,3,0,0,0,0,0,0
"Zotu6119",0,0,0,0,1,0,0,0,0,0,0,0,0,0,0,0,0,0,0,0,19,0,0,0,0,0,0,0,1,0,0,0,0,0,0,0,0,0,0,0,0,0,0,0,0,0,0,0,0,0,0,0,0,0,0,0,0,0,0,0,0,0
"Zotu4251",0,0,0,0,0,17,1,13,0,0,0,0,0,0,3,1,0,0,0,0,1,0,0,2,0,1,0,0,0,0,0,0,0,0,0,0,0,0,0,0,0,0,0,0,0,0,0,0,0,0,0,0,0,0,0,0,0,0,0,0,0,0
"Zotu3847",0,0,0,0,0,51,0,0,0,0,0,0,0,0,0,0,2,0,1,0,0,1,0,0,0,0,0,2,0,0,1,0,0,0,0,0,0,0,0,0,0,0,2,0,1,0,0,0,0,0,0,0,0,0,0,0,0,0,0,1,0,13
"Zotu2604",0,0,0,0,0,18,11,0,0,0,0,0,1,1,0,5,40,0,0,0,0,0,0,0,0,0,0,1,0,0,2,0,0,0,0,0,0,0,0,0,0,0,0,0,0,0,0,0,0,0,0,0,0,0,0,0,0,0,0,0,0,0
"Zotu3829",0,0,0,0,0,1,0,0,0,1,0,0,0,38,0,0,0,1,1,0,0,2,0,0,0,1,0,0,0,1,0,0,0,0,0,0,0,0,0,0,0,0,0,0,0,0,0,0,0,0,0,0,0,0,0,0,0,0,0,0,0,0
"Zotu1005",0,0,0,0,0,1,0,2,0,1,0,0,0,0,7,0,2,2,0,1,0,0,0,0,0,0,0,54,35,22,0,1,1,1,1,0,14,0,54,67,1,0,54,0,1,0,0,0,0,0,1,11,1,1,2,0,0,1,0,0,0,0
"Zotu4195",0,0,0,0,0,1,0,0,0,0,0,0,0,0,0,1,0,0,0,1,0,0,0,0,0,0,0,0,0,20,0,0,0,0,0,0,0,0,0,0,0,0,1,2,0,1,0,0,0,1,0,14,0,0,0,0,0,0,0,0,6,0
"Zotu4014",0,0,0,0,0,1,0,0,0,0,0,0,0,1,0,0,0,37,0,1,0,0,0,0,0,1,0,0,0,1,0,0,0,0,0,0,0,0,0,0,0,0,0,0,0,0,0,0,0,0,0,0,0,0,0,0,0,0,0,0,0,0
"Zotu3644",0,0,0,0,0,6,0,0,0,0,0,0,0,0,0,0,0,0,8,0,0,0,0,0,0,0,0,0,0,0,0,2,1,1,0,0,0,0,8,0,0,0,2,0,0,0,1,0,0,0,0,0,0,1,37,0,0,1,0,0,0,0
"Zotu5501",0,0,0,0,0,1,0,0,0,0,0,0,0,0,0,0,0,23,0,0,0,0,0,0,0,0,0,0,0,0,0,0,0,0,0,0,0,0,0,0,0,0,0,0,0,0,0,0,0,0,0,0,0,0,0,0,0,0,0,0,0,0
"Zotu5398",0,0,0,0,0,23,0,0,0,4,0,0,0,0,0,0,0,1,0,0,0,0,0,0,0,0,0,0,0,0,0,0,0,0,0,0,0,0,0,0,0,0,0,0,0,0,0,0,0,0,0,0,0,0,0,0,0,0,0,0,0,0
"Zotu4241",0,0,0,0,0,24,0,1,0,7,0,0,0,0,0,5,0,1,0,1,0,0,1,0,0,0,2,0,0,0,0,0,0,0,0,0,0,0,0,0,0,0,0,0,0,0,0,0,0,0,0,0,0,0,0,0,0,0,0,0,0,0
"Zotu5901",0,0,0,0,0,11,1,1,10,11,0,0,0,0,0,0,0,0,0,0,0,0,0,0,1,0,0,0,0,1,0,0,0,0,0,0,0,0,0,0,0,0,0,1,0,0,0,0,0,0,0,0,0,0,0,0,0,0,0,0,0,0
"Zotu2347",0,0,0,0,0,1,1,1,0,0,0,0,1,0,13,1,22,0,1,0,0,0,0,0,0,0,0,0,0,0,0,0,0,1,0,0,0,0,1,1,0,0,0,2,0,0,1,1,1,2,0,41,0,0,0,1,0,0,1,1,1,4
"Zotu5113",0,0,0,0,0,59,0,0,0,0,1,0,0,2,0,0,0,0,0,0,1,1,0,0,1,0,0,0,2,1,0,0,0,0,0,0,0,0,0,0,0,0,0,0,0,0,0,0,0,0,0,0,0,0,0,0,0,0,0,0,0,0
"Zotu5324",0,0,0,0,0,34,0,0,0,0,1,0,0,0,0,0,0,0,1,0,0,0,0,0,0,0,0,0,0,0,0,0,0,0,0,0,0,0,0,0,0,0,0,0,0,0,0,0,0,0,0,0,0,0,0,0,0,0,0,0,0,0
"Zotu5394",0,0,0,0,0,1,0,0,0,0,1,0,0,7,9,0,18,0,0,0,0,0,2,0,0,1,0,0,0,0,0,0,0,0,0,0,1,0,0,2,0,0,0,0,0,0,0,0,0,0,0,17,0,0,0,0,0,0,0,0,0,0
"Zotu5090",0,0,0,0,0,7,0,0,0,0,0,0,0,0,0,0,0,0,0,0,0,0,0,0,1,0,0,0,0,0,0,0,0,0,0,1,1,0,0,1,0,0,0,0,0,0,0,0,0,0,1,0,1,0,0,0,0,1,0,0,12,15
"Zotu2113",0,0,0,0,0,16,4,0,2,0,14,0,0,0,2,4,1,1,0,0,3,1,1,0,1,0,0,0,0,7,1,0,1,0,0,1,0,0,0,0,0,0,1,1,1,0,0,0,0,0,12,4,0,24,0,1,0,0,0,0,0,0
"Zotu4356",0,0,0,0,0,1,1,0,0,0,0,0,0,0,0,0,0,0,0,0,0,0,0,0,0,57,0,0,0,0,0,0,0,0,0,0,0,0,0,0,0,0,0,0,0,0,0,0,0,0,0,0,0,0,0,0,0,0,0,0,0,0
"Zotu1091",0,0,0,0,0,1,0,0,0,6,1,0,0,0,3,0,0,0,0,1,0,0,0,0,0,0,0,0,0,0,0,2,3,1,0,0,4,4,2,1,3,1,1,8,0,2,2,4,2,1,1,15,2,2,1,1,3,1,0,1,52,122
"Zotu4977",0,0,0,0,0,27,1,0,0,0,0,0,0,0,0,0,0,0,0,0,0,0,0,0,0,0,0,0,0,1,0,0,0,0,0,0,0,0,0,0,0,0,0,0,0,0,0,0,0,0,0,0,0,0,0,0,0,0,0,0,0,0
"Zotu4081",0,0,0,0,0,9,0,0,0,23,0,0,0,0,0,1,2,0,13,0,0,0,1,0,0,0,0,0,0,0,0,0,0,0,0,0,0,0,0,0,0,0,0,1,0,0,0,0,0,0,0,0,0,1,11,0,0,0,0,0,0,0
"Zotu6020",0,0,0,0,0,1,0,0,0,0,0,0,0,0,0,1,0,0,24,0,0,1,0,3,0,0,0,1,0,0,0,0,0,0,0,0,0,0,0,0,0,0,0,0,0,0,0,0,0,0,0,0,0,0,0,0,0,0,0,0,0,0
"Zotu5797",0,0,0,0,0,1,0,0,20,0,0,0,0,0,0,0,0,0,0,0,0,0,0,0,0,1,0,0,0,0,0,0,0,0,0,0,0,0,0,0,0,0,0,0,0,0,0,0,0,0,0,0,0,0,0,0,0,0,0,0,0,0
"Zotu5005",0,0,0,0,0,1,0,0,0,0,0,1,0,0,10,0,0,0,0,0,0,0,0,0,0,1,0,0,0,1,0,1,0,0,0,0,0,0,0,1,0,0,1,0,0,0,0,1,0,0,0,13,1,17,0,0,0,0,0,0,0,0
"Zotu5305",0,0,0,0,0,1,0,0,0,0,0,0,0,0,0,0,0,0,51,0,0,0,0,0,0,0,0,0,0,0,0,0,0,0,0,0,0,0,0,0,0,0,0,0,0,0,0,0,0,0,0,0,0,0,0,0,0,0,0,0,0,0
"Zotu5886",0,0,0,0,0,1,0,0,0,0,0,0,0,0,5,0,5,0,0,0,0,0,0,0,0,0,0,0,0,0,0,0,0,0,0,0,3,0,0,0,0,1,0,0,0,0,0,0,0,0,0,0,0,0,15,4,0,0,0,11,0,0
"Zotu1292",0,0,0,0,0,2,0,0,6,0,0,1,0,0,0,1,3,0,0,0,0,0,0,2,0,1,0,0,15,0,0,0,0,0,2,1,0,0,1,1,0,0,1,0,3,0,0,0,54,1,1,1,0,0,34,15,0,1,28,0,1,1
"Zotu2719",0,0,0,0,0,9,0,0,0,0,0,0,0,0,0,0,0,0,0,0,0,0,0,0,0,0,0,0,0,0,0,0,0,0,0,1,0,0,0,1,0,0,0,2,0,1,1,0,0,1,0,0,0,0,53,0,1,0,0,1,0,0
"Zotu4436",0,0,0,0,0,1,0,0,0,0,0,0,1,0,1,0,0,1,0,1,0,1,0,0,0,1,0,42,1,0,0,0,0,0,0,0,0,0,0,0,0,0,0,0,0,0,0,0,0,0,0,0,0,0,0,0,0,0,0,0,0,0
"Zotu3524",0,0,0,0,0,1,0,0,0,0,0,0,0,0,0,0,0,0,6,0,0,0,0,0,0,0,0,0,0,0,0,0,0,0,0,0,0,0,0,0,0,0,1,0,0,0,50,0,0,0,1,0,0,1,0,0,0,0,0,0,0,0
"Zotu5431",0,0,0,0,0,13,0,0,0,6,0,0,0,0,0,0,0,0,0,0,0,0,0,0,0,0,1,0,0,1,0,0,0,0,0,0,0,0,0,0,0,0,0,0,0,0,0,0,0,0,0,0,0,0,0,0,0,0,0,0,0,0
"Zotu4702",0,0,0,0,0,1,48,0,0,0,0,1,0,0,0,0,0,0,0,0,0,0,0,0,0,0,0,0,0,0,0,0,0,0,0,0,0,0,0,0,0,0,0,1,0,0,0,0,0,0,0,10,0,0,0,1,0,0,0,0,0,0
"Zotu4688",0,0,0,0,0,1,0,0,1,0,0,0,0,1,1,0,1,0,0,0,0,0,0,0,0,0,0,0,0,35,0,0,0,0,0,0,0,0,0,0,0,0,0,0,0,0,0,0,0,0,0,1,0,0,0,0,0,0,0,0,0,0
"Zotu727",0,0,0,0,0,1,0,0,0,0,0,0,0,0,0,0,0,0,0,0,0,0,0,0,0,0,0,0,0,12,1,0,0,0,1,317,0,0,0,0,0,0,0,0,1,0,0,0,0,0,0,1,0,0,0,0,0,0,1,0,0,0
"Zotu2503",0,0,0,0,0,1,0,0,0,0,0,0,0,0,0,0,0,0,0,0,0,0,0,0,0,0,0,0,0,8,0,0,0,65,0,0,0,0,1,1,1,1,1,0,1,1,1,1,0,0,0,0,0,1,0,0,0,0,1,0,0,3
"Zotu783",0,0,0,0,0,1,0,0,0,0,0,1,0,0,1,0,0,1,0,0,0,0,0,0,0,1,0,0,0,50,2,1,1,2,2,0,2,44,206,95,5,27,3,3,0,0,2,0,1,2,0,0,0,2,1,0,4,0,0,2,1,4
"Zotu2571",0,0,0,0,0,1,0,64,0,0,0,0,0,0,0,0,0,0,0,0,0,0,0,2,0,0,4,1,0,0,1,0,0,0,0,0,39,0,1,0,0,0,0,0,0,0,0,0,0,1,0,1,0,0,0,0,0,0,0,0,0,0
"Zotu2827",0,0,0,0,0,1,0,0,1,0,2,0,0,0,0,0,0,0,1,1,1,0,1,2,1,0,0,1,1,0,64,0,0,0,0,0,0,0,1,0,0,0,0,0,0,0,0,0,0,0,0,0,0,0,0,0,0,0,0,0,0,0
"Zotu6273",0,0,0,0,0,1,0,0,0,0,0,0,0,11,0,0,0,0,0,0,0,0,0,1,0,0,1,0,0,0,2,0,0,0,0,0,0,0,0,0,0,0,0,0,0,0,0,0,0,0,0,0,0,0,0,0,0,0,0,0,0,0
"Zotu5857",0,0,0,0,0,1,0,0,4,0,0,0,0,19,9,0,0,0,0,0,0,0,0,0,0,0,0,0,0,31,0,0,0,0,0,0,0,0,0,0,0,0,0,1,0,0,0,0,0,0,0,0,0,0,0,0,0,0,0,0,0,4
"Zotu2033",0,0,0,0,0,1,0,1,1,0,0,0,0,0,0,0,0,0,0,0,0,0,0,0,1,89,1,1,0,0,0,0,0,0,0,0,0,0,0,0,0,0,0,10,0,0,0,0,0,0,0,0,0,0,0,0,0,0,0,0,0,0
"Zotu6403",0,0,0,0,0,1,0,1,0,3,0,0,0,0,3,0,0,0,0,0,0,0,0,0,0,0,0,0,0,0,0,0,0,0,0,0,0,0,0,0,0,1,0,0,0,0,0,0,0,0,0,0,14,0,1,0,0,0,0,0,3,0
"Zotu3381",0,0,0,0,0,1,1,0,0,2,0,0,0,0,0,0,2,0,0,0,1,0,0,0,0,0,0,0,0,43,0,0,0,0,0,0,0,0,0,0,0,0,0,0,0,0,0,0,0,0,0,0,0,0,0,0,0,0,0,0,0,0
"Zotu2937",0,0,0,0,0,1,0,0,0,0,0,0,0,0,0,1,0,0,0,0,0,0,0,0,0,73,0,0,0,0,0,0,0,0,0,0,0,0,0,0,0,0,0,0,0,0,0,0,0,0,0,0,0,0,0,0,0,0,0,0,0,0
"Zotu1826",0,0,0,0,0,1,0,29,0,0,0,0,1,0,1,0,0,0,15,0,0,0,0,0,0,1,2,0,0,0,0,0,0,0,0,0,0,1,59,0,1,1,0,0,1,0,0,1,0,1,0,2,0,0,0,0,0,3,0,0,0,1
"Zotu4552",0,0,0,0,0,1,0,0,0,0,0,0,0,0,21,0,48,0,0,1,0,0,0,0,0,1,0,0,2,7,0,0,0,0,0,0,0,0,0,0,0,0,0,0,0,0,0,0,0,0,0,0,0,0,0,0,0,0,0,0,0,0
"Zotu2773",0,0,0,0,0,1,0,0,0,0,1,0,0,0,1,0,4,0,0,0,10,0,0,0,0,1,0,0,0,0,0,0,1,0,1,1,1,0,0,0,0,2,0,0,0,0,0,0,0,0,41,5,0,0,0,0,0,1,0,1,1,0
"Zotu3456",0,0,0,0,0,1,0,0,0,0,1,0,0,0,0,0,0,0,0,2,0,0,0,2,0,0,0,0,12,0,0,0,0,0,0,0,0,0,0,0,0,0,44,0,0,0,0,0,0,0,0,0,0,2,0,0,1,0,0,0,0,0
"Zotu4164",0,0,0,0,0,1,0,0,0,0,0,0,0,0,0,0,0,0,2,0,23,0,0,1,0,0,0,0,0,1,1,0,0,0,0,0,0,0,0,0,0,0,0,0,0,0,0,0,0,0,0,0,0,0,0,0,2,0,0,0,13,0
"Zotu2856",0,0,0,0,0,1,0,0,0,0,0,0,0,0,0,0,0,0,7,0,0,0,0,0,0,0,0,0,0,0,0,0,0,0,0,0,0,47,0,0,0,0,0,1,0,0,18,0,0,0,0,0,0,0,0,0,0,0,0,0,0,0
"Zotu2346",0,0,0,0,0,2,1,0,0,0,1,1,0,0,47,6,1,0,1,1,0,0,0,0,0,0,1,0,0,0,0,0,1,0,1,0,1,1,0,1,0,1,0,1,0,1,0,0,1,0,0,34,0,0,1,2,0,1,0,1,0,1
"Zotu6100",0,0,0,0,0,1,0,0,0,1,0,0,1,0,0,0,0,0,0,0,1,0,0,0,0,0,0,0,18,38,0,0,0,0,0,0,0,0,0,0,0,0,0,2,1,0,0,0,0,0,0,0,0,0,3,0,0,0,0,0,0,0
"Zotu5523",0,0,0,0,0,1,0,0,0,0,0,1,0,0,0,0,1,0,0,0,0,0,0,0,0,0,0,0,29,2,0,0,0,0,2,0,0,0,0,0,0,1,0,0,0,0,0,0,0,0,0,3,0,0,0,0,0,0,0,0,0,0
"Zotu4093",0,0,0,0,0,1,0,40,0,0,0,0,0,0,0,0,2,0,0,0,0,1,1,0,0,0,1,0,0,0,0,0,0,0,0,0,0,0,0,0,0,0,0,0,0,0,0,0,0,0,0,0,0,0,0,0,0,0,0,0,0,0
"Zotu2683",0,0,0,0,0,1,0,0,0,1,0,0,0,0,0,1,0,0,0,1,48,0,3,0,1,0,0,0,0,1,1,0,0,0,0,0,0,0,0,0,0,0,0,0,0,0,0,0,0,0,0,1,0,0,0,0,0,0,0,0,0,0
"Zotu4713",0,0,0,0,0,1,0,3,0,0,0,0,0,0,2,0,2,0,0,0,11,0,0,0,0,0,0,0,0,0,0,0,1,0,0,0,0,0,0,0,0,0,0,0,0,0,0,0,0,0,0,1,9,9,0,0,0,0,0,0,0,0
"Zotu2391",0,0,0,0,0,1,0,0,1,0,0,0,0,0,0,1,0,0,0,0,0,0,0,0,0,0,0,20,0,18,0,0,0,39,0,0,47,0,1,0,0,6,0,0,0,0,1,0,0,2,0,0,1,2,1,0,0,0,1,1,0,0
"Zotu5122",0,0,0,0,0,1,1,0,0,0,23,0,0,0,3,0,0,0,0,0,0,0,0,0,0,0,2,0,0,0,0,0,0,0,0,0,0,0,1,0,0,0,0,0,0,0,0,0,0,0,1,4,0,0,0,0,0,0,0,0,0,0
"Zotu5403",0,0,0,0,0,1,0,1,0,3,2,0,0,0,0,0,0,0,15,0,0,7,0,1,0,0,3,0,0,0,0,0,0,0,2,0,0,0,0,0,0,0,0,0,0,0,0,0,1,0,1,2,0,0,0,0,13,0,7,0,0,2
"Zotu6351",0,0,0,0,0,1,1,0,0,0,0,1,0,0,0,0,1,0,0,0,14,0,0,0,0,0,0,0,1,0,0,0,0,0,1,0,0,8,0,0,0,0,0,0,0,0,0,0,0,0,0,0,0,0,0,0,0,0,0,0,0,0
"Zotu2406",0,0,0,0,0,1,0,0,0,0,1,0,0,1,0,0,36,1,0,0,0,0,1,0,0,0,0,0,0,0,0,0,0,0,0,0,1,0,0,0,0,0,1,0,0,0,48,0,0,0,0,2,0,0,0,0,0,2,0,0,0,1
"Zotu3992",0,0,0,0,0,1,1,0,0,0,0,0,0,0,0,0,1,0,0,0,0,0,0,0,0,0,0,0,0,23,0,0,0,0,0,0,0,0,1,12,0,0,0,0,0,0,0,1,0,0,0,0,0,0,1,0,0,0,0,0,0,0
"Zotu2892",0,0,0,0,0,1,0,1,0,0,1,30,0,2,1,0,0,0,20,0,0,0,0,0,2,0,0,0,0,0,0,0,0,0,0,0,0,0,0,0,0,0,0,0,0,0,0,0,0,0,0,0,0,0,0,6,1,0,0,0,14,5
"Zotu2353",0,0,0,0,0,1,1,0,0,0,0,0,0,0,1,0,0,0,1,0,0,0,0,0,0,1,0,108,0,0,0,0,0,0,0,0,0,0,0,0,0,0,0,0,0,0,0,0,0,0,0,0,0,0,0,1,0,0,0,0,0,0
"Zotu2264",0,0,0,0,0,1,0,0,0,0,0,0,1,0,2,0,5,0,25,1,0,0,0,0,0,1,0,0,0,12,0,0,0,0,0,0,0,0,0,39,0,1,0,0,0,0,1,1,0,0,0,0,0,0,0,0,0,1,0,1,0,0
"Zotu2884",0,0,0,0,0,1,0,0,0,1,0,0,0,0,0,0,0,0,0,0,0,66,0,0,0,0,0,0,0,0,1,0,0,0,0,0,0,0,0,0,0,0,0,0,0,0,0,0,0,0,0,0,0,0,0,0,0,0,0,0,0,0
"Zotu3618",0,0,0,0,0,1,0,0,0,0,0,0,1,54,0,0,0,1,2,0,0,0,0,0,0,0,0,0,0,0,1,0,0,0,0,0,0,0,0,0,0,0,0,0,0,0,0,0,1,0,0,0,0,0,0,0,0,0,0,0,0,0
"Zotu5318",0,0,0,0,0,1,0,0,0,0,0,0,0,0,0,23,0,0,0,0,0,0,0,0,0,0,0,0,0,0,0,0,0,0,0,0,0,0,0,0,0,0,0,0,0,0,0,0,0,0,0,0,0,0,0,0,0,0,0,0,0,0
"Zotu2196",0,0,0,0,0,1,0,0,0,17,27,0,0,0,1,0,0,1,0,0,0,0,2,3,1,0,0,0,23,0,0,0,0,0,0,0,0,0,0,1,0,0,0,0,0,0,0,0,0,0,0,3,0,0,1,1,0,0,0,3,9,0
"Zotu1978",0,0,0,0,0,3,0,0,0,0,1,0,1,0,0,0,0,0,0,0,0,0,0,1,1,0,0,1,0,47,0,0,0,0,0,0,1,0,65,1,2,11,0,0,0,0,0,0,0,1,1,1,1,0,0,0,0,0,0,2,0,0
"Zotu3782",0,0,0,0,0,1,0,0,0,4,0,0,1,0,0,0,0,0,0,0,0,0,0,0,0,0,0,0,0,0,0,1,0,0,0,0,0,1,1,1,0,48,0,0,0,0,0,0,0,0,0,0,0,0,0,0,0,0,0,0,0,0
"Zotu4302",0,0,0,0,0,1,0,0,0,0,0,0,0,0,0,0,0,0,0,0,0,0,0,0,0,0,0,0,0,44,0,0,0,0,0,0,0,0,0,0,0,0,0,0,0,0,0,0,0,0,0,0,0,0,0,0,0,0,0,0,0,0
"Zotu5827",0,0,0,0,0,1,0,0,0,13,0,0,0,0,3,0,0,0,0,0,0,0,0,0,0,0,0,0,0,0,0,0,1,0,0,0,0,0,0,0,0,0,0,0,0,1,0,0,0,0,0,0,0,0,8,0,0,0,0,0,0,0
"Zotu6128",0,0,0,0,0,1,0,0,0,0,0,0,0,1,0,0,0,0,0,0,10,0,0,0,0,0,0,0,0,17,0,0,0,0,0,0,0,0,0,0,0,0,0,1,0,0,0,0,0,0,0,3,0,0,0,0,0,0,0,0,0,0
"Zotu5167",0,0,0,0,0,2,0,0,0,0,0,0,0,0,0,0,0,0,0,0,0,0,0,0,0,0,0,0,0,0,0,0,0,1,1,0,0,0,22,0,0,1,0,1,0,0,0,0,0,0,0,0,1,1,0,0,0,0,0,0,0,0
"Zotu1996",0,0,0,0,0,1,0,0,1,0,0,0,0,0,0,0,0,61,0,0,0,0,0,0,0,0,0,0,0,0,0,0,0,1,1,0,0,0,1,0,0,0,0,0,1,0,0,2,0,0,2,6,26,30,0,0,0,1,1,0,5,4
"Zotu6392",0,0,0,0,0,1,0,0,0,0,4,0,0,0,0,0,0,0,11,0,0,0,0,0,0,0,0,0,0,0,0,0,0,0,0,0,0,0,0,0,0,0,0,0,0,0,0,0,0,0,0,0,0,0,0,0,0,0,0,0,0,0
"Zotu4603",0,0,0,0,0,1,1,0,0,0,0,0,0,1,0,0,0,2,0,0,17,0,0,0,0,0,0,0,0,0,0,0,0,0,0,0,0,0,0,0,0,0,0,0,0,0,0,0,0,0,0,0,0,0,0,0,0,0,0,0,0,0
"Zotu5108",0,0,0,0,0,2,25,0,0,0,0,0,0,1,0,0,0,0,0,0,1,0,0,0,0,1,0,0,0,1,0,0,0,0,0,0,0,0,0,0,0,0,0,0,0,0,0,0,0,0,0,0,0,0,0,0,0,0,0,0,0,0
"Zotu6254",0,0,0,0,0,1,1,0,1,0,0,3,0,0,0,1,0,0,19,0,0,0,0,1,0,0,0,1,0,0,0,0,0,0,0,0,0,0,0,0,0,0,0,0,0,0,0,0,0,0,0,0,0,0,0,0,0,0,0,0,0,0
"Zotu3157",0,0,0,0,0,1,0,57,0,0,1,1,0,0,3,0,6,0,1,1,0,1,2,0,1,0,0,0,2,1,1,0,0,0,0,0,0,0,0,0,0,0,0,0,0,0,0,0,0,0,0,0,0,0,0,0,0,0,0,0,0,0
"Zotu837",0,0,0,0,0,1,0,1,0,0,0,0,1,0,0,2,1,0,1,0,0,0,0,0,0,0,0,0,84,0,0,1,1,161,0,0,0,132,0,2,1,1,1,0,0,1,1,1,0,0,0,0,0,0,2,26,1,1,0,0,1,1
"Zotu2934",0,0,0,0,0,1,0,36,7,0,0,1,0,0,1,0,5,0,0,0,0,3,1,0,0,1,0,1,0,0,0,0,1,0,0,0,0,0,0,0,0,0,1,0,0,0,0,0,0,0,0,0,0,0,1,0,0,1,0,0,0,5
"Zotu1878",0,0,0,0,0,1,0,0,0,0,0,0,0,0,0,0,0,0,0,2,1,0,0,0,1,0,0,0,1,0,0,0,2,1,0,0,1,0,6,16,0,0,0,1,0,1,31,3,0,2,1,0,1,2,0,22,37,1,0,4,6,0
"Zotu2065",0,0,0,0,0,1,0,1,5,1,0,0,0,0,6,0,1,0,5,0,0,0,0,0,0,0,0,0,1,1,0,0,0,0,0,1,0,0,0,0,0,1,0,0,0,0,71,0,0,0,0,1,0,0,0,0,0,0,0,0,0,0
"Zotu2300",0,0,0,0,0,1,0,0,0,0,0,0,0,7,0,0,4,0,0,0,0,0,1,0,0,0,0,0,0,0,0,0,0,0,0,111,0,0,0,1,0,0,1,2,0,0,0,0,0,0,0,1,0,2,0,0,0,0,0,1,0,0
"Zotu4410",0,0,0,0,0,1,0,0,0,0,0,0,0,0,0,0,0,0,0,0,0,0,0,0,0,0,0,0,0,4,0,0,0,0,0,0,1,0,1,0,0,0,0,0,33,0,0,0,0,0,0,2,4,1,0,0,0,0,0,0,0,0
"Zotu5924",0,0,0,0,0,1,1,21,0,0,0,0,0,1,1,1,1,0,0,0,0,0,0,0,0,0,0,0,0,1,0,0,0,0,0,0,0,0,0,0,0,0,0,0,0,0,0,0,0,0,0,0,0,0,0,0,0,0,0,0,0,0
"Zotu2845",0,0,0,0,0,1,0,0,0,0,0,0,0,0,11,0,1,0,0,0,0,0,0,0,0,0,0,0,0,0,0,0,1,1,0,0,0,0,0,1,0,0,0,0,0,0,0,0,1,0,0,0,0,0,17,11,56,0,0,1,0,0
"Zotu3920",0,0,0,0,0,1,0,0,0,0,0,0,0,0,5,0,1,0,22,0,0,0,0,0,0,0,0,0,0,0,0,0,0,0,0,1,1,0,0,1,0,0,0,0,1,0,0,0,0,0,1,2,0,0,10,1,0,0,17,1,1,0
"Zotu2607",0,0,0,0,0,1,0,0,0,7,0,0,0,0,0,0,0,0,2,0,0,3,0,0,0,0,0,0,0,0,0,0,0,0,0,1,0,1,0,0,1,0,0,0,1,0,0,0,1,2,0,0,0,1,14,0,0,0,20,30,6,1
"Zotu2706",0,0,0,0,0,1,0,1,1,1,0,0,0,0,0,0,0,0,1,0,1,0,0,0,0,0,0,0,66,0,0,0,0,0,0,0,0,0,0,0,0,0,0,0,0,0,0,0,0,0,0,0,0,0,0,0,0,0,0,0,0,0
"Zotu1095",0,0,0,0,0,1,1,0,1,0,30,0,0,0,0,0,1,0,37,0,0,0,0,0,0,0,2,2,0,0,0,0,1,0,1,1,0,55,0,87,2,0,0,2,1,1,0,1,3,1,0,4,0,53,0,51,0,1,0,1,0,3
"Zotu5645",0,0,0,0,0,1,0,0,0,0,0,0,0,0,0,0,8,0,0,0,0,0,0,0,0,0,0,0,0,0,0,0,0,0,0,0,0,0,0,0,0,0,0,0,0,0,0,0,0,0,0,0,0,20,0,0,0,0,0,0,0,0
"Zotu3358",0,0,0,0,0,1,0,0,0,0,0,0,1,0,6,0,3,0,0,0,0,0,0,0,0,0,0,0,0,0,0,1,1,0,0,1,0,0,0,0,0,0,0,0,0,0,0,0,0,1,0,4,0,35,0,0,0,0,2,0,0,0
"Zotu3252",0,0,0,0,0,1,0,0,0,0,0,0,0,0,0,0,0,0,0,1,0,1,0,0,0,0,0,83,0,0,0,0,0,0,0,0,0,0,0,0,0,0,0,0,0,0,0,0,0,0,0,0,0,0,0,0,0,0,0,0,0,0
"Zotu4009",0,0,0,0,0,1,0,0,0,0,0,1,1,0,0,0,0,1,0,0,0,0,0,0,0,1,0,0,30,0,0,0,0,2,0,1,0,0,0,1,0,0,0,0,0,0,0,0,0,0,0,6,1,17,1,15,1,0,1,7,0,0
"Zotu2677",0,0,0,0,0,1,1,0,1,1,0,1,0,2,0,1,1,0,1,0,0,0,0,1,3,0,0,1,23,36,0,0,0,0,0,0,0,0,0,0,0,0,0,0,0,0,0,0,0,0,0,0,0,0,0,0,0,0,0,0,0,0
"Zotu1190",0,0,0,0,0,1,0,1,0,0,0,2,0,0,0,0,0,0,0,0,0,2,1,0,0,0,0,48,29,1,0,87,1,17,0,0,14,1,0,16,0,1,0,1,1,0,2,0,1,0,0,0,0,1,1,0,0,0,0,0,2,0
"Zotu1855",0,0,0,0,0,1,1,0,0,0,0,0,0,0,4,0,8,0,0,0,0,0,0,0,0,0,0,0,0,0,0,1,1,36,0,1,0,0,1,0,0,1,0,0,0,0,2,1,0,0,1,21,0,33,1,1,0,0,1,0,0,1
"Zotu4808",0,0,0,0,0,1,0,0,0,0,0,0,0,0,0,0,0,0,3,0,0,0,0,4,0,0,0,0,0,0,0,0,2,1,0,1,0,0,0,1,0,0,1,0,0,0,0,0,0,0,1,0,0,0,20,0,1,0,0,0,0,0
"Zotu4304",0,0,0,0,0,1,2,0,0,0,0,0,0,0,1,0,1,1,0,0,0,0,0,0,0,0,0,46,0,0,0,0,0,0,0,0,0,0,0,0,0,0,0,0,0,0,0,0,0,0,0,1,0,0,0,0,0,0,0,0,0,6
"Zotu6251",0,0,0,0,0,0,16,0,0,0,0,0,0,0,0,0,0,0,0,0,0,0,0,0,1,0,0,0,0,0,0,0,0,0,0,0,0,0,0,0,0,0,0,0,0,0,0,0,0,0,0,0,0,0,0,0,0,0,0,0,0,0
"Zotu1323",0,0,0,0,0,0,1,0,0,0,0,0,0,0,0,0,1,0,1,0,0,46,0,1,0,0,1,1,8,9,1,1,0,0,2,1,5,0,1,0,118,10,0,1,0,0,1,0,0,0,0,0,0,0,0,0,1,0,0,0,0,0
"Zotu5805",0,0,0,0,0,0,40,0,0,0,0,0,0,0,0,2,3,0,0,0,0,0,0,0,0,0,0,0,0,1,0,0,0,0,0,0,0,0,0,0,0,0,0,0,0,0,0,0,0,0,0,2,0,0,0,0,0,0,0,0,0,0
"Zotu1969",0,0,0,0,0,0,46,0,0,0,0,0,1,1,0,0,2,2,0,0,0,3,0,0,0,0,1,0,0,1,0,0,0,0,0,0,0,1,0,0,0,1,0,1,0,0,0,0,0,0,0,13,0,43,0,0,0,0,0,0,0,24
"Zotu4689",0,0,0,0,0,0,1,0,1,0,0,0,0,0,0,0,0,0,0,0,25,0,0,0,0,0,1,0,0,1,0,0,0,0,0,0,0,0,0,0,0,0,0,2,0,0,0,0,0,0,0,1,0,0,0,0,0,0,0,1,0,10
"Zotu3798",0,0,0,0,0,0,1,2,1,0,1,0,0,34,0,0,0,0,1,0,0,0,0,0,0,2,0,0,0,0,1,0,0,0,0,0,0,0,0,0,0,0,0,0,0,0,0,0,0,0,0,0,0,0,0,0,0,0,0,0,0,0
"Zotu990",0,0,0,0,0,0,28,1,0,10,0,1,1,1,10,0,0,1,0,0,2,0,0,1,0,1,1,0,0,0,0,1,0,147,1,1,0,0,1,3,0,2,2,1,0,0,0,0,0,1,0,17,1,0,0,1,1,0,2,1,0,44
"Zotu4514",0,0,0,0,0,0,51,0,0,0,0,0,0,0,0,0,0,0,0,0,0,0,0,0,0,0,0,0,0,2,0,0,0,0,0,0,0,0,0,1,0,0,0,0,0,0,0,0,0,0,0,0,0,0,0,0,0,0,0,22,0,0
"Zotu2828",0,0,0,0,0,0,9,0,0,1,1,0,0,0,0,0,0,0,0,0,0,0,0,0,1,0,0,0,0,0,0,0,0,1,0,0,0,0,1,2,0,1,0,0,1,2,42,0,0,0,0,0,0,0,0,1,0,0,0,0,14,0
"Zotu3957",0,0,0,0,0,0,16,0,1,0,0,0,0,0,1,1,6,0,0,0,0,0,0,0,0,1,0,0,0,0,0,0,0,1,0,1,0,0,0,0,0,0,0,23,0,0,0,1,0,0,1,0,0,1,0,0,0,0,0,0,0,0
"Zotu5175",0,0,0,0,0,0,22,0,1,0,0,0,0,0,0,6,2,1,0,1,0,0,0,0,0,0,0,0,1,0,0,0,0,0,0,0,0,0,0,0,0,0,0,0,0,0,0,0,0,0,0,0,0,0,0,0,0,0,0,0,0,0
"Zotu320",0,0,0,0,0,0,1,0,16,0,0,0,0,0,0,1,0,0,0,0,0,0,0,0,0,0,1,0,0,0,0,1,2,3,4,1,4,3,4,4,1,5,2,2,7,1,197,172,258,212,105,3,5,2,1,3,13,80,5,8,1,2
"Zotu2859",0,0,0,0,0,0,27,0,0,0,0,0,1,0,0,0,1,0,1,1,0,1,0,0,0,1,0,0,1,1,0,1,0,0,0,1,0,0,0,0,0,0,0,0,1,0,0,0,0,0,1,1,1,0,0,0,0,0,31,4,3,8
"Zotu1879",0,0,0,0,0,0,25,0,0,0,0,0,0,0,0,0,0,0,0,0,0,0,0,0,0,1,0,0,0,0,0,0,0,1,0,1,1,0,2,0,2,0,1,1,0,0,0,1,1,1,21,1,0,0,0,1,0,0,2,1,54,3
"Zotu3930",0,0,0,0,0,0,41,0,0,0,0,0,0,0,0,2,4,0,0,0,0,0,0,0,0,0,0,0,2,0,0,0,0,0,0,0,0,0,0,0,0,0,0,0,0,0,0,0,0,0,0,0,0,0,0,0,0,0,0,0,0,0
"Zotu1617",0,0,0,0,0,0,13,0,0,0,0,0,0,0,0,2,0,0,0,0,0,0,0,0,0,0,0,0,0,1,0,0,2,0,1,0,1,0,0,0,2,0,0,0,82,1,54,0,0,4,0,8,1,0,2,2,0,0,0,0,0,24
"Zotu5402",0,0,0,0,0,0,27,0,1,0,0,0,0,0,1,0,1,0,0,0,0,0,0,0,0,0,0,0,0,2,0,0,0,0,0,0,0,0,0,0,0,0,0,0,0,0,0,0,0,0,0,0,0,0,0,0,0,0,0,0,0,0
"Zotu5257",0,0,0,0,0,0,19,0,0,0,0,0,0,13,1,1,2,0,0,0,0,0,1,0,0,0,0,0,2,0,0,0,0,0,0,0,0,0,0,0,0,0,0,0,0,0,0,0,0,0,0,0,0,0,0,0,0,1,0,0,7,0
"Zotu5085",0,0,0,0,0,0,18,0,0,3,0,0,0,0,0,1,0,0,0,0,0,0,1,0,1,0,0,0,0,0,0,0,0,0,0,0,0,0,0,0,0,0,0,0,0,0,0,0,0,0,0,0,0,0,0,0,0,0,0,0,0,0
"Zotu4053",0,0,0,0,0,0,30,0,0,0,0,0,0,0,0,0,0,0,0,1,0,1,0,0,0,0,0,1,0,1,0,0,0,0,0,0,0,0,0,0,0,0,0,0,0,0,0,0,0,0,0,0,0,0,0,0,0,0,0,0,0,0
"Zotu1872",0,0,0,0,0,0,2,0,0,0,0,1,2,0,0,4,0,0,0,0,0,0,0,0,0,0,0,1,0,0,0,1,0,1,0,0,3,1,0,1,0,0,2,0,1,0,74,0,0,0,34,2,1,3,3,1,1,0,2,0,0,2
"Zotu5604",0,0,0,0,0,0,1,0,0,0,0,0,0,0,0,0,0,0,19,0,0,1,0,0,0,0,0,0,2,0,0,0,0,0,0,0,0,0,0,0,0,0,0,0,0,0,0,0,0,0,0,8,0,0,4,0,0,0,0,0,0,0
"Zotu6405",0,0,0,0,0,0,16,0,0,1,0,0,0,0,0,0,0,0,0,0,0,0,0,3,1,0,0,0,0,1,0,0,0,0,0,0,0,0,0,0,0,1,0,0,0,0,0,0,0,0,0,0,0,0,0,0,0,0,0,0,0,0
"Zotu6371",0,0,0,0,0,0,1,0,0,0,0,0,0,0,0,0,0,1,0,0,11,0,0,0,0,0,0,0,0,0,0,0,0,1,0,0,0,1,0,0,0,1,0,0,0,0,0,0,0,0,0,0,0,0,0,0,0,0,0,0,0,0
"Zotu5848",0,0,0,0,0,0,1,22,0,0,0,0,0,0,1,0,0,0,0,0,0,0,0,0,0,0,0,2,0,0,0,0,0,2,0,0,0,0,2,0,0,0,0,0,0,0,0,1,0,0,0,0,0,0,3,0,0,0,0,11,0,0
"Zotu5321",0,0,0,0,0,0,1,0,0,0,0,0,0,23,0,0,0,0,0,0,0,0,0,1,0,0,0,0,0,0,0,0,0,0,0,0,0,0,0,0,0,0,0,0,0,0,0,0,0,0,0,0,0,0,0,0,0,0,0,0,0,0
"Zotu1333",0,0,0,0,0,0,6,0,0,0,0,0,0,1,2,0,0,0,0,0,0,1,0,0,0,0,0,1,0,0,0,3,2,0,1,0,0,0,1,1,2,1,0,2,27,0,3,0,0,1,41,0,50,0,1,0,0,0,1,0,0,77
"Zotu1390",0,0,0,0,0,0,1,0,27,0,0,0,0,0,12,1,0,0,1,0,1,0,0,0,0,0,0,0,0,0,0,1,1,0,0,3,0,3,0,1,0,1,2,4,1,0,0,3,0,0,0,1,1,0,79,16,0,0,36,0,3,0
"Zotu4116",0,0,0,0,0,0,1,0,0,0,0,0,0,0,0,0,0,0,0,0,0,0,0,0,0,49,0,0,0,0,0,0,0,0,0,0,0,0,0,0,0,0,0,0,0,0,0,0,0,0,0,0,0,0,0,0,0,0,0,0,0,0
"Zotu2470",0,0,0,0,0,0,2,1,0,0,2,0,0,1,0,0,0,0,0,0,2,102,0,0,0,0,1,2,1,0,1,0,0,0,0,0,0,0,0,0,0,0,0,0,0,0,0,0,0,0,0,0,0,0,0,0,0,0,0,0,0,0
"Zotu6331",0,0,0,0,0,0,1,1,0,0,0,0,0,0,0,0,14,0,0,0,0,0,0,0,0,0,0,0,0,0,1,0,0,0,0,0,0,0,0,0,0,0,0,12,0,0,0,0,0,0,0,0,0,0,0,0,0,0,0,0,0,0
"Zotu6003",0,0,0,0,0,0,1,0,0,0,0,0,0,0,36,0,0,0,0,0,0,0,0,0,0,0,0,0,0,0,0,0,0,0,0,0,0,0,0,0,0,0,0,0,0,0,0,0,0,0,0,8,0,0,0,0,0,0,0,0,0,0
"Zotu1537",0,0,0,0,0,0,1,1,0,0,0,56,0,0,15,0,6,2,0,0,0,1,1,2,0,0,0,1,0,0,1,0,0,1,0,0,1,1,0,1,0,0,0,11,1,0,0,0,0,0,1,13,24,33,0,1,0,1,0,0,0,9
"Zotu3911",0,0,0,0,0,0,1,49,0,0,0,0,0,0,0,0,0,0,0,0,0,0,2,2,0,0,0,0,0,0,0,0,0,0,0,0,0,0,0,0,0,0,0,0,0,0,0,0,0,0,0,0,0,0,0,0,0,0,0,0,0,0
"Zotu5543",0,0,0,0,0,0,9,0,0,0,0,0,0,1,0,0,6,1,0,0,0,0,0,0,0,0,0,0,0,0,0,1,1,0,0,0,0,0,1,0,0,0,0,0,1,0,0,0,0,0,0,2,0,0,0,0,0,0,0,0,8,3
"Zotu4385",0,0,0,0,0,0,1,0,0,0,0,0,0,0,0,0,0,0,0,0,0,1,0,0,0,0,0,0,0,28,0,0,0,0,0,0,0,0,0,0,0,0,0,0,0,0,0,0,0,0,0,0,0,0,0,0,0,0,0,0,0,0
"Zotu4285",0,0,0,0,0,0,1,0,0,0,0,22,0,0,7,0,14,0,0,1,0,0,0,0,1,0,1,0,1,0,0,0,0,0,0,0,0,0,0,0,0,0,0,0,0,0,0,0,0,0,0,0,0,0,0,0,0,0,0,0,0,0
"Zotu3338",0,0,0,0,0,0,1,0,0,0,1,0,0,0,1,0,0,0,1,1,0,0,0,145,0,0,0,0,1,0,0,0,0,0,0,0,0,0,0,0,0,0,0,0,0,0,0,0,0,0,0,0,0,0,0,0,0,0,0,0,0,0
"Zotu2857",0,0,0,0,0,0,2,0,1,5,34,0,0,1,8,0,0,1,0,0,0,0,0,0,0,1,0,0,0,0,0,0,0,0,0,0,0,0,0,0,0,0,0,2,0,0,0,0,0,0,0,0,0,0,0,0,0,0,0,0,0,0
"Zotu4299",0,0,0,0,0,0,1,0,0,0,0,0,0,0,0,0,4,0,0,0,15,0,0,0,0,0,0,0,0,1,0,0,0,0,0,0,3,0,0,0,1,0,0,1,1,0,1,0,0,1,1,0,1,40,0,0,0,0,0,0,0,14
"Zotu5853",0,0,0,0,0,0,1,0,0,10,0,0,0,0,1,0,0,0,0,0,0,0,0,0,0,0,0,0,0,0,0,1,0,1,0,0,0,0,0,0,0,1,0,0,0,0,0,0,0,0,0,5,0,0,0,0,0,0,0,0,0,35
"Zotu5134",0,0,0,0,0,0,1,1,0,1,1,2,1,0,0,0,1,0,42,0,0,0,0,0,0,1,0,0,0,6,0,0,0,0,0,0,1,0,0,0,0,0,0,0,0,0,0,0,0,0,0,0,0,0,0,0,0,0,0,0,0,0
"Zotu2584",0,0,0,0,0,0,2,1,0,0,0,0,0,0,2,0,1,0,0,0,12,0,0,2,0,0,1,0,0,0,1,0,0,0,2,0,1,0,0,0,0,0,1,0,0,0,0,1,0,53,18,3,8,0,0,0,0,0,0,0,2,3
"Zotu513",0,0,0,0,0,0,1,0,23,0,0,1,0,21,33,0,2,0,1,0,1,0,0,0,0,0,0,0,0,0,0,2,0,1,1,1,53,28,26,1,1,83,2,0,2,84,2,0,2,0,0,0,1,5,33,60,152,0,1,3,1,2
"Zotu4420",0,0,0,0,0,0,2,1,0,0,0,0,0,0,0,0,0,0,0,0,0,0,0,0,1,0,43,0,0,1,1,0,0,0,0,0,0,0,0,0,0,0,0,1,0,0,0,0,0,0,0,0,0,0,0,0,0,0,0,0,0,0
"Zotu4248",0,0,0,0,0,0,1,0,0,0,0,0,0,0,0,0,0,0,0,0,3,0,0,0,0,0,0,24,0,0,0,0,0,0,0,0,0,0,0,0,0,0,0,0,0,0,0,0,0,0,0,0,0,0,0,0,0,0,0,0,0,0
"Zotu1693",0,0,0,0,0,0,1,0,0,0,0,0,1,0,1,0,0,0,0,0,0,0,0,0,0,0,0,1,0,18,0,1,0,1,1,1,0,0,107,0,2,1,1,2,0,0,0,0,1,1,0,7,1,1,0,2,0,1,0,6,5,2
"Zotu2030",0,0,0,0,0,0,1,0,24,1,0,0,0,0,15,0,1,0,27,0,0,0,0,1,0,0,0,0,1,0,0,0,2,0,0,1,0,0,0,0,0,1,0,1,0,0,0,0,0,0,0,5,0,0,0,0,0,0,28,14,11,0
"Zotu2164",0,0,0,0,0,0,3,0,0,0,0,0,0,0,0,0,1,0,0,0,0,0,0,0,1,0,0,83,0,0,0,0,0,0,0,0,0,0,0,0,0,0,0,0,0,0,0,0,0,0,0,0,0,0,0,0,0,0,0,0,0,0
"Zotu6196",0,0,0,0,0,0,1,0,0,0,0,0,0,0,0,0,0,0,0,0,1,0,0,0,0,1,0,0,0,24,0,0,0,0,0,0,0,0,0,0,0,0,0,0,0,0,0,0,0,0,0,0,0,0,0,0,0,0,0,0,0,0
"Zotu4695",0,0,0,0,0,0,1,0,0,0,1,0,0,10,3,0,0,0,32,0,0,0,1,0,0,0,0,1,0,1,0,0,0,1,0,0,0,0,0,0,0,0,0,0,0,0,0,0,0,0,0,1,0,0,0,6,0,0,0,0,0,0
"Zotu559",0,0,0,0,0,0,1,0,0,0,0,1,0,0,0,0,0,0,0,0,1,0,0,0,0,0,0,0,0,24,0,2,2,4,3,3,1,0,3,0,3,3,0,1,77,3,186,2,1,1,92,1,2,3,0,0,2,1,4,1,0,128
"Zotu3873",0,0,0,0,0,0,1,2,4,0,0,0,0,0,0,0,0,0,0,0,0,49,0,0,0,0,0,0,0,0,0,0,0,0,0,0,0,0,0,0,0,0,0,0,0,0,0,0,0,0,0,0,0,0,0,0,0,0,0,0,0,0
"Zotu4929",0,0,0,0,0,0,1,0,0,0,0,0,0,0,0,0,0,0,0,0,0,0,0,0,0,0,0,0,12,0,0,0,0,0,0,1,0,0,0,0,0,31,0,0,0,0,0,0,0,0,0,0,0,0,0,0,0,0,1,0,0,0
"Zotu5220",0,0,0,0,0,0,1,0,0,1,2,0,0,1,0,0,0,0,2,1,1,0,0,0,0,0,0,0,1,33,0,0,0,0,0,0,0,0,0,0,0,0,0,1,0,0,0,0,0,0,0,0,0,0,0,0,0,0,0,0,0,0
"Zotu4028",0,0,0,0,0,0,1,0,0,0,0,1,0,0,0,1,1,0,0,0,0,0,0,0,0,2,0,0,22,0,0,0,0,0,0,0,0,0,0,0,0,0,0,0,0,0,0,0,0,0,0,0,0,0,1,0,0,0,0,0,11,0
"Zotu4112",0,0,0,0,0,0,1,0,0,0,1,0,0,0,0,0,0,0,0,0,0,0,0,0,0,0,0,37,0,1,0,0,0,0,0,0,0,0,0,0,0,0,0,0,0,0,0,0,0,0,0,0,0,0,0,0,0,0,0,0,0,0
"Zotu3783",0,0,0,0,0,0,1,0,0,0,14,0,1,5,3,0,0,0,0,0,0,0,1,0,0,0,0,0,0,1,1,0,0,0,0,0,0,0,0,1,0,1,0,0,0,0,0,0,0,0,0,1,0,11,0,0,0,0,0,0,0,6
"Zotu4441",0,0,0,0,0,0,1,0,0,17,0,0,0,0,0,0,2,1,0,1,0,0,0,0,0,0,0,0,1,0,0,1,1,0,0,0,0,0,0,2,0,0,0,0,0,1,0,0,0,1,0,3,0,0,0,0,0,0,0,0,0,12
"Zotu5433",0,0,0,0,0,0,1,0,0,19,0,0,0,0,0,0,0,0,0,0,0,0,0,0,0,0,0,0,0,0,0,0,0,0,0,0,0,0,0,0,0,0,0,0,0,0,0,0,0,0,0,1,0,0,0,0,0,0,0,0,0,0
"Zotu2069",0,0,0,0,0,0,1,0,0,0,0,0,0,0,17,0,3,0,54,0,0,0,0,0,1,0,0,0,0,1,1,0,0,0,0,0,0,0,0,0,0,0,1,0,0,0,0,1,1,0,0,0,47,1,0,0,0,0,0,2,15,0
"Zotu4311",0,0,0,0,0,0,1,35,1,0,0,1,0,0,0,0,0,0,0,0,0,0,0,0,0,0,0,0,0,0,0,0,0,0,0,0,0,0,0,0,0,0,0,0,0,0,0,0,0,0,0,0,0,0,0,0,0,0,0,0,0,0
"Zotu4386",0,0,0,0,0,0,1,0,10,0,0,1,0,5,1,0,0,0,0,0,0,0,0,0,0,0,0,0,0,0,0,0,0,0,0,0,1,0,0,11,0,17,0,1,0,0,1,1,0,0,0,1,0,0,1,0,0,0,1,0,0,0
"Zotu2634",0,0,0,0,0,0,1,0,0,0,0,1,0,0,0,0,0,0,8,0,0,0,0,0,0,0,0,0,0,0,0,0,1,0,0,0,0,0,1,0,0,0,0,0,1,0,0,0,1,0,0,0,1,0,9,6,4,1,21,4,2,2
"Zotu2166",0,0,0,0,0,0,2,0,27,0,35,1,0,0,4,0,0,0,0,0,0,1,0,0,0,0,0,0,1,0,0,0,0,0,0,0,0,0,0,0,0,0,1,1,0,1,0,0,0,0,1,1,1,0,2,0,0,0,1,59,0,0
"Zotu5301",0,0,0,0,0,0,1,0,0,0,0,0,0,0,6,0,0,0,0,0,0,0,0,0,0,0,0,0,0,0,0,0,0,0,0,0,0,0,0,0,0,0,0,0,0,0,0,0,0,0,0,0,0,0,0,18,1,0,0,0,0,0
"Zotu2691",0,0,0,0,0,0,3,1,1,0,1,0,0,1,1,0,0,1,10,1,0,0,0,1,1,1,0,69,1,1,0,0,0,0,0,0,0,0,0,0,0,0,0,0,0,0,0,0,0,0,0,0,0,0,0,0,0,0,0,0,0,0
"Zotu1072",0,0,0,0,0,0,2,0,0,0,1,0,1,3,0,1,0,0,0,0,26,0,0,1,2,1,3,0,0,79,1,1,1,1,1,1,2,0,0,1,1,0,1,1,0,3,0,1,0,1,0,131,0,0,0,1,0,1,0,0,2,2
"Zotu1126",0,0,0,0,0,0,1,0,0,0,0,0,0,0,0,0,0,0,0,0,18,0,0,0,0,1,0,0,0,0,0,0,2,3,1,0,1,1,0,2,0,0,0,0,129,0,2,1,1,3,1,7,39,0,0,0,0,1,0,0,0,1
"Zotu1253",0,0,0,0,0,0,1,0,0,2,0,0,0,1,0,0,1,0,1,1,0,0,1,1,2,0,0,62,2,21,1,0,0,25,1,0,1,1,1,11,1,17,0,0,2,1,0,0,27,0,0,4,1,0,2,0,1,1,1,0,0,5
"Zotu5584",0,0,0,0,0,0,1,0,0,0,18,0,0,0,0,0,8,0,0,0,0,0,0,2,0,0,0,0,1,0,0,0,0,0,0,0,0,0,0,0,0,0,0,0,0,0,0,0,0,0,0,0,0,0,0,0,0,0,0,0,0,0
"Zotu2829",0,0,0,0,0,0,1,0,0,0,0,0,0,0,0,0,0,0,0,0,0,0,0,0,0,0,0,2,0,4,0,1,0,42,0,0,0,1,2,41,1,1,0,7,0,1,0,0,0,2,0,1,0,0,1,0,0,0,1,1,0,1
"Zotu2439",0,0,0,0,0,0,1,0,0,0,0,0,0,0,0,0,0,0,0,0,0,4,0,0,0,0,0,0,0,35,1,0,0,0,0,0,0,0,0,0,0,0,0,0,0,0,0,0,0,0,0,0,0,0,0,30,19,1,0,0,1,0
"Zotu1951",0,0,0,0,0,0,2,0,1,0,0,2,0,1,0,1,0,0,0,0,48,1,0,0,0,0,0,0,0,0,0,0,0,0,0,0,0,0,2,0,0,0,0,0,1,0,0,0,0,0,38,16,1,2,0,0,0,0,1,0,0,11
"Zotu5273",0,0,0,0,0,0,1,0,0,0,0,0,1,0,0,0,0,0,0,0,15,0,0,0,0,0,0,0,0,0,0,0,0,0,0,0,0,0,0,0,0,0,0,0,0,0,0,0,0,0,0,7,0,0,0,0,0,0,0,0,0,0
"Zotu5424",0,0,0,0,0,0,1,0,0,0,0,0,0,0,0,0,0,0,0,0,0,0,0,0,0,0,0,0,0,0,0,0,1,0,0,0,0,24,0,0,0,0,0,0,0,0,0,0,0,0,0,1,0,0,0,0,0,0,0,0,0,0
"Zotu4762",0,0,0,0,0,0,1,0,0,5,0,0,1,0,0,0,3,0,0,0,0,0,0,0,0,0,0,0,0,12,0,0,0,0,0,1,0,0,0,0,0,0,0,0,0,0,0,0,0,0,0,8,0,0,0,0,0,1,0,0,0,10
"Zotu3026",0,0,0,0,0,0,1,1,30,0,0,0,0,0,0,0,1,0,0,0,0,0,0,0,0,0,0,0,0,1,0,0,0,1,0,0,1,1,0,0,0,1,0,4,0,0,0,0,0,0,0,0,0,36,0,0,1,0,0,12,0,1
"Zotu4939",0,0,0,0,0,0,1,0,30,0,0,0,0,0,0,0,0,0,0,0,0,0,0,0,0,0,0,0,0,0,0,0,0,0,0,0,0,0,0,0,0,1,0,0,0,0,0,0,0,0,0,5,0,0,0,0,0,0,0,0,0,0
"Zotu1502",0,0,0,0,0,0,1,0,1,0,0,0,0,0,6,0,0,0,0,0,0,0,8,0,0,0,0,0,39,0,0,1,0,0,1,2,53,43,0,41,0,1,2,7,0,1,1,1,0,1,1,0,1,2,0,0,0,0,0,0,0,0
"Zotu5912",0,0,0,0,0,0,1,0,0,19,0,0,0,0,0,0,0,0,0,0,0,0,0,0,0,0,0,0,0,0,0,0,0,0,0,0,0,0,0,0,0,0,0,0,0,0,0,0,0,0,0,0,0,0,0,0,0,0,0,0,0,0
"Zotu3701",0,0,0,0,0,0,1,0,0,0,0,0,0,0,1,0,0,0,0,0,28,0,0,0,0,0,0,1,2,0,0,1,1,2,1,1,1,0,0,0,0,0,1,0,0,0,1,0,0,0,0,11,19,0,0,0,0,0,0,0,0,0
"Zotu3424",0,0,0,0,0,0,1,1,1,5,0,2,0,1,1,1,0,0,0,0,0,0,12,0,0,0,0,6,5,0,0,0,0,0,0,0,1,0,0,0,1,0,0,0,0,0,1,0,1,0,8,0,0,0,0,0,0,0,1,1,3,4
"Zotu835",0,0,0,0,0,0,1,0,0,0,0,0,0,0,1,0,0,0,0,0,0,0,0,0,0,0,1,0,36,0,0,0,1,0,1,0,0,49,0,0,1,0,201,2,1,0,1,1,0,0,0,0,1,1,0,1,0,1,0,0,0,0
"Zotu1675",0,0,0,0,0,0,1,0,7,5,10,0,0,1,4,0,0,0,0,0,0,1,0,0,0,0,0,0,0,1,0,2,0,0,3,0,0,0,1,0,0,0,1,0,0,0,0,0,1,0,1,0,2,0,15,7,50,0,20,19,0,1
"Zotu4345",0,0,0,0,0,0,1,1,0,1,29,0,0,0,0,1,0,0,0,0,1,0,1,0,0,0,0,0,0,0,0,0,0,0,0,0,0,0,0,0,0,0,0,0,0,0,0,0,0,0,0,0,0,0,0,0,0,0,0,0,0,0
"Zotu3805",0,0,0,0,0,0,1,1,1,0,0,0,0,0,0,0,0,1,0,0,0,0,0,0,0,0,0,0,0,17,0,0,0,1,0,0,1,0,1,0,0,0,0,0,0,0,20,0,1,0,0,0,0,0,0,1,13,0,0,0,0,0
"Zotu3344",0,0,0,0,0,0,1,0,0,0,0,0,0,0,0,0,0,0,0,0,1,0,0,0,0,0,0,0,0,0,0,0,1,0,0,0,0,2,0,0,0,0,0,0,58,0,1,0,0,0,1,0,0,0,0,1,1,0,0,1,0,0
"Zotu4991",0,0,0,0,0,0,1,0,0,0,0,0,0,22,0,0,0,0,0,0,0,1,0,0,0,0,0,0,0,0,0,0,1,1,0,0,0,0,0,0,0,0,0,0,0,0,0,0,0,0,0,1,0,0,1,0,0,0,0,0,4,0
"Zotu5560",0,0,0,0,0,0,1,0,0,0,0,0,0,1,0,1,0,0,0,0,0,11,0,0,0,1,0,0,0,1,0,0,0,0,0,0,0,0,0,0,0,0,0,0,0,0,0,0,0,0,0,0,0,0,0,0,0,0,0,0,0,0
"Zotu3128",0,0,0,0,0,0,1,0,0,0,0,0,0,1,3,0,0,0,0,0,38,0,0,0,0,1,0,0,0,2,0,0,0,0,0,0,0,0,0,1,0,0,0,0,1,0,0,0,0,0,0,21,0,0,0,0,0,0,0,0,0,0
"Zotu972",0,0,0,0,0,0,1,0,0,2,0,0,0,0,0,0,0,0,0,0,0,0,0,0,0,0,0,0,0,0,0,0,1,0,2,1,1,2,3,1,1,0,2,2,0,1,0,99,0,161,48,1,2,1,1,0,1,0,1,7,11,6
"Zotu2149",0,0,0,0,0,0,1,1,3,0,0,0,0,0,2,0,0,0,0,0,0,0,0,0,0,0,0,0,0,0,0,0,0,1,0,0,1,0,1,1,0,0,0,0,0,4,2,0,37,0,2,0,1,1,1,1,13,0,2,30,9,0
"Zotu4850",0,0,0,0,0,0,1,0,0,6,0,0,0,0,0,0,0,0,9,0,0,0,0,0,0,0,0,1,0,0,0,0,0,0,0,0,0,0,0,0,0,0,0,0,0,0,0,0,0,0,0,0,0,0,2,0,0,0,0,0,0,0
"Zotu5233",0,0,0,0,0,0,1,0,3,0,0,0,0,16,9,0,0,0,0,0,0,0,0,0,0,0,0,0,0,1,1,0,0,0,0,0,2,0,0,1,0,0,0,0,0,0,0,0,1,0,31,0,1,0,5,1,1,0,0,1,6,20
"Zotu4978",0,0,0,0,0,0,0,24,0,0,0,0,1,0,4,0,0,0,0,0,0,0,0,0,0,1,0,0,0,0,0,0,0,0,0,0,0,0,0,0,2,0,0,15,0,0,0,0,0,0,0,0,0,0,0,0,0,0,0,0,0,0
"Zotu4969",0,0,0,0,0,0,0,43,0,0,0,0,0,1,0,0,0,0,1,0,0,0,0,0,0,0,1,0,0,0,0,0,0,0,0,0,0,0,0,0,0,0,0,0,0,0,0,0,0,0,0,0,0,0,0,0,0,0,0,0,0,0
"Zotu2274",0,0,0,0,0,0,0,2,1,6,0,0,0,9,1,0,0,0,0,1,0,0,0,2,0,0,0,61,0,0,1,0,1,15,0,0,0,0,0,13,1,0,0,1,0,0,0,1,0,0,1,0,0,9,0,0,0,0,1,1,1,4
"Zotu3193",0,0,0,0,0,0,0,59,17,0,0,0,0,0,0,0,0,0,0,0,0,1,0,0,0,0,0,1,0,1,0,0,0,0,0,0,0,0,0,0,0,0,0,0,0,0,0,0,0,0,0,0,0,0,0,0,0,0,0,0,0,0
"Zotu562",0,0,0,0,0,0,0,2,46,0,57,0,0,0,17,1,11,1,1,0,0,0,1,0,0,128,2,1,1,0,0,0,0,2,0,1,3,0,1,2,1,0,1,6,0,3,0,33,9,330,20,1,49,1,2,1,24,0,0,27,70,19
"Zotu5549",0,0,0,0,0,0,0,1,0,0,1,0,0,0,1,0,27,1,0,0,0,0,0,0,1,0,0,0,0,0,0,0,0,0,0,0,0,0,0,0,0,0,0,0,0,0,0,0,0,0,0,4,0,0,0,0,0,0,0,0,0,1
"Zotu5231",0,0,0,0,0,0,0,39,0,0,0,0,0,0,0,0,0,0,0,0,0,0,0,0,0,0,0,0,0,0,0,0,0,0,0,0,0,0,0,0,0,0,0,0,0,0,0,0,0,0,0,0,0,0,0,0,0,0,0,0,0,0
"Zotu5409",0,0,0,0,0,0,0,44,0,0,0,0,0,0,0,0,0,0,0,0,0,0,0,0,0,0,0,0,0,0,0,0,0,0,0,0,0,0,0,0,0,0,0,0,0,0,0,0,0,0,0,0,0,0,0,0,0,0,0,0,0,0
"Zotu6208",0,0,0,0,0,0,0,26,0,0,0,2,0,0,0,0,0,0,0,0,0,0,0,0,0,0,0,1,0,0,0,0,0,0,0,0,0,0,0,0,0,0,0,0,0,0,0,0,0,0,0,0,1,0,3,3,0,0,0,1,3,0
"Zotu6068",0,0,0,0,0,0,0,36,1,0,0,0,0,0,0,0,0,0,0,0,0,0,0,0,0,0,0,0,0,0,0,0,0,0,0,0,0,0,0,0,0,0,0,1,0,0,0,0,0,0,0,0,0,0,0,0,0,0,0,0,0,0
"Zotu3020",0,0,0,0,0,0,0,9,2,7,0,0,0,0,11,0,2,0,0,0,0,0,0,0,0,0,0,0,0,0,0,0,0,0,1,0,1,0,1,0,0,0,0,0,0,0,0,1,1,0,1,15,20,7,1,0,5,0,1,0,1,1
"Zotu3452",0,0,0,0,0,0,0,7,0,0,0,0,0,0,0,0,0,0,0,0,0,0,0,0,0,0,0,0,0,0,0,0,0,0,0,0,0,0,0,0,0,0,2,0,31,0,0,0,0,1,21,0,0,0,1,0,0,0,0,0,0,0
"Zotu2507",0,0,0,0,0,0,0,33,0,0,0,0,0,0,0,1,0,0,1,0,1,0,1,0,1,1,0,0,0,0,0,0,0,0,0,0,34,0,0,0,2,1,0,0,0,2,0,0,0,0,0,1,0,0,0,0,0,0,0,0,0,0
"Zotu4974",0,0,0,0,0,0,0,27,0,0,0,0,0,0,0,0,0,0,14,0,0,0,0,0,0,1,0,0,0,0,0,0,0,0,0,0,0,0,0,0,0,0,0,0,0,0,0,0,0,0,0,0,0,0,0,0,0,0,0,0,0,0
"Zotu4172",0,0,0,0,0,0,0,40,0,0,1,1,0,1,1,0,1,1,0,1,1,1,0,0,0,1,0,0,1,0,0,0,0,0,0,0,0,0,0,0,0,0,0,0,0,0,0,0,0,0,0,0,0,0,0,0,0,0,0,0,0,0
"Zotu3825",0,0,0,0,0,0,0,36,1,0,0,0,0,0,0,0,0,0,0,0,0,0,0,0,0,0,1,0,0,0,0,0,0,0,0,0,0,0,0,0,0,0,0,0,0,0,0,0,0,0,0,0,0,0,0,0,0,0,0,0,0,0
"Zotu1033",0,0,0,0,0,0,0,33,0,0,0,0,0,0,0,0,0,1,0,0,0,0,0,0,0,0,0,0,0,0,0,3,0,0,1,0,0,1,1,1,1,4,2,0,59,0,0,0,1,0,1,58,61,1,0,0,0,2,0,1,0,14
"Zotu6338",0,0,0,0,0,0,0,3,0,0,0,1,0,0,0,0,0,0,0,0,3,0,0,0,0,0,0,0,3,8,0,0,0,0,0,0,0,2,0,0,0,0,0,0,0,0,0,0,0,0,0,0,0,0,0,0,0,0,0,0,0,0
"Zotu4213",0,0,0,0,0,0,0,23,0,1,0,0,0,0,0,2,0,0,0,0,0,1,0,0,0,0,0,0,0,0,0,0,0,0,0,0,0,0,0,0,0,0,0,0,0,0,0,0,0,0,0,0,0,0,0,0,0,0,0,0,0,0
"Zotu5733",0,0,0,0,0,0,0,23,0,0,0,1,2,0,0,0,0,0,0,0,0,0,0,0,0,0,0,0,8,0,1,0,0,0,0,0,0,0,0,0,0,0,0,0,0,0,0,0,0,0,0,0,0,0,0,0,0,0,0,0,0,0
"Zotu3132",0,0,0,0,0,0,0,5,0,0,0,0,0,0,0,0,0,0,1,0,0,0,0,0,0,0,0,0,0,0,0,0,0,0,1,1,0,0,0,1,0,1,0,9,0,1,65,0,0,0,0,0,0,0,0,0,0,0,0,0,0,1
"Zotu4163",0,0,0,0,0,0,0,31,0,0,0,1,0,0,1,0,0,0,0,0,0,0,1,0,0,0,0,0,0,0,0,0,0,0,0,0,0,0,0,0,0,0,0,0,0,0,0,0,0,0,0,0,0,0,0,1,0,0,0,0,0,0
"Zotu1243",0,0,0,0,0,0,0,1,0,1,0,0,0,0,17,0,0,0,0,0,0,0,0,0,1,0,0,0,0,40,0,0,0,0,0,0,185,12,2,0,0,0,0,3,1,0,0,87,0,0,0,3,0,2,0,1,0,0,2,1,0,1
"Zotu6018",0,0,0,0,0,0,0,1,0,0,0,0,0,0,0,0,0,0,0,1,1,0,0,0,0,0,0,0,1,0,0,0,0,0,0,0,2,1,0,0,0,22,0,0,1,0,0,0,0,0,0,0,1,0,0,1,0,16,0,0,0,1
"Zotu5702",0,0,0,0,0,0,0,1,0,0,1,0,0,0,0,0,11,0,0,0,0,0,0,0,0,0,0,0,0,0,0,0,1,0,0,0,0,0,0,0,1,0,0,0,0,0,0,0,0,0,0,11,0,0,0,0,0,0,0,0,0,0
"Zotu1073",0,0,0,0,0,0,0,9,1,0,0,0,0,0,0,0,0,0,15,1,0,0,0,0,0,0,0,0,0,0,1,53,147,0,0,0,1,0,2,1,0,0,0,2,2,0,0,0,1,0,1,3,0,0,0,0,0,0,0,0,0,0
"Zotu5721",0,0,0,0,0,0,0,19,0,0,0,0,0,1,3,0,0,0,0,0,0,0,0,0,0,0,0,0,0,0,0,0,0,0,0,0,0,0,0,0,0,0,0,0,0,0,0,0,0,0,0,7,0,0,0,0,0,0,0,0,0,0
"Zotu2964",0,0,0,0,0,0,0,1,39,0,0,0,0,0,0,0,0,0,0,0,0,0,0,0,0,0,0,0,0,0,0,0,0,0,0,0,1,0,0,0,0,0,0,0,0,0,0,0,0,0,0,0,0,0,0,0,0,0,0,28,0,0
"Zotu6312",0,0,0,0,0,0,0,1,13,0,1,0,0,0,0,0,0,0,0,0,0,0,0,0,0,0,0,0,0,0,0,0,0,0,0,0,0,0,0,0,0,0,1,0,1,0,0,0,0,0,0,0,0,0,0,22,0,0,0,1,1,0
"Zotu4429",0,0,0,0,0,0,0,2,1,2,0,0,1,33,0,0,0,0,0,0,0,0,0,0,0,0,0,0,0,0,0,0,0,0,0,0,0,0,0,0,0,0,0,0,0,0,0,0,0,0,0,0,0,0,0,0,0,0,0,0,0,0
"Zotu6129",0,0,0,0,0,0,0,1,0,0,0,0,0,0,0,0,0,0,0,0,0,0,0,0,0,0,0,0,0,0,0,0,0,0,0,0,0,0,0,0,0,11,0,0,0,0,0,0,0,0,0,0,0,0,0,0,0,0,1,0,0,0
"Zotu3939",0,0,0,0,0,0,0,4,5,0,0,0,0,9,0,0,0,2,0,0,0,1,0,0,0,0,0,0,0,0,1,0,0,0,0,0,1,0,0,0,0,0,0,1,0,0,0,1,0,1,0,0,0,0,0,0,12,0,0,1,0,0
"Zotu2685",0,0,0,0,0,0,0,1,1,0,0,0,0,0,0,0,4,0,0,0,0,1,1,0,0,0,0,0,48,0,0,0,0,0,0,2,0,1,0,0,0,0,0,0,0,1,0,0,0,0,0,9,0,1,0,0,0,0,0,0,1,30
"Zotu2954",0,0,0,0,0,0,0,1,0,0,0,0,0,0,0,0,17,0,0,0,0,0,0,0,0,0,0,0,0,0,0,1,0,0,0,1,1,1,1,0,0,0,0,64,1,0,0,1,0,0,0,1,0,1,0,0,1,1,1,2,0,1
"Zotu3228",0,0,0,0,0,0,0,1,0,0,0,0,0,0,0,0,0,0,15,0,0,0,0,0,0,0,0,0,0,0,0,0,0,0,0,0,0,0,0,0,0,0,1,1,1,37,1,1,0,0,1,4,0,0,1,0,1,0,19,1,1,1
"Zotu2854",0,0,0,0,0,0,0,1,0,0,0,0,0,0,0,0,1,0,0,0,0,0,0,0,0,60,0,0,0,0,0,0,0,0,0,0,0,0,0,0,0,0,0,0,0,0,0,0,0,0,0,0,0,0,0,0,0,0,0,0,0,0
"Zotu5356",0,0,0,0,0,0,0,1,0,0,19,0,0,0,0,0,1,0,0,0,1,0,0,0,0,0,0,0,0,0,0,0,0,0,0,0,1,0,0,0,0,0,0,0,0,0,0,0,0,0,0,0,0,15,0,0,0,0,0,3,0,0
"Zotu5164",0,0,0,0,0,0,0,1,0,0,0,0,0,0,0,0,0,0,0,0,15,0,0,0,0,1,0,0,0,0,0,0,0,0,0,0,0,0,0,0,0,0,0,0,0,0,0,0,0,0,0,0,0,0,0,0,0,0,0,0,0,0
"Zotu2746",0,0,0,0,0,0,0,1,0,0,0,0,0,1,0,1,0,0,0,1,0,0,0,84,1,0,0,1,0,2,0,0,0,0,0,0,0,0,0,0,0,0,0,0,0,0,0,0,0,0,0,0,0,0,0,0,0,0,0,0,0,0
"Zotu3674",0,0,0,0,0,0,0,1,1,0,0,0,0,0,0,0,0,0,0,0,0,0,0,0,0,0,0,0,0,0,55,0,0,0,0,0,0,0,0,0,0,0,0,0,0,0,0,0,0,0,0,0,0,0,0,0,0,0,0,0,0,0
"Zotu6326",0,0,0,0,0,0,0,1,0,26,0,0,0,1,0,0,0,0,0,0,0,0,0,0,0,0,0,0,0,0,0,0,0,1,0,0,0,0,0,0,0,0,0,0,0,0,0,0,0,0,0,4,0,0,0,0,0,0,0,0,0,0
"Zotu4228",0,0,0,0,0,0,0,1,0,0,0,0,0,0,0,0,0,0,0,3,0,2,0,0,0,0,0,0,32,2,0,0,0,0,0,0,0,0,0,0,0,0,0,0,0,0,0,0,0,0,0,0,0,0,0,0,0,0,0,0,0,0
"Zotu6158",0,0,0,0,0,0,0,1,1,0,0,0,0,0,0,0,0,0,0,0,9,0,0,0,0,0,0,0,0,0,0,0,0,0,0,0,0,0,0,0,0,0,0,0,0,0,1,0,0,1,0,10,1,1,1,0,0,0,1,0,0,1
"Zotu1147",0,0,0,0,0,0,0,1,0,0,26,0,0,0,13,4,1,0,46,0,0,0,0,0,0,0,0,0,0,0,1,0,0,1,1,0,1,8,1,0,1,0,0,5,0,0,0,1,0,0,1,2,0,1,219,15,2,1,0,0,3,1
"Zotu1775",0,0,0,0,0,0,0,1,0,1,1,1,0,0,2,0,0,1,0,2,1,1,0,0,0,1,0,0,17,30,0,1,0,0,0,0,1,0,1,0,0,0,0,0,0,0,73,0,0,0,0,0,1,1,0,0,0,0,0,1,0,0
"Zotu5623",0,0,0,0,0,0,0,1,0,0,0,0,0,0,0,1,8,0,0,0,0,0,0,0,0,0,0,0,0,0,0,1,0,0,0,2,1,0,0,1,0,0,0,52,0,0,0,0,0,0,0,0,0,0,0,1,0,0,0,1,0,0
"Zotu3490",0,0,0,0,0,0,0,1,21,0,1,1,0,3,0,0,0,0,27,0,1,1,0,0,0,0,0,0,0,0,0,0,0,0,0,0,0,0,0,0,0,0,0,0,0,0,0,0,0,0,0,0,0,0,0,0,0,0,0,0,0,0
"Zotu1935",0,0,0,0,0,0,0,1,4,0,0,1,0,0,1,0,1,0,21,0,1,0,0,0,0,0,0,0,11,0,0,0,1,1,0,0,2,0,0,0,0,2,0,1,2,2,1,0,3,1,1,14,17,0,0,1,0,0,0,14,4,9
"Zotu2543",0,0,0,0,0,0,0,1,0,0,0,1,0,0,11,0,38,1,1,0,0,0,0,0,0,0,0,0,0,0,0,0,0,0,0,0,0,0,0,0,0,0,0,2,0,0,1,1,0,0,1,3,34,1,3,2,0,0,0,0,51,21
"Zotu2672",0,0,0,0,0,0,0,2,0,0,0,66,1,0,0,1,1,2,0,0,0,1,0,0,1,0,0,0,0,0,0,0,0,0,0,0,0,0,0,0,0,0,0,0,0,0,0,0,0,0,0,0,0,0,0,0,0,0,0,0,0,0
"Zotu2129",0,0,0,0,0,0,0,1,0,0,0,0,0,0,0,0,0,0,0,0,0,0,0,166,0,0,0,0,0,0,0,0,0,0,0,0,0,0,0,0,0,0,0,0,0,0,0,0,0,0,0,0,0,0,0,0,0,0,0,0,0,0
"Zotu2760",0,0,0,0,0,0,0,1,0,1,0,45,0,1,2,1,0,0,0,0,0,0,0,0,1,0,1,0,1,0,0,0,0,0,0,0,0,0,0,0,0,0,0,0,0,0,0,0,0,0,1,16,1,0,0,0,0,0,0,0,0,0
"Zotu4958",0,0,0,0,0,0,0,1,26,0,0,0,0,0,0,0,0,0,1,0,0,0,0,0,0,0,0,0,0,0,0,0,0,0,0,0,0,0,0,0,0,0,0,0,0,0,0,0,0,0,0,0,0,0,0,0,0,0,0,0,0,0
"Zotu1680",0,0,0,0,0,0,0,1,1,0,0,25,2,1,0,0,0,0,0,0,1,133,0,0,0,0,0,75,0,0,1,0,0,0,0,0,0,0,0,0,0,0,0,0,0,0,0,0,0,0,0,0,0,0,0,0,0,0,0,0,0,0
"Zotu1974",0,0,0,0,0,0,0,1,1,0,1,2,122,0,3,1,1,0,1,1,0,0,0,0,0,0,1,2,3,11,0,0,0,0,0,0,0,0,0,0,0,0,0,0,0,0,0,0,0,0,0,3,0,0,0,0,0,0,0,0,0,0
"Zotu5453",0,0,0,0,0,0,0,1,1,0,0,1,0,0,0,0,28,0,0,0,0,2,0,0,0,0,0,0,0,0,1,0,0,0,0,0,0,0,0,0,0,0,0,1,0,0,0,0,0,0,0,0,0,0,0,0,0,0,0,0,0,0
"Zotu2245",0,0,0,0,0,0,0,1,0,0,0,0,0,1,0,0,20,0,0,0,0,0,0,0,0,0,0,0,0,0,0,0,0,0,0,0,0,0,1,0,1,0,1,0,0,0,0,3,0,0,2,20,37,52,0,0,0,0,0,1,0,4
"Zotu2275",0,0,0,0,0,0,0,1,0,0,0,0,0,0,8,0,2,0,0,0,0,0,0,0,0,0,0,0,0,0,0,1,0,0,0,0,1,0,0,0,0,0,0,0,0,0,0,0,0,0,38,7,1,0,0,0,0,1,0,0,0,18
"Zotu5792",0,0,0,0,0,0,0,1,0,0,0,0,0,0,1,1,2,0,0,0,3,0,0,0,0,0,0,0,0,0,0,0,0,0,0,0,0,0,0,0,0,0,0,1,1,0,0,16,0,0,0,0,1,0,0,0,0,0,0,0,0,0
"Zotu4530",0,0,0,0,0,0,0,1,0,1,1,0,0,22,0,0,1,1,0,2,18,1,0,0,0,0,0,0,0,1,0,0,0,0,0,0,0,0,0,0,0,1,0,0,12,2,0,0,0,1,0,5,0,0,0,0,0,0,0,1,0,2
"Zotu6291",0,0,0,0,0,0,0,1,1,0,0,0,0,1,0,0,1,0,0,0,0,0,0,0,1,0,0,14,0,0,0,0,0,0,0,0,0,0,0,0,0,0,0,0,0,0,0,0,0,0,0,0,0,0,0,0,0,0,0,0,0,0
"Zotu5744",0,0,0,0,0,0,0,2,0,0,0,0,0,0,0,0,0,0,0,0,0,0,0,0,0,0,0,0,0,41,0,0,0,0,0,0,0,0,0,0,0,0,0,0,0,0,0,0,0,0,0,0,0,0,0,0,0,0,0,0,0,0
"Zotu6141",0,0,0,0,0,0,0,2,0,0,1,0,0,0,0,0,1,0,0,0,0,1,0,0,0,15,0,0,0,0,0,0,0,0,0,0,0,0,0,0,0,0,0,0,0,0,0,0,0,0,0,0,0,0,0,0,0,0,0,0,0,0
"Zotu4593",0,0,0,0,0,0,0,1,7,0,0,1,0,0,0,0,0,0,18,0,0,0,0,0,0,0,0,0,0,0,0,0,0,0,0,0,0,0,0,0,0,0,0,0,0,0,0,0,0,0,0,0,0,0,0,0,0,0,0,0,0,0
"Zotu4865",0,0,0,0,0,0,0,1,0,2,0,0,0,0,0,0,0,0,21,0,0,0,0,0,0,0,0,0,2,0,0,0,0,0,0,0,0,0,0,0,0,0,0,0,0,0,0,0,0,0,0,0,0,0,0,0,0,0,0,0,13,0
"Zotu2425",0,0,0,0,0,0,0,0,10,0,0,0,0,0,0,0,0,0,0,0,0,0,0,0,0,0,0,0,0,0,0,0,0,0,0,0,0,0,0,0,0,0,0,0,1,0,0,0,0,0,1,0,0,0,29,15,2,89,1,0,0,0
"Zotu2881",0,0,0,0,0,0,0,0,11,0,2,0,0,0,0,0,0,0,0,0,0,0,0,0,0,1,0,1,0,0,0,0,0,0,0,0,0,0,0,0,0,0,0,0,1,0,0,0,52,0,0,1,0,0,0,0,1,1,0,0,0,0
"Zotu2210",0,0,0,0,0,0,0,0,51,0,27,1,0,1,2,0,3,1,22,0,0,0,0,0,0,0,0,0,0,0,0,0,0,0,0,0,29,0,0,0,0,1,0,5,0,0,0,0,1,0,0,0,0,0,1,0,0,0,0,0,0,0
"Zotu5735",0,0,0,0,0,0,0,0,4,0,0,0,0,0,0,0,0,0,0,0,0,0,0,0,0,0,0,0,0,0,0,0,1,0,0,0,0,24,0,0,0,0,0,0,0,0,0,0,0,1,0,0,0,1,2,0,0,1,9,0,0,0
"Zotu5927",0,0,0,0,0,0,0,0,14,0,0,0,1,1,0,0,0,0,0,0,16,0,0,0,0,0,0,0,0,0,0,0,0,0,0,0,0,0,0,0,0,0,0,0,0,0,0,0,0,0,0,0,0,0,10,32,0,0,0,0,0,0
"Zotu5519",0,0,0,0,0,0,0,0,22,0,0,0,0,0,0,0,0,0,0,0,0,0,0,0,0,0,0,1,0,1,0,0,0,0,0,0,0,0,0,0,0,0,0,0,0,0,0,0,0,0,0,0,0,0,0,0,0,0,0,0,0,0
"Zotu4696",0,0,0,0,0,0,0,0,14,2,0,0,0,37,0,0,1,0,9,0,0,0,0,0,0,0,0,0,0,0,1,0,0,0,0,0,0,0,0,0,0,0,0,0,0,0,0,0,0,0,0,0,1,0,3,0,0,0,0,0,0,0
"Zotu1177",0,0,0,0,0,0,0,0,89,0,1,0,0,0,0,1,0,1,0,0,0,0,0,0,0,0,0,0,0,0,0,0,0,177,0,1,0,0,0,0,0,0,0,0,0,0,0,0,0,0,0,0,0,0,0,0,0,0,0,0,0,0
"Zotu2343",0,0,0,0,0,0,0,0,11,1,0,0,0,1,2,0,0,0,0,0,0,0,0,0,0,0,0,0,0,0,0,1,0,0,0,2,0,1,0,0,0,0,0,0,0,0,0,1,1,1,1,1,1,0,8,5,20,1,21,1,1,0
"Zotu2851",0,0,0,0,0,0,0,0,5,0,0,0,0,0,0,0,1,0,0,0,0,0,0,0,0,0,0,0,0,0,0,0,0,24,0,1,0,0,37,1,0,0,2,0,0,0,0,0,1,0,0,1,0,0,1,0,2,0,0,0,0,0
"Zotu6175",0,0,0,0,0,0,0,0,16,0,0,0,0,0,0,0,0,0,0,0,0,0,0,0,0,0,0,0,1,1,0,0,0,0,0,0,0,0,0,0,0,0,0,0,0,0,0,0,0,0,0,0,0,0,0,0,0,0,0,0,0,0
"Zotu3835",0,0,0,0,0,0,0,0,9,0,0,0,0,0,0,0,0,0,0,0,0,0,0,0,0,0,0,0,0,0,0,1,1,1,1,1,0,0,0,1,0,0,0,0,0,0,0,0,1,0,0,1,0,0,7,27,8,0,1,3,0,0
"Zotu2971",0,0,0,0,0,0,0,0,1,0,6,0,0,0,0,0,0,0,0,1,0,0,0,0,1,0,0,0,0,12,0,0,0,1,66,2,0,7,12,0,0,0,0,1,0,0,0,0,0,1,0,0,1,0,0,0,0,0,0,0,0,1
"Zotu1625",0,0,0,0,0,0,0,0,22,0,0,0,0,0,0,0,0,0,0,0,0,0,1,0,0,0,0,0,0,0,0,0,0,0,0,0,2,0,0,1,0,0,1,1,0,2,0,0,0,0,92,0,0,0,2,1,14,0,41,23,5,0
"Zotu1577",0,0,0,0,0,0,0,0,21,0,1,0,0,1,0,0,2,0,0,0,0,0,0,0,0,0,0,0,0,0,0,0,3,3,2,4,0,0,4,2,0,0,2,0,0,0,1,2,1,1,0,3,0,0,106,29,1,1,0,0,15,2
"Zotu3858",0,0,0,0,0,0,0,0,42,0,0,1,0,0,1,0,0,1,1,0,0,0,0,0,0,3,0,0,0,0,0,0,0,0,0,0,0,0,0,0,0,0,0,0,0,0,0,0,0,0,0,0,0,0,0,0,0,0,0,0,0,0
"Zotu4879",0,0,0,0,0,0,0,0,14,0,0,0,0,0,0,0,0,0,0,0,0,0,0,0,0,0,0,1,0,0,0,0,0,0,0,0,0,0,0,0,0,0,0,0,0,0,0,0,0,0,0,0,0,0,0,0,0,0,0,0,0,0
"Zotu6126",0,0,0,0,0,0,0,0,18,0,0,0,0,1,0,0,2,0,0,0,0,0,0,0,0,0,0,0,0,0,0,0,0,0,0,0,0,0,0,0,0,0,0,0,0,0,0,1,0,0,0,0,0,0,0,0,0,0,0,22,0,0
"Zotu1864",0,0,0,0,0,0,0,0,7,0,0,0,0,0,1,0,0,0,0,0,0,0,0,0,0,0,0,0,0,0,0,0,0,0,0,0,0,0,0,2,0,1,1,3,0,1,0,1,0,0,0,0,0,55,9,7,1,1,42,38,0,1
"Zotu703",0,0,0,0,0,0,0,0,7,0,0,0,0,0,0,0,0,0,0,0,0,0,0,0,0,0,0,0,0,0,0,237,3,0,2,0,85,7,0,20,63,0,0,4,1,0,1,0,1,0,0,4,1,1,1,1,1,2,2,1,1,1
"Zotu593",0,0,0,0,0,0,0,0,119,0,1,1,1,0,1,0,0,0,31,0,0,0,0,0,0,1,0,0,0,0,0,0,0,2,3,0,0,0,1,2,1,0,0,3,0,152,0,1,1,257,86,0,0,1,1,1,81,0,0,30,38,1
"Zotu4736",0,0,0,0,0,0,0,0,9,0,0,0,0,0,0,0,0,0,0,1,0,0,0,0,1,0,0,0,0,0,0,0,0,0,0,0,0,0,0,0,0,0,0,0,1,0,0,0,0,0,33,0,0,0,8,1,1,0,0,0,0,1
"Zotu6112",0,0,0,0,0,0,0,0,21,0,0,0,0,0,0,0,0,0,0,0,0,0,0,0,0,0,0,0,0,0,0,0,0,0,0,0,0,0,0,0,0,0,0,0,0,0,0,0,0,0,0,0,0,0,0,0,0,0,0,0,0,0
"Zotu5808",0,0,0,0,0,0,0,0,6,0,0,0,0,0,0,0,0,0,0,0,0,0,0,0,0,0,0,0,0,0,0,0,0,0,0,0,0,0,0,0,0,1,0,0,0,0,0,0,0,1,0,2,0,0,0,0,0,0,0,1,0,6
"Zotu1889",0,0,0,0,0,0,0,0,8,0,0,0,0,0,2,0,2,0,0,0,7,0,0,0,0,1,0,0,0,0,0,0,0,28,0,67,15,0,0,36,0,0,1,4,0,0,0,0,0,0,0,1,0,0,2,2,1,0,0,1,0,0
"Zotu4621",0,0,0,0,0,0,0,0,11,0,0,0,0,0,5,0,4,0,8,0,0,0,0,0,0,0,0,0,0,0,0,0,0,0,0,0,0,0,0,0,0,0,0,0,0,0,0,0,0,0,1,3,0,0,9,0,0,0,0,0,0,0
"Zotu1640",0,0,0,0,0,0,0,0,27,0,0,0,0,1,0,0,0,1,0,0,0,0,0,0,0,0,0,0,0,0,0,0,1,1,0,1,0,3,0,0,0,0,0,0,0,2,0,0,1,2,0,1,0,0,0,1,95,1,0,0,1,0
"Zotu1281",0,0,0,0,0,0,0,0,38,0,0,0,0,0,0,1,1,0,0,0,0,0,3,0,0,0,0,0,0,0,0,0,0,0,1,0,1,1,1,2,0,0,0,1,0,0,0,1,1,0,0,0,0,1,0,0,0,0,63,54,32,1
"Zotu3436",0,0,0,0,0,0,0,0,16,0,0,0,0,0,6,0,7,0,0,0,0,0,0,0,0,0,0,0,0,0,0,1,0,0,3,0,0,0,0,0,0,0,2,14,0,32,0,0,0,0,15,8,0,0,1,0,1,0,1,1,1,0
"Zotu4731",0,0,0,0,0,0,0,0,7,0,13,2,0,0,1,1,0,0,2,0,0,0,0,0,0,0,0,0,0,0,0,0,0,0,0,0,0,0,1,0,0,0,0,0,0,0,0,0,0,24,0,0,0,0,0,0,0,0,0,0,0,0
"Zotu1080",0,0,0,0,0,0,0,0,3,0,1,2,0,10,0,0,0,0,0,0,0,0,1,0,0,0,79,1,0,0,0,2,0,0,1,0,0,1,0,1,0,2,0,12,0,0,54,0,0,81,0,4,0,0,0,0,0,0,0,3,0,0
"Zotu6114",0,0,0,0,0,0,0,0,13,0,0,0,0,0,0,0,0,0,0,0,1,0,2,0,0,0,0,0,1,0,0,0,0,0,0,0,0,0,0,0,0,0,0,2,0,0,0,0,0,0,0,0,0,0,0,0,0,0,0,0,0,0
"Zotu4809",0,0,0,0,0,0,0,0,15,0,0,0,0,0,0,0,5,0,0,0,0,0,0,0,0,0,0,0,0,0,0,0,0,0,0,0,0,0,0,0,0,0,0,2,0,0,0,0,0,0,0,0,0,0,0,0,0,0,0,0,15,0
"Zotu3173",0,0,0,0,0,0,0,0,6,0,0,0,0,0,1,0,0,0,0,0,0,0,0,0,0,0,0,61,2,0,0,0,0,0,0,0,0,0,0,0,0,0,0,0,0,0,0,0,0,0,0,0,0,0,0,0,0,0,0,0,0,0
"Zotu2756",0,0,0,0,0,0,0,0,7,0,0,0,0,0,1,0,0,0,0,0,1,0,0,0,0,4,0,0,0,0,0,1,0,0,0,0,0,0,0,0,1,1,98,0,0,0,0,0,0,0,0,0,0,0,0,0,1,0,1,0,1,0
"Zotu3165",0,0,0,0,0,0,0,0,8,0,0,0,0,0,0,0,0,0,0,0,0,0,0,0,0,0,0,0,0,0,0,0,1,0,0,1,0,0,0,0,2,0,3,0,0,0,1,0,66,1,0,0,1,0,6,8,1,0,0,0,1,0
"Zotu6349",0,0,0,0,0,0,0,0,14,0,0,0,0,0,0,0,0,0,0,0,0,0,0,0,0,0,0,0,0,0,0,0,0,0,0,0,0,0,0,0,0,0,0,0,0,0,0,0,0,0,0,0,0,0,0,0,0,0,0,0,0,0
"Zotu6370",0,0,0,0,0,0,0,0,9,0,0,0,0,0,0,0,0,0,0,0,0,0,0,0,0,0,0,0,0,0,0,0,0,0,0,0,0,0,0,0,0,0,0,0,0,0,0,0,0,0,0,0,0,0,0,0,0,0,0,0,0,0
"Zotu6142",0,0,0,0,0,0,0,0,12,0,0,0,0,0,1,0,1,0,1,0,0,0,0,0,0,0,0,0,1,0,0,0,0,0,0,0,0,0,0,0,0,0,0,0,0,0,0,0,0,0,0,0,0,0,0,0,0,0,0,0,0,0
"Zotu892",0,0,0,0,0,0,0,0,9,0,0,0,0,1,1,1,1,0,19,1,2,0,2,0,0,0,0,63,0,0,1,1,1,2,0,2,46,33,1,0,1,58,2,0,1,3,0,7,1,1,0,0,1,2,2,1,56,0,0,0,1,0
"Zotu6270",0,0,0,0,0,0,0,0,13,0,1,0,0,0,3,24,0,0,14,0,0,1,0,0,0,0,0,0,0,2,0,0,0,0,0,0,0,0,0,0,0,0,0,0,0,0,0,0,0,0,0,0,0,0,1,6,0,0,0,1,0,0
"Zotu2355",0,0,0,0,0,0,0,0,16,0,1,0,0,0,0,0,1,64,0,0,0,0,0,0,0,0,1,2,0,0,0,0,0,0,0,0,0,0,0,0,0,0,0,0,0,0,0,0,0,0,0,0,0,0,0,0,0,0,0,0,0,0
"Zotu3943",0,0,0,0,0,0,0,0,6,1,0,0,0,2,0,0,0,0,0,0,0,0,0,0,0,0,0,0,0,0,1,0,1,0,1,1,0,1,0,0,1,0,0,0,1,41,0,0,0,0,0,0,0,0,2,0,0,1,0,0,0,1
"Zotu1610",0,0,0,0,0,0,0,0,11,8,0,0,0,0,0,0,1,0,0,0,0,0,0,0,0,1,0,0,0,0,0,0,1,0,0,0,1,0,1,1,0,0,0,0,0,0,0,2,74,4,1,0,0,0,1,1,0,0,0,68,0,1
"Zotu5054",0,0,0,0,0,0,0,0,16,0,0,0,0,0,0,0,0,0,0,0,0,0,0,0,0,0,0,0,0,0,0,0,0,11,0,0,0,0,0,0,0,0,0,0,0,0,0,0,0,0,0,0,0,0,0,0,0,0,0,0,0,0
"Zotu4855",0,0,0,0,0,0,0,0,1,0,0,0,0,0,1,0,0,0,0,0,0,0,0,0,0,0,0,0,0,0,0,1,1,1,0,0,0,0,1,1,0,0,0,1,2,0,0,0,0,0,0,0,1,1,0,0,0,0,23,17,6,3
"Zotu756",0,0,0,0,0,0,0,0,25,0,0,0,0,0,0,0,0,0,0,0,0,0,0,0,0,0,0,0,0,1,0,1,0,2,2,0,3,1,1,0,1,1,1,1,1,0,1,4,1,0,0,0,1,0,4,4,47,75,17,152,26,1
"Zotu4519",0,0,0,0,0,0,0,0,1,0,0,0,0,0,0,0,0,0,0,17,0,0,0,0,0,0,0,0,0,0,0,0,0,0,0,0,0,0,0,0,0,0,0,0,0,0,0,0,13,0,0,0,0,0,0,0,0,0,0,0,0,0
"Zotu4088",0,0,0,0,0,0,0,0,1,0,0,44,0,0,0,0,0,3,0,0,0,0,0,0,0,0,0,0,1,0,0,0,0,0,0,0,0,0,0,0,0,0,0,0,0,0,0,0,0,0,0,0,0,0,0,0,0,0,0,0,0,0
"Zotu4886",0,0,0,0,0,0,0,0,31,0,0,0,0,0,0,0,0,0,0,0,0,0,0,0,0,0,0,0,0,0,0,0,0,0,0,0,0,0,0,0,0,0,0,0,0,0,0,0,0,0,0,0,0,0,0,0,0,0,0,0,0,0
"Zotu5931",0,0,0,0,0,0,0,0,29,0,0,0,0,0,4,0,1,0,1,0,0,0,0,0,0,0,0,1,0,0,0,0,0,0,0,0,0,0,0,0,0,0,0,0,0,0,0,0,0,0,0,0,0,0,0,0,0,0,0,13,0,0
"Zotu6363",0,0,0,0,0,0,0,0,5,1,16,0,0,0,0,1,0,0,0,0,0,0,0,0,0,0,0,0,0,0,0,0,0,0,0,0,0,0,0,0,0,0,0,0,0,0,0,0,0,0,0,0,0,0,0,0,0,0,0,0,0,0
"Zotu4239",0,0,0,0,0,0,0,0,14,0,0,0,0,0,0,0,0,0,24,0,0,0,0,0,0,1,0,0,0,0,0,0,0,0,0,0,0,0,0,0,0,0,0,0,0,0,0,0,0,0,0,0,0,0,0,0,0,0,0,0,0,0
"Zotu1806",0,0,0,0,0,0,0,0,4,11,0,0,0,0,0,0,0,1,0,0,0,0,0,0,0,0,0,0,0,0,0,1,2,0,1,0,0,0,1,0,2,1,0,0,1,0,144,1,0,13,1,0,1,0,0,0,0,1,0,1,0,0
"Zotu2992",0,0,0,0,0,0,0,0,1,0,0,0,0,0,0,0,0,0,0,0,0,0,0,0,0,0,0,0,0,0,0,0,0,0,0,0,0,52,0,1,0,0,0,1,1,1,1,2,0,1,0,11,0,0,0,2,0,0,0,0,0,0
"Zotu2345",0,0,0,0,0,0,0,0,5,0,0,0,0,1,0,0,0,0,0,0,0,0,0,0,0,0,0,0,0,0,0,1,0,1,1,0,1,1,0,0,0,0,0,0,1,1,64,35,0,0,0,0,0,0,1,0,0,0,0,2,1,0
"Zotu3486",0,0,0,0,0,0,0,0,12,0,42,0,0,0,0,0,0,0,0,0,0,0,0,0,0,0,0,0,0,0,0,0,0,0,0,0,0,0,0,0,0,0,0,0,0,0,0,0,0,0,0,0,0,0,0,0,0,0,0,0,0,0
"Zotu3755",0,0,0,0,0,0,0,0,18,0,0,0,0,0,5,0,0,2,0,0,0,1,0,0,0,1,0,0,0,0,0,0,0,0,0,0,0,0,0,0,0,0,0,0,0,0,2,0,0,0,0,0,0,0,7,13,0,0,0,0,1,0
"Zotu4816",0,0,0,0,0,0,0,0,15,0,0,0,0,0,0,0,3,0,0,0,1,0,0,1,0,0,0,0,1,0,0,0,0,0,1,0,0,0,0,0,0,0,0,2,0,0,0,0,0,1,0,2,0,0,0,0,0,0,0,0,0,0
"Zotu5811",0,0,0,0,0,0,0,0,3,0,0,0,0,0,0,0,0,0,0,0,0,0,0,0,0,0,0,0,0,0,0,0,0,0,1,2,2,0,1,1,0,1,1,0,0,0,0,0,0,3,0,3,1,10,0,1,0,0,0,3,99,2
"Zotu6044",0,0,0,0,0,0,0,0,17,8,0,0,0,0,1,0,1,1,0,0,0,0,0,1,0,0,0,0,0,0,0,0,2,0,0,0,0,0,0,0,0,0,0,0,0,0,0,0,0,0,0,0,0,0,0,0,0,0,0,6,7,0
"Zotu3222",0,0,0,0,0,0,0,0,8,0,0,0,0,0,0,0,0,0,0,0,0,0,0,0,1,0,0,0,0,0,0,0,0,0,2,0,0,1,0,0,0,1,0,0,0,0,0,45,0,1,6,0,0,0,0,0,0,0,0,0,0,0
"Zotu1411",0,0,0,0,0,0,0,0,13,0,0,0,0,0,0,0,0,0,0,0,0,0,0,0,0,0,0,0,0,0,0,138,0,0,1,0,1,1,0,0,0,0,0,1,0,1,0,0,0,0,0,0,2,0,0,2,0,1,0,0,1,0
"Zotu4188",0,0,0,0,0,0,0,0,7,0,0,0,0,0,0,0,0,0,0,0,0,0,0,0,0,0,0,0,0,0,0,0,0,0,1,0,0,0,0,0,0,0,0,0,0,0,0,0,0,0,0,1,25,0,1,0,0,0,0,0,1,18
"Zotu4143",0,0,0,0,0,0,0,0,8,0,0,0,0,0,0,0,0,0,9,0,0,0,0,0,1,0,0,0,0,0,0,0,0,0,0,0,0,0,0,0,0,0,0,0,0,0,0,0,0,1,0,4,10,0,0,1,1,0,0,4,0,3
"Zotu5365",0,0,0,0,0,0,0,0,7,0,0,0,0,5,0,0,1,0,0,0,0,0,0,0,0,0,1,0,0,0,0,0,0,0,0,0,0,0,0,0,0,0,0,0,0,0,0,0,0,0,0,4,0,3,0,0,0,0,0,0,0,0
"Zotu5341",0,0,0,0,0,0,0,0,2,0,0,0,0,0,1,0,13,1,0,0,0,0,0,1,0,12,0,0,0,0,0,0,0,0,0,0,1,0,0,0,0,0,0,44,0,0,0,2,0,0,0,0,0,1,0,6,0,0,1,1,2,0
"Zotu1494",0,0,0,0,0,0,0,0,7,0,0,0,0,0,2,0,0,0,0,0,0,0,0,0,0,0,0,0,1,0,0,176,0,2,0,0,1,1,0,0,0,0,0,0,1,0,1,0,2,1,1,4,0,0,0,1,1,0,0,0,0,0
"Zotu2656",0,0,0,0,0,0,0,0,7,0,2,3,0,9,14,2,0,1,0,0,0,0,2,0,0,0,0,0,0,1,1,1,1,0,0,0,0,0,0,0,1,0,0,0,0,1,0,0,0,0,0,27,0,0,0,0,0,1,0,0,0,0
"Zotu5544",0,0,0,0,0,0,0,0,2,0,15,0,0,0,4,0,1,0,0,0,0,0,1,0,1,0,0,0,0,0,0,0,0,0,0,0,0,0,0,0,0,0,0,0,0,0,0,0,0,0,0,0,0,0,2,1,0,0,0,0,0,0
"Zotu3172",0,0,0,0,0,0,0,0,6,0,1,0,0,0,1,0,0,0,7,0,0,0,0,0,0,0,0,0,0,0,0,0,0,0,0,0,37,24,0,0,0,0,0,0,0,0,0,0,0,0,0,0,0,1,0,0,0,0,0,3,0,0
"Zotu1436",0,0,0,0,0,0,0,0,5,0,0,0,0,0,0,0,0,0,0,0,0,0,0,0,0,0,0,0,0,0,0,0,0,0,0,1,109,69,0,0,0,1,2,1,1,1,1,1,1,1,1,0,1,1,0,0,0,2,1,0,0,0
"Zotu970",0,0,0,0,0,0,0,0,19,0,0,0,1,0,0,0,0,0,0,0,0,0,0,0,0,0,0,0,0,0,0,2,0,0,0,1,0,2,0,0,0,0,0,0,0,0,0,2,1,0,1,5,1,2,0,28,75,151,2,0,0,0
"Zotu2895",0,0,0,0,0,0,0,0,1,0,0,1,0,0,0,0,0,0,0,0,11,0,0,0,0,0,0,0,0,1,0,0,1,0,1,0,0,1,0,0,0,0,1,0,2,0,1,0,1,0,18,25,28,0,0,0,0,0,0,0,0,5
"Zotu4772",0,0,0,0,0,0,0,0,20,0,0,0,0,0,0,0,0,0,0,0,0,0,0,0,0,0,0,0,0,0,0,0,0,31,0,0,0,0,0,0,0,0,0,0,0,0,0,0,0,0,0,0,0,0,0,0,0,0,0,0,0,0
"Zotu5685",0,0,0,0,0,0,0,0,6,0,0,0,0,12,0,0,0,0,4,0,0,0,0,0,1,0,1,1,0,1,0,0,0,0,0,0,0,0,0,0,0,0,0,0,0,0,0,0,0,0,0,0,0,0,0,0,0,0,0,0,0,0
"Zotu2591",0,0,0,0,0,0,0,0,8,0,0,0,0,0,0,0,0,0,0,0,0,0,0,0,0,0,0,0,0,0,0,0,0,1,1,0,2,16,0,1,0,0,0,2,0,0,0,1,0,0,4,0,2,0,38,24,19,0,0,0,0,0
"Zotu4190",0,0,0,0,0,0,0,0,1,0,0,0,1,0,0,1,3,0,0,0,1,0,0,3,0,0,0,0,18,0,1,0,0,0,1,0,0,0,10,0,0,0,0,1,0,0,0,0,0,2,1,9,0,0,0,0,0,1,0,0,0,0
"Zotu2574",0,0,0,0,0,0,0,0,1,0,0,0,0,0,0,0,0,0,12,0,0,0,0,0,0,0,0,0,0,0,0,1,0,1,0,0,0,1,0,1,0,0,0,1,0,0,1,0,0,0,2,0,0,0,0,0,0,0,0,8,53,4
"Zotu5336",0,0,0,0,0,0,0,0,3,0,16,0,0,0,0,0,1,1,0,0,0,0,2,0,0,0,0,0,0,0,0,0,0,0,0,0,0,0,0,0,0,0,0,0,0,0,1,0,0,1,0,0,1,0,0,9,0,0,0,0,2,0
"Zotu1346",0,0,0,0,0,0,0,0,9,0,6,0,0,0,9,0,0,0,0,0,0,0,0,0,0,0,0,0,0,0,0,1,0,0,0,0,2,0,0,1,1,0,0,1,0,0,2,1,1,98,0,1,0,1,14,67,10,3,1,1,1,0
"Zotu6229",0,0,0,0,0,0,0,0,2,0,0,0,0,14,1,0,7,0,0,0,0,0,0,0,0,0,0,2,1,0,0,0,0,0,0,0,0,0,0,0,0,0,0,0,0,0,0,0,0,0,0,0,0,0,0,0,0,0,0,0,0,0
"Zotu3167",0,0,0,0,0,0,0,0,3,0,0,0,0,0,0,0,0,0,0,0,0,0,0,0,0,0,0,0,0,0,0,0,1,0,1,0,0,0,0,0,0,0,0,1,0,0,0,0,0,0,0,0,0,0,3,28,28,0,0,0,1,0
"Zotu5478",0,0,0,0,0,0,0,0,8,0,0,0,0,0,0,1,0,0,0,0,0,0,0,0,0,0,0,0,0,0,0,0,0,0,0,0,0,0,0,0,0,24,0,1,0,0,0,0,0,0,0,0,0,0,0,1,0,1,0,1,0,0
"Zotu2373",0,0,0,0,0,0,0,0,7,0,0,0,0,0,0,0,0,1,0,0,0,1,0,0,0,0,0,0,0,0,0,0,1,0,0,2,1,1,4,0,0,1,0,1,1,92,0,0,1,0,0,0,1,0,0,0,0,1,1,0,2,0
"Zotu4860",0,0,0,0,0,0,0,0,2,0,0,0,0,0,0,0,0,0,0,0,0,0,0,0,0,0,0,0,0,0,0,0,0,2,0,0,0,0,0,0,1,1,0,0,0,1,0,0,0,0,0,0,0,0,3,0,4,23,0,0,0,0
"Zotu2020",0,0,0,0,0,0,0,0,1,0,0,0,0,0,0,0,3,0,0,0,0,0,0,0,0,0,0,0,0,0,0,0,0,1,0,0,0,0,0,0,0,1,0,0,0,0,112,0,0,1,0,0,0,0,0,0,0,0,0,1,1,1
"Zotu4617",0,0,0,0,0,0,0,0,1,0,0,0,0,0,1,0,3,2,0,0,43,0,0,0,1,0,0,0,0,0,0,0,0,0,0,0,0,0,0,0,0,0,0,0,0,0,0,0,0,0,0,1,0,0,0,0,0,0,1,0,0,0
"Zotu1385",0,0,0,0,0,0,0,0,1,0,0,0,0,0,0,0,0,0,0,0,0,0,0,0,0,0,0,0,0,0,0,2,1,1,2,0,0,0,0,2,1,0,2,0,115,0,0,0,0,1,0,0,1,0,1,0,0,1,0,1,29,13
"Zotu3637",0,0,0,0,0,0,0,0,1,7,0,0,0,0,0,1,0,0,0,0,0,0,0,0,0,0,0,0,0,0,0,0,0,1,0,0,0,0,0,0,0,0,0,1,0,1,0,0,0,92,1,0,0,0,0,0,0,1,0,0,0,0
"Zotu4558",0,0,0,0,0,0,0,0,1,0,0,0,0,0,0,0,2,0,0,0,0,0,0,0,0,0,0,0,0,0,0,0,0,1,0,0,0,28,0,0,0,1,0,1,0,0,0,0,0,0,0,0,0,1,0,0,0,0,0,0,0,0
"Zotu4037",0,0,0,0,0,0,0,0,1,0,0,1,0,0,0,1,1,0,0,0,28,0,0,0,0,0,2,0,4,0,0,0,0,0,0,0,0,0,0,0,0,0,0,1,0,0,0,14,0,0,1,0,0,0,0,0,0,0,0,0,0,1
"Zotu870",0,0,0,0,0,0,0,0,5,0,0,0,0,0,1,0,1,0,0,0,0,0,0,0,0,0,0,0,0,0,0,2,1,3,4,1,3,2,2,0,0,7,4,0,2,1,3,5,1,1,2,1,0,2,29,23,222,5,1,12,18,0
"Zotu3188",0,0,0,0,0,0,0,0,3,0,0,0,0,0,0,0,0,0,0,0,0,0,0,0,0,0,1,0,0,0,0,0,0,0,0,0,0,0,0,0,1,0,0,1,0,0,0,0,0,0,0,2,0,0,0,0,1,71,0,0,0,0
"Zotu556",0,0,0,0,0,0,0,0,1,0,0,0,0,0,1,0,0,0,0,0,0,0,0,0,0,0,0,0,0,0,0,7,4,0,0,3,1,5,0,3,1,2,1,2,3,5,20,2,0,2,2,0,3,2,1,3,68,186,68,89,26,2
"Zotu1445",0,0,0,0,0,0,0,0,1,0,1,0,0,0,0,0,0,30,0,0,0,0,0,0,0,0,0,0,0,0,69,0,0,0,2,111,1,0,34,0,0,0,0,29,1,0,0,1,0,0,2,0,0,0,0,0,0,0,0,0,0,0
"Zotu3722",0,0,0,0,0,0,0,0,3,0,0,0,0,0,0,0,0,0,0,0,0,0,0,0,0,0,0,0,0,0,0,0,0,1,1,0,0,1,1,0,1,0,0,0,1,0,1,0,0,1,0,1,0,1,0,0,1,0,23,9,11,0
"Zotu5786",0,0,0,0,0,0,0,0,1,1,0,0,0,0,0,0,1,0,21,0,0,0,0,0,0,0,0,0,0,0,0,0,0,0,0,0,1,0,0,0,0,0,0,0,0,0,0,0,0,0,0,0,0,0,0,2,0,0,0,1,1,0
"Zotu2931",0,0,0,0,0,0,0,0,1,0,1,0,0,0,2,0,2,2,0,0,0,0,0,0,0,1,0,0,0,26,0,0,0,0,0,0,0,0,1,0,1,1,53,0,0,0,0,0,0,0,1,7,0,0,0,0,0,0,0,0,0,0
"Zotu1478",0,0,0,0,0,0,0,0,1,0,0,0,1,0,1,1,0,0,0,0,0,0,0,0,0,0,0,0,0,0,0,0,0,0,2,192,0,0,0,0,0,1,0,0,1,0,3,1,0,1,1,0,0,0,0,0,1,0,0,0,0,0
"Zotu4510",0,0,0,0,0,0,0,0,1,0,1,0,0,0,0,0,2,0,0,0,1,0,0,0,0,1,0,39,0,0,0,0,0,0,0,0,0,0,0,0,0,0,0,0,0,0,0,0,0,0,0,0,0,0,0,0,0,0,0,0,0,0
"Zotu3247",0,0,0,0,0,0,0,0,1,0,0,0,0,0,0,0,0,0,0,0,0,0,0,0,0,0,0,0,0,0,0,1,0,0,0,0,1,0,1,2,0,0,1,3,0,0,51,0,0,0,0,0,0,0,0,0,0,0,0,0,0,0
"Zotu2482",0,0,0,0,0,0,0,0,3,0,0,0,0,6,2,0,0,0,0,0,0,0,0,0,0,0,0,0,0,1,0,0,0,0,0,0,16,8,5,1,0,23,0,0,1,14,0,0,2,0,0,0,0,0,3,17,22,1,0,0,0,0
"Zotu2490",0,0,0,0,0,0,0,0,1,1,0,1,1,0,6,0,0,0,0,0,4,0,0,0,0,0,0,0,0,26,0,1,1,0,0,1,1,0,0,0,2,0,1,0,0,1,0,0,0,1,0,61,0,0,0,0,0,0,0,0,0,2
"Zotu1089",0,0,0,0,0,0,0,0,1,1,0,0,0,0,0,0,1,0,26,0,0,0,0,0,0,0,0,0,0,0,0,0,0,0,0,3,0,0,0,0,0,0,0,2,0,0,0,53,0,0,0,1,3,0,3,0,146,0,0,2,19,1
"Zotu6026",0,0,0,0,0,0,0,0,1,0,0,11,0,0,0,0,0,0,0,0,0,0,0,0,0,1,2,0,0,0,0,0,0,0,0,0,0,0,0,0,0,0,0,0,0,0,0,0,0,0,0,0,0,0,0,0,0,0,0,0,0,0
"Zotu3316",0,0,0,0,0,0,0,0,1,0,0,0,0,0,0,0,1,0,0,0,0,0,0,0,0,0,0,0,0,0,0,0,1,1,0,1,2,1,1,0,0,0,1,2,0,0,0,0,1,1,0,2,15,0,0,0,1,0,14,0,24,19
"Zotu4140",0,0,0,0,0,0,0,0,2,0,8,0,0,0,13,0,0,0,0,0,0,0,0,0,0,0,0,0,0,0,0,0,0,0,0,0,0,0,0,0,0,0,0,0,0,0,0,0,0,0,0,0,13,0,0,0,0,0,0,0,0,0
"Zotu2630",0,0,0,0,0,0,0,0,1,0,0,0,1,1,0,1,31,0,1,0,0,0,0,0,2,1,0,0,0,0,0,0,0,0,0,0,0,0,0,1,0,1,0,46,0,0,0,0,0,0,0,1,0,0,0,0,0,0,0,0,0,0
"Zotu4072",0,0,0,0,0,0,0,0,1,0,0,1,0,0,3,1,4,0,0,0,0,0,0,0,0,0,0,0,0,0,0,2,0,0,0,0,1,1,0,0,0,0,0,15,0,0,0,0,0,0,0,0,0,0,0,0,0,0,0,0,0,0
"Zotu6178",0,0,0,0,0,0,0,0,1,0,0,0,0,0,0,0,10,0,0,1,0,0,0,0,0,0,0,0,0,0,0,0,0,0,0,0,0,0,0,0,0,0,0,0,0,0,0,0,0,0,0,0,0,0,0,0,0,0,0,0,0,0
"Zotu1506",0,0,0,0,0,0,0,0,1,0,0,0,0,0,0,0,0,0,0,0,4,0,0,0,0,0,0,0,0,2,0,0,1,0,1,1,3,0,1,28,2,21,89,0,2,2,0,0,0,0,0,8,1,0,0,1,1,1,1,2,0,22
"Zotu5058",0,0,0,0,0,0,0,0,1,0,1,1,0,0,11,0,0,0,0,0,14,0,0,0,0,0,0,0,0,0,0,0,0,0,0,0,0,0,0,0,0,0,0,14,0,0,0,0,0,0,0,2,0,0,0,0,0,0,0,0,0,0
"Zotu589",0,0,0,0,0,0,0,0,1,0,0,1,0,0,1,0,0,0,0,0,0,0,0,0,0,0,0,0,9,19,37,0,0,42,44,90,39,3,11,52,0,69,1,2,2,1,2,1,4,3,29,1,3,1,1,12,47,3,1,20,8,1
"Zotu4638",0,0,0,0,0,0,0,0,1,1,0,0,0,0,2,0,1,0,0,0,0,0,0,0,0,0,0,0,18,0,0,0,0,0,0,0,0,0,0,0,0,0,0,0,0,0,0,0,0,0,0,0,0,0,0,0,0,0,0,0,0,0
"Zotu6121",0,0,0,0,0,0,0,0,1,0,0,0,0,0,0,0,0,0,0,0,0,0,0,0,0,0,0,0,0,0,0,0,0,0,0,0,0,20,0,0,0,0,0,0,0,0,1,0,0,0,0,0,0,7,0,0,0,0,6,1,6,0
"Zotu4858",0,0,0,0,0,0,0,0,1,0,0,0,0,0,0,0,0,0,0,0,0,0,0,0,0,0,0,0,0,0,0,1,1,0,1,0,0,0,1,1,1,0,0,1,1,0,0,0,0,0,0,0,0,1,30,7,0,0,0,0,0,0
"Zotu4564",0,0,0,0,0,0,0,0,1,0,1,20,0,1,0,0,5,0,0,0,0,1,0,0,0,1,1,0,0,0,0,0,0,0,1,0,0,0,0,1,0,0,0,2,0,0,0,1,0,0,0,0,0,0,0,0,1,0,0,0,0,0
"Zotu1972",0,0,0,0,0,0,0,0,1,0,0,0,0,0,2,0,0,0,0,0,0,0,0,0,0,0,0,0,0,0,0,0,0,0,1,1,1,0,2,0,1,0,1,1,0,0,0,0,1,0,0,0,0,0,0,3,0,0,0,24,174,0
"Zotu3839",0,0,0,0,0,0,0,0,1,0,1,0,1,0,0,0,0,0,0,1,0,0,1,0,0,0,0,0,0,0,31,0,0,0,0,0,0,0,0,0,0,0,0,0,0,0,0,0,0,0,0,0,0,0,0,0,0,0,0,0,0,0
"Zotu2108",0,0,0,0,0,0,0,0,1,0,0,0,0,0,0,0,0,0,0,0,0,0,0,0,0,0,0,1,0,0,0,0,0,1,1,0,0,0,2,1,0,0,0,1,0,0,0,1,2,0,0,7,0,0,154,1,0,0,0,0,0,0
"Zotu1636",0,0,0,0,0,0,0,0,1,0,0,0,0,0,0,0,0,0,0,0,0,0,0,0,0,0,0,0,0,0,0,1,0,1,0,1,0,0,0,0,0,0,0,1,0,1,0,0,1,0,2,6,4,18,1,2,0,0,0,0,116,86
"Zotu5217",0,0,0,0,0,0,0,0,1,0,0,0,0,1,0,1,0,0,0,0,0,0,0,0,0,0,0,0,0,0,0,0,0,39,0,0,0,1,0,0,0,0,0,0,0,0,1,0,0,0,0,0,0,0,1,0,1,0,0,0,0,1
"Zotu6236",0,0,0,0,0,0,0,0,0,12,0,0,1,0,0,0,0,1,0,0,0,0,0,0,0,0,0,0,0,0,0,0,0,0,0,0,0,0,0,0,0,0,0,0,0,0,0,0,0,0,0,1,0,0,0,0,0,0,0,0,0,0
"Zotu4422",0,0,0,0,0,0,0,0,0,27,0,0,0,0,0,0,0,1,1,0,0,0,0,0,0,0,0,0,0,0,0,0,0,0,0,0,0,0,0,0,0,0,0,0,0,0,0,0,0,0,0,0,0,0,0,0,0,0,0,0,0,0
"Zotu2082",0,0,0,0,0,0,0,0,0,11,0,0,0,0,3,0,0,0,0,0,0,0,0,0,0,0,0,0,0,0,0,1,0,0,0,0,0,0,0,0,0,0,0,0,0,0,0,0,0,0,0,0,1,0,79,7,12,0,0,0,0,0
"Zotu3608",0,0,0,0,0,0,0,0,0,6,0,0,0,0,0,0,1,0,0,0,0,0,0,0,0,0,3,0,0,0,0,0,0,0,0,1,0,0,0,0,0,0,0,0,0,0,0,0,0,0,2,0,0,0,0,17,0,0,28,0,1,0
"Zotu4122",0,0,0,0,0,0,0,0,0,10,0,0,0,0,6,0,0,0,0,0,0,0,0,0,0,0,0,0,0,0,0,0,2,0,0,0,0,0,0,0,1,0,0,0,0,0,0,0,0,0,0,0,0,0,0,16,11,0,0,0,1,0
"Zotu2342",0,0,0,0,0,0,0,0,0,22,0,0,0,0,0,0,1,0,0,0,0,0,1,0,1,2,0,0,0,0,0,0,0,0,0,0,1,0,2,0,0,1,0,1,0,1,2,0,1,0,0,3,0,0,1,1,0,0,0,11,51,1
"Zotu3428",0,0,0,0,0,0,0,0,0,2,0,69,0,1,0,0,0,0,0,1,0,0,0,0,0,1,0,0,1,0,0,0,0,0,0,0,0,0,0,0,0,0,0,0,0,0,0,0,0,0,0,0,0,0,0,0,0,0,0,0,0,0
"Zotu5148",0,0,0,0,0,0,0,0,0,1,0,0,0,0,10,0,4,0,0,0,0,0,0,0,0,0,0,0,0,0,1,0,0,0,0,0,0,1,1,0,1,0,0,0,0,0,0,0,0,0,0,7,0,1,0,0,0,0,0,0,0,0
"Zotu4546",0,0,0,0,0,0,0,0,0,4,1,0,0,0,0,0,0,0,4,0,0,0,0,0,1,0,0,0,0,0,0,0,0,0,0,0,1,0,0,0,0,0,2,0,1,0,0,0,1,0,0,0,0,0,2,17,9,0,0,3,0,0
"Zotu2914",0,0,0,0,0,0,0,0,0,1,0,0,0,0,1,0,0,0,0,0,0,0,0,0,0,0,0,0,0,0,0,0,1,1,1,1,0,0,0,0,1,0,0,1,1,1,0,0,60,0,0,0,0,0,0,0,1,0,0,0,0,10
"Zotu6227",0,0,0,0,0,0,0,0,0,7,0,0,0,0,0,0,0,0,0,0,0,0,0,0,0,0,0,0,0,0,0,0,0,0,0,0,0,0,0,0,0,0,0,0,0,0,0,0,0,0,0,0,7,0,0,0,0,0,0,0,0,0
"Zotu1931",0,0,0,0,0,0,0,0,0,3,0,0,0,0,0,0,0,0,0,0,0,0,0,0,0,0,0,0,0,0,0,0,0,0,0,0,0,1,0,22,0,1,0,0,0,0,0,1,93,1,1,0,0,0,5,0,1,2,0,1,0,0
"Zotu3869",0,0,0,0,0,0,0,0,0,1,69,0,0,2,0,0,0,0,0,0,0,0,0,0,0,0,0,0,0,0,0,0,0,0,0,0,0,0,0,0,0,0,0,0,0,0,0,0,0,0,0,0,0,0,0,0,0,0,0,0,0,0
"Zotu4988",0,0,0,0,0,0,0,0,0,1,0,1,0,0,0,0,0,0,0,0,0,24,0,0,0,0,0,14,0,0,0,0,0,0,0,0,0,0,0,0,0,0,0,0,0,0,0,0,0,0,0,0,0,0,0,0,0,0,0,0,0,0
"Zotu2637",0,0,0,0,0,0,0,0,0,3,0,0,0,0,0,0,0,0,0,0,0,0,0,0,0,0,0,0,0,0,0,0,1,0,0,0,0,0,0,0,0,0,92,1,0,0,0,0,0,0,1,0,0,0,1,0,0,0,0,0,0,0
"Zotu5826",0,0,0,0,0,0,0,0,0,1,0,0,2,0,0,1,4,0,0,0,0,0,0,0,0,1,0,1,11,0,0,0,0,0,0,0,0,0,0,0,0,0,0,1,0,0,0,0,0,0,0,17,0,0,0,0,0,0,1,0,0,0
"Zotu5666",0,0,0,0,0,0,0,0,0,2,5,0,0,0,1,0,0,0,1,0,1,0,0,0,2,0,0,0,1,0,0,0,0,2,0,0,0,3,1,0,0,0,3,0,0,0,2,0,0,2,1,0,0,0,1,2,0,1,7,4,0,0
"Zotu6352",0,0,0,0,0,0,0,0,0,3,0,0,0,0,0,0,0,0,0,0,0,0,0,0,0,0,0,0,0,0,0,0,0,0,0,16,0,0,0,0,0,0,0,0,0,0,0,0,0,0,0,0,0,0,0,0,0,0,0,0,0,0
"Zotu2003",0,0,0,0,0,0,0,0,0,7,0,0,0,0,0,0,0,0,0,0,0,0,0,0,0,0,0,0,0,0,0,1,1,1,2,0,1,0,0,1,1,0,0,0,2,2,0,0,0,0,0,1,2,0,19,25,42,1,11,3,1,3
"Zotu2792",0,0,0,0,0,0,0,0,0,2,0,0,0,1,0,0,0,1,0,0,0,0,0,0,0,0,0,0,0,0,0,0,0,0,0,1,2,1,1,0,0,1,0,1,1,78,0,0,0,0,0,2,0,0,3,2,5,1,0,2,0,0
"Zotu5648",0,0,0,0,0,0,0,0,0,1,1,31,0,0,0,0,0,0,0,0,0,0,0,0,0,0,0,0,0,0,0,0,0,0,0,0,0,0,0,0,0,0,0,0,0,0,0,0,0,0,0,0,0,0,0,0,0,0,0,0,0,0
"Zotu5800",0,0,0,0,0,0,0,0,0,1,0,0,0,0,0,0,1,0,20,0,0,1,1,0,0,0,0,0,0,0,1,0,0,0,0,0,0,0,0,0,0,0,0,0,0,0,0,0,0,0,0,0,0,0,0,0,0,0,0,0,0,0
"Zotu5101",0,0,0,0,0,0,0,0,0,1,0,1,0,0,0,0,1,0,0,0,0,0,0,0,0,0,0,0,25,1,1,0,0,0,0,0,0,0,0,0,0,0,0,0,0,0,0,0,0,0,0,0,0,0,0,0,0,0,0,0,0,0
"Zotu2246",0,0,0,0,0,0,0,0,0,1,0,0,2,1,0,0,0,0,0,0,0,0,0,0,0,12,0,0,0,8,0,0,0,0,0,1,0,7,0,0,46,24,1,0,0,0,1,1,0,0,0,2,0,0,0,0,1,1,0,0,0,0
"Zotu966",0,0,0,0,0,0,0,0,0,2,0,0,0,0,0,0,0,0,0,0,0,0,0,0,0,0,0,0,0,0,0,3,1,0,1,5,2,0,2,3,3,1,4,3,2,3,2,1,1,3,4,1,2,1,1,7,108,88,43,86,19,1
"Zotu6384",0,0,0,0,0,0,0,0,0,1,0,0,0,0,0,19,0,0,0,0,0,0,0,0,0,1,1,0,0,0,0,0,0,0,0,0,0,0,0,0,0,0,0,0,0,0,0,0,0,0,0,0,0,0,0,0,0,0,0,0,0,0
"Zotu4553",0,0,0,0,0,0,0,0,0,1,0,0,0,0,0,0,9,0,0,0,0,0,0,0,0,0,0,0,0,0,0,0,0,0,0,0,0,0,0,0,0,1,0,0,0,0,0,0,0,0,0,0,0,0,0,0,0,0,0,0,0,24
"Zotu6149",0,0,0,0,0,0,0,0,0,2,0,0,0,0,4,1,7,0,0,0,0,0,0,0,0,0,0,0,0,0,0,0,0,0,0,0,0,0,0,0,0,0,0,0,0,0,0,0,0,0,0,0,0,0,0,0,0,0,0,0,0,0
"Zotu6337",0,0,0,0,0,0,0,0,0,1,0,0,0,1,0,0,0,0,1,0,23,0,0,0,0,0,0,0,0,0,0,0,0,0,0,0,0,0,0,0,0,0,0,0,0,0,0,0,0,0,0,3,0,0,0,0,0,0,0,0,0,0
"Zotu3991",0,0,0,0,0,0,0,0,0,1,0,0,0,0,0,0,4,0,0,0,0,0,0,0,0,0,0,0,0,0,0,0,0,0,1,0,0,0,0,0,0,0,0,0,0,0,0,33,0,0,0,0,0,0,1,0,1,0,0,6,0,0
"Zotu2619",0,0,0,0,0,0,0,0,0,1,0,0,0,0,0,0,1,0,0,0,0,0,0,0,0,0,0,0,0,0,0,1,2,1,1,2,0,1,1,1,1,1,0,0,5,0,1,0,1,0,16,6,8,16,0,1,0,2,0,3,0,44
"Zotu5824",0,0,0,0,0,0,0,0,0,1,0,0,1,0,0,12,0,0,0,0,0,0,0,0,0,0,0,0,1,0,0,0,0,0,0,0,0,0,0,0,0,0,0,0,0,0,0,0,0,0,0,0,0,0,0,0,0,0,0,0,0,0
"Zotu5546",0,0,0,0,0,0,0,0,0,1,0,0,0,0,0,2,0,0,1,1,0,0,0,0,0,29,0,0,0,0,0,0,0,7,0,0,0,0,0,0,1,0,0,0,0,0,0,0,0,0,0,0,0,0,0,0,0,0,0,0,0,0
"Zotu3024",0,0,0,0,0,0,0,0,0,1,1,0,0,0,0,0,0,0,0,0,6,1,0,0,0,0,1,0,0,0,0,1,1,1,0,2,0,2,0,0,1,0,1,0,0,0,0,1,0,0,0,0,1,0,1,0,0,0,1,0,0,36
"Zotu5561",0,0,0,0,0,0,0,0,0,1,1,0,0,1,1,0,8,0,0,0,10,0,0,0,0,0,0,0,0,0,0,0,0,0,0,0,0,2,0,0,0,0,1,1,0,0,0,0,0,0,0,4,1,7,0,0,0,0,0,0,0,12
"Zotu2215",0,0,0,0,0,0,0,0,0,0,57,0,0,0,0,0,2,0,0,0,0,1,0,0,0,0,2,0,0,0,0,0,0,0,0,0,0,0,0,0,0,1,0,0,0,0,0,0,1,0,0,0,1,1,0,0,1,0,0,43,0,1
"Zotu1802",0,0,0,0,0,0,0,0,0,0,36,0,0,1,1,0,0,0,0,0,0,0,0,0,0,0,0,0,0,0,0,0,0,1,0,0,0,0,0,1,0,0,0,0,2,1,0,0,0,0,1,0,0,0,0,125,1,0,0,11,2,0
"Zotu6407",0,0,0,0,0,0,0,0,0,0,14,0,0,1,0,0,0,0,0,0,0,0,0,0,0,0,0,0,0,0,0,0,0,0,0,0,0,0,0,0,0,0,0,0,0,0,0,0,0,0,0,0,0,0,0,0,0,0,0,0,0,0
"Zotu5205",0,0,0,0,0,0,0,0,0,0,11,0,0,10,0,0,0,0,1,0,0,0,0,0,0,0,0,0,0,0,1,0,0,0,0,0,0,0,0,0,0,0,0,0,0,0,0,0,0,0,0,0,0,0,0,0,0,0,0,0,0,0
"Zotu3153",0,0,0,0,0,0,0,0,0,0,63,0,0,0,1,2,0,0,1,0,0,0,1,0,0,2,0,0,1,0,1,0,0,0,0,0,0,0,0,0,0,0,0,1,0,0,0,0,0,0,0,0,0,0,0,0,0,0,0,0,0,0
"Zotu3688",0,0,0,0,0,0,0,0,0,0,56,0,0,0,0,0,1,0,0,0,0,0,0,0,0,0,0,0,0,0,0,0,0,0,0,0,0,0,0,0,0,0,0,0,0,0,0,0,0,0,0,0,0,0,0,0,0,0,0,0,0,0
"Zotu5223",0,0,0,0,0,0,0,0,0,0,25,0,0,0,0,0,0,0,0,1,0,0,0,0,0,1,0,0,0,0,0,0,0,0,0,0,0,0,0,0,0,0,0,0,0,0,0,0,0,0,0,0,0,0,0,0,0,0,0,0,0,0
"Zotu3519",0,0,0,0,0,0,0,0,0,0,30,0,0,0,0,0,0,0,0,0,0,0,0,0,0,1,0,0,0,0,0,0,0,0,0,0,1,0,0,0,0,0,0,0,0,0,0,0,0,0,0,0,1,0,0,8,6,0,0,0,0,0
"Zotu5960",0,0,0,0,0,0,0,0,0,0,22,0,0,0,0,0,1,0,0,0,0,0,0,0,0,0,0,0,0,0,0,0,0,0,0,0,0,0,0,0,0,0,0,0,0,0,0,0,0,0,0,0,0,0,0,0,0,0,0,0,0,0
"Zotu5016",0,0,0,0,0,0,0,0,0,0,18,1,0,0,0,2,0,1,0,0,0,0,0,0,0,0,0,0,1,0,0,0,0,0,0,0,0,0,0,0,0,0,0,2,0,0,0,0,0,0,0,0,0,0,0,0,0,0,0,0,0,0
"Zotu5766",0,0,0,0,0,0,0,0,0,0,17,0,0,0,0,0,0,0,0,0,1,0,0,0,0,0,0,0,0,0,0,0,0,0,0,0,0,0,0,0,0,0,0,0,0,0,0,0,0,0,0,0,0,0,0,0,0,0,0,0,0,0
"Zotu1689",0,0,0,0,0,0,0,0,0,0,39,1,0,0,4,0,0,0,0,0,0,0,0,0,1,0,0,0,1,0,0,2,0,0,0,0,0,50,0,5,2,1,1,0,1,0,0,1,0,0,0,2,1,0,35,0,0,0,0,0,0,1
"Zotu5178",0,0,0,0,0,0,0,0,0,0,14,1,0,1,0,0,0,0,0,0,0,0,0,0,0,1,2,0,0,0,0,0,0,0,0,0,0,0,0,0,0,0,0,0,0,0,0,0,0,0,0,0,0,0,0,0,0,0,0,0,0,0
"Zotu6401",0,0,0,0,0,0,0,0,0,0,25,0,0,0,0,0,0,0,0,0,0,1,0,0,0,0,0,0,0,0,0,0,0,0,0,0,0,0,0,0,0,0,0,0,0,0,0,0,0,0,0,0,0,0,0,0,0,0,0,0,0,0
"Zotu5591",0,0,0,0,0,0,0,0,0,0,12,0,0,0,0,0,0,0,0,0,0,0,0,0,0,0,0,0,0,0,0,0,0,1,0,0,0,0,0,0,0,0,0,0,0,0,0,0,0,0,0,0,0,0,18,8,0,0,0,9,0,0
"Zotu748",0,0,0,0,0,0,0,0,0,0,1,0,0,0,0,0,0,1,0,0,0,0,0,0,0,0,0,0,0,13,0,0,0,0,1,1,0,1,7,0,0,27,1,0,0,0,0,62,1,2,0,0,33,0,20,4,0,2,129,146,3,1
"Zotu5880",0,0,0,0,0,0,0,0,0,0,1,0,0,0,0,0,0,0,0,0,0,3,0,0,0,0,0,0,37,0,0,0,0,0,0,0,0,0,0,0,0,0,0,0,0,0,0,0,0,0,0,0,0,0,0,0,0,0,0,0,0,0
"Zotu4354",0,0,0,0,0,0,0,0,0,0,1,0,2,0,0,0,0,0,0,1,0,0,0,0,0,0,0,46,0,0,0,0,0,0,0,0,0,0,0,0,0,0,0,0,0,0,0,0,0,0,0,0,0,0,0,0,0,0,0,0,0,0
"Zotu4220",0,0,0,0,0,0,0,0,0,0,1,0,1,0,2,0,26,1,0,0,0,0,1,0,0,0,1,0,0,0,0,0,0,0,0,0,0,0,0,0,0,0,0,0,0,0,0,0,0,0,0,0,0,0,0,0,0,0,0,0,0,0
"Zotu5758",0,0,0,0,0,0,0,0,0,0,30,0,0,0,0,0,0,0,0,0,0,0,0,0,0,0,0,0,0,1,1,0,0,0,0,0,0,0,0,0,0,0,0,0,0,0,0,0,0,0,0,0,0,0,0,0,0,0,0,0,0,0
"Zotu5008",0,0,0,0,0,0,0,0,0,0,14,0,0,0,0,0,0,0,0,0,0,0,0,0,0,0,0,0,0,0,0,0,0,1,0,0,0,1,0,1,0,0,0,0,0,0,1,1,0,0,2,12,0,0,0,0,0,0,0,2,12,18
"Zotu4100",0,0,0,0,0,0,0,0,0,0,1,0,0,0,0,0,1,0,0,0,0,15,0,0,0,0,0,0,2,2,8,1,0,6,0,0,7,1,0,8,0,1,1,0,0,0,0,1,0,0,2,0,0,0,0,0,0,0,0,0,0,0
"Zotu6014",0,0,0,0,0,0,0,0,0,0,7,0,1,0,0,0,0,0,12,0,0,0,0,0,0,0,0,0,0,0,0,0,0,1,0,0,0,0,0,0,0,0,0,0,0,0,0,0,0,0,0,1,0,0,0,0,0,0,0,8,0,0
"Zotu955",0,0,0,0,0,0,0,0,0,0,1,0,1,0,3,0,0,0,11,0,0,0,0,0,0,0,0,0,0,38,0,0,0,0,253,0,0,0,0,1,0,0,0,0,0,0,1,1,1,0,1,0,0,0,1,0,0,0,0,0,0,0
"Zotu6058",0,0,0,0,0,0,0,0,0,0,14,0,0,0,0,0,0,0,0,0,0,0,0,0,0,0,0,0,0,0,0,0,0,0,0,0,0,0,0,0,0,0,0,0,0,0,0,0,0,0,0,0,0,0,0,0,0,0,0,0,0,0
"Zotu4045",0,0,0,0,0,0,0,0,0,0,5,0,0,0,1,0,0,0,0,1,0,0,0,0,0,0,0,0,0,0,0,0,1,1,1,0,0,1,1,0,0,0,1,0,46,0,0,1,2,2,1,7,1,0,5,0,0,0,1,2,12,10
"Zotu3124",0,0,0,0,0,0,0,0,0,0,4,0,0,0,2,0,0,1,9,0,0,0,0,0,0,0,0,0,0,0,0,0,0,0,0,0,0,0,0,0,0,0,0,36,0,0,0,0,0,0,0,0,1,0,2,4,0,0,71,0,0,7
"Zotu2948",0,0,0,0,0,0,0,0,0,0,11,0,0,0,0,0,0,0,0,0,0,0,0,0,0,0,0,0,0,1,0,0,0,0,55,0,0,0,0,1,0,0,0,0,1,0,0,0,0,1,1,1,0,0,0,0,1,0,0,0,0,0
"Zotu2617",0,0,0,0,0,0,0,0,0,0,1,0,0,0,3,2,0,0,0,0,0,0,0,0,0,0,0,0,0,0,0,0,0,1,1,0,0,0,1,0,0,1,0,5,1,1,0,2,1,1,0,0,0,0,50,21,0,0,2,1,0,0
"Zotu3978",0,0,0,0,0,0,0,0,0,0,3,0,0,0,0,0,0,0,0,0,0,0,0,0,0,0,0,0,0,0,0,0,2,0,1,0,0,0,0,0,0,0,0,0,1,0,0,0,0,0,0,0,0,0,17,9,21,0,0,0,0,0
"Zotu1783",0,0,0,0,0,0,0,0,0,0,1,0,0,0,0,0,0,0,0,0,0,0,0,0,0,0,0,0,0,0,154,0,0,0,0,0,0,0,0,0,0,0,0,0,0,0,0,0,0,0,0,0,0,0,0,0,0,0,0,0,0,0
"Zotu2900",0,0,0,0,0,0,0,0,0,0,1,0,0,0,0,0,29,0,0,0,0,0,0,0,0,0,0,0,0,1,0,0,0,1,0,0,56,0,0,1,0,1,0,70,0,0,0,0,1,0,0,0,0,1,0,2,0,0,0,0,0,0
"Zotu691",0,0,0,0,0,0,0,0,0,0,1,0,0,1,0,0,1,0,1,0,0,0,0,0,0,0,0,111,1,0,0,1,1,2,0,0,47,40,41,80,0,1,1,1,0,2,0,2,59,1,0,5,1,1,1,0,1,0,0,0,1,1
"Zotu6187",0,0,0,0,0,0,0,0,0,0,1,1,0,1,0,0,0,0,0,0,0,0,0,0,0,0,0,0,19,0,0,0,0,3,0,0,2,45,1,0,0,0,0,0,1,0,0,0,0,0,0,4,0,1,3,0,1,0,0,0,0,1
"Zotu2044",0,0,0,0,0,0,0,0,0,0,1,0,1,0,3,0,0,0,0,1,0,0,0,0,0,0,0,0,0,23,0,0,88,0,0,0,0,0,0,2,0,0,0,1,1,0,0,0,0,0,0,7,0,0,0,0,0,1,0,1,1,1
"Zotu5022",0,0,0,0,0,0,0,0,0,0,2,0,0,1,2,0,0,0,0,0,11,0,0,0,1,0,0,0,0,10,0,0,0,0,0,0,0,0,0,0,0,0,0,0,0,0,0,0,0,0,0,0,0,0,0,0,0,0,0,0,0,0
"Zotu5135",0,0,0,0,0,0,0,0,0,0,1,0,0,0,0,0,0,0,0,1,0,1,0,0,0,0,0,0,15,0,0,0,0,0,0,0,0,0,0,0,0,0,0,0,0,0,0,0,0,0,0,0,0,0,0,0,0,0,0,0,0,0
"Zotu3921",0,0,0,0,0,0,0,0,0,0,1,0,0,9,0,0,0,0,0,0,0,0,0,0,0,0,0,0,0,0,0,0,1,0,0,0,0,0,3,0,1,47,0,0,0,0,0,0,0,0,0,0,1,0,1,0,0,0,0,0,1,1
"Zotu4145",0,0,0,0,0,0,0,0,0,0,1,0,0,0,0,0,0,1,0,1,1,0,0,2,0,0,0,0,18,24,0,0,0,0,1,0,0,0,0,0,0,0,0,0,0,0,0,0,0,0,0,0,0,0,0,0,0,0,0,0,0,1
"Zotu3331",0,0,0,0,0,0,0,0,0,0,1,1,0,1,0,0,1,0,0,0,0,0,0,0,0,41,0,0,0,0,0,1,0,0,0,0,0,0,0,0,0,0,0,0,0,0,0,0,0,0,0,3,0,0,0,0,0,0,0,0,0,0
"Zotu5109",0,0,0,0,0,0,0,0,0,0,1,0,0,0,17,1,2,0,0,1,0,0,0,0,0,0,0,0,0,0,1,0,0,0,0,0,0,0,0,0,0,0,0,0,0,0,0,0,0,0,0,0,0,0,0,0,0,0,0,0,0,0
"Zotu1246",0,0,0,0,0,0,0,0,0,0,1,0,0,0,0,0,0,3,0,0,0,0,0,0,0,0,0,0,10,0,0,0,1,1,0,0,23,1,9,1,0,0,1,1,1,1,0,0,0,0,1,0,2,0,2,7,16,52,85,13,0,0
"Zotu2530",0,0,0,0,0,0,0,0,0,0,1,0,1,0,0,0,2,0,0,0,19,1,0,0,0,0,0,0,0,0,0,0,0,1,0,0,1,0,2,0,0,0,0,0,0,0,0,0,0,2,0,12,22,0,0,0,0,0,0,0,2,15
"Zotu4371",0,0,0,0,0,0,0,0,0,0,1,0,0,0,0,0,0,0,0,0,0,0,0,0,0,0,0,0,0,0,0,0,1,0,0,1,0,1,0,0,0,0,1,0,0,0,0,0,0,0,0,0,0,0,0,0,42,0,1,0,0,0
"Zotu4460",0,0,0,0,0,0,0,0,0,0,1,0,0,0,0,0,0,0,0,0,0,0,0,0,0,0,0,0,0,0,0,0,0,0,0,0,0,0,0,1,0,0,1,1,0,0,0,0,0,0,0,0,1,0,3,43,2,0,0,0,1,0
"Zotu5652",0,0,0,0,0,0,0,0,0,0,1,0,0,0,0,0,0,0,0,0,0,0,0,0,0,0,0,0,0,0,0,0,0,0,0,0,0,0,0,0,0,0,0,0,1,0,2,0,0,0,0,0,0,0,6,9,0,3,0,0,0,0
"Zotu2445",0,0,0,0,0,0,0,0,0,0,1,0,0,0,0,1,0,0,8,0,0,0,0,0,0,1,0,0,0,0,0,0,1,1,0,1,0,1,0,2,0,1,1,1,0,0,0,0,0,0,1,0,0,0,4,12,0,77,10,14,0,1
"Zotu4642",0,0,0,0,0,0,0,0,0,0,2,0,0,0,0,0,2,0,0,0,0,0,0,0,0,0,0,0,9,0,0,0,0,0,1,0,0,0,0,0,0,0,0,0,0,0,0,0,1,0,0,2,12,0,0,0,0,0,0,0,0,0
"Zotu849",0,0,0,0,0,0,0,0,0,0,1,1,0,0,0,0,0,1,0,0,0,1,0,0,0,0,0,0,0,21,2,0,215,72,2,0,0,3,2,21,0,2,1,1,0,1,1,1,1,2,0,2,3,1,2,0,0,0,1,0,3,0
"Zotu4565",0,0,0,0,0,0,0,0,0,0,1,0,0,0,0,0,25,0,0,0,10,0,0,0,0,0,0,0,0,0,1,0,0,0,0,0,0,0,0,0,0,0,0,1,0,0,0,0,0,0,0,0,0,0,0,0,0,0,0,0,0,0
"Zotu5130",0,0,0,0,0,0,0,0,0,0,1,0,0,2,0,0,26,1,0,0,0,0,0,0,0,0,0,0,0,1,0,0,0,0,0,0,0,0,0,0,0,0,0,0,0,0,0,0,0,0,0,5,0,0,0,0,0,0,0,0,0,0
"Zotu6028",0,0,0,0,0,0,0,0,0,0,1,0,0,0,0,0,24,0,0,0,0,0,0,0,0,0,0,0,0,0,0,0,0,0,0,0,0,0,0,0,0,0,0,0,0,0,0,0,0,0,0,0,0,0,0,0,0,0,0,0,0,0
"Zotu3838",0,0,0,0,0,0,0,0,0,0,1,0,0,1,3,1,0,2,0,0,0,64,0,0,0,0,0,1,0,0,0,0,0,0,0,0,0,0,0,0,0,0,0,0,0,0,0,0,0,0,0,0,0,0,0,0,0,0,0,0,0,0
"Zotu5997",0,0,0,0,0,0,0,0,0,0,1,0,0,0,0,0,0,0,0,0,20,0,0,0,0,0,0,0,0,0,0,0,0,0,0,0,0,0,0,0,0,0,0,0,0,0,0,0,0,0,0,0,0,0,0,0,0,0,0,0,0,0
"Zotu867",0,0,0,0,0,0,0,0,0,0,1,1,0,0,1,0,0,1,1,0,0,0,0,0,0,0,0,0,23,0,0,4,2,2,0,1,39,110,23,37,6,3,2,4,0,1,1,2,1,2,1,1,22,1,6,0,1,2,2,1,2,3
"Zotu5221",0,0,0,0,0,0,0,0,0,0,0,32,0,0,0,0,0,0,1,0,0,0,2,0,0,0,0,0,0,0,0,0,0,0,0,0,0,0,0,0,0,0,0,0,0,0,0,0,0,0,0,0,0,0,0,0,0,0,0,0,0,0
"Zotu2465",0,0,0,0,0,0,0,0,0,0,0,14,0,0,0,0,0,0,0,0,0,0,0,0,0,0,0,0,0,0,0,0,1,0,0,0,0,0,0,1,0,0,0,1,0,0,0,0,0,0,0,0,0,1,8,6,32,0,30,0,0,0
"Zotu4836",0,0,0,0,0,0,0,0,0,0,0,24,0,0,0,0,1,0,1,0,0,0,1,0,0,0,0,0,0,0,1,0,0,0,0,0,0,0,0,0,0,0,0,0,0,0,0,0,0,0,0,0,0,0,0,0,0,0,0,0,0,0
"Zotu5242",0,0,0,0,0,0,0,0,0,0,0,18,0,0,0,0,0,1,0,0,0,0,0,0,0,0,0,0,0,0,0,0,0,0,0,0,0,0,0,0,0,0,0,0,0,0,0,0,0,0,0,0,1,0,0,0,13,0,0,0,0,0
"Zotu3999",0,0,0,0,0,0,0,0,0,0,0,16,0,0,2,0,0,1,0,0,0,0,0,0,0,1,0,0,5,0,0,1,0,2,0,0,0,1,0,1,0,2,0,0,1,1,0,1,0,0,0,0,2,0,32,25,14,0,14,1,3,1
"Zotu5316",0,0,0,0,0,0,0,0,0,0,0,1,0,0,0,0,0,0,0,0,0,0,0,0,0,0,0,0,0,0,0,0,0,1,0,0,1,0,1,2,0,0,2,22,0,1,1,2,0,1,0,0,3,8,0,2,0,0,0,11,1,0
"Zotu2063",0,0,0,0,0,0,0,0,0,0,0,23,0,0,0,0,0,1,0,0,0,0,0,0,0,0,0,0,0,0,0,0,0,0,0,1,0,0,0,0,0,0,0,0,0,0,0,0,0,1,1,0,0,0,0,1,28,0,1,91,31,0
"Zotu4830",0,0,0,0,0,0,0,0,0,0,0,1,0,0,2,0,0,0,0,0,19,0,0,0,0,1,0,0,0,0,0,1,0,0,0,0,0,0,0,0,0,0,0,0,0,0,0,0,0,0,0,0,0,0,0,0,0,0,0,0,0,0
"Zotu264",0,0,0,0,0,0,0,0,0,0,0,1,1,0,0,0,0,0,17,0,0,0,0,0,0,0,0,0,0,0,0,1,80,12,0,0,0,0,0,4,3,0,231,0,1,0,2,0,0,2,1,0,1,14,1,2,3,0,0,1,1,1
"Zotu5486",0,0,0,0,0,0,0,0,0,0,0,1,0,0,0,1,0,0,0,0,0,0,0,0,0,0,0,0,20,0,0,0,0,0,0,0,0,0,0,0,0,0,0,0,0,0,0,0,0,0,0,0,0,0,0,0,0,0,0,0,0,0
"Zotu3626",0,0,0,0,0,0,0,0,0,0,0,10,0,0,19,0,0,1,0,0,0,0,0,0,0,0,0,0,0,0,0,0,0,0,0,0,0,0,0,0,0,0,0,1,0,0,0,0,0,0,18,4,0,0,15,1,0,0,0,39,0,0
"Zotu4136",0,0,0,0,0,0,0,0,0,0,0,2,0,0,1,0,0,0,0,0,0,0,0,0,0,0,0,0,0,9,0,1,0,0,0,0,0,0,6,0,0,0,42,0,0,0,0,1,0,0,0,0,0,0,0,0,0,1,0,0,0,0
"Zotu95",0,0,0,0,0,0,0,0,0,0,0,2,0,1,1,0,0,0,0,0,0,0,0,0,0,0,0,0,2,0,1,7,9,12,18,9,7,15,12,13,6,11,10,10,6,1626,347,148,55,142,218,9,9,7,4,9,81,10,6,52,21,10
"Zotu855",0,0,0,0,0,0,0,0,0,0,0,2,0,0,0,0,0,0,0,0,1,0,3,0,1,0,0,0,8,0,0,256,0,0,0,1,0,2,0,1,1,1,0,1,2,1,0,0,0,0,0,0,1,1,1,1,0,0,1,0,0,0
"Zotu4526",0,0,0,0,0,0,0,0,0,0,0,7,0,0,1,0,0,0,0,0,0,0,0,0,0,0,0,0,0,0,0,1,0,1,0,0,0,0,37,0,0,0,1,0,0,0,0,0,1,0,0,0,1,0,0,16,0,0,0,1,0,1
"Zotu4894",0,0,0,0,0,0,0,0,0,0,0,1,0,0,0,0,0,35,1,0,0,0,0,0,0,0,0,0,0,0,0,0,0,0,0,0,0,0,0,0,0,0,0,0,0,0,0,0,0,0,0,0,0,0,0,0,0,0,0,0,0,0
"Zotu2887",0,0,0,0,0,0,0,0,0,0,0,1,0,0,0,0,0,0,11,0,0,0,0,0,0,0,0,0,0,0,0,0,0,0,0,0,0,0,0,0,1,0,0,2,0,0,1,43,1,0,1,0,6,0,8,1,1,0,0,5,0,0
"Zotu3792",0,0,0,0,0,0,0,0,0,0,0,1,0,0,0,1,0,0,0,1,0,0,0,0,0,0,43,0,0,0,0,0,0,0,0,0,0,0,0,0,0,0,0,0,0,0,0,0,0,0,0,0,0,0,0,0,0,0,0,0,0,0
"Zotu4017",0,0,0,0,0,0,0,0,0,0,0,1,1,0,0,0,0,0,0,0,0,0,0,0,1,0,0,59,0,1,0,0,0,0,0,0,0,1,0,0,0,0,0,0,0,0,0,0,0,0,0,0,0,0,0,0,0,0,21,0,0,0
"Zotu4130",0,0,0,0,0,0,0,0,0,0,0,1,0,0,0,0,0,0,0,0,0,0,0,0,0,0,0,0,0,0,0,0,1,0,1,0,1,0,2,0,0,0,0,3,0,0,0,0,0,0,0,0,0,0,14,0,0,0,0,0,14,0
"Zotu4159",0,0,0,0,0,0,0,0,0,0,0,2,0,0,0,0,0,36,0,0,0,0,0,0,0,0,0,0,0,0,0,0,0,0,0,0,0,0,0,0,0,0,0,0,0,0,0,0,0,0,0,0,0,0,0,0,0,0,0,0,0,0
"Zotu3011",0,0,0,0,0,0,0,0,0,0,0,1,0,0,9,0,0,76,0,0,0,0,0,0,0,0,0,4,0,0,0,0,0,0,0,0,0,0,0,0,0,0,0,0,0,0,0,0,0,0,0,0,0,0,0,0,0,0,0,0,0,0
"Zotu1899",0,0,0,0,0,0,0,0,0,0,0,1,0,1,0,0,0,0,0,0,0,0,0,0,3,21,0,0,0,5,0,70,0,7,0,0,0,0,0,0,3,0,0,0,0,1,0,0,0,0,1,0,0,0,1,0,0,0,0,0,0,0
"Zotu2219",0,0,0,0,0,0,0,0,0,0,0,2,0,0,0,0,0,0,0,0,0,0,0,0,0,0,0,0,29,5,1,1,0,0,0,0,1,0,7,56,0,0,0,0,1,0,0,0,0,1,0,0,0,0,0,0,1,0,0,1,0,2
"Zotu3025",0,0,0,0,0,0,0,0,0,0,0,1,0,0,5,0,0,0,8,0,0,0,0,0,0,0,0,0,0,0,0,0,2,0,5,0,0,0,1,0,0,0,0,10,1,0,0,4,0,0,1,0,1,0,17,59,1,1,0,35,2,0
"Zotu4475",0,0,0,0,0,0,0,0,0,0,0,1,0,0,1,0,1,0,0,0,0,0,0,0,0,0,0,0,0,0,0,0,0,27,1,0,0,0,0,0,0,1,0,0,0,0,0,0,0,0,0,0,0,0,0,0,1,1,0,0,0,0
"Zotu6188",0,0,0,0,0,0,0,0,0,0,0,1,0,0,0,0,0,0,0,0,0,0,0,0,0,0,0,0,22,0,0,0,0,0,0,0,0,0,0,0,0,0,0,0,0,0,0,0,0,0,0,0,0,0,0,0,0,0,0,0,0,0
"Zotu4608",0,0,0,0,0,0,0,0,0,0,0,1,0,1,7,0,0,0,0,1,20,0,0,0,0,1,2,1,16,0,1,0,0,0,0,0,0,0,0,0,0,0,0,0,0,0,0,0,0,0,0,0,0,0,0,0,0,0,0,0,0,0
"Zotu3289",0,0,0,0,0,0,0,0,0,0,0,1,0,0,2,0,0,0,0,0,0,0,0,0,0,0,0,0,0,0,0,0,0,1,0,1,0,1,0,63,0,1,0,0,0,0,0,0,0,0,1,0,0,0,2,0,2,0,0,0,0,3
"Zotu6390",0,0,0,0,0,0,0,0,0,0,0,1,0,0,10,0,1,0,18,0,0,0,0,0,0,0,0,0,0,0,0,0,0,1,0,1,0,0,0,1,1,0,0,0,0,0,0,0,1,0,0,1,0,35,3,13,0,0,26,0,14,0
"Zotu5566",0,0,0,0,0,0,0,0,0,0,0,1,0,0,0,0,0,0,0,0,1,1,0,0,0,0,0,0,37,0,0,0,0,0,0,0,0,0,0,0,0,0,1,0,0,0,0,0,0,0,0,0,0,0,0,0,0,0,0,0,0,0
"Zotu3712",0,0,0,0,0,0,0,0,0,0,0,1,0,0,1,0,0,0,26,0,0,0,0,1,1,0,0,0,0,1,0,1,1,0,2,0,0,1,53,0,0,0,0,0,1,0,0,0,0,1,0,1,0,1,5,1,0,2,0,0,0,1
"Zotu977",0,0,0,0,0,0,0,0,0,0,0,1,0,91,9,0,0,0,1,0,0,2,2,0,0,0,44,0,14,80,0,0,0,0,0,0,62,0,1,37,0,0,1,2,0,0,0,0,0,0,0,0,0,0,0,1,0,1,0,0,0,0
"Zotu2371",0,0,0,0,0,0,0,0,0,0,0,1,0,0,0,0,0,0,0,0,6,0,0,0,0,0,0,0,0,0,0,0,0,0,1,2,2,1,1,0,0,0,0,2,0,1,0,0,0,0,0,0,0,0,1,0,0,69,0,3,4,17
"Zotu4238",0,0,0,0,0,0,0,0,0,0,0,1,0,0,0,0,0,0,0,0,0,40,0,0,0,0,0,1,0,0,0,0,0,0,0,0,0,0,0,0,0,0,0,0,0,0,0,0,0,0,0,0,0,0,0,0,0,0,0,0,0,0
"Zotu788",0,0,0,0,0,0,0,0,0,0,0,1,0,0,0,0,4,0,0,0,0,0,0,0,0,0,0,0,0,0,0,1,0,1,4,0,0,1,3,2,347,3,0,1,1,1,0,2,0,0,1,2,1,0,6,0,0,0,0,0,0,0
"Zotu3745",0,0,0,0,0,0,0,0,0,0,0,1,0,0,0,0,0,0,0,0,0,0,0,0,0,0,0,0,9,0,0,0,0,0,0,0,0,0,0,0,0,1,0,0,0,0,0,0,47,0,0,0,0,0,0,0,0,0,0,10,0,0
"Zotu5139",0,0,0,0,0,0,0,0,0,0,0,1,0,0,0,0,2,0,0,0,0,0,0,0,0,0,0,0,0,0,0,0,1,0,0,0,0,0,0,0,0,0,0,0,0,1,0,0,1,0,1,0,0,0,0,8,19,0,0,0,1,1
"Zotu5694",0,0,0,0,0,0,0,0,0,0,0,1,0,0,0,0,0,0,0,0,0,0,0,0,0,0,0,0,10,0,0,0,0,0,0,0,0,0,0,0,0,0,0,0,0,0,0,0,0,0,0,0,0,0,0,0,0,0,0,0,0,0
"Zotu5140",0,0,0,0,0,0,0,0,0,0,0,0,1,1,0,0,0,0,1,0,20,0,0,0,0,0,1,0,0,0,1,0,0,0,0,0,0,0,0,0,0,0,0,0,0,0,0,0,0,0,0,0,0,0,0,0,0,0,0,0,0,0
"Zotu6133",0,0,0,0,0,0,0,0,0,0,0,0,16,0,0,0,0,0,0,0,0,0,0,0,0,0,0,0,0,0,0,0,0,0,0,0,0,0,0,0,0,0,0,0,0,0,0,0,0,0,0,0,0,0,0,0,0,0,0,0,0,0
"Zotu4027",0,0,0,0,0,0,0,0,0,0,0,0,2,1,4,0,1,31,0,0,0,0,0,0,1,0,0,1,1,1,0,0,0,0,0,0,0,0,0,1,0,0,0,0,0,0,1,0,0,0,0,0,0,1,0,0,0,0,0,0,0,2
"Zotu4651",0,0,0,0,0,0,0,0,0,0,0,0,1,18,0,0,0,0,0,0,0,0,0,0,0,0,0,0,0,0,0,0,0,0,0,0,0,0,0,0,0,0,0,0,0,0,0,0,0,0,0,0,0,15,0,0,0,0,0,0,0,0
"Zotu3027",0,0,0,0,0,0,0,0,0,0,0,0,1,0,3,0,0,0,0,0,0,0,0,0,0,0,0,0,0,0,0,0,3,2,0,3,2,0,21,0,3,0,0,38,0,0,0,0,2,1,3,0,0,0,0,0,0,0,0,0,1,0
"Zotu4026",0,0,0,0,0,0,0,0,0,0,0,0,1,1,0,0,0,1,0,0,1,0,0,0,0,0,0,0,1,60,0,0,0,0,0,0,0,0,0,0,0,0,0,0,0,0,0,0,0,0,0,0,0,0,0,0,0,0,0,0,1,0
"Zotu3318",0,0,0,0,0,0,0,0,0,0,0,0,1,0,1,0,0,0,0,0,0,0,0,0,0,0,0,0,13,0,0,0,0,0,0,0,30,0,1,0,0,0,0,2,0,0,1,0,0,0,0,0,0,0,0,0,0,2,0,0,0,0
"Zotu2834",0,0,0,0,0,0,0,0,0,0,0,0,1,0,0,0,11,83,0,1,0,0,0,0,0,0,2,0,6,4,1,0,0,0,0,0,0,0,0,0,0,0,0,4,0,0,0,0,0,0,0,0,0,0,0,0,0,0,0,0,0,0
"Zotu2364",0,0,0,0,0,0,0,0,0,0,0,0,1,0,0,0,0,2,0,0,18,52,0,1,0,0,0,0,0,0,0,0,0,0,0,0,0,0,0,0,0,0,0,0,0,0,0,0,0,0,0,0,0,0,0,0,0,0,0,0,0,0
"Zotu3349",0,0,0,0,0,0,0,0,0,0,0,0,1,0,0,0,0,0,0,0,0,0,2,0,0,1,0,0,0,0,0,1,0,0,0,0,0,0,0,0,0,0,1,0,0,1,0,60,0,1,0,1,1,0,0,4,0,0,0,0,0,1
"Zotu3961",0,0,0,0,0,0,0,0,0,0,0,0,1,0,0,0,0,0,0,0,0,0,0,1,2,0,0,0,0,0,35,0,0,0,0,0,0,0,0,0,0,0,0,0,0,0,0,0,0,0,0,0,0,0,0,0,0,0,0,0,0,0
"Zotu2181",0,0,0,0,0,0,0,0,0,0,0,0,1,0,0,0,0,0,0,0,0,0,1,0,0,0,0,2,1,0,0,0,3,0,0,1,2,1,1,1,1,1,0,2,1,0,1,0,0,1,3,0,0,1,2,1,0,0,0,0,71,29
"Zotu4605",0,0,0,0,0,0,0,0,0,0,0,0,2,0,0,1,0,0,1,0,0,0,0,0,0,2,0,44,0,0,0,0,0,0,0,0,0,0,0,0,0,0,0,0,0,0,0,0,0,0,0,0,0,0,0,0,0,0,0,0,0,0
"Zotu2882",0,0,0,0,0,0,0,0,0,0,0,0,1,0,0,0,0,0,0,0,0,0,1,0,0,0,0,0,14,0,32,0,0,0,0,0,0,0,0,0,0,1,0,0,0,1,0,0,0,0,0,0,0,0,0,0,17,0,1,0,0,0
"Zotu175",0,0,0,0,0,0,0,0,0,0,0,0,1,0,0,0,1,1,0,0,0,0,0,0,0,13,0,0,9,11,0,4,5,57,9,7,6,8,6,34,5,91,58,4,7,5,3,3,9,5,4,4,3,7,12,14,540,534,5,72,11,5
"Zotu1149",0,0,0,0,0,0,0,0,0,0,0,0,1,0,2,0,0,0,0,0,0,0,0,0,0,0,0,0,0,0,0,2,1,1,1,2,1,2,1,1,3,3,1,2,0,0,0,1,0,0,3,2,4,1,27,49,93,30,0,0,1,3
"Zotu2909",0,0,0,0,0,0,0,0,0,0,0,0,1,0,0,0,0,0,0,0,0,0,0,0,0,0,0,0,0,0,0,1,0,0,0,0,2,0,0,0,0,1,0,0,0,0,0,0,1,0,0,0,0,0,0,0,0,50,0,0,0,0
"Zotu1852",0,0,0,0,0,0,0,0,0,0,0,0,1,0,7,0,0,0,0,0,0,0,0,0,0,0,0,0,0,0,0,0,0,1,1,0,0,1,0,0,0,0,0,0,0,0,0,0,1,0,1,0,1,0,100,38,0,0,0,0,1,0
"Zotu5837",0,0,0,0,0,0,0,0,0,0,0,0,1,49,1,0,0,0,0,0,0,0,0,0,0,0,0,0,1,0,1,0,0,0,0,0,0,0,0,0,0,0,0,0,0,0,0,0,0,0,0,0,0,0,0,0,0,0,0,0,0,0
"Zotu3673",0,0,0,0,0,0,0,0,0,0,0,0,1,0,1,0,0,0,0,0,0,0,0,1,41,0,0,0,0,0,0,0,0,0,0,0,0,0,0,0,0,0,0,0,0,0,0,0,0,0,0,0,0,0,0,0,0,0,0,0,0,0
"Zotu1660",0,0,0,0,0,0,0,0,0,0,0,0,1,0,4,0,4,0,0,0,0,0,0,0,0,0,0,0,0,1,0,2,0,0,0,1,0,0,0,0,0,0,0,1,1,0,0,1,130,0,0,4,0,0,0,0,0,0,0,0,0,0
"Zotu2230",0,0,0,0,0,0,0,0,0,0,0,0,1,0,1,1,0,0,1,0,0,0,0,0,0,0,0,0,0,0,0,4,0,0,1,2,0,1,0,1,1,1,2,0,2,0,2,1,2,0,2,4,0,2,1,1,31,0,23,46,1,2
"Zotu2985",0,0,0,0,0,0,0,0,0,0,0,0,1,0,10,0,27,0,0,0,0,0,0,0,0,0,0,0,0,0,0,0,0,0,0,0,0,1,0,0,0,1,0,82,0,0,0,1,0,0,0,20,0,48,1,0,1,0,0,0,1,13
"Zotu5331",0,0,0,0,0,0,0,0,0,0,0,0,1,0,0,0,0,0,0,0,0,0,0,0,0,0,0,0,15,0,0,0,0,0,0,0,0,0,0,0,0,0,0,0,0,1,0,0,0,0,0,0,1,1,0,0,0,0,0,0,0,8
"Zotu1166",0,0,0,0,0,0,0,0,0,0,0,0,1,0,14,0,0,0,0,0,1,0,0,0,0,0,0,0,1,0,0,1,1,2,1,0,1,0,0,1,0,0,0,0,182,0,0,0,0,0,0,4,0,2,0,0,0,0,1,1,0,17
"Zotu4871",0,0,0,0,0,0,0,0,0,0,0,0,0,22,0,0,0,0,1,0,1,0,0,0,0,0,0,1,0,0,0,0,0,0,0,0,0,0,0,0,0,0,0,0,0,0,0,0,0,0,0,0,0,0,0,0,0,0,0,0,0,0
"Zotu4003",0,0,0,0,0,0,0,0,0,0,0,0,0,39,0,2,0,0,0,1,1,0,0,0,1,0,0,1,0,1,1,0,0,0,0,0,0,0,0,0,0,0,0,0,0,0,0,0,0,0,0,0,0,0,0,0,0,0,0,0,0,0
"Zotu4387",0,0,0,0,0,0,0,0,0,0,0,0,0,50,1,0,0,0,0,0,0,0,0,0,0,0,0,0,0,0,0,0,0,0,0,0,0,0,0,0,0,0,0,4,0,0,0,0,0,0,0,0,0,0,0,0,0,0,0,0,0,0
"Zotu3849",0,0,0,0,0,0,0,0,0,0,0,0,0,53,0,0,0,0,0,0,0,0,0,0,0,0,0,0,0,0,0,0,0,0,0,0,0,0,0,0,0,0,0,0,0,0,0,0,0,0,0,0,0,0,0,0,0,0,0,0,0,0
"Zotu4505",0,0,0,0,0,0,0,0,0,0,0,0,0,26,0,0,0,2,0,0,0,0,0,0,1,0,0,0,1,0,0,0,0,0,1,0,0,1,0,0,0,0,0,0,1,0,1,0,0,0,0,0,0,17,0,0,0,0,0,0,0,0
"Zotu3929",0,0,0,0,0,0,0,0,0,0,0,0,0,69,0,0,0,0,0,0,1,0,0,0,0,0,3,0,0,0,0,0,0,0,0,0,0,0,0,0,0,0,0,0,0,0,0,0,0,0,0,0,0,0,0,0,0,0,0,0,0,0
"Zotu4703",0,0,0,0,0,0,0,0,0,0,0,0,0,34,0,0,2,1,0,0,0,1,0,0,0,0,0,1,1,0,0,0,0,0,0,0,0,0,0,0,0,0,0,5,0,0,0,0,0,0,0,0,0,0,0,0,0,0,0,0,0,0
"Zotu5646",0,0,0,0,0,0,0,0,0,0,0,0,0,1,0,0,0,0,0,0,0,0,0,0,0,0,0,0,0,0,0,0,0,0,0,0,0,0,0,0,1,0,0,0,30,0,0,0,0,0,0,0,0,0,0,0,0,0,0,0,0,0
"Zotu5655",0,0,0,0,0,0,0,0,0,0,0,0,0,24,0,0,1,0,0,0,0,0,0,0,0,0,0,0,0,1,0,0,0,0,0,0,0,0,0,0,0,0,0,0,0,0,0,0,0,0,0,0,0,0,0,0,0,0,0,0,0,0
"Zotu2233",0,0,0,0,0,0,0,0,0,0,0,0,0,1,0,0,0,0,0,0,0,0,0,0,0,0,0,0,0,0,0,1,0,0,1,2,0,0,96,0,0,1,0,0,2,0,1,0,1,0,0,1,1,1,1,0,3,0,0,1,1,1
"Zotu2633",0,0,0,0,0,0,0,0,0,0,0,0,0,16,0,0,0,0,0,0,0,0,0,0,0,0,0,0,0,0,0,0,0,0,0,0,0,0,0,0,0,0,0,0,0,0,1,0,0,0,121,0,0,0,0,0,0,0,0,0,0,1
"Zotu5870",0,0,0,0,0,0,0,0,0,0,0,0,0,1,3,0,0,0,0,0,0,0,0,0,0,0,0,0,0,0,0,0,0,0,0,0,31,0,0,1,0,0,1,1,1,0,0,0,0,0,1,0,0,0,0,0,0,0,0,0,0,0
"Zotu2757",0,0,0,0,0,0,0,0,0,0,0,0,0,13,0,0,0,0,0,0,0,0,0,0,1,0,0,0,0,0,0,0,0,0,0,0,78,0,0,0,0,0,0,0,0,0,0,0,0,0,0,1,0,0,0,0,0,0,1,0,0,0
"Zotu5590",0,0,0,0,0,0,0,0,0,0,0,0,0,16,0,0,0,0,0,0,0,0,0,1,0,0,0,0,0,0,0,0,0,0,0,0,0,0,0,0,0,0,0,0,0,0,0,0,0,0,0,5,0,0,2,0,0,0,0,0,0,0
"Zotu6153",0,0,0,0,0,0,0,0,0,0,0,0,0,18,0,0,0,0,0,0,0,0,0,0,0,0,0,1,0,0,0,0,0,0,0,0,0,0,0,0,0,0,0,0,0,0,0,0,0,0,0,0,0,0,0,0,0,0,0,0,0,15
"Zotu6031",0,0,0,0,0,0,0,0,0,0,0,0,0,1,0,0,1,0,1,0,0,0,0,0,0,0,0,0,0,0,0,0,0,0,0,0,0,0,0,0,0,0,0,0,0,0,0,0,0,0,0,0,0,0,0,0,0,27,0,0,0,0
"Zotu3728",0,0,0,0,0,0,0,0,0,0,0,0,0,15,1,0,0,0,0,0,0,0,0,0,0,0,0,0,0,1,0,1,1,0,0,0,1,0,0,0,0,0,0,1,0,1,1,1,0,0,0,0,0,0,1,2,0,0,1,29,20,1
"Zotu5639",0,0,0,0,0,0,0,0,0,0,0,0,0,1,0,0,0,0,0,0,0,0,0,0,0,0,0,0,31,0,0,0,0,0,0,0,0,0,0,0,0,0,0,0,0,0,0,0,0,0,0,0,0,0,0,0,0,0,0,0,0,0
"Zotu6235",0,0,0,0,0,0,0,0,0,0,0,0,0,12,0,0,0,0,0,0,0,0,0,0,0,0,0,0,0,0,0,0,0,0,0,0,0,0,0,0,0,0,0,0,0,0,0,0,0,0,1,0,17,0,2,0,0,0,0,0,0,0
"Zotu4647",0,0,0,0,0,0,0,0,0,0,0,0,0,3,0,0,1,0,0,0,0,0,0,0,0,0,0,0,0,1,0,0,0,0,1,0,1,0,32,3,2,1,0,0,1,0,0,1,1,0,0,0,0,0,1,0,0,0,0,0,0,0
"Zotu6231",0,0,0,0,0,0,0,0,0,0,0,0,0,12,0,0,0,0,0,0,0,0,0,0,0,0,0,0,0,0,0,0,0,0,0,0,0,0,0,0,0,0,0,0,0,0,0,0,0,0,0,0,0,0,0,0,0,0,0,0,0,0
"Zotu5191",0,0,0,0,0,0,0,0,0,0,0,0,0,1,0,0,0,0,0,0,0,0,0,0,0,0,0,0,9,0,0,1,4,1,1,0,73,0,1,0,0,0,1,1,0,0,1,0,0,0,0,0,0,1,0,0,6,1,0,0,1,0
"Zotu5734",0,0,0,0,0,0,0,0,0,0,0,0,0,1,3,0,1,0,0,0,0,0,0,0,0,0,0,0,0,0,0,0,0,0,0,0,0,0,0,0,0,0,0,0,0,0,1,0,0,0,0,0,0,0,0,0,0,0,0,0,16,0
"Zotu2775",0,0,0,0,0,0,0,0,0,0,0,0,0,1,0,0,0,0,0,69,0,0,0,0,0,1,0,0,0,0,0,0,0,0,0,0,0,0,0,0,0,0,0,0,0,0,0,0,0,0,0,0,0,0,0,0,0,0,0,0,0,0
"Zotu5817",0,0,0,0,0,0,0,0,0,0,0,0,0,1,1,0,0,0,0,0,0,0,0,0,0,0,0,0,23,0,0,0,0,0,0,0,0,0,0,0,0,0,0,0,0,0,0,0,0,0,0,0,0,0,0,0,0,0,0,0,0,0
"Zotu2821",0,0,0,0,0,0,0,0,0,0,0,0,0,2,0,0,0,0,0,0,0,0,0,0,0,0,0,0,0,0,0,1,1,0,0,0,0,1,0,0,0,0,0,0,0,1,24,35,0,0,0,0,0,1,0,0,0,1,0,0,0,1
"Zotu5709",0,0,0,0,0,0,0,0,0,0,0,0,0,1,0,0,0,0,0,0,0,0,0,0,0,0,0,0,0,0,0,0,0,0,0,1,0,0,0,0,0,0,0,0,0,31,0,0,1,0,0,0,0,0,0,0,0,0,0,0,0,0
"Zotu2435",0,0,0,0,0,0,0,0,0,0,0,0,0,1,0,0,0,0,0,0,10,0,1,0,0,0,0,0,0,0,1,0,2,0,0,1,0,0,0,1,2,0,1,0,1,1,1,0,1,1,0,0,2,0,0,0,0,0,1,0,24,47
"Zotu1463",0,0,0,0,0,0,0,0,0,0,0,0,0,1,0,0,1,0,0,0,0,0,0,0,0,0,0,0,1,16,0,0,4,1,1,1,0,0,1,0,0,1,117,0,2,1,2,0,0,1,1,1,0,0,0,0,2,1,0,4,22,0
"Zotu5511",0,0,0,0,0,0,0,0,0,0,0,0,0,1,5,0,0,0,0,0,0,0,0,0,0,0,0,0,0,0,0,0,1,0,0,0,0,0,0,0,0,0,0,0,0,0,0,0,0,0,1,0,0,0,0,0,0,0,0,2,19,13
"Zotu4670",0,0,0,0,0,0,0,0,0,0,0,0,0,0,7,0,0,0,0,0,0,0,0,0,2,0,0,0,0,0,0,0,0,0,0,0,0,0,0,0,0,0,0,0,0,0,0,0,0,2,0,30,0,0,0,0,0,0,0,1,0,1
"Zotu3277",0,0,0,0,0,0,0,0,0,0,0,0,0,0,6,0,0,0,0,0,11,0,0,0,1,0,0,0,0,0,0,0,0,0,0,1,0,0,0,1,0,0,0,0,1,1,0,0,0,1,0,50,0,0,0,0,0,1,0,2,1,1
"Zotu4649",0,0,0,0,0,0,0,0,0,0,0,0,0,0,5,0,0,0,0,0,0,0,0,0,0,0,0,0,0,0,0,1,0,1,1,0,0,1,0,2,0,0,1,1,1,0,0,0,0,0,0,0,0,0,1,0,35,0,0,0,1,0
"Zotu5762",0,0,0,0,0,0,0,0,0,0,0,0,0,0,18,0,0,0,0,0,0,0,0,0,0,0,0,0,0,0,0,0,0,0,0,0,0,0,0,0,0,0,0,0,0,0,0,0,0,0,0,6,0,4,0,0,0,0,0,0,0,0
"Zotu3396",0,0,0,0,0,0,0,0,0,0,0,0,0,0,3,0,7,0,0,1,9,0,0,1,0,0,0,0,0,0,0,1,0,0,0,0,1,0,0,0,0,0,0,1,0,1,0,2,0,35,0,14,0,0,0,0,0,0,0,0,0,1
"Zotu5072",0,0,0,0,0,0,0,0,0,0,0,0,0,0,7,0,0,0,0,0,18,0,0,0,0,0,0,0,0,1,0,0,0,0,0,0,0,0,0,0,1,0,0,26,0,0,0,0,1,0,0,11,0,36,0,0,0,0,1,0,0,9
"Zotu1694",0,0,0,0,0,0,0,0,0,0,0,0,0,0,4,0,7,0,0,0,37,0,0,0,0,0,0,0,0,0,0,1,1,0,1,0,0,0,1,1,0,0,2,0,0,0,1,0,0,0,0,59,63,0,0,0,0,1,0,0,1,1
"Zotu927",0,0,0,0,0,0,0,0,0,0,0,0,0,0,3,0,0,0,0,0,0,0,0,0,0,0,0,0,0,0,0,1,3,3,1,1,0,2,2,0,0,4,1,3,1,0,1,2,0,1,1,3,1,0,3,1,3,3,3,2,114,129
"Zotu1302",0,0,0,0,0,0,0,0,0,0,0,0,0,0,6,0,0,0,0,0,0,0,0,0,0,0,0,0,0,0,0,0,0,0,0,0,0,2,0,0,1,0,1,4,0,73,0,0,40,0,1,0,0,0,0,27,93,0,18,0,0,0
"Zotu5703",0,0,0,0,0,0,0,0,0,0,0,0,0,0,9,0,0,0,0,0,0,0,0,0,0,0,0,0,0,0,0,0,0,0,0,0,0,1,0,0,0,0,0,0,0,0,0,0,0,0,0,0,0,0,0,0,41,0,0,0,2,0
"Zotu1372",0,0,0,0,0,0,0,0,0,0,0,0,0,0,5,0,0,0,0,0,0,0,0,0,0,0,0,0,0,0,0,1,0,0,0,0,1,0,1,0,2,0,0,1,0,105,0,0,55,0,2,3,0,1,1,0,2,0,0,2,1,0
"Zotu4801",0,0,0,0,0,0,0,0,0,0,0,0,0,0,7,0,0,0,0,0,0,0,0,0,1,0,0,0,0,0,0,0,2,0,0,0,0,0,0,0,0,0,1,0,0,1,0,0,0,0,0,0,1,0,0,0,19,0,15,1,0,0
"Zotu4711",0,0,0,0,0,0,0,0,0,0,0,0,0,0,8,0,0,0,0,0,0,0,0,0,0,0,0,0,0,0,0,1,0,0,1,1,0,1,0,0,0,0,0,47,0,0,0,0,0,0,0,0,0,1,1,0,0,0,0,23,0,0
"Zotu124",0,0,0,0,0,0,0,0,0,0,0,0,0,0,4,0,0,0,0,0,0,0,0,0,0,0,0,0,0,0,0,10,13,13,4,17,8,22,16,19,9,15,16,7,7,12,9,6,6,6,7,7,13,8,483,380,618,93,45,51,86,11
"Zotu4707",0,0,0,0,0,0,0,0,0,0,0,0,0,0,7,0,0,0,0,0,0,0,0,0,0,0,0,0,0,0,0,0,0,0,0,1,0,0,0,0,0,0,0,1,0,0,0,0,0,0,0,0,33,0,0,0,1,0,0,0,0,0
"Zotu5991",0,0,0,0,0,0,0,0,0,0,0,0,0,0,2,0,0,0,0,0,0,0,0,0,0,0,0,0,0,0,0,0,0,0,0,0,0,2,0,0,0,0,0,0,0,1,0,0,0,0,0,0,0,0,1,1,19,0,28,8,0,0
"Zotu1592",0,0,0,0,0,0,0,0,0,0,0,0,0,0,5,0,0,0,0,0,0,0,0,0,0,0,0,0,0,0,0,1,1,2,1,3,1,0,0,1,1,1,0,1,0,85,0,0,61,0,1,0,0,0,8,1,41,2,0,0,2,1
"Zotu1919",0,0,0,0,0,0,0,0,0,0,0,0,0,0,5,0,0,0,0,0,0,0,0,0,0,0,0,0,0,0,0,0,0,0,118,0,0,0,0,0,0,0,0,0,0,0,0,1,0,0,0,9,1,0,0,0,0,0,0,0,0,0
"Zotu1067",0,0,0,0,0,0,0,0,0,0,0,0,0,0,20,0,0,0,0,0,0,0,0,0,0,0,0,0,0,0,0,0,0,0,1,0,0,0,0,1,0,1,1,0,2,0,3,0,1,0,0,0,0,2,7,15,186,1,49,0,0,1
"Zotu5975",0,0,0,0,0,0,0,0,0,0,0,0,0,0,6,0,8,0,0,0,0,0,0,0,0,0,0,0,0,0,1,0,0,0,0,0,0,0,0,0,0,0,0,0,0,0,0,0,0,0,0,2,0,0,0,0,0,0,0,0,0,0
"Zotu6269",0,0,0,0,0,0,0,0,0,0,0,0,0,0,4,0,0,0,0,0,0,0,0,0,0,0,0,0,0,0,0,0,0,1,1,1,0,0,0,0,0,2,0,0,0,1,1,0,0,0,1,1,1,0,0,0,0,0,0,0,8,15
"Zotu3271",0,0,0,0,0,0,0,0,0,0,0,0,0,0,5,0,0,1,0,0,0,0,0,0,0,0,0,0,0,0,1,0,0,1,0,0,0,0,0,0,1,0,3,1,0,1,0,1,0,0,1,0,1,0,1,2,0,0,2,0,87,8
"Zotu1348",0,0,0,0,0,0,0,0,0,0,0,0,0,0,4,0,0,0,0,0,0,0,0,0,0,0,1,0,0,0,0,1,0,1,1,1,0,38,1,52,1,0,65,1,2,0,1,2,0,0,0,2,2,1,0,0,0,0,0,1,1,0
"Zotu2141",0,0,0,0,0,0,0,0,0,0,0,0,0,0,3,0,0,0,0,0,0,0,0,0,0,0,0,0,0,0,0,0,0,0,1,0,0,0,2,0,0,0,0,0,0,0,0,1,0,0,0,0,0,1,62,49,2,0,0,0,0,0
"Zotu5696",0,0,0,0,0,0,0,0,0,0,0,0,0,0,8,0,0,0,0,0,0,5,0,0,0,0,0,0,0,0,0,0,0,1,0,0,1,0,0,0,0,0,0,0,0,0,0,0,0,0,0,6,0,0,0,0,0,0,0,0,0,0
"Zotu1429",0,0,0,0,0,0,0,0,0,0,0,0,0,0,4,0,0,0,0,0,0,0,0,0,0,0,0,0,0,0,0,3,0,0,0,0,2,1,0,0,0,2,1,0,1,0,130,0,2,0,0,7,0,3,0,1,0,0,0,0,0,10
"Zotu5531",0,0,0,0,0,0,0,0,0,0,0,0,0,0,5,0,0,0,0,0,0,0,0,0,0,0,0,0,0,0,0,0,0,0,0,0,0,0,0,0,0,0,0,0,0,0,0,0,1,0,0,1,0,0,0,0,1,0,46,0,0,0
"Zotu2695",0,0,0,0,0,0,0,0,0,0,0,0,0,0,3,0,0,0,0,0,0,0,0,0,0,0,0,0,0,0,0,0,1,1,0,0,0,0,0,0,1,0,0,3,2,0,0,0,0,0,0,10,1,71,0,0,0,0,0,0,0,0
"Zotu3503",0,0,0,0,0,0,0,0,0,0,0,0,0,0,5,0,0,0,0,0,0,0,0,0,0,0,0,0,0,0,0,1,2,0,0,0,1,0,0,3,1,0,0,1,0,0,0,0,0,1,0,18,0,0,0,0,0,0,0,0,1,30
"Zotu5381",0,0,0,0,0,0,0,0,0,0,0,0,0,0,3,0,3,0,0,0,1,0,0,0,0,0,0,0,0,0,0,0,0,0,0,0,0,0,0,0,1,0,0,15,0,0,0,0,0,0,0,0,0,0,0,0,0,0,0,0,0,1
"Zotu4107",0,0,0,0,0,0,0,0,0,0,0,0,0,0,9,0,0,0,0,0,0,0,0,0,0,0,0,0,0,0,0,0,0,0,0,0,0,0,0,0,0,0,0,0,0,0,0,0,0,0,0,0,0,22,44,0,0,0,0,0,2,0
"Zotu3196",0,0,0,0,0,0,0,0,0,0,0,0,0,0,7,0,0,0,0,0,0,0,0,0,0,0,0,0,0,0,0,0,1,0,0,0,0,0,0,0,0,0,0,0,0,1,0,0,0,0,0,1,0,0,12,2,0,0,1,45,0,0
"Zotu3195",0,0,0,0,0,0,0,0,0,0,0,0,0,0,2,0,0,0,0,0,0,0,0,0,0,0,0,0,0,0,0,0,0,0,0,0,0,0,0,0,0,0,1,0,0,41,0,0,0,0,0,0,1,0,0,11,1,1,0,0,0,1
"Zotu4246",0,0,0,0,0,0,0,0,0,0,0,0,0,0,2,0,0,0,0,0,0,0,0,0,0,0,0,0,0,0,1,1,0,1,0,0,0,0,1,0,0,0,0,39,0,0,0,0,0,0,0,0,0,1,0,0,0,1,1,0,0,0
"Zotu2838",0,0,0,0,0,0,0,0,0,0,0,0,0,0,12,0,0,0,0,0,0,0,0,0,0,0,0,0,0,0,0,0,0,0,0,0,0,0,0,0,0,0,0,0,0,0,0,0,0,0,0,0,0,0,38,11,0,0,2,0,0,0
"Zotu6096",0,0,0,0,0,0,0,0,0,0,0,0,0,0,9,0,10,0,0,0,0,0,0,0,0,1,0,0,0,0,0,0,0,0,0,0,0,0,0,0,0,2,0,0,0,0,0,0,0,0,0,0,0,0,0,0,0,0,0,0,0,0
"Zotu4747",0,0,0,0,0,0,0,0,0,0,0,0,0,0,5,0,4,0,0,0,0,0,0,0,0,0,0,0,0,0,0,0,1,3,0,0,0,0,0,0,0,1,0,0,0,0,1,0,0,0,1,0,0,0,0,0,0,0,1,0,14,12
"Zotu2883",0,0,0,0,0,0,0,0,0,0,0,0,0,0,1,0,3,0,0,0,0,0,0,0,0,0,0,0,0,0,0,0,1,1,0,0,37,0,0,1,0,1,1,1,0,0,0,3,1,0,39,1,0,0,0,0,0,0,1,0,1,0
"Zotu3604",0,0,0,0,0,0,0,0,0,0,0,0,0,0,40,0,0,0,0,1,0,1,1,0,0,0,2,0,0,0,1,0,0,0,0,0,0,0,0,0,0,0,0,0,0,0,0,0,0,0,0,0,0,0,0,0,0,0,0,0,0,0
"Zotu3689",0,0,0,0,0,0,0,0,0,0,0,0,0,0,4,0,0,0,0,0,0,0,0,0,0,0,0,0,0,0,0,0,0,1,0,0,1,14,0,0,0,0,0,0,1,0,1,1,0,0,0,0,0,1,38,28,1,0,0,0,1,1
"Zotu3778",0,0,0,0,0,0,0,0,0,0,0,0,0,0,5,0,0,0,0,0,0,0,0,0,0,0,0,0,0,0,0,0,0,1,1,0,0,1,0,0,0,0,0,0,2,1,0,1,0,0,0,2,1,0,10,17,23,1,0,26,1,0
"Zotu2331",0,0,0,0,0,0,0,0,0,0,0,0,0,0,20,0,0,0,0,0,0,0,0,0,0,0,0,0,0,0,0,22,0,1,2,2,2,1,2,0,0,2,1,2,1,3,0,0,1,0,0,2,0,0,74,5,1,0,1,1,0,0
"Zotu5855",0,0,0,0,0,0,0,0,0,0,0,0,0,0,1,0,0,0,0,0,1,1,0,0,0,0,0,1,0,41,0,0,0,0,0,0,0,0,0,0,0,0,0,0,0,0,0,0,0,0,0,0,0,0,0,0,0,0,0,0,0,0
"Zotu3739",0,0,0,0,0,0,0,0,0,0,0,0,0,0,4,0,0,0,2,0,0,0,0,0,0,0,0,0,0,0,1,0,0,1,0,0,0,0,0,0,0,19,0,0,0,0,0,0,0,0,0,0,11,0,0,0,0,0,0,0,0,0
"Zotu2837",0,0,0,0,0,0,0,0,0,0,0,0,0,0,7,0,0,0,0,0,4,0,0,0,0,0,0,0,18,0,0,0,0,1,0,0,0,0,0,0,0,0,0,0,0,0,0,0,1,1,0,34,0,0,1,0,0,0,0,0,0,0
"Zotu4265",0,0,0,0,0,0,0,0,0,0,0,0,0,0,19,0,0,0,3,0,0,0,0,0,0,0,0,0,0,0,0,0,0,0,0,0,0,0,0,0,0,0,0,0,0,1,0,0,0,0,0,0,0,1,21,3,0,0,0,0,0,0
"Zotu5275",0,0,0,0,0,0,0,0,0,0,0,0,0,0,2,1,3,0,0,0,0,0,0,0,0,0,0,0,0,17,1,0,0,0,0,0,0,0,0,0,0,0,0,0,0,0,0,0,0,0,0,0,0,0,0,0,0,0,0,0,0,0
"Zotu2596",0,0,0,0,0,0,0,0,0,0,0,0,0,0,6,0,0,0,0,0,0,0,0,0,0,0,0,0,0,0,0,0,0,0,0,1,0,1,0,0,0,1,0,2,0,0,0,0,1,0,1,7,0,0,1,15,41,0,1,0,0,0
"Zotu5417",0,0,0,0,0,0,0,0,0,0,0,0,0,0,5,0,1,0,0,0,0,0,0,0,0,0,0,0,0,0,0,0,0,0,0,0,0,0,0,0,0,0,0,0,0,0,0,0,0,0,1,0,18,1,0,0,0,0,0,1,1,0
"Zotu2158",0,0,0,0,0,0,0,0,0,0,0,0,0,0,1,0,0,0,0,0,0,0,0,0,0,0,0,0,0,0,0,1,1,30,1,1,1,36,28,0,0,0,0,1,1,0,1,3,1,0,2,4,1,0,0,2,1,0,0,0,0,0
"Zotu4491",0,0,0,0,0,0,0,0,0,0,0,0,0,0,12,0,0,0,0,0,0,0,0,0,0,0,0,0,0,0,0,0,0,0,0,1,0,0,0,1,0,0,0,0,0,0,0,0,0,0,0,0,0,0,0,0,0,0,0,0,30,0
"Zotu3630",0,0,0,0,0,0,0,0,0,0,0,0,0,0,21,0,0,0,0,0,0,0,0,0,0,0,0,0,0,0,1,1,0,0,1,0,0,0,0,0,0,0,0,0,0,0,0,0,0,0,0,0,0,26,0,0,0,1,0,0,0,0
"Zotu4367",0,0,0,0,0,0,0,0,0,0,0,0,0,0,10,0,0,0,0,0,0,4,0,0,0,0,0,0,0,0,0,0,0,0,0,0,0,0,0,0,0,0,0,0,0,0,0,0,0,0,0,0,27,0,4,0,0,0,1,0,0,0
"Zotu6322",0,0,0,0,0,0,0,0,0,0,0,0,0,0,2,0,0,0,0,0,0,0,0,0,0,0,0,0,0,0,0,0,0,0,0,0,0,0,0,0,0,0,0,2,0,0,0,0,1,0,0,0,0,0,1,0,20,0,0,0,0,0
"Zotu3733",0,0,0,0,0,0,0,0,0,0,0,0,0,0,2,0,0,0,0,0,0,0,0,0,0,0,0,0,0,0,0,1,0,0,0,0,0,0,0,0,0,0,0,0,0,0,1,0,1,0,49,0,1,0,0,0,0,0,0,0,1,0
"Zotu6325",0,0,0,0,0,0,0,0,0,0,0,0,0,0,1,0,0,0,0,0,0,0,0,0,1,0,0,0,0,0,0,2,1,0,1,0,0,0,1,0,0,1,0,0,0,0,0,1,0,0,0,0,0,0,0,1,0,1,11,0,0,4
"Zotu2036",0,0,0,0,0,0,0,0,0,0,0,0,0,0,5,0,0,0,11,0,0,0,0,0,0,0,0,0,0,1,0,2,0,1,0,0,0,0,0,0,0,2,0,0,0,2,1,0,2,0,1,8,1,0,1,0,14,0,26,31,1,0
"Zotu2908",0,0,0,0,0,0,0,0,0,0,0,0,0,0,7,0,0,0,0,0,0,0,0,0,0,0,0,0,0,0,0,1,1,0,0,0,0,0,0,1,1,0,0,0,0,0,0,0,0,0,73,0,0,0,0,0,0,0,0,0,42,12
"Zotu5251",0,0,0,0,0,0,0,0,0,0,0,0,0,0,1,0,0,0,0,2,0,0,0,0,0,0,0,0,17,0,1,0,0,0,0,0,0,0,0,0,0,0,0,0,0,0,0,0,0,0,0,0,0,0,0,0,0,0,0,0,0,0
"Zotu930",0,0,0,0,0,0,0,0,0,0,0,0,0,0,3,0,0,0,0,0,0,0,0,0,0,0,0,0,0,0,0,0,0,0,0,0,0,1,0,0,1,0,0,0,0,0,81,1,0,0,47,3,0,0,14,67,0,76,0,22,8,0
"Zotu1705",0,0,0,0,0,0,0,0,0,0,0,0,0,0,4,0,0,0,0,0,0,0,0,0,0,0,0,0,0,0,0,0,0,1,0,0,0,0,0,0,0,0,0,1,0,0,0,0,0,0,0,0,0,0,6,14,1,132,0,1,1,0
"Zotu6104",0,0,0,0,0,0,0,0,0,0,0,0,0,0,5,0,0,0,0,0,0,0,0,0,0,0,0,0,0,0,0,0,0,0,0,0,0,0,0,0,0,0,0,0,0,0,0,1,0,0,0,0,0,0,0,0,0,0,0,0,0,10
"Zotu2550",0,0,0,0,0,0,0,0,0,0,0,0,0,0,1,0,1,0,0,0,40,0,0,2,0,2,0,1,0,17,0,0,1,0,0,0,0,0,0,0,0,0,0,0,0,0,0,0,0,2,0,16,0,0,0,0,0,0,0,0,0,1
"Zotu3294",0,0,0,0,0,0,0,0,0,0,0,0,0,0,7,0,0,1,0,0,0,0,0,0,0,0,0,0,0,0,0,1,0,1,0,0,0,0,1,0,0,0,0,0,0,0,0,0,1,0,0,1,0,0,11,7,0,54,0,0,0,0
"Zotu4033",0,0,0,0,0,0,0,0,0,0,0,0,0,0,8,0,0,0,0,0,0,0,0,0,0,0,0,0,0,0,0,1,0,0,0,0,0,0,0,0,0,0,0,0,0,0,0,0,1,1,0,0,1,0,0,11,29,0,0,0,0,0
"Zotu5499",0,0,0,0,0,0,0,0,0,0,0,0,0,0,6,0,1,0,29,0,0,0,0,0,0,0,0,0,0,1,0,0,0,0,0,0,0,0,0,0,0,0,0,0,0,0,0,0,0,0,0,0,0,0,0,0,0,0,0,0,0,0
"Zotu5092",0,0,0,0,0,0,0,0,0,0,0,0,0,0,1,0,13,0,0,0,1,0,0,0,0,0,0,0,0,0,0,0,0,0,0,0,0,0,0,0,0,0,0,0,0,0,0,0,0,0,0,0,0,0,0,0,0,0,0,0,0,0
"Zotu96",0,0,0,0,0,0,0,0,0,0,0,0,0,0,3,0,0,0,0,0,0,0,0,0,0,0,0,0,0,0,0,9,7,14,19,20,8,16,8,14,10,20,10,23,16,18,14,20,16,13,12,13,17,12,133,802,472,404,61,586,184,21
"Zotu6228",0,0,0,0,0,0,0,0,0,0,0,0,0,0,7,0,0,0,0,0,1,0,0,0,0,0,0,0,0,0,0,0,0,0,0,0,0,0,0,0,0,0,0,0,0,0,1,0,0,0,0,16,1,0,0,0,0,0,0,0,1,0
"Zotu1287",0,0,0,0,0,0,0,0,0,0,0,0,0,0,1,0,1,1,2,0,28,3,0,1,1,0,0,0,0,44,0,1,3,42,0,0,0,65,2,3,1,1,0,0,0,1,0,0,0,1,1,14,0,0,0,1,0,1,0,0,1,0
"Zotu3038",0,0,0,0,0,0,0,0,0,0,0,0,0,0,5,0,0,0,0,1,0,0,0,0,0,0,0,0,0,0,0,0,0,1,0,0,0,0,0,0,0,0,0,0,1,0,0,0,55,0,3,0,1,1,0,0,0,0,1,0,0,0
"Zotu5483",0,0,0,0,0,0,0,0,0,0,0,0,0,0,2,0,0,0,0,0,0,0,0,0,0,0,0,0,0,0,0,0,0,0,0,0,0,0,0,0,0,0,0,0,0,0,0,0,0,1,0,7,1,0,0,22,1,0,0,0,0,0
"Zotu4349",0,0,0,0,0,0,0,0,0,0,0,0,0,0,2,0,0,0,0,0,0,0,0,0,0,0,0,0,0,0,0,0,1,0,0,0,0,0,0,0,0,0,0,0,0,0,0,0,0,1,1,0,0,0,4,15,13,0,1,0,0,1
"Zotu5455",0,0,0,0,0,0,0,0,0,0,0,0,0,0,2,0,0,0,0,0,0,0,0,0,0,0,0,0,0,0,0,0,0,0,0,0,0,0,0,0,0,1,0,0,0,0,1,0,0,0,0,0,0,0,0,0,28,0,0,0,0,1
"Zotu1327",0,0,0,0,0,0,0,0,0,0,0,0,0,0,3,0,0,0,0,0,0,0,0,0,0,0,0,1,0,0,0,0,0,0,0,0,0,2,0,0,0,0,1,2,0,1,0,0,0,0,0,1,0,1,6,15,0,133,11,13,1,0
"Zotu6081",0,0,0,0,0,0,0,0,0,0,0,0,0,0,2,0,0,0,0,0,0,0,0,0,0,0,0,0,1,0,0,0,0,0,0,0,0,0,0,0,0,0,0,0,0,0,0,1,1,0,0,3,0,8,7,0,0,0,0,0,0,0
"Zotu1816",0,0,0,0,0,0,0,0,0,0,0,0,0,0,2,0,6,0,0,0,0,0,0,0,0,0,0,0,0,0,0,0,1,1,0,0,0,2,0,1,0,0,120,2,0,0,0,0,0,0,0,1,0,0,0,0,0,0,0,0,0,1
"Zotu4614",0,0,0,0,0,0,0,0,0,0,0,0,0,0,2,0,0,0,0,0,0,0,0,0,0,0,0,0,0,0,0,1,0,0,0,0,0,0,0,0,0,0,0,0,0,1,0,0,0,0,0,0,0,0,0,0,0,32,0,2,0,0
"Zotu5572",0,0,0,0,0,0,0,0,0,0,0,0,0,0,5,0,0,0,0,0,0,0,0,0,0,0,0,0,0,0,0,0,0,0,0,1,0,0,0,0,0,0,0,2,0,0,0,0,0,1,0,0,0,0,1,7,11,0,1,1,0,13
"Zotu823",0,0,0,0,0,0,0,0,0,0,0,0,0,0,1,0,1,0,0,0,0,0,0,0,0,0,0,0,0,0,0,1,377,1,1,0,0,0,97,2,0,58,0,0,0,1,1,1,0,1,2,13,1,0,2,0,44,0,0,1,1,1
"Zotu3437",0,0,0,0,0,0,0,0,0,0,0,0,0,0,3,0,0,0,0,0,0,0,0,0,0,0,0,0,0,0,0,1,2,0,0,0,0,0,1,1,0,0,0,1,0,0,1,0,0,0,1,0,0,1,18,40,0,0,1,0,0,1
"Zotu2287",0,0,0,0,0,0,0,0,0,0,0,0,0,0,2,0,0,0,0,0,0,0,0,0,0,0,0,0,0,0,0,0,0,0,0,0,1,38,0,46,0,0,0,0,0,1,1,2,0,0,0,2,0,0,0,0,0,1,0,0,0,1
"Zotu5128",0,0,0,0,0,0,0,0,0,0,0,0,0,0,1,0,0,0,0,0,0,0,0,0,0,0,0,0,0,0,0,1,1,0,0,0,0,0,0,0,0,0,0,0,0,0,0,0,0,0,1,3,0,0,0,0,0,1,17,0,0,0
"Zotu5979",0,0,0,0,0,0,0,0,0,0,0,0,0,0,3,0,0,0,0,0,0,0,0,0,0,0,0,0,0,0,0,1,0,1,0,1,1,1,0,0,0,0,1,34,0,0,0,0,1,0,0,1,1,1,0,1,0,0,1,2,0,0
"Zotu2483",0,0,0,0,0,0,0,0,0,0,0,0,0,0,3,0,0,0,0,0,0,0,0,0,0,0,0,0,0,0,0,0,2,0,0,0,1,1,0,1,1,0,0,0,1,2,1,1,2,1,1,0,1,0,19,65,17,0,0,2,1,0
"Zotu1635",0,0,0,0,0,0,0,0,0,0,0,0,0,0,3,0,0,0,0,0,0,1,0,0,0,0,0,0,0,0,0,1,1,0,0,1,0,0,3,0,0,1,0,1,1,1,3,0,0,3,1,0,1,0,27,109,2,1,2,0,0,1
"Zotu4888",0,0,0,0,0,0,0,0,0,0,0,0,0,0,3,0,0,0,0,0,0,0,0,0,0,0,0,0,0,0,0,0,1,0,1,0,0,0,0,0,0,1,0,11,0,2,0,0,0,0,0,0,0,1,7,1,0,0,18,0,0,1
"Zotu4378",0,0,0,0,0,0,0,0,0,0,0,0,0,0,12,0,0,0,0,0,0,0,0,0,0,0,0,0,0,1,0,1,0,1,0,0,0,1,1,0,0,0,1,0,0,0,0,0,0,0,0,20,11,13,0,1,0,0,0,0,0,0
"Zotu2879",0,0,0,0,0,0,0,0,0,0,0,0,0,0,6,0,0,0,0,0,0,0,0,0,0,0,0,0,0,7,0,0,0,0,0,0,63,0,0,0,1,0,0,0,0,0,0,0,0,1,0,0,0,0,0,0,0,0,1,0,1,0
"Zotu2942",0,0,0,0,0,0,0,0,0,0,0,0,0,0,2,0,0,0,0,0,0,0,0,0,0,0,0,0,0,0,0,0,0,0,1,1,0,0,0,0,0,1,0,0,0,0,0,1,0,1,52,11,2,0,0,4,0,0,0,0,1,0
"Zotu2389",0,0,0,0,0,0,0,0,0,0,0,0,0,0,2,0,0,0,0,0,0,0,0,0,0,0,0,0,0,0,0,0,1,1,0,0,0,1,0,2,2,0,0,2,0,0,2,1,0,0,0,0,0,0,86,0,2,0,0,1,0,0
"Zotu5017",0,0,0,0,0,0,0,0,0,0,0,0,0,0,3,0,0,0,13,0,2,1,0,0,0,0,0,0,1,0,0,0,0,0,0,0,0,0,0,0,0,0,0,0,0,0,0,0,0,0,0,0,0,0,0,0,0,0,0,0,0,0
"Zotu1042",0,0,0,0,0,0,0,0,0,0,0,0,0,0,4,0,0,0,1,0,23,0,0,0,0,0,0,0,0,0,0,261,1,1,0,1,0,1,0,0,1,0,0,0,0,0,1,0,0,0,0,0,1,1,0,0,0,0,0,0,0,0
"Zotu3724",0,0,0,0,0,0,0,0,0,0,0,0,0,0,7,0,0,0,0,0,0,0,0,0,0,0,0,0,0,0,0,1,1,1,0,0,0,1,2,0,0,1,0,0,3,1,0,1,1,0,0,0,0,0,37,22,0,0,1,0,0,0
"Zotu4135",0,0,0,0,0,0,0,0,0,0,0,0,0,0,3,0,0,0,0,0,0,0,0,0,0,0,0,0,0,0,0,0,0,0,0,3,0,0,0,0,0,0,0,0,0,0,0,0,0,0,0,0,0,0,5,1,0,0,17,0,0,1
"Zotu4701",0,0,0,0,0,0,0,0,0,0,0,0,0,0,5,0,0,0,0,0,0,0,0,0,0,0,0,0,0,0,0,0,0,0,0,0,0,0,0,0,0,0,0,1,0,0,0,0,0,1,0,0,0,26,0,0,0,0,1,0,0,0
"Zotu4916",0,0,0,0,0,0,0,0,0,0,0,0,0,0,8,0,0,0,0,0,0,0,0,0,0,0,0,0,0,0,0,0,1,0,0,0,0,0,0,0,0,0,0,3,0,0,0,0,0,0,0,0,1,0,0,0,0,0,0,28,0,0
"Zotu4818",0,0,0,0,0,0,0,0,0,0,0,0,0,0,2,0,0,0,0,0,0,0,0,0,0,0,0,0,0,0,0,0,0,0,0,1,0,11,0,0,0,0,0,0,0,0,0,0,0,1,0,6,0,0,1,0,0,0,0,0,0,0
"Zotu3345",0,0,0,0,0,0,0,0,0,0,0,0,0,0,1,0,0,0,0,0,0,0,0,0,0,0,0,0,0,0,0,0,0,0,0,0,0,0,0,0,0,58,0,0,1,0,0,0,0,0,1,0,1,0,0,0,0,0,0,0,0,0
"Zotu6262",0,0,0,0,0,0,0,0,0,0,0,0,0,0,1,0,0,0,0,0,14,0,0,0,0,0,0,0,0,0,0,0,0,0,0,0,0,0,0,0,0,0,0,0,0,0,0,0,0,0,0,0,0,0,0,0,0,0,0,0,0,0
"Zotu4369",0,0,0,0,0,0,0,0,0,0,0,0,0,0,1,0,0,0,37,0,0,0,0,0,0,0,0,0,0,0,0,0,1,0,0,0,0,0,0,0,0,0,0,0,0,0,0,0,0,1,0,0,0,21,5,0,0,0,0,0,0,0
"Zotu1100",0,0,0,0,0,0,0,0,0,0,0,0,0,0,13,1,0,0,0,0,1,0,0,0,0,1,0,0,0,0,0,1,2,1,108,1,1,0,0,73,2,1,0,0,0,1,3,1,0,0,0,15,27,1,1,0,0,0,0,0,1,1
"Zotu2549",0,0,0,0,0,0,0,0,0,0,0,0,0,0,2,0,0,0,1,0,0,0,0,0,0,0,0,0,0,0,0,0,0,0,0,0,0,0,0,0,0,0,0,6,0,0,0,0,0,1,0,2,0,0,1,99,0,1,1,0,1,0
"Zotu5028",0,0,0,0,0,0,0,0,0,0,0,0,0,0,2,0,2,1,0,0,0,0,0,0,0,0,0,0,0,0,0,0,0,0,0,0,1,0,0,0,0,0,0,2,0,0,0,0,0,0,0,0,0,2,0,17,0,1,0,0,2,1
"Zotu4915",0,0,0,0,0,0,0,0,0,0,0,0,0,0,4,0,0,0,0,0,0,0,0,0,0,0,0,0,0,0,0,0,0,0,0,0,0,0,0,0,0,0,0,1,0,0,0,0,0,0,0,0,0,1,0,0,0,0,0,0,21,0
"Zotu2301",0,0,0,0,0,0,0,0,0,0,0,0,0,0,3,0,0,0,16,0,1,0,0,0,0,0,0,0,0,0,0,0,0,0,1,0,0,0,0,0,0,0,0,1,1,0,0,0,1,0,0,0,0,1,0,1,81,0,0,1,0,0
"Zotu2552",0,0,0,0,0,0,0,0,0,0,0,0,0,0,1,0,1,0,0,0,0,0,0,0,0,0,77,1,0,0,0,0,0,0,0,0,0,0,0,0,0,0,0,0,0,0,0,0,0,0,0,0,0,0,0,0,0,0,0,0,0,0
"Zotu5343",0,0,0,0,0,0,0,0,0,0,0,0,0,0,2,23,0,0,9,1,0,0,0,0,0,0,0,0,0,0,1,0,0,0,0,0,0,0,0,0,0,0,0,0,0,0,0,0,0,0,0,0,0,0,0,0,0,0,0,0,0,0
"Zotu1368",0,0,0,0,0,0,0,0,0,0,0,0,0,0,1,0,0,0,0,0,0,0,0,0,0,0,0,0,0,0,0,1,1,0,4,1,1,1,0,2,1,0,3,0,1,2,1,1,2,1,2,0,2,0,26,30,105,0,0,8,0,1
"Zotu6336",0,0,0,0,0,0,0,0,0,0,0,0,0,0,2,0,4,0,0,0,0,0,0,0,1,0,0,0,0,0,0,0,0,0,0,0,0,0,0,1,0,0,0,0,0,0,0,0,0,1,0,0,0,0,0,0,1,0,0,0,0,15
"Zotu1928",0,0,0,0,0,0,0,0,0,0,0,0,0,0,4,0,0,0,0,0,0,0,0,0,0,0,0,0,0,0,0,0,115,1,1,0,0,1,0,0,0,0,0,0,0,0,0,3,1,0,0,1,0,0,2,0,2,1,1,0,0,0
"Zotu1780",0,0,0,0,0,0,0,0,0,0,0,0,0,0,1,0,0,0,0,0,0,0,1,0,0,0,19,0,0,0,0,0,0,1,0,13,13,3,15,4,0,10,17,0,0,16,0,0,0,0,1,2,0,0,2,4,3,1,0,0,1,1
"Zotu3977",0,0,0,0,0,0,0,0,0,0,0,0,0,0,3,0,0,0,0,0,0,0,0,0,0,0,0,0,0,0,0,0,0,0,0,0,1,0,0,0,0,32,0,0,0,0,0,0,1,0,0,0,0,0,0,0,0,0,0,0,1,1
"Zotu1164",0,0,0,0,0,0,0,0,0,0,0,0,0,0,1,0,8,2,0,0,1,239,0,0,0,0,0,0,0,0,0,0,0,0,0,0,0,0,0,0,1,0,0,0,0,0,0,0,0,0,0,7,0,0,0,0,0,0,0,1,29,0
"Zotu2286",0,0,0,0,0,0,0,0,0,0,0,0,0,0,1,0,0,0,0,0,0,0,0,1,0,0,0,0,0,0,0,1,1,1,1,0,2,1,0,0,0,2,0,0,4,0,0,0,0,1,54,17,6,14,0,1,0,0,0,0,2,5
"Zotu5925",0,0,0,0,0,0,0,0,0,0,0,0,0,0,2,0,0,0,0,0,15,0,0,0,0,0,0,0,0,0,0,0,0,0,0,0,0,0,0,0,0,0,0,0,0,0,0,0,0,0,0,0,0,0,0,0,0,0,0,0,0,0
"Zotu2749",0,0,0,0,0,0,0,0,0,0,0,0,0,0,1,0,0,0,0,0,0,0,0,0,0,0,0,0,0,0,0,0,0,0,0,0,0,0,1,2,1,0,0,0,0,0,0,55,0,0,0,0,0,0,0,0,0,0,0,1,0,0
"Zotu4168",0,0,0,0,0,0,0,0,0,0,0,0,0,0,2,0,0,0,0,0,0,0,0,0,0,0,0,0,29,0,0,0,0,0,0,0,0,0,0,0,0,0,0,1,0,0,0,1,0,0,0,7,0,0,0,15,0,0,0,0,0,0
"Zotu6389",0,0,0,0,0,0,0,0,0,0,0,0,0,0,2,0,2,0,0,0,0,0,0,0,0,0,0,0,0,0,0,0,0,0,0,0,0,0,0,0,0,0,0,0,0,0,0,0,0,0,0,5,0,0,0,0,0,1,6,0,1,0
"Zotu3699",0,0,0,0,0,0,0,0,0,0,0,0,0,0,4,0,0,0,0,0,0,0,0,0,0,0,0,0,0,0,0,0,0,0,0,0,0,0,0,0,0,0,0,2,0,0,68,0,2,0,0,0,0,0,0,1,0,0,0,0,0,0
"Zotu1018",0,0,0,0,0,0,0,0,0,0,0,0,0,0,1,0,0,0,0,0,0,0,0,0,0,0,0,0,0,0,0,1,1,1,2,5,0,1,1,1,1,1,1,1,2,0,0,0,1,1,0,0,2,11,12,64,96,0,44,0,2,0
"Zotu5252",0,0,0,0,0,0,0,0,0,0,0,0,0,0,2,0,0,0,0,0,0,0,0,0,0,0,0,0,0,0,0,1,1,0,1,0,0,0,0,0,0,1,0,22,1,0,0,0,0,0,0,0,0,1,0,0,1,0,0,0,0,0
"Zotu5775",0,0,0,0,0,0,0,0,0,0,0,0,0,0,2,0,0,0,0,0,15,0,0,0,0,0,0,0,0,0,0,0,0,0,0,0,0,0,0,0,0,0,0,2,0,0,0,0,1,0,0,12,0,0,0,0,0,0,0,0,0,0
"Zotu2372",0,0,0,0,0,0,0,0,0,0,0,0,0,0,1,0,0,0,0,0,0,0,0,0,0,0,0,0,15,0,0,1,0,1,0,0,0,0,20,0,0,0,0,0,0,1,0,0,1,1,0,0,0,0,12,15,15,1,10,3,12,1
"Zotu5844",0,0,0,0,0,0,0,0,0,0,0,0,0,0,3,0,0,0,0,0,0,0,0,0,0,0,0,0,0,0,0,0,0,1,1,0,0,0,1,1,0,0,0,0,0,0,0,0,0,0,1,16,1,0,0,1,0,0,0,0,1,0
"Zotu6192",0,0,0,0,0,0,0,0,0,0,0,0,0,0,2,0,0,0,0,0,0,0,0,0,0,0,0,0,0,0,0,0,0,0,0,2,0,0,0,0,0,0,0,0,0,0,0,0,0,0,0,0,0,0,0,0,0,0,0,33,0,0
"Zotu6097",0,0,0,0,0,0,0,0,0,0,0,0,0,0,1,0,0,0,0,0,0,0,0,0,0,0,0,0,0,0,0,0,1,0,0,0,0,0,0,0,0,17,0,0,0,0,0,0,0,0,0,0,0,0,0,0,0,0,0,0,0,0
"Zotu4011",0,0,0,0,0,0,0,0,0,0,0,0,0,0,1,0,4,0,0,0,2,0,0,0,0,0,2,0,0,0,0,0,0,1,0,0,0,0,0,0,1,0,0,0,1,0,0,0,1,0,2,1,29,6,0,0,0,1,0,0,0,0
"Zotu2715",0,0,0,0,0,0,0,0,0,0,0,0,0,0,2,1,3,0,0,0,0,0,0,0,0,0,0,0,0,0,0,0,0,0,0,1,0,1,1,0,1,0,2,0,1,0,0,1,0,2,0,0,0,0,3,0,10,57,2,1,0,3
"Zotu2649",0,0,0,0,0,0,0,0,0,0,0,0,0,0,1,0,9,0,0,0,0,0,0,0,0,0,0,0,0,0,0,0,0,0,0,0,0,0,0,0,0,0,0,0,0,0,1,0,0,1,0,1,1,0,0,0,0,0,0,1,11,44
"Zotu2477",0,0,0,0,0,0,0,0,0,0,0,0,0,0,2,0,0,0,0,0,0,0,0,0,0,1,0,0,0,0,0,0,2,0,0,0,0,0,0,1,1,0,0,0,0,1,0,0,0,0,0,0,0,0,9,9,31,1,0,0,0,0
"Zotu1735",0,0,0,0,0,0,0,0,0,0,0,0,0,0,1,0,0,0,0,0,2,0,0,0,0,0,0,0,0,0,0,0,1,0,1,1,0,0,0,0,0,0,0,1,96,1,0,0,1,0,0,4,1,0,1,0,1,1,0,0,0,20
"Zotu5921",0,0,0,0,0,0,0,0,0,0,0,0,0,0,2,0,0,0,4,0,0,0,0,0,0,0,0,0,0,0,0,0,0,0,0,0,0,0,0,0,0,0,0,0,0,40,0,0,0,0,0,0,0,0,0,0,0,0,4,0,0,0
"Zotu2536",0,0,0,0,0,0,0,0,0,0,0,0,0,0,1,0,1,0,0,0,0,0,0,0,0,0,0,71,0,0,0,0,0,2,1,0,0,0,0,0,0,0,0,0,0,0,0,0,1,0,0,0,0,26,23,0,0,0,0,0,0,0
"Zotu2422",0,0,0,0,0,0,0,0,0,0,0,0,0,0,2,0,0,0,0,0,0,0,0,0,0,0,0,0,0,0,0,0,0,0,0,0,0,0,0,0,0,0,0,0,1,0,0,0,0,0,1,4,0,0,19,93,10,0,0,1,0,0
"Zotu1331",0,0,0,0,0,0,0,0,0,0,0,0,0,0,1,0,0,0,0,0,0,0,0,0,0,0,0,0,0,0,0,0,0,0,1,1,0,1,1,0,1,2,104,0,0,0,1,0,0,1,2,0,0,0,9,23,14,1,11,1,1,0
"Zotu4622",0,0,0,0,0,0,0,0,0,0,0,0,0,0,2,0,0,0,0,0,0,0,0,0,0,0,0,0,0,0,0,1,0,0,1,0,0,0,0,57,0,0,0,0,0,0,1,0,0,0,0,0,1,0,11,13,0,0,0,0,0,1
"Zotu6230",0,0,0,0,0,0,0,0,0,0,0,0,0,0,1,0,0,0,0,0,0,0,0,0,0,0,0,0,0,8,0,0,0,0,1,0,1,0,0,0,0,0,0,24,0,0,0,0,0,0,0,6,0,0,0,0,0,0,0,1,0,0
"Zotu3821",0,0,0,0,0,0,0,0,0,0,0,0,0,0,2,0,0,0,0,0,0,0,0,0,0,0,0,0,0,0,0,0,0,0,0,0,0,0,0,0,0,0,0,0,0,0,0,0,1,0,1,0,0,0,0,0,0,0,0,40,0,0
"Zotu6408",0,0,0,0,0,0,0,0,0,0,0,0,0,0,1,0,0,0,0,0,8,1,0,0,0,0,0,1,0,13,0,0,0,0,0,0,0,0,1,0,0,0,0,1,0,0,0,0,0,0,0,17,0,0,0,0,0,0,0,0,0,0
"Zotu943",0,0,0,0,0,0,0,0,0,0,0,0,0,0,1,0,0,1,0,0,0,0,0,0,0,0,0,0,0,0,0,0,0,1,0,263,0,0,0,1,2,0,1,0,0,1,0,1,0,0,0,1,1,0,0,1,1,1,0,0,1,0
"Zotu4289",0,0,0,0,0,0,0,0,0,0,0,0,0,0,1,0,0,0,0,0,0,0,0,0,0,0,0,0,0,0,0,0,0,0,0,0,0,0,0,0,0,1,0,0,2,0,0,30,0,0,0,0,0,0,0,11,13,0,0,0,1,0
"Zotu2947",0,0,0,0,0,0,0,0,0,0,0,0,0,0,1,0,0,0,0,0,0,0,0,0,0,0,0,0,0,0,0,0,0,0,0,0,1,1,2,0,0,0,0,0,0,0,1,0,0,0,1,1,1,0,14,7,0,0,39,1,1,0
"Zotu3326",0,0,0,0,0,0,0,0,0,0,0,0,0,0,1,0,0,0,0,0,0,0,0,0,0,0,0,0,0,0,0,0,0,1,0,1,0,0,0,43,0,0,0,0,0,0,0,1,1,0,0,0,0,0,0,0,0,0,0,0,0,0
"Zotu4423",0,0,0,0,0,0,0,0,0,0,0,0,0,0,1,0,8,0,0,0,0,1,0,0,0,0,0,0,0,0,0,0,0,1,1,0,0,1,44,0,0,2,0,0,2,0,1,0,0,0,0,0,1,0,0,0,0,0,0,0,0,2
"Zotu1461",0,0,0,0,0,0,0,0,0,0,0,0,0,0,1,0,0,0,0,0,0,0,0,0,0,0,0,0,0,0,0,0,1,2,1,3,1,62,42,32,0,0,0,0,0,0,0,1,0,0,0,4,0,0,0,0,0,0,0,0,1,0
"Zotu3086",0,0,0,0,0,0,0,0,0,0,0,0,0,0,1,0,0,0,0,0,0,0,0,0,0,0,0,0,0,0,0,0,0,1,0,0,0,0,0,0,0,58,0,0,1,0,0,0,0,0,0,0,0,0,0,0,0,0,0,0,1,0
"Zotu2520",0,0,0,0,0,0,0,0,0,0,0,0,0,0,1,0,0,0,0,0,0,0,0,0,0,0,0,1,0,0,0,0,0,0,0,0,68,0,0,0,0,1,0,1,0,0,0,0,0,1,0,2,0,0,0,1,0,0,0,0,2,1
"Zotu2911",0,0,0,0,0,0,0,0,0,0,0,0,0,0,1,0,0,0,0,0,1,2,0,0,0,0,0,0,0,0,0,0,2,1,0,53,1,1,0,0,0,0,1,0,0,0,0,0,0,0,0,0,0,1,1,0,0,0,0,0,1,0
"Zotu2099",0,0,0,0,0,0,0,0,0,0,0,0,0,0,1,0,0,0,0,0,0,0,0,0,0,0,0,0,0,0,0,0,1,0,0,1,2,0,0,0,1,0,0,1,0,138,1,0,0,0,0,0,0,0,1,25,47,0,1,1,1,0
"Zotu2340",0,0,0,0,0,0,0,0,0,0,0,0,0,0,1,0,0,0,0,0,0,0,0,0,0,0,0,0,0,0,0,0,0,0,0,0,1,0,0,0,0,0,0,0,1,0,1,1,0,0,2,0,0,1,0,7,22,1,67,1,0,0
"Zotu6087",0,0,0,0,0,0,0,0,0,0,0,0,0,0,1,0,0,0,0,0,0,0,0,0,0,0,0,0,0,0,0,0,0,0,1,1,0,0,0,0,0,0,0,0,1,0,0,0,0,0,0,0,20,1,0,4,0,0,1,1,0,0
"Zotu3494",0,0,0,0,0,0,0,0,0,0,0,0,0,0,2,0,0,0,0,0,0,0,0,0,0,0,0,0,0,0,0,0,0,1,0,0,0,0,0,0,0,0,2,0,54,1,0,0,0,0,0,0,0,1,0,0,0,0,0,0,1,0
"Zotu2988",0,0,0,0,0,0,0,0,0,0,0,0,0,0,1,0,0,0,0,0,1,0,0,0,0,0,0,0,0,0,0,0,0,0,1,0,1,0,0,0,0,0,0,0,83,0,0,0,0,0,2,7,0,0,0,0,1,0,1,0,0,0
"Zotu5831",0,0,0,0,0,0,0,0,0,0,0,0,0,0,1,0,0,0,0,0,0,0,0,0,0,0,0,0,0,0,0,0,0,1,0,0,0,0,1,0,0,0,0,1,0,0,0,0,0,0,0,6,0,0,0,0,0,0,0,0,0,15
"Zotu1667",0,0,0,0,0,0,0,0,0,0,0,0,0,0,1,0,0,9,0,0,0,0,0,0,0,1,0,0,0,0,0,1,0,0,0,0,1,2,2,0,0,1,1,0,0,88,2,0,6,0,2,5,11,0,1,1,0,4,48,0,1,0
"Zotu2296",0,0,0,0,0,0,0,0,0,0,0,0,0,0,2,0,0,0,0,0,0,0,0,0,0,0,0,0,0,0,0,1,0,1,98,0,0,0,1,0,0,0,0,0,0,0,1,0,0,0,0,0,0,0,0,0,0,1,1,0,0,0
"Zotu3937",0,0,0,0,0,0,0,0,0,0,0,0,0,0,1,0,0,0,0,0,20,0,0,0,0,0,0,0,0,0,0,0,0,0,0,1,0,0,0,0,0,0,1,0,0,0,0,0,0,0,0,13,0,0,0,1,0,0,0,0,0,0
"Zotu6108",0,0,0,0,0,0,0,0,0,0,0,0,0,0,1,0,0,0,0,0,0,0,0,0,0,0,0,0,0,0,0,0,0,0,0,0,17,0,0,0,1,1,0,0,0,0,0,0,0,1,0,0,0,0,0,0,0,0,0,0,0,0
"Zotu5873",0,0,0,0,0,0,0,0,0,0,0,0,0,0,2,0,2,0,0,0,0,0,0,0,0,0,0,1,0,0,0,0,0,0,0,0,0,1,0,0,1,1,0,7,0,0,0,1,0,0,0,21,0,0,0,0,0,0,0,0,0,0
"Zotu1399",0,0,0,0,0,0,0,0,0,0,0,0,0,0,1,1,0,0,19,0,0,0,0,0,0,0,0,0,0,0,0,103,1,1,0,1,1,0,0,52,0,0,0,0,3,1,0,0,1,0,1,1,0,2,1,0,0,0,0,0,0,0
"Zotu1264",0,0,0,0,0,0,0,0,0,0,0,0,0,0,1,0,0,0,0,0,0,0,0,0,0,0,0,0,0,0,0,1,0,1,0,298,0,0,0,0,0,0,0,0,0,0,0,0,0,0,1,1,13,0,4,0,0,0,0,1,0,0
"Zotu5432",0,0,0,0,0,0,0,0,0,0,0,0,0,0,0,13,0,0,1,0,0,0,0,0,0,0,0,0,0,0,0,0,0,1,0,0,0,0,0,0,0,0,0,1,0,0,0,0,0,0,42,0,1,0,11,2,0,0,0,0,0,0
"Zotu3794",0,0,0,0,0,0,0,0,0,0,0,0,0,0,0,2,0,0,0,0,0,0,0,0,0,0,0,0,0,0,0,0,1,0,0,0,0,0,43,1,1,0,1,0,0,1,0,0,1,0,0,5,1,0,0,0,0,0,0,0,0,2
"Zotu4476",0,0,0,0,0,0,0,0,0,0,0,0,0,0,0,1,0,0,0,0,0,0,1,0,0,0,0,0,6,0,0,0,0,0,1,0,36,0,0,0,0,0,0,0,0,0,0,0,0,0,0,0,0,0,0,0,0,0,0,0,0,0
"Zotu2243",0,0,0,0,0,0,0,0,0,0,0,0,0,0,0,1,0,0,0,0,0,0,0,0,0,0,0,0,0,0,119,0,0,0,0,0,0,0,0,0,0,0,0,0,0,0,0,0,0,0,0,0,0,0,0,0,0,0,0,0,0,0
"Zotu3883",0,0,0,0,0,0,0,0,0,0,0,0,0,0,0,1,0,0,0,0,0,0,0,0,0,1,0,0,37,1,0,0,0,0,0,0,0,0,0,0,0,0,0,0,0,0,0,0,0,0,0,0,0,0,0,0,0,0,0,0,0,0
"Zotu4648",0,0,0,0,0,0,0,0,0,0,0,0,0,0,0,1,1,0,0,0,0,0,0,2,0,0,0,0,22,1,0,0,0,0,0,0,0,0,0,0,0,0,0,0,0,0,0,0,0,0,0,0,0,0,0,0,0,0,0,0,0,0
"Zotu5183",0,0,0,0,0,0,0,0,0,0,0,0,0,0,0,1,0,0,0,0,6,0,0,0,0,0,0,0,0,0,0,1,0,0,0,0,21,0,0,0,0,0,0,0,0,1,0,0,0,0,0,1,0,0,0,0,0,0,0,0,0,0
"Zotu4577",0,0,0,0,0,0,0,0,0,0,0,0,0,0,0,1,0,0,0,0,0,0,0,0,0,0,0,0,0,0,0,0,0,0,0,0,0,0,0,0,0,0,0,0,0,43,0,0,0,0,0,1,0,1,0,0,0,0,0,0,0,2
"Zotu4767",0,0,0,0,0,0,0,0,0,0,0,0,0,0,0,0,5,0,0,0,0,0,0,0,0,0,0,0,0,0,0,1,0,0,0,0,0,0,0,1,0,1,0,1,0,0,0,1,0,0,0,0,0,0,0,0,0,0,34,0,0,0
"Zotu1232",0,0,0,0,0,0,0,0,0,0,0,0,0,0,0,0,5,0,0,0,1,0,0,0,0,0,0,0,0,0,0,0,1,2,0,3,0,1,0,0,1,1,1,0,1,3,1,1,1,2,1,2,2,1,0,2,0,1,0,17,104,68
"Zotu3110",0,0,0,0,0,0,0,0,0,0,0,0,0,0,0,0,16,0,0,0,0,0,0,0,0,0,0,0,0,0,0,0,0,0,1,0,1,1,0,0,0,0,0,59,0,0,0,0,0,1,0,0,0,2,0,0,0,0,0,1,0,0
"Zotu3108",0,0,0,0,0,0,0,0,0,0,0,0,0,0,0,0,5,0,0,0,0,0,0,0,0,0,0,0,0,0,0,0,0,56,0,0,0,0,1,2,0,1,0,0,0,0,0,1,0,0,1,0,1,0,0,1,0,0,0,0,1,0
"Zotu4132",0,0,0,0,0,0,0,0,0,0,0,0,0,0,0,0,6,0,0,0,10,0,0,0,0,1,0,0,0,0,0,1,0,0,0,0,0,0,0,0,0,0,0,0,0,0,0,0,0,0,23,11,0,1,0,0,0,0,0,0,2,0
"Zotu3225",0,0,0,0,0,0,0,0,0,0,0,0,0,0,0,0,4,0,0,0,0,0,1,0,0,0,0,0,0,0,0,3,1,0,0,0,2,1,0,0,1,60,0,0,0,1,1,0,0,0,0,0,0,0,7,2,0,0,14,0,0,0
"Zotu5642",0,0,0,0,0,0,0,0,0,0,0,0,0,0,0,0,96,1,0,0,0,0,0,0,0,0,0,0,0,0,1,0,0,0,0,0,0,0,0,0,0,0,0,0,0,0,0,0,0,0,0,0,0,0,0,0,0,0,0,0,0,0
"Zotu2441",0,0,0,0,0,0,0,0,0,0,0,0,0,0,0,0,3,0,0,0,0,0,0,0,0,0,0,0,2,0,0,3,1,0,0,0,0,0,0,0,0,0,0,0,85,0,0,0,1,0,0,12,1,0,0,0,0,2,2,0,0,1
"Zotu6061",0,0,0,0,0,0,0,0,0,0,0,0,0,0,0,0,10,1,0,0,0,0,0,0,0,0,0,0,0,0,0,0,0,0,0,0,0,0,0,0,0,0,0,0,0,0,0,0,0,1,0,6,0,0,0,0,0,0,0,0,0,0
"Zotu6047",0,0,0,0,0,0,0,0,0,0,0,0,0,0,0,0,1,0,0,0,1,0,0,0,0,0,0,0,0,0,0,0,0,0,0,0,0,0,0,0,0,0,0,1,0,0,0,0,0,0,0,0,0,13,0,0,0,0,0,0,0,0
"Zotu2050",0,0,0,0,0,0,0,0,0,0,0,0,0,0,0,0,4,0,0,0,0,0,0,0,0,0,0,0,0,0,0,0,0,1,0,0,0,0,0,2,1,0,135,0,0,0,0,0,1,0,1,1,0,1,0,1,0,0,0,1,1,0
"Zotu5547",0,0,0,0,0,0,0,0,0,0,0,0,0,0,0,0,4,0,0,0,0,0,0,0,0,0,0,0,0,0,0,2,1,1,0,0,0,0,0,0,0,1,0,1,0,0,1,1,1,2,1,0,0,1,0,0,1,0,0,0,7,35
"Zotu5918",0,0,0,0,0,0,0,0,0,0,0,0,0,0,0,0,6,0,0,0,0,0,0,0,0,0,0,0,0,0,0,1,0,0,0,0,0,16,0,0,0,0,0,0,0,0,0,0,0,0,0,0,0,0,0,0,0,0,0,0,0,0
"Zotu6372",0,0,0,0,0,0,0,0,0,0,0,0,0,0,0,0,29,0,0,0,0,0,0,0,0,0,0,0,0,0,0,0,0,0,0,0,0,0,0,0,0,0,0,2,0,0,0,0,0,0,0,0,0,0,0,0,0,0,0,0,0,0
"Zotu5525",0,0,0,0,0,0,0,0,0,0,0,0,0,0,0,0,5,0,0,0,0,0,0,0,0,0,0,0,0,0,1,1,1,0,0,1,0,1,0,0,0,0,0,0,0,0,0,0,1,0,1,0,1,0,1,0,13,0,0,0,12,0
"Zotu3444",0,0,0,0,0,0,0,0,0,0,0,0,0,0,0,0,2,0,0,0,0,0,0,0,0,0,0,0,0,0,0,0,0,1,0,1,1,0,1,2,0,1,0,0,0,0,0,2,0,0,0,0,0,0,11,4,12,0,0,12,2,1
"Zotu2805",0,0,0,0,0,0,0,0,0,0,0,0,0,0,0,0,16,0,0,0,0,0,0,0,0,0,0,0,0,0,0,1,0,35,53,0,0,1,0,1,0,0,0,4,0,0,1,1,0,2,0,0,2,0,0,0,0,0,0,0,0,1
"Zotu3384",0,0,0,0,0,0,0,0,0,0,0,0,0,0,0,0,3,0,0,0,0,0,0,0,0,0,1,0,0,0,0,0,0,0,0,1,56,0,30,0,0,0,0,1,0,0,0,0,1,0,0,0,0,0,1,1,0,1,0,0,0,0
"Zotu6034",0,0,0,0,0,0,0,0,0,0,0,0,0,0,0,0,2,0,0,0,0,0,0,0,0,0,0,0,0,0,0,0,1,0,0,0,0,0,0,35,1,0,0,0,0,1,0,1,0,0,0,0,0,1,0,0,0,0,0,0,0,0
"Zotu2606",0,0,0,0,0,0,0,0,0,0,0,0,0,0,0,0,1,0,0,0,0,0,0,0,0,0,0,0,0,0,0,0,0,0,0,0,69,2,0,0,0,1,0,1,0,1,0,2,2,1,0,0,0,0,1,0,1,0,0,0,0,1
"Zotu4846",0,0,0,0,0,0,0,0,0,0,0,0,0,0,0,0,1,0,0,0,0,0,0,0,0,0,0,0,0,0,0,0,0,0,0,0,48,0,0,0,0,0,0,1,0,0,0,0,0,1,2,0,0,0,1,0,0,0,0,1,0,1
"Zotu5673",0,0,0,0,0,0,0,0,0,0,0,0,0,0,0,0,20,0,0,0,0,0,0,0,0,0,0,0,0,0,0,0,0,0,0,0,0,0,0,0,0,0,0,0,0,0,0,0,0,0,0,0,0,0,0,0,0,0,0,0,0,0
"Zotu2437",0,0,0,0,0,0,0,0,0,0,0,0,0,0,0,0,3,0,0,0,0,0,0,0,0,0,0,0,0,0,0,0,0,0,0,0,0,0,0,0,0,0,0,1,51,1,0,0,0,0,0,0,0,1,0,0,0,0,46,0,1,0
"Zotu1200",0,0,0,0,0,0,0,0,0,0,0,0,0,0,0,0,6,0,0,0,55,0,0,0,0,0,0,0,0,1,0,1,3,0,1,0,1,0,0,1,0,2,1,1,110,0,0,0,0,1,27,16,2,2,0,0,0,0,1,1,2,6
"Zotu2553",0,0,0,0,0,0,0,0,0,0,0,0,0,0,0,0,4,0,0,0,0,0,0,0,0,0,0,0,0,0,0,2,0,0,0,0,0,1,0,0,0,0,0,2,66,0,0,0,0,0,0,0,0,0,0,0,1,1,0,0,1,0
"Zotu2858",0,0,0,0,0,0,0,0,0,0,0,0,0,0,0,0,1,0,0,0,0,0,0,0,0,0,0,0,0,0,0,0,0,2,0,1,0,0,0,1,4,1,0,1,1,0,0,0,0,0,1,3,0,0,0,0,1,0,0,0,0,103
"Zotu5994",0,0,0,0,0,0,0,0,0,0,0,0,0,0,0,0,3,0,0,0,0,0,0,0,0,0,0,0,0,0,0,0,0,0,0,3,0,0,0,0,0,0,0,44,0,0,0,1,0,0,0,0,0,0,0,0,0,0,1,0,0,0
"Zotu4201",0,0,0,0,0,0,0,0,0,0,0,0,0,0,0,0,9,0,0,0,0,0,0,0,0,0,0,0,0,0,0,0,0,0,1,0,0,1,0,0,0,0,0,1,0,0,0,0,0,0,0,4,0,16,1,1,0,0,0,0,1,1
"Zotu2080",0,0,0,0,0,0,0,0,0,0,0,0,0,0,0,0,1,0,0,0,0,0,0,0,0,0,0,0,0,0,0,0,0,0,2,0,1,0,0,0,0,1,2,1,112,1,0,0,2,1,0,0,2,1,0,2,1,0,0,0,0,1
"Zotu6233",0,0,0,0,0,0,0,0,0,0,0,0,0,0,0,0,12,0,0,0,0,0,0,0,2,0,0,0,0,0,0,0,0,0,0,0,0,0,0,0,0,0,0,0,0,0,0,0,0,0,0,0,0,0,0,0,0,0,0,0,0,0
"Zotu4054",0,0,0,0,0,0,0,0,0,0,0,0,0,0,0,0,1,0,0,0,0,0,0,0,0,0,0,0,0,0,0,0,0,0,0,0,0,0,0,0,0,0,0,0,0,0,1,1,0,0,1,0,0,0,1,0,2,2,21,19,0,0
"Zotu3425",0,0,0,0,0,0,0,0,0,0,0,0,0,0,0,0,1,0,0,0,0,0,0,0,0,0,0,0,0,0,0,0,0,1,0,0,0,0,0,0,1,0,0,0,0,0,0,0,0,1,51,6,0,0,0,0,0,0,0,0,1,0
"Zotu5944",0,0,0,0,0,0,0,0,0,0,0,0,0,0,0,0,1,0,0,0,0,0,0,0,0,0,0,0,0,0,0,0,1,0,1,0,0,0,0,0,0,0,0,0,15,0,0,0,0,1,0,21,0,0,0,1,0,0,2,0,2,11
"Zotu4194",0,0,0,0,0,0,0,0,0,0,0,0,0,0,0,0,1,0,0,0,0,0,0,0,0,0,0,0,0,0,0,0,0,0,2,0,0,1,0,0,0,31,0,0,0,0,0,0,0,0,0,0,1,0,0,0,0,0,0,0,0,0
"Zotu3148",0,0,0,0,0,0,0,0,0,0,0,0,0,0,0,0,1,0,0,0,0,0,0,0,0,0,0,0,0,0,0,2,0,0,0,0,1,0,0,1,0,1,0,1,0,0,1,0,2,0,1,0,0,0,1,0,0,0,1,58,16,0
"Zotu2202",0,0,0,0,0,0,0,0,0,0,0,0,0,0,0,0,1,0,0,0,3,0,0,0,0,0,0,0,0,0,0,0,1,0,0,0,0,0,1,0,0,0,93,2,1,0,0,0,0,0,0,0,0,0,0,0,0,1,0,0,0,0
"Zotu1455",0,0,0,0,0,0,0,0,0,0,0,0,0,0,0,0,2,0,0,0,0,0,0,0,0,0,0,0,0,0,0,1,2,0,0,0,0,0,0,15,1,38,81,0,1,0,1,2,1,0,0,0,1,1,0,4,0,0,25,0,1,1
"Zotu4113",0,0,0,0,0,0,0,0,0,0,0,0,0,0,0,0,1,0,0,0,0,0,0,0,0,0,0,0,0,0,0,0,0,0,0,0,0,0,1,0,0,0,0,1,0,0,0,0,0,1,0,0,0,49,7,0,0,0,0,0,0,0
"Zotu3085",0,0,0,0,0,0,0,0,0,0,0,0,0,0,0,0,5,0,0,0,0,0,0,0,0,0,0,0,0,0,1,0,0,0,0,0,0,1,0,1,0,0,0,2,0,0,118,0,0,1,0,1,0,0,0,0,0,0,0,1,0,0
"Zotu2799",0,0,0,0,0,0,0,0,0,0,0,0,0,0,0,0,3,0,0,0,0,0,0,0,0,0,0,0,0,0,0,0,0,0,126,1,0,0,0,0,0,0,0,1,0,0,0,0,1,1,0,0,0,0,0,0,1,0,0,1,0,0
"Zotu2704",0,0,0,0,0,0,0,0,0,0,0,0,0,0,0,0,2,0,0,0,0,0,0,0,0,0,0,0,0,0,0,0,0,0,0,0,1,0,1,0,0,0,0,169,0,2,0,0,0,0,1,0,0,0,0,3,1,0,2,0,1,1
"Zotu5004",0,0,0,0,0,0,0,0,0,0,0,0,0,0,0,0,4,0,0,0,0,0,0,0,0,0,0,36,0,0,0,0,0,0,0,0,0,0,0,0,0,0,0,0,0,0,0,0,0,0,0,0,0,0,0,0,0,0,0,0,0,0
"Zotu5333",0,0,0,0,0,0,0,0,0,0,0,0,0,0,0,0,1,0,0,0,0,0,0,0,0,0,0,0,0,0,0,0,0,0,0,0,0,0,0,1,1,0,0,0,0,24,0,0,0,0,0,0,0,0,0,0,1,0,0,0,1,0
"Zotu5527",0,0,0,0,0,0,0,0,0,0,0,0,0,0,0,0,6,0,0,0,0,0,0,0,0,0,0,0,0,0,0,0,1,0,0,0,0,0,38,0,0,1,0,0,0,0,0,0,1,0,0,0,0,0,0,0,0,0,0,0,1,0
"Zotu738",0,0,0,0,0,0,0,0,0,0,0,0,0,0,0,0,1,0,0,0,0,0,0,0,0,0,0,0,0,0,0,2,0,2,2,1,2,4,1,3,0,4,1,2,2,4,1,0,1,1,5,2,16,9,11,19,22,122,123,23,9,2
"Zotu5395",0,0,0,0,0,0,0,0,0,0,0,0,0,0,0,0,2,0,0,0,0,0,0,0,0,0,0,0,0,1,0,0,0,0,0,0,0,0,0,0,0,0,0,11,0,0,0,0,0,0,0,1,0,0,0,0,0,0,0,0,16,0
"Zotu6106",0,0,0,0,0,0,0,0,0,0,0,0,0,0,0,0,2,0,0,0,8,0,0,0,0,1,2,0,5,0,0,0,0,0,0,0,0,0,0,0,0,0,0,1,0,0,0,0,0,0,0,0,0,0,0,0,0,0,0,0,0,0
"Zotu2377",0,0,0,0,0,0,0,0,0,0,0,0,0,0,0,0,3,0,0,0,0,0,0,0,0,0,0,0,0,0,0,1,1,41,0,0,0,0,1,38,0,0,1,0,1,0,0,0,0,0,0,0,0,0,0,0,1,1,1,0,0,1
"Zotu1456",0,0,0,0,0,0,0,0,0,0,0,0,0,0,0,0,2,0,0,0,0,0,0,0,0,0,0,0,0,0,0,0,3,0,0,3,0,0,0,1,1,0,2,7,0,1,1,2,1,1,0,3,3,6,2,0,1,1,86,0,69,3
"Zotu3123",0,0,0,0,0,0,0,0,0,0,0,0,0,0,0,0,1,0,0,0,0,0,0,0,0,0,0,0,0,0,0,0,0,0,0,1,0,0,0,0,0,0,0,0,0,0,0,0,66,0,0,0,1,0,0,0,1,0,1,0,0,1
"Zotu5533",0,0,0,0,0,0,0,0,0,0,0,0,0,0,0,0,2,0,0,0,0,0,0,0,0,0,0,0,0,0,0,0,0,0,0,1,0,0,0,0,0,0,0,0,0,0,0,0,0,0,2,0,0,0,1,0,0,0,0,0,13,0
"Zotu4601",0,0,0,0,0,0,0,0,0,0,0,0,0,0,0,0,2,0,0,0,0,0,0,0,0,0,0,0,0,0,0,0,0,0,0,0,0,1,0,0,0,1,0,2,0,0,0,0,0,1,0,0,1,0,0,0,0,0,44,0,0,0
"Zotu6139",0,0,0,0,0,0,0,0,0,0,0,0,0,0,0,0,3,0,0,0,0,0,0,0,0,0,0,0,0,0,0,0,0,0,0,0,0,0,1,0,0,0,0,13,0,0,0,0,0,0,1,0,0,0,0,0,0,0,0,12,44,9
"Zotu5722",0,0,0,0,0,0,0,0,0,0,0,0,0,0,0,0,8,0,0,0,0,0,0,0,0,0,0,0,0,0,0,0,0,0,0,1,1,0,0,0,0,1,0,0,0,0,0,0,0,0,1,5,0,8,0,0,0,0,0,0,0,0
"Zotu4555",0,0,0,0,0,0,0,0,0,0,0,0,0,0,0,0,1,0,0,0,0,0,0,0,0,0,0,0,0,0,0,0,1,0,1,0,1,0,2,2,0,0,1,1,0,1,0,0,0,0,0,1,0,0,1,0,0,0,0,0,14,23
"Zotu5168",0,0,0,0,0,0,0,0,0,0,0,0,0,0,0,0,1,0,0,0,0,0,0,0,0,0,0,0,1,0,0,0,0,24,1,0,0,1,0,0,0,1,0,0,0,1,0,0,0,0,0,1,0,0,0,0,0,0,0,0,0,0
"Zotu2897",0,0,0,0,0,0,0,0,0,0,0,0,0,0,0,0,2,0,0,0,0,0,0,0,0,0,0,0,0,0,0,0,0,1,0,0,0,0,0,0,1,0,0,0,0,0,1,41,0,0,0,0,0,0,2,2,0,0,0,1,1,2
"Zotu4098",0,0,0,0,0,0,0,0,0,0,0,0,0,0,0,0,2,0,0,0,0,0,0,0,0,1,0,0,0,0,0,1,1,50,0,1,0,0,2,0,1,0,0,8,0,0,0,0,0,0,1,0,0,1,2,0,0,0,0,0,0,0
"Zotu3581",0,0,0,0,0,0,0,0,0,0,0,0,0,0,0,0,2,0,0,0,0,0,0,0,0,0,0,0,0,0,0,0,0,0,0,0,0,0,0,0,0,0,0,1,0,0,0,0,0,0,0,0,0,0,25,6,0,0,0,0,0,1
"Zotu887",0,0,0,0,0,0,0,0,0,0,0,0,0,0,0,0,2,0,0,0,0,0,0,0,0,0,0,0,0,0,0,2,0,85,280,3,0,1,1,3,1,1,1,0,0,0,2,0,1,1,0,1,1,2,0,0,2,0,0,0,1,0
"Zotu3287",0,0,0,0,0,0,0,0,0,0,0,0,0,0,0,0,4,0,0,0,0,0,0,0,0,0,0,0,0,0,0,0,0,0,0,0,0,0,0,0,0,1,0,2,0,0,0,0,0,1,1,7,45,0,0,1,1,0,0,1,1,1
"Zotu2048",0,0,0,0,0,0,0,0,0,0,0,0,0,0,0,0,1,0,0,0,0,0,0,0,0,0,0,0,0,0,1,1,0,0,2,1,1,2,2,0,0,0,0,91,0,0,1,0,1,0,1,0,0,0,0,3,1,2,2,0,0,0
"Zotu5596",0,0,0,0,0,0,0,0,0,0,0,0,0,0,0,0,1,0,0,0,0,0,0,0,0,0,0,0,0,0,0,0,1,0,1,0,0,0,0,0,0,0,0,0,0,0,0,0,0,0,0,24,0,0,0,0,0,0,0,0,0,0
"Zotu4128",0,0,0,0,0,0,0,0,0,0,0,0,0,0,0,0,1,0,0,0,0,0,0,0,0,0,0,0,0,0,0,0,0,0,32,0,0,1,0,0,0,0,0,0,0,0,0,0,0,0,0,0,0,0,0,0,0,1,0,0,0,0
"Zotu6290",0,0,0,0,0,0,0,0,0,0,0,0,0,0,0,0,1,0,0,0,0,0,0,0,0,0,0,0,0,0,0,0,0,0,0,0,0,0,0,0,0,0,1,0,19,1,0,0,0,0,0,0,0,0,1,0,0,0,0,2,0,2
"Zotu5278",0,0,0,0,0,0,0,0,0,0,0,0,0,0,0,0,2,0,0,0,0,0,0,0,1,0,0,0,0,0,24,0,0,0,0,0,0,0,0,0,0,0,0,2,0,0,0,0,0,0,0,0,0,0,0,0,0,0,0,0,0,0
"Zotu1670",0,0,0,0,0,0,0,0,0,0,0,0,0,0,0,0,1,0,0,0,0,0,0,0,0,0,0,0,0,0,0,1,0,0,0,0,2,2,69,68,0,1,0,0,0,1,1,0,0,0,0,0,1,0,0,0,0,0,0,0,2,1
"Zotu4376",0,0,0,0,0,0,0,0,0,0,0,0,0,0,0,0,1,0,0,0,0,0,3,0,0,1,0,0,0,0,0,0,0,0,3,0,0,0,0,0,0,1,0,0,1,1,48,0,0,0,0,0,0,0,0,0,0,0,0,0,1,0
"Zotu4288",0,0,0,0,0,0,0,0,0,0,0,0,0,0,0,0,2,0,0,0,0,0,0,0,0,1,0,0,5,11,0,2,0,0,0,0,0,0,0,0,0,52,0,0,0,0,0,0,0,0,0,2,0,1,2,0,0,0,0,0,0,2
"Zotu3685",0,0,0,0,0,0,0,0,0,0,0,0,0,0,0,0,1,0,0,0,0,0,0,0,0,0,0,0,0,0,0,1,0,0,0,0,0,36,0,0,0,0,0,2,0,1,0,0,0,0,0,1,0,0,0,0,0,0,0,0,0,0
"Zotu557",0,0,0,0,0,0,0,0,0,0,0,0,0,0,0,0,1,0,0,0,0,0,0,0,0,0,0,0,0,0,0,5,3,3,4,3,4,5,5,4,3,3,0,484,2,2,0,1,1,1,1,4,1,3,3,3,0,1,2,1,2,3
"Zotu2597",0,0,0,0,0,0,0,0,0,0,0,0,0,0,0,0,2,0,0,0,0,0,0,0,0,0,0,0,0,0,0,0,0,0,0,2,0,0,1,0,0,2,0,0,0,0,1,0,0,0,2,0,1,0,5,1,0,0,18,34,24,0
"Zotu2126",0,0,0,0,0,0,0,0,0,0,0,0,0,0,0,0,1,0,0,0,0,0,0,0,0,0,0,0,0,0,0,0,1,0,0,0,0,0,1,0,0,1,0,1,2,2,0,1,0,1,1,0,2,0,1,0,1,1,0,74,21,0
"Zotu3007",0,0,0,0,0,0,0,0,0,0,0,0,0,0,0,0,1,0,0,0,0,0,0,0,0,0,0,0,0,0,0,1,0,57,0,0,0,0,1,1,0,0,1,0,0,0,0,0,0,0,0,1,0,0,0,0,0,0,0,0,0,0
"Zotu1815",0,0,0,0,0,0,0,0,0,0,0,0,0,0,0,0,1,0,36,0,0,0,0,0,0,1,0,0,0,0,0,0,0,1,0,0,0,0,0,0,0,0,0,1,0,0,0,0,0,0,119,0,0,0,1,0,0,0,0,0,2,0
"Zotu2930",0,0,0,0,0,0,0,0,0,0,0,0,0,0,0,0,1,0,0,0,0,0,0,0,0,0,0,0,0,0,0,0,0,0,0,0,0,0,0,0,0,0,0,0,1,0,0,0,0,0,1,1,0,0,0,0,0,0,0,0,56,1
"Zotu4320",0,0,0,0,0,0,0,0,0,0,0,0,0,0,0,0,1,0,0,0,0,0,0,0,0,0,0,0,0,0,0,0,0,0,41,0,0,0,0,0,0,0,0,0,1,0,0,0,0,0,0,0,0,0,0,0,0,0,0,1,0,0
"Zotu4106",0,0,0,0,0,0,0,0,0,0,0,0,0,0,0,0,1,0,0,0,0,0,0,0,0,0,0,0,0,0,0,0,0,0,0,0,0,0,0,62,0,0,0,4,0,1,0,0,0,0,1,0,1,0,0,0,0,0,0,1,0,0
"Zotu2280",0,0,0,0,0,0,0,0,0,0,0,0,0,0,0,0,1,0,0,0,0,0,0,0,0,0,0,0,0,0,0,0,0,1,0,0,0,1,0,0,0,0,1,1,1,4,0,1,1,0,0,0,2,1,5,15,39,1,19,4,0,1
"Zotu5872",0,0,0,0,0,0,0,0,0,0,0,0,0,0,0,0,0,22,0,0,0,0,0,0,0,0,0,0,1,0,0,0,0,0,0,0,0,0,0,0,0,0,0,0,0,0,0,0,0,0,0,0,0,0,0,0,0,0,0,0,0,0
"Zotu5000",0,0,0,0,0,0,0,0,0,0,0,0,0,0,0,0,0,68,0,1,0,0,0,0,0,0,0,0,0,0,0,0,0,1,0,0,0,0,0,0,0,0,0,0,0,0,0,0,0,0,0,0,0,0,28,0,0,0,0,0,0,0
"Zotu5952",0,0,0,0,0,0,0,0,0,0,0,0,0,0,0,0,0,22,0,0,0,0,0,0,0,0,0,0,0,1,0,0,0,0,0,0,0,0,0,0,0,0,0,0,0,0,0,0,0,0,0,0,0,0,0,0,0,0,0,0,0,0
"Zotu5121",0,0,0,0,0,0,0,0,0,0,0,0,0,0,0,0,0,15,0,0,0,0,0,0,0,0,0,0,0,0,0,0,1,0,1,0,0,0,0,0,0,0,0,0,0,0,0,0,0,0,0,2,1,0,1,17,0,0,0,0,1,0
"Zotu3328",0,0,0,0,0,0,0,0,0,0,0,0,0,0,0,0,0,50,0,0,0,0,1,0,1,0,0,0,0,1,0,0,0,0,0,0,0,0,0,0,0,0,0,0,0,0,0,0,0,0,0,0,0,0,0,0,0,0,0,0,0,0
"Zotu2707",0,0,0,0,0,0,0,0,0,0,0,0,0,0,0,0,0,73,0,0,0,0,0,0,0,0,0,0,0,0,0,0,0,0,0,0,0,0,0,0,0,0,0,0,0,0,0,0,0,0,0,0,0,0,0,0,0,0,0,0,0,0
"Zotu801",0,0,0,0,0,0,0,0,0,0,0,0,0,0,0,0,0,1,0,0,0,0,0,0,0,29,0,0,0,0,0,2,0,78,24,2,0,0,0,2,1,1,1,0,0,1,1,0,1,2,5,28,64,73,0,1,2,2,1,1,0,2
"Zotu2260",0,0,0,0,0,0,0,0,0,0,0,0,0,0,0,0,0,4,0,0,3,0,0,1,0,0,0,0,0,0,0,0,1,0,0,0,1,0,0,1,4,16,85,28,0,0,0,0,0,0,0,0,2,7,0,0,2,1,0,1,3,6
"Zotu5014",0,0,0,0,0,0,0,0,0,0,0,0,0,0,0,0,0,2,0,0,8,0,1,0,1,0,0,0,21,0,1,0,0,0,0,0,0,0,0,0,0,0,0,0,0,0,0,0,0,0,0,0,0,0,0,0,0,0,0,0,0,0
"Zotu2526",0,0,0,0,0,0,0,0,0,0,0,0,0,0,0,0,0,1,0,0,0,0,0,0,0,0,0,0,25,0,1,0,0,0,0,0,1,0,0,1,1,0,1,0,1,1,1,0,0,0,2,5,32,25,5,0,0,0,1,1,0,1
"Zotu1407",0,0,0,0,0,0,0,0,0,0,0,0,0,0,0,0,0,2,0,0,0,0,0,0,0,0,0,0,0,0,0,2,1,0,0,0,1,0,1,0,0,0,1,0,0,0,0,1,1,0,42,0,1,0,90,0,2,1,0,0,0,1
"Zotu5688",0,0,0,0,0,0,0,0,0,0,0,0,0,0,0,0,0,1,0,0,0,0,1,0,0,0,0,0,25,1,0,0,0,0,0,0,0,0,0,0,0,0,0,0,0,0,0,0,0,0,0,0,0,0,0,0,0,0,0,0,0,0
"Zotu1964",0,0,0,0,0,0,0,0,0,0,0,0,0,0,0,0,0,0,23,0,0,1,0,0,0,0,0,0,0,1,0,0,0,0,0,0,0,0,1,1,1,0,1,2,0,0,2,0,0,0,1,0,0,0,1,1,0,1,63,11,1,0
"Zotu3186",0,0,0,0,0,0,0,0,0,0,0,0,0,0,0,0,0,0,78,0,0,0,0,0,0,0,0,0,0,0,0,0,0,0,0,0,0,0,0,0,0,0,0,0,0,0,0,0,0,0,0,0,0,0,0,0,0,0,0,0,0,0
"Zotu4240",0,0,0,0,0,0,0,0,0,0,0,0,0,0,0,0,0,0,1,0,0,0,0,0,0,0,0,0,3,0,0,0,45,0,0,0,13,1,0,0,0,0,1,0,0,0,0,0,1,0,0,0,1,0,0,0,0,1,0,0,0,0
"Zotu2387",0,0,0,0,0,0,0,0,0,0,0,0,0,0,0,0,0,0,24,0,0,0,0,0,0,0,0,0,0,0,0,0,0,1,1,0,1,0,0,0,0,0,0,1,0,0,1,0,0,0,0,0,0,0,67,0,0,0,0,0,2,0
"Zotu5309",0,0,0,0,0,0,0,0,0,0,0,0,0,0,0,0,0,0,29,0,0,0,0,0,0,0,0,0,0,0,0,0,0,0,0,0,0,0,0,0,0,0,0,0,0,0,0,0,0,0,0,0,0,0,0,0,0,0,0,0,0,0
"Zotu499",0,0,0,0,0,0,0,0,0,0,0,0,0,0,0,0,0,0,48,0,0,0,0,0,0,0,0,0,0,0,0,1,0,0,0,0,0,0,0,0,0,0,1,0,0,668,0,1,1,0,0,1,0,0,0,0,1,0,1,63,1,2
"Zotu4716",0,0,0,0,0,0,0,0,0,0,0,0,0,0,0,0,0,0,34,0,0,0,0,0,0,1,0,0,1,0,0,0,0,0,0,0,0,0,0,0,0,0,0,0,0,0,0,0,0,0,0,0,0,0,0,0,0,0,0,0,0,0
"Zotu5595",0,0,0,0,0,0,0,0,0,0,0,0,0,0,0,0,0,0,4,0,0,0,0,0,0,0,0,0,0,0,0,0,0,0,0,0,0,0,0,0,1,0,2,1,0,0,0,0,0,1,1,5,1,0,0,0,0,0,0,0,7,4
"Zotu1551",0,0,0,0,0,0,0,0,0,0,0,0,0,0,0,0,0,0,23,0,0,0,0,0,0,0,0,0,0,0,0,0,0,0,0,1,0,0,0,0,1,1,3,0,0,0,62,5,0,0,0,0,0,33,0,0,0,89,29,1,0,0
"Zotu5098",0,0,0,0,0,0,0,0,0,0,0,0,0,0,0,0,0,0,1,0,0,0,0,0,0,0,0,0,0,0,0,0,0,0,0,0,0,0,0,1,0,0,0,0,0,0,0,0,0,0,0,0,0,0,1,0,0,0,28,1,0,0
"Zotu4208",0,0,0,0,0,0,0,0,0,0,0,0,0,0,0,0,0,0,15,0,0,0,0,0,1,0,0,0,0,0,0,0,0,1,1,0,0,0,29,4,0,0,0,0,1,0,1,0,0,0,0,1,0,0,2,0,1,1,17,0,1,1
"Zotu6365",0,0,0,0,0,0,0,0,0,0,0,0,0,0,0,0,0,0,6,0,0,0,0,0,0,0,0,0,0,0,0,0,0,0,0,0,0,0,1,0,0,0,0,0,0,0,0,0,0,0,1,0,0,0,0,1,12,0,1,0,0,0
"Zotu603",0,0,0,0,0,0,0,0,0,0,0,0,0,0,0,0,0,0,1,0,0,0,0,0,0,0,0,0,0,0,0,1,0,1,1,1,1,0,0,0,0,1,3,0,1,2,0,0,146,270,0,1,0,0,0,2,21,0,0,1,1,0
"Zotu4990",0,0,0,0,0,0,0,0,0,0,0,0,0,0,0,0,0,0,1,0,0,0,0,0,0,0,0,0,0,0,0,0,0,0,0,0,0,0,1,2,1,0,0,0,1,0,1,1,0,0,0,0,39,1,0,0,0,1,2,0,0,1
"Zotu1668",0,0,0,0,0,0,0,0,0,0,0,0,0,0,0,0,0,0,1,0,0,0,0,0,0,0,0,0,0,1,0,0,1,1,0,0,1,0,0,0,0,0,2,3,0,1,0,2,0,1,0,12,0,0,166,19,0,0,44,1,0,3
"Zotu1103",0,0,0,0,0,0,0,0,0,0,0,0,0,0,0,0,0,0,1,1,0,0,0,0,0,0,0,0,0,0,0,0,0,0,210,2,7,1,0,2,1,0,5,3,0,0,0,1,0,1,0,0,0,1,1,0,1,1,0,1,1,1
"Zotu3045",0,0,0,0,0,0,0,0,0,0,0,0,0,0,0,0,0,0,0,83,0,0,0,0,0,0,4,0,0,0,0,0,0,0,0,0,0,0,0,0,0,0,0,0,0,0,0,0,0,0,0,0,0,0,0,0,0,0,0,0,0,0
"Zotu3691",0,0,0,0,0,0,0,0,0,0,0,0,0,0,0,0,0,0,0,46,0,0,0,0,0,1,0,0,0,0,0,0,0,0,0,0,0,0,0,0,0,0,0,0,0,0,0,0,0,0,0,0,0,0,0,0,0,0,0,0,0,0
"Zotu4146",0,0,0,0,0,0,0,0,0,0,0,0,0,0,0,0,0,0,0,36,0,0,0,0,0,0,0,0,0,0,0,0,0,0,0,0,0,0,0,0,0,0,0,0,0,0,0,0,0,0,0,0,0,0,0,0,0,0,0,0,0,0
"Zotu3250",0,0,0,0,0,0,0,0,0,0,0,0,0,0,0,0,0,0,0,2,0,0,0,0,0,0,0,9,0,0,0,1,0,1,1,0,1,0,0,0,0,0,0,0,0,72,0,1,0,0,0,0,0,1,1,0,0,0,0,0,0,0
"Zotu5044",0,0,0,0,0,0,0,0,0,0,0,0,0,0,0,0,0,0,0,24,0,0,0,0,0,0,0,0,0,0,0,0,0,0,0,0,2,0,0,0,0,0,0,1,0,0,0,0,0,0,0,2,1,47,0,0,0,0,0,0,0,1
"Zotu2335",0,0,0,0,0,0,0,0,0,0,0,0,0,0,0,0,0,0,0,1,0,0,0,0,0,0,1,0,0,115,0,0,0,0,0,0,0,0,0,0,0,0,0,0,0,0,0,0,0,0,0,0,0,0,0,0,0,0,0,0,0,0
"Zotu928",0,0,0,0,0,0,0,0,0,0,0,0,0,0,0,0,0,0,0,1,0,0,0,0,0,0,0,0,0,0,0,6,2,1,2,2,1,2,0,1,1,3,1,0,164,1,1,61,1,2,0,21,1,51,0,3,1,3,3,0,0,0
"Zotu809",0,0,0,0,0,0,0,0,0,0,0,0,0,0,0,0,0,0,0,1,0,0,0,0,0,0,0,0,0,0,0,1,1,4,1,3,2,1,0,3,2,5,0,2,2,1,0,4,1,2,1,0,2,0,1,3,62,119,10,46,78,1
"Zotu5065",0,0,0,0,0,0,0,0,0,0,0,0,0,0,0,0,0,0,0,1,0,0,0,27,0,0,0,0,0,0,0,1,0,0,0,0,0,0,0,0,0,0,0,0,0,0,0,0,0,0,0,0,0,0,0,0,0,0,0,0,0,2
"Zotu844",0,0,0,0,0,0,0,0,0,0,0,0,0,0,0,0,0,0,0,1,0,0,0,0,0,0,0,0,0,0,0,4,2,1,1,1,1,2,3,2,0,3,4,1,1,79,145,2,0,97,0,1,0,0,1,0,21,1,0,5,2,2
"Zotu5485",0,0,0,0,0,0,0,0,0,0,0,0,0,0,0,0,0,0,0,1,0,0,0,0,0,0,0,0,0,0,0,0,0,0,1,0,33,0,0,0,0,0,0,2,0,0,0,0,0,0,0,1,0,0,0,1,0,0,1,0,0,0
"Zotu4083",0,0,0,0,0,0,0,0,0,0,0,0,0,0,0,0,0,0,0,0,24,0,0,0,1,0,0,0,0,41,0,0,0,0,0,0,0,0,0,0,0,0,0,0,0,0,0,0,0,0,0,9,0,0,0,0,0,0,0,0,0,0
"Zotu4938",0,0,0,0,0,0,0,0,0,0,0,0,0,0,0,0,0,0,0,0,21,0,0,0,0,1,0,0,0,0,0,0,0,0,0,0,0,0,0,0,0,0,0,0,0,0,0,0,0,0,0,0,0,0,0,0,0,0,0,0,0,0
"Zotu5971",0,0,0,0,0,0,0,0,0,0,0,0,0,0,0,0,0,0,0,0,21,0,0,0,0,0,0,0,0,0,0,0,0,0,0,0,0,0,0,0,0,0,0,0,0,0,0,0,0,0,0,0,0,0,0,0,0,0,0,0,0,0
"Zotu4162",0,0,0,0,0,0,0,0,0,0,0,0,0,0,0,0,0,0,0,0,44,0,0,1,0,0,0,0,0,0,0,0,0,0,0,0,0,0,0,0,0,0,0,0,0,0,0,0,0,0,0,0,0,0,0,0,0,0,0,0,0,0
"Zotu817",0,0,0,0,0,0,0,0,0,0,0,0,0,0,0,0,0,0,0,0,13,0,0,0,0,0,0,0,0,1,0,2,2,5,2,2,1,285,1,1,2,2,3,2,2,0,2,2,2,77,3,6,3,2,2,1,0,0,1,1,3,2
"Zotu2124",0,0,0,0,0,0,0,0,0,0,0,0,0,0,0,0,0,0,0,0,6,0,0,0,0,0,0,0,0,0,0,0,1,0,0,0,0,0,0,0,0,1,0,1,0,1,0,0,1,0,1,4,71,0,0,0,0,0,0,1,0,3
"Zotu5834",0,0,0,0,0,0,0,0,0,0,0,0,0,0,0,0,0,0,0,0,17,0,0,0,0,0,0,1,0,0,0,0,0,0,0,0,0,0,0,0,0,0,0,0,0,0,0,0,0,0,0,2,0,0,0,0,0,0,0,0,0,0
"Zotu4594",0,0,0,0,0,0,0,0,0,0,0,0,0,0,0,0,0,0,0,0,11,0,0,0,0,0,0,0,1,0,0,0,0,0,0,0,0,0,0,0,0,0,0,0,1,0,0,0,0,0,0,24,0,0,0,0,0,0,0,0,0,1
"Zotu5399",0,0,0,0,0,0,0,0,0,0,0,0,0,0,0,0,0,0,0,0,16,0,0,0,0,0,0,0,0,0,0,0,0,0,0,0,0,0,0,0,1,0,0,1,0,0,0,0,0,0,0,0,0,1,0,0,0,0,1,0,0,19
"Zotu6189",0,0,0,0,0,0,0,0,0,0,0,0,0,0,0,0,0,0,0,0,17,0,0,0,0,0,0,0,0,0,0,0,0,0,0,0,0,0,0,0,0,0,0,0,0,0,0,0,0,0,0,4,0,0,0,0,0,0,0,0,0,0
"Zotu5074",0,0,0,0,0,0,0,0,0,0,0,0,0,0,0,0,0,0,0,0,19,0,0,0,0,0,0,0,0,0,0,0,0,0,0,0,0,0,0,0,0,0,0,0,0,0,0,0,0,0,0,0,0,0,0,0,0,0,0,0,0,8
"Zotu6015",0,0,0,0,0,0,0,0,0,0,0,0,0,0,0,0,0,0,0,0,9,0,0,0,0,0,0,0,0,0,1,0,0,0,1,0,0,2,0,0,0,0,0,0,0,0,0,0,0,0,0,0,0,28,0,0,0,0,0,0,0,0
"Zotu4307",0,0,0,0,0,0,0,0,0,0,0,0,0,0,0,0,0,0,0,0,19,1,1,1,0,1,0,0,1,1,0,0,0,0,0,0,0,0,0,0,0,0,0,0,0,0,0,2,0,0,0,4,0,0,0,0,0,0,0,1,0,3
"Zotu1078",0,0,0,0,0,0,0,0,0,0,0,0,0,0,0,0,0,0,0,0,9,0,0,0,0,0,1,0,0,0,0,189,0,0,2,1,1,0,1,1,1,0,0,0,0,1,0,0,1,0,1,8,1,1,0,1,0,1,0,0,0,20
"Zotu698",0,0,0,0,0,0,0,0,0,0,0,0,0,0,0,0,0,0,0,0,1,0,0,0,0,0,0,0,0,0,0,2,1,1,6,5,2,2,1,6,0,1,2,6,1,3,1,6,5,3,2,1,0,2,3,61,1,1,322,2,2,4
"Zotu1457",0,0,0,0,0,0,0,0,0,0,0,0,0,0,0,0,0,0,0,0,1,0,0,0,0,0,0,0,0,10,0,0,0,0,1,0,0,31,35,0,1,0,0,2,1,2,1,0,0,0,1,0,0,2,6,1,47,1,49,0,1,0
"Zotu6190",0,0,0,0,0,0,0,0,0,0,0,0,0,0,0,0,0,0,0,0,16,0,0,0,0,0,1,0,0,0,0,0,0,0,0,0,0,0,0,0,0,0,0,0,0,0,0,0,0,0,0,0,0,0,0,0,0,0,0,0,0,0
"Zotu4857",0,0,0,0,0,0,0,0,0,0,0,0,0,0,0,0,0,0,0,0,1,0,0,0,0,0,0,0,0,0,0,0,0,0,0,0,7,0,0,0,0,0,0,0,0,1,0,0,0,0,0,0,0,0,0,0,0,29,0,0,0,0
"Zotu4062",0,0,0,0,0,0,0,0,0,0,0,0,0,0,0,0,0,0,0,0,8,0,0,0,1,0,0,0,0,0,0,0,0,0,0,0,0,0,1,1,0,0,0,0,0,0,0,0,0,0,31,2,0,0,0,0,0,1,0,0,0,0
"Zotu3321",0,0,0,0,0,0,0,0,0,0,0,0,0,0,0,0,0,0,0,0,1,0,0,0,0,0,0,0,0,0,0,0,0,0,0,0,0,0,0,0,85,0,0,0,0,0,0,0,0,0,2,0,0,0,0,0,0,0,1,0,0,0
"Zotu5267",0,0,0,0,0,0,0,0,0,0,0,0,0,0,0,0,0,0,0,0,1,0,0,0,0,0,0,0,0,23,0,0,0,0,0,0,0,0,0,0,0,0,0,0,0,0,0,0,0,0,0,0,0,0,0,0,0,0,0,0,0,0
"Zotu1309",0,0,0,0,0,0,0,0,0,0,0,0,0,0,0,0,0,0,0,0,1,217,0,0,0,0,0,0,0,0,0,0,0,0,0,0,0,0,0,0,0,0,0,0,0,0,0,0,0,0,0,0,0,0,0,0,0,0,0,0,0,0
"Zotu2684",0,0,0,0,0,0,0,0,0,0,0,0,0,0,0,0,0,0,0,0,1,0,0,0,0,0,0,0,0,0,0,0,0,31,0,0,0,54,1,0,0,0,1,2,5,0,1,1,0,0,0,0,0,0,0,0,1,1,1,0,0,0
"Zotu5467",0,0,0,0,0,0,0,0,0,0,0,0,0,0,0,0,0,0,0,0,1,0,0,0,0,0,0,0,0,0,0,1,0,0,0,0,0,0,19,0,0,0,0,0,0,0,0,0,0,0,0,0,1,0,0,0,0,1,0,0,0,0
"Zotu3613",0,0,0,0,0,0,0,0,0,0,0,0,0,0,0,0,0,0,0,0,1,0,0,0,0,0,0,0,0,0,0,0,1,0,1,1,0,0,1,1,1,0,0,0,0,1,0,0,0,0,0,0,0,1,0,0,2,1,0,0,29,25
"Zotu466",0,0,0,0,0,0,0,0,0,0,0,0,0,0,0,0,0,0,0,0,1,0,0,0,0,0,0,0,0,0,0,2,6,6,2,1,0,0,4,4,7,1,5,3,136,2,1,0,5,6,3,11,3,1,2,2,3,3,1,2,2,447
"Zotu3596",0,0,0,0,0,0,0,0,0,0,0,0,0,0,0,0,0,0,0,0,0,55,0,0,0,1,0,0,0,0,1,0,0,0,0,0,0,0,0,0,0,0,0,0,0,0,0,0,0,0,0,0,0,0,0,0,0,0,0,0,0,0
"Zotu3662",0,0,0,0,0,0,0,0,0,0,0,0,0,0,0,0,0,0,0,0,0,109,0,0,0,0,0,0,0,0,0,0,0,0,0,0,0,0,0,0,0,0,0,0,0,0,0,0,0,0,0,0,0,0,0,0,0,0,0,0,0,0
"Zotu4495",0,0,0,0,0,0,0,0,0,0,0,0,0,0,0,0,0,0,0,0,0,1,0,0,0,0,0,0,0,0,0,0,0,1,1,0,0,0,0,0,0,0,34,0,0,0,0,0,0,0,0,0,0,0,0,0,0,0,1,0,0,0
"Zotu4574",0,0,0,0,0,0,0,0,0,0,0,0,0,0,0,0,0,0,0,0,0,1,0,0,0,0,0,0,0,0,0,0,0,0,1,0,0,0,0,0,0,1,0,0,0,0,0,0,31,0,0,0,0,0,0,0,0,0,0,0,11,0
"Zotu2636",0,0,0,0,0,0,0,0,0,0,0,0,0,0,0,0,0,0,0,0,0,1,0,0,0,0,0,0,0,0,0,0,0,0,88,0,0,0,0,0,0,0,1,0,1,0,0,0,0,0,0,0,0,0,0,0,0,0,0,0,0,0
"Zotu3278",0,0,0,0,0,0,0,0,0,0,0,0,0,0,0,0,0,0,0,0,0,0,1,0,0,0,0,0,0,0,0,0,1,0,0,0,0,0,0,0,0,0,0,2,0,0,0,0,0,0,0,0,0,0,2,0,2,36,0,0,3,0
"Zotu2309",0,0,0,0,0,0,0,0,0,0,0,0,0,0,0,0,0,0,0,0,0,0,1,0,0,0,0,0,23,0,0,0,0,0,0,2,1,0,0,56,1,1,0,0,0,0,0,0,1,2,0,0,0,0,0,0,0,0,0,0,0,0
"Zotu4508",0,0,0,0,0,0,0,0,0,0,0,0,0,0,0,0,0,0,0,0,0,0,1,0,0,0,0,0,0,0,0,0,1,0,0,0,0,0,0,0,0,1,0,0,0,0,0,0,0,0,0,1,0,11,0,8,0,0,0,0,1,0
"Zotu5411",0,0,0,0,0,0,0,0,0,0,0,0,0,0,0,0,0,0,0,0,0,0,1,0,0,0,0,0,0,0,0,0,0,1,0,0,0,1,0,0,0,0,0,0,0,0,0,0,0,0,0,0,0,0,0,1,0,0,14,0,0,0
"Zotu3709",0,0,0,0,0,0,0,0,0,0,0,0,0,0,0,0,0,0,0,0,0,0,1,0,0,0,0,0,0,0,0,1,0,0,0,1,0,0,0,0,0,0,0,0,0,0,0,1,0,0,0,0,0,0,4,0,0,53,0,0,0,0
"Zotu1744",0,0,0,0,0,0,0,0,0,0,0,0,0,0,0,0,0,0,0,0,0,0,0,189,0,0,0,0,0,0,0,84,0,0,0,0,0,0,0,0,0,0,0,0,0,0,0,0,0,0,0,0,0,0,0,0,0,53,0,0,0,1
"Zotu1120",0,0,0,0,0,0,0,0,0,0,0,0,0,0,0,0,0,0,0,0,0,0,0,221,1,0,0,1,0,0,0,0,0,0,0,0,0,0,0,0,0,0,0,0,0,0,0,0,0,0,0,0,0,0,0,0,0,0,0,0,0,0
"Zotu5957",0,0,0,0,0,0,0,0,0,0,0,0,0,0,0,0,0,0,0,0,0,0,0,27,0,0,0,0,0,0,0,0,0,0,0,0,0,0,0,0,0,0,0,0,0,0,0,0,0,0,0,0,0,0,0,0,0,0,0,0,0,0
"Zotu4141",0,0,0,0,0,0,0,0,0,0,0,0,0,0,0,0,0,0,0,0,0,0,0,1,0,0,0,0,0,58,0,0,0,0,1,0,0,0,29,1,0,87,0,1,0,0,0,0,0,0,0,0,0,1,1,0,0,0,0,1,0,0
"Zotu6040",0,0,0,0,0,0,0,0,0,0,0,0,0,0,0,0,0,0,0,0,0,0,0,21,0,0,0,0,0,0,0,0,0,0,0,0,0,0,0,0,0,0,0,0,0,0,0,0,0,0,0,0,0,0,0,0,0,0,0,0,0,0
"Zotu3756",0,0,0,0,0,0,0,0,0,0,0,0,0,0,0,0,0,0,0,0,0,0,0,1,0,0,0,0,0,2,0,0,0,0,1,0,24,0,0,0,0,1,1,0,1,0,0,0,0,0,0,1,0,1,0,0,1,0,1,9,0,0
"Zotu1128",0,0,0,0,0,0,0,0,0,0,0,0,0,0,0,0,0,0,0,0,0,0,0,1,0,0,0,0,0,0,0,1,0,3,0,0,1,1,0,2,313,1,0,0,1,0,1,0,0,0,1,0,0,0,0,0,0,0,0,0,0,2
"Zotu4712",0,0,0,0,0,0,0,0,0,0,0,0,0,0,0,0,0,0,0,0,0,0,0,0,33,0,0,0,0,0,0,0,0,0,0,0,0,0,0,0,0,0,0,0,0,0,0,0,0,0,0,0,0,0,0,0,0,0,0,0,0,0
"Zotu3103",0,0,0,0,0,0,0,0,0,0,0,0,0,0,0,0,0,0,0,0,0,0,0,0,56,0,0,0,0,0,0,1,0,1,1,0,0,0,18,0,0,0,0,0,0,0,0,0,0,0,0,0,0,0,0,1,0,0,0,0,0,0
"Zotu2007",0,0,0,0,0,0,0,0,0,0,0,0,0,0,0,0,0,0,0,0,0,0,0,0,2,0,0,0,0,0,0,1,0,0,1,0,0,0,0,0,4,0,0,97,0,0,0,0,2,1,1,2,1,0,0,0,0,0,2,2,1,1
"Zotu3097",0,0,0,0,0,0,0,0,0,0,0,0,0,0,0,0,0,0,0,0,0,0,0,0,1,55,0,0,0,0,0,0,0,0,0,0,0,0,0,0,0,0,0,0,0,0,0,0,0,0,0,0,0,0,0,0,0,0,0,0,0,0
"Zotu4438",0,0,0,0,0,0,0,0,0,0,0,0,0,0,0,0,0,0,0,0,0,0,0,0,1,0,0,0,1,52,0,0,0,0,0,0,0,0,0,0,0,0,0,4,0,0,0,0,0,0,0,5,0,0,0,0,0,0,0,0,0,0
"Zotu3646",0,0,0,0,0,0,0,0,0,0,0,0,0,0,0,0,0,0,0,0,0,0,0,0,0,85,0,0,0,0,0,0,0,0,0,0,0,0,0,0,0,0,0,0,0,0,0,0,0,0,0,0,0,0,0,0,0,0,0,0,0,0
"Zotu3227",0,0,0,0,0,0,0,0,0,0,0,0,0,0,0,0,0,0,0,0,0,0,0,0,0,1,0,0,0,15,0,0,0,0,0,0,0,0,0,0,0,0,52,1,0,0,0,0,0,0,0,0,0,0,0,0,0,0,0,0,0,0
"Zotu1508",0,0,0,0,0,0,0,0,0,0,0,0,0,0,0,0,0,0,0,0,0,0,0,0,0,1,0,0,0,0,0,1,1,0,2,0,2,1,0,50,1,68,0,0,0,0,0,1,0,2,0,2,0,1,1,0,2,2,0,0,2,10
"Zotu5760",0,0,0,0,0,0,0,0,0,0,0,0,0,0,0,0,0,0,0,0,0,0,0,0,0,1,0,0,0,0,0,0,0,1,0,0,1,0,0,0,0,0,0,1,0,0,0,0,0,0,0,1,1,0,0,0,0,0,0,0,13,0
"Zotu6204",0,0,0,0,0,0,0,0,0,0,0,0,0,0,0,0,0,0,0,0,0,0,0,0,0,1,0,0,0,0,0,0,0,0,1,0,0,0,0,0,0,0,0,0,0,0,0,0,0,0,0,0,8,0,7,0,0,0,0,5,0,0
"Zotu3558",0,0,0,0,0,0,0,0,0,0,0,0,0,0,0,0,0,0,0,0,0,0,0,0,0,1,0,0,0,0,0,0,0,0,0,0,0,0,0,0,0,0,0,0,0,0,0,0,37,0,1,0,0,0,0,0,0,0,0,0,0,0
"Zotu3855",0,0,0,0,0,0,0,0,0,0,0,0,0,0,0,0,0,0,0,0,0,0,0,0,0,1,0,80,0,0,0,0,0,0,0,0,0,0,0,0,0,0,0,0,0,0,0,0,0,0,0,0,0,0,0,0,0,0,0,0,0,0
"Zotu1649",0,0,0,0,0,0,0,0,0,0,0,0,0,0,0,0,0,0,0,0,0,0,0,0,0,1,0,0,0,1,0,1,0,1,2,0,1,123,1,0,1,2,0,1,1,0,0,0,1,1,1,2,1,0,1,1,1,1,0,0,0,0
"Zotu6248",0,0,0,0,0,0,0,0,0,0,0,0,0,0,0,0,0,0,0,0,0,0,0,0,0,0,12,0,0,0,0,0,0,0,0,0,0,0,0,0,0,0,0,0,0,0,0,0,0,0,0,0,0,0,0,0,0,0,0,0,0,0
"Zotu5207",0,0,0,0,0,0,0,0,0,0,0,0,0,0,0,0,0,0,0,0,0,0,0,0,0,0,2,0,0,43,0,0,0,0,0,0,0,0,0,0,0,0,0,0,0,0,0,0,0,0,0,0,0,0,0,0,0,0,0,0,0,0
"Zotu2998",0,0,0,0,0,0,0,0,0,0,0,0,0,0,0,0,0,0,0,0,0,0,0,0,0,0,2,0,0,0,0,0,1,44,1,0,0,0,0,0,0,0,1,0,1,0,0,0,0,0,0,0,0,0,0,0,0,0,0,0,0,0
"Zotu3686",0,0,0,0,0,0,0,0,0,0,0,0,0,0,0,0,0,0,0,0,0,0,0,0,0,0,1,0,6,22,0,0,0,0,0,0,0,0,0,38,0,0,1,0,1,1,0,1,0,0,0,0,0,0,0,0,0,0,2,0,2,0
"Zotu5482",0,0,0,0,0,0,0,0,0,0,0,0,0,0,0,0,0,0,0,0,0,0,0,0,0,0,1,0,0,0,0,0,0,0,0,0,1,0,0,0,0,0,1,0,0,0,0,0,0,1,0,0,0,0,18,10,11,0,0,0,1,0
"Zotu1499",0,0,0,0,0,0,0,0,0,0,0,0,0,0,0,0,0,0,0,0,0,0,0,0,0,0,1,0,0,4,0,1,1,1,0,0,0,0,1,3,0,2,162,0,0,0,0,1,0,2,0,0,0,0,0,0,0,0,0,1,0,0
"Zotu5228",0,0,0,0,0,0,0,0,0,0,0,0,0,0,0,0,0,0,0,0,0,0,0,0,0,0,0,72,0,0,0,0,0,0,0,0,0,0,0,0,0,0,0,3,0,0,0,0,0,0,0,0,0,0,0,0,0,0,0,0,0,0
"Zotu3291",0,0,0,0,0,0,0,0,0,0,0,0,0,0,0,0,0,0,0,0,0,0,0,0,0,0,0,2,0,0,0,0,0,0,0,0,1,0,2,0,0,0,0,100,1,0,1,0,0,0,0,0,0,1,1,1,0,0,1,0,0,0
"Zotu5847",0,0,0,0,0,0,0,0,0,0,0,0,0,0,0,0,0,0,0,0,0,0,0,0,0,0,0,20,0,2,0,0,0,0,0,0,0,0,0,0,0,0,0,1,0,0,0,0,0,0,0,0,0,0,0,0,0,0,0,0,0,0
"Zotu5552",0,0,0,0,0,0,0,0,0,0,0,0,0,0,0,0,0,0,0,0,0,0,0,0,0,0,0,15,0,0,0,0,0,0,0,0,0,0,0,0,0,0,0,0,0,0,0,0,0,0,0,0,0,0,0,0,0,0,0,0,0,0
"Zotu4301",0,0,0,0,0,0,0,0,0,0,0,0,0,0,0,0,0,0,0,0,0,0,0,0,0,0,0,0,8,1,0,0,0,0,0,0,0,9,18,0,0,0,0,0,0,0,0,0,0,0,0,1,0,0,0,0,0,0,0,0,0,1
"Zotu4484",0,0,0,0,0,0,0,0,0,0,0,0,0,0,0,0,0,0,0,0,0,0,0,0,0,0,0,0,38,0,0,0,0,0,0,0,0,0,0,0,0,0,0,0,0,0,0,0,0,0,0,0,0,0,0,0,0,0,0,0,0,0
"Zotu2652",0,0,0,0,0,0,0,0,0,0,0,0,0,0,0,0,0,0,0,0,0,0,0,0,0,0,0,0,10,0,0,0,0,41,0,0,29,0,0,1,0,0,1,0,0,0,0,0,1,0,1,1,1,1,0,0,0,1,0,0,0,0
"Zotu2456",0,0,0,0,0,0,0,0,0,0,0,0,0,0,0,0,0,0,0,0,0,0,0,0,0,0,0,0,9,0,0,0,0,0,0,93,0,0,2,0,0,0,0,0,0,0,0,0,0,0,0,1,3,0,0,0,2,0,0,0,0,0
"Zotu5926",0,0,0,0,0,0,0,0,0,0,0,0,0,0,0,0,0,0,0,0,0,0,0,0,0,0,0,0,21,0,0,0,0,0,0,0,45,0,0,0,0,0,0,0,0,0,0,0,0,0,0,0,0,0,2,0,0,0,0,0,0,0
"Zotu5684",0,0,0,0,0,0,0,0,0,0,0,0,0,0,0,0,0,0,0,0,0,0,0,0,0,0,0,0,7,0,0,0,0,5,0,0,0,0,0,0,0,0,0,0,0,0,0,0,0,0,0,0,0,0,0,0,0,0,0,0,0,0
"Zotu4372",0,0,0,0,0,0,0,0,0,0,0,0,0,0,0,0,0,0,0,0,0,0,0,0,0,0,0,0,37,0,0,0,0,0,0,0,0,0,0,0,0,0,0,0,0,0,0,0,0,0,0,0,0,0,0,0,0,0,0,0,0,0
"Zotu5641",0,0,0,0,0,0,0,0,0,0,0,0,0,0,0,0,0,0,0,0,0,0,0,0,0,0,0,0,2,0,0,0,0,0,0,0,20,1,0,0,0,0,0,0,0,0,0,1,0,0,0,0,0,0,0,0,0,0,0,0,0,0
"Zotu3107",0,0,0,0,0,0,0,0,0,0,0,0,0,0,0,0,0,0,0,0,0,0,0,0,0,0,0,0,1,0,0,0,1,0,0,0,0,86,0,0,0,0,0,0,0,0,0,0,0,0,0,1,1,0,0,1,0,1,0,0,0,0
"Zotu5449",0,0,0,0,0,0,0,0,0,0,0,0,0,0,0,0,0,0,0,0,0,0,0,0,0,0,0,0,1,0,0,0,0,0,0,0,0,0,0,1,0,0,0,23,0,0,0,0,0,0,1,1,0,0,0,0,0,0,0,0,0,0
"Zotu3985",0,0,0,0,0,0,0,0,0,0,0,0,0,0,0,0,0,0,0,0,0,0,0,0,0,0,0,0,0,56,0,0,0,0,0,0,0,0,0,0,0,0,0,0,0,0,0,0,0,0,0,0,0,0,0,0,0,0,0,0,0,0
"Zotu914",0,0,0,0,0,0,0,0,0,0,0,0,0,0,0,0,0,0,0,0,0,0,0,0,0,0,0,0,0,41,0,0,1,3,2,1,139,0,52,92,0,0,0,17,1,0,0,0,1,1,0,0,0,1,1,1,3,0,0,0,0,0
"Zotu4434",0,0,0,0,0,0,0,0,0,0,0,0,0,0,0,0,0,0,0,0,0,0,0,0,0,0,0,0,0,29,0,0,0,0,0,0,0,0,0,0,0,0,0,1,0,0,0,0,0,0,0,0,0,0,0,0,0,0,0,0,0,0
"Zotu4287",0,0,0,0,0,0,0,0,0,0,0,0,0,0,0,0,0,0,0,0,0,0,0,0,0,0,0,0,0,11,0,0,0,29,1,0,0,0,1,0,0,0,0,0,0,0,0,0,1,0,0,0,0,0,0,0,0,0,1,9,0,0
"Zotu1663",0,0,0,0,0,0,0,0,0,0,0,0,0,0,0,0,0,0,0,0,0,0,0,0,0,0,0,0,0,6,0,0,0,0,1,151,0,0,0,1,0,0,0,0,0,1,0,0,1,0,0,0,0,0,0,0,1,0,0,0,0,0
"Zotu5742",0,0,0,0,0,0,0,0,0,0,0,0,0,0,0,0,0,0,0,0,0,0,0,0,0,0,0,0,0,1,0,1,1,0,1,0,0,0,0,1,0,0,0,0,0,0,0,0,0,0,0,0,0,0,0,15,0,1,0,0,58,0
"Zotu564",0,0,0,0,0,0,0,0,0,0,0,0,0,0,0,0,0,0,0,0,0,0,0,0,0,0,0,0,0,2,0,0,1,122,161,3,128,0,2,97,3,5,1,3,6,3,1,6,1,1,0,0,1,0,1,0,4,0,0,2,1,4
"Zotu847",0,0,0,0,0,0,0,0,0,0,0,0,0,0,0,0,0,0,0,0,0,0,0,0,0,0,0,0,0,1,0,0,0,2,1,2,2,2,0,0,2,1,0,3,0,0,6,0,2,0,1,0,2,0,21,126,79,150,2,3,1,0
"Zotu1117",0,0,0,0,0,0,0,0,0,0,0,0,0,0,0,0,0,0,0,0,0,0,0,0,0,0,0,0,0,1,0,1,0,1,1,1,0,1,0,1,3,0,147,0,1,0,0,0,0,1,0,51,1,0,0,0,0,1,1,0,0,10
"Zotu1608",0,0,0,0,0,0,0,0,0,0,0,0,0,0,0,0,0,0,0,0,0,0,0,0,0,0,0,0,0,0,183,0,0,0,0,0,0,0,0,0,0,0,0,0,0,0,0,0,0,0,0,0,0,0,0,0,0,0,0,0,0,0
"Zotu1356",0,0,0,0,0,0,0,0,0,0,0,0,0,0,0,0,0,0,0,0,0,0,0,0,0,0,0,0,0,0,1,4,2,2,1,0,0,1,3,1,3,0,0,1,23,1,0,44,2,2,1,19,1,0,1,0,0,2,0,0,1,91
"Zotu1888",0,0,0,0,0,0,0,0,0,0,0,0,0,0,0,0,0,0,0,0,0,0,0,0,0,0,0,0,0,0,0,156,0,0,0,0,0,0,1,0,0,0,0,0,0,0,0,0,0,0,0,0,0,0,0,0,0,0,0,0,0,0
"Zotu1373",0,0,0,0,0,0,0,0,0,0,0,0,0,0,0,0,0,0,0,0,0,0,0,0,0,0,0,0,0,0,0,103,2,46,0,0,1,8,0,27,1,2,0,0,1,1,2,1,1,1,1,2,0,0,0,2,1,0,2,2,0,0
"Zotu757",0,0,0,0,0,0,0,0,0,0,0,0,0,0,0,0,0,0,0,0,0,0,0,0,0,0,0,0,0,0,0,120,1,0,1,2,0,43,7,36,1,0,1,2,2,0,3,1,0,0,27,1,2,2,8,26,13,1,7,3,1,1
"Zotu2800",0,0,0,0,0,0,0,0,0,0,0,0,0,0,0,0,0,0,0,0,0,0,0,0,0,0,0,0,0,0,0,86,0,0,0,0,0,0,0,1,0,1,0,0,0,0,1,1,0,2,1,0,2,0,0,0,0,0,1,0,0,0
"Zotu3566",0,0,0,0,0,0,0,0,0,0,0,0,0,0,0,0,0,0,0,0,0,0,0,0,0,0,0,0,0,0,0,1,0,1,0,0,0,0,0,0,0,0,0,0,1,0,0,0,0,0,0,0,0,0,1,0,0,1,19,0,32,0
"Zotu4666",0,0,0,0,0,0,0,0,0,0,0,0,0,0,0,0,0,0,0,0,0,0,0,0,0,0,0,0,0,0,0,38,0,1,0,0,3,0,1,0,0,0,0,1,1,0,1,0,0,0,0,0,0,2,0,0,0,0,0,0,0,0
"Zotu2180",0,0,0,0,0,0,0,0,0,0,0,0,0,0,0,0,0,0,0,0,0,0,0,0,0,0,0,0,0,0,0,66,1,0,0,0,0,0,0,0,0,0,0,0,0,0,0,0,0,0,0,0,0,0,0,0,0,0,0,0,0,0
"Zotu5579",0,0,0,0,0,0,0,0,0,0,0,0,0,0,0,0,0,0,0,0,0,0,0,0,0,0,0,0,0,0,0,1,0,0,0,0,0,0,0,0,0,0,0,0,0,30,1,0,0,0,1,1,0,0,3,0,9,0,0,1,0,0
"Zotu1291",0,0,0,0,0,0,0,0,0,0,0,0,0,0,0,0,0,0,0,0,0,0,0,0,0,0,0,0,0,0,0,203,0,0,1,0,0,0,0,1,0,0,0,0,0,4,1,0,1,0,1,0,0,0,0,0,0,1,0,0,0,0
"Zotu215",0,0,0,0,0,0,0,0,0,0,0,0,0,0,0,0,0,0,0,0,0,0,0,0,0,0,0,0,0,0,0,13,6,10,5,10,4,11,10,4,8,12,7,9,151,10,9,9,6,10,17,6,10,3,4,10,18,13,19,9,1658,300
"Zotu1836",0,0,0,0,0,0,0,0,0,0,0,0,0,0,0,0,0,0,0,0,0,0,0,0,0,0,0,0,0,0,0,2,1,1,1,2,1,0,0,0,1,1,2,1,0,0,1,1,1,0,0,1,2,0,11,12,78,3,1,13,3,1
"Zotu1901",0,0,0,0,0,0,0,0,0,0,0,0,0,0,0,0,0,0,0,0,0,0,0,0,0,0,0,0,0,0,0,3,0,0,1,0,2,0,0,0,0,0,0,0,0,1,0,0,0,1,1,0,1,2,0,6,29,0,0,140,10,1
"Zotu2172",0,0,0,0,0,0,0,0,0,0,0,0,0,0,0,0,0,0,0,0,0,0,0,0,0,0,0,0,0,0,0,2,1,2,1,1,0,2,0,0,1,2,1,148,0,0,2,2,0,1,1,1,0,0,0,1,0,0,0,0,3,0
"Zotu5875",0,0,0,0,0,0,0,0,0,0,0,0,0,0,0,0,0,0,0,0,0,0,0,0,0,0,0,0,0,0,0,1,0,0,0,0,0,0,0,0,0,0,0,0,0,0,0,0,0,0,0,0,0,0,0,0,0,61,1,0,0,0
"Zotu1273",0,0,0,0,0,0,0,0,0,0,0,0,0,0,0,0,0,0,0,0,0,0,0,0,0,0,0,0,0,0,0,3,0,3,0,0,1,0,1,0,1,2,1,1,0,1,0,0,0,0,1,0,2,3,15,28,3,102,0,0,3,3
"Zotu2306",0,0,0,0,0,0,0,0,0,0,0,0,0,0,0,0,0,0,0,0,0,0,0,0,0,0,0,0,0,0,0,1,0,2,0,1,1,1,0,0,0,0,2,82,2,2,0,0,0,0,0,2,0,0,0,0,2,0,0,0,0,0
"Zotu5976",0,0,0,0,0,0,0,0,0,0,0,0,0,0,0,0,0,0,0,0,0,0,0,0,0,0,0,0,0,0,0,1,0,0,0,0,0,0,0,0,0,0,0,0,0,0,0,0,0,0,0,0,0,0,0,0,0,0,18,0,0,0
"Zotu1474",0,0,0,0,0,0,0,0,0,0,0,0,0,0,0,0,0,0,0,0,0,0,0,0,0,0,0,0,0,0,0,2,1,2,1,0,2,0,0,0,1,0,0,187,0,0,0,0,1,0,0,2,0,0,0,0,0,1,1,0,2,1
"Zotu356",0,0,0,0,0,0,0,0,0,0,0,0,0,0,0,0,0,0,0,0,0,0,0,0,0,0,0,0,0,0,0,3,6,10,2,4,2,8,7,8,6,3,4,2,3,4,5,5,5,2,6,1,6,5,828,1,0,4,1,4,2,9
"Zotu3819",0,0,0,0,0,0,0,0,0,0,0,0,0,0,0,0,0,0,0,0,0,0,0,0,0,0,0,0,0,0,0,2,0,1,0,0,1,0,0,0,0,0,0,0,0,0,0,3,0,0,1,1,2,0,0,0,1,0,0,27,27,0
"Zotu2240",0,0,0,0,0,0,0,0,0,0,0,0,0,0,0,0,0,0,0,0,0,0,0,0,0,0,0,0,0,0,0,1,0,0,0,3,0,0,0,0,2,0,2,0,0,0,0,0,1,0,1,0,0,0,19,36,1,0,27,0,18,0
"Zotu1602",0,0,0,0,0,0,0,0,0,0,0,0,0,0,0,0,0,0,0,0,0,0,0,0,0,0,0,0,0,0,0,1,0,0,1,0,1,0,1,0,0,1,0,0,0,1,0,2,0,1,2,0,0,0,1,0,0,0,2,167,27,1
"Zotu4904",0,0,0,0,0,0,0,0,0,0,0,0,0,0,0,0,0,0,0,0,0,0,0,0,0,0,0,0,0,0,0,2,0,0,0,0,0,0,0,0,0,36,0,0,0,0,0,0,0,0,0,0,0,0,0,0,0,0,0,0,0,0
"Zotu4568",0,0,0,0,0,0,0,0,0,0,0,0,0,0,0,0,0,0,0,0,0,0,0,0,0,0,0,0,0,0,0,1,0,0,0,0,0,0,0,0,0,0,0,0,0,1,0,0,0,0,0,0,0,0,0,0,29,0,0,0,0,0
"Zotu5042",0,0,0,0,0,0,0,0,0,0,0,0,0,0,0,0,0,0,0,0,0,0,0,0,0,0,0,0,0,0,0,39,0,1,0,0,0,0,0,0,0,0,2,0,0,0,1,0,0,0,0,0,0,0,0,0,0,1,0,0,0,0
"Zotu2447",0,0,0,0,0,0,0,0,0,0,0,0,0,0,0,0,0,0,0,0,0,0,0,0,0,0,0,0,0,0,0,1,0,0,1,0,0,1,0,1,2,0,0,0,0,0,0,0,1,1,0,0,1,0,13,7,13,44,0,1,6,3
"Zotu2874",0,0,0,0,0,0,0,0,0,0,0,0,0,0,0,0,0,0,0,0,0,0,0,0,0,0,0,0,0,0,0,2,1,1,0,0,0,0,0,0,1,1,1,0,0,0,0,1,1,1,22,1,2,2,0,0,0,0,0,17,1,13
"Zotu3230",0,0,0,0,0,0,0,0,0,0,0,0,0,0,0,0,0,0,0,0,0,0,0,0,0,0,0,0,0,0,0,1,0,0,0,0,0,0,0,1,0,0,0,0,0,0,0,0,0,0,0,0,0,0,7,0,0,0,0,51,0,0
"Zotu3908",0,0,0,0,0,0,0,0,0,0,0,0,0,0,0,0,0,0,0,0,0,0,0,0,0,0,0,0,0,0,0,38,0,0,0,0,0,0,1,0,0,0,0,0,0,0,0,0,0,0,0,0,0,1,0,0,0,0,0,0,0,0
"Zotu2600",0,0,0,0,0,0,0,0,0,0,0,0,0,0,0,0,0,0,0,0,0,0,0,0,0,0,0,0,0,0,0,1,1,0,1,0,0,1,1,1,0,0,0,0,1,1,2,1,0,0,1,0,0,1,1,1,0,0,0,32,46,0
"Zotu1421",0,0,0,0,0,0,0,0,0,0,0,0,0,0,0,0,0,0,0,0,0,0,0,0,0,0,0,0,0,0,0,2,1,1,1,2,2,1,1,0,0,0,1,0,2,0,1,1,1,2,3,1,3,2,0,1,17,2,101,33,25,1
"Zotu2140",0,0,0,0,0,0,0,0,0,0,0,0,0,0,0,0,0,0,0,0,0,0,0,0,0,0,0,0,0,0,0,2,2,2,2,0,0,0,3,0,0,2,0,0,0,2,2,0,0,0,1,0,2,1,83,33,12,0,0,0,1,2
"Zotu2089",0,0,0,0,0,0,0,0,0,0,0,0,0,0,0,0,0,0,0,0,0,0,0,0,0,0,0,0,0,0,0,4,0,1,1,1,1,28,0,1,0,0,0,3,0,1,44,35,0,0,0,0,0,1,1,0,1,0,2,0,0,0
"Zotu3223",0,0,0,0,0,0,0,0,0,0,0,0,0,0,0,0,0,0,0,0,0,0,0,0,0,0,0,0,0,0,0,1,0,0,0,0,0,0,0,1,0,1,0,0,0,1,0,1,1,1,1,0,0,0,0,7,32,1,15,2,1,0
"Zotu4147",0,0,0,0,0,0,0,0,0,0,0,0,0,0,0,0,0,0,0,0,0,0,0,0,0,0,0,0,0,0,0,2,0,0,1,1,0,1,0,0,0,0,0,76,1,1,1,1,0,0,0,1,0,0,0,0,0,0,0,0,0,1
"Zotu1860",0,0,0,0,0,0,0,0,0,0,0,0,0,0,0,0,0,0,0,0,0,0,0,0,0,0,0,0,0,0,0,2,2,0,0,0,0,0,0,1,0,0,0,0,0,1,0,0,68,3,38,0,0,1,0,0,0,0,1,1,1,0
"Zotu6409",0,0,0,0,0,0,0,0,0,0,0,0,0,0,0,0,0,0,0,0,0,0,0,0,0,0,0,0,0,0,0,1,0,0,0,1,0,0,0,0,0,0,0,0,0,0,0,0,0,0,1,0,0,0,0,0,0,0,0,0,26,0
"Zotu841",0,0,0,0,0,0,0,0,0,0,0,0,0,0,0,0,0,0,0,0,0,0,0,0,0,0,0,0,0,0,0,1,0,2,0,1,2,3,1,2,1,3,2,0,0,1,0,4,0,2,2,0,3,2,4,2,7,186,64,47,79,3
"Zotu1596",0,0,0,0,0,0,0,0,0,0,0,0,0,0,0,0,0,0,0,0,0,0,0,0,0,0,0,0,0,0,0,4,3,1,1,0,2,3,0,1,0,0,1,129,0,0,0,0,1,1,1,0,1,0,0,0,0,1,0,0,1,0
"Zotu929",0,0,0,0,0,0,0,0,0,0,0,0,0,0,0,0,0,0,0,0,0,0,0,0,0,0,0,0,0,0,0,2,4,80,1,0,1,2,1,2,0,0,214,3,0,2,2,0,1,2,2,0,1,1,2,10,0,2,0,0,2,1
"Zotu4528",0,0,0,0,0,0,0,0,0,0,0,0,0,0,0,0,0,0,0,0,0,0,0,0,0,0,0,0,0,0,0,1,0,0,0,0,1,0,0,0,1,0,0,0,0,0,0,0,0,0,0,0,0,0,0,3,0,54,0,0,0,0
"Zotu775",0,0,0,0,0,0,0,0,0,0,0,0,0,0,0,0,0,0,0,0,0,0,0,0,0,0,0,0,0,0,0,1,1,2,2,2,0,1,0,1,2,1,3,3,0,2,61,34,1,5,17,1,11,2,2,9,14,119,2,17,3,8
"Zotu438",0,0,0,0,0,0,0,0,0,0,0,0,0,0,0,0,0,0,0,0,0,0,0,0,0,0,0,0,0,0,0,3,12,3,5,1,6,828,6,3,5,4,2,1,3,5,2,2,0,2,4,4,1,4,5,0,3,1,1,3,1,2
"Zotu2675",0,0,0,0,0,0,0,0,0,0,0,0,0,0,0,0,0,0,0,0,0,0,0,0,0,0,0,0,0,0,0,1,1,0,0,0,0,0,0,0,0,1,0,1,0,0,0,1,1,0,0,1,0,0,4,64,1,0,0,0,0,0
"Zotu5055",0,0,0,0,0,0,0,0,0,0,0,0,0,0,0,0,0,0,0,0,0,0,0,0,0,0,0,0,0,0,0,1,0,0,0,1,0,0,0,0,1,0,0,0,0,1,0,0,0,1,0,0,21,0,0,1,0,0,0,0,2,6
"Zotu858",0,0,0,0,0,0,0,0,0,0,0,0,0,0,0,0,0,0,0,0,0,0,0,0,0,0,0,0,0,0,0,6,0,3,2,2,2,2,2,5,1,3,4,2,2,0,2,1,4,1,0,1,1,6,320,1,1,1,1,3,3,1
"Zotu2369",0,0,0,0,0,0,0,0,0,0,0,0,0,0,0,0,0,0,0,0,0,0,0,0,0,0,0,0,0,0,0,4,0,1,0,0,0,0,0,0,0,1,0,1,0,1,0,0,1,0,120,1,1,0,0,2,1,0,1,33,1,0
"Zotu3774",0,0,0,0,0,0,0,0,0,0,0,0,0,0,0,0,0,0,0,0,0,0,0,0,0,0,0,0,0,0,0,1,0,0,0,0,1,0,0,0,0,1,0,36,0,0,0,1,1,0,0,0,0,0,0,0,0,0,0,0,0,0
"Zotu1326",0,0,0,0,0,0,0,0,0,0,0,0,0,0,0,0,0,0,0,0,0,0,0,0,0,0,0,0,0,0,0,1,1,1,3,1,1,0,2,4,0,0,1,0,0,1,0,1,0,1,2,0,2,1,187,13,1,0,1,0,1,1
"Zotu4556",0,0,0,0,0,0,0,0,0,0,0,0,0,0,0,0,0,0,0,0,0,0,0,0,0,0,0,0,0,0,0,1,0,0,0,0,67,0,0,0,0,0,0,1,0,1,0,0,0,0,0,0,0,1,0,0,0,0,0,0,0,0
"Zotu6252",0,0,0,0,0,0,0,0,0,0,0,0,0,0,0,0,0,0,0,0,0,0,0,0,0,0,0,0,0,0,0,1,2,0,0,0,0,0,1,0,0,0,0,0,0,0,0,2,0,0,0,0,0,0,12,5,0,0,0,0,0,0
"Zotu1958",0,0,0,0,0,0,0,0,0,0,0,0,0,0,0,0,0,0,0,0,0,0,0,0,0,0,0,0,0,0,0,2,152,0,0,0,0,3,0,1,1,0,0,0,0,0,0,2,1,0,1,0,0,0,2,0,0,0,0,1,0,0
"Zotu2548",0,0,0,0,0,0,0,0,0,0,0,0,0,0,0,0,0,0,0,0,0,0,0,0,0,0,0,0,0,0,0,1,0,0,0,0,0,0,0,0,0,0,0,0,0,1,0,0,0,2,0,0,0,0,0,0,1,0,40,43,5,0
"Zotu4025",0,0,0,0,0,0,0,0,0,0,0,0,0,0,0,0,0,0,0,0,0,0,0,0,0,0,0,0,0,0,0,1,0,0,1,0,0,1,0,1,0,0,0,0,0,1,1,0,0,0,0,2,1,1,8,0,89,0,2,1,37,3
"Zotu4738",0,0,0,0,0,0,0,0,0,0,0,0,0,0,0,0,0,0,0,0,0,0,0,0,0,0,0,0,0,0,0,1,0,0,1,0,0,0,0,0,0,0,0,0,1,0,0,0,0,0,0,0,0,0,0,0,0,0,0,28,2,0
"Zotu2041",0,0,0,0,0,0,0,0,0,0,0,0,0,0,0,0,0,0,0,0,0,0,0,0,0,0,0,0,0,0,0,1,0,0,0,0,0,93,0,0,2,0,0,1,0,2,0,0,0,0,0,0,0,1,0,0,1,0,0,0,0,1
"Zotu1051",0,0,0,0,0,0,0,0,0,0,0,0,0,0,0,0,0,0,0,0,0,0,0,0,0,0,0,0,0,0,0,2,1,7,0,0,0,1,0,0,1,1,3,0,1,1,2,1,1,1,0,9,2,0,144,55,1,1,1,0,0,0
"Zotu1443",0,0,0,0,0,0,0,0,0,0,0,0,0,0,0,0,0,0,0,0,0,0,0,0,0,0,0,0,0,0,0,1,0,0,1,0,0,0,0,0,1,0,0,0,1,190,0,0,1,0,1,0,1,1,0,0,1,2,0,1,0,0
"Zotu2747",0,0,0,0,0,0,0,0,0,0,0,0,0,0,0,0,0,0,0,0,0,0,0,0,0,0,0,0,0,0,0,2,1,1,0,0,2,0,0,1,0,0,121,0,0,0,0,0,0,0,0,1,2,0,0,0,0,0,0,0,0,0
"Zotu3902",0,0,0,0,0,0,0,0,0,0,0,0,0,0,0,0,0,0,0,0,0,0,0,0,0,0,0,0,0,0,0,1,0,0,1,0,0,0,0,0,0,0,0,31,0,0,0,1,0,0,0,0,0,0,0,0,0,0,0,1,1,0
"Zotu323",0,0,0,0,0,0,0,0,0,0,0,0,0,0,0,0,0,0,0,0,0,0,0,0,0,0,0,0,0,0,0,5,4,3,6,4,3,6,6,3,4,3,3,3,5,2,6,1,1,0,4,3,5,1094,0,2,1,1,2,2,2,7
"Zotu3841",0,0,0,0,0,0,0,0,0,0,0,0,0,0,0,0,0,0,0,0,0,0,0,0,0,0,0,0,0,0,0,1,1,0,1,0,1,22,66,0,0,0,0,0,0,0,1,1,0,1,0,0,0,0,1,0,0,1,0,1,0,0
"Zotu1558",0,0,0,0,0,0,0,0,0,0,0,0,0,0,0,0,0,0,0,0,0,0,0,0,0,0,0,0,0,0,0,1,1,0,0,1,1,0,0,2,0,0,189,0,0,0,1,0,0,0,0,7,0,2,0,0,0,0,0,2,0,2
"Zotu3401",0,0,0,0,0,0,0,0,0,0,0,0,0,0,0,0,0,0,0,0,0,0,0,0,0,0,0,0,0,0,0,2,0,0,0,0,0,0,0,0,0,0,0,0,0,0,0,0,1,0,1,0,0,0,0,0,1,0,0,0,45,3
"Zotu1708",0,0,0,0,0,0,0,0,0,0,0,0,0,0,0,0,0,0,0,0,0,0,0,0,0,0,0,0,0,0,0,1,1,0,0,0,0,0,0,1,0,0,1,0,0,1,1,0,0,129,0,1,0,0,0,1,1,0,0,0,0,1
"Zotu1713",0,0,0,0,0,0,0,0,0,0,0,0,0,0,0,0,0,0,0,0,0,0,0,0,0,0,0,0,0,0,0,2,0,0,0,0,1,0,0,0,0,0,0,0,2,2,0,0,1,1,0,6,17,1,0,1,1,0,0,1,117,1
"Zotu2575",0,0,0,0,0,0,0,0,0,0,0,0,0,0,0,0,0,0,0,0,0,0,0,0,0,0,0,0,0,0,0,1,0,0,0,0,0,0,0,0,0,0,0,0,0,0,111,0,0,0,0,0,0,0,1,0,0,0,0,0,0,0
"Zotu690",0,0,0,0,0,0,0,0,0,0,0,0,0,0,0,0,0,0,0,0,0,0,0,0,0,0,0,0,0,0,0,3,2,0,3,6,3,2,1,1,2,5,6,1,3,45,45,6,24,2,174,2,0,3,4,4,60,0,26,72,19,8
"Zotu3989",0,0,0,0,0,0,0,0,0,0,0,0,0,0,0,0,0,0,0,0,0,0,0,0,0,0,0,0,0,0,0,1,0,0,2,0,0,0,0,0,0,0,0,0,0,2,1,0,0,0,0,0,38,0,0,0,0,0,0,0,0,0
"Zotu2761",0,0,0,0,0,0,0,0,0,0,0,0,0,0,0,0,0,0,0,0,0,0,0,0,0,0,0,0,0,0,0,2,2,0,0,0,2,0,0,0,0,2,2,0,1,0,1,2,0,1,0,0,0,1,1,2,1,1,1,17,57,2
"Zotu6348",0,0,0,0,0,0,0,0,0,0,0,0,0,0,0,0,0,0,0,0,0,0,0,0,0,0,0,0,0,0,0,1,0,0,1,0,1,0,0,1,0,0,0,0,0,0,0,0,0,0,0,0,0,1,2,0,19,0,14,1,1,0
"Zotu1846",0,0,0,0,0,0,0,0,0,0,0,0,0,0,0,0,0,0,0,0,0,0,0,0,0,0,0,0,0,0,0,2,0,0,78,1,0,0,0,0,0,0,0,0,0,0,1,0,0,0,0,0,0,1,0,0,2,1,0,1,0,0
"Zotu2997",0,0,0,0,0,0,0,0,0,0,0,0,0,0,0,0,0,0,0,0,0,0,0,0,0,0,0,0,0,0,0,3,0,0,0,0,1,0,0,1,0,0,0,0,0,0,0,89,0,0,1,0,0,0,1,0,0,0,0,0,1,0
"Zotu4044",0,0,0,0,0,0,0,0,0,0,0,0,0,0,0,0,0,0,0,0,0,0,0,0,0,0,0,0,0,0,0,1,0,0,0,1,0,0,1,0,1,0,0,0,0,0,0,0,0,0,3,1,35,0,0,0,0,0,0,0,0,12
"Zotu2542",0,0,0,0,0,0,0,0,0,0,0,0,0,0,0,0,0,0,0,0,0,0,0,0,0,0,0,0,0,0,0,1,1,0,0,2,1,96,39,0,3,0,1,1,0,0,1,1,1,0,0,0,1,0,0,0,0,1,0,0,0,1
"Zotu4936",0,0,0,0,0,0,0,0,0,0,0,0,0,0,0,0,0,0,0,0,0,0,0,0,0,0,0,0,0,0,0,1,0,0,0,0,0,0,0,0,0,0,0,1,0,0,1,0,0,0,0,0,20,0,0,0,0,0,1,0,0,0
"Zotu2081",0,0,0,0,0,0,0,0,0,0,0,0,0,0,0,0,0,0,0,0,0,0,0,0,0,0,0,0,0,0,0,3,0,0,1,0,0,0,0,0,0,0,0,0,0,0,0,112,0,0,0,0,0,0,0,0,0,0,0,0,1,2
"Zotu807",0,0,0,0,0,0,0,0,0,0,0,0,0,0,0,0,0,0,0,0,0,0,0,0,0,0,0,0,0,0,0,3,0,4,2,2,1,3,2,0,0,2,4,2,1,0,0,0,4,0,2,3,1,1,314,5,3,0,1,1,3,2
"Zotu2807",0,0,0,0,0,0,0,0,0,0,0,0,0,0,0,0,0,0,0,0,0,0,0,0,0,0,0,0,0,0,0,2,0,2,0,0,0,0,0,76,0,0,0,0,0,0,0,0,2,0,0,3,0,0,0,0,0,0,0,0,0,0
"Zotu6239",0,0,0,0,0,0,0,0,0,0,0,0,0,0,0,0,0,0,0,0,0,0,0,0,0,0,0,0,0,0,0,2,0,0,0,0,0,0,0,0,0,0,0,0,1,0,1,0,0,0,30,0,0,0,0,1,0,0,0,0,1,0
"Zotu1032",0,0,0,0,0,0,0,0,0,0,0,0,0,0,0,0,0,0,0,0,0,0,0,0,0,0,0,0,0,0,0,3,1,2,0,0,0,0,1,1,0,0,215,0,1,2,0,1,1,0,1,9,0,1,0,0,0,1,0,0,0,0
"Zotu2850",0,0,0,0,0,0,0,0,0,0,0,0,0,0,0,0,0,0,0,0,0,0,0,0,0,0,0,0,0,0,0,1,0,0,1,1,0,2,1,0,0,0,0,1,1,0,0,0,0,0,0,0,0,0,2,4,56,0,0,0,1,0
"Zotu1075",0,0,0,0,0,0,0,0,0,0,0,0,0,0,0,0,0,0,0,0,0,0,0,0,0,0,0,0,0,0,0,1,1,2,0,234,0,1,0,1,0,0,0,3,0,0,0,0,0,0,0,0,0,0,1,0,1,1,1,1,0,0
"Zotu3601",0,0,0,0,0,0,0,0,0,0,0,0,0,0,0,0,0,0,0,0,0,0,0,0,0,0,0,0,0,0,0,1,0,0,0,1,1,0,0,1,0,2,0,1,0,0,0,2,1,0,1,0,2,0,36,55,86,1,0,0,2,1
"Zotu991",0,0,0,0,0,0,0,0,0,0,0,0,0,0,0,0,0,0,0,0,0,0,0,0,0,0,0,0,0,0,0,1,0,1,2,1,3,0,1,4,1,1,0,0,2,1,0,0,0,3,0,0,1,2,56,38,66,54,2,2,0,2
"Zotu1858",0,0,0,0,0,0,0,0,0,0,0,0,0,0,0,0,0,0,0,0,0,0,0,0,0,0,0,0,0,0,0,2,0,0,1,2,0,0,2,0,0,0,0,0,0,1,0,0,0,0,2,0,0,0,1,2,2,1,53,39,12,0
"Zotu1753",0,0,0,0,0,0,0,0,0,0,0,0,0,0,0,0,0,0,0,0,0,0,0,0,0,0,0,0,0,0,0,1,0,1,3,3,0,2,0,0,2,1,1,160,1,1,1,0,0,0,0,1,0,0,1,1,0,1,1,3,0,2
"Zotu1876",0,0,0,0,0,0,0,0,0,0,0,0,0,0,0,0,0,0,0,0,0,0,0,0,0,0,0,0,0,0,0,1,0,2,0,0,0,2,0,11,1,0,1,0,0,44,63,0,0,1,0,6,6,1,0,0,0,0,2,0,1,0
"Zotu1522",0,0,0,0,0,0,0,0,0,0,0,0,0,0,0,0,0,0,0,0,0,0,0,0,0,0,0,0,0,0,0,1,1,0,4,0,1,0,1,4,0,0,0,1,0,0,59,0,64,36,0,0,2,0,0,0,0,2,2,1,0,1
"Zotu3047",0,0,0,0,0,0,0,0,0,0,0,0,0,0,0,0,0,0,0,0,0,0,0,0,0,0,0,0,0,0,0,1,0,1,0,0,0,0,0,0,1,0,0,0,0,0,0,0,0,0,0,0,0,0,0,1,47,0,0,0,0,0
"Zotu2396",0,0,0,0,0,0,0,0,0,0,0,0,0,0,0,0,0,0,0,0,0,0,0,0,0,0,0,0,0,0,0,2,1,1,0,0,0,2,1,1,0,0,0,0,0,82,0,0,0,0,0,2,0,1,2,0,1,0,0,1,0,0
"Zotu1420",0,0,0,0,0,0,0,0,0,0,0,0,0,0,0,0,0,0,0,0,0,0,0,0,0,0,0,0,0,0,0,3,3,1,0,2,1,1,0,3,0,1,2,0,2,1,0,1,0,3,0,5,1,1,79,38,4,0,50,1,4,3
"Zotu2046",0,0,0,0,0,0,0,0,0,0,0,0,0,0,0,0,0,0,0,0,0,0,0,0,0,0,0,0,0,0,0,1,0,0,0,0,0,0,0,0,0,0,0,1,1,72,0,1,0,2,1,0,1,0,0,6,13,0,1,0,0,0
"Zotu3926",0,0,0,0,0,0,0,0,0,0,0,0,0,0,0,0,0,0,0,0,0,0,0,0,0,0,0,0,0,0,0,1,0,0,0,1,0,0,0,0,0,0,0,1,2,0,0,0,0,0,0,2,0,0,9,6,2,33,2,0,0,0
"Zotu3940",0,0,0,0,0,0,0,0,0,0,0,0,0,0,0,0,0,0,0,0,0,0,0,0,0,0,0,0,0,0,0,1,0,0,0,0,0,0,0,1,2,1,0,7,0,0,0,0,0,0,0,0,1,0,0,0,0,0,33,0,0,0
"Zotu5026",0,0,0,0,0,0,0,0,0,0,0,0,0,0,0,0,0,0,0,0,0,0,0,0,0,0,0,0,0,0,0,1,0,0,1,0,0,0,2,0,0,0,0,0,2,0,0,1,0,0,1,0,1,0,0,0,1,1,0,30,0,0
"Zotu1162",0,0,0,0,0,0,0,0,0,0,0,0,0,0,0,0,0,0,0,0,0,0,0,0,0,0,0,0,0,0,0,1,1,0,0,0,1,0,0,1,0,1,1,2,0,0,2,1,2,0,1,2,0,0,11,0,53,142,0,2,0,0
"Zotu1079",0,0,0,0,0,0,0,0,0,0,0,0,0,0,0,0,0,0,0,0,0,0,0,0,0,0,0,0,0,0,0,3,2,0,1,0,3,0,1,1,0,0,1,310,1,1,2,0,1,0,2,1,1,1,2,1,2,4,0,0,1,1
"Zotu4416",0,0,0,0,0,0,0,0,0,0,0,0,0,0,0,0,0,0,0,0,0,0,0,0,0,0,0,0,0,0,0,1,0,1,0,0,0,1,1,0,0,2,0,0,0,0,0,1,0,1,0,0,0,0,35,14,0,2,0,0,0,1
"Zotu2731",0,0,0,0,0,0,0,0,0,0,0,0,0,0,0,0,0,0,0,0,0,0,0,0,0,0,0,0,0,0,0,3,0,0,0,0,0,1,0,1,0,0,0,0,78,0,0,0,0,0,0,0,0,0,0,3,1,0,0,1,0,0
"Zotu2941",0,0,0,0,0,0,0,0,0,0,0,0,0,0,0,0,0,0,0,0,0,0,0,0,0,0,0,0,0,0,0,1,0,1,2,0,0,0,0,0,0,0,0,1,70,0,0,0,0,0,0,0,1,1,0,0,0,1,0,0,0,0
"Zotu3583",0,0,0,0,0,0,0,0,0,0,0,0,0,0,0,0,0,0,0,0,0,0,0,0,0,0,0,0,0,0,0,2,0,1,0,0,0,0,0,2,0,0,0,0,0,0,0,0,0,0,0,0,0,0,0,66,0,0,0,1,0,1
"Zotu2120",0,0,0,0,0,0,0,0,0,0,0,0,0,0,0,0,0,0,0,0,0,0,0,0,0,0,0,0,0,0,0,1,0,1,0,0,0,0,0,1,0,0,0,0,0,0,0,0,0,1,0,0,1,0,6,0,1,1,0,90,22,0
"Zotu1354",0,0,0,0,0,0,0,0,0,0,0,0,0,0,0,0,0,0,0,0,0,0,0,0,0,0,0,0,0,0,0,1,0,0,1,0,0,1,1,0,1,0,0,0,0,0,0,0,0,0,1,3,0,2,7,24,0,96,0,36,2,1
"Zotu695",0,0,0,0,0,0,0,0,0,0,0,0,0,0,0,0,0,0,0,0,0,0,0,0,0,0,0,0,0,0,0,3,0,1,1,3,423,0,2,0,2,0,0,0,1,2,1,0,3,62,3,1,1,3,0,0,3,1,1,0,0,2
"Zotu2463",0,0,0,0,0,0,0,0,0,0,0,0,0,0,0,0,0,0,0,0,0,0,0,0,0,0,0,0,0,0,0,1,2,1,0,1,0,0,1,2,0,0,0,0,0,0,0,0,0,1,1,1,0,1,84,0,0,0,2,0,0,0
"Zotu1510",0,0,0,0,0,0,0,0,0,0,0,0,0,0,0,0,0,0,0,0,0,0,0,0,0,0,0,0,0,0,0,2,1,1,1,1,0,0,1,0,0,0,0,0,0,138,0,0,0,1,0,1,0,0,0,0,0,0,0,0,1,0
"Zotu1632",0,0,0,0,0,0,0,0,0,0,0,0,0,0,0,0,0,0,0,0,0,0,0,0,0,0,0,0,0,0,0,3,1,0,0,1,1,1,1,0,1,0,0,0,0,1,0,66,0,0,0,1,0,1,0,2,1,74,0,0,0,0
"Zotu4609",0,0,0,0,0,0,0,0,0,0,0,0,0,0,0,0,0,0,0,0,0,0,0,0,0,0,0,0,0,0,0,1,0,0,2,0,0,0,0,0,0,0,1,0,0,0,1,0,1,0,0,0,1,0,0,0,6,0,13,16,15,0
"Zotu4404",0,0,0,0,0,0,0,0,0,0,0,0,0,0,0,0,0,0,0,0,0,0,0,0,0,0,0,0,0,0,0,1,0,0,0,0,0,0,0,0,0,0,0,0,0,0,0,0,0,1,0,0,1,0,0,0,1,0,1,0,33,0
"Zotu2723",0,0,0,0,0,0,0,0,0,0,0,0,0,0,0,0,0,0,0,0,0,0,0,0,0,0,0,0,0,0,0,1,0,1,0,0,0,1,1,0,0,1,0,0,0,0,0,0,1,0,0,1,0,0,0,1,1,1,3,13,20,50
"Zotu4051",0,0,0,0,0,0,0,0,0,0,0,0,0,0,0,0,0,0,0,0,0,0,0,0,0,0,0,0,0,0,0,5,0,0,0,2,0,1,1,0,0,0,0,0,0,0,37,0,0,2,0,0,0,0,0,0,0,0,0,1,0,1
"Zotu2540",0,0,0,0,0,0,0,0,0,0,0,0,0,0,0,0,0,0,0,0,0,0,0,0,0,0,0,0,0,0,0,1,0,1,0,0,0,0,0,0,0,1,0,0,0,0,0,1,0,74,0,0,1,0,0,0,0,0,0,0,0,0
"Zotu3127",0,0,0,0,0,0,0,0,0,0,0,0,0,0,0,0,0,0,0,0,0,0,0,0,0,0,0,0,0,0,0,1,1,0,0,1,0,0,1,0,0,2,0,0,0,0,0,0,0,0,0,0,3,0,5,13,24,0,2,0,0,0
"Zotu1711",0,0,0,0,0,0,0,0,0,0,0,0,0,0,0,0,0,0,0,0,0,0,0,0,0,0,0,0,0,0,0,2,1,2,1,3,1,1,1,1,1,0,0,118,1,1,0,0,0,1,0,1,0,0,0,0,0,1,2,1,1,2
"Zotu852",0,0,0,0,0,0,0,0,0,0,0,0,0,0,0,0,0,0,0,0,0,0,0,0,0,0,0,0,0,0,0,2,2,1,0,6,0,2,1,0,0,3,0,1,0,5,1,0,0,0,0,0,0,0,20,17,60,74,90,16,0,0
"Zotu5967",0,0,0,0,0,0,0,0,0,0,0,0,0,0,0,0,0,0,0,0,0,0,0,0,0,0,0,0,0,0,0,1,0,0,0,0,0,0,0,0,0,0,0,0,0,0,1,32,0,0,0,0,0,1,0,0,0,0,0,0,0,0
"Zotu3761",0,0,0,0,0,0,0,0,0,0,0,0,0,0,0,0,0,0,0,0,0,0,0,0,0,0,0,0,0,0,0,1,0,0,0,0,0,0,0,0,0,0,1,0,0,0,36,1,1,0,0,0,1,0,0,0,0,0,0,0,0,0
"Zotu3147",0,0,0,0,0,0,0,0,0,0,0,0,0,0,0,0,0,0,0,0,0,0,0,0,0,0,0,0,0,0,0,1,0,3,0,0,0,0,0,0,0,0,0,0,0,1,0,0,0,0,0,0,0,0,14,37,0,0,0,0,0,0
"Zotu2038",0,0,0,0,0,0,0,0,0,0,0,0,0,0,0,0,0,0,0,0,0,0,0,0,0,0,0,0,0,0,0,2,0,76,0,0,0,2,0,1,1,1,1,0,1,2,1,0,0,0,1,0,0,0,4,12,11,1,0,1,3,0
"Zotu1485",0,0,0,0,0,0,0,0,0,0,0,0,0,0,0,0,0,0,0,0,0,0,0,0,0,0,0,0,0,0,0,2,0,1,0,0,1,0,1,1,0,153,0,0,0,0,0,0,0,0,2,1,0,2,1,0,0,1,0,0,0,1
"Zotu2518",0,0,0,0,0,0,0,0,0,0,0,0,0,0,0,0,0,0,0,0,0,0,0,0,0,0,0,0,0,0,0,1,0,0,0,2,0,0,0,0,0,0,1,0,66,1,0,0,0,1,0,0,0,20,2,1,0,0,1,0,0,0
"Zotu2612",0,0,0,0,0,0,0,0,0,0,0,0,0,0,0,0,0,0,0,0,0,0,0,0,0,0,0,0,0,0,0,1,1,0,0,2,3,1,0,2,0,1,0,0,1,0,0,0,2,0,0,0,1,0,88,0,0,0,1,0,0,0
"Zotu5057",0,0,0,0,0,0,0,0,0,0,0,0,0,0,0,0,0,0,0,0,0,0,0,0,0,0,0,0,0,0,0,1,0,0,0,0,0,26,0,0,1,0,0,0,0,0,0,0,0,0,0,0,0,0,0,0,0,0,0,0,0,0
"Zotu4315",0,0,0,0,0,0,0,0,0,0,0,0,0,0,0,0,0,0,0,0,0,0,0,0,0,0,0,0,0,0,0,3,0,0,1,0,0,0,0,0,0,0,0,0,0,0,0,0,26,0,0,0,0,0,0,0,0,0,0,0,0,1
"Zotu945",0,0,0,0,0,0,0,0,0,0,0,0,0,0,0,0,0,0,0,0,0,0,0,0,0,0,0,0,0,0,0,2,3,2,1,0,3,1,2,1,2,0,1,1,2,0,0,3,0,1,2,1,7,6,1,19,2,0,238,2,2,0
"Zotu796",0,0,0,0,0,0,0,0,0,0,0,0,0,0,0,0,0,0,0,0,0,0,0,0,0,0,0,0,0,0,0,1,0,1,0,2,0,0,2,0,300,0,0,0,0,0,1,1,0,0,0,1,0,0,1,0,1,0,1,1,0,0
"Zotu4578",0,0,0,0,0,0,0,0,0,0,0,0,0,0,0,0,0,0,0,0,0,0,0,0,0,0,0,0,0,0,0,2,0,1,0,0,0,0,0,0,0,0,0,0,0,0,0,0,0,0,1,0,0,0,0,0,0,0,56,1,0,1
"Zotu815",0,0,0,0,0,0,0,0,0,0,0,0,0,0,0,0,0,0,0,0,0,0,0,0,0,0,0,0,0,0,0,2,0,0,1,3,2,4,2,1,0,1,2,289,0,1,1,1,0,0,2,1,0,3,0,0,0,0,1,1,0,2
"Zotu3970",0,0,0,0,0,0,0,0,0,0,0,0,0,0,0,0,0,0,0,0,0,0,0,0,0,0,0,0,0,0,0,1,0,0,0,0,0,0,0,0,0,1,0,35,1,0,0,0,0,0,0,0,0,0,0,0,1,0,0,2,0,1
"Zotu1701",0,0,0,0,0,0,0,0,0,0,0,0,0,0,0,0,0,0,0,0,0,0,0,0,0,0,0,0,0,0,0,1,1,2,1,1,3,2,1,1,0,2,1,123,0,0,0,0,0,0,1,0,2,0,1,1,0,1,0,0,0,3
"Zotu2531",0,0,0,0,0,0,0,0,0,0,0,0,0,0,0,0,0,0,0,0,0,0,0,0,0,0,0,0,0,0,0,2,0,0,0,2,1,3,0,1,0,0,1,1,0,1,1,0,0,0,0,0,0,1,44,17,10,0,23,0,0,0
"Zotu2153",0,0,0,0,0,0,0,0,0,0,0,0,0,0,0,0,0,0,0,0,0,0,0,0,0,0,0,0,0,0,0,1,1,0,0,1,0,0,2,0,0,1,1,1,2,3,0,2,0,1,0,1,15,0,1,0,0,2,12,67,5,0
"Zotu3130",0,0,0,0,0,0,0,0,0,0,0,0,0,0,0,0,0,0,0,0,0,0,0,0,0,0,0,0,0,0,0,2,0,0,0,0,0,0,0,1,0,1,0,0,1,0,0,0,0,0,0,0,1,0,23,8,21,0,0,0,0,0
"Zotu2474",0,0,0,0,0,0,0,0,0,0,0,0,0,0,0,0,0,0,0,0,0,0,0,0,0,0,0,0,0,0,0,2,0,0,1,0,2,1,0,1,0,1,0,107,0,0,1,1,0,0,3,0,0,0,0,0,2,1,0,0,2,0
"Zotu6134",0,0,0,0,0,0,0,0,0,0,0,0,0,0,0,0,0,0,0,0,0,0,0,0,0,0,0,0,0,0,0,1,0,0,0,0,17,9,0,0,0,0,0,0,0,0,1,0,0,0,1,0,0,0,0,0,0,0,0,0,0,0
"Zotu3161",0,0,0,0,0,0,0,0,0,0,0,0,0,0,0,0,0,0,0,0,0,0,0,0,0,0,0,0,0,0,0,1,0,0,0,3,1,0,0,0,0,0,0,42,1,1,2,0,0,0,0,1,0,0,0,2,0,0,0,0,1,1
"Zotu1561",0,0,0,0,0,0,0,0,0,0,0,0,0,0,0,0,0,0,0,0,0,0,0,0,0,0,0,0,0,0,0,1,2,0,1,0,0,3,2,2,0,0,0,1,0,1,1,0,0,0,1,0,0,3,0,0,2,0,23,63,21,0
"Zotu5151",0,0,0,0,0,0,0,0,0,0,0,0,0,0,0,0,0,0,0,0,0,0,0,0,0,0,0,0,0,0,0,1,0,0,0,2,23,0,1,0,0,0,1,1,0,0,0,0,0,0,0,0,0,0,0,0,0,0,1,0,0,0
"Zotu643",0,0,0,0,0,0,0,0,0,0,0,0,0,0,0,0,0,0,0,0,0,0,0,0,0,0,0,0,0,0,0,1,1,0,0,0,0,0,0,1,0,0,1,1,1,0,0,0,0,0,2,0,0,1,96,369,0,0,3,2,2,0
"Zotu4947",0,0,0,0,0,0,0,0,0,0,0,0,0,0,0,0,0,0,0,0,0,0,0,0,0,0,0,0,0,0,0,1,0,0,0,0,0,0,0,1,0,0,0,0,0,1,0,0,0,0,0,0,0,0,8,13,1,0,0,0,2,0
"Zotu4615",0,0,0,0,0,0,0,0,0,0,0,0,0,0,0,0,0,0,0,0,0,0,0,0,0,0,0,0,0,0,0,1,0,0,0,0,0,0,1,1,0,0,0,1,0,0,0,1,0,0,0,0,0,0,0,16,0,0,0,0,0,1
"Zotu2359",0,0,0,0,0,0,0,0,0,0,0,0,0,0,0,0,0,0,0,0,0,0,0,0,0,0,0,0,0,0,0,1,0,0,1,0,1,0,1,1,0,1,1,98,0,0,1,0,0,1,0,2,2,1,0,0,0,0,1,0,1,1
"Zotu3475",0,0,0,0,0,0,0,0,0,0,0,0,0,0,0,0,0,0,0,0,0,0,0,0,0,0,0,0,0,0,0,2,1,0,0,0,0,1,0,0,0,0,1,0,1,0,0,1,1,0,0,0,0,0,1,0,0,1,22,10,34,2
"Zotu4344",0,0,0,0,0,0,0,0,0,0,0,0,0,0,0,0,0,0,0,0,0,0,0,0,0,0,0,0,0,0,0,2,0,1,0,0,0,1,0,0,0,0,0,0,1,0,0,0,1,1,0,0,0,0,34,0,0,0,0,0,0,0
"Zotu1241",0,0,0,0,0,0,0,0,0,0,0,0,0,0,0,0,0,0,0,0,0,0,0,0,0,0,0,0,0,0,0,1,0,0,0,0,1,0,0,0,0,155,0,0,0,0,0,1,0,0,0,1,0,2,13,1,0,0,0,0,0,0
"Zotu1030",0,0,0,0,0,0,0,0,0,0,0,0,0,0,0,0,0,0,0,0,0,0,0,0,0,0,0,0,0,0,0,1,0,3,1,3,1,2,2,3,0,1,0,1,1,0,1,2,1,2,1,0,1,1,32,95,62,2,15,35,2,1
"Zotu4059",0,0,0,0,0,0,0,0,0,0,0,0,0,0,0,0,0,0,0,0,0,0,0,0,0,0,0,0,0,0,0,1,0,0,0,0,1,0,0,0,0,0,0,0,0,0,0,0,0,0,0,0,34,1,0,0,0,0,0,0,0,0
"Zotu1255",0,0,0,0,0,0,0,0,0,0,0,0,0,0,0,0,0,0,0,0,0,0,0,0,0,0,0,0,0,0,0,2,1,0,2,0,1,1,0,0,0,1,0,0,0,0,4,0,0,0,1,1,0,0,0,7,22,149,1,1,0,0
"Zotu2326",0,0,0,0,0,0,0,0,0,0,0,0,0,0,0,0,0,0,0,0,0,0,0,0,0,0,0,0,0,0,0,2,0,1,0,0,0,82,0,0,0,0,0,0,2,1,1,0,0,0,0,1,0,1,0,1,2,1,0,0,1,0
"Zotu4869",0,0,0,0,0,0,0,0,0,0,0,0,0,0,0,0,0,0,0,0,0,0,0,0,0,0,0,0,0,0,0,2,0,1,0,1,0,1,1,2,1,0,0,71,0,2,1,1,0,1,1,0,0,0,0,0,1,0,0,0,0,0
"Zotu883",0,0,0,0,0,0,0,0,0,0,0,0,0,0,0,0,0,0,0,0,0,0,0,0,0,0,0,0,0,0,0,4,160,0,1,0,1,2,0,1,3,1,1,0,0,1,0,71,1,0,0,3,0,2,2,2,0,1,15,0,0,0
"Zotu3780",0,0,0,0,0,0,0,0,0,0,0,0,0,0,0,0,0,0,0,0,0,0,0,0,0,0,0,0,0,0,0,1,0,1,0,0,0,0,38,1,1,0,1,0,0,3,0,0,0,0,0,1,0,1,0,0,0,0,0,0,0,2
"Zotu2311",0,0,0,0,0,0,0,0,0,0,0,0,0,0,0,0,0,0,0,0,0,0,0,0,0,0,0,0,0,0,0,1,2,1,0,1,1,1,1,0,0,0,0,0,0,0,0,23,0,0,0,0,2,1,0,0,0,51,0,13,1,0
"Zotu1459",0,0,0,0,0,0,0,0,0,0,0,0,0,0,0,0,0,0,0,0,0,0,0,0,0,0,0,0,0,0,0,1,0,0,0,0,1,1,1,0,0,2,0,0,1,1,0,0,1,0,0,1,2,0,0,9,40,3,90,1,1,1
"Zotu3848",0,0,0,0,0,0,0,0,0,0,0,0,0,0,0,0,0,0,0,0,0,0,0,0,0,0,0,0,0,0,0,1,0,0,3,1,0,0,0,0,0,1,1,1,0,0,2,0,0,0,0,0,0,1,22,12,0,1,0,1,0,0
"Zotu5538",0,0,0,0,0,0,0,0,0,0,0,0,0,0,0,0,0,0,0,0,0,0,0,0,0,0,0,0,0,0,0,1,0,0,0,0,0,0,0,0,0,0,0,0,21,0,0,1,0,0,0,0,0,0,0,0,0,0,0,0,0,6
"Zotu4297",0,0,0,0,0,0,0,0,0,0,0,0,0,0,0,0,0,0,0,0,0,0,0,0,0,0,0,0,0,0,0,1,20,0,0,0,0,0,0,0,0,0,0,0,0,0,1,0,0,0,0,0,0,0,0,0,0,0,0,0,0,0
"Zotu5697",0,0,0,0,0,0,0,0,0,0,0,0,0,0,0,0,0,0,0,0,0,0,0,0,0,0,0,0,0,0,0,1,1,2,2,0,0,1,0,0,1,0,0,32,0,0,2,0,0,1,0,0,0,0,0,0,0,0,0,0,0,0
"Zotu1655",0,0,0,0,0,0,0,0,0,0,0,0,0,0,0,0,0,0,0,0,0,0,0,0,0,0,0,0,0,0,0,1,0,70,0,0,2,0,0,1,1,0,0,1,0,0,1,2,1,2,11,2,0,25,2,0,0,2,0,0,3,0
"Zotu2610",0,0,0,0,0,0,0,0,0,0,0,0,0,0,0,0,0,0,0,0,0,0,0,0,0,0,0,0,0,0,0,1,1,0,0,0,0,0,0,0,0,0,0,0,0,0,18,40,0,1,0,0,0,1,0,2,0,1,0,1,0,0
"Zotu4080",0,0,0,0,0,0,0,0,0,0,0,0,0,0,0,0,0,0,0,0,0,0,0,0,0,0,0,0,0,0,0,1,1,0,0,0,1,0,0,0,0,0,0,0,1,1,0,1,0,0,1,0,1,1,0,4,24,0,0,0,9,0
"Zotu3340",0,0,0,0,0,0,0,0,0,0,0,0,0,0,0,0,0,0,0,0,0,0,0,0,0,0,0,0,0,0,0,2,0,0,0,0,1,1,1,0,1,0,1,79,0,1,0,0,0,0,0,0,0,0,0,0,0,0,0,0,1,0
"Zotu1129",0,0,0,0,0,0,0,0,0,0,0,0,0,0,0,0,0,0,0,0,0,0,0,0,0,0,0,0,0,0,0,1,1,0,1,1,1,0,2,0,0,1,0,0,197,2,0,1,0,1,1,4,2,1,2,1,0,2,1,15,16,13
"Zotu1015",0,0,0,0,0,0,0,0,0,0,0,0,0,0,0,0,0,0,0,0,0,0,0,0,0,0,0,0,0,0,0,2,1,5,0,2,1,7,2,1,1,0,0,245,0,1,2,1,0,0,0,0,3,2,1,2,0,2,0,2,1,3
"Zotu2961",0,0,0,0,0,0,0,0,0,0,0,0,0,0,0,0,0,0,0,0,0,0,0,0,0,0,0,0,0,0,0,1,0,0,0,0,0,0,0,0,0,0,57,0,0,1,0,0,1,0,0,0,0,0,0,0,0,1,0,1,0,2
"Zotu5981",0,0,0,0,0,0,0,0,0,0,0,0,0,0,0,0,0,0,0,0,0,0,0,0,0,0,0,0,0,0,0,1,0,1,0,0,0,0,0,0,0,0,0,0,2,0,0,0,0,1,0,0,0,0,0,0,34,0,0,0,0,0
"Zotu1842",0,0,0,0,0,0,0,0,0,0,0,0,0,0,0,0,0,0,0,0,0,0,0,0,0,0,0,0,0,0,0,1,1,1,0,0,0,7,0,3,0,64,97,3,0,1,1,0,0,4,0,0,0,0,1,0,1,0,0,0,2,0
"Zotu669",0,0,0,0,0,0,0,0,0,0,0,0,0,0,0,0,0,0,0,0,0,0,0,0,0,0,0,0,0,0,0,2,0,1,2,3,1,1,0,1,1,0,3,3,0,0,0,4,0,0,0,2,4,1,25,316,66,1,3,1,1,2
"Zotu1685",0,0,0,0,0,0,0,0,0,0,0,0,0,0,0,0,0,0,0,0,0,0,0,0,0,0,0,0,0,0,0,1,0,0,0,0,1,0,1,0,0,1,2,0,1,0,0,1,2,0,0,1,0,1,0,1,107,0,0,0,2,0
"Zotu4629",0,0,0,0,0,0,0,0,0,0,0,0,0,0,0,0,0,0,0,0,0,0,0,0,0,0,0,0,0,0,0,1,0,0,0,0,0,0,1,0,0,0,0,0,1,0,37,0,0,0,0,0,0,0,0,0,0,0,0,0,0,0
"Zotu1532",0,0,0,0,0,0,0,0,0,0,0,0,0,0,0,0,0,0,0,0,0,0,0,0,0,0,0,0,0,0,0,2,1,1,0,0,1,1,0,0,1,0,1,2,2,63,1,44,46,0,20,0,3,0,0,0,1,2,2,1,0,0
"Zotu1235",0,0,0,0,0,0,0,0,0,0,0,0,0,0,0,0,0,0,0,0,0,0,0,0,0,0,0,0,0,0,0,1,1,1,0,1,0,1,0,1,1,1,1,1,1,3,113,0,2,1,1,1,4,0,0,54,2,0,0,26,2,2
"Zotu2117",0,0,0,0,0,0,0,0,0,0,0,0,0,0,0,0,0,0,0,0,0,0,0,0,0,0,0,0,0,0,0,1,0,0,0,0,0,0,0,1,0,1,0,1,0,1,0,0,0,0,0,0,0,1,0,0,0,76,0,0,0,0
"Zotu3567",0,0,0,0,0,0,0,0,0,0,0,0,0,0,0,0,0,0,0,0,0,0,0,0,0,0,0,0,0,0,0,1,1,0,0,0,0,0,0,1,0,0,2,0,0,0,0,0,0,49,0,0,0,0,0,0,0,0,0,0,0,0
"Zotu1762",0,0,0,0,0,0,0,0,0,0,0,0,0,0,0,0,0,0,0,0,0,0,0,0,0,0,0,0,0,0,0,2,0,91,1,0,0,0,0,1,0,2,0,0,0,0,0,1,1,0,1,2,0,1,0,0,0,1,0,0,0,0
"Zotu947",0,0,0,0,0,0,0,0,0,0,0,0,0,0,0,0,0,0,0,0,0,0,0,0,0,0,0,0,0,0,0,3,2,1,4,1,1,1,2,1,1,0,0,2,2,2,3,1,1,1,0,2,4,3,31,7,1,2,176,0,1,1
"Zotu4149",0,0,0,0,0,0,0,0,0,0,0,0,0,0,0,0,0,0,0,0,0,0,0,0,0,0,0,0,0,0,0,1,0,0,0,0,0,0,0,0,0,0,0,0,0,0,1,0,0,0,0,0,0,0,46,0,0,0,0,0,0,0
"Zotu1589",0,0,0,0,0,0,0,0,0,0,0,0,0,0,0,0,0,0,0,0,0,0,0,0,0,0,0,0,0,0,0,1,0,0,0,1,0,0,0,0,0,0,0,0,0,0,0,0,0,1,0,0,0,0,0,0,157,0,0,0,0,0
"Zotu4489",0,0,0,0,0,0,0,0,0,0,0,0,0,0,0,0,0,0,0,0,0,0,0,0,0,0,0,0,0,0,0,1,0,0,0,0,0,0,1,1,40,0,1,1,0,0,1,1,0,0,0,0,0,0,0,0,1,0,0,0,0,0
"Zotu3962",0,0,0,0,0,0,0,0,0,0,0,0,0,0,0,0,0,0,0,0,0,0,0,0,0,0,0,0,0,0,0,1,0,0,0,0,0,0,1,0,0,0,1,0,0,0,0,0,1,0,0,0,37,0,0,8,0,1,0,0,0,0
"Zotu3298",0,0,0,0,0,0,0,0,0,0,0,0,0,0,0,0,0,0,0,0,0,0,0,0,0,0,0,0,0,0,0,3,0,0,0,0,0,1,0,0,0,0,1,60,1,0,2,0,0,1,0,1,0,1,0,0,1,0,0,0,0,1
"Zotu1898",0,0,0,0,0,0,0,0,0,0,0,0,0,0,0,0,0,0,0,0,0,0,0,0,0,0,0,0,0,0,0,1,1,1,0,1,0,0,0,0,0,1,0,1,2,0,1,0,2,0,0,0,0,0,0,0,14,70,44,0,17,1
"Zotu3440",0,0,0,0,0,0,0,0,0,0,0,0,0,0,0,0,0,0,0,0,0,0,0,0,0,0,0,0,0,0,0,1,1,0,0,0,0,1,0,0,0,1,0,0,0,0,0,1,0,0,0,0,0,0,5,44,0,0,1,0,0,0
"Zotu619",0,0,0,0,0,0,0,0,0,0,0,0,0,0,0,0,0,0,0,0,0,0,0,0,0,0,0,0,0,0,0,1,0,0,41,405,3,38,1,0,0,0,1,1,0,1,1,2,0,0,0,1,0,0,0,1,5,0,0,0,0,0
"Zotu1777",0,0,0,0,0,0,0,0,0,0,0,0,0,0,0,0,0,0,0,0,0,0,0,0,0,0,0,0,0,0,0,1,1,2,1,1,1,1,0,0,2,0,0,0,0,0,0,0,0,0,0,10,1,0,1,157,0,0,0,3,3,0
"Zotu1152",0,0,0,0,0,0,0,0,0,0,0,0,0,0,0,0,0,0,0,0,0,0,0,0,0,0,0,0,0,0,0,1,1,0,2,0,1,0,0,2,0,0,1,0,0,0,0,3,0,0,0,0,2,0,24,15,67,109,1,1,1,1
"Zotu680",0,0,0,0,0,0,0,0,0,0,0,0,0,0,0,0,0,0,0,0,0,0,0,0,0,0,0,0,0,0,0,1,4,0,2,4,1,1,2,0,1,0,0,3,0,321,0,0,0,0,1,0,4,2,0,2,50,1,1,82,22,1
"Zotu5012",0,0,0,0,0,0,0,0,0,0,0,0,0,0,0,0,0,0,0,0,0,0,0,0,0,0,0,0,0,0,0,1,0,0,1,1,1,0,0,1,0,0,0,48,1,0,0,0,1,0,0,1,1,1,1,0,0,0,0,0,0,0
"Zotu913",0,0,0,0,0,0,0,0,0,0,0,0,0,0,0,0,0,0,0,0,0,0,0,0,0,0,0,0,0,0,0,1,0,0,1,0,0,0,0,0,0,0,0,0,0,2,0,0,0,0,0,0,0,1,0,352,72,0,0,0,2,0
"Zotu6095",0,0,0,0,0,0,0,0,0,0,0,0,0,0,0,0,0,0,0,0,0,0,0,0,0,0,0,0,0,0,0,1,0,0,0,0,0,0,0,0,0,0,0,13,0,0,0,1,0,0,0,0,0,0,0,0,0,0,10,0,0,1
"Zotu868",0,0,0,0,0,0,0,0,0,0,0,0,0,0,0,0,0,0,0,0,0,0,0,0,0,0,0,0,0,0,0,1,2,2,2,0,2,0,2,0,0,3,2,1,0,2,1,0,2,0,3,1,2,3,0,0,0,2,280,1,2,1
"Zotu5443",0,0,0,0,0,0,0,0,0,0,0,0,0,0,0,0,0,0,0,0,0,0,0,0,0,0,0,0,0,0,0,1,0,0,0,0,0,0,0,0,0,0,0,0,0,1,0,0,0,0,0,0,0,0,0,7,24,0,0,0,0,0
"Zotu2281",0,0,0,0,0,0,0,0,0,0,0,0,0,0,0,0,0,0,0,0,0,0,0,0,0,0,0,0,0,0,0,1,1,1,0,0,0,0,1,0,1,0,0,125,1,1,0,0,1,0,0,0,0,0,0,2,1,1,0,0,0,1
"Zotu2471",0,0,0,0,0,0,0,0,0,0,0,0,0,0,0,0,0,0,0,0,0,0,0,0,0,0,0,0,0,0,0,2,0,1,0,0,0,0,0,1,0,1,0,0,0,1,1,0,0,1,1,1,0,0,1,0,0,64,8,1,0,0
"Zotu2241",0,0,0,0,0,0,0,0,0,0,0,0,0,0,0,0,0,0,0,0,0,0,0,0,0,0,0,0,0,0,0,1,1,0,1,0,1,0,1,1,1,0,0,1,0,0,0,0,1,0,0,0,0,0,17,19,68,0,0,0,0,1
"Zotu4856",0,0,0,0,0,0,0,0,0,0,0,0,0,0,0,0,0,0,0,0,0,0,0,0,0,0,0,0,0,0,0,1,0,0,1,2,39,0,1,0,0,0,1,1,0,0,0,0,0,1,1,0,1,0,0,0,0,0,0,1,0,0
"Zotu5887",0,0,0,0,0,0,0,0,0,0,0,0,0,0,0,0,0,0,0,0,0,0,0,0,0,0,0,0,0,0,0,1,0,0,0,0,0,0,0,0,0,0,0,1,0,2,0,0,0,0,0,0,0,0,11,18,0,0,0,0,0,1
"Zotu2743",0,0,0,0,0,0,0,0,0,0,0,0,0,0,0,0,0,0,0,0,0,0,0,0,0,0,0,0,0,0,0,1,0,0,1,0,0,0,0,0,1,0,2,0,59,2,0,0,1,0,0,0,0,0,1,4,0,31,3,0,0,1
"Zotu5297",0,0,0,0,0,0,0,0,0,0,0,0,0,0,0,0,0,0,0,0,0,0,0,0,0,0,0,0,0,0,0,1,0,0,0,0,0,0,1,0,0,2,0,0,1,0,0,1,0,0,0,1,1,0,0,1,2,0,3,4,36,7
"Zotu2379",0,0,0,0,0,0,0,0,0,0,0,0,0,0,0,0,0,0,0,0,0,0,0,0,0,0,0,0,0,0,0,1,3,0,1,0,0,0,1,0,0,1,0,0,0,44,0,35,0,0,21,1,1,0,0,0,1,0,0,2,0,0
"Zotu4945",0,0,0,0,0,0,0,0,0,0,0,0,0,0,0,0,0,0,0,0,0,0,0,0,0,0,0,0,0,0,0,1,0,0,0,0,41,0,0,0,0,0,0,1,0,0,0,0,0,0,0,0,0,0,0,7,1,0,0,0,0,1
"Zotu4500",0,0,0,0,0,0,0,0,0,0,0,0,0,0,0,0,0,0,0,0,0,0,0,0,0,0,0,0,0,0,0,1,0,0,0,1,0,0,0,0,0,0,1,0,0,0,2,0,0,0,0,0,0,1,2,0,1,0,0,1,10,39
"Zotu1866",0,0,0,0,0,0,0,0,0,0,0,0,0,0,0,0,0,0,0,0,0,0,0,0,0,0,0,0,0,0,0,1,0,2,2,0,1,1,0,1,1,52,0,0,0,1,0,1,1,1,1,2,1,1,55,6,14,0,24,1,0,1
"Zotu3742",0,0,0,0,0,0,0,0,0,0,0,0,0,0,0,0,0,0,0,0,0,0,0,0,0,0,0,0,0,0,0,1,0,0,0,0,0,0,0,0,1,0,0,0,0,0,0,0,0,0,2,0,0,0,0,0,0,0,0,52,2,0
"Zotu821",0,0,0,0,0,0,0,0,0,0,0,0,0,0,0,0,0,0,0,0,0,0,0,0,0,0,0,0,0,0,0,2,1,1,3,0,2,1,2,4,2,0,1,2,1,3,1,1,2,3,48,57,1,0,1,3,2,2,1,2,2,162
"Zotu812",0,0,0,0,0,0,0,0,0,0,0,0,0,0,0,0,0,0,0,0,0,0,0,0,0,0,0,0,0,0,0,1,1,0,1,1,2,0,0,1,0,0,0,0,0,0,1,0,0,0,1,0,0,0,89,92,25,139,0,0,0,1
"Zotu4503",0,0,0,0,0,0,0,0,0,0,0,0,0,0,0,0,0,0,0,0,0,0,0,0,0,0,0,0,0,0,0,1,0,0,0,0,0,0,0,0,0,0,1,0,0,0,0,0,0,0,0,0,0,28,0,0,0,1,0,0,0,0
"Zotu2956",0,0,0,0,0,0,0,0,0,0,0,0,0,0,0,0,0,0,0,0,0,0,0,0,0,0,0,0,0,0,0,1,0,0,2,1,0,1,0,0,0,0,0,0,0,62,0,0,1,1,0,0,1,6,2,0,0,0,1,0,3,1
"Zotu751",0,0,0,0,0,0,0,0,0,0,0,0,0,0,0,0,0,0,0,0,0,0,0,0,0,0,0,0,0,0,0,2,1,1,0,0,0,3,56,1,328,0,0,1,2,0,3,0,0,1,0,1,0,0,0,0,0,1,1,2,1,1
"Zotu1413",0,0,0,0,0,0,0,0,0,0,0,0,0,0,0,0,0,0,0,0,0,0,0,0,0,0,0,0,0,0,0,1,1,1,0,1,0,45,4,1,0,44,3,1,0,1,1,0,1,0,2,0,1,0,40,28,13,2,1,1,0,0
"Zotu5959",0,0,0,0,0,0,0,0,0,0,0,0,0,0,0,0,0,0,0,0,0,0,0,0,0,0,0,0,0,0,0,1,0,0,0,0,0,0,0,1,0,0,0,0,0,0,0,0,0,20,0,0,0,0,0,0,0,0,0,0,0,0
"Zotu2152",0,0,0,0,0,0,0,0,0,0,0,0,0,0,0,0,0,0,0,0,0,0,0,0,0,0,0,0,0,0,0,1,0,0,100,2,0,0,0,0,0,0,1,0,0,0,0,0,0,1,0,0,0,0,0,0,0,1,0,0,0,0
"Zotu1681",0,0,0,0,0,0,0,0,0,0,0,0,0,0,0,0,0,0,0,0,0,0,0,0,0,0,0,0,0,0,0,1,0,0,0,0,0,2,3,3,0,0,0,0,2,0,0,0,1,0,2,2,0,0,4,1,1,1,0,1,0,107
"Zotu1913",0,0,0,0,0,0,0,0,0,0,0,0,0,0,0,0,0,0,0,0,0,0,0,0,0,0,0,0,0,0,0,1,0,1,0,1,1,0,0,0,0,0,1,0,1,1,0,2,1,0,0,0,1,0,0,0,0,1,1,59,57,2
"Zotu3100",0,0,0,0,0,0,0,0,0,0,0,0,0,0,0,0,0,0,0,0,0,0,0,0,0,0,0,0,0,0,0,1,0,0,1,0,0,0,0,59,0,0,0,0,0,0,0,1,0,0,1,0,1,0,0,0,0,1,0,0,0,0
"Zotu4482",0,0,0,0,0,0,0,0,0,0,0,0,0,0,0,0,0,0,0,0,0,0,0,0,0,0,0,0,0,0,0,1,0,1,0,0,0,33,0,0,1,1,0,1,0,0,0,0,0,0,0,0,0,0,0,0,0,0,1,0,0,0
"Zotu4430",0,0,0,0,0,0,0,0,0,0,0,0,0,0,0,0,0,0,0,0,0,0,0,0,0,0,0,0,0,0,0,1,0,0,0,0,0,0,0,0,0,0,0,1,0,1,0,0,0,0,0,0,0,0,0,0,0,0,0,25,0,0
"Zotu312",0,0,0,0,0,0,0,0,0,0,0,0,0,0,0,0,0,0,0,0,0,0,0,0,0,0,0,0,0,0,0,1,2,1,1,0,1,2,1,2,1,0,1,2,4,303,108,138,207,280,0,4,4,4,3,32,38,1,2,3,3,2
"Zotu1475",0,0,0,0,0,0,0,0,0,0,0,0,0,0,0,0,0,0,0,0,0,0,0,0,0,0,0,0,0,0,0,1,1,0,0,0,0,0,0,1,0,1,0,1,0,0,2,0,0,0,0,0,1,0,13,182,0,1,0,0,1,1
"Zotu1224",0,0,0,0,0,0,0,0,0,0,0,0,0,0,0,0,0,0,0,0,0,0,0,0,0,0,0,0,0,0,0,1,0,0,0,1,0,0,0,0,1,0,0,2,0,0,1,0,0,0,0,0,0,0,1,47,2,150,0,0,1,0
"Zotu2848",0,0,0,0,0,0,0,0,0,0,0,0,0,0,0,0,0,0,0,0,0,0,0,0,0,0,0,0,0,0,0,1,0,0,0,0,1,0,1,0,1,0,0,0,0,0,0,0,1,1,0,1,0,0,61,0,0,0,0,0,0,0
"Zotu692",0,0,0,0,0,0,0,0,0,0,0,0,0,0,0,0,0,0,0,0,0,0,0,0,0,0,0,0,0,0,0,1,2,2,2,0,3,71,195,127,5,4,0,1,1,4,1,1,1,8,4,4,0,3,2,0,3,4,0,3,0,1
"Zotu6094",0,0,0,0,0,0,0,0,0,0,0,0,0,0,0,0,0,0,0,0,0,0,0,0,0,0,0,0,0,0,0,1,0,0,0,0,0,0,0,0,0,0,0,0,0,0,0,0,0,0,0,0,0,0,0,0,44,0,0,0,10,0
"Zotu1611",0,0,0,0,0,0,0,0,0,0,0,0,0,0,0,0,0,0,0,0,0,0,0,0,0,0,0,0,0,0,0,1,1,0,0,0,1,1,0,0,0,1,0,3,0,1,0,0,0,199,0,0,0,0,0,0,0,0,40,0,1,0
"Zotu3620",0,0,0,0,0,0,0,0,0,0,0,0,0,0,0,0,0,0,0,0,0,0,0,0,0,0,0,0,0,0,0,1,0,0,0,0,0,0,0,0,0,0,2,1,0,1,3,0,0,46,0,1,0,0,0,0,0,0,0,0,0,0
"Zotu2551",0,0,0,0,0,0,0,0,0,0,0,0,0,0,0,0,0,0,0,0,0,0,0,0,0,0,0,0,0,0,0,1,0,0,0,0,1,2,2,0,1,0,0,0,0,1,1,0,0,99,1,1,0,0,1,0,0,0,0,0,0,1
"Zotu1403",0,0,0,0,0,0,0,0,0,0,0,0,0,0,0,0,0,0,0,0,0,0,0,0,0,0,0,0,0,0,0,1,1,0,2,0,0,0,0,0,1,1,0,0,0,0,0,0,0,0,2,0,3,0,1,0,33,1,30,44,54,6
"Zotu1572",0,0,0,0,0,0,0,0,0,0,0,0,0,0,0,0,0,0,0,0,0,0,0,0,0,0,0,0,0,0,0,1,0,0,0,0,0,0,0,1,0,1,0,0,59,2,0,2,1,0,0,3,1,38,2,2,0,0,1,1,32,30
"Zotu1453",0,0,0,0,0,0,0,0,0,0,0,0,0,0,0,0,0,0,0,0,0,0,0,0,0,0,0,0,0,0,0,1,1,2,0,4,0,2,59,2,1,0,0,0,1,0,0,0,0,0,0,0,0,1,0,132,1,0,0,0,0,0
"Zotu1102",0,0,0,0,0,0,0,0,0,0,0,0,0,0,0,0,0,0,0,0,0,0,0,0,0,0,0,0,0,0,0,1,1,1,0,0,3,0,1,2,1,1,2,1,1,0,0,1,2,1,2,5,2,3,1,0,2,0,128,10,72,42
"Zotu4755",0,0,0,0,0,0,0,0,0,0,0,0,0,0,0,0,0,0,0,0,0,0,0,0,0,0,0,0,0,0,0,1,0,0,0,0,0,0,0,0,0,0,2,0,0,0,0,0,0,0,0,0,0,0,0,0,0,0,33,1,0,0
"Zotu1767",0,0,0,0,0,0,0,0,0,0,0,0,0,0,0,0,0,0,0,0,0,0,0,0,0,0,0,0,0,0,0,1,1,0,2,0,0,0,0,1,0,0,0,0,0,0,2,0,1,0,0,0,1,0,0,0,0,2,117,0,1,0
"Zotu3149",0,0,0,0,0,0,0,0,0,0,0,0,0,0,0,0,0,0,0,0,0,0,0,0,0,0,0,0,0,0,0,1,0,0,1,1,0,0,0,0,1,0,0,0,0,0,0,0,0,0,0,0,0,0,0,0,0,50,9,1,0,0
"Zotu1197",0,0,0,0,0,0,0,0,0,0,0,0,0,0,0,0,0,0,0,0,0,0,0,0,0,0,0,0,0,0,0,1,0,1,2,1,1,243,0,1,2,0,1,3,3,2,1,2,2,0,1,1,0,1,0,0,0,1,0,1,0,2
"Zotu1521",0,0,0,0,0,0,0,0,0,0,0,0,0,0,0,0,0,0,0,0,0,0,0,0,0,0,0,0,0,0,0,1,1,33,0,1,0,0,1,0,3,0,148,0,0,0,0,0,0,0,1,0,1,0,0,0,0,1,1,2,3,0
"Zotu3729",0,0,0,0,0,0,0,0,0,0,0,0,0,0,0,0,0,0,0,0,0,0,0,0,0,0,0,0,0,0,0,1,0,0,1,0,0,0,0,0,1,0,0,0,0,0,0,0,1,0,0,1,34,0,0,0,1,0,0,0,0,0
"Zotu1622",0,0,0,0,0,0,0,0,0,0,0,0,0,0,0,0,0,0,0,0,0,0,0,0,0,0,0,0,0,0,0,1,1,0,0,0,0,0,3,1,2,1,1,1,0,0,1,1,0,130,10,1,1,1,1,2,3,0,3,1,0,1
"Zotu5310",0,0,0,0,0,0,0,0,0,0,0,0,0,0,0,0,0,0,0,0,0,0,0,0,0,0,0,0,0,0,0,1,0,0,0,0,0,0,0,1,0,0,0,0,0,0,0,0,0,0,0,1,0,0,0,0,0,1,29,0,0,0
"Zotu3842",0,0,0,0,0,0,0,0,0,0,0,0,0,0,0,0,0,0,0,0,0,0,0,0,0,0,0,0,0,0,0,1,0,0,0,1,0,0,0,0,0,0,0,0,0,0,1,1,0,0,0,0,1,0,0,1,0,1,78,0,0,0
"Zotu3202",0,0,0,0,0,0,0,0,0,0,0,0,0,0,0,0,0,0,0,0,0,0,0,0,0,0,0,0,0,0,0,1,1,0,0,0,1,2,1,0,1,2,0,0,55,0,1,0,0,0,0,0,0,0,0,1,0,0,1,1,1,0
"Zotu4497",0,0,0,0,0,0,0,0,0,0,0,0,0,0,0,0,0,0,0,0,0,0,0,0,0,0,0,0,0,0,0,1,0,1,1,1,1,0,0,0,1,0,0,19,0,0,0,0,1,0,0,1,0,0,28,2,0,0,0,0,0,0
"Zotu402",0,0,0,0,0,0,0,0,0,0,0,0,0,0,0,0,0,0,0,0,0,0,0,0,0,0,0,0,0,0,0,0,1218,2,0,2,2,1,5,0,1,3,3,5,2,1,4,2,3,4,2,1,0,7,2,4,1,0,1,0,0,2
"Zotu2951",0,0,0,0,0,0,0,0,0,0,0,0,0,0,0,0,0,0,0,0,0,0,0,0,0,0,0,0,0,0,0,0,65,0,0,0,0,0,0,0,0,0,0,0,0,0,0,1,1,0,0,0,0,0,0,0,0,0,0,0,0,0
"Zotu1697",0,0,0,0,0,0,0,0,0,0,0,0,0,0,0,0,0,0,0,0,0,0,0,0,0,0,0,0,0,0,0,0,115,0,1,0,0,1,1,1,1,0,0,2,0,0,1,1,0,1,1,1,2,2,0,0,1,0,0,0,0,0
"Zotu4831",0,0,0,0,0,0,0,0,0,0,0,0,0,0,0,0,0,0,0,0,0,0,0,0,0,0,0,0,0,0,0,0,51,0,0,0,0,1,0,0,0,1,0,1,2,1,0,0,0,0,0,0,1,0,0,0,1,1,0,0,0,0
"Zotu1156",0,0,0,0,0,0,0,0,0,0,0,0,0,0,0,0,0,0,0,0,0,0,0,0,0,0,0,0,0,0,0,0,78,0,0,4,0,1,0,1,0,0,125,0,0,0,1,0,1,1,0,0,2,0,1,1,0,0,0,1,1,1
"Zotu3211",0,0,0,0,0,0,0,0,0,0,0,0,0,0,0,0,0,0,0,0,0,0,0,0,0,0,0,0,0,0,0,0,1,0,0,0,1,0,0,57,2,1,0,0,0,0,0,0,0,0,0,0,0,0,0,2,0,0,0,0,0,0
"Zotu3466",0,0,0,0,0,0,0,0,0,0,0,0,0,0,0,0,0,0,0,0,0,0,0,0,0,0,0,0,0,0,0,0,58,0,0,0,2,0,0,0,0,0,0,0,0,0,0,0,0,1,1,0,0,0,0,0,1,0,0,0,0,0
"Zotu1831",0,0,0,0,0,0,0,0,0,0,0,0,0,0,0,0,0,0,0,0,0,0,0,0,0,0,0,0,0,0,0,0,145,0,0,1,0,0,1,0,0,23,2,0,0,1,0,0,0,1,0,5,0,0,0,0,0,1,1,0,0,2
"Zotu5046",0,0,0,0,0,0,0,0,0,0,0,0,0,0,0,0,0,0,0,0,0,0,0,0,0,0,0,0,0,0,0,0,33,0,0,0,0,0,1,0,0,0,0,0,0,0,1,1,0,0,0,0,0,0,0,0,0,0,0,1,0,0
"Zotu689",0,0,0,0,0,0,0,0,0,0,0,0,0,0,0,0,0,0,0,0,0,0,0,0,0,0,0,0,0,0,0,0,449,1,0,1,0,2,4,3,2,3,2,1,0,2,0,0,4,2,2,1,0,1,3,1,2,1,1,0,0,3
"Zotu3064",0,0,0,0,0,0,0,0,0,0,0,0,0,0,0,0,0,0,0,0,0,0,0,0,0,0,0,0,0,0,0,0,78,0,0,0,0,0,0,0,0,0,0,0,0,0,0,0,1,0,0,0,0,0,0,0,0,0,0,0,0,0
"Zotu5457",0,0,0,0,0,0,0,0,0,0,0,0,0,0,0,0,0,0,0,0,0,0,0,0,0,0,0,0,0,0,0,0,43,0,0,1,0,0,0,1,0,0,1,1,0,0,0,0,0,1,0,1,0,0,6,0,0,1,0,1,0,0
"Zotu1810",0,0,0,0,0,0,0,0,0,0,0,0,0,0,0,0,0,0,0,0,0,0,0,0,0,0,0,0,0,0,0,0,110,1,0,0,36,1,1,0,1,0,1,0,0,0,1,0,1,0,0,1,0,0,0,0,0,1,0,1,1,0
"Zotu1093",0,0,0,0,0,0,0,0,0,0,0,0,0,0,0,0,0,0,0,0,0,0,0,0,0,0,0,0,0,0,0,0,216,0,2,0,2,0,0,0,2,1,0,2,0,0,2,0,0,0,1,1,0,0,1,1,0,1,0,0,1,0
"Zotu3309",0,0,0,0,0,0,0,0,0,0,0,0,0,0,0,0,0,0,0,0,0,0,0,0,0,0,0,0,0,0,0,0,87,1,0,0,0,0,0,1,0,0,0,0,0,0,0,1,0,0,0,0,0,0,0,0,0,1,0,0,0,0
"Zotu6268",0,0,0,0,0,0,0,0,0,0,0,0,0,0,0,0,0,0,0,0,0,0,0,0,0,0,0,0,0,0,0,0,26,0,0,0,0,0,0,0,0,0,0,0,0,0,0,0,0,0,0,0,0,0,0,0,0,0,1,0,0,0
"Zotu5347",0,0,0,0,0,0,0,0,0,0,0,0,0,0,0,0,0,0,0,0,0,0,0,0,0,0,0,0,0,0,0,0,21,0,1,0,0,1,0,0,1,0,0,0,0,0,0,0,0,0,0,0,0,0,0,0,0,0,0,0,0,0
"Zotu3164",0,0,0,0,0,0,0,0,0,0,0,0,0,0,0,0,0,0,0,0,0,0,0,0,0,0,0,0,0,0,0,0,64,0,0,0,0,0,2,0,0,0,0,0,0,0,0,0,0,1,0,0,0,0,0,0,0,0,0,0,0,0
"Zotu3205",0,0,0,0,0,0,0,0,0,0,0,0,0,0,0,0,0,0,0,0,0,0,0,0,0,0,0,0,0,0,0,0,59,0,0,0,0,0,0,0,0,0,0,0,0,0,2,0,0,0,1,1,0,0,0,0,0,1,0,0,0,1
"Zotu4036",0,0,0,0,0,0,0,0,0,0,0,0,0,0,0,0,0,0,0,0,0,0,0,0,0,0,0,0,0,0,0,0,36,0,0,0,0,0,0,0,0,1,0,0,0,0,0,0,0,0,0,0,0,0,0,0,0,0,0,0,0,0
"Zotu2412",0,0,0,0,0,0,0,0,0,0,0,0,0,0,0,0,0,0,0,0,0,0,0,0,0,0,0,0,0,0,0,0,57,0,0,0,0,0,0,0,0,0,1,0,1,0,0,0,0,0,0,0,0,0,0,0,1,0,0,0,0,0
"Zotu5710",0,0,0,0,0,0,0,0,0,0,0,0,0,0,0,0,0,0,0,0,0,0,0,0,0,0,0,0,0,0,0,0,38,0,0,1,0,0,0,0,0,0,0,0,0,0,0,0,0,0,0,0,0,0,0,0,0,0,0,0,0,0
"Zotu2002",0,0,0,0,0,0,0,0,0,0,0,0,0,0,0,0,0,0,0,0,0,0,0,0,0,0,0,0,0,0,0,0,101,0,0,0,1,0,1,0,0,0,0,0,0,0,0,0,1,0,0,0,0,0,0,1,0,0,0,0,0,1
"Zotu3192",0,0,0,0,0,0,0,0,0,0,0,0,0,0,0,0,0,0,0,0,0,0,0,0,0,0,0,0,0,0,0,0,84,0,0,0,0,0,1,2,0,0,0,0,0,0,0,0,0,0,0,0,0,0,0,0,0,0,0,0,0,0
"Zotu3624",0,0,0,0,0,0,0,0,0,0,0,0,0,0,0,0,0,0,0,0,0,0,0,0,0,0,0,0,0,0,0,0,38,0,0,0,1,0,1,0,0,1,0,0,0,0,1,0,0,0,0,0,0,0,0,0,0,0,0,0,0,1
"Zotu3666",0,0,0,0,0,0,0,0,0,0,0,0,0,0,0,0,0,0,0,0,0,0,0,0,0,0,0,0,0,0,0,0,48,0,0,0,1,0,0,0,0,0,0,0,0,1,1,0,0,0,0,2,0,0,0,0,0,0,0,0,0,0
"Zotu2042",0,0,0,0,0,0,0,0,0,0,0,0,0,0,0,0,0,0,0,0,0,0,0,0,0,0,0,0,0,0,0,0,98,0,0,0,0,0,0,0,0,1,0,2,0,0,0,0,0,0,0,0,2,1,1,0,0,0,0,0,2,0
"Zotu5571",0,0,0,0,0,0,0,0,0,0,0,0,0,0,0,0,0,0,0,0,0,0,0,0,0,0,0,0,0,0,0,0,22,0,1,0,1,0,0,0,0,0,0,2,0,0,1,0,0,0,0,6,0,0,0,0,0,1,0,0,0,0
"Zotu2136",0,0,0,0,0,0,0,0,0,0,0,0,0,0,0,0,0,0,0,0,0,0,0,0,0,0,0,0,0,0,0,0,97,1,0,0,0,0,0,0,1,1,0,0,0,1,0,1,0,1,0,0,0,0,0,0,0,0,0,0,0,0
"Zotu4669",0,0,0,0,0,0,0,0,0,0,0,0,0,0,0,0,0,0,0,0,0,0,0,0,0,0,0,0,0,0,0,0,35,0,0,0,0,0,0,1,0,0,0,0,0,0,0,0,0,0,0,1,0,0,1,0,0,0,0,0,0,0
"Zotu4516",0,0,0,0,0,0,0,0,0,0,0,0,0,0,0,0,0,0,0,0,0,0,0,0,0,0,0,0,0,0,0,0,24,0,0,0,0,0,0,0,0,0,0,0,0,0,0,0,0,0,0,0,0,0,0,0,0,0,0,0,0,0
"Zotu6210",0,0,0,0,0,0,0,0,0,0,0,0,0,0,0,0,0,0,0,0,0,0,0,0,0,0,0,0,0,0,0,0,23,0,0,0,0,0,0,0,0,0,0,0,0,0,0,0,0,0,0,0,0,0,0,0,0,0,0,0,0,0
"Zotu4826",0,0,0,0,0,0,0,0,0,0,0,0,0,0,0,0,0,0,0,0,0,0,0,0,0,0,0,0,0,0,0,0,1,0,0,0,0,0,0,0,1,0,1,1,2,0,45,1,0,1,0,0,0,0,0,0,0,2,0,0,0,0
"Zotu1545",0,0,0,0,0,0,0,0,0,0,0,0,0,0,0,0,0,0,0,0,0,0,0,0,0,0,0,0,0,0,0,0,144,0,1,0,1,0,0,0,0,0,0,0,0,0,0,0,0,0,1,1,0,0,1,0,0,0,0,0,1,0
"Zotu4678",0,0,0,0,0,0,0,0,0,0,0,0,0,0,0,0,0,0,0,0,0,0,0,0,0,0,0,0,0,0,0,0,2,0,0,1,0,0,0,0,0,0,1,39,0,0,0,1,0,0,0,0,0,0,0,0,0,0,0,0,0,0
"Zotu3447",0,0,0,0,0,0,0,0,0,0,0,0,0,0,0,0,0,0,0,0,0,0,0,0,0,0,0,0,0,0,0,0,32,0,0,0,0,1,0,0,0,0,0,0,1,0,0,1,0,0,1,1,0,0,1,0,0,0,0,0,0,0
"Zotu5664",0,0,0,0,0,0,0,0,0,0,0,0,0,0,0,0,0,0,0,0,0,0,0,0,0,0,0,0,0,0,0,0,18,0,0,0,0,0,0,1,0,0,0,0,0,0,0,0,0,0,0,0,0,0,0,0,0,0,0,0,0,0
"Zotu2267",0,0,0,0,0,0,0,0,0,0,0,0,0,0,0,0,0,0,0,0,0,0,0,0,0,0,0,0,0,0,0,0,94,0,0,0,0,0,1,0,0,1,0,1,1,1,0,0,0,0,0,0,0,0,0,0,0,0,0,0,1,0
"Zotu4714",0,0,0,0,0,0,0,0,0,0,0,0,0,0,0,0,0,0,0,0,0,0,0,0,0,0,0,0,0,0,0,0,1,0,0,0,0,0,0,25,0,0,0,1,0,0,0,0,0,0,0,0,0,1,0,0,1,0,0,0,0,0
"Zotu5464",0,0,0,0,0,0,0,0,0,0,0,0,0,0,0,0,0,0,0,0,0,0,0,0,0,0,0,0,0,0,0,0,38,0,0,0,1,0,0,0,0,0,0,0,1,0,0,1,0,0,0,1,0,0,0,0,0,0,0,0,0,0
"Zotu1906",0,0,0,0,0,0,0,0,0,0,0,0,0,0,0,0,0,0,0,0,0,0,0,0,0,0,0,0,0,0,0,0,121,0,0,0,0,0,0,0,0,0,0,0,0,0,0,0,1,0,0,0,0,0,0,0,0,0,0,0,0,0
"Zotu5078",0,0,0,0,0,0,0,0,0,0,0,0,0,0,0,0,0,0,0,0,0,0,0,0,0,0,0,0,0,0,0,0,1,1,1,0,0,1,0,0,0,0,0,0,0,0,0,34,0,0,0,1,0,0,0,0,0,0,0,0,0,0
"Zotu3471",0,0,0,0,0,0,0,0,0,0,0,0,0,0,0,0,0,0,0,0,0,0,0,0,0,0,0,0,0,0,0,0,45,0,0,0,0,0,0,0,0,0,0,0,0,0,0,0,0,0,0,0,0,1,0,0,0,0,0,0,0,0
"Zotu1795",0,0,0,0,0,0,0,0,0,0,0,0,0,0,0,0,0,0,0,0,0,0,0,0,0,0,0,0,0,0,0,0,1,1,0,0,1,0,0,0,1,0,133,0,0,0,0,0,0,0,0,0,0,1,1,0,0,0,0,0,2,0
"Zotu4457",0,0,0,0,0,0,0,0,0,0,0,0,0,0,0,0,0,0,0,0,0,0,0,0,0,0,0,0,0,0,0,0,28,0,0,0,0,0,0,0,0,0,1,0,0,0,0,0,0,0,0,0,0,0,0,0,1,0,0,0,0,0
"Zotu3706",0,0,0,0,0,0,0,0,0,0,0,0,0,0,0,0,0,0,0,0,0,0,0,0,0,0,0,0,0,0,0,0,1,2,0,0,0,1,0,0,1,0,1,0,0,0,0,2,1,0,0,0,1,0,53,0,0,1,1,1,2,0
"Zotu3405",0,0,0,0,0,0,0,0,0,0,0,0,0,0,0,0,0,0,0,0,0,0,0,0,0,0,0,0,0,0,0,0,2,0,0,1,1,0,0,1,0,0,0,0,0,0,0,64,0,0,1,0,0,0,1,0,0,0,0,0,1,0
"Zotu4561",0,0,0,0,0,0,0,0,0,0,0,0,0,0,0,0,0,0,0,0,0,0,0,0,0,0,0,0,0,0,0,0,46,0,0,0,0,0,0,1,0,0,1,0,0,1,0,1,0,0,0,0,0,0,0,0,0,0,0,0,0,0
"Zotu1918",0,0,0,0,0,0,0,0,0,0,0,0,0,0,0,0,0,0,0,0,0,0,0,0,0,0,0,0,0,0,0,0,1,0,2,1,0,1,0,0,0,0,0,3,0,2,2,1,1,0,71,0,2,0,6,34,29,2,1,0,2,0
"Zotu2134",0,0,0,0,0,0,0,0,0,0,0,0,0,0,0,0,0,0,0,0,0,0,0,0,0,0,0,0,0,0,0,0,2,0,0,0,0,2,0,46,0,49,0,0,0,1,0,0,1,0,0,2,0,0,0,0,0,2,1,1,0,1
"Zotu5367",0,0,0,0,0,0,0,0,0,0,0,0,0,0,0,0,0,0,0,0,0,0,0,0,0,0,0,0,0,0,0,0,1,0,0,1,0,1,0,0,0,0,0,0,1,0,0,0,0,0,0,9,0,21,1,0,0,0,0,0,0,2
"Zotu6256",0,0,0,0,0,0,0,0,0,0,0,0,0,0,0,0,0,0,0,0,0,0,0,0,0,0,0,0,0,0,0,0,20,0,0,0,0,0,0,0,0,0,0,0,0,0,0,0,0,1,0,0,0,0,0,0,0,0,0,0,0,0
"Zotu3367",0,0,0,0,0,0,0,0,0,0,0,0,0,0,0,0,0,0,0,0,0,0,0,0,0,0,0,0,0,0,0,0,1,1,0,0,1,0,1,0,0,0,0,0,0,0,0,0,0,0,0,0,0,0,4,0,0,0,40,0,11,0
"Zotu2928",0,0,0,0,0,0,0,0,0,0,0,0,0,0,0,0,0,0,0,0,0,0,0,0,0,0,0,0,0,0,0,0,3,0,0,1,2,0,1,0,0,1,1,2,0,0,0,1,0,1,0,59,0,0,0,0,0,0,0,0,0,0
"Zotu2962",0,0,0,0,0,0,0,0,0,0,0,0,0,0,0,0,0,0,0,0,0,0,0,0,0,0,0,0,0,0,0,0,1,0,1,0,0,0,1,0,0,1,1,0,1,0,0,3,0,0,0,0,1,1,18,6,82,0,0,0,0,0
"Zotu4672",0,0,0,0,0,0,0,0,0,0,0,0,0,0,0,0,0,0,0,0,0,0,0,0,0,0,0,0,0,0,0,0,39,0,0,0,0,0,0,0,0,0,0,0,0,0,0,0,0,0,1,0,0,0,0,0,0,0,0,0,0,0
"Zotu5045",0,0,0,0,0,0,0,0,0,0,0,0,0,0,0,0,0,0,0,0,0,0,0,0,0,0,0,0,0,0,0,0,13,0,1,0,1,0,0,0,0,0,0,0,0,0,0,0,0,0,0,0,0,0,0,0,0,0,0,0,0,1
"Zotu3402",0,0,0,0,0,0,0,0,0,0,0,0,0,0,0,0,0,0,0,0,0,0,0,0,0,0,0,0,0,0,0,0,2,0,0,0,0,0,1,1,0,0,0,0,0,0,0,0,0,0,47,0,2,1,1,1,0,0,0,0,0,0
"Zotu1789",0,0,0,0,0,0,0,0,0,0,0,0,0,0,0,0,0,0,0,0,0,0,0,0,0,0,0,0,0,0,0,0,2,1,0,0,0,2,0,0,0,1,1,1,0,0,0,0,0,1,2,1,1,0,77,25,25,0,7,0,1,0
"Zotu6391",0,0,0,0,0,0,0,0,0,0,0,0,0,0,0,0,0,0,0,0,0,0,0,0,0,0,0,0,0,0,0,0,1,0,0,0,0,0,0,0,0,0,0,0,0,1,0,0,0,1,0,0,1,0,1,16,0,0,0,0,0,0
"Zotu5225",0,0,0,0,0,0,0,0,0,0,0,0,0,0,0,0,0,0,0,0,0,0,0,0,0,0,0,0,0,0,0,0,1,1,0,0,0,0,1,0,0,0,0,41,1,0,0,0,0,1,1,0,0,0,0,2,0,0,0,1,0,0
"Zotu6266",0,0,0,0,0,0,0,0,0,0,0,0,0,0,0,0,0,0,0,0,0,0,0,0,0,0,0,0,0,0,0,0,22,0,0,0,0,0,0,0,0,0,0,0,0,0,0,0,0,0,0,0,0,0,0,1,0,0,0,0,0,0
"Zotu4906",0,0,0,0,0,0,0,0,0,0,0,0,0,0,0,0,0,0,0,0,0,0,0,0,0,0,0,0,0,0,0,0,1,2,0,1,0,0,0,0,0,0,0,0,0,0,0,0,0,1,0,25,0,0,0,0,0,0,0,0,0,0
"Zotu4121",0,0,0,0,0,0,0,0,0,0,0,0,0,0,0,0,0,0,0,0,0,0,0,0,0,0,0,0,0,0,0,0,1,0,0,0,0,0,0,0,0,0,0,42,0,0,1,0,0,0,0,0,0,0,0,0,0,0,0,0,1,0
"Zotu2922",0,0,0,0,0,0,0,0,0,0,0,0,0,0,0,0,0,0,0,0,0,0,0,0,0,0,0,0,0,0,0,0,1,0,0,1,54,0,30,0,1,0,0,4,0,0,2,0,1,1,2,1,2,1,0,0,1,0,1,1,0,0
"Zotu5909",0,0,0,0,0,0,0,0,0,0,0,0,0,0,0,0,0,0,0,0,0,0,0,0,0,0,0,0,0,0,0,0,20,0,0,0,0,0,0,0,0,0,0,0,0,0,0,0,0,0,0,0,0,0,0,0,0,0,0,0,0,0
"Zotu2499",0,0,0,0,0,0,0,0,0,0,0,0,0,0,0,0,0,0,0,0,0,0,0,0,0,0,0,0,0,0,0,0,2,0,1,0,1,0,1,1,0,0,78,0,1,0,1,0,0,0,0,0,2,1,1,1,0,0,0,0,1,0
"Zotu4041",0,0,0,0,0,0,0,0,0,0,0,0,0,0,0,0,0,0,0,0,0,0,0,0,0,0,0,0,0,0,0,0,1,0,0,0,0,0,0,0,0,0,0,0,0,0,0,0,0,0,1,0,27,0,0,0,0,1,1,35,0,0
"Zotu1259",0,0,0,0,0,0,0,0,0,0,0,0,0,0,0,0,0,0,0,0,0,0,0,0,0,0,0,0,0,0,0,0,1,0,0,2,0,0,1,1,1,0,0,0,1,3,0,1,0,2,0,1,2,0,99,20,61,4,1,3,0,0
"Zotu772",0,0,0,0,0,0,0,0,0,0,0,0,0,0,0,0,0,0,0,0,0,0,0,0,0,0,0,0,0,0,0,0,1,2,1,5,0,1,0,0,1,0,1,1,1,0,1,1,1,0,2,0,0,1,17,77,26,228,2,0,3,2
"Zotu5662",0,0,0,0,0,0,0,0,0,0,0,0,0,0,0,0,0,0,0,0,0,0,0,0,0,0,0,0,0,0,0,0,10,0,0,0,1,0,0,0,0,0,0,0,0,0,0,0,0,0,0,0,0,0,0,0,0,0,0,0,0,0
"Zotu1994",0,0,0,0,0,0,0,0,0,0,0,0,0,0,0,0,0,0,0,0,0,0,0,0,0,0,0,0,0,0,0,0,1,2,0,1,1,0,0,2,1,0,2,1,0,3,0,0,0,0,1,3,0,1,27,0,36,0,0,35,1,0
"Zotu3917",0,0,0,0,0,0,0,0,0,0,0,0,0,0,0,0,0,0,0,0,0,0,0,0,0,0,0,0,0,0,0,0,1,0,0,0,0,1,0,0,0,0,2,0,0,0,1,0,0,0,0,0,0,0,0,0,1,2,0,0,0,55
"Zotu4097",0,0,0,0,0,0,0,0,0,0,0,0,0,0,0,0,0,0,0,0,0,0,0,0,0,0,0,0,0,0,0,0,1,1,0,0,0,0,0,0,1,38,0,1,0,0,0,0,0,1,0,0,0,0,0,0,0,0,0,1,0,0
"Zotu6222",0,0,0,0,0,0,0,0,0,0,0,0,0,0,0,0,0,0,0,0,0,0,0,0,0,0,0,0,0,0,0,0,1,16,0,2,0,0,0,0,0,0,0,0,0,0,0,0,0,0,0,0,0,0,0,0,0,1,0,0,0,0
"Zotu3834",0,0,0,0,0,0,0,0,0,0,0,0,0,0,0,0,0,0,0,0,0,0,0,0,0,0,0,0,0,0,0,0,1,0,0,0,0,0,0,1,0,0,0,1,0,3,1,0,0,0,0,1,0,0,1,0,0,0,0,36,0,0
"Zotu3753",0,0,0,0,0,0,0,0,0,0,0,0,0,0,0,0,0,0,0,0,0,0,0,0,0,0,0,0,0,0,0,0,1,0,0,0,0,0,1,1,0,0,0,0,0,0,1,0,0,0,1,0,1,1,33,27,2,1,0,2,0,1
"Zotu3814",0,0,0,0,0,0,0,0,0,0,0,0,0,0,0,0,0,0,0,0,0,0,0,0,0,0,0,0,0,0,0,0,1,0,0,1,0,0,0,0,0,0,32,0,0,0,0,0,0,0,0,0,0,0,0,0,0,0,0,0,0,0
"Zotu3216",0,0,0,0,0,0,0,0,0,0,0,0,0,0,0,0,0,0,0,0,0,0,0,0,0,0,0,0,0,0,0,0,1,2,0,0,0,1,0,0,1,0,0,0,2,1,1,0,1,0,0,0,0,0,0,0,1,0,18,7,14,7
"Zotu5484",0,0,0,0,0,0,0,0,0,0,0,0,0,0,0,0,0,0,0,0,0,0,0,0,0,0,0,0,0,0,0,0,1,0,0,1,1,16,0,0,1,1,0,0,0,0,0,0,0,0,0,0,0,0,0,0,0,0,1,0,0,0
"Zotu3843",0,0,0,0,0,0,0,0,0,0,0,0,0,0,0,0,0,0,0,0,0,0,0,0,0,0,0,0,0,0,0,0,1,1,1,1,0,0,0,25,0,0,0,1,0,2,1,1,1,0,0,0,0,0,10,33,2,0,0,0,0,0
"Zotu4799",0,0,0,0,0,0,0,0,0,0,0,0,0,0,0,0,0,0,0,0,0,0,0,0,0,0,0,0,0,0,0,0,7,0,0,0,16,0,0,1,0,1,0,1,0,1,1,0,0,0,1,1,0,0,0,1,4,1,0,6,0,0
"Zotu2054",0,0,0,0,0,0,0,0,0,0,0,0,0,0,0,0,0,0,0,0,0,0,0,0,0,0,0,0,0,0,0,0,2,0,0,0,0,1,0,0,1,0,1,0,0,0,0,1,0,0,1,0,0,0,0,14,14,1,83,1,1,0
"Zotu3818",0,0,0,0,0,0,0,0,0,0,0,0,0,0,0,0,0,0,0,0,0,0,0,0,0,0,0,0,0,0,0,0,2,0,0,0,1,0,0,0,0,1,0,0,0,0,0,0,1,0,2,1,0,0,4,21,13,0,5,2,0,0
"Zotu1658",0,0,0,0,0,0,0,0,0,0,0,0,0,0,0,0,0,0,0,0,0,0,0,0,0,0,0,0,0,0,0,0,1,0,0,0,0,0,0,0,0,137,1,0,0,0,0,0,1,0,0,11,0,2,1,0,0,1,0,1,1,0
"Zotu2368",0,0,0,0,0,0,0,0,0,0,0,0,0,0,0,0,0,0,0,0,0,0,0,0,0,0,0,0,0,0,0,0,1,0,0,0,57,1,58,0,0,1,0,0,0,1,0,0,0,0,0,0,0,0,1,0,0,0,0,0,0,0
"Zotu6369",0,0,0,0,0,0,0,0,0,0,0,0,0,0,0,0,0,0,0,0,0,0,0,0,0,0,0,0,0,0,0,0,1,0,0,0,0,0,0,0,0,0,2,1,0,0,0,0,0,0,0,0,0,0,0,0,0,0,0,10,0,0
"Zotu1944",0,0,0,0,0,0,0,0,0,0,0,0,0,0,0,0,0,0,0,0,0,0,0,0,0,0,0,0,0,0,0,0,1,1,0,0,0,2,0,0,0,0,0,0,0,0,0,0,0,0,48,0,0,0,1,1,0,0,0,97,2,0
"Zotu3415",0,0,0,0,0,0,0,0,0,0,0,0,0,0,0,0,0,0,0,0,0,0,0,0,0,0,0,0,0,0,0,0,1,0,0,0,0,2,1,0,0,0,0,0,0,0,1,0,0,0,1,0,0,0,0,0,0,0,0,1,46,1
"Zotu1851",0,0,0,0,0,0,0,0,0,0,0,0,0,0,0,0,0,0,0,0,0,0,0,0,0,0,0,0,0,0,0,0,1,0,1,0,1,2,0,1,0,1,1,1,1,2,0,0,0,1,1,3,0,0,1,34,12,0,71,1,1,0
"Zotu2896",0,0,0,0,0,0,0,0,0,0,0,0,0,0,0,0,0,0,0,0,0,0,0,0,0,0,0,0,0,0,0,0,1,0,1,0,0,0,0,0,0,1,0,0,0,0,2,2,0,0,61,0,0,0,0,1,0,0,1,1,0,1
"Zotu4892",0,0,0,0,0,0,0,0,0,0,0,0,0,0,0,0,0,0,0,0,0,0,0,0,0,0,0,0,0,0,0,0,1,0,0,0,0,24,0,0,0,0,0,0,0,0,1,0,0,0,0,0,0,1,0,0,1,0,0,0,0,0
"Zotu2175",0,0,0,0,0,0,0,0,0,0,0,0,0,0,0,0,0,0,0,0,0,0,0,0,0,0,0,0,0,0,0,0,2,0,0,0,3,0,0,0,1,0,1,2,0,0,0,0,0,1,1,0,0,0,21,18,71,1,1,0,0,0
"Zotu2229",0,0,0,0,0,0,0,0,0,0,0,0,0,0,0,0,0,0,0,0,0,0,0,0,0,0,0,0,0,0,0,0,2,0,1,1,0,1,0,1,0,0,1,0,3,0,2,0,0,0,0,4,1,0,12,16,32,0,8,14,0,1
"Zotu5129",0,0,0,0,0,0,0,0,0,0,0,0,0,0,0,0,0,0,0,0,0,0,0,0,0,0,0,0,0,0,0,0,1,0,0,0,0,0,0,0,0,0,0,0,0,0,0,0,0,0,2,0,0,0,0,8,13,0,0,0,0,0
"Zotu2657",0,0,0,0,0,0,0,0,0,0,0,0,0,0,0,0,0,0,0,0,0,0,0,0,0,0,0,0,0,0,0,0,1,2,0,0,0,0,2,1,0,0,1,0,0,0,0,1,0,0,0,0,0,1,14,0,2,0,0,24,17,2
"Zotu2047",0,0,0,0,0,0,0,0,0,0,0,0,0,0,0,0,0,0,0,0,0,0,0,0,0,0,0,0,0,0,0,0,1,1,1,1,0,0,0,0,0,0,0,0,0,1,1,1,0,1,1,0,0,0,1,0,16,1,21,11,52,8
"Zotu2017",0,0,0,0,0,0,0,0,0,0,0,0,0,0,0,0,0,0,0,0,0,0,0,0,0,0,0,0,0,0,0,0,2,1,0,1,0,1,0,0,0,2,0,1,0,0,0,2,0,0,0,2,1,0,0,0,0,94,1,0,0,0
"Zotu5064",0,0,0,0,0,0,0,0,0,0,0,0,0,0,0,0,0,0,0,0,0,0,0,0,0,0,0,0,0,0,0,0,1,0,2,0,0,1,0,0,0,0,0,0,0,0,0,0,0,0,0,0,1,0,5,0,30,0,0,0,0,0
"Zotu2846",0,0,0,0,0,0,0,0,0,0,0,0,0,0,0,0,0,0,0,0,0,0,0,0,0,0,0,0,0,0,0,0,1,0,0,1,1,0,65,0,0,0,0,0,0,1,0,0,0,0,0,0,1,1,0,0,0,2,0,1,0,0
"Zotu3525",0,0,0,0,0,0,0,0,0,0,0,0,0,0,0,0,0,0,0,0,0,0,0,0,0,0,0,0,0,0,0,0,1,0,0,0,0,0,0,2,0,0,0,0,0,0,1,0,0,0,75,0,0,2,1,0,0,0,0,0,0,0
"Zotu3533",0,0,0,0,0,0,0,0,0,0,0,0,0,0,0,0,0,0,0,0,0,0,0,0,0,0,0,0,0,0,0,0,1,0,0,0,30,1,1,0,0,0,0,0,0,0,1,0,0,0,0,0,0,0,17,2,0,1,3,0,1,0
"Zotu1884",0,0,0,0,0,0,0,0,0,0,0,0,0,0,0,0,0,0,0,0,0,0,0,0,0,0,0,0,0,0,0,0,1,0,1,2,1,0,0,0,0,0,1,2,3,82,39,1,1,1,13,0,2,15,0,1,0,0,0,2,20,2
"Zotu2068",0,0,0,0,0,0,0,0,0,0,0,0,0,0,0,0,0,0,0,0,0,0,0,0,0,0,0,0,0,0,0,0,1,0,0,1,0,0,0,0,0,0,0,1,1,0,86,0,0,1,0,0,1,1,0,0,0,1,0,0,0,0
"Zotu951",0,0,0,0,0,0,0,0,0,0,0,0,0,0,0,0,0,0,0,0,0,0,0,0,0,0,0,0,0,0,0,0,1,1,224,0,0,0,0,0,1,1,0,4,0,0,1,0,1,0,0,1,0,1,0,0,1,0,1,0,0,0
"Zotu2045",0,0,0,0,0,0,0,0,0,0,0,0,0,0,0,0,0,0,0,0,0,0,0,0,0,0,0,0,0,0,0,0,1,1,1,0,1,1,1,0,0,1,0,0,0,60,0,1,0,2,0,0,0,0,29,12,0,0,0,0,2,0
"Zotu6124",0,0,0,0,0,0,0,0,0,0,0,0,0,0,0,0,0,0,0,0,0,0,0,0,0,0,0,0,0,0,0,0,2,0,1,0,0,0,0,0,0,0,0,0,0,0,0,0,0,0,1,0,0,0,0,8,18,0,0,0,0,0
"Zotu3299",0,0,0,0,0,0,0,0,0,0,0,0,0,0,0,0,0,0,0,0,0,0,0,0,0,0,0,0,0,0,0,0,1,3,0,0,0,0,0,1,1,1,0,1,1,1,1,1,0,0,0,0,0,0,59,1,0,1,1,0,0,0
"Zotu3793",0,0,0,0,0,0,0,0,0,0,0,0,0,0,0,0,0,0,0,0,0,0,0,0,0,0,0,0,0,0,0,0,2,1,0,0,0,0,44,0,0,0,0,0,0,0,0,0,0,0,0,0,0,0,0,0,0,0,0,0,0,1
"Zotu5718",0,0,0,0,0,0,0,0,0,0,0,0,0,0,0,0,0,0,0,0,0,0,0,0,0,0,0,0,0,0,0,0,2,1,0,0,0,0,0,0,0,0,0,0,0,1,0,0,0,0,0,0,0,0,5,47,2,0,0,0,0,0
"Zotu1534",0,0,0,0,0,0,0,0,0,0,0,0,0,0,0,0,0,0,0,0,0,0,0,0,0,0,0,0,0,0,0,0,1,1,2,0,2,2,0,0,0,2,1,1,2,1,0,0,4,1,0,0,0,1,4,11,0,1,15,85,43,0
"Zotu5024",0,0,0,0,0,0,0,0,0,0,0,0,0,0,0,0,0,0,0,0,0,0,0,0,0,0,0,0,0,0,0,0,1,0,0,0,0,0,0,0,0,0,0,0,0,0,0,0,0,1,0,16,22,0,0,0,0,0,0,0,0,10
"Zotu5353",0,0,0,0,0,0,0,0,0,0,0,0,0,0,0,0,0,0,0,0,0,0,0,0,0,0,0,0,0,0,0,0,1,0,0,0,0,0,0,0,0,0,1,0,0,1,0,0,0,0,0,0,0,27,0,0,0,0,0,0,0,0
"Zotu3654",0,0,0,0,0,0,0,0,0,0,0,0,0,0,0,0,0,0,0,0,0,0,0,0,0,0,0,0,0,0,0,0,1,36,0,0,0,1,0,0,2,0,1,1,0,1,1,1,0,0,0,0,0,0,0,0,1,0,0,0,0,0
"Zotu3881",0,0,0,0,0,0,0,0,0,0,0,0,0,0,0,0,0,0,0,0,0,0,0,0,0,0,0,0,0,0,0,0,1,0,2,1,1,0,0,0,0,0,0,0,0,0,0,0,0,0,0,1,0,0,0,48,0,0,0,0,1,0
"Zotu1957",0,0,0,0,0,0,0,0,0,0,0,0,0,0,0,0,0,0,0,0,0,0,0,0,0,0,0,0,0,0,0,0,1,0,1,1,1,163,2,0,0,1,3,3,0,2,0,1,1,5,1,0,0,1,1,0,0,2,0,0,0,0
"Zotu1580",0,0,0,0,0,0,0,0,0,0,0,0,0,0,0,0,0,0,0,0,0,0,0,0,0,0,0,0,0,0,0,0,1,0,0,1,0,1,1,1,0,2,0,0,139,0,0,0,1,0,2,1,0,0,0,0,0,1,1,0,1,0
"Zotu3462",0,0,0,0,0,0,0,0,0,0,0,0,0,0,0,0,0,0,0,0,0,0,0,0,0,0,0,0,0,0,0,0,1,0,67,0,0,0,1,27,0,0,0,0,0,1,1,0,0,1,0,0,0,0,0,0,0,0,0,0,0,1
"Zotu2697",0,0,0,0,0,0,0,0,0,0,0,0,0,0,0,0,0,0,0,0,0,0,0,0,0,0,0,0,0,0,0,0,1,1,0,0,0,2,0,0,0,0,2,11,0,0,0,0,0,1,0,0,0,1,0,1,1,0,15,0,56,36
"Zotu4087",0,0,0,0,0,0,0,0,0,0,0,0,0,0,0,0,0,0,0,0,0,0,0,0,0,0,0,0,0,0,0,0,1,1,0,0,0,0,0,0,0,1,1,0,0,0,0,0,0,2,0,0,0,1,1,1,0,0,2,0,37,0
"Zotu3021",0,0,0,0,0,0,0,0,0,0,0,0,0,0,0,0,0,0,0,0,0,0,0,0,0,0,0,0,0,0,0,0,1,0,0,0,0,1,0,0,0,0,2,0,1,0,0,0,1,0,0,0,1,0,34,4,43,0,0,0,0,0
"Zotu4891",0,0,0,0,0,0,0,0,0,0,0,0,0,0,0,0,0,0,0,0,0,0,0,0,0,0,0,0,0,0,0,0,1,0,0,0,0,0,1,0,0,0,0,0,0,0,0,0,0,0,0,0,0,0,0,0,26,0,0,1,0,0
"Zotu2710",0,0,0,0,0,0,0,0,0,0,0,0,0,0,0,0,0,0,0,0,0,0,0,0,0,0,0,0,0,0,0,0,1,0,2,0,0,0,0,0,0,1,0,0,2,0,0,0,0,0,1,16,30,42,0,1,1,0,2,0,0,0
"Zotu2185",0,0,0,0,0,0,0,0,0,0,0,0,0,0,0,0,0,0,0,0,0,0,0,0,0,0,0,0,0,0,0,0,2,1,0,0,0,3,0,28,0,1,75,2,0,0,2,0,1,0,0,0,0,0,1,0,1,0,0,3,1,1
"Zotu1766",0,0,0,0,0,0,0,0,0,0,0,0,0,0,0,0,0,0,0,0,0,0,0,0,0,0,0,0,0,0,0,0,1,2,0,0,2,2,2,0,0,0,1,0,1,4,0,67,42,0,15,0,0,0,1,0,0,1,0,1,13,0
"Zotu6377",0,0,0,0,0,0,0,0,0,0,0,0,0,0,0,0,0,0,0,0,0,0,0,0,0,0,0,0,0,0,0,0,1,0,0,0,0,1,0,0,1,0,0,1,0,0,0,0,0,0,0,0,0,12,0,0,0,1,0,0,0,13
"Zotu2259",0,0,0,0,0,0,0,0,0,0,0,0,0,0,0,0,0,0,0,0,0,0,0,0,0,0,0,0,0,0,0,0,1,0,1,0,0,0,0,0,0,0,86,0,0,0,0,0,0,1,0,0,0,1,0,0,0,0,0,1,1,0
"Zotu4843",0,0,0,0,0,0,0,0,0,0,0,0,0,0,0,0,0,0,0,0,0,0,0,0,0,0,0,0,0,0,0,0,1,1,2,0,0,0,0,0,0,0,0,0,0,0,1,0,0,0,1,0,0,0,0,5,50,0,1,0,0,1
"Zotu4262",0,0,0,0,0,0,0,0,0,0,0,0,0,0,0,0,0,0,0,0,0,0,0,0,0,0,0,0,0,0,0,0,1,0,0,0,0,0,0,0,0,0,0,0,0,31,0,0,0,0,0,1,0,0,0,5,0,0,0,0,0,0
"Zotu4962",0,0,0,0,0,0,0,0,0,0,0,0,0,0,0,0,0,0,0,0,0,0,0,0,0,0,0,0,0,0,0,0,1,0,0,2,23,0,1,0,0,0,0,0,0,0,0,0,0,0,0,0,0,0,0,0,0,1,0,0,0,1
"Zotu5820",0,0,0,0,0,0,0,0,0,0,0,0,0,0,0,0,0,0,0,0,0,0,0,0,0,0,0,0,0,0,0,0,1,0,0,0,0,0,0,1,0,0,0,0,0,0,0,0,0,0,0,0,2,0,0,2,0,0,0,8,7,0
"Zotu2650",0,0,0,0,0,0,0,0,0,0,0,0,0,0,0,0,0,0,0,0,0,0,0,0,0,0,0,0,0,0,0,0,1,1,0,0,0,0,0,0,0,0,0,0,0,0,0,0,0,0,0,0,0,0,15,31,26,2,0,0,1,0
"Zotu2481",0,0,0,0,0,0,0,0,0,0,0,0,0,0,0,0,0,0,0,0,0,0,0,0,0,0,0,0,0,0,0,0,2,0,0,1,0,2,0,0,0,0,2,2,0,0,0,0,0,0,1,0,0,0,0,0,91,1,0,1,0,0
"Zotu1841",0,0,0,0,0,0,0,0,0,0,0,0,0,0,0,0,0,0,0,0,0,0,0,0,0,0,0,0,0,0,0,0,1,0,0,0,0,0,0,0,0,0,0,0,0,0,0,0,145,0,0,0,0,0,0,0,0,0,0,4,0,0
"Zotu5580",0,0,0,0,0,0,0,0,0,0,0,0,0,0,0,0,0,0,0,0,0,0,0,0,0,0,0,0,0,0,0,0,1,0,0,0,0,0,0,0,1,2,0,1,0,0,0,0,1,0,38,0,0,0,0,0,1,0,0,0,0,0
"Zotu3516",0,0,0,0,0,0,0,0,0,0,0,0,0,0,0,0,0,0,0,0,0,0,0,0,0,0,0,0,0,0,0,0,1,0,0,0,44,0,0,0,0,0,1,0,0,0,0,0,0,0,1,0,0,0,0,0,0,0,0,0,0,0
"Zotu2524",0,0,0,0,0,0,0,0,0,0,0,0,0,0,0,0,0,0,0,0,0,0,0,0,0,0,0,0,0,0,0,0,1,0,77,0,0,0,0,0,0,0,1,0,1,0,0,0,0,0,0,0,0,0,0,0,0,0,0,0,0,1
"Zotu2057",0,0,0,0,0,0,0,0,0,0,0,0,0,0,0,0,0,0,0,0,0,0,0,0,0,0,0,0,0,0,0,0,1,0,2,0,1,1,1,1,1,0,0,3,0,0,0,1,1,3,1,0,0,0,0,1,0,3,1,109,16,0
"Zotu1758",0,0,0,0,0,0,0,0,0,0,0,0,0,0,0,0,0,0,0,0,0,0,0,0,0,0,0,0,0,0,0,0,1,1,0,1,0,1,0,0,0,0,1,0,0,0,99,1,0,1,0,0,0,0,0,4,0,0,0,10,16,0
"Zotu5783",0,0,0,0,0,0,0,0,0,0,0,0,0,0,0,0,0,0,0,0,0,0,0,0,0,0,0,0,0,0,0,0,1,0,0,0,0,0,0,1,0,0,0,0,0,0,0,0,0,0,0,0,0,0,0,0,19,0,0,0,0,0
"Zotu2999",0,0,0,0,0,0,0,0,0,0,0,0,0,0,0,0,0,0,0,0,0,0,0,0,0,0,0,0,0,0,0,0,1,1,1,0,0,1,0,0,0,0,62,0,0,0,0,0,0,0,0,0,1,0,0,0,0,0,0,0,0,0
"Zotu4085",0,0,0,0,0,0,0,0,0,0,0,0,0,0,0,0,0,0,0,0,0,0,0,0,0,0,0,0,0,0,0,0,1,0,0,0,0,0,0,0,0,0,0,0,0,1,0,0,0,0,1,0,0,0,1,0,29,0,0,0,0,0
"Zotu3121",0,0,0,0,0,0,0,0,0,0,0,0,0,0,0,0,0,0,0,0,0,0,0,0,0,0,0,0,0,0,0,0,1,0,0,0,2,0,0,0,0,0,1,3,1,0,0,0,0,0,0,0,1,0,0,0,0,0,48,0,1,0
"Zotu3019",0,0,0,0,0,0,0,0,0,0,0,0,0,0,0,0,0,0,0,0,0,0,0,0,0,0,0,0,0,0,0,0,1,0,0,0,0,1,0,0,0,0,0,2,0,0,0,1,0,0,0,0,0,36,1,3,17,0,0,1,1,0
"Zotu5724",0,0,0,0,0,0,0,0,0,0,0,0,0,0,0,0,0,0,0,0,0,0,0,0,0,0,0,0,0,0,0,0,2,0,0,0,0,0,0,0,1,0,0,21,0,0,0,0,0,0,0,0,0,1,0,0,0,0,0,0,0,0
"Zotu3787",0,0,0,0,0,0,0,0,0,0,0,0,0,0,0,0,0,0,0,0,0,0,0,0,0,0,0,0,0,0,0,0,1,1,0,0,0,0,0,0,0,0,0,0,0,0,0,0,0,0,0,1,29,0,1,2,1,1,0,0,0,0
"Zotu3885",0,0,0,0,0,0,0,0,0,0,0,0,0,0,0,0,0,0,0,0,0,0,0,0,0,0,0,0,0,0,0,0,1,0,0,0,1,2,0,0,0,0,1,1,1,0,1,1,0,0,1,0,0,0,0,0,0,1,1,1,16,27
"Zotu4520",0,0,0,0,0,0,0,0,0,0,0,0,0,0,0,0,0,0,0,0,0,0,0,0,0,0,0,0,0,0,0,0,1,0,0,0,0,1,1,0,0,0,0,0,0,1,2,0,0,1,46,0,0,0,0,0,1,0,0,1,0,1
"Zotu5835",0,0,0,0,0,0,0,0,0,0,0,0,0,0,0,0,0,0,0,0,0,0,0,0,0,0,0,0,0,0,0,0,2,0,0,0,0,0,0,0,1,0,0,0,1,0,0,0,0,1,0,0,0,0,0,0,0,0,0,0,0,15
"Zotu4370",0,0,0,0,0,0,0,0,0,0,0,0,0,0,0,0,0,0,0,0,0,0,0,0,0,0,0,0,0,0,0,0,1,0,0,0,0,0,0,49,0,1,0,0,1,0,0,1,1,0,0,0,0,0,0,0,0,0,0,0,1,0
"Zotu5488",0,0,0,0,0,0,0,0,0,0,0,0,0,0,0,0,0,0,0,0,0,0,0,0,0,0,0,0,0,0,0,0,1,0,0,0,0,0,0,0,0,0,1,0,0,0,0,0,0,0,0,0,0,0,5,2,12,0,0,0,0,0
"Zotu3483",0,0,0,0,0,0,0,0,0,0,0,0,0,0,0,0,0,0,0,0,0,0,0,0,0,0,0,0,0,0,0,0,1,0,0,1,0,0,0,0,0,0,0,62,0,0,0,0,0,1,0,0,0,1,0,0,0,1,0,0,0,1
"Zotu2460",0,0,0,0,0,0,0,0,0,0,0,0,0,0,0,0,0,0,0,0,0,0,0,0,0,0,0,0,0,0,0,0,2,0,0,1,2,0,0,1,1,0,0,0,1,1,0,0,1,0,0,0,0,0,11,12,64,0,2,0,1,0
"Zotu5695",0,0,0,0,0,0,0,0,0,0,0,0,0,0,0,0,0,0,0,0,0,0,0,0,0,0,0,0,0,0,0,0,1,0,1,0,0,2,0,0,0,0,0,0,0,30,0,1,0,0,1,0,1,0,0,0,0,0,1,12,1,0
"Zotu2473",0,0,0,0,0,0,0,0,0,0,0,0,0,0,0,0,0,0,0,0,0,0,0,0,0,0,0,0,0,0,0,0,1,0,0,1,1,0,1,1,0,2,0,1,0,1,2,0,0,0,1,0,1,0,112,11,0,0,0,0,2,7
"Zotu4324",0,0,0,0,0,0,0,0,0,0,0,0,0,0,0,0,0,0,0,0,0,0,0,0,0,0,0,0,0,0,0,0,1,0,1,0,0,0,1,0,0,0,0,35,1,0,0,0,0,0,0,1,1,0,0,0,0,0,0,1,0,1
"Zotu3059",0,0,0,0,0,0,0,0,0,0,0,0,0,0,0,0,0,0,0,0,0,0,0,0,0,0,0,0,0,0,0,0,1,1,0,0,0,1,71,2,0,1,0,1,1,1,1,0,0,0,0,1,0,3,0,0,0,0,1,0,0,4
"Zotu2091",0,0,0,0,0,0,0,0,0,0,0,0,0,0,0,0,0,0,0,0,0,0,0,0,0,0,0,0,0,0,0,0,1,1,0,0,23,1,26,33,0,46,0,0,0,0,0,1,0,0,1,0,0,0,0,0,0,1,0,0,0,0
"Zotu2146",0,0,0,0,0,0,0,0,0,0,0,0,0,0,0,0,0,0,0,0,0,0,0,0,0,0,0,0,0,0,0,0,1,1,0,0,0,2,0,1,0,0,0,0,0,0,1,81,0,0,0,0,0,2,0,1,0,1,0,29,0,0
"Zotu5082",0,0,0,0,0,0,0,0,0,0,0,0,0,0,0,0,0,0,0,0,0,0,0,0,0,0,0,0,0,0,0,0,1,1,37,0,0,0,0,0,0,0,0,2,0,0,0,0,0,0,0,0,0,0,6,5,0,1,0,2,0,0
"Zotu659",0,0,0,0,0,0,0,0,0,0,0,0,0,0,0,0,0,0,0,0,0,0,0,0,0,0,0,0,0,0,0,0,1,0,0,368,0,0,0,0,0,1,0,0,1,2,0,0,1,1,0,0,0,0,0,0,3,0,1,0,0,0
"Zotu5575",0,0,0,0,0,0,0,0,0,0,0,0,0,0,0,0,0,0,0,0,0,0,0,0,0,0,0,0,0,0,0,0,1,0,1,0,0,0,0,0,0,0,0,0,0,0,0,0,0,0,1,0,0,0,0,0,0,0,19,0,0,0
"Zotu3505",0,0,0,0,0,0,0,0,0,0,0,0,0,0,0,0,0,0,0,0,0,0,0,0,0,0,0,0,0,0,0,0,1,0,0,0,0,40,0,0,0,0,0,0,0,0,0,0,1,0,0,0,0,0,0,0,0,0,0,0,0,0
"Zotu6091",0,0,0,0,0,0,0,0,0,0,0,0,0,0,0,0,0,0,0,0,0,0,0,0,0,0,0,0,0,0,0,0,1,0,0,0,1,0,22,0,0,0,0,6,1,0,0,1,0,0,0,1,1,0,0,0,1,0,0,0,0,0
"Zotu2226",0,0,0,0,0,0,0,0,0,0,0,0,0,0,0,0,0,0,0,0,0,0,0,0,0,0,0,0,0,0,0,0,1,1,0,0,0,0,0,0,0,0,0,1,0,0,0,103,0,0,0,0,2,0,0,0,0,2,1,0,0,0
"Zotu4160",0,0,0,0,0,0,0,0,0,0,0,0,0,0,0,0,0,0,0,0,0,0,0,0,0,0,0,0,0,0,0,0,1,0,0,0,0,1,0,0,0,1,0,1,0,0,0,0,0,0,0,0,0,0,0,1,0,36,0,0,0,0
"Zotu1646",0,0,0,0,0,0,0,0,0,0,0,0,0,0,0,0,0,0,0,0,0,0,0,0,0,0,0,0,0,0,0,0,1,0,1,0,0,1,2,0,0,0,0,1,0,111,0,0,0,0,0,1,0,0,1,0,0,1,3,1,1,1
"Zotu2299",0,0,0,0,0,0,0,0,0,0,0,0,0,0,0,0,0,0,0,0,0,0,0,0,0,0,0,0,0,0,0,0,1,0,0,0,0,0,0,0,0,1,0,3,0,0,0,0,0,0,0,0,0,1,0,0,0,103,0,0,0,0
"Zotu2613",0,0,0,0,0,0,0,0,0,0,0,0,0,0,0,0,0,0,0,0,0,0,0,0,0,0,0,0,0,0,0,0,1,1,0,0,28,1,1,2,0,1,90,1,1,1,1,0,0,1,2,0,1,0,2,0,1,1,0,0,0,1
"Zotu5003",0,0,0,0,0,0,0,0,0,0,0,0,0,0,0,0,0,0,0,0,0,0,0,0,0,0,0,0,0,0,0,0,1,1,1,0,1,0,1,0,0,0,1,0,0,0,0,1,0,0,0,0,0,1,29,4,1,1,0,0,1,0
"Zotu3083",0,0,0,0,0,0,0,0,0,0,0,0,0,0,0,0,0,0,0,0,0,0,0,0,0,0,0,0,0,0,0,0,1,0,2,0,0,0,0,0,0,0,0,0,0,42,0,0,0,0,16,0,0,1,0,1,0,1,0,1,0,0
"Zotu4993",0,0,0,0,0,0,0,0,0,0,0,0,0,0,0,0,0,0,0,0,0,0,0,0,0,0,0,0,0,0,0,0,1,1,0,0,0,0,0,0,0,1,0,11,0,0,0,0,0,0,0,0,0,1,0,0,0,0,0,0,0,0
"Zotu6030",0,0,0,0,0,0,0,0,0,0,0,0,0,0,0,0,0,0,0,0,0,0,0,0,0,0,0,0,0,0,0,0,1,0,0,0,19,0,0,0,0,0,0,0,0,1,0,0,0,0,0,1,0,0,0,0,0,0,0,0,0,0
"Zotu3166",0,0,0,0,0,0,0,0,0,0,0,0,0,0,0,0,0,0,0,0,0,0,0,0,0,0,0,0,0,0,0,0,1,0,0,0,0,1,1,0,0,0,1,0,0,1,0,0,1,1,0,0,0,0,21,11,52,0,26,60,0,0
"Zotu5637",0,0,0,0,0,0,0,0,0,0,0,0,0,0,0,0,0,0,0,0,0,0,0,0,0,0,0,0,0,0,0,0,1,0,0,0,0,0,23,0,0,1,0,0,0,0,0,0,0,1,0,0,0,0,3,0,0,0,0,1,0,0
"Zotu3915",0,0,0,0,0,0,0,0,0,0,0,0,0,0,0,0,0,0,0,0,0,0,0,0,0,0,0,0,0,0,0,0,1,1,0,2,0,0,0,0,0,0,0,0,0,0,0,0,2,0,0,0,0,0,40,25,0,0,1,1,1,1
"Zotu3543",0,0,0,0,0,0,0,0,0,0,0,0,0,0,0,0,0,0,0,0,0,0,0,0,0,0,0,0,0,0,0,0,1,0,1,0,0,0,0,0,1,0,0,0,1,1,0,0,68,1,0,2,1,0,3,12,8,0,0,0,2,0
"Zotu3310",0,0,0,0,0,0,0,0,0,0,0,0,0,0,0,0,0,0,0,0,0,0,0,0,0,0,0,0,0,0,0,0,1,0,0,0,0,0,0,0,0,0,0,0,0,0,0,0,1,0,0,0,0,0,0,0,42,0,0,0,0,0
"Zotu3963",0,0,0,0,0,0,0,0,0,0,0,0,0,0,0,0,0,0,0,0,0,0,0,0,0,0,0,0,0,0,0,0,1,0,0,0,0,0,0,0,0,0,0,0,0,0,0,0,0,0,0,10,0,0,9,0,31,0,0,0,0,2
"Zotu3404",0,0,0,0,0,0,0,0,0,0,0,0,0,0,0,0,0,0,0,0,0,0,0,0,0,0,0,0,0,0,0,0,1,0,0,0,1,0,0,0,0,0,0,1,0,0,0,0,2,0,0,0,0,0,0,0,9,52,0,0,0,0
"Zotu3155",0,0,0,0,0,0,0,0,0,0,0,0,0,0,0,0,0,0,0,0,0,0,0,0,0,0,0,0,0,0,0,0,1,0,0,0,0,0,0,1,0,0,67,0,0,0,0,0,0,0,0,0,0,0,0,0,0,0,0,0,1,0
"Zotu2824",0,0,0,0,0,0,0,0,0,0,0,0,0,0,0,0,0,0,0,0,0,0,0,0,0,0,0,0,0,0,0,0,1,0,1,1,0,0,0,1,0,0,0,1,0,0,0,0,2,0,1,0,0,0,18,8,58,0,0,0,1,0
"Zotu6201",0,0,0,0,0,0,0,0,0,0,0,0,0,0,0,0,0,0,0,0,0,0,0,0,0,0,0,0,0,0,0,0,1,0,0,0,0,0,0,0,0,0,0,2,0,0,0,0,0,0,1,4,0,0,0,0,0,0,12,0,0,0
"Zotu3936",0,0,0,0,0,0,0,0,0,0,0,0,0,0,0,0,0,0,0,0,0,0,0,0,0,0,0,0,0,0,0,0,1,2,0,1,1,1,0,0,2,1,1,0,1,0,2,0,0,0,0,1,0,0,31,6,0,0,3,0,0,0
"Zotu4189",0,0,0,0,0,0,0,0,0,0,0,0,0,0,0,0,0,0,0,0,0,0,0,0,0,0,0,0,0,0,0,0,1,0,0,0,1,1,0,0,0,0,1,1,0,1,1,0,0,1,0,0,1,0,2,13,0,0,19,0,1,0
"Zotu1757",0,0,0,0,0,0,0,0,0,0,0,0,0,0,0,0,0,0,0,0,0,0,0,0,0,0,0,0,0,0,0,0,1,0,0,1,0,0,0,1,1,0,105,0,0,1,0,0,0,0,2,0,1,0,1,0,0,1,0,1,0,1
"Zotu1203",0,0,0,0,0,0,0,0,0,0,0,0,0,0,0,0,0,0,0,0,0,0,0,0,0,0,0,0,0,0,0,0,1,0,168,0,0,0,0,0,1,0,0,0,0,0,0,0,0,0,0,0,1,0,0,2,0,0,0,0,2,0
"Zotu3759",0,0,0,0,0,0,0,0,0,0,0,0,0,0,0,0,0,0,0,0,0,0,0,0,0,0,0,0,0,0,0,0,1,0,0,0,1,0,0,0,1,0,0,0,2,0,0,0,1,0,1,16,1,19,0,1,1,0,0,1,0,24
"Zotu1804",0,0,0,0,0,0,0,0,0,0,0,0,0,0,0,0,0,0,0,0,0,0,0,0,0,0,0,0,0,0,0,0,1,0,1,1,1,0,0,0,0,1,0,0,0,1,79,1,0,0,0,0,0,0,4,0,85,1,0,0,1,1
"Zotu1832",0,0,0,0,0,0,0,0,0,0,0,0,0,0,0,0,0,0,0,0,0,0,0,0,0,0,0,0,0,0,0,0,1,1,1,1,0,1,2,0,0,0,0,0,1,0,0,0,1,0,1,1,0,0,0,1,0,118,0,1,1,1
"Zotu1564",0,0,0,0,0,0,0,0,0,0,0,0,0,0,0,0,0,0,0,0,0,0,0,0,0,0,0,0,0,0,0,0,0,126,0,4,0,0,1,0,1,1,0,0,0,0,2,0,1,0,0,0,0,0,0,1,2,1,0,0,0,1
"Zotu1284",0,0,0,0,0,0,0,0,0,0,0,0,0,0,0,0,0,0,0,0,0,0,0,0,0,0,0,0,0,0,0,0,0,109,0,0,63,1,70,0,4,2,0,2,1,1,3,1,1,0,0,0,0,1,13,1,30,1,2,2,2,0
"Zotu4293",0,0,0,0,0,0,0,0,0,0,0,0,0,0,0,0,0,0,0,0,0,0,0,0,0,0,0,0,0,0,0,0,0,34,0,0,0,0,0,0,0,0,0,0,0,0,0,0,0,0,0,0,0,0,0,0,0,0,0,0,0,1
"Zotu6194",0,0,0,0,0,0,0,0,0,0,0,0,0,0,0,0,0,0,0,0,0,0,0,0,0,0,0,0,0,0,0,0,0,13,0,0,1,0,0,0,0,0,0,0,0,1,0,0,0,0,0,0,0,0,0,0,0,0,0,0,0,0
"Zotu1518",0,0,0,0,0,0,0,0,0,0,0,0,0,0,0,0,0,0,0,0,0,0,0,0,0,0,0,0,0,0,0,0,0,69,0,0,0,77,1,0,0,2,0,1,0,0,0,0,0,0,0,1,0,1,1,1,1,0,0,0,0,0
"Zotu4459",0,0,0,0,0,0,0,0,0,0,0,0,0,0,0,0,0,0,0,0,0,0,0,0,0,0,0,0,0,0,0,0,0,32,0,0,1,0,0,0,0,1,0,0,0,0,0,0,0,0,0,0,1,0,0,0,0,0,0,2,0,1
"Zotu4006",0,0,0,0,0,0,0,0,0,0,0,0,0,0,0,0,0,0,0,0,0,0,0,0,0,0,0,0,0,0,0,0,0,31,0,0,0,0,0,0,0,0,0,0,0,1,0,0,0,0,0,0,0,1,1,0,0,0,0,0,0,1
"Zotu5180",0,0,0,0,0,0,0,0,0,0,0,0,0,0,0,0,0,0,0,0,0,0,0,0,0,0,0,0,0,0,0,0,0,30,0,0,0,0,0,1,0,0,2,0,0,0,0,0,0,0,0,0,1,0,0,0,1,0,0,0,1,0
"Zotu4983",0,0,0,0,0,0,0,0,0,0,0,0,0,0,0,0,0,0,0,0,0,0,0,0,0,0,0,0,0,0,0,0,0,27,0,0,1,0,1,1,0,0,0,0,0,0,0,0,0,0,0,0,0,1,0,0,0,0,0,0,0,0
"Zotu5829",0,0,0,0,0,0,0,0,0,0,0,0,0,0,0,0,0,0,0,0,0,0,0,0,0,0,0,0,0,0,0,0,0,18,0,0,0,0,0,0,0,0,1,0,0,1,0,0,0,0,0,0,1,0,0,0,1,0,1,0,0,0
"Zotu3945",0,0,0,0,0,0,0,0,0,0,0,0,0,0,0,0,0,0,0,0,0,0,0,0,0,0,0,0,0,0,0,0,0,39,0,0,0,0,1,1,0,0,0,0,0,1,0,0,0,2,0,0,0,1,0,0,0,0,0,1,0,0
"Zotu6219",0,0,0,0,0,0,0,0,0,0,0,0,0,0,0,0,0,0,0,0,0,0,0,0,0,0,0,0,0,0,0,0,0,1,1,0,0,0,0,0,0,0,0,0,0,0,0,40,0,0,0,1,0,0,0,0,0,0,0,0,2,0
"Zotu5157",0,0,0,0,0,0,0,0,0,0,0,0,0,0,0,0,0,0,0,0,0,0,0,0,0,0,0,0,0,0,0,0,0,26,0,0,0,0,0,0,0,0,0,0,1,0,0,0,0,0,0,0,1,0,0,0,0,0,0,0,1,0
"Zotu5230",0,0,0,0,0,0,0,0,0,0,0,0,0,0,0,0,0,0,0,0,0,0,0,0,0,0,0,0,0,0,0,0,0,32,0,0,0,0,1,1,0,0,0,0,0,1,0,0,0,1,0,0,0,0,0,0,1,0,0,0,0,0
"Zotu4981",0,0,0,0,0,0,0,0,0,0,0,0,0,0,0,0,0,0,0,0,0,0,0,0,0,0,0,0,0,0,0,0,0,23,0,0,1,1,0,0,0,1,1,0,0,0,0,0,0,0,0,0,1,1,0,0,0,0,0,0,0,0
"Zotu5144",0,0,0,0,0,0,0,0,0,0,0,0,0,0,0,0,0,0,0,0,0,0,0,0,0,0,0,0,0,0,0,0,0,38,0,0,0,0,0,1,0,0,1,0,0,0,0,0,0,0,0,1,0,0,1,0,0,0,8,1,0,0
"Zotu3154",0,0,0,0,0,0,0,0,0,0,0,0,0,0,0,0,0,0,0,0,0,0,0,0,0,0,0,0,0,0,0,0,0,1,0,0,1,0,100,1,2,0,0,0,2,1,0,0,0,0,0,0,1,0,1,1,1,0,1,0,0,0
"Zotu5984",0,0,0,0,0,0,0,0,0,0,0,0,0,0,0,0,0,0,0,0,0,0,0,0,0,0,0,0,0,0,0,0,0,1,0,0,1,0,1,0,0,0,0,0,0,0,0,0,0,0,0,0,1,0,0,6,1,0,13,6,0,1
"Zotu5047",0,0,0,0,0,0,0,0,0,0,0,0,0,0,0,0,0,0,0,0,0,0,0,0,0,0,0,0,0,0,0,0,0,30,0,0,0,0,1,0,1,0,0,0,0,0,0,0,0,0,0,1,0,0,0,1,0,0,0,0,0,0
"Zotu3263",0,0,0,0,0,0,0,0,0,0,0,0,0,0,0,0,0,0,0,0,0,0,0,0,0,0,0,0,0,0,0,0,0,56,0,0,0,1,0,0,0,0,0,0,0,1,0,1,0,0,0,1,0,0,0,0,1,0,0,0,0,0
"Zotu4859",0,0,0,0,0,0,0,0,0,0,0,0,0,0,0,0,0,0,0,0,0,0,0,0,0,0,0,0,0,0,0,0,0,37,0,0,0,0,0,0,1,0,0,0,0,0,1,0,0,0,0,1,0,0,1,1,0,0,0,0,0,0
"Zotu5087",0,0,0,0,0,0,0,0,0,0,0,0,0,0,0,0,0,0,0,0,0,0,0,0,0,0,0,0,0,0,0,0,0,22,0,0,1,0,0,0,0,0,0,0,0,0,0,0,0,0,0,0,0,6,1,4,0,1,0,2,0,0
"Zotu3295",0,0,0,0,0,0,0,0,0,0,0,0,0,0,0,0,0,0,0,0,0,0,0,0,0,0,0,0,0,0,0,0,0,1,0,0,1,0,0,0,1,0,0,0,0,0,0,0,0,2,1,0,0,0,0,1,0,0,45,0,0,0
"Zotu3268",0,0,0,0,0,0,0,0,0,0,0,0,0,0,0,0,0,0,0,0,0,0,0,0,0,0,0,0,0,0,0,0,0,42,1,0,0,0,0,1,0,0,0,0,0,0,1,0,1,0,0,0,0,1,1,0,0,0,0,0,0,0
"Zotu4161",0,0,0,0,0,0,0,0,0,0,0,0,0,0,0,0,0,0,0,0,0,0,0,0,0,0,0,0,0,0,0,0,0,42,0,1,0,0,0,0,0,0,0,0,0,1,0,0,0,1,0,0,0,2,0,0,0,0,0,0,0,0
"Zotu4542",0,0,0,0,0,0,0,0,0,0,0,0,0,0,0,0,0,0,0,0,0,0,0,0,0,0,0,0,0,0,0,0,0,25,0,0,0,0,0,0,0,0,0,0,0,0,0,0,0,0,0,0,0,0,0,0,0,0,0,0,0,0
"Zotu3102",0,0,0,0,0,0,0,0,0,0,0,0,0,0,0,0,0,0,0,0,0,0,0,0,0,0,0,0,0,0,0,0,0,47,0,0,15,1,0,0,0,0,1,3,0,1,1,0,0,0,0,0,2,1,1,0,1,1,0,0,0,0
"Zotu5181",0,0,0,0,0,0,0,0,0,0,0,0,0,0,0,0,0,0,0,0,0,0,0,0,0,0,0,0,0,0,0,0,0,1,0,0,0,0,0,0,0,0,1,0,0,0,0,0,0,0,0,0,0,0,0,0,1,0,0,0,20,0
"Zotu5374",0,0,0,0,0,0,0,0,0,0,0,0,0,0,0,0,0,0,0,0,0,0,0,0,0,0,0,0,0,0,0,0,0,1,2,0,0,0,23,0,0,0,0,0,0,0,0,0,0,1,0,2,1,0,0,0,0,1,0,2,0,0
"Zotu4481",0,0,0,0,0,0,0,0,0,0,0,0,0,0,0,0,0,0,0,0,0,0,0,0,0,0,0,0,0,0,0,0,0,39,0,0,0,1,1,0,0,0,1,0,0,0,1,0,0,1,0,0,0,0,0,0,0,0,1,0,0,0
"Zotu2776",0,0,0,0,0,0,0,0,0,0,0,0,0,0,0,0,0,0,0,0,0,0,0,0,0,0,0,0,0,0,0,0,0,57,0,0,0,0,0,0,0,0,0,0,0,0,0,1,0,0,0,0,1,0,0,0,1,0,0,0,0,0
"Zotu4791",0,0,0,0,0,0,0,0,0,0,0,0,0,0,0,0,0,0,0,0,0,0,0,0,0,0,0,0,0,0,0,0,0,21,0,0,0,0,1,0,0,0,0,0,0,0,0,0,0,1,0,0,0,0,2,0,0,0,0,0,1,0
"Zotu5340",0,0,0,0,0,0,0,0,0,0,0,0,0,0,0,0,0,0,0,0,0,0,0,0,0,0,0,0,0,0,0,0,0,2,0,1,0,0,0,0,0,0,1,24,0,0,0,0,1,0,0,0,0,0,0,1,0,0,0,0,0,0
"Zotu5897",0,0,0,0,0,0,0,0,0,0,0,0,0,0,0,0,0,0,0,0,0,0,0,0,0,0,0,0,0,0,0,0,0,2,0,0,0,0,0,0,0,0,0,0,0,0,0,0,0,0,0,0,0,0,8,15,17,2,0,0,1,0
"Zotu5127",0,0,0,0,0,0,0,0,0,0,0,0,0,0,0,0,0,0,0,0,0,0,0,0,0,0,0,0,0,0,0,0,0,1,0,0,2,0,0,0,0,75,0,0,0,0,0,0,0,0,0,0,1,0,1,0,2,0,0,0,0,0
"Zotu3429",0,0,0,0,0,0,0,0,0,0,0,0,0,0,0,0,0,0,0,0,0,0,0,0,0,0,0,0,0,0,0,0,0,2,0,2,1,0,37,0,1,0,0,0,0,0,0,0,0,0,0,0,0,1,0,0,0,0,0,0,0,0
"Zotu6176",0,0,0,0,0,0,0,0,0,0,0,0,0,0,0,0,0,0,0,0,0,0,0,0,0,0,0,0,0,0,0,0,0,1,0,0,0,0,0,0,0,1,0,1,0,0,1,0,0,0,0,0,0,1,0,0,0,0,19,0,1,0
"Zotu5630",0,0,0,0,0,0,0,0,0,0,0,0,0,0,0,0,0,0,0,0,0,0,0,0,0,0,0,0,0,0,0,0,0,1,0,1,0,0,0,1,1,0,1,0,0,0,0,0,0,0,0,16,0,0,0,0,22,0,0,0,1,1
"Zotu5678",0,0,0,0,0,0,0,0,0,0,0,0,0,0,0,0,0,0,0,0,0,0,0,0,0,0,0,0,0,0,0,0,0,2,0,0,0,0,0,0,0,0,1,0,0,1,1,0,0,0,0,1,0,0,0,0,0,17,0,0,0,0
"Zotu4579",0,0,0,0,0,0,0,0,0,0,0,0,0,0,0,0,0,0,0,0,0,0,0,0,0,0,0,0,0,0,0,0,0,1,0,1,0,0,0,1,0,0,0,0,0,0,0,0,0,0,0,0,0,0,0,35,2,0,1,0,0,0
"Zotu3243",0,0,0,0,0,0,0,0,0,0,0,0,0,0,0,0,0,0,0,0,0,0,0,0,0,0,0,0,0,0,0,0,0,2,0,0,0,0,25,0,0,1,0,0,1,0,0,0,2,3,0,0,14,0,0,0,1,0,0,1,0,0
"Zotu6066",0,0,0,0,0,0,0,0,0,0,0,0,0,0,0,0,0,0,0,0,0,0,0,0,0,0,0,0,0,0,0,0,0,1,0,0,0,0,27,0,0,0,0,0,0,0,0,1,0,0,0,0,0,0,3,0,1,0,0,0,0,1
"Zotu5192",0,0,0,0,0,0,0,0,0,0,0,0,0,0,0,0,0,0,0,0,0,0,0,0,0,0,0,0,0,0,0,0,0,1,0,0,0,0,2,0,0,0,0,0,0,0,1,0,0,0,0,0,0,0,0,0,0,0,28,7,1,1
"Zotu2097",0,0,0,0,0,0,0,0,0,0,0,0,0,0,0,0,0,0,0,0,0,0,0,0,0,0,0,0,0,0,0,0,0,1,1,0,0,0,0,140,2,0,0,2,1,1,0,1,1,2,0,0,2,0,2,1,0,0,1,0,0,1
"Zotu4717",0,0,0,0,0,0,0,0,0,0,0,0,0,0,0,0,0,0,0,0,0,0,0,0,0,0,0,0,0,0,0,0,0,1,0,0,0,0,0,0,0,0,0,0,0,0,0,0,0,0,0,0,0,0,21,2,0,0,0,0,0,0
"Zotu3394",0,0,0,0,0,0,0,0,0,0,0,0,0,0,0,0,0,0,0,0,0,0,0,0,0,0,0,0,0,0,0,0,0,1,0,0,0,0,2,0,0,1,0,0,0,0,0,0,0,1,0,0,0,0,8,49,0,1,1,0,0,0
"Zotu3528",0,0,0,0,0,0,0,0,0,0,0,0,0,0,0,0,0,0,0,0,0,0,0,0,0,0,0,0,0,0,0,0,0,2,0,0,0,0,0,69,0,0,2,0,0,1,0,1,0,0,0,0,0,0,0,0,0,0,0,0,1,0
"Zotu2135",0,0,0,0,0,0,0,0,0,0,0,0,0,0,0,0,0,0,0,0,0,0,0,0,0,0,0,0,0,0,0,0,0,1,0,2,0,0,0,1,0,0,3,0,0,0,0,0,0,0,1,1,0,1,105,4,0,1,0,0,0,3
"Zotu5518",0,0,0,0,0,0,0,0,0,0,0,0,0,0,0,0,0,0,0,0,0,0,0,0,0,0,0,0,0,0,0,0,0,1,0,0,0,0,1,0,0,0,0,20,0,0,0,0,0,0,0,0,0,0,0,0,0,0,0,0,0,0
"Zotu2494",0,0,0,0,0,0,0,0,0,0,0,0,0,0,0,0,0,0,0,0,0,0,0,0,0,0,0,0,0,0,0,0,0,1,0,0,1,2,77,0,3,43,0,2,0,0,0,0,0,0,0,0,0,0,1,13,0,0,0,1,0,1
"Zotu1134",0,0,0,0,0,0,0,0,0,0,0,0,0,0,0,0,0,0,0,0,0,0,0,0,0,0,0,0,0,0,0,0,0,2,1,2,3,238,2,1,1,29,4,1,1,1,2,1,3,4,0,1,2,0,0,2,0,0,1,1,1,0
"Zotu3365",0,0,0,0,0,0,0,0,0,0,0,0,0,0,0,0,0,0,0,0,0,0,0,0,0,0,0,0,0,0,0,0,0,1,0,0,0,0,0,0,0,0,0,1,0,0,0,0,0,0,49,0,0,0,1,23,0,0,1,1,1,1
"Zotu6263",0,0,0,0,0,0,0,0,0,0,0,0,0,0,0,0,0,0,0,0,0,0,0,0,0,0,0,0,0,0,0,0,0,1,0,0,0,0,0,0,0,0,0,1,0,0,0,0,0,0,0,0,0,26,0,0,0,0,0,0,0,0
"Zotu6342",0,0,0,0,0,0,0,0,0,0,0,0,0,0,0,0,0,0,0,0,0,0,0,0,0,0,0,0,0,0,0,0,0,1,0,0,0,0,0,0,0,20,0,0,0,0,0,0,0,0,0,1,0,0,0,0,0,0,0,0,0,0
"Zotu3541",0,0,0,0,0,0,0,0,0,0,0,0,0,0,0,0,0,0,0,0,0,0,0,0,0,0,0,0,0,0,0,0,0,9,0,0,37,0,0,0,0,0,0,1,1,0,1,0,1,0,1,0,1,0,1,0,0,0,0,0,0,0
"Zotu3749",0,0,0,0,0,0,0,0,0,0,0,0,0,0,0,0,0,0,0,0,0,0,0,0,0,0,0,0,0,0,0,0,0,1,0,1,0,1,0,0,0,1,0,0,1,0,0,0,1,0,2,1,0,0,1,0,3,0,17,5,20,0
"Zotu1404",0,0,0,0,0,0,0,0,0,0,0,0,0,0,0,0,0,0,0,0,0,0,0,0,0,0,0,0,0,0,0,0,0,1,0,0,0,1,1,1,0,0,0,1,0,186,0,0,0,0,1,1,0,0,0,0,0,1,0,0,0,0
"Zotu1160",0,0,0,0,0,0,0,0,0,0,0,0,0,0,0,0,0,0,0,0,0,0,0,0,0,0,0,0,0,0,0,0,0,1,1,1,4,2,0,2,2,3,1,1,2,2,0,0,2,0,2,0,2,2,0,0,0,0,0,0,222,3
"Zotu4329",0,0,0,0,0,0,0,0,0,0,0,0,0,0,0,0,0,0,0,0,0,0,0,0,0,0,0,0,0,0,0,0,0,1,0,0,0,0,0,0,0,0,0,0,0,0,1,39,0,0,0,0,0,0,0,0,1,0,0,0,0,0
"Zotu5756",0,0,0,0,0,0,0,0,0,0,0,0,0,0,0,0,0,0,0,0,0,0,0,0,0,0,0,0,0,0,0,0,0,2,0,0,0,1,0,1,0,0,0,0,0,0,0,0,0,2,0,0,0,0,31,1,0,0,0,0,1,0
"Zotu5815",0,0,0,0,0,0,0,0,0,0,0,0,0,0,0,0,0,0,0,0,0,0,0,0,0,0,0,0,0,0,0,0,0,1,0,0,0,0,0,0,0,0,0,0,0,1,0,0,0,0,0,0,0,0,0,0,15,1,0,1,11,0
"Zotu3591",0,0,0,0,0,0,0,0,0,0,0,0,0,0,0,0,0,0,0,0,0,0,0,0,0,0,0,0,0,0,0,0,0,1,0,0,0,2,0,1,0,0,0,0,0,0,0,1,1,0,0,0,0,0,1,0,0,0,50,0,27,8
"Zotu5450",0,0,0,0,0,0,0,0,0,0,0,0,0,0,0,0,0,0,0,0,0,0,0,0,0,0,0,0,0,0,0,0,0,1,0,0,0,39,0,0,0,0,0,0,1,0,0,0,0,0,1,0,0,0,0,1,0,0,1,0,0,0
"Zotu4798",0,0,0,0,0,0,0,0,0,0,0,0,0,0,0,0,0,0,0,0,0,0,0,0,0,0,0,0,0,0,0,0,0,1,0,0,0,0,0,0,0,0,0,0,0,0,0,0,0,0,0,0,0,0,0,7,2,35,0,1,0,0
"Zotu2762",0,0,0,0,0,0,0,0,0,0,0,0,0,0,0,0,0,0,0,0,0,0,0,0,0,0,0,0,0,0,0,0,0,2,0,0,0,0,0,0,1,1,0,1,1,0,1,0,66,0,0,0,0,1,0,1,0,1,0,0,0,0
"Zotu5890",0,0,0,0,0,0,0,0,0,0,0,0,0,0,0,0,0,0,0,0,0,0,0,0,0,0,0,0,0,0,0,0,0,2,0,0,0,0,0,0,0,0,0,0,0,0,1,0,0,0,0,0,0,0,0,0,0,0,0,0,21,0
"Zotu3599",0,0,0,0,0,0,0,0,0,0,0,0,0,0,0,0,0,0,0,0,0,0,0,0,0,0,0,0,0,0,0,0,0,1,2,0,0,0,0,0,0,0,0,1,1,1,0,1,0,0,0,0,0,0,0,1,0,0,37,0,0,1
"Zotu3380",0,0,0,0,0,0,0,0,0,0,0,0,0,0,0,0,0,0,0,0,0,0,0,0,0,0,0,0,0,0,0,0,0,1,0,0,36,0,0,0,0,0,0,0,0,0,0,75,0,1,0,0,1,0,1,0,0,0,0,0,1,0
"Zotu848",0,0,0,0,0,0,0,0,0,0,0,0,0,0,0,0,0,0,0,0,0,0,0,0,0,0,0,0,0,0,0,0,0,1,0,2,2,1,1,1,2,1,0,1,1,1,0,0,1,0,1,0,2,1,42,98,55,1,41,45,2,0
"Zotu969",0,0,0,0,0,0,0,0,0,0,0,0,0,0,0,0,0,0,0,0,0,0,0,0,0,0,0,0,0,0,0,0,0,1,1,0,1,1,0,0,0,0,0,1,0,263,0,0,0,2,2,0,0,0,1,4,0,3,0,0,33,1
"Zotu2510",0,0,0,0,0,0,0,0,0,0,0,0,0,0,0,0,0,0,0,0,0,0,0,0,0,0,0,0,0,0,0,0,0,1,0,84,0,0,0,0,0,0,1,0,0,0,0,0,0,0,0,0,0,0,0,0,0,0,0,0,0,0
"Zotu4513",0,0,0,0,0,0,0,0,0,0,0,0,0,0,0,0,0,0,0,0,0,0,0,0,0,0,0,0,0,0,0,0,0,1,0,0,0,0,0,0,0,0,0,0,0,0,1,0,0,0,0,0,35,0,0,0,0,0,0,0,0,0
"Zotu2374",0,0,0,0,0,0,0,0,0,0,0,0,0,0,0,0,0,0,0,0,0,0,0,0,0,0,0,0,0,0,0,0,0,1,0,0,0,0,0,0,0,0,0,0,0,0,0,0,0,0,0,0,0,0,0,0,0,0,0,107,0,0
"Zotu6329",0,0,0,0,0,0,0,0,0,0,0,0,0,0,0,0,0,0,0,0,0,0,0,0,0,0,0,0,0,0,0,0,0,1,0,0,0,0,1,0,0,1,0,0,1,0,0,0,0,0,0,0,0,1,0,0,0,0,0,21,18,0
"Zotu3055",0,0,0,0,0,0,0,0,0,0,0,0,0,0,0,0,0,0,0,0,0,0,0,0,0,0,0,0,0,0,0,0,0,2,1,0,0,1,0,0,0,0,1,0,0,1,0,0,0,0,0,0,0,0,69,0,0,1,0,0,0,2
"Zotu4118",0,0,0,0,0,0,0,0,0,0,0,0,0,0,0,0,0,0,0,0,0,0,0,0,0,0,0,0,0,0,0,0,0,1,1,0,1,0,1,0,0,1,0,0,0,0,0,0,2,0,32,0,0,1,0,0,0,0,0,1,0,0
"Zotu3887",0,0,0,0,0,0,0,0,0,0,0,0,0,0,0,0,0,0,0,0,0,0,0,0,0,0,0,0,0,0,0,0,0,1,0,1,0,0,0,0,0,0,1,1,0,0,1,0,0,0,0,1,0,0,49,1,1,0,0,0,0,0
"Zotu3417",0,0,0,0,0,0,0,0,0,0,0,0,0,0,0,0,0,0,0,0,0,0,0,0,0,0,0,0,0,0,0,0,0,1,0,0,1,1,1,0,0,0,1,0,0,0,1,0,0,0,1,0,0,0,49,0,0,0,0,0,1,0
"Zotu1900",0,0,0,0,0,0,0,0,0,0,0,0,0,0,0,0,0,0,0,0,0,0,0,0,0,0,0,0,0,0,0,0,0,1,0,4,0,1,0,1,1,2,0,1,0,0,5,1,0,1,1,3,2,0,34,19,158,2,0,2,2,3
"Zotu2876",0,0,0,0,0,0,0,0,0,0,0,0,0,0,0,0,0,0,0,0,0,0,0,0,0,0,0,0,0,0,0,0,0,1,0,0,0,0,1,0,0,0,1,0,0,0,0,1,0,0,0,0,0,0,4,19,1,36,0,4,0,0
"Zotu4581",0,0,0,0,0,0,0,0,0,0,0,0,0,0,0,0,0,0,0,0,0,0,0,0,0,0,0,0,0,0,0,0,0,1,0,0,0,38,0,0,0,0,0,3,0,2,0,0,0,1,0,0,0,0,1,1,0,0,0,0,0,0
"Zotu2222",0,0,0,0,0,0,0,0,0,0,0,0,0,0,0,0,0,0,0,0,0,0,0,0,0,0,0,0,0,0,0,0,0,1,1,0,1,0,0,1,0,0,0,0,0,0,0,0,1,1,0,0,1,0,0,3,82,0,0,1,0,1
"Zotu4804",0,0,0,0,0,0,0,0,0,0,0,0,0,0,0,0,0,0,0,0,0,0,0,0,0,0,0,0,0,0,0,0,0,1,0,0,0,0,0,0,2,25,0,0,0,0,0,0,0,0,0,0,0,0,0,0,0,0,0,0,1,1
"Zotu2167",0,0,0,0,0,0,0,0,0,0,0,0,0,0,0,0,0,0,0,0,0,0,0,0,0,0,0,0,0,0,0,0,0,1,0,0,0,3,0,1,0,2,2,6,0,0,1,0,0,2,0,1,0,0,0,2,0,0,0,9,87,2
"Zotu3335",0,0,0,0,0,0,0,0,0,0,0,0,0,0,0,0,0,0,0,0,0,0,0,0,0,0,0,0,0,0,0,0,0,1,0,0,0,0,0,0,0,1,0,0,0,0,1,1,0,64,0,0,0,0,0,2,0,0,0,0,0,0
"Zotu650",0,0,0,0,0,0,0,0,0,0,0,0,0,0,0,0,0,0,0,0,0,0,0,0,0,0,0,0,0,0,0,0,0,1,3,0,124,90,135,67,2,0,0,8,0,0,2,1,1,3,0,1,1,3,1,0,0,2,0,1,2,2
"Zotu3040",0,0,0,0,0,0,0,0,0,0,0,0,0,0,0,0,0,0,0,0,0,0,0,0,0,0,0,0,0,0,0,0,0,2,1,0,0,0,0,0,0,1,0,1,0,0,0,0,0,0,0,11,0,0,0,0,0,0,38,0,11,6
"Zotu3302",0,0,0,0,0,0,0,0,0,0,0,0,0,0,0,0,0,0,0,0,0,0,0,0,0,0,0,0,0,0,0,0,0,1,0,0,74,0,0,0,0,0,0,0,0,0,0,0,0,0,1,1,0,0,1,0,2,1,0,0,0,0
"Zotu1468",0,0,0,0,0,0,0,0,0,0,0,0,0,0,0,0,0,0,0,0,0,0,0,0,0,0,0,0,0,0,0,0,0,1,0,0,1,0,0,1,1,36,1,0,0,0,2,0,0,137,0,2,0,0,0,2,1,0,1,0,0,1
"Zotu4697",0,0,0,0,0,0,0,0,0,0,0,0,0,0,0,0,0,0,0,0,0,0,0,0,0,0,0,0,0,0,0,0,0,2,0,0,0,0,0,0,0,0,0,0,1,2,0,0,0,0,0,0,0,0,55,0,0,0,0,0,0,0
"Zotu3934",0,0,0,0,0,0,0,0,0,0,0,0,0,0,0,0,0,0,0,0,0,0,0,0,0,0,0,0,0,0,0,0,0,1,0,0,0,0,0,0,0,0,3,1,0,0,0,0,0,0,0,0,0,0,1,23,0,0,0,23,0,0
"Zotu5385",0,0,0,0,0,0,0,0,0,0,0,0,0,0,0,0,0,0,0,0,0,0,0,0,0,0,0,0,0,0,0,0,0,1,0,0,1,0,0,0,0,0,0,1,0,0,0,0,0,0,0,1,0,0,35,0,0,0,0,1,0,0
"Zotu6136",0,0,0,0,0,0,0,0,0,0,0,0,0,0,0,0,0,0,0,0,0,0,0,0,0,0,0,0,0,0,0,0,0,1,0,0,0,0,0,0,0,0,0,0,0,0,0,0,0,0,0,0,0,0,10,11,0,0,0,0,0,0
"Zotu1062",0,0,0,0,0,0,0,0,0,0,0,0,0,0,0,0,0,0,0,0,0,0,0,0,0,0,0,0,0,0,0,0,0,1,0,1,0,1,0,0,281,0,0,0,0,0,0,0,0,0,0,0,1,2,1,0,0,1,0,0,0,2
"Zotu1683",0,0,0,0,0,0,0,0,0,0,0,0,0,0,0,0,0,0,0,0,0,0,0,0,0,0,0,0,0,0,0,0,0,1,1,0,0,0,1,2,1,1,1,1,0,0,0,1,2,0,0,1,1,0,11,10,116,1,0,1,0,0
"Zotu1710",0,0,0,0,0,0,0,0,0,0,0,0,0,0,0,0,0,0,0,0,0,0,0,0,0,0,0,0,0,0,0,0,0,1,1,0,1,0,0,0,0,1,0,1,0,0,0,0,1,0,1,0,0,0,0,0,0,103,0,0,0,0
"Zotu3743",0,0,0,0,0,0,0,0,0,0,0,0,0,0,0,0,0,0,0,0,0,0,0,0,0,0,0,0,0,0,0,0,0,1,0,1,0,0,1,0,1,0,0,0,1,0,0,0,0,0,0,0,1,0,0,0,0,0,1,35,12,0
"Zotu3551",0,0,0,0,0,0,0,0,0,0,0,0,0,0,0,0,0,0,0,0,0,0,0,0,0,0,0,0,0,0,0,0,0,1,0,0,0,0,1,0,0,0,0,0,1,0,0,1,0,0,0,0,0,0,0,0,0,0,0,0,45,1
"Zotu3162",0,0,0,0,0,0,0,0,0,0,0,0,0,0,0,0,0,0,0,0,0,0,0,0,0,0,0,0,0,0,0,0,0,1,0,0,0,1,0,0,0,0,0,7,0,0,1,0,0,0,0,0,1,1,0,0,0,0,0,46,1,0
"Zotu3101",0,0,0,0,0,0,0,0,0,0,0,0,0,0,0,0,0,0,0,0,0,0,0,0,0,0,0,0,0,0,0,0,0,1,0,0,1,0,0,0,0,0,0,0,44,0,0,0,0,1,2,0,1,0,1,1,0,0,0,0,2,0
"Zotu2779",0,0,0,0,0,0,0,0,0,0,0,0,0,0,0,0,0,0,0,0,0,0,0,0,0,0,0,0,0,0,0,0,0,1,0,0,0,0,0,0,0,1,1,0,0,0,1,0,0,0,0,0,0,0,0,0,0,77,1,0,0,1
"Zotu4019",0,0,0,0,0,0,0,0,0,0,0,0,0,0,0,0,0,0,0,0,0,0,0,0,0,0,0,0,0,0,0,0,0,1,0,2,1,23,0,0,0,0,0,21,0,0,0,0,0,0,0,0,0,4,1,0,0,0,0,0,0,0
"Zotu3017",0,0,0,0,0,0,0,0,0,0,0,0,0,0,0,0,0,0,0,0,0,0,0,0,0,0,0,0,0,0,0,0,0,2,0,0,2,1,59,0,0,0,1,1,0,2,0,0,0,1,0,0,1,1,0,1,0,0,0,0,0,2
"Zotu2631",0,0,0,0,0,0,0,0,0,0,0,0,0,0,0,0,0,0,0,0,0,0,0,0,0,0,0,0,0,0,0,0,0,1,0,0,0,0,0,0,0,0,0,1,0,0,63,0,0,0,0,1,2,1,0,1,0,0,5,6,1,10
"Zotu5298",0,0,0,0,0,0,0,0,0,0,0,0,0,0,0,0,0,0,0,0,0,0,0,0,0,0,0,0,0,0,0,0,0,1,0,0,39,1,0,0,0,0,0,0,0,0,0,0,1,0,0,0,0,0,0,0,0,0,0,0,0,0
"Zotu3090",0,0,0,0,0,0,0,0,0,0,0,0,0,0,0,0,0,0,0,0,0,0,0,0,0,0,0,0,0,0,0,0,0,1,0,0,1,0,0,0,0,50,0,0,0,0,0,0,0,0,0,1,0,0,0,0,0,0,0,1,0,0
"Zotu4994",0,0,0,0,0,0,0,0,0,0,0,0,0,0,0,0,0,0,0,0,0,0,0,0,0,0,0,0,0,0,0,0,0,1,0,0,0,0,0,0,0,0,2,0,0,0,0,0,0,0,0,0,0,0,0,0,0,0,0,26,0,0
"Zotu5410",0,0,0,0,0,0,0,0,0,0,0,0,0,0,0,0,0,0,0,0,0,0,0,0,0,0,0,0,0,0,0,0,0,1,0,0,15,0,0,0,1,0,0,0,0,0,0,0,0,1,0,0,0,0,0,0,0,0,0,0,0,0
"Zotu4507",0,0,0,0,0,0,0,0,0,0,0,0,0,0,0,0,0,0,0,0,0,0,0,0,0,0,0,0,0,0,0,0,0,1,0,0,0,0,0,25,0,0,0,0,0,0,0,0,1,0,0,0,0,0,21,3,0,0,1,1,0,2
"Zotu4338",0,0,0,0,0,0,0,0,0,0,0,0,0,0,0,0,0,0,0,0,0,0,0,0,0,0,0,0,0,0,0,0,0,1,0,1,0,0,0,0,0,1,0,0,0,1,0,0,1,0,1,0,0,0,3,0,34,0,0,0,0,1
"Zotu3868",0,0,0,0,0,0,0,0,0,0,0,0,0,0,0,0,0,0,0,0,0,0,0,0,0,0,0,0,0,0,0,0,0,1,0,0,0,0,0,0,0,1,0,39,0,0,1,0,0,1,0,0,0,0,0,0,0,0,1,0,0,0
"Zotu5126",0,0,0,0,0,0,0,0,0,0,0,0,0,0,0,0,0,0,0,0,0,0,0,0,0,0,0,0,0,0,0,0,0,1,0,0,0,0,0,0,0,0,0,0,1,0,0,0,1,0,0,0,0,0,16,8,0,0,0,0,0,1
"Zotu6055",0,0,0,0,0,0,0,0,0,0,0,0,0,0,0,0,0,0,0,0,0,0,0,0,0,0,0,0,0,0,0,0,0,1,0,2,1,0,0,68,1,0,0,0,0,1,0,0,0,0,0,1,0,0,0,0,0,1,0,0,0,0
"Zotu4004",0,0,0,0,0,0,0,0,0,0,0,0,0,0,0,0,0,0,0,0,0,0,0,0,0,0,0,0,0,0,0,0,0,1,0,0,0,54,1,0,0,1,0,0,0,0,0,0,0,0,0,0,0,1,0,0,0,0,0,0,0,1
"Zotu1749",0,0,0,0,0,0,0,0,0,0,0,0,0,0,0,0,0,0,0,0,0,0,0,0,0,0,0,0,0,0,0,0,0,1,0,0,45,1,1,1,1,0,57,0,1,1,0,0,1,0,0,0,0,0,1,0,0,1,1,0,0,0
"Zotu4222",0,0,0,0,0,0,0,0,0,0,0,0,0,0,0,0,0,0,0,0,0,0,0,0,0,0,0,0,0,0,0,0,0,1,0,0,0,0,0,0,0,1,1,0,1,0,0,0,0,0,0,0,0,0,5,1,1,0,23,1,0,0
"Zotu2923",0,0,0,0,0,0,0,0,0,0,0,0,0,0,0,0,0,0,0,0,0,0,0,0,0,0,0,0,0,0,0,0,0,1,1,0,1,1,1,1,0,0,0,0,0,0,0,0,0,0,0,0,0,0,48,6,1,0,1,1,0,3
"Zotu2765",0,0,0,0,0,0,0,0,0,0,0,0,0,0,0,0,0,0,0,0,0,0,0,0,0,0,0,0,0,0,0,0,0,1,0,0,0,35,0,0,0,0,0,0,0,0,1,1,0,0,0,0,0,0,0,0,0,0,0,0,2,23
"Zotu2853",0,0,0,0,0,0,0,0,0,0,0,0,0,0,0,0,0,0,0,0,0,0,0,0,0,0,0,0,0,0,0,0,0,1,1,1,0,73,0,0,0,0,2,0,0,0,1,0,1,1,0,0,0,1,0,0,0,0,0,0,0,0
"Zotu2318",0,0,0,0,0,0,0,0,0,0,0,0,0,0,0,0,0,0,0,0,0,0,0,0,0,0,0,0,0,0,0,0,0,1,0,0,1,0,0,0,0,1,0,0,101,0,1,0,0,0,1,0,1,0,0,0,0,0,0,2,1,0
"Zotu6343",0,0,0,0,0,0,0,0,0,0,0,0,0,0,0,0,0,0,0,0,0,0,0,0,0,0,0,0,0,0,0,0,0,2,0,0,0,0,0,0,0,0,0,0,0,0,0,0,0,0,1,0,0,0,22,1,0,0,0,1,0,0
"Zotu4782",0,0,0,0,0,0,0,0,0,0,0,0,0,0,0,0,0,0,0,0,0,0,0,0,0,0,0,0,0,0,0,0,0,1,0,0,0,0,0,1,1,0,0,0,1,0,0,1,1,1,0,0,1,0,0,0,0,1,0,1,5,25
"Zotu2583",0,0,0,0,0,0,0,0,0,0,0,0,0,0,0,0,0,0,0,0,0,0,0,0,0,0,0,0,0,0,0,0,0,1,1,0,0,1,1,1,1,1,1,1,0,1,1,0,1,1,0,0,2,0,52,0,17,0,0,0,1,0
"Zotu1914",0,0,0,0,0,0,0,0,0,0,0,0,0,0,0,0,0,0,0,0,0,0,0,0,0,0,0,0,0,0,0,0,0,1,1,0,0,0,2,110,1,1,0,0,0,0,0,0,0,0,0,0,1,0,0,0,2,0,0,1,0,0
"Zotu4918",0,0,0,0,0,0,0,0,0,0,0,0,0,0,0,0,0,0,0,0,0,0,0,0,0,0,0,0,0,0,0,0,0,1,2,0,0,0,1,1,1,2,1,0,0,1,0,0,1,0,0,0,0,0,0,0,1,0,0,0,0,30
"Zotu3640",0,0,0,0,0,0,0,0,0,0,0,0,0,0,0,0,0,0,0,0,0,0,0,0,0,0,0,0,0,0,0,0,0,2,0,0,0,0,0,0,1,0,0,0,0,1,1,0,0,0,0,0,0,0,5,6,22,0,0,1,0,1
"Zotu6218",0,0,0,0,0,0,0,0,0,0,0,0,0,0,0,0,0,0,0,0,0,0,0,0,0,0,0,0,0,0,0,0,0,1,0,0,0,0,1,0,0,0,1,0,0,0,0,0,0,0,2,0,0,0,0,0,25,0,0,1,0,0
"Zotu3877",0,0,0,0,0,0,0,0,0,0,0,0,0,0,0,0,0,0,0,0,0,0,0,0,0,0,0,0,0,0,0,0,0,1,0,0,0,0,0,0,0,0,1,0,0,0,0,0,0,0,0,0,0,1,8,14,13,0,0,0,0,0
"Zotu5323",0,0,0,0,0,0,0,0,0,0,0,0,0,0,0,0,0,0,0,0,0,0,0,0,0,0,0,0,0,0,0,0,0,1,1,0,0,1,0,1,0,0,0,1,1,1,0,0,0,1,0,0,0,0,0,0,0,0,30,1,0,0
"Zotu5023",0,0,0,0,0,0,0,0,0,0,0,0,0,0,0,0,0,0,0,0,0,0,0,0,0,0,0,0,0,0,0,0,0,1,1,0,1,0,0,2,0,1,0,0,0,0,0,0,0,0,0,0,0,1,0,0,0,1,0,0,3,22
"Zotu1723",0,0,0,0,0,0,0,0,0,0,0,0,0,0,0,0,0,0,0,0,0,0,0,0,0,0,0,0,0,0,0,0,0,1,0,0,0,0,0,0,1,0,0,0,0,0,0,0,151,0,0,0,0,0,2,0,0,0,0,0,0,0
"Zotu3752",0,0,0,0,0,0,0,0,0,0,0,0,0,0,0,0,0,0,0,0,0,0,0,0,0,0,0,0,0,0,0,0,0,1,0,1,0,1,1,0,1,0,0,72,0,0,0,0,1,0,0,0,1,0,0,0,0,2,0,1,1,0
"Zotu4502",0,0,0,0,0,0,0,0,0,0,0,0,0,0,0,0,0,0,0,0,0,0,0,0,0,0,0,0,0,0,0,0,0,1,1,0,0,2,0,0,0,0,0,0,0,0,0,0,1,0,0,5,0,0,1,2,7,14,0,0,0,0
"Zotu4070",0,0,0,0,0,0,0,0,0,0,0,0,0,0,0,0,0,0,0,0,0,0,0,0,0,0,0,0,0,0,0,0,0,1,0,0,0,0,0,0,0,1,0,0,0,0,1,1,0,0,1,0,41,0,0,0,0,0,0,0,0,1
"Zotu3261",0,0,0,0,0,0,0,0,0,0,0,0,0,0,0,0,0,0,0,0,0,0,0,0,0,0,0,0,0,0,0,0,0,1,0,1,1,0,0,0,0,0,0,0,0,1,0,92,0,0,0,0,0,0,0,0,0,0,0,0,0,0
"Zotu3140",0,0,0,0,0,0,0,0,0,0,0,0,0,0,0,0,0,0,0,0,0,0,0,0,0,0,0,0,0,0,0,0,0,1,1,1,0,0,0,2,0,0,0,6,0,1,0,0,0,0,0,0,0,0,0,21,34,0,0,0,0,0
"Zotu4591",0,0,0,0,0,0,0,0,0,0,0,0,0,0,0,0,0,0,0,0,0,0,0,0,0,0,0,0,0,0,0,0,0,1,0,0,0,1,0,0,0,0,0,0,0,0,0,0,0,0,0,0,0,0,21,0,27,0,1,0,1,0
"Zotu2752",0,0,0,0,0,0,0,0,0,0,0,0,0,0,0,0,0,0,0,0,0,0,0,0,0,0,0,0,0,0,0,0,0,1,2,10,41,1,0,66,0,1,0,1,0,0,0,0,0,0,0,1,1,0,0,1,0,1,0,0,1,2
"Zotu5032",0,0,0,0,0,0,0,0,0,0,0,0,0,0,0,0,0,0,0,0,0,0,0,0,0,0,0,0,0,0,0,0,0,1,1,0,0,0,0,0,0,0,2,0,2,1,0,0,0,0,0,0,0,0,0,0,31,0,0,0,0,0
"Zotu6274",0,0,0,0,0,0,0,0,0,0,0,0,0,0,0,0,0,0,0,0,0,0,0,0,0,0,0,0,0,0,0,0,0,1,0,0,0,0,1,0,0,0,0,0,0,0,0,0,0,1,0,0,0,0,9,8,0,0,0,0,0,0
"Zotu5268",0,0,0,0,0,0,0,0,0,0,0,0,0,0,0,0,0,0,0,0,0,0,0,0,0,0,0,0,0,0,0,0,0,1,1,0,0,1,0,0,0,1,0,0,0,0,0,1,0,1,0,0,1,0,6,3,20,1,0,0,0,0
"Zotu5260",0,0,0,0,0,0,0,0,0,0,0,0,0,0,0,0,0,0,0,0,0,0,0,0,0,0,0,0,0,0,0,0,0,1,0,0,0,0,0,0,0,0,0,0,0,0,0,0,0,1,0,0,0,0,6,26,0,0,4,1,2,0
"Zotu5001",0,0,0,0,0,0,0,0,0,0,0,0,0,0,0,0,0,0,0,0,0,0,0,0,0,0,0,0,0,0,0,0,0,1,0,0,0,1,0,1,0,0,0,1,0,1,0,0,0,0,0,1,0,0,0,1,58,0,0,0,0,0
"Zotu1525",0,0,0,0,0,0,0,0,0,0,0,0,0,0,0,0,0,0,0,0,0,0,0,0,0,0,0,0,0,0,0,0,0,1,0,1,1,0,1,0,0,0,1,156,0,0,0,0,2,2,0,1,1,1,1,1,0,2,1,2,0,0
"Zotu4472",0,0,0,0,0,0,0,0,0,0,0,0,0,0,0,0,0,0,0,0,0,0,0,0,0,0,0,0,0,0,0,0,0,0,36,0,0,0,0,0,0,1,1,0,0,0,0,0,0,1,0,0,0,0,0,0,0,0,0,0,1,0
"Zotu3498",0,0,0,0,0,0,0,0,0,0,0,0,0,0,0,0,0,0,0,0,0,0,0,0,0,0,0,0,0,0,0,0,0,0,60,0,1,0,0,0,0,0,1,0,0,1,0,1,1,1,0,0,0,0,0,0,0,0,0,0,0,0
"Zotu1819",0,0,0,0,0,0,0,0,0,0,0,0,0,0,0,0,0,0,0,0,0,0,0,0,0,0,0,0,0,0,0,0,0,0,134,0,0,0,0,0,0,0,1,0,0,0,0,0,0,0,0,0,1,0,0,0,0,0,0,0,0,0
"Zotu2478",0,0,0,0,0,0,0,0,0,0,0,0,0,0,0,0,0,0,0,0,0,0,0,0,0,0,0,0,0,0,0,0,0,0,96,0,0,0,0,0,0,0,0,0,0,0,0,0,0,0,0,0,0,0,0,0,0,0,0,0,0,0
"Zotu1487",0,0,0,0,0,0,0,0,0,0,0,0,0,0,0,0,0,0,0,0,0,0,0,0,0,0,0,0,0,0,0,0,0,0,163,0,0,0,0,0,0,0,0,0,1,0,0,0,1,0,0,0,0,0,0,0,0,0,1,0,0,0
"Zotu5622",0,0,0,0,0,0,0,0,0,0,0,0,0,0,0,0,0,0,0,0,0,0,0,0,0,0,0,0,0,0,0,0,0,0,1,0,0,0,0,0,0,1,1,0,0,0,0,0,0,0,0,0,1,0,0,0,0,0,19,0,0,0
"Zotu2247",0,0,0,0,0,0,0,0,0,0,0,0,0,0,0,0,0,0,0,0,0,0,0,0,0,0,0,0,0,0,0,0,0,0,74,1,0,0,0,0,0,0,0,1,0,0,0,0,0,0,0,1,2,1,0,0,1,0,0,0,0,0
"Zotu2277",0,0,0,0,0,0,0,0,0,0,0,0,0,0,0,0,0,0,0,0,0,0,0,0,0,0,0,0,0,0,0,0,0,0,106,0,0,0,0,0,0,0,0,1,0,0,0,0,1,0,0,2,0,0,0,0,0,0,0,1,0,0
"Zotu6382",0,0,0,0,0,0,0,0,0,0,0,0,0,0,0,0,0,0,0,0,0,0,0,0,0,0,0,0,0,0,0,0,0,0,27,0,0,0,0,0,1,0,0,0,0,0,0,0,0,0,0,0,0,0,0,0,0,0,0,0,0,0
"Zotu2428",0,0,0,0,0,0,0,0,0,0,0,0,0,0,0,0,0,0,0,0,0,0,0,0,0,0,0,0,0,0,0,0,0,0,97,0,0,1,0,1,0,1,1,0,0,0,1,0,0,0,0,2,0,1,0,0,1,0,1,1,0,0
"Zotu1569",0,0,0,0,0,0,0,0,0,0,0,0,0,0,0,0,0,0,0,0,0,0,0,0,0,0,0,0,0,0,0,0,0,0,1,1,1,1,0,0,2,0,0,0,1,2,2,0,0,200,1,1,1,2,0,1,0,2,1,0,0,1
"Zotu4979",0,0,0,0,0,0,0,0,0,0,0,0,0,0,0,0,0,0,0,0,0,0,0,0,0,0,0,0,0,0,0,0,0,0,34,0,0,0,0,0,0,0,0,2,0,1,0,0,0,0,0,0,0,0,0,0,0,0,0,1,0,3
"Zotu4326",0,0,0,0,0,0,0,0,0,0,0,0,0,0,0,0,0,0,0,0,0,0,0,0,0,0,0,0,0,0,0,0,0,0,37,0,0,0,0,0,0,0,0,0,0,0,0,0,0,0,0,0,0,0,0,0,0,1,0,0,1,0
"Zotu5468",0,0,0,0,0,0,0,0,0,0,0,0,0,0,0,0,0,0,0,0,0,0,0,0,0,0,0,0,0,0,0,0,0,0,1,0,1,2,0,0,0,0,1,57,0,0,0,0,0,0,0,0,1,1,0,0,0,0,0,0,0,0
"Zotu5245",0,0,0,0,0,0,0,0,0,0,0,0,0,0,0,0,0,0,0,0,0,0,0,0,0,0,0,0,0,0,0,0,0,0,34,0,0,0,0,0,0,0,0,0,0,0,0,0,0,0,0,0,0,0,0,0,0,0,0,0,0,0
"Zotu5387",0,0,0,0,0,0,0,0,0,0,0,0,0,0,0,0,0,0,0,0,0,0,0,0,0,0,0,0,0,0,0,0,0,0,1,0,0,0,0,0,0,0,0,0,0,1,0,1,0,0,0,0,1,0,0,0,0,0,15,0,0,0
"Zotu4374",0,0,0,0,0,0,0,0,0,0,0,0,0,0,0,0,0,0,0,0,0,0,0,0,0,0,0,0,0,0,0,0,0,0,1,0,0,0,0,0,0,0,0,0,0,34,0,0,0,0,0,0,0,0,0,0,0,0,0,0,0,0
"Zotu3409",0,0,0,0,0,0,0,0,0,0,0,0,0,0,0,0,0,0,0,0,0,0,0,0,0,0,0,0,0,0,0,0,0,0,1,0,0,0,0,0,0,0,0,1,0,0,0,0,0,0,0,1,0,0,3,0,55,1,0,0,1,0
"Zotu5226",0,0,0,0,0,0,0,0,0,0,0,0,0,0,0,0,0,0,0,0,0,0,0,0,0,0,0,0,0,0,0,0,0,0,13,1,0,0,0,0,0,0,0,1,1,0,0,0,0,0,0,1,0,0,0,0,0,0,0,0,0,0
"Zotu2718",0,0,0,0,0,0,0,0,0,0,0,0,0,0,0,0,0,0,0,0,0,0,0,0,0,0,0,0,0,0,0,0,0,0,2,1,0,0,0,0,1,0,1,1,0,0,0,0,0,0,0,0,0,0,15,0,0,60,0,1,12,0
"Zotu2486",0,0,0,0,0,0,0,0,0,0,0,0,0,0,0,0,0,0,0,0,0,0,0,0,0,0,0,0,0,0,0,0,0,0,2,0,0,0,0,0,0,0,0,0,0,1,0,0,0,0,0,0,0,1,0,0,0,0,74,0,3,0
"Zotu4156",0,0,0,0,0,0,0,0,0,0,0,0,0,0,0,0,0,0,0,0,0,0,0,0,0,0,0,0,0,0,0,0,0,0,25,0,0,0,0,0,0,0,0,0,0,0,1,0,0,0,0,0,1,0,0,0,0,0,0,0,0,0
"Zotu1965",0,0,0,0,0,0,0,0,0,0,0,0,0,0,0,0,0,0,0,0,0,0,0,0,0,0,0,0,0,0,0,0,0,0,1,0,2,0,0,0,1,1,0,0,0,1,0,0,0,140,1,0,0,2,0,0,0,0,1,0,0,0
"Zotu5037",0,0,0,0,0,0,0,0,0,0,0,0,0,0,0,0,0,0,0,0,0,0,0,0,0,0,0,0,0,0,0,0,0,0,1,0,0,0,0,41,1,0,0,0,0,0,0,0,0,0,0,0,1,0,0,0,0,0,0,0,0,2
"Zotu4082",0,0,0,0,0,0,0,0,0,0,0,0,0,0,0,0,0,0,0,0,0,0,0,0,0,0,0,0,0,0,0,0,0,0,1,0,0,0,0,0,0,0,0,0,0,0,0,0,0,0,0,0,0,0,0,0,0,41,0,0,0,0
"Zotu2285",0,0,0,0,0,0,0,0,0,0,0,0,0,0,0,0,0,0,0,0,0,0,0,0,0,0,0,0,0,0,0,0,0,0,2,0,0,0,1,0,0,1,0,0,0,0,1,1,0,0,0,0,0,78,0,0,0,0,1,0,0,0
"Zotu6398",0,0,0,0,0,0,0,0,0,0,0,0,0,0,0,0,0,0,0,0,0,0,0,0,0,0,0,0,0,0,0,0,0,0,1,0,0,0,0,0,0,0,0,0,0,0,0,0,0,0,22,0,0,0,0,0,0,0,0,0,0,0
"Zotu922",0,0,0,0,0,0,0,0,0,0,0,0,0,0,0,0,0,0,0,0,0,0,0,0,0,0,0,0,0,0,0,0,0,0,3,263,0,1,1,0,3,0,0,0,2,1,0,0,0,0,1,0,0,1,1,0,1,1,0,1,1,0
"Zotu3863",0,0,0,0,0,0,0,0,0,0,0,0,0,0,0,0,0,0,0,0,0,0,0,0,0,0,0,0,0,0,0,0,0,0,1,0,0,0,0,0,0,0,0,49,0,0,0,0,0,1,0,0,0,0,0,1,0,0,0,0,0,0
"Zotu4676",0,0,0,0,0,0,0,0,0,0,0,0,0,0,0,0,0,0,0,0,0,0,0,0,0,0,0,0,0,0,0,0,0,0,1,0,0,15,0,0,0,0,0,1,31,1,0,1,0,0,0,0,0,0,0,1,0,0,0,0,1,0
"Zotu3138",0,0,0,0,0,0,0,0,0,0,0,0,0,0,0,0,0,0,0,0,0,0,0,0,0,0,0,0,0,0,0,0,0,0,1,0,0,1,0,46,1,0,0,0,1,1,0,0,0,0,1,2,0,0,0,0,0,0,1,0,2,0
"Zotu4200",0,0,0,0,0,0,0,0,0,0,0,0,0,0,0,0,0,0,0,0,0,0,0,0,0,0,0,0,0,0,0,0,0,0,1,1,1,0,0,0,0,1,0,0,0,0,0,0,0,0,1,0,0,0,0,0,0,0,21,16,0,0
"Zotu1844",0,0,0,0,0,0,0,0,0,0,0,0,0,0,0,0,0,0,0,0,0,0,0,0,0,0,0,0,0,0,0,0,0,0,1,0,0,1,1,1,1,0,1,0,1,80,50,11,0,1,4,1,0,0,0,0,0,0,0,0,0,0
"Zotu1204",0,0,0,0,0,0,0,0,0,0,0,0,0,0,0,0,0,0,0,0,0,0,0,0,0,0,0,0,0,0,0,0,0,0,2,1,0,1,1,0,2,1,4,2,0,3,1,3,0,1,3,5,1,0,0,1,1,0,42,1,101,45
"Zotu2217",0,0,0,0,0,0,0,0,0,0,0,0,0,0,0,0,0,0,0,0,0,0,0,0,0,0,0,0,0,0,0,0,0,0,1,0,0,0,1,0,0,0,0,0,0,0,72,0,0,0,0,0,0,0,0,0,0,0,0,0,1,0
"Zotu4227",0,0,0,0,0,0,0,0,0,0,0,0,0,0,0,0,0,0,0,0,0,0,0,0,0,0,0,0,0,0,0,0,0,0,2,0,0,0,0,42,0,1,0,0,0,0,0,0,0,0,0,0,0,0,0,0,0,0,0,0,0,1
"Zotu5761",0,0,0,0,0,0,0,0,0,0,0,0,0,0,0,0,0,0,0,0,0,0,0,0,0,0,0,0,0,0,0,0,0,0,2,1,0,0,0,0,0,0,0,1,0,0,0,0,0,1,1,0,0,0,26,0,0,0,0,0,1,0
"Zotu5291",0,0,0,0,0,0,0,0,0,0,0,0,0,0,0,0,0,0,0,0,0,0,0,0,0,0,0,0,0,0,0,0,0,0,1,0,0,0,0,2,0,38,0,0,0,0,0,0,0,0,0,1,11,0,1,0,0,0,0,0,0,0
"Zotu5454",0,0,0,0,0,0,0,0,0,0,0,0,0,0,0,0,0,0,0,0,0,0,0,0,0,0,0,0,0,0,0,0,0,0,1,0,0,0,0,0,0,0,0,0,0,0,0,0,0,0,0,0,0,0,1,0,7,0,18,0,7,0
"Zotu1934",0,0,0,0,0,0,0,0,0,0,0,0,0,0,0,0,0,0,0,0,0,0,0,0,0,0,0,0,0,0,0,0,0,0,2,1,1,1,0,1,2,0,1,0,3,1,0,0,1,0,0,0,0,0,0,118,11,1,2,2,2,0
"Zotu2206",0,0,0,0,0,0,0,0,0,0,0,0,0,0,0,0,0,0,0,0,0,0,0,0,0,0,0,0,0,0,0,0,0,0,1,0,0,0,0,0,0,0,2,1,0,1,0,0,0,0,0,0,0,0,0,0,1,72,0,0,1,1
"Zotu2402",0,0,0,0,0,0,0,0,0,0,0,0,0,0,0,0,0,0,0,0,0,0,0,0,0,0,0,0,0,0,0,0,0,0,2,1,0,0,4,0,0,0,1,1,0,1,0,0,0,1,0,0,0,1,3,57,12,1,20,0,0,1
"Zotu2106",0,0,0,0,0,0,0,0,0,0,0,0,0,0,0,0,0,0,0,0,0,0,0,0,0,0,0,0,0,0,0,0,0,0,1,0,0,0,0,1,1,114,0,0,1,0,0,0,0,1,0,0,0,0,0,0,0,1,0,0,0,1
"Zotu3822",0,0,0,0,0,0,0,0,0,0,0,0,0,0,0,0,0,0,0,0,0,0,0,0,0,0,0,0,0,0,0,0,0,0,1,0,1,0,1,0,1,0,0,0,0,50,0,0,0,0,0,0,0,1,0,0,0,0,0,0,1,0
"Zotu6164",0,0,0,0,0,0,0,0,0,0,0,0,0,0,0,0,0,0,0,0,0,0,0,0,0,0,0,0,0,0,0,0,0,0,1,0,0,0,0,0,0,0,0,31,0,0,0,0,0,0,0,0,0,0,0,0,0,0,0,0,0,0
"Zotu2616",0,0,0,0,0,0,0,0,0,0,0,0,0,0,0,0,0,0,0,0,0,0,0,0,0,0,0,0,0,0,0,0,0,0,1,1,0,1,0,0,0,0,0,0,0,0,0,0,0,0,0,1,1,0,0,0,81,1,0,0,0,0
"Zotu5441",0,0,0,0,0,0,0,0,0,0,0,0,0,0,0,0,0,0,0,0,0,0,0,0,0,0,0,0,0,0,0,0,0,0,1,0,0,0,0,1,0,0,0,0,0,1,0,0,0,0,0,0,0,0,0,35,1,0,0,0,2,0
"Zotu4778",0,0,0,0,0,0,0,0,0,0,0,0,0,0,0,0,0,0,0,0,0,0,0,0,0,0,0,0,0,0,0,0,0,0,1,0,0,0,0,0,0,0,0,0,0,0,0,0,0,0,0,1,0,0,7,18,0,0,0,0,0,0
"Zotu1984",0,0,0,0,0,0,0,0,0,0,0,0,0,0,0,0,0,0,0,0,0,0,0,0,0,0,0,0,0,0,0,0,0,0,1,1,0,1,2,1,1,0,2,0,1,0,0,0,0,1,0,1,0,1,30,11,77,0,15,2,0,0
"Zotu1673",0,0,0,0,0,0,0,0,0,0,0,0,0,0,0,0,0,0,0,0,0,0,0,0,0,0,0,0,0,0,0,0,0,0,1,0,20,16,2,31,0,27,0,0,0,0,2,56,1,0,0,0,0,0,1,0,0,2,0,0,1,2
"Zotu4079",0,0,0,0,0,0,0,0,0,0,0,0,0,0,0,0,0,0,0,0,0,0,0,0,0,0,0,0,0,0,0,0,0,0,1,0,0,0,0,0,0,0,0,44,0,0,0,0,0,0,0,0,0,2,0,0,0,0,0,0,0,0
"Zotu4967",0,0,0,0,0,0,0,0,0,0,0,0,0,0,0,0,0,0,0,0,0,0,0,0,0,0,0,0,0,0,0,0,0,0,1,0,0,0,0,0,0,0,0,1,0,0,0,0,0,0,1,0,0,0,0,0,0,0,31,0,0,0
"Zotu6111",0,0,0,0,0,0,0,0,0,0,0,0,0,0,0,0,0,0,0,0,0,0,0,0,0,0,0,0,0,0,0,0,0,0,1,0,0,0,0,0,0,0,18,0,0,0,0,0,0,0,0,0,0,0,0,0,0,0,0,0,0,0
"Zotu1824",0,0,0,0,0,0,0,0,0,0,0,0,0,0,0,0,0,0,0,0,0,0,0,0,0,0,0,0,0,0,0,0,0,0,1,2,0,1,0,0,0,1,1,1,1,0,1,3,0,0,0,0,0,0,29,8,62,2,44,2,1,0
"Zotu2958",0,0,0,0,0,0,0,0,0,0,0,0,0,0,0,0,0,0,0,0,0,0,0,0,0,0,0,0,0,0,0,0,0,0,1,0,0,0,0,0,0,0,0,1,0,0,0,0,0,0,1,0,0,0,1,0,70,0,0,0,0,0
"Zotu5317",0,0,0,0,0,0,0,0,0,0,0,0,0,0,0,0,0,0,0,0,0,0,0,0,0,0,0,0,0,0,0,0,0,0,1,0,0,0,0,18,0,0,1,0,0,0,0,0,0,0,0,0,0,0,0,0,0,0,0,0,0,0
"Zotu4398",0,0,0,0,0,0,0,0,0,0,0,0,0,0,0,0,0,0,0,0,0,0,0,0,0,0,0,0,0,0,0,0,0,0,1,1,0,1,0,0,0,0,0,0,0,0,0,0,13,0,9,0,2,0,1,2,2,0,0,0,0,0
"Zotu2205",0,0,0,0,0,0,0,0,0,0,0,0,0,0,0,0,0,0,0,0,0,0,0,0,0,0,0,0,0,0,0,0,0,0,1,1,72,1,38,2,2,0,1,2,1,0,0,0,0,0,0,0,0,1,0,0,0,0,0,1,0,0
"Zotu1714",0,0,0,0,0,0,0,0,0,0,0,0,0,0,0,0,0,0,0,0,0,0,0,0,0,0,0,0,0,0,0,0,0,0,1,0,1,225,12,0,1,2,1,1,1,3,1,0,1,1,1,0,1,0,2,0,2,11,1,1,0,4
"Zotu5624",0,0,0,0,0,0,0,0,0,0,0,0,0,0,0,0,0,0,0,0,0,0,0,0,0,0,0,0,0,0,0,0,0,0,1,1,0,0,0,0,0,0,0,0,0,0,0,0,0,0,0,1,0,0,0,0,49,0,0,0,0,0
"Zotu5013",0,0,0,0,0,0,0,0,0,0,0,0,0,0,0,0,0,0,0,0,0,0,0,0,0,0,0,0,0,0,0,0,0,0,2,0,0,1,0,1,1,0,0,0,0,0,1,0,0,0,0,0,0,0,28,10,1,0,1,0,3,1
"Zotu3892",0,0,0,0,0,0,0,0,0,0,0,0,0,0,0,0,0,0,0,0,0,0,0,0,0,0,0,0,0,0,0,0,0,0,1,1,0,0,47,1,0,0,0,1,0,0,0,0,0,0,0,0,0,0,1,0,0,0,0,0,0,0
"Zotu5084",0,0,0,0,0,0,0,0,0,0,0,0,0,0,0,0,0,0,0,0,0,0,0,0,0,0,0,0,0,0,0,0,0,0,1,0,0,0,1,1,0,0,22,0,0,0,0,0,0,2,0,0,0,0,0,0,0,0,0,0,0,0
"Zotu1022",0,0,0,0,0,0,0,0,0,0,0,0,0,0,0,0,0,0,0,0,0,0,0,0,0,0,0,0,0,0,0,0,0,0,1,1,0,3,0,1,0,0,0,1,0,2,0,56,0,237,0,1,0,0,1,0,1,0,2,9,0,0
"Zotu3564",0,0,0,0,0,0,0,0,0,0,0,0,0,0,0,0,0,0,0,0,0,0,0,0,0,0,0,0,0,0,0,0,0,0,1,1,0,0,1,1,0,0,0,42,0,0,1,1,0,0,0,0,1,0,0,0,0,0,0,1,0,1
"Zotu3854",0,0,0,0,0,0,0,0,0,0,0,0,0,0,0,0,0,0,0,0,0,0,0,0,0,0,0,0,0,0,0,0,0,0,1,0,0,0,0,55,0,0,2,0,1,0,1,0,0,0,0,1,0,0,10,0,0,0,0,0,0,0
"Zotu5504",0,0,0,0,0,0,0,0,0,0,0,0,0,0,0,0,0,0,0,0,0,0,0,0,0,0,0,0,0,0,0,0,0,0,1,0,0,0,0,0,0,0,0,0,0,0,0,0,0,0,0,0,0,0,0,9,20,0,0,0,0,0
"Zotu2625",0,0,0,0,0,0,0,0,0,0,0,0,0,0,0,0,0,0,0,0,0,0,0,0,0,0,0,0,0,0,0,0,0,0,1,0,0,1,0,0,0,0,1,1,0,68,0,0,0,0,0,0,0,0,0,1,0,0,0,0,12,0
"Zotu3274",0,0,0,0,0,0,0,0,0,0,0,0,0,0,0,0,0,0,0,0,0,0,0,0,0,0,0,0,0,0,0,0,0,0,1,0,0,0,0,0,0,0,0,52,0,0,0,0,1,0,0,1,0,1,0,0,1,0,1,0,0,0
"Zotu1717",0,0,0,0,0,0,0,0,0,0,0,0,0,0,0,0,0,0,0,0,0,0,0,0,0,0,0,0,0,0,0,0,0,0,1,1,0,0,0,1,1,0,0,3,3,0,0,1,0,0,1,1,0,142,1,0,1,0,0,0,0,0
"Zotu1903",0,0,0,0,0,0,0,0,0,0,0,0,0,0,0,0,0,0,0,0,0,0,0,0,0,0,0,0,0,0,0,0,0,0,1,1,0,0,0,1,0,1,1,0,77,0,0,0,0,0,0,1,30,1,1,1,0,0,0,1,1,6
"Zotu5941",0,0,0,0,0,0,0,0,0,0,0,0,0,0,0,0,0,0,0,0,0,0,0,0,0,0,0,0,0,0,0,0,0,0,1,0,0,0,0,0,0,1,0,0,0,0,0,0,0,0,0,0,0,0,0,0,0,18,0,0,0,0
"Zotu6173",0,0,0,0,0,0,0,0,0,0,0,0,0,0,0,0,0,0,0,0,0,0,0,0,0,0,0,0,0,0,0,0,0,0,1,0,0,0,0,0,0,0,0,0,18,0,0,0,0,0,0,0,0,0,0,0,0,0,0,0,0,0
"Zotu2297",0,0,0,0,0,0,0,0,0,0,0,0,0,0,0,0,0,0,0,0,0,0,0,0,0,0,0,0,0,0,0,0,0,0,1,0,0,0,0,1,0,1,2,6,1,1,0,2,0,0,0,0,0,1,0,1,0,0,79,1,0,0
"Zotu4822",0,0,0,0,0,0,0,0,0,0,0,0,0,0,0,0,0,0,0,0,0,0,0,0,0,0,0,0,0,0,0,0,0,0,2,0,0,0,0,0,0,0,0,0,0,0,0,0,0,0,0,0,0,0,39,0,1,0,0,0,0,0
"Zotu4466",0,0,0,0,0,0,0,0,0,0,0,0,0,0,0,0,0,0,0,0,0,0,0,0,0,0,0,0,0,0,0,0,0,0,1,0,0,1,0,0,0,2,0,0,0,0,0,0,0,0,1,0,0,0,0,0,0,1,0,0,26,0
"Zotu4084",0,0,0,0,0,0,0,0,0,0,0,0,0,0,0,0,0,0,0,0,0,0,0,0,0,0,0,0,0,0,0,0,0,0,1,0,0,0,1,0,0,0,0,38,0,0,0,0,0,0,0,0,0,0,0,0,1,0,0,0,0,0
"Zotu3683",0,0,0,0,0,0,0,0,0,0,0,0,0,0,0,0,0,0,0,0,0,0,0,0,0,0,0,0,0,0,0,0,0,0,1,0,0,1,2,0,0,0,0,0,1,0,0,0,0,0,1,0,0,0,0,1,0,0,0,0,30,10
"Zotu1791",0,0,0,0,0,0,0,0,0,0,0,0,0,0,0,0,0,0,0,0,0,0,0,0,0,0,0,0,0,0,0,0,0,0,1,1,0,0,3,0,1,0,0,0,1,1,0,1,0,166,0,2,0,0,0,0,0,1,1,0,1,0
"Zotu1084",0,0,0,0,0,0,0,0,0,0,0,0,0,0,0,0,0,0,0,0,0,0,0,0,0,0,0,0,0,0,0,0,0,0,1,0,0,0,0,0,1,0,0,0,0,1,1,0,210,0,0,0,0,0,0,0,0,0,0,1,0,0
"Zotu4844",0,0,0,0,0,0,0,0,0,0,0,0,0,0,0,0,0,0,0,0,0,0,0,0,0,0,0,0,0,0,0,0,0,0,1,0,0,0,0,0,0,0,0,0,0,0,0,1,0,0,0,0,0,0,0,32,0,0,0,1,1,0
"Zotu5874",0,0,0,0,0,0,0,0,0,0,0,0,0,0,0,0,0,0,0,0,0,0,0,0,0,0,0,0,0,0,0,0,0,0,1,0,0,0,0,0,0,0,0,1,0,2,0,0,0,0,0,0,0,0,0,25,0,0,0,0,0,0
"Zotu5358",0,0,0,0,0,0,0,0,0,0,0,0,0,0,0,0,0,0,0,0,0,0,0,0,0,0,0,0,0,0,0,0,0,0,1,0,1,9,0,0,0,0,0,0,0,0,0,0,0,1,0,0,0,0,7,26,0,0,0,1,0,0
"Zotu4069",0,0,0,0,0,0,0,0,0,0,0,0,0,0,0,0,0,0,0,0,0,0,0,0,0,0,0,0,0,0,0,0,0,0,1,0,1,27,1,0,0,0,1,0,0,0,0,0,0,0,0,1,0,0,0,10,0,0,0,0,0,0
"Zotu3812",0,0,0,0,0,0,0,0,0,0,0,0,0,0,0,0,0,0,0,0,0,0,0,0,0,0,0,0,0,0,0,0,0,0,1,0,0,0,0,0,1,0,0,0,0,43,0,0,0,0,0,0,0,0,0,0,0,0,0,0,0,0
"Zotu4308",0,0,0,0,0,0,0,0,0,0,0,0,0,0,0,0,0,0,0,0,0,0,0,0,0,0,0,0,0,0,0,0,0,0,1,0,52,0,0,1,0,0,0,0,0,0,0,0,0,0,0,0,0,0,1,0,0,0,0,0,0,0
"Zotu1345",0,0,0,0,0,0,0,0,0,0,0,0,0,0,0,0,0,0,0,0,0,0,0,0,0,0,0,0,0,0,0,0,0,0,1,0,0,0,1,0,217,0,0,0,0,0,2,1,0,0,0,0,1,1,0,1,0,0,0,1,1,1
"Zotu2872",0,0,0,0,0,0,0,0,0,0,0,0,0,0,0,0,0,0,0,0,0,0,0,0,0,0,0,0,0,0,0,0,0,0,1,0,0,0,0,0,0,0,0,0,0,0,0,0,1,88,0,0,0,0,0,0,0,0,0,1,0,1
"Zotu5507",0,0,0,0,0,0,0,0,0,0,0,0,0,0,0,0,0,0,0,0,0,0,0,0,0,0,0,0,0,0,0,0,0,0,1,0,0,0,0,0,0,0,1,0,0,0,0,0,0,0,0,0,0,0,1,0,36,0,0,0,0,0
"Zotu2978",0,0,0,0,0,0,0,0,0,0,0,0,0,0,0,0,0,0,0,0,0,0,0,0,0,0,0,0,0,0,0,0,0,0,0,62,0,0,0,0,0,0,0,0,1,0,0,0,0,0,1,0,0,0,0,0,0,0,0,0,0,0
"Zotu2869",0,0,0,0,0,0,0,0,0,0,0,0,0,0,0,0,0,0,0,0,0,0,0,0,0,0,0,0,0,0,0,0,0,0,0,77,0,0,0,0,0,0,0,0,0,0,0,0,0,0,0,0,0,0,0,0,1,0,0,0,0,0
"Zotu4550",0,0,0,0,0,0,0,0,0,0,0,0,0,0,0,0,0,0,0,0,0,0,0,0,0,0,0,0,0,0,0,0,0,0,0,34,0,0,0,0,0,0,0,0,0,0,0,0,0,0,0,0,1,0,0,0,0,1,0,0,0,1
"Zotu4684",0,0,0,0,0,0,0,0,0,0,0,0,0,0,0,0,0,0,0,0,0,0,0,0,0,0,0,0,0,0,0,0,0,0,0,1,1,0,1,0,0,0,0,0,0,0,0,0,0,2,0,0,0,0,0,1,24,0,0,1,0,0
"Zotu1043",0,0,0,0,0,0,0,0,0,0,0,0,0,0,0,0,0,0,0,0,0,0,0,0,0,0,0,0,0,0,0,0,0,0,0,357,0,0,0,0,1,0,0,0,0,0,0,0,0,0,0,0,0,0,0,0,0,0,1,0,0,0
"Zotu3851",0,0,0,0,0,0,0,0,0,0,0,0,0,0,0,0,0,0,0,0,0,0,0,0,0,0,0,0,0,0,0,0,0,0,0,40,0,0,0,0,0,0,0,0,0,0,0,1,0,0,0,0,1,0,0,0,0,0,0,0,1,0
"Zotu3579",0,0,0,0,0,0,0,0,0,0,0,0,0,0,0,0,0,0,0,0,0,0,0,0,0,0,0,0,0,0,0,0,0,0,0,64,0,0,0,0,0,0,0,0,0,0,0,0,0,0,0,0,0,0,0,0,0,0,0,0,0,0
"Zotu1265",0,0,0,0,0,0,0,0,0,0,0,0,0,0,0,0,0,0,0,0,0,0,0,0,0,0,0,0,0,0,0,0,0,0,0,243,0,0,0,0,0,0,0,0,0,0,0,0,0,0,0,0,0,0,0,0,0,0,0,0,0,0
"Zotu1530",0,0,0,0,0,0,0,0,0,0,0,0,0,0,0,0,0,0,0,0,0,0,0,0,0,0,0,0,0,0,0,0,0,0,0,141,0,1,0,2,0,0,0,0,0,0,0,0,0,0,0,0,1,1,0,0,0,1,0,0,0,0
"Zotu5659",0,0,0,0,0,0,0,0,0,0,0,0,0,0,0,0,0,0,0,0,0,0,0,0,0,0,0,0,0,0,0,0,0,0,0,52,0,0,0,0,0,0,0,0,0,0,0,0,0,0,0,0,0,0,0,0,0,1,0,0,0,0
"Zotu3224",0,0,0,0,0,0,0,0,0,0,0,0,0,0,0,0,0,0,0,0,0,0,0,0,0,0,0,0,0,0,0,0,0,0,0,83,0,0,0,0,0,0,0,0,0,1,0,0,0,0,0,0,0,0,0,0,0,0,0,0,0,0
"Zotu2786",0,0,0,0,0,0,0,0,0,0,0,0,0,0,0,0,0,0,0,0,0,0,0,0,0,0,0,0,0,0,0,0,0,0,0,1,0,0,0,0,0,0,0,2,1,0,0,1,0,0,0,0,1,0,2,0,31,0,30,0,0,0
"Zotu3594",0,0,0,0,0,0,0,0,0,0,0,0,0,0,0,0,0,0,0,0,0,0,0,0,0,0,0,0,0,0,0,0,0,0,0,34,1,0,0,2,0,0,0,0,0,1,0,1,0,0,0,0,0,1,0,0,0,0,0,0,0,0
"Zotu1975",0,0,0,0,0,0,0,0,0,0,0,0,0,0,0,0,0,0,0,0,0,0,0,0,0,0,0,0,0,0,0,0,0,0,0,124,0,0,0,0,0,0,1,0,0,1,0,0,0,0,0,0,0,0,0,0,1,0,0,0,0,0
"Zotu3659",0,0,0,0,0,0,0,0,0,0,0,0,0,0,0,0,0,0,0,0,0,0,0,0,0,0,0,0,0,0,0,0,0,0,0,1,0,0,0,0,0,41,0,1,0,0,0,0,0,0,0,0,0,8,0,0,1,0,0,0,0,0
"Zotu5419",0,0,0,0,0,0,0,0,0,0,0,0,0,0,0,0,0,0,0,0,0,0,0,0,0,0,0,0,0,0,0,0,0,0,0,13,0,0,0,0,0,0,0,0,0,0,0,0,0,0,0,0,0,0,0,0,0,0,0,0,0,0
"Zotu3547",0,0,0,0,0,0,0,0,0,0,0,0,0,0,0,0,0,0,0,0,0,0,0,0,0,0,0,0,0,0,0,0,0,0,0,2,0,0,0,1,0,0,1,0,1,0,0,0,0,0,1,0,18,1,1,3,10,0,0,1,1,1
"Zotu4073",0,0,0,0,0,0,0,0,0,0,0,0,0,0,0,0,0,0,0,0,0,0,0,0,0,0,0,0,0,0,0,0,0,0,0,3,0,0,1,0,0,0,0,1,1,1,0,1,0,0,0,0,0,0,0,0,1,0,0,18,18,3
"Zotu5728",0,0,0,0,0,0,0,0,0,0,0,0,0,0,0,0,0,0,0,0,0,0,0,0,0,0,0,0,0,0,0,0,0,0,0,1,0,0,0,0,0,1,0,0,0,0,0,0,0,0,0,0,0,0,0,0,18,0,0,0,0,0
"Zotu4625",0,0,0,0,0,0,0,0,0,0,0,0,0,0,0,0,0,0,0,0,0,0,0,0,0,0,0,0,0,0,0,0,0,0,0,1,0,0,0,1,0,0,0,3,0,0,0,0,0,0,1,0,0,0,55,11,0,1,2,0,0,0
"Zotu4174",0,0,0,0,0,0,0,0,0,0,0,0,0,0,0,0,0,0,0,0,0,0,0,0,0,0,0,0,0,0,0,0,0,0,0,3,0,27,1,0,0,1,0,1,0,0,1,0,0,0,0,0,1,0,0,0,1,0,0,0,0,0
"Zotu4686",0,0,0,0,0,0,0,0,0,0,0,0,0,0,0,0,0,0,0,0,0,0,0,0,0,0,0,0,0,0,0,0,0,0,0,1,1,0,0,0,0,0,0,0,1,0,0,0,0,0,0,0,0,0,0,0,31,0,0,0,0,0
"Zotu2661",0,0,0,0,0,0,0,0,0,0,0,0,0,0,0,0,0,0,0,0,0,0,0,0,0,0,0,0,0,0,0,0,0,0,0,3,0,0,0,0,0,3,1,0,2,0,3,1,0,0,1,1,0,0,10,37,34,0,1,0,1,0
"Zotu4673",0,0,0,0,0,0,0,0,0,0,0,0,0,0,0,0,0,0,0,0,0,0,0,0,0,0,0,0,0,0,0,0,0,0,0,1,0,1,0,0,0,1,0,0,0,0,0,0,0,0,1,1,0,0,0,0,0,0,0,38,0,1
"Zotu3056",0,0,0,0,0,0,0,0,0,0,0,0,0,0,0,0,0,0,0,0,0,0,0,0,0,0,0,0,0,0,0,0,0,0,0,1,0,0,0,0,0,0,0,0,0,0,0,0,0,0,0,0,0,0,1,0,1,0,35,22,0,0
"Zotu2728",0,0,0,0,0,0,0,0,0,0,0,0,0,0,0,0,0,0,0,0,0,0,0,0,0,0,0,0,0,0,0,0,0,0,0,1,0,0,0,3,0,0,0,0,41,2,0,1,0,1,0,4,0,0,0,0,1,0,0,0,0,8
"Zotu3771",0,0,0,0,0,0,0,0,0,0,0,0,0,0,0,0,0,0,0,0,0,0,0,0,0,0,0,0,0,0,0,0,0,0,0,1,0,0,1,0,0,0,0,0,0,0,0,0,0,0,0,1,1,0,6,0,0,0,0,39,0,0
"Zotu4242",0,0,0,0,0,0,0,0,0,0,0,0,0,0,0,0,0,0,0,0,0,0,0,0,0,0,0,0,0,0,0,0,0,0,0,1,0,1,0,0,0,0,0,0,0,0,0,0,1,0,0,0,20,0,0,0,0,1,1,1,0,0
"Zotu4282",0,0,0,0,0,0,0,0,0,0,0,0,0,0,0,0,0,0,0,0,0,0,0,0,0,0,0,0,0,0,0,0,0,0,0,1,0,0,0,0,0,0,0,0,0,0,0,0,0,0,1,4,0,0,0,0,0,0,0,0,21,0
"Zotu3871",0,0,0,0,0,0,0,0,0,0,0,0,0,0,0,0,0,0,0,0,0,0,0,0,0,0,0,0,0,0,0,0,0,0,0,2,0,0,0,0,0,0,0,1,0,0,0,0,0,1,0,1,0,0,1,10,0,0,32,0,0,0
"Zotu5348",0,0,0,0,0,0,0,0,0,0,0,0,0,0,0,0,0,0,0,0,0,0,0,0,0,0,0,0,0,0,0,0,0,0,0,1,0,0,0,0,0,0,0,0,0,0,0,0,0,0,0,3,0,0,0,0,0,0,22,0,0,0
"Zotu4348",0,0,0,0,0,0,0,0,0,0,0,0,0,0,0,0,0,0,0,0,0,0,0,0,0,0,0,0,0,0,0,0,0,0,0,1,0,0,0,0,0,0,0,0,0,0,0,0,0,1,0,0,0,0,0,0,28,0,0,0,0,0
"Zotu5194",0,0,0,0,0,0,0,0,0,0,0,0,0,0,0,0,0,0,0,0,0,0,0,0,0,0,0,0,0,0,0,0,0,0,0,1,0,0,0,0,0,0,0,0,0,27,0,0,0,0,0,0,0,0,0,0,1,1,1,0,1,0
"Zotu4998",0,0,0,0,0,0,0,0,0,0,0,0,0,0,0,0,0,0,0,0,0,0,0,0,0,0,0,0,0,0,0,0,0,0,0,1,0,0,0,0,0,0,0,32,0,0,0,0,0,0,0,0,0,0,0,1,0,0,1,0,0,0
"Zotu2748",0,0,0,0,0,0,0,0,0,0,0,0,0,0,0,0,0,0,0,0,0,0,0,0,0,0,0,0,0,0,0,0,0,0,0,2,0,0,0,0,0,0,0,0,0,0,0,0,0,0,0,0,0,0,1,0,0,0,93,0,0,0
"Zotu2523",0,0,0,0,0,0,0,0,0,0,0,0,0,0,0,0,0,0,0,0,0,0,0,0,0,0,0,0,0,0,0,0,0,0,0,1,0,0,2,1,0,0,0,0,1,3,0,1,0,0,0,2,0,0,0,1,0,0,28,1,34,16
"Zotu3013",0,0,0,0,0,0,0,0,0,0,0,0,0,0,0,0,0,0,0,0,0,0,0,0,0,0,0,0,0,0,0,0,0,0,0,4,0,0,0,0,0,0,0,0,0,0,0,1,0,0,1,0,0,0,0,0,0,65,0,0,0,0
"Zotu6185",0,0,0,0,0,0,0,0,0,0,0,0,0,0,0,0,0,0,0,0,0,0,0,0,0,0,0,0,0,0,0,0,0,0,0,2,0,1,1,0,0,0,0,0,0,0,0,0,0,0,0,13,1,1,0,0,0,0,0,0,0,0
"Zotu3635",0,0,0,0,0,0,0,0,0,0,0,0,0,0,0,0,0,0,0,0,0,0,0,0,0,0,0,0,0,0,0,0,0,0,0,2,0,0,0,0,0,0,0,2,0,1,66,0,0,0,1,0,0,0,0,0,0,0,2,0,0,1
"Zotu2263",0,0,0,0,0,0,0,0,0,0,0,0,0,0,0,0,0,0,0,0,0,0,0,0,0,0,0,0,0,0,0,0,0,0,0,4,1,0,0,0,1,0,0,1,0,0,0,2,0,0,0,0,1,0,0,0,2,47,13,30,3,0
"Zotu2401",0,0,0,0,0,0,0,0,0,0,0,0,0,0,0,0,0,0,0,0,0,0,0,0,0,0,0,0,0,0,0,0,0,0,0,1,77,1,1,0,0,1,1,4,2,0,0,0,0,2,0,0,1,2,0,0,1,0,1,1,2,0
"Zotu3903",0,0,0,0,0,0,0,0,0,0,0,0,0,0,0,0,0,0,0,0,0,0,0,0,0,0,0,0,0,0,0,0,0,0,0,2,0,0,0,0,0,0,0,0,0,0,0,0,0,0,1,0,0,0,0,12,36,0,0,0,0,0
"Zotu2218",0,0,0,0,0,0,0,0,0,0,0,0,0,0,0,0,0,0,0,0,0,0,0,0,0,0,0,0,0,0,0,0,0,0,0,1,0,0,1,2,1,2,0,1,0,0,0,0,0,0,0,0,1,0,2,6,0,81,7,1,0,0
"Zotu5493",0,0,0,0,0,0,0,0,0,0,0,0,0,0,0,0,0,0,0,0,0,0,0,0,0,0,0,0,0,0,0,0,0,0,0,1,26,0,0,0,0,0,0,0,0,0,0,0,0,0,0,0,0,0,0,0,0,0,0,0,0,0
"Zotu2557",0,0,0,0,0,0,0,0,0,0,0,0,0,0,0,0,0,0,0,0,0,0,0,0,0,0,0,0,0,0,0,0,0,0,0,1,0,0,0,0,0,0,91,1,0,0,0,1,0,0,0,0,1,0,0,0,0,0,0,0,0,1
"Zotu5798",0,0,0,0,0,0,0,0,0,0,0,0,0,0,0,0,0,0,0,0,0,0,0,0,0,0,0,0,0,0,0,0,0,0,0,1,0,0,0,0,0,0,0,1,0,0,0,0,0,0,0,0,0,0,0,1,0,0,6,0,20,0
"Zotu3185",0,0,0,0,0,0,0,0,0,0,0,0,0,0,0,0,0,0,0,0,0,0,0,0,0,0,0,0,0,0,0,0,0,0,0,1,0,0,0,1,0,0,0,0,38,0,0,0,1,0,0,0,0,0,0,0,0,0,0,0,5,15
"Zotu3221",0,0,0,0,0,0,0,0,0,0,0,0,0,0,0,0,0,0,0,0,0,0,0,0,0,0,0,0,0,0,0,0,0,0,0,1,0,1,0,0,0,0,50,0,0,0,0,0,0,0,0,0,0,0,1,0,0,0,0,0,0,0
"Zotu3398",0,0,0,0,0,0,0,0,0,0,0,0,0,0,0,0,0,0,0,0,0,0,0,0,0,0,0,0,0,0,0,0,0,0,0,2,0,2,0,0,0,0,0,0,0,1,0,0,0,0,0,0,0,0,1,0,0,0,0,1,48,0
"Zotu4639",0,0,0,0,0,0,0,0,0,0,0,0,0,0,0,0,0,0,0,0,0,0,0,0,0,0,0,0,0,0,0,0,0,0,0,1,0,0,0,0,0,0,0,0,0,0,0,0,0,0,1,0,0,0,0,0,0,0,0,34,0,0
"Zotu1733",0,0,0,0,0,0,0,0,0,0,0,0,0,0,0,0,0,0,0,0,0,0,0,0,0,0,0,0,0,0,0,0,0,0,0,2,1,1,0,1,2,2,0,2,1,0,0,3,1,0,1,1,1,0,0,0,43,1,81,1,0,1
"Zotu3612",0,0,0,0,0,0,0,0,0,0,0,0,0,0,0,0,0,0,0,0,0,0,0,0,0,0,0,0,0,0,0,0,0,0,0,1,0,1,0,0,0,0,0,0,0,0,1,1,1,2,0,0,0,0,0,0,0,0,0,20,23,0
"Zotu4961",0,0,0,0,0,0,0,0,0,0,0,0,0,0,0,0,0,0,0,0,0,0,0,0,0,0,0,0,0,0,0,0,0,0,0,1,0,0,0,0,0,0,1,0,0,0,0,0,0,0,0,0,0,1,0,0,28,0,0,0,1,0
"Zotu2983",0,0,0,0,0,0,0,0,0,0,0,0,0,0,0,0,0,0,0,0,0,0,0,0,0,0,0,0,0,0,0,0,0,0,0,1,0,0,0,0,0,0,0,1,0,0,0,0,0,1,0,0,0,0,0,75,0,0,0,0,1,0
"Zotu1489",0,0,0,0,0,0,0,0,0,0,0,0,0,0,0,0,0,0,0,0,0,0,0,0,0,0,0,0,0,0,0,0,0,0,0,1,0,1,1,1,2,1,1,0,2,150,0,0,0,0,1,0,0,0,0,0,1,0,0,2,0,1
"Zotu5788",0,0,0,0,0,0,0,0,0,0,0,0,0,0,0,0,0,0,0,0,0,0,0,0,0,0,0,0,0,0,0,0,0,0,0,1,0,0,0,0,0,0,1,1,0,1,0,0,0,0,0,0,0,0,0,0,23,0,1,0,0,0
"Zotu4007",0,0,0,0,0,0,0,0,0,0,0,0,0,0,0,0,0,0,0,0,0,0,0,0,0,0,0,0,0,0,0,0,0,0,0,2,0,0,0,0,0,0,0,43,0,0,0,1,1,0,0,0,0,0,0,0,2,0,0,0,0,0
"Zotu4623",0,0,0,0,0,0,0,0,0,0,0,0,0,0,0,0,0,0,0,0,0,0,0,0,0,0,0,0,0,0,0,0,0,0,0,1,0,0,1,0,0,0,2,0,0,0,0,0,0,0,0,0,0,0,0,42,0,0,0,0,0,0
"Zotu1833",0,0,0,0,0,0,0,0,0,0,0,0,0,0,0,0,0,0,0,0,0,0,0,0,0,0,0,0,0,0,0,0,0,0,0,1,0,0,0,1,2,3,1,0,1,1,0,0,1,0,0,1,0,0,1,47,11,57,0,1,4,0
"Zotu5737",0,0,0,0,0,0,0,0,0,0,0,0,0,0,0,0,0,0,0,0,0,0,0,0,0,0,0,0,0,0,0,0,0,0,0,1,0,0,0,0,0,0,0,0,0,0,0,0,0,0,0,0,0,0,0,0,0,0,24,0,0,0
"Zotu3423",0,0,0,0,0,0,0,0,0,0,0,0,0,0,0,0,0,0,0,0,0,0,0,0,0,0,0,0,0,0,0,0,0,0,0,1,0,0,0,1,0,0,0,1,0,0,3,0,0,0,1,0,0,0,0,0,1,0,1,0,34,33
"Zotu3938",0,0,0,0,0,0,0,0,0,0,0,0,0,0,0,0,0,0,0,0,0,0,0,0,0,0,0,0,0,0,0,0,0,0,0,1,0,0,0,0,1,0,1,0,0,1,0,0,53,0,0,0,0,1,0,0,0,0,1,0,12,0
"Zotu1074",0,0,0,0,0,0,0,0,0,0,0,0,0,0,0,0,0,0,0,0,0,0,0,0,0,0,0,0,0,0,0,0,0,0,0,1,1,0,0,1,1,0,0,1,0,2,1,120,0,1,0,1,1,0,5,2,0,0,59,97,0,0
"Zotu1829",0,0,0,0,0,0,0,0,0,0,0,0,0,0,0,0,0,0,0,0,0,0,0,0,0,0,0,0,0,0,0,0,0,0,0,1,0,0,1,0,0,0,1,0,0,0,0,0,0,0,2,0,0,0,0,0,167,1,0,0,0,0
"Zotu2288",0,0,0,0,0,0,0,0,0,0,0,0,0,0,0,0,0,0,0,0,0,0,0,0,0,0,0,0,0,0,0,0,0,0,0,1,0,1,0,1,0,0,0,1,1,0,1,0,1,0,0,6,49,54,0,1,0,0,0,0,0,0
"Zotu5010",0,0,0,0,0,0,0,0,0,0,0,0,0,0,0,0,0,0,0,0,0,0,0,0,0,0,0,0,0,0,0,0,0,0,0,1,0,0,0,0,0,0,0,0,0,0,0,0,0,0,0,0,0,0,7,0,23,0,0,0,0,0
"Zotu4867",0,0,0,0,0,0,0,0,0,0,0,0,0,0,0,0,0,0,0,0,0,0,0,0,0,0,0,0,0,0,0,0,0,0,0,1,0,0,0,0,0,0,0,1,0,0,0,0,0,0,0,0,0,0,1,1,43,0,0,0,1,0
"Zotu5063",0,0,0,0,0,0,0,0,0,0,0,0,0,0,0,0,0,0,0,0,0,0,0,0,0,0,0,0,0,0,0,0,0,0,0,1,0,0,0,0,1,0,0,0,0,0,0,0,0,0,0,0,0,0,10,17,3,0,0,0,0,0
"Zotu6146",0,0,0,0,0,0,0,0,0,0,0,0,0,0,0,0,0,0,0,0,0,0,0,0,0,0,0,0,0,0,0,0,0,0,0,1,0,14,1,1,0,1,0,0,0,0,0,0,0,0,0,0,0,0,0,0,0,0,0,0,0,0
"Zotu2148",0,0,0,0,0,0,0,0,0,0,0,0,0,0,0,0,0,0,0,0,0,0,0,0,0,0,0,0,0,0,0,0,0,0,0,1,0,0,0,0,0,0,0,0,0,0,0,0,1,0,0,0,0,0,2,27,12,107,0,0,0,0
"Zotu4198",0,0,0,0,0,0,0,0,0,0,0,0,0,0,0,0,0,0,0,0,0,0,0,0,0,0,0,0,0,0,0,0,0,0,0,1,1,1,1,0,1,0,1,1,0,0,0,0,0,0,59,0,2,0,0,0,0,0,0,0,2,19
"Zotu4057",0,0,0,0,0,0,0,0,0,0,0,0,0,0,0,0,0,0,0,0,0,0,0,0,0,0,0,0,0,0,0,0,0,0,0,1,0,1,0,0,0,0,0,0,0,0,1,1,1,0,0,0,0,0,0,0,0,0,47,0,1,0
"Zotu2812",0,0,0,0,0,0,0,0,0,0,0,0,0,0,0,0,0,0,0,0,0,0,0,0,0,0,0,0,0,0,0,0,0,0,0,1,0,0,1,0,0,0,0,0,0,0,0,0,0,0,0,0,0,0,0,0,0,0,0,91,0,1
"Zotu5095",0,0,0,0,0,0,0,0,0,0,0,0,0,0,0,0,0,0,0,0,0,0,0,0,0,0,0,0,0,0,0,0,0,0,0,1,0,0,0,0,0,0,0,0,0,0,0,0,0,1,0,0,0,0,4,16,8,0,0,0,0,1
"Zotu2679",0,0,0,0,0,0,0,0,0,0,0,0,0,0,0,0,0,0,0,0,0,0,0,0,0,0,0,0,0,0,0,0,0,0,0,1,0,1,0,1,0,0,0,0,0,0,0,0,0,0,66,0,0,0,0,0,0,2,0,1,0,0
"Zotu5679",0,0,0,0,0,0,0,0,0,0,0,0,0,0,0,0,0,0,0,0,0,0,0,0,0,0,0,0,0,0,0,0,0,0,0,1,0,0,0,0,0,0,0,0,0,1,0,0,23,0,0,0,0,0,0,0,0,0,0,0,0,0
"Zotu4599",0,0,0,0,0,0,0,0,0,0,0,0,0,0,0,0,0,0,0,0,0,0,0,0,0,0,0,0,0,0,0,0,0,0,0,1,1,0,0,3,0,0,0,0,0,0,0,0,0,1,0,0,0,0,24,0,0,0,1,0,0,0
"Zotu2517",0,0,0,0,0,0,0,0,0,0,0,0,0,0,0,0,0,0,0,0,0,0,0,0,0,0,0,0,0,0,0,0,0,0,0,1,66,0,0,0,0,0,0,0,0,0,0,0,0,0,0,0,0,0,0,0,0,1,0,0,0,0
"Zotu6373",0,0,0,0,0,0,0,0,0,0,0,0,0,0,0,0,0,0,0,0,0,0,0,0,0,0,0,0,0,0,0,0,0,0,0,1,0,0,0,0,0,0,0,42,0,0,1,0,0,0,0,0,0,0,0,2,0,0,0,0,0,0
"Zotu4654",0,0,0,0,0,0,0,0,0,0,0,0,0,0,0,0,0,0,0,0,0,0,0,0,0,0,0,0,0,0,0,0,0,0,0,1,0,1,0,0,0,0,0,28,0,0,0,0,0,0,0,0,0,0,0,0,0,0,0,0,0,0
"Zotu4501",0,0,0,0,0,0,0,0,0,0,0,0,0,0,0,0,0,0,0,0,0,0,0,0,0,0,0,0,0,0,0,0,0,0,0,1,0,1,0,22,0,0,0,0,0,0,0,1,0,0,19,1,0,0,0,0,1,0,5,2,0,0
"Zotu4893",0,0,0,0,0,0,0,0,0,0,0,0,0,0,0,0,0,0,0,0,0,0,0,0,0,0,0,0,0,0,0,0,0,0,0,1,0,0,43,0,0,0,0,0,0,0,0,0,1,0,0,0,0,0,2,0,1,0,0,0,0,0
"Zotu1376",0,0,0,0,0,0,0,0,0,0,0,0,0,0,0,0,0,0,0,0,0,0,0,0,0,0,0,0,0,0,0,0,0,0,0,1,1,0,1,0,0,0,0,1,0,0,0,0,0,0,0,0,0,0,18,36,0,132,23,0,0,1
"Zotu4803",0,0,0,0,0,0,0,0,0,0,0,0,0,0,0,0,0,0,0,0,0,0,0,0,0,0,0,0,0,0,0,0,0,0,0,1,0,0,0,1,0,0,0,0,0,0,0,1,0,0,0,0,0,0,24,8,1,0,0,0,0,0
"Zotu3054",0,0,0,0,0,0,0,0,0,0,0,0,0,0,0,0,0,0,0,0,0,0,0,0,0,0,0,0,0,0,0,0,0,0,0,1,0,0,0,1,0,0,0,0,0,1,0,1,0,0,0,3,0,0,15,20,38,0,0,0,0,0
"Zotu5428",0,0,0,0,0,0,0,0,0,0,0,0,0,0,0,0,0,0,0,0,0,0,0,0,0,0,0,0,0,0,0,0,0,0,0,0,29,0,0,1,1,0,0,0,0,0,0,0,0,0,0,0,0,0,0,0,0,0,0,0,0,0
"Zotu3441",0,0,0,0,0,0,0,0,0,0,0,0,0,0,0,0,0,0,0,0,0,0,0,0,0,0,0,0,0,0,0,0,0,0,0,0,6,1,0,0,1,2,0,0,2,0,0,1,0,0,0,0,0,0,16,39,1,1,1,1,2,1
"Zotu4117",0,0,0,0,0,0,0,0,0,0,0,0,0,0,0,0,0,0,0,0,0,0,0,0,0,0,0,0,0,0,0,0,0,0,0,0,27,0,0,0,0,14,0,0,0,0,0,0,0,1,0,0,0,0,0,0,0,0,0,0,0,0
"Zotu3933",0,0,0,0,0,0,0,0,0,0,0,0,0,0,0,0,0,0,0,0,0,0,0,0,0,0,0,0,0,0,0,0,0,0,0,0,54,0,0,0,0,1,0,0,0,0,0,0,0,0,0,0,0,0,0,0,0,0,0,0,0,0
"Zotu4205",0,0,0,0,0,0,0,0,0,0,0,0,0,0,0,0,0,0,0,0,0,0,0,0,0,0,0,0,0,0,0,0,0,0,0,0,38,0,0,0,0,1,0,0,0,0,0,0,1,1,0,0,0,0,0,0,0,0,2,1,0,0
"Zotu3511",0,0,0,0,0,0,0,0,0,0,0,0,0,0,0,0,0,0,0,0,0,0,0,0,0,0,0,0,0,0,0,0,0,0,0,0,50,0,0,1,1,0,0,1,0,0,0,0,0,0,0,0,0,0,0,0,1,0,0,2,0,1
"Zotu3419",0,0,0,0,0,0,0,0,0,0,0,0,0,0,0,0,0,0,0,0,0,0,0,0,0,0,0,0,0,0,0,0,0,0,0,0,17,0,1,0,0,0,43,0,1,0,0,0,1,0,0,0,0,0,0,0,1,0,1,0,0,0
"Zotu6334",0,0,0,0,0,0,0,0,0,0,0,0,0,0,0,0,0,0,0,0,0,0,0,0,0,0,0,0,0,0,0,0,0,0,0,0,14,0,0,0,0,0,0,0,0,0,0,0,0,0,0,0,0,0,0,0,0,0,0,0,0,0
"Zotu6029",0,0,0,0,0,0,0,0,0,0,0,0,0,0,0,0,0,0,0,0,0,0,0,0,0,0,0,0,0,0,0,0,0,0,0,0,12,0,1,0,0,0,0,0,0,0,0,0,0,0,0,0,0,0,0,0,0,0,0,0,1,0
"Zotu4740",0,0,0,0,0,0,0,0,0,0,0,0,0,0,0,0,0,0,0,0,0,0,0,0,0,0,0,0,0,0,0,0,0,0,0,0,31,0,0,1,0,0,1,0,0,0,0,0,1,1,1,0,0,0,0,0,2,0,0,0,0,1
"Zotu3537",0,0,0,0,0,0,0,0,0,0,0,0,0,0,0,0,0,0,0,0,0,0,0,0,0,0,0,0,0,0,0,0,0,0,0,0,38,0,0,1,0,0,0,0,0,0,0,0,0,0,0,0,0,0,0,0,0,0,0,0,0,0
"Zotu2670",0,0,0,0,0,0,0,0,0,0,0,0,0,0,0,0,0,0,0,0,0,0,0,0,0,0,0,0,0,0,0,0,0,0,0,0,71,0,0,0,0,0,0,1,0,0,0,0,0,0,0,0,0,0,0,0,0,0,0,0,0,0
"Zotu4633",0,0,0,0,0,0,0,0,0,0,0,0,0,0,0,0,0,0,0,0,0,0,0,0,0,0,0,0,0,0,0,0,0,0,0,0,54,0,0,0,0,0,0,1,0,0,0,0,0,0,0,1,0,0,0,1,0,0,1,0,1,0
"Zotu2509",0,0,0,0,0,0,0,0,0,0,0,0,0,0,0,0,0,0,0,0,0,0,0,0,0,0,0,0,0,0,0,0,0,0,0,0,36,0,0,0,0,0,1,14,0,0,0,0,0,0,0,1,0,0,0,0,0,0,1,0,82,0
"Zotu4662",0,0,0,0,0,0,0,0,0,0,0,0,0,0,0,0,0,0,0,0,0,0,0,0,0,0,0,0,0,0,0,0,0,0,0,0,1,0,0,1,0,0,0,0,0,1,1,0,0,0,0,0,0,0,29,1,0,0,0,0,0,0
"Zotu4197",0,0,0,0,0,0,0,0,0,0,0,0,0,0,0,0,0,0,0,0,0,0,0,0,0,0,0,0,0,0,0,0,0,0,0,0,36,0,0,2,0,0,0,0,0,1,0,0,0,0,1,0,0,0,1,0,0,0,0,0,0,0
"Zotu4413",0,0,0,0,0,0,0,0,0,0,0,0,0,0,0,0,0,0,0,0,0,0,0,0,0,0,0,0,0,0,0,0,0,0,0,0,1,0,1,0,0,0,1,0,0,1,0,0,0,0,1,0,0,0,52,4,0,0,0,0,0,0
"Zotu4049",0,0,0,0,0,0,0,0,0,0,0,0,0,0,0,0,0,0,0,0,0,0,0,0,0,0,0,0,0,0,0,0,0,0,0,0,41,0,1,0,0,1,0,0,0,0,0,0,0,0,0,0,0,0,0,0,0,1,0,0,0,0
"Zotu4048",0,0,0,0,0,0,0,0,0,0,0,0,0,0,0,0,0,0,0,0,0,0,0,0,0,0,0,0,0,0,0,0,0,0,0,0,1,0,0,0,0,0,0,0,0,1,0,1,0,0,0,0,1,1,21,0,2,0,15,1,0,1
"Zotu5780",0,0,0,0,0,0,0,0,0,0,0,0,0,0,0,0,0,0,0,0,0,0,0,0,0,0,0,0,0,0,0,0,0,0,0,0,21,0,0,0,1,0,0,0,0,0,0,0,0,0,0,0,0,0,0,0,1,0,0,0,0,0
"Zotu2201",0,0,0,0,0,0,0,0,0,0,0,0,0,0,0,0,0,0,0,0,0,0,0,0,0,0,0,0,0,0,0,0,0,0,0,0,1,1,0,1,0,0,0,1,0,0,0,1,0,0,78,5,0,0,0,0,0,1,0,0,0,43
"Zotu4719",0,0,0,0,0,0,0,0,0,0,0,0,0,0,0,0,0,0,0,0,0,0,0,0,0,0,0,0,0,0,0,0,0,0,0,0,1,0,0,0,0,37,0,2,0,0,0,0,0,0,0,0,0,0,0,0,0,1,0,0,0,0
"Zotu5768",0,0,0,0,0,0,0,0,0,0,0,0,0,0,0,0,0,0,0,0,0,0,0,0,0,0,0,0,0,0,0,0,0,0,0,0,1,0,0,0,0,0,0,0,0,0,1,1,0,0,0,5,0,0,0,0,0,0,0,0,0,20
"Zotu6005",0,0,0,0,0,0,0,0,0,0,0,0,0,0,0,0,0,0,0,0,0,0,0,0,0,0,0,0,0,0,0,0,0,0,0,0,28,0,0,0,0,0,0,0,0,0,0,0,0,0,0,0,0,0,0,0,0,0,0,0,0,0
"Zotu4005",0,0,0,0,0,0,0,0,0,0,0,0,0,0,0,0,0,0,0,0,0,0,0,0,0,0,0,0,0,0,0,0,0,0,0,0,1,0,60,0,1,0,0,0,0,1,0,0,0,0,0,0,0,0,1,0,2,1,0,0,0,0
"Zotu3898",0,0,0,0,0,0,0,0,0,0,0,0,0,0,0,0,0,0,0,0,0,0,0,0,0,0,0,0,0,0,0,0,0,0,0,0,3,0,0,1,0,1,0,73,0,0,1,0,0,0,0,0,0,0,0,1,0,0,0,0,1,0
"Zotu1418",0,0,0,0,0,0,0,0,0,0,0,0,0,0,0,0,0,0,0,0,0,0,0,0,0,0,0,0,0,0,0,0,0,0,0,0,1,0,0,1,0,1,0,0,1,3,0,1,0,0,0,0,0,0,0,0,0,144,0,1,2,0
"Zotu3215",0,0,0,0,0,0,0,0,0,0,0,0,0,0,0,0,0,0,0,0,0,0,0,0,0,0,0,0,0,0,0,0,0,0,0,0,1,1,0,0,0,0,0,0,0,0,0,0,0,0,0,0,0,0,68,0,0,0,0,1,0,0
"Zotu4970",0,0,0,0,0,0,0,0,0,0,0,0,0,0,0,0,0,0,0,0,0,0,0,0,0,0,0,0,0,0,0,0,0,0,0,0,1,0,0,0,0,0,0,0,0,0,2,0,0,0,0,0,0,0,0,0,19,0,0,1,0,1
"Zotu5727",0,0,0,0,0,0,0,0,0,0,0,0,0,0,0,0,0,0,0,0,0,0,0,0,0,0,0,0,0,0,0,0,0,0,0,0,1,0,0,0,0,0,0,15,0,0,0,0,0,0,0,0,0,0,0,0,0,0,0,1,0,0
"Zotu5423",0,0,0,0,0,0,0,0,0,0,0,0,0,0,0,0,0,0,0,0,0,0,0,0,0,0,0,0,0,0,0,0,0,0,0,0,1,0,0,0,0,0,0,0,0,0,0,1,0,0,0,1,0,0,0,0,0,0,25,0,0,0
"Zotu5966",0,0,0,0,0,0,0,0,0,0,0,0,0,0,0,0,0,0,0,0,0,0,0,0,0,0,0,0,0,0,0,0,0,0,0,0,1,1,0,0,0,0,0,0,0,0,0,0,0,0,0,0,16,0,0,0,0,0,0,0,10,0
"Zotu3245",0,0,0,0,0,0,0,0,0,0,0,0,0,0,0,0,0,0,0,0,0,0,0,0,0,0,0,0,0,0,0,0,0,0,0,0,2,0,46,0,1,1,0,1,0,0,0,0,0,0,0,0,0,1,0,0,0,1,0,0,0,0
"Zotu5379",0,0,0,0,0,0,0,0,0,0,0,0,0,0,0,0,0,0,0,0,0,0,0,0,0,0,0,0,0,0,0,0,0,0,0,0,1,0,0,0,0,0,0,0,0,0,1,0,0,0,0,0,0,0,0,0,0,0,0,17,0,0
"Zotu4469",0,0,0,0,0,0,0,0,0,0,0,0,0,0,0,0,0,0,0,0,0,0,0,0,0,0,0,0,0,0,0,0,0,0,0,0,1,0,0,0,0,0,1,0,0,0,0,0,0,0,1,0,0,2,0,0,1,0,0,0,34,0
"Zotu4834",0,0,0,0,0,0,0,0,0,0,0,0,0,0,0,0,0,0,0,0,0,0,0,0,0,0,0,0,0,0,0,0,0,0,0,0,2,0,0,0,0,0,0,1,0,0,0,0,0,0,0,0,25,0,0,0,0,0,0,0,0,0
"Zotu4680",0,0,0,0,0,0,0,0,0,0,0,0,0,0,0,0,0,0,0,0,0,0,0,0,0,0,0,0,0,0,0,0,0,0,0,0,1,0,1,1,0,1,2,0,0,1,1,0,0,0,2,0,1,0,46,0,0,1,0,0,0,1
"Zotu3459",0,0,0,0,0,0,0,0,0,0,0,0,0,0,0,0,0,0,0,0,0,0,0,0,0,0,0,0,0,0,0,0,0,0,0,0,1,2,0,0,1,0,0,0,0,0,0,0,0,0,0,0,0,0,13,13,0,0,0,16,0,0
"Zotu2322",0,0,0,0,0,0,0,0,0,0,0,0,0,0,0,0,0,0,0,0,0,0,0,0,0,0,0,0,0,0,0,0,0,0,0,0,1,0,1,0,0,1,0,0,2,0,1,0,1,0,2,0,52,0,0,0,1,1,0,0,49,1
"Zotu5540",0,0,0,0,0,0,0,0,0,0,0,0,0,0,0,0,0,0,0,0,0,0,0,0,0,0,0,0,0,0,0,0,0,0,0,0,1,0,0,0,0,0,0,0,0,0,0,0,0,0,0,0,1,0,0,0,0,21,0,0,0,0
"Zotu4351",0,0,0,0,0,0,0,0,0,0,0,0,0,0,0,0,0,0,0,0,0,0,0,0,0,0,0,0,0,0,0,0,0,0,0,0,1,0,1,1,1,1,0,5,0,0,0,0,0,1,2,1,0,0,0,1,0,0,35,12,0,0
"Zotu5029",0,0,0,0,0,0,0,0,0,0,0,0,0,0,0,0,0,0,0,0,0,0,0,0,0,0,0,0,0,0,0,0,0,0,0,0,1,1,0,0,0,0,0,0,0,0,0,0,0,0,0,0,0,0,20,9,0,1,0,0,0,0
"Zotu3219",0,0,0,0,0,0,0,0,0,0,0,0,0,0,0,0,0,0,0,0,0,0,0,0,0,0,0,0,0,0,0,0,0,0,0,0,1,0,0,1,0,0,0,0,0,1,0,0,0,0,0,20,41,0,0,0,0,2,0,0,1,0
"Zotu4729",0,0,0,0,0,0,0,0,0,0,0,0,0,0,0,0,0,0,0,0,0,0,0,0,0,0,0,0,0,0,0,0,0,0,0,0,1,0,0,0,0,0,0,0,0,1,0,0,0,1,0,0,0,0,1,0,0,22,0,0,1,2
"Zotu2822",0,0,0,0,0,0,0,0,0,0,0,0,0,0,0,0,0,0,0,0,0,0,0,0,0,0,0,0,0,0,0,0,0,0,0,0,1,2,0,0,0,0,69,0,0,0,0,0,0,0,0,0,1,0,1,0,1,0,0,0,0,2
"Zotu4046",0,0,0,0,0,0,0,0,0,0,0,0,0,0,0,0,0,0,0,0,0,0,0,0,0,0,0,0,0,0,0,0,0,0,0,0,1,0,0,0,0,0,0,44,0,0,1,0,0,0,0,7,0,0,1,1,0,0,9,0,0,1
"Zotu4254",0,0,0,0,0,0,0,0,0,0,0,0,0,0,0,0,0,0,0,0,0,0,0,0,0,0,0,0,0,0,0,0,0,0,0,0,1,0,0,0,0,2,0,0,0,0,16,0,0,0,0,0,1,0,0,0,0,0,0,15,0,0
"Zotu5237",0,0,0,0,0,0,0,0,0,0,0,0,0,0,0,0,0,0,0,0,0,0,0,0,0,0,0,0,0,0,0,0,0,0,0,0,1,0,0,0,0,0,0,0,0,0,0,0,44,0,0,0,1,1,0,0,0,0,0,0,0,0
"Zotu3864",0,0,0,0,0,0,0,0,0,0,0,0,0,0,0,0,0,0,0,0,0,0,0,0,0,0,0,0,0,0,0,0,0,0,0,0,1,0,0,0,0,0,0,0,0,1,0,0,0,105,0,0,0,0,0,0,0,0,0,0,0,0
"Zotu5506",0,0,0,0,0,0,0,0,0,0,0,0,0,0,0,0,0,0,0,0,0,0,0,0,0,0,0,0,0,0,0,0,0,0,0,0,1,1,0,0,0,0,0,0,0,0,19,0,0,0,0,0,0,0,0,0,0,0,0,0,0,0
"Zotu3220",0,0,0,0,0,0,0,0,0,0,0,0,0,0,0,0,0,0,0,0,0,0,0,0,0,0,0,0,0,0,0,0,0,0,0,0,1,0,0,0,0,0,1,1,0,0,0,0,0,0,0,0,0,0,0,0,0,0,52,1,0,0
"Zotu5986",0,0,0,0,0,0,0,0,0,0,0,0,0,0,0,0,0,0,0,0,0,0,0,0,0,0,0,0,0,0,0,0,0,0,0,0,1,0,0,0,0,0,0,0,0,0,1,0,0,0,0,0,0,0,1,11,9,0,0,7,0,1
"Zotu5597",0,0,0,0,0,0,0,0,0,0,0,0,0,0,0,0,0,0,0,0,0,0,0,0,0,0,0,0,0,0,0,0,0,0,0,0,1,0,0,0,2,2,0,0,0,0,1,0,1,0,0,0,0,0,0,0,0,0,0,13,0,0
"Zotu5807",0,0,0,0,0,0,0,0,0,0,0,0,0,0,0,0,0,0,0,0,0,0,0,0,0,0,0,0,0,0,0,0,0,0,0,0,1,0,0,1,0,0,0,0,0,0,0,0,0,0,0,0,1,0,4,2,10,0,9,0,0,0
"Zotu2740",0,0,0,0,0,0,0,0,0,0,0,0,0,0,0,0,0,0,0,0,0,0,0,0,0,0,0,0,0,0,0,0,0,0,0,0,1,0,0,0,0,0,0,40,0,101,1,0,0,0,0,0,0,0,1,0,0,0,0,0,0,0
"Zotu5059",0,0,0,0,0,0,0,0,0,0,0,0,0,0,0,0,0,0,0,0,0,0,0,0,0,0,0,0,0,0,0,0,0,0,0,0,1,0,0,0,1,0,0,0,0,1,0,0,0,0,0,0,1,0,0,0,0,46,0,0,0,0
"Zotu2733",0,0,0,0,0,0,0,0,0,0,0,0,0,0,0,0,0,0,0,0,0,0,0,0,0,0,0,0,0,0,0,0,0,0,0,0,1,2,0,0,0,2,1,0,0,0,0,0,0,0,0,1,1,0,0,9,1,0,36,0,24,1
"Zotu4464",0,0,0,0,0,0,0,0,0,0,0,0,0,0,0,0,0,0,0,0,0,0,0,0,0,0,0,0,0,0,0,0,0,0,0,0,1,0,0,0,0,0,0,0,1,0,1,0,0,1,0,0,0,35,0,1,0,0,0,0,0,0
"Zotu2676",0,0,0,0,0,0,0,0,0,0,0,0,0,0,0,0,0,0,0,0,0,0,0,0,0,0,0,0,0,0,0,0,0,0,0,0,1,0,0,3,2,0,1,0,1,0,2,0,0,1,0,0,1,0,9,55,0,0,0,1,1,1
"Zotu3616",0,0,0,0,0,0,0,0,0,0,0,0,0,0,0,0,0,0,0,0,0,0,0,0,0,0,0,0,0,0,0,0,0,0,0,0,1,0,0,0,0,0,0,0,0,0,0,0,0,0,43,0,0,0,0,1,0,0,0,0,13,0
"Zotu3605",0,0,0,0,0,0,0,0,0,0,0,0,0,0,0,0,0,0,0,0,0,0,0,0,0,0,0,0,0,0,0,0,0,0,0,0,1,0,22,1,1,0,0,0,0,1,0,0,2,0,2,1,0,0,20,0,0,0,1,0,0,0
"Zotu3006",0,0,0,0,0,0,0,0,0,0,0,0,0,0,0,0,0,0,0,0,0,0,0,0,0,0,0,0,0,0,0,0,0,0,0,0,0,70,0,1,0,0,0,0,0,1,0,0,0,0,0,0,0,0,0,0,0,0,0,0,0,0
"Zotu6073",0,0,0,0,0,0,0,0,0,0,0,0,0,0,0,0,0,0,0,0,0,0,0,0,0,0,0,0,0,0,0,0,0,0,0,0,0,12,0,0,0,0,0,0,0,0,0,0,0,0,0,0,0,0,0,0,0,0,0,0,0,0
"Zotu4657",0,0,0,0,0,0,0,0,0,0,0,0,0,0,0,0,0,0,0,0,0,0,0,0,0,0,0,0,0,0,0,0,0,0,0,0,0,22,0,0,0,0,0,0,0,0,1,0,1,0,0,0,0,1,0,0,0,0,0,0,0,0
"Zotu4148",0,0,0,0,0,0,0,0,0,0,0,0,0,0,0,0,0,0,0,0,0,0,0,0,0,0,0,0,0,0,0,0,0,0,0,0,0,47,0,0,0,1,0,0,0,0,0,0,0,1,0,0,0,0,0,1,0,0,0,0,0,0
"Zotu4382",0,0,0,0,0,0,0,0,0,0,0,0,0,0,0,0,0,0,0,0,0,0,0,0,0,0,0,0,0,0,0,0,0,0,0,0,0,39,0,0,0,0,1,0,0,0,0,0,0,0,0,1,0,0,0,0,0,0,0,0,0,0
"Zotu6289",0,0,0,0,0,0,0,0,0,0,0,0,0,0,0,0,0,0,0,0,0,0,0,0,0,0,0,0,0,0,0,0,0,0,0,0,0,11,0,0,0,0,0,0,0,1,0,0,0,0,0,0,0,0,0,0,0,0,0,0,0,0
"Zotu5418",0,0,0,0,0,0,0,0,0,0,0,0,0,0,0,0,0,0,0,0,0,0,0,0,0,0,0,0,0,0,0,0,0,0,0,0,0,17,0,0,0,0,0,0,0,0,0,0,0,0,0,0,0,0,0,0,0,0,0,0,1,0
"Zotu4323",0,0,0,0,0,0,0,0,0,0,0,0,0,0,0,0,0,0,0,0,0,0,0,0,0,0,0,0,0,0,0,0,0,0,0,0,0,23,19,0,0,0,0,0,1,0,0,0,0,0,0,1,0,0,0,0,0,0,0,0,0,0
"Zotu6135",0,0,0,0,0,0,0,0,0,0,0,0,0,0,0,0,0,0,0,0,0,0,0,0,0,0,0,0,0,0,0,0,0,0,0,0,0,1,0,0,0,0,0,14,0,2,0,0,1,0,0,0,0,0,0,0,0,0,0,0,0,0
"Zotu3631",0,0,0,0,0,0,0,0,0,0,0,0,0,0,0,0,0,0,0,0,0,0,0,0,0,0,0,0,0,0,0,0,0,0,0,0,0,39,0,0,0,0,0,0,0,0,0,0,0,0,0,0,0,0,0,0,0,1,1,0,0,0
"Zotu5588",0,0,0,0,0,0,0,0,0,0,0,0,0,0,0,0,0,0,0,0,0,0,0,0,0,0,0,0,0,0,0,0,0,0,0,0,0,35,0,0,1,0,0,0,0,0,0,0,0,0,0,0,0,0,0,0,0,0,0,0,0,0
"Zotu6180",0,0,0,0,0,0,0,0,0,0,0,0,0,0,0,0,0,0,0,0,0,0,0,0,0,0,0,0,0,0,0,0,0,0,0,0,0,23,0,0,0,0,0,0,0,0,0,0,0,0,0,0,0,0,0,0,0,0,0,0,0,0
"Zotu5891",0,0,0,0,0,0,0,0,0,0,0,0,0,0,0,0,0,0,0,0,0,0,0,0,0,0,0,0,0,0,0,0,0,0,0,0,0,41,0,0,0,1,0,0,1,0,0,0,0,0,0,0,0,0,1,0,0,0,0,0,0,0
"Zotu5153",0,0,0,0,0,0,0,0,0,0,0,0,0,0,0,0,0,0,0,0,0,0,0,0,0,0,0,0,0,0,0,0,0,0,0,0,0,1,1,0,0,0,0,0,0,1,0,0,0,0,0,0,0,0,2,2,1,0,0,9,11,0
"Zotu3364",0,0,0,0,0,0,0,0,0,0,0,0,0,0,0,0,0,0,0,0,0,0,0,0,0,0,0,0,0,0,0,0,0,0,0,0,0,39,1,0,1,0,0,0,1,0,0,1,0,1,2,0,1,0,0,1,0,0,0,1,1,0
"Zotu5712",0,0,0,0,0,0,0,0,0,0,0,0,0,0,0,0,0,0,0,0,0,0,0,0,0,0,0,0,0,0,0,0,0,0,0,0,0,16,0,0,0,0,0,0,0,0,0,0,0,0,0,0,0,0,0,0,0,0,0,0,0,0
"Zotu5977",0,0,0,0,0,0,0,0,0,0,0,0,0,0,0,0,0,0,0,0,0,0,0,0,0,0,0,0,0,0,0,0,0,0,0,0,0,12,0,0,0,0,0,0,0,0,0,0,0,0,0,0,0,0,0,0,0,1,0,0,0,0
"Zotu4900",0,0,0,0,0,0,0,0,0,0,0,0,0,0,0,0,0,0,0,0,0,0,0,0,0,0,0,0,0,0,0,0,0,0,0,0,0,32,0,1,0,0,0,0,0,0,0,0,0,0,0,4,0,1,0,0,0,0,0,0,0,0
"Zotu6138",0,0,0,0,0,0,0,0,0,0,0,0,0,0,0,0,0,0,0,0,0,0,0,0,0,0,0,0,0,0,0,0,0,0,0,0,0,17,0,0,0,0,0,0,0,0,0,0,0,0,0,0,0,0,0,0,0,0,0,0,0,0
"Zotu5190",0,0,0,0,0,0,0,0,0,0,0,0,0,0,0,0,0,0,0,0,0,0,0,0,0,0,0,0,0,0,0,0,0,0,0,0,0,16,0,19,0,0,0,0,0,0,0,0,0,0,0,0,0,0,0,0,0,0,0,1,1,0
"Zotu3641",0,0,0,0,0,0,0,0,0,0,0,0,0,0,0,0,0,0,0,0,0,0,0,0,0,0,0,0,0,0,0,0,0,0,0,0,0,42,0,1,0,0,0,1,1,0,0,0,0,0,0,0,0,1,0,0,0,0,0,0,0,0
"Zotu2830",0,0,0,0,0,0,0,0,0,0,0,0,0,0,0,0,0,0,0,0,0,0,0,0,0,0,0,0,0,0,0,0,0,0,0,0,0,1,1,22,0,0,59,1,0,0,1,0,0,2,1,0,0,0,0,0,0,1,0,1,0,1
"Zotu6182",0,0,0,0,0,0,0,0,0,0,0,0,0,0,0,0,0,0,0,0,0,0,0,0,0,0,0,0,0,0,0,0,0,0,0,0,0,18,0,0,0,0,0,0,0,0,0,0,0,0,0,0,0,0,0,0,0,0,0,0,0,0
"Zotu3623",0,0,0,0,0,0,0,0,0,0,0,0,0,0,0,0,0,0,0,0,0,0,0,0,0,0,0,0,0,0,0,0,0,0,0,0,0,1,0,0,0,0,0,0,0,0,0,0,0,0,0,0,0,0,0,17,56,0,1,1,0,0
"Zotu4851",0,0,0,0,0,0,0,0,0,0,0,0,0,0,0,0,0,0,0,0,0,0,0,0,0,0,0,0,0,0,0,0,0,0,0,0,0,1,0,0,0,0,0,0,0,0,0,0,0,0,1,0,0,1,0,1,0,0,24,0,1,0
"Zotu5232",0,0,0,0,0,0,0,0,0,0,0,0,0,0,0,0,0,0,0,0,0,0,0,0,0,0,0,0,0,0,0,0,0,0,0,0,0,20,0,0,0,0,0,0,0,1,0,0,1,0,0,0,0,0,0,0,0,1,0,0,0,0
"Zotu6302",0,0,0,0,0,0,0,0,0,0,0,0,0,0,0,0,0,0,0,0,0,0,0,0,0,0,0,0,0,0,0,0,0,0,0,0,0,15,0,0,0,0,0,2,0,0,0,0,0,1,0,0,0,0,0,1,0,0,0,0,0,0
"Zotu4442",0,0,0,0,0,0,0,0,0,0,0,0,0,0,0,0,0,0,0,0,0,0,0,0,0,0,0,0,0,0,0,0,0,0,0,0,0,1,0,0,0,0,42,0,0,0,1,0,1,0,0,0,0,0,1,0,0,0,0,0,1,0
"Zotu4071",0,0,0,0,0,0,0,0,0,0,0,0,0,0,0,0,0,0,0,0,0,0,0,0,0,0,0,0,0,0,0,0,0,0,0,0,0,2,0,0,0,0,0,1,0,0,0,0,0,0,1,0,0,0,5,0,28,0,0,0,0,0
"Zotu3460",0,0,0,0,0,0,0,0,0,0,0,0,0,0,0,0,0,0,0,0,0,0,0,0,0,0,0,0,0,0,0,0,0,0,0,0,0,1,0,0,0,0,36,0,0,0,0,0,0,0,0,0,0,0,0,0,0,0,0,0,0,0
"Zotu5360",0,0,0,0,0,0,0,0,0,0,0,0,0,0,0,0,0,0,0,0,0,0,0,0,0,0,0,0,0,0,0,0,0,0,0,0,0,23,0,0,0,0,0,0,0,0,0,0,0,0,0,0,0,0,9,0,0,0,0,0,0,0
"Zotu3549",0,0,0,0,0,0,0,0,0,0,0,0,0,0,0,0,0,0,0,0,0,0,0,0,0,0,0,0,0,0,0,0,0,0,0,0,0,2,0,0,0,0,0,0,0,0,0,0,0,0,0,1,0,0,28,0,40,0,0,0,0,0
"Zotu4008",0,0,0,0,0,0,0,0,0,0,0,0,0,0,0,0,0,0,0,0,0,0,0,0,0,0,0,0,0,0,0,0,0,0,0,0,0,1,14,0,0,15,1,1,0,0,0,0,0,0,0,0,0,0,0,0,0,0,0,0,0,0
"Zotu5969",0,0,0,0,0,0,0,0,0,0,0,0,0,0,0,0,0,0,0,0,0,0,0,0,0,0,0,0,0,0,0,0,0,0,0,0,0,1,0,0,0,3,1,0,1,0,0,0,0,0,0,0,0,0,7,10,3,0,4,0,0,0
"Zotu4256",0,0,0,0,0,0,0,0,0,0,0,0,0,0,0,0,0,0,0,0,0,0,0,0,0,0,0,0,0,0,0,0,0,0,0,0,0,1,1,0,0,0,1,1,0,1,0,1,0,0,1,0,0,0,0,0,0,38,0,0,0,0
"Zotu2885",0,0,0,0,0,0,0,0,0,0,0,0,0,0,0,0,0,0,0,0,0,0,0,0,0,0,0,0,0,0,0,0,0,0,0,0,0,1,1,0,0,0,0,1,0,1,1,1,0,0,0,1,1,0,0,2,1,2,19,15,29,2
"Zotu5197",0,0,0,0,0,0,0,0,0,0,0,0,0,0,0,0,0,0,0,0,0,0,0,0,0,0,0,0,0,0,0,0,0,0,0,0,0,1,1,0,0,0,0,1,0,1,0,0,0,0,17,1,1,0,0,0,0,1,0,1,0,5
"Zotu5320",0,0,0,0,0,0,0,0,0,0,0,0,0,0,0,0,0,0,0,0,0,0,0,0,0,0,0,0,0,0,0,0,0,0,0,0,0,1,0,0,0,0,0,1,1,0,0,0,0,0,0,0,0,0,23,0,0,0,0,0,0,1
"Zotu5363",0,0,0,0,0,0,0,0,0,0,0,0,0,0,0,0,0,0,0,0,0,0,0,0,0,0,0,0,0,0,0,0,0,0,0,0,0,1,1,0,0,0,0,1,0,0,0,0,0,0,1,0,0,0,0,0,0,0,0,20,0,0
"Zotu3846",0,0,0,0,0,0,0,0,0,0,0,0,0,0,0,0,0,0,0,0,0,0,0,0,0,0,0,0,0,0,0,0,0,0,0,0,0,1,0,0,0,0,0,0,1,0,0,1,0,0,0,0,0,0,0,0,0,0,41,0,0,0
"Zotu1352",0,0,0,0,0,0,0,0,0,0,0,0,0,0,0,0,0,0,0,0,0,0,0,0,0,0,0,0,0,0,0,0,0,0,0,0,0,2,0,0,0,0,0,0,0,0,0,0,190,0,0,0,0,0,0,1,1,0,1,0,1,0
"Zotu4693",0,0,0,0,0,0,0,0,0,0,0,0,0,0,0,0,0,0,0,0,0,0,0,0,0,0,0,0,0,0,0,0,0,0,0,0,0,1,1,0,0,0,0,0,25,0,0,0,0,0,0,0,0,1,0,0,0,0,0,0,1,0
"Zotu4989",0,0,0,0,0,0,0,0,0,0,0,0,0,0,0,0,0,0,0,0,0,0,0,0,0,0,0,0,0,0,0,0,0,0,0,0,0,1,0,0,0,0,0,0,0,0,0,0,0,0,0,0,0,0,7,14,0,0,0,0,1,0
"Zotu4912",0,0,0,0,0,0,0,0,0,0,0,0,0,0,0,0,0,0,0,0,0,0,0,0,0,0,0,0,0,0,0,0,0,0,0,0,0,2,0,0,0,0,0,0,0,0,0,0,0,0,0,0,1,32,1,0,1,0,0,0,0,1
"Zotu5426",0,0,0,0,0,0,0,0,0,0,0,0,0,0,0,0,0,0,0,0,0,0,0,0,0,0,0,0,0,0,0,0,0,0,0,0,0,1,0,0,0,0,0,2,0,0,0,1,0,0,0,0,0,0,0,0,0,0,0,17,0,0
"Zotu4496",0,0,0,0,0,0,0,0,0,0,0,0,0,0,0,0,0,0,0,0,0,0,0,0,0,0,0,0,0,0,0,0,0,0,0,0,0,1,1,0,0,1,0,0,0,0,0,0,0,0,0,0,0,0,2,6,0,1,18,0,1,1
"Zotu3449",0,0,0,0,0,0,0,0,0,0,0,0,0,0,0,0,0,0,0,0,0,0,0,0,0,0,0,0,0,0,0,0,0,0,0,0,0,1,0,0,0,0,0,0,0,0,0,0,0,0,1,0,0,0,0,0,0,0,41,0,0,0
"Zotu1242",0,0,0,0,0,0,0,0,0,0,0,0,0,0,0,0,0,0,0,0,0,0,0,0,0,0,0,0,0,0,0,0,0,0,0,0,0,2,0,0,3,1,0,0,0,0,0,0,1,1,2,1,1,1,1,0,0,0,191,1,0,2
"Zotu4580",0,0,0,0,0,0,0,0,0,0,0,0,0,0,0,0,0,0,0,0,0,0,0,0,0,0,0,0,0,0,0,0,0,0,0,0,0,1,2,0,0,0,0,0,1,0,0,0,0,0,0,0,1,0,0,0,36,0,0,1,0,0
"Zotu2753",0,0,0,0,0,0,0,0,0,0,0,0,0,0,0,0,0,0,0,0,0,0,0,0,0,0,0,0,0,0,0,0,0,0,0,0,0,1,1,0,0,1,0,0,0,0,0,0,0,0,0,0,0,0,1,0,0,77,0,0,0,0
"Zotu1896",0,0,0,0,0,0,0,0,0,0,0,0,0,0,0,0,0,0,0,0,0,0,0,0,0,0,0,0,0,0,0,0,0,0,0,0,0,1,0,0,0,1,0,0,0,102,0,0,1,0,0,1,0,0,0,0,0,0,0,0,0,1
"Zotu5778",0,0,0,0,0,0,0,0,0,0,0,0,0,0,0,0,0,0,0,0,0,0,0,0,0,0,0,0,0,0,0,0,0,0,0,0,0,1,0,0,1,0,0,0,0,1,0,0,0,0,0,0,0,0,0,0,41,0,0,0,0,0
"Zotu4462",0,0,0,0,0,0,0,0,0,0,0,0,0,0,0,0,0,0,0,0,0,0,0,0,0,0,0,0,0,0,0,0,0,0,0,0,0,1,0,0,0,1,0,0,1,0,0,0,0,0,0,0,0,0,0,2,0,1,1,0,33,0
"Zotu5093",0,0,0,0,0,0,0,0,0,0,0,0,0,0,0,0,0,0,0,0,0,0,0,0,0,0,0,0,0,0,0,0,0,0,0,0,0,1,0,0,1,0,22,0,0,0,0,0,0,0,0,2,0,0,0,1,0,0,0,0,0,0
"Zotu5626",0,0,0,0,0,0,0,0,0,0,0,0,0,0,0,0,0,0,0,0,0,0,0,0,0,0,0,0,0,0,0,0,0,0,0,0,0,1,38,1,0,0,0,1,1,0,1,0,0,0,1,0,0,0,0,0,0,1,0,0,0,0
"Zotu6043",0,0,0,0,0,0,0,0,0,0,0,0,0,0,0,0,0,0,0,0,0,0,0,0,0,0,0,0,0,0,0,0,0,0,0,0,0,1,0,0,0,32,0,0,0,0,0,1,0,0,0,0,0,0,0,0,0,0,0,0,0,0
"Zotu5319",0,0,0,0,0,0,0,0,0,0,0,0,0,0,0,0,0,0,0,0,0,0,0,0,0,0,0,0,0,0,0,0,0,0,0,0,0,1,0,0,0,0,0,0,0,0,0,0,0,29,0,0,0,1,0,0,0,0,0,0,0,0
"Zotu4549",0,0,0,0,0,0,0,0,0,0,0,0,0,0,0,0,0,0,0,0,0,0,0,0,0,0,0,0,0,0,0,0,0,0,0,0,0,1,0,0,0,1,0,1,42,0,0,0,0,0,0,0,0,1,0,0,0,0,0,0,1,8
"Zotu3932",0,0,0,0,0,0,0,0,0,0,0,0,0,0,0,0,0,0,0,0,0,0,0,0,0,0,0,0,0,0,0,0,0,0,0,0,0,1,0,0,0,1,1,0,0,0,0,0,1,0,1,0,0,0,11,8,0,32,0,0,0,1
"Zotu5802",0,0,0,0,0,0,0,0,0,0,0,0,0,0,0,0,0,0,0,0,0,0,0,0,0,0,0,0,0,0,0,0,0,0,0,0,0,1,0,0,0,0,0,0,0,0,0,0,0,0,1,0,0,0,0,0,32,0,0,0,0,1
"Zotu5888",0,0,0,0,0,0,0,0,0,0,0,0,0,0,0,0,0,0,0,0,0,0,0,0,0,0,0,0,0,0,0,0,0,0,0,0,0,1,0,0,0,0,0,0,0,0,0,0,0,0,0,2,0,0,0,0,1,0,1,1,0,30
"Zotu3324",0,0,0,0,0,0,0,0,0,0,0,0,0,0,0,0,0,0,0,0,0,0,0,0,0,0,0,0,0,0,0,0,0,0,0,0,0,1,0,0,0,0,1,0,0,0,0,0,0,0,0,0,0,43,0,0,0,0,0,0,0,0
"Zotu6234",0,0,0,0,0,0,0,0,0,0,0,0,0,0,0,0,0,0,0,0,0,0,0,0,0,0,0,0,0,0,0,0,0,0,0,0,0,1,0,0,0,24,0,0,0,0,0,0,0,0,0,0,1,0,0,0,0,0,0,0,0,0
"Zotu1406",0,0,0,0,0,0,0,0,0,0,0,0,0,0,0,0,0,0,0,0,0,0,0,0,0,0,0,0,0,0,0,0,0,0,0,0,0,1,1,0,0,1,0,0,2,0,0,0,0,0,0,1,0,0,0,0,1,139,1,13,2,0
"Zotu5179",0,0,0,0,0,0,0,0,0,0,0,0,0,0,0,0,0,0,0,0,0,0,0,0,0,0,0,0,0,0,0,0,0,0,0,0,0,1,0,0,0,0,0,0,31,0,0,0,0,0,0,0,0,0,0,0,0,0,1,0,0,0
"Zotu4870",0,0,0,0,0,0,0,0,0,0,0,0,0,0,0,0,0,0,0,0,0,0,0,0,0,0,0,0,0,0,0,0,0,0,0,0,0,2,0,0,0,0,1,0,1,0,1,0,0,0,0,1,0,0,3,1,0,1,0,1,0,76
"Zotu5349",0,0,0,0,0,0,0,0,0,0,0,0,0,0,0,0,0,0,0,0,0,0,0,0,0,0,0,0,0,0,0,0,0,0,0,0,0,1,0,26,0,0,0,0,0,0,0,0,0,0,1,0,1,0,0,0,0,0,0,0,1,0
"Zotu2051",0,0,0,0,0,0,0,0,0,0,0,0,0,0,0,0,0,0,0,0,0,0,0,0,0,0,0,0,0,0,0,0,0,0,0,0,0,1,1,1,0,0,0,1,0,0,0,1,0,0,0,8,0,1,75,24,1,0,2,0,0,1
"Zotu3645",0,0,0,0,0,0,0,0,0,0,0,0,0,0,0,0,0,0,0,0,0,0,0,0,0,0,0,0,0,0,0,0,0,0,0,0,0,1,0,0,0,53,0,0,0,0,0,0,0,0,0,0,1,0,0,0,0,0,0,0,0,0
"Zotu2495",0,0,0,0,0,0,0,0,0,0,0,0,0,0,0,0,0,0,0,0,0,0,0,0,0,0,0,0,0,0,0,0,0,0,0,0,0,1,0,0,0,1,1,0,1,0,0,1,0,2,1,0,1,0,7,16,0,0,73,14,8,0
"Zotu5227",0,0,0,0,0,0,0,0,0,0,0,0,0,0,0,0,0,0,0,0,0,0,0,0,0,0,0,0,0,0,0,0,0,0,0,0,0,1,0,1,0,0,1,0,1,1,2,0,0,2,1,0,0,0,22,0,0,0,0,0,1,0
"Zotu1809",0,0,0,0,0,0,0,0,0,0,0,0,0,0,0,0,0,0,0,0,0,0,0,0,0,0,0,0,0,0,0,0,0,0,0,0,0,1,1,43,1,80,0,0,0,0,1,1,0,1,0,2,0,0,1,1,0,1,0,0,0,0
"Zotu4018",0,0,0,0,0,0,0,0,0,0,0,0,0,0,0,0,0,0,0,0,0,0,0,0,0,0,0,0,0,0,0,0,0,0,0,0,0,1,0,0,0,0,0,1,0,0,0,0,0,0,0,0,0,0,0,0,61,0,0,0,0,0
"Zotu5910",0,0,0,0,0,0,0,0,0,0,0,0,0,0,0,0,0,0,0,0,0,0,0,0,0,0,0,0,0,0,0,0,0,0,0,0,0,1,0,0,0,0,0,0,0,0,0,0,0,1,0,10,0,0,0,0,18,0,0,0,0,0
"Zotu5582",0,0,0,0,0,0,0,0,0,0,0,0,0,0,0,0,0,0,0,0,0,0,0,0,0,0,0,0,0,0,0,0,0,0,0,0,0,2,0,0,0,0,35,1,0,1,0,0,0,0,1,1,0,0,0,0,0,0,1,0,0,0
"Zotu5439",0,0,0,0,0,0,0,0,0,0,0,0,0,0,0,0,0,0,0,0,0,0,0,0,0,0,0,0,0,0,0,0,0,0,0,0,0,0,54,0,0,0,0,0,0,0,0,0,0,0,0,0,1,0,0,0,0,0,0,0,0,0
"Zotu5427",0,0,0,0,0,0,0,0,0,0,0,0,0,0,0,0,0,0,0,0,0,0,0,0,0,0,0,0,0,0,0,0,0,0,0,0,0,0,18,0,0,0,0,0,0,0,0,0,0,0,0,0,0,1,0,0,0,0,0,0,0,0
"Zotu3237",0,0,0,0,0,0,0,0,0,0,0,0,0,0,0,0,0,0,0,0,0,0,0,0,0,0,0,0,0,0,0,0,0,0,0,0,0,0,60,0,0,0,0,0,0,1,0,0,0,0,0,0,0,0,0,0,0,0,0,0,0,0
"Zotu3479",0,0,0,0,0,0,0,0,0,0,0,0,0,0,0,0,0,0,0,0,0,0,0,0,0,0,0,0,0,0,0,0,0,0,0,0,0,0,62,0,0,0,1,0,0,0,0,0,0,0,0,0,1,0,0,0,0,0,0,0,0,1
"Zotu5749",0,0,0,0,0,0,0,0,0,0,0,0,0,0,0,0,0,0,0,0,0,0,0,0,0,0,0,0,0,0,0,0,0,0,0,0,0,0,33,1,1,0,0,0,0,0,0,0,0,2,0,0,0,0,0,0,1,0,0,0,0,2
"Zotu4191",0,0,0,0,0,0,0,0,0,0,0,0,0,0,0,0,0,0,0,0,0,0,0,0,0,0,0,0,0,0,0,0,0,0,0,0,0,0,31,0,0,0,0,0,0,1,0,0,0,1,0,1,0,0,1,0,1,0,0,0,0,1
"Zotu5285",0,0,0,0,0,0,0,0,0,0,0,0,0,0,0,0,0,0,0,0,0,0,0,0,0,0,0,0,0,0,0,0,0,0,0,0,0,0,31,0,0,0,0,0,0,0,0,1,0,0,0,0,0,0,0,0,0,0,0,0,1,0
"Zotu4196",0,0,0,0,0,0,0,0,0,0,0,0,0,0,0,0,0,0,0,0,0,0,0,0,0,0,0,0,0,0,0,0,0,0,0,0,0,0,1,0,0,0,1,0,0,0,0,1,0,2,0,49,0,1,0,0,1,0,1,0,0,0
"Zotu5462",0,0,0,0,0,0,0,0,0,0,0,0,0,0,0,0,0,0,0,0,0,0,0,0,0,0,0,0,0,0,0,0,0,0,0,0,0,0,22,0,0,0,0,0,34,0,0,0,0,0,0,0,0,0,0,0,0,0,0,0,0,0
"Zotu1038",0,0,0,0,0,0,0,0,0,0,0,0,0,0,0,0,0,0,0,0,0,0,0,0,0,0,0,0,0,0,0,0,0,0,0,0,0,0,1,0,0,0,0,0,0,0,0,0,0,0,0,0,0,1,0,0,0,260,1,0,0,1
"Zotu3363",0,0,0,0,0,0,0,0,0,0,0,0,0,0,0,0,0,0,0,0,0,0,0,0,0,0,0,0,0,0,0,0,0,0,0,0,0,0,3,1,1,0,0,0,0,0,1,0,0,1,0,0,3,0,0,0,0,1,49,1,0,0
"Zotu4363",0,0,0,0,0,0,0,0,0,0,0,0,0,0,0,0,0,0,0,0,0,0,0,0,0,0,0,0,0,0,0,0,0,0,0,0,0,0,36,0,0,0,0,0,0,0,0,2,1,0,0,0,0,0,0,0,0,0,0,0,0,0
"Zotu4305",0,0,0,0,0,0,0,0,0,0,0,0,0,0,0,0,0,0,0,0,0,0,0,0,0,0,0,0,0,0,0,0,0,0,0,0,0,0,1,0,0,0,0,0,0,0,0,0,0,0,1,0,0,1,33,12,0,0,0,1,1,0
"Zotu2624",0,0,0,0,0,0,0,0,0,0,0,0,0,0,0,0,0,0,0,0,0,0,0,0,0,0,0,0,0,0,0,0,0,0,0,0,0,0,1,2,0,0,0,2,0,0,0,0,1,0,0,2,69,0,0,1,0,0,0,0,0,0
"Zotu4973",0,0,0,0,0,0,0,0,0,0,0,0,0,0,0,0,0,0,0,0,0,0,0,0,0,0,0,0,0,0,0,0,0,0,0,0,0,0,21,0,0,0,0,0,1,0,0,0,0,1,0,0,0,0,0,0,0,0,0,0,0,0
"Zotu5244",0,0,0,0,0,0,0,0,0,0,0,0,0,0,0,0,0,0,0,0,0,0,0,0,0,0,0,0,0,0,0,0,0,0,0,0,0,0,1,0,0,0,27,0,0,0,0,0,0,0,0,0,0,0,0,0,0,0,0,0,0,0
"Zotu768",0,0,0,0,0,0,0,0,0,0,0,0,0,0,0,0,0,0,0,0,0,0,0,0,0,0,0,0,0,0,0,0,0,0,0,0,0,0,1,2,1,2,0,1,0,1,0,0,0,387,1,1,2,0,0,1,0,0,0,0,1,2
"Zotu5401",0,0,0,0,0,0,0,0,0,0,0,0,0,0,0,0,0,0,0,0,0,0,0,0,0,0,0,0,0,0,0,0,0,0,0,0,0,0,1,0,0,0,0,0,0,0,0,0,0,0,0,0,0,0,0,0,1,0,0,0,0,18
"Zotu3634",0,0,0,0,0,0,0,0,0,0,0,0,0,0,0,0,0,0,0,0,0,0,0,0,0,0,0,0,0,0,0,0,0,0,0,0,0,0,1,0,0,0,1,44,0,0,0,0,0,0,0,0,0,0,0,0,0,0,0,0,0,0
"Zotu6063",0,0,0,0,0,0,0,0,0,0,0,0,0,0,0,0,0,0,0,0,0,0,0,0,0,0,0,0,0,0,0,0,0,0,0,0,0,0,1,0,0,0,0,1,0,0,0,0,0,18,0,1,0,0,0,0,0,0,0,0,0,0
"Zotu2592",0,0,0,0,0,0,0,0,0,0,0,0,0,0,0,0,0,0,0,0,0,0,0,0,0,0,0,0,0,0,0,0,0,0,0,0,0,0,2,0,1,1,1,0,3,0,1,0,0,1,2,1,0,2,0,1,1,0,17,157,1,3
"Zotu4142",0,0,0,0,0,0,0,0,0,0,0,0,0,0,0,0,0,0,0,0,0,0,0,0,0,0,0,0,0,0,0,0,0,0,0,0,0,0,1,1,0,0,0,27,0,0,2,0,0,0,0,0,2,1,0,1,0,30,1,0,0,0
"Zotu6203",0,0,0,0,0,0,0,0,0,0,0,0,0,0,0,0,0,0,0,0,0,0,0,0,0,0,0,0,0,0,0,0,0,0,0,0,0,0,1,0,0,0,0,0,0,1,0,0,0,0,0,0,0,0,0,0,0,0,0,0,1,19
"Zotu2764",0,0,0,0,0,0,0,0,0,0,0,0,0,0,0,0,0,0,0,0,0,0,0,0,0,0,0,0,0,0,0,0,0,0,0,0,0,0,1,1,0,1,0,0,0,0,1,0,0,0,1,0,0,0,17,0,72,0,29,1,0,0
"Zotu3672",0,0,0,0,0,0,0,0,0,0,0,0,0,0,0,0,0,0,0,0,0,0,0,0,0,0,0,0,0,0,0,0,0,0,0,0,0,0,2,0,1,1,0,4,0,0,1,1,0,0,0,0,0,0,0,7,33,0,0,0,0,0
"Zotu1991",0,0,0,0,0,0,0,0,0,0,0,0,0,0,0,0,0,0,0,0,0,0,0,0,0,0,0,0,0,0,0,0,0,0,0,0,0,0,1,0,0,1,2,0,0,3,0,0,0,0,98,0,1,1,0,6,1,1,0,19,3,1
"Zotu4193",0,0,0,0,0,0,0,0,0,0,0,0,0,0,0,0,0,0,0,0,0,0,0,0,0,0,0,0,0,0,0,0,0,0,0,0,0,0,2,1,1,0,1,0,0,0,0,0,1,0,29,0,0,0,0,0,0,0,0,1,0,3
"Zotu5681",0,0,0,0,0,0,0,0,0,0,0,0,0,0,0,0,0,0,0,0,0,0,0,0,0,0,0,0,0,0,0,0,0,0,0,0,0,0,1,0,0,0,0,0,0,0,0,1,0,0,14,0,0,1,0,0,0,0,1,11,0,0
"Zotu5107",0,0,0,0,0,0,0,0,0,0,0,0,0,0,0,0,0,0,0,0,0,0,0,0,0,0,0,0,0,0,0,0,0,0,0,0,0,0,1,0,1,0,0,0,1,0,0,0,0,0,0,0,0,0,0,0,0,0,41,0,1,0
"Zotu5270",0,0,0,0,0,0,0,0,0,0,0,0,0,0,0,0,0,0,0,0,0,0,0,0,0,0,0,0,0,0,0,0,0,0,0,0,0,0,1,0,0,0,0,0,46,0,0,0,1,0,0,0,0,0,0,0,0,2,0,0,0,0
"Zotu2620",0,0,0,0,0,0,0,0,0,0,0,0,0,0,0,0,0,0,0,0,0,0,0,0,0,0,0,0,0,0,0,0,0,0,0,0,0,0,1,0,0,1,1,0,1,0,0,0,1,0,0,7,44,14,0,1,0,0,0,0,0,0
"Zotu3393",0,0,0,0,0,0,0,0,0,0,0,0,0,0,0,0,0,0,0,0,0,0,0,0,0,0,0,0,0,0,0,0,0,0,0,0,0,0,1,0,0,1,0,11,4,1,0,0,0,0,0,4,0,0,2,16,19,0,0,0,4,0
"Zotu6103",0,0,0,0,0,0,0,0,0,0,0,0,0,0,0,0,0,0,0,0,0,0,0,0,0,0,0,0,0,0,0,0,0,0,0,0,0,0,1,0,0,0,0,0,0,0,0,0,0,0,0,0,0,0,3,1,5,8,0,0,0,0
"Zotu4110",0,0,0,0,0,0,0,0,0,0,0,0,0,0,0,0,0,0,0,0,0,0,0,0,0,0,0,0,0,0,0,0,0,0,0,0,0,0,1,0,1,0,0,0,1,0,0,0,0,0,57,0,0,1,0,0,0,0,0,0,0,0
"Zotu2415",0,0,0,0,0,0,0,0,0,0,0,0,0,0,0,0,0,0,0,0,0,0,0,0,0,0,0,0,0,0,0,0,0,0,0,0,0,0,1,0,1,76,0,0,0,0,0,0,0,0,0,0,0,1,0,0,0,0,0,0,0,1
"Zotu6202",0,0,0,0,0,0,0,0,0,0,0,0,0,0,0,0,0,0,0,0,0,0,0,0,0,0,0,0,0,0,0,0,0,0,0,0,0,0,1,0,0,0,0,24,0,0,0,0,0,0,0,0,0,0,0,0,0,0,0,0,1,0
"Zotu2147",0,0,0,0,0,0,0,0,0,0,0,0,0,0,0,0,0,0,0,0,0,0,0,0,0,0,0,0,0,0,0,0,0,0,0,0,0,0,1,68,0,0,0,0,0,1,0,0,0,1,0,0,0,0,0,1,0,0,0,0,0,0
"Zotu4319",0,0,0,0,0,0,0,0,0,0,0,0,0,0,0,0,0,0,0,0,0,0,0,0,0,0,0,0,0,0,0,0,0,0,0,0,0,0,1,0,0,0,0,0,0,0,0,0,0,0,0,0,0,0,0,0,0,0,0,29,0,0
"Zotu4643",0,0,0,0,0,0,0,0,0,0,0,0,0,0,0,0,0,0,0,0,0,0,0,0,0,0,0,0,0,0,0,0,0,0,0,0,0,0,1,0,0,0,47,0,0,0,0,0,0,0,0,0,0,0,3,2,0,0,0,0,0,0
"Zotu3240",0,0,0,0,0,0,0,0,0,0,0,0,0,0,0,0,0,0,0,0,0,0,0,0,0,0,0,0,0,0,0,0,0,0,0,0,0,0,2,0,0,0,0,0,1,0,0,0,0,0,0,0,0,0,0,0,0,1,45,0,0,0
"Zotu4721",0,0,0,0,0,0,0,0,0,0,0,0,0,0,0,0,0,0,0,0,0,0,0,0,0,0,0,0,0,0,0,0,0,0,0,0,0,0,1,0,0,0,0,0,0,0,0,0,0,0,1,0,0,0,21,0,0,0,23,0,0,0
"Zotu3418",0,0,0,0,0,0,0,0,0,0,0,0,0,0,0,0,0,0,0,0,0,0,0,0,0,0,0,0,0,0,0,0,0,0,0,0,0,0,1,0,0,0,0,0,0,0,0,0,1,0,0,0,0,0,0,0,71,0,0,0,0,0
"Zotu2138",0,0,0,0,0,0,0,0,0,0,0,0,0,0,0,0,0,0,0,0,0,0,0,0,0,0,0,0,0,0,0,0,0,0,0,0,0,0,1,1,0,0,0,0,0,126,0,0,0,0,0,0,0,1,0,1,1,0,1,0,0,0
"Zotu6032",0,0,0,0,0,0,0,0,0,0,0,0,0,0,0,0,0,0,0,0,0,0,0,0,0,0,0,0,0,0,0,0,0,0,0,0,0,0,1,0,0,1,0,0,0,0,0,0,0,0,0,0,0,0,0,0,0,14,0,0,0,0
"Zotu2686",0,0,0,0,0,0,0,0,0,0,0,0,0,0,0,0,0,0,0,0,0,0,0,0,0,0,0,0,0,0,0,0,0,0,0,0,0,0,1,0,0,0,0,0,0,0,0,0,0,0,0,0,0,0,0,57,0,0,0,0,0,1
"Zotu4259",0,0,0,0,0,0,0,0,0,0,0,0,0,0,0,0,0,0,0,0,0,0,0,0,0,0,0,0,0,0,0,0,0,0,0,0,0,0,1,0,0,0,0,0,0,1,0,0,0,0,1,0,0,0,0,0,2,0,25,0,0,0
"Zotu1938",0,0,0,0,0,0,0,0,0,0,0,0,0,0,0,0,0,0,0,0,0,0,0,0,0,0,0,0,0,0,0,0,0,0,0,0,0,0,1,0,0,1,0,0,1,0,0,0,0,0,0,0,0,0,0,0,16,90,0,0,0,0
"Zotu5598",0,0,0,0,0,0,0,0,0,0,0,0,0,0,0,0,0,0,0,0,0,0,0,0,0,0,0,0,0,0,0,0,0,0,0,0,0,0,1,0,0,0,0,0,0,0,0,0,0,0,0,0,16,0,0,0,0,0,0,0,0,0
"Zotu4664",0,0,0,0,0,0,0,0,0,0,0,0,0,0,0,0,0,0,0,0,0,0,0,0,0,0,0,0,0,0,0,0,0,0,0,0,0,0,1,0,0,0,0,0,0,0,0,0,1,1,0,1,25,0,3,6,0,0,0,0,0,0
"Zotu3702",0,0,0,0,0,0,0,0,0,0,0,0,0,0,0,0,0,0,0,0,0,0,0,0,0,0,0,0,0,0,0,0,0,0,0,0,0,0,0,59,0,0,0,0,0,0,0,0,0,1,0,0,0,0,0,0,0,0,1,0,0,0
"Zotu2820",0,0,0,0,0,0,0,0,0,0,0,0,0,0,0,0,0,0,0,0,0,0,0,0,0,0,0,0,0,0,0,0,0,0,0,0,0,0,0,46,0,1,0,0,0,0,0,1,0,0,0,0,1,0,0,3,18,0,0,1,1,0
"Zotu4968",0,0,0,0,0,0,0,0,0,0,0,0,0,0,0,0,0,0,0,0,0,0,0,0,0,0,0,0,0,0,0,0,0,0,0,0,0,0,0,42,0,0,0,0,0,0,0,0,0,0,0,1,0,0,1,0,0,0,0,0,0,0
"Zotu1211",0,0,0,0,0,0,0,0,0,0,0,0,0,0,0,0,0,0,0,0,0,0,0,0,0,0,0,0,0,0,0,0,0,0,0,0,0,0,0,1,0,0,0,0,0,0,0,0,0,0,1,0,0,0,0,298,29,0,0,1,3,0
"Zotu5532",0,0,0,0,0,0,0,0,0,0,0,0,0,0,0,0,0,0,0,0,0,0,0,0,0,0,0,0,0,0,0,0,0,0,0,0,0,0,0,29,0,0,0,0,0,0,0,0,0,0,0,0,0,0,0,0,0,0,0,0,0,0
"Zotu1122",0,0,0,0,0,0,0,0,0,0,0,0,0,0,0,0,0,0,0,0,0,0,0,0,0,0,0,0,0,0,0,0,0,0,0,0,0,0,0,1,1,1,0,3,0,0,0,0,0,0,0,0,0,0,4,12,11,175,11,0,2,0
"Zotu5068",0,0,0,0,0,0,0,0,0,0,0,0,0,0,0,0,0,0,0,0,0,0,0,0,0,0,0,0,0,0,0,0,0,0,0,0,0,0,0,1,0,0,13,0,1,0,0,0,0,0,0,0,0,0,0,0,0,0,0,0,0,0
"Zotu6054",0,0,0,0,0,0,0,0,0,0,0,0,0,0,0,0,0,0,0,0,0,0,0,0,0,0,0,0,0,0,0,0,0,0,0,0,0,0,0,1,0,0,1,0,0,0,0,0,0,0,0,0,1,0,8,0,10,0,0,10,0,0
"Zotu3079",0,0,0,0,0,0,0,0,0,0,0,0,0,0,0,0,0,0,0,0,0,0,0,0,0,0,0,0,0,0,0,0,0,0,0,0,0,0,0,1,0,0,0,0,0,0,0,0,58,0,0,0,0,0,0,0,0,0,0,0,0,0
"Zotu5474",0,0,0,0,0,0,0,0,0,0,0,0,0,0,0,0,0,0,0,0,0,0,0,0,0,0,0,0,0,0,0,0,0,0,0,0,0,0,0,1,0,0,0,0,1,0,0,2,0,0,0,0,0,0,0,0,0,0,16,11,1,0
"Zotu723",0,0,0,0,0,0,0,0,0,0,0,0,0,0,0,0,0,0,0,0,0,0,0,0,0,0,0,0,0,0,0,0,0,0,0,0,0,0,0,1,0,0,0,0,0,0,0,0,0,0,0,0,0,0,1,1,0,1,488,0,0,0
"Zotu6198",0,0,0,0,0,0,0,0,0,0,0,0,0,0,0,0,0,0,0,0,0,0,0,0,0,0,0,0,0,0,0,0,0,0,0,0,0,0,0,1,0,0,0,0,0,0,0,0,0,0,0,0,0,1,0,20,0,0,0,0,8,0
"Zotu4355",0,0,0,0,0,0,0,0,0,0,0,0,0,0,0,0,0,0,0,0,0,0,0,0,0,0,0,0,0,0,0,0,0,0,0,0,0,0,0,1,0,1,1,0,1,0,0,0,0,0,0,0,0,2,0,29,0,0,0,0,0,0
"Zotu3347",0,0,0,0,0,0,0,0,0,0,0,0,0,0,0,0,0,0,0,0,0,0,0,0,0,0,0,0,0,0,0,0,0,0,0,0,0,0,0,2,0,0,0,1,0,0,0,0,1,0,0,0,1,0,0,1,0,64,0,1,0,0
"Zotu5396",0,0,0,0,0,0,0,0,0,0,0,0,0,0,0,0,0,0,0,0,0,0,0,0,0,0,0,0,0,0,0,0,0,0,0,0,0,0,0,1,19,0,0,0,0,0,0,0,0,0,0,0,0,0,0,0,0,0,0,0,0,0
"Zotu5529",0,0,0,0,0,0,0,0,0,0,0,0,0,0,0,0,0,0,0,0,0,0,0,0,0,0,0,0,0,0,0,0,0,0,0,0,0,0,0,1,0,0,0,3,0,0,0,0,0,0,0,0,0,0,15,5,1,0,0,0,0,0
"Zotu5020",0,0,0,0,0,0,0,0,0,0,0,0,0,0,0,0,0,0,0,0,0,0,0,0,0,0,0,0,0,0,0,0,0,0,0,0,0,0,0,1,0,0,0,0,0,0,0,0,0,0,0,0,0,0,0,0,0,0,22,0,1,0
"Zotu2315",0,0,0,0,0,0,0,0,0,0,0,0,0,0,0,0,0,0,0,0,0,0,0,0,0,0,0,0,0,0,0,0,0,0,0,0,0,0,0,1,0,0,3,0,0,0,0,0,1,0,0,0,0,0,0,30,0,0,38,0,0,0
"Zotu5554",0,0,0,0,0,0,0,0,0,0,0,0,0,0,0,0,0,0,0,0,0,0,0,0,0,0,0,0,0,0,0,0,0,0,0,0,0,0,0,1,0,0,0,0,0,0,0,0,0,0,0,0,0,0,0,27,0,0,0,0,1,0
"Zotu5649",0,0,0,0,0,0,0,0,0,0,0,0,0,0,0,0,0,0,0,0,0,0,0,0,0,0,0,0,0,0,0,0,0,0,0,0,0,0,0,1,0,0,3,25,0,0,1,0,0,0,0,0,1,0,1,0,0,0,0,0,0,0
"Zotu5211",0,0,0,0,0,0,0,0,0,0,0,0,0,0,0,0,0,0,0,0,0,0,0,0,0,0,0,0,0,0,0,0,0,0,0,0,0,0,0,1,0,26,0,0,0,0,0,0,0,0,0,0,0,0,0,0,0,0,0,0,0,0
"Zotu1882",0,0,0,0,0,0,0,0,0,0,0,0,0,0,0,0,0,0,0,0,0,0,0,0,0,0,0,0,0,0,0,0,0,0,0,0,0,0,0,2,0,0,0,2,1,0,0,0,0,0,0,1,0,0,6,28,1,0,69,0,0,2
"Zotu6105",0,0,0,0,0,0,0,0,0,0,0,0,0,0,0,0,0,0,0,0,0,0,0,0,0,0,0,0,0,0,0,0,0,0,0,0,0,0,0,1,0,0,0,0,0,0,0,0,0,0,0,0,0,0,0,0,17,0,0,0,0,0
"Zotu3617",0,0,0,0,0,0,0,0,0,0,0,0,0,0,0,0,0,0,0,0,0,0,0,0,0,0,0,0,0,0,0,0,0,0,0,0,0,0,0,1,0,61,0,0,0,1,0,0,0,0,0,0,0,0,0,1,0,0,0,0,0,0
"Zotu3282",0,0,0,0,0,0,0,0,0,0,0,0,0,0,0,0,0,0,0,0,0,0,0,0,0,0,0,0,0,0,0,0,0,0,0,0,0,0,0,1,0,0,0,0,0,0,0,0,1,0,0,0,0,7,57,0,0,0,0,0,1,0
"Zotu5731",0,0,0,0,0,0,0,0,0,0,0,0,0,0,0,0,0,0,0,0,0,0,0,0,0,0,0,0,0,0,0,0,0,0,0,0,0,0,0,1,0,0,0,0,0,0,0,0,0,0,0,0,0,19,0,0,0,0,0,0,0,6
"Zotu3236",0,0,0,0,0,0,0,0,0,0,0,0,0,0,0,0,0,0,0,0,0,0,0,0,0,0,0,0,0,0,0,0,0,0,0,0,0,0,0,0,95,0,0,0,0,0,0,0,0,0,0,0,0,0,0,0,0,0,0,0,0,0
"Zotu1732",0,0,0,0,0,0,0,0,0,0,0,0,0,0,0,0,0,0,0,0,0,0,0,0,0,0,0,0,0,0,0,0,0,0,0,0,0,0,0,0,171,0,1,0,0,0,0,0,0,0,0,0,0,0,1,0,0,0,0,0,0,1
"Zotu3049",0,0,0,0,0,0,0,0,0,0,0,0,0,0,0,0,0,0,0,0,0,0,0,0,0,0,0,0,0,0,0,0,0,0,0,0,0,0,0,0,52,0,0,0,0,0,0,0,0,0,0,0,0,0,0,0,0,0,0,0,0,0
"Zotu6098",0,0,0,0,0,0,0,0,0,0,0,0,0,0,0,0,0,0,0,0,0,0,0,0,0,0,0,0,0,0,0,0,0,0,0,0,0,0,0,0,1,0,0,31,0,0,0,0,0,0,0,0,1,0,0,0,0,0,0,0,0,0
"Zotu3884",0,0,0,0,0,0,0,0,0,0,0,0,0,0,0,0,0,0,0,0,0,0,0,0,0,0,0,0,0,0,0,0,0,0,0,0,0,0,0,0,2,0,0,0,0,0,0,0,1,0,4,0,0,1,0,0,7,1,31,0,0,0
"Zotu5564",0,0,0,0,0,0,0,0,0,0,0,0,0,0,0,0,0,0,0,0,0,0,0,0,0,0,0,0,0,0,0,0,0,0,0,0,0,0,0,0,2,0,17,0,0,0,1,0,0,0,0,0,0,0,0,0,0,0,0,0,0,0
"Zotu6296",0,0,0,0,0,0,0,0,0,0,0,0,0,0,0,0,0,0,0,0,0,0,0,0,0,0,0,0,0,0,0,0,0,0,0,0,0,0,0,0,1,0,1,0,1,0,0,0,0,0,0,0,0,0,16,0,0,0,0,0,0,0
"Zotu4883",0,0,0,0,0,0,0,0,0,0,0,0,0,0,0,0,0,0,0,0,0,0,0,0,0,0,0,0,0,0,0,0,0,0,0,0,0,0,0,0,1,36,0,0,0,0,0,0,0,1,0,0,0,0,0,0,0,0,0,0,0,0
"Zotu4303",0,0,0,0,0,0,0,0,0,0,0,0,0,0,0,0,0,0,0,0,0,0,0,0,0,0,0,0,0,0,0,0,0,0,0,0,0,0,0,0,1,1,0,0,0,0,0,1,0,0,0,0,0,26,1,0,0,0,0,0,0,0
"Zotu4278",0,0,0,0,0,0,0,0,0,0,0,0,0,0,0,0,0,0,0,0,0,0,0,0,0,0,0,0,0,0,0,0,0,0,0,0,0,0,0,0,1,51,0,0,0,0,0,0,0,0,0,1,1,0,0,0,0,0,0,0,0,0
"Zotu2579",0,0,0,0,0,0,0,0,0,0,0,0,0,0,0,0,0,0,0,0,0,0,0,0,0,0,0,0,0,0,0,0,0,0,0,0,0,0,0,0,1,0,0,0,1,0,0,0,0,0,0,1,0,0,0,4,0,0,56,0,0,0
"Zotu5355",0,0,0,0,0,0,0,0,0,0,0,0,0,0,0,0,0,0,0,0,0,0,0,0,0,0,0,0,0,0,0,0,0,0,0,0,0,0,0,0,1,0,0,0,0,1,1,0,0,0,0,0,0,0,25,0,1,0,2,0,1,0
"Zotu4478",0,0,0,0,0,0,0,0,0,0,0,0,0,0,0,0,0,0,0,0,0,0,0,0,0,0,0,0,0,0,0,0,0,0,0,0,0,0,0,0,1,0,0,0,0,0,29,1,0,0,0,0,0,1,0,0,0,0,0,0,0,0
"Zotu5972",0,0,0,0,0,0,0,0,0,0,0,0,0,0,0,0,0,0,0,0,0,0,0,0,0,0,0,0,0,0,0,0,0,0,0,0,0,0,0,0,1,0,0,0,0,0,0,0,0,0,0,0,0,18,0,0,0,0,0,0,0,0
"Zotu6299",0,0,0,0,0,0,0,0,0,0,0,0,0,0,0,0,0,0,0,0,0,0,0,0,0,0,0,0,0,0,0,0,0,0,0,0,0,0,0,0,1,0,0,9,0,0,0,0,0,0,0,0,0,0,0,0,0,0,0,0,0,0
"Zotu3899",0,0,0,0,0,0,0,0,0,0,0,0,0,0,0,0,0,0,0,0,0,0,0,0,0,0,0,0,0,0,0,0,0,0,0,0,0,0,0,0,1,0,0,0,0,0,0,0,0,0,0,0,0,0,0,0,0,38,0,0,0,0
"Zotu2388",0,0,0,0,0,0,0,0,0,0,0,0,0,0,0,0,0,0,0,0,0,0,0,0,0,0,0,0,0,0,0,0,0,0,0,0,0,0,0,0,1,0,1,0,0,0,1,82,0,0,2,1,1,1,0,1,0,1,0,1,0,1
"Zotu5471",0,0,0,0,0,0,0,0,0,0,0,0,0,0,0,0,0,0,0,0,0,0,0,0,0,0,0,0,0,0,0,0,0,0,0,0,0,0,0,0,1,0,0,0,0,0,0,0,2,0,0,0,0,1,0,0,1,0,1,5,18,1
"Zotu6183",0,0,0,0,0,0,0,0,0,0,0,0,0,0,0,0,0,0,0,0,0,0,0,0,0,0,0,0,0,0,0,0,0,0,0,0,0,0,0,0,1,0,0,0,0,1,0,0,0,1,0,0,0,0,22,0,0,0,0,1,0,1
"Zotu6150",0,0,0,0,0,0,0,0,0,0,0,0,0,0,0,0,0,0,0,0,0,0,0,0,0,0,0,0,0,0,0,0,0,0,0,0,0,0,0,0,0,18,0,0,0,0,0,0,0,0,0,1,0,0,0,0,0,0,0,0,0,0
"Zotu4023",0,0,0,0,0,0,0,0,0,0,0,0,0,0,0,0,0,0,0,0,0,0,0,0,0,0,0,0,0,0,0,0,0,0,0,0,0,0,0,0,0,50,0,0,0,0,0,0,0,0,0,0,1,0,0,0,0,0,2,0,0,0
"Zotu4357",0,0,0,0,0,0,0,0,0,0,0,0,0,0,0,0,0,0,0,0,0,0,0,0,0,0,0,0,0,0,0,0,0,0,0,0,0,0,0,0,0,35,0,0,0,0,0,0,1,0,0,0,0,0,0,0,0,0,0,0,0,0
"Zotu4468",0,0,0,0,0,0,0,0,0,0,0,0,0,0,0,0,0,0,0,0,0,0,0,0,0,0,0,0,0,0,0,0,0,0,0,0,0,0,0,0,0,39,0,0,0,0,0,0,2,0,0,0,0,0,0,0,0,0,0,1,0,0
"Zotu5198",0,0,0,0,0,0,0,0,0,0,0,0,0,0,0,0,0,0,0,0,0,0,0,0,0,0,0,0,0,0,0,0,0,0,0,0,0,0,0,0,0,25,0,1,0,0,0,0,0,0,0,0,0,0,0,0,0,0,0,0,1,0
"Zotu3241",0,0,0,0,0,0,0,0,0,0,0,0,0,0,0,0,0,0,0,0,0,0,0,0,0,0,0,0,0,0,0,0,0,0,0,0,0,0,0,0,0,1,2,0,0,0,0,0,1,0,0,1,0,0,79,1,1,0,0,0,0,1
"Zotu4408",0,0,0,0,0,0,0,0,0,0,0,0,0,0,0,0,0,0,0,0,0,0,0,0,0,0,0,0,0,0,0,0,0,0,0,0,0,0,0,0,0,1,0,0,0,0,0,3,0,0,0,0,0,0,51,0,1,0,0,0,1,1
"Zotu5828",0,0,0,0,0,0,0,0,0,0,0,0,0,0,0,0,0,0,0,0,0,0,0,0,0,0,0,0,0,0,0,0,0,0,0,0,0,0,0,0,0,19,0,0,0,0,0,0,0,0,0,1,0,0,0,0,0,0,0,0,1,1
"Zotu4150",0,0,0,0,0,0,0,0,0,0,0,0,0,0,0,0,0,0,0,0,0,0,0,0,0,0,0,0,0,0,0,0,0,0,0,0,0,0,0,0,0,34,0,0,0,0,0,0,1,0,0,0,0,0,0,0,0,0,0,0,0,0
"Zotu5732",0,0,0,0,0,0,0,0,0,0,0,0,0,0,0,0,0,0,0,0,0,0,0,0,0,0,0,0,0,0,0,0,0,0,0,0,0,0,0,0,0,1,0,0,0,0,0,0,1,0,0,0,0,0,0,0,0,0,0,0,18,0
"Zotu5404",0,0,0,0,0,0,0,0,0,0,0,0,0,0,0,0,0,0,0,0,0,0,0,0,0,0,0,0,0,0,0,0,0,0,0,0,0,0,0,0,0,1,0,0,0,0,0,0,0,0,0,0,0,0,0,0,0,0,0,15,0,0
"Zotu3322",0,0,0,0,0,0,0,0,0,0,0,0,0,0,0,0,0,0,0,0,0,0,0,0,0,0,0,0,0,0,0,0,0,0,0,0,0,0,0,0,0,1,1,0,0,0,0,0,0,76,0,0,1,0,1,0,0,0,0,0,0,0
"Zotu5330",0,0,0,0,0,0,0,0,0,0,0,0,0,0,0,0,0,0,0,0,0,0,0,0,0,0,0,0,0,0,0,0,0,0,0,0,0,0,0,0,0,2,0,0,0,0,0,0,0,1,0,0,0,0,31,0,0,0,0,0,0,0
"Zotu5736",0,0,0,0,0,0,0,0,0,0,0,0,0,0,0,0,0,0,0,0,0,0,0,0,0,0,0,0,0,0,0,0,0,0,0,0,0,0,0,0,0,1,0,0,0,0,0,0,0,0,0,1,0,0,0,0,0,17,0,0,0,0
"Zotu2433",0,0,0,0,0,0,0,0,0,0,0,0,0,0,0,0,0,0,0,0,0,0,0,0,0,0,0,0,0,0,0,0,0,0,0,0,0,0,0,0,0,2,0,0,0,0,0,0,86,0,0,0,0,0,0,0,0,0,0,0,0,0
"Zotu3469",0,0,0,0,0,0,0,0,0,0,0,0,0,0,0,0,0,0,0,0,0,0,0,0,0,0,0,0,0,0,0,0,0,0,0,0,0,0,0,0,0,1,0,0,0,0,0,0,0,0,0,0,0,0,58,0,0,0,0,0,0,0
"Zotu5618",0,0,0,0,0,0,0,0,0,0,0,0,0,0,0,0,0,0,0,0,0,0,0,0,0,0,0,0,0,0,0,0,0,0,0,0,0,0,0,0,0,1,0,0,0,0,0,45,0,0,0,0,0,0,1,0,0,0,0,0,0,0
"Zotu2291",0,0,0,0,0,0,0,0,0,0,0,0,0,0,0,0,0,0,0,0,0,0,0,0,0,0,0,0,0,0,0,0,0,0,0,0,0,0,0,0,0,1,0,0,0,0,1,0,0,0,0,0,0,0,0,0,0,155,0,0,0,0
"Zotu6387",0,0,0,0,0,0,0,0,0,0,0,0,0,0,0,0,0,0,0,0,0,0,0,0,0,0,0,0,0,0,0,0,0,0,0,0,0,0,0,0,0,1,0,0,0,0,0,0,0,0,0,0,23,0,0,0,0,0,1,0,0,0
"Zotu3653",0,0,0,0,0,0,0,0,0,0,0,0,0,0,0,0,0,0,0,0,0,0,0,0,0,0,0,0,0,0,0,0,0,0,0,0,0,0,0,0,0,1,0,0,0,0,1,66,0,1,0,0,0,0,1,0,0,0,1,1,0,0
"Zotu2843",0,0,0,0,0,0,0,0,0,0,0,0,0,0,0,0,0,0,0,0,0,0,0,0,0,0,0,0,0,0,0,0,0,0,0,0,0,0,0,0,0,1,0,0,87,1,0,1,0,1,2,0,0,0,0,0,1,0,0,0,1,0
"Zotu5334",0,0,0,0,0,0,0,0,0,0,0,0,0,0,0,0,0,0,0,0,0,0,0,0,0,0,0,0,0,0,0,0,0,0,0,0,0,0,0,0,0,1,0,0,1,0,0,0,0,0,0,0,0,0,4,0,19,0,0,0,0,0
"Zotu5601",0,0,0,0,0,0,0,0,0,0,0,0,0,0,0,0,0,0,0,0,0,0,0,0,0,0,0,0,0,0,0,0,0,0,0,0,0,0,0,0,0,1,0,0,0,0,0,0,0,0,0,0,1,0,0,0,0,0,19,0,0,0
"Zotu6067",0,0,0,0,0,0,0,0,0,0,0,0,0,0,0,0,0,0,0,0,0,0,0,0,0,0,0,0,0,0,0,0,0,0,0,0,0,0,0,0,0,1,0,0,0,0,1,0,0,0,0,0,20,0,0,0,1,0,0,0,0,0
"Zotu5898",0,0,0,0,0,0,0,0,0,0,0,0,0,0,0,0,0,0,0,0,0,0,0,0,0,0,0,0,0,0,0,0,0,0,0,0,0,0,0,0,0,1,0,0,0,0,0,0,0,0,1,0,0,0,0,0,0,0,17,0,0,0
"Zotu5435",0,0,0,0,0,0,0,0,0,0,0,0,0,0,0,0,0,0,0,0,0,0,0,0,0,0,0,0,0,0,0,0,0,0,0,0,0,0,0,0,0,2,0,0,1,0,0,0,0,0,0,0,1,0,0,2,0,0,12,0,0,0
"Zotu5081",0,0,0,0,0,0,0,0,0,0,0,0,0,0,0,0,0,0,0,0,0,0,0,0,0,0,0,0,0,0,0,0,0,0,0,0,0,0,0,0,0,1,0,0,0,0,0,28,0,0,2,0,0,1,0,0,0,0,1,0,0,0
"Zotu4932",0,0,0,0,0,0,0,0,0,0,0,0,0,0,0,0,0,0,0,0,0,0,0,0,0,0,0,0,0,0,0,0,0,0,0,0,0,0,0,0,0,1,0,0,0,0,0,0,0,36,0,0,0,0,0,0,0,0,0,0,0,0
"Zotu6010",0,0,0,0,0,0,0,0,0,0,0,0,0,0,0,0,0,0,0,0,0,0,0,0,0,0,0,0,0,0,0,0,0,0,0,0,0,0,0,0,0,1,0,0,0,0,0,0,2,0,0,0,0,0,3,2,34,1,0,0,0,0
"Zotu4517",0,0,0,0,0,0,0,0,0,0,0,0,0,0,0,0,0,0,0,0,0,0,0,0,0,0,0,0,0,0,0,0,0,0,0,0,0,0,0,0,0,1,0,0,63,2,0,0,1,1,0,1,1,0,0,1,11,1,0,1,1,0
"Zotu1922",0,0,0,0,0,0,0,0,0,0,0,0,0,0,0,0,0,0,0,0,0,0,0,0,0,0,0,0,0,0,0,0,0,0,0,0,0,0,0,0,0,0,136,0,0,0,0,0,0,0,0,0,0,0,0,0,0,0,0,0,0,0
"Zotu5114",0,0,0,0,0,0,0,0,0,0,0,0,0,0,0,0,0,0,0,0,0,0,0,0,0,0,0,0,0,0,0,0,0,0,0,0,0,0,0,0,0,0,19,0,0,0,0,0,0,0,0,0,0,0,0,0,0,0,0,0,0,1
"Zotu5079",0,0,0,0,0,0,0,0,0,0,0,0,0,0,0,0,0,0,0,0,0,0,0,0,0,0,0,0,0,0,0,0,0,0,0,0,0,0,0,0,0,0,1,0,0,0,0,0,0,0,0,0,0,0,0,0,0,24,0,0,0,0
"Zotu1422",0,0,0,0,0,0,0,0,0,0,0,0,0,0,0,0,0,0,0,0,0,0,0,0,0,0,0,0,0,0,0,0,0,0,0,0,0,0,0,0,0,0,2,0,0,0,0,0,0,160,1,0,0,0,0,1,0,0,0,0,0,1
"Zotu6120",0,0,0,0,0,0,0,0,0,0,0,0,0,0,0,0,0,0,0,0,0,0,0,0,0,0,0,0,0,0,0,0,0,0,0,0,0,0,0,0,0,0,16,0,0,0,0,0,0,0,0,0,0,0,0,0,0,1,0,0,0,1
"Zotu4722",0,0,0,0,0,0,0,0,0,0,0,0,0,0,0,0,0,0,0,0,0,0,0,0,0,0,0,0,0,0,0,0,0,0,0,0,0,0,0,0,0,0,1,0,0,0,0,0,0,0,0,0,0,0,0,0,38,0,0,0,0,0
"Zotu5219",0,0,0,0,0,0,0,0,0,0,0,0,0,0,0,0,0,0,0,0,0,0,0,0,0,0,0,0,0,0,0,0,0,0,0,0,0,0,0,0,0,0,1,0,0,0,0,0,1,0,0,0,0,0,0,0,0,0,0,0,0,32
"Zotu4573",0,0,0,0,0,0,0,0,0,0,0,0,0,0,0,0,0,0,0,0,0,0,0,0,0,0,0,0,0,0,0,0,0,0,0,0,0,0,0,0,0,0,1,0,0,0,0,0,1,0,16,1,0,1,0,1,0,0,0,2,0,32
"Zotu2714",0,0,0,0,0,0,0,0,0,0,0,0,0,0,0,0,0,0,0,0,0,0,0,0,0,0,0,0,0,0,0,0,0,0,0,0,0,0,0,0,0,0,1,0,0,0,0,88,0,0,0,0,0,1,0,0,0,0,0,1,0,0
"Zotu5133",0,0,0,0,0,0,0,0,0,0,0,0,0,0,0,0,0,0,0,0,0,0,0,0,0,0,0,0,0,0,0,0,0,0,0,0,0,0,0,0,0,0,1,0,0,1,0,0,0,0,0,0,0,0,0,1,3,27,2,0,0,0
"Zotu2906",0,0,0,0,0,0,0,0,0,0,0,0,0,0,0,0,0,0,0,0,0,0,0,0,0,0,0,0,0,0,0,0,0,0,0,0,0,0,0,0,0,0,2,0,0,0,0,0,0,1,0,0,0,0,0,0,0,0,1,87,1,0
"Zotu2075",0,0,0,0,0,0,0,0,0,0,0,0,0,0,0,0,0,0,0,0,0,0,0,0,0,0,0,0,0,0,0,0,0,0,0,0,0,0,0,0,0,0,2,0,0,1,1,0,0,0,1,7,83,0,0,0,1,0,1,2,0,0
"Zotu3952",0,0,0,0,0,0,0,0,0,0,0,0,0,0,0,0,0,0,0,0,0,0,0,0,0,0,0,0,0,0,0,0,0,0,0,0,0,0,0,0,0,0,1,0,0,0,0,52,0,0,1,0,0,0,0,1,0,1,0,0,1,0
"Zotu4350",0,0,0,0,0,0,0,0,0,0,0,0,0,0,0,0,0,0,0,0,0,0,0,0,0,0,0,0,0,0,0,0,0,0,0,0,0,0,0,0,0,0,1,0,0,0,0,0,0,0,0,0,0,0,8,0,71,0,0,0,0,0
"Zotu4474",0,0,0,0,0,0,0,0,0,0,0,0,0,0,0,0,0,0,0,0,0,0,0,0,0,0,0,0,0,0,0,0,0,0,0,0,0,0,0,0,0,0,1,0,0,0,0,0,0,0,0,0,0,0,0,0,1,0,45,0,0,0
"Zotu4950",0,0,0,0,0,0,0,0,0,0,0,0,0,0,0,0,0,0,0,0,0,0,0,0,0,0,0,0,0,0,0,0,0,0,0,0,0,0,0,0,0,0,2,2,0,0,0,0,1,0,0,0,0,0,10,1,0,0,0,29,0,0
"Zotu2877",0,0,0,0,0,0,0,0,0,0,0,0,0,0,0,0,0,0,0,0,0,0,0,0,0,0,0,0,0,0,0,0,0,0,0,0,0,0,0,0,0,0,1,0,0,2,0,0,0,0,0,1,0,0,0,0,1,2,0,0,64,15
"Zotu3606",0,0,0,0,0,0,0,0,0,0,0,0,0,0,0,0,0,0,0,0,0,0,0,0,0,0,0,0,0,0,0,0,0,0,0,0,0,0,0,0,0,0,1,0,0,1,0,0,0,0,0,0,0,0,43,10,0,0,0,1,0,0
"Zotu5556",0,0,0,0,0,0,0,0,0,0,0,0,0,0,0,0,0,0,0,0,0,0,0,0,0,0,0,0,0,0,0,0,0,0,0,0,0,0,0,0,0,0,1,0,0,0,0,1,0,0,0,0,0,0,11,15,0,0,1,0,1,0
"Zotu3474",0,0,0,0,0,0,0,0,0,0,0,0,0,0,0,0,0,0,0,0,0,0,0,0,0,0,0,0,0,0,0,0,0,0,0,0,0,0,0,0,0,0,1,0,0,0,0,0,0,0,0,0,0,1,16,33,0,0,0,0,0,0
"Zotu4492",0,0,0,0,0,0,0,0,0,0,0,0,0,0,0,0,0,0,0,0,0,0,0,0,0,0,0,0,0,0,0,0,0,0,0,0,0,0,0,0,0,0,1,1,0,1,0,0,0,0,0,0,0,0,11,21,0,0,0,0,0,0
"Zotu4358",0,0,0,0,0,0,0,0,0,0,0,0,0,0,0,0,0,0,0,0,0,0,0,0,0,0,0,0,0,0,0,0,0,0,0,0,0,0,0,0,0,0,1,0,0,0,0,0,0,0,1,0,0,0,1,0,0,1,20,0,8,1
"Zotu6051",0,0,0,0,0,0,0,0,0,0,0,0,0,0,0,0,0,0,0,0,0,0,0,0,0,0,0,0,0,0,0,0,0,0,0,0,0,0,0,0,0,0,1,1,0,0,0,1,0,0,1,0,8,4,0,1,1,2,0,0,0,0
"Zotu3677",0,0,0,0,0,0,0,0,0,0,0,0,0,0,0,0,0,0,0,0,0,0,0,0,0,0,0,0,0,0,0,0,0,0,0,0,0,0,0,0,0,0,1,0,1,0,0,44,0,0,0,0,0,0,0,0,0,0,0,0,0,2
"Zotu4393",0,0,0,0,0,0,0,0,0,0,0,0,0,0,0,0,0,0,0,0,0,0,0,0,0,0,0,0,0,0,0,0,0,0,0,0,0,0,0,0,0,0,0,15,0,1,0,0,0,0,0,6,0,0,0,5,26,0,0,0,27,0
"Zotu6035",0,0,0,0,0,0,0,0,0,0,0,0,0,0,0,0,0,0,0,0,0,0,0,0,0,0,0,0,0,0,0,0,0,0,0,0,0,0,0,0,0,0,0,32,0,1,0,0,0,0,0,0,0,1,0,0,1,0,0,0,1,0
"Zotu4776",0,0,0,0,0,0,0,0,0,0,0,0,0,0,0,0,0,0,0,0,0,0,0,0,0,0,0,0,0,0,0,0,0,0,0,0,0,0,0,0,0,0,0,35,0,0,0,0,0,0,2,0,0,0,0,0,0,1,0,0,0,0
"Zotu4467",0,0,0,0,0,0,0,0,0,0,0,0,0,0,0,0,0,0,0,0,0,0,0,0,0,0,0,0,0,0,0,0,0,0,0,0,0,0,0,0,0,0,0,8,0,0,0,0,0,32,0,0,0,0,0,0,0,0,0,4,0,0
"Zotu3966",0,0,0,0,0,0,0,0,0,0,0,0,0,0,0,0,0,0,0,0,0,0,0,0,0,0,0,0,0,0,0,0,0,0,0,0,0,0,0,0,0,0,0,103,0,0,0,0,1,1,0,0,1,1,0,0,0,0,0,1,0,0
"Zotu4838",0,0,0,0,0,0,0,0,0,0,0,0,0,0,0,0,0,0,0,0,0,0,0,0,0,0,0,0,0,0,0,0,0,0,0,0,0,0,0,0,0,0,0,30,1,0,1,0,0,0,0,0,0,0,0,0,0,0,0,0,0,0
"Zotu4253",0,0,0,0,0,0,0,0,0,0,0,0,0,0,0,0,0,0,0,0,0,0,0,0,0,0,0,0,0,0,0,0,0,0,0,0,0,0,0,0,0,0,0,30,0,0,0,0,0,0,0,0,1,1,0,0,0,1,0,0,0,0
"Zotu4425",0,0,0,0,0,0,0,0,0,0,0,0,0,0,0,0,0,0,0,0,0,0,0,0,0,0,0,0,0,0,0,0,0,0,0,0,0,0,0,0,0,0,0,32,0,0,0,2,0,0,1,1,0,0,0,0,0,0,0,0,0,0
"Zotu5871",0,0,0,0,0,0,0,0,0,0,0,0,0,0,0,0,0,0,0,0,0,0,0,0,0,0,0,0,0,0,0,0,0,0,0,0,0,0,0,0,0,0,0,36,0,0,0,0,0,0,0,0,0,0,0,0,0,0,0,0,0,0
"Zotu1231",0,0,0,0,0,0,0,0,0,0,0,0,0,0,0,0,0,0,0,0,0,0,0,0,0,0,0,0,0,0,0,0,0,0,0,0,0,0,0,0,0,0,0,1,0,0,2,1,141,0,1,0,1,0,1,0,0,0,0,0,11,0
"Zotu4314",0,0,0,0,0,0,0,0,0,0,0,0,0,0,0,0,0,0,0,0,0,0,0,0,0,0,0,0,0,0,0,0,0,0,0,0,0,0,0,0,0,0,0,33,0,0,0,0,0,0,0,0,0,0,0,0,0,0,0,1,0,1
"Zotu5246",0,0,0,0,0,0,0,0,0,0,0,0,0,0,0,0,0,0,0,0,0,0,0,0,0,0,0,0,0,0,0,0,0,0,0,0,0,0,0,0,0,0,0,1,0,0,0,2,0,0,0,6,0,0,0,1,0,0,0,0,1,5
"Zotu5573",0,0,0,0,0,0,0,0,0,0,0,0,0,0,0,0,0,0,0,0,0,0,0,0,0,0,0,0,0,0,0,0,0,0,0,0,0,0,0,0,0,0,0,4,0,0,0,0,0,0,0,2,0,0,2,1,0,0,14,0,1,0
"Zotu5720",0,0,0,0,0,0,0,0,0,0,0,0,0,0,0,0,0,0,0,0,0,0,0,0,0,0,0,0,0,0,0,0,0,0,0,0,0,0,0,0,0,0,0,1,0,0,0,0,0,0,0,0,0,0,0,0,22,0,0,0,1,0
"Zotu4543",0,0,0,0,0,0,0,0,0,0,0,0,0,0,0,0,0,0,0,0,0,0,0,0,0,0,0,0,0,0,0,0,0,0,0,0,0,0,0,0,0,0,0,1,0,0,0,0,0,0,0,1,0,0,37,16,6,0,1,0,0,0
"Zotu4586",0,0,0,0,0,0,0,0,0,0,0,0,0,0,0,0,0,0,0,0,0,0,0,0,0,0,0,0,0,0,0,0,0,0,0,0,0,0,0,0,0,0,0,1,0,0,0,0,0,0,0,0,0,0,0,0,0,20,0,0,0,0
"Zotu6245",0,0,0,0,0,0,0,0,0,0,0,0,0,0,0,0,0,0,0,0,0,0,0,0,0,0,0,0,0,0,0,0,0,0,0,0,0,0,0,0,0,0,0,1,0,0,1,0,0,0,0,0,0,0,0,0,0,0,0,0,17,0
"Zotu5964",0,0,0,0,0,0,0,0,0,0,0,0,0,0,0,0,0,0,0,0,0,0,0,0,0,0,0,0,0,0,0,0,0,0,0,0,0,0,0,0,0,0,0,1,0,0,0,0,0,0,0,0,0,0,0,18,1,0,0,0,1,0
"Zotu4202",0,0,0,0,0,0,0,0,0,0,0,0,0,0,0,0,0,0,0,0,0,0,0,0,0,0,0,0,0,0,0,0,0,0,0,0,0,0,0,0,0,0,0,1,0,0,0,0,2,0,0,1,0,0,1,0,12,0,17,0,0,0
"Zotu5895",0,0,0,0,0,0,0,0,0,0,0,0,0,0,0,0,0,0,0,0,0,0,0,0,0,0,0,0,0,0,0,0,0,0,0,0,0,0,0,0,0,0,0,1,1,0,0,0,1,0,0,1,0,23,0,0,0,0,0,0,0,0
"Zotu6267",0,0,0,0,0,0,0,0,0,0,0,0,0,0,0,0,0,0,0,0,0,0,0,0,0,0,0,0,0,0,0,0,0,0,0,0,0,0,0,0,0,0,0,1,0,0,0,0,0,0,0,0,0,0,0,0,0,0,0,11,5,0
"Zotu5850",0,0,0,0,0,0,0,0,0,0,0,0,0,0,0,0,0,0,0,0,0,0,0,0,0,0,0,0,0,0,0,0,0,0,0,0,0,0,0,0,0,0,0,1,0,0,0,1,0,0,0,0,0,0,1,11,10,0,0,0,29,0
"Zotu6216",0,0,0,0,0,0,0,0,0,0,0,0,0,0,0,0,0,0,0,0,0,0,0,0,0,0,0,0,0,0,0,0,0,0,0,0,0,0,0,0,0,0,0,1,0,0,0,0,0,0,0,0,0,0,0,0,0,0,27,0,0,0
"Zotu1609",0,0,0,0,0,0,0,0,0,0,0,0,0,0,0,0,0,0,0,0,0,0,0,0,0,0,0,0,0,0,0,0,0,0,0,0,0,0,0,0,0,0,0,1,0,3,0,0,0,0,0,0,0,0,0,0,0,123,0,1,0,0
"Zotu5614",0,0,0,0,0,0,0,0,0,0,0,0,0,0,0,0,0,0,0,0,0,0,0,0,0,0,0,0,0,0,0,0,0,0,0,0,0,0,0,0,0,0,0,1,0,0,0,1,0,0,0,0,1,0,0,9,0,0,14,1,0,0
"Zotu5284",0,0,0,0,0,0,0,0,0,0,0,0,0,0,0,0,0,0,0,0,0,0,0,0,0,0,0,0,0,0,0,0,0,0,0,0,0,0,0,0,0,0,0,1,0,0,0,0,0,0,0,1,0,0,0,0,23,0,0,1,0,0
"Zotu5916",0,0,0,0,0,0,0,0,0,0,0,0,0,0,0,0,0,0,0,0,0,0,0,0,0,0,0,0,0,0,0,0,0,0,0,0,0,0,0,0,0,0,0,1,0,0,0,0,0,0,0,0,0,0,0,0,0,0,40,0,0,0
"Zotu5100",0,0,0,0,0,0,0,0,0,0,0,0,0,0,0,0,0,0,0,0,0,0,0,0,0,0,0,0,0,0,0,0,0,0,0,0,0,0,0,0,0,0,0,1,0,0,0,0,0,0,0,0,0,0,13,31,0,1,1,0,0,0
"Zotu5741",0,0,0,0,0,0,0,0,0,0,0,0,0,0,0,0,0,0,0,0,0,0,0,0,0,0,0,0,0,0,0,0,0,0,0,0,0,0,0,0,0,0,0,1,0,0,0,0,0,0,0,0,0,0,0,12,0,0,12,0,0,0
"Zotu5006",0,0,0,0,0,0,0,0,0,0,0,0,0,0,0,0,0,0,0,0,0,0,0,0,0,0,0,0,0,0,0,0,0,0,0,0,0,0,0,0,0,0,0,1,0,0,0,0,0,0,0,0,0,0,7,3,12,1,0,0,1,0
"Zotu2593",0,0,0,0,0,0,0,0,0,0,0,0,0,0,0,0,0,0,0,0,0,0,0,0,0,0,0,0,0,0,0,0,0,0,0,0,0,0,0,0,0,0,0,1,1,0,0,0,0,1,0,0,0,11,0,1,0,0,28,8,46,0
"Zotu3667",0,0,0,0,0,0,0,0,0,0,0,0,0,0,0,0,0,0,0,0,0,0,0,0,0,0,0,0,0,0,0,0,0,0,0,0,0,0,0,0,0,0,0,0,53,0,0,0,0,0,0,0,0,0,0,0,0,0,0,1,0,0
"Zotu4280",0,0,0,0,0,0,0,0,0,0,0,0,0,0,0,0,0,0,0,0,0,0,0,0,0,0,0,0,0,0,0,0,0,0,0,0,0,0,0,0,0,0,0,0,40,0,0,0,0,0,0,0,0,0,0,0,0,0,0,0,0,0
"Zotu5658",0,0,0,0,0,0,0,0,0,0,0,0,0,0,0,0,0,0,0,0,0,0,0,0,0,0,0,0,0,0,0,0,0,0,0,0,0,0,0,0,0,0,0,0,20,0,0,0,0,0,0,0,0,0,0,0,0,0,0,0,0,0
"Zotu5570",0,0,0,0,0,0,0,0,0,0,0,0,0,0,0,0,0,0,0,0,0,0,0,0,0,0,0,0,0,0,0,0,0,0,0,0,0,0,0,0,0,0,0,0,29,0,0,0,0,0,0,1,0,0,0,0,0,0,0,0,0,0
"Zotu6169",0,0,0,0,0,0,0,0,0,0,0,0,0,0,0,0,0,0,0,0,0,0,0,0,0,0,0,0,0,0,0,0,0,0,0,0,0,0,0,0,0,0,0,0,1,0,0,0,0,0,0,0,0,0,0,0,14,0,0,0,0,0
"Zotu5653",0,0,0,0,0,0,0,0,0,0,0,0,0,0,0,0,0,0,0,0,0,0,0,0,0,0,0,0,0,0,0,0,0,0,0,0,0,0,0,0,0,0,0,0,1,1,1,0,0,1,0,0,1,1,27,0,0,0,0,0,0,0
"Zotu4864",0,0,0,0,0,0,0,0,0,0,0,0,0,0,0,0,0,0,0,0,0,0,0,0,0,0,0,0,0,0,0,0,0,0,0,0,0,0,0,0,0,0,0,0,1,0,0,0,0,0,0,0,1,0,0,0,0,0,26,0,0,0
"Zotu3509",0,0,0,0,0,0,0,0,0,0,0,0,0,0,0,0,0,0,0,0,0,0,0,0,0,0,0,0,0,0,0,0,0,0,0,0,0,0,0,0,0,0,0,0,3,1,0,0,1,0,40,1,1,0,0,0,0,0,0,1,0,0
"Zotu5137",0,0,0,0,0,0,0,0,0,0,0,0,0,0,0,0,0,0,0,0,0,0,0,0,0,0,0,0,0,0,0,0,0,0,0,0,0,0,0,0,0,0,0,0,1,1,1,2,0,1,0,4,0,19,2,11,0,0,0,14,0,1
"Zotu5998",0,0,0,0,0,0,0,0,0,0,0,0,0,0,0,0,0,0,0,0,0,0,0,0,0,0,0,0,0,0,0,0,0,0,0,0,0,0,0,0,0,0,0,0,1,0,0,0,0,0,9,0,0,0,0,0,0,0,0,0,1,0
"Zotu1940",0,0,0,0,0,0,0,0,0,0,0,0,0,0,0,0,0,0,0,0,0,0,0,0,0,0,0,0,0,0,0,0,0,0,0,0,0,0,0,0,0,0,0,0,1,0,0,0,1,1,0,1,0,0,0,0,0,0,50,36,20,1
"Zotu2938",0,0,0,0,0,0,0,0,0,0,0,0,0,0,0,0,0,0,0,0,0,0,0,0,0,0,0,0,0,0,0,0,0,0,0,0,0,0,0,0,0,0,0,0,1,0,0,0,0,0,1,0,1,2,0,0,0,0,30,0,17,0
"Zotu3656",0,0,0,0,0,0,0,0,0,0,0,0,0,0,0,0,0,0,0,0,0,0,0,0,0,0,0,0,0,0,0,0,0,0,0,0,0,0,0,0,0,0,0,0,1,0,0,0,1,0,0,0,0,0,4,49,0,0,0,0,1,1
"Zotu6144",0,0,0,0,0,0,0,0,0,0,0,0,0,0,0,0,0,0,0,0,0,0,0,0,0,0,0,0,0,0,0,0,0,0,0,0,0,0,0,0,0,0,0,0,1,0,0,0,0,0,0,0,0,1,0,0,0,0,33,0,0,0
"Zotu6249",0,0,0,0,0,0,0,0,0,0,0,0,0,0,0,0,0,0,0,0,0,0,0,0,0,0,0,0,0,0,0,0,0,0,0,0,0,0,0,0,0,0,0,0,1,0,0,0,0,0,0,0,1,0,0,0,0,0,0,25,0,0
"Zotu3426",0,0,0,0,0,0,0,0,0,0,0,0,0,0,0,0,0,0,0,0,0,0,0,0,0,0,0,0,0,0,0,0,0,0,0,0,0,0,0,0,0,0,0,0,1,1,0,0,1,0,0,0,0,0,0,0,0,0,38,0,0,0
"Zotu5067",0,0,0,0,0,0,0,0,0,0,0,0,0,0,0,0,0,0,0,0,0,0,0,0,0,0,0,0,0,0,0,0,0,0,0,0,0,0,0,0,0,0,0,0,0,28,0,0,0,0,0,0,0,0,0,0,0,0,0,0,0,0
"Zotu3894",0,0,0,0,0,0,0,0,0,0,0,0,0,0,0,0,0,0,0,0,0,0,0,0,0,0,0,0,0,0,0,0,0,0,0,0,0,0,0,0,0,0,0,0,0,58,0,0,0,0,0,0,0,0,0,0,2,0,0,0,0,0
"Zotu5236",0,0,0,0,0,0,0,0,0,0,0,0,0,0,0,0,0,0,0,0,0,0,0,0,0,0,0,0,0,0,0,0,0,0,0,0,0,0,0,0,0,0,0,0,0,24,0,0,0,0,0,0,0,0,0,0,0,0,0,0,0,0
"Zotu5713",0,0,0,0,0,0,0,0,0,0,0,0,0,0,0,0,0,0,0,0,0,0,0,0,0,0,0,0,0,0,0,0,0,0,0,0,0,0,0,0,0,0,0,0,0,21,0,0,1,0,0,0,0,0,1,0,1,1,0,0,0,0
"Zotu2660",0,0,0,0,0,0,0,0,0,0,0,0,0,0,0,0,0,0,0,0,0,0,0,0,0,0,0,0,0,0,0,0,0,0,0,0,0,0,0,0,0,0,0,0,0,30,0,0,0,0,0,2,15,0,0,0,0,0,3,22,10,1
"Zotu6359",0,0,0,0,0,0,0,0,0,0,0,0,0,0,0,0,0,0,0,0,0,0,0,0,0,0,0,0,0,0,0,0,0,0,0,0,0,0,0,0,0,0,0,0,0,2,0,0,0,0,0,9,1,0,0,0,0,0,0,18,0,0
"Zotu4828",0,0,0,0,0,0,0,0,0,0,0,0,0,0,0,0,0,0,0,0,0,0,0,0,0,0,0,0,0,0,0,0,0,0,0,0,0,0,0,0,0,0,0,0,0,1,0,0,0,0,0,0,0,0,0,0,0,0,23,0,0,0
"Zotu4788",0,0,0,0,0,0,0,0,0,0,0,0,0,0,0,0,0,0,0,0,0,0,0,0,0,0,0,0,0,0,0,0,0,0,0,0,0,0,0,0,0,0,0,0,0,1,0,0,0,0,0,0,2,1,0,0,0,0,0,44,0,0
"Zotu3876",0,0,0,0,0,0,0,0,0,0,0,0,0,0,0,0,0,0,0,0,0,0,0,0,0,0,0,0,0,0,0,0,0,0,0,0,0,0,0,0,0,0,0,0,0,0,67,0,0,0,0,0,0,0,0,0,0,0,0,0,0,0
"Zotu4445",0,0,0,0,0,0,0,0,0,0,0,0,0,0,0,0,0,0,0,0,0,0,0,0,0,0,0,0,0,0,0,0,0,0,0,0,0,0,0,0,0,0,0,0,0,0,44,0,0,0,0,0,0,0,0,0,0,0,0,0,0,0
"Zotu5141",0,0,0,0,0,0,0,0,0,0,0,0,0,0,0,0,0,0,0,0,0,0,0,0,0,0,0,0,0,0,0,0,0,0,0,0,0,0,0,0,0,0,0,0,0,0,47,0,1,0,0,0,0,0,0,0,0,0,0,0,0,0
"Zotu5452",0,0,0,0,0,0,0,0,0,0,0,0,0,0,0,0,0,0,0,0,0,0,0,0,0,0,0,0,0,0,0,0,0,0,0,0,0,0,0,0,0,0,0,0,0,0,13,0,0,0,0,0,0,0,0,0,0,0,0,0,0,0
"Zotu5548",0,0,0,0,0,0,0,0,0,0,0,0,0,0,0,0,0,0,0,0,0,0,0,0,0,0,0,0,0,0,0,0,0,0,0,0,0,0,0,0,0,0,0,0,0,0,15,0,0,0,0,0,0,0,0,0,0,0,0,0,0,0
"Zotu4237",0,0,0,0,0,0,0,0,0,0,0,0,0,0,0,0,0,0,0,0,0,0,0,0,0,0,0,0,0,0,0,0,0,0,0,0,0,0,0,0,0,0,0,0,0,0,1,1,47,0,0,0,0,0,0,0,0,0,0,0,0,1
"Zotu5558",0,0,0,0,0,0,0,0,0,0,0,0,0,0,0,0,0,0,0,0,0,0,0,0,0,0,0,0,0,0,0,0,0,0,0,0,0,0,0,0,0,0,0,0,0,0,1,0,0,0,0,0,0,0,0,0,0,0,0,0,19,0
"Zotu2432",0,0,0,0,0,0,0,0,0,0,0,0,0,0,0,0,0,0,0,0,0,0,0,0,0,0,0,0,0,0,0,0,0,0,0,0,0,0,0,0,0,0,0,0,0,0,0,133,0,0,1,0,0,0,0,0,0,0,0,0,0,0
"Zotu4226",0,0,0,0,0,0,0,0,0,0,0,0,0,0,0,0,0,0,0,0,0,0,0,0,0,0,0,0,0,0,0,0,0,0,0,0,0,0,0,0,0,0,0,0,0,0,0,42,0,0,0,0,0,0,0,1,0,0,2,0,0,0
"Zotu3458",0,0,0,0,0,0,0,0,0,0,0,0,0,0,0,0,0,0,0,0,0,0,0,0,0,0,0,0,0,0,0,0,0,0,0,0,0,0,0,0,0,0,0,0,0,0,0,47,0,0,0,0,0,0,0,1,0,0,0,0,0,0
"Zotu6324",0,0,0,0,0,0,0,0,0,0,0,0,0,0,0,0,0,0,0,0,0,0,0,0,0,0,0,0,0,0,0,0,0,0,0,0,0,0,0,0,0,0,0,0,0,0,0,1,1,0,0,1,0,0,14,0,0,0,0,0,0,1
"Zotu4397",0,0,0,0,0,0,0,0,0,0,0,0,0,0,0,0,0,0,0,0,0,0,0,0,0,0,0,0,0,0,0,0,0,0,0,0,0,0,0,0,0,0,0,0,0,0,0,1,0,0,0,0,0,0,1,0,26,0,0,0,0,0
"Zotu6282",0,0,0,0,0,0,0,0,0,0,0,0,0,0,0,0,0,0,0,0,0,0,0,0,0,0,0,0,0,0,0,0,0,0,0,0,0,0,0,0,0,0,0,0,0,0,0,1,0,0,0,0,0,0,1,0,37,0,0,0,0,0
"Zotu3499",0,0,0,0,0,0,0,0,0,0,0,0,0,0,0,0,0,0,0,0,0,0,0,0,0,0,0,0,0,0,0,0,0,0,0,0,0,0,0,0,0,0,0,0,0,0,0,1,0,56,0,0,0,0,0,0,0,0,0,0,0,0
"Zotu3582",0,0,0,0,0,0,0,0,0,0,0,0,0,0,0,0,0,0,0,0,0,0,0,0,0,0,0,0,0,0,0,0,0,0,0,0,0,0,0,0,0,0,0,0,0,0,0,1,0,0,0,0,0,0,1,0,0,0,1,14,82,0
"Zotu4725",0,0,0,0,0,0,0,0,0,0,0,0,0,0,0,0,0,0,0,0,0,0,0,0,0,0,0,0,0,0,0,0,0,0,0,0,0,0,0,0,0,0,0,0,0,0,0,1,0,0,2,1,0,0,1,1,11,26,0,0,0,0
"Zotu5302",0,0,0,0,0,0,0,0,0,0,0,0,0,0,0,0,0,0,0,0,0,0,0,0,0,0,0,0,0,0,0,0,0,0,0,0,0,0,0,0,0,0,0,0,0,0,0,1,0,0,0,0,0,0,0,0,0,0,0,14,14,0
"Zotu6160",0,0,0,0,0,0,0,0,0,0,0,0,0,0,0,0,0,0,0,0,0,0,0,0,0,0,0,0,0,0,0,0,0,0,0,0,0,0,0,0,0,0,0,0,0,0,0,1,0,0,0,0,0,0,14,12,0,0,0,0,0,0
"Zotu6092",0,0,0,0,0,0,0,0,0,0,0,0,0,0,0,0,0,0,0,0,0,0,0,0,0,0,0,0,0,0,0,0,0,0,0,0,0,0,0,0,0,0,0,0,0,0,0,0,14,0,0,0,0,0,0,0,0,0,0,0,0,0
"Zotu4627",0,0,0,0,0,0,0,0,0,0,0,0,0,0,0,0,0,0,0,0,0,0,0,0,0,0,0,0,0,0,0,0,0,0,0,0,0,0,0,0,0,0,0,0,0,0,0,0,27,0,0,0,0,0,0,0,0,0,0,0,1,0
"Zotu5240",0,0,0,0,0,0,0,0,0,0,0,0,0,0,0,0,0,0,0,0,0,0,0,0,0,0,0,0,0,0,0,0,0,0,0,0,0,0,0,0,0,0,0,0,0,0,0,0,27,0,1,0,0,0,0,0,0,0,0,0,0,0
"Zotu5823",0,0,0,0,0,0,0,0,0,0,0,0,0,0,0,0,0,0,0,0,0,0,0,0,0,0,0,0,0,0,0,0,0,0,0,0,0,0,0,0,0,0,0,0,0,0,0,0,16,0,0,0,0,0,0,0,0,0,0,0,0,0
"Zotu5444",0,0,0,0,0,0,0,0,0,0,0,0,0,0,0,0,0,0,0,0,0,0,0,0,0,0,0,0,0,0,0,0,0,0,0,0,0,0,0,0,0,0,0,0,0,0,0,0,30,0,0,0,0,0,0,0,0,0,0,0,0,0
"Zotu5280",0,0,0,0,0,0,0,0,0,0,0,0,0,0,0,0,0,0,0,0,0,0,0,0,0,0,0,0,0,0,0,0,0,0,0,0,0,0,0,0,0,0,0,0,0,0,0,0,1,0,0,0,0,0,3,0,17,0,1,0,0,0
"Zotu3993",0,0,0,0,0,0,0,0,0,0,0,0,0,0,0,0,0,0,0,0,0,0,0,0,0,0,0,0,0,0,0,0,0,0,0,0,0,0,0,0,0,0,0,0,0,0,0,0,37,0,0,0,0,1,0,0,0,1,0,0,0,0
"Zotu4030",0,0,0,0,0,0,0,0,0,0,0,0,0,0,0,0,0,0,0,0,0,0,0,0,0,0,0,0,0,0,0,0,0,0,0,0,0,0,0,0,0,0,0,0,0,0,0,0,1,0,0,0,0,0,0,0,0,36,0,0,0,0
"Zotu4946",0,0,0,0,0,0,0,0,0,0,0,0,0,0,0,0,0,0,0,0,0,0,0,0,0,0,0,0,0,0,0,0,0,0,0,0,0,0,0,0,0,0,0,0,0,0,0,0,1,1,0,0,1,0,0,0,0,0,0,0,0,13
"Zotu1556",0,0,0,0,0,0,0,0,0,0,0,0,0,0,0,0,0,0,0,0,0,0,0,0,0,0,0,0,0,0,0,0,0,0,0,0,0,0,0,0,0,0,0,0,0,0,0,0,1,0,0,0,0,0,0,0,0,156,0,0,0,0
"Zotu5841",0,0,0,0,0,0,0,0,0,0,0,0,0,0,0,0,0,0,0,0,0,0,0,0,0,0,0,0,0,0,0,0,0,0,0,0,0,0,0,0,0,0,0,0,0,0,0,0,1,0,0,0,0,0,0,0,0,52,0,0,0,0
"Zotu5386",0,0,0,0,0,0,0,0,0,0,0,0,0,0,0,0,0,0,0,0,0,0,0,0,0,0,0,0,0,0,0,0,0,0,0,0,0,0,0,0,0,0,0,0,0,0,0,0,0,1,0,0,0,0,31,5,0,0,0,0,0,0
"Zotu5711",0,0,0,0,0,0,0,0,0,0,0,0,0,0,0,0,0,0,0,0,0,0,0,0,0,0,0,0,0,0,0,0,0,0,0,0,0,0,0,0,0,0,0,0,0,0,0,0,0,0,14,0,1,0,5,6,0,0,0,0,12,1
"Zotu4761",0,0,0,0,0,0,0,0,0,0,0,0,0,0,0,0,0,0,0,0,0,0,0,0,0,0,0,0,0,0,0,0,0,0,0,0,0,0,0,0,0,0,0,0,0,0,0,0,0,0,49,0,0,0,0,0,0,0,0,0,0,0
"Zotu4982",0,0,0,0,0,0,0,0,0,0,0,0,0,0,0,0,0,0,0,0,0,0,0,0,0,0,0,0,0,0,0,0,0,0,0,0,0,0,0,0,0,0,0,0,0,0,0,0,0,0,1,0,20,0,0,0,0,0,0,0,0,0
"Zotu3034",0,0,0,0,0,0,0,0,0,0,0,0,0,0,0,0,0,0,0,0,0,0,0,0,0,0,0,0,0,0,0,0,0,0,0,0,0,0,0,0,0,0,0,0,0,0,0,0,0,0,1,0,0,0,0,1,0,0,0,54,0,0
"Zotu4682",0,0,0,0,0,0,0,0,0,0,0,0,0,0,0,0,0,0,0,0,0,0,0,0,0,0,0,0,0,0,0,0,0,0,0,0,0,0,0,0,0,0,0,0,0,0,0,0,0,0,1,0,0,35,0,0,0,0,0,0,0,0
"Zotu4224",0,0,0,0,0,0,0,0,0,0,0,0,0,0,0,0,0,0,0,0,0,0,0,0,0,0,0,0,0,0,0,0,0,0,0,0,0,0,0,0,0,0,0,0,0,0,0,0,0,0,1,0,0,0,0,0,39,0,0,0,0,0
"Zotu6174",0,0,0,0,0,0,0,0,0,0,0,0,0,0,0,0,0,0,0,0,0,0,0,0,0,0,0,0,0,0,0,0,0,0,0,0,0,0,0,0,0,0,0,0,0,0,0,0,0,0,1,0,0,0,0,0,0,0,25,0,0,0
"Zotu5475",0,0,0,0,0,0,0,0,0,0,0,0,0,0,0,0,0,0,0,0,0,0,0,0,0,0,0,0,0,0,0,0,0,0,0,0,0,0,0,0,0,0,0,0,0,0,0,0,0,0,1,1,0,0,0,0,0,0,0,0,23,0
"Zotu4960",0,0,0,0,0,0,0,0,0,0,0,0,0,0,0,0,0,0,0,0,0,0,0,0,0,0,0,0,0,0,0,0,0,0,0,0,0,0,0,0,0,0,0,0,0,0,0,0,0,0,0,5,31,0,0,1,1,0,0,0,0,0
"Zotu6393",0,0,0,0,0,0,0,0,0,0,0,0,0,0,0,0,0,0,0,0,0,0,0,0,0,0,0,0,0,0,0,0,0,0,0,0,0,0,0,0,0,0,0,0,0,0,0,0,0,0,0,13,0,0,0,0,0,15,0,0,0,0
"Zotu5473",0,0,0,0,0,0,0,0,0,0,0,0,0,0,0,0,0,0,0,0,0,0,0,0,0,0,0,0,0,0,0,0,0,0,0,0,0,0,0,0,0,0,0,0,0,0,0,0,0,0,0,1,0,0,1,14,25,0,0,0,0,0
"Zotu4592",0,0,0,0,0,0,0,0,0,0,0,0,0,0,0,0,0,0,0,0,0,0,0,0,0,0,0,0,0,0,0,0,0,0,0,0,0,0,0,0,0,0,0,0,0,0,0,0,0,0,0,2,1,0,6,0,0,0,0,30,2,0
"Zotu1653",0,0,0,0,0,0,0,0,0,0,0,0,0,0,0,0,0,0,0,0,0,0,0,0,0,0,0,0,0,0,0,0,0,0,0,0,0,0,0,0,0,0,0,0,0,0,0,0,0,0,0,3,1,1,0,12,63,0,90,0,0,0
"Zotu5487",0,0,0,0,0,0,0,0,0,0,0,0,0,0,0,0,0,0,0,0,0,0,0,0,0,0,0,0,0,0,0,0,0,0,0,0,0,0,0,0,0,0,0,0,0,0,0,0,0,0,0,3,0,10,0,0,0,0,0,0,0,0
"Zotu5896",0,0,0,0,0,0,0,0,0,0,0,0,0,0,0,0,0,0,0,0,0,0,0,0,0,0,0,0,0,0,0,0,0,0,0,0,0,0,0,0,0,0,0,0,0,0,0,0,0,0,0,1,0,0,0,0,0,0,18,0,0,0
"Zotu6276",0,0,0,0,0,0,0,0,0,0,0,0,0,0,0,0,0,0,0,0,0,0,0,0,0,0,0,0,0,0,0,0,0,0,0,0,0,0,0,0,0,0,0,0,0,0,0,0,0,0,0,0,22,0,0,0,0,0,0,0,0,0
"Zotu3487",0,0,0,0,0,0,0,0,0,0,0,0,0,0,0,0,0,0,0,0,0,0,0,0,0,0,0,0,0,0,0,0,0,0,0,0,0,0,0,0,0,0,0,0,0,0,0,0,0,0,0,0,1,0,0,2,0,0,0,0,42,0
"Zotu6083",0,0,0,0,0,0,0,0,0,0,0,0,0,0,0,0,0,0,0,0,0,0,0,0,0,0,0,0,0,0,0,0,0,0,0,0,0,0,0,0,0,0,0,0,0,0,0,0,0,0,0,0,1,1,0,0,0,0,1,15,0,0
"Zotu1956",0,0,0,0,0,0,0,0,0,0,0,0,0,0,0,0,0,0,0,0,0,0,0,0,0,0,0,0,0,0,0,0,0,0,0,0,0,0,0,0,0,0,0,0,0,0,0,0,0,0,0,0,1,0,33,64,29,0,1,0,0,0
"Zotu5359",0,0,0,0,0,0,0,0,0,0,0,0,0,0,0,0,0,0,0,0,0,0,0,0,0,0,0,0,0,0,0,0,0,0,0,0,0,0,0,0,0,0,0,0,0,0,0,0,0,0,0,0,1,0,4,18,0,0,0,18,0,0
"Zotu6246",0,0,0,0,0,0,0,0,0,0,0,0,0,0,0,0,0,0,0,0,0,0,0,0,0,0,0,0,0,0,0,0,0,0,0,0,0,0,0,0,0,0,0,0,0,0,0,0,0,0,0,0,0,10,9,1,2,0,0,1,0,0
"Zotu6380",0,0,0,0,0,0,0,0,0,0,0,0,0,0,0,0,0,0,0,0,0,0,0,0,0,0,0,0,0,0,0,0,0,0,0,0,0,0,0,0,0,0,0,0,0,0,0,0,0,0,0,0,0,20,0,0,0,0,1,0,0,0
"Zotu4885",0,0,0,0,0,0,0,0,0,0,0,0,0,0,0,0,0,0,0,0,0,0,0,0,0,0,0,0,0,0,0,0,0,0,0,0,0,0,0,0,0,0,0,0,0,0,0,0,0,0,0,0,0,0,53,0,1,0,0,0,0,0
"Zotu4399",0,0,0,0,0,0,0,0,0,0,0,0,0,0,0,0,0,0,0,0,0,0,0,0,0,0,0,0,0,0,0,0,0,0,0,0,0,0,0,0,0,0,0,0,0,0,0,0,0,0,0,0,0,0,10,11,0,0,0,0,0,0
"Zotu6212",0,0,0,0,0,0,0,0,0,0,0,0,0,0,0,0,0,0,0,0,0,0,0,0,0,0,0,0,0,0,0,0,0,0,0,0,0,0,0,0,0,0,0,0,0,0,0,0,0,0,0,0,0,0,27,0,0,0,0,0,0,0
"Zotu6223",0,0,0,0,0,0,0,0,0,0,0,0,0,0,0,0,0,0,0,0,0,0,0,0,0,0,0,0,0,0,0,0,0,0,0,0,0,0,0,0,0,0,0,0,0,0,0,0,0,0,0,0,0,0,27,0,0,0,0,0,0,0
"Zotu6241",0,0,0,0,0,0,0,0,0,0,0,0,0,0,0,0,0,0,0,0,0,0,0,0,0,0,0,0,0,0,0,0,0,0,0,0,0,0,0,0,0,0,0,0,0,0,0,0,0,0,0,0,0,0,10,0,0,0,0,0,0,0
"Zotu4115",0,0,0,0,0,0,0,0,0,0,0,0,0,0,0,0,0,0,0,0,0,0,0,0,0,0,0,0,0,0,0,0,0,0,0,0,0,0,0,0,0,0,0,0,0,0,0,0,0,0,0,0,0,0,39,0,0,0,0,0,0,0
"Zotu5993",0,0,0,0,0,0,0,0,0,0,0,0,0,0,0,0,0,0,0,0,0,0,0,0,0,0,0,0,0,0,0,0,0,0,0,0,0,0,0,0,0,0,0,0,0,0,0,0,0,0,0,0,0,0,14,0,11,0,0,0,0,0
"Zotu4944",0,0,0,0,0,0,0,0,0,0,0,0,0,0,0,0,0,0,0,0,0,0,0,0,0,0,0,0,0,0,0,0,0,0,0,0,0,0,0,0,0,0,0,0,0,0,0,0,0,0,0,0,0,0,16,9,0,0,0,0,0,0
"Zotu5879",0,0,0,0,0,0,0,0,0,0,0,0,0,0,0,0,0,0,0,0,0,0,0,0,0,0,0,0,0,0,0,0,0,0,0,0,0,0,0,0,0,0,0,0,0,0,0,0,0,0,0,0,0,0,13,0,0,0,0,0,0,0
"Zotu5292",0,0,0,0,0,0,0,0,0,0,0,0,0,0,0,0,0,0,0,0,0,0,0,0,0,0,0,0,0,0,0,0,0,0,0,0,0,0,0,0,0,0,0,0,0,0,0,0,0,0,0,0,0,0,1,3,26,0,0,0,0,0
"Zotu5376",0,0,0,0,0,0,0,0,0,0,0,0,0,0,0,0,0,0,0,0,0,0,0,0,0,0,0,0,0,0,0,0,0,0,0,0,0,0,0,0,0,0,0,0,0,0,0,0,0,0,0,0,0,0,2,23,0,0,0,0,0,0
"Zotu5553",0,0,0,0,0,0,0,0,0,0,0,0,0,0,0,0,0,0,0,0,0,0,0,0,0,0,0,0,0,0,0,0,0,0,0,0,0,0,0,0,0,0,0,0,0,0,0,0,0,0,0,0,0,0,22,0,0,0,0,0,0,0
"Zotu5524",0,0,0,0,0,0,0,0,0,0,0,0,0,0,0,0,0,0,0,0,0,0,0,0,0,0,0,0,0,0,0,0,0,0,0,0,0,0,0,0,0,0,0,0,0,0,0,0,0,0,0,0,0,0,1,0,17,0,0,1,0,0
"Zotu6179",0,0,0,0,0,0,0,0,0,0,0,0,0,0,0,0,0,0,0,0,0,0,0,0,0,0,0,0,0,0,0,0,0,0,0,0,0,0,0,0,0,0,0,0,0,0,0,0,0,0,0,0,0,0,0,25,0,0,0,0,0,1
"Zotu5328",0,0,0,0,0,0,0,0,0,0,0,0,0,0,0,0,0,0,0,0,0,0,0,0,0,0,0,0,0,0,0,0,0,0,0,0,0,0,0,0,0,0,0,0,0,0,0,0,0,0,0,0,0,0,0,36,2,0,0,0,0,0
"Zotu6027",0,0,0,0,0,0,0,0,0,0,0,0,0,0,0,0,0,0,0,0,0,0,0,0,0,0,0,0,0,0,0,0,0,0,0,0,0,0,0,0,0,0,0,0,0,0,0,0,0,0,0,0,0,0,0,12,0,0,0,0,1,0
"Zotu5258",0,0,0,0,0,0,0,0,0,0,0,0,0,0,0,0,0,0,0,0,0,0,0,0,0,0,0,0,0,0,0,0,0,0,0,0,0,0,0,0,0,0,0,0,0,0,0,0,0,0,0,0,0,0,0,12,20,0,0,0,2,0
"Zotu6077",0,0,0,0,0,0,0,0,0,0,0,0,0,0,0,0,0,0,0,0,0,0,0,0,0,0,0,0,0,0,0,0,0,0,0,0,0,0,0,0,0,0,0,0,0,0,0,0,0,0,0,0,0,0,0,1,16,0,0,0,0,0
"Zotu5383",0,0,0,0,0,0,0,0,0,0,0,0,0,0,0,0,0,0,0,0,0,0,0,0,0,0,0,0,0,0,0,0,0,0,0,0,0,0,0,0,0,0,0,0,0,0,0,0,0,0,0,0,0,0,0,1,0,32,0,0,0,0
"Zotu2348",0,0,0,0,0,0,0,0,0,0,0,0,0,0,0,0,0,0,0,0,0,0,0,0,0,0,0,0,0,0,0,0,0,0,0,0,0,0,0,0,0,0,0,0,0,0,0,0,0,0,0,0,0,0,0,0,73,0,0,0,0,0
"Zotu4126",0,0,0,0,0,0,0,0,0,0,0,0,0,0,0,0,0,0,0,0,0,0,0,0,0,0,0,0,0,0,0,0,0,0,0,0,0,0,0,0,0,0,0,0,0,0,0,0,0,0,0,0,0,0,0,0,51,0,0,0,0,0
"Zotu5290",0,0,0,0,0,0,0,0,0,0,0,0,0,0,0,0,0,0,0,0,0,0,0,0,0,0,0,0,0,0,0,0,0,0,0,0,0,0,0,0,0,0,0,0,0,0,0,0,0,0,0,0,0,0,0,0,40,0,0,0,0,0
"Zotu5502",0,0,0,0,0,0,0,0,0,0,0,0,0,0,0,0,0,0,0,0,0,0,0,0,0,0,0,0,0,0,0,0,0,0,0,0,0,0,0,0,0,0,0,0,0,0,0,0,0,0,0,0,0,0,0,0,32,0,0,0,0,0
"Zotu5698",0,0,0,0,0,0,0,0,0,0,0,0,0,0,0,0,0,0,0,0,0,0,0,0,0,0,0,0,0,0,0,0,0,0,0,0,0,0,0,0,0,0,0,0,0,0,0,0,0,0,0,0,0,0,0,0,14,0,0,0,0,0
"Zotu4554",0,0,0,0,0,0,0,0,0,0,0,0,0,0,0,0,0,0,0,0,0,0,0,0,0,0,0,0,0,0,0,0,0,0,0,0,0,0,0,0,0,0,0,0,0,0,0,0,0,0,0,0,0,0,0,0,0,27,0,0,0,0
"Zotu5184",0,0,0,0,0,0,0,0,0,0,0,0,0,0,0,0,0,0,0,0,0,0,0,0,0,0,0,0,0,0,0,0,0,0,0,0,0,0,0,0,0,0,0,0,0,0,0,0,0,0,0,0,0,0,0,0,0,45,0,0,0,0
"Zotu4824",0,0,0,0,0,0,0,0,0,0,0,0,0,0,0,0,0,0,0,0,0,0,0,0,0,0,0,0,0,0,0,0,0,0,0,0,0,0,0,0,0,0,0,0,0,0,0,0,0,0,0,0,0,0,0,0,0,0,36,0,0,0
"Zotu3544",0,0,0,0,0,0,0,0,0,0,0,0,0,0,0,0,0,0,0,0,0,0,0,0,0,0,0,0,0,0,0,0,0,0,0,0,0,0,0,0,0,0,0,0,0,0,0,0,0,0,0,0,0,0,0,0,0,0,0,46,14,0
"Zotu5337",0,0,0,0,0,0,0,0,0,0,0,0,0,0,0,0,0,0,0,0,0,0,0,0,0,0,0,0,0,0,0,0,0,0,0,0,0,0,0,0,0,0,0,0,0,0,0,0,0,0,0,0,0,0,0,0,0,0,0,42,0,0
"Zotu6358",0,0,0,0,0,0,0,0,0,0,0,0,0,0,0,0,0,0,0,0,0,0,0,0,0,0,0,0,0,0,0,0,0,0,0,0,0,0,0,0,0,0,0,0,0,0,0,0,0,0,0,0,0,0,0,0,0,0,0,16,0,0
"Zotu5859",0,0,0,0,0,0,0,0,0,0,0,0,0,0,0,0,0,0,0,0,0,0,0,0,0,0,0,0,0,0,0,0,0,0,0,0,0,0,0,0,0,0,0,0,0,0,0,0,0,0,0,0,0,0,0,0,0,0,0,17,0,0
"Zotu4768",0,0,0,0,0,0,0,0,0,0,0,0,0,0,0,0,0,0,0,0,0,0,0,0,0,0,0,0,0,0,0,0,0,0,0,0,0,0,0,0,0,0,0,0,0,0,0,0,0,0,0,0,0,0,0,0,0,0,0,19,18,4
