ANATOMY,"Interdune, Depth","Interdune, Depth","Interdune, Depth","Interdune, Depth","Interdune, Depth","Interdune, Depth","Interdune, Depth","Interdune, Depth",nan,nan,nan,nan,nan,nan,nan
Zotu,IX.10CM.A,IX.20CM.B,IX.30CM.A,IX.40CM.A,IX.50CM.A,IX.60CM.A,IX.70CM.A,IX.80CM.A,Domain,Phylum,Class,Order,Family,Genus,Species
Zotu1,0.404209,0.242986,1.066091,2.151926,0.340776,0.758441,0.700113,0.59036,bacteria,bacteroidota,chitinophagia,chitinophagales,chitinophagaceae,sediminibacterium,sediminibacterium salmoneum
Zotu2,0.180391,0.17819,0.301425,0.236712,0.256394,0.425235,0.992088,0.737949,bacteria,pseudomonadota,betaproteobacteria,burkholderiales,burkholderiaceae,burkholderia,burkholderia thailandensis
Zotu3,0.317354,0.311022,0.621887,3.44923,0.801636,0.285605,0.502323,0.499293,bacteria,pseudomonadota,alphaproteobacteria,caulobacterales,caulobacteraceae,phenylobacterium,phenylobacterium deserti
Zotu4,0.120261,0.103674,0.088841,0.126041,0.12982,0.130109,0.39558,2.552991,bacteria,pseudomonadota,betaproteobacteria,burkholderiales,oxalobacteraceae,massilia,massilia agri
Zotu5,0.083514,0.087475,0.145953,0.064558,0.110347,0.139629,0.332789,0.587219,bacteria,pseudomonadota,betaproteobacteria,burkholderiales,sphaerotilaceae,caldimonas,caldimonas caldifontis
Zotu6,0.06013,0.035638,0.04442,0.024593,0.155783,0.104722,0.188371,0.081645,bacteria,pseudomonadota,alphaproteobacteria,hyphomicrobiales,xanthobacteraceae,pseudolabrys,pseudolabrys taiwanensis
Zotu7,0.030065,0.038878,0.04442,0.033816,0.032455,0.053948,0.047093,0.618621,bacteria,actinomycetota,actinomycetes,micrococcales,micrococcaceae,arthrobacter,arthrobacter globiformis
Zotu8,0.083514,0.051837,0.031729,0.043039,0.077892,0.066641,0.091046,1.133616,bacteria,actinomycetota,actinomycetes,geodermatophilales,geodermatophilaceae,modestobacter,modestobacter marinus
Zotu9,0.016703,0.035638,0.019037,0.015371,0.022718,0.031734,0.037674,0.097347,bacteria,bacillota,bacilli,bacillales,bacillaceae,domibacillus,domibacillus antri
Zotu10,0.033406,0.035638,0.038075,0.030742,0.032455,0.044428,0.047093,0.172712,bacteria,pseudomonadota,betaproteobacteria,burkholderiales,oxalobacteraceae,herbaspirillum,herbaspirillum rhizosphaerae
Zotu11,0.106898,0.061556,0.26335,0.092225,0.162274,0.828256,0.213487,0.122468,bacteria,actinomycetota,thermoleophilia,solirubrobacterales,conexibacteraceae,conexibacter,conexibacter stalactiti
Zotu12,0.030065,0.012959,0.038075,0.021519,0.009736,0.038081,0.040814,0.684566,bacteria,bacteroidota,chitinophagia,chitinophagales,chitinophagaceae,flavisolibacter,flavisolibacter ginsengiterrae
Zotu13,0.026725,0.029158,0.025383,0.03689,0.045437,0.050774,0.053372,0.920082,bacteria,bacteroidota,chitinophagia,chitinophagales,chitinophagaceae,flavisolibacter,flavisolibacter metallilatus
Zotu14,0.0,0.0,0.0,0.0,0.0,0.0,0.0,0.0,bacteria,actinomycetota,acidimicrobiia,acidimicrobiales,acidimicrobiaceae,aciditerrimonas,aciditerrimonas ferrireducens
Zotu15,0.0,0.012959,0.006346,0.012297,0.016227,0.006347,0.012558,0.075365,bacteria,actinomycetota,actinomycetes,micrococcales,micrococcaceae,arthrobacter,arthrobacter parietis
Zotu16,0.043427,0.035638,0.041248,0.024593,0.038946,0.044428,0.26372,2.731983,bacteria,pseudomonadota,alphaproteobacteria,hyphomicrobiales,methylobacteriaceae,microvirga,microvirga roseola
Zotu17,0.076833,0.038878,0.168163,0.058409,0.068155,0.038081,0.383021,0.094206,bacteria,chloroflexota,chloroflexia,kallotenuales,kallotenuaceae,kallotenue,kallotenue papyrolyticum
Zotu18,0.053449,0.032398,0.047593,0.027668,0.048682,0.041254,0.034535,0.069085,bacteria,actinomycetota,actinomycetes,micrococcales,micrococcaceae,arthrobacter,arthrobacter halodurans
Zotu19,0.080174,0.077755,0.231621,0.193673,0.454368,1.627951,0.844531,0.106767,bacteria,actinomycetota,thermoleophilia,solirubrobacterales,conexibacteraceae,conexibacter,conexibacter stalactiti
Zotu20,0.066811,0.048597,0.079322,0.039964,0.051928,0.107895,0.078488,0.119328,bacteria,actinomycetota,actinomycetes,kitasatosporales,streptomycetaceae,streptomyces,streptomyces baliensis
Zotu21,1.005512,0.317501,0.193546,0.522611,0.10061,0.041254,0.113023,0.188413,bacteria,bacillota,bacilli,bacillales,paenibacillaceae,ammoniphilus,ammoniphilus oxalaticus
Zotu22,0.063471,0.055077,0.025383,0.039964,0.055173,0.041254,0.040814,0.056524,bacteria,pseudomonadota,gammaproteobacteria,nevskiales,nevskiaceae,panacagrimonas,panacagrimonas perspica
Zotu23,0.033406,0.009719,0.034902,0.012297,0.012982,0.022214,0.021977,0.040823,bacteria,bacteroidota,chitinophagia,chitinophagales,chitinophagaceae,segetibacter,segetibacter aerophilus
Zotu24,0.036746,0.019439,0.174509,1.724615,0.314812,0.038081,0.26058,0.182132,bacteria,pseudomonadota,betaproteobacteria,burkholderiales,burkholderiaceae,ralstonia,ralstonia syzygii
Zotu25,0.026725,0.463293,3.268078,0.227489,0.029209,0.085682,0.116162,0.021981,bacteria,actinomycetota,nitriliruptoria,egibacterales,egibacteraceae,egibacter,egibacter rhizosphaerae
Zotu26,0.020043,0.019439,0.012692,0.498017,0.045437,0.120589,0.106744,0.018841,bacteria,pseudomonadota,alphaproteobacteria,hyphomicrobiales,reyranellaceae,reyranella,reyranella massiliensis
Zotu27,0.026725,0.032398,0.015864,0.021519,0.032455,0.047601,0.031395,0.081645,bacteria,pseudomonadota,betaproteobacteria,burkholderiales,sphaerotilaceae,caldimonas,caldimonas caldifontis
Zotu28,0.150326,0.200868,0.796396,0.673245,0.314812,1.021833,0.100465,0.018841,bacteria,acidobacteriota,blastocatellia,blastocatellales,pyrinomonadaceae,pyrinomonas,pyrinomonas methylaliphatogenes
Zotu29,0.020043,0.032398,0.025383,0.055335,0.032455,0.034907,0.031395,0.251217,bacteria,actinomycetota,actinomycetes,geodermatophilales,geodermatophilaceae,modestobacter,modestobacter marinus
Zotu30,0.036746,0.009719,0.009519,0.015371,0.0357,0.041254,0.301394,0.552677,bacteria,pseudomonadota,betaproteobacteria,burkholderiales,oxalobacteraceae,massilia,massilia varians
Zotu31,0.013362,0.00648,0.009519,0.012297,0.022718,0.031734,0.015698,0.025122,bacteria,pseudomonadota,betaproteobacteria,burkholderiales,oxalobacteraceae,noviherbaspirillum,noviherbaspirillum autotrophicum
Zotu32,0.013362,0.035638,0.133261,0.633281,0.678307,0.980579,2.445686,1.406814,bacteria,bacteroidota,chitinophagia,chitinophagales,chitinophagaceae,flavisolibacter,flavisolibacter metallilatus
Zotu33,0.033406,0.035638,0.041248,0.027668,0.029209,0.076161,0.109883,0.248077,bacteria,bacillota,bacilli,bacillales,bacillaceae,domibacillus,domibacillus antri
Zotu34,0.020043,0.009719,0.02221,0.021519,0.032455,0.031734,0.025116,0.166431,bacteria,pseudomonadota,betaproteobacteria,burkholderiales,oxalobacteraceae,noviherbaspirillum,noviherbaspirillum autotrophicum
Zotu35,0.0,0.0,0.0,0.0,0.0,0.0,0.0,0.0,bacteria,bacteroidota,cytophagia,cytophagales,hymenobacteraceae,adhaeribacter,adhaeribacter arboris
Zotu36,0.043427,0.048597,0.028556,0.024593,0.06491,0.063468,0.059651,0.043963,bacteria,actinomycetota,actinomycetes,propionibacteriales,propionibacteriaceae,cutibacterium,cutibacterium acnes
Zotu37,0.026725,0.00648,0.009519,0.018445,0.006491,0.041254,0.06593,0.025122,bacteria,actinomycetota,acidimicrobiia,acidimicrobiales,acidimicrobiaceae,aciditerrimonas,aciditerrimonas ferrireducens
Zotu38,0.898614,0.097194,0.196719,0.024593,0.142802,0.072988,0.160116,0.251217,bacteria,bacillota,bacilli,bacillales,bacillaceae,priestia,priestia koreensis
Zotu39,0.013362,0.022679,0.053939,0.006148,0.038946,0.022214,0.040814,0.040823,bacteria,pseudomonadota,gammaproteobacteria,oceanospirillales,halomonadaceae,halomonas,halomonas stevensii
Zotu40,0.040087,0.00648,0.015864,0.931477,0.152538,0.01904,0.119302,0.021981,bacteria,pseudomonadota,alphaproteobacteria,hyphomicrobiales,phreatobacteraceae,phreatobacter,phreatobacter stygius
Zotu41,0.026725,0.009719,0.041248,0.046113,0.288849,0.653719,0.150697,0.056524,bacteria,actinomycetota,thermoleophilia,solirubrobacterales,baekduiaceae,baekduia,baekduia soli
Zotu42,0.006681,0.012959,0.057112,0.021519,0.022718,0.101549,0.025116,0.025122,bacteria,actinomycetota,acidimicrobiia,acidimicrobiales,acidimicrobiaceae,acidiferrimicrobium,acidiferrimicrobium australe
Zotu43,0.0,0.0,0.0,0.0,0.0,0.0,0.0,0.0,bacteria,pseudomonadota,alphaproteobacteria,sphingomonadales,sphingosinicellaceae,sphingosinicella,sphingosinicella humi
Zotu44,0.0,0.00324,0.0,0.006148,0.0,0.0,0.009419,0.028262,bacteria,pseudomonadota,alphaproteobacteria,sphingomonadales,erythrobacteraceae,croceibacterium,croceibacterium soli
Zotu45,0.033406,0.019439,0.02221,0.018445,0.019473,0.012694,0.084767,0.913801,bacteria,pseudomonadota,alphaproteobacteria,hyphomicrobiales,methylobacteriaceae,microvirga,microvirga aerilata
Zotu46,1.195925,0.139312,0.092014,0.494943,0.0357,0.041254,0.050232,0.3046,bacteria,bacillota,bacilli,bacillales,bacillaceae,priestia,priestia koreensis
Zotu47,0.026725,0.029158,0.034902,0.033816,0.0357,0.038081,0.034535,0.043963,bacteria,actinomycetota,actinomycetes,micromonosporales,micromonosporaceae,actinoplanes,actinoplanes rhizophilus
Zotu48,0.040087,0.012959,0.028556,0.024593,0.019473,0.044428,0.087907,0.175852,bacteria,pseudomonadota,betaproteobacteria,burkholderiales,comamonadaceae,caenimonas,caenimonas soli
Zotu49,0.023384,0.016199,0.019037,0.018445,0.022718,0.025387,0.015698,0.075365,bacteria,bacteroidota,chitinophagia,chitinophagales,chitinophagaceae,flavisolibacter,flavisolibacter metallilatus
Zotu50,0.016703,0.0,0.015864,0.012297,0.012982,0.00952,0.009419,0.235516,bacteria,deinococcota,deinococci,deinococcales,deinococcaceae,deinococcus,deinococcus deserti
Zotu51,0.030065,0.042118,0.003173,0.236712,0.006491,0.0,0.00314,0.00314,bacteria,pseudomonadota,alphaproteobacteria,hyphomicrobiales,kaistiaceae,kaistia,kaistia granuli
Zotu52,0.016703,0.019439,0.019037,0.012297,0.009736,0.076161,0.169534,0.037683,bacteria,actinomycetota,actinomycetes,propionibacteriales,nocardioidaceae,nocardioides,nocardioides pakistanensis
Zotu53,0.020043,0.029158,0.031729,0.015371,0.0357,0.025387,0.028256,0.037683,bacteria,actinomycetota,actinomycetes,kitasatosporales,streptomycetaceae,streptomyces,streptomyces roseolilacinus
Zotu54,0.010022,0.016199,0.015864,0.012297,0.006491,0.022214,0.028256,0.028262,bacteria,pseudomonadota,alphaproteobacteria,hyphomicrobiales,phyllobacteriaceae,phyllobacterium,phyllobacterium myrsinacearum
Zotu55,0.040087,0.038878,0.136434,0.009223,0.048682,0.041254,0.053372,0.040823,bacteria,pseudomonadota,alphaproteobacteria,hyphomicrobiales,boseaceae,bosea,bosea massiliensis
Zotu56,0.013362,0.012959,0.16499,0.009223,0.175256,0.368114,0.12872,0.251217,bacteria,pseudomonadota,alphaproteobacteria,hyphomicrobiales,methylobacteriaceae,microvirga,microvirga roseola
Zotu57,0.06013,0.097194,0.698036,0.888438,0.769181,1.980198,1.359412,0.097347,bacteria,actinomycetota,actinomycetes,nakamurellales,nakamurellaceae,nakamurella,nakamurella antarctica
Zotu58,0.020043,0.009719,0.006346,0.018445,0.016227,0.015867,0.034535,0.672005,bacteria,pseudomonadota,betaproteobacteria,burkholderiales,oxalobacteraceae,herbaspirillum,herbaspirillum rhizosphaerae
Zotu59,0.006681,0.009719,0.006346,0.003074,0.048682,0.025387,0.012558,0.065944,bacteria,pseudomonadota,betaproteobacteria,burkholderiales,comamonadaceae,ramlibacter,ramlibacter algicola
Zotu60,4.115584,0.123113,0.02221,0.006148,0.175256,0.0,0.015698,0.00314,archaea,methanobacteriota,thermoplasmata,methanomassiliicoccales,candidatus methanomethylophilaceae,candidatus methanomethylophilus,candidatus methanomethylophilus alvus
Zotu61,0.0,0.00324,0.006346,0.003074,0.0,0.0,0.0,0.00628,bacteria,bacillota,clostridia,eubacteriales,symbiobacteriaceae,symbiobacterium,symbiobacterium terraclitae
Zotu62,0.0,0.0,0.0,0.0,0.0,0.0,0.0,0.0,bacteria,actinomycetota,actinomycetes,propionibacteriales,nocardioidaceae,nocardioides,nocardioides jensenii
Zotu63,0.020043,0.00648,0.031729,0.018445,0.012982,0.00952,0.009419,0.018841,bacteria,actinomycetota,actinomycetes,pseudonocardiales,pseudonocardiaceae,pseudonocardia,pseudonocardia adelaidensis
Zotu64,0.016703,0.00324,0.031729,0.027668,0.016227,0.01904,0.018837,0.021981,bacteria,actinomycetota,actinomycetes,propionibacteriales,nocardioidaceae,nocardioides,nocardioides szechwanensis
Zotu65,0.010022,0.00648,0.009519,0.006148,0.0,0.003173,0.0,0.0,bacteria,planctomycetota,planctomycetia,pirellulales,pirellulaceae,aureliella,aureliella helgolandensis
Zotu66,0.0,0.00324,0.009519,0.006148,0.003245,0.006347,0.006279,0.018841,bacteria,bacteroidota,cytophagia,cytophagales,hymenobacteraceae,adhaeribacter,adhaeribacter aquaticus
Zotu67,0.020043,0.110154,1.129549,1.229672,0.217448,0.076161,0.028256,0.015701,bacteria,actinomycetota,actinomycetia,streptosporangiales,streptosporangiaceae,thermobispora,thermobispora bispora
Zotu68,0.003341,0.00648,0.003173,0.012297,0.0,0.003173,0.009419,0.081645,bacteria,pseudomonadota,betaproteobacteria,burkholderiales,oxalobacteraceae,oxalicibacterium,oxalicibacterium horti
Zotu69,0.003341,0.0,0.006346,0.018445,0.003245,0.006347,0.006279,0.285759,bacteria,pseudomonadota,alphaproteobacteria,rhodobacterales,roseobacteraceae,rubellimicrobium,rubellimicrobium rubrum
Zotu70,0.016703,0.00648,0.012692,0.0,0.009736,0.012694,0.006279,0.037683,bacteria,actinomycetota,actinomycetes,micrococcales,microbacteriaceae,microbacterium,microbacterium proteolyticum
Zotu71,0.0,0.0,0.009519,0.009223,0.003245,0.114242,0.238604,0.587219,bacteria,pseudomonadota,betaproteobacteria,rhodocyclales,zoogloeaceae,pseudothauera,pseudothauera nasutitermitis
Zotu72,0.036746,0.032398,0.050766,0.03689,0.022718,0.52361,0.078488,0.053384,bacteria,actinomycetota,thermoleophilia,solirubrobacterales,conexibacteraceae,conexibacter,conexibacter stalactiti
Zotu73,0.016703,0.012959,0.012692,0.009223,0.012982,0.012694,0.040814,0.854137,bacteria,pseudomonadota,betaproteobacteria,burkholderiales,oxalobacteraceae,massilia,massilia atriviolacea
Zotu74,0.033406,0.025918,0.028556,0.009223,0.10061,0.038081,0.040814,0.084786,bacteria,actinomycetota,actinomycetes,geodermatophilales,geodermatophilaceae,blastococcus,blastococcus colisei
Zotu75,0.010022,0.019439,0.02221,0.012297,0.019473,0.028561,0.12872,0.458471,bacteria,pseudomonadota,betaproteobacteria,burkholderiales,oxalobacteraceae,massilia,massilia consociata
Zotu76,0.036746,0.032398,0.028556,0.018445,0.038946,0.038081,0.034535,0.037683,bacteria,actinomycetota,acidimicrobiia,acidimicrobiales,acidimicrobiaceae,acidiferrimicrobium,acidiferrimicrobium australe
Zotu77,0.013362,0.0,0.003173,0.015371,0.009736,0.012694,0.028256,0.219815,bacteria,actinomycetota,actinomycetes,geodermatophilales,geodermatophilaceae,modestobacter,modestobacter marinus
Zotu78,0.003341,0.00324,0.009519,0.015371,0.006491,0.015867,0.018837,0.30146,bacteria,pseudomonadota,alphaproteobacteria,hyphomicrobiales,methylobacteriaceae,microvirga,microvirga vignae
Zotu79,0.023384,0.025918,0.012692,0.012297,0.016227,0.006347,0.018837,0.031402,bacteria,acidobacteriota,blastocatellia,blastocatellales,pyrinomonadaceae,pyrinomonas,pyrinomonas methylaliphatogenes
Zotu80,0.277267,0.272144,0.517181,0.009223,0.587433,0.793349,0.00314,0.009421,archaea,nitrososphaerota,nitrososphaeria,nitrososphaerales,nitrososphaeraceae,nitrososphaera,candidatus nitrososphaera gargensis
Zotu81,0.003341,0.00324,0.0,0.0,0.006491,0.003173,0.069069,0.119328,bacteria,pseudomonadota,betaproteobacteria,burkholderiales,oxalobacteraceae,herbaspirillum,herbaspirillum rhizosphaerae
Zotu82,0.010022,0.00324,0.009519,0.006148,0.009736,0.0,0.006279,0.015701,bacteria,actinomycetota,actinomycetes,micrococcales,micrococcaceae,arthrobacter,arthrobacter agilis
Zotu83,0.010022,0.025918,0.009519,0.024593,0.006491,0.038081,0.134999,0.157011,bacteria,pseudomonadota,betaproteobacteria,burkholderiales,comamonadaceae,ramlibacter,ramlibacter monticola
Zotu84,1.81393,5.280892,2.176603,0.282825,0.048682,0.006347,0.034535,0.009421,archaea,methanobacteriota,thermoplasmata,methanomassiliicoccales,candidatus methanomethylophilaceae,candidatus methanomethylophilus,candidatus methanomethylophilus alvus
Zotu85,0.013362,0.012959,0.012692,0.854622,0.009736,0.047601,0.034535,0.012561,bacteria,pseudomonadota,alphaproteobacteria,hyphomicrobiales,xanthobacteraceae,labrys,labrys wisconsinensis
Zotu86,0.053449,0.016199,0.041248,0.03689,0.058419,0.028561,0.031395,0.075365,bacteria,actinomycetota,actinomycetes,micrococcales,micrococcaceae,kocuria,kocuria rhizophila
Zotu87,0.016703,0.025918,0.050766,0.009223,0.318058,1.174156,0.285696,0.034542,bacteria,actinomycetota,acidimicrobiia,acidimicrobiales,iamiaceae,actinomarinicola,actinomarinicola tropica
Zotu88,0.016703,0.012959,0.031729,0.504166,0.06491,0.225311,0.091046,0.059664,bacteria,chloroflexota,thermomicrobia,sphaerobacterales,sphaerobacteraceae,sphaerobacter,sphaerobacter thermophilus
Zotu89,0.010022,0.022679,0.012692,0.018445,0.016227,0.025387,0.021977,0.015701,bacteria,actinomycetota,thermoleophilia,solirubrobacterales,conexibacteraceae,conexibacter,conexibacter stalactiti
Zotu90,0.0,0.019439,0.006346,0.003074,0.003245,0.00952,0.018837,0.031402,bacteria,pseudomonadota,betaproteobacteria,burkholderiales,sphaerotilaceae,caldimonas,caldimonas caldifontis
Zotu91,0.003341,0.00648,0.009519,0.006148,0.003245,0.006347,0.00314,0.081645,bacteria,bacteroidota,cytophagia,cytophagales,hymenobacteraceae,nibribacter,nibribacter koreensis
Zotu92,0.010022,0.00324,0.057112,0.129116,0.003245,0.012694,0.015698,0.00314,bacteria,pseudomonadota,betaproteobacteria,burkholderiales,sphaerotilaceae,roseateles,pelomonas aquatica
Zotu93,0.013362,0.016199,0.003173,0.006148,0.006491,0.003173,0.047093,0.323442,bacteria,pseudomonadota,betaproteobacteria,burkholderiales,burkholderiales,aquabacterium,aquabacterium limnoticum
Zotu94,0.013362,0.009719,0.009519,0.593317,0.009736,0.003173,0.018837,0.056524,bacteria,bacteroidota,cytophagia,cytophagales,hymenobacteraceae,adhaeribacter,adhaeribacter aquaticus
Zotu95,0.013362,0.029158,0.257004,0.030742,0.019473,0.165017,0.06593,0.031402,bacteria,actinomycetota,acidimicrobiia,acidimicrobiales,acidimicrobiaceae,aciditerrimonas,aciditerrimonas ferrireducens
Zotu96,0.444296,2.598328,1.497604,1.241969,0.197975,1.859609,0.577672,0.065944,bacteria,acidobacteriota,blastocatellia,blastocatellales,pyrinomonadaceae,pyrinomonas,pyrinomonas methylaliphatogenes
Zotu97,0.561216,1.02054,0.009519,0.012297,3.65442,0.0,0.018837,0.00314,archaea,methanobacteriota,thermoplasmata,methanomassiliicoccales,methanomassiliicoccaceae,methanomassiliicoccus,candidatus methanomassiliicoccus intestinalis
Zotu98,0.010022,0.009719,0.006346,0.006148,0.009736,0.00952,0.009419,0.00628,archaea,nitrososphaerota,nitrososphaeria,nitrososphaerales,nitrososphaeraceae,candidatus nitrososphaera,candidatus nitrososphaera
Zotu99,0.053449,0.029158,0.0,0.009223,0.012982,0.031734,0.009419,0.141309,bacteria,nitrospirota,nitrospiria,nitrospirales,nitrospiraceae,nitrospira,nitrospira moscoviensis
Zotu100,0.023384,0.019439,0.012692,0.009223,0.006491,0.00952,0.043953,0.395667,bacteria,pseudomonadota,gammaproteobacteria,xanthomonadales,xanthomonadaceae,lysobacter,lysobacter xinjiangensis
Zotu101,0.030065,0.080995,0.36171,0.039964,0.029209,0.136456,0.094186,0.015701,bacteria,actinomycetota,actinomycetes,frankiales,frankiaceae,protofrankia,protofrankia coriariae
Zotu102,0.040087,0.068036,0.247485,0.0,0.133065,0.310993,0.047093,0.021981,bacteria,planctomycetota,planctomycetia,pirellulales,pirellulaceae,blastopirellula,blastopirellula marina
Zotu103,0.023384,0.00648,0.009519,0.015371,0.009736,0.028561,0.043953,0.031402,bacteria,pseudomonadota,gammaproteobacteria,moraxellales,moraxellaceae,moraxella,moraxella osloensis
Zotu104,0.133623,0.025918,0.006346,0.0,0.019473,0.003173,0.040814,0.012561,bacteria,bacillota,bacilli,bacillales,bacillaceae,bacillus,bacillus funiculus
Zotu105,0.043427,0.084235,0.025383,0.636355,0.499805,0.894897,3.53196,0.505574,bacteria,chloroflexota,chloroflexia,kallotenuales,kallotenuaceae,kallotenue,kallotenue papyrolyticum
Zotu106,0.0,0.0,0.0,0.0,0.0,0.0,0.0,0.0,bacteria,gemmatimonadota,gemmatimonadetes,gemmatimonadales,gemmatimonadaceae,roseisolibacter,roseisolibacter agri
Zotu107,0.013362,0.200868,0.314116,0.836177,2.593146,0.403021,0.021977,0.00314,archaea,methanobacteriota,thermoplasmata,methanomassiliicoccales,methanomassiliicoccaceae,methanomassiliicoccus,candidatus methanomassiliicoccus intestinalis
Zotu108,0.003341,0.0,0.0,0.0,0.003245,0.00952,0.034535,0.270058,bacteria,pseudomonadota,betaproteobacteria,burkholderiales,oxalobacteraceae,noviherbaspirillum,noviherbaspirillum massiliense
Zotu109,0.0,0.0,0.0,0.0,0.0,0.0,0.0,0.0,bacteria,actinomycetota,actinomycetes,geodermatophilales,geodermatophilaceae,geodermatophilus,geodermatophilus chilensis
Zotu110,0.033406,0.042118,0.019037,0.461127,0.006491,0.012694,0.015698,0.021981,bacteria,pseudomonadota,alphaproteobacteria,hyphomicrobiales,nitrobacteraceae,bradyrhizobium,bradyrhizobium denitrificans
Zotu111,0.016703,0.025918,0.149126,0.153709,0.009736,0.095202,0.037674,0.028262,bacteria,actinomycetota,acidimicrobiia,acidimicrobiales,acidimicrobiaceae,aciditerrimonas,aciditerrimonas ferrireducens
Zotu112,0.026725,0.009719,0.034902,0.009223,0.022718,0.028561,0.009419,0.031402,bacteria,pseudomonadota,gammaproteobacteria,nevskiales,nevskiaceae,stagnimonas,stagnimonas aquatica
Zotu113,0.016703,0.016199,0.025383,0.009223,0.006491,0.00952,0.021977,0.025122,bacteria,actinomycetota,acidimicrobiia,acidimicrobiales,acidimicrobiaceae,aciditerrimonas,aciditerrimonas ferrireducens
Zotu114,0.013362,0.00648,0.006346,0.009223,0.016227,0.022214,0.009419,0.172712,bacteria,pseudomonadota,alphaproteobacteria,hyphomicrobiales,methylobacteriaceae,microvirga,microvirga aerilata
Zotu115,0.010022,0.038878,0.015864,0.015371,0.009736,0.206271,0.009419,0.015701,bacteria,actinomycetota,thermoleophilia,solirubrobacterales,conexibacteraceae,conexibacter,conexibacter stalactiti
Zotu116,0.006681,0.0,0.003173,0.0,0.0,0.0,0.006279,0.348563,bacteria,bacteroidota,chitinophagia,chitinophagales,chitinophagaceae,flavisolibacter,flavisolibacter galbus
Zotu117,0.006681,0.00648,0.009519,0.009223,0.016227,0.00952,0.018837,0.106767,bacteria,pseudomonadota,betaproteobacteria,burkholderiales,oxalobacteraceae,massilia,massilia timonae
Zotu118,0.006681,0.019439,0.006346,0.018445,0.009736,0.006347,0.012558,0.031402,bacteria,pseudomonadota,betaproteobacteria,burkholderiales,sphaerotilaceae,caldimonas,caldimonas caldifontis
Zotu119,0.013362,0.016199,0.028556,0.006148,0.045437,0.552171,1.079995,0.169571,bacteria,actinomycetota,acidimicrobiia,acidimicrobiales,iamiaceae,iamia,iamia majanohamensis
Zotu120,0.006681,0.00324,0.012692,0.006148,0.009736,0.006347,0.012558,0.119328,bacteria,pseudomonadota,gammaproteobacteria,pseudomonadales,pseudomonadaceae,pseudomonas,pseudomonas duriflava
Zotu121,0.003341,0.0,0.0,0.006148,0.061664,0.0,0.040814,0.084786,bacteria,pseudomonadota,betaproteobacteria,rhodocyclales,zoogloeaceae,pseudothauera,pseudothauera nasutitermitis
Zotu122,0.006681,0.00648,0.012692,0.018445,0.0,0.339553,0.398719,0.106767,bacteria,verrucomicrobiota,verrucomicrobiae,limisphaerales,fontisphaeraceae,fontisphaera,fontisphaera persica
Zotu123,1.182562,0.317501,0.02221,0.415014,0.084383,0.184057,0.012558,0.021981,bacteria,chloroflexota,anaerolineae,anaerolineales,anaerolineaceae,thermanaerothrix,thermanaerothrix daxensis
Zotu124,1.613496,1.231128,1.960847,0.285899,0.146047,0.161843,0.269999,0.034542,bacteria,acidobacteriota,blastocatellia,blastocatellales,pyrinomonadaceae,pyrinomonas,pyrinomonas methylaliphatogenes
Zotu125,0.006681,0.00648,0.012692,0.015371,0.022718,0.015867,0.015698,0.540116,bacteria,bacteroidota,chitinophagia,chitinophagales,chitinophagaceae,flavisolibacter,flavisolibacter metallilatus
Zotu126,0.013362,0.055077,0.139607,0.015371,0.0,0.107895,0.153836,0.204114,bacteria,bacteroidota,chitinophagia,chitinophagales,chitinophagaceae,flavisolibacter,flavisolibacter ginsengiterrae
Zotu127,0.006681,0.009719,0.003173,0.0,0.025964,0.0,0.006279,0.310881,bacteria,pseudomonadota,alphaproteobacteria,hyphomicrobiales,devosiaceae,devosia,devosia submarina
Zotu128,0.006681,0.022679,0.015864,0.009223,0.545242,0.558517,0.091046,0.028262,bacteria,pseudomonadota,gammaproteobacteria,nevskiales,nevskiaceae,panacagrimonas,panacagrimonas perspica
Zotu129,0.013362,0.025918,0.190373,0.642504,0.10061,0.18723,0.109883,0.012561,bacteria,actinomycetota,acidimicrobiia,acidimicrobiales,acidimicrobiaceae,aciditerrimonas,aciditerrimonas ferrireducens
Zotu130,0.010022,0.00648,0.0,0.003074,0.006491,0.00952,0.094186,0.464751,bacteria,pseudomonadota,betaproteobacteria,burkholderiales,oxalobacteraceae,massilia,massilia niastensis
Zotu131,0.010022,0.00648,0.012692,0.012297,0.019473,0.01904,0.025116,0.213534,bacteria,bacillota,bacilli,bacillales,bacillaceae,domibacillus,domibacillus tundrae
Zotu132,0.0,0.0,0.0,0.0,0.003245,0.0,0.00314,0.097347,bacteria,pseudomonadota,betaproteobacteria,burkholderiales,oxalobacteraceae,herbaspirillum,herbaspirillum rhizosphaerae
Zotu133,0.013362,0.016199,0.0,0.012297,0.006491,0.00952,0.015698,0.15073,bacteria,pseudomonadota,gammaproteobacteria,nevskiales,sinobacteraceae,solimonas,solimonas soli
Zotu134,0.013362,0.074516,0.225275,0.141412,0.003245,0.266565,0.122441,0.009421,bacteria,actinomycetota,acidimicrobiia,acidimicrobiales,acidimicrobiaceae,aciditerrimonas,aciditerrimonas ferrireducens
Zotu135,0.006681,0.009719,0.006346,0.009223,0.016227,0.0,0.009419,0.288899,bacteria,bacteroidota,chitinophagia,chitinophagales,chitinophagaceae,flavisolibacter,flavisolibacter metallilatus
Zotu136,0.003341,0.0,0.009519,0.009223,0.003245,0.006347,0.059651,0.417648,bacteria,pseudomonadota,betaproteobacteria,burkholderiales,oxalobacteraceae,massilia,massilia eurypsychrophila
Zotu137,0.0,0.00648,0.003173,0.0,0.003245,0.003173,0.009419,0.166431,bacteria,bacteroidota,chitinophagia,chitinophagales,chitinophagaceae,sediminibacterium,sediminibacterium salmoneum
Zotu138,0.003341,0.00648,0.009519,0.0,0.0,0.015867,0.069069,0.320301,bacteria,pseudomonadota,betaproteobacteria,burkholderiales,oxalobacteraceae,noviherbaspirillum,noviherbaspirillum autotrophicum
Zotu139,0.013362,0.009719,0.003173,0.0,0.003245,0.003173,0.006279,0.018841,bacteria,pseudomonadota,alphaproteobacteria,rhodobacterales,roseobacteraceae,rubellimicrobium,rubellimicrobium roseum
Zotu140,0.096877,0.17819,0.14278,0.44883,0.022718,1.031353,0.059651,0.021981,bacteria,actinomycetota,thermoleophilia,solirubrobacterales,conexibacteraceae,conexibacter,conexibacter stalactiti
Zotu141,0.013362,0.025918,0.003173,0.012297,0.116838,0.234831,0.134999,0.053384,bacteria,gemmatimonadota,longimicrobiia,longimicrobiales,longimicrobiaceae,longimicrobium,longimicrobium terrae
Zotu142,0.0,0.00324,0.003173,0.003074,0.0,0.0,0.0,0.018841,bacteria,bacteroidota,chitinophagia,chitinophagales,chitinophagaceae,flavisolibacter,flavisolibacter galbus
Zotu143,0.0,0.0,0.0,0.0,0.0,0.0,0.0,0.0,bacteria,actinomycetota,thermoleophilia,solirubrobacterales,solirubrobacteraceae,solirubrobacter,solirubrobacter phytolaccae
Zotu144,0.020043,0.012959,0.006346,0.006148,0.009736,0.060294,0.012558,0.00628,bacteria,pseudomonadota,alphaproteobacteria,hyphomicrobiales,nitrobacteraceae,afipia,afipia broomeae
Zotu145,0.016703,0.012959,0.012692,0.027668,0.012982,0.025387,0.009419,0.034542,bacteria,actinomycetota,actinomycetes,propionibacteriales,nocardioidaceae,nocardioides,nocardioides mesophilus
Zotu146,0.003341,0.0,0.003173,0.0,0.003245,0.006347,0.00314,0.0,bacteria,pseudomonadota,betaproteobacteria,burkholderiales,oxalobacteraceae,noviherbaspirillum,noviherbaspirillum agri
Zotu147,0.003341,0.00324,0.171336,0.009223,0.0,0.003173,0.006279,0.00314,bacteria,bacteroidota,cytophagia,cytophagales,hymenobacteraceae,adhaeribacter,adhaeribacter aquaticus
Zotu148,0.0,0.0,0.0,0.003074,0.003245,0.0,0.009419,0.0,bacteria,actinomycetota,nitriliruptoria,euzebyales,euzebyaceae,euzebya,euzebya pacifica
Zotu149,0.003341,0.009719,0.009519,0.021519,0.006491,0.101549,0.043953,0.043963,bacteria,actinomycetota,thermoleophilia,solirubrobacterales,baekduiaceae,baekduia,baekduia soli
Zotu150,0.11692,0.071276,0.453723,1.119002,0.408932,0.266565,0.354766,0.025122,bacteria,chloroflexota,thermomicrobia,sphaerobacterales,sphaerobacteraceae,sphaerobacter,sphaerobacter thermophilus
Zotu151,0.006681,0.0,0.003173,0.003074,0.009736,0.00952,0.00314,0.018841,bacteria,pseudomonadota,alphaproteobacteria,sphingomonadales,sphingomonadaceae,novosphingobium,novosphingobium stygium
Zotu152,0.036746,0.032398,0.130089,0.147561,0.009736,0.0,0.034535,0.00628,bacteria,bacillota,clostridia,eubacteriales,symbiobacteriaceae,symbiobacterium,symbiobacterium terraclitae
Zotu153,0.537832,0.294823,0.418822,0.209044,0.16552,0.349073,0.028256,0.059664,bacteria,acidobacteriota,blastocatellia,blastocatellales,pyrinomonadaceae,pyrinomonas,pyrinomonas methylaliphatogenes
Zotu154,0.036746,0.061556,0.038075,0.116819,0.152538,0.393501,0.087907,0.00628,bacteria,bacillota,clostridia,thermoanaerobacterales,thermoanaerobacteraceae,carboxydothermus,carboxydothermus hydrogenoformans
Zotu155,0.0,0.0,0.0,0.0,0.0,0.0,0.0,0.0,bacteria,actinomycetota,rubrobacteria,rubrobacterales,rubrobacteraceae,rubrobacter,rubrobacter taiwanensis
Zotu156,0.006681,0.0,0.006346,0.018445,0.009736,0.00952,0.040814,0.213534,bacteria,pseudomonadota,betaproteobacteria,burkholderiales,oxalobacteraceae,oxalicibacterium,oxalicibacterium horti
Zotu157,0.010022,0.009719,0.006346,0.009223,0.009736,0.012694,0.116162,0.44277,bacteria,pseudomonadota,alphaproteobacteria,rhodobacterales,roseobacteraceae,rubellimicrobium,rubellimicrobium thermophilum
Zotu158,0.023384,0.016199,0.031729,0.012297,0.029209,0.012694,0.015698,0.091066,bacteria,bacillota,bacilli,bacillales,planococcaceae,planomicrobium,planomicrobium okeanokoites
Zotu159,0.006681,0.016199,0.006346,0.018445,0.003245,0.00952,0.141278,1.077092,bacteria,bacteroidota,cytophagia,cytophagales,hymenobacteraceae,adhaeribacter,adhaeribacter terreus
Zotu160,0.003341,0.009719,0.006346,0.0,0.003245,0.130109,0.075348,0.157011,archaea,nitrososphaerota,nitrososphaeria,nitrososphaerales,nitrososphaeraceae,candidatus nitrososphaera,candidatus nitrososphaera
Zotu161,0.003341,0.00324,0.009519,0.003074,0.045437,0.012694,0.028256,0.015701,bacteria,pseudomonadota,betaproteobacteria,burkholderiales,oxalobacteraceae,noviherbaspirillum,noviherbaspirillum autotrophicum
Zotu162,0.013362,0.00648,0.0,0.0,0.012982,0.015867,0.009419,0.103627,bacteria,actinomycetota,actinomycetes,propionibacteriales,nocardioidaceae,nocardioides,nocardioides aquiterrae
Zotu163,0.0,0.019439,0.012692,0.021519,0.0,0.003173,0.031395,0.018841,bacteria,pseudomonadota,alphaproteobacteria,hyphomicrobiales,methylobacteriaceae,microvirga,microvirga brassicacearum
Zotu164,0.013362,0.016199,0.006346,0.003074,0.009736,0.006347,0.012558,0.00314,bacteria,pseudomonadota,alphaproteobacteria,rhodobacterales,roseobacteraceae,rubellimicrobium,rubellimicrobium rubrum
Zotu165,0.424253,0.583166,0.54891,0.703987,0.76269,0.653719,0.254301,0.103627,bacteria,actinomycetota,acidimicrobiia,acidimicrobiales,iamiaceae,actinomarinicola,actinomarinicola tropica
Zotu166,0.010022,0.019439,0.0,0.006148,0.003245,0.006347,0.32651,0.386246,bacteria,deinococcota,deinococci,deinococcales,deinococcaceae,deinococcus,deinococcus peraridilitoris
Zotu167,0.016703,0.00648,0.012692,0.012297,0.077892,0.15867,0.389301,0.172712,bacteria,actinomycetota,acidimicrobiia,acidimicrobiales,iamiaceae,iamia,iamia majanohamensis
Zotu168,0.013362,0.00648,0.006346,0.003074,0.006491,0.006347,0.06593,0.383106,bacteria,pseudomonadota,alphaproteobacteria,hyphomicrobiales,methylobacteriaceae,microvirga,microvirga guangxiensis
Zotu169,0.003341,0.0,0.006346,0.0,0.006491,0.003173,0.091046,0.533836,bacteria,bacteroidota,chitinophagia,chitinophagales,chitinophagaceae,flavisolibacter,flavisolibacter carri
Zotu170,0.043427,0.009719,0.009519,0.012297,0.006491,0.003173,0.012558,0.00628,bacteria,bacillota,bacilli,bacillales,bacillaceae,bacillus,bacillus funiculus
Zotu171,0.016703,0.323981,0.447378,0.006148,0.012982,0.00952,0.012558,0.009421,bacteria,planctomycetota,planctomycetia,gemmatales,gemmataceae,urbifossiella,urbifossiella limnaea
Zotu172,0.0,0.019439,0.006346,0.009223,0.0,0.171363,0.015698,0.00628,bacteria,chloroflexota,chloroflexia,herpetosiphonales,herpetosiphonaceae,herpetosiphon,herpetosiphon geysericola
Zotu173,0.013362,0.009719,0.009519,0.003074,0.012982,0.171363,0.025116,0.009421,bacteria,chloroflexota,chloroflexia,kallotenuales,kallotenuaceae,kallotenue,kallotenue papyrolyticum
Zotu174,0.0,0.0,0.0,0.003074,0.009736,0.006347,0.00314,0.078505,bacteria,bacillota,bacilli,bacillales,bacillaceae,lysinibacillus,lysinibacillus composti
Zotu175,0.040087,0.045357,1.713361,1.641612,0.016227,0.228484,0.034535,0.015701,bacteria,actinomycetota,rubrobacteria,rubrobacterales,rubrobacteraceae,rubrobacter,rubrobacter naiadicus
Zotu176,0.020043,0.0,0.006346,0.018445,0.003245,0.00952,0.006279,0.028262,bacteria,pseudomonadota,betaproteobacteria,burkholderiales,oxalobacteraceae,noviherbaspirillum,noviherbaspirillum denitrificans
Zotu177,0.066811,0.0,0.006346,0.0,0.0,0.006347,0.0,0.0,bacteria,actinomycetota,nitriliruptoria,egicoccales,egicoccaceae,egicoccus,egicoccus halophilus
Zotu178,0.093536,0.0,0.0,0.0,0.003245,0.263392,0.640462,0.00314,bacteria,planctomycetota,planctomycetia,pirellulales,pirellulaceae,candidatus anammoximicrobium,candidatus anammoximicrobium moscowii
Zotu179,0.010022,0.0,0.003173,0.018445,0.006491,0.003173,0.00314,0.204114,bacteria,pseudomonadota,betaproteobacteria,burkholderiales,oxalobacteraceae,noviherbaspirillum,noviherbaspirillum aerium
Zotu180,0.0,0.0,0.0,0.0,0.0,0.0,0.0,0.0,bacteria,pseudomonadota,alphaproteobacteria,sphingomonadales,sphingomonadaceae,sphingomonas,sphingomonas sediminicola
Zotu181,0.020043,0.016199,0.003173,0.433459,0.006491,0.006347,0.006279,0.012561,bacteria,pseudomonadota,alphaproteobacteria,hyphomicrobiales,methylobacteriaceae,methylobacterium,methylobacterium dankookense
Zotu182,0.0,0.0,0.0,0.0,0.0,0.0,0.0,0.0,bacteria,chloroflexota,thermomicrobia,sphaerobacterales,sphaerobacteraceae,sphaerobacter,sphaerobacter thermophilus
Zotu183,0.0,0.0,0.003173,0.0,0.0,0.006347,0.0,0.00314,bacteria,actinomycetota,actinomycetes,propionibacteriales,nocardioidaceae,nocardioides,nocardioides marinus
Zotu184,0.010022,0.00324,0.015864,0.015371,0.019473,0.012694,0.012558,0.00314,bacteria,acidobacteriota,blastocatellia,blastocatellales,blastocatellaceae,aridibacter,aridibacter famidurans
Zotu185,0.003341,0.00324,0.003173,0.0,0.0,0.038081,0.00314,0.00628,bacteria,pseudomonadota,gammaproteobacteria,oceanospirillales,halomonadaceae,halomonas,halomonas axialensis
Zotu186,0.026725,0.116633,0.072976,0.003074,0.12982,0.618812,0.238604,0.053384,bacteria,chloroflexota,chloroflexia,herpetosiphonales,herpetosiphonaceae,herpetosiphon,herpetosiphon aurantiacus
Zotu187,0.0,0.0,0.0,0.009223,0.0,0.0,0.031395,0.015701,bacteria,pseudomonadota,alphaproteobacteria,sphingomonadales,sphingomonadaceae,sphingomonas,sphingomonas trueperi
Zotu188,0.013362,0.077755,0.095187,0.199822,0.009736,0.066641,0.015698,0.015701,bacteria,actinomycetota,coriobacteriia,coriobacteriales,coriobacteriaceae,enorma,enorma burkinafasonensis
Zotu189,0.026725,0.0,0.0,0.018445,0.019473,0.006347,0.018837,0.034542,bacteria,pseudomonadota,alphaproteobacteria,rhodobacterales,paracoccaceae,paracoccus,paracoccus marinus
Zotu190,0.003341,0.009719,0.019037,0.003074,0.087628,0.082508,0.844531,0.624902,bacteria,chloroflexota,chloroflexia,kallotenuales,kallotenuaceae,kallotenue,kallotenue papyrolyticum
Zotu191,0.006681,0.00648,0.0,0.0,0.0,0.003173,0.00314,0.00628,bacteria,bacteroidota,cytophagia,cytophagales,hymenobacteraceae,adhaeribacter,adhaeribacter aquaticus
Zotu192,0.003341,0.00648,0.0,0.0,0.006491,0.301472,0.160116,0.00314,archaea,nitrososphaerota,nitrososphaeria,nitrososphaerales,nitrososphaeraceae,candidatus nitrososphaera,candidatus nitrososphaera
Zotu193,0.010022,0.00324,0.006346,0.009223,0.009736,0.006347,0.006279,0.037683,bacteria,bacillota,bacilli,bacillales,bacillaceae,pseudalkalibacillus,pseudalkalibacillus decolorationis
Zotu194,0.0,0.0,0.0,0.0,0.0,0.0,0.0,0.0,bacteria,actinomycetota,actinomycetes,geodermatophilales,geodermatophilaceae,blastococcus,blastococcus jejuensis
Zotu195,0.010022,0.016199,0.0,0.0,0.379722,0.120589,0.756624,1.237243,archaea,nitrososphaerota,nitrososphaeria,nitrososphaerales,nitrososphaeraceae,candidatus nitrososphaera,candidatus nitrososphaera
Zotu196,0.003341,0.0,0.012692,0.003074,0.009736,0.006347,0.0,0.015701,bacteria,pseudomonadota,gammaproteobacteria,nevskiales,sinobacteraceae,solimonas,solimonas soli
Zotu197,0.013362,0.012959,0.006346,0.009223,0.0,0.00952,0.006279,0.040823,bacteria,bacteroidota,cytophagia,cytophagales,hymenobacteraceae,nibribacter,nibribacter koreensis
Zotu198,0.0,0.0,0.003173,0.009223,0.009736,0.006347,0.00314,0.015701,bacteria,actinomycetota,actinomycetia,micrococcales,micrococcaceae,kocuria,kocuria rosea
Zotu199,0.0,0.0,0.0,0.0,0.0,0.003173,0.0,0.043963,bacteria,bacteroidota,chitinophagia,chitinophagales,chitinophagaceae,flavisolibacter,flavisolibacter ginsengiterrae
Zotu200,0.013362,0.009719,0.012692,0.0,0.016227,0.006347,0.185232,0.034542,archaea,methanobacteriota,thermoplasmata,methanomassiliicoccales,methanomassiliicoccaceae,methanomassiliicoccus,candidatus methanomassiliicoccus intestinalis
Zotu201,0.020043,0.0,0.009519,0.009223,0.003245,0.006347,0.006279,0.097347,bacteria,pseudomonadota,alphaproteobacteria,hyphomicrobiales,methylobacteriaceae,microvirga,microvirga roseola
Zotu202,0.554535,0.204108,0.069804,0.009223,0.009736,0.053948,0.047093,0.050243,bacteria,bacillota,bacilli,bacillales,paenibacillaceae,ammoniphilus,ammoniphilus resinae
Zotu203,0.016703,0.0,0.003173,0.079929,0.048682,0.060294,0.043953,0.021981,bacteria,actinomycetota,rubrobacteria,rubrobacterales,rubrobacteraceae,rubrobacter,rubrobacter radiotolerans
Zotu204,0.016703,0.00324,0.006346,0.006148,0.009736,0.00952,0.087907,0.354844,bacteria,pseudomonadota,betaproteobacteria,burkholderiales,oxalobacteraceae,noviherbaspirillum,noviherbaspirillum aerium
Zotu205,0.016703,0.016199,0.015864,0.015371,0.006491,0.028561,0.012558,0.031402,bacteria,pseudomonadota,alphaproteobacteria,rhodobacterales,paracoccaceae,paracoccus,paracoccus yeei
Zotu206,0.003341,0.00648,0.003173,0.003074,0.009736,0.003173,0.012558,0.00314,bacteria,gemmatimonadota,longimicrobiia,longimicrobiales,longimicrobiaceae,longimicrobium,longimicrobium terrae
Zotu207,0.0,0.00324,0.0,0.006148,0.006491,0.0,0.031395,0.094206,bacteria,pseudomonadota,gammaproteobacteria,xanthomonadales,xanthomonadaceae,lysobacter,lysobacter bugurensis
Zotu208,0.05679,0.064796,0.111051,0.012297,0.243412,0.342727,0.084767,0.018841,bacteria,bacillota,clostridia,eubacteriales,clostridiales family xvii. incertae sedis,thermaerobacter,thermaerobacter subterraneus
Zotu209,0.006681,0.0,0.003173,0.006148,0.003245,0.076161,0.141278,0.043963,bacteria,pseudomonadota,betaproteobacteria,burkholderiales,oxalobacteraceae,noviherbaspirillum,noviherbaspirillum autotrophicum
Zotu210,0.006681,0.00648,0.215757,0.021519,0.019473,0.050774,0.021977,0.025122,bacteria,actinomycetota,actinomycetes,streptosporangiales,streptosporangiaceae,nonomuraea,nonomuraea thailandensis
Zotu211,0.003341,0.012959,0.009519,0.003074,0.025964,0.050774,0.078488,0.065944,bacteria,actinomycetota,acidimicrobiia,acidimicrobiales,acidimicrobiaceae,aciditerrimonas,aciditerrimonas ferrireducens
Zotu212,0.0,0.0,0.0,0.0,0.0,0.0,0.0,0.0,bacteria,actinomycetota,actinomycetes,geodermatophilales,geodermatophilaceae,blastococcus,blastococcus aggregatus
Zotu213,0.023384,0.0,0.015864,0.009223,0.016227,0.003173,0.031395,0.175852,bacteria,pseudomonadota,gammaproteobacteria,xanthomonadales,xanthomonadaceae,lysobacter,lysobacter silvisoli
Zotu214,0.457658,0.622044,0.184028,0.012297,0.879527,0.053948,0.018837,0.012561,bacteria,pseudomonadota,alphaproteobacteria,hyphomicrobiales,hyphomicrobiaceae,methylothermalis,methylothermalis aethiopiae
Zotu215,0.013362,0.032398,0.057112,0.039964,0.061664,0.028561,5.205325,0.942063,bacteria,chloroflexota,chloroflexia,kallotenuales,kallotenuaceae,kallotenue,kallotenue papyrolyticum
Zotu216,0.006681,0.00324,0.009519,0.006148,0.006491,0.01904,0.021977,0.109907,bacteria,actinomycetota,actinomycetes,geodermatophilales,geodermatophilaceae,modestobacter,modestobacter marinus
Zotu217,0.0,0.0,0.003173,0.003074,0.006491,0.0,0.00314,0.222955,bacteria,bacteroidota,chitinophagia,chitinophagales,chitinophagaceae,flavisolibacter,flavisolibacter galbus
Zotu218,0.003341,0.00324,0.003173,0.012297,0.009736,0.00952,0.116162,0.392526,bacteria,pseudomonadota,betaproteobacteria,burkholderiales,oxalobacteraceae,noviherbaspirillum,noviherbaspirillum autotrophicum
Zotu219,0.016703,0.012959,0.015864,0.018445,0.003245,0.006347,0.012558,0.015701,bacteria,actinomycetota,acidimicrobiia,acidimicrobiales,acidimicrobiaceae,aciditerrimonas,aciditerrimonas ferrireducens
Zotu220,0.0,0.032398,0.212584,0.359679,1.645463,1.015486,0.288836,0.00314,bacteria,actinomycetota,thermoleophilia,solirubrobacterales,solirubrobacteraceae,solirubrobacter,solirubrobacter phytolaccae
Zotu221,0.006681,0.00648,0.028556,0.0,0.0,0.00952,0.009419,0.0,bacteria,actinomycetota,actinomycetes,kitasatosporales,streptomycetaceae,streptomyces,streptomyces flavogriseus
Zotu222,0.023384,0.035638,0.101533,0.20597,0.688044,0.590251,1.645109,0.015701,bacteria,actinomycetota,acidimicrobiia,acidimicrobiales,acidimicrobiaceae,aciditerrimonas,aciditerrimonas ferrireducens
Zotu223,0.036746,0.00324,0.003173,0.006148,0.003245,0.006347,0.012558,0.009421,bacteria,bacillota,bacilli,bacillales,paenibacillaceae,oxalophagus,oxalophagus oxalicus
Zotu224,0.003341,0.00648,0.015864,0.003074,0.009736,0.003173,0.012558,0.113048,bacteria,pseudomonadota,alphaproteobacteria,rhodobacterales,roseobacteraceae,rubellimicrobium,rubellimicrobium rubrum
Zotu225,0.006681,0.009719,0.006346,0.012297,0.006491,0.022214,0.047093,0.427069,bacteria,pseudomonadota,betaproteobacteria,burkholderiales,burkholderiales,aquabacterium,aquabacterium limnoticum
Zotu226,0.0,0.0,0.0,0.0,0.0,0.0,0.0,0.0,bacteria,bacteroidota,cytophagia,cytophagales,hymenobacteraceae,adhaeribacter,adhaeribacter aerophilus
Zotu227,0.0,0.0,0.0,0.0,0.0,0.0,0.0,0.0,bacteria,actinomycetota,actinomycetes,pseudonocardiales,pseudonocardiaceae,thermocrispum,thermocrispum municipale
Zotu228,0.006681,0.00324,0.009519,0.015371,0.006491,0.00952,0.012558,0.031402,bacteria,pseudomonadota,betaproteobacteria,burkholderiales,oxalobacteraceae,oxalicibacterium,oxalicibacterium horti
Zotu229,0.016703,0.00324,0.009519,0.012297,0.009736,0.00952,0.018837,0.009421,bacteria,actinomycetota,acidimicrobiia,acidimicrobiales,iamiaceae,actinomarinicola,actinomarinicola tropica
Zotu230,0.0,0.00324,0.0,0.0,0.0,0.0,0.00314,0.395667,bacteria,bacteroidota,chitinophagia,chitinophagales,chitinophagaceae,flavisolibacter,flavisolibacter galbus
Zotu231,0.076833,0.129592,0.0,0.224415,0.285603,0.123762,0.841391,0.059664,archaea,methanobacteriota,thermoplasmata,methanomassiliicoccales,methanomassiliicoccaceae,methanomassiliicoccus,candidatus methanomassiliicoccus intestinalis
Zotu232,0.003341,0.00648,0.006346,0.012297,0.016227,0.003173,0.204069,0.175852,bacteria,pseudomonadota,betaproteobacteria,burkholderiales,oxalobacteraceae,herbaspirillum,herbaspirillum rhizosphaerae
Zotu233,0.010022,0.00648,0.006346,0.009223,0.032455,0.00952,0.009419,0.015701,bacteria,gemmatimonadota,longimicrobiia,longimicrobiales,longimicrobiaceae,longimicrobium,longimicrobium terrae
Zotu234,0.0,0.0,0.012692,0.003074,0.006491,0.00952,0.006279,0.018841,bacteria,bacteroidota,chitinophagia,chitinophagales,chitinophagaceae,flavisolibacter,flavisolibacter metallilatus
Zotu235,0.006681,0.009719,0.0,0.0,0.009736,0.0,0.0,0.361124,bacteria,pseudomonadota,betaproteobacteria,burkholderiales,oxalobacteraceae,noviherbaspirillum,noviherbaspirillum aerium
Zotu236,0.013362,0.0,0.012692,0.018445,0.012982,0.01904,0.015698,0.012561,bacteria,actinomycetota,actinomycetes,mycobacteriales,corynebacteriaceae,corynebacterium,corynebacterium vitaeruminis
Zotu237,0.023384,0.00648,0.009519,0.288973,0.051928,0.053948,0.015698,0.00314,bacteria,gemmatimonadota,gemmatimonadetes,gemmatimonadales,gemmatimonadaceae,gemmatimonas,gemmatimonas phototrophica
Zotu238,0.0,0.0,0.003173,0.006148,0.003245,0.012694,0.006279,0.00314,bacteria,actinomycetota,rubrobacteria,rubrobacterales,rubrobacteraceae,rubrobacter,rubrobacter spartanus
Zotu239,0.0,0.009719,0.009519,0.0,0.009736,0.003173,0.00314,0.229235,bacteria,pseudomonadota,alphaproteobacteria,rhodobacterales,roseobacteraceae,rubellimicrobium,rubellimicrobium rubrum
Zotu240,0.734926,0.994622,0.83447,0.362753,0.06491,0.00952,0.012558,0.018841,bacteria,pseudomonadota,deltaproteobacteria,desulfuromonadales,desulfuromonadaceae,pelobacter,pelobacter carbinolicus
Zotu241,0.033406,0.019439,0.101533,0.0,0.06491,0.456969,0.404998,0.081645,bacteria,chloroflexota,chloroflexia,herpetosiphonales,herpetosiphonaceae,herpetosiphon,herpetosiphon aurantiacus
Zotu242,0.010022,0.00324,0.0,0.0,0.009736,0.006347,0.0,0.009421,bacteria,chloroflexota,chloroflexia,kallotenuales,kallotenuaceae,kallotenue,kallotenue papyrolyticum
Zotu243,0.0,0.00648,0.009519,0.009223,0.003245,0.066641,0.043953,0.00314,bacteria,actinomycetota,acidimicrobiia,acidimicrobiales,iamiaceae,actinomarinicola,actinomarinicola tropica
Zotu244,0.303992,0.217067,0.298252,0.577946,0.162274,0.101549,0.059651,0.018841,bacteria,chloroflexota,tepidiformia,tepidiformales,tepidiformaceae,tepidiforma,tepidiforma bonchosmolovskayae
Zotu245,0.076833,0.00324,0.038075,0.015371,0.003245,0.038081,0.106744,0.078505,bacteria,actinomycetota,actinomycetes,geodermatophilales,geodermatophilaceae,geodermatophilus,geodermatophilus ruber
Zotu246,0.040087,0.068036,0.076149,0.119893,0.736726,0.218964,0.257441,0.025122,bacteria,actinomycetota,rubrobacteria,rubrobacterales,rubrobacteraceae,rubrobacter,rubrobacter radiotolerans
Zotu247,0.006681,0.00324,0.015864,0.018445,0.0,0.025387,0.006279,0.015701,bacteria,actinomycetota,thermoleophilia,solirubrobacterales,conexibacteraceae,conexibacter,conexibacter stalactiti
Zotu248,0.0,0.00324,0.003173,0.0,0.006491,0.012694,0.009419,0.131889,bacteria,pseudomonadota,betaproteobacteria,burkholderiales,oxalobacteraceae,noviherbaspirillum,noviherbaspirillum autotrophicum
Zotu249,0.0,0.0,0.003173,0.003074,0.003245,0.0,0.009419,0.043963,bacteria,chloroflexota,thermomicrobia,sphaerobacterales,sphaerobacteraceae,sphaerobacter,sphaerobacter thermophilus
Zotu250,0.0,0.0,0.009519,0.003074,0.0,0.003173,0.0,0.00628,bacteria,bacteroidota,chitinophagia,chitinophagales,chitinophagaceae,flavisolibacter,flavisolibacter ginsengiterrae
Zotu251,0.003341,0.0,0.003173,0.003074,0.006491,0.00952,0.00314,0.009421,bacteria,pseudomonadota,betaproteobacteria,burkholderiales,sphaerotilaceae,rubrivivax,rubrivivax rivuli
Zotu252,0.968766,1.36396,1.208871,0.003074,0.116838,0.00952,0.012558,0.0,archaea,methanobacteriota,thermoplasmata,methanomassiliicoccales,candidatus methanomethylophilaceae,candidatus methanomethylophilus,candidatus methanomethylophilus alvus
Zotu253,0.013362,0.00648,0.009519,0.003074,0.009736,0.003173,0.015698,0.690846,bacteria,bacteroidota,chitinophagia,chitinophagales,chitinophagaceae,flavisolibacter,flavisolibacter ginsengiterrae
Zotu254,0.023384,0.009719,0.009519,0.009223,0.0,0.003173,0.094186,0.043963,bacteria,actinomycetota,thermoleophilia,miltoncostaeales,miltoncostaeaceae,miltoncostaea,miltoncostaea oceani
Zotu255,0.013362,0.029158,0.003173,0.0,0.090874,0.0,0.006279,0.00628,bacteria,acidobacteriota,vicinamibacteria,vicinamibacterales,vicinamibacteraceae,luteitalea,luteitalea pratensis
Zotu256,0.0,0.009719,0.006346,0.006148,0.009736,0.00952,0.0,0.021981,bacteria,actinomycetota,actinomycetia,propionibacteriales,propionibacteriaceae,propionibacterium,propionibacterium acnes
Zotu257,0.010022,0.00324,0.003173,0.015371,0.003245,0.003173,0.050232,0.14445,bacteria,pseudomonadota,betaproteobacteria,burkholderiales,oxalobacteraceae,herbaspirillum,herbaspirillum lusitanum
Zotu258,0.424253,0.482732,0.475934,0.390421,0.850318,0.0,0.006279,0.00628,archaea,methanobacteriota,thermoplasmata,methanomassiliicoccales,candidatus methanomethylophilaceae,candidatus methanomethylophilus,candidatus methanomethylophilus alvus
Zotu259,0.0,0.00648,0.009519,0.024593,0.077892,0.212617,0.276278,0.018841,bacteria,actinomycetota,nitriliruptoria,euzebyales,euzebyaceae,euzebya,euzebya tangerina
Zotu260,0.040087,0.00648,0.104705,0.012297,0.055173,0.222138,0.006279,0.00628,bacteria,verrucomicrobiota,verrucomicrobiae,verrucomicrobiales,verrucomicrobia subdivision 3,pedosphaera,pedosphaera parvula
Zotu261,0.010022,0.0,0.009519,0.009223,0.006491,0.015867,0.006279,0.015701,bacteria,actinomycetota,actinomycetes,propionibacteriales,nocardioidaceae,nocardioides,nocardioides szechwanensis
Zotu262,0.841824,0.035638,0.006346,0.0,0.340776,0.0,0.0,0.012561,archaea,methanobacteriota,thermoplasmata,methanomassiliicoccales,candidatus methanomethylophilaceae,candidatus methanomethylophilus,candidatus methanomethylophilus alvus
Zotu263,0.003341,0.0,0.0,0.0,0.003245,0.003173,0.00314,0.00628,bacteria,pseudomonadota,betaproteobacteria,nitrosomonadales,nitrosomonadaceae,nitrosospira,nitrosospira briensis
Zotu264,0.003341,0.00648,0.009519,0.0,0.0,0.003173,0.00314,0.00314,bacteria,pseudomonadota,gammaproteobacteria,oceanospirillales,halomonadaceae,halomonas,halomonas sediminis
Zotu265,0.020043,0.019439,0.028556,0.027668,0.016227,1.009139,0.593369,0.119328,bacteria,actinomycetota,acidimicrobiia,acidimicrobiales,acidimicrobiaceae,aciditerrimonas,aciditerrimonas ferrireducens
Zotu266,0.010022,0.00648,0.003173,0.006148,0.006491,0.0,0.006279,0.015701,bacteria,chloroflexota,chloroflexia,herpetosiphonales,herpetosiphonaceae,herpetosiphon,herpetosiphon aurantiacus
Zotu267,0.277267,0.142552,0.590158,0.009223,0.0,0.104722,0.006279,0.00628,bacteria,chloroflexota,anaerolineae,anaerolineales,anaerolineaceae,thermanaerothrix,thermanaerothrix daxensis
Zotu268,0.003341,0.0,0.006346,0.0,0.009736,0.003173,0.009419,0.00314,bacteria,pseudomonadota,alphaproteobacteria,sphingomonadales,sphingomonadaceae,sphingomonas,sphingomonas aquatica
Zotu269,0.0,0.00324,0.0,0.0,0.0,0.0,0.00314,0.053384,bacteria,pseudomonadota,gammaproteobacteria,nevskiales,nevskiaceae,nevskia,nevskia terrae
Zotu270,0.010022,0.00648,0.041248,0.049187,0.236921,1.148769,0.288836,0.100487,bacteria,actinomycetota,acidimicrobiia,acidimicrobiales,acidimicrobiaceae,aciditerrimonas,aciditerrimonas ferrireducens
Zotu271,0.0,0.0,0.003173,0.009223,0.003245,0.0,0.012558,0.034542,bacteria,bacteroidota,chitinophagia,chitinophagales,chitinophagaceae,flavisolibacter,flavisolibacter ginsengiterrae
Zotu272,0.010022,0.00648,0.009519,0.003074,0.016227,0.0,0.009419,0.059664,archaea,methanobacteriota,thermoplasmata,methanomassiliicoccales,methanomassiliicoccaceae,methanomassiliicoccus,candidatus methanomassiliicoccus intestinalis
Zotu273,0.0,0.0,0.0,0.0,0.0,0.0,0.0,0.0,bacteria,actinomycetota,acidimicrobiia,acidimicrobiales,iamiaceae,rhabdothermincola,rhabdothermincola sediminis
Zotu274,0.0,0.0,0.003173,0.003074,0.003245,0.184057,0.420696,0.084786,bacteria,bacteroidota,chitinophagia,chitinophagales,chitinophagaceae,flavisolibacter,flavisolibacter ginsengiterrae
Zotu275,0.006681,0.009719,0.0,0.0,0.006491,0.003173,0.00314,0.351704,bacteria,bacteroidota,chitinophagia,chitinophagales,chitinophagaceae,sediminibacterium,sediminibacterium goheungense
Zotu276,0.003341,0.029158,0.0,0.0,0.0,0.0,0.0,0.0,bacteria,verrucomicrobiota,verrucomicrobiae,verrucomicrobiales,verrucomicrobia subdivision 3,pedosphaera,pedosphaera parvula
Zotu277,0.013362,0.00648,0.006346,0.006148,0.629625,0.15867,0.0,0.00314,archaea,methanobacteriota,thermoplasmata,methanomassiliicoccales,candidatus methanomethylophilaceae,candidatus methanomethylophilus,candidatus methanomethylophilus alvus
Zotu278,0.003341,0.00324,0.009519,0.0,0.003245,0.012694,0.00314,0.471032,bacteria,bacteroidota,cytophagia,cytophagales,hymenobacteraceae,adhaeribacter,adhaeribacter rhizoryzae
Zotu279,0.0,0.0,0.0,0.0,0.0,0.006347,0.0,0.034542,bacteria,chloroflexota,thermomicrobia,sphaerobacterales,sphaerobacteraceae,sphaerobacter,sphaerobacter thermophilus
Zotu280,0.0,0.0,0.003173,0.006148,0.0,0.006347,0.00314,0.0,bacteria,actinomycetota,acidimicrobiia,acidimicrobiales,acidimicrobiaceae,acidiferrimicrobium,acidiferrimicrobium australe
Zotu281,2.031067,0.816432,0.437859,0.018445,0.019473,0.012694,0.037674,0.034542,bacteria,pseudomonadota,gammaproteobacteria,nevskiales,nevskiaceae,panacagrimonas,panacagrimonas perspica
Zotu282,0.020043,0.009719,0.006346,0.006148,0.025964,0.022214,0.015698,0.15387,bacteria,actinomycetota,actinomycetes,geodermatophilales,geodermatophilaceae,geodermatophilus,geodermatophilus bullaregiensis
Zotu283,0.020043,0.016199,0.025383,0.012297,0.074646,0.904417,0.398719,0.392526,bacteria,actinomycetota,acidimicrobiia,acidimicrobiales,iamiaceae,iamia,iamia majanohamensis
Zotu284,0.0,0.0,0.003173,0.0,0.003245,0.0,0.0,0.182132,bacteria,bacteroidota,chitinophagia,chitinophagales,chitinophagaceae,flavisolibacter,flavisolibacter metallilatus
Zotu285,0.006681,0.00648,0.047593,0.009223,0.012982,0.006347,0.009419,0.015701,bacteria,bacillota,bacilli,bacillales,staphylococcaceae,staphylococcus,staphylococcus warneri
Zotu286,0.0,0.0,0.0,0.0,0.0,0.0,0.0,0.0,bacteria,planctomycetota,phycisphaerae,tepidisphaerales,tepidisphaeraceae,tepidisphaera,tepidisphaera mucosa
Zotu287,0.006681,0.009719,0.006346,0.006148,0.006491,0.00952,0.00314,0.021981,bacteria,actinomycetota,actinomycetes,kineosporiales,kineosporiaceae,angustibacter,angustibacter speluncae
Zotu288,0.010022,0.009719,0.009519,0.015371,0.003245,0.003173,0.012558,0.091066,bacteria,bacteroidota,chitinophagia,chitinophagales,chitinophagaceae,segetibacter,segetibacter koreensis
Zotu289,0.040087,0.032398,0.02221,0.015371,0.038946,0.006347,0.012558,0.018841,bacteria,bacillota,thermolithobacteria,thermolithobacterales,thermolithobacteraceae,thermolithobacter,thermolithobacter ferrireducens
Zotu290,0.183731,0.317501,0.180855,0.700913,0.36674,0.35542,0.009419,0.012561,bacteria,acidobacteriota,vicinamibacteria,vicinamibacterales,vicinamibacteraceae,luteitalea,luteitalea pratensis
Zotu291,0.006681,0.0,0.006346,0.003074,0.003245,0.044428,0.050232,0.178992,bacteria,pseudomonadota,alphaproteobacteria,hyphomicrobiales,methylobacteriaceae,microvirga,microvirga thermotolerans
Zotu292,0.016703,0.012959,0.019037,0.009223,0.006491,0.01904,0.018837,3.074266,bacteria,bacillota,bacilli,bacillales,alicyclobacillaceae,tumebacillus,tumebacillus ginsengisoli
Zotu293,0.0,0.0,0.0,0.0,0.0,0.003173,0.0,0.00314,bacteria,actinomycetota,nitriliruptoria,egibacterales,egibacteraceae,egibacter,egibacter rhizosphaerae
Zotu294,0.010022,0.00648,0.859853,0.891512,0.074646,0.101549,0.125581,0.012561,bacteria,actinomycetota,actinomycetes,geodermatophilales,geodermatophilaceae,geodermatophilus,geodermatophilus saharensis
Zotu295,0.020043,0.00648,0.019037,0.006148,0.009736,0.006347,0.009419,0.00314,bacteria,actinomycetota,nitriliruptoria,egibacterales,egibacteraceae,egibacter,egibacter rhizosphaerae
Zotu296,0.003341,0.00324,0.003173,0.003074,0.009736,0.066641,0.015698,0.00628,bacteria,chloroflexota,chloroflexia,herpetosiphonales,herpetosiphonaceae,herpetosiphon,herpetosiphon gulosus
Zotu297,0.003341,0.00324,0.003173,0.015371,0.003245,0.00952,0.00314,0.009421,bacteria,actinomycetota,actinomycetes,kitasatosporales,streptomycetaceae,streptomyces,streptomyces gobitricini
Zotu298,0.0,0.0,0.0,0.003074,0.0,0.003173,0.009419,0.00314,bacteria,pseudomonadota,betaproteobacteria,rhodocyclales,zoogloeaceae,pseudothauera,pseudothauera nasutitermitis
Zotu299,0.0,0.0,0.003173,0.0,0.0,0.003173,0.0,0.0,bacteria,planctomycetota,planctomycetia,pirellulales,pirellulaceae,aureliella,aureliella helgolandensis
Zotu300,0.010022,0.00648,0.003173,0.003074,0.009736,0.339553,0.248022,0.00628,bacteria,actinomycetota,acidimicrobiia,acidimicrobiales,acidimicrobiaceae,aciditerrimonas,aciditerrimonas ferrireducens
Zotu301,0.006681,0.012959,0.0,0.006148,0.077892,0.006347,0.081628,0.131889,bacteria,pseudomonadota,alphaproteobacteria,hyphomicrobiales,methylobacteriaceae,microvirga,microvirga lupini
Zotu302,0.016703,0.00324,0.003173,0.003074,0.006491,0.015867,0.0,0.00628,bacteria,gemmatimonadota,gemmatimonadetes,gemmatimonadales,gemmatimonadaceae,roseisolibacter,roseisolibacter agri
Zotu303,0.080174,0.019439,0.04442,0.006148,0.019473,0.015867,0.053372,0.040823,bacteria,bacillota,bacilli,bacillales,paenibacillaceae,oxalophagus,oxalophagus oxalicus
Zotu304,0.013362,0.029158,0.006346,0.009223,0.006491,0.066641,1.858596,0.5935,bacteria,pseudomonadota,alphaproteobacteria,hyphomicrobiales,methylobacteriaceae,microvirga,microvirga indica
Zotu305,0.016703,0.0,0.012692,0.009223,0.003245,0.00952,0.009419,0.037683,bacteria,actinomycetota,actinomycetes,micrococcales,micrococcaceae,kocuria,kocuria palustris
Zotu306,0.016703,0.016199,0.0,0.009223,0.016227,0.117416,0.050232,0.012561,bacteria,acidobacteriota,vicinamibacteria,vicinamibacterales,vicinamibacteraceae,vicinamibacter,vicinamibacter silvestris
Zotu307,0.006681,0.00324,0.003173,0.0,0.0,0.0,0.00314,0.025122,bacteria,pseudomonadota,betaproteobacteria,burkholderiales,oxalobacteraceae,noviherbaspirillum,noviherbaspirillum autotrophicum
Zotu308,0.0,0.00324,0.0,0.015371,0.012982,0.025387,0.401859,0.276339,bacteria,actinomycetota,acidimicrobiia,acidimicrobiales,iamiaceae,actinomarinicola,actinomarinicola tropica
Zotu309,0.003341,0.0,0.003173,0.003074,0.0,0.003173,0.012558,0.00628,bacteria,bacteroidota,cytophagia,cytophagales,hymenobacteraceae,nibribacter,nibribacter koreensis
Zotu310,0.013362,0.00324,0.0,0.006148,0.006491,0.00952,0.009419,0.012561,bacteria,bacteroidota,chitinophagia,chitinophagales,chitinophagaceae,parasegetibacter,parasegetibacter luojiensis
Zotu311,0.0,0.00324,0.0,0.0,0.006491,0.006347,0.015698,0.043963,bacteria,bacillota,bacilli,bacillales,bacillaceae,bacillus,bacillus suaedaesalsae
Zotu312,0.010022,0.103674,0.12057,0.003074,0.006491,0.00952,0.009419,0.00628,bacteria,planctomycetota,planctomycetia,gemmatales,gemmataceae,zavarzinella,zavarzinella formosa
Zotu313,0.006681,0.00648,0.009519,0.012297,0.003245,0.006347,0.00314,0.009421,bacteria,pseudomonadota,betaproteobacteria,burkholderiales,comamonadaceae,ramlibacter,ramlibacter agri
Zotu314,0.0,0.00324,0.003173,0.003074,0.0,0.0,0.00314,0.009421,bacteria,actinomycetota,actinomycetes,pseudonocardiales,pseudonocardiaceae,saccharothrix,saccharothrix espanaensis
Zotu315,0.006681,0.009719,0.012692,0.012297,0.003245,0.025387,0.012558,0.0,bacteria,actinomycetota,thermoleophilia,solirubrobacterales,solirubrobacteraceae,solirubrobacter,solirubrobacter phytolaccae
Zotu316,0.003341,0.0,0.006346,0.003074,0.009736,0.00952,0.009419,0.012561,bacteria,actinomycetota,actinomycetes,pseudonocardiales,pseudonocardiaceae,saccharopolyspora,saccharopolyspora halotolerans
Zotu317,0.003341,0.00648,0.111051,0.006148,0.003245,0.025387,0.031395,0.012561,bacteria,actinomycetota,acidimicrobiia,acidimicrobiales,acidimicrobiaceae,aciditerrimonas,aciditerrimonas ferrireducens
Zotu318,0.0,0.00324,0.006346,0.009223,0.103856,0.0,0.053372,0.047103,bacteria,chloroflexota,chloroflexia,kallotenuales,kallotenuaceae,kallotenue,kallotenue papyrolyticum
Zotu319,0.0,0.0,0.0,0.0,0.0,0.0,0.0,0.0,bacteria,bacteroidota,cytophagia,cytophagales,cytophagaceae,edaphorhabdus,edaphorhabdus rosea
Zotu320,0.003341,0.009719,0.041248,0.245934,0.016227,0.025387,0.00314,0.00628,bacteria,pseudomonadota,gammaproteobacteria,nevskiales,nevskiaceae,panacagrimonas,panacagrimonas perspica
Zotu321,0.003341,0.00324,0.003173,0.0,0.003245,0.01904,0.0,0.119328,bacteria,bacteroidota,cytophagia,cytophagales,spirosomataceae,telluribacter,telluribacter humicola
Zotu322,0.0,0.0,0.003173,0.003074,0.0,0.003173,0.0,0.0,bacteria,bacteroidota,cytophagia,cytophagales,hymenobacteraceae,adhaeribacter,adhaeribacter aerolatus
Zotu323,0.0,0.00648,0.003173,0.003074,0.006491,0.006347,0.006279,0.021981,bacteria,bacillota,bacilli,lactobacillales,lactobacillaceae,weissella,weissella ceti
Zotu324,0.013362,0.064796,0.30777,0.313566,0.038946,0.206271,0.009419,0.012561,bacteria,actinomycetota,thermoleophilia,solirubrobacterales,baekduiaceae,baekduia,baekduia soli
Zotu325,0.17371,0.239746,0.031729,0.006148,0.009736,0.012694,0.71895,0.028262,bacteria,bacillota,clostridia,eubacteriales,clostridiaceae,caloramator,caloramator fervidus
Zotu326,0.006681,0.00324,0.012692,0.015371,0.025964,0.012694,0.015698,0.031402,bacteria,actinomycetota,actinomycetes,micrococcales,micrococcaceae,micrococcus,micrococcus luteus
Zotu327,0.010022,0.0,0.0,0.003074,0.006491,0.0,0.0,0.0,bacteria,pseudomonadota,gammaproteobacteria,nevskiales,nevskiaceae,panacagrimonas,panacagrimonas perspica
Zotu328,0.0,0.00324,0.006346,0.006148,0.0,0.003173,0.006279,0.087926,bacteria,actinomycetota,actinomycetes,micrococcales,cellulomonadaceae,cellulomonas,cellulomonas humilata
Zotu329,0.006681,0.00324,0.0,0.0,0.0,0.0,0.00314,0.00628,bacteria,pseudomonadota,alphaproteobacteria,hyphomicrobiales,nitrobacteraceae,bradyrhizobium,bradyrhizobium betae
Zotu330,0.006681,0.0,0.003173,0.012297,0.003245,0.003173,0.226045,0.009421,bacteria,pseudomonadota,alphaproteobacteria,rhodospirillales,acetobacteraceae,sabulicella,sabulicella rubraurantiaca
Zotu331,0.010022,0.00648,0.015864,0.009223,0.051928,0.00952,0.00314,0.015701,bacteria,actinomycetota,thermoleophilia,miltoncostaeales,miltoncostaeaceae,miltoncostaea,miltoncostaea oceani
Zotu332,0.41089,0.550768,0.057112,0.396569,0.074646,0.076161,0.012558,0.009421,bacteria,chloroflexota,anaerolineae,anaerolineales,anaerolineaceae,ornatilinea,ornatilinea apprima
Zotu333,0.013362,0.009719,0.237967,0.276676,0.032455,0.209444,0.423835,0.332862,bacteria,acidobacteriota,blastocatellia,blastocatellales,arenimicrobiaceae,arenimicrobium,arenimicrobium luteum
Zotu334,0.020043,0.012959,0.02221,0.039964,0.071401,0.060294,0.043953,0.025122,bacteria,pseudomonadota,betaproteobacteria,burkholderiales,burkholderiaceae,paraburkholderia,paraburkholderia domus
Zotu335,0.0,0.012959,0.989942,0.319715,0.016227,0.022214,0.025116,0.015701,bacteria,bacillota,clostridia,moorellales,moorellaceae,moorella,moorella glycerini
Zotu336,0.016703,0.012959,0.009519,0.027668,0.012982,0.01904,0.025116,0.031402,bacteria,actinomycetota,actinomycetes,mycobacteriales,corynebacteriaceae,corynebacterium,corynebacterium suicordis
Zotu337,0.013362,0.016199,0.015864,0.021519,0.110347,0.222138,0.320231,0.075365,bacteria,actinomycetota,actinomycetes,nakamurellales,nakamurellaceae,nakamurella,nakamurella endophytica
Zotu338,0.006681,0.00324,0.0,0.003074,0.003245,0.006347,0.0,0.021981,bacteria,pseudomonadota,alphaproteobacteria,caulobacterales,caulobacteraceae,phenylobacterium,phenylobacterium soli
Zotu339,0.0,0.0,0.0,0.003074,0.003245,0.0,0.0,0.015701,bacteria,chloroflexota,chloroflexota,chloroflexota,chloroflexota,thermobaculum,thermobaculum terrenum
Zotu340,0.0,0.00324,0.0,0.0,0.003245,0.003173,0.00314,0.0,bacteria,actinomycetota,actinomycetes,kitasatosporales,streptomycetaceae,streptomyces,streptomyces megasporus
Zotu341,0.020043,0.016199,0.003173,0.0,0.019473,0.003173,0.009419,0.015701,bacteria,pseudomonadota,alphaproteobacteria,rhodobacterales,roseobacteraceae,rubellimicrobium,rubellimicrobium aerolatum
Zotu342,0.0,0.0,0.0,0.009223,0.0,0.0,0.0,0.009421,bacteria,actinomycetota,actinomycetes,micrococcales,micrococcaceae,kocuria,kocuria salina
Zotu343,0.010022,0.00648,0.006346,0.003074,0.042191,0.17771,0.015698,0.00314,bacteria,actinomycetota,rubrobacteria,gaiellales,gaiellaceae,gaiella,gaiella occulta
Zotu344,0.0,0.0,0.009519,0.003074,0.097365,0.117416,0.138139,0.087926,bacteria,chloroflexota,chloroflexia,kallotenuales,kallotenuaceae,kallotenue,kallotenue papyrolyticum
Zotu345,0.020043,0.074516,0.0,0.0,0.003245,0.006347,0.006279,0.00628,bacteria,planctomycetota,planctomycetia,gemmatales,gemmataceae,zavarzinella,zavarzinella formosa
Zotu346,0.0,0.0,0.0,0.0,0.0,0.0,0.0,0.0,bacteria,pseudomonadota,alphaproteobacteria,hyphomicrobiales,methylobacteriaceae,methylobacterium,methylobacterium organophilum
Zotu347,1.242693,1.182531,1.069264,0.304344,1.087239,1.110688,1.356273,0.037683,archaea,nitrososphaerota,nitrososphaeria,nitrososphaerales,nitrososphaeraceae,nitrososphaera,candidatus nitrososphaera gargensis
Zotu348,0.0,0.0,0.0,0.0,0.0,0.012694,0.009419,0.135029,bacteria,pseudomonadota,betaproteobacteria,burkholderiales,oxalobacteraceae,noviherbaspirillum,noviherbaspirillum autotrophicum
Zotu349,0.003341,0.00648,0.003173,1.945956,0.139556,0.215791,0.047093,0.018841,bacteria,chloroflexota,chloroflexia,herpetosiphonales,herpetosiphonaceae,herpetosiphon,herpetosiphon gulosus
Zotu350,0.003341,0.00648,0.0,0.003074,0.003245,0.003173,0.009419,0.14445,bacteria,bacteroidota,cytophagia,cytophagales,hymenobacteraceae,adhaeribacter,adhaeribacter aquaticus
Zotu351,0.003341,0.00648,0.006346,0.006148,0.019473,0.003173,0.006279,0.034542,bacteria,actinomycetota,actinomycetes,pseudonocardiales,pseudonocardiaceae,lentzea,lentzea kentuckyensis
Zotu352,0.0,0.0,0.0,0.0,0.0,0.0,0.0,0.0,bacteria,pseudomonadota,gammaproteobacteria,nevskiales,nevskiaceae,nevskia,nevskia terrae
Zotu353,0.010022,0.00648,0.006346,0.006148,0.006491,0.003173,0.009419,0.012561,bacteria,chloroflexota,chloroflexia,herpetosiphonales,herpetosiphonaceae,herpetosiphon,herpetosiphon geysericola
Zotu354,0.003341,0.00648,0.006346,0.0,0.003245,0.16819,0.012558,0.00314,bacteria,actinomycetota,acidimicrobiia,acidimicrobiales,iamiaceae,actinomarinicola,actinomarinicola tropica
Zotu355,0.010022,0.0,0.006346,0.003074,0.0,0.003173,0.072209,0.175852,bacteria,pseudomonadota,alphaproteobacteria,rhodospirillales,acetobacteraceae,sabulicella,sabulicella rubraurantiaca
Zotu356,2.765993,0.00324,0.0,0.012297,0.003245,0.012694,0.006279,0.028262,bacteria,pseudomonadota,alphaproteobacteria,hyphomicrobiales,hyphomicrobiales,vineibacter,vineibacter terrae
Zotu357,0.003341,0.0,0.0,0.003074,0.0,0.006347,0.00314,0.00628,bacteria,planctomycetota,planctomycetia,gemmatales,gemmataceae,gemmata,gemmata massiliana
Zotu359,0.003341,0.00324,0.003173,0.015371,0.006491,0.012694,0.00314,0.012561,bacteria,actinomycetota,actinomycetes,micrococcales,promicromonosporaceae,promicromonospora,promicromonospora thailandica
Zotu360,0.003341,0.00324,0.0,0.003074,0.0,0.0,0.018837,0.072225,bacteria,pseudomonadota,alphaproteobacteria,sphingomonadales,sphingomonadaceae,sphingomonas,sphingomonas wittichii
Zotu361,0.0,0.0,0.003173,0.003074,0.006491,0.003173,0.006279,0.100487,bacteria,bacteroidota,cytophagia,cytophagales,hymenobacteraceae,adhaeribacter,adhaeribacter aquaticus
Zotu362,0.0,0.022679,0.180855,0.003074,0.006491,0.606118,0.109883,0.0,bacteria,verrucomicrobiota,verrucomicrobiae,verrucomicrobiales,verrucomicrobia subdivision 3,pedosphaera,pedosphaera parvula
Zotu363,0.030065,0.038878,0.114224,0.181377,0.012982,0.111069,0.040814,0.0,bacteria,bacillota,clostridia,eubacteriales,clostridiales family xvii. incertae sedis,thermaerobacter,thermaerobacter subterraneus
Zotu364,0.006681,0.009719,0.003173,0.003074,0.003245,0.003173,0.097325,0.207254,bacteria,bacteroidota,chitinophagia,chitinophagales,chitinophagaceae,aridibaculum,aridibaculum aurantiacum
Zotu365,0.003341,0.0,0.0,0.0,0.0,0.006347,0.134999,0.14759,bacteria,pseudomonadota,betaproteobacteria,burkholderiales,oxalobacteraceae,oxalicibacterium,oxalicibacterium horti
Zotu366,0.016703,0.317501,0.472761,0.006148,0.016227,0.114242,0.0,0.012561,bacteria,planctomycetota,planctomycetia,pirellulales,pirellulaceae,candidatus anammoximicrobium,candidatus anammoximicrobium moscowii
Zotu367,0.006681,0.00324,0.003173,0.003074,0.003245,0.012694,0.009419,0.012561,bacteria,bacillota,clostridia,thermosediminibacterales,thermosediminibacteraceae,thermosediminibacter,thermosediminibacter oceani
Zotu368,0.013362,0.009719,0.009519,0.009223,0.022718,0.012694,0.015698,0.025122,bacteria,pseudomonadota,alphaproteobacteria,sphingomonadales,sphingomonadaceae,sphingomonas,sphingomonas desiccabilis
Zotu369,0.0,0.032398,0.0,0.0,0.103856,0.250698,0.043953,0.00314,bacteria,chloroflexota,chloroflexia,herpetosiphonales,herpetosiphonaceae,herpetosiphon,herpetosiphon aurantiacus
Zotu370,0.006681,0.009719,0.0,0.006148,0.003245,0.0,0.006279,0.185272,bacteria,bacteroidota,cytophagia,cytophagales,hymenobacteraceae,rufibacter,rufibacter sediminis
Zotu371,0.006681,0.00648,0.0,0.009223,0.006491,0.00952,0.0,0.021981,bacteria,bacillota,bacilli,bacillales,planococcaceae,planomicrobium,planomicrobium soli
Zotu372,0.110239,0.019439,0.0,0.0,0.003245,0.0,0.0,0.0,archaea,methanobacteriota,thermoplasmata,methanomassiliicoccales,candidatus methanomethylophilaceae,candidatus methanomethylophilus,candidatus methanomethylophilus alvus
Zotu373,0.013362,0.00648,0.009519,0.009223,0.0,0.003173,0.053372,0.361124,bacteria,pseudomonadota,betaproteobacteria,burkholderiales,burkholderiales,aquabacterium,aquabacterium limnoticum
Zotu374,0.0,0.0,0.0,0.0,0.0,0.0,0.0,0.0,bacteria,bacillota,tissierellia,tissierellales,peptoniphilaceae,anaerococcus,anaerococcus prevotii
Zotu375,0.013362,0.00648,0.025383,0.012297,0.0,0.028561,0.06279,0.0,bacteria,actinomycetota,thermoleophilia,solirubrobacterales,baekduiaceae,baekduia,baekduia soli
Zotu376,0.247202,0.353139,0.104705,0.537981,0.879527,0.063468,0.0,0.00628,bacteria,actinomycetota,nitriliruptoria,nitriliruptorales,nitriliruptoraceae,nitriliruptor,nitriliruptor alkaliphilus
Zotu377,0.0,0.00324,0.003173,0.006148,0.0,0.00952,0.00314,0.00628,bacteria,bacteroidota,cytophagia,cytophagales,hymenobacteraceae,pontibacter,pontibacter locisalis
Zotu378,0.006681,0.00648,0.0,0.009223,0.009736,0.003173,0.018837,0.028262,bacteria,actinomycetota,actinomycetes,kitasatosporales,streptomycetaceae,streptomyces,streptomyces mashuensis
Zotu379,0.003341,0.00324,0.009519,0.003074,0.071401,0.003173,0.015698,0.028262,bacteria,actinomycetota,actinomycetes,propionibacteriales,kribbellaceae,kribbella,kribbella solani
Zotu380,0.006681,0.016199,0.034902,0.003074,0.006491,0.006347,0.006279,0.00628,bacteria,actinomycetota,nitriliruptoria,egibacterales,egibacteraceae,egibacter,egibacter rhizosphaerae
Zotu381,0.0,0.0,0.0,0.0,0.0,0.0,0.00314,0.009421,bacteria,bacteroidota,chitinophagia,chitinophagales,chitinophagaceae,flavisolibacter,flavisolibacter metallilatus
Zotu382,0.043427,0.103674,0.006346,0.009223,0.003245,0.0,0.00314,0.012561,bacteria,planctomycetota,planctomycetia,pirellulales,pirellulaceae,candidatus anammoximicrobium,candidatus anammoximicrobium moscowii
Zotu383,0.013362,0.00648,0.009519,0.006148,0.006491,0.006347,0.012558,0.012561,bacteria,pseudomonadota,alphaproteobacteria,rhodobacterales,paracoccaceae,paracoccus,paracoccus chinensis
Zotu384,0.0,0.0,0.003173,0.006148,0.003245,0.003173,0.006279,0.015701,bacteria,actinomycetota,acidimicrobiia,acidimicrobiales,acidimicrobiaceae,aciditerrimonas,aciditerrimonas ferrireducens
Zotu385,0.020043,0.032398,0.003173,0.0,0.142802,0.0,0.00314,0.0,archaea,methanobacteriota,thermoplasmata,methanomassiliicoccales,candidatus methanomethylophilaceae,candidatus methanomethylophilus,candidatus methanomethylophilus alvus
Zotu386,0.0,0.00324,0.006346,0.012297,0.012982,0.003173,0.00314,0.034542,bacteria,bacteroidota,cytophagia,cytophagales,hymenobacteraceae,pontibacter,pontibacter chitinilyticus
Zotu387,0.006681,0.0,0.0,0.003074,0.003245,0.003173,0.006279,0.0,bacteria,chloroflexota,chloroflexia,kallotenuales,kallotenuaceae,kallotenue,kallotenue papyrolyticum
Zotu388,0.674795,0.85207,0.257004,0.660949,0.06491,0.088855,0.018837,0.015701,bacteria,actinomycetota,thermoleophilia,thermoleophilales,thermoleophilaceae,thermoleophilum,thermoleophilum album
Zotu389,0.167029,0.385537,0.012692,0.0,0.003245,0.006347,0.006279,0.00314,bacteria,verrucomicrobiota,verrucomicrobiae,limisphaerales,fontisphaeraceae,fontisphaera,fontisphaera persica
Zotu390,0.030065,0.106914,0.193546,0.006148,0.155783,0.006347,0.021977,0.021981,bacteria,pseudomonadota,alphaproteobacteria,hyphomicrobiales,kaistiaceae,kaistia,kaistia granuli
Zotu391,0.010022,0.00648,0.358537,0.288973,0.142802,0.418888,0.423835,0.116188,bacteria,actinomycetota,acidimicrobiia,acidimicrobiales,iamiaceae,iamia,iamia majanohamensis
Zotu392,0.0,0.0,0.0,0.0,0.0,0.041254,0.00314,0.0,bacteria,verrucomicrobiota,verrucomicrobiae,verrucomicrobiales,verrucomicrobia subdivision 3,pedosphaera,pedosphaera parvula
Zotu393,0.010022,0.012959,0.006346,0.009223,0.006491,0.015867,0.015698,0.0,bacteria,actinomycetota,acidimicrobiia,acidimicrobiales,acidimicrobiaceae,aciditerrimonas,aciditerrimonas ferrireducens
Zotu394,0.020043,0.00648,0.006346,0.030742,0.006491,0.012694,0.012558,0.021981,bacteria,bacteroidota,flavobacteriia,flavobacteriales,weeksellaceae,cloacibacterium,cloacibacterium normanense
Zotu395,0.006681,0.00324,0.006346,0.0,0.009736,0.003173,0.0,0.00314,bacteria,pseudomonadota,betaproteobacteria,burkholderiales,burkholderiaceae,quisquiliibacterium,quisquiliibacterium transsilvanicum
Zotu396,0.076833,0.042118,0.193546,0.24286,0.045437,0.17771,0.009419,0.00628,bacteria,thermotogota,thermotogae,thermotogales,thermotogaceae,pseudothermotoga,pseudothermotoga lettingae
Zotu397,0.0,0.0,0.0,0.0,0.0,0.0,0.0,0.0,bacteria,planctomycetota,phycisphaerae,tepidisphaerales,tepidisphaeraceae,tepidisphaera,tepidisphaera mucosa
Zotu398,0.006681,0.00324,0.003173,0.003074,0.009736,0.012694,0.006279,0.028262,bacteria,actinomycetota,actinomycetes,kitasatosporales,streptomycetaceae,streptomyces,streptomyces speibonae
Zotu399,0.0,0.0,0.0,0.0,0.0,0.0,0.0,0.0,bacteria,chloroflexota,thermomicrobia,sphaerobacterales,sphaerobacteraceae,sphaerobacter,sphaerobacter thermophilus
Zotu400,0.013362,0.00324,0.006346,0.009223,0.0,0.003173,0.0,0.015701,bacteria,pseudomonadota,gammaproteobacteria,chromatiales,thioprofundaceae,thioprofundum,thioprofundum hispidum
Zotu401,0.016703,0.012959,0.003173,0.006148,0.003245,0.003173,0.006279,0.056524,bacteria,pseudomonadota,alphaproteobacteria,sphingomonadales,sphingomonadaceae,sphingomonas,sphingomonas aquatica
Zotu402,0.006681,0.012959,0.003173,0.0,0.003245,0.0,0.0,0.00628,bacteria,pseudomonadota,alphaproteobacteria,geminicoccales,geminicoccaceae,arboricoccus,arboricoccus pini
Zotu403,0.093536,1.70738,0.158645,0.0,0.009736,0.028561,0.009419,0.0,bacteria,candidatus tectomicrobia,candidatus tectomicrobia,candidatus tectomicrobia,candidatus tectomicrobia,candidatus entotheonella,candidatus entotheonella palauensis
Zotu404,0.283949,0.398497,0.088841,0.012297,0.006491,0.015867,0.351626,0.040823,bacteria,chloroflexota,chloroflexia,chloroflexales,roseiflexaceae,kouleothrix,kouleothrix aurantiaca
Zotu405,0.003341,0.0,0.0,0.0,0.0,0.003173,0.034535,0.0,bacteria,pseudomonadota,alphaproteobacteria,sphingomonadales,erythrobacteraceae,porphyrobacter,porphyrobacter sanguineus
Zotu406,0.0,0.00648,0.006346,0.003074,0.006491,0.006347,0.0,0.0,bacteria,verrucomicrobiota,spartobacteria,chthoniobacterales,chthoniobacteraceae,chthoniobacter,chthoniobacter flavus
Zotu407,0.003341,0.0,0.003173,0.003074,0.003245,0.0,0.00314,0.128749,bacteria,pseudomonadota,alphaproteobacteria,rhodobacterales,roseobacteraceae,rubellimicrobium,rubellimicrobium rubrum
Zotu408,0.003341,0.00324,0.0,0.0,0.003245,0.038081,0.0,0.00314,bacteria,pseudomonadota,betaproteobacteria,nitrosomonadales,methylophilaceae,methylobacillus,methylobacillus flagellatus
Zotu409,0.010022,0.00324,0.0,0.0,0.006491,0.0,0.025116,0.097347,bacteria,pseudomonadota,alphaproteobacteria,rhodospirillales,acetobacteraceae,sabulicella,sabulicella rubraurantiaca
Zotu410,0.003341,0.0,0.0,0.003074,0.009736,0.0,0.006279,0.00628,bacteria,pseudomonadota,gammaproteobacteria,chromatiales,thioprofundaceae,thioprofundum,thioprofundum hispidum
Zotu411,0.0,0.0,0.009519,0.003074,0.048682,0.545824,0.273138,0.097347,bacteria,actinomycetota,nitriliruptoria,euzebyales,euzebyaceae,euzebya,euzebya pacifica
Zotu412,0.010022,0.00324,0.0,0.003074,0.009736,0.003173,0.009419,0.009421,bacteria,actinomycetota,actinomycetes,propionibacteriales,nocardioidaceae,nocardioides,nocardioides suum
Zotu413,0.0,0.0,0.006346,0.0,0.003245,0.003173,0.00314,0.00628,bacteria,bacteroidota,cytophagia,cytophagales,hymenobacteraceae,adhaeribacter,adhaeribacter aquaticus
Zotu414,0.357441,0.314262,0.301425,0.467275,0.009736,0.00952,0.015698,0.034542,bacteria,pseudomonadota,betaproteobacteria,burkholderiales,burkholderiales,thiobacter,thiobacter subterraneus
Zotu416,0.003341,0.00324,0.012692,0.003074,0.003245,0.0,0.006279,0.037683,bacteria,pseudomonadota,betaproteobacteria,burkholderiales,sphaerotilaceae,azohydromonas,azohydromonas lata
Zotu417,0.0,0.0,0.0,0.0,0.003245,0.0,0.00314,0.0,bacteria,bacteroidota,chitinophagia,chitinophagales,chitinophagaceae,segetibacter,segetibacter koreensis
Zotu418,0.013362,0.00324,0.012692,0.003074,0.019473,0.003173,0.012558,0.00314,bacteria,actinomycetota,thermoleophilia,solirubrobacterales,solirubrobacteraceae,solirubrobacter,solirubrobacter phytolaccae
Zotu419,0.003341,0.00648,0.0,0.006148,0.003245,0.006347,0.0,0.0,bacteria,pseudomonadota,betaproteobacteria,ferritrophicales,ferritrophicaceae,ferritrophicum,ferritrophicum radicicola
Zotu420,0.013362,0.00648,0.006346,0.009223,0.006491,0.025387,0.012558,0.00628,bacteria,actinomycetota,acidimicrobiia,acidimicrobiales,acidimicrobiaceae,aciditerrimonas,aciditerrimonas ferrireducens
Zotu421,0.003341,0.0,0.003173,0.003074,0.003245,0.0,0.00314,0.028262,bacteria,actinomycetota,actinomycetia,propionibacteriales,nocardioidaceae,nocardioides,nocardioides salarius
Zotu422,0.460999,0.404976,0.130089,0.003074,0.295339,0.456969,0.072209,0.00628,bacteria,planctomycetota,planctomycetia,pirellulales,pirellulaceae,lignipirellula,lignipirellula cremea
Zotu423,0.010022,0.012959,0.088841,0.006148,0.006491,0.025387,0.015698,0.015701,bacteria,actinomycetota,acidimicrobiia,acidimicrobiales,acidimicrobiaceae,aciditerrimonas,aciditerrimonas ferrireducens
Zotu424,0.0,0.0,0.0,0.0,0.0,0.0,0.0,0.0,bacteria,bacteroidota,chitinophagia,chitinophagales,chitinophagaceae,chitinophaga,chitinophaga agri
Zotu425,0.0,0.00324,0.009519,0.0,0.0,0.003173,0.06593,0.0,bacteria,acidobacteriota,vicinamibacteria,vicinamibacterales,vicinamibacteraceae,luteitalea,luteitalea pratensis
Zotu426,0.003341,0.051837,0.034902,0.0,0.009736,0.0,0.012558,0.0,bacteria,bacillota,clostridia,eubacteriales,symbiobacteriaceae,symbiobacterium,symbiobacterium terraclitae
Zotu427,0.003341,0.0,0.006346,0.006148,0.0,0.006347,0.00314,0.00628,bacteria,bacteroidota,cytophagia,cytophagales,hymenobacteraceae,adhaeribacter,adhaeribacter aquaticus
Zotu428,0.003341,0.00648,0.0,0.018445,0.0,0.00952,0.012558,0.131889,bacteria,pseudomonadota,betaproteobacteria,burkholderiales,oxalobacteraceae,noviherbaspirillum,noviherbaspirillum massiliense
Zotu429,0.003341,0.00324,0.0,0.0,0.006491,0.003173,0.012558,0.0,bacteria,actinomycetota,acidimicrobiia,acidimicrobiales,acidimicrobiaceae,aciditerrimonas,aciditerrimonas ferrireducens
Zotu430,0.0,0.0,0.0,0.003074,0.003245,0.0,0.0,0.0,bacteria,pseudomonadota,betaproteobacteria,ferritrophicales,ferritrophicaceae,ferritrophicum,ferritrophicum radicicola
Zotu431,0.010022,0.0,0.003173,0.012297,0.003245,0.003173,0.006279,0.034542,bacteria,pseudomonadota,alphaproteobacteria,rhodobacterales,roseobacteraceae,rubellimicrobium,rubellimicrobium roseum
Zotu432,0.003341,0.0,0.0,0.0,0.0,0.0,0.0,0.00314,bacteria,bacteroidota,chitinophagia,chitinophagales,chitinophagaceae,sediminibacterium,sediminibacterium goheungense
Zotu433,0.010022,0.0,0.003173,0.009223,0.006491,0.022214,0.00314,0.00314,bacteria,actinomycetota,actinomycetes,micrococcales,promicromonosporaceae,promicromonospora,promicromonospora iranensis
Zotu434,0.006681,0.009719,0.006346,0.006148,0.003245,0.006347,0.009419,0.025122,bacteria,pseudomonadota,alphaproteobacteria,rhodobacterales,paracoccaceae,paracoccus,paracoccus speluncae
Zotu435,0.006681,0.009719,0.082495,0.006148,0.032455,0.155496,0.310813,0.028262,bacteria,bacillota,clostridia,eubacteriales,syntrophomonadaceae,syntrophothermus,syntrophothermus lipocalidus
Zotu436,0.003341,0.00648,0.0,0.003074,0.003245,0.003173,0.006279,0.0,bacteria,bacteroidota,cytophagia,cytophagales,hymenobacteraceae,adhaeribacter,adhaeribacter aquaticus
Zotu437,0.013362,0.0,0.006346,0.003074,0.0,0.079335,0.043953,0.00628,bacteria,actinomycetota,actinomycetes,sporichthyales,sporichthyaceae,sporichthya,sporichthya polymorpha
Zotu438,0.016703,0.0,0.009519,0.003074,0.003245,0.00952,0.00314,0.00628,bacteria,bacteroidota,flavobacteriia,flavobacteriales,weeksellaceae,chryseobacterium,chryseobacterium fistulae
Zotu439,0.003341,0.110154,1.665768,0.009223,0.019473,0.053948,0.031395,0.012561,bacteria,actinomycetota,actinomycetes,streptosporangiales,thermomonosporaceae,actinocorallia,actinocorallia longicatena
Zotu440,0.006681,0.00648,0.003173,0.0,0.0,0.088855,0.006279,0.0,archaea,methanobacteriota,thermoplasmata,methanomassiliicoccales,methanomassiliicoccaceae,methanomassiliicoccus,candidatus methanomassiliicoccus intestinalis
Zotu441,0.086855,0.246226,0.123743,0.304344,0.139556,0.180883,0.486626,0.015701,bacteria,actinomycetota,actinomycetes,nakamurellales,nakamurellaceae,nakamurella,nakamurella antarctica
Zotu442,0.0,0.0,0.0,0.0,0.0,0.0,0.0,0.0,bacteria,pseudomonadota,betaproteobacteria,burkholderiales,sphaerotilaceae,roseateles,pelomonas aquatica
Zotu443,0.003341,0.00324,0.006346,0.003074,0.009736,0.003173,0.012558,0.0,bacteria,actinomycetota,actinomycetes,kitasatosporales,streptomycetaceae,streptomyces,streptomyces speibonae
Zotu444,0.0,0.00324,0.006346,0.009223,0.0,0.003173,0.006279,0.285759,bacteria,bacteroidota,chitinophagia,chitinophagales,chitinophagaceae,flavisolibacter,flavisolibacter galbus
Zotu445,0.0,0.00324,0.0,0.0,0.0,0.015867,0.0,0.0,bacteria,actinomycetota,actinomycetes,streptosporangiales,streptosporangiaceae,planobispora,planobispora rosea
Zotu446,0.0,0.0,0.0,0.0,0.0,0.0,0.0,0.0,bacteria,bacteroidota,chitinophagia,chitinophagales,chitinophagaceae,cnuella,cnuella takakiae
Zotu447,0.0,0.0,0.0,0.0,0.0,0.0,0.0,0.0,bacteria,deinococcota,deinococci,trueperales,trueperaceae,truepera,truepera radiovictrix
Zotu448,0.003341,0.0,0.003173,0.012297,0.006491,0.00952,0.006279,0.094206,bacteria,pseudomonadota,betaproteobacteria,burkholderiales,oxalobacteraceae,massilia,massilia aurea
Zotu449,0.287289,0.417936,0.126916,0.949922,0.006491,0.003173,0.006279,0.00628,bacteria,gemmatimonadota,gemmatimonadetes,gemmatimonadales,gemmatimonadaceae,gemmatimonas,gemmatimonas phototrophica
Zotu450,0.053449,0.025918,0.0,0.009223,0.006491,0.006347,0.00314,0.031402,bacteria,bacillota,bacilli,bacillales,bacillaceae,ectobacillus,ectobacillus funiculus
Zotu451,0.053449,0.009719,0.0,0.003074,0.0,0.0,0.0,0.0,bacteria,actinomycetota,rubrobacteria,gaiellales,gaiellaceae,gaiella,gaiella occulta
Zotu452,0.003341,0.0,0.003173,0.003074,0.003245,0.0,0.00314,0.166431,bacteria,pseudomonadota,betaproteobacteria,burkholderiales,oxalobacteraceae,noviherbaspirillum,noviherbaspirillum malthae
Zotu453,0.016703,0.009719,0.019037,0.086077,0.133065,0.190404,1.616853,0.0,bacteria,actinomycetota,actinomycetes,motilibacterales,vallicoccaceae,vallicoccus,vallicoccus soli
Zotu454,0.0,0.0,0.0,0.0,0.0,0.003173,0.00314,0.0,bacteria,bacteroidota,chitinophagia,chitinophagales,chitinophagaceae,flavisolibacter,flavisolibacter galbus
Zotu455,0.003341,0.00648,0.003173,0.006148,0.006491,0.00952,0.059651,0.009421,bacteria,pseudomonadota,betaproteobacteria,burkholderiales,oxalobacteraceae,herbaspirillum,herbaspirillum seropedicae
Zotu456,0.0,0.0,0.0,0.003074,0.0,0.0,0.006279,0.0,bacteria,bacteroidota,chitinophagia,chitinophagales,chitinophagaceae,flavisolibacter,flavisolibacter carri
Zotu457,0.0,0.0,0.0,0.003074,0.0,0.0,0.0,0.0,bacteria,bacteroidota,cytophagia,cytophagales,hymenobacteraceae,adhaeribacter,adhaeribacter aerolatus
Zotu458,0.023384,0.0,0.003173,0.006148,0.0,0.0,0.00314,0.00314,bacteria,pseudomonadota,betaproteobacteria,burkholderiales,burkholderiales,aquabacterium,aquabacterium fontiphilum
Zotu459,0.003341,0.012959,0.218929,0.006148,0.006491,0.034907,0.043953,0.00628,bacteria,actinomycetota,acidimicrobiia,acidimicrobiales,acidimicrobiaceae,aciditerrimonas,aciditerrimonas ferrireducens
Zotu460,0.0,0.0,0.0,0.006148,0.0,0.003173,0.006279,0.053384,bacteria,bacteroidota,sphingobacteriia,sphingobacteriales,sphingobacteriaceae,pedobacter,pedobacter mongoliensis
Zotu461,0.003341,0.0,0.0,0.0,0.0,0.0,0.0,0.00314,bacteria,bacteroidota,chitinophagia,chitinophagales,chitinophagaceae,segetibacter,segetibacter aerophilus
Zotu462,0.0,0.00324,0.003173,0.0,0.003245,0.006347,0.006279,0.138169,bacteria,pseudomonadota,alphaproteobacteria,sphingomonadales,sphingosinicellaceae,sphingosinicella,sphingosinicella humi
Zotu463,0.010022,0.009719,0.015864,0.009223,0.003245,0.155496,0.028256,0.00628,bacteria,actinomycetota,actinomycetes,nakamurellales,nakamurellaceae,nakamurella,nakamurella antarctica
Zotu464,0.0,0.0,0.003173,0.003074,0.003245,0.0,0.00314,0.081645,bacteria,pseudomonadota,betaproteobacteria,burkholderiales,oxalobacteraceae,noviherbaspirillum,noviherbaspirillum denitrificans
Zotu465,0.013362,0.00324,0.003173,0.0,0.0,0.0,0.012558,0.00314,bacteria,bacillota,bacilli,bacillales,bacillaceae,bacillus,bacillus suaedaesalsae
Zotu466,0.006681,0.00648,0.009519,0.009223,0.003245,0.006347,0.006279,1.403674,bacteria,bacteroidota,chitinophagia,chitinophagales,chitinophagaceae,flavisolibacter,flavisolibacter galbus
Zotu467,0.003341,0.0,0.0,0.0,0.0,0.0,0.00314,0.031402,bacteria,pseudomonadota,betaproteobacteria,nitrosomonadales,methylophilaceae,pseudomethylobacillus,pseudomethylobacillus aquaticus
Zotu468,0.0,0.0,0.0,0.0,0.0,0.0,0.0,0.0,bacteria,bacillota,clostridia,eubacteriales,oscillospiraceae,vescimonas,vescimonas coprocola
Zotu469,0.0,0.00648,0.003173,0.006148,0.0,0.031734,0.081628,0.00314,bacteria,chloroflexota,chloroflexia,kallotenuales,kallotenuaceae,kallotenue,kallotenue papyrolyticum
Zotu470,0.046768,0.181429,0.222102,0.451904,0.155783,0.136456,0.06593,0.00628,bacteria,chloroflexota,chloroflexota,chloroflexota,chloroflexota,thermobaculum,thermobaculum terrenum
Zotu471,0.0,0.0,0.0,0.0,0.0,0.0,0.00314,0.0,bacteria,bacteroidota,chitinophagia,chitinophagales,chitinophagaceae,flavisolibacter,flavisolibacter galbus
Zotu472,0.016703,0.0,0.006346,0.0,0.009736,0.003173,0.006279,0.0,bacteria,chloroflexota,chloroflexia,kallotenuales,kallotenuaceae,kallotenue,kallotenue papyrolyticum
Zotu473,0.0,0.00324,0.0,0.0,0.0,0.0,0.00314,0.119328,bacteria,bacteroidota,cytophagia,cytophagales,hymenobacteraceae,rufibacter,rufibacter glacialis
Zotu474,0.0,0.0,0.0,0.006148,0.006491,0.0,0.0,0.062804,bacteria,bacteroidota,chitinophagia,chitinophagales,chitinophagaceae,flavisolibacter,flavisolibacter metallilatus
Zotu475,0.0,0.00648,0.003173,0.006148,0.0,0.14915,0.222906,0.122468,bacteria,pseudomonadota,alphaproteobacteria,hyphomicrobiales,methylobacteriaceae,microvirga,microvirga thermotolerans
Zotu476,0.0,0.0,0.0,0.009223,0.0,0.012694,0.0,0.30146,bacteria,pseudomonadota,alphaproteobacteria,hyphomicrobiales,methylobacteriaceae,microvirga,microvirga guangxiensis
Zotu477,0.0,0.0,0.0,0.0,0.0,0.0,0.06279,0.00314,bacteria,bacteroidota,cytophagia,cytophagales,hymenobacteraceae,pontibacter,pontibacter silvestris
Zotu478,0.006681,0.00324,0.009519,0.003074,0.0,0.00952,0.0,0.0,bacteria,pseudomonadota,gammaproteobacteria,chromatiales,thioprofundaceae,thioprofundum,thioprofundum hispidum
Zotu479,0.010022,0.00324,0.003173,0.0,0.0,0.003173,0.00314,0.0,bacteria,actinomycetota,actinomycetes,pseudonocardiales,pseudonocardiaceae,pseudonocardia,pseudonocardia adelaidensis
Zotu480,0.003341,0.0,0.0,0.0,0.0,0.0,0.0,0.0,bacteria,deinococcota,deinococci,trueperales,trueperaceae,truepera,truepera radiovictrix
Zotu481,0.06013,0.019439,0.076149,0.006148,0.022718,0.107895,0.050232,0.00628,bacteria,chloroflexota,tepidiformia,tepidiformales,tepidiformaceae,tepidiforma,tepidiforma bonchosmolovskayae
Zotu482,0.006681,0.009719,0.009519,0.0,0.0,0.0,0.031395,0.00314,bacteria,myxococcota,myxococcia,myxococcales,archangiaceae,hyalangium,hyalangium minutum
Zotu483,0.013362,0.009719,0.006346,0.0,0.006491,0.00952,0.009419,0.00628,bacteria,actinomycetota,actinomycetes,pseudonocardiales,pseudonocardiaceae,saccharopolyspora,saccharopolyspora qijiaojingensis
Zotu484,0.040087,0.0,0.003173,0.003074,0.077892,0.68228,0.056511,0.00314,bacteria,verrucomicrobiota,verrucomicrobiae,verrucomicrobiales,verrucomicrobia subdivision 3,pedosphaera,pedosphaera parvula
Zotu485,0.0,0.0,0.0,0.003074,0.0,0.003173,0.00314,0.0,bacteria,pseudomonadota,alphaproteobacteria,sphingomonadales,sphingomonadaceae,sphingomonas,sphingomonas agri
Zotu486,0.006681,0.00324,0.003173,0.012297,0.006491,0.003173,0.006279,0.059664,bacteria,pseudomonadota,betaproteobacteria,burkholderiales,oxalobacteraceae,noviherbaspirillum,noviherbaspirillum agri
Zotu487,0.003341,0.00324,0.003173,0.006148,0.006491,0.015867,0.009419,0.0,bacteria,actinomycetota,thermoleophilia,solirubrobacterales,conexibacteraceae,conexibacter,conexibacter stalactiti
Zotu488,0.0,0.0,0.0,0.003074,0.006491,0.0,0.0,0.00314,bacteria,chloroflexota,chloroflexia,herpetosiphonales,herpetosiphonaceae,herpetosiphon,herpetosiphon aurantiacus
Zotu489,0.003341,0.019439,0.009519,0.015371,0.197975,0.279259,1.073716,0.081645,bacteria,acidobacteriota,blastocatellia,blastocatellales,arenimicrobiaceae,brevitalea,brevitalea aridisoli
Zotu490,0.0,0.0,0.0,0.0,0.0,0.0,0.0,0.0,bacteria,bacteroidota,cytophagia,cytophagales,cytophagaceae,rhodocytophaga,rhodocytophaga aerolata
Zotu491,0.0,0.00324,0.006346,0.006148,0.009736,0.006347,0.182092,0.417648,bacteria,pseudomonadota,betaproteobacteria,burkholderiales,oxalobacteraceae,glaciimonas,glaciimonas singularis
Zotu492,0.815099,0.317501,0.345845,0.307418,0.006491,0.01904,0.018837,0.015701,bacteria,gemmatimonadota,gemmatimonadetes,gemmatimonadales,gemmatimonadaceae,gemmatimonas,gemmatimonas phototrophica
Zotu493,0.006681,0.0,0.003173,0.003074,0.003245,0.0,0.009419,0.078505,bacteria,pseudomonadota,alphaproteobacteria,rhodospirillales,acetobacteraceae,falsiroseomonas,falsiroseomonas riguiloci
Zotu494,0.0,0.0,0.003173,0.003074,0.003245,0.0,0.0,0.00314,bacteria,actinomycetota,actinomycetes,geodermatophilales,geodermatophilaceae,modestobacter,modestobacter marinus
Zotu495,0.030065,0.048597,0.082495,0.07378,0.279112,0.076161,0.009419,0.012561,bacteria,actinomycetota,nitriliruptoria,euzebyales,euzebyaceae,euzebya,euzebya pacifica
Zotu496,0.053449,0.220307,0.006346,0.0,0.003245,0.057121,0.0,0.0,bacteria,chloroflexota,thermomicrobia,sphaerobacterales,sphaerobacteraceae,sphaerobacter,sphaerobacter thermophilus
Zotu497,0.0,0.0,0.0,0.0,0.0,0.0,0.00314,0.0,bacteria,actinomycetota,rubrobacteria,rubrobacterales,rubrobacteraceae,rubrobacter,rubrobacter spartanus
Zotu498,0.0,0.090715,0.066631,0.003074,0.003245,0.00952,0.012558,0.009421,bacteria,bacillota,clostridia,eubacteriales,syntrophomonadaceae,syntrophothermus,syntrophothermus lipocalidus
Zotu499,0.0,0.0,0.003173,0.0,0.003245,0.199924,0.00314,0.00628,bacteria,campylobacterota,desulfurellia,desulfurellales,desulfurellaceae,desulfurella,desulfurella acetivorans
Zotu500,0.006681,0.029158,0.012692,0.021519,0.055173,0.517263,0.404998,0.254357,bacteria,actinomycetota,thermoleophilia,solirubrobacterales,solirubrobacteraceae,solirubrobacter,solirubrobacter phytolaccae
Zotu501,0.0,0.00324,0.0,0.009223,0.003245,0.0,0.006279,0.00314,bacteria,pseudomonadota,gammaproteobacteria,nevskiales,nevskiaceae,panacagrimonas,panacagrimonas perspica
Zotu502,0.0,0.0,0.0,0.0,0.0,0.0,0.0,0.0,bacteria,actinomycetota,thermoleophilia,solirubrobacterales,conexibacteraceae,conexibacter,conexibacter arvalis
Zotu503,0.003341,0.00648,0.0,0.012297,0.006491,0.0,0.00314,0.028262,bacteria,pseudomonadota,alphaproteobacteria,sphingomonadales,sphingosinicellaceae,sphingosinicella,sphingosinicella humi
Zotu504,0.003341,0.00324,0.003173,0.003074,0.0,0.0,0.0,0.0,bacteria,acidobacteriota,vicinamibacteria,vicinamibacterales,vicinamibacteraceae,luteitalea,luteitalea pratensis
Zotu505,0.066811,0.045357,0.104705,0.144486,0.051928,0.066641,0.031395,0.021981,bacteria,actinomycetota,acidimicrobiia,acidimicrobiales,iamiaceae,actinomarinicola,actinomarinicola tropica
Zotu506,0.0,0.00324,0.0,0.0,0.058419,0.003173,0.00314,0.0,bacteria,planctomycetota,planctomycetia,planctomycetales,planctomycetaceae,schlesneria,schlesneria paludicola
Zotu507,0.0,0.0,0.0,0.0,0.0,0.0,0.0,0.025122,bacteria,actinomycetota,actinomycetes,kitasatosporales,streptomycetaceae,streptomyces,streptomyces verrucosisporus
Zotu508,0.026725,0.103674,0.145953,0.012297,0.045437,0.012694,0.006279,0.00314,bacteria,bacillota,clostridia,thermoanaerobacterales,thermoanaerobacteraceae,carboxydothermus,carboxydothermus islandicus
Zotu509,0.010022,0.00648,0.012692,0.003074,0.003245,0.003173,0.034535,0.031402,bacteria,gemmatimonadota,longimicrobiia,longimicrobiales,longimicrobiaceae,longimicrobium,longimicrobium terrae
Zotu510,0.010022,0.0,0.003173,0.0,0.003245,0.0,0.00314,0.0,bacteria,thermomicrobiota,thermomicrobia,sphaerobacterales,sphaerobacteraceae,nitrolancea,nitrolancea hollandica
Zotu511,0.003341,0.00324,0.0,0.0,0.003245,0.32686,0.26372,0.0,archaea,methanobacteriota,thermoplasmata,methanomassiliicoccales,methanomassiliicoccaceae,candidatus methanogranum,thermoplasmata archaeon kjm51a
Zotu512,0.006681,0.00324,0.012692,0.009223,0.006491,0.003173,0.0,0.012561,bacteria,actinomycetota,rubrobacteria,rubrobacterales,rubrobacteraceae,rubrobacter,rubrobacter taiwanensis
Zotu513,0.110239,0.194389,0.482279,0.0,0.003245,0.00952,0.00314,0.00628,bacteria,planctomycetota,planctomycetia,gemmatales,gemmataceae,limnoglobus,limnoglobus roseus
Zotu514,0.003341,0.009719,0.012692,0.0,0.048682,0.0,0.006279,0.0,bacteria,actinomycetota,actinomycetes,propionibacteriales,nocardioidaceae,nocardioides,nocardioides panacis
Zotu515,0.003341,0.00324,0.0,0.0,0.0,0.01904,0.006279,0.0,bacteria,actinomycetota,acidimicrobiia,acidimicrobiales,iamiaceae,actinomarinicola,actinomarinicola tropica
Zotu516,0.003341,0.00324,0.0,0.0,0.009736,0.012694,0.0,0.00628,bacteria,verrucomicrobiota,opitutae,opitutales,opitutaceae,opitutus,opitutus terrae
Zotu517,0.250543,0.479492,0.349018,0.012297,0.009736,0.0,0.006279,0.012561,bacteria,candidatus tectomicrobia,candidatus tectomicrobia,candidatus tectomicrobia,candidatus tectomicrobia,candidatus entotheonella,candidatus entotheonella palauensis
Zotu518,0.016703,0.00648,0.009519,0.012297,0.012982,0.025387,0.00314,0.053384,bacteria,bacillota,bacilli,bacillales,bacillaceae,robertmurraya,robertmurraya korlensis
Zotu519,0.003341,0.00324,0.0,0.0,0.0,0.0,0.483486,0.172712,bacteria,bacteroidota,chitinophagia,chitinophagales,chitinophagaceae,flavisolibacter,flavisolibacter galbus
Zotu520,0.504426,0.473012,0.228448,0.0,0.233675,0.00952,0.015698,0.0,archaea,methanobacteriota,thermoplasmata,methanomassiliicoccales,candidatus methanomethylophilaceae,candidatus methanomethylophilus,candidatus methanomethylophilus alvus
Zotu521,0.003341,0.00324,0.009519,0.0,0.003245,0.0,0.006279,0.00314,bacteria,chloroflexota,tepidiformia,tepidiformales,tepidiformaceae,tepidiforma,tepidiforma bonchosmolovskayae
Zotu522,0.317354,0.758116,0.006346,0.0,0.003245,0.00952,0.006279,0.00314,bacteria,chloroflexota,anaerolineae,anaerolineales,anaerolineaceae,thermanaerothrix,thermanaerothrix daxensis
Zotu523,0.11692,0.149031,0.063458,0.390421,0.172011,0.092028,0.00314,0.0,bacteria,bacillota,clostridia,eubacteriales,clostridiales family xvii. incertae sedis,thermaerobacter,thermaerobacter composti
Zotu524,0.003341,0.00648,0.060285,0.0,0.003245,0.104722,0.025116,0.047103,bacteria,pseudomonadota,alphaproteobacteria,caulobacterales,caulobacteraceae,phenylobacterium,phenylobacterium soli
Zotu525,0.003341,0.00648,0.006346,0.0,0.06491,0.057121,0.00314,0.0,bacteria,gemmatimonadota,gemmatimonadetes,gemmatimonadales,gemmatimonadaceae,gemmatimonas,gemmatimonas phototrophica
Zotu526,0.0,0.0,0.0,0.0,0.003245,0.0,0.00314,0.0,bacteria,bacillota,clostridia,eubacteriales,clostridiales family xvii. incertae sedis,thermaerobacter,thermaerobacter composti
Zotu527,0.0,0.00648,0.003173,0.0,0.0,0.031734,0.043953,0.00628,bacteria,actinomycetota,acidimicrobiia,acidimicrobiales,acidimicrobiaceae,aciditerrimonas,aciditerrimonas ferrireducens
Zotu528,0.066811,0.090715,0.209411,0.445756,0.360249,0.266565,0.113023,0.012561,bacteria,actinomycetota,rubrobacteria,gaiellales,gaiellaceae,gaiella,gaiella occulta
Zotu529,0.010022,0.00648,0.003173,0.006148,0.0,0.015867,0.009419,0.00314,bacteria,actinomycetota,acidimicrobiia,acidimicrobiales,acidimicrobiaceae,acidiferrimicrobium,acidiferrimicrobium australe
Zotu530,0.0,0.0,0.0,0.0,0.0,0.003173,0.00314,0.00628,bacteria,bacillota,bacilli,bacillales,bacillaceae,bacillus,bacillus isabeliae
Zotu531,0.193753,0.016199,0.149126,0.166006,0.090874,0.079335,0.031395,0.009421,bacteria,actinomycetota,rubrobacteria,gaiellales,gaiellaceae,gaiella,gaiella occulta
Zotu532,0.0,0.00324,0.0,0.0,0.0,0.006347,0.040814,0.094206,bacteria,pseudomonadota,betaproteobacteria,burkholderiales,oxalobacteraceae,actimicrobium,actimicrobium antarcticum
Zotu533,0.006681,0.0,0.0,0.0,0.003245,0.0,0.0,0.037683,bacteria,bacteroidota,cytophagia,cytophagales,hymenobacteraceae,adhaeribacter,adhaeribacter aquaticus
Zotu534,0.0,0.0,0.0,0.0,0.0,0.003173,0.0,0.053384,bacteria,bacteroidota,cytophagia,cytophagales,hymenobacteraceae,adhaeribacter,adhaeribacter rhizoryzae
Zotu535,0.003341,0.0,0.006346,0.003074,0.003245,0.047601,0.018837,0.00628,bacteria,bacillota,clostridia,eubacteriales,clostridiales family xvii. incertae sedis,thermaerobacter,thermaerobacter subterraneus
Zotu536,0.0,0.0,0.0,0.003074,0.003245,0.0,0.0,0.116188,bacteria,actinomycetota,actinomycetes,geodermatophilales,geodermatophilaceae,modestobacter,modestobacter marinus
Zotu537,0.0,0.0,0.0,0.0,0.003245,0.0,0.006279,0.00314,bacteria,actinomycetota,rubrobacteria,rubrobacterales,rubrobacteraceae,rubrobacter,rubrobacter taiwanensis
Zotu538,0.0,0.0,0.0,0.006148,0.0,0.0,0.050232,0.043963,bacteria,chloroflexota,thermomicrobia,sphaerobacterales,sphaerobacteraceae,sphaerobacter,sphaerobacter thermophilus
Zotu539,0.003341,0.00324,0.0,0.0,0.003245,0.0,0.006279,0.031402,bacteria,pseudomonadota,alphaproteobacteria,sphingomonadales,sphingomonadaceae,sphingomonas,sphingomonas sanxanigenens
Zotu540,0.0,0.0,0.003173,0.11067,0.0,0.0,0.0,0.0,bacteria,actinomycetota,acidimicrobiia,acidimicrobiales,acidimicrobiaceae,aciditerrimonas,aciditerrimonas ferrireducens
Zotu541,0.003341,0.00648,0.003173,0.006148,0.0,0.069815,0.087907,0.141309,bacteria,pseudomonadota,alphaproteobacteria,hyphomicrobiales,methylobacteriaceae,microvirga,microvirga thermotolerans
Zotu542,0.010022,0.012959,0.003173,0.0,0.003245,0.003173,0.006279,0.30146,bacteria,pseudomonadota,betaproteobacteria,burkholderiales,oxalobacteraceae,noviherbaspirillum,noviherbaspirillum suwonense
Zotu543,0.0,0.0,0.006346,0.0,0.0,0.0,0.134999,0.0,bacteria,planctomycetota,phycisphaerae,tepidisphaerales,tepidisphaeraceae,tepidisphaera,tepidisphaera mucosa
Zotu544,0.003341,0.022679,0.057112,0.209044,0.0,0.0,0.034535,0.00628,bacteria,bacteroidota,cytophagia,cytophagales,cesiribacteraceae,nafulsella,nafulsella turpanensis
Zotu545,0.003341,0.00324,0.0,0.003074,0.0,0.0,0.0,0.0,bacteria,actinomycetota,actinomycetes,mycobacteriales,nocardiaceae,nocardia,nocardia carnea
Zotu546,0.0,0.0,0.0,0.0,0.0,0.0,0.0,0.00314,bacteria,bacillota,bacilli,lactobacillales,enterococcaceae,enterococcus,enterococcus cecorum
Zotu547,0.0,0.048597,0.009519,0.0,0.012982,0.069815,0.028256,0.0,bacteria,actinomycetota,thermoleophilia,solirubrobacterales,baekduiaceae,baekduia,baekduia soli
Zotu548,0.003341,0.00324,0.006346,0.003074,0.003245,0.006347,0.00314,0.197833,bacteria,actinomycetota,actinomycetes,geodermatophilales,geodermatophilaceae,geodermatophilus,geodermatophilus obscurus
Zotu549,0.003341,0.00324,0.009519,0.003074,0.279112,0.003173,0.0,0.00628,bacteria,pseudomonadota,gammaproteobacteria,nevskiales,nevskiaceae,panacagrimonas,panacagrimonas perspica
Zotu550,0.0,0.0,0.0,0.0,0.003245,0.015867,0.072209,0.00314,bacteria,verrucomicrobiota,opitutae,opitutales,opitutaceae,opitutus,opitutus terrae
Zotu551,0.003341,0.0,0.003173,0.003074,0.0,0.0,0.0,0.012561,bacteria,planctomycetota,planctomycetia,pirellulales,pirellulaceae,anatilimnocola,anatilimnocola aggregata
Zotu552,0.020043,0.009719,0.006346,0.0,0.003245,0.00952,0.015698,0.364264,bacteria,pseudomonadota,alphaproteobacteria,hyphomicrobiales,methylobacteriaceae,microvirga,microvirga soli
Zotu553,0.0,0.00324,0.003173,0.006148,0.003245,0.092028,0.144418,0.021981,bacteria,verrucomicrobiota,verrucomicrobiae,verrucomicrobiales,verrucomicrobia subdivision 3,pedosphaera,pedosphaera parvula
Zotu554,0.0,0.00324,0.003173,0.0,0.003245,0.025387,0.012558,0.100487,bacteria,chloroflexota,chloroflexia,chloroflexales,roseiflexaceae,kouleothrix,kouleothrix aurantiaca
Zotu555,0.003341,0.012959,0.0,0.009223,0.295339,0.279259,0.047093,0.00314,bacteria,verrucomicrobiota,verrucomicrobiae,verrucomicrobiales,verrucomicrobia subdivision 3,pedosphaera,pedosphaera parvula
Zotu556,0.003341,0.009719,0.215757,0.571797,0.220693,0.282432,0.081628,0.00628,bacteria,actinomycetota,thermoleophilia,solirubrobacterales,conexibacteraceae,conexibacter,conexibacter arvalis
Zotu557,0.010022,0.009719,0.0,0.003074,0.006491,0.003173,0.006279,0.009421,bacteria,pseudomonadota,gammaproteobacteria,nevskiales,nevskiaceae,panacagrimonas,panacagrimonas perspica
Zotu558,0.046768,0.087475,0.704382,0.012297,0.009736,0.098375,0.06593,0.00628,bacteria,acidobacteriota,blastocatellia,blastocatellales,pyrinomonadaceae,pyrinomonas,pyrinomonas methylaliphatogenes
Zotu559,0.0,0.0,0.006346,0.003074,0.012982,0.003173,0.0,0.401947,bacteria,bacteroidota,chitinophagia,chitinophagales,chitinophagaceae,flavisolibacter,flavisolibacter metallilatus
Zotu560,0.063471,0.116633,0.003173,0.006148,0.0,0.003173,0.047093,0.00628,bacteria,chloroflexota,chloroflexia,chloroflexales,roseiflexaceae,kouleothrix,kouleothrix aurantiaca
Zotu561,0.003341,0.00324,0.003173,0.006148,0.149292,0.206271,0.163255,0.00628,bacteria,verrucomicrobiota,verrucomicrobiae,verrucomicrobiales,verrucomicrobia subdivision 3,pedosphaera,pedosphaera parvula
Zotu562,0.006681,0.00324,0.076149,0.0,0.0,0.085682,0.219766,0.059664,archaea,methanobacteriota,thermoplasmata,methanomassiliicoccales,methanomassiliicoccaceae,methanomassiliicoccus,candidatus methanomassiliicoccus intestinalis
Zotu563,0.050109,0.025918,0.0,0.0,0.06491,0.072988,0.00314,0.00628,bacteria,chloroflexota,tepidiformia,tepidiformales,tepidiformaceae,tepidiforma,tepidiforma bonchosmolovskayae
Zotu564,0.003341,0.0,0.012692,0.0,0.0,0.006347,0.00314,0.012561,bacteria,bacteroidota,chitinophagia,chitinophagales,chitinophagaceae,segetibacter,segetibacter aerophilus
Zotu565,0.277267,0.051837,0.006346,0.0,0.038946,0.01904,0.00314,0.018841,bacteria,planctomycetota,planctomycetia,pirellulales,pirellulaceae,candidatus anammoximicrobium,candidatus anammoximicrobium moscowii
Zotu566,0.0,0.00324,0.009519,0.0,0.162274,0.231658,0.00314,0.00314,bacteria,pseudomonadota,gammaproteobacteria,nevskiales,nevskiaceae,panacagrimonas,panacagrimonas perspica
Zotu567,0.0,0.0,0.0,0.0,0.0,0.0,0.0,0.0,bacteria,bacteroidota,cytophagia,cytophagales,hymenobacteraceae,adhaeribacter,adhaeribacter swui
Zotu568,0.0,0.00648,0.0,0.0,0.0,0.028561,0.015698,0.0,bacteria,actinomycetota,nitriliruptoria,euzebyales,euzebyaceae,euzebya,euzebya pacifica
Zotu569,0.0,0.009719,0.0,0.0,0.0,0.006347,0.0,0.0,bacteria,verrucomicrobiota,verrucomicrobiae,verrucomicrobiales,verrucomicrobia subdivision 3,pedosphaera,pedosphaera parvula
Zotu570,0.0,0.0,0.0,0.0,0.0,0.0,0.0,0.0,bacteria,acidobacteriota,blastocatellia,blastocatellales,blastocatellaceae,aridibacter,aridibacter kavangonensis
Zotu571,0.046768,0.16523,0.088841,0.0,0.097365,0.374461,0.053372,0.009421,bacteria,pseudomonadota,betaproteobacteria,burkholderiales,burkholderiales,thiobacter,thiobacter subterraneus
Zotu572,0.0,0.0,0.003173,0.0,0.0,0.006347,0.00314,0.0,bacteria,pseudomonadota,gammaproteobacteria,nevskiales,nevskiaceae,panacagrimonas,panacagrimonas perspica
Zotu573,0.003341,0.00648,0.003173,0.0,0.0,0.003173,0.00314,0.021981,bacteria,pseudomonadota,alphaproteobacteria,sphingomonadales,sphingomonadaceae,novosphingobium,novosphingobium gossypii
Zotu574,0.0,0.0,0.003173,0.009223,0.003245,0.0,0.043953,0.0,bacteria,pseudomonadota,alphaproteobacteria,hyphomicrobiales,hyphomicrobiales,pseudorhodoplanes,pseudorhodoplanes sinuspersici
Zotu575,0.0,0.0,0.0,0.0,0.0,0.003173,0.006279,0.012561,bacteria,pseudomonadota,alphaproteobacteria,sphingomonadales,sphingosinicellaceae,sphingoaurantiacus,sphingoaurantiacus polygranulatus
Zotu576,0.0,0.0,0.0,0.0,0.0,0.0,0.0,0.0,bacteria,bacteroidota,cytophagia,cytophagales,hymenobacteraceae,rufibacter,rufibacter hautae
Zotu577,0.013362,0.064796,0.126916,0.006148,0.353758,1.0377,0.0,0.012561,bacteria,planctomycetota,planctomycetia,pirellulales,lacipirellulaceae,pirellulimonas,pirellulimonas nuda
Zotu578,0.0,0.0,0.0,0.0,0.0,0.0,0.0,0.0,bacteria,verrucomicrobiota,verrucomicrobiae,limisphaerales,fontisphaeraceae,fontisphaera,fontisphaera persica
Zotu579,0.096877,0.119873,0.015864,0.107596,0.249903,0.072988,0.078488,0.072225,bacteria,chloroflexota,chloroflexota,chloroflexota,chloroflexota,thermobaculum,thermobaculum terrenum
Zotu580,0.0,0.00324,0.0,0.012297,0.006491,0.012694,0.006279,0.0,bacteria,actinomycetota,actinomycetes,geodermatophilales,geodermatophilaceae,blastococcus,blastococcus jejuensis
Zotu581,0.003341,0.00324,0.028556,0.003074,0.003245,0.863163,0.113023,0.009421,bacteria,acidobacteriota,blastocatellia,blastocatellales,blastocatellaceae,aridibacter,aridibacter kavangonensis
Zotu582,0.324035,0.939545,0.193546,0.012297,0.009736,0.117416,0.015698,0.015701,bacteria,thermodesulfobacteriota,syntrophobacteria,syntrophobacterales,syntrophobacteraceae,desulfosoma,desulfosoma caldarium
Zotu583,0.003341,0.00648,0.003173,0.0,0.006491,0.003173,0.00314,0.100487,bacteria,bacteroidota,cytophagia,cytophagales,hymenobacteraceae,adhaeribacter,adhaeribacter aquaticus
Zotu584,0.003341,0.0,0.0,0.0,0.0,0.006347,0.00314,0.00314,bacteria,pseudomonadota,betaproteobacteria,burkholderiales,oxalobacteraceae,massilia,massilia atriviolacea
Zotu586,0.0,0.00648,0.006346,0.006148,0.0,0.006347,0.012558,0.389386,bacteria,pseudomonadota,betaproteobacteria,burkholderiales,burkholderiaceae,quisquiliibacterium,quisquiliibacterium transsilvanicum
Zotu587,0.0,0.00324,0.0,0.0,0.003245,0.003173,0.00314,0.084786,bacteria,pseudomonadota,alphaproteobacteria,sphingomonadales,sphingomonadaceae,hephaestia,hephaestia caeni
Zotu588,0.200434,0.149031,0.069804,0.07378,0.324549,0.425235,0.021977,0.018841,bacteria,gemmatimonadota,longimicrobiia,longimicrobiales,longimicrobiaceae,longimicrobium,longimicrobium terrae
Zotu589,0.003341,0.038878,0.149126,0.009223,0.003245,0.063468,0.025116,0.00314,bacteria,actinomycetota,acidimicrobiia,acidimicrobiales,acidimicrobiaceae,aciditerrimonas,aciditerrimonas ferrireducens
Zotu590,0.0,0.0,0.0,0.0,0.0,0.0,0.0,0.0,bacteria,planctomycetota,planctomycetia,gemmatales,gemmataceae,limnoglobus,limnoglobus roseus
Zotu591,0.030065,0.035638,0.025383,0.365827,0.282358,0.165017,0.037674,0.091066,bacteria,actinomycetota,rubrobacteria,rubrobacterales,rubrobacteraceae,rubrobacter,rubrobacter marinus
Zotu592,0.013362,0.242986,0.072976,0.476498,0.0357,0.114242,0.06593,0.00628,bacteria,actinomycetota,rubrobacteria,rubrobacterales,rubrobacteraceae,rubrobacter,rubrobacter naiadicus
Zotu593,0.003341,0.00324,0.257004,0.0,0.0,0.095202,0.119302,0.00314,archaea,methanobacteriota,thermoplasmata,methanomassiliicoccales,methanomassiliicoccaceae,methanomassiliicoccus,candidatus methanomassiliicoccus intestinalis
Zotu594,0.006681,0.019439,0.072976,0.009223,0.003245,0.01904,0.037674,0.00314,bacteria,actinomycetota,acidimicrobiia,acidimicrobiales,acidimicrobiaceae,acidiferrimicrobium,acidiferrimicrobium australe
Zotu595,0.086855,0.242986,0.253831,0.285899,0.061664,0.101549,0.097325,0.00314,bacteria,actinomycetota,rubrobacteria,rubrobacterales,rubrobacteraceae,rubrobacter,rubrobacter xylanophilus
Zotu596,0.0,0.0,0.003173,0.003074,0.003245,0.0,0.0,0.031402,bacteria,pseudomonadota,alphaproteobacteria,caulobacterales,caulobacteraceae,phenylobacterium,phenylobacterium mobile
Zotu597,0.0,0.0,0.0,0.0,0.0,0.0,0.0,0.0,bacteria,pseudomonadota,betaproteobacteria,burkholderiales,burkholderiales,tepidimonas,tepidimonas taiwanensis
Zotu598,0.0,0.0,0.003173,0.0,0.009736,0.006347,0.0,0.00628,bacteria,actinomycetota,actinomycetes,geodermatophilales,geodermatophilaceae,geodermatophilus,geodermatophilus chilensis
Zotu599,0.0,0.0,0.0,0.0,0.0,0.0,0.00314,0.0,bacteria,bacteroidota,chitinophagia,chitinophagales,chitinophagaceae,sediminibacterium,sediminibacterium goheungense
Zotu600,0.003341,0.149031,0.155472,0.006148,0.003245,0.003173,0.009419,0.0,bacteria,pseudomonadota,betaproteobacteria,ferritrophicales,ferritrophicaceae,ferritrophicum,ferritrophicum radicicola
Zotu601,0.006681,0.0,0.006346,0.003074,0.0,0.082508,0.059651,0.053384,bacteria,pseudomonadota,betaproteobacteria,burkholderiales,comamonadaceae,ramlibacter,ramlibacter monticola
Zotu602,0.0,0.0,0.0,0.0,0.003245,0.0,0.0,0.00314,bacteria,acidobacteriota,terriglobia,bryobacterales,bryobacteraceae,bryobacter,bryobacter aggregatus
Zotu603,0.0,0.00648,0.066631,0.0,0.0,0.003173,0.00314,0.0,bacteria,verrucomicrobiota,verrucomicrobiae,limisphaerales,fontisphaeraceae,fontisphaera,fontisphaera persica
Zotu604,0.0,0.0,0.003173,0.0,0.003245,0.022214,0.0,0.00314,bacteria,actinomycetota,thermoleophilia,solirubrobacterales,parviterribacteraceae,parviterribacter,parviterribacter kavangonensis
Zotu605,0.0,0.00324,0.003173,0.003074,0.055173,0.238005,0.056511,0.00314,bacteria,actinomycetota,acidimicrobiia,acidimicrobiales,acidimicrobiaceae,aciditerrimonas,aciditerrimonas ferrireducens
Zotu606,0.0,0.009719,0.0,0.006148,0.003245,0.003173,0.006279,0.00314,bacteria,bacillota,bacilli,bacillales,bacillales family x. incertae sedis,thermicanus,thermicanus aegyptius
Zotu607,0.0,0.00648,0.0,0.003074,0.0,0.003173,0.059651,0.056524,archaea,methanobacteriota,thermoplasmata,methanomassiliicoccales,methanomassiliicoccaceae,methanomassiliicoccus,candidatus methanomassiliicoccus intestinalis
Zotu608,0.0,0.0,0.0,0.0,0.0,0.0,0.0,0.0,bacteria,actinomycetota,rubrobacteria,rubrobacterales,rubrobacteraceae,rubrobacter,rubrobacter naiadicus
Zotu609,0.11692,0.145791,0.133261,0.353531,0.032455,0.260218,0.106744,0.053384,bacteria,acidobacteriota,vicinamibacteria,vicinamibacterales,vicinamibacteraceae,luteitalea,luteitalea pratensis
Zotu610,0.0,0.0,0.0,0.0,0.003245,0.0,0.00314,0.0,bacteria,actinomycetota,actinomycetes,streptosporangiales,thermomonosporaceae,actinocorallia,actinocorallia longicatena
Zotu611,0.126942,0.291583,0.047593,0.0,0.20122,0.472836,0.12872,0.00314,bacteria,chloroflexota,tepidiformia,tepidiformales,tepidiformaceae,tepidiforma,tepidiforma bonchosmolovskayae
Zotu612,0.0,0.00324,0.0,0.0,0.0,0.17771,0.072209,0.00314,bacteria,bacteroidota,flavobacteriia,flavobacteriales,owenweeksiaceae,owenweeksia,owenweeksia hongkongensis
Zotu613,0.003341,0.009719,0.025383,0.0,0.0,0.003173,0.006279,0.0,bacteria,bacillota,bacilli,bacillales,paenibacillaceae,paenibacillus,paenibacillus antri
Zotu614,0.0,0.0,0.003173,0.0,0.0,0.0,0.0,0.0,bacteria,pseudomonadota,alphaproteobacteria,sphingomonadales,sphingosinicellaceae,sphingoaurantiacus,sphingoaurantiacus polygranulatus
Zotu615,0.0,0.0,0.006346,0.0,0.0,0.0,0.0,0.040823,bacteria,bacteroidota,chitinophagia,chitinophagales,chitinophagaceae,flavisolibacter,flavisolibacter ginsengiterrae
Zotu616,0.0,0.0,0.0,0.0,0.0,0.0,0.0,0.00628,bacteria,pseudomonadota,alphaproteobacteria,hyphomicrobiales,methylobacteriaceae,microvirga,microvirga thermotolerans
Zotu617,0.006681,0.0,0.0,0.009223,0.068155,0.231658,0.348487,0.232376,bacteria,pseudomonadota,alphaproteobacteria,hyphomicrobiales,phyllobacteriaceae,mesorhizobium,mesorhizobium plurifarium
Zotu618,0.003341,0.0,0.0,0.009223,0.003245,0.00952,0.188371,0.053384,bacteria,deinococcota,deinococci,deinococcales,deinococcaceae,deinococcus,deinococcus pimensis
Zotu619,0.0,0.00324,0.015864,0.0,0.0,0.0,0.0,0.0,bacteria,actinomycetota,actinomycetes,pseudonocardiales,pseudonocardiaceae,pseudonocardia,pseudonocardia adelaidensis
Zotu620,0.0,0.0,0.0,0.003074,0.0,0.0,0.0,0.0,bacteria,gemmatimonadota,gemmatimonadetes,gemmatimonadales,gemmatimonadaceae,gemmatimonas,gemmatimonas phototrophica
Zotu621,0.0,0.00648,0.0,0.006148,0.0,0.003173,0.009419,0.009421,bacteria,bacillota,thermolithobacteria,thermolithobacterales,thermolithobacteraceae,thermolithobacter,thermolithobacter ferrireducens
Zotu622,0.0,0.0,0.0,0.0,0.0,0.0,0.0,0.0,bacteria,actinomycetota,actinomycetes,streptosporangiales,thermomonosporaceae,thermomonospora,thermomonospora amylolytica
Zotu623,0.29063,0.440614,0.257004,0.098374,0.032455,0.003173,0.00314,0.00628,bacteria,pseudomonadota,deltaproteobacteria,desulfuromonadales,desulfuromonadaceae,pelobacter,pelobacter carbinolicus
Zotu624,0.010022,0.022679,0.158645,0.0,0.0,0.291952,0.059651,0.00314,bacteria,verrucomicrobiota,opitutae,opitutales,opitutaceae,horticoccus,horticoccus luteus
Zotu625,0.016703,0.016199,0.0,0.0,0.009736,0.028561,0.021977,0.050243,bacteria,pseudomonadota,alphaproteobacteria,hyphomicrobiales,chelatococcaceae,chelatococcus,chelatococcus composti
Zotu626,0.0,0.00324,0.0,0.0,0.003245,0.0,0.0,0.0,bacteria,bacillota,bacilli,bacillales,bacillaceae,bacillus,bacillus asahii
Zotu627,0.003341,0.0,0.003173,0.006148,0.0,0.012694,0.0,0.00314,bacteria,actinomycetota,rubrobacteria,gaiellales,gaiellaceae,gaiella,gaiella occulta
Zotu628,0.0,0.0,0.0,0.0,0.0,0.0,0.0,0.0,bacteria,bacteroidota,cytophagia,cytophagales,fulvivirgaceae,ohtaekwangia,ohtaekwangia koreensis
Zotu629,0.003341,0.0,0.0,0.0,0.0,0.003173,0.0,0.0,bacteria,actinomycetota,rubrobacteria,gaiellales,gaiellaceae,gaiella,gaiella occulta
Zotu630,0.728245,0.226787,0.057112,0.276676,0.006491,0.006347,0.012558,0.009421,bacteria,bacillota,clostridia,eubacteriales,clostridiales family xvii. incertae sedis,thermaerobacter,thermaerobacter composti
Zotu631,0.0,0.0,0.0,0.0,0.0,0.0,0.0,0.091066,bacteria,pseudomonadota,alphaproteobacteria,rhodospirillales,acetobacteraceae,paracraurococcus,paracraurococcus ruber
Zotu632,0.120261,0.058317,0.057112,0.405792,0.110347,0.130109,0.006279,0.00314,bacteria,pseudomonadota,alphaproteobacteria,rhodospirillales,azospirillaceae,indioceanicola,indioceanicola profundi
Zotu634,0.0,0.00324,0.003173,0.003074,0.0,0.003173,0.075348,0.00314,bacteria,pseudomonadota,betaproteobacteria,burkholderiales,comamonadaceae,ramlibacter,ramlibacter humi
Zotu635,0.0,0.0,0.0,0.0,0.0,0.0,0.0,0.0,bacteria,actinomycetota,thermoleophilia,thermoleophilales,thermoleophilaceae,thermoleophilum,thermoleophilum album
Zotu636,0.0,0.0,0.0,0.0,0.0,0.0,0.0,0.0,bacteria,actinomycetota,actinomycetes,pseudonocardiales,pseudonocardiaceae,pseudonocardia,pseudonocardia nigra
Zotu637,0.003341,0.0,0.0,0.0,0.0,0.003173,0.0,0.0,bacteria,chloroflexota,anaerolineae,anaerolineales,anaerolineaceae,thermanaerothrix,thermanaerothrix daxensis
Zotu638,0.003341,0.00324,0.0,0.0,0.0,0.0,0.0,0.3046,bacteria,verrucomicrobiota,spartobacteria,chthoniobacterales,chthoniobacteraceae,chthoniobacter,chthoniobacter flavus
Zotu639,0.0,0.0,0.0,0.0,0.0,0.0,0.0,0.0,bacteria,thermomicrobiota,thermomicrobia,sphaerobacterales,sphaerobacteraceae,sphaerobacter,sphaerobacter thermophilus
Zotu640,0.046768,0.268904,0.14278,0.396569,0.379722,0.069815,0.069069,0.018841,bacteria,acidobacteriota,vicinamibacteria,vicinamibacterales,vicinamibacteraceae,vicinamibacter,vicinamibacter silvestris
Zotu641,0.0,0.00648,0.069804,0.009223,0.0,0.006347,0.0,0.0,bacteria,actinomycetota,acidimicrobiia,acidimicrobiales,iamiaceae,actinomarinicola,actinomarinicola tropica
Zotu642,0.0,0.0,0.0,0.0,0.0,0.0,0.0,0.0,bacteria,pseudomonadota,gammaproteobacteria,oceanospirillales,halomonadaceae,halomonas,halomonas campaniensis
Zotu643,0.320695,1.19549,0.0,0.0,0.009736,0.006347,0.006279,0.0,archaea,methanobacteriota,thermoplasmata,methanomassiliicoccales,candidatus methanomethylophilaceae,candidatus methanomethylophilus,candidatus methanomethylophilus alvus
Zotu644,0.003341,0.009719,0.006346,0.003074,0.003245,0.00952,0.310813,0.737949,bacteria,chloroflexota,chloroflexia,kallotenuales,kallotenuaceae,kallotenue,kallotenue papyrolyticum
Zotu645,0.17371,0.382298,0.101533,0.335086,0.019473,0.0,0.00314,0.00314,bacteria,pseudomonadota,deltaproteobacteria,myxococcales,kofleriaceae,kofleria,kofleria flava
Zotu646,0.073493,0.0,0.0,0.888438,0.0,0.123762,0.00314,0.0,bacteria,planctomycetota,phycisphaerae,tepidisphaerales,tepidisphaeraceae,tepidisphaera,tepidisphaera mucosa
Zotu647,0.023384,0.012959,0.053939,0.221341,0.003245,0.003173,0.0,0.025122,bacteria,actinomycetota,acidimicrobiia,acidimicrobiales,acidimicrobiaceae,aciditerrimonas,aciditerrimonas ferrireducens
Zotu648,0.003341,0.0,0.0,0.003074,0.003245,0.0,0.0,0.0,archaea,nitrososphaerota,thaumarchaeota,nitrososphaerales,nitrososphaeraceae,nitrososphaera,nitrososphaera viennensis
Zotu649,0.003341,0.0,0.009519,0.003074,0.003245,0.0,0.0,0.00628,bacteria,chloroflexota,chloroflexia,herpetosiphonales,herpetosiphonaceae,herpetosiphon,herpetosiphon aurantiacus
Zotu650,0.003341,0.0,0.0,0.006148,0.0,0.003173,0.006279,0.00628,bacteria,planctomycetota,planctomycetia,pirellulales,lacipirellulaceae,botrimarina,botrimarina hoheduenensis
Zotu651,0.020043,0.035638,0.0,0.0,0.0,0.0,0.0,0.0,bacteria,planctomycetota,planctomycetia,pirellulales,pirellulaceae,candidatus anammoximicrobium,candidatus anammoximicrobium moscowii
Zotu652,0.003341,0.0,0.0,0.0,0.0,0.0,0.0,0.0,bacteria,bacteroidota,cytophagia,cytophagales,fulvivirgaceae,ohtaekwangia,ohtaekwangia koreensis
Zotu653,0.384166,0.583166,0.50449,0.0,0.006491,0.17771,0.006279,0.00628,bacteria,planctomycetota,planctomycetia,pirellulales,pirellulaceae,anatilimnocola,anatilimnocola aggregata
Zotu654,0.0,0.0,0.0,0.0,0.0,0.0,0.0,0.0,bacteria,actinomycetota,actinomycetes,pseudonocardiales,pseudonocardiaceae,haloechinothrix,haloechinothrix salitolerans
Zotu655,0.0,0.00324,0.0,0.0,0.003245,0.006347,0.00314,0.012561,bacteria,bacteroidota,chitinophagia,chitinophagales,chitinophagaceae,flavisolibacter,flavisolibacter carri
Zotu656,0.0,0.032398,0.038075,0.0,0.0,0.0,0.0,0.0,bacteria,bacillota,clostridia,eubacteriales,symbiobacteriaceae,symbiobacterium,symbiobacterium terraclitae
Zotu657,0.033406,0.035638,0.019037,0.003074,0.006491,0.003173,0.00314,0.0,bacteria,actinomycetota,acidimicrobiia,acidimicrobiales,acidimicrobiaceae,aciditerrimonas,aciditerrimonas ferrireducens
Zotu658,0.013362,0.0,0.0,0.224415,0.006491,0.003173,0.00314,0.040823,bacteria,bacillota,bacilli,bacillales,bacillaceae,bacillus,bacillus niabensis
Zotu659,0.0,0.0,0.009519,0.0,0.003245,0.0,0.0,0.0,bacteria,verrucomicrobiota,spartobacteria,chthoniobacterales,chthoniobacteraceae,chthoniobacter,chthoniobacter flavus
Zotu660,0.0,0.00324,0.003173,0.006148,0.003245,0.01904,0.053372,0.021981,bacteria,gemmatimonadota,longimicrobiia,longimicrobiales,longimicrobiaceae,longimicrobium,longimicrobium terrae
Zotu661,0.016703,0.00648,0.0,0.003074,0.012982,0.00952,0.009419,0.00628,bacteria,actinomycetota,thermoleophilia,solirubrobacterales,baekduiaceae,baekduia,baekduia soli
Zotu662,0.257224,0.51513,0.257004,0.332011,0.061664,0.006347,0.009419,0.00314,bacteria,acidobacteriota,vicinamibacteria,vicinamibacterales,vicinamibacteraceae,luteitalea,luteitalea pratensis
Zotu663,0.043427,0.0,0.066631,0.104522,0.045437,0.003173,0.0,0.0,archaea,methanobacteriota,thermoplasmata,methanomassiliicoccales,methanomassiliicoccaceae,methanomassiliicoccus,candidatus methanomassiliicoccus intestinalis
Zotu664,0.0,0.0,0.003173,0.0,0.0,0.0,0.00314,0.012561,bacteria,actinomycetota,actinomycetes,kitasatosporales,streptomycetaceae,streptomyces,streptomyces thermocarboxydovorans
Zotu665,0.0,0.0,0.006346,0.009223,0.009736,0.00952,0.009419,0.0,bacteria,pseudomonadota,gammaproteobacteria,nevskiales,nevskiaceae,panacagrimonas,panacagrimonas perspica
Zotu666,0.003341,0.00324,0.02221,0.0,0.006491,0.025387,0.034535,0.0,bacteria,actinomycetota,thermoleophilia,solirubrobacterales,conexibacteraceae,conexibacter,conexibacter stalactiti
Zotu667,0.003341,0.0,0.006346,0.0,0.0,0.003173,0.00314,0.00314,bacteria,actinomycetota,rubrobacteria,rubrobacterales,rubrobacteraceae,rubrobacter,rubrobacter naiadicus
Zotu668,0.040087,0.16847,0.203065,0.003074,0.178502,0.238005,0.006279,0.0,bacteria,verrucomicrobiota,verrucomicrobiae,limisphaerales,fontisphaeraceae,fontisphaera,fontisphaera persica
Zotu669,0.083514,1.02378,0.209411,0.003074,0.009736,0.003173,0.00314,0.00628,bacteria,planctomycetota,planctomycetia,gemmatales,gemmataceae,zavarzinella,zavarzinella formosa
Zotu670,0.704861,0.34342,0.0,0.006148,0.006491,0.003173,0.012558,0.015701,bacteria,pseudomonadota,gammaproteobacteria,nevskiales,nevskiaceae,panacagrimonas,panacagrimonas perspica
Zotu671,0.006681,0.00324,0.047593,0.003074,0.006491,0.104722,0.012558,0.009421,bacteria,chloroflexota,thermomicrobia,sphaerobacterales,sphaerobacteraceae,sphaerobacter,sphaerobacter thermophilus
Zotu672,0.0,0.0,0.0,0.0,0.0,0.003173,0.00314,0.0,bacteria,actinomycetota,actinomycetes,propionibacteriales,nocardioidaceae,nocardioides,nocardioides dubius
Zotu673,0.010022,0.029158,0.006346,0.006148,0.009736,0.003173,0.00314,0.00314,bacteria,actinomycetota,thermoleophilia,solirubrobacterales,solirubrobacteraceae,solirubrobacter,solirubrobacter ginsenosidimutans
Zotu674,0.247202,0.33694,0.16499,0.482646,0.0,0.012694,0.0,0.00628,bacteria,planctomycetota,planctomycetia,pirellulales,lacipirellulaceae,pirellulimonas,pirellulimonas nuda
Zotu675,0.023384,0.00648,0.0,0.424237,0.006491,0.076161,0.00314,0.0,bacteria,actinomycetota,thermoleophilia,thermoleophilales,thermoleophilaceae,thermoleophilum,thermoleophilum album
Zotu676,0.006681,0.022679,0.003173,0.141412,0.055173,0.066641,0.072209,0.025122,bacteria,actinomycetota,thermoleophilia,solirubrobacterales,solirubrobacteraceae,solirubrobacter,solirubrobacter phytolaccae
Zotu677,0.0,0.016199,0.012692,0.633281,0.003245,0.0,0.034535,0.00628,bacteria,bacillota,clostridia,eubacteriales,symbiobacteriaceae,symbiobacterium,symbiobacterium terraclitae
Zotu678,0.0,0.0,0.003173,0.003074,0.0,0.0,0.0,0.254357,bacteria,pseudomonadota,alphaproteobacteria,sphingomonadales,sphingomonadaceae,sphingomonas,sphingomonas panni
Zotu679,0.0,0.00324,0.028556,0.003074,0.0,0.003173,0.00314,0.0,bacteria,actinomycetota,rubrobacteria,rubrobacterales,rubrobacteraceae,rubrobacter,rubrobacter naiadicus
Zotu680,0.0,0.00648,0.158645,0.003074,0.003245,0.260218,0.069069,0.00314,bacteria,verrucomicrobiota,verrucomicrobiae,verrucomicrobiales,verrucomicrobia subdivision 3,pedosphaera,pedosphaera parvula
Zotu681,0.003341,0.00324,0.034902,0.0,0.06491,0.0,0.00314,0.00314,bacteria,pseudomonadota,betaproteobacteria,nitrosomonadales,nitrosomonadaceae,nitrosospira,nitrosospira tenuis
Zotu682,0.013362,0.00324,0.006346,0.092225,0.006491,0.076161,0.006279,0.0,bacteria,acidobacteriota,vicinamibacteria,vicinamibacterales,vicinamibacteraceae,vicinamibacter,vicinamibacter silvestris
Zotu683,0.0,0.0,0.0,0.0,0.0,0.0,0.0,0.00314,bacteria,bacillota,clostridia,eubacteriales,symbiobacteriaceae,symbiobacterium,symbiobacterium terraclitae
Zotu684,0.0,0.0,0.003173,0.0,0.003245,0.003173,0.0,0.0,bacteria,actinomycetota,acidimicrobiia,acidimicrobiales,acidimicrobiaceae,acidiferrimicrobium,acidiferrimicrobium australe
Zotu685,0.0,0.0,0.015864,0.0,0.0,0.0,0.0,0.0,bacteria,verrucomicrobiota,verrucomicrobiae,verrucomicrobiales,verrucomicrobia subdivision 3,pedosphaera,pedosphaera parvula
Zotu686,0.0,0.0,0.0,0.0,0.0,0.0,0.0,0.0,bacteria,actinomycetota,rubrobacteria,gaiellales,gaiellaceae,gaiella,gaiella occulta
Zotu687,0.016703,0.0,0.003173,0.0,0.090874,0.184057,0.006279,0.0,bacteria,thermomicrobiota,thermomicrobia,sphaerobacterales,sphaerobacteraceae,sphaerobacter,sphaerobacter thermophilus
Zotu688,0.086855,0.038878,0.038075,0.006148,0.197975,0.114242,0.0,0.050243,bacteria,bacillota,bacilli,bacillales,bacillaceae,bacillus,bacillus mojavensis
Zotu689,0.010022,0.00324,0.006346,0.003074,0.003245,0.0,0.0,0.009421,bacteria,bacillota,clostridia,lachnospirales,lachnospiraceae,anaeromicropila,anaeromicropila populeti
Zotu690,0.013362,0.012959,0.190373,0.0,0.084383,0.228484,0.059651,0.025122,bacteria,actinomycetota,nitriliruptoria,euzebyales,euzebyaceae,euzebya,euzebya pacifica
Zotu691,0.003341,0.0,0.003173,0.0,0.0,0.0,0.00314,0.00314,bacteria,chloroflexota,chloroflexia,herpetosiphonales,herpetosiphonaceae,herpetosiphon,herpetosiphon geysericola
Zotu692,0.006681,0.0,0.009519,0.012297,0.0,0.00952,0.0,0.00314,bacteria,pseudomonadota,betaproteobacteria,nitrosomonadales,methylophilaceae,novimethylophilus,novimethylophilus kurashikiensis
Zotu693,0.0,0.0,0.0,0.0,0.0,0.0,0.0,0.0,bacteria,pseudomonadota,alphaproteobacteria,rhodospirillales,acetobacteraceae,sabulicella,sabulicella rubraurantiaca
Zotu694,0.013362,0.00324,0.009519,0.006148,0.009736,0.003173,0.037674,0.210394,bacteria,chloroflexota,chloroflexia,kallotenuales,kallotenuaceae,kallotenue,kallotenue papyrolyticum
Zotu695,0.0,0.0,0.009519,0.003074,0.003245,0.0,0.0,0.00628,bacteria,bacteroidota,bacteroidia,bacteroidales,dysgonomonadaceae,proteiniphilum,proteiniphilum acetatigenes
Zotu696,0.010022,0.009719,0.0,0.0,0.0,0.0,0.059651,0.584079,bacteria,bacteroidota,chitinophagia,chitinophagales,chitinophagaceae,flavisolibacter,flavisolibacter ginsengiterrae
Zotu697,0.260565,0.596125,0.003173,0.267454,0.006491,0.00952,0.021977,0.00314,bacteria,verrucomicrobiota,verrucomicrobiae,limisphaerales,fontisphaeraceae,fontisphaera,fontisphaera persica
Zotu698,0.010022,0.197628,0.003173,0.003074,1.045047,0.006347,0.006279,0.012561,bacteria,actinomycetota,thermoleophilia,solirubrobacterales,conexibacteraceae,conexibacter,conexibacter woesei
Zotu699,0.003341,0.0,0.0,0.003074,0.003245,0.0,0.006279,0.0,bacteria,pseudomonadota,gammaproteobacteria,nevskiales,nevskiaceae,hydrocarboniphaga,hydrocarboniphaga effusa
Zotu700,0.003341,0.0,0.003173,0.003074,0.0,0.006347,0.031395,0.012561,bacteria,actinomycetota,thermoleophilia,solirubrobacterales,conexibacteraceae,conexibacter,conexibacter stalactiti
Zotu701,0.0,0.0,0.0,0.0,0.0,0.0,0.047093,0.0,bacteria,pseudomonadota,alphaproteobacteria,rhodospirillales,azospirillaceae,nitrospirillum,azospirillum amazonense
Zotu702,0.003341,0.0,0.006346,0.0,0.003245,0.003173,0.0,0.0,bacteria,bacteroidota,cytophagia,cytophagales,hymenobacteraceae,adhaeribacter,adhaeribacter aquaticus
Zotu703,0.003341,0.00324,0.003173,0.006148,0.006491,0.003173,0.00314,0.00314,bacteria,actinomycetota,actinomycetes,propionibacteriales,nocardioidaceae,nocardioides,nocardioides luteus
Zotu704,0.0,0.00324,0.0,0.0,0.0,0.0,0.0,0.0,archaea,methanobacteriota,thermoplasmata,methanomassiliicoccales,methanomassiliicoccaceae,methanomassiliicoccus,candidatus methanomassiliicoccus intestinalis
Zotu705,0.0,0.0,0.003173,0.0,0.006491,0.006347,0.021977,0.15073,bacteria,pseudomonadota,alphaproteobacteria,sphingomonadales,sphingosinicellaceae,sphingosinicella,sphingosinicella humi
Zotu706,0.0,0.00324,0.0,0.0,0.0,0.0,0.00314,0.0,bacteria,actinomycetota,actinomycetes,propionibacteriales,nocardioidaceae,nocardioides,nocardioides zeae
Zotu707,0.0,0.0,0.0,0.0,0.0,0.0,0.0,0.00314,bacteria,verrucomicrobiota,verrucomicrobiae,verrucomicrobiales,verrucomicrobia subdivision 3,pedosphaera,pedosphaera parvula
Zotu708,0.0,0.0,0.0,0.0,0.0,0.003173,0.00314,0.0,bacteria,planctomycetota,planctomycetia,gemmatales,gemmataceae,zavarzinella,zavarzinella formosa
Zotu709,0.066811,0.142552,0.028556,0.015371,0.022718,0.050774,0.015698,0.00628,bacteria,actinomycetota,thermoleophilia,solirubrobacterales,conexibacteraceae,conexibacter,conexibacter stalactiti
Zotu710,0.086855,0.298063,0.14278,0.003074,0.006491,0.066641,0.006279,0.00314,bacteria,acidobacteriota,blastocatellia,blastocatellales,pyrinomonadaceae,pyrinomonas,pyrinomonas methylaliphatogenes
Zotu711,0.0,0.00324,0.0,0.003074,0.003245,0.0,0.0,0.047103,bacteria,bacteroidota,chitinophagia,chitinophagales,chitinophagaceae,aridibaculum,aridibaculum aurantiacum
Zotu712,0.0,0.0,0.0,0.0,0.0,0.0,0.0,0.028262,bacteria,bacteroidota,cytophagia,cytophagales,cytophagaceae,edaphorhabdus,edaphorhabdus rosea
Zotu713,0.0,0.0,0.0,0.003074,0.0,0.0,0.025116,0.00628,bacteria,pseudomonadota,gammaproteobacteria,pseudomonadales,pseudomonadaceae,pseudomonas,pseudomonas tianjinensis
Zotu714,0.0,0.00324,0.0,0.0,0.0,0.003173,0.0,0.0,bacteria,chloroflexota,chloroflexia,herpetosiphonales,herpetosiphonaceae,herpetosiphon,herpetosiphon aurantiacus
Zotu715,0.0,0.0,0.003173,0.003074,0.0,0.072988,0.037674,0.00628,bacteria,actinomycetota,nitriliruptoria,euzebyales,euzebyaceae,euzebya,euzebya pacifica
Zotu716,0.106898,0.223547,0.168163,0.233638,0.360249,0.00952,0.00314,0.0,bacteria,acidobacteriota,vicinamibacteria,vicinamibacterales,vicinamibacteraceae,luteitalea,luteitalea pratensis
Zotu717,0.063471,0.304542,0.488625,0.193673,0.012982,0.015867,0.031395,0.009421,bacteria,actinomycetota,acidimicrobiia,acidimicrobiales,acidimicrobiaceae,aciditerrimonas,aciditerrimonas ferrireducens
Zotu718,0.0,0.00324,0.006346,0.006148,0.003245,0.079335,0.006279,0.069085,bacteria,bacteroidota,chitinophagia,chitinophagales,chitinophagaceae,flavisolibacter,flavisolibacter metallilatus
Zotu719,0.003341,0.0,0.012692,0.0,0.006491,0.003173,0.009419,0.00628,bacteria,deinococcota,deinococci,deinococcales,deinococcaceae,deinococcus,deinococcus yavapaiensis
Zotu720,0.006681,0.0,0.072976,0.119893,0.120083,0.053948,0.156976,0.00314,bacteria,actinomycetota,acidimicrobiia,acidimicrobiales,acidimicrobiaceae,aciditerrimonas,aciditerrimonas ferrireducens
Zotu721,0.076833,0.0,0.0,0.0,0.0,0.111069,0.0,0.0,archaea,methanobacteriota,thermoplasmata,methanomassiliicoccales,methanomassiliicoccaceae,methanomassiliicoccus,candidatus methanomassiliicoccus intestinalis
Zotu722,0.0,0.0,0.0,0.003074,0.0,0.003173,0.00314,0.059664,bacteria,pseudomonadota,betaproteobacteria,burkholderiales,comamonadaceae,ramlibacter,ramlibacter humi
Zotu724,0.0,0.00324,0.006346,0.0,0.0,0.0,0.0,0.0,archaea,methanobacteriota,thermoplasmata,methanomassiliicoccales,candidatus methanomethylophilaceae,candidatus methanomethylophilus,candidatus methanomethylophilus alvus
Zotu725,0.003341,0.0,0.006346,0.006148,0.0,0.003173,0.015698,0.015701,bacteria,pseudomonadota,gammaproteobacteria,enterobacterales,erwiniaceae,pantoea,pantoea alhagi
Zotu726,0.0,0.00648,0.0,0.0,0.0,0.003173,0.0,0.009421,bacteria,actinomycetota,thermoleophilia,solirubrobacterales,solirubrobacteraceae,solirubrobacter,solirubrobacter phytolaccae
Zotu727,0.0,0.0,0.0,0.0,0.003245,0.0,0.0,0.0,bacteria,bacteroidota,sphingobacteriia,sphingobacteriales,sphingobacteriaceae,parapedobacter,parapedobacter pyrenivorans
Zotu728,0.003341,0.009719,0.009519,0.003074,0.003245,0.003173,0.445812,0.351704,bacteria,chloroflexota,caldilineae,caldilineales,caldilineaceae,caldilinea,caldilinea tarbellica
Zotu729,0.003341,0.00324,0.0,0.0,0.003245,0.003173,0.0,0.0,bacteria,chloroflexota,chloroflexia,herpetosiphonales,herpetosiphonaceae,herpetosiphon,herpetosiphon geysericola
Zotu730,0.0,0.0,0.0,0.0,0.0,0.0,0.0,0.0,bacteria,chloroflexota,chloroflexia,chloroflexales,roseiflexaceae,kouleothrix,kouleothrix aurantiaca
Zotu731,0.0,0.0,0.0,0.0,0.0,0.0,0.0,0.00628,bacteria,actinomycetota,actinomycetes,propionibacteriales,nocardioidaceae,nocardioides,nocardioides soli
Zotu732,0.0,0.0,0.006346,0.0,0.003245,0.003173,0.006279,0.00314,bacteria,actinomycetota,actinomycetes,geodermatophilales,geodermatophilaceae,modestobacter,modestobacter marinus
Zotu733,0.003341,0.0,0.0,0.0,0.0,0.0,0.0,0.0,bacteria,pseudomonadota,alphaproteobacteria,hyphomicrobiales,phyllobacteriaceae,mesorhizobium,mesorhizobium terrae
Zotu734,0.0,0.0,0.0,0.0,0.0,0.0,0.0,0.0,bacteria,pseudomonadota,alphaproteobacteria,sphingomonadales,sphingomonadaceae,sphingomonas,sphingomonas daechungensis
Zotu735,0.0,0.0,0.0,0.0,0.0,0.012694,0.0,0.0,bacteria,actinomycetota,acidimicrobiia,acidimicrobiales,acidimicrobiaceae,acidiferrimicrobium,acidiferrimicrobium australe
Zotu736,0.003341,0.0,0.0,0.003074,0.0357,0.003173,0.0,0.069085,bacteria,actinomycetota,actinomycetes,geodermatophilales,geodermatophilaceae,geodermatophilus,geodermatophilus normandii
Zotu737,0.013362,0.00324,0.003173,0.006148,0.0,0.006347,0.0,0.062804,bacteria,pseudomonadota,alphaproteobacteria,hyphomicrobiales,methylobacteriaceae,microvirga,microvirga tunisiensis
Zotu738,0.036746,0.061556,0.069804,0.37505,0.399195,0.072988,0.028256,0.00628,bacteria,actinomycetota,thermoleophilia,solirubrobacterales,baekduiaceae,baekduia,baekduia soli
Zotu739,0.006681,0.016199,0.0,0.0,0.029209,0.120589,0.0,0.0,bacteria,planctomycetota,planctomycetia,gemmatales,gemmataceae,gemmata,gemmata palustris
Zotu740,0.0,0.0,0.0,0.003074,0.0,0.0,0.0,0.169571,bacteria,bacteroidota,chitinophagia,chitinophagales,chitinophagaceae,flavisolibacter,flavisolibacter carri
Zotu741,0.050109,0.016199,0.003173,0.0,0.0,0.01904,0.00314,0.00314,bacteria,pseudomonadota,alphaproteobacteria,hyphomicrobiales,hyphomicrobiaceae,hyphomicrobium,hyphomicrobium hollandicum
Zotu742,0.160347,0.207348,0.177682,0.012297,0.292094,0.152323,0.0,0.00628,bacteria,pseudomonadota,betaproteobacteria,nitrosomonadales,methylophilaceae,methylobacillus,methylobacillus flagellatus
Zotu743,0.003341,0.0,0.0,0.0,0.003245,0.006347,0.00314,0.14445,bacteria,pseudomonadota,betaproteobacteria,burkholderiales,burkholderiales,aquabacterium,aquabacterium limnoticum
Zotu744,0.0,0.0,0.0,0.003074,0.006491,0.006347,0.015698,0.069085,bacteria,actinomycetota,actinomycetes,frankiales,frankiaceae,parafrankia,parafrankia discariae
Zotu745,0.006681,0.00324,0.0,0.0,0.003245,0.0,0.006279,0.018841,bacteria,pseudomonadota,betaproteobacteria,burkholderiales,oxalobacteraceae,noviherbaspirillum,noviherbaspirillum massiliense
Zotu746,0.010022,0.00324,0.0,0.0,0.0,0.0,0.0,0.0,bacteria,chloroflexota,anaerolineae,anaerolineales,anaerolineaceae,thermanaerothrix,thermanaerothrix daxensis
Zotu747,0.003341,0.051837,0.184028,0.660949,0.136311,0.022214,0.00314,0.00628,bacteria,actinomycetota,thermoleophilia,solirubrobacterales,solirubrobacteraceae,solirubrobacter,solirubrobacter phytolaccae
Zotu748,0.066811,0.012959,0.0,0.006148,0.418668,0.463316,0.009419,0.00314,archaea,methanobacteriota,thermoplasmata,methanomassiliicoccales,methanomassiliicoccaceae,methanomassiliicoccus,candidatus methanomassiliicoccus intestinalis
Zotu749,0.0,0.0,0.0,0.0,0.0,0.003173,0.0,0.018841,bacteria,actinomycetota,thermoleophilia,solirubrobacterales,baekduiaceae,baekduia,baekduia soli
Zotu750,0.0,0.0,0.0,0.003074,0.006491,0.006347,0.015698,0.00628,bacteria,pseudomonadota,gammaproteobacteria,nevskiales,nevskiaceae,hydrocarboniphaga,hydrocarboniphaga daqingensis
Zotu751,0.0,0.0,0.0,0.003074,0.003245,0.006347,0.00314,0.00314,bacteria,pseudomonadota,alphaproteobacteria,rhodobacterales,paracoccaceae,paracoccus,paracoccus salipaludis
Zotu752,0.003341,0.0,0.006346,0.0,0.204466,0.203097,0.053372,0.00314,bacteria,acidobacteriota,terriglobia,bryobacterales,bryobacteraceae,paludibaculum,paludibaculum fermentans
Zotu753,0.0,0.0,0.006346,0.003074,0.0,0.0,0.00314,0.00628,bacteria,bacteroidota,chitinophagia,chitinophagales,chitinophagaceae,segetibacter,segetibacter aerophilus
Zotu754,0.0,0.0,0.0,0.0,0.0,0.0,0.0,0.0,bacteria,actinomycetota,rubrobacteria,rubrobacterales,rubrobacteraceae,rubrobacter,rubrobacter spartanus
Zotu755,0.367463,0.230027,0.472761,0.003074,0.003245,0.0,0.00314,0.00628,bacteria,chloroflexota,anaerolineae,anaerolineales,anaerolineaceae,ornatilinea,ornatilinea apprima
Zotu756,0.013362,0.012959,0.149126,0.230563,0.055173,0.482356,0.081628,0.00314,bacteria,planctomycetota,planctomycetia,gemmatales,gemmataceae,gemmata,gemmata palustris
Zotu757,0.026725,0.084235,0.041248,0.003074,0.022718,0.00952,0.00314,0.00314,bacteria,actinomycetota,rubrobacteria,rubrobacterales,rubrobacteraceae,rubrobacter,rubrobacter naiadicus
Zotu758,0.003341,0.0,0.0,0.006148,0.0,0.0,0.050232,0.047103,bacteria,actinomycetota,thermoleophilia,solirubrobacterales,solirubrobacteraceae,solirubrobacter,solirubrobacter ginsenosidimutans
Zotu759,0.0,0.0,0.0,0.0,0.0,0.0,0.0,0.012561,bacteria,pseudomonadota,betaproteobacteria,burkholderiales,alcaligenaceae,bordetella,bordetella hinzii
Zotu760,0.0,0.00324,0.003173,0.003074,0.0,0.0,0.0,0.00314,bacteria,actinomycetota,acidimicrobiia,acidimicrobiales,iamiaceae,actinomarinicola,actinomarinicola tropica
Zotu761,0.006681,0.016199,0.012692,0.024593,0.107101,0.752094,0.631044,0.216675,bacteria,acidobacteriota,vicinamibacteria,vicinamibacterales,vicinamibacteraceae,luteitalea,luteitalea pratensis
Zotu762,0.010022,0.0,0.0,0.003074,0.003245,0.006347,0.0,0.0,bacteria,pseudomonadota,betaproteobacteria,nitrosomonadales,nitrosomonadaceae,nitrosomonas,nitrosomonas aestuarii
Zotu763,0.006681,0.0,0.015864,0.0,0.025964,0.012694,0.087907,0.056524,bacteria,gemmatimonadota,longimicrobiia,longimicrobiales,longimicrobiaceae,longimicrobium,longimicrobium terrae
Zotu764,0.0,0.0,0.0,0.0,0.0,0.0,0.006279,0.100487,bacteria,pseudomonadota,betaproteobacteria,burkholderiales,oxalobacteraceae,massilia,massilia aerilata
Zotu765,0.0,0.0,0.0,0.0,0.0,0.0,0.0,0.0,archaea,nitrososphaerota,nitrososphaeria,nitrososphaerales,nitrososphaeraceae,candidatus nitrososphaera,candidatus nitrososphaera
Zotu766,0.0,0.0,0.0,0.0,0.0,0.0,0.0,0.0,bacteria,pseudomonadota,gammaproteobacteria,pseudomonadales,pseudomonadaceae,pseudomonas,pseudomonas fragi
Zotu767,0.003341,0.0,0.0,0.003074,0.0,0.0,0.0,0.00314,bacteria,verrucomicrobiota,verrucomicrobiae,verrucomicrobiales,verrucomicrobia subdivision 3,pedosphaera,pedosphaera parvula
Zotu768,0.0,0.00324,0.0,0.0,0.0,0.0,0.00314,0.00628,bacteria,planctomycetota,phycisphaerae,phycisphaerales,phycisphaeraceae,mucisphaera,mucisphaera calidilacus
Zotu769,0.003341,0.0,0.0,0.0,0.0,0.006347,0.0,0.075365,bacteria,deinococcota,deinococci,deinococcales,deinococcaceae,deinococcus,deinococcus maricopensis
Zotu770,0.0,0.0,0.0,0.0,0.0,0.0,0.0,0.0,bacteria,bacillota,bacilli,bacillales,bacillaceae,bacillus,bacillus mycoides
Zotu771,0.006681,0.00324,0.003173,0.0,0.0,0.0,0.00314,0.0,bacteria,pseudomonadota,alphaproteobacteria,rhodospirillales,acetobacteraceae,sabulicella,sabulicella rubraurantiaca
Zotu772,0.05679,0.249465,0.082495,0.700913,0.006491,0.0,0.009419,0.00628,bacteria,candidatus tectomicrobia,candidatus tectomicrobia,candidatus tectomicrobia,candidatus tectomicrobia,candidatus entotheonella,candidatus entotheonella palauensis
Zotu773,0.003341,0.022679,0.0,0.003074,0.162274,0.003173,0.0,0.0,bacteria,pseudomonadota,alphaproteobacteria,hyphomicrobiales,blastochloridaceae,blastochloris,blastochloris sulfoviridis
Zotu774,0.003341,0.0,0.0,0.0,0.0,0.00952,0.0,0.094206,bacteria,gemmatimonadota,gemmatimonadetes,gemmatimonadales,gemmatimonadaceae,roseisolibacter,roseisolibacter agri
Zotu775,0.006681,0.029158,0.04442,0.365827,0.006491,0.053948,0.009419,0.025122,bacteria,bacillota,bacilli,bacillales,paenibacillaceae,ammoniphilus,ammoniphilus resinae
Zotu776,0.036746,0.00324,0.0,0.0,0.214202,0.025387,0.072209,0.0,bacteria,verrucomicrobiota,opitutae,opitutales,opitutaceae,horticoccus,horticoccus luteus
Zotu777,0.110239,0.145791,0.161817,0.255157,0.207711,0.003173,0.056511,0.00314,bacteria,thermodesulfobacteriota,desulfobulbia,desulfobulbales,desulfobulbaceae,desulfolithobacter,desulfolithobacter dissulfuricans
Zotu778,0.0,0.0,0.0,0.0,0.0,0.0,0.00314,0.0,bacteria,bacteroidota,chitinophagia,chitinophagales,chitinophagaceae,segetibacter,segetibacter koreensis
Zotu779,0.006681,0.00648,0.003173,0.012297,0.009736,0.003173,0.00314,0.018841,bacteria,actinomycetota,actinomycetes,micrococcales,intrasporangiaceae,janibacter,janibacter melonis
Zotu780,0.0,0.00324,0.003173,0.003074,0.23043,0.079335,0.266859,0.015701,bacteria,pseudomonadota,alphaproteobacteria,sphingomonadales,sphingomonadaceae,sphingomonas,sphingomonas parvus
Zotu781,0.003341,0.00324,0.0,0.0,0.003245,0.0,0.009419,0.018841,bacteria,deinococcota,deinococci,deinococcales,deinococcaceae,deinococcus,deinococcus maricopensis
Zotu782,0.0,0.0,0.0,0.0,0.0,0.0,0.0,0.0,bacteria,pseudomonadota,alphaproteobacteria,sphingomonadales,sphingomonadaceae,sphingomonas,sphingomonas echinoides
Zotu783,0.003341,0.0,0.012692,0.0,0.0,0.006347,0.00314,0.012561,bacteria,verrucomicrobiota,verrucomicrobiae,verrucomicrobiales,verrucomicrobia subdivision 3,pedosphaera,pedosphaera parvula
Zotu784,0.0,0.042118,0.0,0.141412,0.0,0.006347,0.00314,0.0,bacteria,chloroflexota,caldilineae,caldilineales,caldilineaceae,caldilinea,caldilinea tarbellica
Zotu785,0.003341,0.0,0.0,0.003074,0.0,0.0,0.006279,0.0,bacteria,chloroflexota,chloroflexia,herpetosiphonales,herpetosiphonaceae,herpetosiphon,herpetosiphon gulosus
Zotu786,0.0,0.0,0.003173,0.006148,0.0,0.003173,0.0,0.00628,bacteria,pseudomonadota,gammaproteobacteria,xanthomonadales,xanthomonadaceae,lysobacter,lysobacter spongiae
Zotu787,0.06013,0.155511,0.085668,0.003074,0.087628,0.171363,0.015698,0.0,bacteria,chloroflexota,caldilineae,caldilineales,caldilineaceae,litorilinea,litorilinea aerophila
Zotu788,0.020043,0.0,0.0,0.0,0.0,0.0,0.0,0.0,bacteria,bacteroidota,chitinophagia,chitinophagales,chitinophagaceae,flavisolibacter,flavisolibacter ginsengiterrae
Zotu789,0.0,0.0,0.0,0.0,0.0,0.0,0.0,0.0,bacteria,verrucomicrobiota,verrucomicrobiae,verrucomicrobiales,verrucomicrobia subdivision 3,pedosphaera,pedosphaera parvula
Zotu790,0.020043,0.100434,0.0,0.24286,0.0,0.00952,0.025116,0.0,bacteria,bacillota,clostridia,eubacteriales,symbiobacteriaceae,symbiobacterium,symbiobacterium terraclitae
Zotu791,0.033406,0.048597,0.0,0.0,0.0,0.050774,0.00314,0.0,bacteria,planctomycetota,planctomycetia,pirellulales,pirellulaceae,bremerella,bremerella volcania
Zotu792,0.013362,0.012959,0.057112,0.009223,0.009736,0.034907,0.006279,0.0,bacteria,actinomycetota,rubrobacteria,gaiellales,gaiellaceae,gaiella,gaiella occulta
Zotu793,0.0,0.00324,0.003173,0.0,0.0,0.003173,0.040814,0.043963,bacteria,acidobacteriota,vicinamibacteria,vicinamibacterales,vicinamibacteraceae,vicinamibacter,vicinamibacter silvestris
Zotu794,0.003341,0.00324,0.003173,0.0,0.003245,0.0,0.00314,0.00314,bacteria,bacteroidota,cytophagia,cytophagales,hymenobacteraceae,adhaeribacter,adhaeribacter aquaticus
Zotu795,0.0,0.0,0.003173,0.0,0.0,0.034907,0.0,0.031402,bacteria,actinomycetota,actinomycetes,streptosporangiales,streptosporangiaceae,nonomuraea,nonomuraea thailandensis
Zotu796,0.003341,0.0,0.003173,0.0,0.003245,0.003173,0.0,0.0,bacteria,bacteroidota,chitinophagia,chitinophagales,chitinophagaceae,segetibacter,segetibacter aerophilus
Zotu797,0.0,0.0,0.0,0.0,0.0,0.0,0.009419,0.0,bacteria,actinomycetota,actinomycetes,geodermatophilales,geodermatophilaceae,geodermatophilus,geodermatophilus bullaregiensis
Zotu798,0.0,0.00648,0.006346,0.009223,0.003245,0.003173,0.138139,0.270058,bacteria,pseudomonadota,betaproteobacteria,burkholderiales,oxalobacteraceae,noviherbaspirillum,noviherbaspirillum massiliense
Zotu799,0.013362,0.0,0.003173,0.0,0.003245,0.053948,0.00314,0.0,archaea,methanobacteriota,thermoplasmata,methanomassiliicoccales,methanomassiliicoccaceae,methanomassiliicoccus,candidatus methanomassiliicoccus intestinalis
Zotu800,0.040087,0.042118,0.003173,0.199822,0.214202,0.028561,0.0,0.0,bacteria,actinomycetota,actinomycetes,propionibacteriales,kribbellaceae,kribbella,kribbella aluminosa
Zotu801,0.0,0.00324,0.006346,0.006148,0.003245,0.003173,0.0,0.00628,bacteria,pseudomonadota,betaproteobacteria,rhodocyclales,rhodocyclaceae,candidatus dactylopiibacterium,candidatus dactylopiibacterium carminicum
Zotu802,0.0,0.0,0.0,0.0,0.0,0.0,0.0,0.0,bacteria,pseudomonadota,alphaproteobacteria,hyphomicrobiales,kaistiaceae,bauldia,bauldia consociata
Zotu803,0.0,0.0,0.0,0.0,0.0,0.0,0.0,0.0,bacteria,pseudomonadota,alphaproteobacteria,sphingomonadales,sphingomonadaceae,sphingomonas,sphingomonas agri
Zotu804,0.013362,0.038878,0.0,0.335086,0.012982,0.050774,0.00314,0.012561,bacteria,acidobacteriota,vicinamibacteria,vicinamibacterales,vicinamibacteraceae,luteitalea,luteitalea pratensis
Zotu805,0.003341,0.00324,0.006346,0.003074,0.009736,0.003173,0.0,0.0,bacteria,actinomycetota,actinomycetes,streptosporangiales,streptosporangiaceae,nonomuraea,nonomuraea rubra
Zotu806,0.006681,0.00648,0.006346,0.0,0.003245,0.003173,0.0,0.0,archaea,methanobacteriota,thermoplasmata,methanomassiliicoccales,methanomassiliicoccaceae,methanomassiliicoccus,candidatus methanomassiliicoccus intestinalis
Zotu807,1.048939,0.016199,0.009519,0.0,0.003245,0.003173,0.009419,0.00628,bacteria,acidobacteriota,blastocatellia,blastocatellales,pyrinomonadaceae,pyrinomonas,pyrinomonas methylaliphatogenes
Zotu808,0.003341,0.012959,0.006346,0.0,0.0,0.044428,0.006279,0.0,bacteria,planctomycetota,planctomycetia,pirellulales,pirellulaceae,anatilimnocola,anatilimnocola aggregata
Zotu809,0.003341,0.009719,0.196719,0.365827,0.032455,0.145976,0.244883,0.00314,bacteria,actinomycetota,acidimicrobiia,acidimicrobiales,acidimicrobiaceae,aciditerrimonas,aciditerrimonas ferrireducens
Zotu810,0.0,0.0,0.0,0.003074,0.0,0.0,0.0,0.072225,bacteria,pseudomonadota,betaproteobacteria,burkholderiales,oxalobacteraceae,herbaspirillum,herbaspirillum seropedicae
Zotu811,0.0,0.00324,0.0,0.0,0.0,0.0,0.00314,0.00314,bacteria,pseudomonadota,betaproteobacteria,nitrosomonadales,usitatibacteraceae,usitatibacter,usitatibacter rugosus
Zotu812,0.297311,0.298063,0.079322,0.427311,0.0,0.0,0.0,0.00314,archaea,methanobacteriota,thermoplasmata,methanomassiliicoccales,methanomassiliicoccaceae,methanomassiliicoccus,candidatus methanomassiliicoccus intestinalis
Zotu813,0.0,0.0,0.003173,0.0,0.0,0.003173,0.037674,0.053384,bacteria,actinomycetota,acidimicrobiia,acidimicrobiales,iamiaceae,rhabdothermincola,rhabdothermincola sediminis
Zotu814,0.003341,0.00324,0.0,0.003074,0.0,0.0,0.339068,0.0,bacteria,pseudomonadota,betaproteobacteria,burkholderiales,oxalobacteraceae,noviherbaspirillum,noviherbaspirillum suwonense
Zotu815,0.0,0.0,0.0,0.0,0.003245,0.003173,0.0,0.00628,bacteria,kiritimatiellota,tichowtungiia,tichowtungiales,tichowtungiaceae,tichowtungia,tichowtungia aerotolerans
Zotu816,0.013362,0.0,0.009519,0.003074,0.110347,0.174537,0.153836,0.00628,bacteria,actinomycetota,thermoleophilia,solirubrobacterales,conexibacteraceae,conexibacter,conexibacter stalactiti
Zotu817,0.006681,0.00324,0.0,0.0,0.003245,0.003173,0.009419,0.00628,bacteria,actinomycetota,actinomycetes,micrococcales,microbacteriaceae,microbacterium,microbacterium binotii
Zotu818,0.0,0.0,0.003173,0.0,0.003245,0.003173,0.00314,0.0,bacteria,pseudomonadota,alphaproteobacteria,sphingomonadales,sphingosinicellaceae,sphingoaurantiacus,sphingoaurantiacus polygranulatus
Zotu819,0.010022,0.00324,0.0,0.0,0.003245,0.0,0.00314,0.0,bacteria,planctomycetota,planctomycetia,gemmatales,gemmataceae,urbifossiella,urbifossiella limnaea
Zotu820,0.0,0.0,0.0,0.0,0.0,0.0,0.0,0.0,bacteria,chloroflexota,chloroflexota,chloroflexota,chloroflexota,thermobaculum,thermobaculum terrenum
Zotu821,0.003341,0.009719,0.006346,0.006148,0.003245,0.006347,0.006279,0.508714,bacteria,deinococcota,deinococci,deinococcales,deinococcaceae,deinococcus,deinococcus yavapaiensis
Zotu822,0.0,0.00324,0.0,0.006148,0.0,0.003173,0.00314,0.0,bacteria,verrucomicrobiota,verrucomicrobiae,verrucomicrobiales,verrucomicrobia subdivision 3,pedosphaera,pedosphaera parvula
Zotu823,0.006681,0.0,0.139607,0.0,0.0,0.003173,0.00314,0.00314,archaea,methanobacteriota,thermoplasmata,methanomassiliicoccales,methanomassiliicoccaceae,methanomassiliicoccus,candidatus methanomassiliicoccus intestinalis
Zotu824,0.544513,0.181429,0.019037,0.003074,0.36674,0.00952,0.009419,0.009421,bacteria,acidobacteriota,vicinamibacteria,vicinamibacterales,vicinamibacteraceae,luteitalea,luteitalea pratensis
Zotu825,0.240521,0.210588,0.257004,0.16908,0.016227,0.003173,0.009419,0.00314,bacteria,pseudomonadota,gammaproteobacteria,chromatiales,ectothiorhodospiraceae,natronospira,natronospira proteinivora
Zotu826,0.0,0.0,0.0,0.0,0.006491,0.0,0.0,0.0,bacteria,planctomycetota,phycisphaerae,tepidisphaerales,tepidisphaeraceae,tepidisphaera,tepidisphaera mucosa
Zotu827,0.010022,0.00324,0.0,0.003074,0.0,0.012694,0.0,0.009421,bacteria,actinomycetota,actinomycetes,kitasatosporales,streptomycetaceae,streptomyces,streptomyces diastaticus
Zotu828,0.0,0.0,0.0,0.0,0.0,0.107895,0.0,0.0,bacteria,planctomycetota,phycisphaerae,tepidisphaerales,tepidisphaeraceae,tepidisphaera,tepidisphaera mucosa
Zotu829,0.0,0.00324,0.0,0.006148,0.0,0.0,0.006279,0.028262,bacteria,actinomycetota,actinomycetes,kitasatosporales,streptomycetaceae,streptomyces,streptomyces nanhaiensis
Zotu830,0.046768,0.029158,0.117397,0.633281,0.003245,0.047601,0.00314,0.0,bacteria,planctomycetota,planctomycetia,gemmatales,gemmataceae,gemmata,gemmata palustris
Zotu831,0.006681,0.0,0.0,0.003074,0.003245,0.006347,0.00314,0.00314,bacteria,actinomycetota,thermoleophilia,solirubrobacterales,baekduiaceae,baekduia,baekduia soli
Zotu832,0.0,0.0,0.0,0.0,0.0,0.0,0.006279,0.0,bacteria,myxococcota,myxococcota,polyangiales,polyangiaceae,racemicystis,racemicystis persica
Zotu833,0.003341,0.00324,0.0,0.003074,0.003245,0.006347,0.0,0.0,bacteria,verrucomicrobiota,verrucomicrobiae,verrucomicrobiales,verrucomicrobia subdivision 3,pedosphaera,pedosphaera parvula
Zotu834,0.0,0.0,0.0,0.0,0.0,0.0,0.0,0.00314,bacteria,pseudomonadota,gammaproteobacteria,xanthomonadales,xanthomonadaceae,lysobacter,lysobacter xanthus
Zotu835,0.0,0.00324,0.0,0.003074,0.0,0.0,0.0,0.0,bacteria,verrucomicrobiota,spartobacteria,chthoniobacterales,chthoniobacteraceae,chthoniobacter,chthoniobacter flavus
Zotu836,0.0,0.0,0.0,0.0,0.0,0.0,0.0,0.0,bacteria,actinomycetota,rubrobacteria,rubrobacterales,rubrobacteraceae,rubrobacter,rubrobacter spartanus
Zotu837,0.006681,0.084235,0.003173,0.003074,0.0,0.0,0.00314,0.00314,bacteria,planctomycetota,planctomycetia,gemmatales,gemmataceae,gemmata,gemmata obscuriglobus
Zotu838,0.0,0.0,0.0,0.006148,0.003245,0.003173,0.0,0.00314,bacteria,pseudomonadota,alphaproteobacteria,sphingomonadales,sphingomonadaceae,sphingomonas,sphingomonas parvus
Zotu839,0.0,0.0,0.009519,0.003074,0.003245,0.003173,0.00314,0.00628,bacteria,pseudomonadota,gammaproteobacteria,pseudomonadales,pseudomonadaceae,stutzerimonas,stutzerimonas nosocomialis
Zotu840,0.0,0.0,0.0,0.0,0.0,0.0,0.0,0.0,bacteria,pseudomonadota,betaproteobacteria,burkholderiales,oxalobacteraceae,oxalicibacterium,oxalicibacterium faecigallinarum
Zotu841,0.013362,0.00648,0.02221,0.571797,0.207711,0.14915,0.248022,0.009421,bacteria,acidobacteriota,blastocatellia,blastocatellales,arenimicrobiaceae,arenimicrobium,arenimicrobium luteum
Zotu842,0.0,0.0,0.0,0.003074,0.0,0.066641,0.257441,0.0,bacteria,acidobacteriota,vicinamibacteria,vicinamibacterales,vicinamibacteraceae,luteitalea,luteitalea pratensis
Zotu843,0.106898,0.207348,0.222102,0.003074,0.0,0.031734,0.006279,0.00314,bacteria,actinomycetota,acidimicrobiia,acidimicrobiales,acidimicrobiaceae,aciditerrimonas,aciditerrimonas ferrireducens
Zotu844,0.003341,0.0,0.066631,0.003074,0.0,0.015867,0.006279,0.00628,bacteria,actinomycetota,actinomycetes,streptosporangiales,streptosporangiaceae,nonomuraea,nonomuraea thailandensis
Zotu845,0.0,0.0,0.0,0.0,0.0,0.0,0.0,0.0,bacteria,bacillota,clostridia,eubacteriales,desulfotomaculaceae,pelotomaculum,pelotomaculum schinkii
Zotu846,0.003341,0.0,0.0,0.0,0.003245,0.0,0.0,0.015701,bacteria,actinomycetota,acidimicrobiia,acidimicrobiales,acidimicrobiaceae,acidiferrimicrobium,acidiferrimicrobium australe
Zotu847,0.070152,0.408216,0.250658,0.461127,0.006491,0.00952,0.00314,0.0,bacteria,planctomycetota,planctomycetia,pirellulales,pirellulaceae,anatilimnocola,anatilimnocola aggregata
Zotu848,0.140304,0.317501,0.174509,0.003074,0.133065,0.142803,0.006279,0.0,bacteria,chloroflexota,anaerolineae,anaerolineales,anaerolineaceae,ornatilinea,ornatilinea apprima
Zotu849,0.006681,0.0,0.0,0.0,0.003245,0.0,0.009419,0.0,bacteria,chloroflexota,chloroflexia,herpetosiphonales,herpetosiphonaceae,herpetosiphon,herpetosiphon aurantiacus
Zotu850,0.213797,0.369338,0.301425,0.0,0.003245,0.0,0.0,0.0,archaea,methanobacteriota,thermoplasmata,methanomassiliicoccales,candidatus methanomethylophilaceae,candidatus methanomethylophilus,candidatus methanomethylophilus alvus
Zotu851,0.003341,0.0,0.0,0.0,0.0,0.0,0.00314,0.0,bacteria,pseudomonadota,alphaproteobacteria,rhodospirillales,acetobacteraceae,sabulicella,sabulicella rubraurantiaca
Zotu852,0.066811,0.055077,0.190373,0.227489,0.292094,0.050774,0.0,0.0,bacteria,actinomycetota,rubrobacteria,rubrobacterales,rubrobacteraceae,rubrobacter,rubrobacter taiwanensis
Zotu853,0.010022,0.0,0.0,0.0,0.0,0.003173,0.006279,0.00628,bacteria,pseudomonadota,alphaproteobacteria,caulobacterales,caulobacteraceae,phenylobacterium,phenylobacterium mobile
Zotu854,0.0,0.0,0.0,0.0,0.0,0.0,0.0,0.0,bacteria,bacteroidota,cytophagia,cytophagales,fulvivirgaceae,ohtaekwangia,ohtaekwangia koreensis
Zotu855,0.003341,0.00324,0.0,0.0,0.003245,0.0,0.0,0.0,bacteria,pseudomonadota,betaproteobacteria,burkholderiales,oxalobacteraceae,pseudoduganella,pseudoduganella humi
Zotu856,0.17371,0.0,0.015864,0.0,0.012982,0.003173,0.0,0.031402,bacteria,bacillota,bacilli,bacillales,bacillaceae,bacillus,bacillus songklensis
Zotu857,0.0,0.00648,0.006346,0.0,0.006491,0.0,0.021977,0.075365,archaea,methanobacteriota,thermoplasmata,methanomassiliicoccales,methanomassiliicoccaceae,methanomassiliicoccus,candidatus methanomassiliicoccus intestinalis
Zotu858,1.068983,0.00324,0.003173,0.003074,0.003245,0.00952,0.009419,0.00314,bacteria,acidobacteriota,blastocatellia,blastocatellales,arenimicrobiaceae,arenimicrobium,arenimicrobium luteum
Zotu859,0.020043,0.00324,0.057112,0.009223,0.006491,0.028561,0.00314,0.00314,bacteria,bacillota,clostridia,eubacteriales,clostridiales family xvii. incertae sedis,thermaerobacter,thermaerobacter composti
Zotu860,0.0,0.00324,0.028556,0.0,0.081137,0.003173,0.012558,0.00628,bacteria,actinomycetota,thermoleophilia,solirubrobacterales,parviterribacteraceae,parviterribacter,parviterribacter kavangonensis
Zotu861,0.0,0.0,0.0,0.0,0.029209,0.0,0.006279,0.062804,bacteria,pseudomonadota,alphaproteobacteria,sphingomonadales,sphingomonadaceae,sphingomonas,sphingomonas aquatilis
Zotu862,0.006681,0.00648,0.0,0.009223,0.003245,0.145976,0.00314,0.0,bacteria,actinomycetota,actinomycetes,kitasatosporales,streptomycetaceae,streptomyces,streptomyces torulosus
Zotu863,0.0,0.126353,0.0,0.0,0.0,0.003173,0.0,0.00314,bacteria,pseudomonadota,alphaproteobacteria,rhodospirillales,dongiaceae,dongia,dongia mobilis
Zotu864,0.0,0.00324,0.003173,0.0,0.0,0.031734,0.00314,0.037683,bacteria,chloroflexota,thermomicrobia,sphaerobacterales,sphaerobacteraceae,sphaerobacter,sphaerobacter thermophilus
Zotu865,0.0,0.0,0.0,0.0,0.0,0.0,0.0,0.0,bacteria,bacteroidota,cytophagia,cytophagales,hymenobacteraceae,adhaeribacter,adhaeribacter aerophilus
Zotu866,0.420912,0.009719,0.063458,0.006148,0.009736,0.0,0.248022,0.00314,bacteria,acidobacteriota,blastocatellia,blastocatellales,pyrinomonadaceae,pyrinomonas,pyrinomonas methylaliphatogenes
Zotu867,0.020043,0.0,0.003173,0.006148,0.006491,0.003173,0.006279,0.009421,bacteria,myxococcota,myxococcia,myxococcales,myxococcaceae,simulacricoccus,simulacricoccus ruber
Zotu868,0.0,0.0,0.0,0.006148,0.908737,0.003173,0.006279,0.00314,bacteria,chloroflexota,anaerolineae,anaerolineales,anaerolineaceae,ornatilinea,ornatilinea apprima
Zotu869,0.0,0.009719,0.0,0.0,0.0,0.0,0.00314,0.00314,bacteria,actinomycetota,acidimicrobiia,acidimicrobiales,acidimicrobiaceae,aciditerrimonas,aciditerrimonas ferrireducens
Zotu870,0.096877,0.074516,0.704382,0.015371,0.003245,0.038081,0.056511,0.0,bacteria,actinomycetota,thermoleophilia,thermoleophilales,thermoleophilaceae,thermoleophilum,thermoleophilum album
Zotu871,0.003341,0.00324,0.003173,0.003074,0.006491,0.006347,0.0,0.0,bacteria,actinomycetota,thermoleophilia,solirubrobacterales,parviterribacteraceae,parviterribacter,parviterribacter multiflagellatus
Zotu872,0.003341,0.0,0.006346,0.003074,0.0,0.003173,0.009419,0.087926,bacteria,actinomycetota,actinomycetes,micrococcales,cellulomonadaceae,cellulomonas,cellulomonas chitinilytica
Zotu873,0.016703,0.00324,0.076149,0.009223,0.003245,0.136456,0.13186,0.00314,bacteria,planctomycetota,planctomycetia,pirellulales,pirellulaceae,lignipirellula,lignipirellula cremea
Zotu874,0.0,0.00648,0.0,0.0,0.0,0.0,0.0,0.00314,bacteria,bacillota,bacilli,bacillales,paenibacillaceae,paenibacillus,paenibacillus antri
Zotu875,0.0,0.0,0.0,0.0,0.0,0.0,0.0,0.0,bacteria,bacteroidota,cytophagia,cytophagales,spirosomataceae,telluribacter,telluribacter humicola
Zotu876,0.0,0.0,0.0,0.0,0.0,0.0,0.0,0.0,bacteria,rhodothermota,rhodothermia,rhodothermales,rhodothermaceae,rhodocaloribacter,rhodocaloribacter litoris
Zotu877,0.0,0.00324,0.0,0.003074,0.0,0.003173,0.0,0.0,bacteria,actinomycetota,thermoleophilia,solirubrobacterales,baekduiaceae,baekduia,baekduia soli
Zotu878,0.003341,0.00324,0.003173,0.0,0.003245,0.0,0.0,0.040823,bacteria,bacteroidota,cytophagia,cytophagales,cytophagaceae,edaphorhabdus,edaphorhabdus rosea
Zotu879,0.003341,0.0,0.0,0.003074,0.249903,0.0,0.0,0.034542,bacteria,bacillota,bacilli,bacillales,bacillaceae,bacillus,bacillus atrophaeus
Zotu880,0.003341,0.0,0.012692,0.0,0.0,0.088855,0.009419,0.135029,bacteria,chloroflexota,chloroflexia,kallotenuales,kallotenuaceae,kallotenue,kallotenue papyrolyticum
Zotu881,0.0,0.0,0.0,0.003074,0.0,0.0,0.0,0.059664,bacteria,verrucomicrobiota,verrucomicrobiae,limisphaerales,fontisphaeraceae,fontisphaera,fontisphaera persica
Zotu882,0.0,0.0,0.0,0.0,0.0,0.0,0.0,0.009421,bacteria,pseudomonadota,alphaproteobacteria,sphingomonadales,sphingomonadaceae,sphingomonas,sphingomonas trueperi
Zotu883,0.006681,0.00648,0.0,0.003074,0.048682,0.0,0.0,0.0,bacteria,bacteroidota,chitinophagia,chitinophagales,chitinophagaceae,hydrotalea,hydrotalea flava
Zotu884,0.0,0.0,0.0,0.0,0.0,0.0,0.0,0.0,bacteria,gemmatimonadota,longimicrobiia,longimicrobiales,longimicrobiaceae,longimicrobium,longimicrobium terrae
Zotu885,0.0,0.0,0.0,0.0,0.0,0.0,0.0,0.0,bacteria,actinomycetota,actinomycetes,acidothermales,acidothermaceae,acidothermus,acidothermus cellulolyticus
Zotu886,0.0,0.0,0.003173,0.0,0.0357,0.003173,0.009419,0.00628,bacteria,pseudomonadota,betaproteobacteria,burkholderiales,oxalobacteraceae,noviherbaspirillum,noviherbaspirillum autotrophicum
Zotu887,0.0,0.0,0.006346,0.0,0.0,0.0,0.00314,0.0,bacteria,bacteroidota,chitinophagia,chitinophagales,chitinophagaceae,segetibacter,segetibacter koreensis
Zotu888,0.0,0.0,0.0,0.0,0.0,0.0,0.0,0.0,bacteria,bacillota,clostridia,eubacteriales,syntrophomonadaceae,syntrophothermus,syntrophothermus lipocalidus
Zotu889,0.0,0.0,0.009519,0.0,0.0,0.0,0.0,0.00314,archaea,methanobacteriota,thermoplasmata,methanomassiliicoccales,methanomassiliicoccaceae,methanomassiliicoccus,candidatus methanomassiliicoccus intestinalis
Zotu890,0.003341,0.0,0.196719,0.003074,0.006491,0.003173,0.0,0.0,bacteria,bacillota,clostridia,eubacteriales,symbiobacteriaceae,symbiobacterium,symbiobacterium turbinis
Zotu891,0.283949,0.359619,0.057112,0.0,0.051928,0.066641,0.021977,0.0,bacteria,actinomycetota,thermoleophilia,thermoleophilales,thermoleophilaceae,thermoleophilum,thermoleophilum album
Zotu892,0.006681,0.00324,0.177682,0.0,0.0,0.0,0.00314,0.0,bacteria,actinomycetota,rubrobacteria,rubrobacterales,rubrobacteraceae,rubrobacter,rubrobacter naiadicus
Zotu893,0.0,0.0,0.0,0.0,0.009736,0.0,0.00314,0.00314,bacteria,bacteroidota,cytophagia,cytophagales,hymenobacteraceae,adhaeribacter,adhaeribacter aquaticus
Zotu894,0.0,0.00324,0.0,0.0,0.0,0.00952,0.0,0.053384,bacteria,pseudomonadota,alphaproteobacteria,rhodospirillales,rhodospirillaceae,roseospira,roseospira thiosulfatophila
Zotu895,0.003341,0.0,0.0,0.0,0.003245,0.0,0.00314,0.0,bacteria,planctomycetota,phycisphaerae,tepidisphaerales,tepidisphaeraceae,tepidisphaera,tepidisphaera mucosa
Zotu896,0.0,0.0,0.003173,0.0,0.0,0.003173,0.0,0.0,bacteria,actinomycetota,acidimicrobiia,acidimicrobiales,acidimicrobiaceae,aciditerrimonas,aciditerrimonas ferrireducens
Zotu897,0.003341,0.00324,0.0,0.0,0.0,0.006347,0.00314,0.0,bacteria,actinomycetota,actinomycetes,kitasatosporales,streptomycetaceae,streptomyces,streptomyces violens
Zotu898,0.023384,0.116633,0.006346,0.295121,0.334285,0.003173,0.006279,0.034542,bacteria,bacillota,bacilli,bacillales,bacillaceae,bacillus,bacillus sonorensis
Zotu899,0.0,0.00324,0.0,0.0,0.0,0.0,0.047093,0.109907,bacteria,pseudomonadota,betaproteobacteria,burkholderiales,oxalobacteraceae,oxalicibacterium,oxalicibacterium flavum
Zotu900,0.046768,0.200868,0.409303,0.0,0.06491,0.012694,0.00314,0.00314,bacteria,acidobacteriota,vicinamibacteria,vicinamibacterales,vicinamibacteraceae,luteitalea,luteitalea pratensis
Zotu901,0.0,0.0,0.0,0.0,0.0,0.0,0.0,0.0,bacteria,pseudomonadota,betaproteobacteria,rhodocyclales,rhodocyclaceae,candidatus dactylopiibacterium,candidatus dactylopiibacterium carminicum
Zotu902,0.003341,0.0,0.003173,0.003074,0.0,0.0,0.047093,0.0,bacteria,thermodesulfobacteriota,syntrophobacteria,syntrophobacterales,syntrophobacteraceae,desulfoglaeba,desulfoglaeba alkanexedens
Zotu903,0.0,0.0,0.0,0.0,0.0,0.0,0.0,0.0,bacteria,planctomycetota,planctomycetia,gemmatales,gemmataceae,gemmata,gemmata massiliana
Zotu904,0.006681,0.230027,0.003173,0.0,0.003245,0.0,0.006279,0.0,archaea,methanobacteriota,thermoplasmata,methanomassiliicoccales,methanomassiliicoccaceae,methanomassiliicoccus,candidatus methanomassiliicoccus intestinalis
Zotu905,0.0,0.0,0.0,0.0,0.0,0.003173,0.00314,0.00314,bacteria,gemmatimonadota,gemmatimonadetes,gemmatimonadales,gemmatimonadaceae,roseisolibacter,roseisolibacter agri
Zotu906,0.0,0.0,0.0,0.003074,0.006491,0.003173,0.00314,0.031402,bacteria,chloroflexota,chloroflexia,herpetosiphonales,herpetosiphonaceae,herpetosiphon,herpetosiphon aurantiacus
Zotu907,0.0,0.00324,0.0,0.0,0.0,0.0,0.0,0.0,bacteria,actinomycetota,actinomycetes,propionibacteriales,nocardioidaceae,nocardioides,nocardioides perillae
Zotu908,0.003341,0.00324,0.0,0.006148,0.006491,0.00952,0.00314,0.332862,bacteria,bacteroidota,chitinophagia,chitinophagales,chitinophagaceae,flavisolibacter,flavisolibacter ginsengiterrae
Zotu909,0.0,0.0,0.0,0.0,0.0,0.0,0.0,0.0,bacteria,bacteroidota,chitinophagia,chitinophagales,chitinophagaceae,aridibaculum,aridibaculum aurantiacum
Zotu910,0.070152,0.103674,0.019037,0.076854,0.022718,0.00952,0.012558,0.00314,bacteria,actinomycetota,rubrobacteria,rubrobacterales,rubrobacteraceae,rubrobacter,rubrobacter radiotolerans
Zotu911,0.0,0.0,0.0,0.0,0.0,0.0,0.0,0.0,bacteria,pseudomonadota,gammaproteobacteria,nevskiales,nevskiaceae,panacagrimonas,panacagrimonas perspica
Zotu912,0.05679,0.00648,0.015864,0.0,0.006491,0.145976,0.050232,0.00314,archaea,methanobacteriota,thermoplasmata,methanomassiliicoccales,methanomassiliicoccaceae,methanomassiliicoccus,candidatus methanomassiliicoccus intestinalis
Zotu913,0.0,1.140413,0.228448,0.0,0.0,0.0,0.006279,0.0,bacteria,pseudomonadota,gammaproteobacteria,chromatiales,ectothiorhodospiraceae,thiohalomonas,thiohalomonas denitrificans
Zotu914,0.003341,0.00324,0.009519,0.0,0.0,0.0,0.0,0.0,bacteria,planctomycetota,planctomycetia,planctomycetales,planctomycetaceae,fuerstiella,fuerstiella marisgermanici
Zotu915,0.0,0.012959,0.0,0.0,0.0,0.0,0.0,0.0,bacteria,actinomycetota,actinomycetes,micromonosporales,micromonosporaceae,actinocatenispora,actinocatenispora rupis
Zotu916,0.010022,0.00324,0.0,0.0,0.0,0.0,0.0,0.0,bacteria,bacillota,bacilli,bacillales,bacillaceae,calditerricola,calditerricola satsumensis
Zotu917,0.0,0.0,0.0,0.0,0.0,0.0,0.00314,0.00314,bacteria,bacteroidota,chitinophagia,chitinophagales,chitinophagaceae,sediminibacterium,sediminibacterium goheungense
Zotu918,0.010022,0.0,0.003173,0.0,0.0,0.003173,0.0,0.00628,bacteria,actinomycetota,actinomycetes,propionibacteriales,kribbellaceae,kribbella,kribbella deserti
Zotu919,0.006681,0.00324,0.0,0.006148,0.003245,0.0,0.006279,0.072225,bacteria,pseudomonadota,alphaproteobacteria,rhodospirillales,azospirillaceae,azospirillum,azospirillum rugosum
Zotu920,0.003341,0.00648,0.003173,0.003074,0.0,0.0,0.134999,0.015701,bacteria,bacillota,clostridia,eubacteriales,symbiobacteriaceae,symbiobacterium,symbiobacterium terraclitae
Zotu921,0.003341,0.058317,0.003173,0.003074,0.009736,0.165017,0.106744,0.00314,bacteria,actinomycetota,rubrobacteria,rubrobacterales,rubrobacteraceae,rubrobacter,rubrobacter naiadicus
Zotu922,0.003341,0.0,0.003173,0.003074,0.0,0.003173,0.00314,0.0,bacteria,pseudomonadota,gammaproteobacteria,chromatiales,ectothiorhodospiraceae,inmirania,inmirania thermothiophila
Zotu923,0.0,0.0,0.0,0.006148,0.003245,0.003173,0.0,0.0,bacteria,actinomycetota,actinomycetes,pseudonocardiales,pseudonocardiaceae,saccharothrix,saccharothrix texasensis
Zotu924,0.006681,0.00324,0.003173,0.0,0.0,0.003173,0.00314,0.0,bacteria,pseudomonadota,alphaproteobacteria,caulobacterales,caulobacteraceae,phenylobacterium,phenylobacterium deserti
Zotu925,0.003341,0.064796,0.0,0.0,0.0,0.0,0.0,0.0,bacteria,myxococcota,myxococcia,myxococcales,myxococcaceae,simulacricoccus,simulacricoccus ruber
Zotu926,0.106898,0.051837,0.0,0.193673,0.107101,0.069815,0.037674,0.047103,bacteria,actinomycetota,rubrobacteria,rubrobacterales,rubrobacteraceae,rubrobacter,rubrobacter radiotolerans
Zotu927,0.010022,0.00324,0.009519,0.009223,0.009736,0.006347,0.357905,0.405087,bacteria,chloroflexota,chloroflexia,herpetosiphonales,herpetosiphonaceae,herpetosiphon,herpetosiphon aurantiacus
Zotu928,0.0,0.009719,0.003173,0.009223,0.009736,0.0,0.0,0.0,bacteria,pseudomonadota,gammaproteobacteria,pseudomonadales,pseudomonadaceae,pseudomonas,pseudomonas asuensis
Zotu929,0.006681,0.032398,0.0,0.006148,0.0,0.0,0.006279,0.00314,bacteria,actinomycetota,rubrobacteria,rubrobacterales,rubrobacteraceae,rubrobacter,rubrobacter naiadicus
Zotu930,0.046768,0.217067,0.0,0.233638,0.0,0.069815,0.025116,0.0,archaea,methanobacteriota,thermoplasmata,methanomassiliicoccales,methanomassiliicoccaceae,methanomassiliicoccus,candidatus methanomassiliicoccus intestinalis
Zotu931,0.003341,0.0,0.0,0.0,0.006491,0.0,0.00314,0.116188,bacteria,pseudomonadota,alphaproteobacteria,hyphomicrobiales,methylobacteriaceae,microvirga,microvirga aerilata
Zotu932,0.0,0.0,0.063458,0.0,0.0,0.003173,0.0,0.0,bacteria,actinomycetota,actinomycetes,streptosporangiales,thermomonosporaceae,actinocorallia,actinocorallia longicatena
Zotu933,0.0,0.0,0.0,0.0,0.0,0.0,0.0,0.0,bacteria,bacillota,clostridia,eubacteriales,symbiobacteriaceae,symbiobacterium,symbiobacterium terraclitae
Zotu934,0.033406,0.019439,0.019037,0.556427,0.139556,0.006347,0.040814,0.0,bacteria,actinomycetota,acidimicrobiia,acidimicrobiales,acidimicrobiaceae,ferrimicrobium,ferrimicrobium acidiphilum
Zotu935,0.0,0.0,0.003173,0.0,0.0,0.0,0.0,0.0,bacteria,bacillota,bacilli,bacillales,paenibacillaceae,cohnella,cohnella arctica
Zotu936,0.0,0.016199,0.0,0.0,0.0,0.060294,0.182092,0.00314,bacteria,pseudomonadota,betaproteobacteria,burkholderiales,comamonadaceae,ramlibacter,ramlibacter henchirensis
Zotu937,0.006681,0.0,0.0,0.003074,0.10061,0.012694,0.009419,0.0,bacteria,actinomycetota,actinomycetia,streptosporangiales,streptosporangiaceae,thermobispora,thermobispora bispora
Zotu938,0.0,0.0,0.0,0.0,0.0,0.0,0.0,0.0,bacteria,bacteroidota,chitinophagia,chitinophagales,chitinophagaceae,flavisolibacter,flavisolibacter ginsengiterrae
Zotu939,0.0,0.0,0.003173,0.0,0.006491,0.003173,0.00314,0.00314,bacteria,pseudomonadota,betaproteobacteria,burkholderiales,oxalobacteraceae,herbaspirillum,herbaspirillum seropedicae
Zotu940,0.0,0.0,0.0,0.006148,0.0,0.0,0.00314,0.0,bacteria,gemmatimonadota,gemmatimonadetes,gemmatimonadales,gemmatimonadaceae,gemmatimonas,gemmatimonas phototrophica
Zotu941,0.140304,0.077755,0.234794,0.310492,0.003245,0.038081,0.012558,0.0,bacteria,actinomycetota,rubrobacteria,gaiellales,gaiellaceae,gaiella,gaiella occulta
Zotu942,0.0,0.0,0.0,0.0,0.0,0.0,0.0,0.0,bacteria,actinomycetota,thermoleophilia,solirubrobacterales,solirubrobacteraceae,solirubrobacter,solirubrobacter phytolaccae
Zotu943,0.0,0.00324,0.003173,0.003074,0.0,0.0,0.00314,0.0,bacteria,actinomycetota,actinomycetes,kitasatosporales,streptomycetaceae,streptomyces,streptomyces nanshensis
Zotu944,0.003341,0.0,0.0,0.003074,0.0,0.0,0.0,0.116188,bacteria,bacteroidota,sphingobacteriia,sphingobacteriales,sphingobacteriaceae,pedobacter,pedobacter mongoliensis
Zotu945,0.003341,0.061556,0.006346,0.0,0.772426,0.006347,0.006279,0.0,bacteria,pseudomonadota,gammaproteobacteria,gammaproteobacteria,gammaproteobacteria,acidibacter,acidibacter ferrireducens
Zotu946,0.003341,0.00324,0.012692,0.006148,0.006491,0.003173,0.050232,0.15073,bacteria,actinomycetota,actinomycetes,frankiales,frankiaceae,pseudofrankia,pseudofrankia inefficax
Zotu947,0.103558,0.022679,0.003173,0.006148,0.571206,0.0,0.00314,0.00314,bacteria,pseudomonadota,gammaproteobacteria,chromatiales,ectothiorhodospiraceae,ectothiorhodospira,ectothiorhodospira mobilis
Zotu948,0.0,0.0,0.0,0.0,0.0,0.003173,0.00314,0.00314,bacteria,pseudomonadota,betaproteobacteria,burkholderiales,comamonadaceae,ramlibacter,ramlibacter monticola
Zotu949,0.0,0.0,0.0,0.0,0.0,0.0,0.0,0.0,bacteria,elusimicrobiota,endomicrobia,endomicrobiales,endomicrobiaceae,candidatus endomicrobium,candidatus endomicrobium pyrsonymphae
Zotu950,0.0,0.0,0.0,0.0,0.0,0.0,0.0,0.0,bacteria,actinomycetota,thermoleophilia,solirubrobacterales,baekduiaceae,baekduia,baekduia soli
Zotu951,0.0,0.0,0.003173,0.0,0.003245,0.0,0.0,0.0,bacteria,planctomycetota,planctomycetia,isosphaerales,isosphaeraceae,singulisphaera,singulisphaera rosea
Zotu952,0.0,0.0,0.0,0.003074,0.009736,0.0,0.00314,0.0,bacteria,bacillota,clostridia,eubacteriales,symbiobacteriaceae,symbiobacterium,symbiobacterium terraclitae
Zotu953,0.003341,0.00324,0.0,0.0,0.0357,0.0,0.094186,0.047103,bacteria,acidobacteriota,vicinamibacteria,vicinamibacterales,vicinamibacteraceae,vicinamibacter,vicinamibacter silvestris
Zotu955,0.003341,0.0,0.0,0.0,0.0,0.0,0.0,0.0,bacteria,verrucomicrobiota,verrucomicrobiae,verrucomicrobiales,verrucomicrobia subdivision 3,pedosphaera,pedosphaera parvula
Zotu956,0.003341,0.0,0.0,0.0,0.0,0.079335,0.0,0.0,bacteria,planctomycetota,planctomycetia,pirellulales,pirellulaceae,candidatus anammoximicrobium,candidatus anammoximicrobium moscowii
Zotu957,0.0,0.0,0.0,0.0,0.0,0.0,0.0,0.0,bacteria,planctomycetota,planctomycetia,gemmatales,gemmataceae,zavarzinella,zavarzinella formosa
Zotu958,0.003341,0.0,0.0,0.0,0.009736,0.0,0.00314,0.0,bacteria,pseudomonadota,betaproteobacteria,burkholderiales,oxalobacteraceae,massilia,massilia timonae
Zotu959,0.006681,0.00648,0.196719,0.009223,0.094119,0.409368,0.018837,0.0,bacteria,bacillota,clostridia,eubacteriales,desulfotomaculaceae,desulfotomaculum,desulfotomaculum nigrificans
Zotu960,0.0,0.0,0.0,0.0,0.0,0.0,0.0,0.0,bacteria,actinomycetota,actinomycetia,streptosporangiales,streptosporangiaceae,nonomuraea,nonomuraea salmonea
Zotu961,0.0,0.0,0.0,0.0,0.0,0.0,0.0,0.0,bacteria,acidobacteriota,blastocatellia,blastocatellales,pyrinomonadaceae,pyrinomonas,pyrinomonas methylaliphatogenes
Zotu962,0.003341,0.00648,0.003173,0.0,0.233675,0.012694,0.185232,0.043963,archaea,methanobacteriota,thermoplasmata,methanomassiliicoccales,methanomassiliicoccaceae,methanomassiliicoccus,candidatus methanomassiliicoccus intestinalis
Zotu963,0.0,0.0,0.003173,0.003074,0.003245,0.060294,0.125581,0.021981,bacteria,actinomycetota,acidimicrobiia,acidimicrobiales,iamiaceae,iamia,iamia majanohamensis
Zotu964,0.0,0.009719,0.0,0.006148,0.0,0.0,0.0,0.00314,bacteria,pseudomonadota,betaproteobacteria,burkholderiales,oxalobacteraceae,noviherbaspirillum,noviherbaspirillum autotrophicum
Zotu965,0.013362,0.071276,0.034902,0.0,0.0,0.0,0.00314,0.0,bacteria,bacillota,clostridia,eubacteriales,thermincolaceae,thermincola,thermincola ferriacetica
Zotu966,0.003341,0.022679,0.342672,0.270528,0.139556,0.272912,0.059651,0.00314,bacteria,actinomycetota,thermoleophilia,thermoleophilales,thermoleophilaceae,thermoleophilum,thermoleophilum album
Zotu967,0.003341,0.00648,0.0,0.0,0.0,0.006347,0.0,0.0,bacteria,pseudomonadota,betaproteobacteria,burkholderiales,burkholderiaceae,lautropia,lautropia mirabilis
Zotu968,0.003341,0.077755,0.126916,0.027668,0.382968,0.199924,0.040814,0.025122,bacteria,actinomycetota,rubrobacteria,gaiellales,gaiellaceae,gaiella,gaiella occulta
Zotu969,0.003341,0.012959,0.0,0.009223,0.0,0.0,0.103604,0.00314,bacteria,bacillota,clostridia,thermoanaerobacterales,thermoanaerobacteraceae,carboxydothermus,carboxydothermus islandicus
Zotu970,0.0,0.090715,0.237967,0.464201,0.006491,0.0,0.0,0.0,bacteria,rhodothermota,rhodothermia,rhodothermales,rhodothermaceae,rhodocaloribacter,rhodocaloribacter litoris
Zotu971,0.006681,0.012959,0.0,0.006148,0.003245,0.0,0.00314,0.009421,bacteria,actinomycetota,acidimicrobiia,acidimicrobiales,iamiaceae,iamia,iamia majanohamensis
Zotu972,0.003341,0.0,0.003173,0.0,0.003245,0.022214,0.034535,0.018841,bacteria,acidobacteriota,vicinamibacteria,vicinamibacterales,vicinamibacteraceae,vicinamibacter,vicinamibacter silvestris
Zotu973,0.003341,0.025918,0.0,0.003074,0.0,0.0,0.0,0.0,bacteria,pseudomonadota,gammaproteobacteria,nevskiales,nevskiaceae,panacagrimonas,panacagrimonas perspica
Zotu974,0.043427,0.16847,0.253831,0.0,0.048682,0.180883,0.040814,0.0,bacteria,chloroflexota,tepidiformia,tepidiformales,tepidiformaceae,tepidiforma,tepidiforma bonchosmolovskayae
Zotu975,0.030065,0.016199,0.069804,0.003074,0.0,0.0,0.006279,0.00314,archaea,methanobacteriota,thermoplasmata,methanomassiliicoccales,methanomassiliicoccaceae,methanomassiliicoccus,methanomassiliicoccus luminyensis
Zotu976,0.073493,0.038878,0.003173,0.0,0.785408,0.003173,0.00314,0.0,bacteria,pseudomonadota,alphaproteobacteria,hyphomicrobiales,hyphomicrobiaceae,methylothermalis,methylothermalis aethiopiae
Zotu977,0.0,0.00324,0.0,0.003074,0.0,0.0,0.0,0.0,archaea,methanobacteriota,thermoplasmata,methanomassiliicoccales,methanomassiliicoccaceae,methanomassiliicoccus,methanomassiliicoccus luminyensis
Zotu978,0.0,0.0,0.0,0.0,0.0,0.0,0.0,0.0,bacteria,actinomycetota,actinomycetes,kitasatosporales,streptomycetaceae,streptomyces,streptomyces hainanensis
Zotu979,0.006681,0.019439,0.0,0.0,0.003245,0.003173,0.00314,0.034542,bacteria,chloroflexota,anaerolineae,anaerolineales,anaerolineaceae,thermanaerothrix,thermanaerothrix daxensis
Zotu980,0.0,0.0,0.0,0.0,0.0,0.003173,0.00314,0.0,bacteria,actinomycetota,nitriliruptoria,euzebyales,euzebyaceae,euzebya,euzebya pacifica
Zotu981,0.023384,0.00324,0.006346,0.003074,0.009736,0.0,0.018837,0.0,bacteria,bacillota,bacilli,bacillales,paenibacillaceae,oxalophagus,oxalophagus oxalicus
Zotu982,0.0,0.009719,0.0,0.0,0.006491,0.006347,0.0,0.00314,bacteria,actinomycetota,acidimicrobiia,acidimicrobiales,iamiaceae,rhabdothermincola,rhabdothermincola sediminis
Zotu983,0.003341,0.0,0.003173,0.0,0.003245,0.00952,0.00314,0.0,bacteria,actinomycetota,actinomycetes,kitasatosporales,streptomycetaceae,streptomyces,streptomyces hoynatensis
Zotu984,0.0,0.0,0.0,0.0,0.0,0.003173,0.00314,0.113048,bacteria,bacillota,bacilli,bacillales,planococcaceae,planomicrobium,planomicrobium mcmeekinii
Zotu985,0.013362,0.009719,0.012692,0.0,0.0357,0.098375,0.00314,0.0,bacteria,acidobacteriota,vicinamibacteria,vicinamibacterales,vicinamibacteraceae,luteitalea,luteitalea pratensis
Zotu986,0.003341,0.00324,0.003173,0.221341,0.003245,0.003173,0.018837,0.040823,bacteria,bacillota,clostridia,eubacteriales,symbiobacteriaceae,symbiobacterium,symbiobacterium terraclitae
Zotu987,0.0,0.0,0.0,0.0,0.0,0.0,0.00314,0.034542,bacteria,pseudomonadota,gammaproteobacteria,xanthomonadales,xanthomonadaceae,lysobacter,lysobacter xinjiangensis
Zotu988,0.0,0.0,0.0,0.003074,0.0,0.006347,0.006279,0.009421,bacteria,pseudomonadota,alphaproteobacteria,hyphomicrobiales,methylobacteriaceae,microvirga,microvirga guangxiensis
Zotu989,0.0,0.0,0.006346,0.0,0.003245,0.0,0.00314,0.0,bacteria,actinomycetota,actinomycetes,geodermatophilales,geodermatophilaceae,blastococcus,blastococcus jejuensis
Zotu990,0.0,0.00324,0.003173,0.0,0.006491,0.003173,0.0,0.138169,bacteria,bacteroidota,chitinophagia,chitinophagales,chitinophagaceae,flavisolibacter,flavisolibacter ginsengiterrae
Zotu992,0.006681,0.0,0.003173,0.0,0.0,0.003173,0.006279,0.00314,bacteria,actinomycetota,nitriliruptoria,salsipaludibacterales,salsipaludibacteraceae,salsipaludibacter,salsipaludibacter albus
Zotu993,0.003341,0.00324,0.003173,0.0,0.003245,0.003173,0.0,0.0,bacteria,pseudomonadota,betaproteobacteria,nitrosomonadales,methylophilaceae,pseudomethylobacillus,pseudomethylobacillus aquaticus
Zotu994,0.003341,0.045357,0.003173,0.003074,0.0,0.358594,0.0,0.0,bacteria,bacteroidota,bacteroidia,bacteroidales,lentimicrobiaceae,lentimicrobium,lentimicrobium saccharophilum
Zotu995,0.010022,0.0,0.0,0.0,0.0,0.0,0.0,0.0,archaea,methanobacteriota,thermoplasmata,methanomassiliicoccales,methanomassiliicoccaceae,methanomassiliicoccus,candidatus methanomassiliicoccus intestinalis
Zotu996,0.003341,0.00324,0.0,0.003074,0.0,0.0,0.0,0.00628,bacteria,pseudomonadota,alphaproteobacteria,rhodobacterales,paracoccaceae,falsirhodobacter,falsirhodobacter deserti
Zotu997,0.0,0.0,0.0,0.0,0.0,0.0,0.0,0.00314,bacteria,pseudomonadota,alphaproteobacteria,hyphomicrobiales,methylobacteriaceae,microvirga,microvirga rosea
Zotu998,0.0,0.0,0.0,0.0,0.0,0.0,0.078488,0.009421,bacteria,actinomycetota,actinomycetes,geodermatophilales,geodermatophilaceae,geodermatophilus,geodermatophilus pulveris
Zotu999,0.0,0.00324,0.0,0.0,0.006491,0.003173,0.0,0.0,bacteria,bacillota,clostridia,eubacteriales,symbiobacteriaceae,symbiobacterium,symbiobacterium terraclitae
Zotu1000,0.0,0.016199,0.0,0.0,0.0,0.003173,0.0,0.0,bacteria,actinomycetota,actinomycetia,pseudonocardiales,pseudonocardiaceae,pseudonocardia,pseudonocardia zijingensis
Zotu1001,0.003341,0.00324,0.034902,0.0,0.003245,0.041254,0.069069,0.0,bacteria,actinomycetota,acidimicrobiia,acidimicrobiales,acidimicrobiaceae,aciditerrimonas,aciditerrimonas ferrireducens
Zotu1002,0.0,0.0,0.0,0.0,0.0,0.003173,0.00314,0.00314,bacteria,bacteroidota,chitinophagia,chitinophagales,chitinophagaceae,flavisolibacter,flavisolibacter ginsengiterrae
Zotu1003,0.0,0.00324,0.0,0.003074,0.003245,0.003173,0.009419,0.065944,bacteria,bacteroidota,cytophagia,cytophagales,hymenobacteraceae,adhaeribacter,adhaeribacter terreus
Zotu1004,0.0,0.0,0.0,0.0,0.003245,0.161843,0.0,0.018841,bacteria,actinomycetota,rubrobacteria,gaiellales,gaiellaceae,gaiella,gaiella occulta
Zotu1005,0.006681,0.0,0.0,0.003074,0.0,0.0,0.0,0.0,bacteria,chloroflexota,anaerolineae,anaerolineales,anaerolineaceae,thermanaerothrix,thermanaerothrix daxensis
Zotu1006,0.0,0.0,0.0,0.0,0.0,0.0,0.0,0.0,bacteria,actinomycetota,rubrobacteria,gaiellales,gaiellaceae,gaiella,gaiella occulta
Zotu1007,0.003341,0.0,0.0,0.0,0.003245,0.0,0.00314,0.0,bacteria,bacillota,bacilli,bacillales,paenibacillaceae,paenibacillus,paenibacillus oenotherae
Zotu1008,0.0,0.0,0.0,0.0,0.0,0.0,0.0,0.056524,bacteria,actinomycetota,acidimicrobiia,acidimicrobiales,acidimicrobiaceae,aciditerrimonas,aciditerrimonas ferrireducens
Zotu1009,0.003341,0.00324,0.0,0.0,0.0,0.003173,0.0,0.075365,bacteria,actinomycetota,actinomycetes,micrococcales,micrococcaceae,kocuria,kocuria salina
Zotu1010,0.0,0.0,0.0,0.0,0.0,0.0,0.0,0.00314,bacteria,myxococcota,myxococcia,myxococcales,myxococcaceae,pyxidicoccus,pyxidicoccus fallax
Zotu1011,0.003341,0.0,0.0,0.0,0.0,0.0,0.00314,0.0,bacteria,planctomycetota,phycisphaerae,tepidisphaerales,tepidisphaeraceae,tepidisphaera,tepidisphaera mucosa
Zotu1012,0.003341,0.0,0.0,0.0,0.003245,0.003173,0.00314,0.00314,bacteria,planctomycetota,planctomycetia,gemmatales,gemmataceae,gemmata,gemmata palustris
Zotu1013,0.0,0.0,0.0,0.0,0.0,0.0,0.0,0.0,bacteria,actinomycetota,rubrobacteria,rubrobacterales,rubrobacteraceae,rubrobacter,rubrobacter taiwanensis
Zotu1014,0.0,0.0,0.0,0.006148,0.003245,0.0,0.00314,0.040823,bacteria,pseudomonadota,alphaproteobacteria,hyphomicrobiales,methylobacteriaceae,microvirga,microvirga lupini
Zotu1015,0.003341,0.00648,0.0,0.006148,0.0,0.006347,0.00314,0.009421,bacteria,pseudomonadota,betaproteobacteria,nitrosomonadales,thiobacillaceae,thiobacillus,thiobacillus denitrificans
Zotu1016,0.0,0.0,0.0,0.0,0.0,0.0,0.0,0.00314,bacteria,bacteroidota,cytophagia,cytophagales,hymenobacteraceae,adhaeribacter,adhaeribacter radiodurans
Zotu1017,0.0,0.00324,0.0,0.006148,0.003245,0.0,0.006279,0.00314,bacteria,actinomycetota,actinomycetes,propionibacteriales,nocardioidaceae,nocardioides,nocardioides euryhalodurans
Zotu1018,0.040087,0.207348,0.304598,0.0,0.142802,0.0,0.006279,0.0,bacteria,actinomycetota,rubrobacteria,rubrobacterales,rubrobacteraceae,rubrobacter,rubrobacter naiadicus
Zotu1019,0.003341,0.0,0.0,0.0,0.0,0.006347,0.050232,0.081645,bacteria,deinococcota,deinococci,deinococcales,deinococcaceae,deinococcus,deinococcus sonorensis
Zotu1020,0.0,0.0,0.0,0.0,0.0,0.0,0.0,0.0,archaea,methanobacteriota,halobacteria,halobacteriales,halobacteriaceae,halorussus,halorussus ruber
Zotu1021,0.003341,0.0,0.0,0.003074,0.0,0.0,0.0,0.0,bacteria,verrucomicrobiota,opitutae,opitutales,opitutaceae,horticoccus,horticoccus luteus
Zotu1022,0.003341,0.0,0.003173,0.0,0.006491,0.028561,0.0,0.0,archaea,methanobacteriota,thermoplasmata,methanomassiliicoccales,candidatus methanomethylophilaceae,candidatus methanomethylophilus,candidatus methanomethylophilus alvus
Zotu1023,0.0,0.0,0.0,0.0,0.0,0.0,0.0,0.0,bacteria,bdellovibrionota,oligoflexia,oligoflexales,oligoflexaceae,oligoflexus,oligoflexus tunisiensis
Zotu1024,0.0,0.00324,0.006346,0.0,0.0,0.0,0.0,0.0,bacteria,verrucomicrobiota,opitutae,opitutales,opitutaceae,opitutus,opitutus terrae
Zotu1025,0.003341,0.0,0.0,0.003074,0.003245,0.003173,0.144418,0.056524,bacteria,pseudomonadota,alphaproteobacteria,hyphomicrobiales,methylobacteriaceae,microvirga,microvirga zambiensis
Zotu1026,0.003341,0.0,0.0,0.0,0.084383,0.095202,0.053372,0.0,bacteria,planctomycetota,planctomycetia,pirellulales,pirellulaceae,lignipirellula,lignipirellula cremea
Zotu1027,0.0,0.0,0.0,0.0,0.0,0.0,0.0,0.0,bacteria,bacteroidota,chitinophagia,chitinophagales,chitinophagaceae,sediminibacterium,sediminibacterium lactis
Zotu1028,0.003341,0.0,0.0,0.0,0.003245,0.003173,0.00314,0.0,archaea,methanobacteriota,thermoplasmata,methanomassiliicoccales,methanomassiliicoccaceae,methanomassiliicoccus,candidatus methanomassiliicoccus intestinalis
Zotu1029,0.0,0.0,0.0,0.0,0.0,0.0,0.0,0.0,bacteria,planctomycetota,phycisphaerae,tepidisphaerales,tepidisphaeraceae,tepidisphaera,tepidisphaera mucosa
Zotu1030,0.106898,0.307782,0.196719,0.006148,0.048682,0.111069,0.006279,0.00314,bacteria,acidobacteriota,vicinamibacteria,vicinamibacterales,vicinamibacteraceae,luteitalea,luteitalea pratensis
Zotu1031,0.003341,0.00324,0.0,0.0,0.0,0.01904,0.0,0.00628,bacteria,gemmatimonadota,longimicrobiia,longimicrobiales,longimicrobiaceae,longimicrobium,longimicrobium terrae
Zotu1032,0.0,0.0,0.0,0.003074,0.0,0.0,0.0,0.0,bacteria,verrucomicrobiota,verrucomicrobiae,limisphaerales,fontisphaeraceae,fontisphaera,fontisphaera persica
Zotu1033,0.0,0.0,0.0,0.006148,0.0,0.003173,0.0,0.043963,bacteria,bacteroidota,cytophagia,cytophagales,hymenobacteraceae,nibribacter,nibribacter koreensis
Zotu1034,0.0,0.0,0.006346,0.0,0.003245,0.0,0.0,0.0,bacteria,planctomycetota,planctomycetia,gemmatales,gemmataceae,zavarzinella,zavarzinella formosa
Zotu1035,0.0,0.0,0.0,0.0,0.0,0.0,0.0,0.0,bacteria,bacillota,bacilli,bacillales,staphylococcaceae,staphylococcus,staphylococcus massiliensis
Zotu1036,0.040087,0.0,0.003173,0.0,0.0,0.006347,0.06593,0.028262,archaea,methanobacteriota,thermoplasmata,methanomassiliicoccales,methanomassiliicoccaceae,methanomassiliicoccus,candidatus methanomassiliicoccus intestinalis
Zotu1038,0.0,0.0,0.0,0.799287,0.003245,0.0,0.0,0.00314,bacteria,mycoplasmatota,mollicutes,acholeplasmatales,acholeplasmataceae,candidatus phytoplasma,salt cedar witches'-broom phytoplasma
Zotu1039,0.0,0.0,0.0,0.0,0.0,0.0,0.0,0.0,bacteria,bacteroidota,cytophagia,cytophagales,fulvivirgaceae,pseudochryseolinea,pseudochryseolinea flava
Zotu1040,0.003341,0.0,0.0,0.003074,0.0,0.034907,0.0,0.0,bacteria,gemmatimonadota,gemmatimonadetes,gemmatimonadales,gemmatimonadaceae,roseisolibacter,roseisolibacter agri
Zotu1041,0.0,0.0,0.0,0.0,0.0,0.0,0.0,0.0,bacteria,thermomicrobiota,thermomicrobia,sphaerobacterales,sphaerobacteraceae,sphaerobacter,sphaerobacter thermophilus
Zotu1042,0.0,0.0,0.0,0.0,0.0,0.0,0.0,0.0,bacteria,bacteroidota,sphingobacteriia,sphingobacteriales,sphingobacteriaceae,pedobacter,pedobacter quisquiliarum
Zotu1043,0.0,0.0,0.0,0.0,0.003245,0.0,0.0,0.0,archaea,methanobacteriota,thermoplasmata,methanomassiliicoccales,candidatus methanomethylophilaceae,candidatus methanomethylophilus,candidatus methanomethylophilus alvus
Zotu1044,0.070152,0.00324,0.0,0.006148,0.009736,0.003173,0.006279,0.050243,bacteria,bacillota,bacilli,bacillales,bacillaceae,neobacillus,neobacillus niacini
Zotu1045,0.0,0.0,0.0,0.003074,0.0,0.0,0.0,0.0,bacteria,actinomycetota,rubrobacteria,rubrobacterales,rubrobacteraceae,rubrobacter,rubrobacter tropicus
Zotu1046,0.0,0.0,0.0,0.0,0.003245,0.0,0.0,0.0,bacteria,pseudomonadota,betaproteobacteria,burkholderiales,oxalobacteraceae,noviherbaspirillum,noviherbaspirillum autotrophicum
Zotu1047,0.0,0.0,0.0,0.0,0.0,0.0,0.0,0.0,bacteria,bacillota,bacilli,bacillales,bacillaceae,metabacillus,metabacillus niabensis
Zotu1048,0.0,0.0,0.0,0.0,0.0,0.0,0.0,0.0,bacteria,gemmatimonadota,longimicrobiia,longimicrobiales,longimicrobiaceae,longimicrobium,longimicrobium terrae
Zotu1049,0.0,0.00324,0.0,0.006148,0.159029,0.003173,0.134999,0.043963,bacteria,pseudomonadota,alphaproteobacteria,hyphomicrobiales,methylobacteriaceae,microvirga,microvirga thermotolerans
Zotu1050,0.0,0.035638,0.003173,0.0,0.0,0.003173,0.015698,0.00628,bacteria,chloroflexota,chloroflexia,chloroflexales,roseiflexaceae,kouleothrix,kouleothrix aurantiaca
Zotu1051,0.481042,0.17819,0.003173,0.003074,0.003245,0.0,0.0,0.0,bacteria,chloroflexota,anaerolineae,anaerolineales,anaerolineaceae,thermanaerothrix,thermanaerothrix daxensis
Zotu1052,0.076833,0.022679,0.24114,0.304344,0.038946,0.117416,0.00314,0.0,bacteria,acidobacteriota,acidobacteriia,acidobacteriales,acidobacteriaceae,candidatus koribacter,candidatus koribacter versatilis
Zotu1053,0.0,0.0,0.0,0.0,0.003245,0.0,0.0,0.00628,bacteria,actinomycetota,actinomycetes,kitasatosporales,streptomycetaceae,streptomyces,streptomyces griseorubens
Zotu1054,0.0,0.0,0.0,0.0,0.0,0.0,0.00314,0.00314,bacteria,actinomycetota,acidimicrobiia,acidimicrobiales,acidimicrobiaceae,acidiferrimicrobium,acidiferrimicrobium australe
Zotu1055,0.003341,0.016199,0.006346,0.0,0.009736,0.0,0.160116,0.348563,bacteria,chloroflexota,chloroflexia,kallotenuales,kallotenuaceae,kallotenue,kallotenue papyrolyticum
Zotu1056,0.010022,0.022679,0.0,0.0,0.003245,0.0,0.0,0.00314,archaea,methanobacteriota,thermoplasmata,methanomassiliicoccales,methanomassiliicoccaceae,methanomassiliicoccus,candidatus methanomassiliicoccus intestinalis
Zotu1057,0.0,0.0,0.015864,0.0,0.0,0.015867,0.141278,0.169571,bacteria,pseudomonadota,alphaproteobacteria,rhodospirillales,acetobacteraceae,falsiroseomonas,falsiroseomonas riguiloci
Zotu1059,0.020043,0.042118,0.0,0.009223,0.051928,0.006347,0.009419,0.012561,bacteria,acidobacteriota,vicinamibacteria,vicinamibacterales,vicinamibacteraceae,luteitalea,luteitalea pratensis
Zotu1060,0.0,0.0,0.0,0.0,0.0,0.0,0.0,0.0,archaea,methanobacteriota,halobacteria,halobacteriales,halobacteriaceae,halobacterium,halobacterium rubrum
Zotu1061,0.0,0.0,0.0,0.0,0.0,0.0,0.0,0.00314,bacteria,actinomycetota,actinomycetes,geodermatophilales,geodermatophilaceae,geodermatophilus,geodermatophilus sabuli
Zotu1062,0.003341,0.0,0.0,0.003074,0.0,0.0,0.0,0.00628,bacteria,pseudomonadota,alphaproteobacteria,rhodobacterales,paracoccaceae,aliishimia,aliishimia ponticola
Zotu1063,0.0,0.00648,0.0,0.003074,0.0,0.003173,0.0,0.040823,bacteria,pseudomonadota,betaproteobacteria,burkholderiales,oxalobacteraceae,noviherbaspirillum,noviherbaspirillum aerium
Zotu1064,0.003341,0.0,0.0,0.0,0.003245,0.063468,0.0,0.028262,bacteria,pseudomonadota,betaproteobacteria,nitrosomonadales,methylophilaceae,novimethylophilus,novimethylophilus kurashikiensis
Zotu1065,0.0,0.0,0.0,0.0,0.0,0.0,0.0,0.0,bacteria,pseudomonadota,alphaproteobacteria,sphingomonadales,sphingomonadaceae,sphingomonas,sphingomonas lutea
Zotu1066,0.0,0.00324,0.0,0.003074,0.0,0.0,0.0,0.0,bacteria,actinomycetota,rubrobacteria,rubrobacterales,rubrobacteraceae,rubrobacter,rubrobacter marinus
Zotu1067,0.023384,0.048597,0.590158,0.003074,0.159029,0.0,0.0,0.00314,bacteria,planctomycetota,planctomycetia,gemmatales,gemmataceae,gemmata,gemmata palustris
Zotu1068,0.023384,0.00324,0.0,0.0,0.142802,0.0,0.0,0.0,archaea,methanobacteriota,thermoplasmata,methanomassiliicoccales,methanomassiliicoccaceae,methanomassiliicoccus,candidatus methanomassiliicoccus intestinalis
Zotu1069,0.0,0.00324,0.0,0.0,0.003245,0.0,0.0,0.122468,bacteria,bacteroidota,sphingobacteriia,sphingobacteriales,sphingobacteriaceae,mucilaginibacter,mucilaginibacter terrigena
Zotu1070,0.210456,0.100434,0.0,0.0,0.344022,0.00952,0.0,0.0,archaea,methanobacteriota,thermoplasmata,methanomassiliicoccales,methanomassiliicoccaceae,methanomassiliicoccus,candidatus methanomassiliicoccus intestinalis
Zotu1071,0.0,0.0,0.003173,0.0,0.0,0.0,0.0,0.0,bacteria,actinomycetota,rubrobacteria,rubrobacterales,rubrobacteraceae,rubrobacter,rubrobacter naiadicus
Zotu1072,0.0,0.00324,0.0,0.003074,0.0,0.0,0.006279,0.00628,bacteria,bacteroidota,chitinophagia,chitinophagales,chitinophagaceae,segetibacter,segetibacter koreensis
Zotu1073,0.0,0.0,0.0,0.0,0.0,0.0,0.0,0.0,bacteria,actinomycetota,actinomycetes,actinomycetales,actinomycetaceae,neoactinobaculum,neoactinobaculum massilliense
Zotu1074,0.016703,0.00648,0.0,0.0,0.191484,0.307819,0.0,0.0,archaea,methanobacteriota,thermoplasmata,methanomassiliicoccales,candidatus methanomethylophilaceae,candidatus methanomethylophilus,candidatus methanomethylophilus alvus
Zotu1075,0.003341,0.0,0.003173,0.003074,0.003245,0.003173,0.0,0.0,bacteria,pseudomonadota,alphaproteobacteria,hyphomicrobiales,hyphomicrobiaceae,methylothermalis,methylothermalis aethiopiae
Zotu1076,0.013362,0.045357,0.0,0.0,0.0,0.0,0.00314,0.040823,bacteria,pseudomonadota,alphaproteobacteria,caulobacterales,caulobacteraceae,phenylobacterium,phenylobacterium mobile
Zotu1077,0.003341,0.016199,0.228448,0.255157,0.06491,0.028561,0.053372,0.0,bacteria,actinomycetota,acidimicrobiia,acidimicrobiales,acidimicrobiaceae,aciditerrimonas,aciditerrimonas ferrireducens
Zotu1078,0.0,0.00324,0.0,0.003074,0.0,0.0,0.0,0.062804,bacteria,bacteroidota,cytophagia,cytophagales,spirosomataceae,telluribacter,telluribacter humicola
Zotu1079,0.006681,0.00324,0.006346,0.012297,0.0,0.0,0.00314,0.00314,bacteria,chloroflexota,anaerolineae,anaerolineales,anaerolineaceae,ornatilinea,ornatilinea apprima
Zotu1080,0.0,0.0,0.0,0.0,0.0,0.00952,0.0,0.0,bacteria,acidobacteriota,vicinamibacteria,vicinamibacterales,vicinamibacteraceae,vicinamibacter,vicinamibacter silvestris
Zotu1081,0.0,0.00324,0.003173,0.003074,0.0,0.003173,0.006279,0.009421,bacteria,actinomycetota,actinomycetes,propionibacteriales,nocardioidaceae,nocardioides,nocardioides caricicola
Zotu1082,0.003341,0.00324,0.003173,0.006148,0.077892,0.352247,0.166395,0.021981,bacteria,acidobacteriota,vicinamibacteria,vicinamibacterales,vicinamibacteraceae,luteitalea,luteitalea pratensis
Zotu1083,0.016703,0.035638,0.0,0.003074,0.357004,0.066641,0.100465,0.018841,bacteria,gemmatimonadota,gemmatimonadetes,gemmatimonadales,gemmatimonadaceae,gemmatimonas,gemmatimonas aurantiaca
Zotu1084,0.0,0.0,0.0,0.0,0.0,0.003173,0.0,0.0,archaea,methanobacteriota,methanobacteria,methanobacteriales,methanobacteriaceae,methanobacterium,methanobacterium uliginosum
Zotu1085,0.023384,0.019439,0.0,0.0,0.016227,0.031734,0.015698,0.078505,bacteria,actinomycetota,actinomycetes,geodermatophilales,geodermatophilaceae,geodermatophilus,geodermatophilus arenarius
Zotu1086,0.0,0.0,0.003173,0.0,0.0,0.003173,0.0,0.0,bacteria,pseudomonadota,alphaproteobacteria,rhodospirillales,acetobacteraceae,pseudoroseomonas,pseudoroseomonas vastitatis
Zotu1087,0.0,0.0,0.0,0.0,0.0,0.0,0.0,0.00314,bacteria,pseudomonadota,alphaproteobacteria,rhodobacterales,roseobacteraceae,rubellimicrobium,rubellimicrobium rubrum
Zotu1088,0.220478,0.084235,0.050766,0.0,0.126574,0.0,0.012558,0.00628,archaea,nitrososphaerota,nitrososphaeria,nitrososphaerales,nitrososphaeraceae,nitrososphaera,candidatus nitrososphaera gargensis
Zotu1089,0.010022,0.0,0.463242,0.0,0.0,0.006347,0.059651,0.00314,bacteria,planctomycetota,phycisphaerae,tepidisphaerales,tepidisphaeraceae,tepidisphaera,tepidisphaera mucosa
Zotu1090,0.0,0.0,0.0,0.0,0.0,0.0,0.0,0.0,bacteria,chloroflexota,tepidiformia,tepidiformales,tepidiformaceae,tepidiforma,tepidiforma bonchosmolovskayae
Zotu1091,0.003341,0.00324,0.009519,0.003074,0.0,0.003173,0.163255,0.383106,bacteria,chloroflexota,chloroflexia,kallotenuales,kallotenuaceae,kallotenue,kallotenue papyrolyticum
Zotu1092,0.010022,0.00324,0.003173,0.003074,0.136311,0.228484,0.163255,0.0,bacteria,acidobacteriota,vicinamibacteria,vicinamibacterales,vicinamibacteraceae,luteitalea,luteitalea pratensis
Zotu1093,0.003341,0.00324,0.0,0.003074,0.0,0.0,0.00314,0.0,bacteria,chloroflexota,chloroflexota,chloroflexota,chloroflexota,thermobaculum,thermobaculum terrenum
Zotu1094,0.0,0.0,0.0,0.0,0.0,0.0,0.0,0.0,bacteria,bacteroidota,sphingobacteriia,sphingobacteriales,sphingobacteriaceae,pedobacter,pedobacter mongoliensis
Zotu1095,0.0,0.16523,0.0,0.003074,0.0,0.003173,0.0,0.009421,bacteria,verrucomicrobiota,verrucomicrobiae,verrucomicrobiales,verrucomicrobia subdivision 3,pedosphaera,pedosphaera parvula
Zotu1096,0.0,0.0,0.0,0.0,0.0,0.0,0.0,0.0,bacteria,acidobacteriota,vicinamibacteria,vicinamibacterales,vicinamibacteraceae,vicinamibacter,vicinamibacter silvestris
Zotu1097,0.010022,0.327221,0.025383,0.0,0.003245,0.034907,0.050232,0.00314,bacteria,actinomycetota,rubrobacteria,rubrobacterales,rubrobacteraceae,rubrobacter,rubrobacter naiadicus
Zotu1098,0.0,0.0,0.0,0.0,0.0,0.0,0.0,0.0,bacteria,pseudomonadota,alphaproteobacteria,rhodospirillales,acetobacteraceae,dankookia,dankookia rubra
Zotu1099,0.073493,0.009719,0.0,0.003074,0.009736,0.0,0.0,0.0,bacteria,bacillota,bacilli,bacillales,bacillaceae,metabacillus,metabacillus niabensis
Zotu1100,0.003341,0.0,0.0,0.0,0.0,0.0,0.00314,0.00314,bacteria,bacteroidota,sphingobacteriia,sphingobacteriales,sphingobacteriaceae,daejeonella,daejeonella lutea
Zotu1101,0.0,0.0,0.0,0.0,0.045437,0.00952,0.018837,0.00314,bacteria,actinomycetota,rubrobacteria,rubrobacterales,rubrobacteraceae,rubrobacter,rubrobacter tropicus
Zotu1102,0.003341,0.0,0.006346,0.0,0.415423,0.031734,0.226045,0.131889,bacteria,chloroflexota,chloroflexia,kallotenuales,kallotenuaceae,kallotenue,kallotenue papyrolyticum
Zotu1103,0.003341,0.0,0.003173,0.003074,0.0,0.003173,0.00314,0.00314,bacteria,actinomycetota,actinomycetes,kitasatosporales,streptomycetaceae,streptomyces,streptomyces torulosus
Zotu1104,0.0,0.00648,0.003173,0.003074,0.003245,0.006347,0.072209,0.009421,bacteria,gemmatimonadota,gemmatimonadetes,gemmatimonadales,gemmatimonadaceae,gemmatimonas,gemmatimonas aurantiaca
Zotu1105,0.0,0.0,0.003173,0.0,0.003245,0.0,0.0,0.0,archaea,methanobacteriota,thermoplasmata,methanomassiliicoccales,methanomassiliicoccaceae,methanomassiliicoccus,candidatus methanomassiliicoccus intestinalis
Zotu1106,0.023384,0.071276,0.053939,0.0,0.003245,0.0,0.00314,0.00314,bacteria,pseudomonadota,betaproteobacteria,nitrosomonadales,methylophilaceae,novimethylophilus,novimethylophilus kurashikiensis
Zotu1107,0.0,0.0,0.0,0.0,0.0,0.0,0.0,0.0,bacteria,actinomycetota,rubrobacteria,rubrobacterales,rubrobacteraceae,rubrobacter,rubrobacter tropicus
Zotu1108,0.0,0.0,0.0,0.0,0.0,0.0,0.0,0.0,bacteria,verrucomicrobiota,verrucomicrobiae,verrucomicrobiales,verrucomicrobia subdivision 3,pedosphaera,pedosphaera parvula
Zotu1109,0.0,0.019439,0.0,0.003074,0.003245,0.003173,0.021977,0.028262,bacteria,bacillota,bacilli,bacillales,bacillaceae,mesobacillus,mesobacillus foraminis
Zotu1110,0.0,0.0,0.0,0.0,0.0,0.0,0.0,0.0,bacteria,bacteroidota,cytophagia,cytophagales,hymenobacteraceae,adhaeribacter,adhaeribacter radiodurans
Zotu1111,0.013362,0.0,0.0,0.003074,0.0,0.003173,0.025116,0.00314,bacteria,chloroflexota,thermomicrobia,thermomicrobiales,thermomicrobiaceae,thermomicrobium,thermomicrobium roseum
Zotu1112,0.0,0.0,0.0,0.0,0.0,0.012694,0.031395,0.018841,bacteria,gemmatimonadota,longimicrobiia,longimicrobiales,longimicrobiaceae,longimicrobium,longimicrobium terrae
Zotu1113,0.0,0.009719,0.003173,0.003074,0.0,0.044428,0.075348,0.069085,bacteria,actinomycetota,thermoleophilia,solirubrobacterales,solirubrobacteraceae,solirubrobacter,solirubrobacter phytolaccae
Zotu1114,0.003341,0.246226,0.0,0.0,0.029209,0.006347,0.0,0.0,bacteria,actinomycetota,rubrobacteria,gaiellales,gaiellaceae,gaiella,gaiella occulta
Zotu1115,0.0,0.0,0.0,0.0,0.0,0.0,0.0,0.0,bacteria,pseudomonadota,betaproteobacteria,burkholderiales,burkholderiaceae,lautropia,lautropia mirabilis
Zotu1116,0.010022,0.00648,0.003173,0.0,0.353758,0.0,0.241743,0.021981,bacteria,bacillota,bacilli,bacillales,bacillaceae,anoxybacillus,anoxybacillus vitaminiphilus
Zotu1117,0.0,0.0,0.0,0.003074,0.003245,0.0,0.0,0.031402,bacteria,bacteroidota,chitinophagia,chitinophagales,chitinophagaceae,segetibacter,segetibacter koreensis
Zotu1118,0.003341,0.00648,0.003173,0.0,0.003245,0.0,0.0,0.00314,bacteria,chloroflexota,chloroflexia,kallotenuales,kallotenuaceae,kallotenue,kallotenue papyrolyticum
Zotu1119,0.0,0.00648,0.006346,0.006148,0.0,0.003173,0.0,0.043963,bacteria,deinococcota,deinococci,deinococcales,deinococcaceae,deinococcus,deinococcus pimensis
Zotu1120,0.0,0.0,0.0,0.0,0.0,0.0,0.0,0.0,archaea,methanobacteriota,halobacteria,halobacteriales,halobacteriaceae,halomicroarcula,halomicroarcula rubra
Zotu1121,0.11692,0.17171,0.076149,0.190599,0.136311,0.082508,0.0,0.0,bacteria,actinomycetota,actinomycetes,kitasatosporales,streptomycetaceae,streptomyces,streptomyces nanhaiensis
Zotu1122,0.013362,0.038878,0.034902,0.537981,0.0357,0.0,0.006279,0.0,bacteria,planctomycetota,planctomycetia,gemmatales,gemmataceae,zavarzinella,zavarzinella formosa
Zotu1123,0.0,0.0,0.0,0.0,0.0,0.0,0.006279,0.0,bacteria,actinomycetota,nitriliruptoria,euzebyales,euzebyaceae,euzebya,euzebya pacifica
Zotu1124,0.003341,0.0,0.0,0.003074,0.0,0.003173,0.006279,0.00314,bacteria,chloroflexota,chloroflexia,chloroflexales,roseiflexaceae,kouleothrix,kouleothrix aurantiaca
Zotu1125,0.0,0.00324,0.0,0.0,0.003245,0.0,0.0,0.031402,bacteria,actinomycetota,actinomycetes,kitasatosporales,streptomycetaceae,streptomyces,streptomyces megasporus
Zotu1126,0.0,0.0,0.0,0.003074,0.0,0.0,0.0,0.00314,bacteria,bacteroidota,chitinophagia,chitinophagales,chitinophagaceae,paracnuella,paracnuella aquatica
Zotu1127,0.003341,0.00648,0.0,0.003074,0.389459,0.244351,0.172674,0.00314,bacteria,verrucomicrobiota,verrucomicrobiae,verrucomicrobiales,verrucomicrobia subdivision 3,pedosphaera,pedosphaera parvula
Zotu1128,0.0,0.0,0.0,0.0,0.0,0.0,0.0,0.00628,bacteria,bacillota,bacilli,lactobacillales,streptococcaceae,streptococcus,streptococcus salivarius
Zotu1129,0.006681,0.00324,0.0,0.006148,0.003245,0.047601,0.050232,0.040823,bacteria,chloroflexota,chloroflexia,kallotenuales,kallotenuaceae,kallotenue,kallotenue papyrolyticum
Zotu1130,0.0,0.0,0.0,0.0,0.0,0.0,0.0,0.0,bacteria,actinomycetota,thermoleophilia,solirubrobacterales,baekduiaceae,baekduia,baekduia soli
Zotu1131,0.033406,0.025918,0.019037,0.230563,0.071401,0.076161,0.0,0.0,bacteria,actinomycetota,acidimicrobiia,acidimicrobiales,acidimicrobiaceae,aciditerrimonas,aciditerrimonas ferrireducens
Zotu1132,0.0,0.0,0.0,0.0,0.0,0.0,0.0,0.0,bacteria,actinomycetota,actinomycetes,actinomycetales,actinomycetaceae,schaalia,schaalia odontolytica
Zotu1133,0.003341,0.0,0.0,0.0,0.0,0.0,0.00314,0.0,bacteria,actinomycetota,acidimicrobiia,acidimicrobiales,ilumatobacteraceae,ilumatobacter,ilumatobacter fluminis
Zotu1134,0.0,0.00648,0.0,0.0,0.003245,0.003173,0.00314,0.0,bacteria,actinomycetota,actinomycetes,mycobacteriales,corynebacteriaceae,corynebacterium,corynebacterium coyleae
Zotu1135,0.046768,0.090715,0.111051,0.104522,0.074646,0.076161,0.050232,0.012561,bacteria,actinomycetota,acidimicrobiia,acidimicrobiales,iamiaceae,actinomarinicola,actinomarinicola tropica
Zotu1136,0.0,0.0,0.0,0.0,0.0,0.0,0.0,0.0,bacteria,actinomycetota,actinomycetes,pseudonocardiales,pseudonocardiaceae,amycolatopsis,amycolatopsis palatopharyngis
Zotu1137,0.003341,0.0,0.0,0.0,0.006491,0.0,0.00314,0.0,bacteria,verrucomicrobiota,verrucomicrobiae,verrucomicrobiales,verrucomicrobia subdivision 3,pedosphaera,pedosphaera parvula
Zotu1138,0.006681,0.009719,0.0,0.0,0.003245,0.003173,0.0,0.021981,bacteria,actinomycetota,actinomycetia,propionibacteriales,nocardioidaceae,nocardioides,nocardioides furvisabuli
Zotu1139,0.010022,0.016199,0.09836,0.273602,0.003245,0.041254,0.0,0.0,bacteria,actinomycetota,acidimicrobiia,acidimicrobiales,acidimicrobiaceae,aciditerrimonas,aciditerrimonas ferrireducens
Zotu1140,0.273927,0.330461,0.066631,0.006148,0.003245,0.012694,0.040814,0.00628,bacteria,thermodesulfobacteriota,desulfobulbia,desulfobulbales,desulfobulbaceae,desulfolithobacter,desulfolithobacter dissulfuricans
Zotu1141,0.0,0.0,0.0,0.0,0.0,0.0,0.0,0.0,bacteria,pseudomonadota,alphaproteobacteria,rhodospirillales,magnetovibrionaceae,varunaivibrio,varunaivibrio sulfuroxidans
Zotu1142,0.0,0.019439,0.0,0.0,0.0,0.0,0.0,0.0,bacteria,bacillota,clostridia,eubacteriales,symbiobacteriaceae,symbiobacterium,symbiobacterium terraclitae
Zotu1143,0.006681,0.0,0.003173,0.003074,0.003245,0.003173,0.091046,0.172712,bacteria,chloroflexota,caldilineae,caldilineales,caldilineaceae,caldilinea,caldilinea tarbellica
Zotu1144,0.026725,0.00648,0.009519,0.006148,0.0,0.015867,0.213487,0.00314,bacteria,chloroflexota,chloroflexia,herpetosiphonales,herpetosiphonaceae,herpetosiphon,herpetosiphon aurantiacus
Zotu1145,0.003341,0.00324,0.006346,0.0,0.058419,0.165017,0.081628,0.0,bacteria,actinomycetota,actinomycetes,streptosporangiales,streptosporangiaceae,nonomuraea,nonomuraea soli
Zotu1146,0.033406,0.035638,0.047593,0.006148,0.019473,0.015867,0.012558,0.009421,bacteria,chloroflexota,chloroflexota,chloroflexota,chloroflexota,thermobaculum,thermobaculum terrenum
Zotu1147,0.731585,0.048597,0.006346,0.003074,0.0,0.0,0.009419,0.00314,archaea,nitrososphaerota,nitrososphaeria,nitrososphaerales,nitrososphaeraceae,nitrososphaera,candidatus nitrososphaera gargensis
Zotu1148,0.003341,0.0,0.006346,0.003074,0.0,0.0,0.0,0.0,bacteria,myxococcota,myxococcota,haliangiales,kofleriaceae,haliangium,haliangium ochraceum
Zotu1149,0.090195,0.158751,0.295079,0.092225,0.0,0.0,0.00314,0.009421,bacteria,pseudomonadota,betaproteobacteria,burkholderiales,burkholderiaceae,caballeronia,caballeronia glathei
Zotu1150,0.003341,0.00324,0.0,0.012297,0.003245,0.022214,0.091046,0.00628,bacteria,pseudomonadota,betaproteobacteria,burkholderiales,oxalobacteraceae,oxalicibacterium,oxalicibacterium horti
Zotu1151,0.010022,0.0,0.0,0.0,0.009736,0.0,0.0,0.0,bacteria,actinomycetota,actinomycetes,pseudonocardiales,pseudonocardiaceae,haloechinothrix,haloechinothrix salitolerans
Zotu1152,0.080174,0.048597,0.212584,0.335086,0.003245,0.003173,0.00314,0.00314,bacteria,chloroflexota,caldilineae,caldilineales,caldilineaceae,litorilinea,litorilinea aerophila
Zotu1153,0.053449,0.042118,0.161817,0.0,0.269376,0.123762,0.021977,0.00314,bacteria,acidobacteriota,vicinamibacteria,vicinamibacterales,vicinamibacteraceae,luteitalea,luteitalea pratensis
Zotu1154,0.0,0.0,0.0,0.0,0.0,0.0,0.0,0.0,bacteria,bacteroidota,cytophagia,cytophagales,hymenobacteraceae,rufibacter,rufibacter tibetensis
Zotu1155,0.0,0.00324,0.003173,0.003074,0.0,0.0,0.0,0.00314,archaea,methanobacteriota,thermoplasmata,methanomassiliicoccales,methanomassiliicoccaceae,methanomassiliicoccus,candidatus methanomassiliicoccus intestinalis
Zotu1156,0.003341,0.00324,0.0,0.0,0.0,0.003173,0.00314,0.00314,bacteria,pseudomonadota,alphaproteobacteria,rhodospirillales,acetobacteraceae,belnapia,belnapia moabensis
Zotu1157,0.0,0.0,0.0,0.0,0.0,0.0,0.009419,0.0,bacteria,actinomycetota,actinomycetes,pseudonocardiales,pseudonocardiaceae,saccharopolyspora,saccharopolyspora tripterygii
Zotu1158,0.003341,0.0,0.006346,0.0,0.003245,0.0,0.0,0.00314,bacteria,pseudomonadota,gammaproteobacteria,moraxellales,moraxellaceae,acinetobacter,acinetobacter ursingii
Zotu1159,0.0,0.0,0.003173,0.0,0.0,0.0,0.0,0.14445,bacteria,bacteroidota,sphingobacteriia,sphingobacteriales,sphingobacteriaceae,hufsiella,hufsiella arboris
Zotu1160,0.0,0.0,0.0,0.0,0.0,0.0,0.696974,0.009421,bacteria,chloroflexota,chloroflexia,chloroflexales,oscillochloridaceae,oscillochloris,oscillochloris trichoides
Zotu1161,0.066811,0.068036,0.038075,0.015371,0.262885,0.098375,0.075348,0.009421,bacteria,actinomycetota,rubrobacteria,rubrobacterales,rubrobacteraceae,rubrobacter,rubrobacter radiotolerans
Zotu1162,0.036746,0.0,0.168163,0.436534,0.0,0.006347,0.0,0.0,bacteria,verrucomicrobiota,verrucomicrobiae,limisphaerales,fontisphaeraceae,fontisphaera,fontisphaera persica
Zotu1163,0.0,0.0,0.003173,0.0,0.0,0.0,0.00314,0.0,bacteria,pseudomonadota,alphaproteobacteria,rhodobacterales,paracoccaceae,paracoccus,paracoccus sanguinis
Zotu1164,0.0,0.0,0.0,0.0,0.0,0.003173,0.091046,0.0,archaea,methanobacteriota,thermoplasmata,methanomassiliicoccales,methanomassiliicoccaceae,methanomassiliicoccus,candidatus methanomassiliicoccus intestinalis
Zotu1165,0.003341,0.0,0.0,0.0,0.012982,0.022214,0.084767,0.043963,bacteria,actinomycetota,actinomycetes,pseudonocardiales,pseudonocardiaceae,lentzea,lentzea albida
Zotu1166,0.0,0.0,0.0,0.0,0.003245,0.003173,0.0,0.053384,bacteria,bacteroidota,chitinophagia,chitinophagales,chitinophagaceae,sediminibacterium,sediminibacterium salmoneum
Zotu1168,0.003341,0.0,0.0,0.0,0.0,0.060294,0.00314,0.00628,bacteria,actinomycetota,thermoleophilia,solirubrobacterales,parviterribacteraceae,parviterribacter,parviterribacter kavangonensis
Zotu1169,0.0,0.0,0.0,0.0,0.0,0.003173,0.00314,0.00628,bacteria,pseudomonadota,betaproteobacteria,burkholderiales,sphaerotilaceae,roseateles,roseateles chitosanitabidus
Zotu1170,0.0,0.00324,0.0,0.0,0.003245,0.003173,0.0,0.00314,bacteria,pseudomonadota,alphaproteobacteria,sphingomonadales,sphingomonadaceae,sphingomonas,sphingomonas parvus
Zotu1171,0.003341,0.0,0.0,0.218267,0.107101,0.238005,0.00314,0.00314,bacteria,planctomycetota,planctomycetia,gemmatales,gemmataceae,zavarzinella,zavarzinella formosa
Zotu1172,0.053449,0.255945,0.149126,0.16908,0.003245,0.012694,0.006279,0.00314,bacteria,actinomycetota,rubrobacteria,rubrobacterales,rubrobacteraceae,rubrobacter,rubrobacter xylanophilus
Zotu1173,0.0,0.0,0.0,0.003074,0.003245,0.0,0.012558,0.244936,bacteria,actinomycetota,actinomycetes,pseudonocardiales,pseudonocardiaceae,lentzea,lentzea albida
Zotu1174,0.066811,0.106914,0.155472,0.0,0.055173,0.047601,0.006279,0.00628,bacteria,gemmatimonadota,gemmatimonadetes,gemmatimonadales,gemmatimonadaceae,gemmatimonas,gemmatimonas aurantiaca
Zotu1175,0.0,0.012959,0.0,0.0,0.0,0.0,0.0,0.0,bacteria,chloroflexota,caldilineae,caldilineales,caldilineaceae,caldilinea,caldilinea tarbellica
Zotu1176,0.0,0.0,0.0,0.0,0.0,0.0,0.0,0.0,bacteria,actinomycetota,acidimicrobiia,acidimicrobiales,iamiaceae,rhabdothermincola,rhabdothermincola sediminis
Zotu1177,0.0,0.0,0.0,0.0,0.0,0.0,0.0,0.0,bacteria,mycoplasmatota,mollicutes,entomoplasmatales,spiroplasmataceae,spiroplasma,spiroplasma kunkelii
Zotu1178,0.0,0.00324,0.003173,0.0,0.0,0.003173,0.0,0.028262,bacteria,pseudomonadota,alphaproteobacteria,sphingomonadales,sphingomonadaceae,novosphingobium,novosphingobium ginsenosidimutans
Zotu1179,0.003341,0.00324,0.0,0.0,0.003245,0.003173,0.0,0.0,bacteria,actinomycetota,actinomycetes,mycobacteriales,corynebacteriaceae,corynebacterium,corynebacterium tuberculostearicum
Zotu1180,0.023384,0.045357,0.057112,0.003074,0.188238,0.072988,0.0,0.0,bacteria,pseudomonadota,alphaproteobacteria,hyphomicrobiales,xanthobacteraceae,pseudolabrys,pseudolabrys taiwanensis
Zotu1181,0.0,0.025918,0.003173,0.0,0.006491,0.0,0.00314,0.0,bacteria,chloroflexota,chloroflexia,herpetosiphonales,herpetosiphonaceae,herpetosiphon,herpetosiphon aurantiacus
Zotu1182,0.003341,0.0,0.0,0.0,0.006491,0.0,0.006279,0.0,archaea,methanobacteriota,thermoplasmata,methanomassiliicoccales,methanomassiliicoccaceae,methanomassiliicoccus,candidatus methanomassiliicoccus intestinalis
Zotu1183,0.0,0.0,0.0,0.0,0.0,0.0,0.0,0.009421,bacteria,gemmatimonadota,gemmatimonadetes,gemmatimonadales,gemmatimonadaceae,roseisolibacter,roseisolibacter agri
Zotu1184,0.053449,0.058317,0.063458,0.003074,0.12982,0.17771,0.0,0.00314,bacteria,actinomycetota,thermoleophilia,solirubrobacterales,conexibacteraceae,conexibacter,conexibacter arvalis
Zotu1185,0.0,0.0,0.0,0.0,0.0,0.0,0.0,0.0,bacteria,gemmatimonadota,longimicrobiia,longimicrobiales,longimicrobiaceae,longimicrobium,longimicrobium terrae
Zotu1186,0.0,0.0,0.003173,0.0,0.0,0.0,0.0,0.0,bacteria,bacteroidota,cytophagia,cytophagales,hymenobacteraceae,adhaeribacter,adhaeribacter terrigena
Zotu1187,0.0,0.0,0.0,0.0,0.0,0.0,0.0,0.0,bacteria,pseudomonadota,alphaproteobacteria,rhodospirillales,azospirillaceae,skermanella,skermanella rubra
Zotu1188,0.003341,0.0,0.009519,0.003074,0.003245,0.00952,0.00314,0.0,bacteria,pseudomonadota,betaproteobacteria,burkholderiales,comamonadaceae,ramlibacter,ramlibacter monticola
Zotu1190,0.003341,0.0,0.0,0.0,0.0,0.0,0.006279,0.0,bacteria,pseudomonadota,betaproteobacteria,burkholderiales,burkholderiaceae,robbsia,robbsia andropogonis
Zotu1191,0.003341,0.00324,0.0,0.006148,0.0,0.003173,0.040814,0.00628,bacteria,actinomycetota,thermoleophilia,solirubrobacterales,baekduiaceae,baekduia,baekduia soli
Zotu1192,0.003341,0.009719,0.006346,0.0,0.113592,0.038081,0.0,0.028262,bacteria,actinomycetota,nitriliruptoria,euzebyales,euzebyaceae,euzebya,euzebya pacifica
Zotu1193,0.0,0.00324,0.0,0.003074,0.0,0.003173,0.0,0.009421,bacteria,pseudomonadota,alphaproteobacteria,sphingomonadales,sphingomonadaceae,sphingomonas,sphingomonas montis
Zotu1194,0.0,0.0,0.0,0.003074,0.0,0.0,0.0,0.0,bacteria,pseudomonadota,alphaproteobacteria,hyphomicrobiales,methylobacteriaceae,microvirga,microvirga brassicacearum
Zotu1195,0.0,0.0,0.0,0.003074,0.003245,0.0,0.0,0.0,bacteria,pseudomonadota,betaproteobacteria,burkholderiales,oxalobacteraceae,herbaspirillum,herbaspirillum seropedicae
Zotu1196,0.003341,0.0,0.0,0.003074,0.0,0.003173,0.00314,0.0,bacteria,pseudomonadota,alphaproteobacteria,sphingomonadales,sphingosinicellaceae,sphingosinicella,sphingosinicella humi
Zotu1197,0.0,0.0,0.0,0.003074,0.0,0.003173,0.0,0.00628,bacteria,bacteroidota,flavobacteriia,flavobacteriales,weeksellaceae,cloacibacterium,cloacibacterium normanense
Zotu1198,0.026725,0.032398,0.063458,0.239786,0.003245,0.01904,0.0,0.0,bacteria,pseudomonadota,alphaproteobacteria,hyphomicrobiales,hyphomicrobiaceae,methyloceanibacter,methyloceanibacter caenitepidi
Zotu1199,0.0,0.0,0.24114,0.006148,0.12982,0.003173,0.00314,0.00314,archaea,methanobacteriota,thermoplasmata,methanomassiliicoccales,methanomassiliicoccaceae,methanomassiliicoccus,candidatus methanomassiliicoccus intestinalis
Zotu1200,0.0,0.0,0.0,0.0,0.003245,0.003173,0.006279,0.018841,bacteria,pseudomonadota,alphaproteobacteria,rhodobacterales,roseobacteraceae,rubellimicrobium,rubellimicrobium roseum
Zotu1201,0.073493,0.00324,0.092014,0.473424,0.0,0.0,0.0,0.0,bacteria,verrucomicrobiota,verrucomicrobiae,limisphaerales,fontisphaeraceae,fontisphaera,fontisphaera persica
Zotu1202,0.003341,0.00648,0.101533,0.006148,0.081137,0.003173,0.241743,0.015701,bacteria,gemmatimonadota,longimicrobiia,longimicrobiales,longimicrobiaceae,longimicrobium,longimicrobium terrae
Zotu1203,0.0,0.00648,0.0,0.0,0.0,0.0,0.006279,0.0,bacteria,pseudomonadota,alphaproteobacteria,hyphomicrobiales,xanthobacteraceae,xanthobacter,xanthobacter agilis
Zotu1204,0.0,0.00324,0.003173,0.0,0.136311,0.003173,0.317092,0.141309,bacteria,chloroflexota,chloroflexia,herpetosiphonales,herpetosiphonaceae,herpetosiphon,herpetosiphon aurantiacus
Zotu1205,0.0,0.0,0.0,0.0,0.0,0.0,0.0,0.0,bacteria,pseudomonadota,gammaproteobacteria,chromatiales,ectothiorhodospiraceae,alkalilimnicola,alkalilimnicola halodurans
Zotu1206,0.013362,0.035638,0.003173,0.003074,0.058419,0.063468,0.00314,0.0,bacteria,nitrospirota,nitrospira,nitrospirales,nitrospiraceae,nitrospira,nitrospira enrichment
Zotu1207,0.0,0.00648,0.0,0.0,0.0,0.0,0.0,0.00314,bacteria,bacillota,bacilli,bacillales,planococcaceae,ureibacillus,ureibacillus chungkukjangi
Zotu1209,0.003341,0.00324,0.003173,0.0,0.0,0.012694,0.006279,0.00314,bacteria,gemmatimonadota,gemmatimonadetes,gemmatimonadales,gemmatimonadaceae,gemmatimonas,gemmatimonas phototrophica
Zotu1210,0.003341,0.00324,0.0,0.003074,0.012982,0.126936,0.298254,0.00628,bacteria,actinomycetota,acidimicrobiia,acidimicrobiales,acidimicrobiaceae,aciditerrimonas,aciditerrimonas ferrireducens
Zotu1211,0.0,0.965464,0.092014,0.0,0.0,0.003173,0.009419,0.0,bacteria,pseudomonadota,gammaproteobacteria,chromatiales,ectothiorhodospiraceae,thiohalomonas,thiohalomonas denitrificans
Zotu1212,0.0,0.0,0.0,0.0,0.0,0.0,0.0,0.0,bacteria,pseudomonadota,alphaproteobacteria,hyphomicrobiales,devosiaceae,devosia,devosia insulae
Zotu1213,0.013362,0.0,0.0,0.0,0.0,0.0,0.0,0.0,bacteria,verrucomicrobiota,opitutae,opitutales,opitutaceae,horticoccus,horticoccus luteus
Zotu1214,0.023384,0.00324,0.0,0.0,0.0,0.0,0.0,0.0,bacteria,pseudomonadota,gammaproteobacteria,chromatiales,ectothiorhodospiraceae,natronospira,natronospira proteinivora
Zotu1215,0.0,0.0,0.0,0.003074,0.0,0.0,0.00314,0.009421,bacteria,bacteroidota,cytophagia,cytophagales,flexibacteraceae,flexibacter,flexibacter flexilis
Zotu1216,0.003341,0.0,0.006346,0.0,0.006491,0.0,0.0,0.160151,bacteria,pseudomonadota,deltaproteobacteria,myxococcales,anaeromyxobacteraceae,anaeromyxobacter,anaeromyxobacter dehalogenans
Zotu1217,0.0,0.00324,0.0,0.003074,0.0,0.0,0.025116,0.028262,bacteria,actinomycetota,actinomycetes,propionibacteriales,nocardioidaceae,nocardioides,nocardioides iriomotensis
Zotu1218,0.003341,0.0,0.0,0.0,0.003245,0.003173,0.0,0.00628,bacteria,pseudomonadota,alphaproteobacteria,sphingomonadales,sphingomonadaceae,sphingomonas,sphingomonas humi
Zotu1219,0.0,0.00648,0.0,0.003074,0.0,0.003173,0.00314,0.065944,bacteria,pseudomonadota,alphaproteobacteria,hyphomicrobiales,boseaceae,bosea,bosea robiniae
Zotu1220,0.0,0.00324,0.003173,0.0,0.003245,0.0,0.0,0.00314,bacteria,actinomycetota,actinomycetes,micrococcales,promicromonosporaceae,promicromonospora,promicromonospora soli
Zotu1221,0.006681,0.0,0.0,0.0,0.0,0.0,0.006279,0.00314,bacteria,bacteroidota,chitinophagia,chitinophagales,chitinophagaceae,segetibacter,segetibacter koreensis
Zotu1222,0.0,0.0,0.0,0.0,0.0,0.0,0.0,0.0,bacteria,pseudomonadota,alphaproteobacteria,hyphomicrobiales,methylobacteriaceae,microvirga,microvirga thermotolerans
Zotu1223,0.0,0.025918,0.0,0.0,0.0,0.0,0.0,0.0,archaea,methanobacteriota,halobacteria,halobacteriales,halobacteriaceae,haloquadratum,haloquadratum walsbyi
Zotu1224,0.003341,0.152271,0.006346,0.461127,0.0,0.0,0.00314,0.0,bacteria,planctomycetota,planctomycetia,gemmatales,gemmataceae,gemmata,gemmata palustris
Zotu1225,0.0,0.048597,0.082495,0.245934,0.003245,0.111069,0.06593,0.00314,bacteria,gemmatimonadota,longimicrobiia,longimicrobiales,longimicrobiaceae,longimicrobium,longimicrobium terrae
Zotu1226,0.003341,0.00324,0.012692,0.0,0.0,0.0,0.0,0.0,bacteria,actinomycetota,actinomycetes,mycobacteriales,lawsonellaceae,lawsonella,lawsonella clevelandensis
Zotu1227,0.0,0.0,0.003173,0.003074,0.0,0.028561,0.047093,0.094206,bacteria,chloroflexota,chloroflexia,kallotenuales,kallotenuaceae,kallotenue,kallotenue papyrolyticum
Zotu1228,0.0,0.00324,0.0,0.0,0.003245,0.00952,0.0,0.169571,bacteria,bacteroidota,chitinophagia,chitinophagales,chitinophagaceae,flavisolibacter,flavisolibacter galbus
Zotu1229,0.016703,0.0,0.053939,0.0,0.288849,0.053948,0.141278,0.00314,bacteria,pseudomonadota,gammaproteobacteria,chromatiales,ectothiorhodospiraceae,ectothiorhodospira,ectothiorhodospira imhoffii
Zotu1231,0.003341,0.0,0.0,0.0,0.0,0.0,0.034535,0.0,bacteria,chloroflexota,chloroflexia,chloroflexales,chloroflexaceae,chloroflexus,chloroflexus islandicus
Zotu1232,0.0,0.00648,0.0,0.003074,0.0,0.053948,0.32651,0.213534,bacteria,pseudomonadota,alphaproteobacteria,hyphomicrobiales,methylobacteriaceae,microvirga,microvirga roseola
Zotu1233,0.0,0.009719,0.0,0.003074,0.006491,0.003173,0.0,0.0,bacteria,pseudomonadota,alphaproteobacteria,sphingomonadales,sphingomonadaceae,sphingomonas,sphingomonas rhizophila
Zotu1234,0.010022,0.136072,0.0,0.003074,0.103856,0.003173,0.0,0.0,bacteria,planctomycetota,planctomycetia,gemmatales,gemmataceae,zavarzinella,zavarzinella formosa
Zotu1235,0.0,0.17495,0.006346,0.0,0.0,0.082508,0.006279,0.00628,bacteria,chloroflexota,chloroflexia,herpetosiphonales,herpetosiphonaceae,herpetosiphon,herpetosiphon aurantiacus
Zotu1236,0.0,0.0,0.003173,0.0,0.0,0.0,0.0,0.0,bacteria,bacillota,bacilli,bacillales,bacillales,exiguobacterium,exiguobacterium aurantiacum
Zotu1237,0.0,0.00648,0.0,0.0,0.0,0.0,0.00314,0.018841,bacteria,pseudomonadota,alphaproteobacteria,rhodospirillales,azospirillaceae,azospirillum,azospirillum rugosum
Zotu1238,0.0,0.0,0.0,0.0,0.0,0.044428,0.0,0.0,bacteria,chloroflexota,tepidiformia,tepidiformales,tepidiformaceae,tepidiforma,tepidiforma bonchosmolovskayae
Zotu1239,0.0,0.0,0.0,0.0,0.0,0.0,0.0,0.0,bacteria,bacteroidota,cytophagia,cytophagales,hymenobacteraceae,nibribacter,nibribacter koreensis
Zotu1240,0.003341,0.0,0.0,0.003074,0.0,0.01904,0.006279,0.135029,bacteria,myxococcota,myxococcia,myxococcales,archangiaceae,hyalangium,hyalangium minutum
Zotu1241,0.043427,0.00324,0.0,0.0,0.0,0.0,0.0,0.0,archaea,methanobacteriota,methanomicrobia,methanotrichales,methanotrichaceae,methanosaeta,methanosaeta harundinacea
Zotu1242,0.003341,0.0,0.0,0.0,0.619888,0.003173,0.0,0.00628,bacteria,planctomycetota,phycisphaerae,tepidisphaerales,tepidisphaeraceae,tepidisphaera,tepidisphaera mucosa
Zotu1243,0.0,0.00324,0.0,0.0,0.006491,0.003173,0.0,0.00314,archaea,methanobacteriota,thermoplasmata,methanomassiliicoccales,methanomassiliicoccaceae,methanomassiliicoccus,candidatus methanomassiliicoccus intestinalis
Zotu1244,0.0,0.00324,0.0,0.0,0.0,0.006347,0.0,0.00628,bacteria,pseudomonadota,alphaproteobacteria,sphingomonadales,sphingomonadaceae,sphingomonas,sphingomonas sediminicola
Zotu1245,0.006681,0.0,0.0,0.0,0.006491,0.015867,0.408138,0.238656,bacteria,chloroflexota,caldilineae,caldilineales,caldilineaceae,caldilinea,caldilinea tarbellica
Zotu1246,0.006681,0.022679,0.050766,0.159857,0.275867,0.041254,0.0,0.0,bacteria,actinomycetota,rubrobacteria,rubrobacterales,rubrobacteraceae,rubrobacter,rubrobacter naiadicus
Zotu1247,0.0,0.0,0.0,0.0,0.0,0.0,0.043953,0.0,bacteria,planctomycetota,planctomycetia,gemmatales,gemmataceae,gemmata,gemmata massiliana
Zotu1248,0.0,0.0,0.003173,0.0,0.0,0.0,0.0,0.0,bacteria,actinomycetota,actinomycetes,propionibacteriales,nocardioidaceae,nocardioides,nocardioides aquiterrae
Zotu1249,0.0,0.0,0.0,0.0,0.0,0.0,0.0,0.0,bacteria,chloroflexota,chloroflexota,chloroflexota,chloroflexota,thermobaculum,thermobaculum terrenum
Zotu1250,0.340738,0.00648,0.0,0.0,0.0,0.0,0.00314,0.00628,bacteria,verrucomicrobiota,verrucomicrobiae,verrucomicrobiales,verrucomicrobia subdivision 3,pedosphaera,pedosphaera parvula
Zotu1252,0.0,0.0,0.0,0.0,0.0,0.0,0.0,0.0,bacteria,pseudomonadota,betaproteobacteria,nitrosomonadales,methylophilaceae,methylophilus,methylophilus methylotrophus
Zotu1253,0.006681,0.0,0.003173,0.003074,0.003245,0.0,0.0,0.015701,bacteria,actinomycetota,actinomycetia,geodermatophilales,geodermatophilaceae,modestobacter,modestobacter multiseptatus
Zotu1254,0.006681,0.032398,0.0,0.0,0.0,0.0,0.0,0.0,bacteria,planctomycetota,planctomycetia,gemmatales,gemmataceae,zavarzinella,zavarzinella formosa
Zotu1255,0.0,0.022679,0.069804,0.458053,0.003245,0.003173,0.0,0.0,bacteria,verrucomicrobiota,verrucomicrobiae,limisphaerales,fontisphaeraceae,fontisphaera,fontisphaera persica
Zotu1256,0.103558,0.239746,0.006346,0.006148,0.003245,0.0,0.0,0.0,archaea,methanobacteriota,thermoplasmata,methanomassiliicoccales,methanomassiliicoccaceae,methanomassiliicoccus,candidatus methanomassiliicoccus intestinalis
Zotu1257,0.0,0.0,0.0,0.0,0.0,0.0,0.0,0.0,bacteria,pseudomonadota,alphaproteobacteria,sphingomonadales,sphingomonadaceae,sphingomonas,sphingomonas lutea
Zotu1258,0.0,0.0,0.0,0.0,0.0,0.0,0.0,0.0,bacteria,verrucomicrobiota,verrucomicrobiae,verrucomicrobiales,verrucomicrobia subdivision 3,pedosphaera,pedosphaera parvula
Zotu1259,0.330717,0.064796,0.193546,0.012297,0.003245,0.00952,0.0,0.0,bacteria,chloroflexota,anaerolineae,anaerolineales,anaerolineaceae,thermanaerothrix,thermanaerothrix daxensis
Zotu1260,0.010022,0.00324,0.006346,0.003074,0.009736,0.003173,0.0,0.00314,bacteria,actinomycetota,acidimicrobiia,acidimicrobiales,iamiaceae,actinomarinicola,actinomarinicola tropica
Zotu1261,0.013362,0.00324,0.0,0.003074,0.0,0.0,0.0,0.031402,bacteria,chloroflexota,chloroflexota,chloroflexota,chloroflexota,thermobaculum,thermobaculum terrenum
Zotu1262,0.003341,0.0,0.0,0.006148,0.003245,0.0,0.0,0.037683,bacteria,bacteroidota,cytophagia,cytophagales,hymenobacteraceae,pontibacter,pontibacter lucknowensis
Zotu1263,0.043427,0.0,0.003173,0.0,0.003245,0.0,0.0,0.00314,bacteria,acidobacteriota,vicinamibacteria,vicinamibacterales,vicinamibacteraceae,luteitalea,luteitalea pratensis
Zotu1264,0.013362,0.0,0.0,0.0,0.0,0.003173,0.0,0.0,archaea,methanobacteriota,thermoplasmata,methanomassiliicoccales,methanomassiliicoccaceae,methanomassiliicoccus,candidatus methanomassiliicoccus intestinalis
Zotu1265,0.0,0.0,0.0,0.0,0.0,0.0,0.0,0.0,archaea,methanobacteriota,halobacteria,halobacteriales,halobacteriaceae,halorubellus,halorubellus salinus
Zotu1266,0.023384,0.038878,0.0,0.0,0.0,0.0,0.0,0.0,bacteria,chloroflexota,chloroflexia,chloroflexales,roseiflexaceae,kouleothrix,kouleothrix aurantiaca
Zotu1267,0.0,0.0,0.0,0.0,0.0,0.0,0.0,0.0,bacteria,bacteroidota,chitinophagia,chitinophagales,chitinophagaceae,flavisolibacter,flavisolibacter carri
Zotu1268,0.0,0.0,0.0,0.0,0.0,0.0,0.0,0.0,bacteria,actinomycetota,rubrobacteria,rubrobacterales,rubrobacteraceae,rubrobacter,rubrobacter xylanophilus
Zotu1269,0.133623,0.097194,0.057112,0.003074,0.061664,0.107895,0.056511,0.0,bacteria,pseudomonadota,alphaproteobacteria,hyphomicrobiales,kaistiaceae,kaistia,kaistia granuli
Zotu1270,0.0,0.0,0.0,0.0,0.0,0.0,0.0,0.0,bacteria,planctomycetota,phycisphaerae,tepidisphaerales,tepidisphaeraceae,tepidisphaera,tepidisphaera mucosa
Zotu1271,0.0,0.0,0.0,0.0,0.0,0.0,0.0,0.0,bacteria,thermodesulfobacteriota,desulfovibrionia,desulfovibrionales,desulfovibrionaceae,oceanidesulfovibrio,oceanidesulfovibrio marinus
Zotu1272,0.0,0.0,0.006346,0.003074,0.0,0.003173,0.0,0.00628,bacteria,actinomycetota,actinomycetes,micrococcales,microbacteriaceae,diaminobutyricibacter,diaminobutyricibacter tongyongensis
Zotu1273,0.050109,0.090715,0.009519,0.313566,0.0,0.0,0.009419,0.009421,bacteria,actinomycetota,rubrobacteria,rubrobacterales,rubrobacteraceae,rubrobacter,rubrobacter naiadicus
Zotu1274,0.040087,0.00648,0.04442,0.003074,0.175256,0.101549,0.028256,0.0,bacteria,chloroflexota,chloroflexota,chloroflexota,chloroflexota,thermobaculum,thermobaculum terrenum
Zotu1275,0.003341,0.0,0.006346,0.003074,0.006491,0.003173,0.0,0.00314,bacteria,actinomycetota,thermoleophilia,solirubrobacterales,baekduiaceae,baekduia,baekduia soli
Zotu1276,0.0,0.0,0.0,0.258231,0.0,0.0,0.0,0.0,bacteria,bacillota,clostridia,eubacteriales,peptococcaceae,desulforamulus,desulforamulus ferrireducens
Zotu1277,0.0,0.0,0.0,0.0,0.0,0.0,0.0,0.0,bacteria,gemmatimonadota,longimicrobiia,longimicrobiales,longimicrobiaceae,longimicrobium,longimicrobium terrae
Zotu1278,0.0,0.0,0.003173,0.003074,0.003245,0.0,0.00314,0.00314,bacteria,pseudomonadota,gammaproteobacteria,xanthomonadales,xanthomonadaceae,lysobacter,lysobacter yangpyeongensis
Zotu1279,0.006681,0.0,0.0,0.0,0.0,0.0,0.0,0.282619,bacteria,pseudomonadota,betaproteobacteria,burkholderiales,oxalobacteraceae,oxalicibacterium,oxalicibacterium horti
Zotu1280,0.003341,0.00324,0.0,0.003074,0.003245,0.034907,0.0,0.00314,bacteria,actinomycetota,rubrobacteria,gaiellales,gaiellaceae,gaiella,gaiella occulta
Zotu1281,0.0,0.0,0.0,0.0,0.204466,0.171363,0.100465,0.00314,bacteria,planctomycetota,phycisphaerae,tepidisphaerales,tepidisphaeraceae,tepidisphaera,tepidisphaera mucosa
Zotu1282,0.003341,0.00324,0.0,0.003074,0.006491,0.003173,0.00314,0.0,bacteria,actinomycetota,thermoleophilia,solirubrobacterales,baekduiaceae,baekduia,baekduia soli
Zotu1283,0.0,0.009719,0.0,0.0,0.0,0.0,0.0,0.0,bacteria,pseudomonadota,alphaproteobacteria,sphingomonadales,sphingomonadaceae,sphingopyxis,sphingopyxis macrogoltabida
Zotu1284,0.043427,0.00324,0.095187,0.003074,0.006491,0.006347,0.006279,0.0,bacteria,verrucomicrobiota,verrucomicrobiae,verrucomicrobiales,verrucomicrobia subdivision 3,pedosphaera,pedosphaera parvula
Zotu1285,0.003341,0.0,0.003173,0.0,0.0,0.0,0.0,0.018841,bacteria,actinomycetota,actinomycetes,frankiales,frankiaceae,parafrankia,parafrankia discariae
Zotu1286,0.0,0.00324,0.0,0.003074,0.061664,0.015867,0.00314,0.00314,bacteria,actinomycetota,rubrobacteria,gaiellales,gaiellaceae,gaiella,gaiella occulta
Zotu1287,0.0,0.00324,0.0,0.003074,0.0,0.0,0.00314,0.0,bacteria,bacteroidota,chitinophagia,chitinophagales,chitinophagaceae,ilyomonas,ilyomonas limi
Zotu1288,0.016703,0.038878,0.050766,0.316641,0.188238,0.006347,0.031395,0.0,bacteria,chloroflexota,chloroflexia,kallotenuales,kallotenuaceae,kallotenue,kallotenue papyrolyticum
Zotu1289,0.0,0.0,0.0,0.006148,0.0,0.0,0.0,0.015701,bacteria,actinomycetota,actinomycetes,propionibacteriales,nocardioidaceae,nocardioides,nocardioides iriomotensis
Zotu1290,0.003341,0.00324,0.012692,0.37505,0.012982,0.069815,0.097325,0.00628,bacteria,actinomycetota,thermoleophilia,solirubrobacterales,solirubrobacteraceae,solirubrobacter,solirubrobacter phytolaccae
Zotu1291,0.0,0.0,0.0,0.003074,0.0,0.0,0.0,0.0,bacteria,bacteroidota,flavobacteriia,flavobacteriales,weeksellaceae,epilithonimonas,epilithonimonas vandammei
Zotu1292,0.113579,0.048597,0.0,0.003074,0.090874,0.0,0.00314,0.00314,bacteria,pseudomonadota,alphaproteobacteria,rhodospirillales,azospirillaceae,azospirillum,azospirillum doebereinerae
Zotu1293,0.0,0.0,0.0,0.0,0.0,0.0,0.0,0.0,bacteria,bacillota,bacilli,bacillales,bacillaceae,bacillus,bacillus asahii
Zotu1295,0.0,0.0,0.0,0.0,0.0,0.012694,0.0,0.0,bacteria,actinomycetota,nitriliruptoria,euzebyales,euzebyaceae,euzebya,euzebya pacifica
Zotu1296,0.026725,0.009719,0.047593,0.003074,0.003245,0.0,0.0,0.0,bacteria,actinomycetota,rubrobacteria,rubrobacterales,rubrobacteraceae,rubrobacter,rubrobacter xylanophilus
Zotu1297,0.0,0.0,0.0,0.0,0.0,0.0,0.0,0.0,bacteria,bacillota,clostridia,eubacteriales,oscillospiraceae,vescimonas,vescimonas coprocola
Zotu1298,0.0,0.0,0.003173,0.003074,0.0,0.003173,0.0,0.059664,bacteria,bacteroidota,cytophagia,cytophagales,spirosomataceae,telluribacter,telluribacter humicola
Zotu1299,0.0,0.0,0.003173,0.230563,0.074646,0.003173,0.0,0.0,bacteria,actinomycetota,rubrobacteria,rubrobacterales,rubrobacteraceae,rubrobacter,rubrobacter xylanophilus
Zotu1300,0.0,0.0,0.0,0.0,0.0,0.0,0.0,0.0,bacteria,pseudomonadota,gammaproteobacteria,oceanospirillales,halomonadaceae,halovibrio,halovibrio denitrificans
Zotu1301,0.006681,0.012959,0.041248,0.245934,0.0,0.006347,0.025116,0.012561,bacteria,actinomycetota,actinomycetes,streptosporangiales,treboniaceae,trebonia,trebonia kvetii
Zotu1302,0.0,0.087475,0.295079,0.0,0.058419,0.0,0.0,0.0,archaea,methanobacteriota,thermoplasmata,methanomassiliicoccales,methanomassiliicoccaceae,methanomassiliicoccus,methanomassiliicoccus luminyensis
Zotu1303,0.003341,0.00324,0.0,0.006148,0.016227,0.428408,0.053372,0.025122,bacteria,actinomycetota,rubrobacteria,gaiellales,gaiellaceae,gaiella,gaiella occulta
Zotu1304,0.0,0.0,0.0,0.0,0.061664,0.041254,0.00314,0.021981,bacteria,actinomycetota,rubrobacteria,gaiellales,gaiellaceae,gaiella,gaiella occulta
Zotu1305,0.0,0.0,0.0,0.0,0.0,0.0,0.0,0.0,bacteria,bacteroidota,cytophagia,cytophagales,hymenobacteraceae,rufibacter,rufibacter hautae
Zotu1307,0.003341,0.0,0.0,0.003074,0.0,0.0,0.00314,0.0,bacteria,chloroflexota,anaerolineae,anaerolineales,anaerolineaceae,thermomarinilinea,thermomarinilinea lacunifontana
Zotu1308,0.0,0.00324,0.003173,0.003074,0.003245,0.0,0.0,0.040823,bacteria,pseudomonadota,alphaproteobacteria,sphingomonadales,sphingosinicellaceae,sandaracinobacter,sandaracinobacter neustonicus
Zotu1309,0.0,0.0,0.0,0.0,0.0,0.0,0.0,0.0,archaea,methanobacteriota,methanococci,methanococcales,methanocaldococcaceae,methanocaldococcus,methanocaldococcus indicus
Zotu1310,0.100217,0.077755,0.0,0.0,0.003245,0.041254,0.00314,0.00628,bacteria,chloroflexota,tepidiformia,tepidiformales,tepidiformaceae,tepidiforma,tepidiforma bonchosmolovskayae
Zotu1311,0.006681,0.0,0.0,0.0,0.305076,0.028561,0.0,0.0,bacteria,chloroflexota,thermoflexia,thermoflexales,thermoflexaceae,thermoflexus,thermoflexus hugenholtzii
Zotu1312,0.0,0.0,0.003173,0.003074,0.0,0.006347,0.0,0.025122,bacteria,bacteroidota,cytophagia,cytophagales,cytophagaceae,edaphorhabdus,edaphorhabdus rosea
Zotu1313,0.0,0.0,0.0,0.003074,0.0,0.003173,0.0,0.040823,bacteria,bacteroidota,chitinophagia,chitinophagales,chitinophagaceae,segetibacter,segetibacter aerophilus
Zotu1314,0.0,0.0,0.003173,0.0,0.0,0.0,0.0,0.0,bacteria,bacillota,bacilli,bacillales,bacillales family x. incertae sedis,brockia,brockia lithotrophica
Zotu1315,0.0,0.00324,0.0,0.003074,0.0,0.0,0.00314,0.021981,bacteria,verrucomicrobiota,verrucomicrobiae,verrucomicrobiales,verrucomicrobia subdivision 3,pedosphaera,pedosphaera parvula
Zotu1316,0.036746,0.16523,0.149126,0.178302,0.003245,0.006347,0.0,0.00314,bacteria,acidobacteriota,vicinamibacteria,vicinamibacterales,vicinamibacteraceae,luteitalea,luteitalea pratensis
Zotu1317,0.0,0.009719,0.0,0.0,0.0,0.015867,0.0,0.009421,bacteria,actinomycetota,thermoleophilia,solirubrobacterales,capillimicrobiaceae,capillimicrobium,capillimicrobium parvum
Zotu1318,0.063471,0.012959,0.0,0.0,0.0,0.0,0.0,0.00314,bacteria,pseudomonadota,gammaproteobacteria,chromatiales,ectothiorhodospiraceae,inmirania,inmirania thermothiophila
Zotu1319,0.0,0.00324,0.0,0.0,0.0,0.0,0.0,0.00314,bacteria,actinomycetota,actinomycetes,propionibacteriales,kribbellaceae,kribbella,kribbella antibiotica
Zotu1320,0.0,0.0,0.0,0.0,0.0,0.488703,0.0,0.072225,bacteria,bacteroidota,chitinophagia,chitinophagales,chitinophagaceae,flavisolibacter,flavisolibacter galbus
Zotu1321,0.0,0.0,0.0,0.0,0.003245,0.0,0.0,0.00314,bacteria,bacillota,bacilli,bacillales,planococcaceae,paenisporosarcina,paenisporosarcina indica
Zotu1322,0.0,0.0,0.0,0.0,0.0,0.003173,0.0,0.065944,bacteria,bacteroidota,cytophagia,cytophagales,hymenobacteraceae,adhaeribacter,adhaeribacter aquaticus
Zotu1323,0.0,0.0,0.003173,0.0,0.0,0.0,0.0,0.0,bacteria,gemmatimonadota,longimicrobiia,longimicrobiales,longimicrobiaceae,longimicrobium,longimicrobium terrae
Zotu1324,0.003341,0.012959,0.0,0.006148,0.243412,0.069815,0.113023,0.018841,bacteria,nitrospirota,nitrospira,nitrospirales,nitrospiraceae,nitrospira,nitrospira enrichment
Zotu1325,0.0,0.0,0.0,0.0,0.0,0.0,0.0,0.00314,bacteria,actinomycetota,actinomycetes,geodermatophilales,geodermatophilaceae,blastococcus,blastococcus aggregatus
Zotu1326,0.624687,0.042118,0.003173,0.0,0.003245,0.0,0.00314,0.00314,bacteria,bacteroidota,chitinophagia,chitinophagales,chitinophagaceae,lacibacter,lacibacter cauensis
Zotu1327,0.020043,0.048597,0.0,0.408866,0.0357,0.041254,0.00314,0.0,bacteria,actinomycetota,rubrobacteria,rubrobacterales,rubrobacteraceae,rubrobacter,rubrobacter naiadicus
Zotu1328,0.103558,0.242986,0.0,0.003074,0.003245,0.0,0.025116,0.0,bacteria,chloroflexota,chloroflexia,chloroflexales,roseiflexaceae,kouleothrix,kouleothrix aurantiaca
Zotu1329,0.0,0.0,0.0,0.0,0.0,0.0,0.0,0.0,bacteria,verrucomicrobiota,verrucomicrobiae,limisphaerales,limisphaeraceae,limisphaera,limisphaera ngatamarikiensis
Zotu1330,0.0,0.00324,0.0,0.0,0.0,0.0,0.0,0.0,bacteria,pseudomonadota,alphaproteobacteria,rhodospirillales,azospirillaceae,azospirillum,azospirillum rugosum
Zotu1331,0.030065,0.074516,0.04442,0.003074,0.0357,0.003173,0.00314,0.0,bacteria,thermodesulfobacteriota,syntrophobacteria,syntrophobacterales,syntrophobacteraceae,desulfosoma,desulfosoma caldarium
Zotu1332,0.0,0.0,0.0,0.0,0.003245,0.0,0.00314,0.00628,bacteria,pseudomonadota,betaproteobacteria,ferritrophicales,ferritrophicaceae,ferritrophicum,ferritrophicum radicicola
Zotu1333,0.003341,0.0,0.0,0.0,0.003245,0.0,0.0,0.241796,bacteria,bacteroidota,cytophagia,cytophagales,hymenobacteraceae,adhaeribacter,adhaeribacter aquaticus
Zotu1334,0.003341,0.012959,0.0,0.003074,0.0,0.107895,0.00314,0.0,bacteria,actinomycetota,actinomycetes,kitasatosporales,streptomycetaceae,streptomyces,streptomyces echinoruber
Zotu1335,0.080174,0.016199,0.006346,0.328937,0.0,0.00952,0.043953,0.021981,bacteria,acidobacteriota,vicinamibacteria,vicinamibacterales,vicinamibacteraceae,luteitalea,luteitalea pratensis
Zotu1336,0.0,0.0,0.0,0.003074,0.0,0.003173,0.00314,0.00314,bacteria,pseudomonadota,alphaproteobacteria,hyphomicrobiales,aestuariivirgaceae,aestuariivirga,aestuariivirga litoralis
Zotu1337,0.0,0.0,0.0,0.0,0.0,0.0,0.0,0.0,bacteria,bacteroidota,chitinophagia,chitinophagales,chitinophagaceae,flavisolibacter,flavisolibacter rigui
Zotu1338,0.0,0.00648,0.0,0.003074,0.0,0.003173,0.0,0.0,bacteria,pseudomonadota,alphaproteobacteria,hyphomicrobiales,methylocystaceae,methylocystis,methylocystis echinoides
Zotu1339,0.0,0.0,0.0,0.0,0.0,0.0,0.0,0.0,bacteria,pseudomonadota,betaproteobacteria,burkholderiales,burkholderiaceae,chitinimonas,chitinimonas taiwanensis
Zotu1340,0.0,0.0,0.0,0.0,0.0,0.003173,0.012558,0.00314,bacteria,pseudomonadota,alphaproteobacteria,hyphomicrobiales,xanthobacteraceae,pseudolabrys,pseudolabrys taiwanensis
Zotu1341,0.220478,0.087475,0.0,0.0,0.058419,0.0,0.009419,0.00314,bacteria,acidobacteriota,vicinamibacteria,vicinamibacterales,vicinamibacteraceae,luteitalea,luteitalea pratensis
Zotu1342,0.0,0.0,0.0,0.0,0.0,0.0,0.0,0.0,bacteria,actinomycetota,actinomycetes,micromonosporales,micromonosporaceae,hamadaea,hamadaea flava
Zotu1343,0.010022,0.00324,0.0,0.0,0.0,0.0,0.00314,0.00628,bacteria,acidobacteriota,vicinamibacteria,vicinamibacterales,vicinamibacteraceae,vicinamibacter,vicinamibacter silvestris
Zotu1344,0.0,0.00324,0.0,0.0,0.0,0.0,0.0,0.0,bacteria,actinomycetota,rubrobacteria,gaiellales,gaiellaceae,gaiella,gaiella occulta
Zotu1345,0.0,0.00324,0.0,0.0,0.0,0.003173,0.00314,0.00314,bacteria,myxococcota,myxococcota,haliangiales,kofleriaceae,haliangium,haliangium ochraceum
Zotu1346,0.046768,0.217067,0.031729,0.009223,0.003245,0.003173,0.00314,0.0,bacteria,thermodesulfobacteriota,thermodesulfobacteria,thermodesulfobacteriales,thermodesulfatatoraceae,thermodesulfatator,thermodesulfatator atlanticus
Zotu1347,0.003341,0.00324,0.0,0.0,0.0,0.006347,0.134999,0.0,archaea,methanobacteriota,thermoplasmata,methanomassiliicoccales,methanomassiliicoccaceae,methanomassiliicoccus,candidatus methanomassiliicoccus intestinalis
Zotu1348,0.0,0.0,0.0,0.0,0.0,0.003173,0.00314,0.0,bacteria,myxococcota,myxococcia,myxococcales,myxococcaceae,simulacricoccus,simulacricoccus ruber
Zotu1349,0.0,0.0,0.003173,0.0,0.003245,0.0,0.00314,0.0,bacteria,planctomycetota,planctomycetia,gemmatales,gemmataceae,zavarzinella,zavarzinella formosa
Zotu1350,0.003341,0.0,0.0,0.0,0.0,0.095202,0.0,0.0,bacteria,planctomycetota,planctomycetia,gemmatales,gemmataceae,zavarzinella,zavarzinella formosa
Zotu1352,0.0,0.00324,0.003173,0.0,0.003245,0.0,0.00314,0.0,bacteria,planctomycetota,planctomycetia,gemmatales,gemmataceae,gemmata,gemmata palustris
Zotu1353,0.0,0.00324,0.0,0.003074,0.0,0.041254,0.0,0.0,bacteria,acidobacteriota,vicinamibacteria,vicinamibacterales,vicinamibacteraceae,vicinamibacter,vicinamibacter silvestris
Zotu1354,0.023384,0.077755,0.0,0.295121,0.0,0.114242,0.006279,0.00314,bacteria,planctomycetota,planctomycetia,gemmatales,gemmataceae,fimbriiglobus,fimbriiglobus ruber
Zotu1355,0.003341,0.0,0.003173,0.0,0.003245,0.0,0.0,0.009421,bacteria,actinomycetota,acidimicrobiia,acidimicrobiales,acidimicrobiaceae,aciditerrimonas,aciditerrimonas ferrireducens
Zotu1356,0.003341,0.0,0.0,0.006148,0.0,0.0,0.00314,0.285759,bacteria,bacteroidota,chitinophagia,chitinophagales,chitinophagaceae,segetibacter,segetibacter koreensis
Zotu1357,0.003341,0.012959,0.003173,0.003074,0.003245,0.003173,0.0,0.00314,bacteria,acidobacteriota,vicinamibacteria,vicinamibacterales,vicinamibacteraceae,vicinamibacter,vicinamibacter silvestris
Zotu1358,0.0,0.00324,0.0,0.0,0.0,0.0,0.0,0.00314,bacteria,chloroflexota,caldilineae,caldilineales,caldilineaceae,litorilinea,litorilinea aerophila
Zotu1359,0.003341,0.0,0.0,0.0,0.0,0.00952,0.00314,0.00314,bacteria,actinomycetota,actinomycetia,pseudonocardiales,pseudonocardiaceae,saccharomonospora,saccharomonospora cyanea
Zotu1360,0.0,0.0,0.0,0.0,0.0,0.0,0.0,0.00314,bacteria,bacillota,bacilli,lactobacillales,streptococcaceae,streptococcus,streptococcus mitis
Zotu1362,0.0,0.0,0.0,0.009223,0.107101,0.047601,0.087907,0.031402,bacteria,actinomycetota,nitriliruptoria,euzebyales,euzebyaceae,euzebya,euzebya pacifica
Zotu1363,0.003341,0.042118,0.0,0.0,0.0,0.038081,0.00314,0.018841,bacteria,thermomicrobiota,thermomicrobia,sphaerobacterales,sphaerobacteraceae,sphaerobacter,sphaerobacter thermophilus
Zotu1364,0.063471,0.142552,0.168163,0.0,0.084383,0.00952,0.00314,0.00314,bacteria,actinomycetota,actinomycetes,propionibacteriales,kribbellaceae,kribbella,kribbella solani
Zotu1365,0.0,0.0,0.0,0.178302,0.003245,0.0,0.0,0.00314,bacteria,pseudomonadota,betaproteobacteria,burkholderiales,burkholderiales,thiobacter,thiobacter subterraneus
Zotu1366,0.0,0.00324,0.003173,0.003074,0.0,0.003173,0.0,0.053384,bacteria,bacteroidota,chitinophagia,chitinophagales,chitinophagaceae,sediminibacterium,sediminibacterium salmoneum
Zotu1367,0.0,0.0,0.0,0.0,0.0,0.003173,0.00314,0.018841,bacteria,actinomycetota,actinomycetes,pseudonocardiales,pseudonocardiaceae,allokutzneria,allokutzneria oryzae
Zotu1368,0.086855,0.097194,0.333154,0.0,0.0,0.025387,0.0,0.00314,bacteria,actinomycetota,thermoleophilia,thermoleophilales,thermoleophilaceae,thermoleophilum,thermoleophilum album
Zotu1369,0.0,0.0,0.0,0.0,0.0,0.003173,0.125581,0.263778,bacteria,bacteroidota,chitinophagia,chitinophagales,chitinophagaceae,flavisolibacter,flavisolibacter metallilatus
Zotu1370,0.0,0.0,0.0,0.0,0.0,0.0,0.0,0.0,bacteria,actinomycetota,nitriliruptoria,egibacterales,egibacteraceae,egibacter,egibacter rhizosphaerae
Zotu1371,0.0,0.00324,0.0,0.0,0.0,0.0,0.00314,0.0,bacteria,bacteroidota,cytophagia,cytophagales,hymenobacteraceae,adhaeribacter,adhaeribacter aquaticus
Zotu1372,0.003341,0.0,0.006346,0.0,0.0,0.006347,0.00314,0.0,bacteria,pseudomonadota,alphaproteobacteria,rhodospirillales,dongiaceae,aliidongia,aliidongia dinghuensis
Zotu1373,0.0,0.00648,0.003173,0.0,0.006491,0.006347,0.0,0.0,bacteria,actinomycetota,actinomycetes,kitasatosporales,streptomycetaceae,streptomyces,streptomyces albiaxialis
Zotu1374,0.0,0.0,0.0,0.0,0.0,0.0,0.021977,0.0,bacteria,gemmatimonadota,longimicrobiia,longimicrobiales,longimicrobiaceae,longimicrobium,longimicrobium terrae
Zotu1375,0.0,0.0,0.0,0.003074,0.0,0.0,0.021977,0.012561,bacteria,gemmatimonadota,longimicrobiia,longimicrobiales,longimicrobiaceae,longimicrobium,longimicrobium terrae
Zotu1376,0.06013,0.116633,0.0,0.405792,0.074646,0.0,0.0,0.00314,bacteria,planctomycetota,planctomycetia,planctomycetales,planctomycetaceae,thalassoroseus,thalassoroseus pseudoceratinae
Zotu1377,0.0,0.0,0.0,0.0,0.0,0.003173,0.0,0.043963,bacteria,actinomycetota,actinomycetes,propionibacteriales,nocardioidaceae,nocardioides,nocardioides marmoriterrae
Zotu1378,0.511107,0.0,0.0,0.003074,0.006491,0.0,0.006279,0.00628,bacteria,pseudomonadota,gammaproteobacteria,steroidobacterales,steroidobacteraceae,povalibacter,povalibacter uvarum
Zotu1379,0.006681,0.009719,0.003173,0.003074,0.0,0.0,0.034535,0.00314,bacteria,bacillota,clostridia,eubacteriales,symbiobacteriaceae,symbiobacterium,symbiobacterium terraclitae
Zotu1380,0.0,0.0,0.0,0.0,0.0,0.0,0.0,0.025122,bacteria,bacillota,clostridia,eubacteriales,symbiobacteriaceae,symbiobacterium,symbiobacterium terraclitae
Zotu1381,0.003341,0.0,0.0,0.0,0.003245,0.0,0.0,0.059664,bacteria,actinomycetota,acidimicrobiia,acidimicrobiales,iamiaceae,rhabdothermincola,rhabdothermincola sediminis
Zotu1382,0.0,0.0,0.0,0.0,0.0,0.003173,0.0,0.0,bacteria,bacillota,bacilli,bacillales,paenibacillaceae,paenibacillus,paenibacillus antri
Zotu1383,0.0,0.0,0.0,0.003074,0.0,0.0,0.0,0.0,bacteria,thermomicrobiota,thermomicrobia,sphaerobacterales,sphaerobacteraceae,sphaerobacter,sphaerobacter thermophilus
Zotu1384,0.0,0.0,0.003173,0.0,0.003245,0.0,0.0,0.0,bacteria,actinomycetota,rubrobacteria,gaiellales,gaiellaceae,gaiella,gaiella occulta
Zotu1385,0.003341,0.0,0.0,0.003074,0.0,0.003173,0.091046,0.040823,bacteria,chloroflexota,chloroflexia,kallotenuales,kallotenuaceae,kallotenue,kallotenue papyrolyticum
Zotu1386,0.0,0.0,0.0,0.0,0.003245,0.006347,0.0,0.018841,bacteria,bacillota,bacilli,bacillales,planococcaceae,planococcus,planococcus psychrotoleratus
Zotu1387,0.013362,0.019439,0.003173,0.0,0.0,0.003173,0.006279,0.009421,bacteria,pseudomonadota,gammaproteobacteria,steroidobacterales,steroidobacteraceae,povalibacter,povalibacter uvarum
Zotu1388,0.006681,0.0,0.003173,0.003074,0.0,0.003173,0.006279,0.012561,bacteria,thermodesulfobacteriota,desulfuromonadia,desulfuromonadales,desulfuromonadaceae,pelobacter,pelobacter seleniigenes
Zotu1389,0.0,0.00324,0.003173,0.0,0.0,0.0,0.0,0.204114,bacteria,pseudomonadota,alphaproteobacteria,rhodobacterales,roseobacteraceae,rubellimicrobium,rubellimicrobium mesophilum
Zotu1390,0.263905,0.051837,0.0,0.0,0.116838,0.0,0.009419,0.0,bacteria,pseudomonadota,alphaproteobacteria,hyphomicrobiales,xanthobacteraceae,pseudolabrys,pseudolabrys taiwanensis
Zotu1391,0.0,0.0,0.0,0.003074,0.0,0.0,0.0,0.0,bacteria,actinomycetota,acidimicrobiia,acidimicrobiales,acidimicrobiaceae,aciditerrimonas,aciditerrimonas ferrireducens
Zotu1392,0.0,0.0,0.006346,0.0,0.003245,0.0,0.00314,0.034542,bacteria,pseudomonadota,alphaproteobacteria,sphingomonadales,sphingosinicellaceae,sphingosinicella,sphingosinicella humi
Zotu1393,0.0,0.0,0.003173,0.006148,0.0,0.003173,0.0,0.00628,bacteria,actinomycetota,thermoleophilia,solirubrobacterales,conexibacteraceae,conexibacter,conexibacter arvalis
Zotu1394,0.0,0.0,0.003173,0.0,0.0,0.031734,0.015698,0.043963,bacteria,bacillota,bacilli,bacillales,paenibacillaceae,paenibacillus,paenibacillus antri
Zotu1395,0.0,0.0,0.0,0.0,0.0,0.0,0.0,0.0,bacteria,actinomycetota,actinomycetes,kineosporiales,kineosporiaceae,kineococcus,kineococcus radiotolerans
Zotu1396,0.0,0.0,0.012692,0.159857,0.204466,0.034907,0.056511,0.015701,bacteria,actinomycetota,rubrobacteria,gaiellales,gaiellaceae,gaiella,gaiella occulta
Zotu1397,0.0,0.00324,0.003173,0.0,0.071401,0.231658,0.072209,0.00628,bacteria,planctomycetota,planctomycetia,pirellulales,thermoguttaceae,thermogutta,thermogutta terrifontis
Zotu1398,0.016703,0.022679,0.031729,0.488795,0.025964,0.012694,0.018837,0.00314,bacteria,actinomycetota,rubrobacteria,rubrobacterales,rubrobacteraceae,rubrobacter,rubrobacter spartanus
Zotu1399,0.003341,0.0,0.0,0.0,0.0,0.0,0.0,0.0,bacteria,verrucomicrobiota,verrucomicrobiae,verrucomicrobiales,verrucomicrobia subdivision 3,pedosphaera,pedosphaera parvula
Zotu1400,0.003341,0.019439,0.003173,0.009223,0.0,0.0,0.0,0.009421,bacteria,bacillota,bacilli,bacillales,bacillaceae,metabacillus,metabacillus niabensis
Zotu1401,0.093536,0.155511,0.003173,0.003074,0.090874,0.0,0.0,0.00628,bacteria,pseudomonadota,alphaproteobacteria,hyphomicrobiales,nitrobacteraceae,afipia,afipia carboxidovorans
Zotu1402,0.0,0.00324,0.0,0.006148,0.0,0.01904,0.00314,0.025122,bacteria,actinomycetota,thermoleophilia,solirubrobacterales,solirubrobacteraceae,solirubrobacter,solirubrobacter taibaiensis
Zotu1403,0.003341,0.0,0.104705,0.003074,0.097365,0.139629,0.169534,0.018841,bacteria,acidobacteriota,blastocatellia,blastocatellales,arenimicrobiaceae,brevitalea,brevitalea aridisoli
Zotu1404,0.0,0.0,0.0,0.003074,0.0,0.0,0.0,0.0,bacteria,verrucomicrobiota,spartobacteria,chthoniobacterales,chthoniobacteraceae,chthoniobacter,chthoniobacter flavus
Zotu1405,0.0,0.0,0.0,0.0,0.003245,0.0,0.034535,0.0,bacteria,planctomycetota,planctomycetia,pirellulales,pirellulaceae,candidatus anammoximicrobium,candidatus anammoximicrobium moscowii
Zotu1406,0.0,0.0,0.003173,0.427311,0.003245,0.041254,0.006279,0.0,bacteria,acidobacteriota,acidobacteriia,acidobacteriales,acidobacteriaceae,candidatus koribacter,candidatus koribacter versatilis
Zotu1407,0.300651,0.0,0.006346,0.003074,0.0,0.0,0.0,0.00314,bacteria,chloroflexota,anaerolineae,anaerolineales,anaerolineaceae,thermanaerothrix,thermanaerothrix daxensis
Zotu1408,0.0,0.0,0.0,0.0,0.0,0.0,0.0,0.0,bacteria,mycoplasmatota,mollicutes,entomoplasmatales,entomoplasmataceae,entomoplasma,entomoplasma freundtii
Zotu1409,0.0,0.0,0.0,0.0,0.006491,0.0,0.0,0.0,bacteria,myxococcota,myxococcia,myxococcales,myxococcaceae,simulacricoccus,simulacricoccus ruber
Zotu1410,0.0,0.0,0.0,0.0,0.0,0.0,0.0,0.106767,bacteria,bacteroidota,chitinophagia,chitinophagales,chitinophagaceae,flavisolibacter,flavisolibacter galbus
Zotu1411,0.0,0.00648,0.0,0.003074,0.0,0.0,0.00314,0.0,bacteria,myxococcota,myxococcia,myxococcales,anaeromyxobacteraceae,anaeromyxobacter,anaeromyxobacter dehalogenans
Zotu1412,0.006681,0.077755,0.038075,0.252083,0.003245,0.034907,0.0,0.0,bacteria,thermomicrobiota,thermomicrobia,thermomicrobiales,thermomicrobiaceae,thermalbibacter,thermalbibacter longus
Zotu1413,0.133623,0.090715,0.041248,0.006148,0.003245,0.003173,0.0,0.0,bacteria,verrucomicrobiota,verrucomicrobiae,limisphaerales,fontisphaeraceae,fontisphaera,fontisphaera persica
Zotu1414,0.0,0.00324,0.0,0.0,0.0,0.0,0.0,0.012561,bacteria,pseudomonadota,betaproteobacteria,nitrosomonadales,nitrosomonadaceae,nitrosovibrio,nitrosovibrio tenuis
Zotu1415,0.0,0.0,0.0,0.0,0.0,0.0,0.00314,0.0,bacteria,actinomycetota,actinomycetes,micrococcales,microbacteriaceae,microbacterium,microbacterium testaceum
Zotu1416,0.0,0.00324,0.012692,0.0,0.0,0.0,0.0,0.0,bacteria,actinomycetota,acidimicrobiia,acidimicrobiales,acidimicrobiaceae,aciditerrimonas,aciditerrimonas ferrireducens
Zotu1417,0.0,0.0,0.0,0.0,0.0,0.0,0.021977,0.028262,bacteria,gemmatimonadota,longimicrobiia,longimicrobiales,longimicrobiaceae,longimicrobium,longimicrobium terrae
Zotu1418,0.0,0.0,0.0,0.442682,0.0,0.003173,0.006279,0.0,bacteria,bacillota,clostridia,eubacteriales,symbiobacteriaceae,symbiobacterium,symbiobacterium terraclitae
Zotu1419,0.006681,0.0,0.025383,0.003074,0.0,0.041254,0.0,0.00314,bacteria,actinomycetota,acidimicrobiia,acidimicrobiales,iamiaceae,rhabdothermincola,rhabdothermincola sediminis
Zotu1420,0.263905,0.123113,0.012692,0.0,0.162274,0.003173,0.012558,0.009421,bacteria,actinomycetota,nitriliruptoria,egibacterales,egibacteraceae,egibacter,egibacter rhizosphaerae
Zotu1421,0.0,0.00324,0.053939,0.006148,0.327794,0.104722,0.078488,0.00314,bacteria,actinomycetota,actinomycetes,kitasatosporales,streptomycetaceae,allostreptomyces,allostreptomyces indica
Zotu1422,0.0,0.00324,0.0,0.0,0.0,0.0,0.0,0.00314,bacteria,bacteroidota,flavobacteriia,flavobacteriales,weeksellaceae,moheibacter,moheibacter stercoris
Zotu1423,0.0,0.0,0.0,0.003074,0.0,0.003173,0.0,0.050243,bacteria,bacillota,bacilli,bacillales,planococcaceae,ureibacillus,ureibacillus massiliensis
Zotu1424,0.003341,0.0,0.0,0.0,0.0,0.0,0.0,0.0,bacteria,verrucomicrobiota,verrucomicrobiae,limisphaerales,limisphaeraceae,limisphaera,limisphaera ngatamarikiensis
Zotu1425,0.0,0.0,0.0,0.0,0.0,0.003173,0.0,0.00628,bacteria,pseudomonadota,alphaproteobacteria,hyphomicrobiales,beijerinckiaceae,methylorosula,methylorosula polaris
Zotu1426,0.0,0.0,0.003173,0.0,0.003245,0.0,0.00314,0.043963,bacteria,pseudomonadota,alphaproteobacteria,rhodobacterales,roseobacteraceae,rubellimicrobium,rubellimicrobium aerolatum
Zotu1427,0.0,0.0,0.0,0.0,0.0,0.0,0.0,0.0,bacteria,actinomycetota,acidimicrobiia,acidimicrobiales,iamiaceae,aquihabitans,aquihabitans daechungensis
Zotu1428,0.0,0.0,0.0,0.0,0.0,0.0,0.00314,0.084786,bacteria,pseudomonadota,alphaproteobacteria,sphingomonadales,erythrobacteraceae,erythrobacter,erythrobacter ramosus
Zotu1429,0.0,0.00324,0.0,0.0,0.0,0.0,0.0,0.031402,bacteria,bacteroidota,cytophagia,cytophagales,hymenobacteraceae,adhaeribacter,adhaeribacter aerophilus
Zotu1430,0.076833,0.126353,0.14278,0.003074,0.045437,0.123762,0.113023,0.0,bacteria,acidobacteriota,vicinamibacteria,vicinamibacterales,vicinamibacteraceae,vicinamibacter,vicinamibacter silvestris
Zotu1431,0.003341,0.0,0.0,0.003074,0.003245,0.003173,0.006279,0.0,bacteria,chloroflexota,chloroflexia,kallotenuales,kallotenuaceae,kallotenue,kallotenue papyrolyticum
Zotu1432,0.0,0.0,0.038075,0.0,0.0,0.003173,0.00314,0.0,bacteria,rhodothermota,rhodothermia,rhodothermales,rhodothermaceae,rhodocaloribacter,rhodocaloribacter litoris
Zotu1433,0.0,0.0,0.0,0.0,0.0,0.0,0.0,0.00314,bacteria,pseudomonadota,alphaproteobacteria,hyphomicrobiales,methylobacteriaceae,microvirga,microvirga pudoricolor
Zotu1434,0.0,0.00324,0.0,0.0,0.0,0.0,0.075348,0.037683,bacteria,bacteroidota,chitinophagia,chitinophagales,chitinophagaceae,flavisolibacter,flavisolibacter ginsengiterrae
Zotu1435,0.0,0.0,0.0,0.0,0.0,0.0,0.0,0.0,bacteria,pseudomonadota,alphaproteobacteria,rhodospirillales,acetobacteraceae,paeniroseomonas,paeniroseomonas aquatica
Zotu1436,0.0,0.0,0.0,0.006148,0.003245,0.0,0.0,0.0,bacteria,actinomycetota,actinomycetes,propionibacteriales,propionibacteriaceae,propionibacterium,propionibacterium westphaliense
Zotu1437,0.0,0.0,0.0,0.0,0.0,0.0,0.0,0.0,archaea,nitrososphaerota,nitrososphaeria,nitrososphaerales,nitrososphaeraceae,candidatus nitrososphaera,candidatus nitrososphaera
Zotu1438,0.0,0.0,0.0,0.0,0.0,0.0,0.0,0.0,bacteria,bacteroidota,cytophagia,cytophagales,hymenobacteraceae,pontibacter,pontibacter korlensis
Zotu1439,0.0,0.00324,0.0,0.006148,0.0,0.015867,0.0,0.021981,bacteria,actinomycetota,thermoleophilia,solirubrobacterales,parviterribacteraceae,parviterribacter,parviterribacter kavangonensis
Zotu1440,0.0,0.0,0.0,0.0,0.0,0.0,0.0,0.0,bacteria,actinomycetota,thermoleophilia,thermoleophilales,thermoleophilaceae,thermoleophilum,thermoleophilum album
Zotu1441,0.0,0.0,0.0,0.0,0.0,0.003173,0.0,0.0,bacteria,pseudomonadota,alphaproteobacteria,sphingomonadales,sphingomonadaceae,sphingomonas,sphingomonas lutea
Zotu1442,0.003341,0.0,0.006346,0.0,0.0,0.003173,0.00314,0.0,bacteria,chloroflexota,caldilineae,caldilineales,caldilineaceae,litorilinea,litorilinea aerophila
Zotu1443,0.0,0.0,0.003173,0.006148,0.0,0.003173,0.0,0.0,bacteria,spirochaetota,spirochaetia,spirochaetales,treponemataceae,treponema,treponema maltophilum
Zotu1444,0.0,0.0,0.0,0.0,0.0,0.0,0.0,0.0,bacteria,pseudomonadota,alphaproteobacteria,rhodospirillales,acetobacteraceae,endobacter,endobacter medicaginis
Zotu1445,0.0,0.0,0.0,0.0,0.0,0.0,0.0,0.0,archaea,methanobacteriota,thermoplasmata,methanomassiliicoccales,methanomassiliicoccaceae,methanomassiliicoccus,candidatus methanomassiliicoccus intestinalis
Zotu1446,0.006681,0.00648,0.006346,0.003074,0.003245,0.066641,0.0,0.00314,bacteria,actinomycetota,actinomycetes,kitasatosporales,streptomycetaceae,streptomyces,streptomyces echinoruber
Zotu1447,0.0,0.0,0.003173,0.003074,0.003245,0.0,0.006279,0.012561,bacteria,verrucomicrobiota,opitutae,opitutales,opitutaceae,oleiharenicola,oleiharenicola alkalitolerans
Zotu1448,0.0,0.035638,0.0,0.0,0.0,0.0,0.00314,0.021981,bacteria,actinomycetota,thermoleophilia,solirubrobacterales,conexibacteraceae,conexibacter,conexibacter arvalis
Zotu1449,0.030065,0.071276,0.136434,0.150635,0.006491,0.069815,0.059651,0.00628,bacteria,actinomycetota,rubrobacteria,rubrobacterales,rubrobacteraceae,rubrobacter,rubrobacter radiotolerans
Zotu1450,0.0,0.0,0.003173,0.0,0.003245,0.0,0.0,0.00628,bacteria,bacillota,clostridia,eubacteriales,desulfotomaculaceae,desulfotomaculum,desulfotomaculum nigrificans
Zotu1451,0.0,0.0,0.0,0.0,0.0,0.0,0.0,0.0,bacteria,thermodesulfobacteriota,desulfuromonadia,desulfuromonadales,geothermobacteraceae,geothermobacter,geothermobacter hydrogeniphilus
Zotu1452,0.006681,0.0,0.0,0.0,0.0,0.0,0.006279,0.00314,bacteria,bacteroidota,chitinophagia,chitinophagales,chitinophagaceae,segetibacter,segetibacter koreensis
Zotu1453,0.0,0.427655,0.003173,0.0,0.0,0.0,0.0,0.0,bacteria,pseudomonadota,deltaproteobacteria,deltaproteobacteria,deltaproteobacteria,candidatus babela,delta proteobacterium babl1
Zotu1454,0.096877,0.00324,0.003173,0.0953,0.210957,0.028561,0.0,0.0,bacteria,chloroflexota,chloroflexota,chloroflexota,chloroflexota,thermobaculum,thermobaculum terrenum
Zotu1455,0.0,0.012959,0.0,0.0,0.081137,0.0,0.00314,0.00314,bacteria,pseudomonadota,deltaproteobacteria,desulfuromonadales,desulfuromonadaceae,pelobacter,pelobacter carbinolicus
Zotu1456,0.006681,0.0,0.003173,0.003074,0.279112,0.0,0.216627,0.009421,bacteria,actinomycetota,rubrobacteria,rubrobacterales,rubrobacteraceae,rubrobacter,rubrobacter naiadicus
Zotu1457,0.020043,0.00324,0.149126,0.003074,0.159029,0.0,0.00314,0.0,bacteria,bacillota,bacilli,bacillales,bacillales family x. incertae sedis,brockia,brockia lithotrophica
Zotu1458,0.006681,0.00648,0.003173,0.0,0.126574,0.003173,0.075348,0.053384,bacteria,pseudomonadota,alphaproteobacteria,hyphomicrobiales,methylobacteriaceae,microvirga,microvirga flocculans
Zotu1459,0.0,0.029158,0.126916,0.009223,0.292094,0.003173,0.00314,0.00314,bacteria,chloroflexota,caldilineae,caldilineales,caldilineaceae,litorilinea,litorilinea aerophila
Zotu1460,0.0,0.0,0.0,0.0,0.0,0.0,0.0,0.0,bacteria,bacillota,bacilli,lactobacillales,enterococcaceae,enterococcus,enterococcus cecorum
Zotu1461,0.0,0.0,0.0,0.0,0.0,0.0,0.00314,0.0,bacteria,planctomycetota,planctomycetia,gemmatales,gemmataceae,gemmata,gemmata massiliana
Zotu1462,0.0,0.0,0.0,0.0,0.0,0.0,0.0,0.0,bacteria,bacillota,clostridia,eubacteriales,thermincolaceae,thermincola,thermincola ferriacetica
Zotu1463,0.0,0.0,0.006346,0.003074,0.0,0.012694,0.069069,0.0,bacteria,chloroflexota,chloroflexia,kallotenuales,kallotenuaceae,kallotenue,kallotenue papyrolyticum
Zotu1464,0.0,0.0,0.0,0.0,0.0,0.0,0.0,0.0,bacteria,chloroflexota,caldilineae,caldilineales,caldilineaceae,caldilinea,caldilinea tarbellica
Zotu1465,0.003341,0.051837,0.057112,0.356605,0.003245,0.006347,0.0,0.0,bacteria,bacillota,clostridia,eubacteriales,symbiobacteriaceae,symbiobacterium,symbiobacterium terraclitae
Zotu1466,0.0,0.0,0.0,0.0,0.0,0.0,0.0,0.043963,bacteria,verrucomicrobiota,verrucomicrobiae,verrucomicrobiales,verrucomicrobia subdivision 3,pedosphaera,pedosphaera parvula
Zotu1467,0.020043,0.00324,0.003173,0.003074,0.188238,0.107895,0.012558,0.028262,bacteria,pseudomonadota,alphaproteobacteria,hyphomicrobiales,methylobacteriaceae,microvirga,microvirga flocculans
Zotu1468,0.0,0.00648,0.003173,0.0,0.003245,0.0,0.0,0.00314,bacteria,bacteroidota,flavobacteriia,flavobacteriales,weeksellaceae,moheibacter,moheibacter stercoris
Zotu1469,0.0,0.0,0.0,0.0,0.0,0.0,0.0,0.0,bacteria,actinomycetota,rubrobacteria,rubrobacterales,rubrobacteraceae,rubrobacter,rubrobacter naiadicus
Zotu1470,0.096877,0.042118,0.047593,0.009223,0.126574,0.063468,0.0,0.0,bacteria,pseudomonadota,alphaproteobacteria,rhodospirillales,acetobacteraceae,plastoroseomonas,plastoroseomonas hellenica
Zotu1471,0.0,0.0,0.0,0.0,0.006491,0.003173,0.0,0.0,bacteria,pseudomonadota,alphaproteobacteria,rhodospirillales,acetobacteraceae,pseudoroseomonas,pseudoroseomonas musae
Zotu1472,0.0,0.0,0.0,0.0,0.0,0.0,0.0,0.0,bacteria,mycoplasmatota,mollicutes,entomoplasmatales,spiroplasmataceae,spiroplasma,spiroplasma kunkelii
Zotu1473,0.0,0.016199,0.0,0.0,0.0,0.0,0.0,0.00314,bacteria,myxococcota,myxococcota,haliangiales,kofleriaceae,haliangium,haliangium ochraceum
Zotu1474,0.0,0.0,0.0,0.003074,0.003245,0.0,0.006279,0.00314,bacteria,actinomycetota,nitriliruptoria,euzebyales,euzebyaceae,euzebya,euzebya pacifica
Zotu1475,0.043427,0.589646,0.0,0.003074,0.0,0.0,0.00314,0.00314,bacteria,planctomycetota,planctomycetia,gemmatales,gemmataceae,zavarzinella,zavarzinella formosa
Zotu1476,0.0,0.00324,0.0,0.006148,0.022718,0.0,0.028256,0.00314,bacteria,actinomycetota,acidimicrobiia,acidimicrobiales,acidimicrobiaceae,aciditerrimonas,aciditerrimonas ferrireducens
Zotu1477,0.0,0.0,0.003173,0.0,0.0,0.0,0.0,0.0,bacteria,chloroflexota,anaerolineae,anaerolineales,anaerolineaceae,ornatilinea,ornatilinea apprima
Zotu1478,0.0,0.0,0.003173,0.0,0.0,0.0,0.0,0.0,bacteria,bacillota,bacilli,lactobacillales,enterococcaceae,enterococcus,enterococcus cecorum
Zotu1480,0.003341,0.0,0.0,0.003074,0.0,0.060294,0.025116,0.0,bacteria,actinomycetota,thermoleophilia,solirubrobacterales,parviterribacteraceae,parviterribacter,parviterribacter kavangonensis
Zotu1481,0.0,0.0,0.0,0.0,0.0,0.0,0.0,0.0,bacteria,bacteroidota,cytophagia,cytophagales,hymenobacteraceae,adhaeribacter,adhaeribacter aerolatus
Zotu1482,0.003341,0.00324,0.0,0.003074,0.006491,0.0,0.00314,0.009421,bacteria,pseudomonadota,alphaproteobacteria,sphingomonadales,sphingomonadaceae,sphingomonas,sphingomonas piscis
Zotu1483,0.0,0.0,0.0,0.0,0.0,0.0,0.0,0.028262,bacteria,actinomycetota,actinomycetes,geodermatophilales,geodermatophilaceae,blastococcus,blastococcus jejuensis
Zotu1484,0.003341,0.035638,0.003173,0.006148,0.003245,0.098375,0.0,0.00314,bacteria,actinomycetota,thermoleophilia,solirubrobacterales,baekduiaceae,baekduia,baekduia soli
Zotu1485,0.003341,0.0,0.0,0.003074,0.0,0.0,0.0,0.00314,bacteria,pseudomonadota,gammaproteobacteria,nevskiales,nevskiaceae,panacagrimonas,panacagrimonas perspica
Zotu1486,0.0,0.0,0.0,0.0,0.0,0.0,0.0,0.0,bacteria,bacteroidota,cytophagia,cytophagales,hymenobacteraceae,pontibacter,pontibacter arcticus
Zotu1487,0.0,0.0,0.0,0.0,0.003245,0.0,0.0,0.0,bacteria,planctomycetota,planctomycetia,pirellulales,pirellulaceae,lignipirellula,lignipirellula cremea
Zotu1488,0.0,0.00324,0.003173,0.159857,0.003245,0.012694,0.072209,0.0,bacteria,actinomycetota,acidimicrobiia,acidimicrobiales,acidimicrobiaceae,aciditerrimonas,aciditerrimonas ferrireducens
Zotu1489,0.0,0.0,0.003173,0.0,0.0,0.006347,0.0,0.00314,bacteria,acidobacteriota,vicinamibacteria,vicinamibacterales,vicinamibacteraceae,vicinamibacter,vicinamibacter silvestris
Zotu1490,0.033406,0.012959,0.0,0.202896,0.146047,0.012694,0.00314,0.028262,bacteria,actinomycetota,rubrobacteria,gaiellales,gaiellaceae,gaiella,gaiella occulta
Zotu1491,0.003341,0.00324,0.003173,0.003074,0.0,0.006347,0.006279,0.009421,bacteria,bacillota,bacilli,bacillales,paenibacillaceae,saccharibacillus,saccharibacillus endophyticus
Zotu1492,0.076833,0.097194,0.053939,0.0,0.243412,0.050774,0.0,0.00628,bacteria,pseudomonadota,alphaproteobacteria,hyphomicrobiales,hyphomicrobiales,nordella,nordella oligomobilis
Zotu1493,0.003341,0.0,0.003173,0.003074,0.0,0.006347,0.0,0.0,bacteria,pseudomonadota,alphaproteobacteria,hyphomicrobiales,methylobacteriaceae,methylobacterium,methylobacterium iners
Zotu1494,0.0,0.00324,0.003173,0.0,0.0,0.0,0.0,0.0,bacteria,planctomycetota,phycisphaerae,phycisphaerales,phycisphaeraceae,mucisphaera,mucisphaera calidilacus
Zotu1495,0.0,0.0,0.0,0.0,0.0,0.0,0.0,0.015701,bacteria,pseudomonadota,alphaproteobacteria,sphingomonadales,sphingomonadaceae,sphingomonas,sphingomonas parvus
Zotu1496,0.0,0.0,0.0,0.0,0.0,0.0,0.0,0.0,bacteria,pseudomonadota,alphaproteobacteria,hyphomicrobiales,devosiaceae,devosia,devosia elaeis
Zotu1497,0.020043,0.0,0.0,0.003074,0.0,0.012694,0.0,0.0,bacteria,actinomycetota,rubrobacteria,rubrobacterales,rubrobacteraceae,rubrobacter,rubrobacter taiwanensis
Zotu1498,0.64139,0.0,0.003173,0.003074,0.0,0.003173,0.0,0.0,bacteria,cyanobacteriota,cyanophyceae,coleofasciculales,coleofasciculaceae,limnofasciculus,limnofasciculus baicalensis
Zotu1499,0.0,0.0,0.0,0.0,0.0,0.003173,0.0,0.0,bacteria,actinomycetota,actinomycetes,micrococcales,micrococcaceae,rothia,rothia dentocariosa
Zotu1500,0.003341,0.0,0.0,0.003074,0.214202,0.0,0.087907,0.062804,bacteria,pseudomonadota,alphaproteobacteria,hyphomicrobiales,methylobacteriaceae,microvirga,microvirga zambiensis
Zotu1501,0.143645,0.071276,0.069804,0.003074,0.146047,0.003173,0.00314,0.0,bacteria,pseudomonadota,alphaproteobacteria,hyphomicrobiales,hyphomicrobiaceae,rhodoplanes,rhodoplanes elegans
Zotu1502,0.0,0.0,0.0,0.0,0.0,0.0,0.0,0.0,bacteria,planctomycetota,planctomycetia,pirellulales,pirellulaceae,anatilimnocola,anatilimnocola aggregata
Zotu1503,0.0,0.0,0.0,0.003074,0.0,0.0,0.0,0.0,bacteria,actinomycetota,acidimicrobiia,acidimicrobiales,iamiaceae,actinomarinicola,actinomarinicola tropica
Zotu1504,0.0,0.0,0.0,0.0,0.0,0.0,0.0,0.0,bacteria,planctomycetota,planctomycetia,gemmatales,gemmataceae,gemmata,gemmata massiliana
Zotu1505,0.096877,0.090715,0.060285,0.003074,0.006491,0.006347,0.00314,0.0,bacteria,acidobacteriota,vicinamibacteria,vicinamibacterales,vicinamibacteraceae,vicinamibacter,vicinamibacter silvestris
Zotu1506,0.0,0.00324,0.003173,0.003074,0.003245,0.006347,0.0,0.069085,bacteria,gemmatimonadota,longimicrobiia,longimicrobiales,longimicrobiaceae,longimicrobium,longimicrobium terrae
Zotu1508,0.003341,0.0,0.006346,0.006148,0.0,0.0,0.006279,0.031402,bacteria,chloroflexota,chloroflexia,herpetosiphonales,herpetosiphonaceae,herpetosiphon,herpetosiphon aurantiacus
Zotu1509,0.030065,0.00324,0.130089,0.0,0.019473,0.006347,0.021977,0.009421,bacteria,actinomycetota,rubrobacteria,rubrobacterales,rubrobacteraceae,rubrobacter,rubrobacter tropicus
Zotu1510,0.0,0.0,0.0,0.0,0.0,0.0,0.00314,0.0,bacteria,bacteroidota,bacteroidia,bacteroidales,paludibacteraceae,paludibacter,paludibacter jiangxiensis
Zotu1511,0.033406,0.0,0.0,0.003074,0.003245,0.0,0.0,0.00314,bacteria,myxococcota,myxococcota,polyangiales,polyangiaceae,polyangium,polyangium sorediatum
Zotu1512,0.023384,0.051837,0.006346,0.0,0.0,0.0,0.050232,0.021981,bacteria,acidobacteriota,vicinamibacteria,vicinamibacterales,vicinamibacteraceae,luteitalea,luteitalea pratensis
Zotu1513,0.0,0.0,0.003173,0.003074,0.0,0.003173,0.00314,0.00314,bacteria,bacteroidota,chitinophagia,chitinophagales,chitinophagaceae,flavisolibacter,flavisolibacter galbus
Zotu1514,0.003341,0.0,0.0,0.0,0.0,0.171363,0.015698,0.00628,bacteria,acidobacteriota,blastocatellia,blastocatellales,pyrinomonadaceae,pyrinomonas,pyrinomonas methylaliphatogenes
Zotu1515,0.0,0.00648,0.0,0.006148,0.0,0.003173,0.122441,0.128749,bacteria,pseudomonadota,alphaproteobacteria,hyphomicrobiales,methylobacteriaceae,microvirga,microvirga aerilata
Zotu1516,0.0,0.0,0.0,0.003074,0.0,0.0,0.00314,0.00314,bacteria,actinomycetota,actinomycetes,sporichthyales,sporichthyaceae,sporichthya,sporichthya polymorpha
Zotu1517,0.070152,0.012959,0.012692,0.027668,0.042191,0.0,0.0,0.009421,bacteria,bacillota,clostridia,eubacteriales,clostridiales family xvii. incertae sedis,thermaerobacter,thermaerobacter composti
Zotu1518,0.003341,0.00324,0.003173,0.0,0.0,0.0,0.0,0.0,bacteria,planctomycetota,planctomycetia,gemmatales,gemmataceae,fimbriiglobus,fimbriiglobus ruber
Zotu1519,0.0,0.0,0.0,0.003074,0.0,0.0,0.012558,0.0,bacteria,chloroflexota,chloroflexia,herpetosiphonales,herpetosiphonaceae,herpetosiphon,herpetosiphon aurantiacus
Zotu1520,0.0,0.0,0.0,0.0,0.0,0.0,0.0,0.0,bacteria,actinomycetota,thermoleophilia,solirubrobacterales,conexibacteraceae,conexibacter,conexibacter arvalis
Zotu1521,0.0,0.0,0.0,0.003074,0.003245,0.006347,0.009419,0.0,bacteria,pseudomonadota,gammaproteobacteria,chromatiales,thioprofundaceae,thioprofundum,thioprofundum hispidum
Zotu1522,0.0,0.0,0.0,0.006148,0.006491,0.003173,0.0,0.00314,bacteria,actinomycetota,rubrobacteria,rubrobacterales,rubrobacteraceae,rubrobacter,rubrobacter xylanophilus
Zotu1523,0.0,0.0,0.0,0.0,0.0,0.0,0.0,0.0,bacteria,actinomycetota,rubrobacteria,gaiellales,gaiellaceae,gaiella,gaiella occulta
Zotu1524,0.0,0.00324,0.0,0.0,0.0,0.0,0.0,0.015701,bacteria,pseudomonadota,alphaproteobacteria,hyphomicrobiales,methylobacteriaceae,microvirga,microvirga aerilata
Zotu1525,0.003341,0.00324,0.0,0.006148,0.003245,0.006347,0.0,0.0,bacteria,actinomycetota,acidimicrobiia,acidimicrobiales,iamiaceae,actinomarinicola,actinomarinicola tropica
Zotu1526,0.0,0.0,0.003173,0.0,0.0,0.0,0.0,0.00628,bacteria,pseudomonadota,betaproteobacteria,burkholderiales,oxalobacteraceae,noviherbaspirillum,noviherbaspirillum malthae
Zotu1527,0.0,0.0,0.0,0.0,0.0,0.0,0.00314,0.0,bacteria,pseudomonadota,betaproteobacteria,burkholderiales,burkholderiales,leptothrix,leptothrix mobilis
Zotu1528,0.0,0.0,0.0,0.0,0.0,0.0,0.006279,0.00314,bacteria,actinomycetota,rubrobacteria,rubrobacterales,rubrobacteraceae,rubrobacter,rubrobacter spartanus
Zotu1529,0.026725,0.0,0.0,0.0,0.0,0.0,0.0,0.0,bacteria,planctomycetota,planctomycetia,gemmatales,gemmataceae,gemmata,gemmata palustris
Zotu1530,0.0,0.0,0.0,0.003074,0.0,0.0,0.0,0.0,bacteria,rhodothermota,rhodothermia,rhodothermales,salisaetaceae,roseithermus,roseithermus sacchariphilus
Zotu1531,0.006681,0.0,0.0,0.0,0.0,0.003173,0.087907,0.00314,bacteria,pseudomonadota,betaproteobacteria,burkholderiales,sphaerotilaceae,rubrivivax,rubrivivax albus
Zotu1532,0.0,0.0,0.003173,0.006148,0.006491,0.003173,0.0,0.0,bacteria,gemmatimonadota,gemmatimonadetes,gemmatimonadales,gemmatimonadaceae,roseisolibacter,roseisolibacter agri
Zotu1533,0.05679,0.077755,0.126916,0.119893,0.0,0.00952,0.012558,0.00314,bacteria,actinomycetota,rubrobacteria,rubrobacterales,rubrobacteraceae,rubrobacter,rubrobacter radiotolerans
Zotu1534,0.013362,0.035638,0.0,0.003074,0.048682,0.269739,0.134999,0.0,bacteria,thermomicrobiota,thermomicrobia,sphaerobacterales,sphaerobacteraceae,sphaerobacter,sphaerobacter thermophilus
Zotu1535,0.0,0.0,0.0,0.0,0.0,0.0,0.0,0.0,bacteria,actinomycetota,rubrobacteria,rubrobacterales,rubrobacteraceae,rubrobacter,rubrobacter radiotolerans
Zotu1536,0.046768,0.226787,0.212584,0.0,0.16552,0.0,0.00314,0.0,bacteria,planctomycetota,planctomycetia,pirellulales,lacipirellulaceae,pirellulimonas,pirellulimonas nuda
Zotu1537,0.0,0.00324,0.0,0.003074,0.0,0.0,0.0,0.028262,bacteria,pseudomonadota,alphaproteobacteria,caulobacterales,caulobacteraceae,caulobacter,caulobacter vibrioides
Zotu1538,0.0,0.0,0.0,0.0,0.0,0.0,0.0,0.0,bacteria,pseudomonadota,alphaproteobacteria,sphingomonadales,sphingomonadaceae,sphingomonas,sphingomonas lutea
Zotu1539,0.0,0.0,0.0,0.0,0.0,0.0,0.0,0.0,bacteria,chloroflexota,anaerolineae,aggregatilineales,aggregatilineaceae,aggregatilinea,aggregatilinea lenta
Zotu1540,0.0,0.00324,0.003173,0.006148,0.0,0.0,0.0,0.012561,bacteria,pseudomonadota,alphaproteobacteria,sphingomonadales,sphingomonadaceae,sphingomonas,sphingomonas montis
Zotu1541,0.0,0.00324,0.003173,0.003074,0.003245,0.0,0.00314,0.053384,bacteria,pseudomonadota,betaproteobacteria,burkholderiales,comamonadaceae,ramlibacter,ramlibacter tataouinensis
Zotu1542,0.0,0.0,0.003173,0.0,0.0,0.0,0.0,0.0,bacteria,actinomycetota,actinomycetes,pseudonocardiales,pseudonocardiaceae,pseudonocardia,pseudonocardia xinjiangensis
Zotu1543,0.0,0.022679,0.04442,0.0,0.003245,0.003173,0.0,0.0,bacteria,bacillota,clostridia,eubacteriales,symbiobacteriaceae,symbiobacterium,symbiobacterium terraclitae
Zotu1544,0.0,0.0,0.003173,0.003074,0.003245,0.0,0.006279,0.075365,bacteria,pseudomonadota,alphaproteobacteria,hyphomicrobiales,methylobacteriaceae,microvirga,microvirga aerilata
Zotu1545,0.003341,0.0,0.0,0.0,0.0,0.0,0.00314,0.0,bacteria,bacillota,bacillota,bacillota,bacillota,capillibacterium,capillibacterium thermochitinicola
Zotu1546,0.0,0.0,0.0,0.0,0.0,0.0,0.0,0.0,bacteria,actinomycetota,actinomycetes,geodermatophilales,geodermatophilaceae,geodermatophilus,geodermatophilus chilensis
Zotu1547,0.003341,0.00324,0.006346,0.003074,0.0,0.0,0.015698,0.0,bacteria,acidobacteriota,vicinamibacteria,vicinamibacterales,vicinamibacteraceae,vicinamibacter,vicinamibacter silvestris
Zotu1548,0.036746,0.00648,0.0,0.0,0.029209,0.0,0.006279,0.018841,bacteria,bacillota,clostridia,eubacteriales,thermincolaceae,thermincola,thermincola carboxydiphila
Zotu1549,0.0,0.0,0.0,0.0,0.0,0.0,0.0,0.0,bacteria,bacillota,bacilli,bacillales,paenibacillaceae,oxalophagus,oxalophagus oxalicus
Zotu1550,0.0,0.022679,0.028556,0.0,0.0,0.0,0.0,0.00314,bacteria,bacillota,bacilli,lactobacillales,streptococcaceae,streptococcus,streptococcus thermophilus
Zotu1551,0.0,0.0,0.0,0.273602,0.094119,0.003173,0.0,0.0,archaea,methanobacteriota,halobacteria,halobacteriales,halobacteriaceae,halobellus,halobellus limi
Zotu1552,0.006681,0.0,0.003173,0.0,0.0,0.0,0.0,0.0,bacteria,actinomycetota,actinomycetes,propionibacteriales,nocardioidaceae,nocardioides,nocardioides mesophilus
Zotu1553,0.0,0.00324,0.0,0.0,0.003245,0.022214,0.040814,0.043963,bacteria,gemmatimonadota,longimicrobiia,longimicrobiales,longimicrobiaceae,longimicrobium,longimicrobium terrae
Zotu1554,0.0,0.0,0.003173,0.006148,0.003245,0.006347,0.021977,0.317161,bacteria,actinomycetota,actinomycetes,geodermatophilales,geodermatophilaceae,geodermatophilus,geodermatophilus nigrescens
Zotu1555,0.0,0.0,0.0,0.0,0.0,0.003173,0.0,0.028262,bacteria,pseudomonadota,alphaproteobacteria,sphingomonadales,sphingomonadaceae,sphingomonas,sphingomonas arantia
Zotu1556,0.0,0.0,0.0,0.479572,0.0,0.0,0.0,0.0,bacteria,planctomycetota,planctomycetia,gemmatales,gemmataceae,urbifossiella,urbifossiella limnaea
Zotu1557,0.0,0.00648,0.006346,0.003074,0.181747,0.199924,0.081628,0.00314,bacteria,actinomycetota,actinomycetes,streptosporangiales,streptosporangiaceae,nonomuraea,nonomuraea thailandensis
Zotu1558,0.0,0.0,0.0,0.0,0.0,0.006347,0.0,0.00628,bacteria,acidobacteriota,blastocatellia,blastocatellales,blastocatellaceae,blastocatella,blastocatella fastidiosa
Zotu1559,0.0,0.0,0.0,0.0,0.0,0.0,0.0,0.0,bacteria,planctomycetota,planctomycetia,pirellulales,lacipirellulaceae,pirellulimonas,pirellulimonas nuda
Zotu1560,0.0,0.0,0.0,0.0,0.0,0.0,0.0,0.0,bacteria,actinomycetota,actinomycetia,streptosporangiales,streptosporangiaceae,thermobispora,thermobispora bispora
Zotu1561,0.0,0.0,0.006346,0.0,0.074646,0.199924,0.06593,0.0,bacteria,actinomycetota,thermoleophilia,solirubrobacterales,baekduiaceae,baekduia,baekduia soli
Zotu1562,0.0,0.0,0.0,0.0,0.0,0.0,0.0,0.0,bacteria,rhodothermota,rhodothermia,rhodothermales,rhodothermaceae,rhodocaloribacter,rhodocaloribacter litoris
Zotu1563,0.0,0.0,0.003173,0.0,0.0,0.0,0.0,0.0,bacteria,chloroflexota,anaerolineae,anaerolineales,anaerolineaceae,thermanaerothrix,thermanaerothrix daxensis
Zotu1564,0.0,0.00324,0.006346,0.003074,0.0,0.0,0.0,0.00314,bacteria,verrucomicrobiota,spartobacteria,chthoniobacterales,chthoniobacteraceae,chthoniobacter,chthoniobacter flavus
Zotu1565,0.0,0.00324,0.003173,0.003074,0.0,0.0,0.0,0.043963,bacteria,gemmatimonadota,longimicrobiia,longimicrobiales,longimicrobiaceae,longimicrobium,longimicrobium terrae
Zotu1566,0.0,0.0,0.0,0.0,0.0,0.003173,0.00314,0.018841,bacteria,actinomycetota,actinomycetes,streptosporangiales,streptosporangiaceae,planobispora,planobispora rosea
Zotu1567,0.0,0.0,0.0,0.0,0.0,0.0,0.0,0.0,bacteria,bacteroidota,chitinophagia,chitinophagales,chitinophagaceae,segetibacter,segetibacter koreensis
Zotu1568,0.010022,0.016199,0.0,0.003074,0.0,0.0,0.0,0.00314,bacteria,pseudomonadota,betaproteobacteria,nitrosomonadales,methylophilaceae,novimethylophilus,novimethylophilus kurashikiensis
Zotu1569,0.0,0.00324,0.0,0.006148,0.003245,0.0,0.0,0.00314,bacteria,pseudomonadota,gammaproteobacteria,methylococcales,methylococcaceae,methylogaea,methylogaea oryzae
Zotu1570,0.003341,0.0,0.066631,0.0,0.0,0.145976,0.00314,0.00314,bacteria,gemmatimonadota,longimicrobiia,longimicrobiales,longimicrobiaceae,longimicrobium,longimicrobium terrae
Zotu1571,0.0,0.0,0.0,0.0,0.0,0.0,0.025116,0.00314,bacteria,myxococcota,myxococcia,myxococcales,archangiaceae,archangium,archangium gephyra
Zotu1572,0.006681,0.00648,0.0,0.0,0.003245,0.003173,0.100465,0.094206,bacteria,chloroflexota,chloroflexia,kallotenuales,kallotenuaceae,kallotenue,kallotenue papyrolyticum
Zotu1573,0.006681,0.0,0.0,0.0,0.003245,0.057121,0.147557,0.047103,bacteria,actinomycetota,acidimicrobiia,acidimicrobiales,acidimicrobiaceae,acidiferrimicrobium,acidiferrimicrobium australe
Zotu1574,0.003341,0.00324,0.003173,0.0,0.006491,0.0,0.0,0.0,bacteria,actinomycetota,thermoleophilia,solirubrobacterales,conexibacteraceae,conexibacter,conexibacter arvalis
Zotu1575,0.0,0.00324,0.0,0.0,0.003245,0.038081,0.018837,0.109907,bacteria,pseudomonadota,oligoflexia,bdellovibrionales,bdellovibrionaceae,bdellovibrio,bdellovibrio bacteriovorus
Zotu1576,0.0,0.0,0.0,0.0,0.0,0.0,0.0,0.012561,bacteria,pseudomonadota,alphaproteobacteria,rhodospirillales,acetobacteraceae,belnapia,belnapia arida
Zotu1577,0.354101,0.093955,0.003173,0.003074,0.0,0.0,0.047093,0.00628,bacteria,acidobacteriota,terriglobia,terriglobales,acidobacteriaceae,edaphobacter,edaphobacter aggregans
Zotu1578,0.0,0.0,0.0,0.003074,0.003245,0.0,0.0,0.0,bacteria,pseudomonadota,alphaproteobacteria,rhodobacterales,roseobacteraceae,rubellimicrobium,rubellimicrobium rubrum
Zotu1579,0.0,0.0,0.0,0.0,0.0,0.028561,0.015698,0.00314,bacteria,gemmatimonadota,gemmatimonadetes,gemmatimonadales,gemmatimonadaceae,gemmatimonas,gemmatimonas phototrophica
Zotu1580,0.0,0.0,0.0,0.003074,0.003245,0.0,0.00314,0.0,bacteria,chloroflexota,chloroflexia,kallotenuales,kallotenuaceae,kallotenue,kallotenue papyrolyticum
Zotu1581,0.0,0.0,0.0,0.006148,0.0,0.003173,0.006279,0.00314,bacteria,bacteroidota,cytophagia,cytophagales,hymenobacteraceae,adhaeribacter,adhaeribacter aquaticus
Zotu1582,0.0,0.00648,0.041248,0.0,0.0,0.0,0.0,0.0,bacteria,bacillota,clostridia,eubacteriales,symbiobacteriaceae,symbiobacterium,symbiobacterium terraclitae
Zotu1585,0.0,0.0,0.0,0.0,0.0,0.0,0.0,0.025122,bacteria,bacteroidota,cytophagia,cytophagales,hymenobacteraceae,adhaeribacter,adhaeribacter aquaticus
Zotu1586,0.210456,0.068036,0.092014,0.003074,0.0,0.0,0.0,0.0,bacteria,bacillota,clostridia,natranaerobiales,natranaerobiaceae,natranaerobaculum,natranaerobaculum magadiense
Zotu1587,0.103558,0.032398,0.114224,0.0,0.0,0.0,0.00314,0.0,archaea,methanobacteriota,thermoplasmata,methanomassiliicoccales,methanomassiliicoccaceae,methanomassiliicoccus,candidatus methanomassiliicoccus intestinalis
Zotu1588,0.0,0.0,0.0,0.009223,0.0,0.152323,0.087907,0.0,bacteria,bacillota,clostridia,eubacteriales,clostridiales family xvii. incertae sedis,thermaerobacter,thermaerobacter subterraneus
Zotu1589,0.0,0.0,0.498144,0.0,0.0,0.0,0.0,0.0,archaea,methanobacteriota,thermoplasmata,methanomassiliicoccales,methanomassiliicoccaceae,methanomassiliicoccus,candidatus methanomassiliicoccus intestinalis
Zotu1590,0.0,0.0,0.0,0.0,0.0,0.0,0.0,0.0,bacteria,bacteroidota,chitinophagia,chitinophagales,chitinophagaceae,cnuella,cnuella takakiae
Zotu1591,0.080174,0.071276,0.072976,0.003074,0.188238,0.0,0.0,0.00314,bacteria,verrucomicrobiota,verrucomicrobiae,verrucomicrobiales,verrucomicrobia subdivision 3,pedosphaera,pedosphaera parvula
Zotu1592,0.026725,0.00324,0.130089,0.006148,0.0,0.0,0.006279,0.00314,bacteria,actinomycetota,rubrobacteria,rubrobacterales,rubrobacteraceae,rubrobacter,rubrobacter naiadicus
Zotu1593,0.0,0.0,0.0,0.003074,0.0,0.0,0.0,0.015701,bacteria,pseudomonadota,alphaproteobacteria,sphingomonadales,sphingomonadaceae,sphingomonas,sphingomonas parvus
Zotu1594,0.0,0.0,0.0,0.0,0.0,0.0,0.0,0.0,bacteria,chloroflexota,chloroflexia,kallotenuales,kallotenuaceae,kallotenue,kallotenue papyrolyticum
Zotu1595,0.0,0.0,0.0,0.0,0.0,0.003173,0.0,0.050243,bacteria,abditibacteriota,abditibacteriia,abditibacteriales,abditibacteriaceae,abditibacterium,abditibacterium utsteinense
Zotu1596,0.0,0.0,0.0,0.003074,0.0,0.0,0.00314,0.0,bacteria,pseudomonadota,betaproteobacteria,nitrosomonadales,thiobacillaceae,thiobacillus,thiobacillus thioparus
Zotu1597,0.003341,0.00648,0.0,0.003074,0.0,0.003173,0.0,0.025122,bacteria,gemmatimonadota,gemmatimonadetes,gemmatimonadales,gemmatimonadaceae,roseisolibacter,roseisolibacter agri
Zotu1598,0.0,0.0,0.0,0.0,0.0,0.0,0.0,0.0,bacteria,thermodesulfobacteriota,desulfuromonadia,desulfuromonadales,desulfuromonadaceae,pelobacter,pelobacter seleniigenes
Zotu1599,0.073493,0.025918,0.028556,0.0,0.0,0.003173,0.006279,0.00314,bacteria,pseudomonadota,gammaproteobacteria,chromatiales,ectothiorhodospiraceae,inmirania,inmirania thermothiophila
Zotu1600,0.0,0.00648,0.003173,0.0,0.402441,0.006347,0.0,0.00628,bacteria,actinomycetota,actinomycetes,propionibacteriales,nocardioidaceae,nocardioides,nocardioides panacis
Zotu1601,0.006681,0.009719,0.050766,0.0,0.090874,0.025387,0.0,0.00314,bacteria,actinomycetota,actinomycetes,nakamurellales,nakamurellaceae,nakamurella,nakamurella leprariae
Zotu1602,0.003341,0.0,0.0,0.0,0.006491,0.529957,0.084767,0.00314,archaea,methanobacteriota,thermoplasmata,methanomassiliicoccales,methanomassiliicoccaceae,methanomassiliicoccus,candidatus methanomassiliicoccus intestinalis
Zotu1603,0.0,0.0,0.0,0.0,0.0,0.0,0.0,0.0,bacteria,pseudomonadota,gammaproteobacteria,gammaproteobacteria,gammaproteobacteria,acidibacter,acidibacter ferrireducens
Zotu1604,0.003341,0.0,0.0,0.003074,0.006491,0.003173,0.0,0.00314,bacteria,chloroflexota,chloroflexia,herpetosiphonales,herpetosiphonaceae,herpetosiphon,herpetosiphon gulosus
Zotu1605,0.0,0.0,0.0,0.0,0.0,0.01904,0.0,0.0,bacteria,actinomycetota,rubrobacteria,rubrobacterales,rubrobacteraceae,rubrobacter,rubrobacter naiadicus
Zotu1606,0.0,0.0,0.0,0.0,0.0,0.0,0.0,0.0,bacteria,chloroflexota,chloroflexia,kallotenuales,kallotenuaceae,kallotenue,kallotenue papyrolyticum
Zotu1607,0.247202,0.142552,0.0,0.0,0.006491,0.0,0.00314,0.0,bacteria,verrucomicrobiota,verrucomicrobiae,limisphaerales,fontisphaeraceae,fontisphaera,fontisphaera persica
Zotu1609,0.0,0.0,0.0,0.378124,0.0,0.003173,0.0,0.0,bacteria,bacillota,bacilli,bacillales,bacillales family x. incertae sedis,brockia,brockia lithotrophica
Zotu1610,0.003341,0.00324,0.0,0.0,0.0,0.215791,0.0,0.00314,bacteria,pseudomonadota,betaproteobacteria,nitrosomonadales,methylophilaceae,novimethylophilus,novimethylophilus kurashikiensis
Zotu1611,0.0,0.0,0.0,0.0,0.12982,0.0,0.00314,0.0,bacteria,planctomycetota,planctomycetia,pirellulales,pirellulaceae,candidatus anammoximicrobium,candidatus anammoximicrobium moscowii
Zotu1612,0.010022,0.0,0.0,0.0,0.0,0.0,0.0,0.0,bacteria,pseudomonadota,gammaproteobacteria,chromatiales,ectothiorhodospiraceae,inmirania,inmirania thermothiophila
Zotu1613,0.05679,0.032398,0.057112,0.0,0.194729,0.01904,0.0,0.0,archaea,methanobacteriota,thermoplasmata,methanomassiliicoccales,methanomassiliicoccaceae,methanomassiliicoccus,candidatus methanomassiliicoccus intestinalis
Zotu1614,0.0,0.0,0.0,0.0,0.0,0.0,0.0,0.0,bacteria,bacillota,bacillota,bacillota,bacillota,hydrogenispora,hydrogenispora ethanolica
Zotu1615,0.003341,0.0,0.0,0.009223,0.019473,0.282432,0.147557,0.043963,bacteria,acidobacteriota,blastocatellia,blastocatellales,arenimicrobiaceae,arenimicrobium,arenimicrobium luteum
Zotu1616,0.016703,0.0,0.003173,0.537981,0.003245,0.0,0.00314,0.0,bacteria,acidobacteriota,vicinamibacteria,vicinamibacterales,vicinamibacteraceae,luteitalea,luteitalea pratensis
Zotu1617,0.006681,0.00648,0.0,0.0,0.0,0.0,0.0,0.075365,bacteria,pseudomonadota,alphaproteobacteria,sphingomonadales,sphingomonadaceae,sphingomonas,sphingomonas trueperi
Zotu1618,0.0,0.00324,0.0,0.0,0.0,0.0,0.0,0.0,bacteria,verrucomicrobiota,opitutae,opitutales,opitutaceae,opitutus,opitutus terrae
Zotu1619,0.0,0.00324,0.0,0.0,0.0,0.0,0.0,0.0,bacteria,actinomycetota,acidimicrobiia,acidimicrobiales,acidimicrobiaceae,aciditerrimonas,aciditerrimonas ferrireducens
Zotu1620,0.110239,0.074516,0.0,0.006148,0.084383,0.0,0.009419,0.0,bacteria,acidobacteriota,vicinamibacteria,vicinamibacterales,vicinamibacteraceae,luteitalea,luteitalea pratensis
Zotu1621,0.113579,0.123113,0.168163,0.003074,0.003245,0.01904,0.043953,0.0,bacteria,thermodesulfobacteriota,thermodesulfobacteria,thermodesulfobacteriales,thermodesulfatatoraceae,thermodesulfatator,thermodesulfatator atlanticus
Zotu1622,0.003341,0.00648,0.009519,0.0,0.009736,0.003173,0.0,0.00314,bacteria,actinomycetota,actinomycetes,frankiales,frankiaceae,frankia,frankia casuarinae
Zotu1623,0.0,0.0,0.0,0.0,0.0,0.0,0.0,0.0,bacteria,bacillota,clostridia,eubacteriales,syntrophomonadaceae,syntrophomonas,syntrophomonas zehnderi
Zotu1624,0.0,0.00648,0.0,0.0,0.0,0.0,0.00314,0.00628,bacteria,bacteroidota,cytophagia,cytophagales,cytophagaceae,sporocytophaga,sporocytophaga myxococcoides
Zotu1625,0.006681,0.00324,0.04442,0.0,0.133065,0.072988,0.015698,0.0,archaea,methanobacteriota,thermoplasmata,methanomassiliicoccales,methanomassiliicoccaceae,methanomassiliicoccus,candidatus methanomassiliicoccus intestinalis
Zotu1626,0.0,0.00324,0.003173,0.003074,0.003245,0.003173,0.018837,0.222955,bacteria,actinomycetota,acidimicrobiia,acidimicrobiales,iamiaceae,actinomarinicola,actinomarinicola tropica
Zotu1627,0.0,0.0,0.0,0.0,0.0,0.0,0.0,0.0,bacteria,gemmatimonadota,longimicrobiia,longimicrobiales,longimicrobiaceae,longimicrobium,longimicrobium terrae
Zotu1628,0.0,0.0,0.0,0.0,0.0,0.003173,0.009419,0.028262,bacteria,bacillota,clostridia,eubacteriales,symbiobacteriaceae,symbiobacterium,symbiobacterium terraclitae
Zotu1629,0.0,0.0,0.0,0.003074,0.0,0.003173,0.0,0.034542,bacteria,pseudomonadota,oligoflexia,bdellovibrionales,bdellovibrionaceae,bdellovibrio,bdellovibrio bacteriovorus
Zotu1630,0.0,0.0,0.0,0.006148,0.0,0.0,0.0,0.0,bacteria,pseudomonadota,alphaproteobacteria,sphingomonadales,sphingomonadaceae,sphingomonas,sphingomonas flava
Zotu1631,0.0,0.0,0.0,0.0,0.003245,0.003173,0.0,0.0,bacteria,pseudomonadota,gammaproteobacteria,chromatiales,ectothiorhodospiraceae,alkalispirillum,alkalispirillum mobile
Zotu1632,0.0,0.00648,0.003173,0.227489,0.0,0.0,0.0,0.0,bacteria,bacillota,clostridia,eubacteriales,symbiobacteriaceae,symbiobacterium,symbiobacterium terraclitae
Zotu1633,0.0,0.0,0.0,0.0,0.0,0.0,0.0,0.028262,bacteria,pseudomonadota,alphaproteobacteria,sphingomonadales,sphingomonadaceae,novosphingobium,novosphingobium lentum
Zotu1634,0.0,0.00324,0.0,0.0,0.0,0.0,0.0,0.0,bacteria,chloroflexota,chloroflexia,kallotenuales,kallotenuaceae,kallotenue,kallotenue papyrolyticum
Zotu1635,0.090195,0.353139,0.006346,0.003074,0.006491,0.0,0.0,0.00314,bacteria,verrucomicrobiota,verrucomicrobiae,limisphaerales,fontisphaeraceae,fontisphaera,fontisphaera persica
Zotu1636,0.003341,0.00648,0.0,0.0,0.0,0.0,0.364184,0.270058,archaea,methanobacteriota,thermoplasmata,methanomassiliicoccales,methanomassiliicoccaceae,methanomassiliicoccus,candidatus methanomassiliicoccus intestinalis
Zotu1637,0.0,0.00324,0.0,0.0,0.0,0.120589,0.040814,0.018841,bacteria,bacillota,bacilli,bacillales,bacillaceae,calditerricola,calditerricola yamamurae
Zotu1638,0.0,0.0,0.0,0.0,0.003245,0.0,0.034535,0.0,bacteria,pseudomonadota,alphaproteobacteria,sphingomonadales,sphingomonadaceae,sphingomonas,sphingomonas lutea
Zotu1639,0.003341,0.0,0.0,0.0,0.0,0.082508,0.172674,0.0,bacteria,verrucomicrobiota,spartobacteria,chthoniobacterales,chthoniobacteraceae,chthoniobacter,chthoniobacter flavus
Zotu1640,0.0,0.00324,0.301425,0.003074,0.0,0.0,0.00314,0.0,bacteria,pseudomonadota,alphaproteobacteria,hyphomicrobiales,methylobacteriaceae,microvirga,microvirga thermotolerans
Zotu1641,0.0,0.0,0.0,0.0,0.0,0.003173,0.0,0.0,bacteria,pseudomonadota,betaproteobacteria,burkholderiales,oxalobacteraceae,massilia,massilia polaris
Zotu1642,0.003341,0.00324,0.0,0.006148,0.0,0.0,0.0,0.031402,bacteria,pseudomonadota,alphaproteobacteria,hyphomicrobiales,methylobacteriaceae,microvirga,microvirga roseola
Zotu1643,0.036746,0.097194,0.0,0.003074,0.0,0.003173,0.0,0.0,bacteria,rhodothermota,rhodothermia,rhodothermales,rhodothermaceae,rhodocaloribacter,rhodocaloribacter litoris
Zotu1644,0.0,0.0,0.0,0.0,0.0,0.0,0.0,0.0,bacteria,bacillota,bacilli,lactobacillales,streptococcaceae,streptococcus,streptococcus oralis
Zotu1645,0.0,0.0,0.0,0.0,0.0,0.0,0.0,0.0,bacteria,bacillota,bacilli,bacillales,staphylococcaceae,staphylococcus,staphylococcus epidermidis
Zotu1646,0.003341,0.0,0.0,0.003074,0.009736,0.003173,0.00314,0.00314,bacteria,actinomycetota,rubrobacteria,rubrobacterales,rubrobacteraceae,rubrobacter,rubrobacter taiwanensis
Zotu1647,0.0,0.0,0.0,0.0,0.0,0.0,0.0,0.0,bacteria,pseudomonadota,alphaproteobacteria,sphingomonadales,sphingomonadaceae,sphingomonas,sphingomonas palustris
Zotu1648,0.0,0.0,0.0,0.0,0.0,0.0,0.0,0.0,bacteria,pseudomonadota,alphaproteobacteria,hyphomicrobiales,hyphomicrobiaceae,rhodoplanes,rhodoplanes elegans
Zotu1649,0.003341,0.00324,0.003173,0.003074,0.0,0.0,0.0,0.0,bacteria,bacillota,clostridia,eubacteriales,oscillospiraceae,ethanoligenens,ethanoligenens harbinense
Zotu1650,0.016703,0.00324,0.088841,0.258231,0.149292,0.0,0.072209,0.012561,bacteria,actinomycetota,actinomycetes,streptosporangiales,thermomonosporaceae,actinocorallia,actinocorallia longicatena
Zotu1651,0.0,0.0,0.0,0.0,0.0,0.003173,0.0,0.0,bacteria,actinomycetota,actinomycetes,micrococcales,microbacteriaceae,microbacterium,microbacterium paraoxydans
Zotu1652,0.006681,0.016199,0.0,0.009223,0.003245,0.003173,0.021977,0.00314,bacteria,actinomycetota,actinomycetes,micrococcales,microbacteriaceae,microbacterium,microbacterium flavescens
Zotu1653,0.0,0.038878,0.199892,0.0,0.292094,0.0,0.0,0.0,archaea,methanobacteriota,thermoplasmata,methanomassiliicoccales,candidatus methanomethylophilaceae,candidatus methanomethylophilus,candidatus methanomethylophilus alvus
Zotu1654,0.0,0.0,0.0,0.0,0.0,0.0,0.0,0.0,bacteria,actinomycetota,actinomycetes,streptosporangiales,thermomonosporaceae,actinocorallia,actinocorallia longicatena
Zotu1655,0.006681,0.0,0.0,0.006148,0.0,0.0,0.009419,0.0,bacteria,pseudomonadota,deltaproteobacteria,myxococcales,anaeromyxobacteraceae,anaeromyxobacter,anaeromyxobacter dehalogenans
Zotu1656,0.0,0.0,0.0,0.0,0.0,0.0,0.0,0.0,bacteria,gemmatimonadota,longimicrobiia,longimicrobiales,longimicrobiaceae,longimicrobium,longimicrobium terrae
Zotu1657,0.016703,0.025918,0.04442,0.119893,0.006491,0.0,0.0,0.0,archaea,methanobacteriota,thermoplasmata,methanomassiliicoccales,methanomassiliicoccaceae,methanomassiliicoccus,candidatus methanomassiliicoccus intestinalis
Zotu1660,0.0,0.0,0.0,0.0,0.0,0.0,0.0,0.0,bacteria,acidobacteriota,holophagae,holophagales,holophagaceae,geothrix,geothrix fermentans
Zotu1661,0.0,0.00648,0.003173,0.0,0.0,0.145976,0.072209,0.015701,bacteria,acidobacteriota,blastocatellia,blastocatellales,blastocatellaceae,aridibacter,aridibacter kavangonensis
Zotu1662,0.003341,0.00324,0.0,0.0,0.068155,0.0,0.0,0.0,bacteria,acidobacteriota,vicinamibacteria,vicinamibacterales,vicinamibacteraceae,luteitalea,luteitalea pratensis
Zotu1663,0.0,0.0,0.003173,0.0,0.0,0.0,0.0,0.0,bacteria,pseudomonadota,alphaproteobacteria,sphingomonadales,sphingomonadaceae,sphingobium,sphingobium olei
Zotu1664,0.0,0.0,0.0,0.0,0.0,0.0,0.0,0.0,archaea,methanobacteriota,halobacteria,halobacteriales,halobacteriaceae,haloquadratum,haloquadratum walsbyi
Zotu1665,0.0,0.0,0.0,0.0,0.0,0.0,0.0,0.0,bacteria,actinomycetota,rubrobacteria,rubrobacterales,rubrobacteraceae,rubrobacter,rubrobacter xylanophilus
Zotu1666,0.0,0.0,0.0,0.0,0.0,0.0,0.0,0.0,bacteria,actinomycetota,actinomycetes,micrococcales,microbacteriaceae,microcella,microcella alkalica
Zotu1667,0.003341,0.00324,0.0,0.012297,0.155783,0.0,0.00314,0.0,bacteria,actinomycetota,thermoleophilia,solirubrobacterales,conexibacteraceae,conexibacter,conexibacter stalactiti
Zotu1668,0.554535,0.061556,0.0,0.0,0.142802,0.003173,0.0,0.009421,archaea,methanobacteriota,thermoplasmata,methanomassiliicoccales,methanomassiliicoccaceae,methanomassiliicoccus,candidatus methanomassiliicoccus intestinalis
Zotu1669,0.0,0.0,0.0,0.0,0.003245,0.0,0.006279,0.0,bacteria,gemmatimonadota,longimicrobiia,longimicrobiales,longimicrobiaceae,longimicrobium,longimicrobium terrae
Zotu1670,0.0,0.0,0.0,0.0,0.0,0.0,0.006279,0.00314,bacteria,verrucomicrobiota,opitutae,opitutales,opitutaceae,horticoccus,horticoccus luteus
Zotu1671,0.0,0.00324,0.0,0.0,0.0,0.0,0.0,0.034542,bacteria,pseudomonadota,betaproteobacteria,burkholderiales,burkholderiales,aquabacterium,aquabacterium limnoticum
Zotu1672,0.0,0.0,0.0,0.0,0.0,0.0,0.0,0.0,bacteria,actinomycetota,thermoleophilia,solirubrobacterales,capillimicrobiaceae,capillimicrobium,capillimicrobium parvum
Zotu1673,0.003341,0.0,0.0,0.006148,0.0,0.0,0.00314,0.00628,bacteria,actinomycetota,actinomycetes,actinopolysporales,actinopolysporaceae,actinopolyspora,actinopolyspora saharensis
Zotu1674,0.003341,0.0,0.0,0.0,0.051928,0.136456,0.050232,0.0,bacteria,actinomycetota,acidimicrobiia,acidimicrobiales,acidimicrobiaceae,aciditerrimonas,aciditerrimonas ferrireducens
Zotu1675,0.050109,0.022679,0.158645,0.0,0.06491,0.060294,0.0,0.00314,bacteria,bacillota,bacilli,bacillales,thermoactinomycetaceae,kroppenstedtia,kroppenstedtia pulmonis
Zotu1676,0.0,0.0,0.0,0.0,0.0,0.0,0.0,0.0,bacteria,pseudomonadota,alphaproteobacteria,sphingomonadales,sphingomonadaceae,sphingomonas,sphingomonas daechungensis
Zotu1677,0.0,0.0,0.0,0.0,0.0,0.0,0.0,0.0,bacteria,pseudomonadota,oligoflexia,bdellovibrionales,bdellovibrionaceae,bdellovibrio,bdellovibrio bacteriovorus
Zotu1678,0.003341,0.029158,0.079322,0.0,0.003245,0.215791,0.072209,0.0,bacteria,acidobacteriota,vicinamibacteria,vicinamibacterales,vicinamibacteraceae,vicinamibacter,vicinamibacter silvestris
Zotu1679,0.0,0.0,0.0,0.0,0.045437,0.0,0.0,0.00314,bacteria,actinomycetota,nitriliruptoria,euzebyales,euzebyaceae,euzebya,euzebya tangerina
Zotu1680,0.0,0.0,0.0,0.0,0.0,0.0,0.0,0.0,bacteria,planctomycetota,planctomycetia,planctomycetales,planctomycetaceae,planctopirus,planctopirus limnophila
Zotu1681,0.013362,0.00324,0.003173,0.003074,0.0,0.003173,0.0,0.336003,bacteria,bacillota,bacilli,bacillales,alicyclobacillaceae,tumebacillus,tumebacillus ginsengisoli
Zotu1682,0.0,0.0,0.0,0.0,0.029209,0.028561,0.009419,0.0,bacteria,actinomycetota,thermoleophilia,thermoleophilales,thermoleophilaceae,thermoleophilum,thermoleophilum album
Zotu1683,0.036746,0.032398,0.368055,0.003074,0.0,0.003173,0.0,0.0,bacteria,verrucomicrobiota,verrucomicrobiae,limisphaerales,fontisphaeraceae,fontisphaera,fontisphaera persica
Zotu1684,0.0,0.00324,0.0,0.003074,0.0,0.0,0.0,0.012561,bacteria,pseudomonadota,betaproteobacteria,nitrosomonadales,methylophilaceae,methylophilus,methylophilus methylotrophus
Zotu1685,0.0,0.00324,0.339499,0.0,0.0,0.0,0.006279,0.0,bacteria,bacteroidota,sphingobacteriia,sphingobacteriales,sphingobacteriaceae,solitalea,solitalea canadensis
Zotu1686,0.0,0.0,0.0,0.0,0.0,0.0,0.0,0.0,bacteria,verrucomicrobiota,spartobacteria,chthoniobacterales,chthoniobacteraceae,chthoniobacter,chthoniobacter flavus
Zotu1687,0.0,0.0,0.003173,0.199822,0.0,0.0,0.0,0.0,bacteria,gemmatimonadota,gemmatimonadetes,gemmatimonadales,gemmatimonadaceae,gemmatimonas,gemmatimonas aurantiaca
Zotu1689,0.11692,0.0,0.0,0.0,0.0,0.0,0.0,0.00314,bacteria,acidobacteriota,vicinamibacteria,vicinamibacterales,vicinamibacteraceae,vicinamibacter,vicinamibacter silvestris
Zotu1690,0.023384,0.00324,0.003173,0.0,0.003245,0.0,0.006279,0.0,bacteria,pseudomonadota,alphaproteobacteria,rhodospirillales,azospirillaceae,nitrospirillum,azospirillum amazonense
Zotu1691,0.0,0.0,0.0,0.003074,0.0,0.0,0.0,0.0,bacteria,chloroflexota,thermomicrobia,sphaerobacterales,sphaerobacteraceae,sphaerobacter,sphaerobacter thermophilus
Zotu1692,0.0,0.0,0.019037,0.0,0.0,0.0,0.0,0.0,bacteria,bacillota,clostridia,eubacteriales,peptococcaceae,desulforamulus,desulforamulus ferrireducens
Zotu1693,0.0,0.00648,0.0,0.003074,0.0,0.01904,0.015698,0.00628,bacteria,verrucomicrobiota,verrucomicrobiae,limisphaerales,fontisphaeraceae,fontisphaera,fontisphaera persica
Zotu1694,0.0,0.0,0.0,0.003074,0.0,0.0,0.00314,0.00314,bacteria,planctomycetota,phycisphaerae,tepidisphaerales,tepidisphaeraceae,tepidisphaera,tepidisphaera mucosa
Zotu1695,0.010022,0.025918,0.0,0.0,0.006491,0.072988,0.00314,0.00314,bacteria,acidobacteriota,vicinamibacteria,vicinamibacterales,vicinamibacteraceae,vicinamibacter,vicinamibacter silvestris
Zotu1696,0.006681,0.0,0.0,0.0,0.0,0.003173,0.0,0.326582,archaea,methanobacteriota,thermoplasmata,methanomassiliicoccales,methanomassiliicoccaceae,methanomassiliicoccus,candidatus methanomassiliicoccus intestinalis
Zotu1697,0.0,0.0,0.003173,0.0,0.0,0.0,0.0,0.0,bacteria,pseudomonadota,hydrogenophilia,hydrogenophilales,hydrogenophilaceae,tepidiphilus,tepidiphilus succinatimandens
Zotu1698,0.0,0.0,0.0,0.0,0.0,0.0,0.0,0.00314,bacteria,pseudomonadota,betaproteobacteria,burkholderiales,burkholderiaceae,cupriavidus,cupriavidus campinensis
Zotu1699,0.0,0.0,0.0,0.0,0.0,0.0,0.0,0.025122,bacteria,pseudomonadota,betaproteobacteria,burkholderiales,oxalobacteraceae,glaciimonas,glaciimonas singularis
Zotu1700,0.0,0.022679,0.0,0.003074,0.0,0.034907,0.021977,0.00314,bacteria,actinomycetota,nitriliruptoria,euzebyales,euzebyaceae,euzebya,euzebya pacifica
Zotu1701,0.003341,0.00324,0.0,0.003074,0.0,0.0,0.0,0.009421,bacteria,actinomycetota,actinomycetes,pseudonocardiales,pseudonocardiaceae,allokutzneria,allokutzneria oryzae
Zotu1702,0.0,0.0,0.0,0.003074,0.0,0.0,0.00314,0.009421,bacteria,actinomycetota,actinomycetes,geodermatophilales,geodermatophilaceae,geodermatophilus,geodermatophilus nigrescens
Zotu1703,0.0,0.0,0.003173,0.0,0.0,0.0,0.0,0.29832,bacteria,pseudomonadota,alphaproteobacteria,hyphomicrobiales,salinarimonadaceae,salinarimonas,salinarimonas soli
Zotu1704,0.026725,0.0,0.0,0.003074,0.0,0.006347,0.00314,0.0,bacteria,actinomycetota,actinomycetes,micromonosporales,micromonosporaceae,catellatospora,catellatospora citrea
Zotu1705,0.020043,0.045357,0.003173,0.405792,0.0,0.003173,0.00314,0.0,archaea,methanobacteriota,thermoplasmata,methanomassiliicoccales,methanomassiliicoccaceae,methanomassiliicoccus,candidatus methanomassiliicoccus intestinalis
Zotu1706,0.006681,0.0,0.003173,0.003074,0.077892,0.044428,0.034535,0.018841,bacteria,actinomycetota,acidimicrobiia,acidimicrobiales,acidimicrobiaceae,aciditerrimonas,aciditerrimonas ferrireducens
Zotu1707,0.0,0.0,0.0,0.0,0.0,0.0,0.0,0.0,bacteria,bacillota,bacilli,lactobacillales,streptococcaceae,lactococcus,lactococcus cremoris
Zotu1708,0.0,0.00324,0.003173,0.0,0.0,0.0,0.0,0.00314,bacteria,pseudomonadota,gammaproteobacteria,legionellales,coxiellaceae,aquicella,aquicella siphonis
Zotu1709,0.0,0.0,0.0,0.0,0.0,0.0,0.0,0.0,archaea,methanobacteriota,thermoplasmata,methanomassiliicoccales,methanomassiliicoccaceae,methanomassiliicoccus,candidatus methanomassiliicoccus intestinalis
Zotu1710,0.0,0.0,0.0,0.316641,0.0,0.0,0.0,0.0,bacteria,verrucomicrobiota,verrucomicrobiae,verrucomicrobiales,verrucomicrobia subdivision 3,pedosphaera,pedosphaera parvula
Zotu1711,0.0,0.0,0.0,0.003074,0.006491,0.003173,0.00314,0.00628,bacteria,pseudomonadota,alphaproteobacteria,rhodobacterales,paracoccaceae,tabrizicola,tabrizicola aquatica
Zotu1712,0.0,0.0,0.0,0.0,0.0,0.0,0.0,0.015701,bacteria,pseudomonadota,alphaproteobacteria,rhodospirillales,acetobacteraceae,paracraurococcus,paracraurococcus ruber
Zotu1713,0.0,0.00324,0.003173,0.0,0.0,0.003173,0.367324,0.00314,bacteria,chloroflexota,chloroflexia,chloroflexales,oscillochloridaceae,oscillochloris,oscillochloris trichoides
Zotu1714,0.006681,0.0,0.006346,0.033816,0.003245,0.003173,0.0,0.012561,bacteria,actinomycetota,actinomycetes,mycobacteriales,corynebacteriaceae,corynebacterium,corynebacterium jeddahense
Zotu1715,0.020043,0.00324,0.0,0.003074,0.0,0.0,0.0,0.00628,bacteria,bacillota,clostridia,moorellales,moorellaceae,moorella,moorella glycerini
Zotu1716,0.086855,0.366099,0.015864,0.0,0.022718,0.0,0.012558,0.0,bacteria,acidobacteriota,vicinamibacteria,vicinamibacterales,vicinamibacteraceae,vicinamibacter,vicinamibacter silvestris
Zotu1717,0.003341,0.0,0.003173,0.0,0.0,0.0,0.0,0.0,bacteria,bacillota,bacilli,lactobacillales,lactobacillaceae,weissella,weissella ceti
Zotu1718,0.003341,0.0,0.0,0.0,0.0,0.0,0.037674,0.00628,bacteria,pseudomonadota,alphaproteobacteria,geminicoccales,geminicoccaceae,arboricoccus,arboricoccus pini
Zotu1719,0.0,0.0,0.0,0.0,0.0,0.0,0.0,0.0,bacteria,pseudomonadota,betaproteobacteria,nitrosomonadales,nitrosomonadaceae,nitrosomonas,nitrosomonas cryotolerans
Zotu1720,0.013362,0.0,0.003173,0.0,0.019473,0.0,0.0,0.0,bacteria,chloroflexota,chloroflexota,chloroflexota,chloroflexota,thermobaculum,thermobaculum terrenum
Zotu1721,0.063471,0.278624,0.0,0.003074,0.071401,0.0,0.009419,0.0,bacteria,actinomycetota,nitriliruptoria,nitriliruptorales,nitriliruptoraceae,nitriliruptor,nitriliruptor alkaliphilus
Zotu1722,0.0,0.0,0.0,0.0,0.0,0.0,0.0,0.0,bacteria,deinococcota,deinococci,trueperales,trueperaceae,truepera,truepera radiovictrix
Zotu1723,0.006681,0.0,0.0,0.0,0.0,0.0,0.0,0.0,archaea,methanobacteriota,halobacteria,halobacteriales,halobacteriaceae,haloquadratum,haloquadratum walsbyi
Zotu1724,0.026725,0.029158,0.0,0.0,0.272621,0.031734,0.0,0.00314,bacteria,acidobacteriota,vicinamibacteria,vicinamibacterales,vicinamibacteraceae,luteitalea,luteitalea pratensis
Zotu1725,0.006681,0.019439,0.009519,0.0,0.0,0.012694,0.0,0.009421,bacteria,actinomycetota,thermoleophilia,thermoleophilales,thermoleophilaceae,thermoleophilum,thermoleophilum album
Zotu1726,0.016703,0.061556,0.279214,0.003074,0.0,0.050774,0.0,0.015701,bacteria,actinomycetota,thermoleophilia,solirubrobacterales,parviterribacteraceae,parviterribacter,parviterribacter multiflagellatus
Zotu1727,0.0,0.0,0.0,0.003074,0.006491,0.0,0.00314,0.0,bacteria,actinomycetota,thermoleophilia,solirubrobacterales,conexibacteraceae,conexibacter,conexibacter arvalis
Zotu1728,0.0,0.012959,0.0,0.0,0.0,0.0,0.0,0.0,bacteria,actinomycetota,thermoleophilia,solirubrobacterales,parviterribacteraceae,parviterribacter,parviterribacter multiflagellatus
Zotu1729,0.0,0.0,0.006346,0.0,0.0,0.0,0.021977,0.018841,bacteria,bacillota,bacilli,bacillales,paenibacillaceae,paenibacillus,paenibacillus antri
Zotu1730,0.0,0.00648,0.0,0.0,0.0,0.0,0.0,0.0,bacteria,bacteroidota,cytophagia,cytophagales,hymenobacteraceae,nibribacter,nibribacter ruber
Zotu1731,0.0,0.0,0.0,0.0,0.058419,0.015867,0.021977,0.00314,bacteria,pseudomonadota,alphaproteobacteria,sphingomonadales,sphingosinicellaceae,sphingosinicella,sphingosinicella cucumeris
Zotu1732,0.003341,0.0,0.0,0.0,0.0,0.0,0.0,0.00314,archaea,methanobacteriota,halobacteria,halobacteriales,halobacteriaceae,halomicroarcula,halomicroarcula rubra
Zotu1733,0.0,0.0,0.136434,0.003074,0.262885,0.003173,0.0,0.00314,bacteria,pseudomonadota,betaproteobacteria,nitrosomonadales,methylophilaceae,novimethylophilus,novimethylophilus kurashikiensis
Zotu1734,0.11692,0.022679,0.0,0.0,0.0,0.00952,0.0,0.015701,bacteria,bacillota,bacilli,bacillales,bacillaceae,bacillus,bacillus taeanensis
Zotu1735,0.003341,0.0,0.003173,0.003074,0.0,0.0,0.0,0.062804,bacteria,gemmatimonadota,gemmatimonadetes,gemmatimonadales,gemmatimonadaceae,roseisolibacter,roseisolibacter agri
Zotu1736,0.0,0.0,0.0,0.003074,0.003245,0.0,0.0,0.0,bacteria,actinomycetota,acidimicrobiia,acidimicrobiales,iamiaceae,iamia,iamia majanohamensis
Zotu1737,0.0,0.0,0.0,0.003074,0.0,0.003173,0.0,0.0,bacteria,chloroflexota,anaerolineae,anaerolineales,anaerolineaceae,ornatilinea,ornatilinea apprima
Zotu1738,0.0,0.0,0.0,0.0,0.0,0.0,0.0,0.0,bacteria,pseudomonadota,alphaproteobacteria,hyphomicrobiales,chelatococcaceae,chelatococcus,chelatococcus daeguensis
Zotu1739,0.003341,0.0,0.003173,0.006148,0.311567,0.003173,0.00314,0.00314,bacteria,actinomycetota,acidimicrobiia,acidimicrobiales,iamiaceae,actinomarinicola,actinomarinicola tropica
Zotu1740,0.016703,0.0,0.003173,0.0,0.006491,0.025387,0.00314,0.135029,bacteria,bacillota,bacilli,bacillales,paenibacillaceae,paenibacillus,paenibacillus tarimensis
Zotu1741,0.003341,0.009719,0.003173,0.006148,0.10061,0.0,0.00314,0.00314,bacteria,actinomycetota,thermoleophilia,solirubrobacterales,solirubrobacteraceae,solirubrobacter,solirubrobacter phytolaccae
Zotu1742,0.0,0.0,0.0,0.0,0.0,0.0,0.0,0.0,bacteria,planctomycetota,planctomycetia,gemmatales,gemmataceae,limnoglobus,limnoglobus roseus
Zotu1743,0.0,0.0,0.0,0.0,0.0,0.0,0.0,0.0,bacteria,actinomycetota,actinomycetes,propionibacteriales,nocardioidaceae,nocardioides,nocardioides marmoriterrae
Zotu1744,0.0,0.0,0.0,0.162932,0.0,0.0,0.0,0.00314,archaea,methanobacteriota,halobacteria,halobacteriales,halobacteriaceae,halobellus,halobellus limi
Zotu1745,0.0,0.0,0.0,0.0,0.0,0.0,0.0,0.0,bacteria,planctomycetota,planctomycetia,gemmatales,gemmataceae,zavarzinella,zavarzinella formosa
Zotu1746,0.0,0.0,0.0,0.0,0.0,0.0,0.00314,0.0,bacteria,bacillota,bacilli,bacillales,bacillales family x. incertae sedis,thermicanus,thermicanus aegyptius
Zotu1747,0.0,0.0,0.057112,0.006148,0.0,0.003173,0.0,0.00314,bacteria,actinomycetota,thermoleophilia,miltoncostaeales,miltoncostaeaceae,miltoncostaea,miltoncostaea oceani
Zotu1748,0.0,0.0,0.0,0.003074,0.006491,0.003173,0.0,0.00314,bacteria,actinomycetota,thermoleophilia,solirubrobacterales,solirubrobacteraceae,solirubrobacter,solirubrobacter phytolaccae
Zotu1749,0.003341,0.0,0.0,0.003074,0.003245,0.0,0.0,0.0,bacteria,bacillota,clostridia,eubacteriales,peptococcaceae,desulforamulus,desulforamulus ferrireducens
Zotu1750,0.0,0.0,0.028556,0.0,0.0,0.0,0.0,0.0,bacteria,actinomycetota,rubrobacteria,rubrobacterales,rubrobacteraceae,rubrobacter,rubrobacter taiwanensis
Zotu1751,0.0,0.0,0.0,0.0,0.0,0.0,0.0,0.00314,bacteria,cyanobacteriota,cyanobacteria,chroococcales,aphanothecaceae,candidatus atelocyanobacterium,cyanobacterium ucyn-a
Zotu1752,0.0,0.0,0.003173,0.003074,0.003245,0.0,0.00314,0.0,bacteria,gemmatimonadota,gemmatimonadetes,gemmatimonadales,gemmatimonadaceae,gemmatimonas,gemmatimonas aurantiaca
Zotu1753,0.003341,0.00324,0.0,0.003074,0.003245,0.00952,0.0,0.00628,bacteria,thermodesulfobacteriota,desulfuromonadia,geobacterales,geobacteraceae,geomonas,geomonas oryzae
Zotu1754,0.006681,0.0,0.0,0.003074,0.0,0.0,0.006279,0.00314,archaea,methanobacteriota,thermoplasmata,methanomassiliicoccales,methanomassiliicoccaceae,methanomassiliicoccus,candidatus methanomassiliicoccus intestinalis
Zotu1755,0.0,0.00324,0.0,0.0,0.0,0.0,0.0,0.018841,bacteria,actinomycetota,acidimicrobiia,acidimicrobiales,iamiaceae,iamia,iamia majanohamensis
Zotu1756,0.0,0.0,0.0,0.0,0.0,0.0,0.0,0.00314,bacteria,bacillota,bacilli,bacillales,bacillales family x. incertae sedis,brockia,brockia lithotrophica
Zotu1757,0.003341,0.0,0.0,0.003074,0.0,0.003173,0.0,0.00314,bacteria,actinomycetota,thermoleophilia,solirubrobacterales,solirubrobacteraceae,solirubrobacter,solirubrobacter ginsenosidimutans
Zotu1758,0.0,0.012959,0.0,0.0,0.0,0.031734,0.050232,0.0,bacteria,planctomycetota,planctomycetia,pirellulales,pirellulaceae,anatilimnocola,anatilimnocola aggregata
Zotu1759,0.0,0.00324,0.0,0.003074,0.0,0.0,0.0,0.00628,bacteria,pseudomonadota,betaproteobacteria,burkholderiales,oxalobacteraceae,noviherbaspirillum,noviherbaspirillum malthae
Zotu1760,0.0,0.0,0.0,0.0,0.0,0.0,0.0,0.0,bacteria,actinomycetota,actinomycetes,streptosporangiales,streptosporangiaceae,planobispora,planobispora rosea
Zotu1761,0.003341,0.0,0.0,0.0,0.0,0.0,0.0,0.0,bacteria,bacteroidota,chitinophagia,chitinophagales,chitinophagaceae,segetibacter,segetibacter koreensis
Zotu1762,0.0,0.0,0.0,0.003074,0.0,0.0,0.0,0.0,bacteria,bacteroidota,cytophagia,cytophagales,hymenobacteraceae,adhaeribacter,adhaeribacter radiodurans
Zotu1763,0.0,0.0,0.0,0.0,0.0,0.0,0.00314,0.015701,bacteria,chloroflexota,thermomicrobia,sphaerobacterales,sphaerobacteraceae,sphaerobacter,sphaerobacter thermophilus
Zotu1764,0.0,0.0,0.0,0.0,0.0,0.0,0.0,0.0,bacteria,planctomycetota,planctomycetia,isosphaerales,isosphaeraceae,singulisphaera,singulisphaera rosea
Zotu1765,0.0,0.0,0.0,0.0,0.0,0.0,0.0,0.018841,bacteria,pseudomonadota,alphaproteobacteria,caulobacterales,caulobacteraceae,phenylobacterium,phenylobacterium mobile
Zotu1766,0.003341,0.0,0.0,0.003074,0.0,0.003173,0.040814,0.0,bacteria,actinomycetota,thermoleophilia,solirubrobacterales,parviterribacteraceae,parviterribacter,parviterribacter multiflagellatus
Zotu1767,0.0,0.0,0.0,0.006148,0.379722,0.0,0.00314,0.0,bacteria,planctomycetota,planctomycetia,pirellulales,pirellulaceae,anatilimnocola,anatilimnocola aggregata
Zotu1768,0.0,0.061556,0.038075,0.319715,0.003245,0.003173,0.006279,0.0,bacteria,acidobacteriota,vicinamibacteria,vicinamibacterales,vicinamibacteraceae,vicinamibacter,vicinamibacter silvestris
Zotu1769,0.0,0.0,0.0,0.0,0.0,0.0,0.0,0.0,archaea,nitrososphaerota,nitrososphaeria,nitrososphaerales,nitrososphaeraceae,candidatus nitrososphaera,candidatus nitrososphaera
Zotu1771,0.003341,0.00648,0.0,0.0,0.0,0.0,0.0,0.0,archaea,nitrososphaerota,nitrososphaeria,nitrososphaerales,nitrososphaeraceae,nitrososphaera,candidatus nitrososphaera gargensis
Zotu1772,0.0,0.0,0.0,0.0,0.0,0.0,0.0,0.00314,bacteria,pseudomonadota,alphaproteobacteria,hyphomicrobiales,methylobacteriaceae,microvirga,microvirga antarctica
Zotu1774,0.0,0.0,0.0,0.006148,0.0,0.063468,0.040814,0.0,bacteria,actinomycetota,thermoleophilia,solirubrobacterales,parviterribacteraceae,parviterribacter,parviterribacter kavangonensis
Zotu1775,0.0,0.0,0.0,0.0,0.0,0.003173,0.0,0.0,bacteria,pseudomonadota,betaproteobacteria,burkholderiales,alcaligenaceae,achromobacter,achromobacter insolitus
Zotu1776,0.0,0.00324,0.0,0.0,0.0,0.0,0.0,0.021981,bacteria,bacillota,bacilli,bacillales,bacillaceae,priestia,priestia taiwanensis
Zotu1777,0.003341,0.50865,0.0,0.0,0.0,0.00952,0.009419,0.0,bacteria,planctomycetota,planctomycetia,gemmatales,gemmataceae,zavarzinella,zavarzinella formosa
Zotu1778,0.0,0.055077,0.0,0.003074,0.0357,0.003173,0.00314,0.015701,bacteria,gemmatimonadota,longimicrobiia,longimicrobiales,longimicrobiaceae,longimicrobium,longimicrobium terrae
Zotu1779,0.0,0.0,0.0,0.0,0.0,0.0,0.0,0.0,bacteria,chloroflexota,anaerolineae,anaerolineales,anaerolineaceae,thermanaerothrix,thermanaerothrix daxensis
Zotu1780,0.006681,0.012959,0.009519,0.003074,0.0,0.0,0.00314,0.00314,bacteria,bacillota,clostridia,eubacteriales,syntrophomonadaceae,syntrophothermus,syntrophothermus lipocalidus
Zotu1781,0.016703,0.155511,0.02221,0.0,0.0,0.003173,0.012558,0.00314,bacteria,chloroflexota,tepidiformia,tepidiformales,tepidiformaceae,tepidiforma,tepidiforma bonchosmolovskayae
Zotu1782,0.0,0.0,0.0,0.0,0.0,0.0,0.0,0.00314,bacteria,pseudomonadota,alphaproteobacteria,sphingomonadales,sphingomonadaceae,sphingomonas,sphingomonas parvus
Zotu1783,0.0,0.0,0.0,0.0,0.0,0.0,0.0,0.0,archaea,methanobacteriota,halobacteria,halobacteriales,halobacteriaceae,halorubrum,halorubrum orientale
Zotu1784,0.0,0.0,0.0,0.0,0.0,0.0,0.0,0.0,bacteria,bacteroidota,chitinophagia,chitinophagales,chitinophagaceae,flavisolibacter,flavisolibacter metallilatus
Zotu1785,0.0,0.0,0.0,0.0,0.0,0.0,0.00314,0.012561,bacteria,actinomycetota,actinomycetes,geodermatophilales,geodermatophilaceae,blastococcus,blastococcus capsensis
Zotu1786,0.016703,0.181429,0.04442,0.178302,0.009736,0.0,0.00314,0.00314,bacteria,gemmatimonadota,longimicrobiia,longimicrobiales,longimicrobiaceae,longimicrobium,longimicrobium terrae
Zotu1787,0.0,0.0,0.0,0.0,0.0,0.0,0.0,0.0,bacteria,verrucomicrobiota,spartobacteria,chthoniobacterales,chthoniobacteraceae,chthoniobacter,chthoniobacter flavus
Zotu1788,0.0,0.00324,0.0,0.0,0.0,0.0,0.00314,0.00314,bacteria,actinomycetota,actinomycetes,micrococcales,micrococcaceae,arthrobacter,arthrobacter deserti
Zotu1789,0.257224,0.080995,0.079322,0.0,0.022718,0.0,0.00314,0.0,bacteria,bacillota,clostridia,eubacteriales,oscillospiraceae,ruminococcus,ruminococcus flavefaciens
Zotu1790,0.010022,0.0,0.003173,0.0,0.0,0.003173,0.006279,0.0,archaea,methanobacteriota,thermoplasmata,methanomassiliicoccales,methanomassiliicoccaceae,methanomassiliicoccus,candidatus methanomassiliicoccus intestinalis
Zotu1791,0.0,0.0,0.0,0.003074,0.003245,0.0,0.00314,0.0,bacteria,pseudomonadota,gammaproteobacteria,moraxellales,moraxellaceae,acinetobacter,acinetobacter seohaensis
Zotu1792,0.0,0.035638,0.0,0.0,0.0,0.0,0.00314,0.056524,bacteria,actinomycetota,actinomycetes,micrococcales,promicromonosporaceae,isoptericola,isoptericola halotolerans
Zotu1793,0.0,0.0,0.0,0.0,0.0,0.003173,0.0,0.0,bacteria,actinomycetota,actinomycetes,micrococcales,microbacteriaceae,microbacterium,microbacterium paludicola
Zotu1794,0.183731,0.116633,0.079322,0.0,0.003245,0.0,0.00314,0.009421,bacteria,verrucomicrobiota,verrucomicrobiae,limisphaerales,fontisphaeraceae,fontisphaera,fontisphaera persica
Zotu1795,0.003341,0.0,0.0,0.0,0.0,0.0,0.006279,0.0,bacteria,chloroflexota,chloroflexia,chloroflexales,roseiflexaceae,kouleothrix,kouleothrix aurantiaca
Zotu1796,0.0,0.0,0.0,0.0,0.0,0.0,0.0,0.0,bacteria,planctomycetota,planctomycetia,gemmatales,gemmataceae,zavarzinella,zavarzinella formosa
Zotu1797,0.020043,0.009719,0.025383,0.003074,0.006491,0.060294,0.0,0.00314,bacteria,actinomycetota,thermoleophilia,solirubrobacterales,solirubrobacteraceae,solirubrobacter,solirubrobacter phytolaccae
Zotu1799,0.0,0.087475,0.0,0.0,0.038946,0.0,0.0,0.0,bacteria,thermotogota,thermotogae,thermotogales,fervidobacteriaceae,thermosipho,thermosipho geolei
Zotu1800,0.010022,0.0,0.019037,0.0,0.0,0.0,0.0,0.0,bacteria,actinomycetota,rubrobacteria,gaiellales,gaiellaceae,gaiella,gaiella occulta
Zotu1801,0.0,0.00324,0.003173,0.0,0.0,0.0,0.0,0.0,bacteria,actinomycetota,acidimicrobiia,acidimicrobiales,iamiaceae,actinomarinicola,actinomarinicola tropica
Zotu1802,0.0,0.404976,0.003173,0.0,0.0,0.034907,0.006279,0.0,archaea,nitrososphaerota,nitrososphaeria,nitrososphaerales,nitrososphaeraceae,nitrososphaera,candidatus nitrososphaera gargensis
Zotu1804,0.013362,0.0,0.269696,0.003074,0.0,0.0,0.00314,0.00314,bacteria,planctomycetota,planctomycetia,gemmatales,gemmataceae,zavarzinella,zavarzinella formosa
Zotu1805,0.0,0.0,0.0,0.0,0.0,0.0,0.0,0.031402,bacteria,pseudomonadota,betaproteobacteria,burkholderiales,oxalobacteraceae,herbaspirillum,herbaspirillum seropedicae
Zotu1806,0.0,0.0,0.0,0.003074,0.0,0.003173,0.0,0.0,bacteria,actinomycetota,actinomycetes,streptosporangiales,thermomonosporaceae,thermomonospora,thermomonospora echinospora
Zotu1807,0.0,0.0,0.0,0.0,0.0,0.0,0.0,0.0,bacteria,bacillota,bacilli,bacillales,bacillales family x. incertae sedis,brockia,brockia lithotrophica
Zotu1808,0.0,0.029158,0.003173,0.307418,0.0,0.006347,0.0,0.00314,bacteria,bacillota,clostridia,eubacteriales,symbiobacteriaceae,symbiobacterium,symbiobacterium terraclitae
Zotu1809,0.003341,0.00324,0.0,0.003074,0.0,0.0,0.0,0.0,bacteria,bacillota,bacilli,bacillales,bacillales family x. incertae sedis,brockia,brockia lithotrophica
Zotu1810,0.0,0.0,0.0,0.003074,0.0,0.003173,0.00314,0.0,bacteria,acidobacteriota,blastocatellia,blastocatellales,arenimicrobiaceae,brevitalea,brevitalea deliciosa
Zotu1811,0.010022,0.0,0.0,0.0,0.0,0.0,0.0,0.065944,bacteria,pseudomonadota,betaproteobacteria,burkholderiales,sphaerotilaceae,piscinibacter,piscinibacter aquaticus
Zotu1812,0.016703,0.136072,0.025383,0.0,0.0,0.0,0.0,0.0,bacteria,actinomycetota,rubrobacteria,rubrobacterales,rubrobacteraceae,rubrobacter,rubrobacter naiadicus
Zotu1813,0.0,0.0,0.0,0.0,0.0,0.0,0.0,0.0,bacteria,actinomycetota,actinomycetes,propionibacteriales,nocardioidaceae,nocardioides,nocardioides euryhalodurans
Zotu1814,0.0,0.0,0.0,0.003074,0.003245,0.0,0.0,0.00628,bacteria,pseudomonadota,gammaproteobacteria,xanthomonadales,xanthomonadaceae,arenimonas,arenimonas halophila
Zotu1815,0.003341,0.0,0.0,0.0,0.0,0.0,0.006279,0.0,archaea,methanobacteriota,thermoplasmata,methanomassiliicoccales,methanomassiliicoccaceae,methanomassiliicoccus,candidatus methanomassiliicoccus intestinalis
Zotu1816,0.0,0.0,0.0,0.0,0.0,0.0,0.0,0.00314,bacteria,acidobacteriota,acidobacteriia,bryobacterales,solibacteraceae,candidatus solibacter,candidatus solibacter usitatus
Zotu1817,0.0,0.0,0.0,0.0,0.0,0.003173,0.00314,0.091066,bacteria,actinomycetota,actinomycetes,geodermatophilales,geodermatophilaceae,modestobacter,modestobacter marinus
Zotu1818,0.0,0.00324,0.0,0.0,0.0,0.0,0.0,0.009421,bacteria,actinomycetota,actinomycetes,pseudonocardiales,pseudonocardiaceae,saccharomonospora,saccharomonospora xinjiangensis
Zotu1819,0.0,0.0,0.0,0.0,0.0,0.0,0.0,0.0,bacteria,bacillota,clostridia,eubacteriales,oscillospiraceae,ruminococcus,ruminococcus flavefaciens
Zotu1820,0.003341,0.0,0.0,0.003074,0.003245,0.003173,0.006279,0.0,bacteria,actinomycetota,thermoleophilia,solirubrobacterales,conexibacteraceae,conexibacter,conexibacter stalactiti
Zotu1821,0.0,0.0,0.0,0.0,0.0,0.0,0.0,0.0,bacteria,actinomycetota,actinomycetes,streptosporangiales,thermomonosporaceae,actinoallomurus,actinoallomurus acanthiterrae
Zotu1822,0.0,0.0,0.0,0.003074,0.0,0.0,0.0,0.0,bacteria,pseudomonadota,alphaproteobacteria,sphingomonadales,sphingomonadaceae,sphingomonas,sphingomonas jaspsi
Zotu1823,0.003341,0.0,0.0,0.0,0.0,0.0,0.00314,0.031402,bacteria,bdellovibrionota,bdellovibrionia,bdellovibrionales,pseudobdellovibrionaceae,bdellovibrio,bdellovibrio bacteriovorus
Zotu1824,0.096877,0.025918,0.196719,0.006148,0.142802,0.006347,0.00314,0.0,bacteria,actinomycetota,rubrobacteria,rubrobacterales,rubrobacteraceae,rubrobacter,rubrobacter naiadicus
Zotu1825,0.003341,0.022679,0.0,0.298195,0.0,0.003173,0.0,0.0,bacteria,actinomycetota,thermoleophilia,solirubrobacterales,solirubrobacteraceae,solirubrobacter,solirubrobacter phytolaccae
Zotu1826,0.0,0.0,0.0,0.009223,0.0,0.0,0.0,0.00314,bacteria,bacillota,clostridia,eubacteriales,symbiobacteriaceae,symbiobacterium,symbiobacterium terraclitae
Zotu1827,0.0,0.045357,0.0,0.0,0.0,0.0,0.0,0.0,bacteria,pseudomonadota,deltaproteobacteria,myxococcales,anaeromyxobacteraceae,anaeromyxobacter,anaeromyxobacter dehalogenans
Zotu1828,0.006681,0.0,0.0,0.0,0.0,0.003173,0.00314,0.00314,bacteria,bacillota,bacilli,bacillales,paenibacillaceae,paenibacillus,bacillus edaphicus
Zotu1829,0.0,0.0,0.529873,0.003074,0.0,0.0,0.0,0.0,archaea,methanobacteriota,thermoplasmata,methanomassiliicoccales,methanomassiliicoccaceae,methanomassiliicoccus,candidatus methanomassiliicoccus intestinalis
Zotu1830,0.0,0.009719,0.0,0.0,0.0,0.0,0.0,0.0,bacteria,bacillota,negativicutes,veillonellales,veillonellaceae,veillonella,veillonella dentocariosa
Zotu1831,0.0,0.0,0.0,0.003074,0.003245,0.0,0.0,0.00628,bacteria,actinomycetota,actinomycetes,streptosporangiales,treboniaceae,trebonia,trebonia kvetii
Zotu1832,0.0,0.00324,0.0,0.362753,0.0,0.003173,0.00314,0.00314,bacteria,acidobacteriota,vicinamibacteria,vicinamibacterales,vicinamibacteraceae,vicinamibacter,vicinamibacter silvestris
Zotu1833,0.003341,0.152271,0.034902,0.175228,0.0,0.003173,0.012558,0.0,bacteria,bacillota,clostridia,thermoanaerobacterales,thermoanaerobacteraceae,desulfothermobacter,desulfothermobacter acidiphilus
Zotu1834,0.026725,0.038878,0.003173,0.0,0.061664,0.0,0.0,0.0,bacteria,pseudomonadota,gammaproteobacteria,steroidobacterales,steroidobacteraceae,povalibacter,povalibacter uvarum
Zotu1835,0.0,0.0,0.0,0.0,0.0,0.0,0.0,0.0,bacteria,actinomycetota,rubrobacteria,rubrobacterales,rubrobacteraceae,rubrobacter,rubrobacter xylanophilus
Zotu1836,0.036746,0.038878,0.247485,0.009223,0.003245,0.041254,0.009419,0.00314,bacteria,actinomycetota,thermoleophilia,thermoleophilales,thermoleophilaceae,thermoleophilum,thermoleophilum album
Zotu1837,0.150326,0.126353,0.0,0.003074,0.116838,0.00952,0.009419,0.0,bacteria,pseudomonadota,alphaproteobacteria,rhodospirillales,dongiaceae,dongia,dongia rigui
Zotu1838,0.0,0.0,0.0,0.0,0.0,0.0,0.0,0.0,bacteria,pseudomonadota,alphaproteobacteria,sphingomonadales,sphingomonadaceae,novosphingobium,novosphingobium naphthalenivorans
Zotu1839,0.0,0.0,0.0,0.0,0.0,0.0,0.0,0.0,bacteria,actinomycetota,actinomycetes,micrococcales,microbacteriaceae,labedella,labedella gwakjiensis
Zotu1840,0.0,0.0,0.0,0.0,0.0,0.0,0.0,0.0,bacteria,actinomycetota,rubrobacteria,rubrobacterales,rubrobacteraceae,rubrobacter,rubrobacter spartanus
Zotu1841,0.0,0.0,0.0,0.0,0.0,0.012694,0.0,0.0,archaea,methanobacteriota,methanobacteria,methanobacteriales,methanobacteriaceae,methanobacterium,methanobacterium movilense
Zotu1842,0.003341,0.0,0.003173,0.0,0.0,0.0,0.006279,0.0,bacteria,actinomycetota,actinomycetes,micromonosporales,micromonosporaceae,actinocatenispora,actinocatenispora rupis
Zotu1843,0.0,0.00324,0.0,0.0,0.003245,0.0,0.0,0.084786,bacteria,actinomycetota,actinomycetes,geodermatophilales,geodermatophilaceae,modestobacter,modestobacter versicolor
Zotu1844,0.0,0.0,0.0,0.0,0.0,0.0,0.0,0.0,bacteria,bdellovibrionota,bacteriovoracia,bacteriovoracales,bacteriovoracaceae,peredibacter,peredibacter starrii
Zotu1845,0.003341,0.0,0.0,0.0,0.0,0.041254,0.0,0.00628,bacteria,pseudomonadota,alphaproteobacteria,rhodospirillales,azospirillaceae,nitrospirillum,nitrospirillum amazonense
Zotu1846,0.0,0.0,0.006346,0.003074,0.0,0.003173,0.0,0.0,bacteria,pseudomonadota,betaproteobacteria,burkholderiales,burkholderiales,aquabacterium,aquabacterium fontiphilum
Zotu1847,0.0,0.0,0.0,0.0,0.0,0.0,0.0,0.050243,bacteria,thermomicrobiota,thermomicrobia,sphaerobacterales,sphaerobacteraceae,sphaerobacter,sphaerobacter thermophilus
Zotu1848,0.003341,0.0,0.133261,0.0,0.152538,0.025387,0.034535,0.0,bacteria,acidobacteriota,blastocatellia,blastocatellales,arenimicrobiaceae,arenimicrobium,arenimicrobium luteum
Zotu1849,0.003341,0.00324,0.0,0.0,0.0,0.025387,0.018837,0.037683,bacteria,pseudomonadota,deltaproteobacteria,myxococcales,anaeromyxobacteraceae,anaeromyxobacter,anaeromyxobacter dehalogenans
Zotu1850,0.0,0.00324,0.057112,0.003074,0.0,0.0,0.037674,0.00314,bacteria,pseudomonadota,betaproteobacteria,burkholderiales,comamonadaceae,ramlibacter,ramlibacter henchirensis
Zotu1851,0.003341,0.110154,0.038075,0.0,0.23043,0.003173,0.00314,0.0,bacteria,actinomycetota,rubrobacteria,rubrobacterales,rubrobacteraceae,rubrobacter,rubrobacter xylanophilus
Zotu1852,0.334057,0.123113,0.0,0.0,0.0,0.0,0.00314,0.0,archaea,methanobacteriota,archaeoglobi,archaeoglobales,archaeoglobaceae,archaeoglobus,archaeoglobus profundus
Zotu1853,0.0,0.0,0.0,0.0,0.0,0.0,0.0,0.0,bacteria,planctomycetota,phycisphaerae,tepidisphaerales,tepidisphaeraceae,tepidisphaera,tepidisphaera mucosa
Zotu1854,0.0,0.0,0.0,0.0,0.0,0.003173,0.0,0.025122,bacteria,actinomycetota,actinomycetes,propionibacteriales,nocardioidaceae,nocardioides,nocardioides marmoribigeumensis
Zotu1855,0.003341,0.00324,0.0,0.0,0.003245,0.0,0.0,0.00314,bacteria,bacteroidota,cytophagia,cytophagales,flexibacteraceae,flexibacter,flexibacter flexilis
Zotu1856,0.0,0.022679,0.0,0.0,0.0,0.0,0.0,0.0,archaea,methanobacteriota,thermoplasmata,methanomassiliicoccales,candidatus methanomethylophilaceae,candidatus methanomethylophilus,candidatus methanomethylophilus alvus
Zotu1857,0.016703,0.009719,0.060285,0.0,0.087628,0.0,0.037674,0.00314,bacteria,actinomycetota,rubrobacteria,rubrobacterales,rubrobacteraceae,rubrobacter,rubrobacter xylanophilus
Zotu1858,0.003341,0.00648,0.006346,0.003074,0.172011,0.123762,0.037674,0.0,bacteria,chloroflexota,chloroflexia,chloroflexales,roseiflexaceae,kouleothrix,kouleothrix aurantiaca
Zotu1859,0.0,0.0,0.0,0.0,0.0,0.0,0.043953,0.00314,bacteria,pseudomonadota,betaproteobacteria,burkholderiales,oxalobacteraceae,noviherbaspirillum,noviherbaspirillum denitrificans
Zotu1860,0.0,0.0,0.0,0.0,0.003245,0.003173,0.00314,0.0,bacteria,pseudomonadota,alphaproteobacteria,rhodospirillales,azospirillaceae,skermanella,skermanella rubra
Zotu1861,0.0,0.0,0.0,0.003074,0.0,0.0,0.012558,0.0,bacteria,acidobacteriota,blastocatellia,blastocatellales,arenimicrobiaceae,brevitalea,brevitalea aridisoli
Zotu1862,0.0,0.0,0.0,0.0,0.0,0.0,0.018837,0.0,bacteria,pseudomonadota,alphaproteobacteria,hyphomicrobiales,phyllobacteriaceae,mesorhizobium,mesorhizobium amorphae
Zotu1863,0.0,0.00324,0.0,0.0,0.0,0.003173,0.00314,0.0,bacteria,actinomycetota,thermoleophilia,solirubrobacterales,baekduiaceae,baekduia,baekduia soli
Zotu1864,0.030065,0.022679,0.003173,0.003074,0.136311,0.120589,0.0,0.00314,bacteria,verrucomicrobiota,verrucomicrobiae,verrucomicrobiales,verrucomicrobia subdivision 3,pedosphaera,pedosphaera parvula
Zotu1865,0.0,0.0,0.0,0.0,0.0,0.0,0.0,0.0,bacteria,bacteroidota,cytophagia,cytophagales,hymenobacteraceae,pontibacter,pontibacter korlensis
Zotu1866,0.183731,0.019439,0.04442,0.0,0.077892,0.003173,0.0,0.00314,bacteria,nitrospirota,nitrospira,nitrospirales,nitrospiraceae,nitrospira,nitrospira enrichment
Zotu1867,0.0,0.00324,0.0,0.0,0.087628,0.117416,0.056511,0.018841,bacteria,pseudomonadota,alphaproteobacteria,hyphomicrobiales,methylocystaceae,methylosinus,methylosinus trichosporium
Zotu1868,0.0,0.0,0.0,0.0,0.003245,0.0,0.0,0.0,bacteria,actinomycetota,actinomycetes,kitasatosporales,streptomycetaceae,streptomyces,streptomyces verrucosisporus
Zotu1869,0.0,0.0,0.0,0.0,0.003245,0.0,0.0,0.0,bacteria,actinomycetota,actinomycetes,propionibacteriales,nocardioidaceae,nocardioides,nocardioides pyridinolyticus
Zotu1870,0.016703,0.0,0.0,0.003074,0.0,0.0,0.00314,0.00314,bacteria,actinomycetota,thermoleophilia,solirubrobacterales,parviterribacteraceae,parviterribacter,parviterribacter kavangonensis
Zotu1871,0.003341,0.0,0.0,0.0,0.0,0.0,0.0,0.00314,bacteria,actinomycetota,actinomycetes,pseudonocardiales,pseudonocardiaceae,actinomycetospora,actinomycetospora corticicola
Zotu1872,0.010022,0.00324,0.003173,0.0,0.006491,0.0,0.0,0.00628,bacteria,pseudomonadota,alphaproteobacteria,sphingomonadales,sphingomonadaceae,sphingomonas,sphingomonas trueperi
Zotu1873,0.0,0.0,0.0,0.0,0.0,0.0,0.0,0.0,bacteria,chloroflexota,tepidiformia,tepidiformales,tepidiformaceae,tepidiforma,tepidiforma bonchosmolovskayae
Zotu1874,0.063471,0.0,0.0,0.0,0.0,0.0,0.0,0.00314,bacteria,pseudomonadota,alphaproteobacteria,hyphomicrobiales,hyphomicrobiaceae,rhodoplanes,rhodoplanes elegans
Zotu1875,0.006681,0.022679,0.14278,0.0,0.0,0.006347,0.034535,0.0,bacteria,actinomycetota,thermoleophilia,miltoncostaeales,miltoncostaeaceae,miltoncostaea,miltoncostaea marina
Zotu1876,0.0,0.0,0.0,0.0,0.006491,0.0,0.00314,0.0,bacteria,actinomycetota,actinomycetes,frankiales,frankiaceae,frankia,frankia alni
Zotu1877,0.0,0.00324,0.006346,0.0,0.006491,0.0,0.00314,0.015701,bacteria,acidobacteriota,blastocatellia,blastocatellales,blastocatellaceae,aridibacter,aridibacter famidurans
Zotu1878,0.0,0.071276,0.117397,0.003074,0.0,0.012694,0.018837,0.0,bacteria,actinomycetota,acidimicrobiia,acidimicrobiales,acidimicrobiaceae,aciditerrimonas,aciditerrimonas ferrireducens
Zotu1879,0.0,0.00324,0.0,0.0,0.006491,0.003173,0.169534,0.009421,bacteria,pseudomonadota,gammaproteobacteria,xanthomonadales,xanthomonadaceae,lysobacter,lysobacter bugurensis
Zotu1880,0.0,0.00648,0.0,0.0,0.0,0.0,0.0,0.097347,bacteria,pseudomonadota,alphaproteobacteria,hyphomicrobiales,methylobacteriaceae,microvirga,microvirga lenta
Zotu1881,0.003341,0.0,0.0,0.0,0.0,0.0,0.0,0.0,bacteria,actinomycetota,nitriliruptoria,egibacterales,egibacteraceae,egibacter,egibacter rhizosphaerae
Zotu1882,0.020043,0.090715,0.003173,0.0,0.223939,0.0,0.0,0.00628,bacteria,planctomycetota,planctomycetia,gemmatales,gemmataceae,gemmata,gemmata obscuriglobus
Zotu1883,0.0,0.0,0.038075,0.003074,0.305076,0.082508,0.00314,0.00628,bacteria,acidobacteriota,acidobacteriia,acidobacteriales,acidobacteriaceae,candidatus koribacter,candidatus koribacter versatilis
Zotu1884,0.0,0.00324,0.0,0.0,0.0,0.006347,0.06279,0.00628,bacteria,gemmatimonadota,longimicrobiia,longimicrobiales,longimicrobiaceae,longimicrobium,longimicrobium terrae
Zotu1885,0.006681,0.00324,0.0,0.0,0.006491,0.003173,0.018837,0.0,bacteria,pseudomonadota,gammaproteobacteria,enterobacterales,enterobacteriaceae,escherichia,escherichia fergusonii
Zotu1886,0.0,0.0,0.003173,0.003074,0.0,0.003173,0.172674,0.191553,bacteria,chloroflexota,chloroflexia,kallotenuales,kallotenuaceae,kallotenue,kallotenue papyrolyticum
Zotu1887,0.0,0.0,0.0,0.0,0.0,0.0,0.0,0.0,bacteria,pseudomonadota,alphaproteobacteria,sphingomonadales,sphingomonadaceae,sphingomonas,sphingomonas montis
Zotu1888,0.0,0.0,0.0,0.0,0.0,0.0,0.0,0.0,archaea,methanobacteriota,halobacteria,halobacteriales,halobacteriaceae,halorubrum,halorubrum vacuolatum
Zotu1889,0.006681,0.00648,0.003173,0.0,0.0,0.003173,0.0,0.0,bacteria,actinomycetota,actinomycetes,propionibacteriales,kribbellaceae,kribbella,kribbella alba
Zotu1890,0.006681,0.019439,0.063458,0.003074,0.0,0.003173,0.00314,0.0,bacteria,actinomycetota,acidimicrobiia,acidimicrobiales,iamiaceae,rhabdothermincola,rhabdothermincola sediminis
Zotu1891,0.0,0.0,0.0,0.0,0.081137,0.0,0.0,0.0,archaea,methanobacteriota,thermoplasmata,methanomassiliicoccales,methanomassiliicoccaceae,methanomassiliicoccus,methanomassiliicoccus luminyensis
Zotu1892,0.0,0.0,0.0,0.0,0.0,0.0,0.0,0.0,bacteria,verrucomicrobiota,verrucomicrobiae,verrucomicrobiales,verrucomicrobia subdivision 3,pedosphaera,pedosphaera parvula
Zotu1893,0.0,0.0,0.072976,0.0,0.0,0.0,0.0,0.0,bacteria,pseudomonadota,oligoflexia,bdellovibrionales,bdellovibrionaceae,bdellovibrio,bdellovibrio bacteriovorus
Zotu1894,0.0,0.0,0.0,0.0,0.0,0.0,0.0,0.00628,bacteria,actinomycetota,thermoleophilia,miltoncostaeales,miltoncostaeaceae,miltoncostaea,miltoncostaea marina
Zotu1895,0.0,0.016199,0.0,0.003074,0.0,0.006347,0.0,0.056524,bacteria,bacillota,bacilli,bacillales,paenibacillaceae,paenibacillus,paenibacillus antri
Zotu1896,0.0,0.0,0.0,0.0,0.0,0.0,0.0,0.00314,bacteria,myxococcota,myxococcota,polyangiales,polyangiaceae,byssovorax,byssovorax cruenta
Zotu1898,0.0,0.0,0.04442,0.215193,0.142802,0.0,0.053372,0.00314,bacteria,bacillota,clostridia,eubacteriales,symbiobacteriaceae,symbiobacterium,symbiobacterium terraclitae
Zotu1899,0.003341,0.0,0.0,0.0,0.0,0.0,0.0,0.0,bacteria,actinomycetota,thermoleophilia,solirubrobacterales,capillimicrobiaceae,capillimicrobium,capillimicrobium parvum
Zotu1900,0.113579,0.061556,0.501317,0.006148,0.0,0.006347,0.006279,0.009421,bacteria,acidobacteriota,blastocatellia,blastocatellales,pyrinomonadaceae,pyrinomonas,pyrinomonas methylaliphatogenes
Zotu1901,0.0,0.019439,0.092014,0.0,0.0,0.444275,0.031395,0.00314,bacteria,planctomycetota,phycisphaerae,tepidisphaerales,tepidisphaeraceae,tepidisphaera,tepidisphaera mucosa
Zotu1902,0.0,0.0,0.003173,0.0,0.0,0.0,0.0,0.0,bacteria,actinomycetota,nitriliruptoria,egicoccales,egicoccaceae,egicoccus,egicoccus halophilus
Zotu1903,0.003341,0.00324,0.0,0.0,0.0,0.003173,0.00314,0.018841,bacteria,thermodesulfobacteriota,desulfuromonadia,desulfuromonadales,desulfuromonadaceae,pelobacter,pelobacter seleniigenes
Zotu1904,0.0,0.0,0.0,0.0,0.0,0.0,0.0,0.0,bacteria,planctomycetota,planctomycetia,pirellulales,pirellulaceae,blastopirellula,blastopirellula marina
Zotu1905,0.013362,0.032398,0.0,0.0,0.0,0.0,0.00314,0.021981,bacteria,bacillota,bacilli,bacillales,bacillaceae,bacillus,bacillus niabensis
Zotu1906,0.0,0.0,0.0,0.0,0.0,0.0,0.0,0.0,bacteria,chloroflexota,candidatus thermofonsia,phototrophicales,phototrophicaceae,phototrophicus,phototrophicus methaneseepsis
Zotu1907,0.013362,0.064796,0.0,0.0,0.0,0.0,0.0,0.0,bacteria,acidobacteriota,vicinamibacteria,vicinamibacterales,vicinamibacteraceae,luteitalea,luteitalea pratensis
Zotu1908,0.0,0.0,0.0,0.0,0.0,0.0,0.0,0.0,bacteria,planctomycetota,phycisphaerae,tepidisphaerales,tepidisphaeraceae,tepidisphaera,tepidisphaera mucosa
Zotu1909,0.023384,0.038878,0.0,0.0,0.0,0.0,0.0,0.00314,bacteria,pseudomonadota,alphaproteobacteria,rhodospirillales,rhodospirillaceae,ferruginivarius,ferruginivarius sediminum
Zotu1910,0.003341,0.00324,0.0,0.0,0.0,0.00952,0.0,0.0,bacteria,actinomycetota,thermoleophilia,thermoleophilales,thermoleophilaceae,thermoleophilum,thermoleophilum album
Zotu1911,0.0,0.00324,0.0,0.0,0.006491,0.0,0.00314,0.0,bacteria,pseudomonadota,gammaproteobacteria,pseudomonadales,pseudomonadaceae,pseudomonas,pseudomonas xinjiangensis
Zotu1912,0.0,0.0,0.003173,0.0,0.0,0.0,0.0,0.0,bacteria,actinomycetota,actinomycetes,pseudonocardiales,pseudonocardiaceae,pseudonocardia,pseudonocardia hierapolitana
Zotu1913,0.0,0.0,0.0,0.003074,0.003245,0.18723,0.178953,0.00628,bacteria,acidobacteriota,vicinamibacteria,vicinamibacterales,vicinamibacteraceae,vicinamibacter,vicinamibacter silvestris
Zotu1914,0.0,0.0,0.006346,0.0,0.0,0.003173,0.0,0.0,bacteria,planctomycetota,planctomycetia,pirellulales,pirellulaceae,anatilimnocola,anatilimnocola aggregata
Zotu1915,0.273927,0.077755,0.0,0.0,0.006491,0.0,0.012558,0.0,bacteria,pseudomonadota,hydrogenophilia,hydrogenophilia,hydrogenophilia,pelomicrobium,pelomicrobium methylotrophicum
Zotu1916,0.006681,0.00648,0.0,0.0,0.003245,0.155496,0.06593,0.00314,bacteria,verrucomicrobiota,verrucomicrobiae,verrucomicrobiales,verrucomicrobia subdivision 3,pedosphaera,pedosphaera parvula
Zotu1917,0.0,0.0,0.0,0.003074,0.045437,0.022214,0.084767,0.084786,bacteria,gemmatimonadota,longimicrobiia,longimicrobiales,longimicrobiaceae,longimicrobium,longimicrobium terrae
Zotu1918,0.020043,0.110154,0.092014,0.006148,0.003245,0.0,0.006279,0.0,bacteria,verrucomicrobiota,verrucomicrobiae,verrucomicrobiales,verrucomicrobia subdivision 3,pedosphaera,pedosphaera parvula
Zotu1919,0.0,0.0,0.0,0.0,0.0,0.0,0.0,0.0,bacteria,planctomycetota,phycisphaerae,tepidisphaerales,tepidisphaeraceae,tepidisphaera,tepidisphaera mucosa
Zotu1920,0.0,0.0,0.0,0.0,0.0,0.0,0.0,0.028262,bacteria,pseudomonadota,alphaproteobacteria,rhodospirillales,acetobacteraceae,falsiroseomonas,falsiroseomonas riguiloci
Zotu1922,0.0,0.0,0.0,0.0,0.0,0.0,0.0,0.0,bacteria,pseudomonadota,alphaproteobacteria,rickettsiales,candidatus midichloriaceae,candidatus defluviella,candidatus defluviella procrastinata
Zotu1923,0.0,0.0,0.003173,0.003074,0.0,0.0,0.006279,0.0,bacteria,thermodesulfobacteriota,desulfuromonadia,desulfuromonadales,desulfuromonadaceae,pelobacter,pelobacter seleniigenes
Zotu1924,0.003341,0.0,0.0,0.0,0.003245,0.0,0.006279,0.009421,bacteria,pseudomonadota,alphaproteobacteria,hyphomicrobiales,methylobacteriaceae,microvirga,microvirga thermotolerans
Zotu1925,0.0,0.00324,0.0,0.0,0.0,0.003173,0.0,0.00314,bacteria,chloroflexota,chloroflexia,kallotenuales,kallotenuaceae,kallotenue,kallotenue papyrolyticum
Zotu1926,0.0,0.00324,0.0,0.0,0.0,0.0,0.0,0.00314,bacteria,actinomycetota,thermoleophilia,solirubrobacterales,baekduiaceae,baekduia,baekduia soli
Zotu1927,0.0,0.0,0.0,0.0,0.0,0.0,0.0,0.0,bacteria,pseudomonadota,alphaproteobacteria,sphingomonadales,sphingomonadaceae,sphingomonas,sphingomonas parvus
Zotu1928,0.006681,0.0,0.006346,0.003074,0.003245,0.0,0.0,0.0,bacteria,bacillota,bacilli,bacillales,bacillaceae,bacillus,bacillus infantis
Zotu1929,0.0,0.012959,0.0,0.0,0.0,0.0,0.0,0.0,bacteria,pseudomonadota,alphaproteobacteria,geminicoccales,geminicoccaceae,arboricoccus,arboricoccus pini
Zotu1930,0.0,0.0,0.0,0.0,0.0,0.0,0.0,0.00314,bacteria,actinomycetota,actinomycetes,micrococcales,cellulomonadaceae,cellulomonas,cellulomonas biazotea
Zotu1931,0.016703,0.0,0.003173,0.006148,0.0,0.003173,0.0,0.0,bacteria,acidobacteriota,vicinamibacteria,vicinamibacterales,vicinamibacteraceae,luteitalea,luteitalea pratensis
Zotu1932,0.0,0.019439,0.038075,0.30127,0.0,0.0,0.009419,0.00314,bacteria,actinomycetota,actinomycetia,streptomycetales,streptomycetaceae,streptomyces,streptomyces glaucosporus
Zotu1933,0.0,0.00324,0.003173,0.0,0.003245,0.0,0.025116,0.125608,bacteria,gemmatimonadota,gemmatimonadetes,gemmatimonadales,gemmatimonadaceae,gemmatimonas,gemmatimonas aurantiaca
Zotu1934,0.0,0.382298,0.034902,0.003074,0.006491,0.006347,0.006279,0.0,bacteria,chloroflexota,anaerolineae,anaerolineales,anaerolineaceae,bellilinea,bellilinea caldifistulae
Zotu1935,0.0,0.00324,0.0,0.0,0.0,0.044428,0.012558,0.028262,bacteria,chloroflexota,chloroflexia,kallotenuales,kallotenuaceae,kallotenue,kallotenue papyrolyticum
Zotu1936,0.003341,0.0,0.0,0.0,0.0,0.0,0.0,0.0,bacteria,actinomycetota,actinomycetes,kitasatosporales,streptomycetaceae,streptomyces,streptomyces janthinus
Zotu1937,0.0,0.022679,0.006346,0.003074,0.0,0.0,0.0,0.0,bacteria,actinomycetota,rubrobacteria,gaiellales,gaiellaceae,gaiella,gaiella occulta
Zotu1938,0.0,0.0,0.050766,0.276676,0.0,0.0,0.0,0.0,bacteria,vulcanimicrobiota,vulcanimicrobiia,vulcanimicrobiales,vulcanimicrobiaceae,vulcanimicrobium,vulcanimicrobium alpinum
Zotu1940,0.0,0.0,0.0,0.0,0.162274,0.114242,0.06279,0.00314,bacteria,planctomycetota,phycisphaerae,tepidisphaerales,tepidisphaeraceae,tepidisphaera,tepidisphaera mucosa
Zotu1941,0.0,0.0,0.0,0.006148,0.0,0.006347,0.0,0.113048,bacteria,verrucomicrobiota,verrucomicrobiae,verrucomicrobiales,verrucomicrobia subdivision 3,pedosphaera,pedosphaera parvula
Zotu1942,0.0,0.0,0.0,0.0,0.003245,0.003173,0.0,0.00628,bacteria,actinomycetota,actinomycetes,propionibacteriales,nocardioidaceae,nocardioides,nocardioides litorisoli
Zotu1943,0.050109,0.025918,0.003173,0.245934,0.022718,0.0,0.0,0.0,bacteria,thermomicrobiota,thermomicrobia,sphaerobacterales,sphaerobacteraceae,nitrolancea,nitrolancea hollandica
Zotu1944,0.003341,0.00324,0.0,0.0,0.0,0.307819,0.006279,0.0,bacteria,planctomycetota,phycisphaerae,tepidisphaerales,tepidisphaeraceae,tepidisphaera,tepidisphaera mucosa
Zotu1945,0.130282,0.029158,0.066631,0.0,0.003245,0.0,0.006279,0.0,bacteria,acidobacteriota,vicinamibacteria,vicinamibacterales,vicinamibacteraceae,vicinamibacter,vicinamibacter silvestris
Zotu1946,0.016703,0.00648,0.02221,0.261305,0.022718,0.003173,0.00314,0.0,bacteria,actinomycetota,rubrobacteria,rubrobacterales,rubrobacteraceae,rubrobacter,rubrobacter radiotolerans
Zotu1947,0.0,0.0,0.0,0.0,0.0,0.0,0.0,0.0,bacteria,myxococcota,myxococcia,myxococcales,myxococcaceae,corallococcus,corallococcus macrosporus
Zotu1948,0.003341,0.016199,0.0,0.003074,0.032455,0.060294,0.00314,0.0,bacteria,actinomycetota,rubrobacteria,gaiellales,gaiellaceae,gaiella,gaiella occulta
Zotu1949,0.210456,0.100434,0.0,0.0,0.0,0.041254,0.00314,0.0,bacteria,thermodesulfobacteriota,desulfobulbia,desulfobulbales,desulfobulbaceae,desulfolithobacter,desulfolithobacter dissulfuricans
Zotu1950,0.0,0.00324,0.0,0.0,0.0,0.0,0.0,0.00628,bacteria,actinomycetota,actinomycetes,frankiales,frankiaceae,pseudofrankia,pseudofrankia inefficax
Zotu1951,0.0,0.0,0.0,0.0,0.003245,0.0,0.0,0.034542,bacteria,deinococcota,deinococci,deinococcales,deinococcaceae,deinococcus,deinococcus maricopensis
Zotu1952,0.0,0.0,0.0,0.0,0.0,0.0,0.0,0.031402,bacteria,bacteroidota,cytophagia,cytophagales,cesiribacteraceae,cesiribacter,cesiribacter roseus
Zotu1954,0.0,0.0,0.0,0.0,0.0,0.0,0.0,0.0,bacteria,bacillota,bacilli,lactobacillales,streptococcaceae,streptococcus,streptococcus salivarius
Zotu1956,0.110239,0.207348,0.092014,0.0,0.003245,0.0,0.0,0.0,bacteria,planctomycetota,planctomycetia,gemmatales,gemmataceae,gemmata,gemmata obscuriglobus
Zotu1957,0.003341,0.0,0.0,0.006148,0.0,0.0,0.0,0.0,bacteria,actinomycetota,actinomycetes,micrococcales,microbacteriaceae,protaetiibacter,protaetiibacter larvae
Zotu1958,0.006681,0.0,0.0,0.0,0.0,0.003173,0.0,0.0,bacteria,pseudomonadota,gammaproteobacteria,xanthomonadales,xanthomonadaceae,pseudoxanthomonas,pseudoxanthomonas taiwanensis
Zotu1959,0.0,0.0,0.0,0.0,0.003245,0.0,0.0,0.0,bacteria,actinomycetota,acidimicrobiia,acidimicrobiales,iamiaceae,actinomarinicola,actinomarinicola tropica
Zotu1960,0.003341,0.0,0.0,0.0,0.0,0.0,0.0,0.0,bacteria,verrucomicrobiota,spartobacteria,chthoniobacterales,chthoniobacteraceae,chthoniobacter,chthoniobacter flavus
Zotu1961,0.003341,0.0,0.0,0.0,0.003245,0.0,0.0,0.028262,bacteria,verrucomicrobiota,verrucomicrobiae,verrucomicrobiales,verrucomicrobia subdivision 3,pedosphaera,pedosphaera parvula
Zotu1962,0.0,0.0,0.0,0.0,0.0,0.0,0.0,0.00314,bacteria,pseudomonadota,alphaproteobacteria,hyphomicrobiales,methylobacteriaceae,methylobacterium,methylobacterium iners
Zotu1963,0.0,0.0,0.0,0.0,0.0,0.003173,0.0,0.031402,bacteria,chloroflexota,chloroflexia,chloroflexales,roseiflexaceae,kouleothrix,kouleothrix aurantiaca
Zotu1964,0.003341,0.00324,0.0,0.003074,0.204466,0.034907,0.00314,0.0,bacteria,actinomycetota,rubrobacteria,rubrobacterales,rubrobacteraceae,rubrobacter,rubrobacter naiadicus
Zotu1965,0.0,0.0,0.0,0.0,0.003245,0.0,0.0,0.0,bacteria,pseudomonadota,betaproteobacteria,neisseriales,neisseriaceae,neisseria,neisseria shayeganii
Zotu1966,0.0,0.0,0.0,0.0,0.0,0.003173,0.0,0.0,bacteria,planctomycetota,planctomycetia,gemmatales,gemmataceae,urbifossiella,urbifossiella limnaea
Zotu1967,0.003341,0.00648,0.009519,0.0,0.003245,0.006347,0.021977,0.015701,bacteria,bacillota,bacilli,bacillales,bacillaceae,bacillus,bacillus licheniformis
Zotu1968,0.0,0.0,0.0,0.0,0.0,0.0,0.0,0.0,bacteria,bacillota,clostridia,eubacteriales,desulfotomaculaceae,pelotomaculum,pelotomaculum terephthalicicum
Zotu1969,0.0,0.0,0.0,0.0,0.0,0.0,0.0,0.075365,bacteria,bacteroidota,sphingobacteriia,sphingobacteriales,sphingobacteriaceae,pedobacter,pedobacter mongoliensis
Zotu1970,0.003341,0.0,0.0,0.0,0.0,0.003173,0.00314,0.0,bacteria,actinomycetota,actinomycetes,kitasatosporales,streptomycetaceae,streptomyces,streptomyces thermoalkaliphilus
Zotu1971,0.006681,0.055077,0.038075,0.0,0.003245,0.01904,0.0,0.00628,bacteria,chloroflexota,chloroflexota,chloroflexota,chloroflexota,thermobaculum,thermobaculum terrenum
Zotu1972,0.0,0.009719,0.0,0.0,0.0,0.076161,0.546277,0.0,archaea,methanobacteriota,thermoplasmata,methanomassiliicoccales,methanomassiliicoccaceae,methanomassiliicoccus,candidatus methanomassiliicoccus intestinalis
Zotu1973,0.0,0.0,0.003173,0.0,0.0,0.0,0.0,0.00314,bacteria,bacteroidota,chitinophagia,chitinophagales,chitinophagaceae,flavisolibacter,flavisolibacter swuensis
Zotu1974,0.0,0.0,0.0,0.0,0.0,0.0,0.0,0.0,bacteria,bacillota,bacilli,lactobacillales,enterococcaceae,enterococcus,enterococcus cecorum
Zotu1975,0.0,0.0,0.003173,0.0,0.0,0.0,0.0,0.0,bacteria,bacteroidota,sphingobacteriia,sphingobacteriales,sphingobacteriaceae,sphingobacterium,sphingobacterium shayense
Zotu1976,0.050109,0.035638,0.0,0.0,0.0,0.003173,0.021977,0.0,bacteria,chloroflexota,tepidiformia,tepidiformales,tepidiformaceae,tepidiforma,tepidiforma bonchosmolovskayae
Zotu1978,0.0,0.0,0.0,0.0,0.0,0.006347,0.0,0.0,bacteria,chloroflexota,tepidiformia,tepidiformales,tepidiformaceae,tepidiforma,tepidiforma bonchosmolovskayae
Zotu1979,0.0,0.0,0.0,0.003074,0.0,0.003173,0.00314,0.0,bacteria,bacillota,clostridia,eubacteriales,symbiobacteriaceae,symbiobacterium,symbiobacterium terraclitae
Zotu1980,0.0,0.0,0.0,0.0,0.0,0.0,0.0,0.028262,bacteria,actinomycetota,actinomycetes,micrococcales,microbacteriaceae,microbacterium,microbacterium lacusdiani
Zotu1981,0.0,0.0,0.0,0.003074,0.0,0.0,0.00314,0.0,bacteria,verrucomicrobiota,verrucomicrobiae,limisphaerales,fontisphaeraceae,fontisphaera,fontisphaera persica
Zotu1982,0.003341,0.0,0.0,0.0,0.0,0.0,0.0,0.0,bacteria,bacillota,bacilli,bacillales,paenibacillaceae,cohnella,cohnella arctica
Zotu1983,0.0,0.0,0.0,0.0,0.0,0.0,0.0,0.0,bacteria,actinomycetota,rubrobacteria,gaiellales,gaiellaceae,gaiella,gaiella occulta
Zotu1984,0.100217,0.035638,0.244313,0.0,0.048682,0.006347,0.0,0.0,bacteria,actinomycetota,actinomycetia,streptosporangiales,streptosporangiaceae,thermobispora,thermobispora bispora
Zotu1985,0.0,0.0,0.0,0.0,0.0,0.0,0.0,0.0,bacteria,bacteroidota,sphingobacteriia,sphingobacteriales,sphingobacteriaceae,pedobacter,pedobacter mongoliensis
Zotu1986,0.006681,0.0,0.0,0.0,0.003245,0.006347,0.0,0.0,bacteria,pseudomonadota,alphaproteobacteria,rhodospirillales,azospirillaceae,skermanella,skermanella rubra
Zotu1987,0.0,0.0,0.0,0.003074,0.0,0.022214,0.0,0.0,bacteria,actinomycetota,acidimicrobiia,acidimicrobiales,iamiaceae,actinomarinicola,actinomarinicola tropica
Zotu1989,0.036746,0.048597,0.088841,0.009223,0.155783,0.012694,0.0,0.00314,bacteria,actinomycetota,rubrobacteria,gaiellales,gaiellaceae,gaiella,gaiella occulta
Zotu1990,0.0,0.00324,0.0,0.0,0.0,0.0,0.00314,0.00314,bacteria,actinomycetota,actinomycetes,geodermatophilales,geodermatophilaceae,geodermatophilus,geodermatophilus nigrescens
Zotu1991,0.0,0.019439,0.003173,0.003074,0.0,0.060294,0.009419,0.00314,bacteria,acidobacteriota,vicinamibacteria,vicinamibacterales,vicinamibacteraceae,vicinamibacter,vicinamibacter silvestris
Zotu1992,0.006681,0.00324,0.003173,0.227489,0.006491,0.0,0.0,0.0,bacteria,actinomycetota,thermoleophilia,solirubrobacterales,solirubrobacteraceae,solirubrobacter,solirubrobacter ginsenosidimutans
Zotu1993,0.0,0.0,0.0,0.0,0.0,0.0,0.0,0.0,bacteria,chloroflexota,chloroflexia,kallotenuales,kallotenuaceae,kallotenue,kallotenue papyrolyticum
Zotu1994,0.090195,0.0,0.114224,0.0,0.0,0.111069,0.00314,0.0,bacteria,acidobacteriota,vicinamibacteria,vicinamibacterales,vicinamibacteraceae,luteitalea,luteitalea pratensis
Zotu1995,0.013362,0.00324,0.006346,0.0,0.025964,0.057121,0.00314,0.021981,bacteria,actinomycetota,rubrobacteria,rubrobacterales,rubrobacteraceae,rubrobacter,rubrobacter spartanus
Zotu1996,0.0,0.0,0.0,0.003074,0.003245,0.0,0.015698,0.012561,bacteria,gemmatimonadota,gemmatimonadetes,gemmatimonadales,gemmatimonadaceae,roseisolibacter,roseisolibacter agri
Zotu1997,0.050109,0.042118,0.034902,0.0,0.006491,0.314166,0.028256,0.015701,bacteria,acidobacteriota,vicinamibacteria,vicinamibacterales,vicinamibacteraceae,luteitalea,luteitalea pratensis
Zotu1998,0.003341,0.00324,0.003173,0.0,0.0,0.0,0.006279,0.059664,archaea,methanobacteriota,thermoplasmata,methanomassiliicoccales,methanomassiliicoccaceae,methanomassiliicoccus,candidatus methanomassiliicoccus intestinalis
Zotu1999,0.0,0.0,0.0,0.0,0.006491,0.003173,0.0,0.0,bacteria,pseudomonadota,alphaproteobacteria,hyphomicrobiales,kaistiaceae,kaistia,kaistia granuli
Zotu2000,0.0,0.0,0.0,0.0,0.003245,0.0,0.0,0.0,bacteria,actinomycetota,actinomycetes,geodermatophilales,geodermatophilaceae,geodermatophilus,geodermatophilus saharensis
Zotu2001,0.0,0.0,0.0,0.0,0.0,0.0,0.0,0.0,bacteria,pseudomonadota,alphaproteobacteria,caulobacterales,caulobacteraceae,phenylobacterium,phenylobacterium haematophilum
Zotu2002,0.0,0.00324,0.0,0.0,0.0,0.0,0.0,0.00314,bacteria,chloroflexota,caldilineae,caldilineales,caldilineaceae,caldilinea,caldilinea aerophila
Zotu2003,0.063471,0.080995,0.133261,0.003074,0.0357,0.00952,0.00314,0.009421,bacteria,actinomycetota,acidimicrobiia,acidimicrobiales,acidimicrobiaceae,aciditerrimonas,aciditerrimonas ferrireducens
Zotu2004,0.0,0.0,0.0,0.0,0.0,0.0,0.0,0.00314,bacteria,bacillota,bacillota,bacillota,bacillota,hydrogenispora,hydrogenispora ethanolica
Zotu2005,0.0,0.012959,0.09836,0.292047,0.038946,0.031734,0.072209,0.018841,archaea,nitrososphaerota,nitrososphaeria,nitrososphaerales,nitrososphaeraceae,nitrososphaera,candidatus nitrososphaera gargensis
Zotu2007,0.0,0.0,0.0,0.0,0.006491,0.006347,0.00314,0.00314,bacteria,pseudomonadota,alphaproteobacteria,sphingomonadales,sphingomonadaceae,novosphingobium,novosphingobium naphthae
Zotu2008,0.0,0.0,0.003173,0.0,0.0,0.0,0.0,0.00314,bacteria,chloroflexota,chloroflexia,herpetosiphonales,herpetosiphonaceae,herpetosiphon,herpetosiphon aurantiacus
Zotu2009,0.0,0.0,0.114224,0.0,0.0,0.006347,0.034535,0.0,bacteria,thermodesulfobacteriota,desulfuromonadia,desulfuromonadales,geoalkalibacteraceae,geoalkalibacter,geoalkalibacter ferrihydriticus
Zotu2010,0.013362,0.090715,0.0,0.24286,0.0,0.006347,0.0,0.0,bacteria,chloroflexota,tepidiformia,tepidiformales,tepidiformaceae,tepidiforma,tepidiforma bonchosmolovskayae
Zotu2011,0.0,0.0,0.0,0.003074,0.0,0.0,0.0,0.015701,bacteria,actinomycetota,actinomycetes,pseudonocardiales,pseudonocardiaceae,actinophytocola,actinophytocola gilvus
Zotu2012,0.0,0.012959,0.0,0.0,0.0,0.003173,0.00314,0.0,bacteria,actinomycetota,thermoleophilia,solirubrobacterales,solirubrobacteraceae,solirubrobacter,solirubrobacter phytolaccae
Zotu2014,0.090195,0.0,0.0,0.0,0.0,0.0,0.0,0.00628,bacteria,pseudomonadota,alphaproteobacteria,hyphomicrobiales,methylocystaceae,methylosinus,methylosinus sporium
Zotu2015,0.0,0.0,0.0,0.0,0.0,0.0,0.0,0.0,bacteria,pseudomonadota,alphaproteobacteria,rhodobacterales,roseobacteraceae,rubellimicrobium,rubellimicrobium aerolatum
Zotu2016,0.0,0.0,0.0,0.0,0.0,0.0,0.0,0.0,bacteria,balneolota,balneolia,balneolales,balneolaceae,halalkalibaculum,halalkalibaculum roseum
Zotu2017,0.0,0.0,0.0,0.288973,0.003245,0.0,0.0,0.0,bacteria,bacillota,bacilli,bacillales,paenibacillaceae,paenibacillus,paenibacillus profundus
Zotu2018,0.006681,0.0,0.003173,0.0,0.0,0.038081,0.0,0.0,bacteria,bacillota,clostridia,eubacteriales,thermincolaceae,thermincola,thermincola ferriacetica
Zotu2019,0.003341,0.0,0.003173,0.0,0.003245,0.0,0.0,0.0,bacteria,actinomycetota,nitriliruptoria,euzebyales,euzebyaceae,euzebya,euzebya tangerina
Zotu2020,0.0,0.0,0.0,0.0,0.0,0.003173,0.00314,0.00314,bacteria,chloroflexota,chloroflexia,kallotenuales,kallotenuaceae,kallotenue,kallotenue papyrolyticum
Zotu2021,0.0,0.0,0.0,0.0,0.003245,0.0,0.0,0.0,bacteria,bacteroidota,sphingobacteriia,sphingobacteriales,aurantibacillaceae,aurantibacillus,aurantibacillus circumpalustris
Zotu2022,0.0,0.0,0.0,0.0,0.0,0.006347,0.0,0.0,bacteria,planctomycetota,planctomycetia,gemmatales,gemmataceae,gemmata,gemmata palustris
Zotu2023,0.0,0.0,0.0,0.0,0.0,0.0,0.0,0.0,bacteria,chloroflexota,anaerolineae,anaerolineales,anaerolineaceae,thermanaerothrix,thermanaerothrix daxensis
Zotu2024,0.006681,0.00324,0.031729,0.0,0.155783,0.057121,0.037674,0.015701,bacteria,actinomycetota,rubrobacteria,gaiellales,gaiellaceae,gaiella,gaiella occulta
Zotu2025,0.0,0.0,0.0,0.0,0.0,0.0,0.0,0.028262,bacteria,pseudomonadota,alphaproteobacteria,hyphomicrobiales,methylobacteriaceae,microvirga,microvirga thermotolerans
Zotu2026,0.0,0.00324,0.0,0.0,0.0,0.006347,0.015698,0.056524,bacteria,pseudomonadota,alphaproteobacteria,sphingomonadales,sphingosinicellaceae,sphingosinicella,sphingosinicella humi
Zotu2027,0.0,0.0,0.0,0.0,0.0,0.006347,0.0,0.0,bacteria,actinomycetota,thermoleophilia,solirubrobacterales,conexibacteraceae,conexibacter,conexibacter stalactiti
Zotu2028,0.0,0.0,0.0,0.0,0.0,0.0,0.00314,0.00314,bacteria,actinomycetota,actinomycetes,geodermatophilales,geodermatophilaceae,blastococcus,blastococcus colisei
Zotu2029,0.0,0.0,0.0,0.0,0.003245,0.003173,0.0,0.0,bacteria,actinomycetota,actinomycetes,frankiales,frankiaceae,parafrankia,parafrankia discariae
Zotu2030,0.0,0.0,0.0,0.0,0.090874,0.044428,0.034535,0.0,bacteria,verrucomicrobiota,verrucomicrobiae,verrucomicrobiales,verrucomicrobia subdivision 3,pedosphaera,pedosphaera parvula
Zotu2031,0.0,0.0,0.0,0.0,0.0,0.003173,0.0,0.0,bacteria,actinomycetota,rubrobacteria,gaiellales,gaiellaceae,gaiella,gaiella occulta
Zotu2032,0.0,0.0,0.0,0.0,0.0,0.034907,0.0,0.0,bacteria,chloroflexota,chloroflexia,herpetosiphonales,herpetosiphonaceae,herpetosiphon,herpetosiphon aurantiacus
Zotu2033,0.0,0.0,0.0,0.0,0.0,0.0,0.0,0.0,bacteria,planctomycetota,planctomycetia,gemmatales,gemmataceae,limnoglobus,limnoglobus roseus
Zotu2034,0.050109,0.032398,0.003173,0.378124,0.009736,0.0,0.00314,0.0,bacteria,acidobacteriota,vicinamibacteria,vicinamibacterales,vicinamibacteraceae,luteitalea,luteitalea pratensis
Zotu2035,0.0,0.0,0.003173,0.003074,0.0,0.006347,0.00314,0.00314,bacteria,chloroflexota,chloroflexia,chloroflexales,roseiflexaceae,kouleothrix,kouleothrix aurantiaca
Zotu2036,0.003341,0.0,0.04442,0.0,0.084383,0.098375,0.00314,0.0,bacteria,actinomycetota,thermoleophilia,solirubrobacterales,baekduiaceae,baekduia,baekduia soli
Zotu2037,0.0,0.042118,0.0,0.0,0.0,0.0,0.0,0.0,bacteria,bacillota,bacilli,bacillales,paenibacillaceae,paenibacillus,paenibacillus darangshiensis
Zotu2038,0.013362,0.038878,0.034902,0.003074,0.0,0.003173,0.009419,0.0,bacteria,acidobacteriota,vicinamibacteria,vicinamibacterales,vicinamibacteraceae,luteitalea,luteitalea pratensis
Zotu2039,0.0,0.00324,0.003173,0.0,0.038946,0.0,0.00314,0.00314,bacteria,actinomycetota,actinomycetes,propionibacteriales,nocardioidaceae,nocardioides,nocardioides insulae
Zotu2040,0.0,0.0,0.0,0.0,0.0,0.0,0.0,0.0,bacteria,actinomycetota,actinomycetes,nakamurellales,nakamurellaceae,nakamurella,nakamurella endophytica
Zotu2041,0.0,0.0,0.003173,0.0,0.0,0.0,0.0,0.00314,bacteria,bacteroidota,sphingobacteriia,sphingobacteriales,sphingobacteriaceae,pedobacter,pedobacter edaphicus
Zotu2042,0.003341,0.0,0.0,0.0,0.0,0.0,0.006279,0.0,bacteria,pseudomonadota,betaproteobacteria,nitrosomonadales,methylophilaceae,novimethylophilus,novimethylophilus kurashikiensis
Zotu2043,0.123601,0.116633,0.126916,0.0,0.0,0.0,0.006279,0.00628,bacteria,gemmatimonadota,longimicrobiia,longimicrobiales,longimicrobiaceae,longimicrobium,longimicrobium terrae
Zotu2044,0.0,0.0,0.0,0.003074,0.0,0.003173,0.00314,0.00314,bacteria,acidobacteriota,blastocatellia,blastocatellales,blastocatellaceae,blastocatella,blastocatella fastidiosa
Zotu2045,0.096877,0.038878,0.0,0.0,0.0,0.0,0.006279,0.0,bacteria,bacillota,clostridia,eubacteriales,desulfotomaculaceae,pelotomaculum,pelotomaculum terephthalicicum
Zotu2046,0.0,0.019439,0.041248,0.0,0.003245,0.0,0.0,0.0,bacteria,actinomycetota,rubrobacteria,rubrobacterales,rubrobacteraceae,rubrobacter,rubrobacter naiadicus
Zotu2047,0.003341,0.0,0.050766,0.003074,0.068155,0.034907,0.163255,0.025122,bacteria,actinomycetota,rubrobacteria,rubrobacterales,rubrobacteraceae,rubrobacter,rubrobacter naiadicus
Zotu2048,0.0,0.009719,0.003173,0.006148,0.006491,0.0,0.0,0.0,bacteria,actinomycetota,acidimicrobiia,acidimicrobiales,iamiaceae,actinomarinicola,actinomarinicola tropica
Zotu2049,0.016703,0.016199,0.072976,0.144486,0.084383,0.031734,0.0,0.0,bacteria,gemmatimonadota,gemmatimonadetes,gemmatimonadales,gemmatimonadaceae,gemmatimonas,gemmatimonas phototrophica
Zotu2050,0.0,0.00324,0.0,0.0,0.0,0.003173,0.00314,0.0,bacteria,bacteroidota,cytophagia,cytophagales,cytophagaceae,rhodocytophaga,rhodocytophaga rosea
Zotu2051,0.250543,0.077755,0.003173,0.0,0.006491,0.0,0.0,0.00314,bacteria,planctomycetota,phycisphaerae,tepidisphaerales,tepidisphaeraceae,tepidisphaera,tepidisphaera mucosa
Zotu2052,0.0,0.0,0.003173,0.0,0.003245,0.0,0.050232,0.062804,bacteria,gemmatimonadota,longimicrobiia,longimicrobiales,longimicrobiaceae,longimicrobium,longimicrobium terrae
Zotu2053,0.0,0.00648,0.09836,0.003074,0.003245,0.0,0.0,0.0,bacteria,pseudomonadota,alphaproteobacteria,caulobacterales,caulobacteraceae,phenylobacterium,phenylobacterium mobile
Zotu2054,0.0,0.045357,0.04442,0.003074,0.269376,0.003173,0.00314,0.0,bacteria,actinomycetota,rubrobacteria,rubrobacterales,rubrobacteraceae,rubrobacter,rubrobacter taiwanensis
Zotu2055,0.0,0.016199,0.0,0.0,0.0,0.0,0.015698,0.018841,bacteria,bacillota,clostridia,eubacteriales,symbiobacteriaceae,symbiobacterium,symbiobacterium terraclitae
Zotu2056,0.0,0.0,0.0,0.0,0.0,0.006347,0.0,0.0,bacteria,actinomycetota,thermoleophilia,solirubrobacterales,parviterribacteraceae,parviterribacter,parviterribacter multiflagellatus
Zotu2057,0.0,0.00324,0.0,0.009223,0.003245,0.3459,0.050232,0.0,bacteria,planctomycetota,planctomycetia,pirellulales,pirellulaceae,candidatus anammoximicrobium,candidatus anammoximicrobium moscowii
Zotu2058,0.0,0.0,0.003173,0.003074,0.045437,0.0,0.028256,0.040823,bacteria,pseudomonadota,alphaproteobacteria,sphingomonadales,sphingomonadaceae,sphingomonas,sphingomonas wittichii
Zotu2059,0.0,0.0,0.0,0.0,0.0,0.0,0.0,0.0,bacteria,chloroflexota,anaerolineae,anaerolineales,anaerolineaceae,thermanaerothrix,thermanaerothrix daxensis
Zotu2060,0.0,0.0,0.0,0.003074,0.0,0.0,0.00314,0.0,bacteria,pseudomonadota,alphaproteobacteria,rhodobacterales,roseobacteraceae,rubellimicrobium,rubellimicrobium roseum
Zotu2061,0.0,0.0,0.0,0.0,0.0,0.0,0.0,0.0,bacteria,gemmatimonadota,gemmatimonadetes,gemmatimonadales,gemmatimonadaceae,roseisolibacter,roseisolibacter agri
Zotu2062,0.003341,0.042118,0.053939,0.0,0.003245,0.0,0.0,0.00314,bacteria,gemmatimonadota,longimicrobiia,longimicrobiales,longimicrobiaceae,longimicrobium,longimicrobium terrae
Zotu2063,0.0,0.00324,0.088841,0.0,0.003245,0.288779,0.097325,0.0,archaea,methanobacteriota,thermoplasmata,methanomassiliicoccales,methanomassiliicoccaceae,methanomassiliicoccus,candidatus methanomassiliicoccus intestinalis
Zotu2064,0.0,0.0,0.0,0.0,0.0,0.0,0.0,0.0,bacteria,bacillota,clostridia,eubacteriales,clostridiales family xvii. incertae sedis,thermaerobacter,thermaerobacter subterraneus
Zotu2065,0.0,0.0,0.0,0.0,0.0,0.0,0.0,0.0,bacteria,actinomycetota,thermoleophilia,solirubrobacterales,parviterribacteraceae,parviterribacter,parviterribacter multiflagellatus
Zotu2066,0.003341,0.009719,0.053939,0.0,0.0,0.0,0.028256,0.00314,bacteria,bacillota,bacilli,bacillales,paenibacillaceae,paenibacillus,paenibacillus antri
Zotu2067,0.0,0.0,0.0,0.0,0.0,0.0,0.0,0.00314,bacteria,bacteroidota,chitinophagia,chitinophagales,chitinophagaceae,flavisolibacter,flavisolibacter ginsengiterrae
Zotu2068,0.0,0.0,0.0,0.003074,0.0,0.0,0.0,0.0,bacteria,pseudomonadota,alphaproteobacteria,sphingomonadales,sphingomonadaceae,rhizorhabdus,rhizorhabdus dicambivorans
Zotu2069,0.0,0.0,0.0,0.0,0.0,0.006347,0.047093,0.0,bacteria,acidobacteriota,blastocatellia,blastocatellales,blastocatellaceae,aridibacter,aridibacter famidurans
Zotu2070,0.0,0.0,0.0,0.0,0.0,0.0,0.0,0.081645,bacteria,bacteroidota,chitinophagia,chitinophagales,chitinophagaceae,flavisolibacter,flavisolibacter carri
Zotu2071,0.0,0.0,0.0,0.0,0.0,0.0,0.0,0.0,archaea,methanobacteriota,halobacteria,halobacteriales,halobacteriaceae,halomicroarcula,halomicroarcula pellucida
Zotu2072,0.0,0.0,0.0,0.0,0.051928,0.003173,0.0,0.00314,bacteria,bacillota,bacilli,lactobacillales,streptococcaceae,streptococcus,streptococcus mutans
Zotu2073,0.033406,0.009719,0.060285,0.0,0.0,0.0,0.0,0.0,bacteria,actinomycetota,rubrobacteria,rubrobacterales,rubrobacteraceae,rubrobacter,rubrobacter spartanus
Zotu2074,0.003341,0.00324,0.0,0.0,0.0,0.044428,0.0,0.0,bacteria,actinomycetota,acidimicrobiia,acidimicrobiales,acidimicrobiaceae,aciditerrimonas,aciditerrimonas ferrireducens
Zotu2075,0.0,0.0,0.003173,0.0,0.003245,0.006347,0.0,0.0,bacteria,chloroflexota,chloroflexia,herpetosiphonales,herpetosiphonaceae,herpetosiphon,herpetosiphon gulosus
Zotu2076,0.003341,0.103674,0.158645,0.003074,0.0,0.031734,0.015698,0.0,bacteria,actinomycetota,rubrobacteria,gaiellales,gaiellaceae,gaiella,gaiella occulta
Zotu2077,0.0,0.0,0.0,0.0,0.0,0.0,0.0,0.0,bacteria,bacteroidota,chitinophagia,chitinophagales,chitinophagaceae,flavisolibacter,flavisolibacter ginsengiterrae
Zotu2078,0.0,0.0,0.0,0.0,0.006491,0.0,0.0,0.075365,bacteria,actinomycetota,actinomycetes,geodermatophilales,geodermatophilaceae,klenkia,klenkia soli
Zotu2079,0.0,0.0,0.0,0.0,0.0,0.0,0.0,0.025122,bacteria,actinomycetota,actinomycetes,pseudonocardiales,pseudonocardiaceae,allokutzneria,allokutzneria oryzae
Zotu2080,0.0,0.00648,0.003173,0.0,0.0,0.0,0.0,0.00314,bacteria,chloroflexota,chloroflexia,chloroflexales,roseiflexaceae,kouleothrix,kouleothrix aurantiaca
Zotu2081,0.0,0.0,0.0,0.0,0.0,0.0,0.00314,0.00628,bacteria,verrucomicrobiota,spartobacteria,chthoniobacterales,chthoniobacteraceae,chthoniobacter,chthoniobacter flavus
Zotu2082,0.263905,0.022679,0.038075,0.0,0.0,0.0,0.0,0.0,archaea,methanobacteriota,thermoplasmata,methanomassiliicoccales,methanomassiliicoccaceae,methanomassiliicoccus,candidatus methanomassiliicoccus intestinalis
Zotu2083,0.0,0.0,0.0,0.0,0.0,0.0,0.0,0.0,bacteria,bacteroidota,chitinophagia,chitinophagales,chitinophagaceae,flavisolibacter,flavisolibacter carri
Zotu2084,0.0,0.0,0.0,0.0,0.0,0.0,0.0,0.0,bacteria,actinomycetota,actinomycetes,propionibacteriales,nocardioidaceae,nocardioides,nocardioides panzhihuensis
Zotu2085,0.0,0.0,0.047593,0.135264,0.0,0.0,0.00314,0.0,archaea,methanobacteriota,thermoplasmata,methanomassiliicoccales,methanomassiliicoccaceae,methanomassiliicoccus,candidatus methanomassiliicoccus intestinalis
Zotu2086,0.0,0.0,0.003173,0.0,0.0,0.003173,0.0,0.0,bacteria,actinomycetota,actinomycetes,micrococcales,microbacteriaceae,microbacterium,microbacterium trichothecenolyticum
Zotu2087,0.016703,0.0,0.0,0.0,0.103856,0.0,0.0,0.0,bacteria,chloroflexota,tepidiformia,tepidiformales,tepidiformaceae,tepidiforma,tepidiforma bonchosmolovskayae
Zotu2088,0.0,0.0,0.0,0.0,0.0,0.0,0.0,0.0,bacteria,pseudomonadota,betaproteobacteria,burkholderiales,oxalobacteraceae,noviherbaspirillum,noviherbaspirillum soli
Zotu2089,0.003341,0.0,0.003173,0.0,0.006491,0.0,0.0,0.0,bacteria,actinomycetota,actinomycetes,micromonosporales,micromonosporaceae,micromonospora,micromonospora marina
Zotu2090,0.0,0.0,0.0,0.0,0.0,0.0,0.0,0.0,bacteria,bacillota,clostridia,eubacteriales,symbiobacteriaceae,symbiobacterium,symbiobacterium ostreiconchae
Zotu2091,0.0,0.0,0.0,0.003074,0.0,0.0,0.0,0.0,bacteria,chloroflexota,anaerolineae,anaerolineales,anaerolineaceae,thermanaerothrix,thermanaerothrix daxensis
Zotu2092,0.0,0.0,0.0,0.0,0.0,0.0,0.0,0.00314,bacteria,bacillota,bacilli,bacillales,bacillaceae,bacillus,bacillus salitolerans
Zotu2093,0.0,0.0,0.0,0.0,0.0,0.0,0.0,0.0,bacteria,actinomycetota,thermoleophilia,thermoleophilales,thermoleophilaceae,thermoleophilum,thermoleophilum album
Zotu2094,0.076833,0.0,0.09836,0.003074,0.0,0.0,0.047093,0.00628,bacteria,bacillota,bacilli,bacillales,bacillales family x. incertae sedis,brockia,brockia lithotrophica
Zotu2095,0.0,0.012959,0.0,0.0,0.0,0.015867,0.00314,0.0,bacteria,actinomycetota,actinomycetes,pseudonocardiales,pseudonocardiaceae,pseudonocardia,pseudonocardia halophobica
Zotu2096,0.0,0.0,0.003173,0.003074,0.0,0.0,0.0,0.0,bacteria,acidobacteriota,vicinamibacteria,vicinamibacterales,vicinamibacteraceae,luteitalea,luteitalea pratensis
Zotu2097,0.006681,0.00324,0.0,0.0,0.003245,0.0,0.0,0.00314,bacteria,verrucomicrobiota,verrucomicrobiae,verrucomicrobiales,verrucomicrobia subdivision 3,pedosphaera,pedosphaera parvula
Zotu2098,0.026725,0.084235,0.0,0.0,0.12982,0.003173,0.00314,0.0,bacteria,pseudomonadota,alphaproteobacteria,hyphomicrobiales,hyphomicrobiales,nordella,nordella oligomobilis
Zotu2099,0.003341,0.080995,0.149126,0.0,0.003245,0.003173,0.00314,0.0,bacteria,verrucomicrobiota,verrucomicrobiae,verrucomicrobiales,verrucomicrobia subdivision 3,pedosphaera,pedosphaera parvula
Zotu2100,0.0,0.0,0.0,0.003074,0.0,0.006347,0.0,0.0,bacteria,bdellovibrionota,oligoflexia,oligoflexales,oligoflexaceae,oligoflexus,oligoflexus tunisiensis
Zotu2101,0.0,0.0,0.0,0.0,0.0,0.0,0.0,0.0,bacteria,actinomycetota,thermoleophilia,miltoncostaeales,miltoncostaeaceae,miltoncostaea,miltoncostaea marina
Zotu2102,0.003341,0.0,0.0,0.0,0.003245,0.0,0.0,0.040823,bacteria,gemmatimonadota,longimicrobiia,longimicrobiales,longimicrobiaceae,longimicrobium,longimicrobium terrae
Zotu2103,0.0,0.0,0.0,0.0,0.0,0.0,0.00314,0.034542,bacteria,pseudomonadota,alphaproteobacteria,hyphomicrobiales,methylobacteriaceae,microvirga,microvirga massiliensis
Zotu2104,0.010022,0.080995,0.003173,0.0,0.042191,0.022214,0.0,0.0,bacteria,bacillota,clostridia,thermosediminibacterales,thermosediminibacteraceae,fervidicola,fervidicola ferrireducens
Zotu2105,0.0,0.0,0.0,0.0,0.0,0.0,0.0,0.0,bacteria,verrucomicrobiota,spartobacteria,chthoniobacterales,chthoniobacteraceae,chthoniobacter,chthoniobacter flavus
Zotu2106,0.0,0.0,0.0,0.003074,0.0,0.0,0.0,0.00314,bacteria,planctomycetota,planctomycetia,pirellulales,lacipirellulaceae,bythopirellula,bythopirellula polymerisocia
Zotu2107,0.0,0.0,0.0,0.0,0.0,0.0,0.0,0.034542,bacteria,actinomycetota,rubrobacteria,rubrobacterales,rubrobacteraceae,rubrobacter,rubrobacter marinus
Zotu2108,0.514448,0.00324,0.0,0.0,0.0,0.0,0.0,0.0,archaea,methanobacteriota,thermoplasmata,methanomassiliicoccales,methanomassiliicoccaceae,methanomassiliicoccus,candidatus methanomassiliicoccus intestinalis
Zotu2109,0.0,0.0,0.0,0.0,0.0,0.0,0.0,0.0,bacteria,pseudomonadota,gammaproteobacteria,pseudomonadales,pseudomonadaceae,stutzerimonas,stutzerimonas stutzeri
Zotu2110,0.0,0.0,0.0,0.0,0.0,0.00952,0.006279,0.0,bacteria,actinomycetota,actinomycetes,streptosporangiales,streptosporangiaceae,nonomuraea,nonomuraea thailandensis
Zotu2111,0.023384,0.029158,0.123743,0.261305,0.003245,0.003173,0.0,0.0,bacteria,actinomycetota,actinomycetes,streptosporangiales,streptosporangiaceae,nonomuraea,nonomuraea soli
Zotu2112,0.0,0.00324,0.0,0.0,0.0,0.003173,0.0,0.047103,bacteria,deinococcota,deinococci,deinococcales,deinococcaceae,deinococcus,deinococcus papagonensis
Zotu2113,0.0,0.00324,0.0,0.0,0.0,0.0,0.0,0.0,bacteria,actinomycetota,actinomycetes,geodermatophilales,geodermatophilaceae,geodermatophilus,geodermatophilus pulveris
Zotu2114,0.0,0.016199,0.003173,0.0,0.0,0.0,0.0,0.00628,bacteria,acidobacteriota,vicinamibacteria,vicinamibacterales,vicinamibacteraceae,luteitalea,luteitalea pratensis
Zotu2115,0.0,0.0,0.0,0.0,0.0,0.0,0.0,0.0,bacteria,bacteroidota,cytophagia,cytophagales,hymenobacteraceae,adhaeribacter,adhaeribacter aerophilus
Zotu2116,0.0,0.0,0.0,0.003074,0.003245,0.0,0.0,0.053384,bacteria,actinomycetota,actinomycetes,geodermatophilales,geodermatophilaceae,blastococcus,blastococcus aggregatus
Zotu2117,0.0,0.0,0.0,0.233638,0.0,0.0,0.0,0.0,bacteria,actinomycetota,thermoleophilia,solirubrobacterales,baekduiaceae,baekduia,baekduia soli
Zotu2118,0.0,0.0,0.0,0.0,0.0,0.0,0.0,0.0,bacteria,chloroflexota,chloroflexia,kallotenuales,kallotenuaceae,kallotenue,kallotenue papyrolyticum
Zotu2119,0.0,0.0,0.0,0.0,0.0,0.0,0.0,0.0,bacteria,planctomycetota,planctomycetia,pirellulales,lacipirellulaceae,pirellulimonas,pirellulimonas nuda
Zotu2120,0.020043,0.0,0.003173,0.003074,0.0,0.285605,0.069069,0.0,bacteria,planctomycetota,planctomycetia,gemmatales,gemmataceae,zavarzinella,zavarzinella formosa
Zotu2122,0.046768,0.022679,0.076149,0.006148,0.0,0.053948,0.00314,0.0,bacteria,bacillota,clostridia,eubacteriales,syntrophomonadaceae,syntrophothermus,syntrophothermus lipocalidus
Zotu2123,0.013362,0.00324,0.003173,0.0,0.0,0.003173,0.00314,0.0,bacteria,actinomycetota,rubrobacteria,rubrobacterales,rubrobacteraceae,rubrobacter,rubrobacter tropicus
Zotu2124,0.0,0.0,0.0,0.0,0.0,0.003173,0.0,0.009421,bacteria,bacteroidota,cytophagia,cytophagales,spirosomataceae,telluribacter,telluribacter humicola
Zotu2125,0.0,0.0,0.0,0.0,0.0,0.0,0.0,0.00314,bacteria,planctomycetota,planctomycetia,pirellulales,pirellulaceae,roseimaritima,roseimaritima multifibrata
Zotu2126,0.003341,0.0,0.003173,0.003074,0.0,0.234831,0.06593,0.0,bacteria,bacillota,clostridia,christensenellales,christensenellaceae,guopingia,guopingia tenuis
Zotu2127,0.0,0.00648,0.003173,0.003074,0.0,0.006347,0.0,0.0,bacteria,bacillota,bacilli,bacillales,paenibacillaceae,paenibacillus,paenibacillus antri
Zotu2128,0.0,0.00324,0.0,0.003074,0.003245,0.01904,0.0,0.0,bacteria,pseudomonadota,alphaproteobacteria,caulobacterales,caulobacteraceae,phenylobacterium,phenylobacterium lituiforme
Zotu2129,0.0,0.0,0.0,0.0,0.0,0.0,0.0,0.0,archaea,methanobacteriota,halobacteria,halobacteriales,halobacteriaceae,halalkalicoccus,halalkalicoccus paucihalophilus
Zotu2130,0.203775,0.132832,0.009519,0.003074,0.003245,0.003173,0.00314,0.0,bacteria,acidobacteriota,vicinamibacteria,vicinamibacterales,vicinamibacteraceae,luteitalea,luteitalea pratensis
Zotu2131,0.0,0.0,0.0,0.0,0.0,0.0,0.0,0.0,bacteria,actinomycetota,thermoleophilia,solirubrobacterales,capillimicrobiaceae,capillimicrobium,capillimicrobium parvum
Zotu2132,0.003341,0.0,0.0,0.0,0.0,0.0,0.0,0.018841,bacteria,actinomycetota,actinomycetes,pseudonocardiales,pseudonocardiaceae,pseudonocardia,pseudonocardia saturnea
Zotu2133,0.0,0.0,0.0,0.0,0.0,0.0,0.0,0.0,bacteria,acidobacteriota,acidobacteriia,acidobacteriales,acidobacteriaceae,edaphobacter,edaphobacter modestum
Zotu2134,0.0,0.0,0.0,0.006148,0.003245,0.003173,0.0,0.00314,bacteria,gemmatimonadota,gemmatimonadetes,gemmatimonadales,gemmatimonadaceae,gemmatimonas,gemmatimonas phototrophica
Zotu2135,0.35076,0.012959,0.0,0.003074,0.0,0.0,0.0,0.009421,bacteria,planctomycetota,phycisphaerae,tepidisphaerales,tepidisphaeraceae,tepidisphaera,tepidisphaera mucosa
Zotu2136,0.0,0.0,0.0,0.0,0.0,0.0,0.0,0.0,bacteria,planctomycetota,planctomycetia,pirellulales,thermoguttaceae,thermogutta,thermogutta terrifontis
Zotu2137,0.0,0.0,0.0,0.003074,0.0,0.0,0.00314,0.0,bacteria,bacteroidota,chitinophagia,chitinophagales,chitinophagaceae,parasegetibacter,parasegetibacter terrae
Zotu2138,0.0,0.00324,0.003173,0.0,0.003245,0.0,0.0,0.0,bacteria,verrucomicrobiota,verrucomicrobiae,verrucomicrobiales,verrucomicrobia subdivision 3,pedosphaera,pedosphaera parvula
Zotu2139,0.003341,0.0,0.0,0.0,0.0,0.0,0.0,0.00314,bacteria,actinomycetota,actinomycetes,nakamurellales,nakamurellaceae,nakamurella,nakamurella endophytica
Zotu2140,0.277267,0.106914,0.038075,0.0,0.0,0.0,0.00314,0.00628,bacteria,gemmatimonadota,gemmatimonadetes,gemmatimonadales,gemmatimonadaceae,gemmatimonas,gemmatimonas phototrophica
Zotu2141,0.207115,0.158751,0.006346,0.0,0.0,0.0,0.0,0.0,archaea,methanobacteriota,thermoplasmata,methanomassiliicoccales,methanomassiliicoccaceae,methanomassiliicoccus,candidatus methanomassiliicoccus intestinalis
Zotu2142,0.023384,0.00648,0.0,0.0,0.123329,0.0,0.00314,0.0,bacteria,actinomycetota,thermoleophilia,solirubrobacterales,solirubrobacteraceae,solirubrobacter,solirubrobacter ginsenosidimutans
Zotu2143,0.0,0.00324,0.003173,0.0,0.0,0.0,0.0,0.021981,bacteria,pseudomonadota,alphaproteobacteria,rhodospirillales,dongiaceae,aliidongia,aliidongia dinghuensis
Zotu2144,0.006681,0.009719,0.012692,0.0,0.06491,0.063468,0.018837,0.00314,bacteria,actinomycetota,thermoleophilia,solirubrobacterales,baekduiaceae,baekduia,baekduia soli
Zotu2145,0.0,0.0,0.0,0.003074,0.0,0.0,0.0,0.0,bacteria,actinomycetota,acidimicrobiia,acidimicrobiales,acidimicrobiaceae,acidithrix,acidithrix ferrooxidans
Zotu2146,0.0,0.00324,0.0,0.003074,0.0,0.092028,0.0,0.0,bacteria,verrucomicrobiota,verrucomicrobiae,limisphaerales,fontisphaeraceae,fontisphaera,fontisphaera persica
Zotu2147,0.0,0.00324,0.0,0.0,0.0,0.0,0.0,0.0,bacteria,planctomycetota,planctomycetia,gemmatales,gemmataceae,urbifossiella,urbifossiella limnaea
Zotu2148,0.006681,0.087475,0.038075,0.328937,0.0,0.0,0.0,0.0,archaea,methanobacteriota,euryarchaeota,euryarchaeota,euryarchaeota,aciduliprofundum,aciduliprofundum boonei
Zotu2149,0.003341,0.00324,0.041248,0.0,0.006491,0.095202,0.028256,0.0,bacteria,actinomycetota,thermoleophilia,solirubrobacterales,solirubrobacteraceae,solirubrobacter,solirubrobacter phytolaccae
Zotu2150,0.013362,0.00648,0.0,0.006148,0.0,0.174537,0.040814,0.0,bacteria,planctomycetota,planctomycetia,pirellulales,pirellulaceae,candidatus anammoximicrobium,candidatus anammoximicrobium moscowii
Zotu2151,0.0,0.0,0.0,0.0,0.0,0.0,0.0,0.0,bacteria,pseudomonadota,gammaproteobacteria,nevskiales,nevskiaceae,panacagrimonas,panacagrimonas perspica
Zotu2152,0.0,0.0,0.0,0.003074,0.0,0.0,0.0,0.0,bacteria,chloroflexota,anaerolineae,anaerolineales,anaerolineaceae,ornatilinea,ornatilinea apprima
Zotu2153,0.003341,0.0,0.0,0.006148,0.038946,0.212617,0.015698,0.0,bacteria,gemmatimonadota,gemmatimonadetes,gemmatimonadales,gemmatimonadaceae,roseisolibacter,roseisolibacter agri
Zotu2154,0.020043,0.103674,0.0,0.0,0.048682,0.006347,0.006279,0.009421,bacteria,actinomycetota,rubrobacteria,rubrobacterales,rubrobacteraceae,rubrobacter,rubrobacter radiotolerans
Zotu2155,0.003341,0.00324,0.003173,0.0,0.0,0.003173,0.072209,0.040823,archaea,methanobacteriota,thermoplasmata,methanomassiliicoccales,methanomassiliicoccaceae,methanomassiliicoccus,candidatus methanomassiliicoccus intestinalis
Zotu2156,0.0,0.0,0.0,0.0,0.0,0.0,0.0,0.0,bacteria,bacillota,clostridia,eubacteriales,clostridiales family xvii. incertae sedis,thermaerobacter,thermaerobacter composti
Zotu2157,0.0,0.0,0.0,0.009223,0.0,0.003173,0.00314,0.00314,bacteria,actinomycetota,actinomycetes,streptosporangiales,streptosporangiaceae,planomonospora,planomonospora venezuelensis
Zotu2158,0.0,0.00648,0.003173,0.0,0.0,0.0,0.0,0.0,bacteria,actinomycetota,acidimicrobiia,acidimicrobiales,iamiaceae,actinomarinicola,actinomarinicola tropica
Zotu2159,0.0,0.0,0.0,0.0,0.0,0.0,0.0,0.021981,bacteria,pseudomonadota,gammaproteobacteria,pseudomonadales,pseudomonadaceae,pseudomonas,pseudomonas luteola
Zotu2160,0.0,0.0,0.0,0.0,0.0,0.0,0.0,0.0,bacteria,abditibacteriota,abditibacteriia,abditibacteriales,abditibacteriaceae,abditibacterium,abditibacterium utsteinense
Zotu2161,0.006681,0.0,0.003173,0.006148,0.003245,0.0,0.00314,0.0,bacteria,pseudomonadota,alphaproteobacteria,rhodospirillales,acetobacteraceae,roseomonas,roseomonas nepalensis
Zotu2162,0.0,0.00648,0.0,0.0,0.0,0.0,0.012558,0.00314,bacteria,gemmatimonadota,gemmatimonadetes,gemmatimonadales,gemmatimonadaceae,roseisolibacter,roseisolibacter agri
Zotu2163,0.033406,0.0,0.076149,0.224415,0.0,0.0,0.0,0.0,bacteria,gemmatimonadota,longimicrobiia,longimicrobiales,longimicrobiaceae,longimicrobium,longimicrobium terrae
Zotu2164,0.0,0.0,0.0,0.0,0.0,0.0,0.0,0.0,bacteria,thermodesulfobacteriota,desulfuromonadia,desulfuromonadales,desulfuromonadaceae,pelobacter,pelobacter propionicus
Zotu2165,0.0,0.00324,0.003173,0.0,0.003245,0.041254,0.015698,0.00314,bacteria,actinomycetota,thermoleophilia,solirubrobacterales,parviterribacteraceae,parviterribacter,parviterribacter kavangonensis
Zotu2166,0.006681,0.0,0.0,0.0,0.003245,0.18723,0.0,0.0,bacteria,verrucomicrobiota,verrucomicrobiae,verrucomicrobiales,verrucomicrobia subdivision 3,pedosphaera,pedosphaera parvula
Zotu2167,0.0,0.00648,0.0,0.0,0.0,0.028561,0.273138,0.00628,bacteria,acidobacteriota,blastocatellia,blastocatellales,blastocatellaceae,stenotrophobacter,stenotrophobacter terrae
Zotu2168,0.0,0.0,0.0,0.0,0.0,0.0,0.0,0.0,bacteria,actinomycetota,nitriliruptoria,euzebyales,euzebyaceae,euzebya,euzebya tangerina
Zotu2169,0.0,0.0,0.0,0.0,0.0,0.0,0.0,0.00314,bacteria,acidobacteriota,terriglobia,bryobacterales,bryobacteraceae,bryobacter,bryobacter aggregatus
Zotu2170,0.0,0.00324,0.003173,0.0,0.006491,0.022214,0.172674,0.00314,bacteria,bacillota,clostridia,eubacteriales,syntrophomonadaceae,syntrophothermus,syntrophothermus lipocalidus
Zotu2171,0.0,0.0,0.0,0.0,0.045437,0.0,0.0,0.0,bacteria,actinomycetota,thermoleophilia,solirubrobacterales,parviterribacteraceae,parviterribacter,parviterribacter multiflagellatus
Zotu2172,0.0,0.00324,0.0,0.0,0.0,0.0,0.009419,0.0,bacteria,bacillota,clostridia,eubacteriales,clostridiaceae,clostridium,clostridium cylindrosporum
Zotu2173,0.0,0.0,0.0,0.0,0.0,0.0,0.0,0.0,bacteria,bacteroidota,chitinophagia,chitinophagales,chitinophagaceae,paracnuella,paracnuella aquatica
Zotu2174,0.0,0.0,0.0,0.0,0.0,0.003173,0.138139,0.081645,bacteria,pseudomonadota,alphaproteobacteria,hyphomicrobiales,afifellaceae,afifella,afifella pfennigii
Zotu2175,0.070152,0.058317,0.225275,0.003074,0.003245,0.0,0.0,0.0,bacteria,verrucomicrobiota,verrucomicrobiae,verrucomicrobiales,verrucomicrobia subdivision 3,pedosphaera,pedosphaera parvula
Zotu2176,0.110239,0.045357,0.117397,0.0,0.003245,0.082508,0.0,0.0,bacteria,planctomycetota,planctomycetia,pirellulales,lacipirellulaceae,pirellulimonas,pirellulimonas nuda
Zotu2177,0.003341,0.0,0.0,0.0,0.155783,0.003173,0.081628,0.072225,bacteria,pseudomonadota,alphaproteobacteria,hyphomicrobiales,chelatococcaceae,chelatococcus,chelatococcus daeguensis
Zotu2178,0.0,0.00324,0.0,0.0,0.0,0.0,0.0,0.0,bacteria,pseudomonadota,alphaproteobacteria,sphingomonadales,sphingomonadaceae,novosphingobium,novosphingobium ginsenosidimutans
Zotu2179,0.0,0.0,0.0,0.0,0.0,0.0,0.0,0.0,bacteria,pseudomonadota,alphaproteobacteria,hyphomicrobiales,methylobacteriaceae,enterovirga,enterovirga rhinocerotis
Zotu2180,0.0,0.0,0.0,0.0,0.0,0.0,0.0,0.0,archaea,methanobacteriota,halobacteria,halobacteriales,halobacteriaceae,haloquadratum,haloquadratum walsbyi
Zotu2181,0.006681,0.00324,0.0,0.0,0.0,0.0,0.222906,0.091066,bacteria,bacteroidota,chitinophagia,chitinophagales,chitinophagaceae,flavisolibacter,flavisolibacter metallilatus
Zotu2182,0.0,0.0,0.0,0.0,0.032455,0.006347,0.0,0.009421,bacteria,chloroflexota,chloroflexota,chloroflexota,chloroflexota,thermobaculum,thermobaculum terrenum
Zotu2183,0.0,0.0,0.003173,0.0,0.003245,0.0,0.0,0.0,bacteria,actinomycetota,actinomycetes,micrococcales,microbacteriaceae,agromyces,agromyces iriomotensis
Zotu2184,0.0,0.068036,0.0,0.0,0.0,0.0,0.0,0.0,archaea,methanobacteriota,thermococci,thermococcales,thermococcaceae,palaeococcus,palaeococcus pacificus
Zotu2185,0.003341,0.0,0.003173,0.0,0.0,0.00952,0.00314,0.00314,bacteria,thermodesulfobacteriota,syntrophobacteria,syntrophobacterales,syntrophobacteraceae,desulfoferrobacter,desulfoferrobacter suflitae
Zotu2186,0.17371,0.042118,0.025383,0.0,0.058419,0.0,0.034535,0.00628,bacteria,bacillota,clostridia,thermosediminibacterales,thermosediminibacteraceae,fervidicola,fervidicola ferrireducens
Zotu2187,0.003341,0.0,0.0,0.003074,0.0,0.0,0.028256,0.075365,bacteria,pseudomonadota,betaproteobacteria,burkholderiales,oxalobacteraceae,noviherbaspirillum,noviherbaspirillum suwonense
Zotu2188,0.0,0.0,0.0,0.0,0.003245,0.0,0.0,0.047103,bacteria,pseudomonadota,alphaproteobacteria,sphingomonadales,sphingosinicellaceae,sphingosinicella,sphingosinicella humi
Zotu2189,0.003341,0.0,0.003173,0.0,0.009736,0.19675,0.0,0.031402,archaea,methanobacteriota,thermoplasmata,methanomassiliicoccales,methanomassiliicoccaceae,methanomassiliicoccus,candidatus methanomassiliicoccus intestinalis
Zotu2190,0.0,0.0,0.0,0.0,0.012982,0.003173,0.0,0.00628,bacteria,actinomycetota,actinomycetes,micromonosporales,micromonosporaceae,micromonospora,micromonospora olivasterospora
Zotu2191,0.086855,0.074516,0.161817,0.003074,0.0,0.063468,0.00314,0.0,bacteria,acidobacteriota,vicinamibacteria,vicinamibacterales,vicinamibacteraceae,luteitalea,luteitalea pratensis
Zotu2192,0.103558,0.00648,0.057112,0.0,0.029209,0.00952,0.00314,0.0,bacteria,actinomycetota,rubrobacteria,rubrobacterales,rubrobacteraceae,rubrobacter,rubrobacter naiadicus
Zotu2193,0.0,0.0,0.0,0.0,0.0,0.0,0.0,0.0,bacteria,chloroflexota,anaerolineae,anaerolineales,anaerolineaceae,thermanaerothrix,thermanaerothrix daxensis
Zotu2195,0.003341,0.0,0.047593,0.006148,0.048682,0.082508,0.072209,0.0,bacteria,actinomycetota,acidimicrobiia,acidimicrobiales,acidimicrobiaceae,aciditerrimonas,aciditerrimonas ferrireducens
Zotu2196,0.003341,0.00324,0.0,0.0,0.0,0.00952,0.028256,0.0,bacteria,actinomycetota,thermoleophilia,solirubrobacterales,baekduiaceae,baekduia,baekduia soli
Zotu2197,0.020043,0.0,0.0,0.0,0.0,0.0,0.0,0.0,archaea,methanobacteriota,thermoplasmata,methanomassiliicoccales,methanomassiliicoccaceae,methanomassiliicoccus,candidatus methanomassiliicoccus intestinalis
Zotu2198,0.003341,0.0,0.0,0.0,0.0,0.0,0.00314,0.0,bacteria,actinomycetota,thermoleophilia,solirubrobacterales,solirubrobacteraceae,solirubrobacter,solirubrobacter phytolaccae
Zotu2199,0.0,0.0,0.0,0.0,0.0,0.0,0.0,0.0,bacteria,pseudomonadota,alphaproteobacteria,caulobacterales,caulobacteraceae,brevundimonas,brevundimonas bacteroides
Zotu2200,0.0,0.0,0.0,0.0,0.0,0.0,0.0,0.0,bacteria,bacteroidota,cytophagia,cytophagales,fulvivirgaceae,ohtaekwangia,ohtaekwangia koreensis
Zotu2201,0.0,0.0,0.0,0.003074,0.0,0.0,0.0,0.135029,bacteria,bacteroidota,sphingobacteriia,sphingobacteriales,sphingobacteriaceae,hufsiella,hufsiella arboris
Zotu2202,0.0,0.0,0.0,0.003074,0.0,0.0,0.0,0.0,bacteria,pseudomonadota,alphaproteobacteria,rhodospirillales,acetobacteraceae,craurococcus,craurococcus roseus
Zotu2203,0.0,0.0,0.0,0.0,0.0,0.174537,0.006279,0.0,bacteria,verrucomicrobiota,verrucomicrobiae,verrucomicrobiales,verrucomicrobia subdivision 3,pedosphaera,pedosphaera parvula
Zotu2204,0.0,0.0,0.0,0.0,0.0,0.0,0.0,0.009421,bacteria,bacteroidota,cytophagia,cytophagales,hymenobacteraceae,rufibacter,rufibacter tibetensis
Zotu2205,0.0,0.0,0.0,0.0,0.0,0.003173,0.0,0.0,bacteria,chlamydiota,chlamydiia,parachlamydiales,parachlamydiaceae,protochlamydia,candidatus protochlamydia naegleriophila
Zotu2206,0.0,0.0,0.003173,0.221341,0.0,0.0,0.00314,0.00314,bacteria,actinomycetota,thermoleophilia,solirubrobacterales,paraconexibacteraceae,paraconexibacter,paraconexibacter algicola
Zotu2208,0.010022,0.0,0.003173,0.0,0.0,0.0,0.0,0.0,bacteria,myxococcota,myxococcota,polyangiales,labilitrichaceae,labilithrix,labilithrix luteola
Zotu2209,0.0,0.0,0.0,0.0,0.0,0.0,0.0,0.0,bacteria,pseudomonadota,alphaproteobacteria,rickettsiales,rickettsiaceae,rickettsia,rickettsia canadensis
Zotu2210,0.003341,0.0,0.0,0.0,0.0,0.0,0.0,0.0,archaea,methanobacteriota,thermoplasmata,methanomassiliicoccales,methanomassiliicoccaceae,methanomassiliicoccus,methanomassiliicoccus luminyensis
Zotu2211,0.003341,0.0,0.003173,0.0,0.0,0.0,0.0,0.00628,bacteria,verrucomicrobiota,verrucomicrobiae,verrucomicrobiales,verrucomicrobia subdivision 3,pedosphaera,pedosphaera parvula
Zotu2212,0.083514,0.139312,0.0,0.0,0.0,0.003173,0.0,0.00314,archaea,methanobacteriota,thermoplasmata,methanomassiliicoccales,methanomassiliicoccaceae,methanomassiliicoccus,candidatus methanomassiliicoccus intestinalis
Zotu2213,0.0,0.0,0.003173,0.0,0.0,0.0,0.0,0.015701,bacteria,actinomycetota,thermoleophilia,solirubrobacterales,conexibacteraceae,conexibacter,conexibacter arvalis
Zotu2214,0.0,0.0,0.0,0.0,0.0,0.0,0.0,0.0,bacteria,bacteroidota,chitinophagia,chitinophagales,chitinophagaceae,flavisolibacter,flavisolibacter galbus
Zotu2215,0.0,0.0,0.003173,0.0,0.0,0.136456,0.0,0.00314,bacteria,verrucomicrobiota,verrucomicrobiae,verrucomicrobiales,verrucomicrobia subdivision 3,pedosphaera,pedosphaera parvula
Zotu2216,0.0,0.0,0.0,0.0,0.0,0.0,0.0,0.0,bacteria,bacillota,clostridia,eubacteriales,eubacteriales,neofamilia,neofamilia massiliensis
Zotu2217,0.0,0.0,0.0,0.0,0.0,0.0,0.00314,0.0,bacteria,bacillota,clostridia,eubacteriales,symbiobacteriaceae,symbiobacterium,symbiobacterium turbinis
Zotu2218,0.006681,0.019439,0.0,0.249009,0.022718,0.003173,0.0,0.0,bacteria,acidobacteriota,vicinamibacteria,vicinamibacterales,vicinamibacteraceae,luteitalea,luteitalea pratensis
Zotu2219,0.0,0.0,0.003173,0.0,0.0,0.003173,0.0,0.00628,bacteria,actinomycetota,actinomycetes,motilibacterales,vallicoccaceae,vallicoccus,vallicoccus soli
Zotu2220,0.0,0.0,0.0,0.0,0.0,0.0,0.0,0.0,bacteria,pseudomonadota,alphaproteobacteria,rhodospirillales,azospirillaceae,skermanella,skermanella aerolata
Zotu2221,0.0,0.0,0.0,0.0,0.0,0.0,0.0,0.00314,bacteria,pseudomonadota,alphaproteobacteria,hyphomicrobiales,methylobacteriaceae,methylobacterium,methylobacterium iners
Zotu2222,0.0,0.009719,0.260177,0.0,0.0,0.003173,0.0,0.00314,bacteria,planctomycetota,planctomycetia,isosphaerales,isosphaeraceae,singulisphaera,singulisphaera rosea
Zotu2223,0.0,0.0,0.0,0.0,0.0,0.0,0.0,0.0,bacteria,bacillota,bacilli,lactobacillales,enterococcaceae,enterococcus,enterococcus cecorum
Zotu2224,0.0,0.0,0.0,0.0,0.0,0.0,0.0,0.00628,bacteria,pseudomonadota,alphaproteobacteria,sphingomonadales,sphingomonadaceae,sphingomonas,sphingomonas rhizophila
Zotu2225,0.086855,0.106914,0.234794,0.0,0.0,0.0,0.00314,0.00628,bacteria,acidobacteriota,vicinamibacteria,vicinamibacterales,vicinamibacteraceae,vicinamibacter,vicinamibacter silvestris
Zotu2226,0.0,0.0,0.0,0.006148,0.003245,0.0,0.0,0.0,bacteria,rhodothermota,rhodothermia,rhodothermales,rhodothermaceae,rhodocaloribacter,rhodocaloribacter litoris
Zotu2227,0.0,0.0,0.0,0.0,0.0,0.0,0.0,0.0,bacteria,actinomycetota,thermoleophilia,solirubrobacterales,conexibacteraceae,conexibacter,conexibacter woesei
Zotu2228,0.0,0.0,0.0,0.0,0.0,0.0,0.0,0.0,bacteria,bacillota,clostridia,thermosediminibacterales,thermosediminibacteraceae,fervidicola,fervidicola ferrireducens
Zotu2229,0.040087,0.051837,0.101533,0.0,0.025964,0.044428,0.0,0.00314,bacteria,thermomicrobiota,thermomicrobia,sphaerobacterales,sphaerobacteraceae,sphaerobacter,sphaerobacter thermophilus
Zotu2230,0.003341,0.00324,0.09836,0.0,0.074646,0.145976,0.00314,0.00628,bacteria,actinomycetota,thermoleophilia,solirubrobacterales,baekduiaceae,baekduia,baekduia soli
Zotu2231,0.0,0.0,0.0,0.0,0.0,0.006347,0.00314,0.012561,bacteria,pseudomonadota,alphaproteobacteria,rhodobacterales,paracoccaceae,paracoccus,paracoccus rhizosphaerae
Zotu2232,0.0,0.0,0.0,0.0,0.0,0.0,0.0,0.0,bacteria,actinomycetota,acidimicrobiia,acidimicrobiales,iamiaceae,iamia,iamia majanohamensis
Zotu2233,0.003341,0.0,0.009519,0.0,0.0,0.003173,0.00314,0.00314,bacteria,pseudomonadota,alphaproteobacteria,rhodobacterales,paracoccaceae,paracoccus,paracoccus angustae
Zotu2234,0.0,0.0,0.0,0.0,0.0,0.0,0.00314,0.0,bacteria,bacteroidota,chitinophagia,chitinophagales,chitinophagaceae,niastella,niastella populi
Zotu2235,0.003341,0.00324,0.003173,0.0,0.0,0.0,0.0,0.040823,bacteria,pseudomonadota,betaproteobacteria,burkholderiales,oxalobacteraceae,noviherbaspirillum,noviherbaspirillum suwonense
Zotu2236,0.003341,0.0,0.003173,0.0,0.006491,0.003173,0.0,0.021981,bacteria,actinomycetota,acidimicrobiia,acidimicrobiales,acidimicrobiaceae,aciditerrimonas,aciditerrimonas ferrireducens
Zotu2237,0.0,0.0,0.0,0.0,0.0,0.0,0.0,0.0,bacteria,pseudomonadota,alphaproteobacteria,caulobacterales,caulobacteraceae,phenylobacterium,phenylobacterium immobile
Zotu2238,0.0,0.0,0.0,0.0,0.0,0.0,0.0,0.0,bacteria,bacillota,bacilli,bacillales,bacillaceae,calditerricola,calditerricola yamamurae
Zotu2239,0.0,0.0,0.0,0.0,0.0,0.0,0.0,0.0,bacteria,pseudomonadota,alphaproteobacteria,sphingomonadales,sphingomonadaceae,sphingomonas,sphingomonas segetis
Zotu2240,0.063471,0.116633,0.003173,0.0,0.087628,0.0,0.056511,0.0,bacteria,chloroflexota,caldilineae,caldilineales,caldilineaceae,litorilinea,litorilinea aerophila
Zotu2241,0.05679,0.061556,0.215757,0.0,0.0,0.0,0.0,0.00314,bacteria,verrucomicrobiota,verrucomicrobiae,limisphaerales,fontisphaeraceae,fontisphaera,fontisphaera persica
Zotu2243,0.0,0.0,0.0,0.0,0.0,0.0,0.0,0.0,archaea,nitrososphaerota,nitrososphaeria,nitrososphaerales,nitrososphaeraceae,candidatus nitrososphaera,candidatus nitrososphaera
Zotu2244,0.0,0.0,0.0,0.0,0.0,0.0,0.0,0.0,bacteria,myxococcota,myxococcia,myxococcales,myxococcaceae,simulacricoccus,simulacricoccus ruber
Zotu2245,0.0,0.0,0.0,0.0,0.0,0.003173,0.0,0.012561,bacteria,bacteroidota,cytophagia,cytophagales,hymenobacteraceae,adhaeribacter,adhaeribacter aquaticus
Zotu2246,0.0,0.0,0.003173,0.003074,0.0,0.0,0.0,0.0,bacteria,gemmatimonadota,longimicrobiia,longimicrobiales,longimicrobiaceae,longimicrobium,longimicrobium terrae
Zotu2247,0.0,0.0,0.003173,0.0,0.0,0.0,0.0,0.0,bacteria,gemmatimonadota,longimicrobiia,longimicrobiales,longimicrobiaceae,longimicrobium,longimicrobium terrae
Zotu2248,0.003341,0.0,0.0,0.0,0.0,0.00952,0.0,0.040823,bacteria,actinomycetota,actinomycetes,geodermatophilales,geodermatophilaceae,trujillonella,trujillella endophytica
Zotu2249,0.0,0.0,0.0,0.0,0.003245,0.0,0.0,0.0,bacteria,pseudomonadota,gammaproteobacteria,methylococcales,methylococcaceae,methylogaea,methylogaea oryzae
Zotu2250,0.006681,0.0,0.003173,0.150635,0.019473,0.01904,0.012558,0.00314,bacteria,actinomycetota,thermoleophilia,solirubrobacterales,baekduiaceae,baekduia,baekduia soli
Zotu2251,0.013362,0.016199,0.003173,0.0,0.022718,0.072988,0.0,0.00314,bacteria,bacillota,clostridia,eubacteriales,thermincolaceae,thermincola,thermincola ferriacetica
Zotu2252,0.0,0.0,0.0,0.0,0.0,0.0,0.0,0.0,bacteria,pseudomonadota,gammaproteobacteria,enterobacterales,enterobacteriaceae,enterobacter,enterobacter hormaechei
Zotu2253,0.003341,0.009719,0.0,0.0,0.0,0.0,0.00314,0.0,bacteria,actinomycetota,thermoleophilia,solirubrobacterales,solirubrobacteraceae,solirubrobacter,solirubrobacter phytolaccae
Zotu2254,0.003341,0.0,0.0,0.0,0.0,0.0,0.0,0.0,bacteria,pseudomonadota,alphaproteobacteria,sphingomonadales,sphingomonadaceae,sphingomonas,sphingomonas arenae
Zotu2255,0.030065,0.0,0.0,0.126041,0.042191,0.044428,0.069069,0.031402,bacteria,chloroflexota,chloroflexota,chloroflexota,chloroflexota,thermobaculum,thermobaculum terrenum
Zotu2256,0.0,0.0,0.0,0.0,0.0,0.0,0.0,0.0,bacteria,actinomycetota,thermoleophilia,solirubrobacterales,parviterribacteraceae,parviterribacter,parviterribacter kavangonensis
Zotu2257,0.0,0.0,0.0,0.0,0.0,0.0,0.0,0.0,bacteria,actinomycetota,thermoleophilia,solirubrobacterales,conexibacteraceae,conexibacter,conexibacter arvalis
Zotu2258,0.0,0.0,0.0,0.0,0.0,0.0,0.0,0.0,bacteria,pseudomonadota,alphaproteobacteria,rhodospirillales,azospirillaceae,indioceanicola,indioceanicola profundi
Zotu2259,0.0,0.0,0.0,0.0,0.0,0.003173,0.00314,0.0,bacteria,thermodesulfobacteriota,syntrophobacteria,syntrophobacterales,syntrophobacteraceae,desulfoglaeba,desulfoglaeba alkanexedens
Zotu2260,0.0,0.0,0.006346,0.003074,0.0,0.003173,0.009419,0.018841,bacteria,actinomycetota,actinomycetes,streptosporangiales,nocardiopsaceae,nocardiopsis,nocardiopsis alba
Zotu2261,0.0,0.0,0.0,0.0,0.003245,0.0,0.0,0.0,bacteria,actinomycetota,actinomycetes,kineosporiales,kineosporiaceae,kineococcus,kineococcus xinjiangensis
Zotu2262,0.0,0.0,0.0,0.0,0.0,0.0,0.0,0.0,bacteria,actinomycetota,acidimicrobiia,acidimicrobiales,acidimicrobiaceae,aciditerrimonas,aciditerrimonas ferrireducens
Zotu2263,0.0,0.0,0.006346,0.144486,0.042191,0.095202,0.009419,0.0,bacteria,gemmatimonadota,longimicrobiia,longimicrobiales,longimicrobiaceae,longimicrobium,longimicrobium terrae
Zotu2264,0.0,0.0,0.0,0.003074,0.0,0.003173,0.0,0.0,bacteria,pseudomonadota,alphaproteobacteria,caulobacterales,caulobacteraceae,caulobacter,caulobacter vibrioides
Zotu2265,0.0,0.411456,0.028556,0.0,0.0,0.0,0.0,0.0,archaea,methanobacteriota,thermoplasmata,methanomassiliicoccales,methanomassiliicoccaceae,methanomassiliicoccus,candidatus methanomassiliicoccus intestinalis
Zotu2266,0.0,0.0,0.0,0.0,0.0,0.0,0.0,0.0,bacteria,bacteroidota,chitinophagia,chitinophagales,chitinophagaceae,sediminibacterium,sediminibacterium goheungense
Zotu2267,0.0,0.0,0.0,0.0,0.0,0.0,0.00314,0.0,bacteria,actinomycetota,rubrobacteria,rubrobacterales,rubrobacteraceae,rubrobacter,rubrobacter xylanophilus
Zotu2268,0.040087,0.016199,0.025383,0.141412,0.006491,0.006347,0.034535,0.034542,bacteria,actinomycetota,rubrobacteria,gaiellales,gaiellaceae,gaiella,gaiella occulta
Zotu2269,0.006681,0.0,0.009519,0.070706,0.058419,0.034907,0.06279,0.0,bacteria,actinomycetota,rubrobacteria,rubrobacterales,rubrobacteraceae,rubrobacter,rubrobacter radiotolerans
Zotu2270,0.0,0.025918,0.0,0.0,0.0,0.0,0.0,0.0,bacteria,thermodesulfobacteriota,desulfuromonadia,desulfuromonadales,geoalkalibacteraceae,geoalkalibacter,geoalkalibacter ferrihydriticus
Zotu2271,0.0,0.00324,0.0,0.0,0.0,0.003173,0.0,0.00628,bacteria,bacillota,bacilli,bacillales,planococcaceae,ureibacillus,ureibacillus thermosphaericus
Zotu2272,0.026725,0.058317,0.0,0.0,0.324549,0.0,0.0,0.0,bacteria,planctomycetota,planctomycetia,pirellulales,lacipirellulaceae,lacipirellula,lacipirellula limnantheis
Zotu2273,0.006681,0.019439,0.0,0.0,0.0,0.0,0.00314,0.0,bacteria,verrucomicrobiota,verrucomicrobiae,verrucomicrobiales,verrucomicrobia subdivision 3,pedosphaera,pedosphaera parvula
Zotu2274,0.0,0.0,0.0,0.0,0.003245,0.003173,0.00314,0.012561,bacteria,actinomycetota,thermoleophilia,solirubrobacterales,conexibacteraceae,conexibacter,conexibacter stalactiti
Zotu2275,0.0,0.0,0.0,0.003074,0.0,0.0,0.0,0.056524,bacteria,bacteroidota,cytophagia,cytophagales,hymenobacteraceae,adhaeribacter,adhaeribacter rhizoryzae
Zotu2276,0.003341,0.00324,0.0,0.0,0.0,0.003173,0.0,0.025122,bacteria,actinomycetota,actinomycetes,frankiales,frankiaceae,parafrankia,parafrankia discariae
Zotu2277,0.0,0.0,0.0,0.0,0.0,0.003173,0.0,0.0,bacteria,planctomycetota,planctomycetia,pirellulales,pirellulaceae,pirellula,pirellula staleyi
Zotu2279,0.046768,0.097194,0.0,0.0,0.0,0.0,0.00314,0.00628,bacteria,verrucomicrobiota,verrucomicrobiae,verrucomicrobiales,verrucomicrobia subdivision 3,pedosphaera,pedosphaera parvula
Zotu2280,0.016703,0.048597,0.123743,0.003074,0.061664,0.012694,0.0,0.00314,bacteria,bacillota,clostridia,eubacteriales,syntrophomonadaceae,syntrophothermus,syntrophothermus lipocalidus
Zotu2281,0.0,0.00648,0.003173,0.003074,0.0,0.0,0.0,0.00314,bacteria,bacillota,clostridia,eubacteriales,clostridiaceae,youngiibacter,youngiibacter multivorans
Zotu2282,0.003341,0.016199,0.0,0.0,0.0,0.00952,0.0,0.0,bacteria,actinomycetota,rubrobacteria,rubrobacterales,rubrobacteraceae,rubrobacter,rubrobacter xylanophilus
Zotu2283,0.0,0.0,0.0,0.003074,0.025964,0.012694,0.0,0.0,bacteria,bacillota,bacilli,bacillales,bacillales family x. incertae sedis,brockia,brockia lithotrophica
Zotu2284,0.0,0.0,0.0,0.0,0.003245,0.0,0.0,0.018841,bacteria,actinomycetota,actinomycetes,micrococcales,microbacteriaceae,protaetiibacter,protaetiibacter intestinalis
Zotu2286,0.0,0.00324,0.0,0.0,0.0,0.0,0.006279,0.015701,bacteria,pseudomonadota,betaproteobacteria,burkholderiales,oxalobacteraceae,noviherbaspirillum,noviherbaspirillum autotrophicum
Zotu2287,0.0,0.0,0.0,0.003074,0.0,0.0,0.0,0.00314,bacteria,pseudomonadota,betaproteobacteria,nitrosomonadales,sterolibacteriaceae,methyloversatilis,methyloversatilis thermotolerans
Zotu2288,0.0,0.00324,0.0,0.0,0.0,0.0,0.0,0.0,bacteria,planctomycetota,planctomycetia,planctomycetales,planctomycetaceae,symmachiella,symmachiella dynata
Zotu2289,0.096877,0.064796,0.104705,0.003074,0.0,0.044428,0.00314,0.0,bacteria,chloroflexota,anaerolineae,anaerolineales,anaerolineaceae,thermanaerothrix,thermanaerothrix daxensis
Zotu2290,0.030065,0.0,0.0,0.0,0.0,0.0,0.0,0.00314,bacteria,planctomycetota,phycisphaerae,tepidisphaerales,tepidisphaeraceae,tepidisphaera,tepidisphaera mucosa
Zotu2291,0.0,0.0,0.0,0.476498,0.0,0.0,0.0,0.0,bacteria,pseudomonadota,alphaproteobacteria,rickettsiales,anaplasmataceae,ehrlichia,ehrlichia canis
Zotu2292,0.0,0.0,0.003173,0.0,0.0,0.0,0.0,0.0,bacteria,pseudomonadota,alphaproteobacteria,sphingomonadales,sphingomonadaceae,sphingomonas,sphingomonas deserti
Zotu2293,0.0,0.00324,0.0,0.0,0.0,0.0,0.0,0.012561,bacteria,bdellovibrionota,bacteriovoracia,bacteriovoracales,bacteriovoracaceae,peredibacter,peredibacter starrii
Zotu2294,0.0,0.0,0.0,0.224415,0.0,0.012694,0.0,0.0,bacteria,actinomycetota,acidimicrobiia,acidimicrobiales,acidimicrobiaceae,acidiferrimicrobium,acidiferrimicrobium australe
Zotu2295,0.036746,0.0,0.085668,0.003074,0.172011,0.0,0.0,0.0,archaea,methanobacteriota,thermococci,thermococcales,thermococcaceae,palaeococcus,palaeococcus pacificus
Zotu2296,0.0,0.0,0.0,0.003074,0.003245,0.0,0.0,0.0,bacteria,actinomycetota,actinomycetes,micrococcales,micrococcaceae,sinomonas,sinomonas atrocyanea
Zotu2297,0.0,0.00324,0.0,0.0,0.256394,0.003173,0.0,0.0,bacteria,actinomycetota,actinomycetes,micromonosporales,micromonosporaceae,salinispora,salinispora tropica
Zotu2299,0.0,0.0,0.0,0.316641,0.0,0.0,0.0,0.0,bacteria,planctomycetota,planctomycetia,gemmatales,gemmataceae,zavarzinella,zavarzinella formosa
Zotu2300,0.0,0.0,0.0,0.0,0.0,0.003173,0.0,0.0,bacteria,actinomycetota,actinomycetes,pseudonocardiales,pseudonocardiaceae,pseudonocardia,pseudonocardia halophobica
Zotu2301,0.0,0.00324,0.257004,0.0,0.0,0.003173,0.0,0.0,bacteria,actinomycetota,rubrobacteria,rubrobacterales,rubrobacteraceae,rubrobacter,rubrobacter taiwanensis
Zotu2302,0.0,0.00324,0.003173,0.0,0.077892,0.015867,0.166395,0.0,bacteria,acidobacteriota,blastocatellia,blastocatellales,arenimicrobiaceae,arenimicrobium,arenimicrobium luteum
Zotu2303,0.026725,0.0,0.0,0.0,0.0,0.0,0.0,0.0,bacteria,actinomycetota,rubrobacteria,rubrobacterales,rubrobacteraceae,rubrobacter,rubrobacter xylanophilus
Zotu2304,0.003341,0.00324,0.0,0.0,0.0,0.0,0.0,0.0,bacteria,pseudomonadota,alphaproteobacteria,rhodospirillales,acetobacteraceae,paeniroseomonas,paeniroseomonas fluminis
Zotu2305,0.033406,0.00324,0.006346,0.0,0.0,0.0,0.009419,0.00314,bacteria,actinomycetota,acidimicrobiia,acidimicrobiales,iamiaceae,actinomarinicola,actinomarinicola tropica
Zotu2306,0.0,0.0,0.006346,0.0,0.0,0.0,0.0,0.0,bacteria,thermodesulfobacteriota,desulfuromonadia,desulfuromonadales,desulfuromonadaceae,desulfuromonas,desulfuromonas acetexigens
Zotu2307,0.210456,0.16523,0.038075,0.003074,0.003245,0.0,0.006279,0.0,bacteria,bacillota,clostridia,eubacteriales,oscillospiraceae,ruminococcus,ruminococcus flavefaciens
Zotu2308,0.0,0.0,0.003173,0.0,0.0,0.0,0.0,0.00314,bacteria,planctomycetota,planctomycetia,pirellulales,pirellulaceae,anatilimnocola,anatilimnocola aggregata
Zotu2309,0.0,0.0,0.0,0.0,0.0,0.0,0.0,0.0,bacteria,verrucomicrobiota,verrucomicrobiae,limisphaerales,fontisphaeraceae,fontisphaera,fontisphaera persica
Zotu2310,0.0,0.0,0.0,0.0,0.0,0.0,0.0,0.0,bacteria,pseudomonadota,alphaproteobacteria,rhodospirillales,rhodospirillaceae,elstera,elstera cyanobacteriorum
Zotu2311,0.0,0.0,0.0,0.156783,0.0,0.041254,0.00314,0.0,bacteria,gemmatimonadota,longimicrobiia,longimicrobiales,longimicrobiaceae,longimicrobium,longimicrobium terrae
Zotu2312,0.0,0.0,0.0,0.003074,0.0,0.0,0.00314,0.047103,bacteria,bacillota,bacilli,bacillales,paenibacillaceae,paenibacillus,paenibacillus antri
Zotu2313,0.0,0.0,0.0,0.0,0.0,0.0,0.0,0.0,bacteria,pseudomonadota,alphaproteobacteria,sphingomonadales,sphingosinicellaceae,sphingosinicella,sphingosinicella ginsenosidimutans
Zotu2314,0.003341,0.0,0.0,0.0,0.0,0.0,0.00314,0.0,bacteria,verrucomicrobiota,verrucomicrobiae,verrucomicrobiales,verrucomicrobia subdivision 3,pedosphaera,pedosphaera parvula
Zotu2315,0.0,0.097194,0.0,0.0,0.123329,0.0,0.0,0.0,bacteria,verrucomicrobiota,verrucomicrobiae,verrucomicrobiales,verrucomicrobia subdivision 3,pedosphaera,pedosphaera parvula
Zotu2316,0.0,0.0,0.0,0.0,0.0,0.0,0.0,0.0,bacteria,pseudomonadota,alphaproteobacteria,caulobacterales,caulobacteraceae,brevundimonas,brevundimonas diminuta
Zotu2317,0.013362,0.116633,0.041248,0.0,0.256394,0.0,0.006279,0.00628,bacteria,acidobacteriota,vicinamibacteria,vicinamibacterales,vicinamibacteraceae,luteitalea,luteitalea pratensis
Zotu2318,0.0,0.0,0.0,0.0,0.0,0.006347,0.00314,0.0,bacteria,bacillota,negativicutes,veillonellales,veillonellaceae,negativicoccus,negativicoccus succinicivorans
Zotu2320,0.0,0.0,0.0,0.0,0.0,0.0,0.0,0.0,bacteria,pseudomonadota,alphaproteobacteria,rhodospirillales,azospirillaceae,nitrospirillum,azospirillum amazonense
Zotu2321,0.0,0.00324,0.003173,0.0,0.0,0.028561,0.00314,0.0,bacteria,bacillota,bacilli,bacillales,bacillaceae,calditerricola,calditerricola yamamurae
Zotu2322,0.0,0.0,0.003173,0.003074,0.0,0.0,0.153836,0.00314,bacteria,chloroflexota,chloroflexia,chloroflexales,oscillochloridaceae,oscillochloris,oscillochloris trichoides
Zotu2323,0.0,0.032398,0.0,0.0,0.0,0.0,0.0,0.00314,bacteria,gemmatimonadota,longimicrobiia,longimicrobiales,longimicrobiaceae,longimicrobium,longimicrobium terrae
Zotu2324,0.0,0.0,0.0,0.0,0.0,0.0,0.00314,0.0,archaea,methanobacteriota,thermoplasmata,methanomassiliicoccales,methanomassiliicoccaceae,methanomassiliicoccus,candidatus methanomassiliicoccus intestinalis
Zotu2325,0.0,0.0,0.0,0.0,0.003245,0.0,0.0,0.00314,bacteria,actinomycetota,rubrobacteria,gaiellales,gaiellaceae,gaiella,gaiella occulta
Zotu2326,0.0,0.00324,0.006346,0.003074,0.0,0.0,0.00314,0.0,bacteria,bacteroidota,chitinophagia,chitinophagales,chitinophagaceae,lacibacter,lacibacter cauensis
Zotu2327,0.0,0.0,0.0,0.003074,0.0,0.0,0.0,0.0,bacteria,pseudomonadota,alphaproteobacteria,sphingomonadales,sphingosinicellaceae,sphingosinicella,sphingosinicella flava
Zotu2328,0.0,0.0,0.0,0.0,0.0,0.0,0.00314,0.031402,bacteria,bacteroidota,chitinophagia,chitinophagales,chitinophagaceae,flavisolibacter,flavisolibacter galbus
Zotu2329,0.003341,0.0,0.0,0.0,0.0,0.0,0.0,0.0,bacteria,chloroflexota,anaerolineae,anaerolineales,anaerolineaceae,thermanaerothrix,thermanaerothrix daxensis
Zotu2330,0.0,0.0,0.0,0.0,0.0,0.0,0.0,0.028262,bacteria,pseudomonadota,alphaproteobacteria,sphingomonadales,sphingosinicellaceae,sandaracinobacter,sandaracinobacter neustonicus
Zotu2331,0.247202,0.016199,0.003173,0.0,0.003245,0.003173,0.0,0.0,bacteria,acidobacteriota,vicinamibacteria,vicinamibacterales,vicinamibacteraceae,luteitalea,luteitalea pratensis
Zotu2332,0.0,0.00324,0.003173,0.003074,0.0,0.041254,0.015698,0.0,bacteria,thermomicrobiota,thermomicrobia,sphaerobacterales,sphaerobacteraceae,sphaerobacter,sphaerobacter thermophilus
Zotu2333,0.070152,0.035638,0.152299,0.0,0.0,0.003173,0.00314,0.0,bacteria,planctomycetota,planctomycetia,pirellulales,pirellulaceae,anatilimnocola,anatilimnocola aggregata
Zotu2334,0.0,0.0,0.0,0.0,0.0,0.0,0.0,0.0,bacteria,pseudomonadota,gammaproteobacteria,legionellales,legionellaceae,legionella,legionella fallonii
Zotu2336,0.006681,0.0,0.0,0.0,0.0,0.0,0.0,0.0,bacteria,verrucomicrobiota,verrucomicrobiae,verrucomicrobiales,verrucomicrobia subdivision 3,pedosphaera,pedosphaera parvula
Zotu2337,0.013362,0.064796,0.003173,0.199822,0.0,0.0,0.0,0.0,bacteria,bacillota,clostridia,eubacteriales,peptococcaceae,phosphitispora,phosphitispora fastidiosa
Zotu2338,0.0,0.0,0.0,0.0,0.0,0.0,0.0,0.0,bacteria,gemmatimonadota,longimicrobiia,longimicrobiales,longimicrobiaceae,longimicrobium,longimicrobium terrae
Zotu2339,0.003341,0.00324,0.003173,0.0,0.0,0.025387,0.056511,0.0,archaea,methanobacteriota,thermoplasmata,methanomassiliicoccales,methanomassiliicoccaceae,methanomassiliicoccus,candidatus methanomassiliicoccus intestinalis
Zotu2340,0.0,0.022679,0.069804,0.003074,0.217448,0.003173,0.0,0.0,bacteria,actinomycetota,actinomycetes,streptosporangiales,streptosporangiaceae,nonomuraea,nonomuraea soli
Zotu2341,0.0,0.00324,0.0,0.0,0.23043,0.0,0.00314,0.0,bacteria,pseudomonadota,gammaproteobacteria,oceanospirillales,oceanospirillaceae,oceanospirillum,oceanospirillum sanctuarii
Zotu2342,0.003341,0.00324,0.0,0.0,0.0,0.034907,0.160116,0.00314,bacteria,pseudomonadota,betaproteobacteria,burkholderiales,burkholderiaceae,polynucleobacter,polynucleobacter cosmopolitanus
Zotu2343,0.026725,0.016199,0.063458,0.003074,0.068155,0.003173,0.00314,0.0,bacteria,actinomycetota,rubrobacteria,rubrobacterales,rubrobacteraceae,rubrobacter,rubrobacter naiadicus
Zotu2344,0.0,0.0,0.0,0.0,0.0,0.006347,0.0,0.0,bacteria,actinomycetota,acidimicrobiia,acidimicrobiales,iamiaceae,actinomarinicola,actinomarinicola tropica
Zotu2345,0.003341,0.0,0.0,0.0,0.0,0.006347,0.00314,0.0,bacteria,actinomycetota,rubrobacteria,rubrobacterales,rubrobacteraceae,rubrobacter,rubrobacter taiwanensis
Zotu2346,0.003341,0.00648,0.0,0.003074,0.0,0.003173,0.0,0.00314,bacteria,bacteroidota,chitinophagia,chitinophagales,chitinophagaceae,segetibacter,segetibacter koreensis
Zotu2347,0.0,0.00324,0.0,0.0,0.003245,0.003173,0.00314,0.012561,bacteria,pseudomonadota,alphaproteobacteria,rhodobacterales,paracoccaceae,falsirhodobacter,falsirhodobacter halotolerans
Zotu2348,0.0,0.0,0.231621,0.0,0.0,0.0,0.0,0.0,bacteria,planctomycetota,planctomycetia,gemmatales,gemmataceae,tuwongella,tuwongella immobilis
Zotu2349,0.003341,0.0,0.003173,0.0,0.0,0.003173,0.0,0.222955,bacteria,pseudomonadota,alphaproteobacteria,sphingomonadales,sphingomonadaceae,novosphingobium,novosphingobium pentaromativorans
Zotu2350,0.0,0.0,0.0,0.003074,0.0,0.0,0.0,0.0,bacteria,gemmatimonadota,gemmatimonadetes,gemmatimonadales,gemmatimonadaceae,gemmatimonas,gemmatimonas phototrophica
Zotu2351,0.0,0.0,0.0,0.0,0.0,0.0,0.0,0.0,bacteria,actinomycetota,acidimicrobiia,acidimicrobiales,iamiaceae,actinomarinicola,actinomarinicola tropica
Zotu2352,0.0,0.0,0.0,0.0,0.0,0.0,0.0,0.031402,bacteria,pseudomonadota,alphaproteobacteria,rhodospirillales,acetobacteraceae,roseomonas,roseomonas rosea
Zotu2353,0.0,0.00324,0.0,0.0,0.0,0.0,0.0,0.0,bacteria,verrucomicrobiota,verrucomicrobiae,verrucomicrobiales,verrucomicrobia subdivision 3,pedosphaera,pedosphaera parvula
Zotu2354,0.0,0.0,0.0,0.0,0.0,0.0,0.0,0.043963,bacteria,bacteroidota,cytophagia,cytophagales,hymenobacteraceae,adhaeribacter,adhaeribacter aquaticus
Zotu2355,0.0,0.0,0.0,0.0,0.0,0.0,0.0,0.0,bacteria,actinomycetota,nitriliruptoria,nitriliruptorales,nitriliruptoraceae,nitriliruptor,nitriliruptor alkaliphilus
Zotu2356,0.023384,0.00324,0.0,0.0,0.081137,0.104722,0.018837,0.0,bacteria,actinomycetota,thermoleophilia,thermoleophilales,thermoleophilaceae,thermoleophilum,thermoleophilum album
Zotu2357,0.0,0.0,0.0,0.0,0.0,0.0,0.0,0.00314,bacteria,actinomycetota,actinomycetes,micromonosporales,micromonosporaceae,actinoplanes,actinoplanes globisporus
Zotu2358,0.0,0.0,0.0,0.0,0.0,0.0,0.034535,0.0,bacteria,actinomycetota,thermoleophilia,solirubrobacterales,baekduiaceae,baekduia,baekduia soli
Zotu2359,0.0,0.0,0.0,0.0,0.003245,0.0,0.00314,0.00314,bacteria,bacillota,erysipelotrichia,erysipelotrichales,erysipelotrichaceae,anaerorhabdus,anaerorhabdus furcosa
Zotu2360,0.006681,0.009719,0.0,0.003074,0.0,0.003173,0.175813,0.131889,bacteria,bacteroidota,chitinophagia,chitinophagales,chitinophagaceae,flavisolibacter,flavisolibacter metallilatus
Zotu2361,0.0,0.0,0.0,0.0,0.0,0.003173,0.00314,0.0,bacteria,chloroflexota,chloroflexia,chloroflexales,roseiflexaceae,kouleothrix,kouleothrix aurantiaca
Zotu2362,0.0,0.0,0.0,0.0,0.0,0.0,0.0,0.0,bacteria,actinomycetota,rubrobacteria,rubrobacterales,rubrobacteraceae,rubrobacter,rubrobacter naiadicus
Zotu2364,0.0,0.0,0.0,0.0,0.0,0.0,0.0,0.0,bacteria,gemmatimonadota,gemmatimonadetes,gemmatimonadales,gemmatimonadaceae,gemmatimonas,gemmatimonas aurantiaca
Zotu2365,0.0,0.0,0.0,0.0,0.0,0.0,0.0,0.0,bacteria,actinomycetota,rubrobacteria,rubrobacterales,rubrobacteraceae,rubrobacter,rubrobacter naiadicus
Zotu2366,0.003341,0.0,0.0,0.003074,0.0,0.038081,0.009419,0.034542,bacteria,actinomycetota,thermoleophilia,solirubrobacterales,baekduiaceae,baekduia,baekduia soli
Zotu2367,0.0,0.00324,0.0,0.0,0.0,0.0,0.0,0.00314,bacteria,actinomycetota,actinomycetes,frankiales,frankiaceae,pseudofrankia,pseudofrankia inefficax
Zotu2368,0.003341,0.0,0.0,0.0,0.0,0.0,0.0,0.0,bacteria,planctomycetota,planctomycetia,gemmatales,gemmataceae,zavarzinella,zavarzinella formosa
Zotu2369,0.0,0.00648,0.003173,0.0,0.003245,0.104722,0.00314,0.0,bacteria,verrucomicrobiota,verrucomicrobiae,verrucomicrobiales,verrucomicrobia subdivision 3,pedosphaera,pedosphaera parvula
Zotu2370,0.0,0.035638,0.038075,0.0,0.003245,0.003173,0.0,0.0,archaea,methanobacteriota,thermoplasmata,methanomassiliicoccales,methanomassiliicoccaceae,methanomassiliicoccus,candidatus methanomassiliicoccus intestinalis
Zotu2371,0.003341,0.0,0.0,0.212118,0.0,0.00952,0.012558,0.053384,bacteria,actinomycetota,thermoleophilia,solirubrobacterales,conexibacteraceae,conexibacter,conexibacter stalactiti
Zotu2372,0.040087,0.048597,0.047593,0.003074,0.032455,0.00952,0.037674,0.00314,bacteria,bacillota,clostridia,thermosediminibacterales,thermosediminibacteraceae,fervidicola,fervidicola ferrireducens
Zotu2373,0.0,0.0,0.0,0.003074,0.003245,0.0,0.006279,0.0,bacteria,actinomycetota,actinomycetes,mycobacteriales,corynebacteriaceae,corynebacterium,corynebacterium appendicis
Zotu2374,0.0,0.0,0.0,0.0,0.0,0.339553,0.0,0.0,bacteria,bacillota,tissierellia,tissierellales,tissierellaceae,tissierella,tissierella simiarum
Zotu2375,0.0,0.0,0.0,0.0,0.146047,0.003173,0.040814,0.031402,bacteria,actinomycetota,actinomycetes,nakamurellales,nakamurellaceae,nakamurella,nakamurella panacisegetis
Zotu2376,0.0,0.00324,0.003173,0.003074,0.006491,0.130109,0.00314,0.0,archaea,methanobacteriota,thermoplasmata,methanomassiliicoccales,methanomassiliicoccaceae,methanomassiliicoccus,candidatus methanomassiliicoccus intestinalis
Zotu2377,0.0,0.0,0.003173,0.003074,0.003245,0.0,0.0,0.00314,bacteria,acidobacteriota,blastocatellia,blastocatellales,blastocatellaceae,aridibacter,aridibacter famidurans
Zotu2378,0.016703,0.0,0.0,0.0,0.0,0.0,0.0,0.0,bacteria,verrucomicrobiota,verrucomicrobiae,verrucomicrobiales,verrucomicrobia subdivision 3,pedosphaera,pedosphaera parvula
Zotu2379,0.0,0.0,0.003173,0.0,0.0,0.006347,0.0,0.0,bacteria,gemmatimonadota,longimicrobiia,longimicrobiales,longimicrobiaceae,longimicrobium,longimicrobium terrae
Zotu2380,0.003341,0.0,0.0,0.003074,0.0,0.0,0.0,0.034542,bacteria,bacillota,bacilli,bacillales,bacillaceae,caldalkalibacillus,caldalkalibacillus mannanilyticus
Zotu2381,0.0,0.0,0.003173,0.0,0.0,0.0,0.0,0.00314,bacteria,pseudomonadota,alphaproteobacteria,rhodospirillales,acetobacteraceae,paeniroseomonas,paeniroseomonas aquatica
Zotu2382,0.0,0.0,0.0,0.0,0.0,0.0,0.0,0.0,bacteria,bacteroidota,flavobacteriia,flavobacteriales,crocinitomicaceae,wandonia,wandonia haliotis
Zotu2383,0.133623,0.00324,0.196719,0.0,0.0,0.003173,0.097325,0.0,archaea,methanobacteriota,thermoplasmata,methanomassiliicoccales,methanomassiliicoccaceae,methanomassiliicoccus,candidatus methanomassiliicoccus intestinalis
Zotu2384,0.0,0.194389,0.003173,0.006148,0.003245,0.047601,0.00314,0.0,bacteria,chloroflexota,caldilineae,caldilineales,caldilineaceae,litorilinea,litorilinea aerophila
Zotu2385,0.0,0.0,0.0,0.0,0.0,0.0,0.0,0.0,bacteria,actinomycetota,rubrobacteria,rubrobacterales,rubrobacteraceae,rubrobacter,rubrobacter spartanus
Zotu2387,0.223818,0.0,0.0,0.0,0.0,0.0,0.006279,0.0,archaea,methanobacteriota,euryarchaeota,euryarchaeota,euryarchaeota,aciduliprofundum,aciduliprofundum boonei
Zotu2388,0.0,0.00324,0.0,0.003074,0.0,0.003173,0.0,0.00314,bacteria,thermodesulfobacteriota,desulfuromonadia,geobacterales,geobacteraceae,geobacter,geobacter sulfurreducens
Zotu2389,0.287289,0.0,0.006346,0.0,0.0,0.003173,0.0,0.0,bacteria,acidobacteriota,blastocatellia,blastocatellales,pyrinomonadaceae,pyrinomonas,pyrinomonas methylaliphatogenes
Zotu2390,0.003341,0.0,0.0,0.0,0.0,0.0,0.0,0.0,bacteria,pseudomonadota,gammaproteobacteria,chromatiales,thioprofundaceae,thioprofundum,thioprofundum hispidum
Zotu2391,0.003341,0.0,0.0,0.0,0.003245,0.003173,0.0,0.0,bacteria,actinomycetota,nitriliruptoria,egibacterales,egibacteraceae,egibacter,egibacter rhizosphaerae
Zotu2392,0.033406,0.048597,0.0,0.0,0.003245,0.044428,0.0,0.0,archaea,methanobacteriota,thermoplasmata,methanomassiliicoccales,methanomassiliicoccaceae,methanomassiliicoccus,candidatus methanomassiliicoccus intestinalis
Zotu2393,0.0,0.0,0.0,0.0,0.0,0.0,0.0,0.0,bacteria,thermodesulfobacteriota,desulfobulbia,desulfobulbales,desulfobulbaceae,desulfurivibrio,desulfurivibrio alkaliphilus
Zotu2394,0.0,0.019439,0.0,0.0,0.0,0.0,0.0,0.00314,archaea,methanobacteriota,thermoplasmata,methanomassiliicoccales,methanomassiliicoccaceae,methanomassiliicoccus,candidatus methanomassiliicoccus intestinalis
Zotu2395,0.0,0.0,0.0,0.0,0.0,0.0,0.0,0.0,bacteria,chloroflexota,chloroflexia,herpetosiphonales,herpetosiphonaceae,herpetosiphon,herpetosiphon aurantiacus
Zotu2396,0.006681,0.0,0.003173,0.0,0.0,0.003173,0.0,0.0,bacteria,pseudomonadota,deltaproteobacteria,myxococcales,kofleriaceae,kofleria,kofleria flava
Zotu2397,0.006681,0.038878,0.0,0.0,0.0,0.0,0.0,0.0,archaea,methanobacteriota,thermoplasmata,methanomassiliicoccales,methanomassiliicoccaceae,methanomassiliicoccus,candidatus methanomassiliicoccus intestinalis
Zotu2398,0.006681,0.025918,0.038075,0.0,0.06491,0.034907,0.006279,0.0,bacteria,actinomycetota,acidimicrobiia,acidimicrobiales,iamiaceae,actinomarinicola,actinomarinicola tropica
Zotu2399,0.0,0.0,0.0,0.0,0.0,0.0,0.0,0.043963,archaea,methanobacteriota,thermoplasmata,methanomassiliicoccales,methanomassiliicoccaceae,methanomassiliicoccus,candidatus methanomassiliicoccus intestinalis
Zotu2400,0.0,0.0,0.0,0.0,0.0,0.0,0.0,0.0,bacteria,pseudomonadota,alphaproteobacteria,sphingomonadales,sphingomonadaceae,sphingomonas,sphingomonas segetis
Zotu2401,0.0,0.0,0.003173,0.0,0.003245,0.003173,0.006279,0.0,bacteria,actinomycetota,actinomycetes,micrococcales,microbacteriaceae,gulosibacter,gulosibacter hominis
Zotu2402,0.010022,0.184669,0.038075,0.003074,0.06491,0.0,0.0,0.00314,bacteria,bacillota,clostridia,thermoanaerobacterales,thermoanaerobacteraceae,thermodesulfitimonas,thermodesulfitimonas autotrophica
Zotu2404,0.0,0.00324,0.003173,0.0,0.003245,0.0,0.0,0.00314,bacteria,actinomycetota,actinomycetes,propionibacteriales,nocardioidaceae,nocardioides,nocardioides litorisoli
Zotu2405,0.0,0.0,0.0,0.0,0.0,0.0,0.0,0.0,bacteria,actinomycetota,acidimicrobiia,acidimicrobiales,acidimicrobiaceae,aciditerrimonas,aciditerrimonas ferrireducens
Zotu2406,0.0,0.0,0.0,0.006148,0.0,0.0,0.0,0.00314,bacteria,actinomycetota,acidimicrobiia,acidimicrobiales,acidimicrobiaceae,acidithrix,acidithrix ferrooxidans
Zotu2407,0.0,0.0,0.0,0.0,0.0,0.0,0.0,0.0,bacteria,pseudomonadota,alphaproteobacteria,rhodospirillales,acetobacteraceae,roseomonas,roseomonas pecuniae
Zotu2408,0.0,0.0,0.0,0.0,0.0,0.0,0.0,0.053384,bacteria,bacillota,clostridia,eubacteriales,symbiobacteriaceae,symbiobacterium,symbiobacterium ostreiconchae
Zotu2409,0.0,0.0,0.0,0.0,0.0,0.0,0.0,0.0,bacteria,actinomycetota,acidimicrobiia,acidimicrobiales,iamiaceae,iamia,iamia majanohamensis
Zotu2410,0.0,0.00324,0.0,0.0,0.0,0.0,0.00314,0.0,bacteria,gemmatimonadota,longimicrobiia,longimicrobiales,longimicrobiaceae,longimicrobium,longimicrobium terrae
Zotu2411,0.0,0.0,0.0,0.0,0.0,0.0,0.0,0.0,bacteria,planctomycetota,planctomycetia,gemmatales,gemmataceae,gemmata,gemmata obscuriglobus
Zotu2412,0.0,0.0,0.003173,0.0,0.0,0.0,0.0,0.0,bacteria,pseudomonadota,alphaproteobacteria,hyphomicrobiales,methylobacteriaceae,enterovirga,enterovirga rhinocerotis
Zotu2413,0.003341,0.0,0.0,0.0,0.0,0.0,0.0,0.0,bacteria,pseudomonadota,betaproteobacteria,burkholderiales,comamonadaceae,variovorax,variovorax paradoxus
Zotu2414,0.0,0.0,0.0,0.0,0.003245,0.01904,0.056511,0.0,bacteria,actinomycetota,acidimicrobiia,acidimicrobiales,iamiaceae,iamia,iamia majanohamensis
Zotu2415,0.0,0.0,0.0,0.0,0.0,0.0,0.0,0.00314,bacteria,bacteroidota,cytophagia,cytophagales,hymenobacteraceae,adhaeribacter,adhaeribacter aerolatus
Zotu2416,0.0,0.00324,0.0,0.0,0.0,0.0,0.0,0.0,bacteria,actinomycetota,thermoleophilia,thermoleophilales,thermoleophilaceae,thermoleophilum,thermoleophilum album
Zotu2417,0.0,0.0,0.0,0.0,0.0,0.0,0.0,0.00628,bacteria,pseudomonadota,betaproteobacteria,burkholderiales,oxalobacteraceae,noviherbaspirillum,noviherbaspirillum aridicola
Zotu2418,0.0,0.0,0.0,0.0,0.0,0.003173,0.0,0.0,bacteria,planctomycetota,planctomycetia,pirellulales,lacipirellulaceae,aeoliella,aeoliella mucimassa
Zotu2419,0.016703,0.0,0.0,0.0,0.0,0.0,0.025116,0.0,bacteria,pseudomonadota,betaproteobacteria,burkholderiales,burkholderiaceae,caballeronia,caballeronia glathei
Zotu2420,0.0,0.0,0.0,0.0,0.0,0.0,0.00314,0.0,bacteria,planctomycetota,planctomycetia,gemmatales,gemmataceae,zavarzinella,zavarzinella formosa
Zotu2422,0.063471,0.301302,0.031729,0.0,0.0,0.003173,0.0,0.0,archaea,methanobacteriota,thermoplasmata,methanomassiliicoccales,methanomassiliicoccaceae,methanomassiliicoccus,candidatus methanomassiliicoccus intestinalis
Zotu2423,0.0,0.0,0.0,0.0,0.0,0.0,0.0,0.0,archaea,methanobacteriota,methanomicrobia,methanosarcinales,methanosaetaceae,methanothrix,methanothrix soehngenii gp6
Zotu2424,0.100217,0.116633,0.149126,0.0,0.0,0.0,0.0,0.0,archaea,methanobacteriota,thermoplasmata,methanomassiliicoccales,methanomassiliicoccaceae,methanomassiliicoccus,candidatus methanomassiliicoccus intestinalis
Zotu2425,0.096877,0.048597,0.006346,0.273602,0.003245,0.0,0.0,0.0,archaea,methanobacteriota,thermoplasmata,methanomassiliicoccales,methanomassiliicoccaceae,methanomassiliicoccus,candidatus methanomassiliicoccus intestinalis
Zotu2426,0.0,0.0,0.003173,0.0,0.0,0.0,0.087907,0.100487,bacteria,bacteroidota,chitinophagia,chitinophagales,chitinophagaceae,flavisolibacter,flavisolibacter metallilatus
Zotu2427,0.0,0.0,0.0,0.0,0.0,0.0,0.0,0.0,bacteria,bacteroidota,chitinophagia,chitinophagales,chitinophagaceae,flavitalea,flavitalea populi
Zotu2428,0.0,0.0,0.003173,0.0,0.003245,0.003173,0.0,0.0,bacteria,nitrospirota,nitrospira,nitrospirales,nitrospiraceae,nitrospira,nitrospira enrichment
Zotu2429,0.003341,0.0,0.0,0.0,0.003245,0.0,0.00314,0.0,bacteria,pseudomonadota,alphaproteobacteria,hyphomicrobiales,propylenellaceae,propylenella,propylenella binzhouense
Zotu2430,0.003341,0.0,0.003173,0.0,0.0,0.072988,0.012558,0.14445,bacteria,acidobacteriota,blastocatellia,blastocatellales,blastocatellaceae,aridibacter,aridibacter kavangonensis
Zotu2431,0.0,0.0,0.0,0.0,0.0,0.0,0.0,0.00628,bacteria,thermomicrobiota,thermomicrobia,sphaerobacterales,sphaerobacteraceae,nitrolancea,nitrolancea hollandica
Zotu2432,0.0,0.0,0.0,0.0,0.0,0.0,0.0,0.0,archaea,methanobacteriota,thermoplasmata,methanomassiliicoccales,methanomassiliicoccaceae,methanomassiliicoccus,candidatus methanomassiliicoccus intestinalis
Zotu2433,0.0,0.0,0.0,0.0,0.0,0.0,0.0,0.0,bacteria,bacteroidota,flavobacteriia,flavobacteriales,flavobacteriaceae,flavobacterium,flavobacterium silvaticum
Zotu2434,0.003341,0.00324,0.003173,0.0,0.003245,0.006347,0.0,0.0,bacteria,actinomycetota,thermoleophilia,solirubrobacterales,solirubrobacteraceae,solirubrobacter,solirubrobacter phytolaccae
Zotu2435,0.0,0.0,0.0,0.0,0.003245,0.0,0.075348,0.14759,bacteria,bacteroidota,cytophagia,cytophagales,hymenobacteraceae,adhaeribacter,adhaeribacter aerophilus
Zotu2436,0.0,0.00324,0.0,0.0,0.0,0.0,0.0,0.034542,bacteria,actinomycetota,thermoleophilia,solirubrobacterales,baekduiaceae,baekduia,baekduia soli
Zotu2437,0.0,0.0,0.0,0.0,0.149292,0.0,0.00314,0.0,bacteria,planctomycetota,planctomycetia,gemmatales,gemmataceae,gemmata,gemmata palustris
Zotu2438,0.0,0.0,0.0,0.0,0.0,0.0,0.0,0.0,bacteria,actinomycetota,actinomycetes,streptosporangiales,nocardiopsaceae,spinactinospora,spinactinospora alkalitolerans
Zotu2439,0.0,0.097194,0.060285,0.003074,0.0,0.0,0.00314,0.0,bacteria,verrucomicrobiota,verrucomicrobiae,verrucomicrobiales,verrucomicrobia subdivision 3,pedosphaera,pedosphaera parvula
Zotu2440,0.0,0.0,0.0,0.0,0.0,0.0,0.0,0.0,bacteria,gemmatimonadota,longimicrobiia,longimicrobiales,longimicrobiaceae,longimicrobium,longimicrobium terrae
Zotu2441,0.0,0.0,0.0,0.006148,0.006491,0.0,0.0,0.00314,bacteria,pseudomonadota,betaproteobacteria,burkholderiales,burkholderiaceae,lautropia,lautropia mirabilis
Zotu2442,0.0,0.0,0.0,0.0,0.0,0.0,0.0,0.0,bacteria,myxococcota,myxococcota,polyangiales,labilitrichaceae,labilithrix,labilithrix luteola
Zotu2443,0.016703,0.0,0.034902,0.236712,0.0,0.0,0.012558,0.0,bacteria,actinomycetota,thermoleophilia,solirubrobacterales,conexibacteraceae,conexibacter,conexibacter stalactiti
Zotu2444,0.0,0.0,0.0,0.0,0.0,0.003173,0.0,0.021981,bacteria,actinomycetota,actinomycetia,geodermatophilales,geodermatophilaceae,modestobacter,modestobacter multiseptatus
Zotu2445,0.013362,0.038878,0.0,0.236712,0.032455,0.044428,0.0,0.00314,bacteria,bacillota,clostridia,moorellales,moorellaceae,moorella,moorella glycerini
Zotu2446,0.0,0.0,0.0,0.006148,0.120083,0.0,0.0,0.0,archaea,methanobacteriota,thermoplasmata,methanomassiliicoccales,methanomassiliicoccaceae,methanomassiliicoccus,candidatus methanomassiliicoccus intestinalis
Zotu2447,0.043427,0.022679,0.041248,0.135264,0.0,0.003173,0.018837,0.009421,bacteria,actinomycetota,rubrobacteria,rubrobacterales,rubrobacteraceae,rubrobacter,rubrobacter xylanophilus
Zotu2448,0.003341,0.0,0.0,0.0,0.068155,0.003173,0.0,0.00628,bacteria,pseudomonadota,gammaproteobacteria,nevskiales,nevskiaceae,stagnimonas,stagnimonas aquatica
Zotu2449,0.003341,0.0,0.003173,0.0,0.025964,0.0,0.0,0.021981,bacteria,bacillota,bacilli,bacillales,bacillaceae,ornithinibacillus,ornithinibacillus massiliensis
Zotu2450,0.0,0.0,0.0,0.0,0.0,0.0,0.0,0.0,bacteria,pseudomonadota,alphaproteobacteria,sphingomonadales,sphingomonadaceae,sphingomonas,sphingomonas palustris
Zotu2451,0.0,0.0,0.0,0.0,0.0,0.003173,0.0,0.0,bacteria,bacillota,clostridia,eubacteriales,thermincolaceae,thermincola,thermincola ferriacetica
Zotu2452,0.0,0.0,0.0,0.0,0.0,0.0,0.0,0.0,bacteria,bacteroidota,sphingobacteriia,sphingobacteriales,aurantibacillaceae,aurantibacillus,aurantibacillus circumpalustris
Zotu2453,0.0,0.00648,0.003173,0.003074,0.06491,0.0,0.100465,0.034542,bacteria,pseudomonadota,alphaproteobacteria,hyphomicrobiales,afifellaceae,afifella,afifella pfennigii
Zotu2454,0.0,0.0,0.0,0.0,0.0,0.0,0.0,0.0,archaea,methanobacteriota,thermoplasmata,methanomassiliicoccales,methanomassiliicoccaceae,candidatus methanogranum,thermoplasmata archaeon kjm51a
Zotu2455,0.003341,0.0,0.0,0.0,0.0,0.003173,0.00314,0.00628,bacteria,pseudomonadota,alphaproteobacteria,hyphomicrobiales,methylobacteriaceae,microvirga,microvirga guangxiensis
Zotu2456,0.0,0.0,0.006346,0.0,0.0,0.0,0.0,0.0,bacteria,pseudomonadota,gammaproteobacteria,steroidobacterales,steroidobacteraceae,steroidobacter,steroidobacter agaridevorans
Zotu2457,0.0,0.0,0.0,0.0,0.0,0.0,0.0,0.0,bacteria,pseudomonadota,alphaproteobacteria,sphingomonadales,sphingosinicellaceae,sphingosinicella,sphingosinicella cucumeris
Zotu2458,0.0,0.0,0.0,0.0,0.0,0.0,0.0,0.018841,bacteria,pseudomonadota,alphaproteobacteria,rhodobacterales,roseobacteraceae,rubellimicrobium,rubellimicrobium rubrum
Zotu2459,0.0,0.042118,0.0,0.408866,0.016227,0.0,0.006279,0.0,archaea,methanobacteriota,thermoplasmata,methanomassiliicoccales,methanomassiliicoccaceae,methanomassiliicoccus,candidatus methanomassiliicoccus intestinalis
Zotu2460,0.036746,0.038878,0.203065,0.0,0.006491,0.0,0.00314,0.0,bacteria,acidobacteriota,vicinamibacteria,vicinamibacterales,vicinamibacteraceae,luteitalea,luteitalea pratensis
Zotu2461,0.0,0.0,0.0,0.0,0.0,0.0,0.0,0.0,bacteria,pseudomonadota,betaproteobacteria,burkholderiales,comamonadaceae,ramlibacter,ramlibacter pinisoli
Zotu2462,0.0,0.012959,0.025383,0.0,0.0,0.0,0.00314,0.0,bacteria,actinomycetota,acidimicrobiia,acidimicrobiales,acidimicrobiaceae,acidiferrimicrobium,acidiferrimicrobium australe
Zotu2463,0.280608,0.0,0.0,0.0,0.006491,0.0,0.0,0.0,bacteria,cyanobacteriota,cyanophyceae,oscillatoriales,oscillatoriaceae,oscillatoria,oscillatoria acuminata
Zotu2464,0.163688,0.074516,0.24114,0.430385,0.0,0.012694,0.00314,0.00314,bacteria,bacillota,bacilli,bacillales,alicyclobacillaceae,alicyclobacillus,alicyclobacillus cycloheptanicus
Zotu2465,0.026725,0.019439,0.101533,0.0,0.097365,0.0,0.0,0.0,bacteria,planctomycetota,planctomycetia,gemmatales,gemmataceae,fimbriiglobus,fimbriiglobus ruber
Zotu2466,0.003341,0.035638,0.0,0.0,0.0,0.0,0.0,0.0,bacteria,chloroflexota,tepidiformia,tepidiformales,tepidiformaceae,tepidiforma,tepidiforma bonchosmolovskayae
Zotu2467,0.003341,0.058317,0.034902,0.0,0.0,0.0,0.0,0.0,bacteria,chloroflexota,anaerolineae,anaerolineales,anaerolineaceae,ornatilinea,ornatilinea apprima
Zotu2468,0.003341,0.0,0.0,0.0,0.0,0.0,0.0,0.0,bacteria,actinomycetota,rubrobacteria,rubrobacterales,rubrobacteraceae,rubrobacter,rubrobacter tropicus
Zotu2469,0.0,0.0,0.0,0.0,0.0,0.0,0.0,0.0,bacteria,acidobacteriota,vicinamibacteria,vicinamibacterales,vicinamibacteraceae,luteitalea,luteitalea pratensis
Zotu2470,0.0,0.0,0.0,0.0,0.0,0.0,0.0,0.0,bacteria,bacillota,bacilli,bacillales,bacillaceae,parageobacillus,parageobacillus thermantarcticus
Zotu2471,0.003341,0.0,0.0,0.196748,0.025964,0.003173,0.0,0.0,bacteria,thermotogota,thermotogae,thermotogales,fervidobacteriaceae,thermosipho,thermosipho affectus
Zotu2472,0.006681,0.055077,0.003173,0.0,0.159029,0.0,0.0,0.0,bacteria,actinomycetota,nitriliruptoria,euzebyales,euzebyaceae,euzebya,euzebya pacifica
Zotu2473,0.374144,0.035638,0.0,0.0,0.0,0.0,0.006279,0.021981,archaea,methanobacteriota,thermoplasmata,methanomassiliicoccales,methanomassiliicoccaceae,methanomassiliicoccus,candidatus methanomassiliicoccus intestinalis
Zotu2474,0.0,0.0,0.006346,0.003074,0.0,0.0,0.006279,0.0,bacteria,thermodesulfobacteriota,desulfuromonadia,geobacterales,geobacteraceae,pelotalea,pelotalea chapellei
Zotu2475,0.0,0.0,0.0,0.0,0.0,0.0,0.0,0.0,bacteria,actinomycetota,acidimicrobiia,acidimicrobiales,iamiaceae,actinomarinicola,actinomarinicola tropica
Zotu2476,0.0,0.0,0.14278,0.0,0.110347,0.003173,0.00314,0.0,bacteria,verrucomicrobiota,verrucomicrobiae,verrucomicrobiales,verrucomicrobia subdivision 3,pedosphaera,pedosphaera parvula
Zotu2477,0.030065,0.029158,0.09836,0.003074,0.0,0.0,0.0,0.0,bacteria,actinomycetota,thermoleophilia,thermoleophilales,thermoleophilaceae,thermoleophilum,thermoleophilum album
Zotu2478,0.0,0.0,0.0,0.0,0.0,0.0,0.0,0.0,archaea,methanobacteriota,halobacteria,halobacteriales,halobacteriaceae,natronomonas,natronomonas salina
Zotu2479,0.0,0.0,0.0,0.0,0.0,0.0,0.00314,0.021981,bacteria,pseudomonadota,alphaproteobacteria,sphingomonadales,sphingosinicellaceae,sphingosinicella,sphingosinicella humi
Zotu2480,0.020043,0.009719,0.0,0.0,0.0,0.0,0.134999,0.141309,bacteria,bacillota,clostridia,eubacteriales,symbiobacteriaceae,symbiobacterium,symbiobacterium terraclitae
Zotu2481,0.0,0.0,0.288733,0.003074,0.0,0.003173,0.0,0.0,bacteria,verrucomicrobiota,verrucomicrobiae,verrucomicrobiales,verrucomicrobia subdivision 3,pedosphaera,pedosphaera parvula
Zotu2482,0.010022,0.055077,0.069804,0.003074,0.0,0.0,0.0,0.0,bacteria,planctomycetota,planctomycetia,gemmatales,gemmataceae,limnoglobus,limnoglobus roseus
Zotu2483,0.063471,0.210588,0.053939,0.0,0.0,0.006347,0.00314,0.0,bacteria,acidobacteriota,blastocatellia,blastocatellales,pyrinomonadaceae,pyrinomonas,pyrinomonas methylaliphatogenes
Zotu2485,0.0,0.0,0.0,0.0,0.0,0.0,0.0,0.015701,bacteria,pseudomonadota,alphaproteobacteria,rhodobacterales,roseobacteraceae,rubellimicrobium,rubellimicrobium roseum
Zotu2486,0.0,0.0,0.0,0.0,0.240166,0.0,0.009419,0.0,bacteria,verrucomicrobiota,opitutae,opitutales,opitutaceae,opitutus,opitutus terrae
Zotu2488,0.066811,0.025918,0.0,0.0,0.12982,0.057121,0.00314,0.0,bacteria,chloroflexota,caldilineae,caldilineales,caldilineaceae,litorilinea,litorilinea aerophila
Zotu2490,0.0,0.0,0.0,0.0,0.0,0.0,0.0,0.00628,bacteria,bacteroidota,chitinophagia,chitinophagales,chitinophagaceae,flaviaesturariibacter,flaviaesturariibacter flavus
Zotu2491,0.003341,0.035638,0.158645,0.0,0.003245,0.0,0.0,0.0,bacteria,verrucomicrobiota,opitutae,opitutales,opitutaceae,horticoccus,horticoccus luteus
Zotu2492,0.0,0.0,0.0,0.0,0.0,0.0,0.018837,0.031402,bacteria,bacillota,clostridia,thermosediminibacterales,thermosediminibacteraceae,thermovenabulum,thermovenabulum gondwanense
Zotu2493,0.0,0.032398,0.0,0.0,0.0,0.003173,0.00314,0.0,bacteria,acidobacteriota,vicinamibacteria,vicinamibacterales,vicinamibacteraceae,vicinamibacter,vicinamibacter silvestris
Zotu2494,0.003341,0.042118,0.0,0.0,0.0,0.003173,0.0,0.00314,bacteria,planctomycetota,planctomycetia,pirellulales,pirellulaceae,anatilimnocola,anatilimnocola aggregata
Zotu2495,0.023384,0.051837,0.0,0.0,0.236921,0.044428,0.025116,0.0,bacteria,planctomycetota,phycisphaerae,phycisphaerales,phycisphaeraceae,mucisphaera,mucisphaera calidilacus
Zotu2496,0.0,0.009719,0.0,0.0,0.0,0.0,0.00314,0.119328,bacteria,myxococcota,myxococcia,myxococcales,archangiaceae,archangium,archangium gephyra
Zotu2497,0.0,0.0,0.0,0.0,0.0,0.0,0.0,0.037683,bacteria,bacteroidota,sphingobacteriia,sphingobacteriales,sphingobacteriaceae,hufsiella,hufsiella arboris
Zotu2498,0.0,0.0,0.0,0.003074,0.0,0.0,0.0,0.0,bacteria,thermodesulfobacteriota,desulfuromonadia,desulfuromonadales,desulfuromonadaceae,pelobacter,pelobacter seleniigenes
Zotu2499,0.003341,0.00324,0.0,0.0,0.0,0.0,0.00314,0.0,bacteria,actinomycetota,actinomycetes,kitasatosporales,streptomycetaceae,streptomyces,streptomyces megasporus
Zotu2500,0.0,0.00324,0.0,0.0,0.003245,0.003173,0.0,0.043963,bacteria,thermomicrobiota,thermomicrobia,sphaerobacterales,sphaerobacteraceae,sphaerobacter,sphaerobacter thermophilus
Zotu2501,0.076833,0.103674,0.025383,0.006148,0.0,0.0,0.0,0.0,bacteria,bacillota,clostridia,thermosediminibacterales,thermosediminibacteraceae,caldanaerovirga,caldanaerovirga acetigignens
Zotu2502,0.006681,0.0,0.0,0.0,0.0,0.0,0.006279,0.034542,bacteria,pseudomonadota,alphaproteobacteria,rhodospirillales,acetobacteraceae,falsiroseomonas,falsiroseomonas wooponensis
Zotu2503,0.0,0.0,0.0,0.0,0.003245,0.0,0.0,0.009421,bacteria,actinomycetota,thermoleophilia,solirubrobacterales,parviterribacteraceae,parviterribacter,parviterribacter kavangonensis
Zotu2504,0.0,0.0,0.0,0.0,0.0,0.006347,0.031395,0.018841,bacteria,gemmatimonadota,longimicrobiia,longimicrobiales,longimicrobiaceae,longimicrobium,longimicrobium terrae
Zotu2505,0.0,0.0,0.0,0.0,0.0,0.003173,0.0,0.0,bacteria,bacteroidota,cytophagia,cytophagales,roseivirgaceae,roseivirga,roseivirga marina
Zotu2506,0.0,0.0,0.0,0.0,0.0,0.0,0.0,0.0,bacteria,chloroflexota,chloroflexia,herpetosiphonales,herpetosiphonaceae,herpetosiphon,herpetosiphon aurantiacus
Zotu2507,0.0,0.0,0.0,0.0,0.0,0.0,0.0,0.0,bacteria,pseudomonadota,alphaproteobacteria,hyphomicrobiales,nitrobacteraceae,rhodopseudomonas,rhodopseudomonas boonkerdii
Zotu2508,0.010022,0.038878,0.069804,0.003074,0.048682,0.0,0.040814,0.00314,bacteria,actinomycetota,rubrobacteria,rubrobacterales,rubrobacteraceae,rubrobacter,rubrobacter xylanophilus
Zotu2509,0.0,0.0,0.0,0.0,0.003245,0.0,0.257441,0.0,archaea,methanobacteriota,thermoplasmata,methanomassiliicoccales,methanomassiliicoccaceae,methanomassiliicoccus,candidatus methanomassiliicoccus intestinalis
Zotu2510,0.0,0.0,0.0,0.0,0.0,0.0,0.0,0.0,bacteria,actinomycetota,actinomycetes,pseudonocardiales,pseudonocardiaceae,actinoalloteichus,actinoalloteichus hoggarensis
Zotu2511,0.0,0.0,0.0,0.0,0.0,0.0,0.0,0.028262,bacteria,actinomycetota,rubrobacteria,gaiellales,gaiellaceae,gaiella,gaiella occulta
Zotu2513,0.0,0.0,0.003173,0.0,0.0,0.003173,0.0,0.0,bacteria,actinomycetota,actinomycetes,propionibacteriales,nocardioidaceae,nocardioides,nocardioides mesophilus
Zotu2514,0.0,0.0,0.0,0.0,0.0,0.0,0.0,0.012561,bacteria,pseudomonadota,betaproteobacteria,burkholderiales,oxalobacteraceae,noviherbaspirillum,noviherbaspirillum aurantiacum
Zotu2515,0.003341,0.045357,0.104705,0.006148,0.0,0.012694,0.125581,0.021981,bacteria,actinomycetota,acidimicrobiia,acidimicrobiales,acidimicrobiaceae,aciditerrimonas,aciditerrimonas ferrireducens
Zotu2517,0.0,0.0,0.0,0.003074,0.0,0.0,0.0,0.0,bacteria,bacteroidota,sphingobacteriia,sphingobacteriales,sphingobacteriaceae,olivibacter,olivibacter soli
Zotu2518,0.006681,0.00324,0.0,0.0,0.003245,0.0,0.0,0.0,bacteria,pseudomonadota,alphaproteobacteria,sphingomonadales,sphingosinicellaceae,pedomonas,pedomonas mirosovicensis
Zotu2519,0.0,0.0,0.0,0.0,0.0,0.0,0.0,0.0,bacteria,pseudomonadota,betaproteobacteria,ferritrophicales,ferritrophicaceae,ferritrophicum,ferritrophicum radicicola
Zotu2520,0.0,0.00324,0.0,0.0,0.0,0.0,0.006279,0.00314,bacteria,pseudomonadota,alphaproteobacteria,caulobacterales,caulobacteraceae,caulobacter,caulobacter henricii
Zotu2521,0.016703,0.055077,0.0,0.003074,0.003245,0.0,0.0,0.00314,bacteria,chloroflexota,thermomicrobia,sphaerobacterales,sphaerobacteraceae,sphaerobacter,sphaerobacter thermophilus
Zotu2523,0.0,0.00324,0.0,0.0,0.090874,0.003173,0.106744,0.050243,bacteria,chloroflexota,chloroflexia,chloroflexales,oscillochloridaceae,oscillochloris,oscillochloris trichoides
Zotu2524,0.0,0.0,0.0,0.0,0.0,0.0,0.0,0.00314,bacteria,bacillota,clostridia,eubacteriales,symbiobacteriaceae,symbiobacterium,symbiobacterium terraclitae
Zotu2525,0.013362,0.0,0.0,0.0,0.0,0.0,0.0,0.0,archaea,methanobacteriota,thermoplasmata,methanomassiliicoccales,candidatus methanomethylophilaceae,candidatus methanomethylophilus,candidatus methanomethylophilus alvus
Zotu2526,0.016703,0.0,0.0,0.0,0.003245,0.003173,0.0,0.00314,bacteria,chloroflexota,chloroflexia,herpetosiphonales,herpetosiphonaceae,herpetosiphon,herpetosiphon gulosus
Zotu2527,0.003341,0.087475,0.003173,0.006148,0.003245,0.006347,0.0,0.00314,bacteria,pseudomonadota,alphaproteobacteria,alphaproteobacteria,alphaproteobacteria,candidatus monilibacter,candidatus monilibacter batavus
Zotu2528,0.0,0.00324,0.0,0.0,0.0,0.0,0.0,0.00314,bacteria,pseudomonadota,alphaproteobacteria,sphingomonadales,sphingomonadaceae,sphingomonas,sphingomonas flava
Zotu2529,0.0,0.0,0.0,0.190599,0.0,0.0,0.0,0.0,bacteria,actinomycetota,rubrobacteria,gaiellales,gaiellaceae,gaiella,gaiella occulta
Zotu2530,0.0,0.0,0.0,0.0,0.0,0.0,0.006279,0.047103,bacteria,pseudomonadota,alphaproteobacteria,rhodospirillales,acetobacteraceae,falsiroseomonas,falsiroseomonas riguiloci
Zotu2531,0.146985,0.055077,0.031729,0.0,0.074646,0.0,0.0,0.0,bacteria,pseudomonadota,alphaproteobacteria,hyphomicrobiales,blastochloridaceae,blastochloris,blastochloris sulfoviridis
Zotu2532,0.003341,0.0,0.092014,0.0,0.094119,0.0,0.12872,0.00314,archaea,methanobacteriota,thermoplasmata,methanomassiliicoccales,methanomassiliicoccaceae,methanomassiliicoccus,candidatus methanomassiliicoccus intestinalis
Zotu2533,0.0,0.0,0.0,0.0,0.0,0.0,0.0,0.0,bacteria,pseudomonadota,deltaproteobacteria,myxococcales,anaeromyxobacteraceae,anaeromyxobacter,anaeromyxobacter dehalogenans
Zotu2534,0.0,0.0,0.0,0.0,0.0,0.0,0.0,0.0,bacteria,planctomycetota,planctomycetia,gemmatales,gemmataceae,gemmata,gemmata palustris
Zotu2536,0.076833,0.0,0.0,0.0,0.0,0.0,0.0,0.0,archaea,methanobacteriota,thermoplasmata,methanomassiliicoccales,methanomassiliicoccaceae,methanomassiliicoccus,candidatus methanomassiliicoccus intestinalis
Zotu2537,0.0,0.0,0.0,0.0,0.0,0.0,0.0,0.00314,bacteria,verrucomicrobiota,spartobacteria,chthoniobacterales,chthoniobacteraceae,chthoniobacter,chthoniobacter flavus
Zotu2538,0.030065,0.077755,0.0,0.0,0.003245,0.0,0.0,0.0,archaea,methanobacteriota,thermoplasmata,methanomassiliicoccales,methanomassiliicoccaceae,methanomassiliicoccus,candidatus methanomassiliicoccus intestinalis
Zotu2539,0.043427,0.0,0.0,0.0,0.0,0.0,0.0,0.0,bacteria,actinomycetota,rubrobacteria,gaiellales,gaiellaceae,gaiella,gaiella occulta
Zotu2540,0.0,0.0,0.0,0.0,0.0,0.0,0.0,0.0,bacteria,bacteroidota,cytophagia,cytophagales,hymenobacteraceae,pontibacter,pontibacter lucknowensis
Zotu2541,0.207115,0.110154,0.0,0.003074,0.0,0.003173,0.0,0.0,bacteria,verrucomicrobiota,verrucomicrobiae,verrucomicrobiales,verrucomicrobia subdivision 3,pedosphaera,pedosphaera parvula
Zotu2542,0.0,0.0,0.0,0.003074,0.0,0.0,0.0,0.00314,bacteria,bacteroidota,flavobacteriia,flavobacteriales,weeksellaceae,chryseobacterium,chryseobacterium moechotypicola
Zotu2543,0.010022,0.00648,0.0,0.0,0.0,0.0,0.160116,0.065944,archaea,methanobacteriota,thermoplasmata,methanomassiliicoccales,methanomassiliicoccaceae,methanomassiliicoccus,candidatus methanomassiliicoccus intestinalis
Zotu2544,0.0,0.00324,0.0,0.003074,0.0,0.006347,0.0,0.0,bacteria,acidobacteriota,vicinamibacteria,vicinamibacterales,vicinamibacteraceae,vicinamibacter,vicinamibacter silvestris
Zotu2545,0.0,0.0,0.0,0.0,0.0,0.0,0.0,0.0,bacteria,deinococcota,deinococci,deinococcales,deinococcaceae,deinococcus,deinococcus pimensis
Zotu2546,0.0,0.0,0.0,0.0,0.0,0.0,0.0,0.0,bacteria,pseudomonadota,betaproteobacteria,rhodocyclales,rhodocyclaceae,aromatoleum,aromatoleum toluolicum
Zotu2547,0.003341,0.0,0.0,0.0,0.006491,0.006347,0.018837,0.00314,bacteria,chloroflexota,chloroflexia,herpetosiphonales,herpetosiphonaceae,herpetosiphon,herpetosiphon aurantiacus
Zotu2548,0.0,0.0,0.003173,0.0,0.12982,0.136456,0.015698,0.0,bacteria,planctomycetota,planctomycetia,pirellulales,pirellulaceae,candidatus anammoximicrobium,candidatus anammoximicrobium moscowii
Zotu2549,0.003341,0.320741,0.0,0.003074,0.003245,0.0,0.00314,0.0,archaea,nitrososphaerota,nitrososphaeria,nitrososphaerales,nitrososphaeraceae,nitrososphaera,candidatus nitrososphaera gargensis
Zotu2550,0.0,0.0,0.0,0.0,0.0,0.0,0.0,0.00314,bacteria,bacteroidota,cytophagia,cytophagales,hymenobacteraceae,nibribacter,nibribacter koreensis
Zotu2551,0.003341,0.0,0.0,0.0,0.0,0.0,0.0,0.00314,bacteria,pseudomonadota,gammaproteobacteria,xanthomonadales,rhodanobacteraceae,dokdonella,dokdonella immobilis
Zotu2552,0.0,0.0,0.0,0.0,0.0,0.0,0.0,0.0,bacteria,planctomycetota,planctomycetia,gemmatales,gemmataceae,limnoglobus,limnoglobus roseus
Zotu2553,0.0,0.0,0.003173,0.003074,0.0,0.0,0.00314,0.0,bacteria,verrucomicrobiota,opitutae,opitutales,opitutaceae,horticoccus,horticoccus luteus
Zotu2554,0.0,0.0,0.0,0.0,0.003245,0.0,0.0,0.0,bacteria,pseudomonadota,alphaproteobacteria,caulobacterales,caulobacteraceae,phenylobacterium,phenylobacterium immobile
Zotu2555,0.040087,0.00648,0.0,0.0,0.0,0.0,0.0,0.0,bacteria,pseudomonadota,gammaproteobacteria,chromatiales,ectothiorhodospiraceae,natronospira,natronospira proteinivora
Zotu2556,0.013362,0.0,0.003173,0.0,0.0,0.0,0.009419,0.00314,bacteria,thermodesulfobacteriota,desulfuromonadia,desulfuromonadales,desulfuromonadaceae,pelobacter,pelobacter propionicus
Zotu2557,0.0,0.0,0.0,0.0,0.0,0.0,0.0,0.00314,bacteria,myxococcota,myxococcota,polyangiales,polyangiaceae,racemicystis,racemicystis persica
Zotu2558,0.003341,0.009719,0.0,0.13219,0.009736,0.003173,0.00314,0.00314,bacteria,actinomycetota,acidimicrobiia,acidimicrobiales,acidimicrobiaceae,aciditerrimonas,aciditerrimonas ferrireducens
Zotu2559,0.003341,0.0,0.0,0.0,0.0,0.0,0.0,0.0,bacteria,rhodothermota,rhodothermia,rhodothermales,rhodothermaceae,rhodocaloribacter,rhodocaloribacter litoris
Zotu2560,0.003341,0.0,0.0,0.003074,0.0,0.0,0.0,0.0,bacteria,pseudomonadota,deltaproteobacteria,myxococcales,anaeromyxobacteraceae,anaeromyxobacter,anaeromyxobacter dehalogenans
Zotu2561,0.190413,0.068036,0.0,0.003074,0.0,0.003173,0.0,0.0,bacteria,planctomycetota,phycisphaerae,tepidisphaerales,tepidisphaeraceae,tepidisphaera,tepidisphaera mucosa
Zotu2562,0.0,0.0,0.0,0.0,0.0,0.0,0.0,0.0,bacteria,acidobacteriota,vicinamibacteria,vicinamibacterales,vicinamibacteraceae,luteitalea,luteitalea pratensis
Zotu2563,0.123601,0.103674,0.0,0.0,0.019473,0.025387,0.031395,0.0,bacteria,acidobacteriota,vicinamibacteria,vicinamibacterales,vicinamibacteraceae,vicinamibacter,vicinamibacter silvestris
Zotu2564,0.0,0.0,0.0,0.0,0.0,0.00952,0.0,0.00314,bacteria,bacteroidota,chitinophagia,chitinophagales,chitinophagaceae,flavisolibacter,flavisolibacter galbus
Zotu2565,0.0,0.0,0.0,0.0,0.0,0.0,0.018837,0.021981,bacteria,pseudomonadota,alphaproteobacteria,rhodospirillales,dongiaceae,dongia,dongia mobilis
Zotu2566,0.0,0.00324,0.0,0.003074,0.0,0.0,0.006279,0.0,bacteria,actinomycetota,thermoleophilia,solirubrobacterales,solirubrobacteraceae,solirubrobacter,solirubrobacter phytolaccae
Zotu2567,0.0,0.0,0.0,0.0,0.0,0.0,0.0,0.0,bacteria,actinomycetota,actinomycetes,nakamurellales,nakamurellaceae,nakamurella,nakamurella endophytica
Zotu2568,0.0,0.0,0.0,0.0,0.0,0.0,0.0,0.0,bacteria,pseudomonadota,alphaproteobacteria,rhodobacterales,paracoccaceae,paracoccus,paracoccus liaowanqingii
Zotu2569,0.006681,0.00324,0.0,0.0,0.0,0.0,0.0,0.0,bacteria,bacillota,clostridia,eubacteriales,peptococcaceae,candidatus desulforudis,candidatus desulforudis audaxviator
Zotu2570,0.0,0.0,0.0,0.0,0.0,0.0,0.0,0.0,bacteria,bacillota,clostridia,eubacteriales,syntrophomonadaceae,syntrophothermus,syntrophothermus lipocalidus
Zotu2571,0.0,0.0,0.0,0.0,0.0,0.0,0.0,0.0,bacteria,pseudomonadota,alphaproteobacteria,hyphomicrobiales,rhabdaerophilaceae,rhabdaerophilum,rhabdaerophilum calidifontis
Zotu2572,0.003341,0.0,0.003173,0.0,0.016227,0.0,0.0,0.0,archaea,methanobacteriota,thermoplasmata,methanomassiliicoccales,methanomassiliicoccaceae,methanomassiliicoccus,candidatus methanomassiliicoccus intestinalis
Zotu2573,0.006681,0.0,0.003173,0.003074,0.003245,0.0,0.0,0.0,bacteria,actinomycetota,actinomycetes,streptosporangiales,nocardiopsaceae,streptomonospora,streptomonospora nanhaiensis
Zotu2574,0.0,0.0,0.0,0.0,0.0,0.025387,0.166395,0.012561,bacteria,bacillota,clostridia,eubacteriales,syntrophomonadaceae,syntrophomonas,syntrophomonas wolfei
Zotu2575,0.003341,0.0,0.0,0.0,0.0,0.0,0.0,0.0,archaea,methanobacteriota,thermoplasmata,methanomassiliicoccales,methanomassiliicoccaceae,methanomassiliicoccus,candidatus methanomassiliicoccus intestinalis
Zotu2576,0.0,0.00324,0.0,0.0,0.0,0.0,0.006279,0.072225,bacteria,acidobacteriota,blastocatellia,blastocatellales,blastocatellaceae,aridibacter,aridibacter kavangonensis
Zotu2577,0.0,0.0,0.0,0.0,0.0,0.060294,0.0,0.0,bacteria,bacillota,clostridia,eubacteriales,peptococcaceae,phosphitispora,phosphitispora fastidiosa
Zotu2578,0.063471,0.077755,0.0,0.009223,0.107101,0.003173,0.0,0.00314,bacteria,actinomycetota,rubrobacteria,gaiellales,gaiellaceae,gaiella,gaiella occulta
Zotu2579,0.0,0.012959,0.0,0.0,0.181747,0.0,0.0,0.0,bacteria,planctomycetota,planctomycetia,pirellulales,pirellulaceae,blastopirellula,blastopirellula retiformator
Zotu2580,0.006681,0.009719,0.0,0.0,0.0,0.0,0.0,0.078505,bacteria,actinomycetota,actinomycetes,frankiales,frankiaceae,pseudofrankia,pseudofrankia inefficax
Zotu2581,0.003341,0.0,0.0,0.0,0.0,0.0,0.0,0.009421,bacteria,gemmatimonadota,longimicrobiia,longimicrobiales,longimicrobiaceae,longimicrobium,longimicrobium terrae
Zotu2582,0.0,0.0,0.0,0.0,0.0,0.0,0.0,0.0,bacteria,pseudomonadota,gammaproteobacteria,xanthomonadales,rhodanobacteraceae,dokdonella,dokdonella immobilis
Zotu2583,0.17371,0.0,0.053939,0.0,0.0,0.0,0.00314,0.0,bacteria,bacillota,clostridia,moorellales,moorellaceae,moorella,moorella glycerini
Zotu2584,0.0,0.0,0.0,0.0,0.0,0.0,0.006279,0.009421,bacteria,actinomycetota,actinomycetes,frankiales,frankiaceae,pseudofrankia,pseudofrankia inefficax
Zotu2585,0.0,0.0,0.0,0.0,0.0,0.0,0.0,0.0,archaea,methanobacteriota,thermoplasmata,methanomassiliicoccales,methanomassiliicoccaceae,methanomassiliicoccus,candidatus methanomassiliicoccus intestinalis
Zotu2586,0.0,0.00324,0.0,0.0,0.0,0.0,0.0,0.009421,bacteria,chloroflexota,chloroflexia,herpetosiphonales,herpetosiphonaceae,herpetosiphon,herpetosiphon aurantiacus
Zotu2587,0.0,0.0,0.0,0.0,0.003245,0.0,0.0,0.00628,bacteria,pseudomonadota,betaproteobacteria,burkholderiales,oxalobacteraceae,massilia,massilia horti
Zotu2588,0.003341,0.00324,0.0,0.0,0.0357,0.041254,0.012558,0.0,bacteria,actinomycetota,acidimicrobiia,acidimicrobiales,iamiaceae,actinomarinicola,actinomarinicola tropica
Zotu2589,0.0,0.0,0.0,0.0,0.0,0.006347,0.00314,0.0,bacteria,actinomycetota,thermoleophilia,solirubrobacterales,solirubrobacteraceae,solirubrobacter,solirubrobacter phytolaccae
Zotu2590,0.010022,0.00324,0.0,0.0,0.0,0.025387,0.0,0.0,bacteria,myxococcota,myxococcota,haliangiales,kofleriaceae,haliangium,haliangium ochraceum
Zotu2591,0.126942,0.077755,0.060285,0.0,0.0,0.0,0.0,0.0,bacteria,pseudomonadota,gammaproteobacteria,chromatiales,ectothiorhodospiraceae,inmirania,inmirania thermothiophila
Zotu2592,0.0,0.00324,0.003173,0.0,0.055173,0.498223,0.00314,0.009421,bacteria,verrucomicrobiota,verrucomicrobiae,verrucomicrobiales,verrucomicrobia subdivision 3,pedosphaera,pedosphaera parvula
Zotu2593,0.0,0.00324,0.0,0.0,0.090874,0.025387,0.144418,0.0,archaea,methanobacteriota,thermoplasmata,methanomassiliicoccales,candidatus methanomethylophilaceae,candidatus methanomethylophilus,candidatus methanomethylophilus alvus
Zotu2594,0.066811,0.00324,0.003173,0.0,0.0,0.0,0.0,0.00628,bacteria,acidobacteriota,vicinamibacteria,vicinamibacterales,vicinamibacteraceae,luteitalea,luteitalea pratensis
Zotu2595,0.0,0.0,0.0,0.0,0.0,0.0,0.0,0.0,bacteria,pseudomonadota,betaproteobacteria,nitrosomonadales,methylophilaceae,novimethylophilus,novimethylophilus kurashikiensis
Zotu2596,0.003341,0.048597,0.130089,0.0,0.003245,0.0,0.0,0.0,bacteria,verrucomicrobiota,verrucomicrobiae,verrucomicrobiales,verrucomicrobia subdivision 3,pedosphaera,pedosphaera parvula
Zotu2597,0.016703,0.00324,0.0,0.0,0.058419,0.107895,0.075348,0.0,bacteria,pseudomonadota,deltaproteobacteria,myxococcales,kofleriaceae,kofleria,kofleria flava
Zotu2598,0.0,0.0,0.0,0.0,0.0,0.0,0.0,0.0,bacteria,pseudomonadota,alphaproteobacteria,sphingomonadales,sphingomonadaceae,sphingomonas,sphingomonas daechungensis
Zotu2599,0.013362,0.0,0.060285,0.113745,0.0,0.050774,0.043953,0.0,bacteria,actinomycetota,rubrobacteria,gaiellales,gaiellaceae,gaiella,gaiella occulta
Zotu2600,0.003341,0.00324,0.0,0.0,0.0,0.101549,0.144418,0.0,bacteria,pseudomonadota,betaproteobacteria,ferrovales,ferrovaceae,ferrovum,ferrovum myxofaciens
Zotu2601,0.0,0.0,0.0,0.0,0.003245,0.003173,0.0,0.018841,bacteria,actinomycetota,actinomycetes,geodermatophilales,geodermatophilaceae,geodermatophilus,geodermatophilus sabuli
Zotu2602,0.0,0.0,0.0,0.0,0.0,0.0,0.00314,0.0,bacteria,pseudomonadota,alphaproteobacteria,sphingomonadales,sphingomonadaceae,rhizorhabdus,rhizorhabdus argentea
Zotu2603,0.020043,0.00324,0.0,0.003074,0.0,0.022214,0.0,0.0,bacteria,pseudomonadota,alphaproteobacteria,hyphomicrobiales,blastochloridaceae,blastochloris,blastochloris sulfoviridis
Zotu2604,0.0,0.0,0.0,0.0,0.0,0.0,0.0,0.0,bacteria,bacteroidota,cytophagia,cytophagales,cytophagaceae,rhodocytophaga,rhodocytophaga aerolata
Zotu2605,0.0,0.0,0.0,0.003074,0.0,0.0,0.0,0.00314,bacteria,pseudomonadota,alphaproteobacteria,rhodobacterales,roseobacteraceae,rubellimicrobium,rubellimicrobium roseum
Zotu2606,0.003341,0.0,0.003173,0.0,0.0,0.0,0.0,0.00314,bacteria,bacteroidota,chitinophagia,chitinophagales,chitinophagaceae,segetibacter,segetibacter koreensis
Zotu2607,0.046768,0.0,0.0,0.0,0.06491,0.095202,0.018837,0.00314,bacteria,pseudomonadota,hydrogenophilia,hydrogenophilia,hydrogenophilia,pelomicrobium,pelomicrobium methylotrophicum
Zotu2608,0.0,0.0,0.0,0.0,0.0,0.0,0.0,0.0,bacteria,cyanobacteriota,cyanobacteria,pseudanabaenales,leptolyngbyaceae,leptolyngbya,leptolyngbya antarctica
Zotu2609,0.003341,0.0,0.0,0.003074,0.0,0.0,0.0,0.050243,bacteria,gemmatimonadota,longimicrobiia,longimicrobiales,longimicrobiaceae,longimicrobium,longimicrobium terrae
Zotu2610,0.0,0.00648,0.0,0.003074,0.0,0.003173,0.0,0.0,bacteria,gemmatimonadota,gemmatimonadetes,gemmatimonadales,gemmatimonadaceae,gemmatimonas,gemmatimonas phototrophica
Zotu2611,0.0,0.0,0.0,0.0,0.0,0.0,0.0,0.0,bacteria,bacteroidota,cytophagia,cytophagales,hymenobacteraceae,adhaeribacter,adhaeribacter rhizoryzae
Zotu2612,0.29397,0.0,0.0,0.0,0.003245,0.0,0.0,0.0,bacteria,pseudomonadota,deltaproteobacteria,myxococcales,anaeromyxobacteraceae,anaeromyxobacter,anaeromyxobacter dehalogenans
Zotu2613,0.006681,0.0,0.003173,0.003074,0.0,0.0,0.0,0.00314,bacteria,pseudomonadota,betaproteobacteria,burkholderiales,sphaerotilaceae,roseateles,roseateles chitinivorans
Zotu2614,0.0,0.0,0.0,0.0,0.0,0.0,0.0,0.0,bacteria,pseudomonadota,gammaproteobacteria,moraxellales,moraxellaceae,acinetobacter,acinetobacter junii
Zotu2615,0.0,0.0,0.0,0.0,0.0,0.0,0.0,0.0,bacteria,pseudomonadota,gammaproteobacteria,moraxellales,moraxellaceae,acinetobacter,acinetobacter indicus
Zotu2616,0.0,0.0,0.257004,0.003074,0.0,0.0,0.0,0.0,bacteria,planctomycetota,planctomycetia,gemmatales,gemmataceae,zavarzinella,zavarzinella formosa
Zotu2617,0.167029,0.068036,0.0,0.0,0.006491,0.003173,0.0,0.0,bacteria,pseudomonadota,alphaproteobacteria,hyphomicrobiales,hyphomicrobiales,nordella,nordella oligomobilis
Zotu2618,0.0,0.0,0.0,0.0,0.0,0.0,0.0,0.00314,bacteria,chloroflexota,thermomicrobia,sphaerobacterales,sphaerobacteraceae,sphaerobacter,sphaerobacter thermophilus
Zotu2619,0.0,0.00324,0.0,0.006148,0.0,0.00952,0.0,0.138169,bacteria,actinomycetota,actinomycetes,frankiales,frankiaceae,pseudofrankia,pseudofrankia inefficax
Zotu2620,0.0,0.00324,0.0,0.0,0.0,0.0,0.0,0.0,bacteria,acidobacteriota,blastocatellia,blastocatellales,blastocatellaceae,aridibacter,aridibacter famidurans
Zotu2621,0.0,0.00324,0.003173,0.209044,0.006491,0.003173,0.040814,0.028262,bacteria,gemmatimonadota,longimicrobiia,longimicrobiales,longimicrobiaceae,longimicrobium,longimicrobium terrae
Zotu2622,0.0,0.0,0.0,0.0,0.0,0.0,0.0,0.0,bacteria,actinomycetota,thermoleophilia,solirubrobacterales,conexibacteraceae,conexibacter,conexibacter arvalis
Zotu2623,0.003341,0.0,0.072976,0.003074,0.0,0.022214,0.00314,0.00314,bacteria,pseudomonadota,gammaproteobacteria,gammaproteobacteria,gammaproteobacteria,acidibacter,acidibacter ferrireducens
Zotu2624,0.0,0.00324,0.0,0.0,0.0,0.0,0.0,0.0,bacteria,pseudomonadota,alphaproteobacteria,caulobacterales,caulobacteraceae,phenylobacterium,phenylobacterium deserti
Zotu2625,0.0,0.00324,0.0,0.0,0.0,0.0,0.037674,0.0,bacteria,myxococcota,myxococcota,polyangiales,polyangiaceae,aetherobacter,aetherobacter rufus
Zotu2626,0.0,0.0,0.003173,0.003074,0.003245,0.0,0.00314,0.0,bacteria,chloroflexota,anaerolineae,anaerolineales,anaerolineaceae,ornatilinea,ornatilinea apprima
Zotu2627,0.0,0.0,0.0,0.0,0.003245,0.038081,0.015698,0.043963,bacteria,acidobacteriota,blastocatellia,blastocatellales,pyrinomonadaceae,pyrinomonas,pyrinomonas methylaliphatogenes
Zotu2628,0.0,0.0,0.003173,0.0,0.0,0.0,0.0,0.0,bacteria,bacillota,bacilli,bacillales,bacillaceae,metabacillus,metabacillus herbersteinensis
Zotu2629,0.003341,0.00324,0.085668,0.0,0.142802,0.0,0.0,0.00314,bacteria,planctomycetota,planctomycetia,pirellulales,pirellulaceae,pirellula,pirellula staleyi
Zotu2630,0.0,0.0,0.0,0.0,0.0,0.0,0.0,0.0,bacteria,pseudomonadota,gammaproteobacteria,nevskiales,nevskiaceae,panacagrimonas,panacagrimonas perspica
Zotu2631,0.0,0.00324,0.0,0.0,0.016227,0.01904,0.00314,0.031402,bacteria,gemmatimonadota,longimicrobiia,longimicrobiales,longimicrobiaceae,longimicrobium,longimicrobium terrae
Zotu2632,0.110239,0.032398,0.0,0.0,0.0,0.0,0.0,0.0,bacteria,thermodesulfobacteriota,desulfobulbia,desulfobulbales,desulfobulbaceae,desulfolithobacter,desulfolithobacter dissulfuricans
Zotu2633,0.0,0.0,0.0,0.0,0.0,0.0,0.0,0.00314,archaea,methanobacteriota,thermoplasmata,methanomassiliicoccales,methanomassiliicoccaceae,methanomassiliicoccus,candidatus methanomassiliicoccus intestinalis
Zotu2634,0.030065,0.019439,0.012692,0.003074,0.068155,0.012694,0.006279,0.00628,bacteria,bacillota,clostridia,eubacteriales,clostridiales family xvii. incertae sedis,thermaerobacter,thermaerobacter composti
Zotu2635,0.0,0.00324,0.0,0.0,0.0,0.0,0.0,0.0,bacteria,verrucomicrobiota,verrucomicrobiae,verrucomicrobiales,verrucomicrobia subdivision 3,pedosphaera,pedosphaera parvula
Zotu2636,0.0,0.0,0.0,0.0,0.0,0.0,0.0,0.0,bacteria,bacteroidota,cytophagia,cytophagales,cesiribacteraceae,nafulsella,nafulsella turpanensis
Zotu2637,0.003341,0.0,0.0,0.0,0.0,0.0,0.0,0.0,bacteria,pseudomonadota,alphaproteobacteria,rhodospirillales,dongiaceae,hypericibacter,hypericibacter adhaerens
Zotu2638,0.0,0.0,0.0,0.0,0.0,0.0,0.0,0.0,bacteria,pseudomonadota,alphaproteobacteria,rhodospirillales,azospirillaceae,skermanella,skermanella aerolata
Zotu2639,0.0,0.0,0.0,0.0,0.0,0.0,0.043953,0.0,bacteria,planctomycetota,planctomycetia,gemmatales,gemmataceae,gemmata,gemmata massiliana
Zotu2641,0.003341,0.093955,0.079322,0.0,0.0,0.0,0.00314,0.0,bacteria,bacillota,thermolithobacteria,thermolithobacterales,thermolithobacteraceae,thermolithobacter,thermolithobacter ferrireducens
Zotu2642,0.0,0.00324,0.0,0.0,0.0,0.0,0.0,0.012561,bacteria,pseudomonadota,alphaproteobacteria,rhodobacterales,roseobacteraceae,rubellimicrobium,rubellimicrobium mesophilum
Zotu2644,0.036746,0.0,0.0,0.003074,0.0,0.136456,0.00314,0.0,bacteria,nitrospirota,nitrospira,nitrospirales,nitrospiraceae,nitrospira,candidatus nitrospira defluvii
Zotu2645,0.0,0.0,0.0,0.0,0.0,0.0,0.006279,0.0,bacteria,acidobacteriota,blastocatellia,blastocatellales,blastocatellaceae,aridibacter,aridibacter kavangonensis
Zotu2646,0.0,0.0,0.0,0.0,0.0,0.0,0.0,0.0,bacteria,actinomycetota,actinomycetes,streptosporangiales,thermomonosporaceae,actinocorallia,actinocorallia aurea
Zotu2647,0.0,0.00324,0.0,0.249009,0.003245,0.0,0.0,0.0,bacteria,actinomycetota,rubrobacteria,gaiellales,gaiellaceae,gaiella,gaiella occulta
Zotu2648,0.063471,0.110154,0.0,0.0,0.0,0.0,0.072209,0.0,bacteria,chloroflexota,ardenticatenia,ardenticatenales,ardenticatenaceae,ardenticatena,ardenticatena maritima
Zotu2649,0.0,0.0,0.0,0.0,0.0,0.003173,0.034535,0.138169,archaea,methanobacteriota,thermoplasmata,methanomassiliicoccales,methanomassiliicoccaceae,methanomassiliicoccus,candidatus methanomassiliicoccus intestinalis
Zotu2650,0.050109,0.100434,0.082495,0.006148,0.0,0.0,0.00314,0.0,bacteria,planctomycetota,planctomycetia,pirellulales,lacipirellulaceae,pirellulimonas,pirellulimonas nuda
Zotu2651,0.0,0.0,0.0,0.0,0.0,0.0,0.0,0.0,bacteria,actinomycetota,rubrobacteria,rubrobacterales,rubrobacteraceae,rubrobacter,rubrobacter naiadicus
Zotu2652,0.0,0.0,0.0,0.003074,0.0,0.0,0.0,0.0,bacteria,actinomycetota,thermoleophilia,solirubrobacterales,solirubrobacteraceae,solirubrobacter,solirubrobacter ginsenosidimutans
Zotu2653,0.0,0.0,0.003173,0.156783,0.009736,0.034907,0.0,0.0,bacteria,actinomycetota,thermoleophilia,solirubrobacterales,solirubrobacteraceae,solirubrobacter,solirubrobacter phytolaccae
Zotu2654,0.0,0.0,0.0,0.0,0.0,0.0,0.0,0.0,bacteria,chloroflexota,chloroflexia,kallotenuales,kallotenuaceae,kallotenue,kallotenue papyrolyticum
Zotu2655,0.0,0.0,0.0,0.0,0.003245,0.238005,0.00314,0.0,bacteria,planctomycetota,phycisphaerae,tepidisphaerales,tepidisphaeraceae,tepidisphaera,tepidisphaera mucosa
Zotu2656,0.0,0.0,0.0,0.003074,0.0,0.0,0.0,0.0,bacteria,pseudomonadota,alphaproteobacteria,rhodobacterales,paracoccaceae,paracoccus,paracoccus sediminis
Zotu2657,0.046768,0.0,0.006346,0.0,0.0,0.076161,0.053372,0.00628,bacteria,thermodesulfobacteriota,desulfuromonadia,desulfuromonadales,desulfuromonadaceae,desulfuromonas,desulfuromonas carbonis
Zotu2658,0.0,0.0,0.0,0.0,0.003245,0.0,0.0,0.015701,bacteria,pseudomonadota,betaproteobacteria,burkholderiales,sphaerotilaceae,azohydromonas,azohydromonas australica
Zotu2659,0.003341,0.0,0.003173,0.0,0.0,0.0,0.0,0.0,bacteria,pseudomonadota,betaproteobacteria,burkholderiales,alcaligenaceae,pigmentiphaga,pigmentiphaga aceris
Zotu2660,0.0,0.0,0.0,0.0,0.009736,0.069815,0.031395,0.00314,archaea,methanobacteriota,thermoplasmata,methanomassiliicoccales,candidatus methanomethylophilaceae,candidatus methanomethylophilus,candidatus methanomethylophilus alvus
Zotu2661,0.033406,0.119873,0.107878,0.0,0.003245,0.0,0.00314,0.0,bacteria,planctomycetota,planctomycetia,pirellulales,pirellulaceae,anatilimnocola,anatilimnocola aggregata
Zotu2662,0.013362,0.00648,0.003173,0.003074,0.025964,0.047601,0.034535,0.009421,bacteria,actinomycetota,thermoleophilia,solirubrobacterales,solirubrobacteraceae,solirubrobacter,solirubrobacter phytolaccae
Zotu2663,0.0,0.0,0.0,0.0,0.0,0.0,0.0,0.0,bacteria,actinomycetota,actinomycetes,streptosporangiales,thermomonosporaceae,actinocorallia,actinocorallia herbida
Zotu2664,0.0,0.00324,0.003173,0.0,0.0,0.0,0.0,0.0,bacteria,pseudomonadota,alphaproteobacteria,sphingomonadales,sphingomonadaceae,sphingomonas,sphingomonas jaspsi
Zotu2665,0.043427,0.035638,0.006346,0.0,0.003245,0.003173,0.0,0.00314,bacteria,chloroflexota,caldilineae,caldilineales,caldilineaceae,litorilinea,litorilinea aerophila
Zotu2666,0.0,0.0,0.038075,0.003074,0.0,0.0,0.0,0.0,bacteria,gemmatimonadota,longimicrobiia,longimicrobiales,longimicrobiaceae,longimicrobium,longimicrobium terrae
Zotu2667,0.0,0.0,0.0,0.0,0.0,0.0,0.009419,0.0,bacteria,bacillota,clostridia,eubacteriales,clostridiales family xvii. incertae sedis,thermaerobacter,thermaerobacter composti
Zotu2668,0.0,0.0,0.0,0.0,0.0,0.0,0.0,0.0,bacteria,pseudomonadota,alphaproteobacteria,caulobacterales,caulobacteraceae,phenylobacterium,phenylobacterium terrae
Zotu2669,0.0,0.00324,0.0,0.0,0.003245,0.0,0.0,0.0,bacteria,actinomycetota,actinomycetia,micrococcales,microbacteriaceae,cryocola,cryocola antiquus
Zotu2670,0.0,0.0,0.0,0.0,0.0,0.0,0.0,0.0,archaea,methanobacteriota,thermoplasmata,methanomassiliicoccales,methanomassiliicoccaceae,methanomassiliicoccus,candidatus methanomassiliicoccus intestinalis
Zotu2671,0.0,0.0,0.0,0.0,0.0,0.0,0.0,0.0,bacteria,bacillota,clostridia,eubacteriales,symbiobacteriaceae,symbiobacterium,symbiobacterium turbinis
Zotu2672,0.0,0.0,0.0,0.0,0.0,0.0,0.0,0.0,bacteria,chloroflexota,chloroflexia,chloroflexales,oscillochloridaceae,chloronema,chloronema giganteum
Zotu2673,0.334057,0.035638,0.092014,0.172154,0.045437,0.00952,0.00314,0.00314,bacteria,planctomycetota,candidatus brocadiia,candidatus brocadiales,candidatus brocadiaceae,candidatus kuenenia,candidatus kuenenia stuttgartiensis
Zotu2674,0.0,0.0,0.0,0.0,0.0,0.0,0.0,0.0,bacteria,chloroflexota,tepidiformia,tepidiformales,tepidiformaceae,tepidiforma,tepidiforma bonchosmolovskayae
Zotu2675,0.013362,0.207348,0.003173,0.0,0.0,0.0,0.0,0.0,bacteria,planctomycetota,planctomycetia,gemmatales,gemmataceae,zavarzinella,zavarzinella formosa
Zotu2676,0.030065,0.17819,0.0,0.0,0.0,0.003173,0.00314,0.00314,bacteria,chloroflexota,chloroflexia,herpetosiphonales,herpetosiphonaceae,herpetosiphon,herpetosiphon gulosus
Zotu2677,0.0,0.0,0.0,0.0,0.0,0.0,0.0,0.0,bacteria,abditibacteriota,abditibacteriia,abditibacteriales,abditibacteriaceae,abditibacterium,abditibacterium utsteinense
Zotu2678,0.050109,0.0,0.0,0.0,0.0,0.0,0.0,0.0,bacteria,pseudomonadota,deltaproteobacteria,myxococcales,kofleriaceae,haliangium,haliangium ochraceum
Zotu2679,0.0,0.0,0.0,0.006148,0.0,0.003173,0.0,0.0,bacteria,bacteroidota,chitinophagia,chitinophagales,chitinophagaceae,arvibacter,arvibacter flaviflagrans
Zotu2680,0.0,0.0,0.003173,0.0,0.0,0.0,0.0,0.0,bacteria,actinomycetota,rubrobacteria,gaiellales,gaiellaceae,gaiella,gaiella occulta
Zotu2681,0.0,0.0,0.0,0.0,0.0,0.0,0.0,0.0,bacteria,actinomycetota,rubrobacteria,rubrobacterales,rubrobacteraceae,rubrobacter,rubrobacter naiadicus
Zotu2682,0.0,0.0,0.0,0.0,0.0,0.0,0.0,0.0,bacteria,myxococcota,myxococcota,haliangiales,kofleriaceae,haliangium,haliangium tepidum
Zotu2683,0.0,0.0,0.0,0.0,0.0,0.0,0.0,0.0,bacteria,pseudomonadota,alphaproteobacteria,hyphomicrobiales,methylobacteriaceae,microvirga,microvirga vignae
Zotu2684,0.0,0.0,0.003173,0.003074,0.003245,0.0,0.0,0.0,bacteria,actinomycetota,actinomycetes,micrococcales,microbacteriaceae,microbacterium,microbacterium invictum
Zotu2685,0.0,0.0,0.0,0.0,0.0,0.0,0.00314,0.094206,bacteria,verrucomicrobiota,spartobacteria,chthoniobacterales,chthoniobacteraceae,chthoniobacter,chthoniobacter flavus
Zotu2687,0.0,0.0,0.0,0.0,0.0,0.0,0.021977,0.00628,bacteria,pseudomonadota,alphaproteobacteria,rhodospirillales,azospirillaceae,skermanella,skermanella mucosa
Zotu2689,0.0,0.022679,0.038075,0.150635,0.0,0.0,0.021977,0.0,bacteria,actinomycetota,thermoleophilia,solirubrobacterales,conexibacteraceae,conexibacter,conexibacter arvalis
Zotu2690,0.0,0.0,0.003173,0.0,0.0,0.0,0.0,0.00628,bacteria,chloroflexota,tepidiformia,tepidiformales,tepidiformaceae,tepidiforma,tepidiforma bonchosmolovskayae
Zotu2691,0.0,0.0,0.0,0.0,0.0,0.0,0.0,0.0,bacteria,thermodesulfobacteriota,desulfuromonadia,desulfuromonadales,geoalkalibacteraceae,geoalkalibacter,geoalkalibacter ferrihydriticus
Zotu2693,0.0,0.0,0.0,0.003074,0.0,0.0,0.0,0.025122,bacteria,actinomycetota,acidimicrobiia,acidimicrobiales,acidimicrobiaceae,aciditerrimonas,aciditerrimonas ferrireducens
Zotu2694,0.0,0.0,0.0,0.0,0.0,0.0,0.0,0.0,bacteria,planctomycetota,phycisphaerae,tepidisphaerales,tepidisphaeraceae,tepidisphaera,tepidisphaera mucosa
Zotu2695,0.0,0.0,0.0,0.0,0.0,0.0,0.0,0.0,bacteria,chloroflexota,anaerolineae,anaerolineales,anaerolineaceae,thermomarinilinea,thermomarinilinea lacunifontana
Zotu2696,0.0,0.0,0.0,0.0,0.0,0.0,0.0,0.0,bacteria,actinomycetota,actinomycetes,pseudonocardiales,pseudonocardiaceae,allokutzneria,allokutzneria oryzae
Zotu2697,0.0,0.00324,0.003173,0.0,0.048682,0.0,0.175813,0.113048,bacteria,acidobacteriota,acidobacteriia,bryobacterales,solibacteraceae,candidatus solibacter,candidatus solibacter usitatus
Zotu2698,0.0,0.0,0.0,0.0,0.0,0.0,0.0,0.0,bacteria,chloroflexota,chloroflexia,chloroflexales,oscillochloridaceae,oscillochloris,oscillochloris trichoides
Zotu2699,0.0,0.0,0.0,0.0,0.0,0.012694,0.0,0.0,bacteria,bacillota,bacilli,bacillales,bacillaceae,ectobacillus,ectobacillus funiculus
Zotu2701,0.0,0.0,0.0,0.0,0.0,0.006347,0.0,0.047103,bacteria,pseudomonadota,alphaproteobacteria,sphingomonadales,erythrobacteraceae,altericroceibacterium,altericroceibacterium xinjiangense
Zotu2702,0.003341,0.009719,0.003173,0.0,0.0,0.0,0.0,0.0,bacteria,bacillota,bacilli,bacillales,bacillaceae,fictibacillus,fictibacillus barbaricus
Zotu2703,0.0,0.0,0.0,0.003074,0.009736,0.0,0.021977,0.0,bacteria,gemmatimonadota,longimicrobiia,longimicrobiales,longimicrobiaceae,longimicrobium,longimicrobium terrae
Zotu2704,0.0,0.009719,0.003173,0.0,0.006491,0.0,0.00314,0.00314,archaea,methanobacteriota,thermoplasmata,methanomassiliicoccales,methanomassiliicoccaceae,methanomassiliicoccus,candidatus methanomassiliicoccus intestinalis
Zotu2706,0.0,0.0,0.0,0.0,0.0,0.0,0.0,0.0,bacteria,bacteroidota,chitinophagia,chitinophagales,chitinophagaceae,segetibacter,segetibacter koreensis
Zotu2707,0.0,0.0,0.0,0.0,0.0,0.0,0.0,0.0,archaea,methanobacteriota,halobacteria,haloferacales,halorubraceae,halorubrum,halorubrum jeotgali
Zotu2708,0.0,0.0,0.003173,0.006148,0.0,0.0,0.0,0.00628,bacteria,pseudomonadota,alphaproteobacteria,rhodobacterales,paracoccaceae,paracoccus,paracoccus caeni
Zotu2709,0.0,0.0,0.0,0.0,0.0,0.0,0.0,0.0,bacteria,bacteroidota,cytophagia,cytophagales,hymenobacteraceae,adhaeribacter,adhaeribacter arboris
Zotu2710,0.0,0.00324,0.003173,0.0,0.006491,0.0,0.0,0.0,bacteria,deinococcota,deinococci,deinococcales,deinococcaceae,deinococcus,deinococcus maricopensis
Zotu2711,0.013362,0.00324,0.0,0.006148,0.188238,0.003173,0.0,0.0,bacteria,pseudomonadota,alphaproteobacteria,hyphomicrobiales,hyphomicrobiaceae,rhodoplanes,rhodoplanes oryzae
Zotu2712,0.0,0.0,0.0,0.0,0.025964,0.0,0.012558,0.0,bacteria,actinomycetota,thermoleophilia,solirubrobacterales,solirubrobacteraceae,solirubrobacter,solirubrobacter ginsenosidimutans
Zotu2713,0.0,0.0,0.0,0.0,0.0,0.003173,0.006279,0.0,bacteria,actinomycetota,rubrobacteria,gaiellales,gaiellaceae,gaiella,gaiella occulta
Zotu2714,0.0,0.0,0.0,0.0,0.0,0.003173,0.0,0.0,archaea,methanobacteriota,halobacteria,halobacteriales,halobacteriaceae,haloquadratum,haloquadratum walsbyi
Zotu2715,0.010022,0.0,0.031729,0.175228,0.006491,0.003173,0.0,0.009421,bacteria,actinomycetota,rubrobacteria,gaiellales,gaiellaceae,gaiella,gaiella occulta
Zotu2716,0.0,0.00324,0.0,0.0,0.0,0.0,0.0,0.072225,bacteria,pseudomonadota,alphaproteobacteria,geminicoccales,geminicoccaceae,arboricoccus,arboricoccus pini
Zotu2718,0.050109,0.0,0.0,0.184451,0.0,0.003173,0.037674,0.0,bacteria,bacillota,clostridia,eubacteriales,symbiobacteriaceae,symbiobacterium,symbiobacterium terraclitae
Zotu2719,0.17705,0.0,0.003173,0.0,0.0,0.003173,0.0,0.0,bacteria,pseudomonadota,gammaproteobacteria,chromatiales,ectothiorhodospiraceae,natronospira,natronospira proteinivora
Zotu2720,0.003341,0.00648,0.0,0.0,0.003245,0.0,0.006279,0.009421,bacteria,pseudomonadota,betaproteobacteria,burkholderiales,sphaerotilaceae,caldimonas,caldimonas brevitalea
Zotu2721,0.0,0.0,0.02221,0.122967,0.058419,0.003173,0.00314,0.0,bacteria,actinomycetota,acidimicrobiia,acidimicrobiales,acidimicrobiaceae,acidiferrimicrobium,acidiferrimicrobium australe
Zotu2722,0.0,0.0,0.0,0.0,0.0,0.0,0.0,0.0,bacteria,pseudomonadota,alphaproteobacteria,rhodobacterales,roseobacteraceae,rubellimicrobium,rubellimicrobium mesophilum
Zotu2723,0.0,0.00324,0.003173,0.003074,0.009736,0.041254,0.06279,0.157011,bacteria,armatimonadota,armatimonadia,armatimonadales,armatimonadaceae,armatimonas,armatimonas rosea
Zotu2724,0.227159,0.029158,0.038075,0.0,0.077892,0.01904,0.0,0.012561,bacteria,acidobacteriota,vicinamibacteria,vicinamibacterales,vicinamibacteraceae,vicinamibacter,vicinamibacter silvestris
Zotu2725,0.070152,0.087475,0.092014,0.0,0.0,0.0,0.006279,0.00314,bacteria,acidobacteriota,vicinamibacteria,vicinamibacterales,vicinamibacteraceae,luteitalea,luteitalea pratensis
Zotu2726,0.083514,0.00324,0.04442,0.003074,0.06491,0.003173,0.0,0.0,bacteria,actinomycetota,rubrobacteria,rubrobacterales,rubrobacteraceae,rubrobacter,rubrobacter xylanophilus
Zotu2727,0.0,0.0,0.0,0.0,0.0,0.0,0.0,0.0,bacteria,actinomycetota,actinomycetes,streptosporangiales,thermomonosporaceae,actinoallomurus,actinoallomurus fulvus
Zotu2728,0.0,0.0,0.003173,0.0,0.0,0.0,0.0,0.025122,bacteria,actinomycetota,thermoleophilia,solirubrobacterales,conexibacteraceae,conexibacter,conexibacter stalactiti
Zotu2729,0.0,0.0,0.0,0.0,0.0,0.0,0.006279,0.0,bacteria,gemmatimonadota,gemmatimonadetes,gemmatimonadales,gemmatimonadaceae,gemmatimonas,gemmatimonas aurantiaca
Zotu2730,0.0,0.0,0.0,0.003074,0.0,0.006347,0.0,0.00628,bacteria,actinomycetota,thermoleophilia,solirubrobacterales,capillimicrobiaceae,capillimicrobium,capillimicrobium parvum
Zotu2731,0.0,0.009719,0.003173,0.0,0.0,0.003173,0.0,0.0,bacteria,pseudomonadota,alphaproteobacteria,rhodospirillales,acetobacteraceae,roseicella,roseicella frigidaeris
Zotu2732,0.120261,0.113393,0.006346,0.0,0.003245,0.085682,0.0,0.00314,bacteria,pseudomonadota,betaproteobacteria,burkholderiales,burkholderiales,thiobacter,thiobacter subterraneus
Zotu2733,0.0,0.029158,0.003173,0.0,0.116838,0.0,0.075348,0.00314,bacteria,chloroflexota,chloroflexia,chloroflexales,roseiflexaceae,kouleothrix,kouleothrix aurantiaca
Zotu2734,0.0,0.0,0.0,0.0,0.0,0.0,0.0,0.0,bacteria,bacillota,clostridia,lutisporales,lutisporaceae,lutispora,lutispora thermophila
Zotu2735,0.0,0.0,0.0,0.0,0.012982,0.0,0.0,0.0,bacteria,actinomycetota,actinomycetes,streptosporangiales,thermomonosporaceae,actinomadura,actinomadura nitritigenes
Zotu2736,0.140304,0.158751,0.0,0.0,0.0,0.003173,0.0,0.00314,bacteria,planctomycetota,phycisphaerae,phycisphaerales,phycisphaeraceae,mucisphaera,mucisphaera calidilacus
Zotu2737,0.0,0.0,0.0,0.0,0.0,0.0,0.0,0.0,bacteria,actinomycetota,actinomycetes,micromonosporales,micromonosporaceae,micromonospora,micromonospora echinospora
Zotu2738,0.0,0.0,0.0,0.0,0.0,0.0,0.0,0.0,bacteria,bacillota,bacilli,bacillales,paenibacillaceae,ammoniphilus,ammoniphilus oxalaticus
Zotu2739,0.0,0.0,0.0,0.0,0.0,0.0,0.0,0.0,bacteria,pseudomonadota,gammaproteobacteria,nevskiales,nevskiaceae,panacagrimonas,panacagrimonas perspica
Zotu2740,0.003341,0.0,0.0,0.0,0.0,0.0,0.0,0.0,archaea,methanobacteriota,methanomicrobia,methanosarcinales,methanosarcinaceae,methanosalsum,methanosalsum natronophilum
Zotu2741,0.0,0.0,0.0,0.0,0.0,0.0,0.0,0.0,bacteria,pseudomonadota,gammaproteobacteria,cellvibrionales,cellvibrionaceae,cellvibrio,cellvibrio fibrivorans
Zotu2742,0.0,0.0,0.0,0.0,0.0,0.0,0.0,0.0,bacteria,pseudomonadota,alphaproteobacteria,sphingomonadales,sphingomonadaceae,sphingomonas,sphingomonas piscis
Zotu2743,0.003341,0.012959,0.0,0.0953,0.009736,0.0,0.0,0.00314,bacteria,bacillota,bacilli,bacillales,bacillaceae,gracilibacillus,gracilibacillus ureilyticus
Zotu2745,0.003341,0.0,0.02221,0.0,0.0,0.0,0.0,0.0,bacteria,bacillota,clostridia,eubacteriales,clostridiales family xvii. incertae sedis,thermaerobacter,thermaerobacter subterraneus
Zotu2746,0.0,0.0,0.0,0.0,0.0,0.0,0.0,0.0,bacteria,actinomycetota,actinomycetes,frankiales,frankiaceae,pseudofrankia,pseudofrankia inefficax
Zotu2747,0.0,0.0,0.0,0.0,0.0,0.0,0.0,0.0,bacteria,bacteroidota,chitinophagia,chitinophagales,chitinophagaceae,segetibacter,segetibacter aerophilus
Zotu2748,0.003341,0.0,0.0,0.0,0.30183,0.0,0.0,0.0,archaea,methanobacteriota,halobacteria,halobacteriales,halobacteriaceae,haloquadratum,haloquadratum walsbyi
Zotu2749,0.0,0.0,0.0,0.0,0.0,0.003173,0.0,0.0,bacteria,actinomycetota,rubrobacteria,rubrobacterales,rubrobacteraceae,rubrobacter,rubrobacter tropicus
Zotu2751,0.003341,0.0,0.0,0.0,0.0,0.0,0.00314,0.0,bacteria,actinomycetota,actinomycetes,streptosporangiales,streptosporangiaceae,nonomuraea,nonomuraea thailandensis
Zotu2752,0.0,0.00324,0.0,0.003074,0.0,0.0,0.00314,0.00628,bacteria,actinomycetota,actinomycetia,propionibacteriales,nocardioidaceae,nocardioides,nocardioides albus
Zotu2753,0.003341,0.0,0.0,0.236712,0.0,0.0,0.0,0.0,bacteria,thermodesulfobacteriota,thermodesulfobacteria,thermodesulfobacteriales,thermodesulfatatoraceae,thermodesulfatator,thermodesulfatator autotrophicus
Zotu2754,0.0,0.0,0.0,0.0,0.0,0.0,0.0,0.0,bacteria,pseudomonadota,alphaproteobacteria,caulobacterales,caulobacteraceae,phenylobacterium,phenylobacterium parvum
Zotu2755,0.026725,0.0,0.0,0.0,0.0,0.003173,0.0,0.0,bacteria,bacillota,clostridia,eubacteriales,symbiobacteriaceae,symbiobacterium,symbiobacterium terraclitae
Zotu2756,0.0,0.0,0.003173,0.0,0.003245,0.0,0.00314,0.0,bacteria,chloroflexota,chloroflexota,chloroflexota,chloroflexota,thermobaculum,thermobaculum terrenum
Zotu2757,0.0,0.0,0.0,0.0,0.003245,0.0,0.0,0.0,bacteria,bacillota,tissierellia,tissierellales,peptoniphilaceae,helcococcus,helcococcus sueciensis
Zotu2758,0.0,0.00324,0.0,0.0,0.0,0.028561,0.0,0.0,bacteria,chloroflexota,chloroflexota,chloroflexota,chloroflexota,thermobaculum,thermobaculum terrenum
Zotu2759,0.0,0.0,0.0,0.0,0.0,0.006347,0.015698,0.0,bacteria,actinomycetota,rubrobacteria,rubrobacterales,rubrobacteraceae,rubrobacter,rubrobacter naiadicus
Zotu2760,0.0,0.0,0.0,0.0,0.0,0.0,0.0,0.0,bacteria,bacteroidota,chitinophagia,chitinophagales,chitinophagaceae,segetibacter,segetibacter koreensis
Zotu2761,0.003341,0.00648,0.003173,0.003074,0.003245,0.053948,0.178953,0.00628,bacteria,chloroflexota,chloroflexia,kallotenuales,kallotenuaceae,kallotenue,kallotenue papyrolyticum
Zotu2762,0.0,0.00324,0.0,0.003074,0.0,0.0,0.0,0.0,bacteria,pseudomonadota,alphaproteobacteria,rhodospirillales,dongiaceae,dongia,dongia mobilis
Zotu2763,0.013362,0.0,0.0,0.0,0.0,0.0,0.006279,0.00314,bacteria,chloroflexota,tepidiformia,tepidiformales,tepidiformaceae,tepidiforma,tepidiforma bonchosmolovskayae
Zotu2764,0.05679,0.0,0.228448,0.0,0.094119,0.003173,0.0,0.0,archaea,methanobacteriota,thermoplasmata,methanomassiliicoccales,methanomassiliicoccaceae,methanomassiliicoccus,candidatus methanomassiliicoccus intestinalis
Zotu2765,0.0,0.0,0.0,0.0,0.0,0.0,0.006279,0.072225,bacteria,chloroflexota,chloroflexia,chloroflexales,oscillochloridaceae,oscillochloris,oscillochloris trichoides
Zotu2766,0.0,0.0,0.0,0.0,0.0,0.0,0.0,0.0,bacteria,bacteroidota,cytophagia,cytophagales,hymenobacteraceae,rufibacter,rufibacter glacialis
Zotu2767,0.003341,0.0,0.0,0.0,0.0,0.015867,0.00314,0.0,bacteria,actinomycetota,rubrobacteria,rubrobacterales,rubrobacteraceae,rubrobacter,rubrobacter spartanus
Zotu2768,0.0,0.00324,0.0,0.0,0.0,0.0,0.0,0.0,bacteria,pseudomonadota,alphaproteobacteria,hyphomicrobiales,methylobacteriaceae,microvirga,microvirga guangxiensis
Zotu2769,0.0,0.0,0.0,0.0,0.0,0.0,0.0,0.0,bacteria,planctomycetota,phycisphaerae,tepidisphaerales,tepidisphaeraceae,tepidisphaera,tepidisphaera mucosa
Zotu2770,0.0,0.012959,0.0,0.0,0.0,0.0,0.00314,0.0,bacteria,bacillota,bacilli,bacillales,paenibacillaceae,paenibacillus,paenibacillus thalictri
Zotu2771,0.006681,0.0,0.006346,0.064558,0.0357,0.00952,0.037674,0.015701,bacteria,actinomycetota,rubrobacteria,gaiellales,gaiellaceae,gaiella,gaiella occulta
Zotu2772,0.0,0.0,0.0,0.0,0.0,0.0,0.0,0.0,bacteria,chloroflexota,chloroflexia,kallotenuales,kallotenuaceae,kallotenue,kallotenue papyrolyticum
Zotu2773,0.0,0.0,0.0,0.003074,0.0,0.003173,0.00314,0.0,bacteria,actinomycetota,actinomycetes,micrococcales,microbacteriaceae,microbacterium,microbacterium oryzae
Zotu2774,0.0,0.0,0.057112,0.0,0.0,0.0,0.0,0.0,bacteria,bacillota,clostridia,eubacteriales,symbiobacteriaceae,symbiobacterium,symbiobacterium turbinis
Zotu2775,0.0,0.0,0.0,0.0,0.0,0.0,0.0,0.0,bacteria,planctomycetota,planctomycetia,gemmatales,gemmataceae,gemmata,gemmata palustris
Zotu2776,0.0,0.0,0.003173,0.0,0.0,0.0,0.0,0.0,bacteria,myxococcota,myxococcota,polyangiales,polyangiaceae,racemicystis,racemicystis persica
Zotu2777,0.003341,0.158751,0.047593,0.0,0.022718,0.0,0.006279,0.0,bacteria,acidobacteriota,vicinamibacteria,vicinamibacterales,vicinamibacteraceae,luteitalea,luteitalea pratensis
Zotu2778,0.016703,0.0,0.0,0.0,0.0,0.0,0.0,0.0,bacteria,myxococcota,myxococcota,polyangiales,polyangiaceae,racemicystis,racemicystis persica
Zotu2780,0.006681,0.00648,0.003173,0.003074,0.0,0.0,0.006279,0.0,bacteria,pseudomonadota,alphaproteobacteria,sphingomonadales,sphingosinicellaceae,sphingosinicella,sphingosinicella ginsenosidimutans
Zotu2781,0.0,0.0,0.0,0.0,0.003245,0.034907,0.009419,0.0,bacteria,actinomycetota,nitriliruptoria,euzebyales,euzebyaceae,euzebya,euzebya tangerina
Zotu2782,0.0,0.00324,0.0,0.0,0.0,0.025387,0.100465,0.015701,bacteria,gemmatimonadota,longimicrobiia,longimicrobiales,longimicrobiaceae,longimicrobium,longimicrobium terrae
Zotu2783,0.0,0.0,0.0,0.0,0.0,0.0,0.0,0.0,bacteria,actinomycetota,actinomycetes,streptosporangiales,nocardiopsaceae,actinorugispora,actinorugispora endophytica
Zotu2784,0.043427,0.0,0.003173,0.003074,0.0,0.0,0.0,0.0,bacteria,planctomycetota,planctomycetia,gemmatales,gemmataceae,fimbriiglobus,fimbriiglobus ruber
Zotu2785,0.023384,0.022679,0.003173,0.009223,0.0357,0.031734,0.021977,0.00314,bacteria,actinomycetota,rubrobacteria,gaiellales,gaiellaceae,gaiella,gaiella occulta
Zotu2786,0.006681,0.0,0.09836,0.0,0.097365,0.0,0.0,0.0,bacteria,pseudomonadota,betaproteobacteria,nitrosomonadales,methylophilaceae,methylobacillus,methylobacillus flagellatus
Zotu2787,0.0,0.0,0.0,0.0,0.0,0.0,0.0,0.025122,bacteria,pseudomonadota,gammaproteobacteria,xanthomonadales,xanthomonadaceae,lysobacter,lysobacter tabacisoli
Zotu2788,0.0,0.00324,0.0,0.0,0.123329,0.0,0.0,0.0,archaea,methanobacteriota,thermoplasmata,methanomassiliicoccales,candidatus methanomethylophilaceae,candidatus methanomethylophilus,candidatus methanomethylophilus alvus
Zotu2789,0.0,0.0,0.0,0.0,0.0,0.0,0.0,0.0,bacteria,bacteroidota,cytophagia,cytophagales,hymenobacteraceae,pontibacter,pontibacter deserti
Zotu2791,0.0,0.0,0.0,0.0,0.0,0.0,0.0,0.0,bacteria,actinomycetota,acidimicrobiia,acidimicrobiales,acidimicrobiaceae,aciditerrimonas,aciditerrimonas ferrireducens
Zotu2792,0.010022,0.00648,0.015864,0.003074,0.0,0.006347,0.0,0.0,bacteria,bacillota,clostridia,eubacteriales,clostridiales family xvii. incertae sedis,thermaerobacter,thermaerobacter subterraneus
Zotu2793,0.0,0.0,0.0,0.003074,0.0,0.0,0.00314,0.094206,bacteria,bacteroidota,chitinophagia,chitinophagales,chitinophagaceae,aridibaculum,aridibaculum aurantiacum
Zotu2794,0.0,0.0,0.0,0.0,0.0,0.0,0.0,0.00314,bacteria,deinococcota,deinococci,deinococcales,deinococcaceae,deinococcus,deinococcus navajonensis
Zotu2795,0.003341,0.0,0.0,0.098374,0.055173,0.117416,0.015698,0.012561,bacteria,actinomycetota,acidimicrobiia,acidimicrobiales,acidimicrobiaceae,aciditerrimonas,aciditerrimonas ferrireducens
Zotu2796,0.0,0.0,0.0,0.0,0.0,0.0,0.0,0.00628,bacteria,actinomycetota,actinomycetes,pseudonocardiales,pseudonocardiaceae,lentzea,lentzea albida
Zotu2797,0.0,0.0,0.003173,0.0,0.0,0.0,0.0,0.0,bacteria,pseudomonadota,gammaproteobacteria,acidiferrobacterales,acidiferrobacteraceae,sulfuricaulis,sulfuricaulis limicola
Zotu2799,0.0,0.0,0.003173,0.0,0.0,0.003173,0.0,0.0,bacteria,verrucomicrobiota,verrucomicrobiae,verrucomicrobiales,verrucomicrobia subdivision 3,pedosphaera,pedosphaera parvula
Zotu2800,0.0,0.0,0.0,0.0,0.003245,0.0,0.0,0.0,bacteria,actinomycetota,acidimicrobiia,acidimicrobiales,acidimicrobiaceae,aciditerrimonas,aciditerrimonas ferrireducens
Zotu2801,0.0,0.0,0.0,0.0,0.0,0.0,0.0,0.0,bacteria,planctomycetota,planctomycetia,planctomycetales,planctomycetaceae,planctomicrobium,planctomicrobium piriforme
Zotu2802,0.0,0.0,0.0,0.0,0.0,0.0,0.0,0.0,bacteria,planctomycetota,planctomycetia,planctomycetales,planctomycetaceae,symmachiella,symmachiella dynata
Zotu2803,0.0,0.00324,0.0,0.0,0.0,0.003173,0.0,0.0,bacteria,pseudomonadota,gammaproteobacteria,nevskiales,nevskiaceae,panacagrimonas,panacagrimonas perspica
Zotu2804,0.0,0.009719,0.0,0.159857,0.0,0.0,0.0,0.00314,bacteria,actinomycetota,rubrobacteria,rubrobacterales,rubrobacteraceae,rubrobacter,rubrobacter spartanus
Zotu2805,0.0,0.0,0.0,0.0,0.0,0.0,0.0,0.00314,bacteria,actinomycetota,acidimicrobiia,acidimicrobiales,iamiaceae,rhabdothermincola,rhabdothermincola sediminis
Zotu2806,0.0,0.0,0.0,0.0,0.0,0.0,0.0,0.0,bacteria,bacillota,clostridia,eubacteriales,syntrophomonadaceae,syntrophomonas,syntrophomonas zehnderi
Zotu2807,0.0,0.0,0.0,0.0,0.0,0.0,0.0,0.0,bacteria,bacteroidota,chitinophagia,chitinophagales,chitinophagaceae,segetibacter,segetibacter aerophilus
Zotu2808,0.043427,0.038878,0.145953,0.0,0.0,0.0,0.0,0.0,bacteria,planctomycetota,phycisphaerae,tepidisphaerales,tepidisphaeraceae,tepidisphaera,tepidisphaera mucosa
Zotu2809,0.0,0.0,0.0,0.0,0.0,0.0,0.0,0.0,bacteria,chloroflexota,thermomicrobia,thermomicrobiales,thermomicrobiaceae,thermomicrobium,thermomicrobium roseum
Zotu2810,0.0,0.0,0.0,0.0,0.0,0.0,0.00314,0.078505,bacteria,pseudomonadota,alphaproteobacteria,hyphomicrobiales,methylobacteriaceae,microvirga,microvirga thermotolerans
Zotu2811,0.0,0.0,0.0,0.0,0.003245,0.0,0.0,0.021981,bacteria,actinomycetota,thermoleophilia,solirubrobacterales,baekduiaceae,baekduia,baekduia soli
Zotu2812,0.0,0.0,0.0,0.0,0.0,0.288779,0.0,0.00314,bacteria,planctomycetota,phycisphaerae,tepidisphaerales,tepidisphaeraceae,tepidisphaera,tepidisphaera mucosa
Zotu2814,0.003341,0.00324,0.0,0.0,0.003245,0.0,0.0,0.0,bacteria,actinomycetota,rubrobacteria,rubrobacterales,rubrobacteraceae,rubrobacter,rubrobacter marinus
Zotu2815,0.0,0.0,0.0,0.003074,0.003245,0.0,0.009419,0.0,bacteria,actinomycetota,actinomycetes,geodermatophilales,geodermatophilaceae,geodermatophilus,geodermatophilus normandii
Zotu2816,0.0,0.0,0.003173,0.0,0.0,0.0,0.006279,0.0,bacteria,actinomycetota,actinomycetes,kitasatosporales,streptomycetaceae,streptomyces,streptomyces olivochromogenes
Zotu2817,0.0,0.0,0.0,0.0,0.0,0.0,0.0,0.0,bacteria,verrucomicrobiota,spartobacteria,chthoniobacterales,chthoniobacteraceae,chthoniobacter,chthoniobacter flavus
Zotu2818,0.0,0.0,0.0,0.003074,0.0,0.0,0.0,0.0,bacteria,planctomycetota,planctomycetia,pirellulales,pirellulaceae,pirellula,pirellula staleyi
Zotu2820,0.0,0.009719,0.057112,0.0,0.0,0.003173,0.00314,0.0,bacteria,pseudomonadota,deltaproteobacteria,myxococcales,anaeromyxobacteraceae,anaeromyxobacter,anaeromyxobacter dehalogenans
Zotu2821,0.0,0.0,0.0,0.003074,0.0,0.0,0.0,0.00314,bacteria,gemmatimonadota,longimicrobiia,longimicrobiales,longimicrobiaceae,longimicrobium,longimicrobium terrae
Zotu2822,0.003341,0.0,0.003173,0.0,0.0,0.0,0.0,0.00628,bacteria,gemmatimonadota,longimicrobiia,longimicrobiales,longimicrobiaceae,longimicrobium,longimicrobium terrae
Zotu2823,0.0,0.00324,0.0,0.0,0.0,0.0,0.0,0.00314,bacteria,pseudomonadota,alphaproteobacteria,sphingomonadales,sphingomonadaceae,sphingomonas,sphingomonas populi
Zotu2824,0.06013,0.025918,0.184028,0.0,0.0,0.0,0.00314,0.0,bacteria,thermodesulfobacteriota,desulfuromonadia,geobacterales,geobacteraceae,geobacter,geobacter sulfurreducens
Zotu2825,0.0,0.0,0.0,0.0,0.0,0.0,0.0,0.0,bacteria,planctomycetota,phycisphaerae,tepidisphaerales,tepidisphaeraceae,tepidisphaera,tepidisphaera mucosa
Zotu2826,0.0,0.0,0.0,0.006148,0.003245,0.00952,0.0,0.00314,bacteria,myxococcota,myxococcota,haliangiales,kofleriaceae,haliangium,haliangium tepidum
Zotu2827,0.0,0.0,0.0,0.0,0.0,0.0,0.0,0.0,bacteria,actinomycetota,actinomycetes,micrococcales,microbacteriaceae,microbacterium,microbacterium yannicii
Zotu2828,0.0,0.00324,0.0,0.0,0.0,0.0,0.043953,0.0,bacteria,gemmatimonadota,longimicrobiia,longimicrobiales,longimicrobiaceae,longimicrobium,longimicrobium terrae
Zotu2829,0.003341,0.0,0.0,0.0,0.003245,0.003173,0.0,0.00314,bacteria,actinomycetota,rubrobacteria,gaiellales,gaiellaceae,gaiella,gaiella occulta
Zotu2830,0.0,0.0,0.0,0.003074,0.0,0.003173,0.0,0.00314,bacteria,bacillota,clostridia,eubacteriales,clostridiales family xvii. incertae sedis,thermaerobacter,thermaerobacter subterraneus
Zotu2831,0.086855,0.016199,0.0,0.0,0.003245,0.0,0.0,0.0,bacteria,myxococcota,myxococcota,polyangiales,polyangiaceae,byssovorax,byssovorax cruenta
Zotu2832,0.0,0.0,0.0,0.0,0.0,0.0,0.0,0.0,bacteria,actinomycetota,actinomycetes,jiangellales,jiangellaceae,phytoactinopolyspora,phytoactinopolyspora alkaliphila
Zotu2833,0.0,0.029158,0.028556,0.003074,0.0,0.0,0.059651,0.037683,archaea,methanobacteriota,thermoplasmata,methanomassiliicoccales,methanomassiliicoccaceae,methanomassiliicoccus,candidatus methanomassiliicoccus intestinalis
Zotu2834,0.0,0.0,0.0,0.0,0.0,0.0,0.0,0.0,bacteria,verrucomicrobiota,verrucomicrobiae,verrucomicrobiales,verrucomicrobia subdivision 3,pedosphaera,pedosphaera parvula
Zotu2835,0.0,0.0,0.0,0.0,0.0,0.0,0.0,0.0,bacteria,bacteroidota,chitinophagia,chitinophagales,chitinophagaceae,parasegetibacter,parasegetibacter terrae
Zotu2837,0.003341,0.0,0.0,0.0,0.0,0.0,0.0,0.0,bacteria,bacteroidota,chitinophagia,chitinophagales,chitinophagaceae,niastella,niastella caeni
Zotu2838,0.126942,0.035638,0.0,0.0,0.006491,0.0,0.0,0.0,archaea,methanobacteriota,thermoplasmata,methanomassiliicoccales,candidatus methanomethylophilaceae,candidatus methanomethylophilus,candidatus methanomethylophilus alvus
Zotu2839,0.003341,0.0,0.003173,0.0,0.003245,0.0,0.0,0.0,bacteria,bacillota,bacilli,bacillales,paenibacillaceae,paenibacillus,paenibacillus antri
Zotu2840,0.0,0.0,0.0,0.0,0.0,0.038081,0.0,0.0,bacteria,actinomycetota,thermoleophilia,solirubrobacterales,parviterribacteraceae,parviterribacter,parviterribacter kavangonensis
Zotu2841,0.093536,0.009719,0.0,0.0,0.003245,0.003173,0.012558,0.0,bacteria,actinomycetota,actinomycetes,micromonosporales,micromonosporaceae,micromonospora,micromonospora marina
Zotu2842,0.0,0.0,0.0,0.0,0.0,0.0,0.0,0.0,bacteria,pseudomonadota,alphaproteobacteria,hyphomicrobiales,hyphomicrobiaceae,rhodoplanes,rhodoplanes elegans
Zotu2843,0.0,0.0,0.003173,0.0,0.0,0.0,0.00314,0.0,bacteria,planctomycetota,planctomycetia,isosphaerales,isosphaeraceae,singulisphaera,singulisphaera rosea
Zotu2844,0.0,0.0,0.003173,0.003074,0.0,0.0,0.0,0.0,bacteria,pseudomonadota,gammaproteobacteria,gammaproteobacteria,gammaproteobacteria,acidibacter,acidibacter ferrireducens
Zotu2845,0.05679,0.035638,0.177682,0.0,0.0,0.003173,0.0,0.0,bacteria,planctomycetota,planctomycetia,gemmatales,gemmataceae,gemmata,gemmata obscuriglobus
Zotu2846,0.0,0.0,0.0,0.006148,0.0,0.003173,0.0,0.0,bacteria,planctomycetota,planctomycetia,isosphaerales,isosphaeraceae,singulisphaera,singulisphaera rosea
Zotu2848,0.203775,0.0,0.0,0.0,0.0,0.0,0.0,0.0,bacteria,planctomycetota,planctomycetia,pirellulales,pirellulaceae,pirellula,pirellula staleyi
Zotu2849,0.023384,0.012959,0.025383,0.0,0.003245,0.015867,0.0,0.00314,bacteria,actinomycetota,rubrobacteria,gaiellales,gaiellaceae,gaiella,gaiella occulta
Zotu2850,0.006681,0.012959,0.177682,0.0,0.0,0.0,0.00314,0.0,bacteria,actinomycetota,thermoleophilia,thermoleophilales,thermoleophilaceae,thermoleophilum,thermoleophilum album
Zotu2851,0.003341,0.0,0.006346,0.0,0.0,0.0,0.0,0.0,bacteria,thermodesulfobacteriota,desulfuromonadia,desulfuromonadales,desulfuromonadaceae,pelobacter,pelobacter seleniigenes
Zotu2853,0.0,0.0,0.0,0.0,0.0,0.0,0.0,0.0,bacteria,bacteroidota,chitinophagia,chitinophagales,chitinophagaceae,longitalea,longitalea arenae
Zotu2854,0.0,0.0,0.0,0.0,0.0,0.0,0.0,0.0,bacteria,planctomycetota,phycisphaerae,tepidisphaerales,tepidisphaeraceae,tepidisphaera,tepidisphaera mucosa
Zotu2855,0.0,0.0,0.0,0.0,0.0,0.0,0.00314,0.0,bacteria,pseudomonadota,alphaproteobacteria,hyphomicrobiales,rhizobiaceae,rhizobium,rhizobium puerariae
Zotu2856,0.0,0.0,0.0,0.0,0.0,0.0,0.0,0.0,bacteria,actinomycetota,actinomycetes,actinomycetales,actinomycetaceae,actinomyces,actinomyces polynesiensis
Zotu2857,0.0,0.0,0.0,0.0,0.0,0.0,0.0,0.0,bacteria,myxococcota,myxococcia,myxococcales,archangiaceae,cystobacter,cystobacter armeniaca
Zotu2858,0.0,0.0,0.003173,0.0,0.0,0.0,0.0,0.323442,bacteria,bacteroidota,cytophagia,cytophagales,fulvivirgaceae,fulvivirga,fulvivirga lutimaris
Zotu2859,0.0,0.0,0.0,0.0,0.10061,0.012694,0.009419,0.025122,bacteria,chloroflexota,chloroflexia,kallotenuales,kallotenuaceae,kallotenue,kallotenue papyrolyticum
Zotu2860,0.0,0.0,0.003173,0.0,0.0357,0.0,0.00314,0.0,bacteria,bacillota,bacilli,bacillales,bacillaceae,metabacillus,metabacillus indicus
Zotu2861,0.0,0.0,0.0,0.0,0.0,0.0,0.0,0.037683,bacteria,thermodesulfobacteriota,syntrophobacteria,syntrophobacterales,syntrophobacteraceae,desulfoglaeba,desulfoglaeba alkanexedens
Zotu2862,0.0,0.0,0.0,0.0,0.0,0.0,0.0,0.0,bacteria,myxococcota,myxococcota,haliangiales,kofleriaceae,haliangium,haliangium tepidum
Zotu2863,0.0,0.0,0.0,0.0,0.0,0.0,0.0,0.0,bacteria,pseudomonadota,alphaproteobacteria,sphingomonadales,sphingomonadaceae,sphingomonas,sphingomonas faucium
Zotu2865,0.0,0.0,0.0,0.0,0.0,0.0,0.028256,0.00314,bacteria,pseudomonadota,alphaproteobacteria,hyphomicrobiales,propylenellaceae,propylenella,propylenella binzhouense
Zotu2866,0.0,0.0,0.0,0.0,0.0,0.0,0.0,0.0,bacteria,actinomycetota,rubrobacteria,gaiellales,gaiellaceae,gaiella,gaiella occulta
Zotu2867,0.0,0.0,0.0,0.0,0.0,0.006347,0.0,0.00314,bacteria,pseudomonadota,alphaproteobacteria,sphingomonadales,sphingomonadaceae,sphingomonas,sphingomonas sediminicola
Zotu2868,0.0,0.0,0.0,0.156783,0.032455,0.0,0.0,0.0,bacteria,actinomycetota,rubrobacteria,gaiellales,gaiellaceae,gaiella,gaiella occulta
Zotu2869,0.0,0.0,0.003173,0.0,0.0,0.0,0.0,0.0,bacteria,verrucomicrobiota,spartobacteria,chthoniobacterales,chthoniobacteraceae,chthoniobacter,chthoniobacter flavus
Zotu2870,0.0,0.0,0.0,0.0,0.0,0.0,0.0,0.0,bacteria,actinomycetota,actinomycetia,propionibacteriales,nocardioidaceae,nocardioides,nocardioides furvisabuli
Zotu2871,0.0,0.0,0.0,0.0,0.0,0.0,0.0,0.0,bacteria,thermodesulfobacteriota,desulfuromonadia,desulfuromonadales,desulfuromonadaceae,pelobacter,pelobacter seleniigenes
Zotu2872,0.0,0.0,0.0,0.0,0.0,0.003173,0.0,0.00314,bacteria,pseudomonadota,betaproteobacteria,neisseriales,neisseriaceae,neisseria,neisseria shayeganii
Zotu2873,0.006681,0.016199,0.003173,0.0,0.0,0.0,0.00314,0.0,archaea,methanobacteriota,thermoplasmata,methanomassiliicoccales,methanomassiliicoccaceae,methanomassiliicoccus,candidatus methanomassiliicoccus intestinalis
Zotu2874,0.0,0.0,0.0,0.0,0.0,0.053948,0.00314,0.040823,bacteria,actinomycetota,rubrobacteria,gaiellales,gaiellaceae,gaiella,gaiella occulta
Zotu2875,0.0,0.0,0.003173,0.0,0.0,0.0,0.0,0.00314,bacteria,pseudomonadota,alphaproteobacteria,caulobacterales,caulobacteraceae,brevundimonas,brevundimonas lutea
Zotu2876,0.013362,0.061556,0.003173,0.11067,0.0,0.012694,0.0,0.0,bacteria,actinomycetota,thermoleophilia,solirubrobacterales,baekduiaceae,baekduia,baekduia soli
Zotu2877,0.0,0.0,0.003173,0.006148,0.0,0.0,0.200929,0.047103,bacteria,chloroflexota,chloroflexia,kallotenuales,kallotenuaceae,kallotenue,kallotenue papyrolyticum
Zotu2878,0.0,0.0,0.0,0.0,0.0,0.0,0.0,0.0,bacteria,rhodothermota,rhodothermia,rhodothermales,rhodothermaceae,rhodocaloribacter,rhodocaloribacter litoris
Zotu2879,0.0,0.0,0.0,0.0,0.003245,0.0,0.00314,0.0,archaea,methanobacteriota,thermoplasmata,methanomassiliicoccales,candidatus methanomethylophilaceae,candidatus methanomethylophilus,candidatus methanomethylophilus alvus
Zotu2881,0.0,0.0,0.003173,0.003074,0.0,0.0,0.0,0.0,bacteria,bacillota,clostridia,eubacteriales,symbiobacteriaceae,symbiobacterium,symbiobacterium terraclitae
Zotu2882,0.0,0.0,0.053939,0.0,0.003245,0.0,0.0,0.0,bacteria,myxococcota,myxococcota,haliangiales,kofleriaceae,haliangium,haliangium tepidum
Zotu2883,0.0,0.0,0.0,0.0,0.003245,0.0,0.00314,0.0,bacteria,pseudomonadota,alphaproteobacteria,caulobacterales,caulobacteraceae,brevundimonas,brevundimonas nasdae
Zotu2885,0.0,0.00648,0.003173,0.006148,0.061664,0.047601,0.091046,0.00628,bacteria,actinomycetota,thermoleophilia,solirubrobacterales,solirubrobacteraceae,solirubrobacter,solirubrobacter phytolaccae
Zotu2886,0.003341,0.0,0.0,0.003074,0.0,0.041254,0.191511,0.012561,bacteria,bacillota,bacilli,bacillales,thermoactinomycetaceae,melghirimyces,melghirimyces profundicolus
Zotu2887,0.026725,0.00324,0.003173,0.0,0.0,0.015867,0.0,0.0,bacteria,bacillota,clostridia,eubacteriales,thermincolaceae,thermincola,thermincola ferriacetica
Zotu2889,0.0,0.0,0.0,0.0,0.0,0.0,0.0,0.0,bacteria,actinomycetota,acidimicrobiia,acidimicrobiales,ilumatobacteraceae,ilumatobacter,ilumatobacter fluminis
Zotu2890,0.0,0.0,0.0,0.0,0.0,0.0,0.0,0.0,bacteria,bacteroidota,chitinophagia,chitinophagales,chitinophagaceae,segetibacter,segetibacter koreensis
Zotu2891,0.0,0.0,0.0,0.0,0.0,0.0,0.0,0.0,bacteria,bacteroidota,bacteroidia,bacteroidales,prevotellaceae,prevotella,prevotella corporis
Zotu2892,0.0,0.019439,0.003173,0.0,0.0,0.0,0.043953,0.015701,bacteria,bacillota,thermolithobacteria,thermolithobacterales,thermolithobacteraceae,thermolithobacter,thermolithobacter ferrireducens
Zotu2893,0.0,0.0,0.0,0.003074,0.0,0.0,0.0,0.021981,bacteria,pseudomonadota,alphaproteobacteria,hyphomicrobiales,methylobacteriaceae,microvirga,microvirga pudoricolor
Zotu2894,0.003341,0.00324,0.0,0.0,0.12982,0.003173,0.0,0.0,bacteria,pseudomonadota,alphaproteobacteria,rhodospirillales,azospirillaceae,skermanella,skermanella aerolata
Zotu2895,0.0,0.0,0.0,0.0,0.0,0.0,0.0,0.015701,bacteria,bacteroidota,cytophagia,cytophagales,hymenobacteraceae,nibribacter,nibribacter koreensis
Zotu2896,0.0,0.00324,0.0,0.0,0.003245,0.003173,0.0,0.00314,bacteria,bacillota,bacilli,bacillales,bacillaceae,robertmurraya,robertmurraya korlensis
Zotu2897,0.006681,0.00648,0.0,0.0,0.0,0.003173,0.00314,0.00628,bacteria,gemmatimonadota,gemmatimonadetes,gemmatimonadales,gemmatimonadaceae,gemmatimonas,gemmatimonas phototrophica
Zotu2898,0.0,0.0,0.003173,0.0,0.0,0.031734,0.06593,0.0,bacteria,pseudomonadota,deltaproteobacteria,myxococcales,kofleriaceae,kofleria,kofleria flava
Zotu2899,0.0,0.0,0.0,0.0,0.0,0.0,0.0,0.047103,bacteria,bacteroidota,sphingobacteriia,sphingobacteriales,aurantibacillaceae,aurantibacillus,aurantibacillus circumpalustris
Zotu2900,0.0,0.00648,0.0,0.0,0.0,0.0,0.0,0.0,archaea,methanobacteriota,thermoplasmata,methanomassiliicoccales,methanomassiliicoccaceae,methanomassiliicoccus,candidatus methanomassiliicoccus intestinalis
Zotu2902,0.0,0.0,0.0,0.0,0.0,0.0,0.0,0.0,archaea,nitrososphaerota,nitrososphaeria,nitrososphaerales,nitrososphaeraceae,candidatus nitrososphaera,candidatus nitrososphaera
Zotu2903,0.0,0.0,0.0,0.0,0.0,0.0,0.0,0.0,bacteria,actinomycetota,thermoleophilia,solirubrobacterales,solirubrobacteraceae,solirubrobacter,solirubrobacter ginsenosidimutans
Zotu2904,0.0,0.0,0.0,0.0,0.0,0.0,0.0,0.0,bacteria,pseudomonadota,alphaproteobacteria,hyphomicrobiales,rhizobiaceae,neorhizobium,rhizobium huautlense
Zotu2905,0.003341,0.00324,0.0,0.0,0.236921,0.003173,0.00314,0.00314,bacteria,acidobacteriota,vicinamibacteria,vicinamibacterales,vicinamibacteraceae,luteitalea,luteitalea pratensis
Zotu2907,0.0,0.009719,0.019037,0.245934,0.029209,0.0,0.0,0.0,bacteria,actinomycetota,acidimicrobiia,acidimicrobiales,iamiaceae,actinomarinicola,actinomarinicola tropica
Zotu2908,0.0,0.0,0.0,0.0,0.0,0.0,0.13186,0.037683,archaea,methanobacteriota,thermoplasmata,methanomassiliicoccales,methanomassiliicoccaceae,methanomassiliicoccus,candidatus methanomassiliicoccus intestinalis
Zotu2909,0.0,0.0,0.0,0.153709,0.0,0.0,0.0,0.0,bacteria,bacillota,bacilli,bacillales,bacillaceae,lysinibacillus,lysinibacillus fusiformis
Zotu2910,0.0,0.00324,0.0,0.0,0.0,0.003173,0.0,0.00314,bacteria,bacteroidota,bacteroidia,bacteroidales,prevotellaceae,prevotella,prevotella paludivivens
Zotu2911,0.003341,0.0,0.0,0.0,0.0,0.0,0.00314,0.0,bacteria,actinomycetota,actinomycetes,pseudonocardiales,pseudonocardiaceae,saccharothrix,saccharothrix texasensis
Zotu2912,0.0,0.0,0.0,0.0,0.0,0.0,0.0,0.0,bacteria,verrucomicrobiota,opitutae,opitutales,opitutaceae,horticoccus,horticoccus luteus
Zotu2913,0.0,0.0,0.0,0.0,0.0,0.0,0.0,0.0,bacteria,pseudomonadota,gammaproteobacteria,gammaproteobacteria,gammaproteobacteria,acidibacter,acidibacter ferrireducens
Zotu2914,0.0,0.0,0.003173,0.0,0.0,0.0,0.0,0.031402,bacteria,bacteroidota,chitinophagia,chitinophagales,chitinophagaceae,flavisolibacter,flavisolibacter metallilatus
Zotu2916,0.0,0.0,0.0,0.0,0.0,0.003173,0.0,0.0,bacteria,actinomycetota,thermoleophilia,solirubrobacterales,parviterribacteraceae,parviterribacter,parviterribacter multiflagellatus
Zotu2917,0.0,0.0,0.0,0.0,0.0,0.0,0.0,0.0,bacteria,bacteroidota,cytophagia,cytophagales,hymenobacteraceae,nibribacter,nibribacter koreensis
Zotu2918,0.0,0.0,0.0,0.0,0.178502,0.003173,0.00314,0.0,bacteria,actinomycetota,actinomycetes,streptosporangiales,thermomonosporaceae,actinocorallia,actinocorallia libanotica
Zotu2919,0.0,0.0,0.0,0.003074,0.0,0.003173,0.0,0.00628,bacteria,chloroflexota,chloroflexia,kallotenuales,kallotenuaceae,kallotenue,kallotenue papyrolyticum
Zotu2920,0.0,0.0,0.0,0.0,0.0,0.0,0.0,0.0,bacteria,thermodesulfobacteriota,desulfuromonadia,desulfuromonadales,geothermobacteraceae,geothermobacter,geothermobacter hydrogeniphilus
Zotu2921,0.0,0.0,0.0,0.0,0.0,0.0,0.0,0.0,bacteria,bacillota,clostridia,lutisporales,lutisporaceae,lutispora,lutispora thermophila
Zotu2922,0.0,0.0,0.003173,0.0,0.003245,0.003173,0.0,0.0,bacteria,pseudomonadota,betaproteobacteria,nitrosomonadales,nitrosomonadaceae,nitrosomonas,nitrosomonas cryotolerans
Zotu2923,0.160347,0.019439,0.003173,0.0,0.003245,0.003173,0.0,0.009421,bacteria,pseudomonadota,gammaproteobacteria,methylococcales,methylococcaceae,methylococcus,methylococcus capsulatus
Zotu2924,0.0,0.00324,0.006346,0.0,0.003245,0.0,0.0,0.0,bacteria,bacillota,clostridia,eubacteriales,thermincolaceae,thermincola,thermincola ferriacetica
Zotu2925,0.0,0.00324,0.0,0.0,0.0,0.003173,0.0,0.0,bacteria,actinomycetota,actinomycetes,kitasatosporales,streptomycetaceae,streptomyces,streptomyces anandii
Zotu2926,0.010022,0.136072,0.02221,0.003074,0.042191,0.0,0.0,0.0,bacteria,actinomycetota,nitriliruptoria,euzebyales,euzebyaceae,euzebya,euzebya tangerina
Zotu2927,0.0,0.0,0.0,0.0,0.0,0.0,0.006279,0.0,bacteria,actinomycetota,acidimicrobiia,acidimicrobiales,iamiaceae,actinomarinicola,actinomarinicola tropica
Zotu2928,0.0,0.0,0.0,0.0,0.0,0.0,0.0,0.0,bacteria,bacteroidota,chitinophagia,chitinophagales,chitinophagaceae,flavisolibacter,flavisolibacter ginsengiterrae
Zotu2929,0.0,0.0,0.0,0.0,0.0,0.0,0.0,0.0,bacteria,actinomycetota,actinomycetes,propionibacteriales,nocardioidaceae,nocardioides,nocardioides pyridinolyticus
Zotu2930,0.0,0.0,0.0,0.0,0.0,0.0,0.175813,0.00314,archaea,methanobacteriota,thermoplasmata,methanomassiliicoccales,methanomassiliicoccaceae,methanomassiliicoccus,candidatus methanomassiliicoccus intestinalis
Zotu2931,0.0,0.0,0.0,0.0,0.0,0.0,0.0,0.0,bacteria,actinomycetota,acidimicrobiia,acidimicrobiales,iamiaceae,iamia,iamia majanohamensis
Zotu2932,0.0,0.0,0.0,0.0,0.0,0.0,0.0,0.0,bacteria,chloroflexota,thermomicrobia,sphaerobacterales,sphaerobacteraceae,sphaerobacter,sphaerobacter thermophilus
Zotu2933,0.010022,0.00324,0.0,0.0,0.0,0.003173,0.0,0.0,archaea,methanobacteriota,thermoplasmata,methanomassiliicoccales,methanomassiliicoccaceae,methanomassiliicoccus,candidatus methanomassiliicoccus intestinalis
Zotu2934,0.003341,0.0,0.0,0.003074,0.0,0.0,0.0,0.015701,bacteria,pseudomonadota,alphaproteobacteria,sphingomonadales,sphingosinicellaceae,sphingoaurantiacus,sphingoaurantiacus polygranulatus
Zotu2935,0.006681,0.025918,0.0,0.003074,0.0,0.050774,0.06593,0.015701,bacteria,armatimonadota,armatimonadia,armatimonadales,armatimonadaceae,armatimonas,armatimonas rosea
Zotu2936,0.0,0.071276,0.0,0.0,0.0,0.003173,0.0,0.0,bacteria,actinomycetota,nitriliruptoria,euzebyales,euzebyaceae,euzebya,euzebya tangerina
Zotu2938,0.0,0.0,0.0,0.0,0.097365,0.0,0.053372,0.0,bacteria,gemmatimonadota,gemmatimonadetes,gemmatimonadales,gemmatimonadaceae,roseisolibacter,roseisolibacter agri
Zotu2939,0.003341,0.0,0.0,0.0,0.0,0.0,0.00314,0.0,bacteria,pseudomonadota,alphaproteobacteria,rhodobacterales,roseobacteraceae,rubellimicrobium,rubellimicrobium roseum
Zotu2940,0.0,0.0,0.0,0.0,0.003245,0.003173,0.0,0.0,bacteria,gemmatimonadota,gemmatimonadetes,gemmatimonadales,gemmatimonadaceae,gemmatimonas,gemmatimonas aurantiaca
Zotu2941,0.0,0.0,0.0,0.003074,0.0,0.0,0.0,0.0,bacteria,actinomycetota,thermoleophilia,solirubrobacterales,baekduiaceae,baekduia,baekduia soli
Zotu2942,0.0,0.012959,0.0,0.0,0.0,0.0,0.00314,0.0,bacteria,pseudomonadota,alphaproteobacteria,hyphomicrobiales,xanthobacteraceae,xanthobacter,xanthobacter viscosus
Zotu2943,0.0,0.0,0.0,0.0,0.0,0.0,0.0,0.0,bacteria,bacteroidota,chitinophagia,chitinophagales,chitinophagaceae,flavisolibacter,flavisolibacter ginsengiterrae
Zotu2944,0.0,0.0,0.0,0.0,0.0,0.0,0.0,0.0,bacteria,pseudomonadota,alphaproteobacteria,sphingomonadales,sphingomonadaceae,sphingomonas,sphingomonas ginkgonis
Zotu2945,0.053449,0.136072,0.003173,0.0,0.0,0.003173,0.006279,0.00314,bacteria,acidobacteriota,terriglobia,terriglobales,acidobacteriaceae,edaphobacter,edaphobacter aggregans
Zotu2947,0.046768,0.022679,0.0,0.0,0.126574,0.003173,0.00314,0.0,bacteria,actinomycetota,thermoleophilia,thermoleophilales,thermoleophilaceae,thermoleophilum,thermoleophilum album
Zotu2948,0.0,0.0,0.003173,0.0,0.0,0.0,0.0,0.0,bacteria,pseudomonadota,gammaproteobacteria,pseudomonadales,pseudomonadaceae,pseudomonas,pseudomonas peli
Zotu2949,0.0,0.0,0.003173,0.003074,0.0,0.0,0.0,0.0,bacteria,verrucomicrobiota,opitutae,opitutales,opitutaceae,opitutus,opitutus terrae
Zotu2950,0.0,0.0,0.0,0.0,0.0,0.0,0.0,0.0,bacteria,actinomycetota,actinomycetes,micrococcales,cellulomonadaceae,cellulomonas,cellulomonas telluris
Zotu2951,0.0,0.0,0.0,0.0,0.0,0.0,0.0,0.0,bacteria,pseudomonadota,gammaproteobacteria,xanthomonadales,rhodanobacteraceae,luteibacter,luteibacter anthropi
Zotu2952,0.0,0.0,0.006346,0.003074,0.003245,0.01904,0.028256,0.018841,bacteria,actinomycetota,acidimicrobiia,acidimicrobiales,iamiaceae,actinomarinicola,actinomarinicola tropica
Zotu2953,0.0,0.0,0.0,0.003074,0.003245,0.0,0.0,0.00314,bacteria,bacillota,clostridia,eubacteriales,thermincolaceae,thermincola,thermincola carboxydiphila
Zotu2954,0.0,0.0,0.003173,0.003074,0.003245,0.006347,0.0,0.00314,bacteria,pseudomonadota,gammaproteobacteria,nevskiales,nevskiaceae,panacagrimonas,panacagrimonas perspica
Zotu2955,0.0,0.0,0.0,0.0,0.0,0.003173,0.006279,0.053384,bacteria,myxococcota,myxococcia,myxococcales,archangiaceae,hyalangium,hyalangium minutum
Zotu2956,0.006681,0.0,0.0,0.0,0.003245,0.0,0.009419,0.00314,bacteria,gemmatimonadota,longimicrobiia,longimicrobiales,longimicrobiaceae,longimicrobium,longimicrobium terrae
Zotu2957,0.0,0.0,0.003173,0.0,0.0,0.0,0.00314,0.00628,bacteria,cyanobacteriota,cyanobacteria,chroococcales,aphanothecaceae,candidatus atelocyanobacterium,cyanobacterium ucyn-a
Zotu2958,0.003341,0.0,0.222102,0.0,0.0,0.0,0.0,0.0,bacteria,verrucomicrobiota,verrucomicrobiae,limisphaerales,limisphaeraceae,limisphaera,limisphaera ngatamarikiensis
Zotu2960,0.0,0.0,0.0,0.0,0.0,0.0,0.0,0.0,bacteria,bacteroidota,cytophagia,cytophagales,hymenobacteraceae,adhaeribacter,adhaeribacter rhizoryzae
Zotu2961,0.0,0.0,0.0,0.003074,0.0,0.003173,0.0,0.00628,bacteria,actinomycetota,thermoleophilia,solirubrobacterales,solirubrobacteraceae,solirubrobacter,solirubrobacter phytolaccae
Zotu2962,0.06013,0.019439,0.260177,0.0,0.0,0.0,0.0,0.0,bacteria,planctomycetota,planctomycetia,gemmatales,gemmataceae,fimbriiglobus,fimbriiglobus ruber
Zotu2963,0.0,0.0,0.0,0.003074,0.0,0.0,0.0,0.015701,bacteria,thermodesulfobacteriota,desulfuromonadia,desulfuromonadales,desulfuromonadaceae,pelobacter,pelobacter seleniigenes
Zotu2964,0.0,0.0,0.0,0.0,0.0,0.088855,0.0,0.0,bacteria,chloroflexota,chloroflexia,chloroflexales,roseiflexaceae,kouleothrix,kouleothrix aurantiaca
Zotu2965,0.003341,0.00324,0.0,0.0,0.0,0.0,0.015698,0.056524,bacteria,actinomycetota,actinomycetes,geodermatophilales,geodermatophilaceae,geodermatophilus,geodermatophilus normandii
Zotu2966,0.0,0.0,0.0,0.0,0.0357,0.0,0.0,0.0,bacteria,gemmatimonadota,longimicrobiia,longimicrobiales,longimicrobiaceae,longimicrobium,longimicrobium terrae
Zotu2967,0.016703,0.012959,0.0,0.0,0.068155,0.0,0.0,0.0,bacteria,pseudomonadota,alphaproteobacteria,hyphomicrobiales,phyllobacteriaceae,chelativorans,chelativorans multitrophicus
Zotu2969,0.0,0.0,0.0,0.0,0.0,0.0,0.0,0.0,bacteria,pseudomonadota,alphaproteobacteria,hyphomicrobiales,hyphomicrobiales,flaviflagellibacter,flaviflagellibacter deserti
Zotu2970,0.0,0.0,0.0,0.0,0.0,0.0,0.0,0.0,bacteria,pseudomonadota,alphaproteobacteria,sphingomonadales,sphingomonadaceae,sphingomonas,sphingomonas daechungensis
Zotu2971,0.0,0.0,0.0,0.0,0.0,0.0,0.0,0.00314,bacteria,pseudomonadota,gammaproteobacteria,xanthomonadales,xanthomonadaceae,xanthomonas,xanthomonas cassavae
Zotu2972,0.0,0.0,0.0,0.0,0.0,0.0,0.0,0.0,bacteria,actinomycetota,thermoleophilia,solirubrobacterales,solirubrobacteraceae,solirubrobacter,solirubrobacter ginsenosidimutans
Zotu2973,0.0,0.0,0.0,0.0,0.0,0.0,0.0,0.0,bacteria,chloroflexota,anaerolineae,anaerolineales,anaerolineaceae,ornatilinea,ornatilinea apprima
Zotu2974,0.0,0.0,0.0,0.0,0.0,0.0,0.0,0.0,bacteria,bacillota,tissierellia,tissierellales,peptoniphilaceae,helcococcus,helcococcus sueciensis
Zotu2975,0.0,0.0,0.0,0.0,0.0,0.0,0.0,0.0,bacteria,actinomycetota,acidimicrobiia,acidimicrobiales,acidimicrobiaceae,aciditerrimonas,aciditerrimonas ferrireducens
Zotu2976,0.0,0.0,0.0,0.0,0.133065,0.101549,0.0,0.0,bacteria,planctomycetota,planctomycetia,gemmatales,gemmataceae,urbifossiella,urbifossiella limnaea
Zotu2977,0.026725,0.100434,0.003173,0.003074,0.048682,0.047601,0.0,0.0,bacteria,acidobacteriota,vicinamibacteria,vicinamibacterales,vicinamibacteraceae,luteitalea,luteitalea pratensis
Zotu2978,0.0,0.0,0.0,0.0,0.0,0.0,0.0,0.0,bacteria,pseudomonadota,gammaproteobacteria,thiohalomonadales,thiohalophilaceae,thiohalophilus,thiohalophilus thiocyanatoxydans
Zotu2979,0.0,0.00324,0.0,0.0,0.0,0.0,0.0,0.0,bacteria,gemmatimonadota,longimicrobiia,longimicrobiales,longimicrobiaceae,longimicrobium,longimicrobium terrae
Zotu2980,0.0,0.0,0.0,0.0,0.0,0.0,0.0,0.0,bacteria,actinomycetota,nitriliruptoria,egibacterales,egibacteraceae,egibacter,egibacter rhizosphaerae
Zotu2981,0.0,0.0,0.0,0.0,0.0,0.0,0.0,0.0,bacteria,chloroflexota,anaerolineae,anaerolineales,anaerolineaceae,thermomarinilinea,thermomarinilinea lacunifontana
Zotu2982,0.0,0.0,0.0,0.0,0.0,0.0,0.0,0.0,bacteria,planctomycetota,planctomycetia,gemmatales,gemmataceae,zavarzinella,zavarzinella formosa
Zotu2983,0.0,0.242986,0.0,0.0,0.0,0.0,0.00314,0.0,bacteria,pseudomonadota,gammaproteobacteria,chromatiales,ectothiorhodospiraceae,nitrococcus,nitrococcus mobilis
Zotu2984,0.003341,0.0,0.0,0.003074,0.0,0.003173,0.0,0.0,bacteria,actinomycetota,actinomycetes,pseudonocardiales,pseudonocardiaceae,pseudonocardia,pseudonocardia saturnea
Zotu2985,0.003341,0.0,0.003173,0.0,0.0,0.0,0.00314,0.040823,archaea,methanobacteriota,thermoplasmata,methanomassiliicoccales,methanomassiliicoccaceae,methanomassiliicoccus,candidatus methanomassiliicoccus intestinalis
Zotu2986,0.0,0.0,0.0,0.0,0.0,0.0,0.0,0.0,bacteria,verrucomicrobiota,verrucomicrobiae,verrucomicrobiales,verrucomicrobia subdivision 3,pedosphaera,pedosphaera parvula
Zotu2987,0.0,0.0,0.0,0.0,0.003245,0.0,0.0,0.012561,bacteria,actinomycetota,actinomycetes,frankiales,frankiaceae,parafrankia,parafrankia discariae
Zotu2988,0.0,0.0,0.003173,0.0,0.003245,0.0,0.0,0.0,bacteria,bacillota,bacilli,bacillales,bacillaceae,perspicuibacillus,perspicuibacillus lycopersici
Zotu2990,0.0,0.00324,0.0,0.0,0.0,0.003173,0.0,0.00314,bacteria,chloroflexota,caldilineae,caldilineales,caldilineaceae,caldilinea,caldilinea tarbellica
Zotu2992,0.0,0.00648,0.0,0.0,0.0,0.0,0.0,0.0,bacteria,pseudomonadota,betaproteobacteria,burkholderiales,burkholderiaceae,cupriavidus,cupriavidus metallidurans
Zotu2994,0.0,0.012959,0.0,0.0,0.0,0.0,0.00314,0.015701,bacteria,actinomycetota,rubrobacteria,rubrobacterales,rubrobacteraceae,rubrobacter,rubrobacter radiotolerans
Zotu2997,0.003341,0.0,0.0,0.0,0.0,0.0,0.00314,0.0,bacteria,thermodesulfobacteriota,desulfuromonadia,desulfuromonadales,desulfuromonadaceae,desulfuromonas,desulfuromonas michiganensis
Zotu2998,0.0,0.0,0.0,0.0,0.0,0.0,0.0,0.0,bacteria,bacillota,bacilli,bacillales,paenibacillaceae,paenibacillus,paenibacillus mucilaginosus
Zotu2999,0.0,0.0,0.0,0.0,0.0,0.0,0.0,0.0,bacteria,actinomycetota,thermoleophilia,solirubrobacterales,solirubrobacteraceae,solirubrobacter,solirubrobacter phytolaccae
Zotu3001,0.0,0.0,0.0,0.0,0.06491,0.050774,0.059651,0.00314,bacteria,actinomycetota,rubrobacteria,rubrobacterales,rubrobacteraceae,rubrobacter,rubrobacter taiwanensis
Zotu3002,0.0,0.0,0.0,0.0,0.0,0.0,0.0,0.0,bacteria,myxococcota,myxococcia,myxococcales,archangiaceae,hyalangium,hyalangium minutum
Zotu3004,0.0,0.0,0.0,0.0,0.0,0.0,0.0,0.0,bacteria,actinomycetota,actinomycetes,micrococcales,micrococcaceae,arthrobacter,arthrobacter deserti
Zotu3005,0.006681,0.022679,0.0,0.003074,0.038946,0.0,0.00314,0.0,bacteria,actinomycetota,thermoleophilia,solirubrobacterales,capillimicrobiaceae,capillimicrobium,capillimicrobium parvum
Zotu3006,0.0,0.0,0.0,0.0,0.0,0.0,0.0,0.0,bacteria,planctomycetota,phycisphaerae,tepidisphaerales,tepidisphaeraceae,tepidisphaera,tepidisphaera mucosa
Zotu3007,0.0,0.0,0.0,0.0,0.0,0.0,0.0,0.0,bacteria,myxococcota,myxococcia,myxococcales,myxococcaceae,simulacricoccus,simulacricoccus ruber
Zotu3009,0.046768,0.012959,0.072976,0.003074,0.0,0.006347,0.0,0.0,bacteria,actinomycetota,acidimicrobiia,acidimicrobiales,acidimicrobiaceae,aciditerrimonas,aciditerrimonas ferrireducens
Zotu3010,0.0,0.016199,0.003173,0.0,0.0,0.0,0.0,0.018841,bacteria,pseudomonadota,deltaproteobacteria,myxococcales,anaeromyxobacteraceae,anaeromyxobacter,anaeromyxobacter dehalogenans
Zotu3011,0.0,0.0,0.0,0.0,0.0,0.0,0.0,0.0,bacteria,planctomycetota,planctomycetia,planctomycetales,planctomycetaceae,symmachiella,symmachiella dynata
Zotu3013,0.0,0.0,0.0,0.199822,0.0,0.0,0.0,0.0,bacteria,bacillota,bacilli,bacillales,alicyclobacillaceae,tumebacillus,tumebacillus lipolyticus
Zotu3014,0.0,0.0,0.0,0.0,0.0,0.0,0.0,0.0,bacteria,actinomycetota,acidimicrobiia,acidimicrobiales,acidimicrobiaceae,aciditerrimonas,aciditerrimonas ferrireducens
Zotu3015,0.003341,0.0,0.0,0.0,0.0,0.0,0.0,0.0,bacteria,pseudomonadota,alphaproteobacteria,hyphomicrobiales,pleomorphomonadaceae,faunimonas,faunimonas pinastri
Zotu3016,0.003341,0.0,0.0,0.003074,0.0,0.0,0.0,0.00314,bacteria,chloroflexota,chloroflexia,herpetosiphonales,herpetosiphonaceae,herpetosiphon,herpetosiphon aurantiacus
Zotu3017,0.0,0.00324,0.0,0.0,0.0,0.0,0.0,0.00628,bacteria,bacillota,clostridia,eubacteriales,symbiobacteriaceae,symbiobacterium,symbiobacterium terraclitae
Zotu3018,0.0,0.0,0.0,0.0,0.0,0.0,0.009419,0.0,bacteria,actinomycetota,actinomycetes,micrococcales,micrococcaceae,zafaria,zafaria cholistanensis
Zotu3019,0.003341,0.009719,0.053939,0.0,0.0,0.003173,0.00314,0.0,bacteria,chloroflexota,tepidiformia,tepidiformales,tepidiformaceae,tepidiforma,tepidiforma bonchosmolovskayae
Zotu3020,0.003341,0.0,0.015864,0.0,0.003245,0.0,0.00314,0.00314,bacteria,gemmatimonadota,longimicrobiia,longimicrobiales,longimicrobiaceae,longimicrobium,longimicrobium terrae
Zotu3021,0.113579,0.012959,0.136434,0.0,0.0,0.0,0.0,0.0,archaea,methanobacteriota,thermoplasmata,methanomassiliicoccales,methanomassiliicoccaceae,methanomassiliicoccus,methanomassiliicoccus luminyensis
Zotu3022,0.0,0.0,0.0,0.0,0.0,0.0,0.0,0.0,bacteria,pseudomonadota,alphaproteobacteria,rhodobacterales,roseobacteraceae,rubellimicrobium,rubellimicrobium aerolatum
Zotu3023,0.0,0.00648,0.0,0.0,0.0,0.003173,0.0,0.00314,bacteria,pseudomonadota,alphaproteobacteria,caulobacterales,caulobacteraceae,phenylobacterium,phenylobacterium hankyongense
Zotu3024,0.003341,0.0,0.0,0.0,0.003245,0.0,0.0,0.113048,bacteria,bacteroidota,cytophagia,cytophagales,hymenobacteraceae,adhaeribacter,adhaeribacter terreus
Zotu3025,0.05679,0.191149,0.003173,0.003074,0.0,0.111069,0.006279,0.0,archaea,methanobacteriota,thermoplasmata,methanomassiliicoccales,methanomassiliicoccaceae,methanomassiliicoccus,candidatus methanomassiliicoccus intestinalis
Zotu3026,0.0,0.0,0.003173,0.0,0.0,0.038081,0.0,0.00314,bacteria,verrucomicrobiota,verrucomicrobiae,verrucomicrobiales,verrucomicrobia subdivision 3,pedosphaera,pedosphaera parvula
Zotu3027,0.0,0.0,0.0,0.0,0.0,0.0,0.00314,0.0,bacteria,pseudomonadota,alphaproteobacteria,hyphomicrobiales,hyphomicrobiaceae,rhodoplanes,rhodoplanes elegans
Zotu3028,0.0,0.0,0.0,0.0,0.038946,0.0,0.0,0.0,bacteria,thermomicrobiota,thermomicrobia,sphaerobacterales,sphaerobacteraceae,sphaerobacter,sphaerobacter thermophilus
Zotu3029,0.0,0.0,0.0,0.0,0.006491,0.003173,0.0,0.015701,bacteria,actinomycetota,actinomycetes,geodermatophilales,geodermatophilaceae,blastococcus,blastococcus jejuensis
Zotu3030,0.0,0.0,0.0,0.0,0.0,0.0,0.0,0.0,bacteria,thermodesulfobacteriota,desulfuromonadia,desulfuromonadales,geoalkalibacteraceae,geoalkalibacter,geoalkalibacter ferrihydriticus
Zotu3031,0.0,0.00648,0.0,0.0,0.0,0.003173,0.0,0.0,bacteria,actinomycetota,thermoleophilia,solirubrobacterales,solirubrobacteraceae,solirubrobacter,solirubrobacter phytolaccae
Zotu3032,0.003341,0.0,0.0,0.0,0.0,0.003173,0.0,0.0,bacteria,actinomycetota,rubrobacteria,gaiellales,gaiellaceae,gaiella,gaiella occulta
Zotu3033,0.0,0.0,0.0,0.0,0.0,0.0,0.0,0.0,bacteria,bacteroidota,cytophagia,cytophagales,fulvivirgaceae,ohtaekwangia,ohtaekwangia koreensis
Zotu3034,0.0,0.00324,0.0,0.0,0.0,0.171363,0.0,0.0,bacteria,verrucomicrobiota,verrucomicrobiae,limisphaerales,limisphaeraceae,limisphaera,limisphaera ngatamarikiensis
Zotu3035,0.010022,0.012959,0.003173,0.027668,0.058419,0.0,0.018837,0.00628,bacteria,chloroflexota,chloroflexota,chloroflexota,chloroflexota,thermobaculum,thermobaculum terrenum
Zotu3036,0.0,0.0,0.003173,0.0,0.006491,0.0,0.0,0.0,bacteria,actinomycetota,acidimicrobiia,acidimicrobiales,iamiaceae,actinomarinicola,actinomarinicola tropica
Zotu3037,0.0,0.0,0.0,0.0,0.0,0.0,0.0,0.021981,bacteria,pseudomonadota,alphaproteobacteria,hyphomicrobiales,pleomorphomonadaceae,chthonobacter,chthonobacter rhizosphaerae
Zotu3038,0.0,0.0,0.0,0.0,0.003245,0.0,0.0,0.0,bacteria,pseudomonadota,alphaproteobacteria,rhodospirillales,azospirillaceae,skermanella,skermanella rubra
Zotu3039,0.0,0.0,0.003173,0.0,0.0,0.0,0.0,0.0,bacteria,actinomycetota,actinomycetes,mycobacteriales,mycobacteriaceae,mycolicibacterium,mycolicibacterium stellerae
Zotu3040,0.0,0.0,0.0,0.0,0.123329,0.0,0.034535,0.018841,bacteria,chloroflexota,chloroflexia,kallotenuales,kallotenuaceae,kallotenue,kallotenue papyrolyticum
Zotu3041,0.0,0.0,0.003173,0.0,0.0,0.0,0.087907,0.018841,bacteria,planctomycetota,phycisphaerae,tepidisphaerales,tepidisphaeraceae,tepidisphaera,tepidisphaera mucosa
Zotu3042,0.0,0.0,0.0,0.0,0.0,0.0,0.0,0.0,bacteria,pseudomonadota,alphaproteobacteria,hyphomicrobiales,hyphomicrobiaceae,hyphomicrobium,hyphomicrobium hollandicum
Zotu3043,0.0,0.0,0.0,0.0,0.0,0.0,0.0,0.0,bacteria,actinomycetota,acidimicrobiia,acidimicrobiales,acidimicrobiaceae,aciditerrimonas,aciditerrimonas ferrireducens
Zotu3044,0.0,0.0,0.0,0.0,0.0,0.0,0.0,0.0,bacteria,myxococcota,myxococcota,haliangiales,kofleriaceae,haliangium,haliangium ochraceum
Zotu3045,0.0,0.0,0.0,0.0,0.0,0.0,0.0,0.0,archaea,methanobacteriota,halobacteria,halobacteriales,halobacteriaceae,halonotius,halonotius pteroides
Zotu3047,0.0,0.00324,0.149126,0.0,0.0,0.0,0.0,0.0,bacteria,planctomycetota,planctomycetia,gemmatales,gemmataceae,fimbriiglobus,fimbriiglobus ruber
Zotu3048,0.0,0.009719,0.0,0.003074,0.207711,0.0,0.006279,0.0,bacteria,pseudomonadota,gammaproteobacteria,methylococcales,methylococcaceae,methylogaea,methylogaea oryzae
Zotu3049,0.0,0.0,0.0,0.0,0.0,0.0,0.0,0.0,bacteria,gemmatimonadota,longimicrobiia,longimicrobiales,longimicrobiaceae,longimicrobium,longimicrobium terrae
Zotu3050,0.0,0.0,0.0,0.0,0.0,0.0,0.0,0.0,bacteria,chloroflexota,chloroflexia,herpetosiphonales,herpetosiphonaceae,herpetosiphon,herpetosiphon aurantiacus
Zotu3051,0.003341,0.00324,0.0,0.0,0.003245,0.0,0.0,0.0,bacteria,actinomycetota,acidimicrobiia,acidimicrobiales,acidimicrobiaceae,aciditerrimonas,aciditerrimonas ferrireducens
Zotu3052,0.020043,0.0,0.0,0.0,0.0,0.0,0.0,0.0,archaea,methanobacteriota,thermoplasmata,methanomassiliicoccales,methanomassiliicoccaceae,methanomassiliicoccus,candidatus methanomassiliicoccus intestinalis
Zotu3053,0.010022,0.0,0.0,0.0,0.0,0.003173,0.100465,0.047103,bacteria,gemmatimonadota,gemmatimonadetes,gemmatimonadales,gemmatimonadaceae,roseisolibacter,roseisolibacter agri
Zotu3054,0.050109,0.064796,0.12057,0.0,0.0,0.0,0.0,0.0,bacteria,chloroflexota,tepidiformia,tepidiformales,tepidiformaceae,tepidiforma,tepidiforma bonchosmolovskayae
Zotu3055,0.230499,0.0,0.0,0.003074,0.0,0.0,0.0,0.00628,bacteria,chloroflexota,thermoflexia,thermoflexales,thermoflexaceae,thermoflexus,thermoflexus hugenholtzii
Zotu3056,0.003341,0.0,0.003173,0.0,0.113592,0.069815,0.0,0.0,bacteria,planctomycetota,phycisphaerae,tepidisphaerales,tepidisphaeraceae,tepidisphaera,tepidisphaera mucosa
Zotu3057,0.126942,0.090715,0.0,0.006148,0.003245,0.038081,0.0,0.00314,bacteria,chloroflexota,anaerolineae,anaerolineales,anaerolineaceae,thermanaerothrix,thermanaerothrix daxensis
Zotu3058,0.0,0.0,0.0,0.0,0.0,0.0,0.0,0.0,bacteria,gemmatimonadota,longimicrobiia,longimicrobiales,longimicrobiaceae,longimicrobium,longimicrobium terrae
Zotu3059,0.0,0.0,0.0,0.0,0.003245,0.0,0.0,0.012561,bacteria,actinomycetota,actinomycetes,micrococcales,brevibacteriaceae,brevibacterium,brevibacterium ihuae
Zotu3060,0.0,0.0,0.0,0.0,0.0,0.0,0.0,0.0,bacteria,pseudomonadota,alphaproteobacteria,hyphomicrobiales,methylobacteriaceae,microvirga,microvirga thermotolerans
Zotu3061,0.0,0.0,0.0,0.0,0.0,0.0,0.0,0.0,bacteria,actinomycetota,thermoleophilia,solirubrobacterales,conexibacteraceae,conexibacter,conexibacter woesei
Zotu3062,0.0,0.0,0.0,0.003074,0.0,0.0,0.00314,0.0,bacteria,bacteroidota,cytophagia,cytophagales,hymenobacteraceae,adhaeribacter,adhaeribacter terrigena
Zotu3063,0.0,0.0,0.0,0.0,0.0,0.0,0.0,0.0,bacteria,actinomycetota,acidimicrobiia,acidimicrobiales,acidimicrobiaceae,aciditerrimonas,aciditerrimonas ferrireducens
Zotu3064,0.0,0.0,0.0,0.0,0.0,0.0,0.0,0.0,bacteria,chloroflexota,anaerolineae,anaerolineales,anaerolineaceae,thermanaerothrix,thermanaerothrix daxensis
Zotu3066,0.0,0.0,0.0,0.0,0.0,0.0,0.0,0.0,bacteria,pseudomonadota,alphaproteobacteria,hyphomicrobiales,aestuariivirgaceae,aestuariivirga,aestuariivirga litoralis
Zotu3067,0.0,0.0,0.0,0.0,0.0,0.0,0.0,0.0,bacteria,bacteroidota,cytophagia,cytophagales,fulvivirgaceae,fulvivirga,fulvivirga imtechensis
Zotu3068,0.0,0.0,0.0,0.0,0.0,0.0,0.0,0.0,bacteria,bacteroidota,cytophagia,cytophagales,hymenobacteraceae,pontibacter,pontibacter amylolyticus
Zotu3069,0.0,0.0,0.0,0.0,0.0,0.0,0.0,0.028262,bacteria,bacteroidota,sphingobacteriia,sphingobacteriales,sphingobacteriaceae,pedobacter,pedobacter mongoliensis
Zotu3070,0.0,0.0,0.0,0.0,0.0,0.0,0.072209,0.072225,bacteria,pseudomonadota,alphaproteobacteria,hyphomicrobiales,methylocystaceae,methylocystis,methylocystis echinoides
Zotu3071,0.0,0.0,0.0,0.0,0.0,0.0,0.0,0.0,bacteria,actinomycetota,acidimicrobiia,acidimicrobiales,acidimicrobiaceae,aciditerrimonas,aciditerrimonas ferrireducens
Zotu3072,0.0,0.022679,0.003173,0.0,0.0,0.0,0.00314,0.0,bacteria,myxococcota,myxococcia,myxococcales,myxococcaceae,simulacricoccus,simulacricoccus ruber
Zotu3073,0.0,0.0,0.0,0.0,0.003245,0.003173,0.021977,0.00314,bacteria,pseudomonadota,alphaproteobacteria,hyphomicrobiales,propylenellaceae,propylenella,propylenella binzhouense
Zotu3074,0.0,0.0,0.0,0.0,0.0,0.0,0.0,0.0,bacteria,planctomycetota,planctomycetia,isosphaerales,isosphaeraceae,singulisphaera,singulisphaera rosea
Zotu3076,0.0,0.0,0.0,0.0,0.0,0.0,0.0,0.0,bacteria,bacteroidota,chitinophagia,chitinophagales,chitinophagaceae,flavisolibacter,flavisolibacter ginsengiterrae
Zotu3077,0.003341,0.012959,0.038075,0.0,0.084383,0.0,0.025116,0.0,bacteria,actinomycetota,rubrobacteria,gaiellales,gaiellaceae,gaiella,gaiella occulta
Zotu3078,0.0,0.0,0.0,0.0,0.003245,0.0,0.0,0.0,bacteria,pseudomonadota,alphaproteobacteria,hyphomicrobiales,devosiaceae,devosia,devosia terrae
Zotu3079,0.0,0.0,0.0,0.0,0.0,0.0,0.0,0.0,bacteria,planctomycetota,planctomycetia,gemmatales,gemmataceae,gemmata,gemmata palustris
Zotu3080,0.0,0.0,0.0,0.0,0.0,0.0,0.0,0.0,bacteria,actinomycetota,actinomycetes,kitasatosporales,streptomycetaceae,streptomyces,streptomyces smyrnaeus
Zotu3081,0.006681,0.0,0.0,0.0,0.0,0.0,0.0,0.0,bacteria,bacillota,clostridia,eubacteriales,syntrophomonadaceae,syntrophothermus,syntrophothermus lipocalidus
Zotu3082,0.0,0.0,0.0,0.0,0.0,0.0,0.0,0.0,bacteria,planctomycetota,planctomycetia,pirellulales,pirellulaceae,candidatus anammoximicrobium,candidatus anammoximicrobium moscowii
Zotu3083,0.0,0.00324,0.0,0.003074,0.0,0.003173,0.0,0.0,bacteria,actinomycetota,rubrobacteria,rubrobacterales,rubrobacteraceae,rubrobacter,rubrobacter naiadicus
Zotu3084,0.0,0.0,0.0,0.0,0.0,0.0,0.0,0.0,bacteria,pseudomonadota,betaproteobacteria,nitrosomonadales,methylophilaceae,methylobacillus,methylobacillus flagellatus
Zotu3085,0.0,0.0,0.0,0.0,0.0,0.003173,0.0,0.0,archaea,methanobacteriota,thermoplasmata,methanomassiliicoccales,methanomassiliicoccaceae,methanomassiliicoccus,candidatus methanomassiliicoccus intestinalis
Zotu3086,0.0,0.0,0.0,0.0,0.0,0.0,0.00314,0.0,bacteria,actinomycetota,rubrobacteria,rubrobacterales,rubrobacteraceae,rubrobacter,rubrobacter taiwanensis
Zotu3087,0.0,0.0,0.0,0.0,0.0,0.0,0.0,0.0,bacteria,deinococcota,deinococci,trueperales,trueperaceae,truepera,truepera radiovictrix
Zotu3088,0.0,0.0,0.0,0.0,0.0,0.0,0.0,0.0,bacteria,actinomycetota,thermoleophilia,thermoleophilales,thermoleophilaceae,thermoleophilum,thermoleophilum album
Zotu3089,0.0,0.0,0.0,0.0,0.0,0.0,0.0,0.0,bacteria,planctomycetota,phycisphaerae,tepidisphaerales,tepidisphaeraceae,tepidisphaera,tepidisphaera mucosa
Zotu3090,0.0,0.0,0.0,0.0,0.0,0.003173,0.0,0.0,bacteria,planctomycetota,phycisphaerae,sedimentisphaerales,anaerohalosphaeraceae,anaerohalosphaera,anaerohalosphaera lusitana
Zotu3091,0.0,0.0,0.015864,0.0,0.0,0.006347,0.012558,0.0,bacteria,actinomycetota,thermoleophilia,solirubrobacterales,solirubrobacteraceae,solirubrobacter,solirubrobacter phytolaccae
Zotu3092,0.0,0.0,0.0,0.0,0.0,0.0,0.0,0.0,bacteria,bacteroidota,sphingobacteriia,sphingobacteriales,sphingobacteriaceae,solitalea,solitalea canadensis
Zotu3093,0.0,0.0,0.0,0.0,0.0,0.0,0.0,0.0,bacteria,verrucomicrobiota,verrucomicrobiae,limisphaerales,limisphaeraceae,limisphaera,limisphaera ngatamarikiensis
Zotu3094,0.0,0.00324,0.006346,0.015371,0.0,0.0,0.0,0.0,bacteria,actinomycetota,acidimicrobiia,acidimicrobiales,acidimicrobiaceae,aciditerrimonas,aciditerrimonas ferrireducens
Zotu3095,0.0,0.0,0.0,0.0,0.0,0.003173,0.0,0.0,bacteria,verrucomicrobiota,opitutae,opitutales,opitutaceae,horticoccus,horticoccus luteus
Zotu3096,0.0,0.0,0.0,0.003074,0.0,0.0,0.0,0.012561,bacteria,bacteroidota,cytophagia,cytophagales,hymenobacteraceae,rufibacter,rufibacter glacialis
Zotu3098,0.0,0.00324,0.0,0.003074,0.0,0.0,0.006279,0.018841,bacteria,actinomycetota,thermoleophilia,solirubrobacterales,baekduiaceae,baekduia,baekduia soli
Zotu3099,0.0,0.0,0.003173,0.0,0.003245,0.0,0.031395,0.00628,bacteria,gemmatimonadota,gemmatimonadetes,gemmatimonadales,gemmatimonadaceae,roseisolibacter,roseisolibacter agri
Zotu3100,0.0,0.0,0.0,0.003074,0.0,0.0,0.0,0.0,bacteria,pseudomonadota,gammaproteobacteria,nevskiales,nevskiaceae,panacagrimonas,panacagrimonas perspica
Zotu3101,0.003341,0.00324,0.0,0.0,0.0,0.0,0.006279,0.0,bacteria,actinomycetota,nitriliruptoria,euzebyales,euzebyaceae,euzebya,euzebya pacifica
Zotu3102,0.003341,0.0,0.003173,0.003074,0.0,0.0,0.0,0.0,bacteria,actinomycetota,thermoleophilia,solirubrobacterales,conexibacteraceae,conexibacter,conexibacter stalactiti
Zotu3103,0.0,0.00324,0.0,0.0,0.0,0.0,0.0,0.0,bacteria,pseudomonadota,alphaproteobacteria,sphingomonadales,sphingomonadaceae,sphingomonas,sphingomonas panaciterrae
Zotu3104,0.0,0.0,0.0,0.0,0.0,0.0,0.0,0.0,bacteria,verrucomicrobiota,verrucomicrobiae,verrucomicrobiales,verrucomicrobia subdivision 3,pedosphaera,pedosphaera parvula
Zotu3106,0.0,0.0,0.0,0.0,0.003245,0.0,0.00314,0.0,bacteria,gemmatimonadota,gemmatimonadetes,gemmatimonadales,gemmatimonadaceae,gemmatimonas,gemmatimonas phototrophica
Zotu3107,0.0,0.00324,0.0,0.003074,0.0,0.0,0.0,0.0,bacteria,verrucomicrobiota,verrucomicrobiae,verrucomicrobiales,verrucomicrobia subdivision 3,pedosphaera,pedosphaera parvula
Zotu3108,0.0,0.00324,0.0,0.0,0.0,0.0,0.00314,0.0,bacteria,bacillota,clostridia,eubacteriales,syntrophomonadaceae,syntrophomonas,syntrophomonas zehnderi
Zotu3109,0.0,0.0,0.0,0.0,0.0,0.0,0.0,0.0,bacteria,actinomycetota,rubrobacteria,rubrobacterales,rubrobacteraceae,rubrobacter,rubrobacter spartanus
Zotu3110,0.0,0.0,0.0,0.0,0.0,0.003173,0.0,0.0,bacteria,pseudomonadota,gammaproteobacteria,nevskiales,nevskiaceae,panacagrimonas,panacagrimonas perspica
Zotu3111,0.0,0.0,0.0,0.0,0.0,0.0,0.0,0.0,bacteria,verrucomicrobiota,verrucomicrobiae,verrucomicrobiales,verrucomicrobia subdivision 3,pedosphaera,pedosphaera parvula
Zotu3112,0.013362,0.00324,0.082495,0.006148,0.0,0.012694,0.00314,0.0,bacteria,actinomycetota,thermoleophilia,solirubrobacterales,conexibacteraceae,conexibacter,conexibacter arvalis
Zotu3113,0.0,0.0,0.0,0.0,0.0,0.0,0.0,0.0,archaea,methanobacteriota,halobacteria,halobacteriales,halobacteriaceae,halorussus,halorussus ruber
Zotu3114,0.003341,0.0,0.0,0.0,0.0,0.0,0.0,0.00314,bacteria,pseudomonadota,gammaproteobacteria,gammaproteobacteria,gammaproteobacteria,acidibacter,acidibacter ferrireducens
Zotu3115,0.0,0.0,0.0,0.0,0.0,0.0,0.0,0.0,bacteria,acidobacteriota,vicinamibacteria,vicinamibacterales,vicinamibacteraceae,vicinamibacter,vicinamibacter silvestris
Zotu3116,0.0,0.0,0.0,0.0,0.0,0.0,0.0,0.0,bacteria,acidobacteriota,vicinamibacteria,vicinamibacterales,vicinamibacteraceae,vicinamibacter,vicinamibacter silvestris
Zotu3117,0.030065,0.090715,0.0,0.0,0.016227,0.060294,0.00314,0.0,bacteria,bacillota,clostridia,moorellales,moorellaceae,thermanaeromonas,thermanaeromonas burensis
Zotu3119,0.0,0.0,0.0,0.0,0.0,0.0,0.0,0.0,bacteria,bacillota,clostridia,eubacteriales,symbiobacteriaceae,symbiobacterium,symbiobacterium terraclitae
Zotu3120,0.0,0.0,0.0,0.0,0.0,0.0,0.0,0.0,archaea,methanobacteriota,thermoplasmata,methanomassiliicoccales,methanomassiliicoccaceae,methanomassiliicoccus,candidatus methanomassiliicoccus intestinalis
Zotu3121,0.0,0.0,0.0,0.0,0.155783,0.0,0.00314,0.0,bacteria,acidobacteriota,vicinamibacteria,vicinamibacterales,vicinamibacteraceae,vicinamibacter,vicinamibacter silvestris
Zotu3122,0.0,0.0,0.0,0.0,0.003245,0.0,0.0,0.0,bacteria,pseudomonadota,alphaproteobacteria,hyphomicrobiales,methylobacteriaceae,methylobacterium,methylobacterium iners
Zotu3123,0.0,0.0,0.003173,0.0,0.003245,0.0,0.0,0.00314,bacteria,pseudomonadota,alphaproteobacteria,hyphomicrobiales,pleomorphomonadaceae,pleomorphomonas,pleomorphomonas oryzae
Zotu3124,0.006681,0.012959,0.0,0.0,0.23043,0.0,0.0,0.021981,archaea,methanobacteriota,thermoplasmata,methanomassiliicoccales,candidatus methanomethylophilaceae,candidatus methanomethylophilus,candidatus methanomethylophilus alvus
Zotu3125,0.0,0.0,0.0,0.0,0.0,0.0,0.0,0.0,bacteria,actinomycetota,rubrobacteria,gaiellales,gaiellaceae,gaiella,gaiella occulta
Zotu3127,0.016703,0.042118,0.076149,0.0,0.006491,0.0,0.0,0.0,bacteria,acidobacteriota,vicinamibacteria,vicinamibacterales,vicinamibacteraceae,luteitalea,luteitalea pratensis
Zotu3128,0.0,0.0,0.0,0.0,0.0,0.0,0.0,0.0,bacteria,bacteroidota,cytophagia,cytophagales,hymenobacteraceae,adhaeribacter,adhaeribacter aquaticus
Zotu3129,0.0,0.00324,0.0,0.003074,0.006491,0.0,0.00314,0.0,bacteria,myxococcota,myxococcia,myxococcales,archangiaceae,archangium,archangium gephyra
Zotu3130,0.076833,0.025918,0.066631,0.0,0.0,0.0,0.0,0.0,bacteria,pseudomonadota,deltaproteobacteria,desulfuromonadales,desulfuromonadaceae,pelobacter,pelobacter carbinolicus
Zotu3131,0.0,0.0,0.0,0.0,0.0,0.0,0.0,0.0,bacteria,bacteroidota,chitinophagia,chitinophagales,chitinophagaceae,flavisolibacter,flavisolibacter metallilatus
Zotu3132,0.0,0.0,0.0,0.0,0.0,0.0,0.0,0.00314,bacteria,pseudomonadota,alphaproteobacteria,rhodospirillales,oceanibaculaceae,oceanibaculum,oceanibaculum pacificum
Zotu3133,0.0,0.0,0.0,0.0,0.0,0.0,0.0,0.0,bacteria,bacteroidota,chitinophagia,chitinophagales,chitinophagaceae,flavisolibacter,flavisolibacter galbus
Zotu3134,0.003341,0.009719,0.0,0.0,0.0,0.0,0.0,0.0,archaea,methanobacteriota,thermoplasmata,methanomassiliicoccales,methanomassiliicoccaceae,methanomassiliicoccus,candidatus methanomassiliicoccus intestinalis
Zotu3135,0.013362,0.025918,0.0,0.116819,0.003245,0.034907,0.0,0.0,bacteria,actinomycetota,rubrobacteria,gaiellales,gaiellaceae,gaiella,gaiella occulta
Zotu3136,0.0,0.00324,0.0,0.0,0.0,0.0,0.0,0.0,bacteria,pseudomonadota,alphaproteobacteria,sphingomonadales,erythrobacteraceae,porphyrobacter,porphyrobacter donghaensis
Zotu3137,0.243862,0.045357,0.0,0.0,0.0,0.0,0.0,0.0,bacteria,planctomycetota,planctomycetia,pirellulales,lacipirellulaceae,pirellulimonas,pirellulimonas nuda
Zotu3138,0.0,0.0,0.0,0.0,0.003245,0.0,0.006279,0.0,bacteria,pseudomonadota,betaproteobacteria,nitrosomonadales,methylophilaceae,methylophilus,methylophilus methylotrophus
Zotu3139,0.0,0.0,0.0,0.003074,0.0,0.0,0.0,0.0,bacteria,atribacterota,atribacteria,atribacterales,atribacteraceae,atribacter,atribacter laminatus
Zotu3140,0.0,0.068036,0.107878,0.0,0.0,0.0,0.0,0.0,bacteria,planctomycetota,planctomycetia,pirellulales,lacipirellulaceae,pirellulimonas,pirellulimonas nuda
Zotu3141,0.0,0.0,0.003173,0.0,0.003245,0.0,0.0,0.00314,bacteria,actinomycetota,thermoleophilia,solirubrobacterales,baekduiaceae,baekduia,baekduia soli
Zotu3142,0.0,0.025918,0.0,0.003074,0.181747,0.0,0.0,0.00314,bacteria,verrucomicrobiota,verrucomicrobiae,verrucomicrobiales,verrucomicrobia subdivision 3,pedosphaera,pedosphaera parvula
Zotu3144,0.0,0.0,0.0,0.0,0.0,0.0,0.0,0.0,bacteria,actinomycetota,actinomycetes,jiangellales,jiangellaceae,jiangella,jiangella alba
Zotu3145,0.0,0.0,0.0,0.0,0.0,0.0,0.0,0.0,bacteria,pseudomonadota,gammaproteobacteria,xanthomonadales,xanthomonadaceae,lysobacter,lysobacter korlensis
Zotu3146,0.0,0.0,0.0,0.006148,0.0,0.003173,0.075348,0.050243,bacteria,pseudomonadota,alphaproteobacteria,sphingomonadales,sphingomonadaceae,sphingomonas,sphingomonas lutea
Zotu3147,0.046768,0.119873,0.0,0.0,0.0,0.0,0.0,0.0,bacteria,verrucomicrobiota,verrucomicrobiae,limisphaerales,fontisphaeraceae,fontisphaera,fontisphaera persica
Zotu3148,0.003341,0.0,0.0,0.0,0.003245,0.184057,0.050232,0.0,bacteria,verrucomicrobiota,verrucomicrobiae,verrucomicrobiales,verrucomicrobia subdivision 3,pedosphaera,pedosphaera parvula
Zotu3149,0.0,0.0,0.0,0.153709,0.029209,0.003173,0.0,0.0,bacteria,actinomycetota,rubrobacteria,rubrobacterales,rubrobacteraceae,rubrobacter,rubrobacter naiadicus
Zotu3150,0.0,0.0,0.0,0.0,0.0,0.0,0.0,0.0,bacteria,verrucomicrobiota,spartobacteria,chthoniobacterales,chthoniobacteraceae,chthoniobacter,chthoniobacter flavus
Zotu3151,0.0,0.0,0.0,0.104522,0.0,0.0,0.031395,0.009421,bacteria,bacillota,clostridia,eubacteriales,peptococcaceae,desulforamulus,desulforamulus ferrireducens
Zotu3152,0.0,0.0,0.003173,0.0,0.0,0.0,0.0,0.00628,bacteria,gemmatimonadota,longimicrobiia,longimicrobiales,longimicrobiaceae,longimicrobium,longimicrobium terrae
Zotu3153,0.0,0.0,0.0,0.0,0.0,0.0,0.0,0.0,bacteria,thermodesulfobacteriota,desulfuromonadia,desulfuromonadales,desulfuromonadaceae,desulfuromonas,desulfuromonas svalbardensis
Zotu3154,0.003341,0.00324,0.003173,0.0,0.003245,0.0,0.0,0.0,bacteria,actinomycetota,actinomycetes,micrococcales,brevibacteriaceae,brevibacterium,brevibacterium pityocampae
Zotu3155,0.0,0.0,0.0,0.0,0.0,0.0,0.00314,0.0,bacteria,pseudomonadota,gammaproteobacteria,chromatiales,chromatiaceae,imhoffiella,imhoffiella bheemlica
Zotu3156,0.0,0.0,0.0,0.0,0.0,0.0,0.0,0.0,bacteria,pseudomonadota,gammaproteobacteria,chromatiales,ectothiorhodospiraceae,ectothiorhodospira,ectothiorhodospira imhoffii
Zotu3157,0.0,0.0,0.0,0.0,0.0,0.0,0.0,0.0,bacteria,pseudomonadota,deltaproteobacteria,myxococcales,anaeromyxobacteraceae,anaeromyxobacter,anaeromyxobacter dehalogenans
Zotu3158,0.0,0.0,0.003173,0.0,0.0,0.0,0.0,0.0,bacteria,actinomycetota,thermoleophilia,solirubrobacterales,solirubrobacteraceae,solirubrobacter,solirubrobacter phytolaccae
Zotu3159,0.0,0.0,0.0,0.0,0.0,0.0,0.0,0.0,bacteria,bacteroidota,cytophagia,cytophagales,hymenobacteraceae,hymenobacter,hymenobacter radiodurans
Zotu3160,0.0,0.0,0.0,0.003074,0.0,0.0,0.0,0.0,bacteria,bacillota,bacilli,bacillales,bacillaceae,bacillus,bacillus funiculus
Zotu3161,0.0,0.00648,0.0,0.0,0.0,0.0,0.00314,0.00314,bacteria,thermodesulfobacteriota,desulfobulbia,desulfobulbales,desulfobulbaceae,desulfobulbus,desulfobulbus elongatus
Zotu3162,0.0,0.0,0.0,0.0,0.0,0.145976,0.00314,0.0,bacteria,verrucomicrobiota,verrucomicrobiae,verrucomicrobiales,verrucomicrobia subdivision 3,pedosphaera,pedosphaera parvula
Zotu3163,0.0,0.0,0.0,0.0,0.0,0.0,0.0,0.0,bacteria,pseudomonadota,alphaproteobacteria,sphingomonadales,sphingomonadaceae,sphingomonas,sphingomonas lutea
Zotu3164,0.0,0.0,0.0,0.0,0.0,0.0,0.0,0.0,bacteria,pseudomonadota,alphaproteobacteria,rhodobacterales,roseobacteraceae,rubellimicrobium,rubellimicrobium aerolatum
Zotu3165,0.020043,0.025918,0.003173,0.0,0.0,0.0,0.00314,0.0,bacteria,actinomycetota,actinomycetia,streptosporangiales,streptosporangiaceae,thermobispora,thermobispora bispora
Zotu3166,0.070152,0.035638,0.16499,0.0,0.084383,0.190404,0.0,0.0,bacteria,planctomycetota,phycisphaerae,tepidisphaerales,tepidisphaeraceae,tepidisphaera,tepidisphaera mucosa
Zotu3167,0.010022,0.090715,0.088841,0.0,0.0,0.0,0.00314,0.0,archaea,methanobacteriota,thermoplasmata,methanomassiliicoccales,methanomassiliicoccaceae,methanomassiliicoccus,methanomassiliicoccus luminyensis
Zotu3168,0.0,0.0,0.0,0.0,0.0,0.0,0.0,0.0,bacteria,pseudomonadota,betaproteobacteria,burkholderiales,oxalobacteraceae,noviherbaspirillum,noviherbaspirillum soli
Zotu3169,0.0,0.0,0.0,0.0,0.0,0.0,0.0,0.0,bacteria,actinomycetota,thermoleophilia,solirubrobacterales,conexibacteraceae,conexibacter,conexibacter stalactiti
Zotu3170,0.0,0.0,0.072976,0.0,0.0,0.0,0.0,0.0,bacteria,thermodesulfobacteriota,desulfuromonadia,geobacterales,geobacteraceae,geobacter,geobacter sulfurreducens
Zotu3171,0.006681,0.0,0.0,0.0,0.0,0.0,0.00314,0.0,bacteria,myxococcota,myxococcota,haliangiales,kofleriaceae,haliangium,haliangium ochraceum
Zotu3172,0.0,0.0,0.0,0.0,0.0,0.00952,0.0,0.0,bacteria,bacillota,clostridia,eubacteriales,peptococcaceae,desulfofundulus,desulfofundulus thermocisternus
Zotu3173,0.0,0.0,0.0,0.0,0.0,0.0,0.0,0.0,archaea,methanobacteriota,thermoplasmata,methanomassiliicoccales,methanomassiliicoccaceae,methanomassiliicoccus,candidatus methanomassiliicoccus intestinalis
Zotu3174,0.0,0.00324,0.0,0.0,0.003245,0.0,0.0,0.069085,bacteria,actinomycetota,acidimicrobiia,acidimicrobiales,iamiaceae,actinomarinicola,actinomarinicola tropica
Zotu3175,0.0,0.0,0.0,0.0,0.0,0.0,0.018837,0.0,bacteria,actinomycetota,acidimicrobiia,acidimicrobiales,acidimicrobiaceae,acidithrix,acidithrix ferrooxidans
Zotu3176,0.006681,0.0,0.025383,0.0,0.0,0.015867,0.0,0.0,bacteria,actinomycetota,thermoleophilia,solirubrobacterales,capillimicrobiaceae,capillimicrobium,capillimicrobium parvum
Zotu3177,0.006681,0.00324,0.0,0.0,0.003245,0.0,0.0,0.0,archaea,methanobacteriota,thermoplasmata,methanomassiliicoccales,methanomassiliicoccaceae,methanomassiliicoccus,candidatus methanomassiliicoccus intestinalis
Zotu3178,0.0,0.042118,0.006346,0.0,0.120083,0.0,0.043953,0.0,bacteria,acidobacteriota,blastocatellia,blastocatellales,arenimicrobiaceae,arenimicrobium,arenimicrobium luteum
Zotu3179,0.0,0.0,0.0,0.0,0.0,0.0,0.0,0.031402,bacteria,gemmatimonadota,longimicrobiia,longimicrobiales,longimicrobiaceae,longimicrobium,longimicrobium terrae
Zotu3180,0.006681,0.045357,0.0,0.0,0.0,0.0,0.0,0.0,bacteria,verrucomicrobiota,verrucomicrobiae,verrucomicrobiales,verrucomicrobia subdivision 3,pedosphaera,pedosphaera parvula
Zotu3181,0.003341,0.0,0.0,0.003074,0.0,0.0,0.00314,0.00314,bacteria,actinomycetota,actinomycetes,kitasatosporales,streptomycetaceae,streptomyces,streptomyces haliclonae
Zotu3182,0.0,0.0,0.0,0.0,0.0,0.003173,0.0,0.025122,bacteria,gemmatimonadota,longimicrobiia,longimicrobiales,longimicrobiaceae,longimicrobium,longimicrobium terrae
Zotu3183,0.003341,0.061556,0.0,0.0,0.0,0.003173,0.0,0.0,bacteria,planctomycetota,planctomycetia,gemmatales,gemmataceae,fimbriiglobus,fimbriiglobus ruber
Zotu3184,0.006681,0.0,0.0,0.0,0.032455,0.0,0.0,0.0,bacteria,pseudomonadota,alphaproteobacteria,sphingomonadales,sphingomonadaceae,rhizorhabdus,rhizorhabdus phycosphaerae
Zotu3185,0.0,0.0,0.0,0.0,0.0,0.0,0.015698,0.047103,bacteria,chloroflexota,chloroflexia,herpetosiphonales,herpetosiphonaceae,herpetosiphon,herpetosiphon aurantiacus
Zotu3187,0.0,0.0,0.0,0.0,0.0,0.0,0.00314,0.00314,bacteria,pseudomonadota,alphaproteobacteria,sphingomonadales,sphingomonadaceae,sphingomonas,sphingomonas montis
Zotu3188,0.0,0.0,0.003173,0.218267,0.0,0.0,0.0,0.0,bacteria,actinomycetota,actinomycetia,corynebacteriales,corynebacteriaceae,corynebacterium,corynebacterium matruchotii
Zotu3189,0.0,0.022679,0.04442,0.0,0.0,0.0,0.00314,0.00314,bacteria,chloroflexota,tepidiformia,tepidiformales,tepidiformaceae,tepidiforma,tepidiforma bonchosmolovskayae
Zotu3190,0.006681,0.0,0.0,0.0,0.0,0.0,0.0,0.0,bacteria,pseudomonadota,alphaproteobacteria,hyphomicrobiales,devosiaceae,devosia,devosia enhydra
Zotu3191,0.0,0.0,0.0,0.0,0.0,0.0,0.0,0.0,bacteria,pseudomonadota,alphaproteobacteria,rhodospirillales,acetobacteraceae,roseomonas,roseomonas pecuniae
Zotu3192,0.0,0.0,0.0,0.0,0.0,0.0,0.0,0.0,bacteria,bacillota,tissierellia,tissierellales,peptoniphilaceae,murdochiella,murdochiella massiliensis
Zotu3193,0.0,0.0,0.0,0.0,0.0,0.0,0.0,0.0,bacteria,chloroflexota,anaerolineae,anaerolineales,anaerolineaceae,thermanaerothrix,thermanaerothrix daxensis
Zotu3194,0.0,0.0,0.0,0.0,0.0,0.0,0.0,0.0,bacteria,bacteroidota,chitinophagia,chitinophagales,chitinophagaceae,flavisolibacter,flavisolibacter ginsengiterrae
Zotu3195,0.0,0.035638,0.003173,0.003074,0.0,0.0,0.0,0.00314,bacteria,pseudomonadota,alphaproteobacteria,rhodospirillales,acetobacteraceae,roseomonas,roseomonas genomospecies
Zotu3196,0.040087,0.00648,0.0,0.0,0.003245,0.142803,0.0,0.0,archaea,methanobacteriota,thermoplasmata,methanomassiliicoccales,methanomassiliicoccaceae,methanomassiliicoccus,candidatus methanomassiliicoccus intestinalis
Zotu3197,0.0,0.035638,0.0,0.0,0.0,0.053948,0.00314,0.00314,bacteria,planctomycetota,phycisphaerae,phycisphaerales,phycisphaeraceae,mucisphaera,mucisphaera calidilacus
Zotu3198,0.0,0.0,0.0,0.0,0.0,0.0,0.0,0.0,bacteria,actinomycetota,actinomycetes,propionibacteriales,nocardioidaceae,nocardioides,nocardioides marmorisolisilvae
Zotu3199,0.0,0.042118,0.0,0.0,0.0,0.0,0.0,0.00314,bacteria,planctomycetota,planctomycetia,planctomycetales,planctomycetaceae,caulifigura,caulifigura coniformis
Zotu3200,0.0,0.0,0.003173,0.003074,0.0,0.0,0.0,0.0,bacteria,actinomycetota,actinomycetes,propionibacteriales,nocardioidaceae,nocardioides,nocardioides insulae
Zotu3201,0.0,0.0,0.02221,0.0,0.0,0.01904,0.0,0.0,bacteria,actinomycetota,actinomycetes,geodermatophilales,geodermatophilaceae,modestobacter,modestobacter multiseptatus
Zotu3202,0.0,0.00324,0.0,0.0,0.003245,0.003173,0.00314,0.0,bacteria,actinomycetota,acidimicrobiia,acidimicrobiales,acidimicrobiaceae,acidiferrimicrobium,acidiferrimicrobium australe
Zotu3203,0.0,0.0,0.0,0.0,0.0,0.0,0.0,0.0,bacteria,pseudomonadota,alphaproteobacteria,sphingomonadales,sphingomonadaceae,sphingomonas,sphingomonas jaspsi
Zotu3204,0.023384,0.00648,0.0,0.003074,0.136311,0.003173,0.0,0.0,bacteria,actinomycetota,thermoleophilia,solirubrobacterales,solirubrobacteraceae,solirubrobacter,solirubrobacter ginsenosidimutans
Zotu3205,0.0,0.0,0.0,0.003074,0.0,0.0,0.0,0.00314,bacteria,bacillota,bacilli,bacillales,bacillales family x. incertae sedis,thermicanus,thermicanus aegyptius
Zotu3206,0.0,0.0,0.0,0.0,0.0,0.0,0.0,0.0,bacteria,bacillota,clostridia,thermoanaerobacterales,thermoanaerobacteraceae,carboxydothermus,carboxydothermus hydrogenoformans
Zotu3207,0.0,0.0,0.0,0.0,0.0,0.0,0.0,0.0,bacteria,abditibacteriota,abditibacteriia,abditibacteriales,abditibacteriaceae,abditibacterium,abditibacterium utsteinense
Zotu3208,0.0,0.0,0.003173,0.003074,0.025964,0.0,0.0,0.018841,bacteria,chloroflexota,tepidiformia,tepidiformales,tepidiformaceae,tepidiforma,tepidiforma bonchosmolovskayae
Zotu3209,0.006681,0.0,0.0,0.0,0.012982,0.025387,0.0,0.0,archaea,methanobacteriota,thermoplasmata,methanomassiliicoccales,candidatus methanomethylophilaceae,candidatus methanomethylophilus,candidatus methanomethylophilus alvus
Zotu3210,0.0,0.0,0.0,0.0,0.006491,0.133283,0.056511,0.0,bacteria,actinomycetota,rubrobacteria,rubrobacterales,rubrobacteraceae,rubrobacter,rubrobacter taiwanensis
Zotu3211,0.0,0.00648,0.0,0.0,0.0,0.0,0.0,0.0,bacteria,thermodesulfobacteriota,desulfuromonadia,desulfuromonadales,desulfuromonadaceae,pelobacter,pelobacter propionicus
Zotu3212,0.0,0.0,0.0,0.0,0.0,0.0,0.0,0.0,bacteria,myxococcota,myxococcia,myxococcales,vulgatibacteraceae,vulgatibacter,vulgatibacter incomptus
Zotu3213,0.0,0.00324,0.003173,0.0,0.0,0.0,0.00314,0.0,bacteria,actinomycetota,acidimicrobiia,acidimicrobiales,acidimicrobiaceae,aciditerrimonas,aciditerrimonas ferrireducens
Zotu3214,0.0,0.0,0.0,0.0,0.0,0.0,0.0,0.0,bacteria,pseudomonadota,alphaproteobacteria,sphingomonadales,sphingomonadaceae,novosphingobium,novosphingobium ginsenosidimutans
Zotu3216,0.0,0.0,0.003173,0.0,0.058419,0.022214,0.043953,0.021981,bacteria,actinomycetota,rubrobacteria,rubrobacterales,rubrobacteraceae,rubrobacter,rubrobacter taiwanensis
Zotu3217,0.003341,0.0,0.0,0.0,0.0,0.0,0.0,0.0,bacteria,actinomycetota,actinomycetes,propionibacteriales,nocardioidaceae,nocardioides,nocardioides marinus
Zotu3219,0.0,0.0,0.0,0.006148,0.0,0.0,0.00314,0.0,bacteria,bacteroidota,chitinophagia,chitinophagales,chitinophagaceae,flavisolibacter,flavisolibacter galbus
Zotu3220,0.0,0.0,0.0,0.0,0.168765,0.003173,0.0,0.0,bacteria,planctomycetota,phycisphaerae,tepidisphaerales,tepidisphaeraceae,tepidisphaera,tepidisphaera mucosa
Zotu3221,0.003341,0.0,0.0,0.0,0.0,0.0,0.0,0.0,bacteria,bacillota,bacilli,bacillales,bacillales family x. incertae sedis,brockia,brockia lithotrophica
Zotu3222,0.0,0.0,0.0,0.0,0.0,0.0,0.0,0.0,bacteria,pseudomonadota,alphaproteobacteria,rhodospirillales,azospirillaceae,skermanella,skermanella rubra
Zotu3223,0.0,0.022679,0.101533,0.003074,0.048682,0.006347,0.00314,0.0,bacteria,bacillota,clostridia,eubacteriales,clostridiales family xvii. incertae sedis,thermaerobacter,thermaerobacter subterraneus
Zotu3224,0.0,0.0,0.0,0.0,0.0,0.0,0.0,0.0,bacteria,pseudomonadota,gammaproteobacteria,alteromonadales,idiomarinaceae,aliidiomarina,aliidiomarina maris
Zotu3225,0.023384,0.00648,0.0,0.0,0.045437,0.0,0.0,0.0,bacteria,acidobacteriota,vicinamibacteria,vicinamibacterales,vicinamibacteraceae,vicinamibacter,vicinamibacter silvestris
Zotu3226,0.013362,0.061556,0.0,0.003074,0.061664,0.031734,0.0,0.0,bacteria,actinomycetota,thermoleophilia,solirubrobacterales,solirubrobacteraceae,solirubrobacter,solirubrobacter ginsenosidimutans
Zotu3227,0.0,0.0,0.0,0.0,0.0,0.0,0.0,0.0,bacteria,pseudomonadota,alphaproteobacteria,rhodospirillales,acetobacteraceae,paeniroseomonas,paeniroseomonas fluminis
Zotu3228,0.003341,0.0,0.003173,0.0,0.061664,0.003173,0.00314,0.00314,bacteria,pseudomonadota,betaproteobacteria,burkholderiales,sphaerotilaceae,caldimonas,caldimonas caldifontis
Zotu3229,0.0,0.0,0.0,0.0,0.0,0.0,0.0,0.0,bacteria,gemmatimonadota,longimicrobiia,longimicrobiales,longimicrobiaceae,longimicrobium,longimicrobium terrae
Zotu3230,0.023384,0.0,0.0,0.0,0.0,0.161843,0.0,0.0,bacteria,pseudomonadota,gammaproteobacteria,thiotrichales,fastidiosibacteraceae,fastidiosibacter,fastidiosibacter lacustris
Zotu3231,0.0,0.0,0.0,0.0,0.0,0.0,0.0,0.0,bacteria,planctomycetota,phycisphaerae,tepidisphaerales,tepidisphaeraceae,tepidisphaera,tepidisphaera mucosa
Zotu3233,0.093536,0.061556,0.003173,0.0,0.003245,0.025387,0.00314,0.0,bacteria,acidobacteriota,vicinamibacteria,vicinamibacterales,vicinamibacteraceae,luteitalea,luteitalea pratensis
Zotu3234,0.0,0.0,0.0,0.0,0.0,0.0,0.0,0.0,bacteria,bacteroidota,cytophagia,cytophagales,hymenobacteraceae,adhaeribacter,adhaeribacter aerophilus
Zotu3235,0.016703,0.0,0.0,0.0,0.194729,0.003173,0.0,0.0,bacteria,pseudomonadota,alphaproteobacteria,rhodospirillales,azospirillaceae,nitrospirillum,azospirillum amazonense
Zotu3236,0.0,0.0,0.0,0.0,0.0,0.0,0.0,0.0,archaea,methanobacteriota,halobacteria,halobacteriales,halobacteriaceae,halorubrum,halorubrum californiense
Zotu3237,0.0,0.0,0.0,0.0,0.0,0.0,0.0,0.0,archaea,methanobacteriota,thermoplasmata,methanomassiliicoccales,methanomassiliicoccaceae,methanomassiliicoccus,candidatus methanomassiliicoccus intestinalis
Zotu3238,0.0,0.0,0.0,0.0,0.0,0.0,0.0,0.0,bacteria,pseudomonadota,betaproteobacteria,burkholderiales,burkholderiaceae,polynucleobacter,polynucleobacter cosmopolitanus
Zotu3239,0.0,0.00324,0.0,0.0,0.0,0.0,0.00314,0.0,bacteria,chloroflexota,chloroflexota,chloroflexota,chloroflexota,thermobaculum,thermobaculum terrenum
Zotu3240,0.0,0.0,0.0,0.003074,0.146047,0.0,0.0,0.0,bacteria,verrucomicrobiota,verrucomicrobiae,verrucomicrobiales,verrucomicrobia subdivision 3,pedosphaera,pedosphaera parvula
Zotu3241,0.263905,0.00324,0.003173,0.0,0.0,0.0,0.0,0.00314,bacteria,actinomycetota,actinomycetes,micrococcales,demequinaceae,demequina,demequina aestuarii
Zotu3242,0.0,0.00324,0.0,0.0,0.0,0.015867,0.0,0.0,bacteria,actinomycetota,actinomycetes,nakamurellales,nakamurellaceae,nakamurella,nakamurella flavida
Zotu3243,0.0,0.0,0.003173,0.0,0.0,0.003173,0.0,0.0,bacteria,rhodothermota,rhodothermia,rhodothermales,salinibacteraceae,salinibacter,salinibacter altiplanensis
Zotu3244,0.0,0.00324,0.0,0.0,0.0,0.0,0.0,0.0,bacteria,chloroflexota,tepidiformia,tepidiformales,tepidiformaceae,tepidiforma,tepidiforma bonchosmolovskayae
Zotu3245,0.0,0.0,0.0,0.003074,0.0,0.0,0.0,0.0,bacteria,elusimicrobiota,endomicrobiia,endomicrobiales,endomicrobiaceae,endomicrobium,endomicrobium proavitum
Zotu3246,0.0,0.0,0.0,0.0,0.0,0.0,0.0,0.00628,bacteria,pseudomonadota,alphaproteobacteria,hyphomicrobiales,methylobacteriaceae,microvirga,microvirga aerilata
Zotu3247,0.0,0.0,0.0,0.0,0.0,0.0,0.0,0.0,bacteria,actinomycetota,thermoleophilia,solirubrobacterales,baekduiaceae,baekduia,baekduia soli
Zotu3249,0.0,0.0,0.0,0.0,0.0,0.0,0.0,0.0,bacteria,actinomycetota,nitriliruptoria,euzebyales,euzebyaceae,euzebya,euzebya pacifica
Zotu3250,0.003341,0.0,0.0,0.0,0.0,0.0,0.0,0.0,bacteria,gemmatimonadota,longimicrobiia,longimicrobiales,longimicrobiaceae,longimicrobium,longimicrobium terrae
Zotu3251,0.0,0.0,0.0,0.0,0.0,0.0,0.0,0.0,bacteria,actinomycetota,rubrobacteria,rubrobacterales,rubrobacteraceae,rubrobacter,rubrobacter taiwanensis
Zotu3252,0.0,0.0,0.0,0.0,0.0,0.0,0.0,0.0,bacteria,verrucomicrobiota,verrucomicrobiae,verrucomicrobiales,verrucomicrobia subdivision 3,pedosphaera,pedosphaera parvula
Zotu3254,0.0,0.0,0.0,0.0,0.0,0.0,0.0,0.0,bacteria,pseudomonadota,alphaproteobacteria,sphingomonadales,sphingomonadaceae,sphingomonas,sphingomonas wittichii
Zotu3255,0.0,0.0,0.0,0.0,0.0,0.0,0.0,0.0,bacteria,pseudomonadota,alphaproteobacteria,sphingomonadales,sphingomonadaceae,sphingomonas,sphingomonas wittichii
Zotu3257,0.0,0.0,0.0,0.0,0.0,0.0,0.0,0.00628,bacteria,pseudomonadota,alphaproteobacteria,sphingomonadales,sphingomonadaceae,sphingomonas,sphingomonas wittichii
Zotu3258,0.0,0.0,0.0,0.0,0.0,0.0,0.0,0.0,bacteria,chloroflexota,chloroflexia,herpetosiphonales,herpetosiphonaceae,herpetosiphon,herpetosiphon aurantiacus
Zotu3259,0.0,0.0,0.04442,0.0,0.0,0.0,0.0,0.0,bacteria,pseudomonadota,betaproteobacteria,nitrosomonadales,sterolibacteriaceae,methyloversatilis,methyloversatilis thermotolerans
Zotu3260,0.0,0.0,0.0,0.0,0.0,0.0,0.0,0.0,bacteria,actinomycetota,actinomycetes,streptosporangiales,streptosporangiaceae,nonomuraea,nonomuraea thailandensis
Zotu3261,0.0,0.0,0.0,0.0,0.0,0.0,0.0,0.0,bacteria,chloroflexota,anaerolineae,aggregatilineales,aggregatilineaceae,aggregatilinea,aggregatilinea lenta
Zotu3262,0.0,0.0,0.0,0.0,0.003245,0.0,0.0,0.0,bacteria,bacillota,clostridia,eubacteriales,peptococcaceae,desulforamulus,desulforamulus ferrireducens
Zotu3263,0.0,0.0,0.003173,0.0,0.0,0.0,0.0,0.0,bacteria,bacteroidota,sphingobacteriia,sphingobacteriales,sphingobacteriaceae,sphingobacterium,sphingobacterium shayense
Zotu3264,0.0,0.0,0.0,0.0,0.0,0.0,0.0,0.0,bacteria,actinomycetota,actinomycetes,streptosporangiales,streptosporangiaceae,sphaerimonospora,sphaerimonospora thailandensis
Zotu3265,0.013362,0.00324,0.0,0.006148,0.0,0.047601,0.00314,0.00314,bacteria,pseudomonadota,deltaproteobacteria,myxococcales,anaeromyxobacteraceae,anaeromyxobacter,anaeromyxobacter dehalogenans
Zotu3266,0.0,0.0,0.0,0.0,0.0,0.0,0.0,0.0,bacteria,gemmatimonadota,longimicrobiia,longimicrobiales,longimicrobiaceae,longimicrobium,longimicrobium terrae
Zotu3267,0.0,0.0,0.0,0.0,0.0,0.0,0.0,0.0,bacteria,planctomycetota,planctomycetia,pirellulales,pirellulaceae,blastopirellula,blastopirellula marina
Zotu3268,0.003341,0.0,0.0,0.0,0.0,0.0,0.0,0.0,bacteria,pseudomonadota,alphaproteobacteria,hyphomicrobiales,nitrobacteraceae,bradyrhizobium,bradyrhizobium jicamae
Zotu3269,0.0,0.0,0.0,0.003074,0.0,0.0,0.0,0.0,bacteria,acidobacteriota,terriglobia,bryobacterales,bryobacteraceae,bryobacter,bryobacter aggregatus
Zotu3270,0.003341,0.0,0.003173,0.0,0.0,0.0,0.0,0.0,bacteria,bacteroidota,cytophagia,cytophagales,fulvivirgaceae,fulvivirga,fulvivirga lutimaris
Zotu3271,0.003341,0.00648,0.0,0.0,0.006491,0.0,0.273138,0.025122,archaea,methanobacteriota,thermoplasmata,methanomassiliicoccales,methanomassiliicoccaceae,methanomassiliicoccus,candidatus methanomassiliicoccus intestinalis
Zotu3272,0.003341,0.0,0.0,0.0,0.0,0.0,0.0,0.0,archaea,methanobacteriota,thermoplasmata,methanomassiliicoccales,methanomassiliicoccaceae,methanomassiliicoccus,candidatus methanomassiliicoccus intestinalis
Zotu3273,0.0,0.025918,0.0,0.0,0.0,0.003173,0.0,0.00314,bacteria,actinomycetota,rubrobacteria,gaiellales,gaiellaceae,gaiella,gaiella occulta
Zotu3274,0.0,0.0,0.003173,0.0,0.003245,0.0,0.0,0.0,bacteria,verrucomicrobiota,verrucomicrobiae,verrucomicrobiales,verrucomicrobia subdivision 3,pedosphaera,pedosphaera parvula
Zotu3275,0.123601,0.0,0.0,0.0,0.0,0.0,0.0,0.00628,bacteria,pseudomonadota,gammaproteobacteria,chromatiales,ectothiorhodospiraceae,inmirania,inmirania thermothiophila
Zotu3276,0.0,0.0,0.0,0.003074,0.0,0.0,0.043953,0.100487,bacteria,chloroflexota,chloroflexia,kallotenuales,kallotenuaceae,kallotenue,kallotenue papyrolyticum
Zotu3277,0.0,0.0,0.0,0.003074,0.0,0.006347,0.00314,0.00314,bacteria,bacteroidota,cytophagia,cytophagales,hymenobacteraceae,adhaeribacter,adhaeribacter aquaticus
Zotu3278,0.006681,0.0,0.006346,0.11067,0.0,0.0,0.009419,0.0,bacteria,actinomycetota,actinomycetia,streptomycetales,streptomycetaceae,streptomyces,streptomyces glaucosporus
Zotu3279,0.0,0.0,0.0,0.0,0.0,0.0,0.0,0.0,bacteria,pseudomonadota,betaproteobacteria,burkholderiales,oxalobacteraceae,noviherbaspirillum,noviherbaspirillum aridicola
Zotu3280,0.0,0.0,0.0,0.0,0.0,0.0,0.0,0.0,bacteria,verrucomicrobiota,opitutae,opitutales,opitutaceae,horticoccus,horticoccus luteus
Zotu3281,0.0,0.00324,0.0,0.0,0.0,0.076161,0.0,0.0,bacteria,verrucomicrobiota,verrucomicrobiae,verrucomicrobiales,verrucomicrobia subdivision 3,pedosphaera,pedosphaera parvula
Zotu3282,0.190413,0.0,0.0,0.0,0.0,0.0,0.00314,0.0,bacteria,verrucomicrobiota,verrucomicrobiae,verrucomicrobiales,verrucomicrobia subdivision 3,pedosphaera,pedosphaera parvula
Zotu3283,0.0,0.0,0.0,0.0,0.0,0.0,0.0,0.0,bacteria,actinomycetota,actinomycetia,streptosporangiales,streptosporangiaceae,clavisporangium,clavisporangium rectum
Zotu3284,0.0,0.0,0.003173,0.003074,0.003245,0.0,0.0,0.009421,archaea,methanobacteriota,thermoplasmata,methanomassiliicoccales,methanomassiliicoccaceae,methanomassiliicoccus,candidatus methanomassiliicoccus intestinalis
Zotu3285,0.0,0.0,0.0,0.0,0.0,0.0,0.0,0.009421,bacteria,gemmatimonadota,longimicrobiia,longimicrobiales,longimicrobiaceae,longimicrobium,longimicrobium terrae
Zotu3286,0.0,0.0,0.0,0.0,0.0,0.0,0.0,0.0,bacteria,pseudomonadota,alphaproteobacteria,sphingomonadales,sphingomonadaceae,sphingomonas,sphingomonas panaciterrae
Zotu3287,0.0,0.00324,0.003173,0.0,0.0,0.003173,0.00314,0.00314,bacteria,bacteroidota,cytophagia,cytophagales,fulvivirgaceae,fulvivirga,fulvivirga lutimaris
Zotu3288,0.0,0.0,0.0,0.0,0.0,0.003173,0.0,0.00314,bacteria,bacteroidota,chitinophagia,chitinophagales,chitinophagaceae,flavitalea,flavitalea populi
Zotu3289,0.006681,0.0,0.006346,0.0,0.0,0.0,0.0,0.009421,bacteria,verrucomicrobiota,opitutae,opitutales,opitutaceae,opitutus,opitutus terrae
Zotu3290,0.0,0.029158,0.0,0.0,0.0,0.0,0.0,0.0,bacteria,actinomycetota,acidimicrobiia,acidimicrobiales,iamiaceae,iamia,iamia majanohamensis
Zotu3291,0.003341,0.00324,0.0,0.0,0.003245,0.0,0.0,0.0,bacteria,verrucomicrobiota,verrucomicrobiae,verrucomicrobiales,verrucomicrobia subdivision 3,pedosphaera,pedosphaera parvula
Zotu3292,0.0,0.0,0.0,0.0,0.0,0.0,0.0,0.0,bacteria,bacteroidota,cytophagia,cytophagales,hymenobacteraceae,pontibacter,pontibacter silvestris
Zotu3293,0.036746,0.019439,0.0,0.003074,0.006491,0.0,0.0,0.0,bacteria,pseudomonadota,alphaproteobacteria,hyphomicrobiales,hyphomicrobiaceae,pedomicrobium,pedomicrobium americanum
Zotu3294,0.036746,0.022679,0.0,0.166006,0.0,0.0,0.0,0.0,bacteria,acidobacteriota,terriglobia,terriglobales,acidobacteriaceae,edaphobacter,edaphobacter aggregans
Zotu3295,0.0,0.00324,0.0,0.0,0.146047,0.0,0.0,0.0,bacteria,pseudomonadota,betaproteobacteria,nitrosomonadales,nitrosomonadaceae,nitrosospira,nitrosospira tenuis
Zotu3296,0.0,0.0,0.0,0.0,0.0,0.006347,0.0,0.0,bacteria,bacillota,clostridia,eubacteriales,desulfotomaculaceae,pelotomaculum,pelotomaculum terephthalicicum
Zotu3298,0.0,0.0,0.003173,0.0,0.0,0.0,0.0,0.00314,bacteria,verrucomicrobiota,verrucomicrobiae,limisphaerales,fontisphaeraceae,fontisphaera,fontisphaera persica
Zotu3299,0.197094,0.00324,0.0,0.003074,0.003245,0.0,0.0,0.0,bacteria,chloroflexota,chloroflexia,herpetosiphonales,herpetosiphonaceae,herpetosiphon,herpetosiphon gulosus
Zotu3300,0.0,0.0,0.0,0.0,0.0,0.047601,0.006279,0.0,bacteria,actinomycetota,acidimicrobiia,acidimicrobiales,iamiaceae,actinomarinicola,actinomarinicola tropica
Zotu3301,0.0,0.0,0.0,0.0,0.0,0.0,0.0,0.0,bacteria,pseudomonadota,alphaproteobacteria,rhodospirillales,acetobacteraceae,roseicella,roseicella frigidaeris
Zotu3302,0.003341,0.0,0.006346,0.003074,0.0,0.0,0.0,0.0,bacteria,planctomycetota,planctomycetia,gemmatales,gemmataceae,gemmata,gemmata massiliana
Zotu3303,0.06013,0.119873,0.0,0.0,0.0,0.0,0.0,0.00314,bacteria,pseudomonadota,betaproteobacteria,nitrosomonadales,sterolibacteriaceae,methyloversatilis,methyloversatilis thermotolerans
Zotu3304,0.0,0.009719,0.0,0.049187,0.0,0.022214,0.0,0.0,bacteria,acidobacteriota,vicinamibacteria,vicinamibacterales,vicinamibacteraceae,luteitalea,luteitalea pratensis
Zotu3305,0.090195,0.012959,0.082495,0.0,0.0,0.0,0.00314,0.00314,bacteria,thermodesulfobacteriota,desulfobulbia,desulfobulbales,desulfobulbaceae,desulfolithobacter,desulfolithobacter dissulfuricans
Zotu3306,0.006681,0.009719,0.0,0.0,0.0,0.0,0.00314,0.0,bacteria,acidobacteriota,vicinamibacteria,vicinamibacterales,vicinamibacteraceae,luteitalea,luteitalea pratensis
Zotu3307,0.0,0.00324,0.0,0.0,0.0,0.01904,0.0,0.0,bacteria,pseudomonadota,alphaproteobacteria,hyphomicrobiales,xanthobacteraceae,pseudolabrys,pseudolabrys taiwanensis
Zotu3308,0.140304,0.016199,0.0,0.0,0.055173,0.0,0.00314,0.009421,bacteria,pseudomonadota,alphaproteobacteria,micropepsales,micropepsaceae,micropepsis,micropepsis pineolensis
Zotu3309,0.0,0.0,0.0,0.003074,0.0,0.0,0.0,0.0,bacteria,bacillota,bacilli,bacillales,bacillaceae,bacillus,bacillus badius
Zotu3310,0.0,0.0,0.133261,0.0,0.0,0.0,0.0,0.0,archaea,methanobacteriota,thermoplasmata,methanomassiliicoccales,methanomassiliicoccaceae,methanomassiliicoccus,candidatus methanomassiliicoccus intestinalis
Zotu3311,0.0,0.0,0.003173,0.003074,0.003245,0.0,0.0,0.034542,bacteria,actinomycetota,actinomycetes,kineosporiales,kineosporiaceae,kineococcus,kineococcus xinjiangensis
Zotu3312,0.0,0.0,0.0,0.0,0.0,0.003173,0.006279,0.0,bacteria,bacillota,bacilli,bacillales,bacillaceae,calditerricola,calditerricola yamamurae
Zotu3314,0.0,0.0,0.0,0.0,0.0,0.0,0.0,0.0,bacteria,bacteroidota,cytophagia,cytophagales,spirosomataceae,nibrella,nibrella saemangeumensis
Zotu3315,0.0,0.0,0.0,0.0,0.0,0.0,0.0,0.012561,bacteria,chloroflexota,chloroflexia,kallotenuales,kallotenuaceae,kallotenue,kallotenue papyrolyticum
Zotu3316,0.0,0.0,0.003173,0.0,0.045437,0.0,0.075348,0.059664,bacteria,acidobacteriota,blastocatellia,blastocatellales,blastocatellaceae,aridibacter,aridibacter famidurans
Zotu3317,0.010022,0.0,0.0,0.0,0.0,0.003173,0.0,0.062804,bacteria,actinomycetota,actinomycetes,geodermatophilales,geodermatophilaceae,geodermatophilus,geodermatophilus obscurus
Zotu3318,0.0,0.0,0.0,0.006148,0.0,0.0,0.0,0.0,bacteria,bacillota,thermolithobacteria,thermolithobacterales,thermolithobacteraceae,thermolithobacter,thermolithobacter ferrireducens
Zotu3320,0.0,0.0,0.0,0.0,0.0,0.0,0.0,0.0,bacteria,pseudomonadota,alphaproteobacteria,rhodospirillales,azospirillaceae,nitrospirillum,azospirillum amazonense
Zotu3321,0.0,0.0,0.0,0.0,0.003245,0.0,0.0,0.0,bacteria,gemmatimonadota,longimicrobiia,longimicrobiales,longimicrobiaceae,longimicrobium,longimicrobium terrae
Zotu3322,0.003341,0.0,0.0,0.0,0.0,0.0,0.0,0.0,bacteria,actinomycetota,thermoleophilia,miltoncostaeales,miltoncostaeaceae,miltoncostaea,miltoncostaea marina
Zotu3323,0.0,0.0,0.0,0.0,0.0,0.0,0.0,0.0,bacteria,pseudomonadota,alphaproteobacteria,sphingomonadales,sphingosinicellaceae,sphingoaurantiacus,sphingoaurantiacus polygranulatus
Zotu3324,0.0,0.0,0.0,0.0,0.0,0.0,0.0,0.0,bacteria,bacteroidota,bacteroidetes,bacteroidetes order ii. incertae sedis,rhodothermaceae,salinibacter,halophilic eubacterium
Zotu3325,0.003341,0.0,0.0,0.0,0.0,0.003173,0.0,0.00628,bacteria,pseudomonadota,betaproteobacteria,burkholderiales,burkholderiales,aquincola,aquincola tertiaricarbonis
Zotu3326,0.0,0.0,0.0,0.0,0.0,0.0,0.0,0.0,archaea,methanobacteriota,thermoplasmata,methanomassiliicoccales,methanomassiliicoccaceae,methanomassiliicoccus,candidatus methanomassiliicoccus intestinalis
Zotu3327,0.003341,0.0,0.0,0.0,0.0,0.0,0.0,0.0,bacteria,chloroflexota,tepidiformia,tepidiformales,tepidiformaceae,tepidiforma,tepidiforma bonchosmolovskayae
Zotu3328,0.0,0.0,0.0,0.0,0.0,0.0,0.0,0.0,bacteria,pseudomonadota,alphaproteobacteria,sphingomonadales,sphingomonadaceae,rhizorhabdus,rhizorhabdus argentea
Zotu3329,0.0,0.0,0.0,0.0,0.146047,0.0,0.0,0.0,bacteria,pseudomonadota,alphaproteobacteria,sphingomonadales,erythrobacteraceae,aurantiacibacter,aurantiacibacter sediminis
Zotu3330,0.06013,0.077755,0.060285,0.0,0.003245,0.0,0.00314,0.0,bacteria,chloroflexota,tepidiformia,tepidiformales,tepidiformaceae,tepidiforma,tepidiforma bonchosmolovskayae
Zotu3331,0.0,0.0,0.0,0.0,0.0,0.0,0.0,0.0,bacteria,pseudomonadota,alphaproteobacteria,rhodospirillales,azospirillaceae,azospirillum,azospirillum oryzae
Zotu3332,0.0,0.0,0.003173,0.0,0.0,0.0,0.00314,0.0,bacteria,actinomycetota,actinomycetes,geodermatophilales,geodermatophilaceae,trujillonella,trujillella endophytica
Zotu3334,0.0,0.0,0.0,0.0,0.0,0.0,0.0,0.0,bacteria,acidobacteriota,terriglobia,bryobacterales,bryobacteraceae,bryobacter,bryobacter aggregatus
Zotu3335,0.0,0.00648,0.0,0.0,0.0,0.0,0.0,0.0,bacteria,gemmatimonadota,gemmatimonadetes,gemmatimonadales,gemmatimonadaceae,roseisolibacter,roseisolibacter agri
Zotu3336,0.0,0.0,0.0,0.0,0.0,0.085682,0.100465,0.0,archaea,methanobacteriota,thermoplasmata,methanomassiliicoccales,methanomassiliicoccaceae,methanomassiliicoccus,candidatus methanomassiliicoccus intestinalis
Zotu3337,0.0,0.0,0.0,0.0,0.003245,0.006347,0.0,0.056524,bacteria,pseudomonadota,betaproteobacteria,burkholderiales,oxalobacteraceae,noviherbaspirillum,noviherbaspirillum massiliense
Zotu3338,0.0,0.0,0.0,0.0,0.0,0.0,0.0,0.0,bacteria,pseudomonadota,gammaproteobacteria,pasteurellales,pasteurellaceae,frederiksenia,frederiksenia canicola
Zotu3339,0.0,0.0,0.0,0.0,0.0,0.0,0.0,0.0,bacteria,pseudomonadota,alphaproteobacteria,hyphomicrobiales,rhabdaerophilaceae,rhabdaerophilum,rhabdaerophilum calidifontis
Zotu3340,0.0,0.0,0.0,0.0,0.0,0.0,0.00314,0.0,bacteria,chloroflexota,anaerolineae,anaerolineales,anaerolineaceae,ornatilinea,ornatilinea apprima
Zotu3341,0.0,0.009719,0.0,0.0,0.0,0.0,0.0,0.0,bacteria,acidobacteriota,terriglobia,bryobacterales,bryobacteraceae,bryobacter,bryobacter aggregatus
Zotu3343,0.016703,0.009719,0.0,0.0,0.0357,0.0,0.0,0.0,archaea,methanobacteriota,thermoplasmata,methanomassiliicoccales,methanomassiliicoccaceae,methanomassiliicoccus,candidatus methanomassiliicoccus intestinalis
Zotu3344,0.0,0.00324,0.003173,0.0,0.0,0.003173,0.0,0.0,bacteria,actinomycetota,acidimicrobiia,acidimicrobiales,acidimicrobiaceae,acidiferrimicrobium,acidiferrimicrobium australe
Zotu3345,0.0,0.0,0.0,0.0,0.0,0.0,0.0,0.0,bacteria,planctomycetota,planctomycetia,gemmatales,gemmataceae,zavarzinella,zavarzinella formosa
Zotu3346,0.0,0.0,0.0,0.0,0.0,0.0,0.0,0.0,bacteria,pseudomonadota,alphaproteobacteria,sphingomonadales,sphingomonadaceae,sphingomonas,sphingomonas rhizophila
Zotu3347,0.0,0.00324,0.0,0.196748,0.0,0.003173,0.0,0.0,bacteria,bacillota,clostridia,eubacteriales,clostridiaceae,thermobrachium,thermobrachium celere
Zotu3348,0.0,0.0,0.0,0.0,0.0,0.003173,0.0,0.00314,bacteria,chloroflexota,thermomicrobia,sphaerobacterales,sphaerobacteraceae,sphaerobacter,sphaerobacter thermophilus
Zotu3349,0.0,0.012959,0.0,0.0,0.0,0.0,0.0,0.00314,bacteria,pseudomonadota,betaproteobacteria,burkholderiales,comamonadaceae,delftia,delftia acidovorans
Zotu3350,0.0,0.0,0.0,0.0,0.0,0.0,0.0,0.0,bacteria,pseudomonadota,gammaproteobacteria,xanthomonadales,rhodanobacteraceae,dokdonella,dokdonella immobilis
Zotu3351,0.053449,0.0,0.09836,0.0,0.0,0.0,0.00314,0.0,bacteria,bacillota,clostridia,eubacteriales,peptococcaceae,desulforamulus,desulforamulus ferrireducens
Zotu3352,0.096877,0.00324,0.012692,0.0,0.003245,0.0,0.0,0.0,bacteria,actinomycetota,acidimicrobiia,acidimicrobiales,iamiaceae,actinomarinicola,actinomarinicola tropica
Zotu3353,0.0,0.0,0.0,0.0,0.0,0.0,0.0,0.0,bacteria,chloroflexota,tepidiformia,tepidiformales,tepidiformaceae,tepidiforma,tepidiforma bonchosmolovskayae
Zotu3354,0.0,0.0,0.0,0.0,0.0,0.0,0.0,0.0,bacteria,actinomycetota,acidimicrobiia,acidimicrobiales,iamiaceae,actinomarinicola,actinomarinicola tropica
Zotu3355,0.006681,0.0,0.0,0.0,0.0,0.0,0.0,0.0,bacteria,ignavibacteriota,ignavibacteria,ignavibacteriales,ignavibacteriaceae,ignavibacterium,ignavibacterium album
Zotu3356,0.0,0.00324,0.0,0.0,0.061664,0.0,0.00314,0.0,bacteria,verrucomicrobiota,verrucomicrobiae,verrucomicrobiales,verrucomicrobia subdivision 3,pedosphaera,pedosphaera parvula
Zotu3357,0.0,0.0,0.0,0.0,0.0,0.0,0.0,0.0,bacteria,bacteroidota,cytophagia,cytophagales,cesiribacteraceae,cesiribacter,cesiribacter roseus
Zotu3358,0.0,0.0,0.0,0.0,0.006491,0.0,0.0,0.0,bacteria,bacteroidota,sphingobacteriia,sphingobacteriales,sphingobacteriaceae,pedobacter,pedobacter xinjiangensis
Zotu3359,0.0,0.0,0.0,0.003074,0.045437,0.0,0.0,0.053384,bacteria,bacteroidota,cytophagia,cytophagales,flexibacteraceae,flexibacter,flexibacter flexilis
Zotu3360,0.0,0.00324,0.0,0.0,0.003245,0.003173,0.00314,0.025122,bacteria,gemmatimonadota,gemmatimonadetes,gemmatimonadales,gemmatimonadaceae,roseisolibacter,roseisolibacter agri
Zotu3361,0.0,0.0,0.0,0.0,0.0,0.0,0.0,0.0,bacteria,bacteroidota,cytophagia,cytophagales,cesiribacteraceae,cesiribacter,cesiribacter roseus
Zotu3362,0.0,0.025918,0.0,0.0,0.0357,0.0,0.0,0.00314,archaea,methanobacteriota,thermoplasmata,methanomassiliicoccales,methanomassiliicoccaceae,methanomassiliicoccus,candidatus methanomassiliicoccus intestinalis
Zotu3363,0.0,0.0,0.0,0.003074,0.159029,0.003173,0.0,0.0,bacteria,ignavibacteriota,ignavibacteria,ignavibacteriales,melioribacteraceae,melioribacter,melioribacter roseus
Zotu3364,0.0,0.00324,0.0,0.0,0.0,0.003173,0.00314,0.0,bacteria,pseudomonadota,betaproteobacteria,burkholderiales,comamonadaceae,brachymonas,brachymonas denitrificans
Zotu3365,0.003341,0.074516,0.0,0.0,0.003245,0.003173,0.00314,0.00314,bacteria,planctomycetota,phycisphaerae,phycisphaerales,phycisphaeraceae,mucisphaera,mucisphaera calidilacus
Zotu3366,0.0,0.0,0.0,0.0,0.003245,0.0,0.0,0.0,bacteria,actinomycetota,rubrobacteria,rubrobacterales,rubrobacteraceae,rubrobacter,rubrobacter bracarensis
Zotu3367,0.013362,0.0,0.0,0.0,0.12982,0.0,0.034535,0.0,bacteria,chloroflexota,chloroflexia,kallotenuales,kallotenuaceae,kallotenue,kallotenue papyrolyticum
Zotu3368,0.0,0.0,0.0,0.0,0.0,0.0,0.0,0.0,bacteria,actinomycetota,actinomycetes,geodermatophilales,geodermatophilaceae,blastococcus,blastococcus saxobsidens
Zotu3369,0.0,0.0,0.0,0.003074,0.0,0.0,0.0,0.040823,bacteria,bacteroidota,chitinophagia,chitinophagales,chitinophagaceae,flavisolibacter,flavisolibacter galbus
Zotu3370,0.006681,0.145791,0.050766,0.0,0.019473,0.003173,0.00314,0.0,bacteria,pseudomonadota,alphaproteobacteria,caulobacterales,caulobacteraceae,terricaulis,terricaulis silvestris
Zotu3371,0.0,0.0,0.0,0.0,0.0,0.003173,0.0,0.0,bacteria,thermomicrobiota,thermomicrobia,sphaerobacterales,sphaerobacteraceae,sphaerobacter,sphaerobacter thermophilus
Zotu3372,0.006681,0.00324,0.0,0.0,0.0,0.0,0.0,0.0,bacteria,bacillota,bacilli,bacillales,bacillaceae,alkalihalophilus,alkalihalophilus pseudofirmus
Zotu3373,0.0,0.0,0.0,0.0,0.0,0.0,0.0,0.00314,bacteria,actinomycetota,actinomycetes,pseudonocardiales,pseudonocardiaceae,allokutzneria,allokutzneria oryzae
Zotu3374,0.0,0.0,0.0,0.0,0.0,0.0,0.0,0.0,bacteria,actinomycetota,thermoleophilia,solirubrobacterales,baekduiaceae,baekduia,baekduia soli
Zotu3375,0.0,0.0,0.0,0.0,0.0,0.0,0.0,0.0,bacteria,pseudomonadota,oligoflexia,bdellovibrionales,bdellovibrionaceae,bdellovibrio,bdellovibrio bacteriovorus
Zotu3376,0.0,0.0,0.0,0.0,0.0,0.0,0.0,0.0,bacteria,pseudomonadota,alphaproteobacteria,sphingomonadales,sphingomonadaceae,sphingomonas,sphingomonas sabuli
Zotu3377,0.010022,0.0,0.0,0.0,0.0,0.0,0.0,0.0,bacteria,planctomycetota,phycisphaerae,tepidisphaerales,tepidisphaeraceae,tepidisphaera,tepidisphaera mucosa
Zotu3379,0.0,0.0,0.0,0.0,0.0,0.003173,0.0,0.0,bacteria,actinomycetota,rubrobacteria,gaiellales,gaiellaceae,gaiella,gaiella occulta
Zotu3380,0.003341,0.0,0.0,0.0,0.0,0.0,0.00314,0.0,archaea,methanobacteriota,thermoplasmata,methanomassiliicoccales,methanomassiliicoccaceae,methanomassiliicoccus,candidatus methanomassiliicoccus intestinalis
Zotu3381,0.0,0.0,0.0,0.0,0.0,0.0,0.0,0.0,bacteria,myxococcota,myxococcota,polyangiales,sandaracinaceae,sandaracinus,sandaracinus amylolyticus
Zotu3383,0.003341,0.0,0.0,0.0,0.0,0.0,0.0,0.0,bacteria,actinomycetota,actinomycetes,propionibacteriales,nocardioidaceae,nocardioides,nocardioides convexus
Zotu3384,0.003341,0.00324,0.0,0.003074,0.0,0.0,0.0,0.0,archaea,methanobacteriota,thermoplasmata,methanomassiliicoccales,methanomassiliicoccaceae,methanomassiliicoccus,candidatus methanomassiliicoccus intestinalis
Zotu3385,0.0,0.0,0.0,0.003074,0.0,0.0,0.0,0.0,bacteria,pseudomonadota,alphaproteobacteria,rhodobacterales,roseobacteraceae,rubellimicrobium,rubellimicrobium rubrum
Zotu3386,0.0,0.0,0.0,0.0,0.0,0.0,0.018837,0.0,bacteria,acidobacteriota,terriglobia,bryobacterales,bryobacteraceae,bryobacter,bryobacter aggregatus
Zotu3387,0.0,0.0,0.0,0.0,0.0,0.0,0.0,0.0,bacteria,acidobacteriota,vicinamibacteria,vicinamibacterales,vicinamibacteraceae,luteitalea,luteitalea pratensis
Zotu3388,0.0,0.0,0.0,0.0,0.0,0.0,0.0,0.00628,bacteria,chloroflexota,chloroflexia,kallotenuales,kallotenuaceae,kallotenue,kallotenue papyrolyticum
Zotu3389,0.0,0.0,0.0,0.0,0.0,0.0,0.0,0.0,bacteria,verrucomicrobiota,verrucomicrobiae,verrucomicrobiales,verrucomicrobia subdivision 3,pedosphaera,pedosphaera parvula
Zotu3391,0.0,0.0,0.0,0.0,0.0,0.0,0.0,0.0,bacteria,pseudomonadota,betaproteobacteria,burkholderiales,oxalobacteraceae,noviherbaspirillum,noviherbaspirillum autotrophicum
Zotu3392,0.0,0.0,0.009519,0.003074,0.0,0.063468,0.00314,0.031402,bacteria,bacteroidota,chitinophagia,chitinophagales,chitinophagaceae,flavisolibacter,flavisolibacter carri
Zotu3393,0.006681,0.051837,0.060285,0.0,0.0,0.0,0.012558,0.0,bacteria,bacillota,clostridia,eubacteriales,thermincolaceae,thermincola,thermincola carboxydiphila
Zotu3394,0.026725,0.158751,0.0,0.003074,0.003245,0.0,0.0,0.0,bacteria,planctomycetota,planctomycetia,gemmatales,gemmataceae,fimbriiglobus,fimbriiglobus ruber
Zotu3395,0.0,0.0,0.0,0.0,0.0,0.0,0.0,0.0,bacteria,bacillota,bacilli,bacillales,paenibacillaceae,paenibacillus,paenibacillus antri
Zotu3396,0.0,0.0,0.0,0.0,0.0,0.0,0.0,0.00314,bacteria,pseudomonadota,alphaproteobacteria,rhodospirillales,acetobacteraceae,pseudoroseomonas,pseudoroseomonas aerofrigidensis
Zotu3397,0.0,0.0,0.0,0.0,0.0,0.0,0.0,0.0,bacteria,bacillota,bacilli,lactobacillales,enterococcaceae,enterococcus,enterococcus columbae
Zotu3398,0.003341,0.0,0.0,0.0,0.0,0.003173,0.150697,0.0,bacteria,chloroflexota,chloroflexia,herpetosiphonales,herpetosiphonaceae,herpetosiphon,herpetosiphon gulosus
Zotu3399,0.0,0.0,0.0,0.0,0.0,0.0,0.0,0.0,bacteria,pseudomonadota,alphaproteobacteria,sphingomonadales,sphingomonadaceae,novosphingobium,novosphingobium ginsenosidimutans
Zotu3400,0.0,0.016199,0.0,0.0,0.116838,0.0,0.0,0.012561,bacteria,bacillota,bacilli,bacillales,paenibacillaceae,brevibacillus,brevibacillus limnophilus
Zotu3401,0.0,0.0,0.003173,0.0,0.0,0.0,0.141278,0.009421,bacteria,chloroflexota,chloroflexia,chloroflexales,chloroflexaceae,chloroflexus,chloroflexus aurantiacus
Zotu3402,0.003341,0.00324,0.0,0.0,0.0,0.0,0.0,0.0,bacteria,pseudomonadota,deltaproteobacteria,myxococcales,anaeromyxobacteraceae,anaeromyxobacter,anaeromyxobacter dehalogenans
Zotu3403,0.006681,0.0,0.0,0.0,0.0,0.0,0.0,0.018841,bacteria,bacillota,bacilli,bacillales,paenibacillaceae,paenibacillus,paenibacillus antri
Zotu3404,0.0,0.0,0.028556,0.159857,0.0,0.0,0.0,0.0,bacteria,gemmatimonadota,gemmatimonadetes,gemmatimonadales,gemmatimonadaceae,gemmatimonas,gemmatimonas aurantiaca
Zotu3405,0.003341,0.0,0.0,0.0,0.0,0.0,0.00314,0.0,bacteria,bacillota,bacilli,bacillales,bacillaceae,bacillus,bacillus niabensis
Zotu3407,0.0,0.0,0.0,0.0,0.0,0.0,0.0,0.0,bacteria,bacteroidota,chitinophagia,chitinophagales,chitinophagaceae,segetibacter,segetibacter koreensis
Zotu3408,0.0,0.0,0.0,0.0,0.0,0.0,0.0,0.0,bacteria,actinomycetota,thermoleophilia,thermoleophilales,thermoleophilaceae,thermoleophilum,thermoleophilum album
Zotu3409,0.010022,0.0,0.174509,0.003074,0.0,0.0,0.00314,0.0,bacteria,planctomycetota,planctomycetia,gemmatales,gemmataceae,gemmata,gemmata obscuriglobus
Zotu3410,0.0,0.126353,0.0,0.0,0.0,0.0,0.006279,0.0,bacteria,actinomycetota,thermoleophilia,solirubrobacterales,solirubrobacteraceae,solirubrobacter,solirubrobacter phytolaccae
Zotu3411,0.0,0.0,0.0,0.0,0.0,0.0,0.0,0.0,bacteria,bacteroidota,cytophagia,cytophagales,hymenobacteraceae,nibribacter,nibribacter koreensis
Zotu3412,0.0,0.0,0.0,0.003074,0.0,0.0,0.0,0.009421,bacteria,gemmatimonadota,gemmatimonadetes,gemmatimonadales,gemmatimonadaceae,gemmatimonas,gemmatimonas phototrophica
Zotu3413,0.0,0.0,0.0,0.0,0.003245,0.0,0.018837,0.00314,bacteria,bacillota,bacilli,bacillales,paenibacillaceae,paenibacillus,paenibacillus antri
Zotu3414,0.0,0.0,0.0,0.0,0.0,0.0,0.0,0.0,bacteria,myxococcota,myxococcia,myxococcales,archangiaceae,hyalangium,hyalangium minutum
Zotu3415,0.0,0.0,0.0,0.0,0.0,0.003173,0.144418,0.00314,bacteria,bacteroidota,chitinophagia,chitinophagales,chitinophagaceae,segetibacter,segetibacter aerophilus
Zotu3417,0.163688,0.0,0.0,0.0,0.0,0.0,0.00314,0.0,bacteria,thermodesulfobacteriota,thermodesulfobacteria,thermodesulfobacteriales,thermodesulfobacteriaceae,thermodesulfobacterium,thermodesulfobacterium geofontis
Zotu3418,0.0,0.0,0.225275,0.0,0.0,0.0,0.0,0.0,bacteria,planctomycetota,planctomycetia,gemmatales,gemmataceae,tuwongella,tuwongella immobilis
Zotu3419,0.0,0.0,0.003173,0.0,0.003245,0.0,0.0,0.0,bacteria,actinomycetota,rubrobacteria,rubrobacterales,rubrobacteraceae,rubrobacter,rubrobacter taiwanensis
Zotu3420,0.05679,0.00648,0.0,0.0,0.152538,0.0,0.00314,0.0,archaea,methanobacteriota,thermoplasmata,methanomassiliicoccales,methanomassiliicoccaceae,methanomassiliicoccus,candidatus methanomassiliicoccus intestinalis
Zotu3421,0.070152,0.012959,0.0,0.0,0.0,0.015867,0.0,0.00314,bacteria,acidobacteriota,vicinamibacteria,vicinamibacterales,vicinamibacteraceae,luteitalea,luteitalea pratensis
Zotu3422,0.043427,0.077755,0.0,0.0,0.006491,0.003173,0.00314,0.0,bacteria,pseudomonadota,betaproteobacteria,nitrosomonadales,methylophilaceae,methylobacillus,methylobacillus flagellatus
Zotu3423,0.0,0.0,0.003173,0.0,0.003245,0.0,0.106744,0.103627,bacteria,rhodothermota,rhodothermia,rhodothermales,rhodothermaceae,rhodocaloribacter,rhodocaloribacter litoris
Zotu3424,0.0,0.0,0.0,0.0,0.003245,0.003173,0.009419,0.012561,bacteria,gemmatimonadota,longimicrobiia,longimicrobiales,longimicrobiaceae,longimicrobium,longimicrobium terrae
Zotu3425,0.0,0.0,0.0,0.0,0.0,0.0,0.00314,0.0,bacteria,bacteroidota,cytophagia,cytophagales,hymenobacteraceae,adhaeribacter,adhaeribacter terreus
Zotu3426,0.0,0.0,0.0,0.0,0.123329,0.0,0.0,0.0,bacteria,cyanobacteriota,cyanobacteria,pseudanabaenales,leptolyngbyaceae,phormidesmis,phormidesmis priestleyi
Zotu3428,0.0,0.0,0.0,0.0,0.0,0.0,0.0,0.0,archaea,methanobacteriota,thermoplasmata,methanomassiliicoccales,methanomassiliicoccaceae,methanomassiliicoccus,candidatus methanomassiliicoccus intestinalis
Zotu3429,0.0,0.0,0.0,0.0,0.0,0.0,0.0,0.0,bacteria,bacteroidota,cytophagia,cytophagales,hymenobacteraceae,adhaeribacter,adhaeribacter radiodurans
Zotu3430,0.020043,0.029158,0.038075,0.079929,0.0,0.0,0.0,0.0,bacteria,gemmatimonadota,gemmatimonadetes,gemmatimonadales,gemmatimonadaceae,gemmatimonas,gemmatimonas phototrophica
Zotu3432,0.0,0.0,0.0,0.0,0.0,0.076161,0.072209,0.0,bacteria,bacillota,bacilli,bacillales,bacillales family x. incertae sedis,brockia,brockia lithotrophica
Zotu3434,0.0,0.0,0.0,0.0,0.0,0.0,0.0,0.0,bacteria,verrucomicrobiota,verrucomicrobiae,limisphaerales,fontisphaeraceae,fontisphaera,fontisphaera persica
Zotu3435,0.0,0.0,0.0,0.0,0.0,0.0,0.0,0.0,bacteria,bacteroidota,cytophagia,cytophagales,hymenobacteraceae,rufibacter,rufibacter immobilis
Zotu3436,0.003341,0.0,0.003173,0.0,0.003245,0.003173,0.00314,0.0,archaea,methanobacteriota,thermoplasmata,methanomassiliicoccales,methanomassiliicoccaceae,methanomassiliicoccus,candidatus methanomassiliicoccus intestinalis
Zotu3437,0.06013,0.129592,0.0,0.0,0.003245,0.0,0.0,0.00314,bacteria,pseudomonadota,betaproteobacteria,nitrosomonadales,methylophilaceae,novimethylophilus,novimethylophilus kurashikiensis
Zotu3438,0.0,0.0,0.0,0.0,0.0,0.0,0.0,0.0,bacteria,bacillota,bacilli,bacillales,paenibacillaceae,paenibacillus,paenibacillus pinistramenti
Zotu3439,0.0,0.0,0.0,0.0,0.012982,0.012694,0.0,0.0,bacteria,actinomycetota,thermoleophilia,solirubrobacterales,capillimicrobiaceae,capillimicrobium,capillimicrobium parvum
Zotu3440,0.016703,0.142552,0.0,0.0,0.003245,0.0,0.0,0.0,bacteria,actinomycetota,actinomycetes,pseudonocardiales,pseudonocardiaceae,actinokineospora,actinokineospora fastidiosa
Zotu3441,0.053449,0.126353,0.003173,0.003074,0.003245,0.003173,0.006279,0.00314,bacteria,acidobacteriota,vicinamibacteria,vicinamibacterales,vicinamibacteraceae,luteitalea,luteitalea pratensis
Zotu3442,0.0,0.0,0.0,0.0,0.0,0.0,0.0,0.0,bacteria,pseudomonadota,alphaproteobacteria,sphingomonadales,sphingosinicellaceae,sphingoaurantiacus,sphingoaurantiacus polygranulatus
Zotu3443,0.0,0.220307,0.0,0.0,0.0,0.0,0.00314,0.0,bacteria,bacillota,clostridia,eubacteriales,peptococcaceae,desulforamulus,desulforamulus ferrireducens
Zotu3444,0.036746,0.012959,0.038075,0.0,0.0,0.038081,0.006279,0.00314,bacteria,acidobacteriota,vicinamibacteria,vicinamibacterales,vicinamibacteraceae,luteitalea,luteitalea pratensis
Zotu3445,0.0,0.0,0.0,0.0,0.0,0.0,0.0,0.0,bacteria,thermomicrobiota,thermomicrobia,sphaerobacterales,sphaerobacteraceae,sphaerobacter,sphaerobacter thermophilus
Zotu3446,0.003341,0.0,0.0,0.0,0.123329,0.0,0.0,0.0,bacteria,verrucomicrobiota,verrucomicrobiae,limisphaerales,limisphaeraceae,limisphaera,limisphaera ngatamarikiensis
Zotu3447,0.003341,0.0,0.0,0.0,0.0,0.0,0.0,0.0,bacteria,bacillota,bacilli,bacillales,thermoactinomycetaceae,laceyella,laceyella sacchari
Zotu3448,0.0,0.0,0.0,0.0,0.0,0.0,0.0,0.0,bacteria,bacillota,tissierellia,tissierellales,peptoniphilaceae,anaerococcus,anaerococcus hydrogenalis
Zotu3449,0.0,0.0,0.0,0.0,0.133065,0.0,0.0,0.0,bacteria,rhodothermota,rhodothermia,rhodothermales,salisaetaceae,roseithermus,roseithermus sacchariphilus
Zotu3450,0.0,0.0,0.003173,0.0,0.0,0.0,0.0,0.0,bacteria,planctomycetota,planctomycetia,pirellulales,pirellulaceae,blastopirellula,blastopirellula marina
Zotu3451,0.0,0.0,0.003173,0.0,0.058419,0.015867,0.0,0.025122,bacteria,bdellovibrionota,bacteriovoracia,bacteriovoracales,bacteriovoracaceae,peredibacter,peredibacter starrii
Zotu3452,0.003341,0.0,0.0,0.0,0.0,0.0,0.0,0.0,bacteria,bacillota,bacilli,bacillales,paenibacillaceae,paenibacillus,paenibacillus antri
Zotu3453,0.0,0.0,0.0,0.0,0.0,0.0,0.0,0.0,bacteria,bacteroidota,chitinophagia,chitinophagales,chitinophagaceae,segetibacter,segetibacter koreensis
Zotu3454,0.0,0.035638,0.0,0.0,0.0,0.0,0.0,0.0,bacteria,acidobacteriota,vicinamibacteria,vicinamibacterales,vicinamibacteraceae,luteitalea,luteitalea pratensis
Zotu3455,0.0,0.0,0.003173,0.0,0.003245,0.180883,0.0,0.0,bacteria,chloroflexota,chloroflexia,herpetosiphonales,herpetosiphonaceae,herpetosiphon,herpetosiphon gulosus
Zotu3456,0.0,0.0,0.003173,0.0,0.0,0.0,0.0,0.0,bacteria,actinomycetota,acidimicrobiia,acidimicrobiales,acidimicrobiaceae,aciditerrimonas,aciditerrimonas ferrireducens
Zotu3457,0.0,0.0,0.0,0.003074,0.0,0.0,0.00314,0.0,bacteria,gemmatimonadota,longimicrobiia,longimicrobiales,longimicrobiaceae,longimicrobium,longimicrobium terrae
Zotu3458,0.0,0.00324,0.0,0.0,0.0,0.0,0.0,0.0,bacteria,pseudomonadota,deltaproteobacteria,myxococcales,polyangiaceae,sorangium,sorangium cellulosum
Zotu3459,0.043427,0.042118,0.0,0.0,0.0,0.050774,0.0,0.0,bacteria,planctomycetota,planctomycetia,gemmatales,gemmataceae,fimbriiglobus,fimbriiglobus ruber
Zotu3460,0.0,0.0,0.0,0.0,0.0,0.0,0.0,0.0,bacteria,verrucomicrobiota,verrucomicrobiae,limisphaerales,fontisphaeraceae,fontisphaera,fontisphaera persica
Zotu3462,0.0,0.0,0.0,0.0,0.0,0.0,0.0,0.00314,bacteria,actinomycetota,actinomycetes,micrococcales,brevibacteriaceae,brevibacterium,brevibacterium casei
Zotu3463,0.0,0.0,0.003173,0.0,0.0,0.0,0.0,0.0,bacteria,bacillota,clostridia,eubacteriales,symbiobacteriaceae,symbiobacterium,symbiobacterium terraclitae
Zotu3464,0.0,0.0,0.0,0.0,0.0,0.0,0.0,0.0,bacteria,gemmatimonadota,gemmatimonadetes,gemmatimonadales,gemmatimonadaceae,roseisolibacter,roseisolibacter agri
Zotu3465,0.0,0.0,0.0,0.0,0.0,0.0,0.0,0.0,bacteria,actinomycetota,acidimicrobiia,acidimicrobiales,iamiaceae,actinomarinicola,actinomarinicola tropica
Zotu3466,0.0,0.0,0.003173,0.0,0.0,0.0,0.0,0.0,bacteria,chloroflexota,caldilineae,caldilineales,caldilineaceae,caldilinea,caldilinea aerophila
Zotu3467,0.003341,0.0,0.0,0.0,0.032455,0.15867,0.009419,0.00314,bacteria,actinomycetota,thermoleophilia,solirubrobacterales,solirubrobacteraceae,solirubrobacter,solirubrobacter phytolaccae
Zotu3468,0.0,0.022679,0.0,0.003074,0.0,0.003173,0.0,0.0,bacteria,acidobacteriota,thermoanaerobaculia,thermoanaerobaculales,thermoanaerobaculaceae,thermoanaerobaculum,thermoanaerobaculum aquaticum
Zotu3469,0.193753,0.0,0.0,0.0,0.0,0.0,0.0,0.0,archaea,methanobacteriota,methanomicrobia,methanosarcinales,methanosarcinaceae,methanomethylovorans,methanomethylovorans hollandica
Zotu3470,0.033406,0.019439,0.003173,0.0,0.074646,0.0,0.053372,0.018841,bacteria,actinomycetota,rubrobacteria,gaiellales,gaiellaceae,gaiella,gaiella occulta
Zotu3471,0.0,0.0,0.0,0.0,0.0,0.0,0.0,0.0,bacteria,planctomycetota,planctomycetia,pirellulales,pirellulaceae,blastopirellula,blastopirellula marina
Zotu3472,0.0,0.00324,0.0,0.0,0.0,0.0,0.0,0.021981,bacteria,myxococcota,myxococcia,myxococcales,archangiaceae,archangium,archangium gephyra
Zotu3473,0.003341,0.058317,0.0,0.0,0.0,0.0,0.0,0.0,bacteria,actinomycetota,acidimicrobiia,acidimicrobiales,acidimicrobiaceae,aciditerrimonas,aciditerrimonas ferrireducens
Zotu3474,0.053449,0.106914,0.0,0.0,0.0,0.0,0.0,0.0,bacteria,chloroflexota,anaerolineae,anaerolineales,anaerolineaceae,longilinea,longilinea arvoryzae
Zotu3475,0.003341,0.0,0.0,0.003074,0.071401,0.031734,0.106744,0.00628,bacteria,actinomycetota,acidimicrobiia,acidimicrobiales,acidimicrobiaceae,aciditerrimonas,aciditerrimonas ferrireducens
Zotu3476,0.0,0.0,0.0,0.0,0.0,0.0,0.0,0.0,bacteria,bacteroidota,cytophagia,cytophagales,hymenobacteraceae,nibribacter,nibribacter koreensis
Zotu3477,0.0,0.0,0.0,0.0,0.0,0.0,0.0,0.0,bacteria,bacteroidota,cytophagia,cytophagales,hymenobacteraceae,pontibacter,pontibacter salisaro
Zotu3478,0.006681,0.0,0.0,0.0,0.0,0.0,0.0,0.0,bacteria,myxococcota,myxococcota,polyangiales,polyangiaceae,byssovorax,byssovorax cruenta
Zotu3479,0.0,0.0,0.0,0.0,0.0,0.0,0.0,0.00314,bacteria,verrucomicrobiota,verrucomicrobiae,verrucomicrobiales,verrucomicrobiaceae,phragmitibacter,phragmitibacter flavus
Zotu3480,0.003341,0.0,0.0,0.0,0.0,0.003173,0.0,0.00628,bacteria,gemmatimonadota,gemmatimonadetes,gemmatimonadales,gemmatimonadaceae,roseisolibacter,roseisolibacter agri
Zotu3481,0.003341,0.0,0.0,0.006148,0.003245,0.003173,0.050232,0.0,bacteria,chloroflexota,chloroflexia,herpetosiphonales,herpetosiphonaceae,herpetosiphon,herpetosiphon aurantiacus
Zotu3482,0.0,0.0,0.0,0.0,0.0,0.0,0.0,0.0,bacteria,bacteroidota,chitinophagia,chitinophagales,chitinophagaceae,segetibacter,segetibacter aerophilus
Zotu3483,0.0,0.0,0.0,0.003074,0.0,0.0,0.0,0.00314,bacteria,bacillota,clostridia,eubacteriales,desulfitobacteriaceae,desulfosporosinus,desulfosporosinus meridiei
Zotu3484,0.0,0.0,0.0,0.0,0.0,0.0,0.0,0.0,bacteria,bacillota,bacilli,bacillales,paenibacillaceae,paenibacillus,paenibacillus albiflavus
Zotu3485,0.0,0.0,0.0,0.0,0.0,0.031734,0.0,0.0,bacteria,chloroflexota,caldilineae,caldilineales,caldilineaceae,litorilinea,litorilinea aerophila
Zotu3486,0.0,0.0,0.0,0.0,0.0,0.0,0.0,0.0,bacteria,verrucomicrobiota,verrucomicrobiae,verrucomicrobiales,verrucomicrobia subdivision 3,pedosphaera,pedosphaera parvula
Zotu3487,0.0,0.00648,0.0,0.0,0.0,0.0,0.13186,0.0,bacteria,chloroflexota,chloroflexia,chloroflexales,chloroflexaceae,chloroflexus,chloroflexus aurantiacus
Zotu3488,0.003341,0.0,0.0,0.0,0.0,0.0,0.0,0.00314,bacteria,actinomycetota,actinomycetia,micrococcales,microbacteriaceae,microbacterium,microbacterium aurum
Zotu3489,0.0,0.0,0.0,0.0,0.0,0.0,0.0,0.0,bacteria,actinomycetota,acidimicrobiia,acidimicrobiales,acidimicrobiaceae,aciditerrimonas,aciditerrimonas ferrireducens
Zotu3490,0.0,0.0,0.0,0.0,0.0,0.0,0.0,0.0,bacteria,verrucomicrobiota,verrucomicrobiae,verrucomicrobiales,verrucomicrobia subdivision 3,pedosphaera,pedosphaera parvula
Zotu3491,0.0,0.0,0.0,0.0,0.0,0.0,0.018837,0.0,bacteria,gemmatimonadota,longimicrobiia,longimicrobiales,longimicrobiaceae,longimicrobium,longimicrobium terrae
Zotu3492,0.0,0.0,0.0,0.0,0.0,0.0,0.0,0.0,bacteria,bacteroidota,cytophagia,cytophagales,hymenobacteraceae,rufibacter,rufibacter roseus
Zotu3493,0.0,0.0,0.0,0.0,0.0,0.0,0.0,0.0,bacteria,bacillota,clostridia,eubacteriales,symbiobacteriaceae,symbiobacterium,symbiobacterium terraclitae
Zotu3494,0.0,0.0,0.0,0.0,0.0,0.0,0.00314,0.0,bacteria,bacillota,bacilli,bacillales,paenibacillaceae,paenibacillus,paenibacillus aestuarii
Zotu3495,0.0,0.0,0.0,0.0,0.0,0.0,0.0,0.0,bacteria,actinomycetota,rubrobacteria,rubrobacterales,rubrobacteraceae,rubrobacter,rubrobacter tropicus
Zotu3496,0.0,0.0,0.0,0.0,0.0,0.0,0.00314,0.00314,bacteria,actinomycetota,thermoleophilia,solirubrobacterales,parviterribacteraceae,parviterribacter,parviterribacter kavangonensis
Zotu3497,0.0,0.00324,0.0,0.0,0.0,0.00952,0.122441,0.050243,bacteria,actinomycetota,acidimicrobiia,acidimicrobiales,iamiaceae,iamia,iamia majanohamensis
Zotu3498,0.0,0.0,0.0,0.0,0.0,0.0,0.0,0.0,bacteria,bacillota,clostridia,eubacteriales,symbiobacteriaceae,symbiobacterium,symbiobacterium terraclitae
Zotu3499,0.0,0.0,0.0,0.0,0.0,0.0,0.0,0.0,bacteria,verrucomicrobiota,verrucomicrobiae,verrucomicrobiales,verrucomicrobia subdivision 3,pedosphaera,pedosphaera parvula
Zotu3500,0.0,0.0,0.0,0.0,0.0,0.0,0.0,0.00314,bacteria,pseudomonadota,alphaproteobacteria,caulobacterales,caulobacteraceae,caulobacter,caulobacter mirabilis
Zotu3501,0.0,0.0,0.0,0.0,0.0,0.0,0.0,0.0,bacteria,pseudomonadota,alphaproteobacteria,caulobacterales,caulobacteraceae,phenylobacterium,phenylobacterium hankyongense
Zotu3502,0.003341,0.0,0.0,0.0,0.003245,0.0,0.0,0.0,bacteria,pseudomonadota,deltaproteobacteria,myxococcales,kofleriaceae,haliangium,haliangium ochraceum
Zotu3503,0.0,0.0,0.0,0.0,0.0,0.0,0.00314,0.094206,bacteria,bacteroidota,chitinophagia,chitinophagales,chitinophagaceae,lacibacter,lacibacter cauensis
Zotu3504,0.0,0.0,0.0,0.0,0.0,0.0,0.0,0.0,bacteria,bacteroidota,chitinophagia,chitinophagales,chitinophagaceae,flavisolibacter,flavisolibacter ginsengiterrae
Zotu3505,0.0,0.0,0.0,0.0,0.0,0.0,0.0,0.0,bacteria,bacteroidota,sphingobacteriia,sphingobacteriales,sphingobacteriaceae,pedobacter,pedobacter africanus
Zotu3506,0.0,0.0,0.003173,0.0,0.0,0.0,0.0,0.0,bacteria,actinomycetota,rubrobacteria,rubrobacterales,rubrobacteraceae,rubrobacter,rubrobacter taiwanensis
Zotu3507,0.0,0.0,0.0,0.0,0.0,0.0,0.0,0.0,bacteria,planctomycetota,planctomycetia,pirellulales,pirellulaceae,candidatus anammoximicrobium,candidatus anammoximicrobium moscowii
Zotu3508,0.0,0.0,0.0,0.0,0.0,0.0,0.0,0.0,bacteria,actinomycetota,acidimicrobiia,acidimicrobiales,iamiaceae,actinomarinicola,actinomarinicola tropica
Zotu3509,0.0,0.0,0.0,0.0,0.0,0.003173,0.0,0.0,bacteria,chloroflexota,chloroflexia,kallotenuales,kallotenuaceae,kallotenue,kallotenue papyrolyticum
Zotu3510,0.0,0.0,0.0,0.0,0.0,0.0,0.0,0.0,bacteria,actinomycetota,thermoleophilia,solirubrobacterales,conexibacteraceae,conexibacter,conexibacter arvalis
Zotu3511,0.0,0.0,0.003173,0.0,0.0,0.006347,0.0,0.00314,bacteria,bacillota,clostridia,eubacteriales,syntrophomonadaceae,syntrophomonas,syntrophomonas zehnderi
Zotu3512,0.0,0.0,0.0,0.0,0.0,0.0,0.0,0.0,bacteria,gemmatimonadota,gemmatimonadetes,gemmatimonadales,gemmatimonadaceae,gemmatimonas,gemmatimonas phototrophica
Zotu3513,0.0,0.0,0.0,0.0,0.0,0.0,0.0,0.0,bacteria,bacteroidota,chitinophagia,chitinophagales,chitinophagaceae,flavisolibacter,flavisolibacter carri
Zotu3514,0.0,0.00324,0.0,0.0,0.0,0.034907,0.059651,0.0,bacteria,actinomycetota,acidimicrobiia,acidimicrobiales,acidimicrobiaceae,aciditerrimonas,aciditerrimonas ferrireducens
Zotu3515,0.003341,0.029158,0.0,0.0,0.003245,0.0,0.00314,0.0,bacteria,acidobacteriota,vicinamibacteria,vicinamibacterales,vicinamibacteraceae,vicinamibacter,vicinamibacter silvestris
Zotu3516,0.0,0.0,0.0,0.0,0.0,0.0,0.0,0.0,bacteria,bacteroidota,bacteroidia,bacteroidales,dysgonomonadaceae,proteiniphilum,proteiniphilum acetatigenes
Zotu3517,0.0,0.0,0.0,0.0,0.0,0.0,0.0,0.0,bacteria,rhodothermota,rhodothermia,rhodothermales,rhodothermaceae,rhodocaloribacter,rhodocaloribacter litoris
Zotu3518,0.0,0.0,0.0,0.0,0.0,0.0,0.0,0.0,bacteria,bacillota,clostridia,eubacteriales,symbiobacteriaceae,symbiobacterium,symbiobacterium terraclitae
Zotu3519,0.0,0.025918,0.019037,0.0,0.0,0.0,0.0,0.0,bacteria,verrucomicrobiota,verrucomicrobiae,limisphaerales,fontisphaeraceae,fontisphaera,fontisphaera persica
Zotu3520,0.003341,0.0,0.0,0.003074,0.0,0.0,0.0,0.00314,bacteria,bacillota,bacilli,bacillales,bacillaceae,bacillus,bacillus niabensis
Zotu3521,0.010022,0.0,0.0,0.0,0.0,0.0,0.0,0.0,bacteria,chloroflexota,chloroflexota,chloroflexota,chloroflexota,thermobaculum,thermobaculum terrenum
Zotu3522,0.050109,0.097194,0.006346,0.0,0.0,0.057121,0.00314,0.0,bacteria,bacillota,clostridia,thermosediminibacterales,thermosediminibacteraceae,fervidicola,fervidicola ferrireducens
Zotu3523,0.0,0.0,0.003173,0.0,0.0,0.0,0.0,0.0,bacteria,actinomycetota,acidimicrobiia,acidimicrobiales,iamiaceae,actinomarinicola,actinomarinicola tropica
Zotu3524,0.0,0.0,0.0,0.0,0.0,0.0,0.0,0.0,bacteria,thermodesulfobacteriota,desulfuromonadia,desulfuromonadales,geothermobacteraceae,geothermobacter,geothermobacter hydrogeniphilus
Zotu3525,0.003341,0.0,0.0,0.0,0.0,0.0,0.0,0.0,bacteria,bacteroidota,cytophagia,cytophagales,hymenobacteraceae,pontibacter,pontibacter chitinilyticus
Zotu3526,0.0,0.0,0.0,0.0,0.0,0.0,0.0,0.050243,archaea,nitrososphaerota,nitrososphaeria,nitrososphaerales,nitrososphaeraceae,candidatus nitrososphaera,candidatus nitrososphaera
Zotu3527,0.0,0.0,0.0,0.0,0.0,0.0,0.0,0.0,bacteria,chloroflexota,chloroflexia,herpetosiphonales,herpetosiphonaceae,herpetosiphon,herpetosiphon aurantiacus
Zotu3528,0.0,0.0,0.0,0.0,0.0,0.0,0.00314,0.0,bacteria,pseudomonadota,alphaproteobacteria,hyphomicrobiales,phyllobacteriaceae,mesorhizobium,mesorhizobium plurifarium
Zotu3529,0.0,0.0,0.0,0.0,0.0,0.0,0.0,0.0,bacteria,bacteroidota,cytophagia,cytophagales,hymenobacteraceae,nibribacter,nibribacter koreensis
Zotu3531,0.0,0.0,0.0,0.0,0.003245,0.0,0.0,0.047103,bacteria,gemmatimonadota,longimicrobiia,longimicrobiales,longimicrobiaceae,longimicrobium,longimicrobium terrae
Zotu3532,0.086855,0.0,0.0,0.0,0.0,0.0,0.0,0.0,bacteria,acidobacteriota,vicinamibacteria,vicinamibacterales,vicinamibacteraceae,vicinamibacter,vicinamibacter silvestris
Zotu3533,0.05679,0.00648,0.0,0.003074,0.009736,0.0,0.00314,0.0,bacteria,acidobacteriota,vicinamibacteria,vicinamibacterales,vicinamibacteraceae,luteitalea,luteitalea pratensis
Zotu3534,0.0,0.0,0.0,0.0,0.0,0.0,0.0,0.0,bacteria,planctomycetota,phycisphaerae,tepidisphaerales,tepidisphaeraceae,tepidisphaera,tepidisphaera mucosa
Zotu3535,0.0,0.0,0.0,0.0,0.0,0.0,0.0,0.0,bacteria,actinomycetota,thermoleophilia,solirubrobacterales,solirubrobacteraceae,solirubrobacter,solirubrobacter phytolaccae
Zotu3537,0.0,0.0,0.0,0.0,0.0,0.0,0.0,0.0,bacteria,planctomycetota,planctomycetia,isosphaerales,isosphaeraceae,tautonia,tautonia sociabilis
Zotu3538,0.016703,0.00324,0.025383,0.0,0.12982,0.006347,0.037674,0.00314,bacteria,actinomycetota,thermoleophilia,solirubrobacterales,solirubrobacteraceae,solirubrobacter,solirubrobacter phytolaccae
Zotu3539,0.0,0.0,0.0,0.0,0.0,0.0,0.0,0.0,bacteria,pseudomonadota,gammaproteobacteria,moraxellales,moraxellaceae,alkanindiges,alkanindiges hongkongensis
Zotu3540,0.040087,0.022679,0.0,0.0,0.0,0.0,0.00314,0.0,bacteria,verrucomicrobiota,verrucomicrobiae,verrucomicrobiales,verrucomicrobia subdivision 3,pedosphaera,pedosphaera parvula
Zotu3541,0.003341,0.0,0.0,0.0,0.0,0.0,0.0,0.0,bacteria,pseudomonadota,alphaproteobacteria,hyphomicrobiales,rhizobiaceae,agrobacterium,rhizobium radiobacter
Zotu3542,0.003341,0.113393,0.050766,0.006148,0.016227,0.025387,0.0,0.0,bacteria,gemmatimonadota,gemmatimonadetes,gemmatimonadales,gemmatimonadaceae,roseisolibacter,roseisolibacter agri
Zotu3543,0.010022,0.038878,0.025383,0.0,0.0,0.0,0.006279,0.0,bacteria,actinomycetota,rubrobacteria,rubrobacterales,rubrobacteraceae,rubrobacter,rubrobacter naiadicus
Zotu3544,0.0,0.0,0.0,0.0,0.0,0.145976,0.043953,0.0,archaea,methanobacteriota,methanobacteria,methanobacteriales,methanobacteriaceae,methanobacterium,methanobacterium formicicum
Zotu3545,0.0,0.0,0.0,0.0,0.0,0.0,0.0,0.0,bacteria,gemmatimonadota,longimicrobiia,longimicrobiales,longimicrobiaceae,longimicrobium,longimicrobium terrae
Zotu3546,0.010022,0.00324,0.04442,0.003074,0.032455,0.088855,0.050232,0.0,bacteria,pseudomonadota,betaproteobacteria,burkholderiales,burkholderiaceae,caballeronia,caballeronia glathei
Zotu3547,0.003341,0.009719,0.031729,0.0,0.0,0.003173,0.00314,0.00314,bacteria,actinomycetota,rubrobacteria,rubrobacterales,rubrobacteraceae,rubrobacter,rubrobacter naiadicus
Zotu3548,0.0,0.0,0.0,0.0,0.003245,0.003173,0.0,0.00314,bacteria,bacteroidota,chitinophagia,chitinophagales,chitinophagaceae,flavisolibacter,flavisolibacter galbus
Zotu3549,0.093536,0.0,0.126916,0.0,0.0,0.0,0.0,0.0,bacteria,planctomycetota,phycisphaerae,tepidisphaerales,tepidisphaeraceae,tepidisphaera,tepidisphaera mucosa
Zotu3550,0.0,0.0,0.0,0.107596,0.0,0.0,0.0,0.0,bacteria,actinomycetota,rubrobacteria,rubrobacterales,rubrobacteraceae,rubrobacter,rubrobacter xylanophilus
Zotu3551,0.0,0.0,0.0,0.0,0.0,0.0,0.141278,0.00314,bacteria,chloroflexota,chloroflexia,chloroflexales,oscillochloridaceae,oscillochloris,oscillochloris trichoides
Zotu3552,0.0,0.0,0.0,0.122967,0.0,0.0,0.0,0.0,bacteria,gemmatimonadota,gemmatimonadetes,gemmatimonadales,gemmatimonadaceae,gemmatimonas,gemmatimonas aurantiaca
Zotu3553,0.013362,0.064796,0.034902,0.0,0.0,0.0,0.0,0.0,bacteria,thermomicrobiota,thermomicrobia,sphaerobacterales,sphaerobacteraceae,sphaerobacter,sphaerobacter thermophilus
Zotu3554,0.0,0.0,0.0,0.0,0.0,0.0,0.0,0.0,bacteria,pseudomonadota,alphaproteobacteria,rhodospirillales,acetobacteraceae,paeniroseomonas,paeniroseomonas fluminis
Zotu3555,0.033406,0.016199,0.0,0.0,0.048682,0.0,0.0,0.0,bacteria,gemmatimonadota,longimicrobiia,longimicrobiales,longimicrobiaceae,longimicrobium,longimicrobium terrae
Zotu3556,0.0,0.0,0.0,0.0,0.0,0.0,0.0,0.0,bacteria,actinomycetota,actinomycetes,propionibacteriales,nocardioidaceae,nocardioides,nocardioides lianchengensis
Zotu3557,0.010022,0.009719,0.0,0.0,0.003245,0.003173,0.00314,0.00628,bacteria,bacillota,clostridia,eubacteriales,clostridiales family xvii. incertae sedis,thermaerobacter,thermaerobacter subterraneus
Zotu3558,0.0,0.0,0.0,0.0,0.0,0.0,0.0,0.0,bacteria,pseudomonadota,betaproteobacteria,nitrosomonadales,methylophilaceae,novimethylophilus,novimethylophilus kurashikiensis
Zotu3559,0.043427,0.077755,0.0,0.0,0.006491,0.003173,0.0,0.0,bacteria,acidobacteriota,vicinamibacteria,vicinamibacterales,vicinamibacteraceae,luteitalea,luteitalea pratensis
Zotu3560,0.0,0.0,0.0,0.0,0.0,0.0,0.0,0.0,bacteria,thermomicrobiota,thermomicrobia,sphaerobacterales,sphaerobacteraceae,sphaerobacter,sphaerobacter thermophilus
Zotu3561,0.013362,0.038878,0.0,0.0,0.0,0.0,0.0,0.0,bacteria,gemmatimonadota,gemmatimonadetes,gemmatimonadales,gemmatimonadaceae,roseisolibacter,roseisolibacter agri
Zotu3562,0.0,0.0,0.0,0.0,0.0,0.0,0.0,0.0,bacteria,bacillota,clostridia,eubacteriales,peptococcaceae,desulforamulus,desulforamulus ferrireducens
Zotu3563,0.023384,0.009719,0.066631,0.0,0.0,0.041254,0.018837,0.0,bacteria,actinomycetota,actinomycetes,kitasatosporales,streptomycetaceae,streptomyces,streptomyces thermovulgaris
Zotu3564,0.0,0.0,0.0,0.0,0.0,0.003173,0.0,0.00314,bacteria,verrucomicrobiota,verrucomicrobiae,verrucomicrobiales,verrucomicrobia subdivision 3,pedosphaera,pedosphaera parvula
Zotu3565,0.126942,0.032398,0.082495,0.003074,0.081137,0.0,0.006279,0.00314,archaea,methanobacteriota,thermoplasmata,methanomassiliicoccales,methanomassiliicoccaceae,methanomassiliicoccus,candidatus methanomassiliicoccus intestinalis
Zotu3566,0.003341,0.0,0.0,0.003074,0.061664,0.0,0.100465,0.0,bacteria,pseudomonadota,alphaproteobacteria,rhodospirillales,acetobacteraceae,caldovatus,caldovatus sediminis
Zotu3567,0.0,0.0,0.0,0.0,0.0,0.0,0.0,0.0,bacteria,pseudomonadota,alphaproteobacteria,hyphomicrobiales,afifellaceae,afifella,afifella pfennigii
Zotu3568,0.0,0.0,0.0,0.0,0.0,0.0,0.0,0.0,bacteria,planctomycetota,phycisphaerae,tepidisphaerales,tepidisphaeraceae,tepidisphaera,tepidisphaera mucosa
Zotu3569,0.0,0.0,0.0,0.0,0.0,0.0,0.0,0.0,bacteria,bacteroidota,cytophagia,cytophagales,fulvivirgaceae,ohtaekwangia,ohtaekwangia koreensis
Zotu3570,0.123601,0.0,0.0,0.0,0.0,0.0,0.0,0.0,bacteria,verrucomicrobiota,verrucomicrobiae,verrucomicrobiales,verrucomicrobia subdivision 3,pedosphaera,pedosphaera parvula
Zotu3571,0.003341,0.022679,0.006346,0.138338,0.006491,0.003173,0.0,0.00628,bacteria,actinomycetota,thermoleophilia,solirubrobacterales,conexibacteraceae,conexibacter,conexibacter stalactiti
Zotu3572,0.0,0.0,0.0,0.0,0.0,0.0,0.0,0.00314,bacteria,pseudomonadota,gammaproteobacteria,gammaproteobacteria,gammaproteobacteria,acidibacter,acidibacter ferrireducens
Zotu3573,0.0,0.0,0.0,0.0,0.0,0.0,0.0,0.0,bacteria,planctomycetota,phycisphaerae,tepidisphaerales,tepidisphaeraceae,tepidisphaera,tepidisphaera mucosa
Zotu3574,0.0,0.0,0.0,0.0,0.003245,0.0,0.0,0.00314,bacteria,chloroflexota,chloroflexia,kallotenuales,kallotenuaceae,kallotenue,kallotenue papyrolyticum
Zotu3575,0.0,0.0,0.0,0.0,0.0,0.0,0.0,0.0,bacteria,bacteroidota,chitinophagia,chitinophagales,chitinophagaceae,flavisolibacter,flavisolibacter ginsengiterrae
Zotu3576,0.0,0.0,0.0,0.0,0.0,0.0,0.0,0.0,bacteria,pseudomonadota,alphaproteobacteria,sphingomonadales,sphingomonadaceae,sphingomonas,sphingomonas dokdonensis
Zotu3577,0.0,0.0,0.0,0.070706,0.045437,0.0,0.0,0.00314,bacteria,gemmatimonadota,gemmatimonadetes,gemmatimonadales,gemmatimonadaceae,roseisolibacter,roseisolibacter agri
Zotu3578,0.0,0.0,0.0,0.0,0.0,0.0,0.0,0.0,bacteria,planctomycetota,phycisphaerae,tepidisphaerales,tepidisphaeraceae,tepidisphaera,tepidisphaera mucosa
Zotu3579,0.0,0.0,0.0,0.0,0.0,0.0,0.0,0.0,bacteria,bacteroidota,bacteroidia,bacteroidales,paludibacteraceae,paludibacter,paludibacter propionicigenes
Zotu3580,0.0,0.0,0.0,0.0,0.0,0.0,0.0,0.0,bacteria,bacteroidota,flavobacteriia,flavobacteriales,flavobacteriaceae,salinimicrobium,salinimicrobium sediminis
Zotu3582,0.003341,0.0,0.0,0.0,0.003245,0.044428,0.257441,0.0,archaea,methanobacteriota,thermoplasmata,methanomassiliicoccales,methanomassiliicoccaceae,candidatus methanogranum,thermoplasmata archaeon kjm51a
Zotu3583,0.0,0.213828,0.0,0.0,0.0,0.003173,0.0,0.00314,bacteria,pseudomonadota,gammaproteobacteria,thiotrichales,thiotrichaceae,candidatus allobeggiato,candidatus allobeggiatoa halophila
Zotu3584,0.0,0.00324,0.003173,0.0,0.0,0.0,0.0,0.0,bacteria,bacteroidota,cytophagia,cytophagales,hymenobacteraceae,sabulibacter,sabulibacter ruber
Zotu3585,0.0,0.0,0.0,0.0,0.0,0.0,0.0,0.00314,bacteria,verrucomicrobiota,opitutae,opitutales,opitutaceae,horticoccus,horticoccus luteus
Zotu3587,0.0,0.0,0.0,0.0,0.0,0.0,0.0,0.0,bacteria,acidobacteriota,vicinamibacteria,vicinamibacterales,vicinamibacteraceae,luteitalea,luteitalea pratensis
Zotu3589,0.0,0.00324,0.0,0.0,0.0,0.0,0.0,0.0,bacteria,chloroflexota,thermomicrobia,sphaerobacterales,sphaerobacteraceae,sphaerobacter,sphaerobacter thermophilus
Zotu3590,0.0,0.0,0.0,0.0,0.0,0.0,0.0,0.0,bacteria,actinomycetota,rubrobacteria,gaiellales,gaiellaceae,gaiella,gaiella occulta
Zotu3591,0.003341,0.0,0.0,0.0,0.162274,0.0,0.084767,0.025122,bacteria,verrucomicrobiota,verrucomicrobiae,limisphaerales,limisphaeraceae,limisphaera,limisphaera ngatamarikiensis
Zotu3592,0.0,0.0,0.0,0.0,0.0,0.0,0.00314,0.0,bacteria,actinomycetota,thermoleophilia,thermoleophilales,thermoleophilaceae,thermoleophilum,thermoleophilum album
Zotu3593,0.0,0.0,0.0,0.0,0.003245,0.0,0.00314,0.00314,bacteria,verrucomicrobiota,opitutae,opitutales,opitutaceae,horticoccus,horticoccus luteus
Zotu3594,0.0,0.0,0.0,0.0,0.0,0.0,0.0,0.0,bacteria,actinomycetota,actinomycetes,micrococcales,promicromonosporaceae,promicromonospora,promicromonospora soli
Zotu3595,0.0,0.0,0.0,0.0,0.0,0.0,0.0,0.0,bacteria,actinomycetota,actinomycetes,micrococcales,microbacteriaceae,diaminobutyricibacter,diaminobutyricibacter tongyongensis
Zotu3596,0.0,0.0,0.0,0.0,0.0,0.0,0.0,0.0,bacteria,pseudomonadota,alphaproteobacteria,sphingomonadales,sphingomonadaceae,sphingopyxis,sphingopyxis macrogoltabida
Zotu3598,0.0,0.0,0.0,0.0,0.0,0.0,0.0,0.0,bacteria,actinomycetota,thermoleophilia,solirubrobacterales,baekduiaceae,baekduia,baekduia soli
Zotu3599,0.0,0.00324,0.0,0.0,0.120083,0.0,0.0,0.00314,bacteria,planctomycetota,phycisphaerae,phycisphaerales,phycisphaeraceae,mucisphaera,mucisphaera calidilacus
Zotu3600,0.0,0.0,0.003173,0.0,0.0,0.0,0.0,0.0,bacteria,actinomycetota,actinomycetes,geodermatophilales,geodermatophilaceae,geodermatophilus,geodermatophilus obscurus
Zotu3601,0.120261,0.17819,0.272869,0.003074,0.0,0.0,0.006279,0.00314,bacteria,bacillota,bacilli,bacillales,bacillaceae,bacillus,bacillus suaedae
Zotu3602,0.0,0.0,0.0,0.0,0.0,0.0,0.0,0.0,bacteria,pseudomonadota,gammaproteobacteria,nevskiales,nevskiaceae,panacagrimonas,panacagrimonas perspica
Zotu3603,0.0,0.0,0.0,0.0,0.0,0.0,0.0,0.0,bacteria,planctomycetota,planctomycetia,gemmatales,gemmataceae,fimbriiglobus,fimbriiglobus ruber
Zotu3604,0.0,0.0,0.0,0.0,0.0,0.0,0.0,0.0,bacteria,bacteroidota,chitinophagia,chitinophagales,chitinophagaceae,segetibacter,segetibacter aerophilus
Zotu3605,0.066811,0.0,0.0,0.0,0.003245,0.0,0.0,0.0,bacteria,acidobacteriota,terriglobia,terriglobales,acidobacteriaceae,edaphobacter,edaphobacter aggregans
Zotu3606,0.143645,0.032398,0.0,0.0,0.0,0.003173,0.0,0.0,archaea,methanobacteriota,thermococci,thermococcales,thermococcaceae,thermococcus,thermococcus gorgonarius
Zotu3607,0.0,0.0,0.0,0.0,0.0,0.0,0.0,0.0,bacteria,thermodesulfobacteriota,syntrophobacteria,syntrophobacterales,syntrophobacteraceae,desulfoglaeba,desulfoglaeba alkanexedens
Zotu3608,0.0,0.055077,0.0,0.0,0.090874,0.0,0.00314,0.0,bacteria,pseudomonadota,alphaproteobacteria,rhodospirillales,acetobacteraceae,plastoroseomonas,plastoroseomonas hellenica
Zotu3609,0.0,0.0,0.0,0.0,0.0,0.0,0.0,0.0,bacteria,pseudomonadota,gammaproteobacteria,chromatiales,ectothiorhodospiraceae,thiohalomonas,thiohalomonas denitrificans
Zotu3610,0.0,0.0,0.003173,0.0,0.0,0.0,0.0,0.0,bacteria,actinomycetota,actinomycetes,frankiales,frankiaceae,parafrankia,parafrankia discariae
Zotu3611,0.0,0.0,0.0,0.0,0.038946,0.003173,0.0,0.0,bacteria,gemmatimonadota,gemmatimonadetes,gemmatimonadales,gemmatimonadaceae,roseisolibacter,roseisolibacter agri
Zotu3612,0.0,0.0,0.0,0.0,0.0,0.063468,0.072209,0.0,bacteria,chloroflexota,chloroflexia,chloroflexales,roseiflexaceae,kouleothrix,kouleothrix aurantiaca
Zotu3613,0.0,0.0,0.006346,0.003074,0.0,0.0,0.091046,0.078505,bacteria,bacteroidota,chitinophagia,chitinophagales,chitinophagaceae,flavisolibacter,flavisolibacter ginsengiterrae
Zotu3614,0.0,0.0,0.0,0.0,0.0,0.0,0.0,0.0,bacteria,planctomycetota,planctomycetia,planctomycetales,planctomycetaceae,calycomorphotria,calycomorphotria hydatis
Zotu3615,0.006681,0.0,0.0,0.003074,0.0,0.0,0.0,0.0,bacteria,actinomycetota,thermoleophilia,solirubrobacterales,baekduiaceae,baekduia,baekduia soli
Zotu3616,0.0,0.00324,0.0,0.0,0.0,0.0,0.040814,0.0,archaea,methanobacteriota,thermoplasmata,methanomassiliicoccales,methanomassiliicoccaceae,methanomassiliicoccus,candidatus methanomassiliicoccus intestinalis
Zotu3617,0.0,0.00324,0.0,0.0,0.0,0.0,0.0,0.0,bacteria,planctomycetota,planctomycetia,pirellulales,pirellulaceae,mariniblastus,mariniblastus fucicola
Zotu3618,0.0,0.0,0.0,0.0,0.0,0.0,0.0,0.0,bacteria,verrucomicrobiota,verrucomicrobiae,verrucomicrobiales,verrucomicrobia subdivision 3,pedosphaera,pedosphaera parvula
Zotu3619,0.0,0.0,0.0,0.0,0.0,0.0,0.0,0.0,bacteria,bacteroidota,sphingobacteriia,sphingobacteriales,sphingobacteriaceae,pedobacter,pedobacter xinjiangensis
Zotu3620,0.0,0.0,0.0,0.0,0.0,0.0,0.0,0.0,bacteria,actinomycetota,thermoleophilia,solirubrobacterales,paraconexibacteraceae,paraconexibacter,paraconexibacter algicola
Zotu3621,0.0,0.0,0.0,0.0,0.022718,0.0,0.0,0.021981,bacteria,acidobacteriota,vicinamibacteria,vicinamibacterales,vicinamibacteraceae,luteitalea,luteitalea pratensis
Zotu3622,0.0,0.0,0.0,0.0,0.0,0.0,0.0,0.0,bacteria,chloroflexota,chloroflexia,kallotenuales,kallotenuaceae,kallotenue,kallotenue papyrolyticum
Zotu3623,0.0,0.055077,0.177682,0.0,0.003245,0.003173,0.0,0.0,archaea,methanobacteriota,thermoplasmata,methanomassiliicoccales,methanomassiliicoccaceae,methanomassiliicoccus,candidatus methanomassiliicoccus intestinalis
Zotu3624,0.0,0.0,0.0,0.0,0.0,0.0,0.0,0.00314,bacteria,actinomycetota,actinomycetes,micrococcales,microbacteriaceae,microbacterium,microbacterium koreense
Zotu3626,0.050109,0.00324,0.0,0.0,0.0,0.123762,0.0,0.0,archaea,methanobacteriota,thermoplasmata,methanomassiliicoccales,methanomassiliicoccaceae,methanomassiliicoccus,candidatus methanomassiliicoccus intestinalis
Zotu3627,0.013362,0.00648,0.009519,0.0,0.029209,0.012694,0.0,0.00314,bacteria,bacillota,bacilli,bacillales,bacillaceae,bacillus,bacillus mojavensis
Zotu3629,0.0,0.0,0.0,0.0,0.0,0.0,0.0,0.0,bacteria,pseudomonadota,alphaproteobacteria,hyphomicrobiales,aurantimonadaceae,antarcticirhabdus,antarcticirhabdus aurantiaca
Zotu3630,0.0,0.0,0.0,0.003074,0.0,0.0,0.0,0.0,bacteria,planctomycetota,phycisphaerae,tepidisphaerales,tepidisphaeraceae,tepidisphaera,tepidisphaera mucosa
Zotu3631,0.0,0.0,0.0,0.003074,0.003245,0.0,0.0,0.0,bacteria,bacteroidota,cytophagia,cytophagales,cytophagaceae,chryseosolibacter,chryseosolibacter histidini
Zotu3632,0.013362,0.022679,0.025383,0.0,0.0,0.0,0.00314,0.0,bacteria,chloroflexota,tepidiformia,tepidiformales,tepidiformaceae,tepidiforma,tepidiforma bonchosmolovskayae
Zotu3633,0.016703,0.035638,0.025383,0.0,0.0,0.006347,0.0,0.0,bacteria,actinomycetota,acidimicrobiia,acidimicrobiales,acidimicrobiaceae,aciditerrimonas,aciditerrimonas ferrireducens
Zotu3634,0.0,0.0,0.0,0.0,0.0,0.0,0.0,0.0,bacteria,bacillota,erysipelotrichia,erysipelotrichales,erysipelotrichaceae,anaerorhabdus,anaerorhabdus furcosa
Zotu3635,0.0,0.0,0.0,0.0,0.006491,0.0,0.0,0.00314,bacteria,verrucomicrobiota,verrucomicrobiae,verrucomicrobiales,verrucomicrobiaceae,luteolibacter,luteolibacter flavescens
Zotu3636,0.003341,0.0,0.003173,0.0,0.0,0.003173,0.006279,0.0,bacteria,bacillota,clostridia,eubacteriales,symbiobacteriaceae,symbiobacterium,symbiobacterium ostreiconchae
Zotu3637,0.0,0.0,0.0,0.003074,0.0,0.0,0.0,0.0,bacteria,actinomycetota,acidimicrobiia,acidimicrobiales,iamiaceae,actinomarinicola,actinomarinicola tropica
Zotu3638,0.003341,0.0,0.0,0.0,0.0,0.003173,0.0,0.0,bacteria,pseudomonadota,alphaproteobacteria,sphingomonadales,erythrobacteraceae,croceibacterium,croceibacterium mercuriale
Zotu3639,0.0,0.0,0.0,0.0,0.0,0.0,0.0,0.0,bacteria,pseudomonadota,alphaproteobacteria,rhodobacterales,roseobacteraceae,rubellimicrobium,rubellimicrobium rubrum
Zotu3640,0.016703,0.019439,0.069804,0.0,0.0,0.003173,0.0,0.00314,bacteria,bacillota,clostridia,natranaerobiales,natranaerobiaceae,natranaerobaculum,natranaerobaculum magadiense
Zotu3641,0.0,0.0,0.0,0.0,0.0,0.0,0.0,0.0,bacteria,pseudomonadota,alphaproteobacteria,hyphomicrobiales,phyllobacteriaceae,mesorhizobium,mesorhizobium waitakense
Zotu3643,0.0,0.0,0.0,0.0,0.0,0.0,0.0,0.0,bacteria,acidobacteriota,vicinamibacteria,vicinamibacterales,vicinamibacteraceae,luteitalea,luteitalea pratensis
Zotu3644,0.123601,0.0,0.0,0.003074,0.0,0.0,0.0,0.0,bacteria,bacillota,bacilli,lactobacillales,lactobacillaceae,lactobacillus,lactobacillus iners
Zotu3645,0.0,0.0,0.0,0.0,0.0,0.0,0.0,0.0,bacteria,verrucomicrobiota,verrucomicrobiae,limisphaerales,fontisphaeraceae,fontisphaera,fontisphaera persica
Zotu3646,0.0,0.0,0.0,0.0,0.0,0.0,0.0,0.0,archaea,methanobacteriota,halobacteria,halobacteriales,halobacteriaceae,halobellus,halobellus limi
Zotu3647,0.0,0.0,0.0,0.0,0.0,0.0,0.0,0.0,bacteria,bacteroidota,chitinophagia,chitinophagales,chitinophagaceae,flavisolibacter,flavisolibacter ginsengiterrae
Zotu3648,0.0,0.0,0.0,0.0,0.0,0.0,0.0,0.0,bacteria,actinomycetota,acidimicrobiia,acidimicrobiales,iamiaceae,actinomarinicola,actinomarinicola tropica
Zotu3649,0.003341,0.019439,0.0,0.003074,0.003245,0.01904,0.0,0.0,bacteria,actinomycetota,rubrobacteria,rubrobacterales,rubrobacteraceae,rubrobacter,rubrobacter naiadicus
Zotu3650,0.003341,0.0,0.0,0.0,0.0,0.00952,0.06279,0.0,bacteria,planctomycetota,phycisphaerae,tepidisphaerales,tepidisphaeraceae,tepidisphaera,tepidisphaera mucosa
Zotu3651,0.0,0.0,0.034902,0.0,0.022718,0.006347,0.0,0.0,bacteria,gemmatimonadota,longimicrobiia,longimicrobiales,longimicrobiaceae,longimicrobium,longimicrobium terrae
Zotu3652,0.010022,0.0,0.0,0.0,0.009736,0.0,0.0,0.0,bacteria,bacillota,clostridia,eubacteriales,symbiobacteriaceae,symbiobacterium,symbiobacterium turbinis
Zotu3653,0.003341,0.0,0.0,0.0,0.003245,0.003173,0.0,0.0,bacteria,pseudomonadota,betaproteobacteria,nitrosomonadales,sterolibacteriaceae,methyloversatilis,methyloversatilis thermotolerans
Zotu3654,0.0,0.0,0.003173,0.0,0.0,0.0,0.0,0.0,bacteria,actinomycetota,thermoleophilia,solirubrobacterales,solirubrobacteraceae,solirubrobacter,solirubrobacter phytolaccae
Zotu3655,0.0,0.0,0.0,0.0,0.0,0.0,0.0,0.00314,bacteria,bacteroidota,cytophagia,cytophagales,flexibacteraceae,flexibacter,flexibacter flexilis
Zotu3656,0.013362,0.158751,0.0,0.0,0.0,0.0,0.00314,0.00314,bacteria,pseudomonadota,gammaproteobacteria,thiotrichales,thiotrichaceae,candidatus allobeggiato,candidatus allobeggiatoa halophila
Zotu3657,0.0,0.00324,0.003173,0.0,0.0,0.0,0.053372,0.062804,bacteria,chloroflexota,chloroflexia,herpetosiphonales,herpetosiphonaceae,herpetosiphon,herpetosiphon aurantiacus
Zotu3658,0.0,0.058317,0.066631,0.0,0.012982,0.028561,0.00314,0.015701,bacteria,acidobacteriota,vicinamibacteria,vicinamibacterales,vicinamibacteraceae,vicinamibacter,vicinamibacter silvestris
Zotu3659,0.0,0.0,0.003173,0.0,0.0,0.0,0.0,0.0,bacteria,thermodesulfobacteriota,desulfuromonadia,geobacterales,geobacteraceae,geobacter,geobacter metallireducens
Zotu3660,0.0,0.0,0.0,0.0,0.055173,0.0,0.025116,0.037683,bacteria,pseudomonadota,alphaproteobacteria,hyphomicrobiales,methylocystaceae,methylocystis,methylocystis hirsuta
Zotu3661,0.086855,0.00324,0.0,0.0,0.0,0.003173,0.00314,0.0,bacteria,planctomycetota,planctomycetia,pirellulales,pirellulaceae,blastopirellula,blastopirellula marina
Zotu3662,0.0,0.0,0.0,0.0,0.0,0.0,0.0,0.0,archaea,methanobacteriota,thermococci,thermococcales,thermococcaceae,palaeococcus,palaeococcus ferrophilus
Zotu3663,0.040087,0.074516,0.019037,0.003074,0.0,0.0,0.0,0.00314,bacteria,acidobacteriota,vicinamibacteria,vicinamibacterales,vicinamibacteraceae,vicinamibacter,vicinamibacter silvestris
Zotu3664,0.066811,0.025918,0.0,0.0,0.0,0.0,0.0,0.0,bacteria,thermodesulfobacteriota,desulfuromonadia,desulfuromonadales,desulfuromonadaceae,desulfuromonas,desulfuromonas carbonis
Zotu3665,0.003341,0.00324,0.0,0.003074,0.0,0.0,0.106744,0.0,bacteria,verrucomicrobiota,verrucomicrobiae,verrucomicrobiales,verrucomicrobia subdivision 3,pedosphaera,pedosphaera parvula
Zotu3666,0.0,0.0,0.0,0.0,0.0,0.0,0.0,0.0,bacteria,bacillota,clostridia,lachnospirales,lachnospiraceae,anaeromicropila,anaeromicropila populeti
Zotu3667,0.0,0.0,0.0,0.0,0.0,0.003173,0.0,0.0,bacteria,pseudomonadota,alphaproteobacteria,rhodospirillales,azospirillaceae,nitrospirillum,azospirillum amazonense
Zotu3668,0.0,0.0,0.003173,0.055335,0.0,0.0,0.0,0.0,archaea,methanobacteriota,halobacteria,halobacteriales,halobacteriaceae,halobacterium,halobacterium bonnevillei
Zotu3669,0.0,0.0,0.0,0.0,0.0,0.0,0.0,0.0,bacteria,candidatus tectomicrobia,candidatus tectomicrobia,candidatus tectomicrobia,candidatus tectomicrobia,candidatus entotheonella,candidatus entotheonella palauensis
Zotu3670,0.003341,0.0,0.0,0.0,0.019473,0.0,0.0,0.012561,bacteria,bacillota,bacilli,bacillales,bacillaceae,bacillus,bacillus krulwichiae
Zotu3671,0.0,0.0,0.003173,0.0,0.0,0.015867,0.0,0.0,bacteria,actinomycetota,rubrobacteria,gaiellales,gaiellaceae,gaiella,gaiella occulta
Zotu3672,0.0,0.022679,0.104705,0.0,0.0,0.0,0.0,0.0,bacteria,verrucomicrobiota,verrucomicrobiae,limisphaerales,limisphaeraceae,limisphaera,limisphaera ngatamarikiensis
Zotu3673,0.0,0.0,0.0,0.0,0.0,0.0,0.0,0.0,bacteria,pseudomonadota,alphaproteobacteria,sphingomonadales,sphingomonadaceae,sphingomonas,sphingomonas panaciterrae
Zotu3674,0.0,0.0,0.0,0.0,0.0,0.0,0.0,0.0,bacteria,bacillota,clostridia,eubacteriales,symbiobacteriaceae,symbiobacterium,symbiobacterium ostreiconchae
Zotu3675,0.0,0.0,0.0,0.0,0.022718,0.003173,0.0,0.0,bacteria,bacillota,bacilli,bacillales,bacillaceae,alkalihalobacillus,alkalihalobacillus pseudalcaliphilus
Zotu3676,0.0,0.0,0.0,0.0,0.0,0.003173,0.00314,0.012561,bacteria,actinomycetota,rubrobacteria,rubrobacterales,rubrobacteraceae,rubrobacter,rubrobacter radiotolerans
Zotu3677,0.0,0.0,0.0,0.0,0.0,0.0,0.0,0.00628,bacteria,pseudomonadota,betaproteobacteria,burkholderiales,oxalobacteraceae,herbaspirillum,herbaspirillum seropedicae
Zotu3678,0.0,0.00324,0.0,0.0,0.0,0.0,0.0,0.0,bacteria,pseudomonadota,alphaproteobacteria,sphingomonadales,sphingomonadaceae,sphingomonas,sphingomonas wittichii
Zotu3679,0.0,0.0,0.0,0.0,0.0,0.0,0.0,0.00314,bacteria,bacillota,bacilli,bacillales,bacillaceae,lysinibacillus,lysinibacillus halotolerans
Zotu3680,0.086855,0.0,0.003173,0.003074,0.0,0.0,0.0,0.0,archaea,methanobacteriota,thermoplasmata,methanomassiliicoccales,methanomassiliicoccaceae,methanomassiliicoccus,candidatus methanomassiliicoccus intestinalis
Zotu3681,0.0,0.0,0.0,0.0,0.0,0.0,0.0,0.0,bacteria,bacteroidota,cytophagia,cytophagales,hymenobacteraceae,adhaeribacter,adhaeribacter arboris
Zotu3682,0.0,0.00324,0.0,0.0,0.0,0.003173,0.0,0.0,bacteria,actinomycetota,actinomycetes,kitasatosporales,streptomycetaceae,yinghuangia,yinghuangia catbensis
Zotu3683,0.0,0.00324,0.0,0.0,0.0,0.0,0.094186,0.031402,bacteria,chloroflexota,chloroflexia,chloroflexales,oscillochloridaceae,oscillochloris,oscillochloris trichoides
Zotu3684,0.0,0.0,0.0,0.0,0.0,0.0,0.06593,0.0,bacteria,pseudomonadota,alphaproteobacteria,hyphomicrobiales,salinarimonadaceae,saliniramus,saliniramus fredricksonii
Zotu3685,0.0,0.0,0.0,0.0,0.0,0.0,0.0,0.0,bacteria,bacteroidota,chitinophagia,chitinophagales,chitinophagaceae,niastella,niastella vici
Zotu3686,0.0,0.0,0.0,0.0,0.006491,0.0,0.006279,0.0,bacteria,gemmatimonadota,longimicrobiia,longimicrobiales,longimicrobiaceae,longimicrobium,longimicrobium terrae
Zotu3687,0.0,0.0,0.0,0.0,0.0,0.0,0.0,0.0,bacteria,actinomycetota,actinomycetes,streptosporangiales,streptosporangiaceae,nonomuraea,nonomuraea soli
Zotu3688,0.0,0.0,0.0,0.0,0.0,0.0,0.0,0.0,bacteria,chloroflexota,anaerolineae,anaerolineales,anaerolineaceae,longilinea,longilinea arvoryzae
Zotu3689,0.126942,0.090715,0.003173,0.0,0.0,0.0,0.00314,0.00314,archaea,methanobacteriota,thermoplasmata,methanomassiliicoccales,methanomassiliicoccaceae,methanomassiliicoccus,candidatus methanomassiliicoccus intestinalis
Zotu3691,0.0,0.0,0.0,0.0,0.0,0.0,0.0,0.0,bacteria,elusimicrobiota,endomicrobia,endomicrobiales,endomicrobiaceae,candidatus endomicrobium,candidatus endomicrobium pyrsonymphae
Zotu3692,0.003341,0.0,0.0,0.0,0.0,0.076161,0.0,0.0,bacteria,bacillota,clostridia,eubacteriales,syntrophomonadaceae,syntrophothermus,syntrophothermus lipocalidus
Zotu3693,0.003341,0.100434,0.123743,0.0,0.003245,0.003173,0.006279,0.0,archaea,methanobacteriota,thermoplasmata,methanomassiliicoccales,methanomassiliicoccaceae,methanomassiliicoccus,candidatus methanomassiliicoccus intestinalis
Zotu3694,0.0,0.0,0.0,0.0,0.0,0.0,0.00314,0.0,bacteria,actinomycetota,rubrobacteria,gaiellales,gaiellaceae,gaiella,gaiella occulta
Zotu3695,0.0,0.0,0.0,0.0,0.0,0.0,0.0,0.0,bacteria,myxococcota,myxococcota,haliangiales,kofleriaceae,haliangium,haliangium ochraceum
Zotu3696,0.0,0.0,0.0,0.0,0.0,0.0,0.0,0.0,bacteria,actinomycetota,acidimicrobiia,acidimicrobiales,acidimicrobiaceae,aciditerrimonas,aciditerrimonas ferrireducens
Zotu3697,0.010022,0.025918,0.117397,0.0,0.0,0.0,0.0,0.0,bacteria,planctomycetota,planctomycetia,gemmatales,gemmataceae,fimbriiglobus,fimbriiglobus ruber
Zotu3698,0.0,0.016199,0.0,0.003074,0.0,0.041254,0.0,0.00628,bacteria,chloroflexota,caldilineae,caldilineales,caldilineaceae,litorilinea,litorilinea aerophila
Zotu3699,0.0,0.00324,0.0,0.0,0.0,0.0,0.0,0.0,bacteria,verrucomicrobiota,verrucomicrobiae,verrucomicrobiales,verrucomicrobiaceae,luteolibacter,luteolibacter flavescens
Zotu3700,0.0,0.0,0.0,0.003074,0.0,0.0,0.0,0.0,bacteria,chloroflexota,anaerolineae,aggregatilineales,aggregatilineaceae,aggregatilinea,aggregatilinea lenta
Zotu3701,0.0,0.0,0.0,0.0,0.0,0.0,0.0,0.0,bacteria,bacteroidota,chitinophagia,chitinophagales,chitinophagaceae,flavisolibacter,flavisolibacter ginsengiterrae
Zotu3702,0.0,0.0,0.0,0.0,0.003245,0.0,0.0,0.0,archaea,methanobacteriota,halobacteria,halobacteriales,halobacteriaceae,haloquadratum,haloquadratum walsbyi
Zotu3703,0.0,0.0,0.0,0.0,0.0,0.0,0.0,0.0,bacteria,pseudomonadota,gammaproteobacteria,oceanospirillales,halomonadaceae,cobetia,cobetia crustatorum
Zotu3704,0.0,0.0,0.0,0.0,0.0,0.0,0.00314,0.0,bacteria,pseudomonadota,alphaproteobacteria,caulobacterales,caulobacteraceae,brevundimonas,brevundimonas alba
Zotu3705,0.0,0.035638,0.069804,0.0,0.0,0.0,0.00314,0.0,bacteria,chloroflexota,chloroflexota,chloroflexota,chloroflexota,thermobaculum,thermobaculum terrenum
Zotu3706,0.17705,0.0,0.0,0.003074,0.003245,0.003173,0.006279,0.0,bacteria,pseudomonadota,deltaproteobacteria,desulfuromonadales,desulfuromonadaceae,pelobacter,pelobacter carbinolicus
Zotu3707,0.0,0.00648,0.0,0.0,0.003245,0.0,0.0,0.00314,bacteria,actinomycetota,thermoleophilia,solirubrobacterales,solirubrobacteraceae,solirubrobacter,solirubrobacter phytolaccae
Zotu3708,0.0,0.0,0.0,0.0,0.0,0.0,0.0,0.0,archaea,nitrososphaerota,nitrososphaeria,nitrososphaerales,nitrososphaeraceae,candidatus nitrososphaera,candidatus nitrososphaera
Zotu3709,0.013362,0.0,0.0,0.162932,0.0,0.0,0.0,0.0,bacteria,actinomycetota,rubrobacteria,rubrobacterales,rubrobacteraceae,rubrobacter,rubrobacter naiadicus
Zotu3710,0.227159,0.0,0.0,0.0,0.0,0.0,0.0,0.0,bacteria,verrucomicrobiota,opitutae,opitutales,opitutaceae,geminisphaera,geminisphaera colitermitum
Zotu3711,0.036746,0.0,0.092014,0.0,0.0,0.0,0.00314,0.0,bacteria,acidobacteriota,vicinamibacteria,vicinamibacterales,vicinamibacteraceae,vicinamibacter,vicinamibacter silvestris
Zotu3712,0.016703,0.00324,0.0,0.006148,0.0,0.0,0.0,0.00314,bacteria,bacillota,clostridia,eubacteriales,symbiobacteriaceae,symbiobacterium,symbiobacterium terraclitae
Zotu3714,0.003341,0.0,0.0,0.0,0.048682,0.0,0.00314,0.0,bacteria,actinomycetota,acidimicrobiia,acidimicrobiales,iamiaceae,iamia,iamia majanohamensis
Zotu3715,0.0,0.0,0.0,0.0,0.0,0.0,0.0,0.0,bacteria,pseudomonadota,alphaproteobacteria,hyphomicrobiales,ancalomicrobiaceae,ancalomicrobium,ancalomicrobium adetum
Zotu3716,0.0,0.0,0.0,0.003074,0.0,0.0,0.0,0.0,bacteria,pseudomonadota,alphaproteobacteria,hyphomicrobiales,methylobacteriaceae,microvirga,microvirga lenta
Zotu3717,0.0,0.0,0.0,0.0,0.0,0.0,0.0,0.0,bacteria,bacillota,bacilli,bacillales,bacillaceae,bacillus,bacillus atrophaeus
Zotu3718,0.006681,0.0,0.0,0.0,0.0,0.012694,0.0,0.0,bacteria,bacillota,bacilli,bacillales,paenibacillaceae,paenibacillus,paenibacillus antri
Zotu3719,0.013362,0.093955,0.02221,0.0,0.032455,0.028561,0.078488,0.025122,bacteria,actinomycetota,rubrobacteria,gaiellales,gaiellaceae,gaiella,gaiella occulta
Zotu3720,0.0,0.00324,0.0,0.0,0.061664,0.034907,0.06593,0.00628,bacteria,actinomycetota,acidimicrobiia,acidimicrobiales,acidimicrobiaceae,aciditerrimonas,aciditerrimonas ferrireducens
Zotu3721,0.0,0.00324,0.003173,0.0,0.0,0.0,0.0,0.0,bacteria,bacillota,clostridia,eubacteriales,clostridiales family xvii. incertae sedis,thermaerobacter,thermaerobacter composti
Zotu3722,0.0,0.0,0.003173,0.0,0.074646,0.028561,0.034535,0.0,bacteria,pseudomonadota,betaproteobacteria,burkholderiales,burkholderiaceae,caballeronia,caballeronia glathei
Zotu3724,0.123601,0.071276,0.0,0.0,0.003245,0.0,0.0,0.0,bacteria,acidobacteriota,terriglobia,terriglobales,acidobacteriaceae,edaphobacter,edaphobacter aggregans
Zotu3725,0.0,0.0,0.0,0.0,0.0,0.0,0.0,0.0,bacteria,actinomycetota,rubrobacteria,gaiellales,gaiellaceae,gaiella,gaiella occulta
Zotu3726,0.0,0.0,0.0,0.0,0.0,0.0,0.0,0.0,bacteria,bacteroidota,cytophagia,cytophagales,catalimonadaceae,porifericola,porifericola rhodea
Zotu3727,0.003341,0.025918,0.0,0.0,0.0,0.0,0.0,0.0,bacteria,bacillota,clostridia,eubacteriales,symbiobacteriaceae,symbiobacterium,symbiobacterium turbinis
Zotu3728,0.003341,0.00648,0.0,0.0,0.003245,0.092028,0.06279,0.00314,bacteria,actinomycetota,actinomycetia,streptosporangiales,streptosporangiaceae,thermobispora,thermobispora bispora
Zotu3729,0.0,0.0,0.003173,0.0,0.0,0.0,0.0,0.0,bacteria,pseudomonadota,alphaproteobacteria,hyphomicrobiales,salinarimonadaceae,salinarimonas,salinarimonas soli
Zotu3730,0.0,0.0,0.0,0.0,0.0,0.0,0.0,0.009421,bacteria,actinomycetota,actinomycetes,geodermatophilales,geodermatophilaceae,blastococcus,blastococcus capsensis
Zotu3731,0.023384,0.00324,0.0,0.0,0.10061,0.0,0.00314,0.00314,bacteria,pseudomonadota,alphaproteobacteria,hyphomicrobiales,hyphomicrobiaceae,rhodoplanes,rhodoplanes elegans
Zotu3732,0.0,0.0,0.0,0.0,0.0,0.0,0.0,0.0,bacteria,bacteroidota,cytophagia,cytophagales,hymenobacteraceae,pontibacter,pontibacter virosus
Zotu3733,0.0,0.0,0.0,0.0,0.0,0.0,0.00314,0.0,bacteria,bacteroidota,cytophagia,cytophagales,catalimonadaceae,porifericola,porifericola rhodea
Zotu3734,0.160347,0.0,0.0,0.0,0.0,0.015867,0.0,0.00314,bacteria,planctomycetota,planctomycetia,gemmatales,gemmataceae,gemmata,gemmata massiliana
Zotu3736,0.0,0.0,0.003173,0.0,0.10061,0.0,0.0,0.0,bacteria,pseudomonadota,alphaproteobacteria,hyphomicrobiales,hyphomicrobiaceae,rhodoplanes,rhodoplanes elegans
Zotu3737,0.0,0.0,0.0,0.0,0.0,0.0,0.009419,0.018841,bacteria,gemmatimonadota,gemmatimonadetes,gemmatimonadales,gemmatimonadaceae,roseisolibacter,roseisolibacter agri
Zotu3738,0.0,0.0,0.0,0.0,0.0,0.0,0.0,0.00314,bacteria,pseudomonadota,alphaproteobacteria,hyphomicrobiales,methylobacteriaceae,microvirga,microvirga thermotolerans
Zotu3739,0.0,0.0,0.0,0.0,0.0,0.0,0.0,0.0,bacteria,actinomycetota,rubrobacteria,rubrobacterales,rubrobacteraceae,rubrobacter,rubrobacter naiadicus
Zotu3740,0.0,0.0,0.0,0.0,0.0,0.0,0.00314,0.116188,bacteria,pseudomonadota,betaproteobacteria,burkholderiales,sphaerotilaceae,azohydromonas,azohydromonas australica
Zotu3741,0.0,0.0,0.0,0.0,0.0,0.0,0.0,0.00628,bacteria,actinomycetota,rubrobacteria,gaiellales,gaiellaceae,gaiella,gaiella occulta
Zotu3742,0.0,0.0,0.0,0.0,0.0,0.165017,0.006279,0.0,bacteria,rhodothermota,rhodothermia,rhodothermales,rhodothermaceae,rhodocaloribacter,rhodocaloribacter litoris
Zotu3743,0.0,0.0,0.0,0.0,0.003245,0.111069,0.037674,0.0,bacteria,actinomycetota,actinomycetes,bifidobacteriales,bifidobacteriaceae,bifidobacterium,bifidobacterium crudilactis
Zotu3744,0.0,0.0,0.0,0.0,0.0,0.0,0.0,0.0,bacteria,chloroflexota,dehalococcoidia,dehalococcoidia,dehalococcoidia,dehalogenimonas,dehalogenimonas alkenigignens
Zotu3745,0.0,0.0,0.0,0.0,0.0,0.031734,0.0,0.0,archaea,methanobacteriota,thermoplasmata,methanomassiliicoccales,methanomassiliicoccaceae,methanomassiliicoccus,candidatus methanomassiliicoccus intestinalis
Zotu3746,0.0,0.009719,0.0,0.0,0.0,0.0,0.0,0.0,bacteria,acidobacteriota,vicinamibacteria,vicinamibacterales,vicinamibacteraceae,vicinamibacter,vicinamibacter silvestris
Zotu3747,0.0,0.0,0.003173,0.003074,0.0,0.003173,0.0,0.178992,bacteria,chloroflexota,chloroflexia,chloroflexales,roseiflexaceae,kouleothrix,kouleothrix aurantiaca
Zotu3748,0.0,0.0,0.0,0.0,0.0,0.0,0.0,0.0,bacteria,pseudomonadota,alphaproteobacteria,sphingomonadales,sphingomonadaceae,sphingomonas,sphingomonas jaspsi
Zotu3749,0.003341,0.0,0.009519,0.0,0.055173,0.015867,0.06279,0.0,bacteria,acidobacteriota,blastocatellia,blastocatellales,blastocatellaceae,aridibacter,aridibacter kavangonensis
Zotu3750,0.0,0.0,0.0,0.0,0.0,0.0,0.0,0.0,bacteria,pseudomonadota,gammaproteobacteria,gammaproteobacteria,gammaproteobacteria,acidibacter,acidibacter ferrireducens
Zotu3751,0.020043,0.064796,0.0,0.0,0.0,0.0,0.0,0.0,bacteria,actinomycetota,rubrobacteria,rubrobacterales,rubrobacteraceae,rubrobacter,rubrobacter naiadicus
Zotu3752,0.0,0.0,0.0,0.006148,0.0,0.003173,0.00314,0.0,bacteria,thermodesulfobacteriota,desulfobulbia,desulfobulbales,desulfobulbaceae,desulfobulbus,desulfobulbus elongatus
Zotu3753,0.110239,0.087475,0.006346,0.003074,0.0,0.006347,0.0,0.00314,bacteria,acidobacteriota,terriglobia,terriglobales,acidobacteriaceae,edaphobacter,edaphobacter aggregans
Zotu3755,0.023384,0.042118,0.0,0.0,0.0,0.0,0.00314,0.0,bacteria,bacillota,clostridia,natranaerobiales,natranaerobiaceae,natranaerobaculum,natranaerobaculum magadiense
Zotu3756,0.0,0.0,0.003173,0.0,0.003245,0.028561,0.0,0.0,bacteria,actinomycetota,actinomycetes,pseudonocardiales,pseudonocardiaceae,actinokineospora,actinokineospora acnipugnans
Zotu3757,0.0,0.0,0.0,0.0,0.0,0.0,0.0,0.0,bacteria,actinomycetota,rubrobacteria,rubrobacterales,rubrobacteraceae,rubrobacter,rubrobacter spartanus
Zotu3758,0.0,0.0,0.0,0.0,0.0,0.0,0.0,0.0,bacteria,actinomycetota,actinomycetes,streptosporangiales,thermomonosporaceae,thermomonospora,thermomonospora echinospora
Zotu3759,0.0,0.00324,0.003173,0.0,0.0,0.003173,0.0,0.075365,bacteria,chloroflexota,chloroflexia,herpetosiphonales,herpetosiphonaceae,herpetosiphon,herpetosiphon aurantiacus
Zotu3760,0.0,0.0,0.028556,0.0,0.0,0.0,0.0,0.0,bacteria,gemmatimonadota,longimicrobiia,longimicrobiales,longimicrobiaceae,longimicrobium,longimicrobium terrae
Zotu3761,0.0,0.0,0.0,0.0,0.0,0.0,0.0,0.0,bacteria,pseudomonadota,alphaproteobacteria,rhodobacterales,roseobacteraceae,rubellimicrobium,rubellimicrobium roseum
Zotu3762,0.0,0.0,0.0,0.0,0.0,0.0,0.0,0.0,bacteria,bacillota,bacilli,bacillales,paenibacillaceae,oxalophagus,oxalophagus oxalicus
Zotu3763,0.0,0.0,0.0,0.0,0.0,0.0,0.0,0.0,bacteria,gemmatimonadota,gemmatimonadetes,gemmatimonadales,gemmatimonadaceae,roseisolibacter,roseisolibacter agri
Zotu3764,0.0,0.025918,0.0,0.0,0.003245,0.003173,0.0,0.009421,bacteria,bacillota,bacilli,bacillales,bacillaceae,peribacillus,peribacillus frigoritolerans
Zotu3765,0.0,0.0,0.0,0.0,0.0,0.057121,0.0,0.0,bacteria,planctomycetota,planctomycetia,pirellulales,thermoguttaceae,thermogutta,thermogutta terrifontis
Zotu3766,0.0,0.0,0.0,0.0,0.0,0.0,0.00314,0.00314,bacteria,pseudomonadota,betaproteobacteria,burkholderiales,sphaerotilaceae,roseateles,roseateles chitosanitabidus
Zotu3767,0.0,0.0,0.0,0.0,0.0,0.0,0.0,0.0,bacteria,bacillota,clostridia,eubacteriales,clostridiales family xvii. incertae sedis,thermaerobacter,thermaerobacter composti
Zotu3768,0.0,0.009719,0.0,0.0,0.045437,0.003173,0.0,0.0,bacteria,actinomycetota,acidimicrobiia,acidimicrobiales,acidimicrobiaceae,aciditerrimonas,aciditerrimonas ferrireducens
Zotu3769,0.0,0.0,0.0,0.0,0.0,0.0,0.0,0.0,bacteria,gemmatimonadota,gemmatimonadetes,gemmatimonadales,gemmatimonadaceae,gemmatimonas,gemmatimonas phototrophica
Zotu3771,0.020043,0.0,0.0,0.0,0.0,0.123762,0.0,0.0,bacteria,planctomycetota,phycisphaerae,tepidisphaerales,tepidisphaeraceae,tepidisphaera,tepidisphaera mucosa
Zotu3772,0.003341,0.087475,0.0,0.0,0.006491,0.0,0.00314,0.0,bacteria,actinomycetota,actinomycetes,pseudonocardiales,pseudonocardiaceae,lentzea,lentzea aerocolonigenes
Zotu3773,0.0,0.00324,0.0,0.003074,0.0,0.003173,0.0,0.031402,bacteria,pseudomonadota,alphaproteobacteria,rhodospirillales,azospirillaceae,skermanella,skermanella rosea
Zotu3774,0.0,0.0,0.0,0.0,0.0,0.0,0.0,0.0,bacteria,kiritimatiellota,tichowtungiia,tichowtungiales,tichowtungiaceae,tichowtungia,tichowtungia aerotolerans
Zotu3775,0.0,0.0,0.0,0.0,0.0,0.0,0.0,0.0,bacteria,bacillota,clostridia,eubacteriales,clostridiales family xvii. incertae sedis,thermaerobacter,thermaerobacter subterraneus
Zotu3777,0.0,0.0,0.0,0.0,0.0,0.0,0.0,0.0,bacteria,bacteroidota,chitinophagia,chitinophagales,chitinophagaceae,flavisolibacter,flavisolibacter ginsengiterrae
Zotu3778,0.033406,0.055077,0.072976,0.003074,0.0,0.082508,0.00314,0.0,bacteria,acidobacteriota,vicinamibacteria,vicinamibacterales,vicinamibacteraceae,vicinamibacter,vicinamibacter silvestris
Zotu3779,0.0,0.0,0.0,0.003074,0.0,0.0,0.0,0.0,bacteria,pseudomonadota,betaproteobacteria,burkholderiales,comamonadaceae,ramlibacter,ramlibacter agri
Zotu3780,0.0,0.0,0.0,0.0,0.0,0.0,0.0,0.00628,bacteria,pseudomonadota,gammaproteobacteria,pseudomonadales,pseudomonadaceae,pseudomonas,pseudomonas psychrotolerans
Zotu3781,0.0,0.0,0.0,0.0,0.0,0.012694,0.006279,0.021981,bacteria,actinomycetota,thermoleophilia,solirubrobacterales,solirubrobacteraceae,solirubrobacter,solirubrobacter ginsenosidimutans
Zotu3782,0.0,0.0,0.0,0.0,0.0,0.0,0.0,0.0,bacteria,acidobacteriota,vicinamibacteria,vicinamibacterales,vicinamibacteraceae,vicinamibacter,vicinamibacter silvestris
Zotu3783,0.0,0.0,0.0,0.0,0.0,0.0,0.0,0.018841,bacteria,myxococcota,myxococcia,myxococcales,archangiaceae,archangium,archangium gephyra
Zotu3784,0.003341,0.0,0.0,0.0,0.0,0.003173,0.00314,0.122468,bacteria,chloroflexota,chloroflexia,herpetosiphonales,herpetosiphonaceae,herpetosiphon,herpetosiphon aurantiacus
Zotu3785,0.0,0.0,0.0,0.0,0.0,0.0,0.0,0.0,bacteria,pseudomonadota,gammaproteobacteria,xanthomonadales,xanthomonadaceae,lysobacter,lysobacter silvisoli
Zotu3786,0.0,0.0,0.003173,0.0,0.0,0.01904,0.091046,0.0,bacteria,actinomycetota,acidimicrobiia,acidimicrobiales,iamiaceae,actinomarinicola,actinomarinicola tropica
Zotu3787,0.003341,0.00648,0.003173,0.003074,0.0,0.0,0.0,0.0,bacteria,pseudomonadota,deltaproteobacteria,myxococcales,anaeromyxobacteraceae,anaeromyxobacter,anaeromyxobacter dehalogenans
Zotu3788,0.0,0.0,0.019037,0.0,0.087628,0.015867,0.0,0.0,bacteria,bacillota,bacillota,bacillota,bacillota,capillibacterium,capillibacterium thermochitinicola
Zotu3789,0.0,0.0,0.0,0.0,0.0,0.0,0.009419,0.0,bacteria,gemmatimonadota,longimicrobiia,longimicrobiales,longimicrobiaceae,longimicrobium,longimicrobium terrae
Zotu3790,0.0,0.0,0.0,0.0,0.0,0.0,0.0,0.034542,bacteria,thermodesulfobacteriota,desulfuromonadia,desulfuromonadales,desulfuromonadaceae,pelobacter,pelobacter seleniigenes
Zotu3791,0.003341,0.084235,0.019037,0.0,0.006491,0.0,0.009419,0.0,bacteria,actinomycetota,thermoleophilia,solirubrobacterales,solirubrobacteraceae,solirubrobacter,solirubrobacter phytolaccae
Zotu3792,0.0,0.0,0.0,0.0,0.0,0.0,0.0,0.0,bacteria,actinomycetota,acidimicrobiia,acidimicrobiales,iamiaceae,actinomarinicola,actinomarinicola tropica
Zotu3793,0.0,0.0,0.0,0.0,0.0,0.0,0.0,0.00314,bacteria,planctomycetota,planctomycetia,gemmatales,gemmataceae,zavarzinella,zavarzinella formosa
Zotu3794,0.0,0.0,0.0,0.0,0.0,0.0,0.0,0.00628,bacteria,bacteroidota,cytophagia,cytophagales,hymenobacteraceae,adhaeribacter,adhaeribacter aerophilus
Zotu3795,0.0,0.0,0.0,0.0,0.0,0.0,0.0,0.00314,bacteria,pseudomonadota,alphaproteobacteria,rhodospirillales,acetobacteraceae,roseomonas,roseomonas marmotae
Zotu3796,0.0,0.0,0.0,0.0,0.0,0.0,0.0,0.0,bacteria,verrucomicrobiota,verrucomicrobiae,verrucomicrobiales,verrucomicrobia subdivision 3,pedosphaera,pedosphaera parvula
Zotu3797,0.0,0.012959,0.0,0.0,0.0,0.0,0.0,0.0,bacteria,gemmatimonadota,longimicrobiia,longimicrobiales,longimicrobiaceae,longimicrobium,longimicrobium terrae
Zotu3798,0.0,0.0,0.0,0.0,0.0,0.0,0.0,0.0,bacteria,bacteroidota,cytophagia,cytophagales,fulvivirgaceae,fulvivirga,fulvivirga lutimaris
Zotu3799,0.0,0.0,0.0,0.0,0.0,0.0,0.0,0.0,bacteria,pseudomonadota,alphaproteobacteria,pelagibacterales,pelagibacteraceae,candidatus pelagibacter,candidatus pelagibacter ubique
Zotu3800,0.0,0.0,0.0,0.0,0.0,0.0,0.0,0.0,bacteria,chloroflexota,chloroflexia,kallotenuales,kallotenuaceae,kallotenue,kallotenue papyrolyticum
Zotu3801,0.020043,0.048597,0.199892,0.0,0.0,0.003173,0.00314,0.0,bacteria,acidobacteriota,vicinamibacteria,vicinamibacterales,vicinamibacteraceae,vicinamibacter,vicinamibacter silvestris
Zotu3803,0.0,0.0,0.0,0.0,0.003245,0.0,0.0,0.0,bacteria,myxococcota,myxococcota,haliangiales,kofleriaceae,haliangium,haliangium ochraceum
Zotu3804,0.0,0.0,0.0,0.0,0.12982,0.0,0.0,0.0,bacteria,actinomycetota,acidimicrobiia,acidimicrobiales,iamiaceae,actinomarinicola,actinomarinicola tropica
Zotu3805,0.0,0.00324,0.041248,0.0,0.0,0.0,0.0,0.0,bacteria,bacillota,bacilli,bacillales,bacillaceae,anoxybacillus,anoxybacillus rupiensis
Zotu3806,0.003341,0.0,0.0,0.0,0.0,0.0,0.0,0.0,bacteria,pseudomonadota,alphaproteobacteria,sphingomonadales,sphingomonadaceae,sphingomonas,sphingomonas montis
Zotu3808,0.0,0.0,0.0,0.003074,0.0,0.025387,0.040814,0.018841,bacteria,gemmatimonadota,longimicrobiia,longimicrobiales,longimicrobiaceae,longimicrobium,longimicrobium terrae
Zotu3809,0.023384,0.051837,0.0,0.0,0.0,0.0,0.0,0.0,bacteria,actinomycetota,rubrobacteria,gaiellales,gaiellaceae,gaiella,gaiella occulta
Zotu3810,0.0,0.035638,0.019037,0.0,0.097365,0.0,0.0,0.0,bacteria,bacillota,clostridia,eubacteriales,symbiobacteriaceae,symbiobacterium,symbiobacterium terraclitae
Zotu3811,0.0,0.0,0.0,0.0,0.0,0.0,0.015698,0.050243,bacteria,actinomycetota,thermoleophilia,solirubrobacterales,conexibacteraceae,conexibacter,conexibacter stalactiti
Zotu3812,0.0,0.0,0.0,0.0,0.0,0.0,0.0,0.0,bacteria,actinomycetota,rubrobacteria,rubrobacterales,rubrobacteraceae,rubrobacter,rubrobacter naiadicus
Zotu3813,0.0,0.0,0.0,0.0,0.0,0.0,0.0,0.037683,bacteria,acidobacteriota,blastocatellia,blastocatellales,blastocatellaceae,tellurimicrobium,tellurimicrobium multivorans
Zotu3814,0.0,0.0,0.0,0.0,0.0,0.0,0.0,0.0,bacteria,myxococcota,myxococcia,myxococcales,myxococcaceae,simulacricoccus,simulacricoccus ruber
Zotu3815,0.0,0.0,0.0,0.0,0.0,0.0,0.0,0.0,bacteria,pseudomonadota,oligoflexia,bdellovibrionales,bdellovibrionaceae,bdellovibrio,bdellovibrio bacteriovorus
Zotu3816,0.0,0.0,0.0,0.0,0.0,0.0,0.0,0.0,bacteria,chloroflexota,chloroflexia,kallotenuales,kallotenuaceae,kallotenue,kallotenue papyrolyticum
Zotu3817,0.036746,0.087475,0.0,0.0,0.0,0.0,0.006279,0.0,bacteria,actinomycetota,thermoleophilia,solirubrobacterales,baekduiaceae,baekduia,baekduia soli
Zotu3818,0.013362,0.068036,0.041248,0.0,0.016227,0.006347,0.0,0.0,bacteria,acidobacteriota,vicinamibacteria,vicinamibacterales,vicinamibacteraceae,luteitalea,luteitalea pratensis
Zotu3819,0.0,0.0,0.003173,0.0,0.0,0.085682,0.084767,0.0,bacteria,pseudomonadota,gammaproteobacteria,legionellales,legionellaceae,legionella,legionella waltersii
Zotu3820,0.0,0.0,0.0,0.0,0.0,0.0,0.0,0.0,bacteria,actinomycetota,acidimicrobiia,acidimicrobiales,iamiaceae,iamia,iamia majanohamensis
Zotu3821,0.0,0.0,0.0,0.0,0.0,0.126936,0.0,0.0,bacteria,verrucomicrobiota,verrucomicrobiae,verrucomicrobiales,verrucomicrobia subdivision 3,pedosphaera,pedosphaera parvula
Zotu3822,0.0,0.0,0.0,0.0,0.0,0.0,0.00314,0.0,bacteria,actinomycetota,actinomycetes,micromonosporales,micromonosporaceae,catellatospora,catellatospora tagetis
Zotu3824,0.0,0.0,0.0,0.0,0.0,0.0,0.0,0.0,bacteria,pseudomonadota,alphaproteobacteria,sphingomonadales,sphingomonadaceae,sphingomonas,sphingomonas wittichii
Zotu3825,0.0,0.0,0.0,0.0,0.0,0.0,0.0,0.0,bacteria,bacteroidota,cytophagia,cytophagales,hymenobacteraceae,pontibacter,pontibacter akesuensis
Zotu3826,0.0,0.0,0.0,0.0,0.0,0.0,0.0,0.0,bacteria,pseudomonadota,alphaproteobacteria,sphingomonadales,sphingomonadaceae,sphingomonas,sphingomonas parvus
Zotu3827,0.003341,0.0,0.0,0.0,0.168765,0.0,0.0,0.0,bacteria,pseudomonadota,alphaproteobacteria,hyphomicrobiales,hyphomicrobiaceae,rhodoplanes,rhodoplanes serenus
Zotu3828,0.0,0.0,0.0,0.0,0.0,0.0,0.0,0.0,bacteria,pseudomonadota,gammaproteobacteria,nevskiales,nevskiaceae,panacagrimonas,panacagrimonas perspica
Zotu3829,0.0,0.0,0.0,0.0,0.0,0.0,0.0,0.0,bacteria,bacillota,clostridia,eubacteriales,symbiobacteriaceae,symbiobacterium,symbiobacterium terraclitae
Zotu3830,0.0,0.00324,0.0,0.003074,0.003245,0.041254,0.103604,0.0,archaea,methanobacteriota,thermoplasmata,methanomassiliicoccales,methanomassiliicoccaceae,methanomassiliicoccus,candidatus methanomassiliicoccus intestinalis
Zotu3831,0.0,0.00324,0.0,0.0,0.071401,0.069815,0.034535,0.012561,bacteria,gemmatimonadota,gemmatimonadetes,gemmatimonadales,gemmatimonadaceae,gemmatimonas,gemmatimonas phototrophica
Zotu3832,0.0,0.0,0.0,0.0,0.0,0.0,0.0,0.0,bacteria,pseudomonadota,alphaproteobacteria,sphingomonadales,sphingomonadaceae,sphingomonas,sphingomonas jaspsi
Zotu3833,0.0,0.0,0.0,0.0,0.0,0.006347,0.0,0.0,bacteria,actinomycetota,thermoleophilia,solirubrobacterales,parviterribacteraceae,parviterribacter,parviterribacter kavangonensis
Zotu3834,0.003341,0.0,0.0,0.0,0.0,0.114242,0.0,0.0,bacteria,acidobacteriota,blastocatellia,blastocatellales,blastocatellaceae,blastocatella,blastocatella fastidiosa
Zotu3835,0.023384,0.087475,0.025383,0.0,0.003245,0.00952,0.0,0.0,bacteria,bacillota,clostridia,eubacteriales,clostridiales family xvii. incertae sedis,thermaerobacter,thermaerobacter composti
Zotu3836,0.0,0.0,0.0,0.0,0.0,0.0,0.0,0.0,bacteria,pseudomonadota,alphaproteobacteria,sphingomonadales,sphingosinicellaceae,pedomonas,pedomonas mirosovicensis
Zotu3837,0.043427,0.00324,0.041248,0.0,0.0,0.060294,0.021977,0.0,bacteria,chloroflexota,tepidiformia,tepidiformales,tepidiformaceae,tepidiforma,tepidiforma bonchosmolovskayae
Zotu3838,0.0,0.0,0.0,0.0,0.0,0.0,0.0,0.0,bacteria,myxococcota,myxococcota,haliangiales,kofleriaceae,haliangium,haliangium ochraceum
Zotu3839,0.0,0.0,0.0,0.0,0.0,0.0,0.0,0.0,bacteria,thermodesulfobacteriota,desulfuromonadia,geobacterales,geobacteraceae,geobacter,geobacter metallireducens
Zotu3840,0.0,0.0,0.0,0.003074,0.0,0.0,0.0,0.0,bacteria,bacteroidota,chitinophagia,chitinophagales,chitinophagaceae,sediminibacterium,sediminibacterium goheungense
Zotu3841,0.003341,0.0,0.0,0.003074,0.0,0.003173,0.0,0.0,bacteria,actinomycetota,actinomycetia,micrococcales,dermacoccaceae,dermacoccus,dermacoccus nishinomiyaensis
Zotu3842,0.0,0.00324,0.0,0.003074,0.253148,0.0,0.0,0.0,bacteria,actinomycetota,rubrobacteria,rubrobacterales,rubrobacteraceae,rubrobacter,rubrobacter naiadicus
Zotu3843,0.033406,0.106914,0.006346,0.0,0.0,0.0,0.0,0.0,bacteria,acidobacteriota,terriglobia,terriglobales,acidobacteriaceae,edaphobacter,edaphobacter aggregans
Zotu3844,0.0,0.0,0.0,0.0,0.0,0.0,0.00314,0.0,bacteria,bacteroidota,sphingobacteriia,sphingobacteriales,sphingobacteriaceae,pedobacter,pedobacter mongoliensis
Zotu3845,0.0,0.0,0.0,0.0,0.0,0.0,0.0,0.0,bacteria,actinomycetota,thermoleophilia,solirubrobacterales,baekduiaceae,baekduia,baekduia soli
Zotu3846,0.0,0.0,0.0,0.0,0.133065,0.0,0.0,0.0,bacteria,verrucomicrobiota,verrucomicrobiae,limisphaerales,limisphaeraceae,limisphaera,limisphaera ngatamarikiensis
Zotu3847,0.0,0.0,0.0,0.0,0.0,0.003173,0.0,0.040823,bacteria,rhodothermota,rhodothermia,rhodothermales,salisaetaceae,roseithermus,roseithermus sacchariphilus
Zotu3848,0.073493,0.038878,0.0,0.003074,0.0,0.003173,0.0,0.0,bacteria,gemmatimonadota,gemmatimonadetes,gemmatimonadales,gemmatimonadaceae,gemmatimonas,gemmatimonas aurantiaca
Zotu3849,0.0,0.0,0.0,0.0,0.0,0.0,0.0,0.0,archaea,methanobacteriota,halobacteria,halobacteriales,halobacteriaceae,halomicrobium,halomicrobium zhouii
Zotu3850,0.0,0.0,0.0,0.0,0.0,0.0,0.0,0.0,bacteria,pseudomonadota,alphaproteobacteria,sphingomonadales,sphingomonadaceae,sphingomonas,sphingomonas wittichii
Zotu3851,0.0,0.0,0.0,0.0,0.0,0.0,0.00314,0.0,bacteria,actinomycetota,actinomycetes,pseudonocardiales,pseudonocardiaceae,pseudonocardia,pseudonocardia halophobica
Zotu3852,0.003341,0.009719,0.0,0.0,0.0,0.0,0.0,0.0,bacteria,pseudomonadota,alphaproteobacteria,hyphomicrobiales,devosiaceae,devosia,devosia enhydra
Zotu3853,0.0,0.0,0.003173,0.0,0.0,0.0,0.00314,0.0,archaea,methanobacteriota,thermoplasmata,methanomassiliicoccales,methanomassiliicoccaceae,methanomassiliicoccus,candidatus methanomassiliicoccus intestinalis
Zotu3854,0.033406,0.0,0.0,0.0,0.0,0.0,0.0,0.0,bacteria,chloroflexota,chloroflexia,herpetosiphonales,herpetosiphonaceae,herpetosiphon,herpetosiphon gulosus
Zotu3855,0.0,0.0,0.0,0.0,0.0,0.0,0.0,0.0,archaea,methanobacteriota,halobacteria,halobacteriales,halobacteriaceae,halobacterium,halobacterium bonnevillei
Zotu3856,0.0,0.0,0.0,0.0,0.0,0.0,0.0,0.0,bacteria,actinomycetota,actinomycetia,streptosporangiales,streptosporangiaceae,nonomuraea,nonomuraea salmonea
Zotu3857,0.0,0.0,0.0,0.0,0.0,0.0,0.0,0.0,bacteria,acidobacteriota,vicinamibacteria,vicinamibacterales,vicinamibacteraceae,vicinamibacter,vicinamibacter silvestris
Zotu3858,0.0,0.0,0.0,0.0,0.0,0.0,0.0,0.0,bacteria,pseudomonadota,gammaproteobacteria,chromatiales,thioprofundaceae,thioprofundum,thioprofundum lithotrophicum
Zotu3859,0.0,0.0,0.0,0.0,0.0,0.0,0.00314,0.025122,bacteria,bacteroidota,cytophagia,cytophagales,cytophagaceae,rhodocytophaga,rhodocytophaga aerolata
Zotu3860,0.003341,0.0,0.0,0.0,0.0,0.0,0.0,0.0,bacteria,actinomycetota,actinomycetes,pseudonocardiales,pseudonocardiaceae,saccharopolyspora,saccharopolyspora gregorii
Zotu3861,0.0,0.0,0.003173,0.138338,0.0,0.015867,0.00314,0.0,bacteria,actinomycetota,thermoleophilia,solirubrobacterales,solirubrobacteraceae,solirubrobacter,solirubrobacter phytolaccae
Zotu3862,0.0,0.0,0.0,0.0,0.0,0.0,0.0,0.0,bacteria,pseudomonadota,alphaproteobacteria,caulobacterales,caulobacteraceae,phenylobacterium,phenylobacterium aquaticum
Zotu3863,0.0,0.00324,0.0,0.0,0.0,0.0,0.0,0.0,bacteria,pseudomonadota,alphaproteobacteria,rickettsiales,anaplasmataceae,ehrlichia,ehrlichia muris
Zotu3864,0.0,0.0,0.0,0.0,0.0,0.0,0.0,0.0,archaea,methanobacteriota,halobacteria,halobacteriales,halobacteriaceae,natronoarchaeum,natronoarchaeum philippinense
Zotu3865,0.023384,0.025918,0.0,0.0,0.0,0.0,0.0,0.00314,bacteria,pseudomonadota,hydrogenophilia,hydrogenophilia,hydrogenophilia,pelomicrobium,pelomicrobium methylotrophicum
Zotu3866,0.0,0.0,0.0,0.0,0.0,0.0,0.0,0.0,bacteria,bacteroidota,chitinophagia,chitinophagales,chitinophagaceae,parasegetibacter,parasegetibacter terrae
Zotu3867,0.0,0.0,0.0,0.0,0.0,0.0,0.0,0.0,bacteria,pseudomonadota,alphaproteobacteria,hyphomicrobiales,devosiaceae,paradevosia,paradevosia shaoguanensis
Zotu3869,0.0,0.0,0.0,0.0,0.0,0.0,0.0,0.0,archaea,methanobacteriota,halobacteria,halobacteriales,halobacteriaceae,natronomonas,natronomonas salina
Zotu3870,0.0,0.071276,0.0,0.0,0.003245,0.104722,0.0,0.0,bacteria,planctomycetota,planctomycetia,gemmatales,gemmataceae,zavarzinella,zavarzinella formosa
Zotu3871,0.003341,0.032398,0.0,0.0,0.103856,0.0,0.0,0.0,bacteria,planctomycetota,planctomycetia,gemmatales,gemmataceae,gemmata,gemmata palustris
Zotu3872,0.0,0.0,0.0,0.0,0.0,0.0,0.0,0.0,bacteria,pseudomonadota,alphaproteobacteria,sphingomonadales,sphingomonadaceae,allosphingosinicella,allosphingosinicella indica
Zotu3873,0.0,0.0,0.0,0.0,0.0,0.0,0.0,0.0,bacteria,candidatus saccharibacteria,candidatus saccharibacteria,candidatus saccharibacteria,candidatus saccharibacteria,candidatus saccharimonas,candidatus saccharimonas aalborgensis
Zotu3874,0.0,0.0,0.0,0.0,0.0,0.0,0.0,0.0,bacteria,bacillota,bacilli,bacillales,bacillaceae,calditerricola,calditerricola yamamurae
Zotu3875,0.0,0.0,0.0,0.0,0.0,0.0,0.0,0.0,bacteria,bacteroidota,chitinophagia,chitinophagales,chitinophagaceae,flavisolibacter,flavisolibacter carri
Zotu3876,0.0,0.0,0.0,0.0,0.0,0.0,0.0,0.0,bacteria,verrucomicrobiota,verrucomicrobiae,verrucomicrobiales,verrucomicrobia subdivision 3,pedosphaera,pedosphaera parvula
Zotu3877,0.026725,0.045357,0.041248,0.0,0.0,0.0,0.0,0.0,bacteria,acidobacteriota,vicinamibacteria,vicinamibacterales,vicinamibacteraceae,luteitalea,luteitalea pratensis
Zotu3878,0.0,0.0,0.0,0.0,0.0,0.0,0.0,0.0,bacteria,bacteroidota,chitinophagia,chitinophagales,chitinophagaceae,flavisolibacter,flavisolibacter ginsengiterrae
Zotu3879,0.0,0.0,0.082495,0.0,0.0,0.0,0.0,0.0,bacteria,chloroflexota,chloroflexia,chloroflexales,roseiflexaceae,kouleothrix,kouleothrix aurantiaca
Zotu3880,0.0,0.0,0.0,0.0,0.0,0.0,0.0,0.0,bacteria,actinomycetota,actinomycetes,propionibacteriales,nocardioidaceae,nocardioides,nocardioides marmoribigeumensis
Zotu3881,0.0,0.155511,0.0,0.0,0.0,0.0,0.00314,0.0,bacteria,chloroflexota,anaerolineae,anaerolineales,anaerolineaceae,ornatilinea,ornatilinea apprima
Zotu3882,0.026725,0.061556,0.0,0.0,0.003245,0.0,0.006279,0.0,bacteria,pseudomonadota,alphaproteobacteria,rhodospirillales,rhodospirillaceae,elstera,elstera cyanobacteriorum
Zotu3883,0.0,0.0,0.0,0.0,0.0,0.0,0.0,0.0,bacteria,bacteroidota,chitinophagia,chitinophagales,chitinophagaceae,segetibacter,segetibacter koreensis
Zotu3884,0.0,0.0,0.02221,0.003074,0.10061,0.0,0.0,0.0,bacteria,actinomycetota,nitriliruptoria,euzebyales,euzebyaceae,euzebya,euzebya pacifica
Zotu3885,0.0,0.0,0.0,0.003074,0.003245,0.003173,0.050232,0.084786,bacteria,bacillota,clostridia,eubacteriales,symbiobacteriaceae,symbiobacterium,symbiobacterium terraclitae
Zotu3886,0.0,0.0,0.0,0.0,0.0,0.0,0.0,0.0,bacteria,verrucomicrobiota,spartobacteria,chthoniobacterales,chthoniobacteraceae,chthoniobacter,chthoniobacter flavus
Zotu3887,0.163688,0.00324,0.003173,0.0,0.0,0.0,0.0,0.0,bacteria,planctomycetota,planctomycetia,pirellulales,pirellulaceae,lignipirellula,lignipirellula cremea
Zotu3889,0.0,0.0,0.0,0.0,0.0,0.0,0.0,0.0,bacteria,acidobacteriota,vicinamibacteria,vicinamibacterales,vicinamibacteraceae,luteitalea,luteitalea pratensis
Zotu3890,0.0,0.0,0.0,0.003074,0.0,0.0,0.0,0.0,bacteria,actinomycetota,actinomycetes,pseudonocardiales,pseudonocardiaceae,actinophytocola,actinophytocola glycyrrhizae
Zotu3891,0.0,0.0,0.0,0.0,0.0,0.0,0.0,0.015701,bacteria,thermodesulfobacteriota,desulfuromonadia,desulfuromonadales,geoalkalibacteraceae,geoalkalibacter,geoalkalibacter ferrihydriticus
Zotu3892,0.003341,0.0,0.0,0.0,0.0,0.0,0.0,0.0,bacteria,acidobacteriota,vicinamibacteria,vicinamibacterales,vicinamibacteraceae,luteitalea,luteitalea pratensis
Zotu3893,0.0,0.0,0.0,0.0,0.0,0.0,0.0,0.0,bacteria,actinomycetota,actinomycetes,streptosporangiales,streptosporangiaceae,nonomuraea,nonomuraea soli
Zotu3894,0.0,0.0,0.006346,0.0,0.0,0.0,0.0,0.0,archaea,methanobacteriota,thermoplasmata,methanomassiliicoccales,methanomassiliicoccaceae,methanomassiliicoccus,candidatus methanomassiliicoccus intestinalis
Zotu3895,0.0,0.0,0.0,0.0,0.0,0.0,0.0,0.0,bacteria,actinomycetota,actinomycetes,geodermatophilales,geodermatophilaceae,geodermatophilus,geodermatophilus bullaregiensis
Zotu3896,0.0,0.0,0.0,0.0,0.0,0.0,0.0,0.0,bacteria,bacteroidota,chitinophagia,chitinophagales,chitinophagaceae,flavisolibacter,flavisolibacter galbus
Zotu3897,0.0,0.0,0.0,0.0,0.0,0.0,0.0,0.0,bacteria,chloroflexota,tepidiformia,tepidiformales,tepidiformaceae,tepidiforma,tepidiforma bonchosmolovskayae
Zotu3898,0.0,0.00324,0.0,0.0,0.0,0.0,0.00314,0.0,archaea,methanobacteriota,thermoplasmata,methanomassiliicoccales,methanomassiliicoccaceae,methanomassiliicoccus,candidatus methanomassiliicoccus intestinalis
Zotu3899,0.0,0.0,0.0,0.116819,0.0,0.0,0.0,0.0,bacteria,candidatus tectomicrobia,candidatus tectomicrobia,candidatus tectomicrobia,candidatus tectomicrobia,candidatus entotheonella,candidatus entotheonella palauensis
Zotu3900,0.0,0.0,0.0,0.0,0.0,0.0,0.0,0.00314,bacteria,pseudomonadota,alphaproteobacteria,rhodobacterales,paracoccaceae,acidimangrovimonas,acidimangrovimonas pyrenivorans
Zotu3901,0.0,0.0,0.003173,0.0,0.0,0.0,0.0,0.0,bacteria,actinomycetota,actinomycetes,propionibacteriales,nocardioidaceae,nocardioides,nocardioides pocheonensis
Zotu3902,0.0,0.0,0.0,0.0,0.0,0.003173,0.00314,0.0,bacteria,kiritimatiellota,tichowtungiia,tichowtungiales,tichowtungiaceae,tichowtungia,tichowtungia aerotolerans
Zotu3903,0.0,0.038878,0.114224,0.0,0.0,0.0,0.0,0.0,bacteria,planctomycetota,planctomycetia,gemmatales,gemmataceae,fimbriiglobus,fimbriiglobus ruber
Zotu3904,0.0,0.0,0.0,0.0,0.0,0.0,0.0,0.0,bacteria,actinomycetota,rubrobacteria,gaiellales,gaiellaceae,gaiella,gaiella occulta
Zotu3905,0.0,0.0,0.0,0.0,0.0,0.0,0.0,0.0,bacteria,chloroflexota,chloroflexia,chloroflexales,oscillochloridaceae,chloronema,chloronema giganteum
Zotu3906,0.003341,0.0,0.0,0.0,0.0,0.0,0.0,0.0,bacteria,acidobacteriota,vicinamibacteria,vicinamibacterales,vicinamibacteraceae,vicinamibacter,vicinamibacter silvestris
Zotu3907,0.0,0.0,0.0,0.0,0.0,0.0,0.0,0.0,bacteria,chloroflexota,thermomicrobia,sphaerobacterales,sphaerobacteraceae,sphaerobacter,sphaerobacter thermophilus
Zotu3908,0.0,0.0,0.0,0.0,0.0,0.0,0.0,0.0,bacteria,actinomycetota,actinomycetia,micrococcales,microbacteriaceae,microbacterium,microbacterium aurum
Zotu3909,0.0,0.0,0.0,0.0,0.0,0.0,0.0,0.0,bacteria,bacteroidota,sphingobacteriia,sphingobacteriales,sphingobacteriaceae,solitalea,solitalea koreensis
Zotu3910,0.040087,0.035638,0.079322,0.0,0.0,0.0,0.00314,0.0,bacteria,pseudomonadota,betaproteobacteria,rhodocyclales,rhodocyclaceae,candidatus dactylopiibacterium,candidatus dactylopiibacterium carminicum
Zotu3911,0.0,0.0,0.0,0.0,0.0,0.0,0.0,0.0,archaea,methanobacteriota,halobacteria,halobacteriales,halobacteriaceae,halomicroarcula,halomicroarcula rubra
Zotu3912,0.136963,0.019439,0.041248,0.0,0.0,0.0,0.0,0.0,bacteria,bacillota,clostridia,eubacteriales,clostridiales family xvii. incertae sedis,thermaerobacter,thermaerobacter composti
Zotu3913,0.0,0.0,0.0,0.0,0.0,0.0,0.0,0.0,archaea,methanobacteriota,thermoplasmata,methanomassiliicoccales,methanomassiliicoccaceae,methanomassiliicoccus,candidatus methanomassiliicoccus intestinalis
Zotu3914,0.010022,0.0,0.0,0.003074,0.0,0.0,0.0,0.075365,bacteria,bacteroidota,chitinophagia,chitinophagales,chitinophagaceae,flavisolibacter,flavisolibacter carri
Zotu3915,0.133623,0.080995,0.0,0.0,0.003245,0.003173,0.00314,0.00314,bacteria,gemmatimonadota,gemmatimonadetes,gemmatimonadales,gemmatimonadaceae,gemmatimonas,gemmatimonas aurantiaca
Zotu3916,0.0,0.0,0.0,0.0,0.0,0.0,0.0,0.0,bacteria,gemmatimonadota,gemmatimonadetes,gemmatimonadales,gemmatimonadaceae,roseisolibacter,roseisolibacter agri
Zotu3917,0.0,0.0,0.003173,0.006148,0.0,0.0,0.0,0.172712,bacteria,bacteroidota,cytophagia,cytophagales,hymenobacteraceae,adhaeribacter,adhaeribacter aquaticus
Zotu3918,0.0,0.0,0.0,0.0,0.0,0.0,0.0,0.0,archaea,methanobacteriota,thermoplasmata,methanomassiliicoccales,methanomassiliicoccaceae,methanomassiliicoccus,candidatus methanomassiliicoccus intestinalis
Zotu3919,0.0,0.012959,0.003173,0.0,0.0,0.031734,0.009419,0.0,bacteria,actinomycetota,actinomycetes,kitasatosporales,streptomycetaceae,streptomyces,streptomyces bluensis
Zotu3920,0.033406,0.00324,0.0,0.0,0.055173,0.003173,0.00314,0.0,bacteria,candidatus tectomicrobia,candidatus tectomicrobia,candidatus tectomicrobia,candidatus tectomicrobia,candidatus entotheonella,candidatus entotheonella palauensis
Zotu3921,0.003341,0.0,0.0,0.0,0.0,0.0,0.00314,0.00314,bacteria,actinomycetota,rubrobacteria,rubrobacterales,rubrobacteraceae,rubrobacter,rubrobacter naiadicus
Zotu3922,0.0,0.0,0.0,0.0,0.0,0.0,0.0,0.0,bacteria,bacillota,clostridia,moorellales,moorellaceae,moorella,moorella humiferrea
Zotu3923,0.0,0.0,0.0,0.0,0.0,0.0,0.0,0.0,bacteria,pseudomonadota,alphaproteobacteria,caulobacterales,caulobacteraceae,brevundimonas,brevundimonas lutea
Zotu3924,0.0,0.0,0.0,0.0,0.0,0.0,0.0,0.0,bacteria,pseudomonadota,alphaproteobacteria,rhodospirillales,rhodospirillaceae,elstera,elstera cyanobacteriorum
Zotu3925,0.0,0.0,0.0,0.0,0.0,0.0,0.0,0.0,bacteria,actinomycetota,actinomycetia,propionibacteriales,nocardioidaceae,nocardioides,nocardioides caeni
Zotu3926,0.030065,0.019439,0.006346,0.101448,0.006491,0.0,0.0,0.0,bacteria,pseudomonadota,betaproteobacteria,burkholderiales,burkholderiaceae,limnobacter,limnobacter alexandrii
Zotu3927,0.0,0.0,0.0,0.0,0.0,0.0,0.006279,0.0,bacteria,pseudomonadota,betaproteobacteria,burkholderiales,oxalobacteraceae,noviherbaspirillum,noviherbaspirillum denitrificans
Zotu3928,0.0,0.0,0.0,0.0,0.003245,0.0,0.0,0.0,bacteria,actinomycetota,thermoleophilia,solirubrobacterales,parviterribacteraceae,parviterribacter,parviterribacter multiflagellatus
Zotu3929,0.0,0.0,0.0,0.0,0.0,0.0,0.0,0.0,archaea,methanobacteriota,thermoplasmata,methanomassiliicoccales,methanomassiliicoccaceae,methanomassiliicoccus,candidatus methanomassiliicoccus intestinalis
Zotu3930,0.0,0.0,0.0,0.0,0.0,0.0,0.0,0.0,bacteria,thermodesulfobacteriota,desulfuromonadia,desulfuromonadales,geothermobacteraceae,geothermobacter,geothermobacter hydrogeniphilus
Zotu3931,0.0,0.0,0.0,0.003074,0.0,0.003173,0.021977,0.0,bacteria,pseudomonadota,betaproteobacteria,burkholderiales,oxalobacteraceae,oxalicibacterium,oxalicibacterium horti
Zotu3932,0.036746,0.025918,0.0,0.098374,0.0,0.0,0.0,0.00314,bacteria,bacillota,clostridia,eubacteriales,oscillospiraceae,ruminococcus,ruminococcus flavefaciens
Zotu3933,0.0,0.0,0.0,0.0,0.0,0.0,0.0,0.0,bacteria,planctomycetota,phycisphaerae,tepidisphaerales,tepidisphaeraceae,tepidisphaera,tepidisphaera mucosa
Zotu3934,0.003341,0.074516,0.0,0.0,0.0,0.072988,0.0,0.0,bacteria,planctomycetota,phycisphaerae,tepidisphaerales,tepidisphaeraceae,tepidisphaera,tepidisphaera mucosa
Zotu3935,0.0,0.00324,0.047593,0.0,0.0,0.00952,0.0,0.0,bacteria,pseudomonadota,betaproteobacteria,rhodocyclales,zoogloeaceae,thauera,thauera sinica
Zotu3936,0.103558,0.019439,0.0,0.0,0.009736,0.0,0.0,0.0,bacteria,actinomycetota,thermoleophilia,thermoleophilales,thermoleophilaceae,thermoleophilum,thermoleophilum album
Zotu3937,0.0,0.00324,0.0,0.0,0.0,0.0,0.0,0.0,bacteria,pseudomonadota,alphaproteobacteria,hyphomicrobiales,methylobacteriaceae,methylobacterium,methylobacterium adhaesivum
Zotu3938,0.0,0.0,0.0,0.0,0.003245,0.0,0.037674,0.0,bacteria,gemmatimonadota,longimicrobiia,longimicrobiales,longimicrobiaceae,longimicrobium,longimicrobium terrae
Zotu3939,0.0,0.0,0.038075,0.0,0.0,0.003173,0.0,0.0,bacteria,actinomycetota,thermoleophilia,thermoleophilales,thermoleophilaceae,thermoleophilum,thermoleophilum album
Zotu3940,0.0,0.0,0.0,0.0,0.107101,0.0,0.0,0.0,bacteria,acidobacteriota,vicinamibacteria,vicinamibacterales,vicinamibacteraceae,vicinamibacter,vicinamibacter silvestris
Zotu3941,0.0,0.0,0.031729,0.0,0.016227,0.0,0.0,0.0,bacteria,actinomycetota,rubrobacteria,gaiellales,gaiellaceae,gaiella,gaiella occulta
Zotu3942,0.0,0.0,0.0,0.0,0.0,0.0,0.0,0.0,bacteria,pseudomonadota,gammaproteobacteria,pseudomonadales,pseudomonadaceae,pseudomonas,pseudomonas lini
Zotu3943,0.006681,0.0,0.0,0.003074,0.0,0.0,0.0,0.00314,bacteria,pseudomonadota,betaproteobacteria,nitrosomonadales,methylophilaceae,methylotenera,methylotenera mobilis
Zotu3944,0.006681,0.0,0.041248,0.0,0.0,0.0,0.0,0.0,bacteria,actinomycetota,acidimicrobiia,acidimicrobiales,acidimicrobiaceae,aciditerrimonas,aciditerrimonas ferrireducens
Zotu3945,0.0,0.0,0.0,0.0,0.0,0.003173,0.0,0.0,bacteria,acidobacteriota,vicinamibacteria,vicinamibacterales,vicinamibacteraceae,luteitalea,luteitalea pratensis
Zotu3946,0.0,0.0,0.0,0.0,0.0,0.0,0.0,0.0,bacteria,bacteroidota,cytophagia,cytophagales,reichenbachiellaceae,marinoscillum,marinoscillum furvescens
Zotu3947,0.0,0.0,0.0,0.0,0.0,0.003173,0.0,0.0,bacteria,pseudomonadota,hydrogenophilia,hydrogenophilia,hydrogenophilia,pelomicrobium,pelomicrobium methylotrophicum
Zotu3948,0.0,0.0,0.0,0.0,0.0,0.0,0.0,0.0,bacteria,actinomycetota,thermoleophilia,solirubrobacterales,solirubrobacteraceae,solirubrobacter,solirubrobacter ginsenosidimutans
Zotu3949,0.0,0.00324,0.003173,0.0,0.0,0.003173,0.053372,0.0,bacteria,actinomycetota,acidimicrobiia,acidimicrobiales,acidimicrobiaceae,aciditerrimonas,aciditerrimonas ferrireducens
Zotu3950,0.0,0.0,0.0,0.0,0.0,0.0,0.0,0.0,bacteria,pseudomonadota,alphaproteobacteria,rhodospirillales,azospirillaceae,nitrospirillum,azospirillum amazonense
Zotu3951,0.0,0.0,0.0,0.0,0.0,0.0,0.0,0.0,bacteria,chloroflexota,chloroflexota,chloroflexota,chloroflexota,thermobaculum,thermobaculum terrenum
Zotu3952,0.0,0.00324,0.0,0.003074,0.0,0.0,0.00314,0.0,bacteria,actinomycetota,rubrobacteria,rubrobacterales,rubrobacteraceae,rubrobacter,rubrobacter naiadicus
Zotu3953,0.0,0.00324,0.0,0.003074,0.003245,0.0,0.00314,0.0,bacteria,actinomycetota,actinomycetes,micrococcales,microbacteriaceae,agrococcus,agrococcus jenensis
Zotu3954,0.0,0.0,0.050766,0.0,0.0,0.003173,0.021977,0.043963,bacteria,pseudomonadota,betaproteobacteria,burkholderiales,comamonadaceae,ramlibacter,ramlibacter monticola
Zotu3955,0.0,0.0,0.0,0.0,0.0,0.0,0.0,0.0,bacteria,pseudomonadota,alphaproteobacteria,hyphomicrobiales,brucellaceae,brucella,brucella pseudogrignonensis
Zotu3956,0.0,0.0,0.0,0.0,0.0,0.0,0.0,0.0,bacteria,chloroflexota,chloroflexia,chloroflexales,roseiflexaceae,kouleothrix,kouleothrix aurantiaca
Zotu3957,0.0,0.0,0.0,0.0,0.0,0.0,0.0,0.0,bacteria,cyanobacteriota,cyanobacteria,chroococcales,aphanothecaceae,candidatus atelocyanobacterium,cyanobacterium ucyn-a
Zotu3958,0.0,0.0,0.0,0.0,0.0,0.0,0.0,0.0,bacteria,actinomycetota,rubrobacteria,rubrobacterales,rubrobacteraceae,rubrobacter,rubrobacter tropicus
Zotu3959,0.0,0.0,0.0,0.0,0.0,0.0,0.0,0.0,bacteria,myxococcota,myxococcota,polyangiales,polyangiaceae,polyangium,polyangium aurulentum
Zotu3960,0.0,0.0,0.0,0.0,0.0,0.0,0.0,0.0,archaea,methanobacteriota,thermoplasmata,methanomassiliicoccales,methanomassiliicoccaceae,methanomassiliicoccus,candidatus methanomassiliicoccus intestinalis
Zotu3961,0.0,0.0,0.0,0.0,0.0,0.0,0.0,0.0,bacteria,pseudomonadota,gammaproteobacteria,nevskiales,nevskiaceae,panacagrimonas,panacagrimonas perspica
Zotu3962,0.0,0.025918,0.0,0.003074,0.0,0.0,0.0,0.0,bacteria,chloroflexota,tepidiformia,tepidiformales,tepidiformaceae,tepidiforma,tepidiforma bonchosmolovskayae
Zotu3963,0.030065,0.0,0.09836,0.0,0.0,0.0,0.0,0.00628,archaea,methanobacteriota,thermoplasmata,methanomassiliicoccales,methanomassiliicoccaceae,methanomassiliicoccus,candidatus methanomassiliicoccus intestinalis
Zotu3964,0.0,0.0,0.0,0.0,0.0,0.0,0.0,0.0,bacteria,chloroflexota,chloroflexia,chloroflexales,oscillochloridaceae,oscillochloris,oscillochloris trichoides
Zotu3965,0.0,0.0,0.0,0.0,0.0,0.0,0.0,0.0,bacteria,planctomycetota,planctomycetia,planctomycetales,planctomycetaceae,calycomorphotria,calycomorphotria hydatis
Zotu3966,0.0,0.0,0.0,0.0,0.0,0.003173,0.0,0.0,bacteria,bacteroidota,bacteroidia,marinilabiliales,prolixibacteraceae,aquipluma,aquipluma nitroreducens
Zotu3967,0.0,0.0,0.0,0.0,0.0,0.0,0.0,0.0,bacteria,actinomycetota,actinomycetia,streptomycetales,streptomycetaceae,streptomyces,streptomyces xinjiangensis
Zotu3968,0.0,0.00324,0.0,0.0,0.120083,0.0,0.0,0.0,bacteria,actinomycetota,acidimicrobiia,acidimicrobiales,ilumatobacteraceae,ilumatobacter,ilumatobacter fluminis
Zotu3969,0.0,0.0,0.0,0.0,0.0,0.0,0.0,0.015701,bacteria,pseudomonadota,alphaproteobacteria,sphingomonadales,sphingomonadaceae,hephaestia,hephaestia caeni
Zotu3970,0.0,0.0,0.003173,0.0,0.0,0.006347,0.0,0.00314,bacteria,actinomycetota,thermoleophilia,solirubrobacterales,capillimicrobiaceae,capillimicrobium,capillimicrobium parvum
Zotu3971,0.0,0.0,0.0,0.0,0.0,0.0,0.0,0.0,bacteria,pseudomonadota,betaproteobacteria,burkholderiales,sphaerotilaceae,roseateles,roseateles chitinivorans
Zotu3972,0.0,0.0,0.0,0.0,0.0,0.0,0.0,0.0,bacteria,deinococcota,deinococci,deinococcales,deinococcaceae,deinococcus,deinococcus soli (ex zhang et al. 2011)
Zotu3973,0.0,0.0,0.0,0.0,0.003245,0.0,0.0,0.0,bacteria,actinomycetota,rubrobacteria,gaiellales,gaiellaceae,gaiella,gaiella occulta
Zotu3974,0.113579,0.100434,0.069804,0.003074,0.0,0.0,0.0,0.00628,bacteria,actinomycetota,thermoleophilia,solirubrobacterales,patulibacteraceae,patulibacter,patulibacter ginsengiterrae
Zotu3975,0.0,0.0,0.0,0.0,0.0,0.0,0.0,0.0,bacteria,chloroflexota,thermomicrobia,sphaerobacterales,sphaerobacteraceae,sphaerobacter,sphaerobacter thermophilus
Zotu3976,0.063471,0.022679,0.0,0.0,0.003245,0.0,0.0,0.0,bacteria,gemmatimonadota,longimicrobiia,longimicrobiales,longimicrobiaceae,longimicrobium,longimicrobium terrae
Zotu3977,0.0,0.0,0.0,0.0,0.0,0.0,0.00314,0.00314,bacteria,myxococcota,myxococcota,haliangiales,kofleriaceae,haliangium,haliangium ochraceum
Zotu3978,0.05679,0.029158,0.066631,0.0,0.0,0.0,0.0,0.0,bacteria,planctomycetota,planctomycetia,gemmatales,gemmataceae,gemmata,gemmata palustris
Zotu3979,0.010022,0.00648,0.0,0.0,0.081137,0.0,0.0,0.0,bacteria,pseudomonadota,alphaproteobacteria,rhodospirillales,thalassobaculaceae,thalassobaculum,thalassobaculum litoreum
Zotu3981,0.003341,0.0,0.0,0.0,0.0,0.0,0.0,0.0,bacteria,verrucomicrobiota,verrucomicrobiae,verrucomicrobiales,verrucomicrobia subdivision 3,pedosphaera,pedosphaera parvula
Zotu3982,0.0,0.0,0.003173,0.0,0.0,0.0,0.0,0.053384,bacteria,bacteroidota,chitinophagia,chitinophagales,chitinophagaceae,segetibacter,segetibacter koreensis
Zotu3984,0.0,0.0,0.0,0.0,0.0,0.0,0.0,0.0,bacteria,bacteroidota,cytophagia,cytophagales,hymenobacteraceae,adhaeribacter,adhaeribacter pallidiroseus
Zotu3986,0.013362,0.00648,0.057112,0.0,0.0,0.0,0.0,0.0,bacteria,acidobacteriota,vicinamibacteria,vicinamibacterales,vicinamibacteraceae,luteitalea,luteitalea pratensis
Zotu3987,0.0,0.0,0.0,0.0,0.0,0.0,0.0,0.018841,bacteria,thermomicrobiota,thermomicrobia,sphaerobacterales,sphaerobacteraceae,sphaerobacter,sphaerobacter thermophilus
Zotu3988,0.0,0.0,0.0,0.0,0.0,0.0,0.0,0.0,bacteria,actinomycetota,acidimicrobiia,acidimicrobiales,acidimicrobiaceae,aciditerrimonas,aciditerrimonas ferrireducens
Zotu3989,0.0,0.0,0.0,0.0,0.0,0.0,0.0,0.0,bacteria,chloroflexota,chloroflexia,chloroflexales,oscillochloridaceae,oscillochloris,oscillochloris trichoides
Zotu3990,0.0,0.0,0.0,0.0,0.0,0.0,0.0,0.0,bacteria,planctomycetota,planctomycetia,planctomycetales,planctomycetaceae,gimesia,gimesia chilikensis
Zotu3991,0.003341,0.0,0.003173,0.0,0.0,0.01904,0.0,0.0,bacteria,actinomycetota,thermoleophilia,solirubrobacterales,parviterribacteraceae,parviterribacter,parviterribacter multiflagellatus
Zotu3992,0.003341,0.0,0.0,0.0,0.0,0.0,0.0,0.0,bacteria,chloroflexota,thermomicrobia,sphaerobacterales,sphaerobacteraceae,sphaerobacter,sphaerobacter thermophilus
Zotu3993,0.0,0.0,0.0,0.003074,0.0,0.0,0.0,0.0,bacteria,bacillota,clostridia,eubacteriales,symbiobacteriaceae,symbiobacterium,symbiobacterium terraclitae
Zotu3994,0.013362,0.0,0.003173,0.0,0.048682,0.0,0.00314,0.0,bacteria,chloroflexota,caldilineae,caldilineales,caldilineaceae,litorilinea,litorilinea aerophila
Zotu3995,0.006681,0.00324,0.0,0.009223,0.0,0.006347,0.0,0.015701,bacteria,pseudomonadota,gammaproteobacteria,enterobacterales,yersiniaceae,nissabacter,nissabacter archeti
Zotu3996,0.0,0.0,0.0,0.0,0.0,0.0,0.0,0.0,bacteria,pseudomonadota,betaproteobacteria,burkholderiales,comamonadaceae,ramlibacter,ramlibacter henchirensis
Zotu3997,0.0,0.0,0.0,0.0,0.0,0.0,0.0,0.0,bacteria,planctomycetota,planctomycetia,isosphaerales,isosphaeraceae,singulisphaera,singulisphaera rosea
Zotu3998,0.0,0.0,0.0,0.0,0.019473,0.0,0.00314,0.034542,bacteria,gemmatimonadota,longimicrobiia,longimicrobiales,longimicrobiaceae,longimicrobium,longimicrobium terrae
Zotu3999,0.106898,0.080995,0.04442,0.0,0.045437,0.003173,0.009419,0.00314,bacteria,chloroflexota,tepidiformia,tepidiformales,tepidiformaceae,tepidiforma,tepidiforma bonchosmolovskayae
Zotu4000,0.0,0.0,0.0,0.0,0.0,0.003173,0.0,0.0,bacteria,acidobacteriota,vicinamibacteria,vicinamibacterales,vicinamibacteraceae,vicinamibacter,vicinamibacter silvestris
Zotu4001,0.0,0.0,0.0,0.0,0.0,0.0,0.0,0.0,bacteria,pseudomonadota,alphaproteobacteria,caulobacterales,caulobacteraceae,brevundimonas,brevundimonas lutea
Zotu4002,0.0,0.0,0.0,0.0,0.0,0.0,0.0,0.0,bacteria,bacteroidota,cytophagia,cytophagales,cytophagaceae,sporocytophaga,sporocytophaga myxococcoides
Zotu4003,0.0,0.0,0.0,0.0,0.0,0.0,0.0,0.0,bacteria,pseudomonadota,alphaproteobacteria,sphingomonadales,erythrobacteraceae,alteraurantiacibacter,alteraurantiacibacter aestuarii
Zotu4004,0.0,0.0,0.0,0.0,0.0,0.0,0.0,0.00314,bacteria,pseudomonadota,deltaproteobacteria,myxococcales,anaeromyxobacteraceae,anaeromyxobacter,anaeromyxobacter dehalogenans
Zotu4005,0.003341,0.0,0.006346,0.003074,0.0,0.0,0.0,0.0,bacteria,pseudomonadota,alphaproteobacteria,rhodobacterales,paracoccaceae,pararhodobacter,pararhodobacter aggregans
Zotu4006,0.003341,0.0,0.0,0.0,0.0,0.0,0.0,0.00314,bacteria,bacillota,clostridia,eubacteriales,peptococcaceae,desulforamulus,desulforamulus ferrireducens
Zotu4007,0.0,0.0,0.006346,0.0,0.0,0.0,0.0,0.0,bacteria,pseudomonadota,gammaproteobacteria,legionellales,coxiellaceae,coxiella,coxiella burnetii
Zotu4008,0.0,0.0,0.0,0.0,0.0,0.0,0.0,0.0,bacteria,gemmatimonadota,gemmatimonadetes,gemmatimonadales,gemmatimonadaceae,roseisolibacter,roseisolibacter agri
Zotu4009,0.003341,0.048597,0.003173,0.0,0.003245,0.022214,0.0,0.0,bacteria,thermodesulfobacteriota,desulfuromonadia,desulfuromonadales,desulfuromonadaceae,pelobacter,pelobacter propionicus
Zotu4010,0.0,0.0,0.0,0.0,0.0,0.0,0.0,0.0,bacteria,pseudomonadota,alphaproteobacteria,sphingomonadales,sphingomonadaceae,sphingomonas,sphingomonas lutea
Zotu4011,0.0,0.0,0.0,0.003074,0.0,0.0,0.0,0.0,bacteria,bacteroidota,cytophagia,cytophagales,cytophagaceae,rhodocytophaga,rhodocytophaga rosea
Zotu4012,0.0,0.0,0.0,0.0,0.0,0.0,0.0,0.0,bacteria,bacteroidota,cytophagia,cytophagales,fulvivirgaceae,fulvivirga,fulvivirga lutimaris
Zotu4013,0.0,0.0,0.0,0.003074,0.0,0.0,0.0,0.0,bacteria,pseudomonadota,alphaproteobacteria,rhodospirillales,acetobacteraceae,paeniroseomonas,paeniroseomonas fluminis
Zotu4014,0.0,0.0,0.0,0.0,0.0,0.0,0.0,0.0,bacteria,actinomycetota,thermoleophilia,solirubrobacterales,baekduiaceae,baekduia,baekduia soli
Zotu4015,0.0,0.0,0.0,0.0,0.003245,0.0,0.00314,0.012561,bacteria,actinomycetota,actinomycetes,micromonosporales,micromonosporaceae,pseudosporangium,pseudosporangium ferrugineum
Zotu4016,0.0,0.0,0.0,0.0,0.0,0.0,0.0,0.0,bacteria,bacillota,clostridia,eubacteriales,clostridiales family xvii. incertae sedis,thermaerobacter,thermaerobacter composti
Zotu4017,0.0,0.0,0.0,0.0,0.068155,0.0,0.0,0.0,bacteria,acidobacteriota,terriglobia,terriglobales,acidobacteriaceae,edaphobacter,edaphobacter aggregans
Zotu4019,0.003341,0.0,0.0,0.0,0.0,0.0,0.0,0.0,bacteria,pseudomonadota,alphaproteobacteria,caulobacterales,caulobacteraceae,brevundimonas,brevundimonas denitrificans
Zotu4020,0.003341,0.0,0.0,0.0,0.0,0.003173,0.00314,0.00314,archaea,methanobacteriota,thermoplasmata,methanomassiliicoccales,methanomassiliicoccaceae,methanomassiliicoccus,candidatus methanomassiliicoccus intestinalis
Zotu4021,0.0,0.0,0.0,0.0,0.0,0.012694,0.00314,0.00314,bacteria,actinomycetota,thermoleophilia,solirubrobacterales,solirubrobacteraceae,solirubrobacter,solirubrobacter phytolaccae
Zotu4022,0.003341,0.00324,0.0,0.0,0.0,0.047601,0.0,0.0,bacteria,armatimonadota,chthonomonadetes,chthonomonadales,chthonomonadaceae,chthonomonas,chthonomonas calidirosea
Zotu4023,0.0,0.0,0.0,0.0,0.006491,0.0,0.0,0.0,bacteria,thermomicrobiota,thermomicrobia,sphaerobacterales,sphaerobacteraceae,sphaerobacter,sphaerobacter thermophilus
Zotu4024,0.0,0.0,0.0,0.0,0.0,0.0,0.0,0.0,bacteria,planctomycetota,phycisphaerae,tepidisphaerales,tepidisphaeraceae,tepidisphaera,tepidisphaera mucosa
Zotu4025,0.026725,0.0,0.282387,0.0,0.006491,0.003173,0.116162,0.009421,bacteria,verrucomicrobiota,verrucomicrobiae,verrucomicrobiales,verrucomicrobia subdivision 3,pedosphaera,pedosphaera parvula
Zotu4026,0.0,0.0,0.0,0.0,0.0,0.0,0.00314,0.0,bacteria,verrucomicrobiota,verrucomicrobiae,verrucomicrobiales,verrucomicrobia subdivision 3,pedosphaera,pedosphaera parvula
Zotu4027,0.0,0.0,0.0,0.0,0.0,0.0,0.0,0.00628,bacteria,actinomycetota,actinomycetes,streptosporangiales,streptosporangiaceae,nonomuraea,nonomuraea aridisoli
Zotu4028,0.003341,0.0,0.0,0.0,0.0,0.0,0.034535,0.0,bacteria,pseudomonadota,alphaproteobacteria,rhodospirillales,azospirillaceae,niveispirillum,niveispirillum fermenti
Zotu4029,0.0,0.0,0.0,0.0,0.0,0.0,0.0,0.0,bacteria,bacillota,bacilli,bacillales,bacillaceae,alkalihalobacillus,alkalihalobacillus pseudalcaliphilus
Zotu4030,0.0,0.0,0.0,0.11067,0.0,0.0,0.0,0.0,bacteria,bacillota,clostridia,eubacteriales,clostridiales family xvii. incertae sedis,thermaerobacter,thermaerobacter subterraneus
Zotu4031,0.0,0.0,0.0,0.0,0.0,0.0,0.0,0.031402,bacteria,bacillota,bacilli,bacillales,bacillaceae,pseudoneobacillus,pseudoneobacillus rhizosphaerae
Zotu4032,0.0,0.0,0.0,0.0,0.0,0.0,0.0,0.0,bacteria,verrucomicrobiota,spartobacteria,chthoniobacterales,chthoniobacteraceae,chthoniobacter,chthoniobacter flavus
Zotu4033,0.0,0.035638,0.092014,0.0,0.0,0.0,0.0,0.0,archaea,methanobacteriota,thermoplasmata,methanomassiliicoccales,methanomassiliicoccaceae,candidatus methanogranum,thermoplasmata archaeon kjm51a
Zotu4034,0.0,0.0,0.0,0.0,0.0,0.0,0.0,0.0,bacteria,pseudomonadota,gammaproteobacteria,nevskiales,nevskiaceae,hydrocarboniphaga,hydrocarboniphaga effusa
Zotu4035,0.0,0.0,0.0,0.0,0.0,0.0,0.0,0.0,bacteria,pseudomonadota,alphaproteobacteria,rhodospirillales,acetobacteraceae,paeniroseomonas,paeniroseomonas fluminis
Zotu4036,0.0,0.0,0.0,0.0,0.0,0.0,0.0,0.0,bacteria,actinomycetota,actinomycetes,pseudonocardiales,pseudonocardiaceae,saccharothrix,saccharothrix texasensis
Zotu4037,0.0,0.0,0.0,0.0,0.0,0.0,0.0,0.00314,bacteria,actinomycetota,actinomycetes,geodermatophilales,geodermatophilaceae,blastococcus,blastococcus jejuensis
Zotu4038,0.0,0.103674,0.0,0.0,0.0,0.0,0.0,0.00314,bacteria,planctomycetota,planctomycetia,gemmatales,gemmataceae,gemmata,gemmata palustris
Zotu4039,0.026725,0.061556,0.041248,0.0,0.003245,0.0,0.00314,0.0,bacteria,acidobacteriota,vicinamibacteria,vicinamibacterales,vicinamibacteraceae,luteitalea,luteitalea pratensis
Zotu4040,0.0,0.0,0.0,0.0,0.0,0.0,0.0,0.0,bacteria,chloroflexota,chloroflexia,kallotenuales,kallotenuaceae,kallotenue,kallotenue papyrolyticum
Zotu4041,0.0,0.0,0.0,0.003074,0.003245,0.111069,0.0,0.0,bacteria,bacillota,bacilli,bacillales,planococcaceae,sporosarcina,sporosarcina pasteurii
Zotu4042,0.006681,0.0,0.0,0.0,0.032455,0.0,0.00314,0.0,bacteria,myxococcota,myxococcota,haliangiales,kofleriaceae,haliangium,haliangium ochraceum
Zotu4043,0.020043,0.016199,0.0,0.0,0.0,0.0,0.0,0.0,bacteria,verrucomicrobiota,verrucomicrobiae,limisphaerales,limisphaeraceae,limisphaera,limisphaera ngatamarikiensis
Zotu4044,0.0,0.0,0.0,0.0,0.0,0.0,0.0,0.037683,bacteria,bacillota,clostridia,eubacteriales,symbiobacteriaceae,symbiobacterium,symbiobacterium terraclitae
Zotu4045,0.016703,0.0,0.0,0.0,0.003245,0.006347,0.037674,0.031402,bacteria,gemmatimonadota,longimicrobiia,longimicrobiales,longimicrobiaceae,longimicrobium,longimicrobium terrae
Zotu4046,0.003341,0.00324,0.0,0.0,0.029209,0.0,0.0,0.00314,archaea,methanobacteriota,thermoplasmata,methanomassiliicoccales,methanomassiliicoccaceae,candidatus methanogranum,thermoplasmata archaeon kjm51a
Zotu4047,0.0,0.0,0.0,0.0,0.0,0.0,0.0,0.0,bacteria,bacteroidota,chitinophagia,chitinophagales,chitinophagaceae,flavisolibacter,flavisolibacter tropicus
Zotu4048,0.070152,0.0,0.006346,0.0,0.048682,0.003173,0.0,0.00314,bacteria,actinomycetota,acidimicrobiia,acidimicrobiales,acidimicrobiaceae,aciditerrimonas,aciditerrimonas ferrireducens
Zotu4050,0.0,0.0,0.0,0.0,0.0,0.0,0.0,0.0,bacteria,myxococcota,myxococcota,polyangiales,polyangiaceae,byssovorax,byssovorax cruenta
Zotu4051,0.0,0.0,0.0,0.0,0.0,0.003173,0.0,0.00314,bacteria,actinomycetota,actinomycetes,actinopolysporales,actinopolysporaceae,actinopolyspora,actinopolyspora saharensis
Zotu4052,0.0,0.0,0.0,0.0,0.0,0.0,0.0,0.0,bacteria,actinomycetota,actinomycetes,micrococcales,microbacteriaceae,leifsonia,leifsonia rubra
Zotu4053,0.0,0.0,0.0,0.0,0.0,0.0,0.0,0.0,bacteria,pseudomonadota,alphaproteobacteria,caulobacterales,caulobacteraceae,phenylobacterium,phenylobacterium immobile
Zotu4054,0.003341,0.0,0.006346,0.006148,0.068155,0.060294,0.0,0.0,bacteria,chloroflexota,tepidiformia,tepidiformales,tepidiformaceae,tepidiforma,tepidiforma bonchosmolovskayae
Zotu4055,0.0,0.080995,0.0,0.003074,0.006491,0.0,0.006279,0.00314,bacteria,actinomycetota,thermoleophilia,solirubrobacterales,conexibacteraceae,conexibacter,conexibacter arvalis
Zotu4056,0.016703,0.0,0.009519,0.0,0.029209,0.015867,0.006279,0.0,bacteria,chloroflexota,chloroflexota,chloroflexota,chloroflexota,thermobaculum,thermobaculum terrenum
Zotu4057,0.0,0.0,0.0,0.0,0.152538,0.0,0.00314,0.0,bacteria,planctomycetota,planctomycetia,pirellulales,pirellulaceae,blastopirellula,blastopirellula retiformator
Zotu4058,0.016703,0.00648,0.041248,0.003074,0.0,0.012694,0.018837,0.012561,bacteria,actinomycetota,rubrobacteria,gaiellales,gaiellaceae,gaiella,gaiella occulta
Zotu4059,0.0,0.0,0.0,0.0,0.0,0.0,0.0,0.0,bacteria,bacteroidota,bacteroidia,marinilabiliales,prolixibacteraceae,aquipluma,aquipluma nitroreducens
Zotu4060,0.013362,0.0,0.0,0.0,0.0,0.079335,0.0,0.0,bacteria,planctomycetota,planctomycetia,gemmatales,gemmataceae,fimbriiglobus,fimbriiglobus ruber
Zotu4061,0.0,0.0,0.0,0.0,0.0,0.0,0.0,0.0,bacteria,actinomycetota,rubrobacteria,rubrobacterales,rubrobacteraceae,rubrobacter,rubrobacter bracarensis
Zotu4062,0.0,0.0,0.0,0.003074,0.0,0.0,0.0,0.0,bacteria,bacillota,clostridia,eubacteriales,syntrophomonadaceae,syntrophothermus,syntrophothermus lipocalidus
Zotu4063,0.0,0.0,0.0,0.0,0.0,0.0,0.00314,0.0,bacteria,actinomycetota,actinomycetes,streptosporangiales,thermomonosporaceae,actinocorallia,actinocorallia longicatena
Zotu4065,0.0,0.016199,0.0,0.0,0.0,0.006347,0.0,0.0,bacteria,actinomycetota,actinomycetes,micromonosporales,micromonosporaceae,plantactinospora,plantactinospora mayteni
Zotu4066,0.0,0.00324,0.0,0.0,0.0,0.0,0.00314,0.0,bacteria,thermomicrobiota,thermomicrobia,sphaerobacterales,sphaerobacteraceae,sphaerobacter,sphaerobacter thermophilus
Zotu4067,0.0,0.0,0.0,0.0,0.0,0.0,0.0,0.0,bacteria,pseudomonadota,alphaproteobacteria,sphingomonadales,sphingomonadaceae,sphingomonas,sphingomonas ginkgonis
Zotu4069,0.0,0.032398,0.0,0.0,0.0,0.0,0.0,0.0,bacteria,pseudomonadota,gammaproteobacteria,gammaproteobacteria,gammaproteobacteria,acidibacter,acidibacter ferrireducens
Zotu4070,0.0,0.0,0.0,0.0,0.0,0.0,0.0,0.00314,bacteria,pseudomonadota,betaproteobacteria,burkholderiales,burkholderiaceae,pandoraea,pandoraea thiooxydans
Zotu4071,0.016703,0.0,0.088841,0.0,0.0,0.0,0.0,0.0,bacteria,actinomycetota,thermoleophilia,miltoncostaeales,miltoncostaeaceae,miltoncostaea,miltoncostaea oceani
Zotu4072,0.0,0.0,0.0,0.0,0.0,0.0,0.0,0.0,bacteria,actinomycetota,rubrobacteria,rubrobacterales,rubrobacteraceae,rubrobacter,rubrobacter naiadicus
Zotu4073,0.0,0.0,0.003173,0.0,0.0,0.057121,0.056511,0.009421,bacteria,actinomycetota,acidimicrobiia,acidimicrobiales,acidimicrobiaceae,aciditerrimonas,aciditerrimonas ferrireducens
Zotu4074,0.0,0.0,0.0,0.0,0.0,0.0,0.0,0.0,bacteria,bacillota,clostridia,eubacteriales,symbiobacteriaceae,symbiobacterium,symbiobacterium terraclitae
Zotu4075,0.0,0.0,0.0,0.0,0.0,0.0,0.00314,0.0,bacteria,pseudomonadota,alphaproteobacteria,sphingomonadales,erythrobacteraceae,tsuneonella,tsuneonella troitsensis
Zotu4076,0.0,0.0,0.0,0.0,0.0,0.0,0.0,0.0,bacteria,pseudomonadota,alphaproteobacteria,sphingomonadales,sphingosinicellaceae,pedomonas,pedomonas mirosovicensis
Zotu4077,0.0,0.0,0.0,0.0,0.0,0.0,0.0,0.0,bacteria,gemmatimonadota,longimicrobiia,longimicrobiales,longimicrobiaceae,longimicrobium,longimicrobium terrae
Zotu4078,0.003341,0.0,0.003173,0.0,0.0,0.0,0.0,0.00314,bacteria,chloroflexota,chloroflexia,kallotenuales,kallotenuaceae,kallotenue,kallotenue papyrolyticum
Zotu4079,0.0,0.0,0.0,0.0,0.0,0.0,0.0,0.0,archaea,methanobacteriota,thermoplasmata,methanomassiliicoccales,methanomassiliicoccaceae,methanomassiliicoccus,candidatus methanomassiliicoccus intestinalis
Zotu4080,0.0,0.012959,0.076149,0.0,0.0,0.0,0.028256,0.0,bacteria,thermodesulfobacteriota,desulfobulbia,desulfobulbales,desulfobulbaceae,desulfolithobacter,desulfolithobacter dissulfuricans
Zotu4081,0.036746,0.0,0.0,0.0,0.0,0.0,0.0,0.0,archaea,nitrososphaerota,nitrososphaeria,nitrososphaerales,nitrososphaeraceae,nitrososphaera,candidatus nitrososphaera gargensis
Zotu4082,0.0,0.0,0.0,0.126041,0.0,0.0,0.0,0.0,bacteria,acidobacteriota,blastocatellia,blastocatellales,blastocatellaceae,stenotrophobacter,stenotrophobacter terrae
Zotu4084,0.0,0.0,0.003173,0.0,0.0,0.0,0.0,0.0,bacteria,gemmatimonadota,gemmatimonadetes,gemmatimonadales,gemmatimonadaceae,gemmatimonas,gemmatimonas phototrophica
Zotu4085,0.003341,0.0,0.092014,0.0,0.0,0.0,0.0,0.0,bacteria,verrucomicrobiota,verrucomicrobiae,limisphaerales,fontisphaeraceae,fontisphaera,fontisphaera persica
Zotu4086,0.003341,0.0,0.003173,0.0,0.0,0.0,0.0,0.00314,bacteria,pseudomonadota,alphaproteobacteria,sphingomonadales,sphingomonadaceae,sphingomonas,sphingomonas montis
Zotu4087,0.003341,0.00324,0.0,0.0,0.006491,0.0,0.116162,0.0,bacteria,actinomycetota,acidimicrobiia,acidimicrobiales,acidimicrobiaceae,aciditerrimonas,aciditerrimonas ferrireducens
Zotu4088,0.0,0.0,0.0,0.0,0.0,0.0,0.0,0.0,bacteria,thermodesulfobacteriota,desulfuromonadia,desulfuromonadales,desulfuromonadaceae,desulfuromonas,desulfuromonas acetexigens
Zotu4089,0.0,0.0,0.0,0.0,0.0,0.0,0.0,0.0,bacteria,actinomycetota,actinomycetia,streptosporangiales,streptosporangiaceae,thermobispora,thermobispora bispora
Zotu4090,0.0,0.0,0.0,0.0,0.0,0.0,0.00314,0.0,bacteria,actinomycetota,thermoleophilia,solirubrobacterales,solirubrobacteraceae,solirubrobacter,solirubrobacter ginsenosidimutans
Zotu4091,0.013362,0.00324,0.0,0.0,0.003245,0.057121,0.144418,0.109907,archaea,methanobacteriota,thermoplasmata,methanomassiliicoccales,methanomassiliicoccaceae,methanomassiliicoccus,candidatus methanomassiliicoccus intestinalis
Zotu4092,0.0,0.0,0.0,0.0,0.0,0.0,0.0,0.0,bacteria,actinomycetota,actinomycetes,propionibacteriales,nocardioidaceae,nocardioides,nocardioides iriomotensis
Zotu4093,0.0,0.0,0.0,0.0,0.0,0.0,0.0,0.0,bacteria,chloroflexota,chloroflexia,kallotenuales,kallotenuaceae,kallotenue,kallotenue papyrolyticum
Zotu4094,0.0,0.0,0.0,0.0,0.0,0.0,0.0,0.0,bacteria,verrucomicrobiota,verrucomicrobiae,verrucomicrobiales,verrucomicrobia subdivision 3,pedosphaera,pedosphaera parvula
Zotu4095,0.0,0.0,0.0,0.0,0.0,0.0,0.0,0.0,bacteria,pseudomonadota,betaproteobacteria,burkholderiales,oxalobacteraceae,noviherbaspirillum,noviherbaspirillum suwonense
Zotu4096,0.050109,0.022679,0.0,0.0,0.0,0.0,0.0,0.0,bacteria,chloroflexota,caldilineae,caldilineales,caldilineaceae,litorilinea,litorilinea aerophila
Zotu4097,0.0,0.0,0.0,0.0,0.0,0.003173,0.0,0.0,bacteria,bacteroidota,cytophagia,cytophagales,marivirgaceae,marivirga,marivirga lumbricoides
Zotu4098,0.006681,0.0,0.0,0.0,0.0,0.0,0.0,0.0,bacteria,pseudomonadota,gammaproteobacteria,nevskiales,nevskiaceae,stagnimonas,stagnimonas aquatica
Zotu4099,0.0,0.074516,0.0,0.0,0.003245,0.0,0.0,0.0,bacteria,actinomycetota,rubrobacteria,gaiellales,gaiellaceae,gaiella,gaiella occulta
Zotu4100,0.0,0.0,0.0,0.0,0.0,0.0,0.0,0.0,bacteria,actinomycetota,acidimicrobiia,acidimicrobiales,ilumatobacteraceae,ilumatobacter,ilumatobacter fluminis
Zotu4101,0.020043,0.0,0.0,0.0,0.0,0.0,0.0,0.0,bacteria,pseudomonadota,deltaproteobacteria,myxococcales,kofleriaceae,kofleria,kofleria flava
Zotu4102,0.0,0.0,0.0,0.0,0.0,0.0,0.0,0.0,bacteria,planctomycetota,planctomycetia,pirellulales,thermoguttaceae,thermostilla,thermostilla marina
Zotu4103,0.0,0.0,0.0,0.0,0.0,0.0,0.0,0.0,bacteria,actinomycetota,actinomycetes,propionibacteriales,nocardioidaceae,nocardioides,nocardioides ganghwensis
Zotu4104,0.0,0.0,0.0,0.0,0.0,0.0,0.0,0.0,bacteria,pseudomonadota,gammaproteobacteria,nevskiales,nevskiaceae,nevskia,nevskia terrae
Zotu4105,0.010022,0.022679,0.0,0.0,0.0,0.0,0.0,0.0,bacteria,planctomycetota,planctomycetia,pirellulales,lacipirellulaceae,pirellulimonas,pirellulimonas nuda
Zotu4106,0.0,0.0,0.0,0.0,0.0,0.003173,0.0,0.0,bacteria,planctomycetota,planctomycetia,gemmatales,gemmataceae,zavarzinella,zavarzinella formosa
Zotu4107,0.146985,0.0,0.0,0.0,0.0,0.0,0.006279,0.0,archaea,methanobacteriota,thermoplasmata,methanomassiliicoccales,methanomassiliicoccaceae,methanomassiliicoccus,methanomassiliicoccus luminyensis
Zotu4108,0.0,0.0,0.0,0.0,0.0,0.0,0.0,0.0,bacteria,actinomycetota,acidimicrobiia,acidimicrobiales,acidimicrobiaceae,aciditerrimonas,aciditerrimonas ferrireducens
Zotu4109,0.0,0.0,0.0,0.0,0.0,0.0,0.0,0.0,bacteria,actinomycetota,actinomycetia,streptosporangiales,streptosporangiaceae,nonomuraea,nonomuraea salmonea
Zotu4110,0.0,0.0,0.0,0.0,0.0,0.0,0.0,0.0,bacteria,bacteroidota,cytophagia,cytophagales,hymenobacteraceae,adhaeribacter,adhaeribacter rhizoryzae
Zotu4111,0.013362,0.068036,0.0,0.0,0.0,0.0,0.0,0.0,bacteria,pseudomonadota,alphaproteobacteria,geminicoccales,geminicoccaceae,arboricoccus,arboricoccus pini
Zotu4112,0.0,0.0,0.0,0.0,0.0,0.0,0.0,0.0,bacteria,acidobacteriota,blastocatellia,blastocatellales,arenimicrobiaceae,brevitalea,brevitalea aridisoli
Zotu4113,0.023384,0.0,0.0,0.0,0.0,0.0,0.0,0.0,archaea,methanobacteriota,thermoplasmata,methanomassiliicoccales,methanomassiliicoccaceae,methanomassiliicoccus,candidatus methanomassiliicoccus intestinalis
Zotu4114,0.0,0.0,0.0,0.0,0.0,0.0,0.0,0.0,bacteria,bacteroidota,cytophagia,cytophagales,hymenobacteraceae,adhaeribacter,adhaeribacter radiodurans
Zotu4115,0.130282,0.0,0.0,0.0,0.0,0.0,0.0,0.0,archaea,methanobacteriota,methanococci,methanococcales,methanocaldococcaceae,methanotorris,methanotorris formicicus
Zotu4116,0.0,0.0,0.0,0.0,0.0,0.0,0.0,0.0,archaea,methanobacteriota,halobacteria,halobacteriales,halobacteriaceae,haloquadratum,haloquadratum walsbyi
Zotu4117,0.0,0.0,0.0,0.0,0.0,0.0,0.0,0.0,bacteria,actinomycetota,actinomycetes,streptosporangiales,thermomonosporaceae,actinocorallia,actinocorallia longicatena
Zotu4118,0.0,0.0,0.0,0.0,0.0,0.003173,0.0,0.0,bacteria,bacteroidota,chitinophagia,chitinophagales,chitinophagaceae,flavisolibacter,flavisolibacter ginsengiterrae
Zotu4120,0.0,0.0,0.0,0.0,0.0,0.0,0.0,0.0,bacteria,bacillota,bacilli,bacillales,thermoactinomycetaceae,desmospora,desmospora profundinema
Zotu4121,0.0,0.0,0.0,0.0,0.0,0.0,0.00314,0.0,bacteria,acidobacteriota,vicinamibacteria,vicinamibacterales,vicinamibacteraceae,vicinamibacter,vicinamibacter silvestris
Zotu4122,0.0,0.051837,0.034902,0.0,0.0,0.0,0.00314,0.0,bacteria,chloroflexota,caldilineae,caldilineales,caldilineaceae,caldilinea,caldilinea tarbellica
Zotu4123,0.0,0.0,0.0,0.0,0.0,0.0,0.0,0.0,bacteria,deinococcota,deinococci,trueperales,trueperaceae,truepera,truepera radiovictrix
Zotu4124,0.050109,0.0,0.0,0.0,0.058419,0.0,0.0,0.0,bacteria,pseudomonadota,alphaproteobacteria,hyphomicrobiales,hyphomicrobiaceae,rhodoplanes,rhodoplanes elegans
Zotu4125,0.0,0.0,0.0,0.0,0.003245,0.0,0.0,0.0,bacteria,actinomycetota,actinomycetes,propionibacteriales,nocardioidaceae,nocardioides,nocardioides rubriscoriae
Zotu4126,0.0,0.0,0.161817,0.0,0.0,0.0,0.0,0.0,archaea,methanobacteriota,thermoplasmata,methanomassiliicoccales,methanomassiliicoccaceae,methanomassiliicoccus,candidatus methanomassiliicoccus intestinalis
Zotu4127,0.0,0.0,0.0,0.0,0.0,0.0,0.0,0.0,bacteria,planctomycetota,phycisphaerae,tepidisphaerales,tepidisphaeraceae,tepidisphaera,tepidisphaera mucosa
Zotu4128,0.0,0.0,0.0,0.003074,0.0,0.0,0.0,0.0,bacteria,gemmatimonadota,gemmatimonadetes,gemmatimonadales,gemmatimonadaceae,roseisolibacter,roseisolibacter agri
Zotu4129,0.0,0.0,0.0,0.0,0.0,0.0,0.0,0.0,bacteria,planctomycetota,planctomycetia,pirellulales,lacipirellulaceae,posidoniimonas,posidoniimonas corsicana
Zotu4130,0.046768,0.0,0.0,0.0,0.0,0.0,0.043953,0.0,bacteria,chloroflexota,chloroflexia,chloroflexales,roseiflexaceae,kouleothrix,kouleothrix aurantiaca
Zotu4131,0.0,0.0,0.0,0.0,0.0,0.0,0.0,0.0,archaea,methanobacteriota,thermoplasmata,methanomassiliicoccales,methanomassiliicoccaceae,methanomassiliicoccus,candidatus methanomassiliicoccus intestinalis
Zotu4132,0.0,0.0,0.0,0.0,0.0,0.0,0.006279,0.0,bacteria,pseudomonadota,alphaproteobacteria,hyphomicrobiales,methylobacteriaceae,microvirga,microvirga lenta
Zotu4133,0.003341,0.00324,0.0,0.003074,0.0,0.0,0.012558,0.034542,bacteria,bacillota,bacilli,bacillales,paenibacillaceae,paenibacillus,paenibacillus antri
Zotu4134,0.0,0.0,0.0,0.0,0.0,0.0,0.0,0.0,bacteria,actinomycetota,acidimicrobiia,acidimicrobiales,iamiaceae,aquihabitans,aquihabitans daechungensis
Zotu4135,0.016703,0.00324,0.0,0.0,0.055173,0.0,0.0,0.00314,bacteria,acidobacteriota,vicinamibacteria,vicinamibacterales,vicinamibacteraceae,vicinamibacter,vicinamibacter silvestris
Zotu4136,0.0,0.0,0.0,0.003074,0.0,0.0,0.0,0.0,bacteria,pseudomonadota,betaproteobacteria,burkholderiales,comamonadaceae,ramlibacter,ramlibacter ginsenosidimutans
Zotu4137,0.0,0.00324,0.0,0.0,0.0,0.0,0.00314,0.00314,bacteria,actinomycetota,actinomycetes,micrococcales,promicromonosporaceae,xylanimonas,xylanimonas oleitrophica
Zotu4138,0.0,0.0,0.0,0.0,0.0,0.0,0.0,0.0,bacteria,bacillota,negativicutes,selenomonadales,sporomusaceae,sporomusa,sporomusa acidovorans
Zotu4139,0.0,0.00324,0.0,0.0,0.0,0.0,0.0,0.0,bacteria,actinomycetota,thermoleophilia,solirubrobacterales,solirubrobacteraceae,solirubrobacter,solirubrobacter phytolaccae
Zotu4140,0.0,0.0,0.0,0.0,0.0,0.0,0.0,0.0,bacteria,actinomycetota,actinomycetes,pseudonocardiales,pseudonocardiaceae,saccharopolyspora,saccharopolyspora rosea
Zotu4141,0.003341,0.0,0.0,0.0,0.0,0.003173,0.0,0.0,archaea,methanobacteriota,thermoplasmata,methanomassiliicoccales,methanomassiliicoccaceae,methanomassiliicoccus,candidatus methanomassiliicoccus intestinalis
Zotu4142,0.0,0.00324,0.0,0.092225,0.003245,0.0,0.0,0.0,bacteria,acidobacteriota,blastocatellia,blastocatellales,blastocatellaceae,stenotrophobacter,stenotrophobacter terrae
Zotu4143,0.0,0.00324,0.003173,0.0,0.0,0.012694,0.0,0.009421,bacteria,thermotogota,thermotogae,thermotogales,fervidobacteriaceae,thermosipho,thermosipho geolei
Zotu4144,0.0,0.0,0.0,0.0,0.0,0.0,0.0,0.0,bacteria,acidobacteriota,vicinamibacteria,vicinamibacterales,vicinamibacteraceae,luteitalea,luteitalea pratensis
Zotu4145,0.0,0.0,0.0,0.0,0.0,0.0,0.0,0.00314,bacteria,bacteroidota,cytophagia,cytophagales,hymenobacteraceae,adhaeribacter,adhaeribacter radiodurans
Zotu4146,0.0,0.0,0.0,0.0,0.0,0.0,0.0,0.0,bacteria,elusimicrobiota,endomicrobia,endomicrobiales,endomicrobiaceae,candidatus endomicrobium,candidatus endomicrobium pyrsonymphae
Zotu4147,0.0,0.0,0.0,0.0,0.0,0.0,0.0,0.00314,bacteria,bacteroidota,bacteroidia,marinilabiliales,prolixibacteraceae,aquipluma,aquipluma nitroreducens
Zotu4148,0.0,0.00324,0.0,0.0,0.0,0.0,0.0,0.0,bacteria,chloroflexota,chloroflexia,herpetosiphonales,herpetosiphonaceae,herpetosiphon,herpetosiphon aurantiacus
Zotu4149,0.153666,0.0,0.0,0.0,0.0,0.0,0.0,0.0,bacteria,thermodesulfobacteriota,desulfuromonadia,desulfuromonadales,desulfuromonadaceae,desulfuromonas,desulfuromonas thiophila
Zotu4150,0.0,0.0,0.0,0.0,0.0,0.0,0.0,0.0,bacteria,pseudomonadota,deltaproteobacteria,syntrophobacterales,syntrophobacteraceae,desulfacinum,desulfacinum subterraneum
Zotu4151,0.0,0.0,0.0,0.0,0.0,0.0,0.0,0.0,bacteria,pseudomonadota,alphaproteobacteria,hyphomicrobiales,methylobacteriaceae,microvirga,microvirga zambiensis
Zotu4152,0.0,0.0,0.0,0.0,0.0,0.0,0.0,0.0,bacteria,bacteroidota,cytophagia,cytophagales,hymenobacteraceae,nibribacter,nibribacter ruber
Zotu4153,0.0,0.0,0.0,0.0,0.0,0.0,0.0,0.0,bacteria,pseudomonadota,alphaproteobacteria,caulobacterales,caulobacteraceae,brevundimonas,brevundimonas lutea
Zotu4155,0.0,0.0,0.0,0.0,0.0,0.0,0.0,0.0,bacteria,actinomycetota,actinomycetia,propionibacteriales,nocardioidaceae,nocardioides,nocardioides furvisabuli
Zotu4156,0.0,0.0,0.0,0.0,0.0,0.0,0.0,0.0,bacteria,pseudomonadota,betaproteobacteria,burkholderiales,oxalobacteraceae,noviherbaspirillum,noviherbaspirillum autotrophicum
Zotu4157,0.0,0.0,0.0,0.0,0.0,0.0,0.0,0.0,bacteria,actinomycetota,acidimicrobiia,acidimicrobiales,iamiaceae,actinomarinicola,actinomarinicola tropica
Zotu4158,0.0,0.0,0.0,0.0,0.0,0.0,0.0,0.0,bacteria,pseudomonadota,alphaproteobacteria,sphingomonadales,sphingomonadaceae,sphingomonas,sphingomonas ginkgonis
Zotu4159,0.0,0.0,0.0,0.0,0.0,0.0,0.0,0.0,bacteria,thermodesulfobacteriota,desulfuromonadia,desulfuromonadales,desulfuromonadaceae,pelobacter,pelobacter seleniigenes
Zotu4160,0.0,0.00324,0.0,0.11067,0.0,0.0,0.0,0.0,bacteria,actinomycetota,rubrobacteria,gaiellales,gaiellaceae,gaiella,gaiella occulta
Zotu4161,0.0,0.0,0.0,0.0,0.0,0.0,0.0,0.0,bacteria,bacillota,clostridia,eubacteriales,symbiobacteriaceae,symbiobacterium,symbiobacterium terraclitae
Zotu4163,0.0,0.00324,0.0,0.0,0.0,0.0,0.0,0.0,bacteria,bacillota,clostridia,eubacteriales,symbiobacteriaceae,symbiobacterium,symbiobacterium terraclitae
Zotu4164,0.0,0.0,0.006346,0.0,0.0,0.0,0.040814,0.0,bacteria,chloroflexota,chloroflexia,kallotenuales,kallotenuaceae,kallotenue,kallotenue papyrolyticum
Zotu4165,0.0,0.0,0.0,0.0,0.0,0.003173,0.0,0.00314,bacteria,actinomycetota,actinomycetes,kitasatosporales,streptomycetaceae,streptomyces,streptomyces tauricus
Zotu4166,0.0,0.0,0.0,0.0,0.0,0.0,0.0,0.0,bacteria,actinomycetota,nitriliruptoria,euzebyales,euzebyaceae,euzebya,euzebya tangerina
Zotu4167,0.0,0.035638,0.0,0.0,0.0,0.0,0.00314,0.0,bacteria,verrucomicrobiota,verrucomicrobiae,verrucomicrobiales,verrucomicrobia subdivision 3,pedosphaera,pedosphaera parvula
Zotu4168,0.0,0.048597,0.0,0.0,0.0,0.0,0.0,0.0,bacteria,pseudomonadota,deltaproteobacteria,myxococcales,anaeromyxobacteraceae,anaeromyxobacter,anaeromyxobacter dehalogenans
Zotu4170,0.010022,0.009719,0.025383,0.0,0.003245,0.0,0.0,0.0,bacteria,actinomycetota,thermoleophilia,solirubrobacterales,baekduiaceae,baekduia,baekduia soli
Zotu4171,0.0,0.0,0.0,0.0,0.0,0.0,0.0,0.0,bacteria,pseudomonadota,alphaproteobacteria,sphingomonadales,sphingomonadaceae,sphingomonas,sphingomonas dokdonensis
Zotu4172,0.0,0.0,0.0,0.0,0.0,0.0,0.0,0.0,bacteria,bacteroidota,cytophagia,cytophagales,hymenobacteraceae,rufibacter,rufibacter hautae
Zotu4173,0.0,0.0,0.0,0.0,0.0,0.0,0.0,0.0,bacteria,bacteroidota,cytophagia,cytophagales,cytophagaceae,chryseosolibacter,chryseosolibacter indicus
Zotu4174,0.0,0.0,0.003173,0.0,0.0,0.0,0.0,0.0,bacteria,myxococcota,myxococcota,haliangiales,kofleriaceae,haliangium,haliangium ochraceum
Zotu4176,0.0,0.0,0.0,0.0,0.0,0.0,0.0,0.0,bacteria,pseudomonadota,betaproteobacteria,burkholderiales,burkholderiaceae,quisquiliibacterium,quisquiliibacterium transsilvanicum
Zotu4177,0.0,0.0,0.0,0.0,0.0,0.0,0.0,0.0,bacteria,actinomycetota,actinomycetes,kitasatosporales,streptomycetaceae,streptomyces,streptomyces baliensis
Zotu4178,0.023384,0.0,0.0,0.0,0.0,0.0,0.0,0.0,bacteria,verrucomicrobiota,opitutae,opitutales,opitutaceae,horticoccus,horticoccus luteus
Zotu4179,0.0,0.0,0.003173,0.0,0.0,0.0,0.00314,0.0,bacteria,actinomycetota,actinomycetes,sporichthyales,sporichthyaceae,sporichthya,sporichthya polymorpha
Zotu4181,0.0,0.0,0.0,0.0,0.0,0.0,0.0,0.0,bacteria,chloroflexota,chloroflexia,kallotenuales,kallotenuaceae,kallotenue,kallotenue papyrolyticum
Zotu4182,0.006681,0.025918,0.0,0.0,0.0,0.0,0.0,0.0,bacteria,bacillota,bacilli,bacillales,paenibacillaceae,paenibacillus,paenibacillus antri
Zotu4185,0.006681,0.022679,0.0,0.043039,0.042191,0.0,0.0,0.00314,bacteria,bacillota,bacilli,bacillales,bacillaceae,bacillus,bacillus sonorensis
Zotu4186,0.0,0.00324,0.0,0.003074,0.0,0.063468,0.025116,0.0,bacteria,actinomycetota,acidimicrobiia,acidimicrobiales,acidimicrobiaceae,aciditerrimonas,aciditerrimonas ferrireducens
Zotu4187,0.0,0.0,0.0,0.0,0.0,0.0,0.0,0.00314,bacteria,bacillota,bacilli,bacillales,bacillaceae,pseudalkalibacillus,pseudalkalibacillus decolorationis
Zotu4188,0.003341,0.0,0.0,0.0,0.0,0.0,0.00314,0.056524,bacteria,pseudomonadota,deltaproteobacteria,myxococcales,polyangiaceae,polyangium,polyangium thaxteri
Zotu4189,0.006681,0.042118,0.0,0.0,0.061664,0.0,0.00314,0.0,bacteria,pseudomonadota,alphaproteobacteria,hyphomicrobiales,hyphomicrobiaceae,hyphomicrobium,hyphomicrobium vulgare
Zotu4190,0.0,0.0,0.0,0.003074,0.0,0.0,0.0,0.0,bacteria,pseudomonadota,alphaproteobacteria,hyphomicrobiales,methylobacteriaceae,microvirga,microvirga aerilata
Zotu4191,0.003341,0.0,0.003173,0.0,0.0,0.0,0.0,0.00314,bacteria,thermodesulfobacteriota,desulfuromonadia,geobacterales,geobacteraceae,geobacter,geobacter anodireducens
Zotu4192,0.0,0.0,0.0,0.0,0.0,0.0,0.00314,0.0,bacteria,chloroflexota,ktedonobacteria,ktedonobacterales,ktedonosporobacteraceae,ktedonosporobacter,ktedonosporobacter rubrisoli
Zotu4193,0.0,0.0,0.0,0.0,0.0,0.003173,0.0,0.009421,bacteria,bacteroidota,cytophagia,cytophagales,spirosomataceae,telluribacter,telluribacter humicola
Zotu4194,0.0,0.0,0.0,0.0,0.0,0.0,0.0,0.0,bacteria,actinomycetota,actinomycetes,propionibacteriales,nocardioidaceae,nocardioides,nocardioides lentus
Zotu4195,0.0,0.0,0.0,0.0,0.0,0.0,0.018837,0.0,bacteria,myxococcota,myxococcota,polyangiales,polyangiaceae,byssovorax,byssovorax cruenta
Zotu4197,0.003341,0.0,0.0,0.0,0.0,0.0,0.0,0.0,bacteria,bacillota,clostridia,eubacteriales,thermincolaceae,thermincola,thermincola ferriacetica
Zotu4198,0.0,0.0,0.0,0.0,0.0,0.0,0.006279,0.059664,bacteria,abditibacteriota,abditibacteriia,abditibacteriales,abditibacteriaceae,abditibacterium,abditibacterium utsteinense
Zotu4199,0.0,0.0,0.0,0.0,0.0,0.0,0.0,0.0,bacteria,actinomycetota,rubrobacteria,gaiellales,gaiellaceae,gaiella,gaiella occulta
Zotu4200,0.0,0.0,0.0,0.0,0.068155,0.050774,0.0,0.0,bacteria,chloroflexota,chloroflexia,chloroflexales,roseiflexaceae,kouleothrix,kouleothrix aurantiaca
Zotu4201,0.003341,0.00324,0.0,0.0,0.0,0.0,0.00314,0.00314,bacteria,verrucomicrobiota,spartobacteria,chthoniobacterales,chthoniobacteraceae,chthoniobacter,chthoniobacter flavus
Zotu4202,0.003341,0.0,0.038075,0.0,0.055173,0.0,0.0,0.0,bacteria,bacillota,bacilli,bacillales,bacillaceae,calditerricola,calditerricola yamamurae
Zotu4203,0.006681,0.00324,0.0,0.0,0.0,0.003173,0.0,0.0,bacteria,pseudomonadota,alphaproteobacteria,maricaulales,maricaulaceae,marinicauda,marinicauda algicola
Zotu4204,0.003341,0.0,0.0,0.0,0.0,0.0,0.00314,0.021981,bacteria,chloroflexota,chloroflexia,kallotenuales,kallotenuaceae,kallotenue,kallotenue papyrolyticum
Zotu4205,0.0,0.0,0.0,0.0,0.006491,0.003173,0.0,0.0,bacteria,pseudomonadota,betaproteobacteria,burkholderiales,burkholderiales,leptothrix,leptothrix ginsengisoli
Zotu4206,0.013362,0.009719,0.0,0.003074,0.0,0.0,0.0,0.00314,bacteria,actinomycetota,thermoleophilia,solirubrobacterales,solirubrobacteraceae,solirubrobacter,solirubrobacter phytolaccae
Zotu4207,0.0,0.0,0.0,0.0,0.003245,0.0,0.00314,0.0,bacteria,verrucomicrobiota,verrucomicrobiae,verrucomicrobiales,verrucomicrobia subdivision 3,pedosphaera,pedosphaera parvula
Zotu4208,0.006681,0.0,0.003173,0.003074,0.055173,0.0,0.00314,0.00314,bacteria,acidobacteriota,acidobacteriia,acidobacteriales,acidobacteriaceae,edaphobacter,edaphobacter modestum
Zotu4209,0.0,0.0,0.0,0.0,0.0,0.0,0.0,0.0,bacteria,pseudomonadota,alphaproteobacteria,sphingomonadales,sphingomonadaceae,sphingomonas,sphingomonas parvus
Zotu4210,0.0,0.0,0.0,0.0,0.0,0.0,0.0,0.00314,bacteria,pseudomonadota,alphaproteobacteria,hyphomicrobiales,devosiaceae,devosia,devosia submarina
Zotu4211,0.0,0.0,0.0,0.0,0.0,0.0,0.0,0.0,bacteria,myxococcota,myxococcia,myxococcales,archangiaceae,hyalangium,hyalangium minutum
Zotu4212,0.0,0.00324,0.0,0.0,0.0,0.0,0.0,0.0,bacteria,bacteroidota,chitinophagia,chitinophagales,chitinophagaceae,segetibacter,segetibacter aerophilus
Zotu4213,0.0,0.0,0.0,0.0,0.0,0.0,0.0,0.0,bacteria,pseudomonadota,alphaproteobacteria,sphingomonadales,sphingosinicellaceae,sphingoaurantiacus,sphingoaurantiacus polygranulatus
Zotu4214,0.0,0.00324,0.0,0.0,0.0,0.0,0.0,0.0,bacteria,gemmatimonadota,longimicrobiia,longimicrobiales,longimicrobiaceae,longimicrobium,longimicrobium terrae
Zotu4215,0.0,0.0,0.0,0.003074,0.0,0.0,0.00314,0.0,bacteria,bacillota,clostridia,eubacteriales,oscillospiraceae,ruminococcus,ruminococcus bromii
Zotu4216,0.003341,0.0,0.0,0.0,0.0,0.0,0.0,0.0,bacteria,chloroflexota,anaerolineae,anaerolineales,anaerolineaceae,thermomarinilinea,thermomarinilinea lacunifontana
Zotu4217,0.0,0.0,0.0,0.0,0.0,0.0,0.0,0.0,bacteria,bacillota,bacilli,lactobacillales,carnobacteriaceae,marinilactibacillus,marinilactibacillus piezotolerans
Zotu4218,0.003341,0.239746,0.003173,0.0,0.0,0.0,0.0,0.0,bacteria,pseudomonadota,betaproteobacteria,nitrosomonadales,thiobacillaceae,annwoodia,annwoodia aquaesulis
Zotu4219,0.0,0.0,0.0,0.0,0.0,0.0,0.0,0.0,bacteria,actinomycetota,actinomycetes,motilibacterales,vallicoccaceae,vallicoccus,vallicoccus soli
Zotu4220,0.0,0.0,0.0,0.0,0.0,0.0,0.0,0.0,bacteria,bacteroidota,cytophagia,cytophagales,cytophagaceae,rhodocytophaga,rhodocytophaga aerolata
Zotu4221,0.0,0.0,0.0,0.0,0.0,0.0,0.0,0.0,bacteria,actinomycetota,actinomycetes,propionibacteriales,nocardioidaceae,nocardioides,nocardioides caricicola
Zotu4222,0.016703,0.00324,0.003173,0.0,0.074646,0.003173,0.0,0.0,bacteria,actinomycetota,rubrobacteria,gaiellales,gaiellaceae,gaiella,gaiella occulta
Zotu4223,0.0,0.0,0.0,0.0,0.0,0.003173,0.0,0.0,bacteria,actinomycetota,thermoleophilia,solirubrobacterales,baekduiaceae,baekduia,baekduia soli
Zotu4224,0.0,0.0,0.123743,0.0,0.0,0.0,0.0,0.0,bacteria,planctomycetota,planctomycetia,pirellulales,pirellulaceae,lignipirellula,lignipirellula cremea
Zotu4225,0.003341,0.0,0.003173,0.0,0.0,0.0,0.025116,0.0,bacteria,acidobacteriota,blastocatellia,blastocatellales,blastocatellaceae,stenotrophobacter,stenotrophobacter terrae
Zotu4226,0.0,0.00324,0.0,0.0,0.006491,0.0,0.0,0.0,bacteria,planctomycetota,planctomycetia,planctomycetales,planctomycetaceae,planctopirus,planctopirus limnophila
Zotu4227,0.0,0.0,0.0,0.0,0.0,0.0,0.0,0.00314,bacteria,myxococcota,myxococcota,polyangiales,polyangiaceae,racemicystis,racemicystis persica
Zotu4228,0.0,0.0,0.0,0.0,0.0,0.0,0.0,0.0,bacteria,acidobacteriota,vicinamibacteria,vicinamibacterales,vicinamibacteraceae,vicinamibacter,vicinamibacter silvestris
Zotu4230,0.016703,0.009719,0.0,0.003074,0.068155,0.015867,0.0,0.0,bacteria,bacillota,clostridia,eubacteriales,clostridiales family xvii. incertae sedis,thermaerobacter,thermaerobacter composti
Zotu4231,0.0,0.0,0.0,0.0,0.0,0.0,0.0,0.0,bacteria,chloroflexota,thermomicrobia,sphaerobacterales,sphaerobacteraceae,sphaerobacter,sphaerobacter thermophilus
Zotu4232,0.0,0.016199,0.0,0.003074,0.084383,0.0,0.0,0.0,bacteria,planctomycetota,planctomycetia,pirellulales,lacipirellulaceae,pirellulimonas,pirellulimonas nuda
Zotu4233,0.016703,0.0,0.0,0.0,0.0,0.0,0.0,0.0,bacteria,pseudomonadota,alphaproteobacteria,hyphomicrobiales,phyllobacteriaceae,mesorhizobium,mesorhizobium terrae
Zotu4236,0.0,0.009719,0.025383,0.0,0.0,0.006347,0.0,0.009421,bacteria,actinomycetota,rubrobacteria,gaiellales,gaiellaceae,gaiella,gaiella occulta
Zotu4237,0.0,0.0,0.0,0.0,0.0,0.0,0.0,0.00314,bacteria,pseudomonadota,alphaproteobacteria,rhodospirillales,acetobacteraceae,gluconacetobacter,gluconacetobacter liquefaciens
Zotu4238,0.0,0.0,0.0,0.0,0.0,0.0,0.0,0.0,bacteria,actinomycetota,acidimicrobiia,acidimicrobiales,acidimicrobiaceae,aciditerrimonas,aciditerrimonas ferrireducens
Zotu4239,0.0,0.0,0.0,0.0,0.0,0.0,0.0,0.0,bacteria,planctomycetota,planctomycetia,gemmatales,gemmataceae,gemmata,gemmata obscuriglobus
Zotu4240,0.0,0.0,0.0,0.003074,0.0,0.0,0.0,0.0,bacteria,pseudomonadota,betaproteobacteria,burkholderiales,burkholderiales,tepidimonas,tepidimonas arfidensis
Zotu4241,0.0,0.0,0.0,0.0,0.0,0.0,0.0,0.0,bacteria,chloroflexota,tepidiformia,tepidiformales,tepidiformaceae,tepidiforma,tepidiforma bonchosmolovskayae
Zotu4242,0.0,0.0,0.0,0.003074,0.003245,0.003173,0.0,0.0,bacteria,myxococcota,myxococcia,myxococcales,anaeromyxobacteraceae,anaeromyxobacter,anaeromyxobacter dehalogenans
Zotu4243,0.0,0.0,0.0,0.0,0.0,0.0,0.0,0.0,bacteria,myxococcota,myxococcota,polyangiales,sandaracinaceae,sandaracinus,sandaracinus amylolyticus
Zotu4244,0.0,0.0,0.0,0.0,0.0,0.0,0.0,0.0,bacteria,acidobacteriota,acidobacteriia,acidobacteriales,acidobacteriaceae,candidatus koribacter,candidatus koribacter versatilis
Zotu4245,0.0,0.00324,0.0,0.003074,0.0,0.0,0.00314,0.0,bacteria,chloroflexota,chloroflexota,chloroflexota,chloroflexota,thermobaculum,thermobaculum terrenum
Zotu4246,0.0,0.0,0.0,0.003074,0.003245,0.0,0.0,0.0,bacteria,thermodesulfobacteriota,thermodesulfobacteria,thermodesulfobacteriales,thermodesulfobacteriaceae,thermosulfuriphilus,thermosulfuriphilus ammonigenes
Zotu4247,0.003341,0.0,0.034902,0.0,0.136311,0.0,0.0,0.0,bacteria,acidobacteriota,blastocatellia,blastocatellales,arenimicrobiaceae,arenimicrobium,arenimicrobium luteum
Zotu4248,0.0,0.0,0.0,0.0,0.0,0.0,0.0,0.0,bacteria,pseudomonadota,alphaproteobacteria,caulobacterales,caulobacteraceae,phenylobacterium,phenylobacterium haematophilum
Zotu4249,0.0,0.0,0.0,0.0,0.0,0.0,0.0,0.0,bacteria,chloroflexota,tepidiformia,tepidiformales,tepidiformaceae,tepidiforma,tepidiforma bonchosmolovskayae
Zotu4250,0.0,0.032398,0.025383,0.0,0.0,0.0,0.0,0.0,bacteria,actinomycetota,rubrobacteria,gaiellales,gaiellaceae,gaiella,gaiella occulta
Zotu4251,0.0,0.0,0.0,0.0,0.0,0.0,0.0,0.0,bacteria,myxococcota,myxococcia,myxococcales,archangiaceae,archangium,archangium gephyra
Zotu4252,0.0,0.0,0.0,0.0,0.0,0.0,0.147557,0.0,bacteria,pseudomonadota,oligoflexia,bdellovibrionales,bdellovibrionaceae,bdellovibrio,bdellovibrio bacteriovorus
Zotu4253,0.0,0.0,0.0,0.003074,0.0,0.0,0.0,0.0,bacteria,bacillota,clostridia,eubacteriales,clostridiaceae,clostridium,clostridium bowmanii
Zotu4254,0.0,0.0,0.0,0.0,0.0,0.047601,0.0,0.0,bacteria,pseudomonadota,alphaproteobacteria,rhodospirillales,acetobacteraceae,paeniroseomonas,paeniroseomonas aquatica
Zotu4255,0.0,0.0,0.0,0.0,0.0,0.0,0.0,0.00314,bacteria,pseudomonadota,alphaproteobacteria,rhodospirillales,dongiaceae,dongia,dongia rigui
Zotu4256,0.0,0.0,0.0,0.116819,0.0,0.0,0.0,0.0,bacteria,actinomycetota,thermoleophilia,solirubrobacterales,conexibacteraceae,conexibacter,conexibacter stalactiti
Zotu4257,0.153666,0.012959,0.0,0.003074,0.0,0.0,0.025116,0.0,bacteria,planctomycetota,phycisphaerae,tepidisphaerales,tepidisphaeraceae,tepidisphaera,tepidisphaera mucosa
Zotu4258,0.0,0.0,0.012692,0.0,0.0,0.006347,0.0,0.0,bacteria,actinomycetota,actinomycetes,streptosporangiales,streptosporangiaceae,nonomuraea,nonomuraea soli
Zotu4259,0.0,0.0,0.006346,0.0,0.081137,0.0,0.0,0.0,bacteria,acidobacteriota,vicinamibacteria,vicinamibacterales,vicinamibacteraceae,luteitalea,luteitalea pratensis
Zotu4262,0.0,0.016199,0.0,0.0,0.0,0.0,0.0,0.0,bacteria,actinomycetota,acidimicrobiia,acidimicrobiales,acidimicrobiaceae,aciditerrimonas,aciditerrimonas ferrireducens
Zotu4263,0.0,0.0,0.0,0.0,0.0,0.0,0.0,0.0,bacteria,pseudomonadota,betaproteobacteria,burkholderiales,burkholderiaceae,quisquiliibacterium,quisquiliibacterium transsilvanicum
Zotu4264,0.0,0.0,0.0,0.0,0.0,0.0,0.0,0.0,bacteria,pseudomonadota,alphaproteobacteria,sphingomonadales,sphingomonadaceae,sphingomonas,sphingomonas daechungensis
Zotu4265,0.070152,0.009719,0.0,0.0,0.0,0.0,0.0,0.0,archaea,methanobacteriota,thermoplasmata,methanomassiliicoccales,methanomassiliicoccaceae,methanomassiliicoccus,candidatus methanomassiliicoccus intestinalis
Zotu4266,0.0,0.0,0.09836,0.0,0.0,0.003173,0.069069,0.0,bacteria,planctomycetota,planctomycetia,pirellulales,pirellulaceae,candidatus anammoximicrobium,candidatus anammoximicrobium moscowii
Zotu4267,0.0,0.0,0.0,0.0,0.0,0.034907,0.00314,0.0,bacteria,chloroflexota,tepidiformia,tepidiformales,tepidiformaceae,tepidiforma,tepidiforma bonchosmolovskayae
Zotu4268,0.0,0.0,0.012692,0.0,0.0,0.0,0.0,0.00314,bacteria,acidobacteriota,blastocatellia,blastocatellales,blastocatellaceae,aridibacter,aridibacter famidurans
Zotu4269,0.0,0.080995,0.0,0.0,0.0,0.0,0.0,0.0,bacteria,bacteroidota,chitinophagia,chitinophagales,chitinophagaceae,niastella,niastella hibisci
Zotu4270,0.0,0.0,0.003173,0.0,0.0,0.0,0.0,0.0,bacteria,bacillota,clostridia,eubacteriales,symbiobacteriaceae,symbiobacterium,symbiobacterium terraclitae
Zotu4271,0.0,0.0,0.0,0.0,0.0,0.0,0.0,0.0,archaea,methanobacteriota,thermoplasmata,methanomassiliicoccales,methanomassiliicoccaceae,methanomassiliicoccus,candidatus methanomassiliicoccus intestinalis
Zotu4272,0.0,0.0,0.0,0.0,0.0,0.0,0.0,0.0,bacteria,pseudomonadota,betaproteobacteria,burkholderiales,oxalobacteraceae,noviherbaspirillum,noviherbaspirillum malthae
Zotu4273,0.003341,0.0,0.0,0.0,0.0,0.0,0.0,0.0,bacteria,thermomicrobiota,thermomicrobia,sphaerobacterales,sphaerobacteraceae,sphaerobacter,sphaerobacter thermophilus
Zotu4275,0.030065,0.0,0.003173,0.0,0.136311,0.0,0.00314,0.0,archaea,methanobacteriota,thermoplasmata,methanomassiliicoccales,methanomassiliicoccaceae,methanomassiliicoccus,candidatus methanomassiliicoccus intestinalis
Zotu4276,0.0,0.0,0.0,0.0,0.0,0.003173,0.00314,0.0,bacteria,myxococcota,myxococcota,polyangiales,polyangiaceae,polyangium,polyangium aurulentum
Zotu4277,0.0,0.0,0.003173,0.0,0.0,0.0,0.0,0.0,bacteria,pseudomonadota,alphaproteobacteria,hyphomicrobiales,pleomorphomonadaceae,faunimonas,faunimonas pinastri
Zotu4278,0.0,0.0,0.0,0.0,0.0,0.0,0.0,0.0,bacteria,planctomycetota,phycisphaerae,phycisphaerales,phycisphaeraceae,mucisphaera,mucisphaera calidilacus
Zotu4279,0.0,0.0,0.003173,0.0,0.0,0.041254,0.047093,0.0,bacteria,actinomycetota,rubrobacteria,gaiellales,gaiellaceae,gaiella,gaiella occulta
Zotu4280,0.0,0.0,0.0,0.0,0.0,0.0,0.0,0.0,archaea,methanobacteriota,halobacteria,halobacteriales,halobacteriaceae,halovenus,halovenus carboxidivorans
Zotu4281,0.0,0.0,0.0,0.0,0.0,0.0,0.0,0.0,bacteria,bacillota,clostridia,eubacteriales,syntrophomonadaceae,syntrophomonas,syntrophomonas zehnderi
Zotu4282,0.0,0.0,0.0,0.0,0.0,0.0,0.06593,0.0,bacteria,thermodesulfobacteriota,desulfuromonadia,geobacterales,geobacteraceae,geomobilimonas,geomobilimonas luticola
Zotu4283,0.0,0.0,0.0,0.0,0.019473,0.0,0.006279,0.00314,bacteria,actinomycetota,rubrobacteria,gaiellales,gaiellaceae,gaiella,gaiella occulta
Zotu4284,0.0,0.0,0.0,0.0,0.045437,0.0,0.0,0.0,bacteria,actinomycetota,actinomycetes,nakamurellales,nakamurellaceae,nakamurella,nakamurella endophytica
Zotu4285,0.0,0.0,0.0,0.0,0.0,0.0,0.0,0.0,bacteria,pseudomonadota,alphaproteobacteria,hyphomicrobiales,methylobacteriaceae,microvirga,microvirga pudoricolor
Zotu4286,0.0,0.0,0.0,0.0,0.0,0.038081,0.025116,0.0,bacteria,gemmatimonadota,longimicrobiia,longimicrobiales,longimicrobiaceae,longimicrobium,longimicrobium terrae
Zotu4287,0.0,0.0,0.0,0.0,0.003245,0.028561,0.0,0.0,bacteria,bacillota,bacilli,bacillales,paenibacillaceae,paenibacillus,paenibacillus antri
Zotu4288,0.006681,0.0,0.0,0.0,0.0,0.0,0.0,0.00628,bacteria,pseudomonadota,alphaproteobacteria,sphingomonadales,sphingosinicellaceae,sphingosinicella,sphingosinicella humi
Zotu4289,0.0,0.035638,0.041248,0.0,0.0,0.0,0.00314,0.0,bacteria,bacillota,clostridia,eubacteriales,symbiobacteriaceae,symbiobacterium,symbiobacterium turbinis
Zotu4290,0.0,0.00324,0.006346,0.003074,0.0,0.0,0.0,0.0,bacteria,actinomycetota,rubrobacteria,gaiellales,gaiellaceae,gaiella,gaiella occulta
Zotu4291,0.0,0.0,0.0,0.0,0.0,0.0,0.0,0.0,bacteria,actinomycetota,thermoleophilia,solirubrobacterales,solirubrobacteraceae,solirubrobacter,solirubrobacter ginsenosidimutans
Zotu4292,0.0,0.0,0.0,0.0,0.0,0.0,0.0,0.0,archaea,nitrososphaerota,nitrososphaeria,nitrososphaerales,nitrososphaeraceae,candidatus nitrososphaera,candidatus nitrososphaera
Zotu4293,0.0,0.0,0.0,0.0,0.0,0.0,0.0,0.00314,archaea,methanobacteriota,halobacteria,halobacteriales,halobacteriaceae,haloquadratum,haloquadratum walsbyi
Zotu4294,0.0,0.0,0.0,0.0,0.0,0.0,0.0,0.0,bacteria,chloroflexota,thermomicrobia,sphaerobacterales,sphaerobacteraceae,sphaerobacter,sphaerobacter thermophilus
Zotu4295,0.0,0.0,0.0,0.0,0.0,0.0,0.0,0.00628,bacteria,acidobacteriota,vicinamibacteria,vicinamibacterales,vicinamibacteraceae,vicinamibacter,vicinamibacter silvestris
Zotu4296,0.0,0.0,0.0,0.0,0.0,0.0,0.0,0.0,bacteria,pseudomonadota,alphaproteobacteria,sphingomonadales,sphingomonadaceae,sphingomonas,sphingomonas lutea
Zotu4297,0.0,0.0,0.0,0.0,0.0,0.0,0.0,0.0,bacteria,pseudomonadota,gammaproteobacteria,xanthomonadales,rhodanobacteraceae,dokdonella,dokdonella fugitiva
Zotu4298,0.006681,0.0,0.0,0.0,0.0,0.0,0.0,0.040823,bacteria,pseudomonadota,betaproteobacteria,burkholderiales,oxalobacteraceae,massilia,massilia aurea
Zotu4299,0.0,0.0,0.0,0.0,0.0,0.0,0.0,0.043963,bacteria,pseudomonadota,alphaproteobacteria,hyphomicrobiales,rhizobiaceae,rhizobium,rhizobium glycinendophyticum
Zotu4300,0.0,0.0,0.0,0.0,0.0,0.0,0.00314,0.0,bacteria,actinomycetota,actinomycetes,propionibacteriales,nocardioidaceae,nocardioides,nocardioides glacieisoli
Zotu4301,0.0,0.0,0.0,0.0,0.0,0.0,0.0,0.00314,bacteria,chloroflexota,tepidiformia,tepidiformales,tepidiformaceae,tepidiforma,tepidiforma bonchosmolovskayae
Zotu4303,0.003341,0.0,0.0,0.0,0.0,0.0,0.0,0.0,bacteria,bacteroidota,cytophagia,cytophagales,hymenobacteraceae,pontibacter,pontibacter fetidus
Zotu4304,0.0,0.0,0.0,0.0,0.0,0.0,0.0,0.018841,bacteria,actinomycetota,actinomycetes,propionibacteriales,nocardioidaceae,nocardioides,nocardioides marmoribigeumensis
Zotu4305,0.110239,0.038878,0.0,0.0,0.0,0.003173,0.00314,0.0,bacteria,chloroflexota,tepidiformia,tepidiformales,tepidiformaceae,tepidiforma,tepidiforma bonchosmolovskayae
Zotu4306,0.0,0.0,0.003173,0.0,0.0,0.0,0.015698,0.00628,bacteria,actinomycetota,nitriliruptoria,euzebyales,euzebyaceae,euzebya,euzebya pacifica
Zotu4307,0.0,0.0,0.0,0.0,0.0,0.003173,0.0,0.009421,bacteria,actinomycetota,actinomycetes,kineosporiales,kineosporiaceae,kineococcus,kineococcus glutinatus
Zotu4308,0.003341,0.0,0.0,0.0,0.0,0.0,0.0,0.0,bacteria,planctomycetota,planctomycetia,pirellulales,pirellulaceae,candidatus anammoximicrobium,candidatus anammoximicrobium moscowii
Zotu4309,0.0,0.00324,0.003173,0.003074,0.0,0.057121,0.0,0.047103,bacteria,nitrospirota,nitrospiria,nitrospirales,nitrospiraceae,nitrospira,nitrospira moscoviensis
Zotu4310,0.0,0.0,0.0,0.0,0.0,0.0,0.0,0.0,bacteria,chloroflexota,tepidiformia,tepidiformales,tepidiformaceae,tepidiforma,tepidiforma bonchosmolovskayae
Zotu4311,0.0,0.0,0.0,0.0,0.0,0.0,0.0,0.0,bacteria,candidatus melainabacteria,vampirovibriophyceae,vampirovibrionales,vampirovibrionales,vampirovibrio,vampirovibrio chlorellavorus
Zotu4313,0.003341,0.0,0.0,0.0,0.0,0.0,0.0,0.0,bacteria,myxococcota,myxococcota,polyangiales,polyangiaceae,racemicystis,racemicystis persica
Zotu4314,0.0,0.0,0.0,0.0,0.0,0.003173,0.0,0.00314,bacteria,chloroflexota,anaerolineae,anaerolineales,anaerolineaceae,ornatilinea,ornatilinea apprima
Zotu4315,0.0,0.0,0.0,0.0,0.0,0.0,0.0,0.00314,bacteria,pseudomonadota,betaproteobacteria,burkholderiales,comamonadaceae,ramlibacter,ramlibacter tataouinensis
Zotu4316,0.076833,0.029158,0.0,0.0,0.016227,0.003173,0.0,0.00314,bacteria,chloroflexota,chloroflexota,chloroflexota,chloroflexota,thermobaculum,thermobaculum terrenum
Zotu4317,0.0,0.00324,0.0,0.0,0.0,0.0,0.00314,0.0,bacteria,pseudomonadota,alphaproteobacteria,sphingomonadales,sphingomonadaceae,sphingomonas,sphingomonas rhizophila
Zotu4318,0.0,0.0,0.0,0.0,0.003245,0.0,0.0,0.0,bacteria,actinomycetota,acidimicrobiia,acidimicrobiales,iamiaceae,actinomarinicola,actinomarinicola tropica
Zotu4319,0.0,0.0,0.0,0.0,0.0,0.092028,0.0,0.0,bacteria,verrucomicrobiota,spartobacteria,chthoniobacterales,chthoniobacteraceae,chthoniobacter,chthoniobacter flavus
Zotu4320,0.0,0.0,0.0,0.0,0.0,0.003173,0.0,0.0,bacteria,actinomycetota,actinomycetes,nakamurellales,nakamurellaceae,nakamurella,nakamurella endophytica
Zotu4321,0.0,0.0,0.0,0.0,0.0,0.0,0.0,0.0,bacteria,actinomycetota,thermoleophilia,solirubrobacterales,solirubrobacteraceae,solirubrobacter,solirubrobacter ginsenosidimutans
Zotu4322,0.003341,0.0,0.003173,0.0,0.0,0.0,0.031395,0.0,bacteria,actinomycetota,thermoleophilia,solirubrobacterales,conexibacteraceae,conexibacter,conexibacter stalactiti
Zotu4323,0.0,0.0,0.0,0.0,0.0,0.0,0.0,0.0,bacteria,bacillota,bacilli,lactobacillales,streptococcaceae,streptococcus,streptococcus salivarius
Zotu4324,0.0,0.0,0.0,0.0,0.0,0.003173,0.0,0.00314,bacteria,pseudomonadota,betaproteobacteria,nitrosomonadales,thiobacillaceae,thiobacillus,thiobacillus denitrificans
Zotu4325,0.033406,0.00648,0.0,0.0,0.0,0.0,0.0,0.0,bacteria,actinomycetota,rubrobacteria,gaiellales,gaiellaceae,gaiella,gaiella occulta
Zotu4326,0.0,0.0,0.0,0.003074,0.0,0.0,0.00314,0.0,bacteria,candidatus tectomicrobia,candidatus tectomicrobia,candidatus tectomicrobia,candidatus tectomicrobia,candidatus entotheonella,candidatus entotheonella palauensis
Zotu4327,0.0,0.0,0.003173,0.0,0.003245,0.0,0.0,0.0,bacteria,actinomycetota,nitriliruptoria,euzebyales,euzebyaceae,euzebya,euzebya pacifica
Zotu4328,0.0,0.0,0.0,0.0,0.0,0.0,0.0,0.0,bacteria,verrucomicrobiota,verrucomicrobiae,verrucomicrobiales,verrucomicrobia subdivision 3,pedosphaera,pedosphaera parvula
Zotu4329,0.0,0.0,0.003173,0.0,0.0,0.0,0.0,0.0,bacteria,pseudomonadota,deltaproteobacteria,myxococcales,anaeromyxobacteraceae,anaeromyxobacter,anaeromyxobacter dehalogenans
Zotu4330,0.0,0.0,0.0,0.0,0.0,0.0,0.0,0.0,bacteria,bacillota,clostridia,eubacteriales,clostridiales family xvii. incertae sedis,thermaerobacter,thermaerobacter composti
Zotu4331,0.0,0.0,0.02221,0.0,0.0,0.0,0.0,0.0,bacteria,actinomycetota,actinomycetia,streptomycetales,streptomycetaceae,streptomyces,streptomyces glaucosporus
Zotu4332,0.0,0.0,0.0,0.0,0.0,0.0,0.0,0.0,bacteria,bacteroidota,cytophagia,cytophagales,fulvivirgaceae,ohtaekwangia,ohtaekwangia koreensis
Zotu4333,0.0,0.0,0.0,0.0,0.0,0.0,0.0,0.0,bacteria,bacillota,clostridia,eubacteriales,peptococcaceae,candidatus desulforudis,candidatus desulforudis audaxviator
Zotu4334,0.0,0.0,0.0,0.0,0.0,0.0,0.0,0.0,bacteria,planctomycetota,planctomycetia,pirellulales,pirellulaceae,candidatus anammoximicrobium,candidatus anammoximicrobium moscowii
Zotu4335,0.0,0.0,0.0,0.0,0.0,0.0,0.0,0.0,bacteria,thermodesulfobacteriota,desulfuromonadia,desulfuromonadales,desulfuromonadaceae,pelobacter,pelobacter propionicus
Zotu4336,0.0,0.009719,0.076149,0.0,0.0,0.0,0.00314,0.0,bacteria,bacillota,clostridia,eubacteriales,clostridiales family xvii. incertae sedis,thermaerobacter,thermaerobacter composti
Zotu4337,0.0,0.0,0.0,0.0,0.0,0.0,0.0,0.0,bacteria,verrucomicrobiota,verrucomicrobiae,verrucomicrobiales,verrucomicrobia subdivision 3,pedosphaera,pedosphaera parvula
Zotu4338,0.010022,0.0,0.107878,0.0,0.0,0.0,0.0,0.00314,bacteria,elusimicrobiota,endomicrobiia,endomicrobiales,endomicrobiaceae,endomicrobium,endomicrobium proavitum
Zotu4339,0.0,0.0,0.0,0.0,0.0,0.0,0.0,0.0,bacteria,planctomycetota,phycisphaerae,tepidisphaerales,tepidisphaeraceae,tepidisphaera,tepidisphaera mucosa
Zotu4341,0.0,0.0,0.0,0.0,0.0,0.0,0.0,0.00628,bacteria,verrucomicrobiota,opitutae,opitutales,opitutaceae,horticoccus,horticoccus luteus
Zotu4342,0.0,0.0,0.0,0.0,0.0,0.063468,0.0,0.0,bacteria,bacillota,bacillota,bacillota,bacillota,capillibacterium,capillibacterium thermochitinicola
Zotu4343,0.0,0.0,0.0,0.0,0.0,0.0,0.0,0.0,bacteria,chloroflexota,tepidiformia,tepidiformales,tepidiformaceae,tepidiforma,tepidiforma bonchosmolovskayae
Zotu4344,0.113579,0.0,0.0,0.0,0.0,0.0,0.0,0.0,bacteria,chloroflexota,chloroflexia,herpetosiphonales,herpetosiphonaceae,herpetosiphon,herpetosiphon gulosus
Zotu4345,0.0,0.0,0.0,0.0,0.0,0.0,0.0,0.0,bacteria,bacillota,clostridia,eubacteriales,symbiobacteriaceae,symbiobacterium,symbiobacterium terraclitae
Zotu4346,0.003341,0.0,0.003173,0.0,0.172011,0.0,0.034535,0.00314,bacteria,chloroflexota,chloroflexota,chloroflexota,chloroflexota,thermobaculum,thermobaculum terrenum
Zotu4347,0.0,0.0,0.0,0.0,0.0,0.0,0.0,0.0,bacteria,pseudomonadota,betaproteobacteria,burkholderiales,burkholderiaceae,zeimonas,zeimonas arvi
Zotu4348,0.0,0.0,0.088841,0.0,0.0,0.0,0.0,0.0,bacteria,planctomycetota,planctomycetia,gemmatales,gemmataceae,gemmata,gemmata palustris
Zotu4349,0.013362,0.048597,0.041248,0.0,0.003245,0.0,0.0,0.00314,bacteria,chloroflexota,tepidiformia,tepidiformales,tepidiformaceae,tepidiforma,tepidiforma bonchosmolovskayae
Zotu4350,0.026725,0.0,0.225275,0.0,0.0,0.0,0.0,0.0,archaea,methanobacteriota,thermoplasmata,methanomassiliicoccales,methanomassiliicoccaceae,methanomassiliicoccus,candidatus methanomassiliicoccus intestinalis
Zotu4351,0.0,0.00324,0.0,0.0,0.113592,0.038081,0.0,0.0,bacteria,myxococcota,myxococcia,myxococcales,myxococcaceae,pyxidicoccus,pyxidicoccus fallax
Zotu4352,0.0,0.0,0.0,0.0,0.0,0.0,0.0,0.0,bacteria,acidobacteriota,vicinamibacteria,vicinamibacterales,vicinamibacteraceae,luteitalea,luteitalea pratensis
Zotu4353,0.0,0.0,0.0,0.0,0.0,0.0,0.0,0.0,bacteria,thermodesulfobacteriota,desulfuromonadia,desulfuromonadales,desulfuromonadaceae,pelobacter,pelobacter propionicus
Zotu4354,0.0,0.0,0.0,0.0,0.0,0.0,0.0,0.0,bacteria,pseudomonadota,deltaproteobacteria,myxococcales,anaeromyxobacteraceae,anaeromyxobacter,anaeromyxobacter dehalogenans
Zotu4355,0.0,0.093955,0.0,0.0,0.0,0.0,0.0,0.0,bacteria,verrucomicrobiota,verrucomicrobiae,limisphaerales,fontisphaeraceae,fontisphaera,fontisphaera persica
Zotu4357,0.0,0.0,0.0,0.0,0.0,0.0,0.0,0.0,bacteria,planctomycetota,planctomycetia,gemmatales,gemmataceae,gemmata,gemmata palustris
Zotu4358,0.003341,0.0,0.0,0.003074,0.06491,0.0,0.025116,0.00314,bacteria,bacillota,bacilli,bacillales,bacillaceae,anoxybacillus,anoxybacillus vitaminiphilus
Zotu4359,0.0,0.0,0.0,0.0,0.0,0.0,0.0,0.0,bacteria,rhodothermota,rhodothermia,rhodothermales,rhodothermaceae,rhodocaloribacter,rhodocaloribacter litoris
Zotu4360,0.030065,0.00324,0.0,0.0,0.045437,0.0,0.0,0.015701,bacteria,actinomycetota,rubrobacteria,gaiellales,gaiellaceae,gaiella,gaiella occulta
Zotu4361,0.0,0.0,0.0,0.0,0.0,0.0,0.0,0.0,bacteria,actinomycetota,rubrobacteria,rubrobacterales,rubrobacteraceae,rubrobacter,rubrobacter radiotolerans
Zotu4362,0.006681,0.00324,0.0,0.0,0.003245,0.031734,0.226045,0.00628,archaea,nitrososphaerota,nitrososphaeria,nitrososphaerales,nitrososphaeraceae,nitrososphaera,candidatus nitrososphaera gargensis
Zotu4363,0.0,0.0,0.0,0.0,0.0,0.0,0.0,0.0,bacteria,planctomycetota,planctomycetia,pirellulales,pirellulaceae,anatilimnocola,anatilimnocola aggregata
Zotu4364,0.006681,0.0,0.0,0.0,0.0,0.0,0.0,0.018841,bacteria,bacillota,bacilli,bacillales,paenibacillaceae,paenibacillus,paenibacillus validus
Zotu4365,0.0,0.0,0.0,0.0,0.003245,0.0,0.0,0.0,bacteria,actinomycetota,rubrobacteria,gaiellales,gaiellaceae,gaiella,gaiella occulta
Zotu4367,0.013362,0.0,0.0,0.0,0.003245,0.0,0.0,0.0,archaea,methanobacteriota,thermoplasmata,methanomassiliicoccales,methanomassiliicoccaceae,methanomassiliicoccus,candidatus methanomassiliicoccus intestinalis
Zotu4368,0.033406,0.0,0.0,0.0,0.0,0.0,0.0,0.0,bacteria,bacillota,clostridia,eubacteriales,symbiobacteriaceae,symbiobacterium,symbiobacterium terraclitae
Zotu4369,0.016703,0.0,0.0,0.0,0.0,0.0,0.0,0.0,archaea,methanobacteriota,thermoplasmata,methanomassiliicoccales,methanomassiliicoccaceae,methanomassiliicoccus,candidatus methanomassiliicoccus intestinalis
Zotu4370,0.0,0.0,0.0,0.0,0.0,0.0,0.00314,0.0,bacteria,actinomycetota,actinomycetes,streptosporangiales,thermomonosporaceae,actinoallomurus,actinoallomurus coprocola
Zotu4371,0.0,0.0,0.133261,0.0,0.003245,0.0,0.0,0.0,bacteria,verrucomicrobiota,verrucomicrobiae,verrucomicrobiales,verrucomicrobia subdivision 3,pedosphaera,pedosphaera parvula
Zotu4372,0.0,0.0,0.0,0.0,0.0,0.0,0.0,0.0,bacteria,planctomycetota,planctomycetia,pirellulales,lacipirellulaceae,lacipirellula,lacipirellula limnantheis
Zotu4373,0.006681,0.0,0.003173,0.0,0.0,0.015867,0.034535,0.0,bacteria,pseudomonadota,gammaproteobacteria,chromatiales,ectothiorhodospiraceae,ectothiorhodospira,ectothiorhodospira mobilis
Zotu4374,0.0,0.0,0.0,0.0,0.0,0.0,0.0,0.0,bacteria,actinomycetota,rubrobacteria,rubrobacterales,rubrobacteraceae,rubrobacter,rubrobacter naiadicus
Zotu4375,0.0,0.012959,0.015864,0.0,0.068155,0.006347,0.0,0.0,bacteria,actinomycetota,rubrobacteria,rubrobacterales,rubrobacteraceae,rubrobacter,rubrobacter naiadicus
Zotu4376,0.0,0.0,0.0,0.0,0.0,0.0,0.00314,0.0,bacteria,pseudomonadota,gammaproteobacteria,enterobacterales,erwiniaceae,pantoea,pantoea ananatis
Zotu4377,0.0,0.0,0.0,0.0,0.0,0.0,0.0,0.0,bacteria,pseudomonadota,betaproteobacteria,burkholderiales,oxalobacteraceae,noviherbaspirillum,noviherbaspirillum malthae
Zotu4378,0.0,0.00324,0.0,0.0,0.0,0.0,0.0,0.0,bacteria,pseudomonadota,betaproteobacteria,burkholderiales,oxalobacteraceae,noviherbaspirillum,noviherbaspirillum galbum
Zotu4379,0.0,0.0,0.057112,0.0,0.0,0.015867,0.009419,0.0,bacteria,actinomycetota,rubrobacteria,rubrobacterales,rubrobacteraceae,rubrobacter,rubrobacter naiadicus
Zotu4380,0.0,0.022679,0.0,0.006148,0.0,0.0,0.006279,0.0,bacteria,pseudomonadota,alphaproteobacteria,rhodospirillales,azospirillaceae,skermanella,skermanella rosea
Zotu4381,0.0,0.0,0.0,0.0,0.0,0.0,0.0,0.0,bacteria,pseudomonadota,betaproteobacteria,burkholderiales,sphaerotilaceae,aquincola,aquincola tertiaricarbonis
Zotu4382,0.0,0.0,0.0,0.0,0.0,0.0,0.0,0.0,bacteria,actinomycetota,actinomycetes,propionibacteriales,propionibacteriaceae,cutibacterium,cutibacterium granulosum
Zotu4383,0.0,0.0,0.0,0.0,0.0,0.0,0.0,0.0,bacteria,bacillota,bacilli,bacillales,bacillaceae,bacillus,bacillus taeanensis
Zotu4385,0.0,0.0,0.0,0.0,0.0,0.0,0.0,0.0,bacteria,myxococcota,myxococcota,polyangiales,phaselicystidaceae,phaselicystis,phaselicystis flava
Zotu4386,0.003341,0.0,0.0,0.0,0.003245,0.0,0.0,0.0,bacteria,thermomicrobiota,thermomicrobia,thermomicrobiales,thermomicrobiaceae,thermomicrobium,thermomicrobium carboxidum
Zotu4387,0.0,0.0,0.0,0.0,0.0,0.0,0.0,0.0,bacteria,chloroflexota,anaerolineae,anaerolineales,anaerolineaceae,pelolinea,pelolinea submarina
Zotu4388,0.0,0.012959,0.0,0.003074,0.0,0.0,0.00314,0.00314,bacteria,actinomycetota,actinomycetes,streptosporangiales,streptosporangiaceae,nonomuraea,nonomuraea aridisoli
Zotu4389,0.003341,0.012959,0.0,0.0,0.0,0.0,0.0,0.0,bacteria,actinomycetota,rubrobacteria,gaiellales,gaiellaceae,gaiella,gaiella occulta
Zotu4391,0.0,0.0,0.0,0.0,0.0,0.0,0.009419,0.015701,bacteria,gemmatimonadota,gemmatimonadetes,gemmatimonadales,gemmatimonadaceae,roseisolibacter,roseisolibacter agri
Zotu4392,0.010022,0.009719,0.0,0.0,0.003245,0.085682,0.0,0.0,bacteria,bacillota,clostridia,eubacteriales,symbiobacteriaceae,symbiobacterium,symbiobacterium terraclitae
Zotu4393,0.0,0.016199,0.082495,0.0,0.0,0.0,0.084767,0.0,archaea,methanobacteriota,thermoplasmata,methanomassiliicoccales,methanomassiliicoccaceae,methanomassiliicoccus,candidatus methanomassiliicoccus intestinalis
Zotu4394,0.0,0.0,0.0,0.0,0.003245,0.003173,0.0,0.0,bacteria,pseudomonadota,alphaproteobacteria,sphingomonadales,sphingosinicellaceae,pedomonas,pedomonas mirosovicensis
Zotu4395,0.0,0.0,0.0,0.0,0.0,0.0,0.0,0.0,bacteria,pseudomonadota,alphaproteobacteria,rhodospirillales,azospirillaceae,skermanella,skermanella aerolata
Zotu4397,0.003341,0.0,0.082495,0.0,0.0,0.0,0.0,0.0,archaea,methanobacteriota,thermoplasmata,methanomassiliicoccales,methanomassiliicoccaceae,methanomassiliicoccus,candidatus methanomassiliicoccus intestinalis
Zotu4398,0.003341,0.00648,0.006346,0.0,0.0,0.0,0.0,0.0,bacteria,pseudomonadota,betaproteobacteria,rhodocyclales,zoogloeaceae,thauera,thauera sinica
Zotu4399,0.033406,0.035638,0.0,0.0,0.0,0.0,0.0,0.0,bacteria,pseudomonadota,alphaproteobacteria,rickettsiales,anaplasmataceae,wolbachia,wolbachia pipientis
Zotu4400,0.003341,0.009719,0.0,0.0,0.0,0.0,0.00314,0.0,bacteria,actinomycetota,thermoleophilia,thermoleophilales,thermoleophilaceae,thermoleophilum,thermoleophilum album
Zotu4401,0.0,0.0,0.0,0.0,0.0,0.0,0.0,0.0,bacteria,actinomycetota,rubrobacteria,rubrobacterales,rubrobacteraceae,rubrobacter,rubrobacter radiotolerans
Zotu4402,0.0,0.0,0.0,0.0,0.032455,0.0,0.0,0.0,bacteria,gemmatimonadota,gemmatimonadetes,gemmatimonadales,gemmatimonadaceae,gemmatimonas,gemmatimonas phototrophica
Zotu4403,0.016703,0.0,0.003173,0.0,0.0,0.034907,0.040814,0.00314,bacteria,thermodesulfobacteriota,desulfuromonadia,desulfuromonadales,desulfuromonadaceae,pelobacter,pelobacter propionicus
Zotu4404,0.0,0.0,0.003173,0.0,0.003245,0.0,0.103604,0.0,bacteria,bacillota,negativicutes,veillonellales,veillonellaceae,megasphaera,megasphaera hutchinsoni
Zotu4405,0.0,0.0,0.0,0.0,0.0,0.0,0.0,0.0,archaea,methanobacteriota,thermoplasmata,methanomassiliicoccales,methanomassiliicoccaceae,methanomassiliicoccus,candidatus methanomassiliicoccus intestinalis
Zotu4406,0.013362,0.016199,0.060285,0.006148,0.009736,0.0,0.0,0.0,bacteria,chloroflexota,tepidiformia,tepidiformales,tepidiformaceae,tepidiforma,tepidiforma bonchosmolovskayae
Zotu4407,0.003341,0.0,0.0,0.003074,0.045437,0.003173,0.0,0.009421,bacteria,chloroflexota,thermomicrobia,sphaerobacterales,sphaerobacteraceae,sphaerobacter,sphaerobacter thermophilus
Zotu4408,0.170369,0.0,0.003173,0.0,0.0,0.0,0.00314,0.00314,bacteria,verrucomicrobiota,verrucomicrobiae,verrucomicrobiales,verrucomicrobia subdivision 3,pedosphaera,pedosphaera parvula
Zotu4409,0.0,0.0,0.0,0.003074,0.0,0.003173,0.078488,0.084786,bacteria,pseudomonadota,alphaproteobacteria,hyphomicrobiales,methylobacteriaceae,microvirga,microvirga massiliensis
Zotu4410,0.0,0.0,0.0,0.0,0.0,0.0,0.0,0.0,bacteria,actinomycetota,actinomycetes,pseudonocardiales,pseudonocardiaceae,allokutzneria,allokutzneria oryzae
Zotu4411,0.003341,0.074516,0.0,0.0,0.0,0.0,0.0,0.0,bacteria,pseudomonadota,betaproteobacteria,nitrosomonadales,sterolibacteriaceae,methyloversatilis,methyloversatilis thermotolerans
Zotu4413,0.17371,0.012959,0.0,0.0,0.0,0.0,0.0,0.0,archaea,methanobacteriota,thermoplasmata,methanomassiliicoccales,candidatus methanomethylophilaceae,candidatus methanomethylophilus,candidatus methanomethylophilus alvus
Zotu4414,0.033406,0.00324,0.069804,0.0,0.0,0.0,0.0,0.0,bacteria,chloroflexota,anaerolineae,anaerolineales,anaerolineaceae,ornatilinea,ornatilinea apprima
Zotu4415,0.0,0.0,0.0,0.0,0.0,0.0,0.0,0.0,bacteria,bacillota,clostridia,eubacteriales,symbiobacteriaceae,symbiobacterium,symbiobacterium turbinis
Zotu4416,0.11692,0.045357,0.0,0.006148,0.0,0.0,0.0,0.00314,bacteria,planctomycetota,candidatus brocadiia,candidatus brocadiales,candidatus brocadiaceae,candidatus kuenenia,candidatus kuenenia stuttgartiensis
Zotu4417,0.003341,0.0,0.0,0.0,0.0,0.0,0.0,0.012561,bacteria,bacillota,bacilli,bacillales,bacillaceae,sutcliffiella,sutcliffiella cohnii
Zotu4420,0.0,0.0,0.0,0.0,0.0,0.0,0.0,0.0,bacteria,actinomycetota,thermoleophilia,solirubrobacterales,solirubrobacteraceae,solirubrobacter,solirubrobacter phytolaccae
Zotu4421,0.0,0.0,0.012692,0.175228,0.0,0.003173,0.0,0.00314,bacteria,actinomycetota,rubrobacteria,rubrobacterales,rubrobacteraceae,rubrobacter,rubrobacter spartanus
Zotu4422,0.0,0.0,0.0,0.0,0.0,0.0,0.0,0.0,bacteria,pseudomonadota,oligoflexia,bdellovibrionales,bdellovibrionaceae,bdellovibrio,bdellovibrio bacteriovorus
Zotu4423,0.0,0.0,0.0,0.0,0.0,0.0,0.0,0.00628,bacteria,chloroflexota,chloroflexia,kallotenuales,kallotenuaceae,kallotenue,kallotenue papyrolyticum
Zotu4424,0.0,0.0,0.0,0.0,0.0,0.0,0.0,0.0,bacteria,verrucomicrobiota,spartobacteria,chthoniobacterales,chthoniobacteraceae,chthoniobacter,chthoniobacter flavus
Zotu4425,0.0,0.0,0.0,0.0,0.0,0.0,0.0,0.0,bacteria,planctomycetota,planctomycetia,pirellulales,pirellulaceae,anatilimnocola,anatilimnocola aggregata
Zotu4426,0.0,0.0,0.0,0.0,0.0,0.0,0.0,0.0,bacteria,actinomycetota,thermoleophilia,thermoleophilales,thermoleophilaceae,thermoleophilum,thermoleophilum album
Zotu4427,0.030065,0.025918,0.0,0.0,0.110347,0.003173,0.0,0.0,bacteria,chloroflexota,tepidiformia,tepidiformales,tepidiformaceae,tepidiforma,tepidiforma bonchosmolovskayae
Zotu4428,0.0,0.00324,0.0,0.0,0.0,0.0,0.0,0.0,bacteria,actinomycetota,rubrobacteria,rubrobacterales,rubrobacteraceae,rubrobacter,rubrobacter radiotolerans
Zotu4429,0.0,0.0,0.0,0.0,0.0,0.0,0.0,0.0,bacteria,thermodesulfobacteriota,desulfuromonadia,desulfuromonadales,geothermobacteraceae,geothermobacter,geothermobacter hydrogeniphilus
Zotu4430,0.0,0.0,0.0,0.0,0.0,0.079335,0.0,0.0,bacteria,verrucomicrobiota,verrucomicrobiae,verrucomicrobiales,verrucomicrobia subdivision 3,pedosphaera,pedosphaera parvula
Zotu4431,0.0,0.0,0.0,0.0,0.0,0.0,0.0,0.0,bacteria,bacteroidota,cytophagia,cytophagales,hymenobacteraceae,pontibacter,pontibacter roseus
Zotu4432,0.0,0.0,0.0,0.0,0.0,0.0,0.0,0.0,bacteria,bacteroidota,chitinophagia,chitinophagales,chitinophagaceae,segetibacter,segetibacter aerophilus
Zotu4433,0.016703,0.0,0.0,0.003074,0.0,0.0,0.0,0.025122,bacteria,pseudomonadota,alphaproteobacteria,sphingomonadales,sphingosinicellaceae,sphingosinicella,sphingosinicella humi
Zotu4434,0.0,0.0,0.0,0.0,0.0,0.0,0.0,0.0,bacteria,pseudomonadota,deltaproteobacteria,myxococcales,polyangiaceae,chondromyces,chondromyces pediculatus
Zotu4435,0.0,0.0,0.0,0.0,0.003245,0.003173,0.00314,0.0,bacteria,chloroflexota,chloroflexia,herpetosiphonales,herpetosiphonaceae,herpetosiphon,herpetosiphon aurantiacus
Zotu4436,0.0,0.0,0.0,0.0,0.0,0.0,0.0,0.0,bacteria,actinomycetota,thermoleophilia,solirubrobacterales,conexibacteraceae,conexibacter,conexibacter arvalis
Zotu4437,0.0,0.0,0.0,0.0,0.0,0.0,0.0,0.0,bacteria,actinomycetota,actinomycetes,streptosporangiales,thermomonosporaceae,actinoallomurus,actinoallomurus fulvus
Zotu4438,0.0,0.0,0.0,0.0,0.0,0.0,0.0,0.0,archaea,methanobacteriota,thermoplasmata,methanomassiliicoccales,methanomassiliicoccaceae,methanomassiliicoccus,candidatus methanomassiliicoccus intestinalis
Zotu4439,0.0,0.0,0.0,0.0,0.0,0.0,0.0,0.0,bacteria,verrucomicrobiota,verrucomicrobiae,verrucomicrobiales,verrucomicrobia subdivision 3,pedosphaera,pedosphaera parvula
Zotu4440,0.0,0.00324,0.0,0.0,0.025964,0.0,0.0,0.0,bacteria,actinomycetota,actinomycetes,micromonosporales,micromonosporaceae,micromonospora,micromonospora ovatispora
Zotu4441,0.0,0.0,0.0,0.0,0.0,0.0,0.0,0.037683,bacteria,pseudomonadota,alphaproteobacteria,caulobacterales,caulobacteraceae,phenylobacterium,phenylobacterium lituiforme
Zotu4442,0.003341,0.0,0.0,0.0,0.0,0.0,0.00314,0.0,bacteria,acidobacteriota,acidobacteriia,bryobacterales,solibacteraceae,candidatus solibacter,candidatus solibacter usitatus
Zotu4443,0.0,0.0,0.0,0.0,0.0,0.003173,0.0,0.0,bacteria,actinomycetota,rubrobacteria,rubrobacterales,rubrobacteraceae,rubrobacter,rubrobacter bracarensis
Zotu4444,0.0,0.0,0.0,0.0,0.0,0.003173,0.00314,0.0,archaea,nitrososphaerota,nitrososphaeria,nitrososphaerales,nitrososphaeraceae,nitrososphaera,candidatus nitrososphaera gargensis
Zotu4445,0.0,0.0,0.0,0.0,0.0,0.0,0.0,0.0,bacteria,elusimicrobiota,endomicrobiia,endomicrobiales,endomicrobiaceae,endomicrobium,endomicrobium proavitum
Zotu4446,0.0,0.0,0.0,0.0,0.003245,0.0,0.0,0.0,bacteria,actinomycetota,actinomycetes,propionibacteriales,nocardioidaceae,nocardioides,nocardioides panacis
Zotu4447,0.0,0.0,0.0,0.0,0.0,0.0,0.0,0.0,bacteria,acidobacteriota,blastocatellia,blastocatellales,arenimicrobiaceae,brevitalea,brevitalea deliciosa
Zotu4448,0.0,0.0,0.0,0.0,0.0,0.0,0.0,0.0,bacteria,pseudomonadota,alphaproteobacteria,sphingomonadales,sphingomonadaceae,sphingomonas,sphingomonas sinipercae
Zotu4449,0.0,0.0,0.0,0.0,0.0,0.0,0.0,0.0,bacteria,bacillota,clostridia,christensenellales,christensenellaceae,luoshenia,luoshenia tenuis
Zotu4451,0.0,0.0,0.0,0.0,0.0,0.0,0.0,0.0,bacteria,pseudomonadota,alphaproteobacteria,sphingomonadales,erythrobacteraceae,altericroceibacterium,altericroceibacterium xinjiangense
Zotu4452,0.0,0.00324,0.0,0.0,0.0,0.0,0.0,0.0,bacteria,bacillota,thermolithobacteria,thermolithobacterales,thermolithobacteraceae,thermolithobacter,thermolithobacter ferrireducens
Zotu4453,0.0,0.0,0.0,0.0,0.0,0.0,0.0,0.018841,bacteria,pseudomonadota,betaproteobacteria,burkholderiales,oxalobacteraceae,noviherbaspirillum,noviherbaspirillum aridicola
Zotu4454,0.0,0.0,0.0,0.0,0.0,0.0,0.0,0.0,bacteria,chloroflexota,chloroflexi,chloroflexi,chloroflexi,candidatus chlorothrix,candidatus chlorothrix halophila
Zotu4456,0.0,0.0,0.0,0.0,0.0,0.0,0.0,0.0,bacteria,bacillota,clostridia,eubacteriales,syntrophomonadaceae,syntrophomonas,syntrophomonas zehnderi
Zotu4457,0.0,0.0,0.003173,0.0,0.0,0.0,0.0,0.0,bacteria,kiritimatiellota,kiritimatiellia,kiritimatiellales,kiritimatiellaceae,kiritimatiella,kiritimatiella glycovorans
Zotu4458,0.0,0.0,0.0,0.0,0.0,0.0,0.0,0.0,bacteria,pseudomonadota,alphaproteobacteria,sphingomonadales,sphingomonadaceae,sphingomonas,sphingomonas daechungensis
Zotu4459,0.0,0.0,0.0,0.0,0.0,0.006347,0.0,0.00314,bacteria,actinomycetota,thermoleophilia,solirubrobacterales,solirubrobacteraceae,solirubrobacter,solirubrobacter phytolaccae
Zotu4460,0.010022,0.139312,0.006346,0.0,0.0,0.0,0.00314,0.0,bacteria,acidobacteriota,acidobacteriia,bryobacterales,solibacteraceae,candidatus solibacter,candidatus solibacter usitatus
Zotu4461,0.0,0.0,0.0,0.0,0.0,0.0,0.0,0.0,bacteria,chloroflexota,chloroflexia,kallotenuales,kallotenuaceae,kallotenue,kallotenue papyrolyticum
Zotu4462,0.0,0.00648,0.0,0.003074,0.003245,0.0,0.103604,0.0,bacteria,bacillota,clostridia,eubacteriales,symbiobacteriaceae,symbiobacterium,symbiobacterium terraclitae
Zotu4463,0.013362,0.00648,0.0,0.0,0.0,0.0,0.0,0.0,bacteria,chloroflexota,tepidiformia,tepidiformales,tepidiformaceae,tepidiforma,tepidiforma bonchosmolovskayae
Zotu4464,0.0,0.00324,0.0,0.0,0.0,0.0,0.0,0.0,bacteria,pseudomonadota,betaproteobacteria,burkholderiales,oxalobacteraceae,massilia,massilia timonae
Zotu4465,0.006681,0.106914,0.003173,0.0,0.003245,0.0,0.006279,0.00314,bacteria,gemmatimonadota,longimicrobiia,longimicrobiales,longimicrobiaceae,longimicrobium,longimicrobium terrae
Zotu4466,0.0,0.0,0.0,0.003074,0.0,0.0,0.081628,0.0,bacteria,pseudomonadota,gammaproteobacteria,nevskiales,nevskiaceae,solimonas,solimonas fluminis
Zotu4467,0.0,0.0,0.0,0.0,0.0,0.012694,0.0,0.0,bacteria,actinomycetota,thermoleophilia,miltoncostaeales,miltoncostaeaceae,miltoncostaea,miltoncostaea marina
Zotu4468,0.0,0.0,0.0,0.0,0.0,0.003173,0.0,0.0,bacteria,thermodesulfobacteriota,desulfuromonadia,geobacterales,geobacteraceae,geobacter,geobacter metallireducens
Zotu4469,0.0,0.0,0.003173,0.0,0.0,0.0,0.106744,0.0,bacteria,verrucomicrobiota,verrucomicrobiae,verrucomicrobiales,verrucomicrobia subdivision 3,pedosphaera,pedosphaera parvula
Zotu4471,0.0,0.0,0.0,0.0,0.0,0.0,0.0,0.0,bacteria,bacillota,clostridia,eubacteriales,clostridiales family xvii. incertae sedis,thermaerobacter,thermaerobacter composti
Zotu4472,0.0,0.0,0.0,0.0,0.0,0.0,0.00314,0.0,bacteria,pseudomonadota,betaproteobacteria,burkholderiales,sphaerotilaceae,roseateles,roseateles chitosanitabidus
Zotu4473,0.0,0.0,0.0,0.0,0.0,0.0,0.0,0.0,bacteria,pseudomonadota,alphaproteobacteria,sphingomonadales,sphingomonadaceae,sphingomonas,sphingomonas parvus
Zotu4474,0.0,0.0,0.003173,0.0,0.146047,0.0,0.0,0.0,bacteria,myxococcota,myxococcota,haliangiales,kofleriaceae,haliangium,haliangium tepidum
Zotu4475,0.0,0.0,0.003173,0.003074,0.0,0.0,0.0,0.0,bacteria,actinomycetota,acidimicrobiia,acidimicrobiales,acidimicrobiaceae,aciditerrimonas,aciditerrimonas ferrireducens
Zotu4476,0.0,0.0,0.0,0.0,0.0,0.0,0.0,0.0,bacteria,actinomycetota,actinomycetes,geodermatophilales,geodermatophilaceae,blastococcus,blastococcus jejuensis
Zotu4477,0.073493,0.0,0.0,0.0,0.074646,0.0,0.0,0.0,bacteria,chloroflexota,anaerolineae,anaerolineales,anaerolineaceae,longilinea,longilinea arvoryzae
Zotu4478,0.0,0.0,0.0,0.0,0.0,0.0,0.0,0.0,bacteria,bacteroidota,cytophagia,cytophagales,cesiribacteraceae,cesiribacter,cesiribacter andamanensis
Zotu4479,0.0,0.0,0.0,0.0,0.0,0.0,0.0,0.0,bacteria,bacteroidota,cytophagia,cytophagales,flexibacteraceae,flexibacter,flexibacter flexilis
Zotu4480,0.0,0.0,0.0,0.0,0.0,0.0,0.0,0.065944,bacteria,bacteroidota,cytophagia,cytophagales,hymenobacteraceae,rufibacter,rufibacter latericius
Zotu4481,0.0,0.0,0.0,0.0,0.003245,0.0,0.0,0.0,bacteria,pseudomonadota,alphaproteobacteria,sphingomonadales,sphingomonadaceae,sphingomonas,sphingomonas daechungensis
Zotu4482,0.0,0.0,0.0,0.0,0.003245,0.0,0.0,0.0,bacteria,pseudomonadota,alphaproteobacteria,caulobacterales,caulobacteraceae,brevundimonas,brevundimonas kwangchunensis
Zotu4483,0.0,0.0,0.0,0.0,0.0,0.0,0.0,0.0,bacteria,chloroflexota,chloroflexota,chloroflexota,chloroflexota,thermobaculum,thermobaculum terrenum
Zotu4484,0.0,0.0,0.0,0.0,0.0,0.0,0.0,0.0,bacteria,elusimicrobiota,endomicrobia,endomicrobiales,endomicrobiaceae,candidatus endomicrobium,candidatus endomicrobium pyrsonymphae
Zotu4485,0.0,0.0,0.0,0.0,0.0,0.0,0.0,0.0,bacteria,pseudomonadota,alphaproteobacteria,caulobacterales,caulobacteraceae,phenylobacterium,phenylobacterium deserti
Zotu4486,0.010022,0.0,0.0,0.0,0.0,0.003173,0.012558,0.0,bacteria,actinomycetota,thermoleophilia,solirubrobacterales,conexibacteraceae,conexibacter,conexibacter arvalis
Zotu4487,0.0,0.0,0.0,0.0,0.0,0.0,0.00314,0.0,bacteria,actinomycetota,acidimicrobiia,acidimicrobiales,iamiaceae,actinomarinicola,actinomarinicola tropica
Zotu4488,0.0,0.0,0.0,0.0,0.0,0.0,0.0,0.0,bacteria,chloroflexota,caldilineae,caldilineales,caldilineaceae,litorilinea,litorilinea aerophila
Zotu4489,0.0,0.0,0.003173,0.0,0.0,0.0,0.0,0.0,bacteria,actinomycetota,actinomycetes,pseudonocardiales,pseudonocardiaceae,actinomycetospora,actinomycetospora corticicola
Zotu4490,0.0,0.0,0.0,0.0,0.0,0.0,0.0,0.0,bacteria,chloroflexota,anaerolineae,anaerolineales,anaerolineaceae,thermanaerothrix,thermanaerothrix daxensis
Zotu4491,0.0,0.0,0.0,0.0,0.0,0.0,0.094186,0.0,bacteria,planctomycetota,phycisphaerae,tepidisphaerales,tepidisphaeraceae,tepidisphaera,tepidisphaera mucosa
Zotu4492,0.036746,0.068036,0.0,0.0,0.0,0.0,0.0,0.0,bacteria,elusimicrobiota,endomicrobia,endomicrobiales,endomicrobiaceae,candidatus endomicrobium,candidatus endomicrobium pyrsonymphae
Zotu4493,0.010022,0.032398,0.0,0.0,0.0,0.025387,0.0,0.0,bacteria,thermodesulfobacteriota,syntrophobacteria,syntrophobacterales,syntrophobacteraceae,desulfoglaeba,desulfoglaeba alkanexedens
Zotu4495,0.0,0.0,0.0,0.0,0.003245,0.0,0.0,0.0,bacteria,actinomycetota,thermoleophilia,solirubrobacterales,parviterribacteraceae,parviterribacter,parviterribacter kavangonensis
Zotu4496,0.006681,0.019439,0.0,0.003074,0.058419,0.0,0.00314,0.00314,bacteria,planctomycetota,planctomycetia,gemmatales,gemmataceae,fimbriiglobus,fimbriiglobus ruber
Zotu4497,0.093536,0.00648,0.0,0.0,0.0,0.0,0.0,0.0,bacteria,bacillota,clostridia,eubacteriales,syntrophomonadaceae,pelospora,pelospora glutarica
Zotu4498,0.0,0.0,0.0,0.0,0.0,0.0,0.0,0.0,bacteria,planctomycetota,candidatus brocadiia,candidatus brocadiales,candidatus brocadiaceae,candidatus brocadia,candidatus brocadia caroliniensis
Zotu4499,0.0,0.0,0.0,0.0,0.0,0.066641,0.0,0.0,bacteria,pseudomonadota,alphaproteobacteria,sphingomonadales,sphingomonadaceae,sphingomonas,sphingomonas wittichii
Zotu4500,0.006681,0.0,0.003173,0.0,0.0,0.003173,0.031395,0.122468,bacteria,deinococcota,deinococci,deinococcales,deinococcaceae,deinococcus,deinococcus soli (ex zhang et al. 2011)
Zotu4501,0.0,0.0,0.003173,0.0,0.016227,0.006347,0.0,0.0,bacteria,pseudomonadota,gammaproteobacteria,pseudomonadales,pseudomonadaceae,pseudomonas,pseudomonas plecoglossicida
Zotu4502,0.003341,0.00648,0.02221,0.043039,0.0,0.0,0.0,0.0,bacteria,actinomycetota,rubrobacteria,rubrobacterales,rubrobacteraceae,rubrobacter,rubrobacter naiadicus
Zotu4503,0.0,0.0,0.0,0.003074,0.0,0.0,0.0,0.0,bacteria,bacteroidota,cytophagia,cytophagales,hymenobacteraceae,adhaeribacter,adhaeribacter radiodurans
Zotu4504,0.0,0.0,0.0,0.0,0.0,0.0,0.0,0.043963,bacteria,verrucomicrobiota,spartobacteria,chthoniobacterales,chthoniobacteraceae,chthoniobacter,chthoniobacter flavus
Zotu4505,0.0,0.0,0.0,0.0,0.0,0.0,0.0,0.0,bacteria,pseudomonadota,betaproteobacteria,burkholderiales,oxalobacteraceae,noviherbaspirillum,noviherbaspirillum autotrophicum
Zotu4506,0.113579,0.045357,0.0,0.0,0.025964,0.006347,0.0,0.0,bacteria,actinomycetota,acidimicrobiia,acidimicrobiales,iamiaceae,iamia,iamia majanohamensis
Zotu4507,0.070152,0.009719,0.0,0.0,0.003245,0.003173,0.0,0.00628,bacteria,bacillota,clostridia,moorellales,moorellaceae,moorella,moorella glycerini
Zotu4508,0.0,0.025918,0.0,0.0,0.0,0.0,0.00314,0.0,bacteria,chloroflexota,chloroflexia,herpetosiphonales,herpetosiphonaceae,herpetosiphon,herpetosiphon aurantiacus
Zotu4509,0.003341,0.009719,0.034902,0.0,0.0,0.006347,0.0,0.0,bacteria,actinomycetota,actinomycetes,streptosporangiales,streptosporangiaceae,nonomuraea,nonomuraea soli
Zotu4510,0.0,0.0,0.0,0.0,0.0,0.0,0.0,0.0,bacteria,actinomycetota,acidimicrobiia,acidimicrobiales,iamiaceae,iamia,iamia majanohamensis
Zotu4511,0.0,0.0,0.0,0.0,0.0,0.00952,0.0,0.0,bacteria,actinomycetota,actinomycetes,propionibacteriales,nocardioidaceae,nocardioides,nocardioides aquiterrae
Zotu4512,0.0,0.0,0.0,0.046113,0.045437,0.022214,0.0,0.0,bacteria,gemmatimonadota,longimicrobiia,longimicrobiales,longimicrobiaceae,longimicrobium,longimicrobium terrae
Zotu4513,0.0,0.0,0.0,0.0,0.0,0.0,0.0,0.0,bacteria,planctomycetota,planctomycetia,gemmatales,gemmataceae,urbifossiella,urbifossiella limnaea
Zotu4514,0.0,0.0,0.0,0.0,0.0,0.069815,0.0,0.0,bacteria,bacillota,bacillota,bacillota,bacillota,capillibacterium,capillibacterium thermochitinicola
Zotu4515,0.073493,0.0,0.079322,0.0,0.032455,0.00952,0.0,0.0,bacteria,chloroflexota,chloroflexota,chloroflexota,chloroflexota,thermobaculum,thermobaculum terrenum
Zotu4516,0.0,0.0,0.0,0.0,0.0,0.0,0.0,0.0,bacteria,planctomycetota,planctomycetia,gemmatales,gemmataceae,zavarzinella,zavarzinella formosa
Zotu4517,0.0,0.00324,0.034902,0.003074,0.0,0.003173,0.00314,0.0,bacteria,gemmatimonadota,longimicrobiia,longimicrobiales,longimicrobiaceae,longimicrobium,longimicrobium terrae
Zotu4518,0.0,0.0,0.072976,0.003074,0.003245,0.0,0.012558,0.015701,bacteria,gemmatimonadota,longimicrobiia,longimicrobiales,longimicrobiaceae,longimicrobium,longimicrobium terrae
Zotu4519,0.0,0.0,0.0,0.0,0.0,0.0,0.0,0.0,bacteria,actinomycetota,acidimicrobiia,acidimicrobiales,acidimicrobiaceae,acidiferrimicrobium,acidiferrimicrobium australe
Zotu4520,0.0,0.0,0.003173,0.0,0.0,0.003173,0.0,0.00314,bacteria,pseudomonadota,alphaproteobacteria,rhodospirillales,azospirillaceae,nitrospirillum,azospirillum amazonense
Zotu4521,0.0,0.0,0.0,0.0,0.0,0.0,0.0,0.0,bacteria,pseudomonadota,betaproteobacteria,burkholderiales,burkholderiales,thiobacter,thiobacter subterraneus
Zotu4522,0.0,0.0,0.0,0.0,0.0,0.0,0.0,0.0,bacteria,pseudomonadota,alphaproteobacteria,rhodospirillales,rhodospirillaceae,phaeospirillum,phaeospirillum fulvum
Zotu4523,0.0,0.0,0.0,0.0,0.0,0.0,0.018837,0.0,bacteria,acidobacteriota,blastocatellia,blastocatellales,pyrinomonadaceae,pyrinomonas,pyrinomonas methylaliphatogenes
Zotu4525,0.0,0.022679,0.0,0.0,0.032455,0.028561,0.0,0.0,bacteria,actinomycetota,actinomycetes,micromonosporales,micromonosporaceae,micromonospora,micromonospora gifhornensis
Zotu4526,0.0,0.051837,0.0,0.0,0.0,0.003173,0.0,0.00314,bacteria,myxococcota,myxococcota,nannocystales,nannocystaceae,nannocystis,nannocystis pusilla
Zotu4527,0.073493,0.012959,0.031729,0.0,0.0,0.0,0.00314,0.0,bacteria,bacillota,clostridia,eubacteriales,syntrophomonadaceae,syntrophomonas,syntrophomonas zehnderi
Zotu4528,0.0,0.009719,0.0,0.166006,0.0,0.0,0.0,0.0,bacteria,bacillota,bacilli,bacillales,bacillales family x. incertae sedis,hydrogenibacillus,hydrogenibacillus schlegelii
Zotu4529,0.0,0.0,0.0,0.0,0.0,0.0,0.0,0.0,bacteria,pseudomonadota,gammaproteobacteria,xanthomonadales,xanthomonadaceae,lysobacter,lysobacter bugurensis
Zotu4530,0.0,0.0,0.0,0.0,0.0,0.003173,0.0,0.00628,bacteria,actinomycetota,actinomycetes,propionibacteriales,nocardioidaceae,nocardioides,nocardioides deserti
Zotu4531,0.0,0.0,0.0,0.0,0.0,0.0,0.0,0.0,bacteria,mycoplasmatota,mollicutes,entomoplasmatales,spiroplasmataceae,spiroplasma,spiroplasma kunkelii
Zotu4532,0.0,0.0,0.0,0.0,0.0,0.0,0.0,0.0,bacteria,pseudomonadota,gammaproteobacteria,xanthomonadales,xanthomonadaceae,stenotrophomonas,stenotrophomonas acidaminiphila
Zotu4533,0.0,0.0,0.0,0.0,0.0,0.0,0.0,0.0,bacteria,thermodesulfobacteriota,desulfuromonadia,desulfuromonadales,geoalkalibacteraceae,geoalkalibacter,geoalkalibacter ferrihydriticus
Zotu4534,0.0,0.0,0.0,0.0,0.0,0.0,0.0,0.0,bacteria,actinomycetota,rubrobacteria,gaiellales,gaiellaceae,gaiella,gaiella occulta
Zotu4535,0.0,0.0,0.0,0.0,0.0,0.0,0.0,0.0,bacteria,pseudomonadota,alphaproteobacteria,rhodobacterales,roseobacteraceae,rubellimicrobium,rubellimicrobium rubrum
Zotu4536,0.020043,0.100434,0.0,0.003074,0.0,0.0,0.0,0.0,bacteria,planctomycetota,planctomycetia,pirellulales,pirellulaceae,anatilimnocola,anatilimnocola aggregata
Zotu4537,0.0,0.0,0.0,0.0,0.0,0.0,0.0,0.0,bacteria,bacillota,bacilli,bacillales,bacillaceae,calditerricola,calditerricola yamamurae
Zotu4538,0.0,0.0,0.0,0.0,0.0,0.0,0.0,0.0,bacteria,chloroflexota,anaerolineae,anaerolineales,anaerolineaceae,anaerolinea,anaerolinea thermolimosa
Zotu4539,0.0,0.00324,0.0,0.0,0.022718,0.053948,0.047093,0.012561,bacteria,actinomycetota,acidimicrobiia,acidimicrobiales,iamiaceae,iamia,iamia majanohamensis
Zotu4541,0.0,0.0,0.0,0.0,0.0,0.0,0.00314,0.053384,bacteria,pseudomonadota,alphaproteobacteria,sphingomonadales,sphingosinicellaceae,sphingoaurantiacus,sphingoaurantiacus polygranulatus
Zotu4542,0.0,0.0,0.0,0.0,0.0,0.0,0.0,0.0,bacteria,pseudomonadota,alphaproteobacteria,hyphomicrobiales,phyllobacteriaceae,mesorhizobium,mesorhizobium terrae
Zotu4543,0.123601,0.051837,0.019037,0.0,0.003245,0.0,0.0,0.0,archaea,methanobacteriota,thermoplasmata,methanomassiliicoccales,methanomassiliicoccaceae,methanomassiliicoccus,candidatus methanomassiliicoccus intestinalis
Zotu4544,0.003341,0.0,0.057112,0.0,0.0,0.025387,0.025116,0.0,bacteria,actinomycetota,acidimicrobiia,acidimicrobiales,acidimicrobiaceae,aciditerrimonas,aciditerrimonas ferrireducens
Zotu4545,0.0,0.0,0.0,0.0,0.0,0.0,0.0,0.0,bacteria,bacteroidota,chitinophagia,chitinophagales,chitinophagaceae,niastella,niastella caeni
Zotu4546,0.006681,0.055077,0.028556,0.0,0.0,0.00952,0.0,0.0,bacteria,thermomicrobiota,thermomicrobia,thermomicrobia,thermomicrobia,thermorudis,thermorudis peleae
Zotu4547,0.0,0.0,0.0,0.0,0.0,0.0,0.0,0.0,bacteria,bacteroidota,flavobacteriia,flavobacteriales,parvicellaceae,parvicella,parvicella tangerina
Zotu4548,0.0,0.0,0.0,0.0,0.0,0.0,0.0,0.0,bacteria,pseudomonadota,gammaproteobacteria,steroidobacterales,steroidobacteraceae,povalibacter,povalibacter uvarum
Zotu4549,0.0,0.0,0.0,0.0,0.0,0.0,0.00314,0.025122,bacteria,actinomycetota,actinomycetes,micromonosporales,micromonosporaceae,plantactinospora,plantactinospora siamensis
Zotu4550,0.0,0.0,0.0,0.003074,0.0,0.0,0.0,0.00314,bacteria,actinomycetota,actinomycetes,pseudonocardiales,pseudonocardiaceae,saccharothrix,saccharothrix texasensis
Zotu4551,0.0,0.0,0.0,0.0,0.0,0.0,0.0,0.0,bacteria,pseudomonadota,alphaproteobacteria,hyphomicrobiales,methylobacteriaceae,methylorubrum,methylorubrum populi
Zotu4552,0.0,0.0,0.0,0.0,0.0,0.0,0.0,0.0,bacteria,planctomycetota,phycisphaerae,tepidisphaerales,tepidisphaeraceae,tepidisphaera,tepidisphaera mucosa
Zotu4553,0.0,0.0,0.0,0.0,0.0,0.0,0.0,0.075365,bacteria,pseudomonadota,alphaproteobacteria,sphingomonadales,sphingomonadaceae,novosphingobium,novosphingobium endophyticum
Zotu4554,0.0,0.0,0.0,0.083003,0.0,0.0,0.0,0.0,bacteria,actinomycetota,rubrobacteria,rubrobacterales,rubrobacteraceae,rubrobacter,rubrobacter naiadicus
Zotu4555,0.003341,0.0,0.0,0.0,0.0,0.0,0.043953,0.072225,bacteria,pseudomonadota,alphaproteobacteria,sphingomonadales,sphingomonadaceae,novosphingobium,novosphingobium ginsenosidimutans
Zotu4556,0.0,0.0,0.0,0.0,0.0,0.0,0.0,0.0,bacteria,fusobacteriota,fusobacteriia,fusobacteriales,leptotrichiaceae,leptotrichia,leptotrichia genomosp. c1
Zotu4557,0.0,0.0,0.0,0.0,0.0,0.003173,0.0,0.0,bacteria,actinomycetota,nitriliruptoria,euzebyales,euzebyaceae,euzebya,euzebya tangerina
Zotu4558,0.0,0.0,0.0,0.0,0.0,0.0,0.0,0.0,bacteria,pseudomonadota,betaproteobacteria,neisseriales,neisseriaceae,snodgrassella,snodgrassella alvi
Zotu4559,0.0,0.0,0.0,0.0,0.0,0.0,0.0,0.0,bacteria,actinomycetota,thermoleophilia,solirubrobacterales,solirubrobacteraceae,solirubrobacter,solirubrobacter phytolaccae
Zotu4561,0.0,0.0,0.0,0.0,0.0,0.0,0.0,0.0,bacteria,bacillota,bacilli,bacillales,bacillales family x. incertae sedis,thermicanus,thermicanus aegyptius
Zotu4562,0.0,0.0,0.0,0.0,0.0,0.0,0.0,0.021981,bacteria,pseudomonadota,betaproteobacteria,burkholderiales,oxalobacteraceae,massilia,massilia aerilata
Zotu4563,0.0,0.0,0.003173,0.0,0.029209,0.0,0.0,0.037683,bacteria,actinomycetota,actinomycetes,geodermatophilales,geodermatophilaceae,blastococcus,blastococcus jejuensis
Zotu4564,0.0,0.0,0.003173,0.0,0.0,0.0,0.0,0.0,archaea,methanobacteriota,thermoplasmata,methanomassiliicoccales,methanomassiliicoccaceae,methanomassiliicoccus,candidatus methanomassiliicoccus intestinalis
Zotu4565,0.0,0.0,0.0,0.0,0.0,0.0,0.0,0.0,bacteria,bacillota,clostridia,thermosediminibacterales,thermosediminibacteraceae,thermovenabulum,thermovenabulum gondwanense
Zotu4566,0.0,0.0,0.0,0.0,0.0,0.006347,0.00314,0.0,bacteria,myxococcota,myxococcia,myxococcales,archangiaceae,archangium,archangium gephyra
Zotu4567,0.0,0.025918,0.0,0.0,0.0,0.0,0.0,0.0,bacteria,pseudomonadota,alphaproteobacteria,hyphomicrobiales,hyphomicrobiaceae,methylothermalis,methylothermalis aethiopiae
Zotu4568,0.0,0.0,0.092014,0.0,0.0,0.0,0.0,0.0,bacteria,thermodesulfobacteriota,desulfuromonadia,desulfuromonadales,desulfuromonadaceae,desulfuromonas,desulfuromonas thiophila
Zotu4569,0.0,0.0,0.0,0.0,0.0,0.0,0.0,0.0,archaea,methanobacteriota,halobacteria,halobacteriales,halobacteriaceae,halovenus,halovenus carboxidivorans
Zotu4571,0.0,0.0,0.0,0.0,0.0,0.0,0.0,0.0,bacteria,myxococcota,myxococcota,haliangiales,kofleriaceae,haliangium,haliangium ochraceum
Zotu4572,0.0,0.0,0.0,0.0,0.0,0.0,0.0,0.0,bacteria,pseudomonadota,alphaproteobacteria,sphingomonadales,sphingomonadaceae,sphingomonas,sphingomonas montis
Zotu4573,0.0,0.00324,0.0,0.0,0.0,0.006347,0.0,0.100487,bacteria,deinococcota,deinococci,deinococcales,deinococcaceae,deinococcus,deinococcus papagonensis
Zotu4574,0.0,0.0,0.0,0.0,0.0,0.0,0.034535,0.0,bacteria,pseudomonadota,alphaproteobacteria,sphingomonadales,sphingosinicellaceae,sphingosinicella,sphingosinicella humi
Zotu4575,0.016703,0.00324,0.0,0.0,0.0,0.022214,0.0,0.0,bacteria,myxococcota,myxococcota,haliangiales,kofleriaceae,haliangium,haliangium ochraceum
Zotu4576,0.0,0.0,0.0,0.0,0.0,0.0,0.0,0.0,bacteria,actinomycetota,acidimicrobiia,acidimicrobiales,iamiaceae,actinomarinicola,actinomarinicola tropica
Zotu4577,0.0,0.0,0.0,0.0,0.0,0.0,0.0,0.00628,bacteria,pseudomonadota,alphaproteobacteria,sphingomonadales,sphingosinicellaceae,sphingosinicella,sphingosinicella humi
Zotu4578,0.0,0.0,0.0,0.0,0.181747,0.003173,0.0,0.00314,bacteria,planctomycetota,phycisphaerae,tepidisphaerales,tepidisphaeraceae,tepidisphaera,tepidisphaera mucosa
Zotu4579,0.0,0.113393,0.006346,0.0,0.003245,0.0,0.0,0.0,bacteria,elusimicrobiota,endomicrobia,endomicrobiales,endomicrobiaceae,candidatus endomicrobium,candidatus endomicrobium pyrsonymphae
Zotu4580,0.0,0.0,0.114224,0.0,0.0,0.003173,0.0,0.0,bacteria,bacillota,clostridia,eubacteriales,peptococcaceae,candidatus desulforudis,candidatus desulforudis audaxviator
Zotu4581,0.003341,0.00324,0.0,0.0,0.0,0.0,0.0,0.0,bacteria,pseudomonadota,alphaproteobacteria,hyphomicrobiales,blastochloridaceae,blastochloris,blastochloris viridis
Zotu4582,0.020043,0.0,0.0,0.0,0.045437,0.0,0.0,0.0,bacteria,pseudomonadota,alphaproteobacteria,hyphomicrobiales,hyphomicrobiaceae,pedomicrobium,pedomicrobium ferrugineum
Zotu4584,0.0,0.0,0.0,0.0,0.0,0.0,0.0,0.00314,bacteria,pseudomonadota,alphaproteobacteria,rhodospirillales,acetobacteraceae,falsiroseomonas,falsiroseomonas riguiloci
Zotu4585,0.0,0.0,0.0,0.0,0.003245,0.0,0.0,0.0,bacteria,pseudomonadota,betaproteobacteria,rhodocyclales,zoogloeaceae,thauera,thauera sinica
Zotu4586,0.0,0.0,0.0,0.061484,0.0,0.0,0.0,0.0,bacteria,gemmatimonadota,gemmatimonadetes,gemmatimonadales,gemmatimonadaceae,roseisolibacter,roseisolibacter agri
Zotu4587,0.0,0.0,0.0,0.0,0.0,0.0,0.0,0.0,bacteria,planctomycetota,planctomycetia,pirellulales,pirellulaceae,aureliella,aureliella helgolandensis
Zotu4588,0.0,0.0,0.0,0.0,0.0,0.0,0.0,0.0,bacteria,verrucomicrobiota,verrucomicrobiae,verrucomicrobiales,verrucomicrobia subdivision 3,pedosphaera,pedosphaera parvula
Zotu4589,0.0,0.0,0.0,0.0,0.0,0.0,0.0,0.0,bacteria,myxococcota,myxococcota,polyangiales,sandaracinaceae,sandaracinus,sandaracinus amylolyticus
Zotu4590,0.0,0.0,0.0,0.0,0.0,0.003173,0.0,0.0,bacteria,actinomycetota,acidimicrobiia,acidimicrobiales,iamiaceae,iamia,iamia majanohamensis
Zotu4591,0.070152,0.0,0.085668,0.0,0.003245,0.0,0.00314,0.0,bacteria,pseudomonadota,gammaproteobacteria,chromatiales,ectothiorhodospiraceae,natronospira,natronospira proteinivora
Zotu4592,0.020043,0.0,0.0,0.0,0.0,0.095202,0.006279,0.0,bacteria,planctomycetota,phycisphaerae,tepidisphaerales,tepidisphaeraceae,tepidisphaera,tepidisphaera mucosa
Zotu4593,0.0,0.0,0.0,0.0,0.0,0.0,0.0,0.0,bacteria,bacillota,bacilli,bacillales,bacillales family x. incertae sedis,brockia,brockia lithotrophica
Zotu4594,0.0,0.0,0.0,0.0,0.0,0.0,0.0,0.00314,bacteria,verrucomicrobiota,spartobacteria,chthoniobacterales,chthoniobacteraceae,chthoniobacter,chthoniobacter flavus
Zotu4595,0.0,0.0,0.0,0.0,0.0,0.0,0.0,0.0,bacteria,bacteroidota,cytophagia,cytophagales,cytophagaceae,rhodocytophaga,rhodocytophaga aerolata
Zotu4596,0.0,0.0,0.0,0.0,0.0,0.0,0.0,0.0,bacteria,thermomicrobiota,thermomicrobia,sphaerobacterales,sphaerobacteraceae,sphaerobacter,sphaerobacter thermophilus
Zotu4597,0.0,0.0,0.0,0.0,0.0,0.0,0.0,0.0,bacteria,bacteroidota,cytophagia,cytophagales,flexibacteraceae,flexibacter,flexibacter flexilis
Zotu4598,0.0,0.0,0.0,0.0,0.0,0.0,0.0,0.0,bacteria,bacteroidota,chitinophagia,chitinophagales,chitinophagaceae,sediminibacterium,sediminibacterium goheungense
Zotu4599,0.080174,0.0,0.0,0.0,0.003245,0.0,0.0,0.0,bacteria,actinomycetota,actinomycetes,mycobacteriales,nocardiaceae,rhodococcus,rhodococcus marinonascens
Zotu4600,0.0,0.0,0.0,0.003074,0.0,0.0,0.0,0.0,bacteria,bacillota,clostridia,eubacteriales,clostridiales family xvii. incertae sedis,thermaerobacter,thermaerobacter composti
Zotu4601,0.0,0.0,0.0,0.0,0.142802,0.0,0.0,0.0,bacteria,pseudomonadota,gammaproteobacteria,gammaproteobacteria,gammaproteobacteria,acidibacter,acidibacter ferrireducens
Zotu4602,0.0,0.0,0.0,0.0,0.0,0.0,0.0,0.0,bacteria,chloroflexota,anaerolineae,anaerolineales,anaerolineaceae,thermanaerothrix,thermanaerothrix daxensis
Zotu4603,0.0,0.0,0.0,0.0,0.0,0.0,0.0,0.0,bacteria,pseudomonadota,alphaproteobacteria,rhodospirillales,acetobacteraceae,roseomonas,roseomonas rosea
Zotu4604,0.0,0.0,0.0,0.0,0.0,0.0,0.00314,0.0,bacteria,pseudomonadota,betaproteobacteria,nitrosomonadales,thiobacillaceae,annwoodia,annwoodia aquaesulis
Zotu4605,0.0,0.0,0.0,0.0,0.0,0.0,0.0,0.0,bacteria,pseudomonadota,gammaproteobacteria,pseudomonadales,pseudomonadaceae,pseudomonas,pseudomonas graminis
Zotu4607,0.0,0.058317,0.0,0.0,0.0,0.0,0.0,0.00314,bacteria,chloroflexota,anaerolineae,anaerolineales,anaerolineaceae,thermanaerothrix,thermanaerothrix daxensis
Zotu4608,0.0,0.0,0.0,0.0,0.0,0.0,0.0,0.0,bacteria,bacteroidota,chitinophagia,chitinophagales,chitinophagaceae,segetibacter,segetibacter aerophilus
Zotu4609,0.0,0.0,0.019037,0.0,0.042191,0.050774,0.047093,0.0,bacteria,chloroflexota,tepidiformia,tepidiformales,tepidiformaceae,tepidiforma,tepidiforma bonchosmolovskayae
Zotu4610,0.0,0.0,0.003173,0.0,0.0,0.0,0.0,0.00314,bacteria,bacteroidota,chitinophagia,chitinophagales,chitinophagaceae,flavisolibacter,flavisolibacter metallilatus
Zotu4611,0.003341,0.0,0.003173,0.0,0.0,0.0,0.0,0.0,archaea,methanobacteriota,thermoplasmata,methanomassiliicoccales,methanomassiliicoccaceae,methanomassiliicoccus,candidatus methanomassiliicoccus intestinalis
Zotu4612,0.0,0.0,0.0,0.0,0.0,0.0,0.0,0.0,bacteria,pseudomonadota,alphaproteobacteria,rhodobacterales,roseobacteraceae,rubellimicrobium,rubellimicrobium roseum
Zotu4613,0.0,0.009719,0.0,0.0,0.084383,0.0,0.0,0.0,bacteria,actinomycetota,rubrobacteria,gaiellales,gaiellaceae,gaiella,gaiella occulta
Zotu4614,0.0,0.0,0.0,0.098374,0.0,0.006347,0.0,0.0,bacteria,pseudomonadota,betaproteobacteria,burkholderiales,burkholderiaceae,robbsia,robbsia andropogonis
Zotu4615,0.0,0.051837,0.0,0.0,0.0,0.0,0.0,0.00314,bacteria,pseudomonadota,alphaproteobacteria,holosporales,caedimonadaceae,caedimonas,caedimonas varicaedens
Zotu4616,0.0,0.0,0.0,0.0,0.0,0.0,0.0,0.0,bacteria,verrucomicrobiota,verrucomicrobiae,verrucomicrobiales,verrucomicrobia subdivision 3,pedosphaera,pedosphaera parvula
Zotu4617,0.0,0.0,0.0,0.0,0.003245,0.0,0.0,0.0,bacteria,pseudomonadota,alphaproteobacteria,rhodospirillales,acetobacteraceae,roseomonas,roseomonas harenae
Zotu4618,0.0,0.0,0.0,0.0,0.0,0.0,0.00314,0.0,bacteria,actinomycetota,actinomycetes,propionibacteriales,nocardioidaceae,nocardioides,nocardioides marmoriterrae
Zotu4619,0.003341,0.0,0.0,0.0,0.0,0.0,0.0,0.0,bacteria,pseudomonadota,alphaproteobacteria,sphingomonadales,sphingomonadaceae,sphingomonas,sphingomonas leidyi
Zotu4620,0.0,0.0,0.0,0.0,0.0,0.0,0.0,0.00628,bacteria,pseudomonadota,alphaproteobacteria,hyphomicrobiales,methylobacteriaceae,microvirga,microvirga thermotolerans
Zotu4621,0.030065,0.0,0.0,0.0,0.0,0.0,0.0,0.0,archaea,nitrososphaerota,nitrososphaeria,nitrososphaerales,nitrososphaeraceae,nitrososphaera,candidatus nitrososphaera gargensis
Zotu4622,0.036746,0.042118,0.0,0.0,0.0,0.0,0.0,0.00314,archaea,methanobacteriota,thermoplasmata,methanomassiliicoccales,methanomassiliicoccaceae,methanomassiliicoccus,candidatus methanomassiliicoccus intestinalis
Zotu4623,0.0,0.136072,0.0,0.0,0.0,0.0,0.0,0.0,bacteria,pseudomonadota,deltaproteobacteria,deltaproteobacteria,deltaproteobacteria,candidatus babela,delta proteobacterium babl1
Zotu4624,0.0,0.0,0.003173,0.003074,0.162274,0.047601,0.034535,0.062804,archaea,nitrososphaerota,nitrososphaeria,nitrososphaerales,nitrososphaeraceae,nitrososphaera,candidatus nitrososphaera gargensis
Zotu4625,0.183731,0.035638,0.0,0.003074,0.006491,0.0,0.0,0.0,archaea,methanobacteriota,thermoplasmata,methanomassiliicoccales,candidatus methanomethylophilaceae,candidatus methanomethylophilus,candidatus methanomethylophilus alvus
Zotu4626,0.0,0.0,0.0,0.0,0.003245,0.0,0.0,0.0,bacteria,deinococcota,deinococci,deinococcales,deinococcaceae,deinococcus,deinococcus papagonensis
Zotu4627,0.0,0.0,0.0,0.0,0.0,0.0,0.00314,0.0,bacteria,chloroflexota,chloroflexia,chloroflexales,chloroflexaceae,chloroflexus,chloroflexus islandicus
Zotu4629,0.0,0.0,0.0,0.0,0.0,0.0,0.0,0.0,bacteria,verrucomicrobiota,verrucomicrobiae,verrucomicrobiales,verrucomicrobia subdivision 3,pedosphaera,pedosphaera parvula
Zotu4630,0.0,0.0,0.0,0.0,0.0,0.0,0.00314,0.0,bacteria,chloroflexota,chloroflexia,herpetosiphonales,herpetosiphonaceae,herpetosiphon,herpetosiphon aurantiacus
Zotu4631,0.0,0.0,0.0,0.0,0.0,0.0,0.0,0.0,bacteria,acidobacteriota,acidobacteriia,bryobacterales,solibacteraceae,candidatus solibacter,candidatus solibacter usitatus
Zotu4632,0.0,0.0,0.0,0.0,0.0,0.0,0.0,0.0,bacteria,pseudomonadota,alphaproteobacteria,rhodobacterales,rhodobacteraceae,paracoccus,paracoccus chinensis
Zotu4633,0.0,0.00324,0.0,0.0,0.003245,0.0,0.00314,0.0,bacteria,myxococcota,myxococcota,polyangiales,polyangiaceae,polyangium,polyangium sorediatum
Zotu4634,0.0,0.0,0.0,0.0,0.0,0.0,0.0,0.0,bacteria,chloroflexota,anaerolineae,anaerolineales,anaerolineaceae,thermanaerothrix,thermanaerothrix daxensis
Zotu4635,0.0,0.0,0.0,0.0,0.0,0.00952,0.00314,0.0,bacteria,bacillota,bacilli,bacillales,paenibacillaceae,paenibacillus,paenibacillus antri
Zotu4636,0.036746,0.0,0.034902,0.0,0.0,0.031734,0.0,0.0,bacteria,pseudomonadota,alphaproteobacteria,rhodospirillales,azospirillaceae,skermanella,skermanella mucosa
Zotu4637,0.0,0.0,0.0,0.0,0.0,0.0,0.0,0.0,bacteria,gemmatimonadota,gemmatimonadetes,gemmatimonadales,gemmatimonadaceae,roseisolibacter,roseisolibacter agri
Zotu4638,0.0,0.0,0.0,0.0,0.0,0.0,0.0,0.0,bacteria,bacteroidota,cytophagia,cytophagales,fulvivirgaceae,ohtaekwangia,ohtaekwangia koreensis
Zotu4639,0.0,0.0,0.0,0.0,0.0,0.107895,0.0,0.0,bacteria,planctomycetota,phycisphaerae,tepidisphaerales,tepidisphaeraceae,tepidisphaera,tepidisphaera mucosa
Zotu4640,0.0,0.0,0.0,0.0,0.0,0.0,0.0,0.0,bacteria,chloroflexota,chloroflexia,kallotenuales,kallotenuaceae,kallotenue,kallotenue papyrolyticum
Zotu4641,0.0,0.0,0.0,0.0,0.120083,0.025387,0.0,0.0,bacteria,actinomycetota,rubrobacteria,rubrobacterales,rubrobacteraceae,rubrobacter,rubrobacter taiwanensis
Zotu4642,0.0,0.0,0.0,0.0,0.0,0.0,0.0,0.0,bacteria,gemmatimonadota,gemmatimonadetes,gemmatimonadales,gemmatimonadaceae,roseisolibacter,roseisolibacter agri
Zotu4643,0.010022,0.00648,0.0,0.0,0.0,0.0,0.0,0.0,bacteria,planctomycetota,candidatus brocadiia,candidatus brocadiales,candidatus brocadiaceae,candidatus kuenenia,candidatus kuenenia stuttgartiensis
Zotu4644,0.0,0.0,0.0,0.0,0.0,0.0,0.0,0.0,bacteria,planctomycetota,planctomycetia,pirellulales,lacipirellulaceae,pirellulimonas,pirellulimonas nuda
Zotu4645,0.0,0.0,0.0,0.0,0.0,0.0,0.0,0.0,bacteria,pseudomonadota,alphaproteobacteria,sphingomonadales,sphingomonadaceae,sphingomonas,sphingomonas wittichii
Zotu4646,0.0,0.0,0.0,0.0,0.0,0.0,0.0,0.0,bacteria,myxococcota,myxococcota,polyangiales,polyangiaceae,aetherobacter,aetherobacter rufus
Zotu4647,0.003341,0.0,0.0,0.0,0.0,0.0,0.0,0.0,bacteria,actinomycetota,actinomycetes,micrococcales,dermabacteraceae,brachybacterium,brachybacterium epidermidis
Zotu4648,0.0,0.0,0.0,0.0,0.0,0.0,0.0,0.0,bacteria,bacillota,clostridia,eubacteriales,symbiobacteriaceae,symbiobacterium,symbiobacterium terraclitae
Zotu4649,0.003341,0.0,0.111051,0.0,0.0,0.0,0.00314,0.0,bacteria,acidobacteriota,vicinamibacteria,vicinamibacterales,vicinamibacteraceae,luteitalea,luteitalea pratensis
Zotu4650,0.036746,0.00648,0.0,0.0,0.0,0.003173,0.0,0.0,bacteria,bacillota,clostridia,eubacteriales,symbiobacteriaceae,symbiobacterium,symbiobacterium terraclitae
Zotu4651,0.0,0.0,0.0,0.0,0.0,0.0,0.0,0.0,bacteria,pseudomonadota,gammaproteobacteria,steroidobacterales,steroidobacteraceae,povalibacter,povalibacter uvarum
Zotu4652,0.0,0.0,0.082495,0.0,0.003245,0.050774,0.0,0.0,bacteria,pseudomonadota,deltaproteobacteria,myxococcales,anaeromyxobacteraceae,anaeromyxobacter,anaeromyxobacter dehalogenans
Zotu4653,0.0,0.0,0.0,0.0,0.0,0.0,0.0,0.0,bacteria,gemmatimonadota,gemmatimonadetes,gemmatimonadales,gemmatimonadaceae,roseisolibacter,roseisolibacter agri
Zotu4654,0.0,0.0,0.0,0.0,0.0,0.0,0.0,0.0,bacteria,spirochaetota,spirochaetia,spirochaetales,rectinemataceae,rectinema,rectinema cohabitans
Zotu4655,0.0,0.0,0.0,0.0,0.0,0.0,0.0,0.0,bacteria,verrucomicrobiota,verrucomicrobiae,verrucomicrobiales,verrucomicrobia subdivision 3,pedosphaera,pedosphaera parvula
Zotu4656,0.026725,0.071276,0.0,0.0,0.0,0.0,0.0,0.00314,bacteria,thermodesulfobacteriota,dissulfuribacteria,dissulfuribacterales,dissulfuribacteraceae,dissulfuribacter,dissulfuribacter thermophilus
Zotu4657,0.0,0.0,0.0,0.0,0.0,0.0,0.0,0.0,bacteria,chloroflexota,chloroflexia,chloroflexales,oscillochloridaceae,oscillochloris,oscillochloris trichoides
Zotu4658,0.0,0.0,0.0,0.0,0.0,0.0,0.0,0.0,bacteria,pseudomonadota,betaproteobacteria,burkholderiales,oxalobacteraceae,noviherbaspirillum,noviherbaspirillum autotrophicum
Zotu4659,0.0,0.0,0.0,0.0,0.0,0.0,0.0,0.0,bacteria,myxococcota,myxococcota,polyangiales,polyangiaceae,chondromyces,chondromyces crocatus
Zotu4660,0.0,0.0,0.003173,0.0,0.0357,0.0,0.0,0.0,bacteria,actinomycetota,rubrobacteria,gaiellales,gaiellaceae,gaiella,gaiella occulta
Zotu4661,0.0,0.0,0.0,0.0,0.0,0.0,0.0,0.012561,bacteria,actinomycetota,actinomycetes,geodermatophilales,geodermatophilaceae,geodermatophilus,geodermatophilus obscurus
Zotu4662,0.096877,0.00324,0.0,0.0,0.0,0.0,0.0,0.0,bacteria,actinomycetota,thermoleophilia,solirubrobacterales,conexibacteraceae,conexibacter,conexibacter stalactiti
Zotu4664,0.010022,0.019439,0.0,0.0,0.0,0.0,0.0,0.0,bacteria,myxococcota,myxococcia,myxococcales,myxococcaceae,simulacricoccus,simulacricoccus ruber
Zotu4665,0.0,0.0,0.0,0.0,0.0,0.0,0.0,0.00314,bacteria,actinomycetota,actinomycetes,kitasatosporales,streptomycetaceae,kitasatospora,kitasatospora paranensis
Zotu4666,0.0,0.0,0.0,0.0,0.0,0.0,0.0,0.0,bacteria,actinomycetota,thermoleophilia,solirubrobacterales,baekduiaceae,baekduia,baekduia soli
Zotu4667,0.0,0.0,0.0,0.0,0.0,0.079335,0.00314,0.069085,bacteria,pseudomonadota,betaproteobacteria,burkholderiales,oxalobacteraceae,collimonas,collimonas fungivorans
Zotu4669,0.003341,0.0,0.0,0.0,0.0,0.0,0.0,0.0,bacteria,pseudomonadota,gammaproteobacteria,xanthomonadales,rhodanobacteraceae,luteibacter,luteibacter anthropi
Zotu4670,0.0,0.0,0.0,0.0,0.0,0.003173,0.0,0.00314,bacteria,chloroflexota,chloroflexia,chloroflexales,roseiflexaceae,kouleothrix,kouleothrix aurantiaca
Zotu4671,0.0,0.0,0.0,0.0,0.0,0.0,0.0,0.0,bacteria,actinomycetota,thermoleophilia,solirubrobacterales,solirubrobacteraceae,solirubrobacter,solirubrobacter ginsenosidimutans
Zotu4672,0.0,0.0,0.0,0.0,0.0,0.0,0.0,0.0,bacteria,planctomycetota,planctomycetia,pirellulales,lacipirellulaceae,botrimarina,botrimarina colliarenosi
Zotu4673,0.0,0.0,0.0,0.0,0.0,0.120589,0.0,0.00314,bacteria,pseudomonadota,gammaproteobacteria,acidiferrobacterales,acidiferrobacteraceae,sulfurifustis,sulfurifustis variabilis
Zotu4674,0.0,0.00324,0.0,0.0,0.0,0.0,0.0,0.00314,bacteria,actinomycetota,actinomycetes,pseudonocardiales,pseudonocardiaceae,kibdelosporangium,kibdelosporangium banguiense
Zotu4675,0.0,0.009719,0.0,0.006148,0.0,0.0,0.0,0.00314,bacteria,bacillota,clostridia,eubacteriales,symbiobacteriaceae,symbiobacterium,symbiobacterium thermophilum
Zotu4676,0.0,0.00324,0.0,0.0,0.0,0.0,0.00314,0.0,bacteria,actinomycetota,actinomycetes,streptosporangiales,nocardiopsaceae,streptomonospora,streptomonospora nanhaiensis
Zotu4677,0.0,0.0,0.0,0.0,0.0,0.0,0.0,0.0,bacteria,deinococcota,deinococci,trueperales,trueperaceae,truepera,truepera radiovictrix
Zotu4678,0.0,0.0,0.0,0.0,0.0,0.0,0.0,0.0,bacteria,bacillota,clostridia,eubacteriales,desulfitobacteriaceae,desulfosporosinus,desulfosporosinus youngiae
Zotu4679,0.0,0.0,0.0,0.0,0.0,0.0,0.0,0.00314,bacteria,bacillota,clostridia,eubacteriales,symbiobacteriaceae,symbiobacterium,symbiobacterium terraclitae
Zotu4680,0.153666,0.0,0.0,0.003074,0.0,0.0,0.0,0.00314,bacteria,gemmatimonadota,longimicrobiia,longimicrobiales,longimicrobiaceae,longimicrobium,longimicrobium terrae
Zotu4681,0.0,0.0,0.0,0.0,0.0,0.0,0.0,0.0,bacteria,verrucomicrobiota,verrucomicrobiae,verrucomicrobiales,verrucomicrobia subdivision 3,pedosphaera,pedosphaera parvula
Zotu4682,0.0,0.0,0.0,0.0,0.0,0.0,0.0,0.0,bacteria,pseudomonadota,alphaproteobacteria,rickettsiales,anaplasmataceae,candidatus neoehrlichia,candidatus neoehrlichia mikurensis
Zotu4683,0.0,0.0,0.0,0.0,0.0,0.0,0.0,0.025122,bacteria,myxococcota,myxococcia,myxococcales,myxococcaceae,pyxidicoccus,pyxidicoccus fallax
Zotu4684,0.0,0.00324,0.076149,0.0,0.0,0.003173,0.0,0.0,bacteria,acidobacteriota,thermoanaerobaculia,thermoanaerobaculales,thermoanaerobaculaceae,thermoanaerobaculum,thermoanaerobaculum aquaticum
Zotu4685,0.0,0.0,0.0,0.0,0.0,0.0,0.006279,0.0,bacteria,actinomycetota,actinomycetes,nakamurellales,nakamurellaceae,nakamurella,nakamurella aerolata
Zotu4686,0.0,0.0,0.09836,0.0,0.0,0.0,0.0,0.0,bacteria,verrucomicrobiota,verrucomicrobiae,verrucomicrobiales,verrucomicrobia subdivision 3,pedosphaera,pedosphaera parvula
Zotu4687,0.0,0.0,0.0,0.0,0.0,0.0,0.0,0.0,bacteria,rhodothermota,rhodothermia,rhodothermales,rhodothermaceae,rhodocaloribacter,rhodocaloribacter litoris
Zotu4688,0.0,0.0,0.0,0.0,0.0,0.0,0.0,0.0,bacteria,verrucomicrobiota,spartobacteria,chthoniobacterales,chthoniobacteraceae,chthoniobacter,chthoniobacter flavus
Zotu4689,0.0,0.0,0.0,0.0,0.0,0.003173,0.0,0.031402,bacteria,bacteroidota,cytophagia,cytophagales,hymenobacteraceae,pontibacter,pontibacter amylolyticus
Zotu4690,0.0,0.0,0.0,0.0,0.003245,0.0,0.0,0.0,bacteria,gemmatimonadota,gemmatimonadetes,gemmatimonadales,gemmatimonadaceae,gemmatimonas,gemmatimonas phototrophica
Zotu4691,0.0,0.0,0.0,0.0,0.0,0.047601,0.0,0.0,bacteria,pseudomonadota,gammaproteobacteria,gammaproteobacteria,gammaproteobacteria,acidibacter,acidibacter ferrireducens
Zotu4692,0.0,0.0,0.0,0.0,0.0,0.0,0.0,0.0,bacteria,pseudomonadota,alphaproteobacteria,rhodospirillales,dongiaceae,dongia,dongia mobilis
Zotu4693,0.0,0.0,0.0,0.0,0.0,0.0,0.00314,0.0,bacteria,bacillota,negativicutes,veillonellales,veillonellaceae,negativicoccus,negativicoccus succinicivorans
Zotu4695,0.0,0.019439,0.0,0.0,0.0,0.0,0.0,0.0,bacteria,actinomycetota,rubrobacteria,rubrobacterales,rubrobacteraceae,rubrobacter,rubrobacter naiadicus
Zotu4696,0.010022,0.0,0.0,0.0,0.0,0.0,0.0,0.0,archaea,methanobacteriota,thermoplasmata,methanomassiliicoccales,methanomassiliicoccaceae,methanomassiliicoccus,candidatus methanomassiliicoccus intestinalis
Zotu4697,0.183731,0.0,0.0,0.0,0.0,0.0,0.0,0.0,bacteria,bacillota,clostridia,christensenellales,christensenellaceae,christensenella,christensenella hongkongensis
Zotu4698,0.0,0.0,0.0,0.0,0.0,0.0,0.0,0.0,bacteria,pseudomonadota,alphaproteobacteria,rhodospirillales,azospirillaceae,skermanella,skermanella rubra
Zotu4699,0.0,0.0,0.0,0.0,0.0,0.003173,0.0,0.0,bacteria,chloroflexota,chloroflexia,herpetosiphonales,herpetosiphonaceae,herpetosiphon,herpetosiphon aurantiacus
Zotu4700,0.0,0.0,0.003173,0.0,0.0,0.0,0.0,0.0,bacteria,actinomycetota,actinomycetes,micrococcales,microbacteriaceae,agrococcus,agrococcus sediminis
Zotu4701,0.0,0.0,0.0,0.0,0.003245,0.0,0.0,0.0,bacteria,bacteroidota,cytophagia,cytophagales,hymenobacteraceae,adhaeribacter,adhaeribacter swui
Zotu4702,0.0,0.00324,0.0,0.0,0.0,0.0,0.0,0.0,bacteria,bacteroidota,sphingobacteriia,sphingobacteriales,sphingobacteriaceae,solitalea,solitalea canadensis
Zotu4703,0.0,0.0,0.0,0.0,0.0,0.0,0.0,0.0,bacteria,verrucomicrobiota,verrucomicrobiae,limisphaerales,fontisphaeraceae,fontisphaera,fontisphaera persica
Zotu4704,0.0,0.0,0.006346,0.0,0.003245,0.0,0.0,0.0,bacteria,thermodesulfobacteriota,syntrophobacteria,syntrophobacterales,syntrophobacteraceae,desulfoglaeba,desulfoglaeba alkanexedens
Zotu4705,0.0,0.0,0.0,0.0,0.0,0.0,0.018837,0.0,bacteria,gemmatimonadota,longimicrobiia,longimicrobiales,longimicrobiaceae,longimicrobium,longimicrobium terrae
Zotu4706,0.0,0.0,0.0,0.0,0.003245,0.0,0.0,0.0,bacteria,chloroflexota,chloroflexia,kallotenuales,kallotenuaceae,kallotenue,kallotenue papyrolyticum
Zotu4707,0.0,0.0,0.003173,0.0,0.0,0.0,0.0,0.0,archaea,methanobacteriota,thermoplasmata,methanomassiliicoccales,methanomassiliicoccaceae,methanomassiliicoccus,candidatus methanomassiliicoccus intestinalis
Zotu4708,0.0,0.0,0.0,0.0,0.0,0.0,0.0,0.0,bacteria,pseudomonadota,alphaproteobacteria,rhodospirillales,dongiaceae,hypericibacter,hypericibacter terrae
Zotu4709,0.040087,0.025918,0.0,0.0,0.0,0.0,0.0,0.0,bacteria,gemmatimonadota,gemmatimonadetes,gemmatimonadales,gemmatimonadaceae,roseisolibacter,roseisolibacter agri
Zotu4710,0.003341,0.022679,0.057112,0.0,0.0,0.0,0.0,0.0,bacteria,planctomycetota,planctomycetia,pirellulales,pirellulaceae,candidatus anammoximicrobium,candidatus anammoximicrobium moscowii
Zotu4711,0.003341,0.0,0.0,0.0,0.0,0.072988,0.0,0.0,archaea,methanobacteriota,thermoplasmata,methanomassiliicoccales,methanomassiliicoccaceae,methanomassiliicoccus,candidatus methanomassiliicoccus intestinalis
Zotu4713,0.0,0.0,0.0,0.0,0.0,0.0,0.0,0.0,bacteria,actinomycetota,actinomycetes,micrococcales,cellulomonadaceae,cellulomonas,cellulomonas humilata
Zotu4714,0.0,0.0,0.003173,0.0,0.0,0.0,0.0,0.0,bacteria,myxococcota,myxococcia,myxococcales,vulgatibacteraceae,vulgatibacter,vulgatibacter incomptus
Zotu4715,0.0,0.0,0.0,0.0,0.0,0.003173,0.00314,0.0,bacteria,actinomycetota,thermoleophilia,solirubrobacterales,conexibacteraceae,conexibacter,conexibacter stalactiti
Zotu4716,0.0,0.0,0.0,0.0,0.0,0.0,0.0,0.0,bacteria,bacillota,clostridia,eubacteriales,symbiobacteriaceae,symbiobacterium,symbiobacterium terraclitae
Zotu4717,0.070152,0.00648,0.0,0.0,0.0,0.0,0.0,0.0,bacteria,bacillota,bacilli,lactobacillales,lactobacillaceae,lactobacillus,lactobacillus mucosae
Zotu4718,0.003341,0.0,0.0,0.0,0.0,0.006347,0.0,0.0,bacteria,pseudomonadota,alphaproteobacteria,sphingomonadales,sphingomonadaceae,sphingomonas,sphingomonas lutea
Zotu4719,0.0,0.0,0.0,0.003074,0.0,0.0,0.0,0.0,bacteria,planctomycetota,planctomycetia,planctomycetales,planctomycetaceae,gimesia,gimesia maris
Zotu4721,0.070152,0.0,0.0,0.0,0.074646,0.0,0.0,0.0,bacteria,thermodesulfobacteriota,syntrophobacteria,syntrophobacterales,syntrophobacteraceae,desulfosoma,desulfosoma profundi
Zotu4722,0.0,0.0,0.12057,0.0,0.0,0.0,0.0,0.0,bacteria,bdellovibrionota,bdellovibrionia,bdellovibrionales,pseudobdellovibrionaceae,bdellovibrio,bdellovibrio bacteriovorus
Zotu4723,0.0,0.0,0.0,0.0,0.0,0.0,0.0,0.0,bacteria,pseudomonadota,gammaproteobacteria,oceanospirillales,alcanivoracaceae,alloalcanivorax,alloalcanivorax xenomutans
Zotu4724,0.0,0.0,0.0,0.0,0.0,0.0,0.009419,0.0,bacteria,bacillota,bacilli,bacillales,paenibacillaceae,paenibacillus,paenibacillus mucilaginosus
Zotu4725,0.003341,0.00324,0.034902,0.079929,0.0,0.0,0.0,0.0,bacteria,gemmatimonadota,gemmatimonadetes,gemmatimonadales,gemmatimonadaceae,gemmatimonas,gemmatimonas phototrophica
Zotu4726,0.0,0.0,0.0,0.0,0.0,0.0,0.0,0.0,bacteria,actinomycetota,actinomycetes,micrococcales,microbacteriaceae,agromyces,agromyces humi
Zotu4727,0.0,0.0,0.0,0.0,0.012982,0.0,0.0,0.0,bacteria,actinomycetota,actinomycetes,mycobacteriales,mycobacteriaceae,mycolicibacterium,mycolicibacterium poriferae
Zotu4728,0.0,0.0,0.0,0.0,0.0,0.0,0.0,0.0,bacteria,bacteroidota,chitinophagia,chitinophagales,chitinophagaceae,flavisolibacter,flavisolibacter ginsengiterrae
Zotu4729,0.003341,0.0,0.0,0.067632,0.0,0.0,0.00314,0.00628,bacteria,bacillota,bacilli,bacillales,bacillales family x. incertae sedis,brockia,brockia lithotrophica
Zotu4730,0.0,0.0,0.0,0.0,0.0,0.0,0.0,0.0,bacteria,chlamydiota,chlamydiia,parachlamydiales,rhabdochlamydiaceae,candidatus rhabdochlamydia,rhabdochlamydia crassificans
Zotu4731,0.0,0.0,0.0,0.0,0.0,0.0,0.0,0.0,bacteria,actinomycetota,thermoleophilia,solirubrobacterales,conexibacteraceae,conexibacter,conexibacter arvalis
Zotu4732,0.0,0.0,0.0,0.0,0.0,0.0,0.0,0.0,bacteria,pseudomonadota,alphaproteobacteria,caulobacterales,caulobacteraceae,phenylobacterium,phenylobacterium lituiforme
Zotu4733,0.003341,0.00324,0.0,0.0,0.071401,0.0,0.018837,0.0,bacteria,gemmatimonadota,gemmatimonadetes,gemmatimonadales,gemmatimonadaceae,gemmatimonas,gemmatimonas phototrophica
Zotu4735,0.0,0.0,0.006346,0.0,0.103856,0.0,0.0,0.0,bacteria,acidobacteriota,vicinamibacteria,vicinamibacterales,vicinamibacteraceae,luteitalea,luteitalea pratensis
Zotu4736,0.026725,0.00324,0.003173,0.0,0.0,0.0,0.0,0.00314,bacteria,bacillota,clostridia,eubacteriales,symbiobacteriaceae,symbiobacterium,symbiobacterium terraclitae
Zotu4737,0.0,0.0,0.0,0.003074,0.071401,0.0,0.0,0.0,bacteria,chloroflexota,chloroflexota,chloroflexota,chloroflexota,thermobaculum,thermobaculum terrenum
Zotu4738,0.0,0.0,0.0,0.0,0.0,0.088855,0.006279,0.0,bacteria,actinomycetota,rubrobacteria,rubrobacterales,rubrobacteraceae,rubrobacter,rubrobacter taiwanensis
Zotu4739,0.003341,0.035638,0.003173,0.0,0.0,0.0,0.0,0.00314,bacteria,bacillota,bacilli,bacillales,bacillaceae,niallia,niallia circulans
Zotu4740,0.0,0.0,0.006346,0.0,0.0,0.0,0.0,0.00314,bacteria,actinomycetota,thermoleophilia,solirubrobacterales,conexibacteraceae,conexibacter,conexibacter arvalis
Zotu4741,0.0,0.0,0.0,0.0,0.0,0.0,0.0,0.0,bacteria,gemmatimonadota,longimicrobiia,longimicrobiales,longimicrobiaceae,longimicrobium,longimicrobium terrae
Zotu4742,0.020043,0.016199,0.041248,0.0,0.0,0.0,0.006279,0.0,bacteria,gemmatimonadota,gemmatimonadetes,gemmatimonadales,gemmatimonadaceae,gemmatimonas,gemmatimonas phototrophica
Zotu4743,0.0,0.0,0.0,0.0,0.0,0.0,0.0,0.0,bacteria,acidobacteriota,vicinamibacteria,vicinamibacterales,vicinamibacteraceae,vicinamibacter,vicinamibacter silvestris
Zotu4744,0.0,0.0,0.0,0.0,0.0,0.0,0.0,0.0,bacteria,actinomycetota,actinomycetes,actinomycetales,actinomycetaceae,actinomyces,actinomyces catuli
Zotu4745,0.0,0.0,0.0,0.0,0.003245,0.0,0.0,0.0,bacteria,verrucomicrobiota,opitutae,opitutales,opitutaceae,opitutus,opitutus terrae
Zotu4746,0.0,0.0,0.0,0.0,0.0,0.0,0.0,0.0,bacteria,actinomycetota,actinomycetes,propionibacteriales,nocardioidaceae,nocardioides,nocardioides lacusdianchii
Zotu4747,0.0,0.0,0.0,0.0,0.003245,0.0,0.043953,0.037683,bacteria,acidobacteriota,blastocatellia,blastocatellales,blastocatellaceae,blastocatella,blastocatella fastidiosa
Zotu4748,0.003341,0.0,0.006346,0.006148,0.003245,0.003173,0.069069,0.094206,bacteria,chloroflexota,chloroflexia,kallotenuales,kallotenuaceae,kallotenue,kallotenue papyrolyticum
Zotu4749,0.0,0.0,0.0,0.0,0.006491,0.006347,0.0,0.0,bacteria,pseudomonadota,alphaproteobacteria,rhodospirillales,dongiaceae,hypericibacter,hypericibacter terrae
Zotu4750,0.0,0.0,0.0,0.0,0.0,0.0,0.0,0.0,bacteria,chloroflexota,anaerolineae,anaerolineales,anaerolineaceae,thermanaerothrix,thermanaerothrix daxensis
Zotu4751,0.0,0.0,0.0,0.0,0.0,0.0,0.0,0.0,bacteria,chloroflexota,chloroflexia,herpetosiphonales,herpetosiphonaceae,herpetosiphon,herpetosiphon aurantiacus
Zotu4752,0.0,0.0,0.0,0.0,0.0,0.0,0.0,0.0,bacteria,pseudomonadota,alphaproteobacteria,sphingomonadales,sphingomonadaceae,sphingomonas,sphingomonas lutea
Zotu4753,0.023384,0.064796,0.0,0.0,0.0,0.0,0.00314,0.0,bacteria,rhodothermota,rhodothermia,rhodothermales,salisaetaceae,roseithermus,roseithermus sacchariphilus
Zotu4754,0.0,0.0,0.0,0.0,0.0,0.0,0.0,0.0,bacteria,acidobacteriota,blastocatellia,blastocatellales,blastocatellaceae,aridibacter,aridibacter famidurans
Zotu4755,0.0,0.0,0.0,0.0,0.107101,0.003173,0.0,0.0,bacteria,planctomycetota,planctomycetia,pirellulales,lacipirellulaceae,pirellulimonas,pirellulimonas nuda
Zotu4756,0.0,0.00324,0.0,0.0,0.0,0.0,0.0,0.0,bacteria,actinomycetota,actinomycetia,streptomycetales,streptomycetaceae,streptomyces,streptomyces phaeopurpureus
Zotu4757,0.006681,0.009719,0.009519,0.0,0.006491,0.003173,0.009419,0.0,bacteria,chloroflexota,chloroflexota,chloroflexota,chloroflexota,thermobaculum,thermobaculum terrenum
Zotu4758,0.0,0.0,0.025383,0.0,0.0,0.0,0.0,0.0,bacteria,myxococcota,myxococcota,haliangiales,kofleriaceae,haliangium,haliangium ochraceum
Zotu4759,0.0,0.0,0.0,0.0,0.0,0.0,0.0,0.0,bacteria,actinomycetota,actinomycetes,pseudonocardiales,pseudonocardiaceae,pseudonocardia,pseudonocardia kongjuensis
Zotu4760,0.0,0.029158,0.0,0.0,0.0,0.0,0.0,0.0,bacteria,verrucomicrobiota,verrucomicrobiae,verrucomicrobiales,verrucomicrobia subdivision 3,pedosphaera,pedosphaera parvula
Zotu4761,0.0,0.0,0.0,0.0,0.0,0.0,0.0,0.0,archaea,methanobacteriota,archaeoglobi,archaeoglobales,archaeoglobaceae,archaeoglobus,archaeoglobus profundus
Zotu4762,0.0,0.0,0.0,0.003074,0.0,0.0,0.0,0.031402,bacteria,pseudomonadota,alphaproteobacteria,sphingomonadales,sphingomonadaceae,sphingomonas,sphingomonas aquatica
Zotu4763,0.003341,0.00324,0.003173,0.0,0.0,0.0,0.0,0.0,bacteria,pseudomonadota,alphaproteobacteria,sphingomonadales,sphingosinicellaceae,sphingosinicella,sphingosinicella ginsenosidimutans
Zotu4764,0.0,0.0,0.0,0.0,0.0,0.0,0.0,0.0,bacteria,bacillota,bacilli,bacillales,pasteuriaceae,pasteuria,pasteuria penetrans
Zotu4765,0.0,0.0,0.0,0.0,0.0,0.0,0.0,0.0,bacteria,pseudomonadota,gammaproteobacteria,gammaproteobacteria,gammaproteobacteria,thiohalorhabdus,thiohalorhabdus denitrificans
Zotu4766,0.0,0.0,0.04442,0.0,0.0,0.00952,0.025116,0.025122,bacteria,thermomicrobiota,thermomicrobia,sphaerobacterales,sphaerobacteraceae,sphaerobacter,sphaerobacter thermophilus
Zotu4768,0.0,0.0,0.0,0.0,0.0,0.060294,0.056511,0.012561,bacteria,gemmatimonadota,longimicrobiia,longimicrobiales,longimicrobiaceae,longimicrobium,longimicrobium terrae
Zotu4769,0.0,0.0,0.0,0.0,0.0,0.0,0.0,0.0,bacteria,pseudomonadota,betaproteobacteria,nitrosomonadales,usitatibacteraceae,usitatibacter,usitatibacter rugosus
Zotu4770,0.0,0.0,0.0,0.0,0.0,0.0,0.0,0.015701,bacteria,bdellovibrionota,bacteriovoracia,bacteriovoracales,bacteriovoracaceae,peredibacter,peredibacter starrii
Zotu4771,0.0,0.0,0.0,0.0,0.0,0.0,0.0,0.00314,bacteria,chloroflexota,chloroflexia,chloroflexales,roseiflexaceae,kouleothrix,kouleothrix aurantiaca
Zotu4772,0.0,0.0,0.0,0.0,0.0,0.0,0.0,0.0,bacteria,mycoplasmatota,mollicutes,entomoplasmatales,spiroplasmataceae,spiroplasma,spiroplasma kunkelii
Zotu4773,0.0,0.009719,0.0,0.0,0.0,0.0,0.0,0.0,bacteria,pseudomonadota,alphaproteobacteria,rhodospirillales,azospirillaceae,skermanella,skermanella rosea
Zotu4774,0.0,0.0,0.0,0.0,0.0,0.0,0.0,0.025122,bacteria,myxococcota,myxococcia,myxococcales,archangiaceae,hyalangium,hyalangium minutum
Zotu4776,0.0,0.0,0.0,0.003074,0.0,0.0,0.0,0.0,bacteria,chloroflexota,anaerolineae,anaerolineales,anaerolineaceae,ornatilinea,ornatilinea apprima
Zotu4777,0.026725,0.0,0.0,0.0,0.0,0.0,0.0,0.0,bacteria,verrucomicrobiota,opitutae,opitutales,opitutaceae,opitutus,opitutus terrae
Zotu4778,0.023384,0.058317,0.0,0.0,0.0,0.0,0.0,0.0,bacteria,verrucomicrobiota,verrucomicrobiae,limisphaerales,fontisphaeraceae,fontisphaera,fontisphaera persica
Zotu4779,0.0,0.0,0.0,0.0,0.0,0.0,0.0,0.0,bacteria,gemmatimonadota,gemmatimonadetes,gemmatimonadales,gemmatimonadaceae,gemmatimonas,gemmatimonas phototrophica
Zotu4780,0.010022,0.0,0.0,0.0,0.003245,0.015867,0.0,0.0,bacteria,actinomycetota,thermoleophilia,solirubrobacterales,conexibacteraceae,conexibacter,conexibacter arvalis
Zotu4782,0.0,0.0,0.0,0.003074,0.0,0.003173,0.015698,0.078505,bacteria,chloroflexota,chloroflexia,kallotenuales,kallotenuaceae,kallotenue,kallotenue papyrolyticum
Zotu4783,0.0,0.0,0.0,0.0,0.0,0.0,0.00314,0.0,bacteria,actinomycetota,thermoleophilia,miltoncostaeales,miltoncostaeaceae,miltoncostaea,miltoncostaea marina
Zotu4784,0.0,0.0,0.0,0.0,0.0,0.0,0.0,0.0,bacteria,pseudomonadota,alphaproteobacteria,rhodospirillales,acetobacteraceae,roseicella,roseicella frigidaeris
Zotu4785,0.0,0.0,0.003173,0.0,0.0,0.031734,0.0,0.0,bacteria,actinomycetota,rubrobacteria,gaiellales,gaiellaceae,gaiella,gaiella occulta
Zotu4786,0.0,0.0,0.0,0.0,0.0,0.0,0.0,0.0,bacteria,chloroflexota,tepidiformia,tepidiformales,tepidiformaceae,tepidiforma,tepidiforma bonchosmolovskayae
Zotu4787,0.023384,0.0,0.0,0.0,0.0,0.0,0.0,0.0,bacteria,planctomycetota,planctomycetia,pirellulales,lacipirellulaceae,pirellulimonas,pirellulimonas nuda
Zotu4788,0.0,0.0,0.0,0.0,0.0,0.139629,0.0,0.0,bacteria,rhodothermota,rhodothermia,rhodothermales,rubricoccaceae,rubrivirga,rubrivirga profundi
Zotu4789,0.0,0.0,0.0,0.0,0.0,0.0,0.0,0.015701,bacteria,bacillota,bacilli,bacillales,paenibacillaceae,saccharibacillus,saccharibacillus kuerlensis
Zotu4790,0.0,0.0,0.0,0.0,0.0,0.0,0.0,0.0,bacteria,pseudomonadota,alphaproteobacteria,sphingomonadales,sphingosinicellaceae,sphingosinicella,sphingosinicella humi
Zotu4791,0.006681,0.0,0.0,0.0,0.0,0.0,0.00314,0.0,bacteria,actinomycetota,thermoleophilia,thermoleophilales,thermoleophilaceae,thermoleophilum,thermoleophilum album
Zotu4792,0.020043,0.00324,0.003173,0.003074,0.0,0.0,0.0,0.021981,bacteria,actinomycetota,rubrobacteria,rubrobacterales,rubrobacteraceae,rubrobacter,rubrobacter marinus
Zotu4793,0.0,0.0,0.0,0.0,0.0,0.0,0.0,0.0,bacteria,pseudomonadota,deltaproteobacteria,myxococcales,anaeromyxobacteraceae,anaeromyxobacter,anaeromyxobacter dehalogenans
Zotu4794,0.0,0.0,0.0,0.0,0.0,0.0,0.0,0.0,bacteria,pseudomonadota,alphaproteobacteria,rhodospirillales,azospirillaceae,skermanella,skermanella aerolata
Zotu4795,0.0,0.0,0.0,0.0,0.0,0.0,0.0,0.0,bacteria,gemmatimonadota,gemmatimonadetes,gemmatimonadales,gemmatimonadaceae,gemmatimonas,gemmatimonas aurantiaca
Zotu4796,0.0,0.0,0.0,0.0,0.0,0.0,0.0,0.0,bacteria,myxococcota,myxococcia,myxococcales,myxococcaceae,corallococcus,corallococcus coralloides
Zotu4797,0.0,0.0,0.0,0.0,0.006491,0.003173,0.0,0.0,bacteria,pseudomonadota,alphaproteobacteria,sphingomonadales,sphingomonadaceae,sphingomonas,sphingomonas rhizophila
Zotu4798,0.0,0.022679,0.006346,0.107596,0.0,0.003173,0.0,0.0,archaea,methanobacteriota,thermococci,thermococcales,thermococcaceae,palaeococcus,palaeococcus pacificus
Zotu4799,0.0,0.00324,0.012692,0.003074,0.0,0.01904,0.0,0.0,bacteria,bacillota,bacilli,bacillales,bacillaceae,bacillus,bacillus kwashiorkori
Zotu4800,0.0,0.0,0.0,0.0,0.0,0.0,0.0,0.0,bacteria,verrucomicrobiota,verrucomicrobiae,verrucomicrobiales,verrucomicrobia subdivision 3,pedosphaera,pedosphaera parvula
Zotu4801,0.0,0.0,0.060285,0.0,0.048682,0.003173,0.0,0.0,bacteria,armatimonadota,armatimonadia,armatimonadales,armatimonadaceae,armatimonas,armatimonas rosea
Zotu4802,0.0,0.0,0.0,0.0,0.0,0.0,0.0,0.0,bacteria,actinomycetota,acidimicrobiia,acidimicrobiales,acidimicrobiaceae,acidiferrimicrobium,acidiferrimicrobium australe
Zotu4803,0.080174,0.025918,0.003173,0.0,0.0,0.0,0.0,0.0,bacteria,planctomycetota,planctomycetia,gemmatales,gemmataceae,zavarzinella,zavarzinella formosa
Zotu4804,0.0,0.0,0.0,0.0,0.0,0.0,0.00314,0.00314,bacteria,bacillota,bacilli,bacillales,paenibacillaceae,ammoniphilus,ammoniphilus oxalaticus
Zotu4805,0.0,0.0,0.0,0.0,0.003245,0.003173,0.0,0.00314,bacteria,actinomycetota,rubrobacteria,gaiellales,gaiellaceae,gaiella,gaiella occulta
Zotu4806,0.0,0.019439,0.0,0.0,0.0,0.0,0.0,0.0,bacteria,pseudomonadota,gammaproteobacteria,chromatiales,ectothiorhodospiraceae,ectothiorhodospira,ectothiorhodospira mobilis
Zotu4807,0.0,0.00324,0.0,0.0,0.0,0.041254,0.0,0.0,bacteria,actinomycetota,thermoleophilia,solirubrobacterales,solirubrobacteraceae,solirubrobacter,solirubrobacter phytolaccae
Zotu4808,0.066811,0.0,0.003173,0.0,0.0,0.0,0.0,0.0,bacteria,pseudomonadota,alphaproteobacteria,rhodospirillales,rhodospirillaceae,elstera,elstera cyanobacteriorum
Zotu4809,0.0,0.0,0.0,0.0,0.0,0.0,0.047093,0.0,bacteria,pseudomonadota,alphaproteobacteria,hyphomicrobiales,hyphomicrobiaceae,rhodoplanes,rhodoplanes elegans
Zotu4810,0.003341,0.0,0.0,0.0,0.0,0.0,0.00314,0.0,archaea,methanobacteriota,thermoplasmata,methanomassiliicoccales,methanomassiliicoccaceae,methanomassiliicoccus,candidatus methanomassiliicoccus intestinalis
Zotu4811,0.0,0.0,0.0,0.0,0.0,0.0,0.0,0.0,bacteria,myxococcota,myxococcia,myxococcales,anaeromyxobacteraceae,anaeromyxobacter,anaeromyxobacter dehalogenans
Zotu4812,0.0,0.0,0.0,0.0,0.0,0.0,0.0,0.0,bacteria,myxococcota,myxococcota,polyangiales,polyangiaceae,aetherobacter,aetherobacter rufus
Zotu4814,0.0,0.0,0.0,0.0,0.0,0.0,0.0,0.0,bacteria,pseudomonadota,gammaproteobacteria,acidiferrobacterales,acidiferrobacteraceae,sulfurifustis,sulfurifustis variabilis
Zotu4815,0.016703,0.019439,0.0,0.003074,0.0,0.0,0.0,0.00314,bacteria,pseudomonadota,oligoflexia,bdellovibrionales,bdellovibrionaceae,bdellovibrio,bdellovibrio bacteriovorus
Zotu4816,0.0,0.0,0.0,0.0,0.0,0.0,0.0,0.0,bacteria,chloroflexota,caldilineae,caldilineales,caldilineaceae,litorilinea,litorilinea aerophila
Zotu4817,0.0,0.0,0.0,0.0,0.0,0.0,0.0,0.0,bacteria,chloroflexota,chloroflexia,herpetosiphonales,herpetosiphonaceae,herpetosiphon,herpetosiphon aurantiacus
Zotu4818,0.003341,0.0,0.0,0.0,0.0,0.0,0.0,0.0,bacteria,pseudomonadota,alphaproteobacteria,hyphomicrobiales,reyranellaceae,reyranella,reyranella soli
Zotu4819,0.0,0.016199,0.0,0.0,0.0,0.047601,0.0,0.0,bacteria,actinomycetota,rubrobacteria,gaiellales,gaiellaceae,gaiella,gaiella occulta
Zotu4820,0.006681,0.019439,0.0,0.0,0.0,0.0,0.0,0.00314,bacteria,chloroflexota,tepidiformia,tepidiformales,tepidiformaceae,tepidiforma,tepidiforma bonchosmolovskayae
Zotu4821,0.083514,0.0,0.0,0.0,0.0,0.0,0.0,0.00314,bacteria,pseudomonadota,gammaproteobacteria,steroidobacterales,steroidobacteraceae,peristeroidobacter,peristeroidobacter agariperforans
Zotu4822,0.130282,0.0,0.003173,0.0,0.0,0.0,0.0,0.0,bacteria,candidatus saccharibacteria,candidatus saccharibacteria,candidatus saccharibacteria,candidatus saccharibacteria,candidatus saccharimonas,candidatus saccharimonas aalborgensis
Zotu4823,0.0,0.0,0.0,0.0,0.0,0.0,0.0,0.0,bacteria,actinomycetota,actinomycetes,geodermatophilales,geodermatophilaceae,blastococcus,blastococcus aggregatus
Zotu4824,0.0,0.0,0.0,0.0,0.116838,0.0,0.0,0.0,bacteria,planctomycetota,phycisphaerae,tepidisphaerales,tepidisphaeraceae,tepidisphaera,tepidisphaera mucosa
Zotu4825,0.0,0.0,0.0,0.0,0.0,0.0,0.0,0.0,bacteria,bacteroidota,cytophagia,cytophagales,flammeovirgaceae,flexithrix,flexithrix dorotheae
Zotu4826,0.0,0.0,0.0,0.006148,0.0,0.0,0.0,0.0,bacteria,pseudomonadota,alphaproteobacteria,sphingomonadales,sphingomonadaceae,sphingomonas,sphingomonas trueperi
Zotu4828,0.0,0.0,0.0,0.0,0.074646,0.0,0.0,0.0,bacteria,planctomycetota,planctomycetia,gemmatales,gemmataceae,gemmata,gemmata palustris
Zotu4829,0.0,0.0,0.0,0.0,0.0,0.0,0.0,0.0,bacteria,pseudomonadota,alphaproteobacteria,sphingomonadales,sphingosinicellaceae,pedomonas,pedomonas mirosovicensis
Zotu4830,0.0,0.0,0.0,0.0,0.0,0.0,0.0,0.0,bacteria,pseudomonadota,betaproteobacteria,burkholderiales,oxalobacteraceae,noviherbaspirillum,noviherbaspirillum malthae
Zotu4831,0.0,0.0,0.003173,0.003074,0.0,0.0,0.0,0.0,bacteria,actinomycetota,actinomycetes,micrococcales,intrasporangiaceae,janibacter,janibacter melonis
Zotu4832,0.0,0.0,0.0,0.0,0.0,0.0,0.0,0.0,bacteria,bacillota,clostridia,eubacteriales,clostridiales family xvii. incertae sedis,thermaerobacter,thermaerobacter composti
Zotu4833,0.006681,0.0,0.0,0.0,0.0,0.0,0.0,0.0,bacteria,actinomycetota,rubrobacteria,gaiellales,gaiellaceae,gaiella,gaiella occulta
Zotu4834,0.0,0.0,0.0,0.0,0.0,0.0,0.0,0.0,bacteria,chloroflexota,chloroflexia,chloroflexales,oscillochloridaceae,oscillochloris,oscillochloris trichoides
Zotu4835,0.036746,0.035638,0.041248,0.006148,0.071401,0.006347,0.0,0.0,archaea,methanobacteriota,euryarchaeota,euryarchaeota,euryarchaeota,aciduliprofundum,aciduliprofundum boonei
Zotu4836,0.0,0.0,0.0,0.0,0.0,0.0,0.0,0.0,bacteria,actinomycetota,nitriliruptoria,nitriliruptorales,nitriliruptoraceae,nitriliruptor,nitriliruptor alkaliphilus
Zotu4837,0.0,0.0,0.0,0.003074,0.0,0.0,0.0,0.00314,bacteria,acidobacteriota,blastocatellia,blastocatellales,blastocatellaceae,aridibacter,aridibacter kavangonensis
Zotu4838,0.0,0.0,0.0,0.0,0.0,0.0,0.0,0.0,bacteria,verrucomicrobiota,verrucomicrobiae,limisphaerales,limisphaeraceae,limisphaera,limisphaera ngatamarikiensis
Zotu4839,0.0,0.0,0.0,0.0,0.0,0.0,0.0,0.0,bacteria,planctomycetota,planctomycetia,pirellulales,lacipirellulaceae,pirellulimonas,pirellulimonas nuda
Zotu4840,0.0,0.0,0.0,0.0,0.0,0.0,0.0,0.0,bacteria,deinococcota,deinococci,trueperales,trueperaceae,truepera,truepera radiovictrix
Zotu4841,0.040087,0.0,0.0,0.0,0.012982,0.003173,0.0,0.0,bacteria,pseudomonadota,alphaproteobacteria,hyphomicrobiales,hyphomicrobiaceae,rhodoplanes,rhodoplanes elegans
Zotu4842,0.030065,0.0,0.0,0.0,0.081137,0.0,0.00314,0.0,bacteria,planctomycetota,planctomycetia,pirellulales,lacipirellulaceae,pirellulimonas,pirellulimonas nuda
Zotu4843,0.0,0.016199,0.158645,0.0,0.003245,0.0,0.0,0.00314,bacteria,verrucomicrobiota,verrucomicrobiae,verrucomicrobiales,verrucomicrobia subdivision 3,pedosphaera,pedosphaera parvula
Zotu4844,0.0,0.103674,0.0,0.0,0.0,0.003173,0.00314,0.0,bacteria,planctomycetota,planctomycetia,planctomycetales,planctomycetaceae,gimesia,gimesia chilikensis
Zotu4846,0.003341,0.0,0.0,0.0,0.0,0.003173,0.0,0.00314,bacteria,pseudomonadota,deltaproteobacteria,myxococcales,anaeromyxobacteraceae,anaeromyxobacter,anaeromyxobacter dehalogenans
Zotu4847,0.0,0.0,0.0,0.0,0.0,0.0,0.0,0.0,bacteria,chloroflexota,thermomicrobia,sphaerobacterales,sphaerobacteraceae,sphaerobacter,sphaerobacter thermophilus
Zotu4848,0.0,0.038878,0.025383,0.0,0.0,0.0,0.0,0.0,bacteria,gemmatimonadota,longimicrobiia,longimicrobiales,longimicrobiaceae,longimicrobium,longimicrobium terrae
Zotu4849,0.0,0.0,0.0,0.0,0.0,0.003173,0.0,0.0,bacteria,actinomycetota,thermoleophilia,solirubrobacterales,conexibacteraceae,conexibacter,conexibacter stalactiti
Zotu4850,0.006681,0.0,0.0,0.0,0.0,0.0,0.0,0.0,bacteria,bacillota,clostridia,eubacteriales,clostridiales family xvii. incertae sedis,thermaerobacter,thermaerobacter composti
Zotu4851,0.0,0.00324,0.0,0.0,0.077892,0.0,0.00314,0.0,bacteria,chloroflexota,chloroflexia,kallotenuales,kallotenuaceae,kallotenue,kallotenue papyrolyticum
Zotu4852,0.0,0.0,0.0,0.0,0.0,0.0,0.0,0.0,bacteria,actinomycetota,acidimicrobiia,acidimicrobiales,acidimicrobiaceae,aciditerrimonas,aciditerrimonas ferrireducens
Zotu4853,0.0,0.0,0.0,0.0,0.0,0.0,0.0,0.0,bacteria,thermodesulfobacteriota,desulfuromonadia,desulfuromonadales,desulfuromonadaceae,pelobacter,pelobacter propionicus
Zotu4854,0.0,0.0,0.0,0.0,0.0,0.0,0.0,0.0,bacteria,gemmatimonadota,longimicrobiia,longimicrobiales,longimicrobiaceae,longimicrobium,longimicrobium terrae
Zotu4855,0.0,0.0,0.0,0.0,0.074646,0.053948,0.018837,0.009421,bacteria,pseudomonadota,betaproteobacteria,burkholderiales,burkholderiaceae,robbsia,robbsia andropogonis
Zotu4856,0.0,0.0,0.0,0.0,0.0,0.003173,0.0,0.0,bacteria,pseudomonadota,betaproteobacteria,burkholderiales,oxalobacteraceae,herminiimonas,herminiimonas aquatilis
Zotu4857,0.0,0.0,0.0,0.089151,0.0,0.0,0.0,0.0,bacteria,bacillota,bacilli,lactobacillales,carnobacteriaceae,granulicatella,granulicatella paradiacens
Zotu4858,0.100217,0.022679,0.0,0.0,0.0,0.0,0.0,0.0,bacteria,gemmatimonadota,gemmatimonadetes,gemmatimonadales,gemmatimonadaceae,gemmatimonas,gemmatimonas aurantiaca
Zotu4859,0.003341,0.00324,0.0,0.0,0.0,0.0,0.0,0.0,bacteria,bacillota,clostridia,eubacteriales,thermincolaceae,thermincola,thermincola carboxydiphila
Zotu4860,0.010022,0.0,0.012692,0.070706,0.0,0.0,0.0,0.0,bacteria,verrucomicrobiota,verrucomicrobiae,limisphaerales,fontisphaeraceae,fontisphaera,fontisphaera persica
Zotu4861,0.0,0.0,0.003173,0.0,0.0,0.0,0.0,0.0,bacteria,actinomycetota,rubrobacteria,rubrobacterales,rubrobacteraceae,rubrobacter,rubrobacter spartanus
Zotu4862,0.0,0.009719,0.0,0.0,0.0,0.0,0.0,0.0,archaea,methanobacteriota,thermoplasmata,methanomassiliicoccales,methanomassiliicoccaceae,methanomassiliicoccus,candidatus methanomassiliicoccus intestinalis
Zotu4863,0.0,0.0,0.0,0.0,0.0,0.0,0.0,0.0,bacteria,planctomycetota,planctomycetia,pirellulales,pirellulaceae,anatilimnocola,anatilimnocola aggregata
Zotu4864,0.0,0.0,0.0,0.0,0.084383,0.0,0.0,0.0,bacteria,planctomycetota,planctomycetia,pirellulales,lacipirellulaceae,pirellulimonas,pirellulimonas nuda
Zotu4865,0.0,0.0,0.0,0.0,0.0,0.0,0.040814,0.0,bacteria,pseudomonadota,alphaproteobacteria,hyphomicrobiales,methylobacteriaceae,microvirga,microvirga soli
Zotu4866,0.06013,0.025918,0.028556,0.0,0.0,0.0,0.0,0.0,bacteria,planctomycetota,planctomycetia,gemmatales,gemmataceae,gemmata,gemmata palustris
Zotu4867,0.003341,0.00324,0.136434,0.0,0.0,0.0,0.00314,0.0,archaea,methanobacteriota,thermoplasmata,methanomassiliicoccales,methanomassiliicoccaceae,methanomassiliicoccus,candidatus methanomassiliicoccus intestinalis
Zotu4869,0.0,0.0,0.003173,0.0,0.0,0.0,0.0,0.0,bacteria,actinomycetota,coriobacteriia,coriobacteriales,atopobiaceae,olsenella,olsenella phocaeensis
Zotu4870,0.010022,0.00324,0.0,0.003074,0.0,0.003173,0.0,0.238656,bacteria,bacillota,bacilli,bacillales,alicyclobacillaceae,tumebacillus,tumebacillus ginsengisoli
Zotu4871,0.0,0.0,0.0,0.0,0.0,0.0,0.0,0.0,bacteria,bacillota,clostridia,eubacteriales,lachnospiraceae,lachnoclostridium,clostridium amygdalinum
Zotu4872,0.0,0.0,0.003173,0.0,0.0,0.0,0.0,0.0,bacteria,pseudomonadota,gammaproteobacteria,pseudomonadales,pseudomonadaceae,pseudomonas,pseudomonas koreensis
Zotu4875,0.0,0.0,0.0,0.0,0.0,0.0,0.0,0.0,bacteria,pseudomonadota,alphaproteobacteria,sphingomonadales,sphingomonadaceae,novosphingobium,novosphingobium arvoryzae
Zotu4876,0.0,0.0,0.0,0.0,0.0,0.0,0.0,0.0,bacteria,actinomycetota,acidimicrobiia,acidimicrobiales,iamiaceae,actinomarinicola,actinomarinicola tropica
Zotu4877,0.003341,0.0,0.076149,0.0,0.0,0.028561,0.0,0.0,bacteria,bdellovibrionota,bdellovibrionia,bdellovibrionales,pseudobdellovibrionaceae,bdellovibrio,bdellovibrio bacteriovorus
Zotu4878,0.0,0.0,0.041248,0.0,0.003245,0.0,0.021977,0.0,bacteria,bacillota,clostridia,eubacteriales,thermincolaceae,thermincola,thermincola ferriacetica
Zotu4879,0.0,0.0,0.0,0.0,0.0,0.0,0.0,0.0,bacteria,myxococcota,myxococcota,polyangiales,polyangiaceae,byssovorax,byssovorax cruenta
Zotu4880,0.0,0.0,0.0,0.0,0.0,0.0,0.0,0.0,bacteria,chloroflexota,chloroflexia,kallotenuales,kallotenuaceae,kallotenue,kallotenue papyrolyticum
Zotu4881,0.0,0.0,0.0,0.0,0.0,0.0,0.006279,0.0,bacteria,verrucomicrobiota,verrucomicrobiae,verrucomicrobiales,verrucomicrobia subdivision 3,pedosphaera,pedosphaera parvula
Zotu4882,0.0,0.0,0.0,0.003074,0.0,0.0,0.0,0.0,bacteria,bacillota,bacilli,bacillales,bacillaceae,neobacillus,neobacillus fumarioli
Zotu4883,0.0,0.0,0.0,0.0,0.0,0.0,0.0,0.0,bacteria,acidobacteriota,vicinamibacteria,vicinamibacterales,vicinamibacteraceae,luteitalea,luteitalea pratensis
Zotu4884,0.0,0.0,0.0,0.0,0.0,0.0,0.0,0.0,bacteria,verrucomicrobiota,verrucomicrobiae,verrucomicrobiales,verrucomicrobia subdivision 3,pedosphaera,pedosphaera parvula
Zotu4885,0.17705,0.0,0.003173,0.0,0.0,0.0,0.0,0.0,archaea,methanobacteriota,methanomicrobia,methanotrichales,methanotrichaceae,methanosaeta,methanosaeta harundinacea
Zotu4886,0.0,0.0,0.0,0.0,0.0,0.0,0.0,0.0,bacteria,bacteroidota,flavobacteriia,flavobacteriales,flavobacteriaceae,capnocytophaga,capnocytophaga granulosa
Zotu4887,0.003341,0.0,0.0,0.0,0.051928,0.0,0.0,0.047103,bacteria,pseudomonadota,alphaproteobacteria,hyphomicrobiales,methylobacteriaceae,microvirga,microvirga flocculans
Zotu4888,0.023384,0.00324,0.0,0.0,0.058419,0.0,0.0,0.00314,bacteria,pseudomonadota,alphaproteobacteria,hyphomicrobiales,hyphomicrobiaceae,rhodoplanes,rhodoplanes elegans
Zotu4889,0.0,0.0,0.006346,0.0,0.048682,0.015867,0.0,0.0,bacteria,bacillota,bacilli,bacillales,bacillaceae,geobacillus,geobacillus kaustophilus
Zotu4890,0.0,0.0,0.003173,0.0,0.0,0.0,0.0,0.00314,bacteria,chloroflexota,thermomicrobia,sphaerobacterales,sphaerobacteraceae,sphaerobacter,sphaerobacter thermophilus
Zotu4891,0.0,0.0,0.082495,0.0,0.0,0.003173,0.0,0.0,bacteria,thermodesulfobacteriota,desulfuromonadia,desulfuromonadales,desulfuromonadaceae,pelobacter,pelobacter seleniigenes
Zotu4892,0.0,0.0,0.003173,0.0,0.0,0.0,0.0,0.0,bacteria,planctomycetota,phycisphaerae,phycisphaerales,phycisphaeraceae,mucisphaera,mucisphaera calidilacus
Zotu4893,0.006681,0.0,0.003173,0.0,0.0,0.0,0.0,0.0,bacteria,bacteroidota,bacteroidetes,bacteroidetes order ii. incertae sedis,rhodothermaceae,rhodothermus,rhodothermus marinus
Zotu4894,0.0,0.0,0.0,0.0,0.0,0.0,0.0,0.0,bacteria,pseudomonadota,betaproteobacteria,nitrosomonadales,methylophilaceae,methylobacillus,methylobacillus flagellatus
Zotu4895,0.0,0.0,0.0,0.0,0.0,0.0,0.0,0.0,bacteria,bacillota,clostridia,eubacteriales,symbiobacteriaceae,symbiobacterium,symbiobacterium terraclitae
Zotu4896,0.0,0.00324,0.0,0.0,0.006491,0.082508,0.034535,0.0,bacteria,chloroflexota,tepidiformia,tepidiformales,tepidiformaceae,tepidiforma,tepidiforma bonchosmolovskayae
Zotu4897,0.0,0.0,0.0,0.0,0.0,0.0,0.0,0.0,bacteria,planctomycetota,phycisphaerae,phycisphaerales,phycisphaeraceae,mucisphaera,mucisphaera calidilacus
Zotu4898,0.026725,0.0,0.0,0.0,0.0,0.0,0.0,0.0,bacteria,bacillota,clostridia,thermosediminibacterales,thermosediminibacteraceae,thermovenabulum,thermovenabulum ferriorganovorum
Zotu4899,0.0,0.0,0.0,0.0,0.0,0.0,0.0,0.0,bacteria,pseudomonadota,gammaproteobacteria,pseudomonadales,pseudomonadaceae,pseudomonas,pseudomonas putida
Zotu4900,0.0,0.0,0.0,0.0,0.0,0.0,0.0,0.0,bacteria,pseudomonadota,alphaproteobacteria,rhodospirillales,acetobacteraceae,siccirubricoccus,siccirubricoccus phaeus
Zotu4901,0.0,0.0,0.0,0.0,0.071401,0.0,0.0,0.0,bacteria,pseudomonadota,betaproteobacteria,burkholderiales,comamonadaceae,ramlibacter,ramlibacter monticola
Zotu4902,0.0,0.009719,0.0,0.003074,0.0,0.0,0.0,0.106767,bacteria,bacillota,bacilli,bacillales,paenibacillaceae,paenibacillus,paenibacillus tarimensis
Zotu4904,0.0,0.0,0.0,0.0,0.0,0.0,0.0,0.0,archaea,nitrososphaerota,nitrososphaeria,nitrososphaerales,nitrososphaeraceae,candidatus nitrososphaera,candidatus nitrososphaera
Zotu4906,0.0,0.0,0.0,0.0,0.0,0.0,0.0,0.0,bacteria,bacteroidota,cytophagia,cytophagales,hymenobacteraceae,adhaeribacter,adhaeribacter aquaticus
Zotu4907,0.006681,0.0,0.0,0.003074,0.0,0.003173,0.0,0.00314,bacteria,bacillota,bacilli,bacillales,bacillaceae,metabacillus,metabacillus niabensis
Zotu4908,0.0,0.0,0.0,0.0,0.0,0.0,0.0,0.0,bacteria,chloroflexota,chloroflexia,kallotenuales,kallotenuaceae,kallotenue,kallotenue papyrolyticum
Zotu4909,0.0,0.0,0.0,0.0,0.0,0.0,0.0,0.0,bacteria,pseudomonadota,alphaproteobacteria,rhodospirillales,acetobacteraceae,roseomonas,roseomonas mucosa
Zotu4910,0.0,0.0,0.0,0.0,0.0,0.0,0.0,0.0,bacteria,pseudomonadota,alphaproteobacteria,sphingomonadales,sphingomonadaceae,sphingomonas,sphingomonas lutea
Zotu4911,0.0,0.0,0.0,0.0,0.0,0.0,0.0,0.0,bacteria,bacteroidota,cytophagia,cytophagales,hymenobacteraceae,rufibacter,rufibacter hautae
Zotu4912,0.003341,0.0,0.003173,0.0,0.0,0.0,0.0,0.00314,bacteria,pseudomonadota,alphaproteobacteria,sphingomonadales,sphingosinicellaceae,sphingoaurantiacus,sphingoaurantiacus polygranulatus
Zotu4913,0.006681,0.0,0.0,0.0,0.0,0.0,0.0,0.0,bacteria,pseudomonadota,deltaproteobacteria,desulfobacterales,desulfobacteraceae,desulfofrigus,desulfofrigus oceanense
Zotu4914,0.0,0.0,0.0,0.0,0.0,0.0,0.0,0.0,bacteria,gemmatimonadota,gemmatimonadetes,gemmatimonadales,gemmatimonadaceae,roseisolibacter,roseisolibacter agri
Zotu4915,0.0,0.0,0.0,0.0,0.0,0.0,0.06593,0.0,bacteria,thermodesulfobacteriota,desulfuromonadia,desulfuromonadales,desulfuromonadaceae,pelobacter,pelobacter propionicus
Zotu4916,0.0,0.0,0.0,0.0,0.0,0.088855,0.0,0.0,archaea,methanobacteriota,thermoplasmata,methanomassiliicoccales,methanomassiliicoccaceae,methanomassiliicoccus,candidatus methanomassiliicoccus intestinalis
Zotu4917,0.0,0.0,0.0,0.0,0.0,0.0,0.0,0.0,bacteria,thermodesulfobacteriota,syntrophobacteria,syntrophobacterales,syntrophobacteraceae,desulfoglaeba,desulfoglaeba alkanexedens
Zotu4918,0.0,0.0,0.003173,0.0,0.0,0.0,0.0,0.094206,bacteria,chloroflexota,chloroflexia,kallotenuales,kallotenuaceae,kallotenue,kallotenue papyrolyticum
Zotu4919,0.0,0.0,0.0,0.0,0.0,0.0,0.0,0.0,bacteria,bacteroidota,sphingobacteriia,sphingobacteriales,sphingobacteriaceae,pedobacter,pedobacter tournemirensis
Zotu4920,0.0,0.00324,0.0,0.0,0.0,0.0,0.0,0.0,bacteria,actinomycetota,rubrobacteria,rubrobacterales,rubrobacteraceae,rubrobacter,rubrobacter xylanophilus
Zotu4921,0.0,0.0,0.0,0.0,0.0,0.0,0.0,0.0,bacteria,chloroflexota,chloroflexia,herpetosiphonales,herpetosiphonaceae,herpetosiphon,herpetosiphon gulosus
Zotu4922,0.0,0.0,0.0,0.0,0.0,0.0,0.0,0.0,bacteria,actinomycetota,acidimicrobiia,acidimicrobiales,acidimicrobiaceae,aciditerrimonas,aciditerrimonas ferrireducens
Zotu4923,0.0,0.0,0.0,0.0,0.0,0.0,0.0,0.0,bacteria,thermodesulfobacteriota,desulfuromonadia,desulfuromonadales,desulfuromonadaceae,pelobacter,pelobacter seleniigenes
Zotu4924,0.003341,0.0,0.0,0.003074,0.071401,0.034907,0.040814,0.0,bacteria,actinomycetota,nitriliruptoria,euzebyales,euzebyaceae,euzebya,euzebya pacifica
Zotu4925,0.0,0.0,0.003173,0.0,0.0,0.0,0.0,0.00628,bacteria,actinomycetota,actinomycetes,sporichthyales,sporichthyaceae,sporichthya,sporichthya polymorpha
Zotu4926,0.0,0.0,0.0,0.0,0.0,0.0,0.0,0.0,bacteria,bacteroidota,cytophagia,cytophagales,hymenobacteraceae,adhaeribacter,adhaeribacter aerophilus
Zotu4927,0.0,0.0,0.0,0.0,0.0,0.0,0.0,0.009421,bacteria,gemmatimonadota,gemmatimonadetes,gemmatimonadales,gemmatimonadaceae,gemmatimonas,gemmatimonas phototrophica
Zotu4928,0.0,0.0,0.0,0.0,0.0,0.0,0.0,0.0,bacteria,actinomycetota,actinomycetes,streptosporangiales,thermomonosporaceae,actinocorallia,actinocorallia libanotica
Zotu4929,0.0,0.0,0.0,0.0,0.003245,0.0,0.0,0.0,bacteria,myxococcota,myxococcota,polyangiales,polyangiaceae,aetherobacter,aetherobacter rufus
Zotu4930,0.0,0.0,0.0,0.0,0.0,0.003173,0.0,0.0,bacteria,actinomycetota,thermoleophilia,solirubrobacterales,solirubrobacteraceae,solirubrobacter,solirubrobacter phytolaccae
Zotu4932,0.0,0.0,0.0,0.0,0.0,0.0,0.0,0.0,bacteria,gemmatimonadota,gemmatimonadetes,gemmatimonadales,gemmatimonadaceae,roseisolibacter,roseisolibacter agri
Zotu4933,0.0,0.0,0.0,0.0,0.0,0.0,0.0,0.0,bacteria,pseudomonadota,alphaproteobacteria,hyphomicrobiales,methylocystaceae,methylosinus,methylosinus sporium
Zotu4934,0.0,0.0,0.0,0.0,0.0,0.0,0.0,0.0,bacteria,pseudomonadota,alphaproteobacteria,sphingomonadales,sphingomonadaceae,novosphingobium,novosphingobium ginsenosidimutans
Zotu4935,0.016703,0.012959,0.038075,0.0,0.0,0.0,0.0,0.0,bacteria,acidobacteriota,vicinamibacteria,vicinamibacterales,vicinamibacteraceae,luteitalea,luteitalea pratensis
Zotu4936,0.0,0.0,0.0,0.0,0.003245,0.0,0.0,0.0,bacteria,bacillota,clostridia,eubacteriales,symbiobacteriaceae,symbiobacterium,symbiobacterium ostreiconchae
Zotu4937,0.0,0.0,0.0,0.0,0.006491,0.0,0.0,0.0,bacteria,bacillota,bacilli,bacillales,paenibacillaceae,paenibacillus,paenibacillus gansuensis
Zotu4938,0.0,0.0,0.0,0.0,0.0,0.0,0.0,0.0,bacteria,bacteroidota,cytophagia,cytophagales,hymenobacteraceae,adhaeribacter,adhaeribacter aerophilus
Zotu4939,0.0,0.0,0.0,0.0,0.0,0.0,0.0,0.0,bacteria,planctomycetota,planctomycetia,pirellulales,lacipirellulaceae,lacipirellula,lacipirellula limnantheis
Zotu4940,0.003341,0.0,0.0,0.0,0.0,0.0,0.0,0.0,bacteria,bacillota,bacilli,bacillales,sporolactobacillaceae,tuberibacillus,tuberibacillus calidus
Zotu4941,0.0,0.0,0.0,0.0,0.0,0.0,0.0,0.0,bacteria,actinomycetota,thermoleophilia,solirubrobacterales,conexibacteraceae,conexibacter,conexibacter arvalis
Zotu4942,0.0,0.022679,0.047593,0.0,0.0,0.003173,0.00314,0.00314,bacteria,actinomycetota,thermoleophilia,solirubrobacterales,baekduiaceae,baekduia,baekduia soli
Zotu4943,0.0,0.0,0.0,0.0,0.0,0.0,0.0,0.0,bacteria,pseudomonadota,alphaproteobacteria,hyphomicrobiales,devosiaceae,devosia,devosia submarina
Zotu4944,0.053449,0.029158,0.0,0.0,0.0,0.0,0.0,0.0,archaea,methanobacteriota,thermoplasmata,methanomassiliicoccales,methanomassiliicoccaceae,methanomassiliicoccus,candidatus methanomassiliicoccus intestinalis
Zotu4945,0.0,0.022679,0.003173,0.0,0.0,0.0,0.0,0.00314,bacteria,bacillota,clostridia,eubacteriales,oscillospiraceae,acetivibrio,acetivibrio mesophilus
Zotu4946,0.0,0.0,0.0,0.0,0.0,0.0,0.0,0.040823,bacteria,deinococcota,deinococci,trueperales,trueperaceae,truepera,truepera radiovictrix
Zotu4947,0.026725,0.042118,0.003173,0.0,0.0,0.0,0.006279,0.0,bacteria,acidobacteriota,vicinamibacteria,vicinamibacterales,vicinamibacteraceae,luteitalea,luteitalea pratensis
Zotu4948,0.003341,0.00648,0.0,0.0,0.0,0.0,0.0,0.0,bacteria,bacillota,clostridia,eubacteriales,symbiobacteriaceae,symbiobacterium,symbiobacterium terraclitae
Zotu4949,0.0,0.0,0.0,0.0,0.0,0.0,0.0,0.0,bacteria,pseudomonadota,alphaproteobacteria,caulobacterales,caulobacteraceae,caulobacter,caulobacter vibrioides
Zotu4950,0.033406,0.00324,0.0,0.0,0.0,0.092028,0.0,0.0,bacteria,planctomycetota,planctomycetia,gemmatales,gemmataceae,zavarzinella,zavarzinella formosa
Zotu4951,0.0,0.0,0.0,0.0,0.0,0.0,0.0,0.0,bacteria,bacillota,bacilli,bacillales,bacillaceae,bacillus,bacillus cheonanensis
Zotu4952,0.0,0.00648,0.038075,0.0,0.003245,0.0,0.00314,0.0,bacteria,bacillota,clostridia,eubacteriales,symbiobacteriaceae,symbiobacterium,symbiobacterium terraclitae
Zotu4953,0.0,0.0,0.0,0.0,0.0,0.0,0.0,0.0,bacteria,pseudomonadota,alphaproteobacteria,sphingomonadales,sphingomonadaceae,sphingomonas,sphingomonas ginkgonis
Zotu4954,0.003341,0.0,0.0,0.0,0.0,0.0,0.0,0.040823,bacteria,chloroflexota,chloroflexia,kallotenuales,kallotenuaceae,kallotenue,kallotenue papyrolyticum
Zotu4956,0.090195,0.035638,0.0,0.0,0.0,0.031734,0.015698,0.0,bacteria,planctomycetota,candidatus brocadiia,candidatus brocadiales,candidatus brocadiaceae,candidatus kuenenia,candidatus kuenenia stuttgartiensis
Zotu4957,0.0,0.0,0.0,0.0,0.0,0.0,0.0,0.0,bacteria,actinomycetota,thermoleophilia,solirubrobacterales,baekduiaceae,baekduia,baekduia soli
Zotu4958,0.0,0.0,0.0,0.0,0.0,0.0,0.0,0.0,archaea,methanobacteriota,thermoplasmata,methanomassiliicoccales,methanomassiliicoccaceae,methanomassiliicoccus,candidatus methanomassiliicoccus intestinalis
Zotu4959,0.0,0.0,0.0,0.003074,0.0,0.0,0.0,0.0,archaea,nitrososphaerota,nitrososphaeria,nitrososphaerales,nitrososphaeraceae,candidatus nitrososphaera,candidatus nitrososphaera
Zotu4960,0.0,0.00324,0.003173,0.0,0.0,0.0,0.0,0.0,bacteria,verrucomicrobiota,verrucomicrobiae,verrucomicrobiales,verrucomicrobia subdivision 3,pedosphaera,pedosphaera parvula
Zotu4961,0.0,0.0,0.088841,0.0,0.0,0.0,0.00314,0.0,bacteria,acidobacteriota,blastocatellia,blastocatellales,pyrinomonadaceae,pyrinomonas,pyrinomonas methylaliphatogenes
Zotu4962,0.0,0.0,0.0,0.003074,0.0,0.0,0.0,0.00314,bacteria,actinomycetota,actinomycetes,actinomycetales,actinomycetaceae,schaalia,schaalia cardiffensis
Zotu4963,0.0,0.0,0.0,0.0,0.0,0.0,0.0,0.0,bacteria,thermodesulfobacteriota,desulfuromonadia,desulfuromonadales,desulfuromonadaceae,desulfuromonas,desulfuromonas carbonis
Zotu4964,0.0,0.0,0.0,0.0,0.0,0.0,0.053372,0.0,bacteria,planctomycetota,planctomycetia,planctomycetales,planctomycetaceae,symmachiella,symmachiella dynata
Zotu4965,0.0,0.0,0.003173,0.0,0.0,0.0,0.0,0.0,bacteria,bacillota,clostridia,thermosediminibacterales,thermosediminibacteraceae,thermovenabulum,thermovenabulum gondwanense
Zotu4966,0.0,0.0,0.0,0.0,0.0,0.0,0.0,0.0,bacteria,actinomycetota,nitriliruptoria,euzebyales,euzebyaceae,euzebya,euzebya tangerina
Zotu4967,0.0,0.0,0.0,0.0,0.10061,0.0,0.0,0.0,bacteria,pseudomonadota,alphaproteobacteria,hyphomicrobiales,methylobacteriaceae,methylobacterium,methylobacterium iners
Zotu4968,0.003341,0.0,0.0,0.0,0.0,0.0,0.0,0.0,archaea,methanobacteriota,halobacteria,halobacteriales,halobacteriaceae,halorussus,halorussus ruber
Zotu4969,0.0,0.0,0.0,0.0,0.0,0.0,0.0,0.0,bacteria,pseudomonadota,alphaproteobacteria,rhodobacterales,roseobacteraceae,rubellimicrobium,rubellimicrobium aerolatum
Zotu4970,0.0,0.0,0.060285,0.0,0.0,0.003173,0.0,0.00314,bacteria,chloroflexota,chloroflexia,kallotenuales,kallotenuaceae,kallotenue,kallotenue papyrolyticum
Zotu4971,0.0,0.0,0.0,0.0,0.0,0.0,0.0,0.0,bacteria,thermodesulfobacteriota,desulfuromonadia,desulfuromonadales,geoalkalibacteraceae,geoalkalibacter,geoalkalibacter subterraneus
Zotu4972,0.0,0.00324,0.0,0.0,0.0,0.0,0.031395,0.056524,bacteria,myxococcota,myxococcia,myxococcales,myxococcaceae,citreicoccus,citreicoccus inhibens
Zotu4973,0.0,0.0,0.0,0.0,0.0,0.0,0.0,0.0,bacteria,pseudomonadota,deltaproteobacteria,myxococcales,anaeromyxobacteraceae,anaeromyxobacter,anaeromyxobacter dehalogenans
Zotu4974,0.0,0.0,0.0,0.0,0.0,0.0,0.0,0.0,archaea,methanobacteriota,halobacteria,halobacteriales,halobacteriaceae,halomicroarcula,halomicroarcula salinisoli
Zotu4975,0.0,0.0,0.0,0.003074,0.0,0.0,0.0,0.0,bacteria,chloroflexota,thermomicrobia,sphaerobacterales,sphaerobacteraceae,sphaerobacter,sphaerobacter thermophilus
Zotu4976,0.0,0.0,0.0,0.0,0.0,0.0,0.0,0.0,bacteria,thermodesulfobacteriota,desulfuromonadia,desulfuromonadales,desulfuromonadaceae,pelobacter,pelobacter seleniigenes
Zotu4977,0.0,0.0,0.0,0.0,0.0,0.0,0.0,0.0,bacteria,gemmatimonadota,longimicrobiia,longimicrobiales,longimicrobiaceae,longimicrobium,longimicrobium terrae
Zotu4978,0.0,0.0,0.0,0.0,0.0,0.0,0.0,0.0,bacteria,bacteroidota,sphingobacteriia,sphingobacteriales,sphingobacteriaceae,daejeonella,daejeonella lutea
Zotu4979,0.0,0.0,0.0,0.0,0.0,0.003173,0.0,0.009421,archaea,methanobacteriota,thermoplasmata,methanomassiliicoccales,methanomassiliicoccaceae,candidatus methanogranum,thermoplasmata archaeon kjm51a
Zotu4980,0.0,0.0,0.0,0.0,0.0,0.0,0.0,0.0,bacteria,pseudomonadota,alphaproteobacteria,hyphomicrobiales,propylenellaceae,propylenella,propylenella binzhouense
Zotu4981,0.0,0.0,0.0,0.0,0.0,0.0,0.0,0.0,bacteria,bacillota,clostridia,eubacteriales,thermincolaceae,thermincola,thermincola carboxydiphila
Zotu4982,0.0,0.0,0.0,0.0,0.0,0.0,0.0,0.0,bacteria,actinomycetota,thermoleophilia,solirubrobacterales,baekduiaceae,baekduia,baekduia soli
Zotu4983,0.0,0.0,0.0,0.0,0.0,0.0,0.0,0.0,bacteria,actinomycetota,actinomycetes,streptosporangiales,nocardiopsaceae,nocardiopsis,nocardiopsis salina
Zotu4984,0.003341,0.113393,0.0,0.0,0.0,0.0,0.0,0.0,bacteria,planctomycetota,planctomycetia,gemmatales,gemmataceae,gemmata,gemmata obscuriglobus
Zotu4985,0.006681,0.00648,0.0,0.0,0.0,0.0,0.0,0.012561,bacteria,actinomycetota,thermoleophilia,solirubrobacterales,capillimicrobiaceae,capillimicrobium,capillimicrobium parvum
Zotu4986,0.0,0.00324,0.0,0.0,0.0,0.053948,0.015698,0.0,bacteria,gemmatimonadota,longimicrobiia,longimicrobiales,longimicrobiaceae,longimicrobium,longimicrobium terrae
Zotu4987,0.0,0.0,0.0,0.0,0.0,0.0,0.0,0.0,archaea,nitrososphaerota,nitrososphaeria,nitrososphaerales,nitrososphaeraceae,candidatus nitrososphaera,candidatus nitrososphaera
Zotu4988,0.0,0.0,0.0,0.0,0.0,0.0,0.0,0.0,bacteria,planctomycetota,planctomycetia,planctomycetales,planctomycetaceae,planctopirus,planctopirus limnophila
Zotu4989,0.023384,0.045357,0.0,0.0,0.0,0.0,0.00314,0.0,bacteria,acidobacteriota,vicinamibacteria,vicinamibacterales,vicinamibacteraceae,luteitalea,luteitalea pratensis
Zotu4990,0.0,0.0,0.0,0.003074,0.006491,0.0,0.0,0.00314,bacteria,chloroflexota,chloroflexia,herpetosiphonales,herpetosiphonaceae,herpetosiphon,herpetosiphon aurantiacus
Zotu4991,0.003341,0.0,0.0,0.0,0.0,0.0,0.012558,0.0,bacteria,gemmatimonadota,longimicrobiia,longimicrobiales,longimicrobiaceae,longimicrobium,longimicrobium terrae
Zotu4992,0.0,0.0,0.0,0.0,0.0,0.0,0.0,0.0,bacteria,verrucomicrobiota,verrucomicrobiae,verrucomicrobiales,verrucomicrobia subdivision 3,pedosphaera,pedosphaera parvula
Zotu4993,0.0,0.0,0.0,0.0,0.0,0.0,0.0,0.0,bacteria,thermodesulfobacteriota,desulfobacteria,desulfobacterales,desulfobacteraceae,desulfobotulus,desulfobotulus mexicanus
Zotu4994,0.0,0.0,0.0,0.0,0.0,0.082508,0.0,0.0,bacteria,acidobacteriota,blastocatellia,blastocatellales,pyrinomonadaceae,pyrinomonas,pyrinomonas methylaliphatogenes
Zotu4995,0.0,0.00324,0.003173,0.0,0.003245,0.047601,0.028256,0.009421,bacteria,pseudomonadota,alphaproteobacteria,hyphomicrobiales,propylenellaceae,propylenella,propylenella binzhouense
Zotu4996,0.0,0.0,0.0,0.0,0.0,0.0,0.0,0.0,bacteria,bacillota,bacilli,bacillales,bacillaceae,calditerricola,calditerricola yamamurae
Zotu4997,0.0,0.0,0.0,0.0,0.0,0.0,0.0,0.0,bacteria,actinomycetota,thermoleophilia,solirubrobacterales,baekduiaceae,baekduia,baekduia soli
Zotu4998,0.0,0.00324,0.0,0.0,0.003245,0.0,0.0,0.0,bacteria,pseudomonadota,alphaproteobacteria,sphingomonadales,sphingosinicellaceae,sphingosinicella,sphingosinicella cucumeris
Zotu5000,0.093536,0.0,0.0,0.0,0.0,0.0,0.0,0.0,archaea,methanobacteriota,thermoplasmata,methanomassiliicoccales,methanomassiliicoccaceae,methanomassiliicoccus,candidatus methanomassiliicoccus intestinalis
Zotu5001,0.0,0.00324,0.184028,0.0,0.0,0.0,0.0,0.0,bacteria,bacillota,clostridia,eubacteriales,symbiobacteriaceae,symbiobacterium,symbiobacterium terraclitae
Zotu5002,0.0,0.0,0.0,0.0,0.0,0.0,0.0,0.0,bacteria,actinomycetota,thermoleophilia,thermoleophilales,thermoleophilaceae,thermoleophilum,thermoleophilum album
Zotu5003,0.096877,0.012959,0.003173,0.003074,0.0,0.0,0.00314,0.0,bacteria,bacillota,clostridia,eubacteriales,symbiobacteriaceae,symbiobacterium,symbiobacterium ostreiconchae
Zotu5004,0.0,0.0,0.0,0.0,0.0,0.0,0.0,0.0,bacteria,actinomycetota,thermoleophilia,solirubrobacterales,parviterribacteraceae,parviterribacter,parviterribacter multiflagellatus
Zotu5005,0.0,0.0,0.0,0.0,0.0,0.0,0.0,0.0,bacteria,pseudomonadota,betaproteobacteria,burkholderiales,alcaligenaceae,pigmentiphaga,pigmentiphaga daeguensis
Zotu5006,0.023384,0.009719,0.038075,0.003074,0.0,0.0,0.00314,0.0,bacteria,actinomycetota,thermoleophilia,solirubrobacterales,baekduiaceae,baekduia,baekduia soli
Zotu5007,0.0,0.0,0.0,0.0,0.0,0.0,0.0,0.0,bacteria,bacteroidota,chitinophagia,chitinophagales,chitinophagaceae,paracnuella,paracnuella aquatica
Zotu5008,0.0,0.0,0.0,0.0,0.0,0.006347,0.037674,0.056524,bacteria,chloroflexota,chloroflexia,kallotenuales,kallotenuaceae,kallotenue,kallotenue papyrolyticum
Zotu5009,0.0,0.0,0.0,0.0,0.0,0.0,0.0,0.00314,bacteria,actinomycetota,thermoleophilia,solirubrobacterales,capillimicrobiaceae,capillimicrobium,capillimicrobium parvum
Zotu5010,0.023384,0.0,0.072976,0.0,0.0,0.0,0.0,0.0,bacteria,planctomycetota,planctomycetia,planctomycetales,planctomycetaceae,symmachiella,symmachiella dynata
Zotu5011,0.0,0.0,0.0,0.0,0.0,0.0,0.0,0.0,bacteria,planctomycetota,phycisphaerae,tepidisphaerales,tepidisphaeraceae,tepidisphaera,tepidisphaera mucosa
Zotu5012,0.003341,0.0,0.0,0.0,0.0,0.0,0.0,0.0,bacteria,pseudomonadota,gammaproteobacteria,xanthomonadales,xanthomonadaceae,arenimonas,arenimonas maotaiensis
Zotu5013,0.093536,0.032398,0.003173,0.0,0.003245,0.0,0.009419,0.00314,bacteria,acidobacteriota,blastocatellia,blastocatellales,arenimicrobiaceae,arenimicrobium,arenimicrobium luteum
Zotu5014,0.0,0.0,0.0,0.0,0.0,0.0,0.0,0.0,bacteria,bacteroidota,cytophagia,cytophagales,hymenobacteraceae,rufibacter,rufibacter glacialis
Zotu5015,0.0,0.0,0.0,0.0,0.0,0.0,0.0,0.00314,bacteria,verrucomicrobiota,opitutae,opitutales,opitutaceae,horticoccus,horticoccus luteus
Zotu5016,0.0,0.0,0.0,0.0,0.0,0.0,0.0,0.0,bacteria,pseudomonadota,alphaproteobacteria,sphingomonadales,sphingomonadaceae,sphingomonas,sphingomonas rhizophila
Zotu5017,0.0,0.0,0.0,0.0,0.0,0.0,0.0,0.0,bacteria,chloroflexota,tepidiformia,tepidiformales,tepidiformaceae,tepidiforma,tepidiforma bonchosmolovskayae
Zotu5018,0.0,0.0,0.0,0.0,0.0,0.038081,0.0,0.00314,bacteria,actinomycetota,thermoleophilia,solirubrobacterales,baekduiaceae,baekduia,baekduia soli
Zotu5019,0.0,0.0,0.0,0.0,0.055173,0.00952,0.031395,0.0,bacteria,chloroflexota,tepidiformia,tepidiformales,tepidiformaceae,tepidiforma,tepidiforma bonchosmolovskayae
Zotu5020,0.0,0.0,0.0,0.0,0.071401,0.0,0.00314,0.0,bacteria,pseudomonadota,betaproteobacteria,rhodocyclales,azonexaceae,azonexus,azonexus caeni
Zotu5021,0.0,0.0,0.0,0.0,0.0,0.0,0.0,0.0,bacteria,bacteroidota,cytophagia,cytophagales,hymenobacteraceae,pontibacter,pontibacter populi
Zotu5022,0.0,0.0,0.0,0.0,0.0,0.0,0.0,0.0,bacteria,pseudomonadota,alphaproteobacteria,rhodospirillales,acetobacteraceae,belnapia,belnapia moabensis
Zotu5023,0.0,0.0,0.0,0.003074,0.0,0.0,0.009419,0.069085,bacteria,chloroflexota,chloroflexia,herpetosiphonales,herpetosiphonaceae,herpetosiphon,herpetosiphon aurantiacus
Zotu5024,0.0,0.0,0.0,0.0,0.0,0.0,0.0,0.031402,bacteria,bacteroidota,cytophagia,cytophagales,fulvivirgaceae,fulvivirga,fulvivirga lutimaris
Zotu5025,0.0,0.0,0.0,0.0,0.003245,0.0,0.037674,0.031402,bacteria,pseudomonadota,alphaproteobacteria,hyphomicrobiales,methylobacteriaceae,microvirga,microvirga tunisiensis
Zotu5026,0.0,0.0,0.003173,0.003074,0.0,0.095202,0.0,0.0,bacteria,chloroflexota,chloroflexia,chloroflexales,roseiflexaceae,kouleothrix,kouleothrix aurantiaca
Zotu5027,0.0,0.0,0.0,0.0,0.0,0.0,0.0,0.0,bacteria,pseudomonadota,alphaproteobacteria,rhodospirillales,acetobacteraceae,belnapia,belnapia arida
Zotu5028,0.0,0.055077,0.0,0.003074,0.0,0.0,0.006279,0.00314,bacteria,pseudomonadota,alphaproteobacteria,geminicoccales,geminicoccaceae,arboricoccus,arboricoccus pini
Zotu5029,0.066811,0.029158,0.0,0.003074,0.0,0.0,0.0,0.0,bacteria,planctomycetota,planctomycetia,gemmatales,gemmataceae,gemmata,gemmata palustris
Zotu5030,0.0,0.0,0.0,0.0,0.0,0.003173,0.0,0.0,bacteria,bacteroidota,chitinophagia,chitinophagales,chitinophagaceae,niveitalea,niveitalea solisilvae
Zotu5031,0.0,0.0,0.0,0.0,0.0,0.0,0.0,0.0,bacteria,actinomycetota,rubrobacteria,gaiellales,gaiellaceae,gaiella,gaiella occulta
Zotu5032,0.0,0.0,0.09836,0.0,0.0,0.0,0.0,0.0,bacteria,bacillota,clostridia,eubacteriales,symbiobacteriaceae,symbiobacterium,symbiobacterium terraclitae
Zotu5033,0.0,0.0,0.0,0.0,0.0,0.0,0.0,0.0,bacteria,pseudomonadota,gammaproteobacteria,steroidobacterales,steroidobacteraceae,povalibacter,povalibacter uvarum
Zotu5034,0.0,0.0,0.0,0.0,0.0,0.0,0.009419,0.103627,bacteria,acidobacteriota,terriglobia,bryobacterales,bryobacteraceae,paludibaculum,paludibaculum fermentans
Zotu5035,0.0,0.0,0.0,0.0,0.0,0.0,0.0,0.0,bacteria,pseudomonadota,alphaproteobacteria,sphingomonadales,sphingosinicellaceae,sphingosinicella,sphingosinicella humi
Zotu5036,0.0,0.0,0.0,0.0,0.0,0.0,0.0,0.0,bacteria,actinomycetota,acidimicrobiia,acidimicrobiales,acidimicrobiaceae,aciditerrimonas,aciditerrimonas ferrireducens
Zotu5037,0.0,0.0,0.0,0.0,0.0,0.0,0.0,0.00628,bacteria,chloroflexota,anaerolineae,anaerolineales,anaerolineaceae,thermanaerothrix,thermanaerothrix daxensis
Zotu5038,0.0,0.0,0.0,0.0,0.0,0.0,0.0,0.012561,bacteria,pseudomonadota,alphaproteobacteria,sphingomonadales,sphingomonadaceae,sphingomonas,sphingomonas wittichii
Zotu5039,0.0,0.0,0.0,0.0,0.0,0.0,0.0,0.0,bacteria,actinomycetota,thermoleophilia,solirubrobacterales,conexibacteraceae,conexibacter,conexibacter arvalis
Zotu5041,0.0,0.0,0.0,0.0,0.0,0.0,0.0,0.0,bacteria,gemmatimonadota,longimicrobiia,longimicrobiales,longimicrobiaceae,longimicrobium,longimicrobium terrae
Zotu5042,0.0,0.0,0.0,0.003074,0.0,0.0,0.0,0.0,bacteria,pseudomonadota,gammaproteobacteria,xanthomonadales,xanthomonadaceae,lysobacter,lysobacter yangpyeongensis
Zotu5043,0.0,0.0,0.079322,0.0,0.0,0.0,0.0,0.0,bacteria,bacillota,clostridia,eubacteriales,symbiobacteriaceae,symbiobacterium,symbiobacterium terraclitae
Zotu5044,0.0,0.0,0.0,0.0,0.0,0.0,0.0,0.00314,bacteria,actinomycetota,actinomycetes,kineosporiales,kineosporiaceae,kineococcus,kineococcus gypseus
Zotu5045,0.0,0.0,0.0,0.0,0.0,0.0,0.0,0.00314,bacteria,bacillota,bacilli,bacillales,bacillales family x. incertae sedis,thermicanus,thermicanus aegyptius
Zotu5046,0.0,0.0,0.0,0.0,0.0,0.003173,0.0,0.0,bacteria,actinomycetota,actinomycetes,mycobacteriales,corynebacteriaceae,corynebacterium,corynebacterium tuberculostearicum
Zotu5047,0.0,0.00324,0.0,0.0,0.0,0.0,0.0,0.0,bacteria,bacteroidota,chitinophagia,chitinophagales,chitinophagaceae,segetibacter,segetibacter aerophilus
Zotu5048,0.003341,0.0,0.0,0.0,0.0,0.0,0.0,0.0,bacteria,gemmatimonadota,longimicrobiia,longimicrobiales,longimicrobiaceae,longimicrobium,longimicrobium terrae
Zotu5049,0.0,0.0,0.0,0.0,0.0,0.0,0.0,0.00628,bacteria,actinomycetota,thermoleophilia,solirubrobacterales,solirubrobacteraceae,solirubrobacter,solirubrobacter phytolaccae
Zotu5050,0.0,0.0,0.0,0.0,0.003245,0.0,0.0,0.0,bacteria,actinomycetota,rubrobacteria,rubrobacterales,rubrobacteraceae,rubrobacter,rubrobacter xylanophilus
Zotu5051,0.0,0.0,0.0,0.0,0.0,0.0,0.0,0.0,bacteria,planctomycetota,phycisphaerae,tepidisphaerales,tepidisphaeraceae,tepidisphaera,tepidisphaera mucosa
Zotu5052,0.0,0.0,0.0,0.0,0.0,0.0,0.0,0.0,bacteria,bacteroidota,sphingobacteriia,sphingobacteriales,sphingobacteriaceae,solitalea,solitalea canadensis
Zotu5053,0.0,0.0,0.0,0.0,0.0,0.0,0.0,0.0,bacteria,pseudomonadota,betaproteobacteria,burkholderiales,oxalobacteraceae,herminiimonas,herminiimonas aquatilis
Zotu5054,0.0,0.0,0.0,0.0,0.0,0.0,0.0,0.0,bacteria,mycoplasmatota,mollicutes,entomoplasmatales,spiroplasmataceae,spiroplasma,spiroplasma kunkelii
Zotu5055,0.0,0.00324,0.0,0.0,0.0,0.0,0.006279,0.018841,bacteria,pseudomonadota,gammaproteobacteria,chromatiales,ectothiorhodospiraceae,alkalilimnicola,alkalilimnicola halodurans
Zotu5056,0.0,0.0,0.0,0.0,0.0,0.0,0.0,0.0,bacteria,bacillota,bacilli,bacillales,paenibacillaceae,paenibacillus,paenibacillus agaridevorans
Zotu5057,0.0,0.0,0.0,0.0,0.0,0.0,0.0,0.0,bacteria,bacillota,clostridia,lachnospirales,lachnospiraceae,anaerocolumna,anaerocolumna xylanovorans
Zotu5058,0.0,0.0,0.0,0.0,0.0,0.0,0.0,0.0,archaea,methanobacteriota,thermoplasmata,methanomassiliicoccales,candidatus methanomethylophilaceae,candidatus methanomethylophilus,candidatus methanomethylophilus alvus
Zotu5059,0.0,0.0,0.0,0.141412,0.0,0.0,0.0,0.0,bacteria,myxococcota,myxococcia,myxococcales,anaeromyxobacteraceae,anaeromyxobacter,anaeromyxobacter dehalogenans
Zotu5061,0.0,0.0,0.0,0.003074,0.0,0.0,0.0,0.0,bacteria,gemmatimonadota,longimicrobiia,longimicrobiales,longimicrobiaceae,longimicrobium,longimicrobium terrae
Zotu5062,0.0,0.0,0.0,0.0,0.0,0.0,0.0,0.0,bacteria,actinomycetota,actinomycetes,kitasatosporales,streptomycetaceae,allostreptomyces,allostreptomyces psammosilenae
Zotu5063,0.033406,0.055077,0.009519,0.0,0.0,0.0,0.0,0.0,bacteria,gemmatimonadota,longimicrobiia,longimicrobiales,longimicrobiaceae,longimicrobium,longimicrobium terrae
Zotu5064,0.016703,0.0,0.095187,0.0,0.0,0.0,0.0,0.0,bacteria,chloroflexota,anaerolineae,anaerolineales,anaerolineaceae,ornatilinea,ornatilinea apprima
Zotu5065,0.0,0.0,0.0,0.0,0.0,0.0,0.0,0.00628,bacteria,pseudomonadota,gammaproteobacteria,moraxellales,moraxellaceae,psychrobacter,psychrobacter namhaensis
Zotu5066,0.0,0.0,0.0,0.0,0.0,0.0,0.0,0.0,bacteria,verrucomicrobiota,spartobacteria,chthoniobacterales,chthoniobacteraceae,chthoniobacter,chthoniobacter flavus
Zotu5067,0.0,0.0,0.0,0.0,0.0,0.0,0.0,0.0,bacteria,planctomycetota,planctomycetia,gemmatales,gemmataceae,limnoglobus,limnoglobus roseus
Zotu5068,0.0,0.0,0.0,0.0,0.0,0.0,0.0,0.0,bacteria,pseudomonadota,alphaproteobacteria,sphingomonadales,sphingosinicellaceae,sphingosinicella,sphingosinicella humi
Zotu5069,0.0,0.0,0.0,0.0,0.0,0.0,0.0,0.0,bacteria,verrucomicrobiota,spartobacteria,chthoniobacterales,chthoniobacteraceae,chthoniobacter,chthoniobacter flavus
Zotu5070,0.0,0.0,0.0,0.0,0.0,0.0,0.0,0.00628,bacteria,pseudomonadota,alphaproteobacteria,rhodospirillales,azospirillaceae,skermanella,skermanella rubra
Zotu5071,0.0,0.0,0.0,0.0,0.0,0.0,0.0,0.0,bacteria,actinomycetota,actinomycetes,streptosporangiales,streptosporangiaceae,nonomuraea,nonomuraea soli
Zotu5072,0.0,0.0,0.0,0.0,0.003245,0.0,0.0,0.028262,archaea,methanobacteriota,thermoplasmata,methanomassiliicoccales,methanomassiliicoccaceae,methanomassiliicoccus,candidatus methanomassiliicoccus intestinalis
Zotu5073,0.0,0.0,0.0,0.055335,0.006491,0.050774,0.006279,0.00314,bacteria,actinomycetota,thermoleophilia,solirubrobacterales,solirubrobacteraceae,solirubrobacter,solirubrobacter phytolaccae
Zotu5074,0.0,0.0,0.0,0.0,0.0,0.0,0.0,0.025122,bacteria,planctomycetota,planctomycetia,isosphaerales,isosphaeraceae,singulisphaera,singulisphaera rosea
Zotu5075,0.0,0.0,0.0,0.0,0.0,0.0,0.0,0.0,bacteria,pseudomonadota,gammaproteobacteria,chromatiales,thioprofundaceae,thioprofundum,thioprofundum hispidum
Zotu5076,0.0,0.0,0.0,0.0,0.0,0.0,0.0,0.0,bacteria,pseudomonadota,deltaproteobacteria,myxococcales,anaeromyxobacteraceae,anaeromyxobacter,anaeromyxobacter dehalogenans
Zotu5077,0.0,0.019439,0.0,0.0,0.0,0.0,0.0,0.0,bacteria,planctomycetota,planctomycetia,planctomycetales,planctomycetaceae,caulifigura,caulifigura coniformis
Zotu5078,0.0,0.0,0.0,0.0,0.0,0.0,0.0,0.0,bacteria,pseudomonadota,gammaproteobacteria,enterobacterales,enterobacteriaceae,buttiauxella,buttiauxella agrestis
Zotu5079,0.0,0.0,0.0,0.07378,0.0,0.0,0.0,0.0,bacteria,bacillota,clostridia,eubacteriales,symbiobacteriaceae,symbiobacterium,symbiobacterium terraclitae
Zotu5080,0.0,0.0,0.0,0.0,0.0,0.0,0.0,0.0,bacteria,actinomycetota,thermoleophilia,solirubrobacterales,capillimicrobiaceae,capillimicrobium,capillimicrobium parvum
Zotu5081,0.0,0.0,0.0,0.0,0.003245,0.0,0.0,0.0,bacteria,pseudomonadota,gammaproteobacteria,cellvibrionales,cellvibrionaceae,candidatus endobugula,endosymbiont of bugula turbinata
Zotu5082,0.020043,0.016199,0.0,0.003074,0.0,0.006347,0.0,0.0,bacteria,actinomycetota,actinomycetes,kitasatosporales,streptomycetaceae,streptomyces,streptomyces nanhaiensis
Zotu5083,0.0,0.0,0.0,0.0,0.006491,0.0,0.0,0.00314,bacteria,actinomycetota,thermoleophilia,solirubrobacterales,baekduiaceae,baekduia,baekduia soli
Zotu5084,0.0,0.0,0.0,0.0,0.0,0.0,0.0,0.0,bacteria,pseudomonadota,alphaproteobacteria,sphingomonadales,sphingomonadaceae,sphingomonas,sphingomonas rhizophila
Zotu5085,0.0,0.0,0.0,0.0,0.0,0.0,0.0,0.0,bacteria,pseudomonadota,alphaproteobacteria,sphingomonadales,sphingosinicellaceae,sandaracinobacter,sandaracinobacter neustonicus
Zotu5086,0.0,0.0,0.0,0.0,0.0,0.0,0.0,0.0,bacteria,pseudomonadota,alphaproteobacteria,hyphomicrobiales,methylocystaceae,methylosinus,methylosinus trichosporium
Zotu5087,0.003341,0.012959,0.0,0.003074,0.0,0.006347,0.0,0.0,bacteria,bacillota,clostridia,thermosediminibacterales,thermosediminibacteraceae,fervidicola,fervidicola ferrireducens
Zotu5088,0.0,0.0,0.0,0.0,0.0,0.0,0.0,0.0,bacteria,actinomycetota,thermoleophilia,thermoleophilales,thermoleophilaceae,thermoleophilum,thermoleophilum album
Zotu5090,0.0,0.0,0.0,0.003074,0.0,0.0,0.037674,0.047103,bacteria,gemmatimonadota,gemmatimonadetes,gemmatimonadales,gemmatimonadaceae,roseisolibacter,roseisolibacter agri
Zotu5091,0.0,0.0,0.0,0.0,0.0,0.0,0.0,0.0,bacteria,bacillota,clostridia,eubacteriales,symbiobacteriaceae,symbiobacterium,symbiobacterium turbinis
Zotu5092,0.0,0.0,0.0,0.0,0.0,0.0,0.0,0.0,bacteria,actinomycetota,actinomycetes,streptosporangiales,thermomonosporaceae,spirillospora,spirillospora tritici
Zotu5093,0.0,0.00324,0.0,0.0,0.0,0.0,0.0,0.0,bacteria,bacteroidota,cytophagia,cytophagales,cytophagaceae,rhodocytophaga,rhodocytophaga rosea
Zotu5094,0.003341,0.0,0.0,0.0,0.051928,0.0,0.06593,0.0,bacteria,acidobacteriota,vicinamibacteria,vicinamibacterales,vicinamibacteraceae,luteitalea,luteitalea pratensis
Zotu5095,0.013362,0.051837,0.025383,0.0,0.0,0.0,0.0,0.00314,bacteria,myxococcota,myxococcota,polyangiales,polyangiaceae,polyangium,polyangium fumosum
Zotu5096,0.020043,0.0,0.003173,0.0,0.0357,0.0,0.034535,0.00314,bacteria,chloroflexota,chloroflexota,chloroflexota,chloroflexota,thermobaculum,thermobaculum terrenum
Zotu5097,0.0,0.0,0.0,0.0,0.0,0.0,0.00314,0.0,bacteria,chloroflexota,chloroflexi,chloroflexi,chloroflexi,candidatus chlorothrix,candidatus chlorothrix halophila
Zotu5098,0.003341,0.0,0.0,0.0,0.090874,0.003173,0.0,0.0,bacteria,planctomycetota,planctomycetia,pirellulales,thermoguttaceae,thermogutta,thermogutta terrifontis
Zotu5099,0.0,0.0,0.0,0.0,0.0,0.0,0.0,0.0,bacteria,chloroflexota,chloroflexia,kallotenuales,kallotenuaceae,kallotenue,kallotenue papyrolyticum
Zotu5100,0.043427,0.100434,0.0,0.003074,0.003245,0.0,0.0,0.0,bacteria,bacteroidota,bacteroidia,marinilabiliales,prolixibacteraceae,maribellus,maribellus maritimus
Zotu5101,0.0,0.0,0.0,0.0,0.0,0.0,0.0,0.0,bacteria,actinomycetota,acidimicrobiia,acidimicrobiales,iamiaceae,aquihabitans,aquihabitans daechungensis
Zotu5102,0.0,0.0,0.0,0.0,0.0,0.0,0.0,0.0,bacteria,bacillota,bacilli,bacillales,planococcaceae,paenisporosarcina,paenisporosarcina indica
Zotu5103,0.0,0.0,0.0,0.0,0.0,0.0,0.0,0.0,bacteria,bacteroidota,chitinophagia,chitinophagales,chitinophagaceae,flavisolibacter,flavisolibacter tropicus
Zotu5104,0.0,0.0,0.0,0.0,0.0,0.0,0.0,0.0,bacteria,chloroflexota,anaerolineae,anaerolineales,anaerolineaceae,thermanaerothrix,thermanaerothrix daxensis
Zotu5105,0.0,0.0,0.0,0.0,0.0,0.0,0.0,0.0,bacteria,actinomycetota,actinomycetes,kitasatosporales,streptomycetaceae,streptomyces,streptomyces smyrnaeus
Zotu5106,0.003341,0.0,0.0,0.0,0.0,0.006347,0.0,0.0,archaea,methanobacteriota,thermoplasmata,methanomassiliicoccales,methanomassiliicoccaceae,methanomassiliicoccus,candidatus methanomassiliicoccus intestinalis
Zotu5107,0.0,0.0,0.0,0.0,0.133065,0.0,0.00314,0.0,bacteria,deinococcota,deinococci,trueperales,trueperaceae,truepera,truepera radiovictrix
Zotu5108,0.0,0.0,0.0,0.0,0.0,0.0,0.0,0.0,bacteria,pseudomonadota,alphaproteobacteria,sphingomonadales,sphingomonadaceae,allosphingosinicella,allosphingosinicella indica
Zotu5109,0.0,0.0,0.0,0.0,0.0,0.0,0.0,0.0,bacteria,pseudomonadota,gammaproteobacteria,pseudomonadales,pseudomonadaceae,pseudomonas,pseudomonas chlororaphis
Zotu5110,0.0,0.0,0.0,0.0,0.0,0.0,0.0,0.0,bacteria,bacteroidota,cytophagia,cytophagales,hymenobacteraceae,pontibacter,pontibacter locisalis
Zotu5111,0.0,0.0,0.0,0.0,0.0,0.006347,0.00314,0.0,bacteria,pseudomonadota,alphaproteobacteria,hyphomicrobiales,methylobacteriaceae,microvirga,microvirga thermotolerans
Zotu5112,0.0,0.0,0.0,0.0,0.0,0.0,0.018837,0.009421,bacteria,actinomycetota,actinomycetes,geodermatophilales,geodermatophilaceae,geodermatophilus,geodermatophilus bullaregiensis
Zotu5113,0.0,0.0,0.0,0.0,0.0,0.0,0.0,0.0,bacteria,actinomycetota,acidimicrobiia,acidimicrobiales,acidimicrobiaceae,aciditerrimonas,aciditerrimonas ferrireducens
Zotu5114,0.0,0.0,0.0,0.0,0.0,0.0,0.0,0.00314,bacteria,chloroflexota,caldilineae,caldilineales,caldilineaceae,litorilinea,litorilinea aerophila
Zotu5115,0.0,0.042118,0.003173,0.0,0.0,0.0,0.0,0.0,bacteria,chloroflexota,tepidiformia,tepidiformales,tepidiformaceae,tepidiforma,tepidiforma bonchosmolovskayae
Zotu5116,0.0,0.0,0.0,0.0,0.0,0.0,0.0,0.021981,bacteria,actinomycetota,actinomycetes,micromonosporales,micromonosporaceae,actinoplanes,actinoplanes teichomyceticus
Zotu5117,0.0,0.0,0.0,0.0,0.0,0.0,0.0,0.0,bacteria,planctomycetota,planctomycetia,pirellulales,lacipirellulaceae,posidoniimonas,posidoniimonas corsicana
Zotu5118,0.0,0.0,0.0,0.0,0.0,0.0,0.0,0.0,bacteria,pseudomonadota,alphaproteobacteria,rhodospirillales,dongiaceae,aliidongia,aliidongia dinghuensis
Zotu5119,0.0,0.0,0.0,0.0,0.045437,0.0,0.0,0.0,bacteria,myxococcota,myxococcota,haliangiales,kofleriaceae,haliangium,haliangium ochraceum
Zotu5120,0.0,0.0,0.003173,0.0,0.045437,0.0,0.00314,0.0,bacteria,chloroflexota,anaerolineae,anaerolineales,anaerolineaceae,thermomarinilinea,thermomarinilinea lacunifontana
Zotu5121,0.003341,0.055077,0.0,0.0,0.0,0.0,0.00314,0.0,bacteria,myxococcota,myxococcota,haliangiales,kofleriaceae,haliangium,haliangium ochraceum
Zotu5122,0.0,0.0,0.0,0.0,0.0,0.0,0.0,0.0,bacteria,bacillota,clostridia,eubacteriales,syntrophomonadaceae,syntrophothermus,syntrophothermus lipocalidus
Zotu5124,0.0,0.0,0.0,0.0,0.0,0.0,0.0,0.0,bacteria,actinomycetota,actinomycetia,micrococcales,microbacteriaceae,frigoribacterium,frigoribacterium faeni
Zotu5125,0.0,0.0,0.0,0.0,0.0,0.0,0.0,0.0,bacteria,pseudomonadota,alphaproteobacteria,rhodospirillales,dongiaceae,dongia,dongia mobilis
Zotu5126,0.053449,0.025918,0.0,0.0,0.0,0.0,0.0,0.00314,bacteria,campylobacterota,desulfurellia,desulfurellales,hippeaceae,hippea,hippea jasoniae
Zotu5127,0.003341,0.0,0.006346,0.0,0.0,0.0,0.0,0.0,bacteria,bacteroidota,flavobacteriia,flavobacteriales,weeksellaceae,bergeyella,bergeyella zoohelcum
Zotu5128,0.0,0.0,0.0,0.003074,0.055173,0.0,0.0,0.0,bacteria,chlamydiota,chlamydiia,parachlamydiales,parachlamydiaceae,protochlamydia,candidatus protochlamydia naegleriophila
Zotu5129,0.0,0.025918,0.041248,0.0,0.0,0.0,0.0,0.0,bacteria,bacillota,clostridia,eubacteriales,clostridiales family xvii. incertae sedis,thermaerobacter,thermaerobacter subterraneus
Zotu5130,0.0,0.0,0.0,0.0,0.0,0.0,0.0,0.0,bacteria,bacteroidota,sphingobacteriia,sphingobacteriales,sphingobacteriaceae,pedobacter,pedobacter tournemirensis
Zotu5131,0.003341,0.0,0.0,0.0,0.0,0.0,0.0,0.0,bacteria,actinomycetota,acidimicrobiia,acidimicrobiales,iamiaceae,actinomarinicola,actinomarinicola tropica
Zotu5132,0.0,0.0,0.0,0.0,0.0,0.0,0.0,0.0,bacteria,verrucomicrobiota,verrucomicrobiae,verrucomicrobiales,verrucomicrobia subdivision 3,pedosphaera,pedosphaera parvula
Zotu5133,0.0,0.00324,0.009519,0.083003,0.006491,0.0,0.0,0.0,bacteria,planctomycetota,planctomycetia,gemmatales,gemmataceae,zavarzinella,zavarzinella formosa
Zotu5134,0.0,0.0,0.0,0.0,0.0,0.0,0.0,0.0,bacteria,pseudomonadota,betaproteobacteria,ferritrophicales,ferritrophicaceae,ferritrophicum,ferritrophicum radicicola
Zotu5135,0.0,0.0,0.0,0.0,0.0,0.0,0.0,0.0,bacteria,gemmatimonadota,gemmatimonadetes,gemmatimonadales,gemmatimonadaceae,gemmatimonas,gemmatimonas phototrophica
Zotu5136,0.0,0.0,0.0,0.0,0.0,0.0,0.0,0.0,bacteria,bacillota,clostridia,eubacteriales,desulfotomaculaceae,desulfotomaculum,desulfotomaculum geothermicum
Zotu5137,0.006681,0.035638,0.0,0.0,0.0,0.044428,0.0,0.00314,bacteria,pseudomonadota,alphaproteobacteria,rhodospirillales,acetobacteraceae,gluconacetobacter,gluconacetobacter sacchari
Zotu5138,0.0,0.019439,0.0,0.0,0.003245,0.003173,0.0,0.0,bacteria,actinomycetota,thermoleophilia,solirubrobacterales,solirubrobacteraceae,solirubrobacter,solirubrobacter ginsenosidimutans
Zotu5139,0.0,0.025918,0.060285,0.0,0.0,0.0,0.00314,0.00314,bacteria,gemmatimonadota,longimicrobiia,longimicrobiales,longimicrobiaceae,longimicrobium,longimicrobium terrae
Zotu5140,0.0,0.0,0.0,0.0,0.0,0.0,0.0,0.0,bacteria,bacteroidota,bacteroidia,marinilabiliales,marinilabiliaceae,breznakibacter,breznakibacter xylanolyticus
Zotu5141,0.0,0.0,0.0,0.0,0.0,0.0,0.0,0.0,archaea,methanobacteriota,halobacteria,halobacteriales,halobacteriaceae,halorubrum,halorubrum orientale
Zotu5142,0.043427,0.0,0.0,0.0,0.0,0.0,0.0,0.0,archaea,methanobacteriota,thermoplasmata,methanomassiliicoccales,methanomassiliicoccaceae,methanomassiliicoccus,candidatus methanomassiliicoccus intestinalis
Zotu5143,0.0,0.0,0.0,0.0,0.0,0.0,0.0,0.0,bacteria,planctomycetota,planctomycetia,planctomycetales,planctomycetaceae,symmachiella,symmachiella dynata
Zotu5144,0.003341,0.0,0.0,0.0,0.025964,0.003173,0.0,0.0,bacteria,actinomycetota,actinomycetes,pseudonocardiales,pseudonocardiaceae,allokutzneria,allokutzneria albata
Zotu5145,0.0,0.0,0.0,0.0,0.0,0.0,0.0,0.0,bacteria,bacteroidota,chitinophagia,chitinophagales,chitinophagaceae,segetibacter,segetibacter koreensis
Zotu5146,0.0,0.0,0.0,0.0,0.0,0.0,0.0,0.0,bacteria,pseudomonadota,alphaproteobacteria,sphingomonadales,sphingosinicellaceae,sphingosinicella,sphingosinicella humi
Zotu5147,0.026725,0.0,0.0,0.0,0.0,0.0,0.00314,0.0,bacteria,pseudomonadota,alphaproteobacteria,hyphomicrobiales,reyranellaceae,reyranella,reyranella massiliensis
Zotu5148,0.0,0.0,0.0,0.0,0.0,0.0,0.0,0.0,bacteria,planctomycetota,phycisphaerae,tepidisphaerales,tepidisphaeraceae,tepidisphaera,tepidisphaera mucosa
Zotu5149,0.0,0.0,0.0,0.0,0.0,0.0,0.0,0.0,bacteria,pseudomonadota,gammaproteobacteria,thiotrichales,fastidiosibacteraceae,caedibacter,caedibacter macronucleorum
Zotu5150,0.0,0.0,0.0,0.0,0.0,0.0,0.0,0.0,bacteria,pseudomonadota,alphaproteobacteria,caulobacterales,caulobacteraceae,brevundimonas,brevundimonas alba
Zotu5151,0.0,0.0,0.0,0.0,0.003245,0.0,0.0,0.0,bacteria,bacillota,bacilli,lactobacillales,streptococcaceae,streptococcus,streptococcus oralis
Zotu5152,0.0,0.0,0.0,0.0,0.0,0.0,0.00314,0.0,bacteria,actinomycetota,rubrobacteria,gaiellales,gaiellaceae,gaiella,gaiella occulta
Zotu5153,0.006681,0.00648,0.003173,0.0,0.0,0.028561,0.034535,0.0,bacteria,bacillota,clostridia,thermosediminibacterales,thermosediminibacteraceae,thermovenabulum,thermovenabulum gondwanense
Zotu5154,0.0,0.0,0.0,0.076854,0.0,0.0,0.0,0.0,bacteria,actinomycetota,rubrobacteria,rubrobacterales,rubrobacteraceae,rubrobacter,rubrobacter spartanus
Zotu5155,0.0,0.0,0.0,0.0,0.0,0.0,0.0,0.0,bacteria,chloroflexota,chloroflexia,kallotenuales,kallotenuaceae,kallotenue,kallotenue papyrolyticum
Zotu5156,0.0,0.0,0.0,0.0,0.0,0.0,0.0,0.0,bacteria,pseudomonadota,alphaproteobacteria,sphingomonadales,sphingomonadaceae,sphingomonas,sphingomonas lutea
Zotu5157,0.0,0.0,0.0,0.0,0.0,0.0,0.00314,0.0,bacteria,armatimonadota,fimbriimonadia,fimbriimonadales,fimbriimonadaceae,fimbriimonas,fimbriimonas ginsengisoli
Zotu5158,0.110239,0.032398,0.0,0.0,0.0,0.0,0.0,0.0,archaea,methanobacteriota,thermoplasmata,methanomassiliicoccales,methanomassiliicoccaceae,methanomassiliicoccus,candidatus methanomassiliicoccus intestinalis
Zotu5159,0.023384,0.061556,0.006346,0.0,0.0,0.003173,0.0,0.0,bacteria,acidobacteriota,vicinamibacteria,vicinamibacterales,vicinamibacteraceae,vicinamibacter,vicinamibacter silvestris
Zotu5160,0.0,0.0,0.0,0.0,0.0,0.0,0.0,0.0,bacteria,planctomycetota,planctomycetia,planctomycetales,planctomycetaceae,gimesia,gimesia chilikensis
Zotu5161,0.0,0.0,0.0,0.0,0.0,0.0,0.0,0.0,archaea,methanobacteriota,thermoplasmata,methanomassiliicoccales,methanomassiliicoccaceae,methanomassiliicoccus,candidatus methanomassiliicoccus intestinalis
Zotu5162,0.0,0.0,0.0,0.0,0.0,0.0,0.0,0.0,bacteria,chloroflexota,anaerolineae,anaerolineales,anaerolineaceae,ornatilinea,ornatilinea apprima
Zotu5163,0.0,0.0,0.0,0.0,0.0,0.0,0.0,0.0,bacteria,pseudomonadota,alphaproteobacteria,sphingomonadales,sphingomonadaceae,sphingomonas,sphingomonas sabuli
Zotu5164,0.0,0.0,0.0,0.0,0.0,0.0,0.0,0.0,bacteria,acidobacteriota,vicinamibacteria,vicinamibacterales,vicinamibacteraceae,luteitalea,luteitalea pratensis
Zotu5165,0.0,0.0,0.0,0.0,0.0,0.0,0.0,0.0,bacteria,pseudomonadota,gammaproteobacteria,chromatiales,ectothiorhodospiraceae,alkalilimnicola,alkalilimnicola halodurans
Zotu5166,0.0,0.032398,0.04442,0.0,0.003245,0.015867,0.0,0.0,bacteria,bacillota,bacilli,bacillales,bacillaceae,calditerricola,calditerricola yamamurae
Zotu5167,0.0,0.0,0.0,0.0,0.0,0.0,0.0,0.0,bacteria,actinomycetota,actinomycetia,micrococcales,microbacteriaceae,microbacterium,microbacterium lacticum
Zotu5168,0.0,0.0,0.0,0.0,0.0,0.0,0.0,0.0,bacteria,actinomycetota,actinomycetes,geodermatophilales,geodermatophilaceae,modestobacter,modestobacter muralis
Zotu5169,0.0,0.0,0.0,0.0,0.0,0.0,0.0,0.0,bacteria,gemmatimonadota,longimicrobiia,longimicrobiales,longimicrobiaceae,longimicrobium,longimicrobium terrae
Zotu5170,0.020043,0.035638,0.003173,0.003074,0.0,0.0,0.0,0.0,bacteria,actinomycetota,rubrobacteria,rubrobacterales,rubrobacteraceae,rubrobacter,rubrobacter radiotolerans
Zotu5171,0.0,0.0,0.0,0.0,0.003245,0.0,0.0,0.0,bacteria,planctomycetota,planctomycetia,isosphaerales,isosphaeraceae,singulisphaera,singulisphaera rosea
Zotu5172,0.0,0.0,0.0,0.0,0.0,0.0,0.0,0.0,bacteria,pseudomonadota,alphaproteobacteria,rickettsiales,anaplasmataceae,anaplasma,anaplasma phagocytophilum
Zotu5173,0.003341,0.00324,0.0,0.0,0.0,0.0,0.0,0.00314,bacteria,pseudomonadota,alphaproteobacteria,sphingomonadales,sphingosinicellaceae,sphingosinicella,sphingosinicella humi
Zotu5174,0.0,0.0,0.0,0.0,0.0,0.0,0.0,0.0,bacteria,bacteroidota,chitinophagia,chitinophagales,chitinophagaceae,parasegetibacter,parasegetibacter terrae
Zotu5175,0.0,0.0,0.0,0.0,0.0,0.0,0.0,0.0,bacteria,bacteroidota,cytophagia,cytophagales,hymenobacteraceae,adhaeribacter,adhaeribacter swui
Zotu5176,0.0,0.00324,0.0,0.0,0.0,0.0,0.0,0.062804,bacteria,pseudomonadota,alphaproteobacteria,hyphomicrobiales,methylobacteriaceae,microvirga,microvirga flocculans
Zotu5177,0.0,0.0,0.0,0.0,0.0,0.0,0.0,0.0,bacteria,chloroflexota,chloroflexia,herpetosiphonales,herpetosiphonaceae,herpetosiphon,herpetosiphon aurantiacus
Zotu5178,0.0,0.0,0.0,0.0,0.0,0.0,0.0,0.0,bacteria,gemmatimonadota,longimicrobiia,longimicrobiales,longimicrobiaceae,longimicrobium,longimicrobium terrae
Zotu5179,0.0,0.0,0.0,0.0,0.003245,0.0,0.0,0.0,bacteria,pseudomonadota,alphaproteobacteria,rhodospirillales,acetobacteraceae,roseicella,roseicella frigidaeris
Zotu5180,0.0,0.0,0.003173,0.0,0.0,0.0,0.00314,0.0,bacteria,actinomycetota,thermoleophilia,solirubrobacterales,solirubrobacteraceae,solirubrobacter,solirubrobacter phytolaccae
Zotu5181,0.0,0.0,0.003173,0.0,0.0,0.0,0.06279,0.0,bacteria,actinomycetota,acidimicrobiia,acidimicrobiales,acidimicrobiaceae,aciditerrimonas,aciditerrimonas ferrireducens
Zotu5182,0.003341,0.0,0.006346,0.0,0.003245,0.025387,0.00314,0.0,bacteria,bacillota,bacilli,bacillales,bacillaceae,bacillus,bacillus yapensis
Zotu5183,0.0,0.0,0.0,0.0,0.0,0.0,0.0,0.0,bacteria,actinomycetota,thermoleophilia,solirubrobacterales,solirubrobacteraceae,solirubrobacter,solirubrobacter phytolaccae
Zotu5184,0.0,0.0,0.0,0.138338,0.0,0.0,0.0,0.0,bacteria,pseudomonadota,betaproteobacteria,burkholderiales,burkholderiaceae,robbsia,robbsia andropogonis
Zotu5185,0.010022,0.058317,0.006346,0.0,0.003245,0.0,0.00314,0.00314,bacteria,nitrospirota,nitrospira,nitrospirales,nitrospiraceae,nitrospira,nitrospira enrichment
Zotu5186,0.016703,0.0,0.0,0.0,0.0,0.025387,0.018837,0.0,bacteria,actinomycetota,rubrobacteria,gaiellales,gaiellaceae,gaiella,gaiella occulta
Zotu5187,0.0,0.0,0.0,0.0,0.0,0.012694,0.0,0.0,bacteria,actinomycetota,thermoleophilia,solirubrobacterales,conexibacteraceae,conexibacter,conexibacter stalactiti
Zotu5188,0.0,0.0,0.0,0.003074,0.0,0.0,0.009419,0.0,bacteria,bacillota,bacilli,bacillales,paenibacillaceae,paenibacillus,paenibacillus antri
Zotu5189,0.0,0.0,0.0,0.003074,0.0,0.0,0.0,0.00314,bacteria,actinomycetota,acidimicrobiia,acidimicrobiales,acidimicrobiaceae,aciditerrimonas,aciditerrimonas ferrireducens
Zotu5190,0.0,0.0,0.0,0.0,0.0,0.003173,0.00314,0.0,bacteria,bacillota,clostridia,moorellales,moorellaceae,moorella,moorella glycerini
Zotu5191,0.0,0.0,0.019037,0.003074,0.0,0.0,0.00314,0.0,bacteria,bacillota,bacilli,bacillales,bacillaceae,bacillus,bacillus thermoamylovorans
Zotu5192,0.0,0.0,0.0,0.0,0.090874,0.022214,0.00314,0.00314,bacteria,myxococcota,myxococcota,polyangiales,polyangiaceae,racemicystis,racemicystis persica
Zotu5193,0.0,0.042118,0.0,0.0,0.0,0.0,0.0,0.0,bacteria,pseudomonadota,alphaproteobacteria,hyphomicrobiales,xanthobacteraceae,pseudolabrys,pseudolabrys taiwanensis
Zotu5194,0.0,0.0,0.003173,0.003074,0.003245,0.0,0.00314,0.0,bacteria,bacillota,clostridia,eubacteriales,clostridiales family xvii. incertae sedis,thermaerobacter,thermaerobacter composti
Zotu5195,0.050109,0.035638,0.0,0.003074,0.0,0.0,0.0,0.0,bacteria,gemmatimonadota,longimicrobiia,longimicrobiales,longimicrobiaceae,longimicrobium,longimicrobium terrae
Zotu5196,0.0,0.0,0.0,0.0,0.003245,0.0,0.0,0.009421,bacteria,pseudomonadota,alphaproteobacteria,sphingomonadales,sphingomonadaceae,novosphingobium,novosphingobium arabidopsis
Zotu5197,0.0,0.0,0.0,0.003074,0.0,0.003173,0.0,0.015701,bacteria,actinomycetota,thermoleophilia,solirubrobacterales,conexibacteraceae,conexibacter,conexibacter arvalis
Zotu5198,0.0,0.0,0.0,0.0,0.0,0.0,0.00314,0.0,bacteria,gemmatimonadota,longimicrobiia,longimicrobiales,longimicrobiaceae,longimicrobium,longimicrobium terrae
Zotu5199,0.0,0.0,0.0,0.0,0.0,0.0,0.0,0.0,bacteria,pseudomonadota,betaproteobacteria,nitrosomonadales,nitrosomonadaceae,nitrosomonas,nitrosomonas cryotolerans
Zotu5200,0.0,0.0,0.0,0.0,0.0,0.0,0.0,0.0,bacteria,actinomycetota,acidimicrobiia,acidimicrobiales,iamiaceae,actinomarinicola,actinomarinicola tropica
Zotu5201,0.0,0.0,0.0,0.0,0.003245,0.0,0.0,0.0,bacteria,actinomycetota,rubrobacteria,gaiellales,gaiellaceae,gaiella,gaiella occulta
Zotu5202,0.0,0.0,0.0,0.0,0.0,0.0,0.0,0.0,bacteria,rhodothermota,rhodothermia,rhodothermales,rhodothermaceae,rhodocaloribacter,rhodocaloribacter litoris
Zotu5203,0.0,0.0,0.0,0.0,0.0,0.003173,0.0,0.0,bacteria,pseudomonadota,gammaproteobacteria,xanthomonadales,rhodanobacteraceae,luteibacter,luteibacter anthropi
Zotu5204,0.0,0.0,0.0,0.0,0.0,0.003173,0.00314,0.018841,bacteria,acidobacteriota,blastocatellia,blastocatellales,blastocatellaceae,blastocatella,blastocatella fastidiosa
Zotu5205,0.0,0.0,0.0,0.0,0.0,0.0,0.0,0.0,bacteria,thermodesulfobacteriota,desulfuromonadia,desulfuromonadales,desulfuromonadaceae,pelobacter,pelobacter seleniigenes
Zotu5206,0.020043,0.077755,0.0,0.0,0.0,0.0,0.00314,0.0,bacteria,gemmatimonadota,longimicrobiia,longimicrobiales,longimicrobiaceae,longimicrobium,longimicrobium terrae
Zotu5207,0.0,0.0,0.0,0.0,0.0,0.0,0.0,0.0,archaea,methanobacteriota,thermoplasmata,methanomassiliicoccales,methanomassiliicoccaceae,methanomassiliicoccus,candidatus methanomassiliicoccus intestinalis
Zotu5208,0.0,0.00648,0.0,0.0,0.0,0.0,0.0,0.0,bacteria,myxococcota,myxococcota,polyangiales,labilitrichaceae,labilithrix,labilithrix luteola
Zotu5209,0.0,0.0,0.0,0.0,0.0,0.0,0.0,0.021981,bacteria,actinomycetota,thermoleophilia,solirubrobacterales,baekduiaceae,baekduia,baekduia soli
Zotu5210,0.0,0.0,0.0,0.0,0.0,0.0,0.0,0.0,bacteria,actinomycetota,thermoleophilia,solirubrobacterales,parviterribacteraceae,parviterribacter,parviterribacter multiflagellatus
Zotu5211,0.0,0.0,0.0,0.0,0.0,0.0,0.0,0.0,bacteria,actinomycetota,rubrobacteria,rubrobacterales,rubrobacteraceae,rubrobacter,rubrobacter naiadicus
Zotu5212,0.0,0.0,0.0,0.0,0.0,0.076161,0.012558,0.0,bacteria,actinomycetota,acidimicrobiia,acidimicrobiales,ilumatobacteraceae,ilumatobacter,ilumatobacter fluminis
Zotu5213,0.0,0.0,0.0,0.0,0.0,0.0,0.0,0.00314,bacteria,bacteroidota,chitinophagia,chitinophagales,chitinophagaceae,segetibacter,segetibacter koreensis
Zotu5214,0.0,0.0,0.0,0.0,0.0,0.0,0.0,0.0,bacteria,pseudomonadota,alphaproteobacteria,rhodospirillales,azospirillaceae,azospirillum,azospirillum cavernae
Zotu5215,0.0,0.0,0.0,0.0,0.045437,0.0,0.0,0.034542,bacteria,acidobacteriota,blastocatellia,blastocatellales,blastocatellaceae,aridibacter,aridibacter famidurans
Zotu5216,0.0,0.0,0.0,0.0,0.0,0.003173,0.0,0.00314,bacteria,pseudomonadota,alphaproteobacteria,caulobacterales,caulobacteraceae,phenylobacterium,phenylobacterium falsum
Zotu5217,0.003341,0.0,0.003173,0.0,0.0,0.0,0.0,0.00314,bacteria,bacteroidota,cytophagia,cytophagales,hymenobacteraceae,adhaeribacter,adhaeribacter aquaticus
Zotu5218,0.0,0.0,0.0,0.0,0.0,0.0,0.0,0.0,bacteria,actinomycetota,rubrobacteria,rubrobacterales,rubrobacteraceae,rubrobacter,rubrobacter bracarensis
Zotu5219,0.0,0.0,0.0,0.0,0.0,0.0,0.0,0.100487,bacteria,pseudomonadota,alphaproteobacteria,rickettsiales,anaplasmataceae,wolbachia,wolbachia pipientis
Zotu5220,0.0,0.0,0.0,0.0,0.0,0.0,0.0,0.0,bacteria,bdellovibrionota,oligoflexia,oligoflexales,oligoflexaceae,oligoflexus,oligoflexus tunisiensis
Zotu5221,0.0,0.0,0.0,0.0,0.0,0.0,0.0,0.0,bacteria,chloroflexota,chloroflexia,chloroflexales,roseiflexaceae,kouleothrix,kouleothrix aurantiaca
Zotu5222,0.0,0.0,0.0,0.0,0.0,0.0,0.0,0.0,bacteria,pseudomonadota,alphaproteobacteria,caulobacterales,caulobacteraceae,phenylobacterium,phenylobacterium deserti
Zotu5223,0.0,0.0,0.0,0.0,0.0,0.0,0.0,0.0,bacteria,acidobacteriota,acidobacteriia,bryobacterales,solibacteraceae,candidatus solibacter,candidatus solibacter usitatus
Zotu5224,0.0,0.0,0.0,0.0,0.110347,0.0,0.0,0.00314,bacteria,planctomycetota,phycisphaerae,tepidisphaerales,tepidisphaeraceae,tepidisphaera,tepidisphaera mucosa
Zotu5225,0.0,0.00648,0.0,0.0,0.0,0.003173,0.0,0.0,bacteria,pseudomonadota,betaproteobacteria,rhodocyclales,azonexaceae,dechloromonas,dechloromonas hortensis
Zotu5226,0.0,0.0,0.0,0.0,0.0,0.0,0.0,0.0,bacteria,bacillota,bacilli,bacillales,paenibacillaceae,paenibacillus,paenibacillus filicis
Zotu5227,0.073493,0.0,0.0,0.0,0.0,0.0,0.00314,0.0,bacteria,pseudomonadota,hydrogenophilia,hydrogenophilia,hydrogenophilia,pelomicrobium,pelomicrobium methylotrophicum
Zotu5228,0.0,0.0,0.0,0.0,0.0,0.0,0.0,0.0,archaea,methanobacteriota,thermoplasmata,methanomassiliicoccales,methanomassiliicoccaceae,candidatus methanogranum,thermoplasmata archaeon kjm51a
Zotu5229,0.023384,0.0,0.0,0.0,0.0,0.003173,0.0,0.0,bacteria,actinomycetota,actinomycetes,pseudonocardiales,pseudonocardiaceae,actinophytocola,actinophytocola xanthii
Zotu5230,0.0,0.0,0.003173,0.0,0.0,0.0,0.0,0.0,bacteria,actinomycetota,actinomycetes,pseudonocardiales,pseudonocardiaceae,saccharopolyspora,saccharopolyspora tripterygii
Zotu5231,0.0,0.0,0.0,0.0,0.0,0.0,0.0,0.0,bacteria,planctomycetota,planctomycetia,gemmatales,gemmataceae,zavarzinella,zavarzinella formosa
Zotu5232,0.0,0.0,0.0,0.003074,0.0,0.0,0.0,0.0,bacteria,acidobacteriota,vicinamibacteria,vicinamibacterales,vicinamibacteraceae,luteitalea,luteitalea pratensis
Zotu5233,0.016703,0.00324,0.003173,0.0,0.0,0.003173,0.018837,0.062804,bacteria,pseudomonadota,alphaproteobacteria,rhodospirillales,azospirillaceae,nitrospirillum,azospirillum amazonense
Zotu5234,0.0,0.0,0.0,0.0,0.0,0.034907,0.0,0.0,bacteria,actinomycetota,rubrobacteria,rubrobacterales,rubrobacteraceae,rubrobacter,rubrobacter marinus
Zotu5235,0.0,0.0,0.0,0.0,0.0,0.0,0.0,0.0,bacteria,planctomycetota,phycisphaerae,tepidisphaerales,tepidisphaeraceae,tepidisphaera,tepidisphaera mucosa
Zotu5236,0.0,0.0,0.0,0.0,0.0,0.0,0.0,0.0,bacteria,acidobacteriota,vicinamibacteria,vicinamibacterales,vicinamibacteraceae,vicinamibacter,vicinamibacter silvestris
Zotu5237,0.0,0.0,0.0,0.0,0.0,0.0,0.0,0.0,bacteria,actinomycetota,thermoleophilia,solirubrobacterales,solirubrobacteraceae,solirubrobacter,solirubrobacter ginsenosidimutans
Zotu5238,0.003341,0.0,0.0,0.0,0.003245,0.0,0.0,0.0,archaea,methanobacteriota,thermoplasmata,methanomassiliicoccales,methanomassiliicoccaceae,methanomassiliicoccus,candidatus methanomassiliicoccus intestinalis
Zotu5239,0.006681,0.0,0.003173,0.0,0.0,0.00952,0.0,0.0,bacteria,bacillota,clostridia,eubacteriales,clostridiales family xvii. incertae sedis,thermaerobacter,thermaerobacter subterraneus
Zotu5240,0.0,0.0,0.0,0.0,0.0,0.0,0.0,0.0,bacteria,verrucomicrobiota,verrucomicrobiae,limisphaerales,fontisphaeraceae,fontisphaera,fontisphaera persica
Zotu5241,0.033406,0.0,0.0,0.0,0.0,0.0,0.0,0.0,bacteria,chloroflexota,tepidiformia,tepidiformales,tepidiformaceae,tepidiforma,tepidiforma bonchosmolovskayae
Zotu5242,0.0,0.0,0.041248,0.0,0.0,0.0,0.0,0.0,bacteria,myxococcota,myxococcota,polyangiales,polyangiaceae,polyangium,polyangium sorediatum
Zotu5243,0.0,0.0,0.0,0.0,0.0,0.0,0.0,0.00628,bacteria,bacteroidota,chitinophagia,chitinophagales,chitinophagaceae,flavisolibacter,flavisolibacter ginsengiterrae
Zotu5244,0.0,0.0,0.0,0.0,0.0,0.0,0.0,0.0,bacteria,chloroflexota,chloroflexia,kallotenuales,kallotenuaceae,kallotenue,kallotenue papyrolyticum
Zotu5245,0.0,0.0,0.0,0.0,0.0,0.0,0.0,0.0,bacteria,actinomycetota,actinomycetes,mycobacteriales,gordoniaceae,gordonia,gordonia sputi
Zotu5246,0.0,0.00324,0.0,0.0,0.0,0.0,0.00314,0.015701,bacteria,pseudomonadota,alphaproteobacteria,rhodospirillales,acetobacteraceae,pseudoroseomonas,pseudoroseomonas aerofrigidensis
Zotu5247,0.0,0.0,0.0,0.0,0.0,0.0,0.0,0.0,bacteria,actinomycetota,actinomycetes,propionibacteriales,nocardioidaceae,nocardioides,nocardioides marmoriterrae
Zotu5248,0.006681,0.0,0.003173,0.0,0.0,0.0,0.0,0.0,bacteria,actinomycetota,thermoleophilia,solirubrobacterales,conexibacteraceae,conexibacter,conexibacter stalactiti
Zotu5249,0.003341,0.00648,0.0,0.0,0.025964,0.012694,0.018837,0.0,bacteria,pseudomonadota,betaproteobacteria,burkholderiales,burkholderiaceae,paraburkholderia,paraburkholderia domus
Zotu5250,0.0,0.0,0.0,0.0,0.0,0.0,0.0,0.0,bacteria,pseudomonadota,betaproteobacteria,burkholderiales,burkholderiaceae,pandoraea,pandoraea thiooxydans
Zotu5251,0.0,0.0,0.0,0.0,0.0,0.0,0.0,0.0,bacteria,pseudomonadota,deltaproteobacteria,myxococcales,anaeromyxobacteraceae,anaeromyxobacter,anaeromyxobacter dehalogenans
Zotu5252,0.0,0.0,0.003173,0.0,0.0,0.0,0.0,0.0,bacteria,pseudomonadota,betaproteobacteria,burkholderiales,burkholderiaceae,robbsia,robbsia andropogonis
Zotu5253,0.0,0.0,0.0,0.0,0.0,0.0,0.0,0.0,bacteria,bacillota,bacilli,bacillales,paenibacillaceae,paenibacillus,paenibacillus larvae
Zotu5254,0.0,0.0,0.0,0.0,0.0,0.0,0.0,0.0,bacteria,bdellovibrionota,bacteriovoracia,bacteriovoracales,bacteriovoracaceae,peredibacter,peredibacter starrii
Zotu5256,0.003341,0.0,0.0,0.0,0.0,0.003173,0.037674,0.015701,bacteria,actinomycetota,thermoleophilia,solirubrobacterales,solirubrobacteraceae,solirubrobacter,solirubrobacter phytolaccae
Zotu5257,0.0,0.0,0.0,0.003074,0.0,0.0,0.021977,0.0,bacteria,gemmatimonadota,longimicrobiia,longimicrobiales,longimicrobiaceae,longimicrobium,longimicrobium terrae
Zotu5258,0.0,0.038878,0.063458,0.0,0.0,0.0,0.006279,0.0,bacteria,verrucomicrobiota,verrucomicrobiae,verrucomicrobiales,verrucomicrobia subdivision 3,pedosphaera,pedosphaera parvula
Zotu5259,0.0,0.00648,0.0,0.0,0.025964,0.022214,0.00314,0.009421,bacteria,actinomycetota,actinomycetes,micromonosporales,micromonosporaceae,micromonospora,micromonospora rosaria
Zotu5260,0.020043,0.084235,0.0,0.0,0.012982,0.003173,0.006279,0.0,bacteria,planctomycetota,phycisphaerae,phycisphaerales,phycisphaeraceae,mucisphaera,mucisphaera calidilacus
Zotu5262,0.0,0.0,0.0,0.0,0.0,0.0,0.0,0.00314,bacteria,gemmatimonadota,gemmatimonadetes,gemmatimonadales,gemmatimonadaceae,gemmatimonas,gemmatimonas aurantiaca
Zotu5263,0.0,0.0,0.0,0.0,0.0,0.0,0.0,0.0,bacteria,actinomycetota,rubrobacteria,gaiellales,gaiellaceae,gaiella,gaiella occulta
Zotu5264,0.0,0.0,0.0,0.0,0.0,0.003173,0.0,0.0,bacteria,armatimonadota,armatimonadia,armatimonadales,armatimonadaceae,armatimonas,armatimonas rosea
Zotu5265,0.0,0.0,0.0,0.0,0.0,0.0,0.0,0.0,bacteria,acidobacteriota,vicinamibacteria,vicinamibacterales,vicinamibacteraceae,vicinamibacter,vicinamibacter silvestris
Zotu5267,0.0,0.0,0.0,0.0,0.0,0.0,0.0,0.0,bacteria,chloroflexota,chloroflexia,kallotenuales,kallotenuaceae,kallotenue,kallotenue papyrolyticum
Zotu5268,0.020043,0.009719,0.063458,0.003074,0.0,0.0,0.0,0.0,bacteria,acidobacteriota,blastocatellia,blastocatellales,blastocatellaceae,aridibacter,aridibacter kavangonensis
Zotu5269,0.0,0.0,0.0,0.0,0.0,0.0,0.0,0.00314,bacteria,verrucomicrobiota,verrucomicrobiae,limisphaerales,fontisphaeraceae,fontisphaera,fontisphaera persica
Zotu5270,0.0,0.0,0.0,0.006148,0.0,0.0,0.0,0.0,bacteria,bacteroidota,chitinophagia,chitinophagales,chitinophagaceae,panacibacter,panacibacter ginsenosidivorans
Zotu5271,0.0,0.0,0.003173,0.0,0.0,0.0,0.0,0.0,bacteria,chloroflexota,chloroflexota,chloroflexota,chloroflexota,thermobaculum,thermobaculum terrenum
Zotu5272,0.0,0.0,0.0,0.0,0.0,0.0,0.0,0.0,bacteria,gemmatimonadota,longimicrobiia,longimicrobiales,longimicrobiaceae,longimicrobium,longimicrobium terrae
Zotu5273,0.0,0.0,0.0,0.0,0.0,0.0,0.0,0.0,bacteria,bacteroidota,chitinophagia,chitinophagales,chitinophagaceae,segetibacter,segetibacter koreensis
Zotu5274,0.0,0.0,0.0,0.0,0.0,0.003173,0.00314,0.009421,bacteria,actinomycetota,actinomycetes,micrococcales,microbacteriaceae,agrococcus,agrococcus baldri
Zotu5275,0.0,0.0,0.0,0.0,0.0,0.0,0.0,0.0,bacteria,actinomycetota,actinomycetia,propionibacteriales,nocardioidaceae,nocardioides,nocardioides furvisabuli
Zotu5276,0.006681,0.0,0.0,0.0,0.0,0.0,0.0,0.00628,bacteria,pseudomonadota,betaproteobacteria,burkholderiales,oxalobacteraceae,massilia,massilia horti
Zotu5278,0.0,0.0,0.0,0.0,0.0,0.0,0.0,0.0,bacteria,myxococcota,myxococcia,myxococcales,archangiaceae,hyalangium,hyalangium gracile
Zotu5279,0.0,0.00648,0.003173,0.0,0.06491,0.00952,0.028256,0.0,bacteria,bacillota,bacilli,bacillales,thermoactinomycetaceae,melghirimyces,melghirimyces profundicolus
Zotu5280,0.010022,0.0,0.053939,0.0,0.003245,0.0,0.0,0.0,bacteria,pseudomonadota,deltaproteobacteria,myxococcales,kofleriaceae,kofleria,kofleria flava
Zotu5281,0.0,0.0,0.0,0.0,0.0,0.0,0.0,0.0,archaea,methanobacteriota,thermoplasmata,methanomassiliicoccales,methanomassiliicoccaceae,methanomassiliicoccus,candidatus methanomassiliicoccus intestinalis
Zotu5282,0.0,0.0,0.0,0.0,0.0,0.0,0.0,0.0,bacteria,pseudomonadota,oligoflexia,bdellovibrionales,bdellovibrionaceae,bdellovibrio,bdellovibrio bacteriovorus
Zotu5283,0.0,0.0,0.003173,0.0,0.0,0.0,0.0,0.00314,bacteria,actinomycetota,actinomycetes,propionibacteriales,nocardioidaceae,nocardioides,nocardioides mesophilus
Zotu5284,0.0,0.0,0.072976,0.0,0.0,0.003173,0.0,0.0,bacteria,acidobacteriota,blastocatellia,blastocatellales,pyrinomonadaceae,pyrinomonas,pyrinomonas methylaliphatogenes
Zotu5285,0.0,0.0,0.0,0.0,0.0,0.0,0.00314,0.0,archaea,methanobacteriota,thermoplasmata,methanomassiliicoccales,methanomassiliicoccaceae,methanomassiliicoccus,candidatus methanomassiliicoccus intestinalis
Zotu5286,0.0,0.0,0.0,0.0,0.0,0.0,0.00314,0.0,bacteria,bacillota,clostridia,eubacteriales,symbiobacteriaceae,symbiobacterium,symbiobacterium terraclitae
Zotu5287,0.0,0.0,0.0,0.0,0.0,0.0,0.0,0.0,bacteria,pseudomonadota,betaproteobacteria,nitrosomonadales,nitrosomonadaceae,nitrosovibrio,nitrosovibrio tenuis
Zotu5288,0.0,0.0,0.0,0.0,0.0,0.003173,0.0,0.0,bacteria,actinomycetota,actinomycetes,propionibacteriales,nocardioidaceae,nocardioides,nocardioides aquiterrae
Zotu5289,0.0,0.0,0.0,0.0,0.0,0.0,0.0,0.0,bacteria,chloroflexota,tepidiformia,tepidiformales,tepidiformaceae,tepidiforma,tepidiforma bonchosmolovskayae
Zotu5290,0.0,0.0,0.126916,0.0,0.0,0.0,0.0,0.0,bacteria,planctomycetota,planctomycetia,pirellulales,pirellulaceae,lignipirellula,lignipirellula cremea
Zotu5291,0.003341,0.0,0.0,0.0,0.0,0.0,0.0,0.0,bacteria,pseudomonadota,deltaproteobacteria,myxococcales,kofleriaceae,haliangium,haliangium ochraceum
Zotu5292,0.003341,0.009719,0.082495,0.0,0.0,0.0,0.0,0.0,bacteria,gemmatimonadota,longimicrobiia,longimicrobiales,longimicrobiaceae,longimicrobium,longimicrobium terrae
Zotu5293,0.0,0.0,0.0,0.0,0.0,0.0,0.0,0.0,bacteria,chloroflexota,chloroflexia,kallotenuales,kallotenuaceae,kallotenue,kallotenue papyrolyticum
Zotu5294,0.0,0.0,0.0,0.0,0.0,0.0,0.0,0.0,bacteria,pseudomonadota,betaproteobacteria,burkholderiales,burkholderiales,thiobacter,thiobacter subterraneus
Zotu5295,0.0,0.0,0.0,0.0,0.0,0.0,0.0,0.0,bacteria,chloroflexota,chloroflexia,kallotenuales,kallotenuaceae,kallotenue,kallotenue papyrolyticum
Zotu5296,0.003341,0.0,0.003173,0.0,0.094119,0.003173,0.056511,0.0,bacteria,actinomycetota,actinomycetes,streptosporangiales,streptosporangiaceae,planobispora,planobispora takensis
Zotu5297,0.0,0.00324,0.006346,0.0,0.009736,0.012694,0.113023,0.021981,bacteria,bacillota,clostridia,thermoanaerobacterales,thermoanaerobacteraceae,carboxydothermus,carboxydothermus hydrogenoformans
Zotu5298,0.0,0.0,0.0,0.0,0.0,0.0,0.0,0.0,bacteria,bacillota,clostridia,eubacteriales,oscillospiraceae,ruminococcus,ruminococcus bromii
Zotu5299,0.0,0.0,0.0,0.0,0.0,0.003173,0.0,0.0,bacteria,chloroflexota,thermomicrobia,sphaerobacterales,sphaerobacteraceae,sphaerobacter,sphaerobacter thermophilus
Zotu5300,0.0,0.0,0.0,0.0,0.0,0.0,0.0,0.0,bacteria,pseudomonadota,alphaproteobacteria,rhodobacterales,paracoccaceae,rhodobacter,rhodobacter ruber
Zotu5301,0.0,0.058317,0.003173,0.0,0.0,0.0,0.0,0.0,archaea,methanobacteriota,thermoplasmata,methanomassiliicoccales,methanomassiliicoccaceae,methanomassiliicoccus,candidatus methanomassiliicoccus intestinalis
Zotu5302,0.0,0.0,0.0,0.0,0.0,0.044428,0.043953,0.0,bacteria,pseudomonadota,oligoflexia,bdellovibrionales,bdellovibrionaceae,bdellovibrio,bdellovibrio bacteriovorus
Zotu5303,0.0,0.0,0.0,0.0,0.0,0.0,0.009419,0.00314,bacteria,actinomycetota,thermoleophilia,solirubrobacterales,baekduiaceae,baekduia,baekduia soli
Zotu5304,0.0,0.0,0.0,0.0,0.0,0.0,0.0,0.0,bacteria,myxococcota,myxococcia,myxococcales,myxococcaceae,simulacricoccus,simulacricoccus ruber
Zotu5305,0.0,0.0,0.0,0.0,0.0,0.0,0.0,0.0,bacteria,pseudomonadota,alphaproteobacteria,rickettsiales,anaplasmataceae,wolbachia,wolbachia pipientis
Zotu5306,0.0,0.00324,0.0,0.0,0.0,0.0,0.0,0.00314,bacteria,bacteroidota,cytophagia,cytophagales,hymenobacteraceae,sabulibacter,sabulibacter ruber
Zotu5307,0.0,0.0,0.0,0.0,0.0,0.0,0.0,0.0,bacteria,bacteroidota,chitinophagia,chitinophagales,chitinophagaceae,flavisolibacter,flavisolibacter ginsengiterrae
Zotu5308,0.0,0.0,0.0,0.0,0.0,0.0,0.0,0.0,bacteria,actinomycetota,thermoleophilia,solirubrobacterales,solirubrobacteraceae,solirubrobacter,solirubrobacter phytolaccae
Zotu5310,0.0,0.0,0.0,0.003074,0.094119,0.0,0.0,0.0,bacteria,thermodesulfobacteriota,desulfovibrionia,desulfovibrionales,desulfohalobiaceae,desulfovermiculus,desulfovermiculus utahensis
Zotu5311,0.0,0.0,0.0,0.0,0.0,0.0,0.0,0.0,bacteria,bacillota,bacilli,bacillales,paenibacillaceae,paenibacillus,paenibacillus antri
Zotu5312,0.0,0.0,0.0,0.0,0.084383,0.006347,0.0,0.056524,bacteria,chloroflexota,chloroflexia,kallotenuales,kallotenuaceae,kallotenue,kallotenue papyrolyticum
Zotu5313,0.006681,0.0,0.0,0.0,0.0,0.0,0.0,0.0,bacteria,actinomycetota,actinomycetes,nakamurellales,nakamurellaceae,nakamurella,nakamurella deserti
Zotu5314,0.0,0.0,0.0,0.0,0.0,0.0,0.0,0.0,bacteria,verrucomicrobiota,verrucomicrobiae,verrucomicrobiales,verrucomicrobia subdivision 3,pedosphaera,pedosphaera parvula
Zotu5315,0.0,0.0,0.0,0.0,0.0,0.0,0.00314,0.0,bacteria,chloroflexota,tepidiformia,tepidiformales,tepidiformaceae,tepidiforma,tepidiforma bonchosmolovskayae
Zotu5316,0.0,0.00648,0.0,0.0,0.0,0.034907,0.00314,0.0,bacteria,pseudomonadota,betaproteobacteria,burkholderiales,comamonadaceae,hydrogenophaga,hydrogenophaga taeniospiralis
Zotu5317,0.0,0.0,0.0,0.0,0.0,0.0,0.0,0.0,bacteria,verrucomicrobiota,verrucomicrobiae,verrucomicrobiales,verrucomicrobia subdivision 3,pedosphaera,pedosphaera parvula
Zotu5318,0.0,0.0,0.0,0.0,0.0,0.0,0.0,0.0,bacteria,bacteroidota,cytophagia,cytophagales,hymenobacteraceae,adhaeribacter,adhaeribacter aerolatus
Zotu5319,0.0,0.0,0.0,0.0,0.0,0.0,0.0,0.0,bacteria,pseudomonadota,deltaproteobacteria,myxococcales,kofleriaceae,haliangium,haliangium ochraceum
Zotu5320,0.076833,0.0,0.0,0.0,0.0,0.0,0.0,0.00314,bacteria,gemmatimonadota,longimicrobiia,longimicrobiales,longimicrobiaceae,longimicrobium,longimicrobium terrae
Zotu5321,0.0,0.0,0.0,0.0,0.0,0.0,0.0,0.0,bacteria,verrucomicrobiota,verrucomicrobiae,limisphaerales,fontisphaeraceae,fontisphaera,fontisphaera persica
Zotu5322,0.010022,0.009719,0.0,0.0,0.0,0.0,0.0,0.00314,bacteria,pseudomonadota,alphaproteobacteria,sphingomonadales,erythrobacteraceae,aurantiacibacter,aurantiacibacter aquimixticola
Zotu5323,0.0,0.0,0.0,0.0,0.097365,0.003173,0.0,0.0,bacteria,chloroflexota,caldilineae,caldilineales,caldilineaceae,litorilinea,litorilinea aerophila
Zotu5324,0.0,0.0,0.0,0.0,0.0,0.0,0.0,0.0,bacteria,bacillota,clostridia,eubacteriales,clostridiales family xvii. incertae sedis,thermaerobacter,thermaerobacter subterraneus
Zotu5325,0.010022,0.0,0.0,0.0,0.0,0.085682,0.050232,0.0,archaea,methanobacteriota,thermoplasmata,methanomassiliicoccales,methanomassiliicoccaceae,methanomassiliicoccus,candidatus methanomassiliicoccus intestinalis
Zotu5326,0.0,0.0,0.0,0.0,0.0,0.0,0.0,0.0,bacteria,actinomycetota,rubrobacteria,rubrobacterales,rubrobacteraceae,rubrobacter,rubrobacter spartanus
Zotu5327,0.003341,0.00324,0.0,0.0,0.0,0.0,0.0,0.131889,bacteria,bacteroidota,chitinophagia,chitinophagales,chitinophagaceae,flavisolibacter,flavisolibacter galbus
Zotu5328,0.0,0.116633,0.006346,0.0,0.0,0.0,0.0,0.0,bacteria,pseudomonadota,gammaproteobacteria,chromatiales,ectothiorhodospiraceae,thiohalomonas,thiohalomonas denitrificans
Zotu5329,0.0,0.0,0.0,0.0,0.0,0.0,0.0,0.0,bacteria,bacillota,bacilli,bacillales,paenibacillaceae,paenibacillus,paenibacillus chitinolyticus
Zotu5330,0.103558,0.0,0.0,0.0,0.0,0.0,0.0,0.0,bacteria,actinomycetota,rubrobacteria,rubrobacterales,rubrobacteraceae,rubrobacter,rubrobacter xylanophilus
Zotu5331,0.0,0.0,0.0,0.0,0.0,0.0,0.0,0.025122,bacteria,thermodesulfobacteriota,desulfuromonadia,desulfuromonadales,geoalkalibacteraceae,geoalkalibacter,geoalkalibacter ferrihydriticus
Zotu5332,0.0,0.0,0.0,0.0,0.0,0.0,0.0,0.0,bacteria,bacteroidota,cytophagia,cytophagales,hymenobacteraceae,pontibacter,pontibacter cellulosilyticus
Zotu5333,0.0,0.0,0.003173,0.0,0.0,0.0,0.00314,0.0,bacteria,actinomycetota,thermoleophilia,solirubrobacterales,capillimicrobiaceae,capillimicrobium,capillimicrobium parvum
Zotu5334,0.013362,0.0,0.060285,0.0,0.0,0.0,0.0,0.0,bacteria,bacillota,bacillota,bacillota,bacillota,hydrogenispora,hydrogenispora ethanolica
Zotu5335,0.0,0.0,0.0,0.0,0.0,0.003173,0.015698,0.018841,bacteria,pseudomonadota,alphaproteobacteria,sphingomonadales,sphingomonadaceae,sphingomonas,sphingomonas lutea
Zotu5336,0.0,0.029158,0.0,0.0,0.0,0.0,0.006279,0.0,bacteria,actinomycetota,actinomycetes,micromonosporales,micromonosporaceae,dactylosporangium,dactylosporangium thailandense
Zotu5337,0.0,0.0,0.0,0.0,0.0,0.133283,0.0,0.0,bacteria,planctomycetota,phycisphaerae,tepidisphaerales,tepidisphaeraceae,tepidisphaera,tepidisphaera mucosa
Zotu5338,0.0,0.0,0.0,0.0,0.0,0.0,0.0,0.0,bacteria,actinomycetota,actinomycetes,streptosporangiales,thermomonosporaceae,actinocorallia,actinocorallia longicatena
Zotu5339,0.0,0.0,0.0,0.0,0.0,0.0,0.0,0.0,bacteria,bacteroidota,cytophagia,cytophagales,fulvivirgaceae,ohtaekwangia,ohtaekwangia koreensis
Zotu5340,0.0,0.00324,0.0,0.0,0.0,0.0,0.0,0.0,bacteria,bacillota,clostridia,eubacteriales,clostridiaceae,fervidicella,fervidicella metallireducens
Zotu5341,0.0,0.019439,0.0,0.0,0.003245,0.003173,0.006279,0.0,archaea,methanobacteriota,thermoplasmata,methanomassiliicoccales,methanomassiliicoccaceae,methanomassiliicoccus,candidatus methanomassiliicoccus intestinalis
Zotu5342,0.010022,0.00324,0.0,0.0,0.0,0.0,0.00314,0.00314,bacteria,actinomycetota,rubrobacteria,rubrobacterales,rubrobacteraceae,rubrobacter,rubrobacter spartanus
Zotu5343,0.0,0.0,0.0,0.0,0.0,0.0,0.0,0.0,archaea,methanobacteriota,euryarchaeota,euryarchaeota,euryarchaeota,aciduliprofundum,aciduliprofundum boonei
Zotu5344,0.0,0.0,0.0,0.0,0.0,0.0,0.0,0.0,bacteria,bacillota,clostridia,eubacteriales,heliobacteriaceae,heliomicrobium,heliomicrobium gestii
Zotu5345,0.0,0.0,0.0,0.0,0.0,0.0,0.0,0.0,bacteria,chloroflexota,tepidiformia,tepidiformales,tepidiformaceae,tepidiforma,tepidiforma bonchosmolovskayae
Zotu5346,0.0,0.0,0.0,0.0,0.0,0.0,0.0,0.0,bacteria,armatimonadota,armatimonadia,armatimonadales,armatimonadaceae,armatimonas,armatimonas rosea
Zotu5347,0.0,0.0,0.0,0.0,0.0,0.0,0.0,0.0,bacteria,pseudomonadota,betaproteobacteria,nitrosomonadales,methylophilaceae,novimethylophilus,novimethylophilus kurashikiensis
Zotu5348,0.0,0.0,0.0,0.0,0.071401,0.0,0.0,0.0,bacteria,myxococcota,myxococcota,polyangiales,polyangiaceae,racemicystis,racemicystis persica
Zotu5349,0.0,0.0,0.0,0.0,0.0,0.0,0.00314,0.0,bacteria,pseudomonadota,alphaproteobacteria,hyphomicrobiales,hyphomicrobiales,nordella,nordella oligomobilis
Zotu5350,0.003341,0.00324,0.0,0.0,0.0,0.0,0.0,0.0,bacteria,verrucomicrobiota,verrucomicrobiae,verrucomicrobiales,verrucomicrobia subdivision 3,pedosphaera,pedosphaera parvula
Zotu5351,0.050109,0.048597,0.0,0.0,0.0,0.0,0.0,0.0,bacteria,verrucomicrobiota,verrucomicrobiae,limisphaerales,fontisphaeraceae,fontisphaera,fontisphaera persica
Zotu5352,0.0,0.0,0.0,0.0,0.0,0.0,0.0,0.0,bacteria,actinomycetota,actinomycetes,pseudonocardiales,pseudonocardiaceae,pseudonocardia,pseudonocardia xinjiangensis
Zotu5353,0.0,0.0,0.0,0.0,0.0,0.0,0.0,0.0,bacteria,thermodesulfobacteriota,desulfuromonadia,desulfuromonadales,desulfuromonadaceae,pelobacter,pelobacter seleniigenes
Zotu5354,0.003341,0.0,0.0,0.003074,0.003245,0.0,0.0,0.0,bacteria,chloroflexota,chloroflexia,herpetosiphonales,herpetosiphonaceae,herpetosiphon,herpetosiphon aurantiacus
Zotu5355,0.083514,0.0,0.003173,0.0,0.006491,0.0,0.00314,0.0,bacteria,verrucomicrobiota,verrucomicrobiae,limisphaerales,fontisphaeraceae,fontisphaera,fontisphaera persica
Zotu5356,0.0,0.0,0.0,0.0,0.0,0.00952,0.0,0.0,bacteria,actinomycetota,thermoleophilia,solirubrobacterales,conexibacteraceae,conexibacter,conexibacter stalactiti
Zotu5357,0.0,0.0,0.0,0.0,0.0,0.0,0.0,0.0,bacteria,gemmatimonadota,gemmatimonadetes,gemmatimonadales,gemmatimonadaceae,gemmatirosa,gemmatirosa kalamazoonensis
Zotu5358,0.023384,0.084235,0.0,0.0,0.0,0.003173,0.0,0.0,bacteria,acidobacteriota,vicinamibacteria,vicinamibacterales,vicinamibacteraceae,luteitalea,luteitalea pratensis
Zotu5359,0.013362,0.058317,0.0,0.0,0.0,0.057121,0.0,0.0,bacteria,planctomycetota,phycisphaerae,tepidisphaerales,tepidisphaeraceae,tepidisphaera,tepidisphaera mucosa
Zotu5360,0.030065,0.0,0.0,0.0,0.0,0.0,0.0,0.0,bacteria,myxococcota,myxococcota,polyangiales,labilitrichaceae,labilithrix,labilithrix luteola
Zotu5361,0.0,0.0,0.0,0.0,0.0,0.0,0.0,0.0,bacteria,verrucomicrobiota,verrucomicrobiae,verrucomicrobiales,verrucomicrobia subdivision 3,pedosphaera,pedosphaera parvula
Zotu5362,0.0,0.0,0.0,0.0,0.0,0.0,0.0,0.0,bacteria,gemmatimonadota,longimicrobiia,longimicrobiales,longimicrobiaceae,longimicrobium,longimicrobium terrae
Zotu5363,0.0,0.0,0.0,0.0,0.0,0.063468,0.0,0.0,bacteria,pseudomonadota,deltaproteobacteria,myxococcales,anaeromyxobacteraceae,anaeromyxobacter,anaeromyxobacter dehalogenans
Zotu5364,0.0,0.0,0.0,0.0,0.0,0.0,0.0,0.0,bacteria,pseudomonadota,alphaproteobacteria,sphingomonadales,sphingomonadaceae,sphingomonas,sphingomonas agri
Zotu5365,0.0,0.0,0.0,0.0,0.0,0.0,0.0,0.0,bacteria,bdellovibrionota,bacteriovoracia,bacteriovoracales,bacteriovoracaceae,peredibacter,peredibacter starrii
Zotu5366,0.0,0.0,0.0,0.0,0.058419,0.0,0.0,0.0,bacteria,verrucomicrobiota,opitutae,opitutales,opitutaceae,geminisphaera,geminisphaera colitermitum
Zotu5367,0.003341,0.0,0.0,0.0,0.0,0.0,0.0,0.00628,bacteria,bacteroidota,chitinophagia,chitinophagales,chitinophagaceae,sediminibacterium,sediminibacterium salmoneum
Zotu5368,0.003341,0.0,0.0,0.0,0.0,0.0,0.0,0.0,archaea,methanobacteriota,thermoplasmata,methanomassiliicoccales,methanomassiliicoccaceae,methanomassiliicoccus,candidatus methanomassiliicoccus intestinalis
Zotu5369,0.013362,0.0,0.0,0.0,0.003245,0.003173,0.072209,0.031402,bacteria,thermodesulfobacteriota,desulfuromonadia,geobacterales,geobacteraceae,geobacter,geobacter sulfurreducens
Zotu5370,0.0,0.0,0.0,0.0,0.0,0.0,0.0,0.00314,bacteria,actinomycetota,thermoleophilia,solirubrobacterales,solirubrobacteraceae,solirubrobacter,solirubrobacter phytolaccae
Zotu5371,0.0,0.00324,0.0,0.0,0.003245,0.0,0.0,0.00314,bacteria,actinomycetota,actinomycetes,streptosporangiales,treboniaceae,trebonia,trebonia kvetii
Zotu5372,0.0,0.0,0.0,0.0,0.0,0.0,0.0,0.0,bacteria,myxococcota,myxococcota,polyangiales,polyangiaceae,racemicystis,racemicystis persica
Zotu5373,0.0,0.0,0.0,0.0,0.0,0.0,0.0,0.0,bacteria,bacillota,clostridia,eubacteriales,symbiobacteriaceae,symbiobacterium,symbiobacterium terraclitae
Zotu5374,0.0,0.0,0.0,0.003074,0.0,0.006347,0.0,0.0,bacteria,actinomycetota,actinomycetes,micrococcales,dermabacteraceae,brachybacterium,brachybacterium alimentarium
Zotu5375,0.0,0.0,0.0,0.0,0.003245,0.0,0.0,0.0,bacteria,bacillota,bacilli,bacillales,paenibacillaceae,paenibacillus,bacillus edaphicus
Zotu5376,0.006681,0.074516,0.0,0.0,0.0,0.0,0.0,0.0,archaea,methanobacteriota,euryarchaeota,euryarchaeota,euryarchaeota,aciduliprofundum,aciduliprofundum boonei
Zotu5377,0.0,0.0,0.0,0.0,0.0,0.0,0.0,0.0,bacteria,chloroflexota,tepidiformia,tepidiformales,tepidiformaceae,tepidiforma,tepidiforma bonchosmolovskayae
Zotu5378,0.0,0.0,0.0,0.0,0.0,0.0,0.0,0.018841,bacteria,pseudomonadota,alphaproteobacteria,hyphomicrobiales,methylobacteriaceae,microvirga,microvirga lenta
Zotu5379,0.0,0.0,0.0,0.0,0.0,0.053948,0.0,0.0,bacteria,deinococcota,deinococci,trueperales,trueperaceae,truepera,truepera radiovictrix
Zotu5380,0.0,0.0,0.0,0.0,0.0,0.0,0.0,0.0,bacteria,actinomycetota,actinomycetes,propionibacteriales,nocardioidaceae,nocardioides,nocardioides marmoriterrae
Zotu5381,0.0,0.0,0.0,0.0,0.0,0.0,0.0,0.00314,bacteria,pseudomonadota,alphaproteobacteria,sphingomonadales,erythrobacteraceae,porphyrobacter,porphyrobacter donghaensis
Zotu5382,0.0,0.0,0.0,0.006148,0.0,0.003173,0.018837,0.009421,bacteria,actinomycetota,thermoleophilia,solirubrobacterales,baekduiaceae,baekduia,baekduia soli
Zotu5383,0.0,0.00324,0.0,0.098374,0.0,0.0,0.0,0.0,bacteria,thermodesulfobacteriota,desulfuromonadia,desulfuromonadales,desulfuromonadaceae,desulfuromonas,desulfuromonas palmitatis
Zotu5384,0.0,0.0,0.0,0.0,0.077892,0.003173,0.0,0.0,bacteria,acidobacteriota,terriglobia,bryobacterales,bryobacteraceae,bryobacter,bryobacter aggregatus
Zotu5386,0.103558,0.016199,0.0,0.0,0.0,0.0,0.0,0.0,bacteria,planctomycetota,planctomycetia,gemmatales,gemmataceae,gemmata,gemmata palustris
Zotu5387,0.0,0.0,0.0,0.0,0.048682,0.0,0.0,0.0,bacteria,chloroflexota,chloroflexia,kallotenuales,kallotenuaceae,kallotenue,kallotenue papyrolyticum
Zotu5388,0.0,0.00324,0.0,0.0,0.019473,0.0,0.0,0.0,bacteria,bacillota,bacilli,bacillales,paenibacillaceae,paenibacillus,paenibacillus bovis
Zotu5389,0.0,0.087475,0.0,0.0,0.0,0.003173,0.0,0.0,bacteria,planctomycetota,planctomycetia,pirellulales,pirellulaceae,lignipirellula,lignipirellula cremea
Zotu5390,0.030065,0.0,0.0,0.0,0.0,0.0,0.0,0.0,bacteria,bdellovibrionota,bdellovibrionia,bdellovibrionales,pseudobdellovibrionaceae,bdellovibrio,bdellovibrio bacteriovorus
Zotu5391,0.0,0.0,0.0,0.0,0.0,0.0,0.0,0.0,bacteria,actinomycetota,rubrobacteria,gaiellales,gaiellaceae,gaiella,gaiella occulta
Zotu5392,0.0,0.0,0.0,0.0,0.0357,0.0,0.0,0.00314,bacteria,actinomycetota,actinomycetes,streptosporangiales,thermomonosporaceae,actinomadura,actinomadura vinacea
Zotu5393,0.0,0.0,0.0,0.0,0.0,0.0,0.0,0.0,bacteria,bacillota,bacilli,bacillales,bacillaceae,litchfieldia,litchfieldia salsa
Zotu5394,0.0,0.0,0.0,0.0,0.0,0.0,0.0,0.0,bacteria,bacteroidota,sphingobacteriia,sphingobacteriales,sphingobacteriaceae,hufsiella,hufsiella arboris
Zotu5395,0.0,0.0,0.0,0.0,0.0,0.0,0.050232,0.0,bacteria,verrucomicrobiota,verrucomicrobiae,verrucomicrobiales,verrucomicrobia subdivision 3,pedosphaera,pedosphaera parvula
Zotu5396,0.0,0.0,0.0,0.0,0.0,0.0,0.0,0.0,bacteria,bacteroidota,chitinophagia,chitinophagales,chitinophagaceae,flavisolibacter,flavisolibacter swuensis
Zotu5397,0.0,0.032398,0.041248,0.003074,0.0,0.0,0.00314,0.0,bacteria,actinomycetota,rubrobacteria,rubrobacterales,rubrobacteraceae,rubrobacter,rubrobacter taiwanensis
Zotu5398,0.0,0.0,0.0,0.0,0.0,0.0,0.0,0.0,bacteria,actinomycetota,thermoleophilia,thermoleophilales,thermoleophilaceae,thermoleophilum,thermoleophilum album
Zotu5399,0.0,0.0,0.0,0.0,0.003245,0.0,0.0,0.059664,bacteria,bacteroidota,chitinophagia,chitinophagales,chitinophagaceae,flavisolibacter,flavisolibacter carri
Zotu5400,0.0,0.0,0.015864,0.0,0.0,0.0,0.00314,0.0,bacteria,actinomycetota,rubrobacteria,rubrobacterales,rubrobacteraceae,rubrobacter,rubrobacter taiwanensis
Zotu5401,0.0,0.0,0.003173,0.0,0.0,0.0,0.0,0.056524,bacteria,gemmatimonadota,longimicrobiia,longimicrobiales,longimicrobiaceae,longimicrobium,longimicrobium terrae
Zotu5402,0.0,0.0,0.0,0.0,0.0,0.0,0.0,0.0,bacteria,bacteroidota,sphingobacteriia,sphingobacteriales,sphingobacteriaceae,pedobacter,pedobacter xinjiangensis
Zotu5404,0.0,0.0,0.0,0.0,0.0,0.047601,0.0,0.0,bacteria,chlamydiota,chlamydiia,parachlamydiales,rhabdochlamydiaceae,candidatus rhabdochlamydia,candidatus rhabdochlamydia porcellionis
Zotu5405,0.013362,0.0,0.0,0.0,0.003245,0.0,0.0,0.00314,bacteria,bacillota,bacilli,bacillales,bacillaceae,ectobacillus,ectobacillus funiculus
Zotu5406,0.0,0.00324,0.0,0.0,0.074646,0.038081,0.0,0.018841,bacteria,pseudomonadota,betaproteobacteria,burkholderiales,burkholderiaceae,paraburkholderia,paraburkholderia domus
Zotu5407,0.0,0.0,0.0,0.0,0.0,0.0,0.0,0.00314,bacteria,bacteroidota,chitinophagia,chitinophagales,chitinophagaceae,parasegetibacter,parasegetibacter terrae
Zotu5408,0.010022,0.009719,0.0,0.0,0.0,0.0,0.0,0.0,bacteria,thermomicrobiota,thermomicrobia,sphaerobacterales,sphaerobacteraceae,sphaerobacter,sphaerobacter thermophilus
Zotu5409,0.0,0.0,0.0,0.0,0.0,0.0,0.0,0.0,bacteria,verrucomicrobiota,verrucomicrobiae,verrucomicrobiales,verrucomicrobia subdivision 3,pedosphaera,pedosphaera parvula
Zotu5410,0.0,0.0,0.0,0.0,0.0,0.0,0.0,0.0,bacteria,bacteroidota,chitinophagia,chitinophagales,chitinophagaceae,segetibacter,segetibacter koreensis
Zotu5411,0.0,0.00324,0.0,0.0,0.045437,0.0,0.0,0.0,bacteria,acidobacteriota,vicinamibacteria,vicinamibacterales,vicinamibacteraceae,luteitalea,luteitalea pratensis
Zotu5412,0.0,0.0,0.0,0.0,0.0,0.0,0.0,0.00314,bacteria,pseudomonadota,alphaproteobacteria,sphingomonadales,sphingomonadaceae,sphingomonas,sphingomonas segetis
Zotu5413,0.0,0.0,0.0,0.0,0.0,0.0,0.0,0.0,bacteria,actinomycetota,rubrobacteria,gaiellales,gaiellaceae,gaiella,gaiella occulta
Zotu5414,0.020043,0.048597,0.104705,0.033816,0.025964,0.038081,0.0,0.0,bacteria,gemmatimonadota,longimicrobiia,longimicrobiales,longimicrobiaceae,longimicrobium,longimicrobium terrae
Zotu5416,0.0,0.0,0.0,0.003074,0.0,0.0,0.00314,0.0,bacteria,actinomycetota,acidimicrobiia,acidimicrobiales,iamiaceae,actinomarinicola,actinomarinicola tropica
Zotu5417,0.0,0.0,0.0,0.0,0.0,0.003173,0.00314,0.0,bacteria,bacteroidota,sphingobacteriia,sphingobacteriales,sphingobacteriaceae,pedobacter,pedobacter tournemirensis
Zotu5418,0.0,0.0,0.0,0.0,0.0,0.0,0.00314,0.0,bacteria,pseudomonadota,alphaproteobacteria,sphingomonadales,sphingomonadaceae,sphingomonas,sphingomonas desiccabilis
Zotu5419,0.0,0.0,0.0,0.0,0.0,0.0,0.0,0.0,bacteria,bacillota,bacilli,lactobacillales,enterococcaceae,enterococcus,enterococcus cecorum
Zotu5420,0.0,0.0,0.0,0.0,0.0,0.0,0.0,0.0,bacteria,pseudomonadota,alphaproteobacteria,sphingomonadales,sphingomonadaceae,sphingomonas,sphingomonas formosensis
Zotu5421,0.0,0.0,0.0,0.0,0.0,0.031734,0.0,0.0,bacteria,armatimonadota,armatimonadia,armatimonadales,armatimonadaceae,armatimonas,armatimonas rosea
Zotu5422,0.0,0.0,0.0,0.0,0.0,0.0,0.0,0.0,bacteria,thermomicrobiota,thermomicrobia,sphaerobacterales,sphaerobacteraceae,sphaerobacter,sphaerobacter thermophilus
Zotu5423,0.0,0.0,0.0,0.0,0.081137,0.0,0.0,0.0,bacteria,pseudomonadota,betaproteobacteria,burkholderiales,oxalobacteraceae,herminiimonas,herminiimonas aquatilis
Zotu5424,0.0,0.0,0.0,0.0,0.0,0.0,0.0,0.0,bacteria,pseudomonadota,alphaproteobacteria,rhodobacterales,paracoccaceae,fuscovulum,fuscovulum blasticum
Zotu5425,0.0,0.0,0.0,0.0,0.0,0.0,0.0,0.0,bacteria,cyanobacteriota,cyanophyceae,synechococcales,synechococcales,calenema,calenema singularis
Zotu5426,0.0,0.0,0.0,0.0,0.0,0.053948,0.0,0.0,bacteria,verrucomicrobiota,spartobacteria,chthoniobacterales,chthoniobacteraceae,chthoniobacter,chthoniobacter flavus
Zotu5427,0.0,0.0,0.0,0.0,0.0,0.0,0.0,0.0,bacteria,actinomycetota,actinomycetes,mycobacteriales,gordoniaceae,gordonia,gordonia terrae
Zotu5428,0.0,0.0,0.0,0.0,0.0,0.0,0.0,0.0,bacteria,bacteroidota,bacteroidia,bacteroidales,prevotellaceae,prevotella,prevotella paludivivens
Zotu5429,0.0,0.0,0.0,0.0,0.0,0.0,0.043953,0.0,bacteria,pseudomonadota,alphaproteobacteria,hyphomicrobiales,methylobacteriaceae,microvirga,microvirga thermotolerans
Zotu5430,0.0,0.0,0.0,0.0,0.0,0.0,0.0,0.0,bacteria,pseudomonadota,alphaproteobacteria,sphingomonadales,sphingomonadaceae,novosphingobium,novosphingobium aquaticum (ex singh et al. 2015)
Zotu5431,0.0,0.0,0.0,0.0,0.0,0.0,0.0,0.0,bacteria,actinomycetota,rubrobacteria,gaiellales,gaiellaceae,gaiella,gaiella occulta
Zotu5432,0.036746,0.00648,0.0,0.0,0.0,0.0,0.0,0.0,archaea,methanobacteriota,thermoplasmata,methanomassiliicoccales,methanomassiliicoccaceae,methanomassiliicoccus,candidatus methanomassiliicoccus intestinalis
Zotu5434,0.003341,0.0,0.0,0.0,0.0,0.031734,0.018837,0.0,bacteria,gemmatimonadota,longimicrobiia,longimicrobiales,longimicrobiaceae,longimicrobium,longimicrobium terrae
Zotu5435,0.0,0.00648,0.0,0.0,0.038946,0.0,0.0,0.0,bacteria,pseudomonadota,deltaproteobacteria,myxococcales,kofleriaceae,haliangium,haliangium ochraceum
Zotu5436,0.0,0.0,0.0,0.0,0.0,0.0,0.0,0.0,bacteria,planctomycetota,planctomycetia,gemmatales,gemmataceae,fimbriiglobus,fimbriiglobus ruber
Zotu5437,0.0,0.0,0.0,0.0,0.0,0.0,0.0,0.009421,bacteria,pseudomonadota,alphaproteobacteria,rhodospirillales,azospirillaceae,skermanella,skermanella pratensis
Zotu5438,0.0,0.0,0.0,0.003074,0.003245,0.063468,0.0,0.0,bacteria,gemmatimonadota,longimicrobiia,longimicrobiales,longimicrobiaceae,longimicrobium,longimicrobium terrae
Zotu5439,0.0,0.0,0.0,0.0,0.0,0.0,0.0,0.0,bacteria,thermodesulfobacteriota,desulfobulbia,desulfobulbales,desulfobulbaceae,desulfolithobacter,desulfolithobacter dissulfuricans
Zotu5440,0.026725,0.0,0.0,0.0,0.0,0.0,0.0,0.0,bacteria,myxococcota,myxococcota,haliangiales,kofleriaceae,haliangium,haliangium tepidum
Zotu5441,0.0,0.113393,0.003173,0.0,0.0,0.0,0.006279,0.0,bacteria,planctomycetota,planctomycetia,isosphaerales,isosphaeraceae,singulisphaera,singulisphaera rosea
Zotu5442,0.0,0.0,0.0,0.0,0.0,0.0,0.0,0.0,bacteria,actinomycetota,actinomycetes,kitasatosporales,streptomycetaceae,streptomyces,streptomyces vastus
Zotu5443,0.0,0.022679,0.076149,0.0,0.0,0.0,0.0,0.0,bacteria,planctomycetota,planctomycetia,pirellulales,pirellulaceae,blastopirellula,blastopirellula marina
Zotu5444,0.0,0.0,0.0,0.0,0.0,0.0,0.0,0.0,bacteria,actinomycetota,thermoleophilia,solirubrobacterales,solirubrobacteraceae,solirubrobacter,solirubrobacter phytolaccae
Zotu5445,0.0,0.0,0.0,0.0,0.0,0.0,0.0,0.0,bacteria,bacteroidota,cytophagia,cytophagales,hymenobacteraceae,adhaeribacter,adhaeribacter aquaticus
Zotu5446,0.0,0.0,0.0,0.003074,0.0,0.0,0.0,0.0,bacteria,pseudomonadota,alphaproteobacteria,hyphomicrobiales,methylobacteriaceae,microvirga,microvirga thermotolerans
Zotu5448,0.0,0.0,0.0,0.0,0.0,0.0,0.0,0.0,bacteria,planctomycetota,planctomycetia,planctomycetales,planctomycetaceae,planctopirus,planctopirus limnophila
Zotu5449,0.0,0.0,0.0,0.0,0.0,0.0,0.0,0.0,bacteria,pseudomonadota,gammaproteobacteria,nevskiales,nevskiaceae,panacagrimonas,panacagrimonas perspica
Zotu5450,0.0,0.00324,0.0,0.0,0.003245,0.0,0.0,0.0,bacteria,bacteroidota,chitinophagia,chitinophagales,chitinophagaceae,segetibacter,segetibacter koreensis
Zotu5451,0.006681,0.0,0.0,0.0,0.0,0.0,0.0,0.025122,bacteria,actinomycetota,acidimicrobiia,acidimicrobiales,iamiaceae,actinomarinicola,actinomarinicola tropica
Zotu5452,0.0,0.0,0.0,0.0,0.0,0.0,0.0,0.0,bacteria,pseudomonadota,deltaproteobacteria,myxococcales,anaeromyxobacteraceae,anaeromyxobacter,anaeromyxobacter dehalogenans
Zotu5453,0.0,0.0,0.0,0.0,0.0,0.0,0.0,0.0,bacteria,pseudomonadota,betaproteobacteria,rhodocyclales,zoogloeaceae,azoarcus,azoarcus indigens
Zotu5454,0.003341,0.0,0.02221,0.0,0.058419,0.0,0.021977,0.0,bacteria,actinomycetota,actinomycetia,streptomycetales,streptomycetaceae,streptomyces,streptomyces glaucosporus
Zotu5455,0.0,0.0,0.088841,0.0,0.0,0.0,0.0,0.00314,bacteria,candidatus melainabacteria,vampirovibriophyceae,vampirovibrionales,vampirovibrionales,vampirovibrio,vampirovibrio chlorellavorus
Zotu5456,0.020043,0.00648,0.0,0.0,0.048682,0.0,0.0,0.0,bacteria,gemmatimonadota,longimicrobiia,longimicrobiales,longimicrobiaceae,longimicrobium,longimicrobium terrae
Zotu5457,0.020043,0.0,0.0,0.003074,0.0,0.003173,0.0,0.0,bacteria,acidobacteriota,vicinamibacteria,vicinamibacterales,vicinamibacteraceae,vicinamibacter,vicinamibacter silvestris
Zotu5458,0.0,0.0,0.0,0.0,0.0,0.0,0.0,0.018841,bacteria,bacteroidota,cytophagia,cytophagales,hymenobacteraceae,pontibacter,pontibacter korlensis
Zotu5459,0.0,0.0,0.0,0.0,0.0,0.0,0.0,0.0,bacteria,bacillota,bacillota,bacillota,bacillota,capillibacterium,capillibacterium thermochitinicola
Zotu5460,0.0,0.0,0.0,0.003074,0.0,0.0,0.0,0.00314,bacteria,elusimicrobiota,endomicrobiia,endomicrobiales,endomicrobiaceae,endomicrobium,endomicrobium proavitum
Zotu5461,0.0,0.0,0.0,0.0,0.0,0.0,0.0,0.0,bacteria,pseudomonadota,gammaproteobacteria,steroidobacterales,steroidobacteraceae,steroidobacter,steroidobacter agaridevorans
Zotu5462,0.0,0.0,0.0,0.0,0.0,0.0,0.0,0.0,archaea,methanobacteriota,methanobacteria,methanobacteriales,methanobacteriaceae,methanobacterium,methanobacterium subterraneum
Zotu5463,0.006681,0.0,0.0,0.003074,0.003245,0.0,0.006279,0.100487,bacteria,actinomycetota,actinomycetes,acidothermales,acidothermaceae,acidothermus,acidothermus cellulolyticus
Zotu5464,0.0,0.0,0.0,0.0,0.0,0.0,0.0,0.0,bacteria,pseudomonadota,betaproteobacteria,rhodocyclales,zoogloeaceae,thauera,thauera mechernichensis
Zotu5466,0.0,0.0,0.0,0.0,0.0,0.0,0.0,0.0,bacteria,chloroflexota,chloroflexia,kallotenuales,kallotenuaceae,kallotenue,kallotenue papyrolyticum
Zotu5467,0.0,0.0,0.0,0.003074,0.0,0.0,0.0,0.0,bacteria,actinomycetota,actinomycetes,micrococcales,microbacteriaceae,microbacterium,microbacterium lacusdiani
Zotu5468,0.0,0.0,0.0,0.0,0.0,0.0,0.0,0.0,bacteria,bacillota,clostridia,eubacteriales,clostridiaceae,fervidicella,fervidicella metallireducens
Zotu5469,0.0,0.0,0.0,0.0,0.0,0.0,0.0,0.0,bacteria,bacteroidota,cytophagia,cytophagales,hymenobacteraceae,pontibacter,pontibacter jeungdoensis
Zotu5470,0.0,0.0,0.0,0.0,0.0,0.0,0.0,0.0,bacteria,abditibacteriota,abditibacteriia,abditibacteriales,abditibacteriaceae,abditibacterium,abditibacterium utsteinense
Zotu5471,0.0,0.0,0.003173,0.0,0.003245,0.015867,0.056511,0.00314,bacteria,actinomycetota,acidimicrobiia,acidimicrobiales,acidimicrobiaceae,aciditerrimonas,aciditerrimonas ferrireducens
Zotu5472,0.0,0.0,0.0,0.003074,0.0,0.0,0.0,0.0,bacteria,rhodothermota,rhodothermia,rhodothermales,salisaetaceae,roseithermus,roseithermus sacchariphilus
Zotu5473,0.003341,0.045357,0.079322,0.0,0.0,0.0,0.0,0.0,bacteria,planctomycetota,planctomycetia,gemmatales,gemmataceae,gemmata,gemmata palustris
Zotu5474,0.0,0.0,0.0,0.0,0.051928,0.034907,0.00314,0.0,bacteria,pseudomonadota,gammaproteobacteria,chromatiales,ectothiorhodospiraceae,ectothiorhodospira,ectothiorhodospira imhoffii
Zotu5476,0.0,0.0,0.0,0.0,0.0,0.0,0.0,0.0,bacteria,bacteroidota,chitinophagia,chitinophagales,chitinophagaceae,flavisolibacter,flavisolibacter galbus
Zotu5477,0.030065,0.0,0.015864,0.0,0.0,0.0,0.012558,0.0,bacteria,actinomycetota,thermoleophilia,thermoleophilales,thermoleophilaceae,thermoleophilum,thermoleophilum album
Zotu5478,0.0,0.00324,0.0,0.003074,0.0,0.003173,0.0,0.0,bacteria,actinomycetota,actinomycetes,geodermatophilales,geodermatophilaceae,blastococcus,blastococcus saxobsidens
Zotu5479,0.0,0.0,0.0,0.0,0.0,0.0,0.0,0.0,bacteria,pseudomonadota,alphaproteobacteria,hyphomicrobiales,methylobacteriaceae,microvirga,microvirga vignae
Zotu5480,0.0,0.0,0.0,0.0,0.0,0.0,0.0,0.0,bacteria,actinomycetota,rubrobacteria,gaiellales,gaiellaceae,gaiella,gaiella occulta
Zotu5481,0.0,0.0,0.0,0.006148,0.0,0.0,0.0,0.0,bacteria,actinomycetota,thermoleophilia,solirubrobacterales,conexibacteraceae,conexibacter,conexibacter arvalis
Zotu5482,0.06013,0.032398,0.034902,0.0,0.0,0.0,0.00314,0.0,bacteria,gemmatimonadota,gemmatimonadetes,gemmatimonadales,gemmatimonadaceae,gemmatirosa,gemmatirosa kalamazoonensis
Zotu5483,0.0,0.071276,0.003173,0.0,0.0,0.0,0.0,0.0,archaea,methanobacteriota,thermoplasmata,methanomassiliicoccales,methanomassiliicoccaceae,methanomassiliicoccus,candidatus methanomassiliicoccus intestinalis
Zotu5484,0.0,0.0,0.0,0.0,0.003245,0.0,0.0,0.0,bacteria,pseudomonadota,alphaproteobacteria,sphingomonadales,sphingomonadaceae,novosphingobium,novosphingobium sediminicola
Zotu5485,0.0,0.00324,0.0,0.0,0.003245,0.0,0.0,0.0,bacteria,bacillota,clostridia,thermosediminibacterales,thermosediminibacteraceae,thermovenabulum,thermovenabulum gondwanense
Zotu5486,0.0,0.0,0.0,0.0,0.0,0.0,0.0,0.0,bacteria,bacteroidota,bacteroidia,marinilabiliales,prolixibacteraceae,prolixibacter,prolixibacter bellariivorans
Zotu5487,0.0,0.0,0.0,0.0,0.0,0.0,0.0,0.0,bacteria,gemmatimonadota,gemmatimonadetes,gemmatimonadales,gemmatimonadaceae,roseisolibacter,roseisolibacter agri
Zotu5488,0.016703,0.00648,0.038075,0.0,0.0,0.0,0.0,0.0,bacteria,actinomycetota,rubrobacteria,rubrobacterales,rubrobacteraceae,rubrobacter,rubrobacter naiadicus
Zotu5489,0.0,0.0,0.0,0.0,0.0,0.0,0.0,0.0,bacteria,pseudomonadota,gammaproteobacteria,acidiferrobacterales,acidiferrobacteraceae,sulfurifustis,sulfurifustis variabilis
Zotu5491,0.0,0.0,0.0,0.0,0.0,0.0,0.0,0.0,bacteria,bacteroidota,cytophagia,cytophagales,fulvivirgaceae,ohtaekwangia,ohtaekwangia koreensis
Zotu5492,0.0,0.0,0.003173,0.0,0.0,0.003173,0.00314,0.0,bacteria,chloroflexota,anaerolineae,anaerolineales,anaerolineaceae,longilinea,longilinea arvoryzae
Zotu5493,0.0,0.0,0.0,0.0,0.0,0.0,0.0,0.0,bacteria,planctomycetota,planctomycetia,gemmatales,gemmataceae,limnoglobus,limnoglobus roseus
Zotu5494,0.0,0.0,0.0,0.0,0.0,0.0,0.0,0.0,bacteria,bacteroidota,cytophagia,cytophagales,hymenobacteraceae,pontibacter,pontibacter silvestris
Zotu5495,0.0,0.0,0.028556,0.0,0.0,0.01904,0.009419,0.00628,bacteria,actinomycetota,thermoleophilia,solirubrobacterales,solirubrobacteraceae,solirubrobacter,solirubrobacter phytolaccae
Zotu5496,0.0,0.0,0.0,0.0,0.0,0.0,0.0,0.0,bacteria,actinomycetota,rubrobacteria,gaiellales,gaiellaceae,gaiella,gaiella occulta
Zotu5497,0.0,0.0,0.0,0.0,0.0,0.003173,0.0,0.012561,bacteria,pseudomonadota,alphaproteobacteria,sphingomonadales,sphingosinicellaceae,sphingosinicella,sphingosinicella ginsenosidimutans
Zotu5498,0.0,0.019439,0.0,0.0,0.0,0.0,0.0,0.0,bacteria,pseudomonadota,deltaproteobacteria,myxococcales,anaeromyxobacteraceae,anaeromyxobacter,anaeromyxobacter dehalogenans
Zotu5499,0.0,0.0,0.0,0.0,0.0,0.0,0.0,0.0,archaea,methanobacteriota,thermoplasmata,methanomassiliicoccales,methanomassiliicoccaceae,methanomassiliicoccus,candidatus methanomassiliicoccus intestinalis
Zotu5501,0.0,0.0,0.0,0.0,0.0,0.0,0.0,0.0,bacteria,bacillota,clostridia,eubacteriales,symbiobacteriaceae,symbiobacterium,symbiobacterium terraclitae
Zotu5503,0.0,0.0,0.0,0.003074,0.0,0.0,0.0,0.0,bacteria,actinomycetota,rubrobacteria,gaiellales,gaiellaceae,gaiella,gaiella occulta
Zotu5504,0.0,0.029158,0.063458,0.0,0.0,0.0,0.0,0.0,bacteria,planctomycetota,phycisphaerae,phycisphaerales,phycisphaeraceae,mucisphaera,mucisphaera calidilacus
Zotu5505,0.0,0.0,0.0,0.0,0.0,0.0,0.0,0.00314,bacteria,pseudomonadota,betaproteobacteria,burkholderiales,burkholderiales,leptothrix,leptothrix mobilis
Zotu5506,0.0,0.0,0.0,0.0,0.0,0.0,0.0,0.0,bacteria,actinomycetota,actinomycetes,bifidobacteriales,bifidobacteriaceae,bifidobacterium,bifidobacterium porcinum
Zotu5507,0.003341,0.0,0.114224,0.0,0.0,0.0,0.0,0.0,archaea,methanobacteriota,thermoplasmata,methanomassiliicoccales,methanomassiliicoccaceae,methanomassiliicoccus,candidatus methanomassiliicoccus intestinalis
Zotu5510,0.0,0.0,0.0,0.0,0.003245,0.0,0.0,0.0,bacteria,actinomycetota,rubrobacteria,gaiellales,gaiellaceae,gaiella,gaiella occulta
Zotu5511,0.0,0.0,0.0,0.0,0.0,0.006347,0.059651,0.040823,bacteria,planctomycetota,planctomycetia,gemmatales,gemmataceae,fimbriiglobus,fimbriiglobus ruber
Zotu5512,0.0,0.0,0.0,0.0,0.0,0.0,0.0,0.0,bacteria,planctomycetota,planctomycetia,pirellulales,lacipirellulaceae,pirellulimonas,pirellulimonas nuda
Zotu5513,0.0,0.0,0.0,0.0,0.0,0.0,0.0,0.0,bacteria,verrucomicrobiota,opitutae,opitutales,opitutaceae,opitutus,opitutus terrae
Zotu5514,0.0,0.0,0.0,0.0,0.0,0.0,0.0,0.0,bacteria,pseudomonadota,alphaproteobacteria,sphingomonadales,sphingomonadaceae,sphingomonas,sphingomonas palustris
Zotu5515,0.0,0.0,0.0,0.0,0.0,0.0,0.0,0.0,bacteria,actinomycetota,rubrobacteria,gaiellales,gaiellaceae,gaiella,gaiella occulta
Zotu5516,0.003341,0.0,0.0,0.0,0.0,0.003173,0.0,0.0,bacteria,pseudomonadota,alphaproteobacteria,hyphomicrobiales,hyphomicrobiales,pseudorhodoplanes,pseudorhodoplanes sinuspersici
Zotu5517,0.0,0.0,0.0,0.0,0.0,0.0,0.0,0.0,bacteria,chloroflexota,chloroflexia,chloroflexales,roseiflexaceae,kouleothrix,kouleothrix aurantiaca
Zotu5518,0.0,0.0,0.0,0.0,0.0,0.0,0.0,0.0,bacteria,pseudomonadota,alphaproteobacteria,sphingomonadales,sphingomonadaceae,novosphingobium,novosphingobium arabidopsis
Zotu5519,0.0,0.0,0.0,0.0,0.0,0.0,0.0,0.0,bacteria,rhodothermota,rhodothermia,rhodothermales,rhodothermaceae,rhodocaloribacter,rhodocaloribacter litoris
Zotu5521,0.0,0.0,0.0,0.0,0.0,0.0,0.0,0.0,bacteria,pseudomonadota,gammaproteobacteria,nevskiales,nevskiaceae,hydrocarboniphaga,hydrocarboniphaga daqingensis
Zotu5522,0.0,0.0,0.0,0.0,0.0,0.0,0.0,0.009421,bacteria,actinomycetota,actinomycetes,geodermatophilales,geodermatophilaceae,geodermatophilus,geodermatophilus nigrescens
Zotu5523,0.0,0.0,0.0,0.0,0.0,0.0,0.0,0.0,bacteria,thermodesulfobacteriota,desulfuromonadia,desulfuromonadales,desulfuromonadaceae,pelobacter,pelobacter propionicus
Zotu5524,0.003341,0.0,0.053939,0.0,0.0,0.003173,0.0,0.0,bacteria,planctomycetota,candidatus brocadiia,candidatus brocadiales,candidatus brocadiaceae,candidatus brocadia,candidatus brocadia caroliniensis
Zotu5525,0.003341,0.0,0.041248,0.0,0.0,0.0,0.037674,0.0,bacteria,actinomycetota,thermoleophilia,solirubrobacterales,solirubrobacteraceae,solirubrobacter,solirubrobacter ginsenosidimutans
Zotu5526,0.0,0.0,0.0,0.0,0.0,0.0,0.0,0.00314,bacteria,pseudomonadota,betaproteobacteria,burkholderiales,sphaerotilaceae,caldimonas,schlegelella koreensis
Zotu5527,0.0,0.0,0.0,0.0,0.0,0.0,0.00314,0.0,bacteria,pseudomonadota,deltaproteobacteria,myxococcales,anaeromyxobacteraceae,anaeromyxobacter,anaeromyxobacter dehalogenans
Zotu5528,0.0,0.0,0.003173,0.0,0.0,0.0,0.025116,0.018841,bacteria,pseudomonadota,alphaproteobacteria,hyphomicrobiales,propylenellaceae,propylenella,propylenella binzhouense
Zotu5529,0.050109,0.016199,0.003173,0.0,0.0,0.0,0.0,0.0,bacteria,planctomycetota,candidatus brocadiia,candidatus brocadiales,candidatus brocadiaceae,candidatus kuenenia,candidatus kuenenia stuttgartiensis
Zotu5530,0.0,0.0,0.0,0.0,0.0,0.0,0.0,0.0,bacteria,bacteroidota,chitinophagia,chitinophagales,chitinophagaceae,flavisolibacter,flavisolibacter carri
Zotu5531,0.0,0.0,0.003173,0.0,0.149292,0.0,0.0,0.0,archaea,methanobacteriota,thermoplasmata,methanomassiliicoccales,methanomassiliicoccaceae,methanomassiliicoccus,candidatus methanomassiliicoccus intestinalis
Zotu5532,0.0,0.0,0.0,0.0,0.0,0.0,0.0,0.0,bacteria,thermodesulfobacteriota,desulfovibrionia,desulfovibrionales,desulfohalobiaceae,desulfohalophilus,desulfohalophilus alkaliarsenatis
Zotu5533,0.003341,0.0,0.0,0.0,0.0,0.0,0.040814,0.0,bacteria,bacillota,clostridia,eubacteriales,clostridiales family xvii. incertae sedis,thermaerobacter,thermaerobacter composti
Zotu5534,0.0,0.0,0.0,0.0,0.0,0.0,0.0,0.00314,bacteria,bacteroidota,chitinophagia,chitinophagales,chitinophagaceae,flavisolibacter,flavisolibacter metallilatus
Zotu5536,0.0,0.0,0.0,0.0,0.0,0.0,0.0,0.0,bacteria,actinomycetota,thermoleophilia,thermoleophilales,thermoleophilaceae,thermoleophilum,thermoleophilum album
Zotu5537,0.0,0.0,0.0,0.0,0.042191,0.0,0.0,0.0,bacteria,gemmatimonadota,gemmatimonadetes,gemmatimonadales,gemmatimonadaceae,roseisolibacter,roseisolibacter agri
Zotu5538,0.0,0.0,0.0,0.0,0.0,0.0,0.0,0.018841,bacteria,actinomycetota,nitriliruptoria,euzebyales,euzebyaceae,euzebya,euzebya pacifica
Zotu5539,0.0,0.0,0.0,0.0,0.0,0.0,0.0,0.0,bacteria,bacteroidota,cytophagia,cytophagales,fulvivirgaceae,ohtaekwangia,ohtaekwangia koreensis
Zotu5540,0.0,0.0,0.0,0.064558,0.0,0.0,0.0,0.0,bacteria,actinomycetota,thermoleophilia,solirubrobacterales,baekduiaceae,baekduia,baekduia soli
Zotu5542,0.0,0.0,0.0,0.0,0.0,0.0,0.0,0.0,bacteria,actinomycetota,thermoleophilia,solirubrobacterales,solirubrobacteraceae,solirubrobacter,solirubrobacter phytolaccae
Zotu5543,0.0,0.0,0.0,0.0,0.0,0.0,0.025116,0.009421,bacteria,gemmatimonadota,longimicrobiia,longimicrobiales,longimicrobiaceae,longimicrobium,longimicrobium terrae
Zotu5544,0.006681,0.00324,0.0,0.0,0.0,0.0,0.0,0.0,bacteria,actinomycetota,rubrobacteria,rubrobacterales,rubrobacteraceae,rubrobacter,rubrobacter naiadicus
Zotu5545,0.0,0.0,0.0,0.0,0.0,0.0,0.0,0.0,bacteria,bacillota,clostridia,eubacteriales,peptococcaceae,desulforamulus,desulforamulus ferrireducens
Zotu5546,0.0,0.0,0.0,0.0,0.0,0.0,0.0,0.0,bacteria,pseudomonadota,gammaproteobacteria,alteromonadales,alteromonadaceae,alishewanella,alishewanella tabrizica
Zotu5547,0.0,0.0,0.003173,0.0,0.0,0.0,0.021977,0.109907,bacteria,chloroflexota,chloroflexia,herpetosiphonales,herpetosiphonaceae,herpetosiphon,herpetosiphon aurantiacus
Zotu5548,0.0,0.0,0.0,0.0,0.0,0.0,0.0,0.0,bacteria,actinomycetota,actinomycetia,pseudonocardiales,pseudonocardiaceae,pseudonocardia,pseudonocardia zijingensis
Zotu5549,0.0,0.0,0.0,0.0,0.0,0.0,0.0,0.00314,bacteria,pseudomonadota,gammaproteobacteria,cellvibrionales,cellvibrionaceae,cellvibrio,cellvibrio fibrivorans
Zotu5550,0.003341,0.00324,0.053939,0.0,0.0,0.0,0.0,0.0,bacteria,gemmatimonadota,longimicrobiia,longimicrobiales,longimicrobiaceae,longimicrobium,longimicrobium terrae
Zotu5551,0.0,0.0,0.0,0.0,0.0,0.0,0.0,0.0,bacteria,actinomycetota,actinomycetes,mycobacteriales,nocardiaceae,nocardia,nocardia goodfellowii
Zotu5552,0.0,0.0,0.0,0.0,0.0,0.0,0.0,0.0,bacteria,myxococcota,myxococcia,myxococcales,vulgatibacteraceae,vulgatibacter,vulgatibacter incomptus
Zotu5553,0.073493,0.0,0.0,0.0,0.0,0.0,0.0,0.0,archaea,methanobacteriota,thermoplasmata,methanomassiliicoccales,methanomassiliicoccaceae,methanomassiliicoccus,candidatus methanomassiliicoccus intestinalis
Zotu5554,0.0,0.087475,0.0,0.0,0.0,0.0,0.00314,0.0,bacteria,planctomycetota,phycisphaerae,tepidisphaerales,tepidisphaeraceae,tepidisphaera,tepidisphaera mucosa
Zotu5555,0.006681,0.0,0.0,0.0,0.016227,0.0,0.0,0.0,bacteria,acidobacteriota,vicinamibacteria,vicinamibacterales,vicinamibacteraceae,luteitalea,luteitalea pratensis
Zotu5556,0.036746,0.048597,0.0,0.0,0.003245,0.0,0.00314,0.0,bacteria,verrucomicrobiota,verrucomicrobiae,verrucomicrobiales,verrucomicrobia subdivision 3,pedosphaera,pedosphaera parvula
Zotu5557,0.0,0.0,0.0,0.0,0.0,0.0,0.00314,0.0,bacteria,bacteroidota,cytophagia,cytophagales,hymenobacteraceae,adhaeribacter,adhaeribacter aerophilus
Zotu5558,0.0,0.0,0.0,0.0,0.0,0.0,0.059651,0.0,bacteria,thermodesulfobacteriota,desulfuromonadia,geobacterales,geobacteraceae,geobacter,geobacter sulfurreducens
Zotu5559,0.0,0.0,0.0,0.0,0.0,0.0,0.0,0.0,bacteria,pseudomonadota,alphaproteobacteria,geminicoccales,geminicoccaceae,arboricoccus,arboricoccus pini
Zotu5560,0.0,0.0,0.0,0.0,0.0,0.0,0.0,0.0,bacteria,bacillota,bacilli,bacillales,paenibacillaceae,paenibacillus,paenibacillus antri
Zotu5561,0.0,0.0,0.0,0.0,0.0,0.0,0.0,0.037683,bacteria,pseudomonadota,alphaproteobacteria,sphingomonadales,sphingosinicellaceae,sphingosinicella,sphingosinicella humi
Zotu5562,0.0,0.0,0.0,0.0,0.0,0.012694,0.00314,0.0,bacteria,pseudomonadota,deltaproteobacteria,myxococcales,kofleriaceae,kofleria,kofleria flava
Zotu5563,0.0,0.0,0.0,0.0,0.0,0.0,0.0,0.0,bacteria,pseudomonadota,alphaproteobacteria,hyphomicrobiales,phyllobacteriaceae,mesorhizobium,mesorhizobium terrae
Zotu5564,0.0,0.0,0.0,0.0,0.0,0.0,0.0,0.0,bacteria,pseudomonadota,alphaproteobacteria,sphingomonadales,sphingomonadaceae,sphingomonas,sphingomonas rhizophila
Zotu5565,0.0,0.0,0.0,0.0,0.0,0.0,0.0,0.0,bacteria,bacteroidota,cytophagia,cytophagales,hymenobacteraceae,pontibacter,pontibacter populi
Zotu5566,0.0,0.0,0.0,0.0,0.0,0.0,0.0,0.0,bacteria,bacteroidota,chitinophagia,chitinophagales,chitinophagaceae,segetibacter,segetibacter koreensis
Zotu5567,0.0,0.0,0.0,0.0,0.0,0.0,0.0,0.0,bacteria,bacillota,clostridia,eubacteriales,desulfotomaculaceae,pelotomaculum,pelotomaculum terephthalicicum
Zotu5568,0.0,0.0,0.0,0.0,0.0,0.0,0.0,0.0,bacteria,pseudomonadota,alphaproteobacteria,rhodospirillales,acetobacteraceae,sediminicoccus,sediminicoccus rosea
Zotu5569,0.0,0.0,0.0,0.0,0.0,0.0,0.0,0.0,bacteria,bacteroidota,chitinophagia,chitinophagales,chitinophagaceae,flavisolibacter,flavisolibacter carri
Zotu5570,0.0,0.0,0.0,0.0,0.0,0.0,0.0,0.0,bacteria,gemmatimonadota,longimicrobiia,longimicrobiales,longimicrobiaceae,longimicrobium,longimicrobium terrae
Zotu5571,0.0,0.0,0.0,0.003074,0.0,0.0,0.0,0.0,bacteria,pseudomonadota,betaproteobacteria,burkholderiales,alcaligenaceae,bordetella,bordetella bronchiseptica
Zotu5572,0.003341,0.022679,0.034902,0.0,0.003245,0.003173,0.0,0.040823,bacteria,bacillota,clostridia,eubacteriales,symbiobacteriaceae,symbiobacterium,symbiobacterium terraclitae
Zotu5573,0.006681,0.00324,0.0,0.0,0.045437,0.0,0.00314,0.0,bacteria,actinomycetota,thermoleophilia,solirubrobacterales,capillimicrobiaceae,capillimicrobium,capillimicrobium parvum
Zotu5574,0.0,0.0,0.0,0.0,0.0,0.044428,0.0,0.0,bacteria,actinomycetota,rubrobacteria,gaiellales,gaiellaceae,gaiella,gaiella occulta
Zotu5575,0.0,0.0,0.0,0.0,0.061664,0.0,0.0,0.0,bacteria,pseudomonadota,alphaproteobacteria,alphaproteobacteria,alphaproteobacteria,candidatus monilibacter,candidatus monilibacter batavus
Zotu5576,0.0,0.0,0.0,0.0,0.094119,0.0,0.0,0.0,bacteria,pseudomonadota,alphaproteobacteria,hyphomicrobiales,salinarimonadaceae,salinarimonas,salinarimonas ramus
Zotu5577,0.0,0.0,0.0,0.0,0.0,0.0,0.012558,0.00314,bacteria,actinomycetota,actinomycetes,pseudonocardiales,pseudonocardiaceae,pseudonocardia,pseudonocardia hispaniensis
Zotu5578,0.023384,0.022679,0.0,0.0,0.0,0.0,0.0,0.0,archaea,methanobacteriota,thermoplasmata,methanomassiliicoccales,methanomassiliicoccaceae,methanomassiliicoccus,candidatus methanomassiliicoccus intestinalis
Zotu5579,0.010022,0.0,0.028556,0.0,0.0,0.003173,0.0,0.0,bacteria,bacillota,clostridia,moorellales,moorellaceae,moorella,moorella glycerini
Zotu5580,0.0,0.0,0.003173,0.0,0.0,0.0,0.0,0.0,bacteria,chloroflexota,chloroflexia,kallotenuales,kallotenuaceae,kallotenue,kallotenue papyrolyticum
Zotu5581,0.016703,0.0,0.0,0.0,0.0,0.0,0.0,0.00314,bacteria,bacillota,bacilli,bacillales,paenibacillaceae,paenibacillus,bacillus edaphicus
Zotu5582,0.0,0.0,0.0,0.0,0.003245,0.0,0.0,0.0,bacteria,thermodesulfobacteriota,syntrophobacteria,syntrophobacterales,syntrophobacteraceae,desulfoferrobacter,desulfoferrobacter suflitae
Zotu5583,0.0,0.0,0.0,0.0,0.0,0.0,0.0,0.0,bacteria,planctomycetota,phycisphaerae,tepidisphaerales,tepidisphaeraceae,tepidisphaera,tepidisphaera mucosa
Zotu5584,0.0,0.0,0.0,0.0,0.0,0.0,0.0,0.0,bacteria,verrucomicrobiota,verrucomicrobiae,verrucomicrobiales,verrucomicrobia subdivision 3,pedosphaera,pedosphaera parvula
Zotu5585,0.0,0.0,0.0,0.0,0.0,0.0,0.0,0.0,bacteria,bacteroidota,chitinophagia,chitinophagales,chitinophagaceae,aridibaculum,aridibaculum aurantiacum
Zotu5586,0.003341,0.0,0.0,0.0,0.0,0.003173,0.0,0.0,bacteria,actinomycetota,thermoleophilia,solirubrobacterales,conexibacteraceae,conexibacter,conexibacter arvalis
Zotu5587,0.0,0.0,0.0,0.0,0.0,0.0,0.0,0.0,bacteria,verrucomicrobiota,spartobacteria,chthoniobacterales,chthoniobacteraceae,chthoniobacter,chthoniobacter flavus
Zotu5588,0.0,0.0,0.0,0.0,0.0,0.0,0.0,0.0,bacteria,bacteroidota,flavobacteriia,flavobacteriales,weeksellaceae,cloacibacterium,cloacibacterium normanense
Zotu5589,0.006681,0.0,0.0,0.0,0.0,0.003173,0.0,0.0,bacteria,bacillota,clostridia,eubacteriales,symbiobacteriaceae,symbiobacterium,symbiobacterium terraclitae
Zotu5590,0.006681,0.0,0.0,0.0,0.0,0.0,0.0,0.0,bacteria,verrucomicrobiota,verrucomicrobiae,verrucomicrobiales,verrucomicrobia subdivision 3,pedosphaera,pedosphaera parvula
Zotu5591,0.06013,0.025918,0.0,0.0,0.0,0.028561,0.0,0.0,archaea,methanobacteriota,thermoplasmata,methanomassiliicoccales,methanomassiliicoccaceae,methanomassiliicoccus,candidatus methanomassiliicoccus intestinalis
Zotu5592,0.0,0.0,0.0,0.0,0.0,0.0,0.0,0.0,bacteria,pseudomonadota,alphaproteobacteria,rhodospirillales,azospirillaceae,skermanella,skermanella rosea
Zotu5593,0.0,0.0,0.0,0.0,0.0,0.0,0.0,0.0,bacteria,pseudomonadota,betaproteobacteria,burkholderiales,burkholderiaceae,burkholderia,burkholderia sordidicola
Zotu5594,0.0,0.0,0.0,0.0,0.0,0.0,0.0,0.0,bacteria,planctomycetota,candidatus brocadiia,candidatus brocadiales,candidatus brocadiaceae,candidatus kuenenia,candidatus kuenenia stuttgartiensis
Zotu5595,0.0,0.0,0.0,0.0,0.0,0.0,0.021977,0.012561,bacteria,actinomycetota,thermoleophilia,solirubrobacterales,solirubrobacteraceae,solirubrobacter,solirubrobacter phytolaccae
Zotu5596,0.0,0.0,0.0,0.0,0.0,0.0,0.0,0.0,bacteria,bacteroidota,chitinophagia,chitinophagales,chitinophagaceae,segetibacter,segetibacter aerophilus
Zotu5597,0.0,0.0,0.0,0.0,0.0,0.041254,0.0,0.0,bacteria,elusimicrobiota,endomicrobia,endomicrobiales,endomicrobiaceae,candidatus endomicrobium,candidatus endomicrobium pyrsonymphae
Zotu5598,0.0,0.0,0.0,0.0,0.0,0.0,0.0,0.0,bacteria,chloroflexota,chloroflexia,chloroflexales,oscillochloridaceae,oscillochloris,oscillochloris trichoides
Zotu5599,0.006681,0.0,0.0,0.0,0.0,0.0,0.0,0.0,bacteria,actinomycetota,thermoleophilia,solirubrobacterales,conexibacteraceae,conexibacter,conexibacter arvalis
Zotu5600,0.0,0.0,0.0,0.0,0.0,0.003173,0.0,0.0,bacteria,bacteroidota,chitinophagia,chitinophagales,chitinophagaceae,segetibacter,segetibacter koreensis
Zotu5601,0.0,0.0,0.0,0.0,0.061664,0.0,0.0,0.0,bacteria,actinomycetota,rubrobacteria,rubrobacterales,rubrobacteraceae,rubrobacter,rubrobacter naiadicus
Zotu5602,0.0,0.0,0.0,0.0,0.0,0.0,0.0,0.0,bacteria,pseudomonadota,alphaproteobacteria,rhodobacterales,roseobacteraceae,rubellimicrobium,rubellimicrobium aerolatum
Zotu5603,0.0,0.0,0.0,0.0,0.0,0.0,0.0,0.0,bacteria,cyanobacteriota,cyanophyceae,chroococcales,chroococcaceae,cryptococcum,cryptococcum komarkovae
Zotu5604,0.013362,0.0,0.0,0.0,0.0,0.0,0.0,0.0,bacteria,bacillota,clostridia,eubacteriales,symbiobacteriaceae,symbiobacterium,symbiobacterium terraclitae
Zotu5605,0.0,0.0,0.003173,0.0,0.0,0.0,0.0,0.0,bacteria,pseudomonadota,alphaproteobacteria,sphingomonadales,sphingomonadaceae,sphingomonas,sphingomonas humi
Zotu5606,0.0,0.00648,0.0,0.0,0.0,0.0,0.0,0.009421,bacteria,actinomycetota,thermoleophilia,solirubrobacterales,solirubrobacteraceae,solirubrobacter,solirubrobacter ginsenosidimutans
Zotu5607,0.0,0.0,0.0,0.0,0.084383,0.003173,0.0,0.0,bacteria,chloroflexota,tepidiformia,tepidiformales,tepidiformaceae,tepidiforma,tepidiforma bonchosmolovskayae
Zotu5608,0.0,0.0,0.0,0.0,0.0,0.0,0.0,0.0,bacteria,bacteroidota,cytophagia,cytophagales,cytophagaceae,rhodocytophaga,rhodocytophaga rosea
Zotu5609,0.0,0.0,0.0,0.0,0.0,0.0,0.0,0.0,bacteria,actinomycetota,actinomycetes,micromonosporales,micromonosporaceae,actinocatenispora,actinocatenispora sera
Zotu5610,0.0,0.0,0.003173,0.0,0.0,0.003173,0.0,0.0,bacteria,chloroflexota,chloroflexia,herpetosiphonales,herpetosiphonaceae,herpetosiphon,herpetosiphon aurantiacus
Zotu5611,0.003341,0.0,0.0,0.0,0.0,0.003173,0.0,0.128749,bacteria,pseudomonadota,alphaproteobacteria,hyphomicrobiales,chelatococcaceae,chelatococcus,chelatococcus composti
Zotu5613,0.0,0.0,0.0,0.0,0.0,0.0,0.0,0.0,bacteria,actinomycetota,rubrobacteria,gaiellales,gaiellaceae,gaiella,gaiella occulta
Zotu5614,0.0,0.029158,0.0,0.0,0.045437,0.003173,0.0,0.0,bacteria,actinomycetota,actinomycetes,pseudonocardiales,pseudonocardiaceae,saccharopolyspora,saccharopolyspora taberi
Zotu5615,0.0,0.0,0.0,0.0,0.0,0.0,0.0,0.0,bacteria,bacteroidota,cytophagia,cytophagales,fulvivirgaceae,ohtaekwangia,ohtaekwangia koreensis
Zotu5616,0.0,0.012959,0.0,0.0,0.0,0.0,0.0,0.0,bacteria,pseudomonadota,betaproteobacteria,nitrosomonadales,methylophilaceae,methylobacillus,methylobacillus flagellatus
Zotu5617,0.0,0.0,0.0,0.0,0.0,0.0,0.0,0.0,bacteria,chloroflexota,chloroflexia,kallotenuales,kallotenuaceae,kallotenue,kallotenue papyrolyticum
Zotu5618,0.003341,0.0,0.0,0.0,0.0,0.0,0.0,0.0,bacteria,bacteroidota,cytophagia,cytophagales,hymenobacteraceae,adhaeribacter,adhaeribacter rhizoryzae
Zotu5619,0.0,0.0,0.0,0.0,0.0,0.0,0.0,0.0,bacteria,bacteroidota,chitinophagia,chitinophagales,chitinophagaceae,flavisolibacter,flavisolibacter carri
Zotu5620,0.0,0.0,0.0,0.0,0.0,0.0,0.0,0.0,bacteria,actinomycetota,actinomycetes,pseudonocardiales,pseudonocardiaceae,labedaea,labedaea rhizosphaerae
Zotu5622,0.0,0.0,0.0,0.0,0.061664,0.0,0.0,0.0,bacteria,ignavibacteriota,ignavibacteria,ignavibacteriales,ignavibacteriaceae,ignavibacterium,ignavibacterium album
Zotu5623,0.0,0.00324,0.0,0.0,0.0,0.003173,0.0,0.0,archaea,methanobacteriota,thermoplasmata,methanomassiliicoccales,methanomassiliicoccaceae,methanomassiliicoccus,candidatus methanomassiliicoccus intestinalis
Zotu5624,0.0,0.0,0.155472,0.0,0.0,0.0,0.0,0.0,bacteria,planctomycetota,planctomycetia,gemmatales,gemmataceae,fimbriiglobus,fimbriiglobus ruber
Zotu5625,0.010022,0.0,0.003173,0.0,0.081137,0.0,0.0,0.034542,bacteria,planctomycetota,planctomycetia,pirellulales,lacipirellulaceae,bythopirellula,bythopirellula goksoeyrii
Zotu5626,0.0,0.0,0.0,0.003074,0.0,0.0,0.0,0.0,bacteria,pseudomonadota,alphaproteobacteria,rhodobacterales,paracoccaceae,paracoccus,paracoccus haematequi
Zotu5627,0.0,0.0,0.0,0.0,0.0,0.0,0.0,0.0,bacteria,planctomycetota,planctomycetia,pirellulales,lacipirellulaceae,pirellulimonas,pirellulimonas nuda
Zotu5628,0.0,0.0,0.0,0.0,0.0,0.0,0.0,0.00314,bacteria,chloroflexota,chloroflexota,chloroflexota,chloroflexota,thermobaculum,thermobaculum terrenum
Zotu5629,0.0,0.009719,0.0,0.0,0.0,0.0,0.0,0.0,bacteria,bacillota,bacilli,bacillales,bacillaceae,bacillus,bacillus litoralis
Zotu5630,0.0,0.0,0.069804,0.0,0.0,0.0,0.00314,0.00314,bacteria,pseudomonadota,oligoflexia,bdellovibrionales,bdellovibrionaceae,bdellovibrio,bdellovibrio bacteriovorus
Zotu5631,0.0,0.0,0.0,0.0,0.0,0.0,0.0,0.0,bacteria,chloroflexota,candidatus thermofonsia,phototrophicales,phototrophicaceae,phototrophicus,phototrophicus methaneseepsis
Zotu5632,0.0,0.0,0.0,0.0,0.0,0.0,0.0,0.0,bacteria,bacillota,clostridia,eubacteriales,clostridiaceae,clostridium,clostridium vulturis
Zotu5633,0.0,0.0,0.0,0.0,0.0,0.085682,0.0,0.0,bacteria,planctomycetota,phycisphaerae,phycisphaerales,phycisphaeraceae,mucisphaera,mucisphaera calidilacus
Zotu5634,0.0,0.0,0.0,0.0,0.0,0.0,0.0,0.0,bacteria,actinomycetota,acidimicrobiia,acidimicrobiales,acidimicrobiaceae,aciditerrimonas,aciditerrimonas ferrireducens
Zotu5635,0.0,0.0,0.0,0.0,0.0,0.0,0.0,0.0,bacteria,deinococcota,deinococci,trueperales,trueperaceae,truepera,truepera radiovictrix
Zotu5636,0.0,0.0,0.0,0.0,0.0,0.0,0.0,0.0,bacteria,bacteroidota,cytophagia,cytophagales,hymenobacteraceae,adhaeribacter,adhaeribacter aerolatus
Zotu5637,0.010022,0.0,0.0,0.0,0.0,0.003173,0.0,0.0,bacteria,nitrospirota,nitrospira,nitrospirales,nitrospiraceae,nitrospira,nitrospira enrichment
Zotu5638,0.0,0.0,0.0,0.003074,0.0,0.015867,0.0,0.0,bacteria,actinomycetota,thermoleophilia,solirubrobacterales,solirubrobacteraceae,solirubrobacter,solirubrobacter phytolaccae
Zotu5639,0.0,0.0,0.0,0.0,0.0,0.0,0.0,0.0,archaea,methanobacteriota,thermococci,thermococcales,thermococcaceae,palaeococcus,palaeococcus helgesonii
Zotu5640,0.0,0.0,0.003173,0.0,0.025964,0.0,0.0,0.0,bacteria,actinomycetota,thermoleophilia,solirubrobacterales,parviterribacteraceae,parviterribacter,parviterribacter kavangonensis
Zotu5641,0.0,0.0,0.0,0.0,0.0,0.0,0.0,0.0,bacteria,planctomycetota,planctomycetia,pirellulales,pirellulaceae,anatilimnocola,anatilimnocola aggregata
Zotu5642,0.0,0.0,0.0,0.0,0.0,0.0,0.0,0.0,bacteria,pseudomonadota,alphaproteobacteria,rickettsiales,anaplasmataceae,wolbachia,wolbachia pipientis
Zotu5643,0.0,0.0,0.0,0.0,0.0,0.0,0.0,0.0,bacteria,actinomycetota,actinomycetes,pseudonocardiales,pseudonocardiaceae,crossiella,crossiella cryophila
Zotu5644,0.0,0.0,0.0,0.0,0.0,0.0,0.0,0.0,bacteria,pseudomonadota,alphaproteobacteria,hyphomicrobiales,xanthobacteraceae,xanthobacter,xanthobacter flavus
Zotu5645,0.0,0.0,0.0,0.0,0.0,0.0,0.0,0.0,bacteria,myxococcota,myxococcota,polyangiales,sandaracinaceae,sandaracinus,sandaracinus amylolyticus
Zotu5646,0.0,0.0,0.0,0.0,0.0,0.0,0.0,0.0,bacteria,actinomycetota,actinomycetes,micrococcales,promicromonosporaceae,isoptericola,isoptericola halotolerans
Zotu5647,0.06013,0.00324,0.0,0.0,0.0,0.0,0.0,0.0,bacteria,actinomycetota,rubrobacteria,rubrobacterales,rubrobacteraceae,rubrobacter,rubrobacter spartanus
Zotu5648,0.0,0.0,0.0,0.0,0.0,0.0,0.0,0.0,bacteria,bacillota,bacilli,bacillales,bacillaceae,melghiribacillus,melghiribacillus thermohalophilus
Zotu5649,0.003341,0.0,0.0,0.0,0.0,0.0,0.0,0.0,bacteria,gemmatimonadota,gemmatimonadetes,gemmatimonadales,gemmatimonadaceae,gemmatimonas,gemmatimonas aurantiaca
Zotu5650,0.0,0.0,0.0,0.0,0.0,0.0,0.0,0.0,bacteria,actinomycetota,acidimicrobiia,acidimicrobiales,acidimicrobiaceae,acidithrix,acidithrix ferrooxidans
Zotu5651,0.0,0.0,0.0,0.0,0.0,0.0,0.0,0.0,bacteria,pseudomonadota,alphaproteobacteria,sphingomonadales,sphingomonadaceae,sphingomonas,sphingomonas humi
Zotu5652,0.020043,0.029158,0.0,0.009223,0.0,0.0,0.0,0.0,bacteria,chloroflexota,anaerolineae,anaerolineales,anaerolineaceae,ornatilinea,ornatilinea apprima
Zotu5653,0.090195,0.0,0.0,0.0,0.0,0.0,0.0,0.0,bacteria,acidobacteriota,acidobacteriia,bryobacterales,solibacteraceae,candidatus solibacter,candidatus solibacter usitatus
Zotu5654,0.0,0.0,0.0,0.0,0.0,0.0,0.0,0.0,bacteria,actinomycetota,rubrobacteria,rubrobacterales,rubrobacteraceae,rubrobacter,rubrobacter radiotolerans
Zotu5655,0.0,0.0,0.0,0.0,0.0,0.0,0.0,0.0,bacteria,bacillota,bacilli,bacillales,paenibacillaceae,paenibacillus,paenibacillus antri
Zotu5657,0.0,0.0,0.0,0.0,0.0,0.0,0.0,0.0,bacteria,planctomycetota,planctomycetia,pirellulales,pirellulaceae,lignipirellula,lignipirellula cremea
Zotu5658,0.0,0.0,0.0,0.0,0.0,0.0,0.0,0.0,bacteria,pseudomonadota,alphaproteobacteria,sphingomonadales,sphingomonadaceae,sphingomonas,sphingomonas populi
Zotu5659,0.0,0.0,0.0,0.003074,0.0,0.0,0.0,0.0,bacteria,verrucomicrobiota,spartobacteria,chthoniobacterales,chthoniobacteraceae,chthoniobacter,chthoniobacter flavus
Zotu5660,0.0,0.0,0.0,0.0,0.0,0.0,0.0,0.0,bacteria,gemmatimonadota,longimicrobiia,longimicrobiales,longimicrobiaceae,longimicrobium,longimicrobium terrae
Zotu5661,0.0,0.0,0.0,0.0,0.055173,0.015867,0.009419,0.00628,bacteria,chloroflexota,anaerolineae,aggregatilineales,aggregatilineaceae,aggregatilinea,aggregatilinea lenta
Zotu5662,0.0,0.0,0.0,0.0,0.0,0.0,0.0,0.0,bacteria,actinomycetota,actinomycetes,pseudonocardiales,pseudonocardiaceae,saccharothrix,saccharothrix texasensis
Zotu5663,0.023384,0.025918,0.0,0.0,0.003245,0.0,0.0,0.0,bacteria,gemmatimonadota,gemmatimonadetes,gemmatimonadales,gemmatimonadaceae,gemmatimonas,gemmatimonas phototrophica
Zotu5664,0.0,0.0,0.0,0.0,0.0,0.0,0.0,0.0,bacteria,chloroflexota,caldilineae,caldilineales,caldilineaceae,litorilinea,litorilinea aerophila
Zotu5665,0.0,0.00648,0.0,0.0,0.0,0.0,0.0,0.0,bacteria,bacillota,clostridia,eubacteriales,symbiobacteriaceae,symbiobacterium,symbiobacterium ostreiconchae
Zotu5666,0.003341,0.00648,0.0,0.003074,0.022718,0.012694,0.0,0.0,bacteria,acidobacteriota,vicinamibacteria,vicinamibacterales,vicinamibacteraceae,vicinamibacter,vicinamibacter silvestris
Zotu5667,0.0,0.0,0.003173,0.0,0.048682,0.003173,0.0,0.0,bacteria,pseudomonadota,alphaproteobacteria,hyphomicrobiales,hyphomicrobiaceae,rhodoplanes,rhodoplanes elegans
Zotu5668,0.0,0.0,0.0,0.0,0.0,0.0,0.0,0.0,bacteria,verrucomicrobiota,verrucomicrobiae,verrucomicrobiales,verrucomicrobia subdivision 3,pedosphaera,pedosphaera parvula
Zotu5669,0.0,0.0,0.0,0.0,0.0,0.0,0.0,0.0,bacteria,verrucomicrobiota,spartobacteria,chthoniobacterales,chthoniobacteraceae,chthoniobacter,chthoniobacter flavus
Zotu5670,0.0,0.0,0.0,0.0,0.0,0.0,0.0,0.0,bacteria,chloroflexota,chloroflexia,kallotenuales,kallotenuaceae,kallotenue,kallotenue papyrolyticum
Zotu5671,0.0,0.0,0.0,0.003074,0.0,0.0,0.0,0.028262,bacteria,actinomycetota,acidimicrobiia,acidimicrobiales,iamiaceae,actinomarinicola,actinomarinicola tropica
Zotu5672,0.0,0.0,0.0,0.0,0.0,0.0,0.0,0.00314,bacteria,bacillota,negativicutes,veillonellales,veillonellaceae,veillonella,veillonella atypica
Zotu5674,0.0,0.0,0.0,0.0,0.0,0.0,0.0,0.0,bacteria,chloroflexota,anaerolineae,anaerolineales,anaerolineaceae,longilinea,longilinea arvoryzae
Zotu5675,0.0,0.0,0.0,0.0,0.0,0.0,0.0,0.00314,bacteria,thermodesulfobacteriota,desulfuromonadia,desulfuromonadales,desulfuromonadaceae,pelobacter,pelobacter seleniigenes
Zotu5676,0.0,0.0,0.0,0.0,0.0,0.0,0.0,0.0,bacteria,acidobacteriota,vicinamibacteria,vicinamibacterales,vicinamibacteraceae,luteitalea,luteitalea pratensis
Zotu5677,0.0,0.0,0.0,0.0,0.0,0.0,0.0,0.0,bacteria,chloroflexota,chloroflexia,kallotenuales,kallotenuaceae,kallotenue,kallotenue papyrolyticum
Zotu5678,0.0,0.0,0.0,0.052261,0.0,0.0,0.0,0.0,bacteria,bacillota,clostridia,eubacteriales,peptococcaceae,desulforamulus,desulforamulus ferrireducens
Zotu5679,0.0,0.0,0.0,0.0,0.0,0.0,0.0,0.0,bacteria,actinomycetota,nitriliruptoria,euzebyales,euzebyaceae,euzebya,euzebya pacifica
Zotu5680,0.0,0.0,0.0,0.0,0.0,0.0,0.0,0.0,bacteria,pseudomonadota,alphaproteobacteria,rhodospirillales,azospirillaceae,skermanella,skermanella rosea
Zotu5681,0.0,0.0,0.0,0.0,0.003245,0.034907,0.0,0.0,bacteria,bacillota,clostridia,eubacteriales,syntrophomonadaceae,syntrophothermus,syntrophothermus lipocalidus
Zotu5682,0.0,0.0,0.003173,0.0,0.0,0.0,0.00314,0.0,bacteria,gemmatimonadota,gemmatimonadetes,gemmatimonadales,gemmatimonadaceae,gemmatimonas,gemmatimonas aurantiaca
Zotu5683,0.0,0.0,0.0,0.0,0.0,0.0,0.0,0.0,bacteria,bacillota,clostridia,eubacteriales,symbiobacteriaceae,symbiobacterium,symbiobacterium terraclitae
Zotu5684,0.0,0.0,0.0,0.0,0.0,0.0,0.0,0.0,bacteria,acidobacteriota,vicinamibacteria,vicinamibacterales,vicinamibacteraceae,luteitalea,luteitalea pratensis
Zotu5685,0.0,0.0,0.0,0.0,0.0,0.0,0.0,0.0,bacteria,gemmatimonadota,longimicrobiia,longimicrobiales,longimicrobiaceae,longimicrobium,longimicrobium terrae
Zotu5686,0.0,0.0,0.0,0.0,0.0,0.0,0.0,0.0,archaea,methanobacteriota,methanococci,methanococcales,methanococcaceae,methanococcus,methanococcus maripaludis
Zotu5687,0.043427,0.0,0.0,0.0,0.0,0.0,0.0,0.0,bacteria,bacteroidota,sphingobacteriia,sphingobacteriales,aurantibacillaceae,aurantibacillus,aurantibacillus circumpalustris
Zotu5688,0.0,0.0,0.0,0.0,0.0,0.0,0.0,0.0,bacteria,cyanobacteriota,cyanobacteria,pseudanabaenales,leptolyngbyaceae,phormidesmis,phormidesmis priestleyi
Zotu5689,0.046768,0.064796,0.003173,0.003074,0.0,0.0,0.0,0.0,bacteria,planctomycetota,planctomycetia,pirellulales,pirellulaceae,candidatus anammoximicrobium,candidatus anammoximicrobium moscowii
Zotu5690,0.036746,0.0,0.0,0.003074,0.0,0.0,0.0,0.0,bacteria,acidobacteriota,vicinamibacteria,vicinamibacterales,vicinamibacteraceae,luteitalea,luteitalea pratensis
Zotu5691,0.046768,0.009719,0.0,0.0,0.0,0.0,0.034535,0.0,bacteria,pseudomonadota,gammaproteobacteria,gammaproteobacteria,gammaproteobacteria,acidibacter,acidibacter ferrireducens
Zotu5692,0.0,0.00324,0.0,0.0,0.045437,0.0,0.0,0.0,bacteria,acidobacteriota,thermoanaerobaculia,thermoanaerobaculales,thermoanaerobaculaceae,thermoanaerobaculum,thermoanaerobaculum aquaticum
Zotu5693,0.0,0.0,0.0,0.0,0.0,0.0,0.0,0.0,bacteria,chloroflexota,chloroflexia,herpetosiphonales,herpetosiphonaceae,herpetosiphon,herpetosiphon aurantiacus
Zotu5694,0.0,0.0,0.0,0.0,0.0,0.0,0.0,0.0,bacteria,pseudomonadota,alphaproteobacteria,sphingomonadales,sphingosinicellaceae,sphingoaurantiacus,sphingoaurantiacus polygranulatus
Zotu5695,0.0,0.0,0.0,0.0,0.003245,0.038081,0.00314,0.0,bacteria,thermodesulfobacteriota,desulfuromonadia,geobacterales,geobacteraceae,geobacter,geobacter argillaceus
Zotu5696,0.0,0.0,0.0,0.0,0.0,0.0,0.0,0.0,bacteria,bacteroidota,chitinophagia,chitinophagales,chitinophagaceae,segetibacter,segetibacter aerophilus
Zotu5697,0.0,0.0,0.0,0.0,0.0,0.0,0.0,0.0,bacteria,verrucomicrobiota,opitutae,opitutales,opitutaceae,lacunisphaera,lacunisphaera limnophila
Zotu5698,0.0,0.0,0.04442,0.0,0.0,0.0,0.0,0.0,archaea,methanobacteriota,methanococci,methanococcales,methanocaldococcaceae,methanocaldococcus,methanocaldococcus villosus
Zotu5699,0.0,0.0,0.0,0.0,0.0,0.0,0.0,0.0,bacteria,planctomycetota,phycisphaerae,tepidisphaerales,tepidisphaeraceae,tepidisphaera,tepidisphaera mucosa
Zotu5700,0.0,0.0,0.003173,0.003074,0.0,0.0,0.0,0.0,bacteria,gemmatimonadota,gemmatimonadetes,gemmatimonadales,gemmatimonadaceae,roseisolibacter,roseisolibacter agri
Zotu5701,0.0,0.0,0.0,0.0,0.0,0.0,0.0,0.0,bacteria,bacillota,bacilli,bacillales,paenibacillaceae,brevibacillus,brevibacillus borstelensis
Zotu5702,0.0,0.0,0.0,0.0,0.0,0.0,0.0,0.0,bacteria,verrucomicrobiota,verrucomicrobiae,verrucomicrobiales,verrucomicrobia subdivision 3,pedosphaera,pedosphaera parvula
Zotu5703,0.0,0.0,0.130089,0.0,0.0,0.0,0.006279,0.0,archaea,methanobacteriota,thermoplasmata,methanomassiliicoccales,methanomassiliicoccaceae,methanomassiliicoccus,candidatus methanomassiliicoccus intestinalis
Zotu5704,0.0,0.00324,0.0,0.0,0.032455,0.0,0.0,0.0,bacteria,actinomycetota,thermoleophilia,solirubrobacterales,parviterribacteraceae,parviterribacter,parviterribacter kavangonensis
Zotu5705,0.003341,0.0,0.0,0.0,0.0,0.0,0.0,0.0,bacteria,actinomycetota,thermoleophilia,solirubrobacterales,solirubrobacteraceae,solirubrobacter,solirubrobacter phytolaccae
Zotu5706,0.0,0.0,0.0,0.0,0.0,0.0,0.0,0.0,bacteria,gemmatimonadota,longimicrobiia,longimicrobiales,longimicrobiaceae,longimicrobium,longimicrobium terrae
Zotu5707,0.0,0.0,0.0,0.0,0.0,0.0,0.0,0.0,bacteria,pseudomonadota,gammaproteobacteria,pasteurellales,pasteurellaceae,haemophilus,haemophilus parainfluenzae
Zotu5708,0.0,0.0,0.0,0.0,0.0,0.0,0.0,0.0,bacteria,actinomycetota,acidimicrobiia,acidimicrobiales,acidimicrobiaceae,aciditerrimonas,aciditerrimonas ferrireducens
Zotu5709,0.0,0.0,0.0,0.0,0.0,0.0,0.0,0.0,bacteria,pseudomonadota,alphaproteobacteria,rhodospirillales,azospirillaceae,skermanella,skermanella rosea
Zotu5710,0.0,0.0,0.0,0.0,0.0,0.0,0.0,0.0,bacteria,pseudomonadota,alphaproteobacteria,geminicoccales,geminicoccaceae,arboricoccus,arboricoccus pini
Zotu5711,0.016703,0.019439,0.0,0.0,0.0,0.0,0.037674,0.00314,bacteria,bacillota,clostridia,eubacteriales,symbiobacteriaceae,symbiobacterium,symbiobacterium terraclitae
Zotu5712,0.0,0.0,0.0,0.0,0.0,0.0,0.0,0.0,bacteria,pseudomonadota,alphaproteobacteria,sphingomonadales,sphingomonadaceae,sphingomonas,sphingomonas flava
Zotu5713,0.003341,0.0,0.003173,0.003074,0.0,0.0,0.0,0.0,bacteria,acidobacteriota,thermoanaerobaculia,thermoanaerobaculales,thermoanaerobaculaceae,thermoanaerobaculum,thermoanaerobaculum aquaticum
Zotu5714,0.0,0.0,0.0,0.0,0.0,0.0,0.0,0.0,bacteria,pseudomonadota,alphaproteobacteria,hyphomicrobiales,beijerinckiaceae,methylocella,methylocella tundrae
Zotu5715,0.016703,0.032398,0.0,0.003074,0.0,0.0,0.0,0.00314,bacteria,pseudomonadota,betaproteobacteria,nitrosomonadales,thiobacillaceae,annwoodia,annwoodia aquaesulis
Zotu5716,0.0,0.0,0.0,0.0,0.0,0.0,0.0,0.0,bacteria,bacillota,clostridia,eubacteriales,symbiobacteriaceae,symbiobacterium,symbiobacterium terraclitae
Zotu5717,0.0,0.0,0.0,0.0,0.0,0.0,0.0,0.0,bacteria,chloroflexota,tepidiformia,tepidiformales,tepidiformaceae,tepidiforma,tepidiforma bonchosmolovskayae
Zotu5718,0.016703,0.152271,0.006346,0.0,0.0,0.0,0.0,0.0,archaea,methanobacteriota,thermoplasmata,methanomassiliicoccales,methanomassiliicoccaceae,methanomassiliicoccus,candidatus methanomassiliicoccus intestinalis
Zotu5719,0.0,0.0,0.0,0.0,0.0,0.0,0.00314,0.0,bacteria,actinomycetota,rubrobacteria,rubrobacterales,rubrobacteraceae,rubrobacter,rubrobacter radiotolerans
Zotu5720,0.0,0.0,0.069804,0.0,0.0,0.0,0.00314,0.0,bacteria,actinomycetota,thermoleophilia,solirubrobacterales,conexibacteraceae,conexibacter,conexibacter arvalis
Zotu5721,0.0,0.0,0.0,0.0,0.0,0.0,0.0,0.0,bacteria,thermodesulfobacteriota,desulfuromonadia,desulfuromonadales,desulfuromonadaceae,desulfuromonas,desulfuromonas palmitatis
Zotu5722,0.0,0.0,0.0,0.0,0.0,0.0,0.0,0.0,bacteria,bacteroidota,cytophagia,cytophagales,cytophagaceae,rhodocytophaga,rhodocytophaga rosea
Zotu5723,0.0,0.0,0.0,0.0,0.0,0.0,0.0,0.0,bacteria,bacillota,bacilli,lactobacillales,streptococcaceae,streptococcus,streptococcus sinensis
Zotu5724,0.0,0.0,0.0,0.0,0.0,0.0,0.0,0.0,bacteria,bacteroidota,bacteroidia,marinilabiliales,prolixibacteraceae,aquipluma,aquipluma nitroreducens
Zotu5725,0.0,0.0,0.0,0.0,0.0,0.006347,0.0,0.0,bacteria,acidobacteriota,vicinamibacteria,vicinamibacterales,vicinamibacteraceae,luteitalea,luteitalea pratensis
Zotu5726,0.0,0.0,0.0,0.0,0.0,0.0,0.0,0.0,bacteria,bacillota,bacilli,bacillales,paenibacillaceae,paenibacillus,paenibacillus yonginensis
Zotu5727,0.0,0.0,0.0,0.0,0.0,0.003173,0.0,0.0,bacteria,verrucomicrobiota,verrucomicrobiae,limisphaerales,fontisphaeraceae,fontisphaera,fontisphaera persica
Zotu5728,0.0,0.0,0.057112,0.0,0.0,0.0,0.0,0.0,bacteria,actinomycetota,acidimicrobiia,acidimicrobiales,acidimicrobiaceae,aciditerrimonas,aciditerrimonas ferrireducens
Zotu5729,0.0,0.0,0.0,0.0,0.0,0.0,0.0,0.0,bacteria,bacteroidota,chitinophagia,chitinophagales,chitinophagaceae,sediminibacterium,sediminibacterium goheungense
Zotu5730,0.0,0.0,0.0,0.0,0.0,0.0,0.0,0.0,bacteria,deinococcota,deinococci,deinococcales,deinococcaceae,deinococcus,deinococcus metalli
Zotu5731,0.0,0.0,0.0,0.0,0.0,0.0,0.0,0.018841,bacteria,myxococcota,myxococcota,nannocystales,nannocystaceae,nannocystis,nannocystis pusilla
Zotu5732,0.0,0.0,0.0,0.0,0.0,0.0,0.056511,0.0,bacteria,acidobacteriota,blastocatellia,blastocatellales,pyrinomonadaceae,pyrinomonas,pyrinomonas methylaliphatogenes
Zotu5733,0.0,0.0,0.0,0.0,0.0,0.0,0.0,0.0,bacteria,gemmatimonadota,gemmatimonadetes,gemmatimonadales,gemmatimonadaceae,roseisolibacter,roseisolibacter agri
Zotu5734,0.0,0.0,0.0,0.0,0.0,0.0,0.050232,0.0,bacteria,actinomycetota,thermoleophilia,miltoncostaeales,miltoncostaeaceae,miltoncostaea,miltoncostaea marina
Zotu5735,0.006681,0.0,0.0,0.003074,0.029209,0.0,0.0,0.0,bacteria,actinomycetota,acidimicrobiia,acidimicrobiales,iamiaceae,actinomarinicola,actinomarinicola tropica
Zotu5736,0.0,0.0,0.0,0.052261,0.0,0.0,0.0,0.0,bacteria,gemmatimonadota,longimicrobiia,longimicrobiales,longimicrobiaceae,longimicrobium,longimicrobium terrae
Zotu5737,0.0,0.0,0.0,0.0,0.077892,0.0,0.0,0.0,bacteria,planctomycetota,planctomycetia,gemmatales,gemmataceae,gemmata,gemmata palustris
Zotu5738,0.0,0.0,0.0,0.0,0.0,0.0,0.0,0.0,bacteria,chloroflexota,chloroflexia,herpetosiphonales,herpetosiphonaceae,herpetosiphon,herpetosiphon geysericola
Zotu5739,0.0,0.0,0.0,0.0,0.0,0.0,0.0,0.0,bacteria,bacillota,clostridia,peptostreptococcales,filifactoraceae,criibacterium,criibacterium bergeronii
Zotu5740,0.0,0.0,0.0,0.0,0.0,0.0,0.0,0.0,bacteria,deinococcota,deinococci,trueperales,trueperaceae,truepera,truepera radiovictrix
Zotu5741,0.0,0.038878,0.0,0.0,0.038946,0.0,0.0,0.0,bacteria,gemmatimonadota,longimicrobiia,longimicrobiales,longimicrobiaceae,longimicrobium,longimicrobium terrae
Zotu5742,0.0,0.048597,0.0,0.003074,0.0,0.0,0.182092,0.0,archaea,methanobacteriota,thermoplasmata,methanomassiliicoccales,methanomassiliicoccaceae,methanomassiliicoccus,candidatus methanomassiliicoccus intestinalis
Zotu5743,0.0,0.0,0.0,0.0,0.0,0.0,0.0,0.0,bacteria,actinomycetota,actinomycetes,propionibacteriales,nocardioidaceae,aeromicrobium,aeromicrobium tamlense
Zotu5744,0.0,0.0,0.0,0.0,0.0,0.0,0.0,0.0,bacteria,pseudomonadota,alphaproteobacteria,rickettsiales,rickettsiaceae,rickettsia,rickettsia australis
Zotu5745,0.0,0.0,0.0,0.0,0.0,0.0,0.0,0.0,bacteria,bacillota,clostridia,eubacteriales,peptococcaceae,thermanaerosceptrum,thermanaerosceptrum fracticalcis
Zotu5746,0.0,0.0,0.0,0.0,0.0,0.0,0.0,0.0,bacteria,actinomycetota,thermoleophilia,thermoleophilales,thermoleophilaceae,thermoleophilum,thermoleophilum album
Zotu5747,0.0,0.0,0.0,0.0,0.0,0.0,0.0,0.0,bacteria,verrucomicrobiota,verrucomicrobiae,verrucomicrobiales,verrucomicrobia subdivision 3,pedosphaera,pedosphaera parvula
Zotu5748,0.0,0.0,0.0,0.0,0.0,0.0,0.0,0.0,bacteria,bacillota,clostridia,eubacteriales,symbiobacteriaceae,symbiobacterium,symbiobacterium terraclitae
Zotu5749,0.0,0.0,0.003173,0.0,0.0,0.0,0.0,0.00628,bacteria,actinomycetota,thermoleophilia,solirubrobacterales,conexibacteraceae,conexibacter,conexibacter arvalis
Zotu5751,0.0,0.0,0.0,0.0,0.0,0.00952,0.0,0.0,bacteria,actinomycetota,actinomycetes,streptosporangiales,streptosporangiaceae,nonomuraea,nonomuraea soli
Zotu5752,0.0,0.0,0.0,0.0,0.0,0.0,0.0,0.0,bacteria,bacteroidota,cytophagia,cytophagales,hymenobacteraceae,hymenobacter,hymenobacter ocellatus
Zotu5753,0.0,0.0,0.0,0.0,0.0,0.0,0.0,0.0,bacteria,actinomycetota,actinomycetes,micrococcales,microbacteriaceae,pseudolysinimonas,pseudolysinimonas kribbensis
Zotu5754,0.0,0.0,0.0,0.0,0.0,0.0,0.0,0.0,bacteria,acidobacteriota,vicinamibacteria,vicinamibacterales,vicinamibacteraceae,luteitalea,luteitalea pratensis
Zotu5755,0.0,0.0,0.0,0.0,0.0,0.0,0.050232,0.0,bacteria,pseudomonadota,deltaproteobacteria,myxococcales,anaeromyxobacteraceae,anaeromyxobacter,anaeromyxobacter dehalogenans
Zotu5756,0.103558,0.00324,0.0,0.0,0.0,0.0,0.00314,0.0,bacteria,bacillota,clostridia,eubacteriales,syntrophomonadaceae,syntrophothermus,syntrophothermus lipocalidus
Zotu5757,0.0,0.0,0.0,0.0,0.0,0.0,0.00314,0.0,bacteria,actinomycetota,actinomycetes,motilibacterales,vallicoccaceae,vallicoccus,vallicoccus soli
Zotu5759,0.0,0.0,0.003173,0.0,0.0,0.0,0.0,0.0,bacteria,thermomicrobiota,thermomicrobia,sphaerobacterales,sphaerobacteraceae,sphaerobacter,sphaerobacter thermophilus
Zotu5760,0.0,0.0,0.0,0.0,0.0,0.0,0.040814,0.0,bacteria,pseudomonadota,betaproteobacteria,burkholderiales,oxalobacteraceae,noviherbaspirillum,noviherbaspirillum massiliense
Zotu5761,0.086855,0.0,0.0,0.0,0.0,0.0,0.00314,0.0,bacteria,verrucomicrobiota,opitutae,opitutales,opitutaceae,geminisphaera,geminisphaera colitermitum
Zotu5763,0.0,0.0,0.0,0.0,0.0,0.0,0.0,0.0,bacteria,acidobacteriota,acidobacteriia,bryobacterales,solibacteraceae,candidatus solibacter,candidatus solibacter usitatus
Zotu5764,0.0,0.0,0.0,0.0,0.0,0.0,0.0,0.0,bacteria,gemmatimonadota,longimicrobiia,longimicrobiales,longimicrobiaceae,longimicrobium,longimicrobium terrae
Zotu5765,0.006681,0.0,0.0,0.0,0.0,0.0,0.0,0.009421,bacteria,chloroflexota,caldilineae,caldilineales,caldilineaceae,litorilinea,litorilinea aerophila
Zotu5766,0.0,0.0,0.0,0.0,0.0,0.0,0.0,0.0,bacteria,pseudomonadota,deltaproteobacteria,myxococcales,anaeromyxobacteraceae,anaeromyxobacter,anaeromyxobacter dehalogenans
Zotu5768,0.0,0.0,0.0,0.0,0.0,0.0,0.0,0.062804,bacteria,bacteroidota,cytophagia,cytophagales,cytophagaceae,rhodocytophaga,rhodocytophaga aerolata
Zotu5769,0.0,0.025918,0.0,0.0,0.025964,0.0,0.0,0.0,bacteria,gemmatimonadota,longimicrobiia,longimicrobiales,longimicrobiaceae,longimicrobium,longimicrobium terrae
Zotu5770,0.0,0.0,0.0,0.003074,0.0,0.0,0.031395,0.00628,bacteria,bacillota,clostridia,eubacteriales,desulfotomaculaceae,desulfotomaculum,desulfotomaculum nigrificans
Zotu5771,0.003341,0.0,0.0,0.0,0.0,0.0,0.0,0.037683,bacteria,pseudomonadota,alphaproteobacteria,sphingomonadales,sphingomonadaceae,hephaestia,hephaestia caeni
Zotu5772,0.0,0.0,0.0,0.0,0.0,0.0,0.0,0.0,bacteria,pseudomonadota,alphaproteobacteria,sphingomonadales,erythrobacteraceae,aurantiacibacter,aurantiacibacter sediminis
Zotu5773,0.0,0.0,0.0,0.0,0.0,0.0,0.0,0.0,bacteria,chloroflexota,chloroflexia,kallotenuales,kallotenuaceae,kallotenue,kallotenue papyrolyticum
Zotu5774,0.0,0.0,0.0,0.0,0.0,0.0,0.0,0.0,bacteria,pseudomonadota,alphaproteobacteria,sphingomonadales,sphingomonadaceae,sphingomonas,sphingomonas lutea
Zotu5775,0.0,0.0,0.0,0.0,0.0,0.0,0.0,0.0,bacteria,pseudomonadota,alphaproteobacteria,rhodospirillales,acetobacteraceae,roseomonas,roseomonas chloroacetimidivorans
Zotu5776,0.0,0.0,0.0,0.0,0.0,0.0,0.0,0.0,bacteria,pseudomonadota,betaproteobacteria,nitrosomonadales,methylophilaceae,methylobacillus,methylobacillus flagellatus
Zotu5777,0.0,0.0,0.0,0.0,0.0,0.0,0.0,0.0,bacteria,actinomycetota,actinomycetes,streptosporangiales,thermomonosporaceae,actinocorallia,actinocorallia libanotica
Zotu5778,0.0,0.0,0.130089,0.0,0.0,0.0,0.0,0.0,archaea,methanobacteriota,thermoplasmata,methanomassiliicoccales,methanomassiliicoccaceae,methanomassiliicoccus,candidatus methanomassiliicoccus intestinalis
Zotu5779,0.0,0.0,0.0,0.0,0.009736,0.012694,0.00314,0.00314,bacteria,planctomycetota,planctomycetia,pirellulales,thermoguttaceae,thermogutta,thermogutta terrifontis
Zotu5780,0.0,0.0,0.003173,0.0,0.0,0.0,0.0,0.0,bacteria,actinomycetota,actinomycetes,bifidobacteriales,bifidobacteriaceae,bifidobacterium,bifidobacterium porcinum
Zotu5781,0.0,0.0,0.0,0.0,0.0,0.0,0.0,0.0,archaea,methanobacteriota,thermoplasmata,methanomassiliicoccales,methanomassiliicoccaceae,methanomassiliicoccus,methanomassiliicoccus luminyensis
Zotu5782,0.0,0.0,0.0,0.0,0.0,0.0,0.0,0.0,bacteria,bacillota,clostridia,eubacteriales,clostridiales family xvii. incertae sedis,thermaerobacter,thermaerobacter subterraneus
Zotu5783,0.0,0.0,0.060285,0.0,0.0,0.0,0.0,0.0,bacteria,thermodesulfobacteriota,desulfobulbia,desulfobulbales,desulfobulbaceae,desulfolithobacter,desulfolithobacter dissulfuricans
Zotu5785,0.0,0.0,0.0,0.0,0.0,0.0,0.0,0.0,bacteria,pseudomonadota,alphaproteobacteria,sphingomonadales,sphingomonadaceae,sphingomonas,sphingomonas jaspsi
Zotu5786,0.0,0.00648,0.0,0.0,0.0,0.003173,0.00314,0.0,archaea,methanobacteriota,thermoplasmata,methanomassiliicoccales,methanomassiliicoccaceae,methanomassiliicoccus,candidatus methanomassiliicoccus intestinalis
Zotu5787,0.0,0.0,0.0,0.0,0.0,0.0,0.0,0.0,bacteria,thermomicrobiota,thermomicrobia,sphaerobacterales,sphaerobacteraceae,nitrolancea,nitrolancea hollandica
Zotu5788,0.0,0.0,0.072976,0.0,0.003245,0.0,0.0,0.0,bacteria,acidobacteriota,terriglobia,bryobacterales,bryobacteraceae,paludibaculum,paludibaculum fermentans
Zotu5789,0.0,0.0,0.0,0.098374,0.0,0.0,0.0,0.0,bacteria,bacillota,bacilli,bacillales,bacillaceae,lysinibacillus,lysinibacillus pakistanensis
Zotu5790,0.0,0.0,0.0,0.0,0.0,0.0,0.0,0.0,bacteria,pseudomonadota,alphaproteobacteria,sphingomonadales,sphingomonadaceae,sphingomonas,sphingomonas lutea
Zotu5791,0.0,0.0,0.0,0.0,0.0,0.0,0.0,0.0,bacteria,bacillota,bacilli,bacillales,bacillales,exiguobacterium,exiguobacterium oxidotolerans
Zotu5792,0.0,0.0,0.0,0.0,0.0,0.0,0.0,0.0,bacteria,bdellovibrionota,bacteriovoracia,bacteriovoracales,bacteriovoracaceae,peredibacter,peredibacter starrii
Zotu5794,0.0,0.0,0.0,0.0,0.0,0.0,0.0,0.0,bacteria,actinomycetota,actinomycetes,streptosporangiales,streptosporangiaceae,nonomuraea,nonomuraea thailandensis
Zotu5795,0.0,0.009719,0.0,0.0,0.081137,0.00952,0.009419,0.00314,bacteria,gemmatimonadota,gemmatimonadetes,gemmatimonadales,gemmatimonadaceae,gemmatimonas,gemmatimonas phototrophica
Zotu5796,0.0,0.0,0.0,0.0,0.0,0.003173,0.0,0.0,bacteria,verrucomicrobiota,verrucomicrobiae,verrucomicrobiales,verrucomicrobia subdivision 3,pedosphaera,pedosphaera parvula
Zotu5797,0.0,0.0,0.0,0.0,0.0,0.0,0.0,0.0,bacteria,planctomycetota,planctomycetia,pirellulales,pirellulaceae,bremerella,bremerella alba
Zotu5798,0.0,0.00324,0.0,0.0,0.019473,0.0,0.06279,0.0,bacteria,gemmatimonadota,longimicrobiia,longimicrobiales,longimicrobiaceae,longimicrobium,longimicrobium terrae
Zotu5799,0.0,0.0,0.0,0.0,0.0,0.0,0.0,0.0,bacteria,pseudomonadota,alphaproteobacteria,sphingomonadales,sphingosinicellaceae,sphingosinicella,sphingosinicella humi
Zotu5800,0.0,0.0,0.0,0.0,0.0,0.0,0.0,0.0,bacteria,acidobacteriota,vicinamibacteria,vicinamibacterales,vicinamibacteraceae,vicinamibacter,vicinamibacter silvestris
Zotu5801,0.0,0.0,0.0,0.0,0.068155,0.0,0.0,0.0,bacteria,pseudomonadota,oligoflexia,bdellovibrionales,bdellovibrionaceae,bdellovibrio,bdellovibrio bacteriovorus
Zotu5802,0.0,0.0,0.101533,0.0,0.0,0.0,0.0,0.00314,bacteria,planctomycetota,planctomycetia,pirellulales,thermoguttaceae,thermogutta,thermogutta terrifontis
Zotu5803,0.0,0.0,0.0,0.0,0.0,0.0,0.0,0.0,bacteria,gemmatimonadota,gemmatimonadetes,gemmatimonadales,gemmatimonadaceae,gemmatimonas,gemmatimonas phototrophica
Zotu5804,0.0,0.0,0.0,0.0,0.0,0.0,0.0,0.0,bacteria,planctomycetota,planctomycetia,pirellulales,pirellulaceae,lignipirellula,lignipirellula cremea
Zotu5805,0.0,0.0,0.0,0.0,0.0,0.0,0.0,0.0,bacteria,pseudomonadota,alphaproteobacteria,sphingomonadales,erythrobacteraceae,aurantiacibacter,aurantiacibacter luteus
Zotu5806,0.0,0.0,0.0,0.0,0.0,0.0,0.0,0.0,bacteria,gemmatimonadota,longimicrobiia,longimicrobiales,longimicrobiaceae,longimicrobium,longimicrobium terrae
Zotu5807,0.013362,0.00648,0.031729,0.0,0.029209,0.0,0.0,0.0,bacteria,gemmatimonadota,gemmatimonadetes,gemmatimonadales,gemmatimonadaceae,roseisolibacter,roseisolibacter agri
Zotu5808,0.0,0.0,0.0,0.0,0.0,0.003173,0.0,0.018841,bacteria,actinomycetota,nitriliruptoria,salsipaludibacterales,salsipaludibacteraceae,salsipaludibacter,salsipaludibacter albus
Zotu5809,0.0,0.0,0.003173,0.003074,0.0,0.0,0.0,0.0,bacteria,planctomycetota,planctomycetia,pirellulales,pirellulaceae,anatilimnocola,anatilimnocola aggregata
Zotu5810,0.006681,0.0,0.0,0.0,0.0,0.0,0.0,0.0,bacteria,chloroflexota,anaerolineae,anaerolineales,anaerolineaceae,thermanaerothrix,thermanaerothrix daxensis
Zotu5811,0.0,0.00324,0.0,0.0,0.0,0.00952,0.310813,0.00628,bacteria,gemmatimonadota,longimicrobiia,longimicrobiales,longimicrobiaceae,longimicrobium,longimicrobium terrae
Zotu5812,0.0,0.0,0.0,0.0,0.0,0.0,0.0,0.0,bacteria,actinomycetota,actinomycetes,streptosporangiales,streptosporangiaceae,nonomuraea,nonomuraea soli
Zotu5813,0.0,0.0,0.0,0.0,0.0,0.0,0.0,0.0,bacteria,bacillota,clostridia,eubacteriales,symbiobacteriaceae,symbiobacterium,symbiobacterium terraclitae
Zotu5814,0.046768,0.00324,0.0,0.0,0.019473,0.0,0.0,0.0,bacteria,actinomycetota,acidimicrobiia,acidimicrobiales,acidimicrobiaceae,aciditerrimonas,aciditerrimonas ferrireducens
Zotu5815,0.0,0.0,0.047593,0.003074,0.0,0.003173,0.034535,0.0,bacteria,bacillota,clostridia,eubacteriales,symbiobacteriaceae,symbiobacterium,symbiobacterium terraclitae
Zotu5816,0.0,0.0,0.0,0.0,0.0,0.0,0.0,0.0,bacteria,pseudomonadota,alphaproteobacteria,hyphomicrobiales,methylobacteriaceae,microvirga,microvirga pakistanensis
Zotu5817,0.0,0.0,0.0,0.0,0.0,0.0,0.0,0.0,bacteria,bacteroidota,cytophagia,cytophagales,spirosomataceae,fibrella,fibrella rubiginis
Zotu5818,0.0,0.0,0.0,0.0,0.0,0.0,0.0,0.0,bacteria,bacillota,bacilli,lactobacillales,lactobacillaceae,leuconostoc,leuconostoc gasicomitatum
Zotu5819,0.010022,0.0,0.0,0.0,0.0,0.0,0.0,0.015701,bacteria,myxococcota,myxococcia,myxococcales,myxococcaceae,simulacricoccus,simulacricoccus ruber
Zotu5820,0.0,0.00648,0.0,0.0,0.0,0.025387,0.021977,0.0,bacteria,gemmatimonadota,gemmatimonadetes,gemmatimonadales,gemmatimonadaceae,roseisolibacter,roseisolibacter agri
Zotu5821,0.0,0.0,0.0,0.0,0.0,0.0,0.0,0.009421,bacteria,chloroflexota,chloroflexota,chloroflexota,chloroflexota,thermobaculum,thermobaculum terrenum
Zotu5822,0.0,0.0,0.0,0.0,0.0,0.0,0.0,0.0,bacteria,chloroflexota,chloroflexia,herpetosiphonales,herpetosiphonaceae,herpetosiphon,herpetosiphon aurantiacus
Zotu5823,0.0,0.0,0.0,0.0,0.0,0.0,0.0,0.0,bacteria,bacteroidota,bacteroidia,bacteroidales,lentimicrobiaceae,lentimicrobium,lentimicrobium saccharophilum
Zotu5824,0.0,0.0,0.0,0.0,0.0,0.0,0.0,0.0,bacteria,actinomycetota,acidimicrobiia,acidimicrobiales,iamiaceae,actinomarinicola,actinomarinicola tropica
Zotu5825,0.0,0.0,0.0,0.0,0.0,0.0,0.0,0.0,bacteria,pseudomonadota,alphaproteobacteria,sphingomonadales,sphingomonadaceae,sphingomonas,sphingomonas edaphi
Zotu5826,0.0,0.0,0.0,0.0,0.003245,0.0,0.0,0.0,bacteria,bacteroidota,chitinophagia,chitinophagales,chitinophagaceae,flavisolibacter,flavisolibacter metallilatus
Zotu5827,0.026725,0.0,0.0,0.0,0.0,0.0,0.0,0.0,bacteria,pseudomonadota,alphaproteobacteria,alphaproteobacteria,alphaproteobacteria,candidatus monilibacter,candidatus monilibacter batavus
Zotu5828,0.0,0.0,0.0,0.0,0.0,0.0,0.00314,0.00314,bacteria,bacillota,clostridia,eubacteriales,symbiobacteriaceae,symbiobacterium,symbiobacterium terraclitae
Zotu5829,0.0,0.0,0.003173,0.0,0.003245,0.0,0.0,0.0,bacteria,pseudomonadota,gammaproteobacteria,gammaproteobacteria,gammaproteobacteria,acidibacter,acidibacter ferrireducens
Zotu5830,0.0,0.0,0.0,0.0,0.0,0.0,0.0,0.0,bacteria,bacillota,clostridia,eubacteriales,symbiobacteriaceae,symbiobacterium,symbiobacterium terraclitae
Zotu5831,0.0,0.0,0.0,0.0,0.0,0.0,0.0,0.047103,bacteria,pseudomonadota,deltaproteobacteria,myxococcales,kofleriaceae,kofleria,kofleria flava
Zotu5832,0.0,0.0,0.0,0.0,0.0,0.0,0.0,0.0,bacteria,actinomycetota,thermoleophilia,thermoleophilales,thermoleophilaceae,thermoleophilum,thermoleophilum album
Zotu5833,0.0,0.0,0.0,0.0,0.0,0.0,0.0,0.0,bacteria,bacteroidota,cytophagia,cytophagales,hymenobacteraceae,hymenobacter,hymenobacter rivuli
Zotu5834,0.0,0.0,0.0,0.0,0.0,0.0,0.0,0.0,bacteria,pseudomonadota,alphaproteobacteria,rhodobacterales,roseobacteraceae,rubellimicrobium,rubellimicrobium thermophilum
Zotu5835,0.0,0.0,0.0,0.0,0.0,0.0,0.0,0.047103,bacteria,pseudomonadota,deltaproteobacteria,myxococcales,kofleriaceae,kofleria,kofleria flava
Zotu5836,0.0,0.0,0.0,0.0,0.0,0.0,0.0,0.0,bacteria,pseudomonadota,betaproteobacteria,nitrosomonadales,thiobacillaceae,annwoodia,annwoodia aquaesulis
Zotu5837,0.0,0.0,0.0,0.0,0.0,0.0,0.0,0.0,archaea,methanobacteriota,halobacteria,halobacteriales,halobacteriaceae,halobacterium,halobacterium bonnevillei
Zotu5838,0.003341,0.0,0.0,0.0,0.094119,0.0,0.0,0.0,bacteria,pseudomonadota,alphaproteobacteria,hyphomicrobiales,methylobacteriaceae,microvirga,microvirga thermotolerans
Zotu5839,0.003341,0.0,0.0,0.0,0.0,0.0,0.0,0.00314,bacteria,actinomycetota,acidimicrobiia,acidimicrobiales,iamiaceae,actinomarinicola,actinomarinicola tropica
Zotu5840,0.0,0.0,0.0,0.0,0.0,0.0,0.0,0.0,bacteria,gemmatimonadota,longimicrobiia,longimicrobiales,longimicrobiaceae,longimicrobium,longimicrobium terrae
Zotu5841,0.0,0.0,0.0,0.159857,0.0,0.0,0.0,0.0,bacteria,pseudomonadota,alphaproteobacteria,rickettsiales,candidatus midichloriaceae,candidatus lariskella,candidatus lariskella arthropodarum
Zotu5842,0.0,0.0,0.0,0.0,0.0,0.0,0.0,0.0,bacteria,planctomycetota,planctomycetia,planctomycetales,planctomycetaceae,thalassoroseus,thalassoroseus pseudoceratinae
Zotu5844,0.0,0.00324,0.0,0.0,0.0,0.0,0.00314,0.0,bacteria,pseudomonadota,betaproteobacteria,burkholderiales,burkholderiaceae,lautropia,lautropia mirabilis
Zotu5845,0.0,0.0,0.0,0.0,0.0,0.0,0.0,0.0,bacteria,bacteroidota,cytophagia,cytophagales,fulvivirgaceae,ohtaekwangia,ohtaekwangia kribbensis
Zotu5846,0.0,0.0,0.0,0.0,0.0,0.0,0.0,0.0,bacteria,actinomycetota,acidimicrobiia,acidimicrobiales,acidimicrobiaceae,aciditerrimonas,aciditerrimonas ferrireducens
Zotu5847,0.0,0.0,0.0,0.0,0.0,0.0,0.0,0.0,bacteria,acidobacteriota,blastocatellia,blastocatellales,arenimicrobiaceae,brevitalea,brevitalea aridisoli
Zotu5848,0.010022,0.0,0.0,0.0,0.0,0.034907,0.0,0.0,bacteria,pseudomonadota,deltaproteobacteria,myxococcales,anaeromyxobacteraceae,anaeromyxobacter,anaeromyxobacter dehalogenans
Zotu5849,0.0,0.0,0.0,0.0,0.0,0.0,0.0,0.0,bacteria,actinomycetota,acidimicrobiia,acidimicrobiales,ilumatobacteraceae,ilumatobacter,ilumatobacter fluminis
Zotu5850,0.003341,0.035638,0.031729,0.0,0.0,0.0,0.091046,0.0,archaea,methanobacteriota,thermoplasmata,methanomassiliicoccales,methanomassiliicoccaceae,methanomassiliicoccus,candidatus methanomassiliicoccus intestinalis
Zotu5851,0.0,0.0,0.0,0.0,0.0,0.0,0.0,0.0,bacteria,actinomycetota,rubrobacteria,rubrobacterales,rubrobacteraceae,rubrobacter,rubrobacter naiadicus
Zotu5852,0.0,0.0,0.0,0.0,0.0,0.0,0.0,0.0,bacteria,actinomycetota,rubrobacteria,gaiellales,gaiellaceae,gaiella,gaiella occulta
Zotu5853,0.0,0.0,0.0,0.0,0.0,0.0,0.0,0.109907,bacteria,thermodesulfobacteriota,desulfuromonadia,geobacterales,geobacteraceae,geomobilimonas,geomobilimonas luticola
Zotu5854,0.0,0.0,0.0,0.0,0.0,0.0,0.0,0.0,bacteria,actinomycetota,actinomycetes,streptosporangiales,thermomonosporaceae,actinocorallia,actinocorallia cavernae
Zotu5855,0.0,0.0,0.0,0.0,0.0,0.0,0.0,0.0,bacteria,pseudomonadota,deltaproteobacteria,desulfuromonadales,desulfuromonadaceae,pelobacter,pelobacter carbinolicus
Zotu5856,0.0,0.0,0.0,0.0,0.0,0.0,0.0,0.0,bacteria,actinomycetota,acidimicrobiia,acidimicrobiales,iamiaceae,actinomarinicola,actinomarinicola tropica
Zotu5857,0.0,0.0,0.0,0.0,0.0,0.0,0.0,0.012561,archaea,methanobacteriota,thermoplasmata,methanomassiliicoccales,candidatus methanomethylophilaceae,candidatus methanomethylophilus,candidatus methanomethylophilus alvus
Zotu5858,0.0,0.0,0.0,0.0,0.0,0.0,0.0,0.0,bacteria,pseudomonadota,hydrogenophilia,hydrogenophilia,hydrogenophilia,pelomicrobium,pelomicrobium methylotrophicum
Zotu5859,0.0,0.0,0.0,0.0,0.0,0.053948,0.0,0.0,bacteria,chloroflexota,caldilineae,caldilineales,caldilineaceae,caldilinea,caldilinea tarbellica
Zotu5860,0.0,0.0,0.0,0.0,0.0,0.0,0.0,0.0,bacteria,bacillota,bacilli,bacillales,paenibacillaceae,paenibacillus,paenibacillus antri
Zotu5861,0.0,0.0,0.0,0.0,0.0,0.0,0.0,0.0,bacteria,gemmatimonadota,longimicrobiia,longimicrobiales,longimicrobiaceae,longimicrobium,longimicrobium terrae
Zotu5863,0.016703,0.0,0.0,0.0,0.0,0.0,0.0,0.0,bacteria,actinomycetota,actinomycetes,streptosporangiales,thermomonosporaceae,actinomadura,actinomadura geliboluensis
Zotu5864,0.0,0.0,0.0,0.0,0.0,0.0,0.0,0.0,bacteria,pseudomonadota,deltaproteobacteria,myxococcales,anaeromyxobacteraceae,anaeromyxobacter,anaeromyxobacter dehalogenans
Zotu5865,0.0,0.038878,0.0,0.0,0.0,0.0,0.084767,0.018841,archaea,methanobacteriota,thermoplasmata,methanomassiliicoccales,methanomassiliicoccaceae,methanomassiliicoccus,candidatus methanomassiliicoccus intestinalis
Zotu5866,0.026725,0.051837,0.0,0.0,0.0,0.0,0.00314,0.0,bacteria,gemmatimonadota,longimicrobiia,longimicrobiales,longimicrobiaceae,longimicrobium,longimicrobium terrae
Zotu5867,0.003341,0.0,0.082495,0.0,0.0,0.0,0.0,0.0,bacteria,gemmatimonadota,longimicrobiia,longimicrobiales,longimicrobiaceae,longimicrobium,longimicrobium terrae
Zotu5868,0.0,0.0,0.0,0.0,0.0,0.012694,0.0,0.0,bacteria,actinomycetota,rubrobacteria,gaiellales,gaiellaceae,gaiella,gaiella occulta
Zotu5869,0.0,0.0,0.003173,0.0,0.0,0.0,0.0,0.0,bacteria,acidobacteriota,vicinamibacteria,vicinamibacterales,vicinamibacteraceae,luteitalea,luteitalea pratensis
Zotu5870,0.0,0.0,0.0,0.0,0.0,0.0,0.0,0.0,bacteria,pseudomonadota,betaproteobacteria,burkholderiales,sphaerotilaceae,rubrivivax,rubrivivax rivuli
Zotu5871,0.0,0.0,0.0,0.0,0.0,0.0,0.0,0.0,bacteria,planctomycetota,planctomycetia,gemmatales,gemmataceae,urbifossiella,urbifossiella limnaea
Zotu5872,0.0,0.0,0.0,0.0,0.0,0.0,0.0,0.0,bacteria,pseudomonadota,alphaproteobacteria,sphingomonadales,sphingomonadaceae,novosphingobium,novosphingobium naphthalenivorans
Zotu5873,0.0,0.0,0.0,0.0,0.0,0.0,0.0,0.0,bacteria,pseudomonadota,alphaproteobacteria,sphingomonadales,sphingomonadaceae,novosphingobium,novosphingobium ginsenosidimutans
Zotu5874,0.0,0.080995,0.0,0.0,0.0,0.0,0.0,0.0,bacteria,planctomycetota,planctomycetia,gemmatales,gemmataceae,zavarzinella,zavarzinella formosa
Zotu5875,0.0,0.0,0.0,0.187525,0.003245,0.0,0.0,0.0,archaea,methanobacteriota,halobacteria,halobacteriales,halobacteriaceae,halobellus,halobellus limi
Zotu5876,0.0,0.0,0.0,0.0,0.0,0.0,0.0,0.0,bacteria,verrucomicrobiota,verrucomicrobiae,verrucomicrobiales,verrucomicrobia subdivision 3,pedosphaera,pedosphaera parvula
Zotu5877,0.0,0.0,0.028556,0.0,0.0,0.0,0.0,0.0,bacteria,actinomycetota,actinomycetes,jiangellales,jiangellaceae,jiangella,jiangella muralis
Zotu5878,0.0,0.0,0.0,0.0,0.0,0.006347,0.012558,0.0,bacteria,gemmatimonadota,longimicrobiia,longimicrobiales,longimicrobiaceae,longimicrobium,longimicrobium terrae
Zotu5879,0.043427,0.0,0.0,0.0,0.0,0.0,0.0,0.0,archaea,methanobacteriota,thermoplasmata,methanomassiliicoccales,methanomassiliicoccaceae,methanomassiliicoccus,candidatus methanomassiliicoccus intestinalis
Zotu5880,0.0,0.0,0.0,0.0,0.0,0.0,0.0,0.0,bacteria,bacillota,clostridia,eubacteriales,symbiobacteriaceae,symbiobacterium,symbiobacterium terraclitae
Zotu5881,0.113579,0.0,0.0,0.0,0.0,0.0,0.0,0.0,bacteria,acidobacteriota,vicinamibacteria,vicinamibacterales,vicinamibacteraceae,vicinamibacter,vicinamibacter silvestris
Zotu5882,0.0,0.0,0.0,0.0,0.0,0.0,0.0,0.0,bacteria,bacteroidota,chitinophagia,chitinophagales,chitinophagaceae,paraflavisolibacter,paraflavisolibacter caeni
Zotu5884,0.010022,0.0,0.003173,0.0,0.0,0.0,0.0,0.00314,bacteria,actinomycetota,actinomycetes,kitasatosporales,streptomycetaceae,streptomyces,streptomyces aculeolatus
Zotu5885,0.0,0.0,0.0,0.0,0.0,0.0,0.0,0.0,bacteria,pseudomonadota,alphaproteobacteria,sphingomonadales,sphingomonadaceae,sphingomonas,sphingomonas wittichii
Zotu5886,0.050109,0.012959,0.0,0.0,0.0,0.034907,0.0,0.0,bacteria,pseudomonadota,alphaproteobacteria,rhodospirillales,dongiaceae,dongia,dongia mobilis
Zotu5887,0.036746,0.058317,0.0,0.0,0.0,0.0,0.0,0.00314,bacteria,actinomycetota,acidimicrobiia,acidimicrobiales,acidimicrobiaceae,aciditerrimonas,aciditerrimonas ferrireducens
Zotu5888,0.0,0.0,0.003173,0.0,0.003245,0.003173,0.0,0.094206,bacteria,chloroflexota,chloroflexia,chloroflexales,oscillochloridaceae,chloronema,chloronema giganteum
Zotu5890,0.0,0.0,0.0,0.0,0.0,0.0,0.06593,0.0,bacteria,verrucomicrobiota,spartobacteria,chthoniobacterales,chthoniobacteraceae,chthoniobacter,chthoniobacter flavus
Zotu5891,0.003341,0.0,0.0,0.0,0.0,0.0,0.0,0.0,archaea,methanobacteriota,thermoplasmata,methanomassiliicoccales,methanomassiliicoccaceae,methanomassiliicoccus,candidatus methanomassiliicoccus intestinalis
Zotu5892,0.0,0.0,0.0,0.0,0.0,0.0,0.0,0.0,bacteria,chloroflexota,chloroflexota,chloroflexota,chloroflexota,thermobaculum,thermobaculum terrenum
Zotu5893,0.026725,0.029158,0.0,0.0,0.0,0.0,0.0,0.0,bacteria,pseudomonadota,alphaproteobacteria,hyphomicrobiales,xanthobacteraceae,pseudolabrys,pseudolabrys taiwanensis
Zotu5894,0.0,0.0,0.0,0.0,0.0,0.0,0.006279,0.0,bacteria,bacillota,clostridia,eubacteriales,symbiobacteriaceae,symbiobacterium,symbiobacterium ostreiconchae
Zotu5895,0.0,0.0,0.0,0.0,0.0,0.0,0.0,0.0,bacteria,pseudomonadota,alphaproteobacteria,hyphomicrobiales,methylobacteriaceae,microvirga,microvirga thermotolerans
Zotu5896,0.0,0.0,0.0,0.0,0.058419,0.0,0.0,0.0,bacteria,gemmatimonadota,longimicrobiia,longimicrobiales,longimicrobiaceae,longimicrobium,longimicrobium terrae
Zotu5897,0.026725,0.048597,0.053939,0.006148,0.0,0.0,0.00314,0.0,bacteria,thermomicrobiota,thermomicrobia,sphaerobacterales,sphaerobacteraceae,sphaerobacter,sphaerobacter thermophilus
Zotu5898,0.0,0.0,0.0,0.0,0.055173,0.0,0.0,0.0,bacteria,acidobacteriota,vicinamibacteria,vicinamibacterales,vicinamibacteraceae,luteitalea,luteitalea pratensis
Zotu5899,0.0,0.0,0.0,0.0,0.0,0.0,0.0,0.0,bacteria,verrucomicrobiota,verrucomicrobiae,verrucomicrobiales,verrucomicrobia subdivision 3,pedosphaera,pedosphaera parvula
Zotu5900,0.016703,0.00324,0.0,0.0,0.0,0.0,0.00314,0.00314,bacteria,actinomycetota,actinomycetes,micrococcales,cellulomonadaceae,actinotalea,actinotalea ferrariae
Zotu5901,0.0,0.0,0.0,0.0,0.0,0.0,0.0,0.0,bacteria,pseudomonadota,gammaproteobacteria,chromatiales,ectothiorhodospiraceae,natronospira,natronospira proteinivora
Zotu5902,0.0,0.0,0.0,0.0,0.003245,0.031734,0.0,0.0,bacteria,myxococcota,myxococcota,haliangiales,kofleriaceae,haliangium,haliangium tepidum
Zotu5903,0.0,0.0,0.0,0.0,0.0,0.0,0.0,0.0,bacteria,gemmatimonadota,longimicrobiia,longimicrobiales,longimicrobiaceae,longimicrobium,longimicrobium terrae
Zotu5904,0.086855,0.019439,0.0,0.0,0.0,0.0,0.0,0.0,bacteria,pseudomonadota,gammaproteobacteria,acidiferrobacterales,acidiferrobacteraceae,sulfurifustis,sulfurifustis variabilis
Zotu5905,0.0,0.0,0.0,0.0,0.071401,0.0,0.0,0.0,bacteria,pseudomonadota,alphaproteobacteria,rhodospirillales,acetobacteraceae,plastoroseomonas,plastoroseomonas hellenica
Zotu5906,0.0,0.0,0.0,0.003074,0.0,0.0,0.0,0.069085,bacteria,bacteroidota,cytophagia,cytophagales,hymenobacteraceae,adhaeribacter,adhaeribacter aerophilus
Zotu5907,0.0,0.0,0.0,0.0,0.0,0.0,0.0,0.00628,bacteria,thermodesulfobacteriota,desulfuromonadia,geobacterales,geobacteraceae,geobacter,geobacter argillaceus
Zotu5908,0.0,0.0,0.0,0.0,0.0,0.0,0.0,0.0,bacteria,thermodesulfobacteriota,desulfuromonadia,desulfuromonadales,desulfuromonadaceae,pelobacter,pelobacter propionicus
Zotu5909,0.0,0.0,0.0,0.0,0.0,0.0,0.0,0.0,bacteria,bacillota,tissierellia,tissierellales,peptoniphilaceae,murdochiella,murdochiella massiliensis
Zotu5910,0.0,0.0,0.057112,0.0,0.0,0.0,0.0,0.0,bacteria,planctomycetota,phycisphaerae,tepidisphaerales,tepidisphaeraceae,tepidisphaera,tepidisphaera mucosa
Zotu5911,0.0,0.0,0.0,0.0,0.0,0.0,0.0,0.0,bacteria,bacteroidota,cytophagia,cytophagales,fulvivirgaceae,fulvivirga,fulvivirga lutea
Zotu5912,0.0,0.0,0.0,0.0,0.0,0.0,0.0,0.0,bacteria,planctomycetota,planctomycetia,planctomycetales,planctomycetaceae,planctopirus,planctopirus limnophila
Zotu5913,0.0,0.0,0.0,0.0,0.0,0.0,0.015698,0.0,bacteria,actinomycetota,actinomycetes,propionibacteriales,nocardioidaceae,nocardioides,nocardioides insulae
Zotu5914,0.0,0.0,0.0,0.0,0.0,0.0,0.0,0.0,bacteria,pseudomonadota,alphaproteobacteria,sphingomonadales,sphingomonadaceae,sphingomonas,sphingomonas lutea
Zotu5915,0.006681,0.0,0.0,0.0,0.0,0.0,0.0,0.0,bacteria,pseudomonadota,alphaproteobacteria,rhodospirillales,magnetovibrionaceae,varunaivibrio,varunaivibrio sulfuroxidans
Zotu5916,0.0,0.0,0.0,0.0,0.12982,0.0,0.0,0.0,bacteria,planctomycetota,phycisphaerae,tepidisphaerales,tepidisphaeraceae,tepidisphaera,tepidisphaera mucosa
Zotu5917,0.0,0.0,0.0,0.0,0.0,0.0,0.0,0.0,bacteria,myxococcota,myxococcota,polyangiales,polyangiaceae,racemicystis,racemicystis crocea
Zotu5918,0.0,0.0,0.0,0.0,0.0,0.0,0.0,0.0,bacteria,pseudomonadota,alphaproteobacteria,sphingomonadales,sphingomonadaceae,sphingomonas,sphingomonas flava
Zotu5919,0.0,0.0,0.0,0.0,0.0,0.0,0.0,0.0,bacteria,actinomycetota,acidimicrobiia,acidimicrobiales,iamiaceae,actinomarinicola,actinomarinicola tropica
Zotu5920,0.0,0.0,0.0,0.0,0.0,0.0,0.0,0.0,bacteria,pseudomonadota,alphaproteobacteria,hyphomicrobiales,kaistiaceae,kaistia,kaistia adipata
Zotu5921,0.0,0.0,0.0,0.0,0.012982,0.0,0.0,0.0,archaea,methanobacteriota,thermoplasmata,methanomassiliicoccales,methanomassiliicoccaceae,methanomassiliicoccus,candidatus methanomassiliicoccus intestinalis
Zotu5922,0.003341,0.0,0.0,0.0,0.0,0.0,0.0,0.00314,bacteria,pseudomonadota,alphaproteobacteria,rhodospirillales,azospirillaceae,nitrospirillum,azospirillum amazonense
Zotu5923,0.003341,0.0,0.0,0.0,0.003245,0.0,0.0,0.012561,bacteria,gemmatimonadota,longimicrobiia,longimicrobiales,longimicrobiaceae,longimicrobium,longimicrobium terrae
Zotu5924,0.0,0.0,0.0,0.0,0.0,0.0,0.0,0.0,bacteria,chloroflexota,chloroflexia,kallotenuales,kallotenuaceae,kallotenue,kallotenue papyrolyticum
Zotu5925,0.0,0.0,0.0,0.0,0.0,0.0,0.0,0.0,bacteria,myxococcota,myxococcota,polyangiales,polyangiaceae,aetherobacter,aetherobacter rufus
Zotu5926,0.006681,0.0,0.0,0.0,0.0,0.0,0.0,0.0,archaea,methanobacteriota,thermoplasmata,methanomassiliicoccales,methanomassiliicoccaceae,methanomassiliicoccus,candidatus methanomassiliicoccus intestinalis
Zotu5927,0.033406,0.103674,0.0,0.0,0.0,0.0,0.0,0.0,archaea,methanobacteriota,thermoplasmata,methanomassiliicoccales,methanomassiliicoccaceae,methanomassiliicoccus,candidatus methanomassiliicoccus intestinalis
Zotu5928,0.0,0.0,0.0,0.0,0.0,0.0,0.0,0.0,bacteria,actinomycetota,actinomycetes,propionibacteriales,nocardioidaceae,nocardioides,nocardioides pocheonensis
Zotu5930,0.0,0.0,0.0,0.0,0.0,0.0,0.0,0.0,bacteria,deinococcota,deinococci,deinococcales,deinococcaceae,deinococcus,deinococcus peraridilitoris
Zotu5931,0.0,0.0,0.0,0.0,0.0,0.041254,0.0,0.0,bacteria,pseudomonadota,alphaproteobacteria,rickettsiales,anaplasmataceae,wolbachia,wolbachia pipientis
Zotu5932,0.0,0.0,0.0,0.0,0.0,0.0,0.0,0.0,bacteria,actinomycetota,thermoleophilia,solirubrobacterales,baekduiaceae,baekduia,baekduia soli
Zotu5933,0.0,0.00324,0.0,0.0,0.0,0.0,0.0,0.059664,bacteria,chloroflexota,chloroflexia,kallotenuales,kallotenuaceae,kallotenue,kallotenue papyrolyticum
Zotu5934,0.0,0.0,0.0,0.0,0.0,0.0,0.0,0.0,bacteria,planctomycetota,phycisphaerae,tepidisphaerales,tepidisphaeraceae,tepidisphaera,tepidisphaera mucosa
Zotu5935,0.0,0.0,0.0,0.0,0.0,0.0,0.0,0.0,bacteria,bacillota,bacilli,bacillales,bacillaceae,bacillus,bacillus litoralis
Zotu5936,0.0,0.0,0.0,0.003074,0.0,0.0,0.0,0.0,bacteria,actinomycetota,acidimicrobiia,acidimicrobiales,iamiaceae,iamia,iamia majanohamensis
Zotu5938,0.036746,0.012959,0.003173,0.0,0.009736,0.0,0.0,0.0,bacteria,actinomycetota,thermoleophilia,thermoleophilales,thermoleophilaceae,thermoleophilum,thermoleophilum album
Zotu5939,0.0,0.0,0.0,0.0,0.0,0.0,0.053372,0.034542,bacteria,planctomycetota,phycisphaerae,tepidisphaerales,tepidisphaeraceae,tepidisphaera,tepidisphaera mucosa
Zotu5940,0.0,0.0,0.0,0.0,0.0,0.0,0.0,0.00314,bacteria,actinomycetota,actinomycetes,geodermatophilales,geodermatophilaceae,trujillonella,trujillella endophytica
Zotu5941,0.0,0.0,0.0,0.055335,0.0,0.0,0.0,0.0,bacteria,actinomycetota,rubrobacteria,rubrobacterales,rubrobacteraceae,rubrobacter,rubrobacter xylanophilus
Zotu5942,0.0,0.0,0.0,0.0,0.0,0.0,0.00314,0.0,bacteria,pseudomonadota,alphaproteobacteria,hyphomicrobiales,propylenellaceae,propylenella,propylenella binzhouense
Zotu5943,0.0,0.0,0.0,0.0,0.0,0.0,0.0,0.0,bacteria,bacillota,clostridia,eubacteriales,oscillospiraceae,anaerobacterium,anaerobacterium chartisolvens
Zotu5944,0.0,0.00324,0.0,0.0,0.006491,0.0,0.006279,0.034542,bacteria,chloroflexota,chloroflexia,kallotenuales,kallotenuaceae,kallotenue,kallotenue papyrolyticum
Zotu5945,0.0,0.0,0.0,0.0,0.019473,0.0,0.0,0.0,bacteria,actinomycetota,thermoleophilia,solirubrobacterales,conexibacteraceae,conexibacter,conexibacter arvalis
Zotu5946,0.0,0.0,0.0,0.0,0.0,0.0,0.0,0.0,bacteria,pseudomonadota,alphaproteobacteria,sphingomonadales,sphingomonadaceae,sphingomonas,sphingomonas agri
Zotu5948,0.0,0.0,0.0,0.003074,0.0,0.0,0.0,0.00314,bacteria,pseudomonadota,alphaproteobacteria,sphingomonadales,sphingomonadaceae,sphingomonas,sphingomonas montis
Zotu5949,0.0,0.0,0.0,0.0,0.0,0.0,0.0,0.0,bacteria,chloroflexota,tepidiformia,tepidiformales,tepidiformaceae,tepidiforma,tepidiforma bonchosmolovskayae
Zotu5950,0.0,0.0,0.0,0.0,0.0,0.0,0.0,0.0,bacteria,pseudomonadota,alphaproteobacteria,hyphomicrobiales,phyllobacteriaceae,chelativorans,chelativorans intermedius
Zotu5951,0.023384,0.00324,0.0,0.021519,0.042191,0.003173,0.0,0.0,bacteria,chloroflexota,chloroflexota,chloroflexota,chloroflexota,thermobaculum,thermobaculum terrenum
Zotu5952,0.0,0.0,0.0,0.0,0.0,0.0,0.0,0.0,bacteria,bacillota,bacilli,bacillales,paenibacillaceae,paenibacillus,paenibacillus senegalensis
Zotu5953,0.0,0.0,0.0,0.0,0.025964,0.0,0.0,0.018841,bacteria,pseudomonadota,alphaproteobacteria,hyphomicrobiales,methylobacteriaceae,methylobacterium,methylobacterium iners
Zotu5954,0.0,0.0,0.0,0.0,0.0,0.0,0.00314,0.0,bacteria,actinomycetota,actinomycetes,pseudonocardiales,pseudonocardiaceae,labedaea,labedaea rhizosphaerae
Zotu5955,0.0,0.0,0.0,0.0,0.0,0.0,0.0,0.0,bacteria,planctomycetota,planctomycetia,gemmatales,gemmataceae,gemmata,gemmata obscuriglobus
Zotu5956,0.0,0.0,0.0,0.0,0.0,0.0,0.0,0.0,bacteria,thermodesulfobacteriota,desulfuromonadia,desulfuromonadales,syntrophotaleaceae,syntrophotalea,syntrophotalea carbinolica
Zotu5957,0.0,0.0,0.0,0.0,0.0,0.0,0.0,0.0,bacteria,pseudomonadota,gammaproteobacteria,pasteurellales,pasteurellaceae,frederiksenia,frederiksenia canicola
Zotu5959,0.0,0.0,0.0,0.0,0.0,0.0,0.0,0.0,bacteria,bacillota,clostridia,eubacteriales,clostridiaceae,fonticella,fonticella tunisiensis
Zotu5960,0.0,0.0,0.0,0.0,0.0,0.0,0.0,0.0,bacteria,gemmatimonadota,longimicrobiia,longimicrobiales,longimicrobiaceae,longimicrobium,longimicrobium terrae
Zotu5961,0.0,0.0,0.0,0.0,0.0,0.0,0.0,0.0,bacteria,bacteroidota,chitinophagia,chitinophagales,chitinophagaceae,paraflavisolibacter,paraflavisolibacter caeni
Zotu5962,0.013362,0.0,0.0,0.0,0.058419,0.044428,0.0,0.0,bacteria,actinomycetota,rubrobacteria,gaiellales,gaiellaceae,gaiella,gaiella occulta
Zotu5963,0.0,0.0,0.0,0.0,0.0,0.0,0.0,0.0,bacteria,pseudomonadota,alphaproteobacteria,hyphomicrobiales,rhizobiaceae,rhizobium,rhizobium herbae
Zotu5964,0.0,0.058317,0.003173,0.0,0.0,0.0,0.00314,0.0,bacteria,planctomycetota,planctomycetia,isosphaerales,isosphaeraceae,singulisphaera,singulisphaera rosea
Zotu6025,0.0,0.0,0.0,0.0,0.0,0.0,0.0,0.050243,bacteria,bacteroidota,chitinophagia,chitinophagales,chitinophagaceae,paracnuella,paracnuella aquatica
Zotu6026,0.0,0.0,0.0,0.0,0.0,0.0,0.0,0.0,bacteria,actinomycetota,actinomycetes,kineosporiales,kineosporiaceae,thalassiella,thalassiella azotivora
Zotu6027,0.0,0.038878,0.0,0.0,0.0,0.0,0.00314,0.0,bacteria,bacteroidota,bacteroidia,marinilabiliales,marinilabiliaceae,geofilum,geofilum rhodophaeum
Zotu6028,0.0,0.0,0.0,0.0,0.0,0.0,0.0,0.0,bacteria,planctomycetota,phycisphaerae,tepidisphaerales,tepidisphaeraceae,tepidisphaera,tepidisphaera mucosa
Zotu6029,0.0,0.0,0.0,0.0,0.0,0.0,0.00314,0.0,bacteria,bacillota,clostridia,eubacteriales,oscillospiraceae,ruminococcus,ruminococcus flavefaciens
Zotu6030,0.0,0.0,0.0,0.0,0.0,0.0,0.0,0.0,bacteria,actinomycetota,actinomycetes,bifidobacteriales,bifidobacteriaceae,bifidobacterium,bifidobacterium porcinum
Zotu6031,0.0,0.0,0.0,0.083003,0.0,0.0,0.0,0.0,archaea,methanobacteriota,thermoplasmata,methanomassiliicoccales,methanomassiliicoccaceae,methanomassiliicoccus,candidatus methanomassiliicoccus intestinalis
Zotu6032,0.0,0.0,0.0,0.043039,0.0,0.0,0.0,0.0,bacteria,gemmatimonadota,longimicrobiia,longimicrobiales,longimicrobiaceae,longimicrobium,longimicrobium terrae
Zotu6033,0.0,0.0,0.0,0.0,0.0,0.0,0.0,0.0,bacteria,nitrospirota,nitrospira,nitrospirales,nitrospiraceae,nitrospira,nitrospira enrichment
Zotu6034,0.0,0.0,0.0,0.0,0.0,0.0,0.0,0.0,bacteria,pseudomonadota,gammaproteobacteria,chromatiales,ectothiorhodospiraceae,ectothiorhodospira,ectothiorhodospira salini
Zotu6035,0.0,0.0,0.003173,0.0,0.0,0.0,0.00314,0.0,bacteria,chloroflexota,anaerolineae,anaerolineales,anaerolineaceae,pelolinea,pelolinea submarina
Zotu6036,0.0,0.0,0.0,0.0,0.048682,0.0,0.0,0.0,bacteria,pseudomonadota,alphaproteobacteria,hyphomicrobiales,hyphomicrobiaceae,rhodoplanes,rhodoplanes serenus
Zotu6037,0.0,0.0,0.0,0.0,0.0,0.0,0.0,0.0,bacteria,candidatus saccharibacteria,candidatus saccharibacteria,candidatus saccharibacteria,candidatus saccharibacteria,candidatus saccharimonas,candidatus saccharimonas aalborgensis
Zotu6039,0.006681,0.0,0.0,0.0,0.0,0.0,0.025116,0.012561,bacteria,pseudomonadota,alphaproteobacteria,rhodospirillales,stellaceae,constrictibacter,constrictibacter antarcticus
Zotu6040,0.0,0.0,0.0,0.0,0.0,0.0,0.0,0.0,archaea,methanobacteriota,halobacteria,halobacteriales,halobacteriaceae,halomicroarcula,halomicroarcula salinisoli
Zotu6042,0.0,0.0,0.0,0.0,0.0,0.0,0.0,0.0,archaea,methanobacteriota,thermoplasmata,methanomassiliicoccales,methanomassiliicoccaceae,methanomassiliicoccus,candidatus methanomassiliicoccus intestinalis
Zotu6043,0.0,0.0,0.0,0.0,0.0,0.0,0.0,0.0,bacteria,bacillota,clostridia,eubacteriales,symbiobacteriaceae,symbiobacterium,symbiobacterium terraclitae
Zotu6044,0.0,0.0,0.0,0.0,0.0,0.01904,0.021977,0.0,bacteria,pseudomonadota,deltaproteobacteria,myxococcales,kofleriaceae,kofleria,kofleria flava
Zotu6045,0.0,0.0,0.0,0.0,0.0,0.0,0.0,0.0,bacteria,bacillota,bacillota,bacillota,bacillota,capillibacterium,capillibacterium thermochitinicola
Zotu6046,0.0,0.0,0.0,0.0,0.0,0.0,0.0,0.0,bacteria,actinomycetota,thermoleophilia,solirubrobacterales,capillimicrobiaceae,capillimicrobium,capillimicrobium parvum
Zotu6047,0.0,0.0,0.0,0.0,0.0,0.0,0.0,0.0,bacteria,actinomycetota,actinomycetes,micrococcales,cellulomonadaceae,cellulomonas,cellulomonas fimi
Zotu6048,0.0,0.0,0.0,0.0,0.0,0.0,0.0,0.0,bacteria,bacillota,clostridia,peptostreptococcales,thermotaleaceae,marinisporobacter,marinisporobacter balticus
Zotu6051,0.0,0.00324,0.003173,0.006148,0.0,0.0,0.0,0.0,bacteria,gemmatimonadota,longimicrobiia,longimicrobiales,longimicrobiaceae,longimicrobium,longimicrobium terrae
Zotu6052,0.0,0.0,0.0,0.0,0.0,0.0,0.0,0.0,bacteria,pseudomonadota,alphaproteobacteria,hyphomicrobiales,methylobacteriaceae,microvirga,microvirga lenta
Zotu6053,0.013362,0.0,0.0,0.0,0.0,0.0,0.0,0.0,bacteria,actinomycetota,actinomycetes,kitasatosporales,streptomycetaceae,allostreptomyces,allostreptomyces indica
Zotu6054,0.026725,0.0,0.031729,0.0,0.0,0.031734,0.0,0.0,bacteria,actinomycetota,rubrobacteria,gaiellales,gaiellaceae,gaiella,gaiella occulta
Zotu6056,0.0,0.0,0.0,0.0,0.003245,0.01904,0.0,0.00314,bacteria,actinomycetota,thermoleophilia,solirubrobacterales,solirubrobacteraceae,solirubrobacter,solirubrobacter ginsenosidimutans
Zotu6057,0.0,0.0,0.0,0.0,0.0,0.0,0.0,0.0,bacteria,chloroflexota,tepidiformia,tepidiformales,tepidiformaceae,tepidiforma,tepidiforma bonchosmolovskayae
Zotu6058,0.0,0.0,0.0,0.0,0.0,0.0,0.0,0.0,bacteria,pseudomonadota,alphaproteobacteria,sphingomonadales,sphingomonadaceae,sphingomonas,sphingomonas wittichii
Zotu6059,0.0,0.0,0.0,0.0,0.0,0.0,0.0,0.0,bacteria,chloroflexota,anaerolineae,anaerolineales,anaerolineaceae,ornatilinea,ornatilinea apprima
Zotu6060,0.0,0.0,0.0,0.0,0.0,0.0,0.0,0.028262,bacteria,pseudomonadota,deltaproteobacteria,myxococcales,anaeromyxobacteraceae,anaeromyxobacter,anaeromyxobacter dehalogenans
Zotu6061,0.0,0.0,0.0,0.0,0.0,0.0,0.0,0.0,bacteria,planctomycetota,phycisphaerae,tepidisphaerales,tepidisphaeraceae,tepidisphaera,tepidisphaera mucosa
Zotu6062,0.0,0.0,0.0,0.0,0.0,0.0,0.0,0.0,bacteria,bacteroidota,cytophagia,cytophagales,fulvivirgaceae,ohtaekwangia,ohtaekwangia koreensis
Zotu6063,0.0,0.0,0.0,0.0,0.0,0.0,0.0,0.0,bacteria,pseudomonadota,gammaproteobacteria,chromatiales,sedimenticolaceae,thiolapillus,thiolapillus brandeum
Zotu6064,0.0,0.0,0.0,0.0,0.0,0.0,0.0,0.0,bacteria,bacteroidota,chitinophagia,chitinophagales,chitinophagaceae,flavisolibacter,flavisolibacter ginsengiterrae
Zotu6065,0.0,0.0,0.0,0.0,0.0,0.0,0.0,0.0,bacteria,actinomycetota,rubrobacteria,gaiellales,gaiellaceae,gaiella,gaiella occulta
Zotu6066,0.010022,0.0,0.003173,0.0,0.0,0.0,0.0,0.00314,bacteria,myxococcota,myxococcota,polyangiales,polyangiaceae,racemicystis,racemicystis persica
Zotu6067,0.0,0.0,0.003173,0.0,0.0,0.0,0.0,0.0,bacteria,bacillota,clostridia,eubacteriales,symbiobacteriaceae,symbiobacterium,symbiobacterium terraclitae
Zotu6068,0.0,0.0,0.0,0.0,0.0,0.0,0.0,0.0,bacteria,verrucomicrobiota,verrucomicrobiae,verrucomicrobiales,verrucomicrobia subdivision 3,pedosphaera,pedosphaera parvula
Zotu6069,0.026725,0.0,0.0,0.0,0.0357,0.0,0.00314,0.00314,bacteria,actinomycetota,rubrobacteria,gaiellales,gaiellaceae,gaiella,gaiella occulta
Zotu6070,0.0,0.0,0.0,0.0,0.0,0.0,0.0,0.0,bacteria,pseudomonadota,alphaproteobacteria,sphingomonadales,sphingomonadaceae,sphingomonas,sphingomonas wittichii
Zotu6071,0.026725,0.061556,0.0,0.0,0.0,0.0,0.0,0.0,bacteria,bacillota,thermolithobacteria,thermolithobacterales,thermolithobacteraceae,thermolithobacter,thermolithobacter ferrireducens
Zotu6072,0.0,0.0,0.0,0.0,0.0,0.003173,0.0,0.00314,bacteria,chloroflexota,anaerolineae,anaerolineales,anaerolineaceae,longilinea,longilinea arvoryzae
Zotu6073,0.0,0.0,0.0,0.0,0.0,0.0,0.0,0.0,bacteria,actinomycetota,actinomycetes,micrococcales,microbacteriaceae,protaetiibacter,protaetiibacter larvae
Zotu6074,0.0,0.0,0.0,0.0,0.0,0.0,0.0,0.0,bacteria,bacteroidota,sphingobacteriia,sphingobacteriales,sphingobacteriaceae,solitalea,solitalea canadensis
Zotu6075,0.0,0.0,0.0,0.0,0.0,0.0,0.0,0.0,bacteria,actinomycetota,thermoleophilia,solirubrobacterales,capillimicrobiaceae,capillimicrobium,capillimicrobium parvum
Zotu6076,0.020043,0.0,0.0,0.003074,0.06491,0.0,0.00314,0.0,bacteria,actinomycetota,thermoleophilia,solirubrobacterales,conexibacteraceae,conexibacter,conexibacter arvalis
Zotu6077,0.0,0.00324,0.050766,0.0,0.0,0.0,0.0,0.0,bacteria,myxococcota,myxococcota,polyangiales,polyangiaceae,racemicystis,racemicystis persica
Zotu6079,0.0,0.0,0.0,0.0,0.0,0.0,0.0,0.0,bacteria,chloroflexota,chloroflexia,herpetosiphonales,herpetosiphonaceae,herpetosiphon,herpetosiphon aurantiacus
Zotu6080,0.0,0.0,0.0,0.0,0.0,0.0,0.0,0.0,bacteria,planctomycetota,planctomycetia,gemmatales,gemmataceae,zavarzinella,zavarzinella formosa
Zotu6081,0.023384,0.0,0.0,0.0,0.0,0.0,0.0,0.0,bacteria,actinomycetota,nitriliruptoria,salsipaludibacterales,salsipaludibacteraceae,salsipaludibacter,salsipaludibacter albus
Zotu6082,0.0,0.0,0.0,0.0,0.0,0.0,0.0,0.0,bacteria,actinomycetota,rubrobacteria,rubrobacterales,rubrobacteraceae,rubrobacter,rubrobacter bracarensis
Zotu6083,0.0,0.0,0.0,0.0,0.003245,0.047601,0.0,0.0,bacteria,planctomycetota,phycisphaerae,phycisphaerales,phycisphaeraceae,mucisphaera,mucisphaera calidilacus
Zotu6084,0.003341,0.0,0.0,0.003074,0.0,0.0,0.0,0.0,bacteria,actinomycetota,rubrobacteria,gaiellales,gaiellaceae,gaiella,gaiella occulta
Zotu6085,0.0,0.0,0.0,0.0,0.0,0.0,0.0,0.0,bacteria,chloroflexota,chloroflexia,chloroflexales,roseiflexaceae,kouleothrix,kouleothrix aurantiaca
Zotu6086,0.0,0.0,0.0,0.0,0.0,0.0,0.0,0.0,bacteria,gemmatimonadota,longimicrobiia,longimicrobiales,longimicrobiaceae,longimicrobium,longimicrobium terrae
Zotu6087,0.0,0.012959,0.0,0.0,0.003245,0.003173,0.0,0.0,bacteria,bacillota,clostridia,eubacteriales,symbiobacteriaceae,symbiobacterium,symbiobacterium terraclitae
Zotu6088,0.0,0.0,0.0,0.0,0.0,0.0,0.0,0.0,bacteria,pseudomonadota,alphaproteobacteria,sphingomonadales,sphingosinicellaceae,sphingosinicella,sphingosinicella humi
Zotu6089,0.0,0.0,0.0,0.0,0.0,0.0,0.0,0.0,bacteria,chloroflexota,chloroflexota,chloroflexota,chloroflexota,thermobaculum,thermobaculum terrenum
Zotu6090,0.010022,0.080995,0.0,0.0,0.0,0.0,0.0,0.0,bacteria,planctomycetota,phycisphaerae,tepidisphaerales,tepidisphaeraceae,tepidisphaera,tepidisphaera mucosa
Zotu6091,0.0,0.0,0.003173,0.0,0.0,0.0,0.0,0.0,bacteria,pseudomonadota,alphaproteobacteria,hyphomicrobiales,beijerinckiaceae,beijerinckia,beijerinckia mobilis
Zotu6092,0.0,0.0,0.0,0.0,0.0,0.0,0.0,0.0,bacteria,pseudomonadota,alphaproteobacteria,geminicoccales,geminicoccaceae,arboricoccus,arboricoccus pini
Zotu6093,0.0,0.0,0.0,0.0,0.0,0.0,0.0,0.0,bacteria,pseudomonadota,deltaproteobacteria,myxococcales,anaeromyxobacteraceae,anaeromyxobacter,anaeromyxobacter dehalogenans
Zotu6094,0.0,0.0,0.139607,0.0,0.0,0.0,0.031395,0.0,bacteria,bacillota,clostridia,eubacteriales,symbiobacteriaceae,symbiobacterium,symbiobacterium terraclitae
Zotu6095,0.0,0.0,0.0,0.0,0.032455,0.0,0.0,0.00314,bacteria,pseudomonadota,alphaproteobacteria,hyphomicrobiales,hyphomicrobiaceae,rhodoplanes,rhodoplanes serenus
Zotu6096,0.0,0.0,0.0,0.0,0.0,0.0,0.0,0.0,bacteria,planctomycetota,phycisphaerae,tepidisphaerales,tepidisphaeraceae,tepidisphaera,tepidisphaera mucosa
Zotu6097,0.0,0.0,0.0,0.0,0.0,0.0,0.0,0.0,bacteria,actinomycetota,actinomycetes,jiangellales,jiangellaceae,jiangella,jiangella endophytica
Zotu6098,0.0,0.0,0.0,0.0,0.0,0.0,0.0,0.0,bacteria,actinomycetota,coriobacteriia,coriobacteriales,atopobiaceae,olsenella,olsenella phocaeensis
Zotu6099,0.0,0.0,0.0,0.0,0.0,0.0,0.0,0.0,bacteria,thermomicrobiota,thermomicrobia,sphaerobacterales,sphaerobacteraceae,sphaerobacter,sphaerobacter thermophilus
Zotu6100,0.010022,0.0,0.0,0.0,0.0,0.0,0.0,0.0,bacteria,verrucomicrobiota,verrucomicrobiae,limisphaerales,fontisphaeraceae,fontisphaera,fontisphaera persica
Zotu6101,0.0,0.0,0.0,0.0,0.003245,0.0,0.0,0.0,bacteria,actinomycetota,actinomycetes,geodermatophilales,geodermatophilaceae,modestobacter,modestobacter lapidis
Zotu6102,0.0,0.0,0.0,0.0,0.0,0.0,0.0,0.0,bacteria,chloroflexota,dehalococcoidia,dehalococcoidia,dehalococcoidia,dehalogenimonas,dehalogenimonas lykanthroporepellens
Zotu6103,0.010022,0.00324,0.015864,0.024593,0.0,0.0,0.0,0.0,bacteria,actinomycetota,rubrobacteria,rubrobacterales,rubrobacteraceae,rubrobacter,rubrobacter naiadicus
Zotu6104,0.0,0.0,0.0,0.0,0.0,0.0,0.0,0.031402,bacteria,pseudomonadota,alphaproteobacteria,rhodospirillales,azospirillaceae,skermanella,skermanella rubra
Zotu6105,0.0,0.0,0.053939,0.0,0.0,0.0,0.0,0.0,bacteria,actinomycetota,thermoleophilia,solirubrobacterales,conexibacteraceae,conexibacter,conexibacter woesei
Zotu6106,0.0,0.0,0.0,0.0,0.0,0.0,0.0,0.0,bacteria,gemmatimonadota,gemmatimonadetes,gemmatimonadales,gemmatimonadaceae,gemmatimonas,gemmatimonas phototrophica
Zotu6107,0.0,0.0,0.0,0.0,0.0,0.0,0.0,0.0,bacteria,pseudomonadota,betaproteobacteria,burkholderiales,oxalobacteraceae,pseudoduganella,pseudoduganella dura
Zotu6108,0.0,0.0,0.0,0.0,0.0,0.0,0.0,0.0,bacteria,actinomycetota,actinomycetes,kitasatosporales,streptomycetaceae,allostreptomyces,allostreptomyces indica
Zotu6109,0.0,0.0,0.0,0.0,0.0,0.0,0.0,0.0,bacteria,thermomicrobiota,thermomicrobia,sphaerobacterales,sphaerobacteraceae,sphaerobacter,sphaerobacter thermophilus
Zotu6110,0.0,0.0,0.0,0.0,0.0,0.003173,0.0,0.0,bacteria,actinomycetota,actinomycetia,micrococcales,cellulomonadaceae,actinotalea,actinotalea fermentans
Zotu6111,0.0,0.0,0.0,0.0,0.0,0.0,0.0,0.0,bacteria,myxococcota,myxococcota,polyangiales,polyangiaceae,racemicystis,racemicystis persica
Zotu6112,0.0,0.0,0.0,0.0,0.0,0.0,0.0,0.0,bacteria,bacteroidota,flavobacteriia,flavobacteriales,weeksellaceae,chryseobacterium,chryseobacterium mucoviscidosis
Zotu6113,0.0,0.0,0.0,0.0,0.0,0.0,0.0,0.0,bacteria,bacteroidota,flavobacteriia,flavobacteriales,flavobacteriaceae,salinimicrobium,salinimicrobium sediminis
Zotu6114,0.0,0.0,0.0,0.0,0.0,0.0,0.0,0.0,bacteria,pseudomonadota,gammaproteobacteria,chromatiales,ectothiorhodospiraceae,thiohalomonas,thiohalomonas denitrificans
Zotu6115,0.0,0.0,0.0,0.0,0.0,0.025387,0.0,0.025122,bacteria,actinomycetota,rubrobacteria,gaiellales,gaiellaceae,gaiella,gaiella occulta
Zotu6116,0.0,0.0,0.0,0.0,0.0,0.0,0.0,0.0,bacteria,thermomicrobiota,thermomicrobia,sphaerobacterales,sphaerobacteraceae,sphaerobacter,sphaerobacter thermophilus
Zotu6117,0.0,0.0,0.0,0.0,0.0,0.0,0.0,0.0,bacteria,actinomycetota,actinomycetes,streptosporangiales,thermomonosporaceae,actinocorallia,actinocorallia lasiicapitis
Zotu6118,0.0,0.0,0.0,0.0,0.0,0.063468,0.00314,0.047103,bacteria,planctomycetota,phycisphaerae,tepidisphaerales,tepidisphaeraceae,tepidisphaera,tepidisphaera mucosa
Zotu6119,0.0,0.0,0.0,0.0,0.0,0.0,0.0,0.0,bacteria,bacteroidota,bacteroidia,bacteroidales,prevotellaceae,prevotella,prevotella melaninogenica
Zotu6120,0.0,0.0,0.0,0.003074,0.0,0.0,0.0,0.00314,bacteria,pseudomonadota,gammaproteobacteria,chromatiales,chromatiaceae,imhoffiella,imhoffiella bheemlica
Zotu6121,0.0,0.0,0.0,0.0,0.019473,0.003173,0.018837,0.0,bacteria,thermomicrobiota,thermomicrobia,sphaerobacterales,sphaerobacteraceae,sphaerobacter,sphaerobacter thermophilus
Zotu6122,0.0,0.0,0.0,0.0,0.0,0.0,0.0,0.0,bacteria,actinomycetota,actinomycetes,streptosporangiales,streptosporangiaceae,planomonospora,planomonospora parontospora
Zotu6123,0.0,0.0,0.0,0.0,0.0,0.0,0.0,0.0,bacteria,pseudomonadota,alphaproteobacteria,hyphomicrobiales,methylobacteriaceae,methylobacterium,methylobacterium iners
Zotu6124,0.0,0.025918,0.057112,0.0,0.0,0.0,0.0,0.0,bacteria,bacillota,clostridia,eubacteriales,symbiobacteriaceae,symbiobacterium,symbiobacterium terraclitae
Zotu6126,0.0,0.0,0.0,0.0,0.0,0.069815,0.0,0.0,bacteria,verrucomicrobiota,opitutae,opitutales,opitutaceae,horticoccus,horticoccus luteus
Zotu6127,0.0,0.0,0.0,0.0,0.0,0.0,0.0,0.0,bacteria,actinomycetota,acidimicrobiia,acidimicrobiales,iamiaceae,actinomarinicola,actinomarinicola tropica
Zotu6128,0.0,0.0,0.0,0.0,0.0,0.0,0.0,0.0,bacteria,pseudomonadota,alphaproteobacteria,sphingomonadales,sphingomonadaceae,sphingomonas,sphingomonas parva
Zotu6129,0.0,0.0,0.0,0.0,0.003245,0.0,0.0,0.0,bacteria,actinomycetota,thermoleophilia,miltoncostaeales,miltoncostaeaceae,miltoncostaea,miltoncostaea oceani
Zotu6130,0.0,0.0,0.0,0.0,0.0,0.0,0.0,0.0,bacteria,pseudomonadota,betaproteobacteria,nitrosomonadales,nitrosomonadaceae,nitrosomonas,nitrosomonas cryotolerans
Zotu6131,0.0,0.0,0.0,0.0,0.0,0.0,0.0,0.0,bacteria,actinomycetota,actinomycetes,micromonosporales,micromonosporaceae,actinocatenispora,actinocatenispora thailandica
Zotu6132,0.0,0.0,0.0,0.0,0.0,0.0,0.0,0.0,bacteria,chloroflexota,chloroflexia,kallotenuales,kallotenuaceae,kallotenue,kallotenue papyrolyticum
Zotu6133,0.0,0.0,0.0,0.0,0.0,0.0,0.0,0.0,bacteria,bacillota,bacilli,lactobacillales,enterococcaceae,enterococcus,enterococcus cecorum
Zotu6134,0.0,0.0,0.0,0.0,0.0,0.0,0.0,0.0,bacteria,actinomycetota,actinomycetes,bifidobacteriales,bifidobacteriaceae,bifidobacterium,bifidobacterium porcinum
Zotu6135,0.0,0.0,0.0,0.0,0.0,0.0,0.0,0.0,bacteria,planctomycetota,planctomycetia,pirellulales,pirellulaceae,anatilimnocola,anatilimnocola aggregata
Zotu6136,0.033406,0.035638,0.0,0.0,0.0,0.0,0.0,0.0,bacteria,actinomycetota,actinomycetes,mycobacteriales,corynebacteriaceae,corynebacterium,corynebacterium confusum
Zotu6137,0.0,0.0,0.003173,0.0,0.0,0.0,0.0,0.0,bacteria,pseudomonadota,alphaproteobacteria,sphingomonadales,sphingosinicellaceae,sphingosinicella,sphingosinicella humi
Zotu6138,0.0,0.0,0.0,0.0,0.0,0.0,0.0,0.0,bacteria,chloroflexota,chloroflexia,chloroflexales,oscillochloridaceae,oscillochloris,oscillochloris trichoides
Zotu6139,0.0,0.0,0.0,0.0,0.0,0.038081,0.138139,0.028262,archaea,methanobacteriota,thermoplasmata,methanomassiliicoccales,methanomassiliicoccaceae,methanomassiliicoccus,candidatus methanomassiliicoccus intestinalis
Zotu6140,0.0,0.0,0.0,0.0,0.0,0.0,0.0,0.0,bacteria,actinomycetota,actinomycetes,propionibacteriales,nocardioidaceae,nocardioides,nocardioides flava
Zotu6141,0.0,0.0,0.0,0.0,0.0,0.0,0.0,0.0,bacteria,pseudomonadota,alphaproteobacteria,caulobacterales,caulobacteraceae,phenylobacterium,phenylobacterium koreense
Zotu6142,0.0,0.0,0.0,0.0,0.0,0.0,0.0,0.0,bacteria,pseudomonadota,hydrogenophilia,hydrogenophilia,hydrogenophilia,pelomicrobium,pelomicrobium methylotrophicum
Zotu6143,0.0,0.0,0.0,0.0,0.0,0.0,0.0,0.0,bacteria,actinomycetota,actinomycetes,geodermatophilales,geodermatophilaceae,geodermatophilus,geodermatophilus chilensis
Zotu6144,0.0,0.0,0.0,0.0,0.107101,0.0,0.0,0.0,bacteria,bacillota,clostridia,eubacteriales,eubacteriales,natranaerovirga,natranaerovirga pectinivora
Zotu6145,0.0,0.0,0.0,0.0,0.0,0.0,0.0,0.0,bacteria,chloroflexota,chloroflexia,kallotenuales,kallotenuaceae,kallotenue,kallotenue papyrolyticum
Zotu6146,0.0,0.0,0.0,0.0,0.0,0.0,0.0,0.0,bacteria,bacillota,clostridia,eubacteriales,oscillospiraceae,ethanoligenens,ethanoligenens harbinense
Zotu6147,0.0,0.0,0.0,0.0,0.0,0.0,0.0,0.0,bacteria,planctomycetota,phycisphaerae,tepidisphaerales,tepidisphaeraceae,tepidisphaera,tepidisphaera mucosa
Zotu6148,0.0,0.032398,0.0,0.0,0.0,0.0,0.0,0.0,bacteria,chloroflexota,tepidiformia,tepidiformales,tepidiformaceae,tepidiforma,tepidiforma bonchosmolovskayae
Zotu6149,0.0,0.0,0.0,0.0,0.0,0.0,0.0,0.0,bacteria,pseudomonadota,alphaproteobacteria,sphingomonadales,sphingosinicellaceae,sandaracinobacter,sandaracinobacter neustonicus
Zotu6150,0.0,0.0,0.0,0.0,0.0,0.0,0.0,0.0,bacteria,chlamydiota,chlamydiia,parachlamydiales,parachlamydiaceae,protochlamydia,candidatus protochlamydia naegleriophila
Zotu6151,0.0,0.0,0.0,0.0,0.0,0.003173,0.0,0.0,bacteria,actinomycetota,thermoleophilia,solirubrobacterales,conexibacteraceae,conexibacter,conexibacter woesei
Zotu6152,0.0,0.0,0.0,0.0,0.0,0.0,0.0,0.0,bacteria,chloroflexota,caldilineae,caldilineales,caldilineaceae,litorilinea,litorilinea aerophila
Zotu6153,0.0,0.0,0.0,0.0,0.0,0.0,0.0,0.047103,bacteria,thermodesulfobacteriota,syntrophobacteria,syntrophobacterales,syntrophobacteraceae,desulfoglaeba,desulfoglaeba alkanexedens
Zotu6154,0.0,0.0,0.0,0.0,0.0,0.047601,0.0,0.0,bacteria,pseudomonadota,deltaproteobacteria,myxococcales,anaeromyxobacteraceae,anaeromyxobacter,anaeromyxobacter dehalogenans
Zotu6155,0.0,0.0,0.0,0.0,0.038946,0.0,0.0,0.0,bacteria,gemmatimonadota,gemmatimonadetes,gemmatimonadales,gemmatimonadaceae,roseisolibacter,roseisolibacter agri
Zotu6156,0.0,0.0,0.0,0.0,0.0,0.0,0.0,0.0,bacteria,bacillota,clostridia,lutisporales,lutisporaceae,lutispora,lutispora thermophila
Zotu6157,0.003341,0.0,0.0,0.0,0.0,0.0,0.0,0.0,bacteria,bacillota,bacilli,bacillales,paenibacillaceae,oxalophagus,oxalophagus oxalicus
Zotu6158,0.003341,0.0,0.0,0.0,0.003245,0.0,0.0,0.00314,bacteria,pseudomonadota,betaproteobacteria,burkholderiales,burkholderiaceae,lautropia,lautropia mirabilis
Zotu6160,0.046768,0.038878,0.0,0.0,0.0,0.0,0.0,0.0,bacteria,planctomycetota,planctomycetia,gemmatales,gemmataceae,zavarzinella,zavarzinella formosa
Zotu6161,0.0,0.0,0.0,0.0,0.0,0.0,0.0,0.0,bacteria,gemmatimonadota,longimicrobiia,longimicrobiales,longimicrobiaceae,longimicrobium,longimicrobium terrae
Zotu6162,0.0,0.0,0.0,0.0,0.0,0.0,0.0,0.0,bacteria,chloroflexota,tepidiformia,tepidiformales,tepidiformaceae,tepidiforma,tepidiforma bonchosmolovskayae
Zotu6163,0.0,0.0,0.0,0.0,0.0,0.0,0.0,0.0,bacteria,actinomycetota,actinomycetes,micrococcales,microbacteriaceae,microbacterium,microbacterium rhizosphaerae
Zotu6164,0.0,0.0,0.0,0.0,0.0,0.0,0.0,0.0,bacteria,acidobacteriota,vicinamibacteria,vicinamibacterales,vicinamibacteraceae,vicinamibacter,vicinamibacter silvestris
Zotu6165,0.0,0.0,0.0,0.0,0.0,0.0,0.0,0.0,bacteria,pseudomonadota,alphaproteobacteria,hyphomicrobiales,phyllobacteriaceae,chelativorans,chelativorans multitrophicus
Zotu6166,0.0,0.0,0.0,0.0,0.0,0.0,0.0,0.0,bacteria,myxococcota,myxococcia,myxococcales,myxococcaceae,pyxidicoccus,pyxidicoccus fallax
Zotu6167,0.0,0.0,0.0,0.0,0.0,0.0,0.0,0.0,bacteria,chloroflexota,chloroflexia,kallotenuales,kallotenuaceae,kallotenue,kallotenue papyrolyticum
Zotu6168,0.0,0.0,0.0,0.0,0.0,0.0,0.0,0.0,bacteria,pseudomonadota,gammaproteobacteria,chromatiales,ectothiorhodospiraceae,inmirania,inmirania thermothiophila
Zotu6169,0.0,0.0,0.04442,0.0,0.0,0.0,0.0,0.0,bacteria,pseudomonadota,deltaproteobacteria,myxococcales,anaeromyxobacteraceae,anaeromyxobacter,anaeromyxobacter dehalogenans
Zotu6171,0.0,0.0,0.0,0.0,0.0,0.0,0.0,0.0,bacteria,myxococcota,myxococcota,haliangiales,kofleriaceae,kofleria,kofleria flava
Zotu6172,0.0,0.0,0.003173,0.0,0.0,0.0,0.047093,0.0,bacteria,bacillota,clostridia,eubacteriales,symbiobacteriaceae,symbiobacterium,symbiobacterium turbinis
Zotu6173,0.0,0.0,0.0,0.0,0.0,0.0,0.0,0.0,bacteria,pseudomonadota,alphaproteobacteria,sphingomonadales,sphingosinicellaceae,pedomonas,pedomonas mirosovicensis
Zotu6174,0.0,0.0,0.0,0.0,0.081137,0.0,0.0,0.0,bacteria,actinomycetota,nitriliruptoria,nitriliruptorales,nitriliruptoraceae,profundirhabdus,profundirhabdus halotolerans
Zotu6175,0.0,0.0,0.0,0.0,0.0,0.0,0.0,0.0,bacteria,pseudomonadota,gammaproteobacteria,xanthomonadales,xanthomonadaceae,lysobacter,lysobacter terrigena
Zotu6176,0.0,0.0,0.0,0.0,0.061664,0.0,0.00314,0.0,bacteria,pseudomonadota,betaproteobacteria,burkholderiales,burkholderiaceae,paraburkholderia,paraburkholderia domus
Zotu6178,0.0,0.0,0.0,0.0,0.0,0.0,0.0,0.0,bacteria,bacteroidota,sphingobacteriia,sphingobacteriales,sphingobacteriaceae,solitalea,solitalea canadensis
Zotu6180,0.0,0.0,0.0,0.0,0.0,0.0,0.0,0.0,bacteria,planctomycetota,planctomycetia,pirellulales,pirellulaceae,anatilimnocola,anatilimnocola aggregata
Zotu6181,0.026725,0.032398,0.0,0.0,0.0,0.0,0.0,0.0,archaea,methanobacteriota,thermoplasmata,methanomassiliicoccales,methanomassiliicoccaceae,methanomassiliicoccus,candidatus methanomassiliicoccus intestinalis
Zotu6182,0.0,0.0,0.0,0.0,0.0,0.0,0.0,0.0,bacteria,verrucomicrobiota,verrucomicrobiae,verrucomicrobiales,verrucomicrobia subdivision 3,pedosphaera,pedosphaera parvula
Zotu6183,0.073493,0.0,0.0,0.0,0.0,0.003173,0.0,0.00314,bacteria,cyanobacteriota,cyanobacteria,synechococcales,trichocoleusaceae,trichocoleus,trichocoleus desertorum
Zotu6185,0.0,0.0,0.0,0.0,0.0,0.0,0.0,0.0,bacteria,chloroflexota,chloroflexia,herpetosiphonales,herpetosiphonaceae,herpetosiphon,herpetosiphon aurantiacus
Zotu6187,0.010022,0.0,0.003173,0.0,0.0,0.0,0.0,0.00314,bacteria,pseudomonadota,gammaproteobacteria,steroidobacterales,steroidobacteraceae,peristeroidobacter,peristeroidobacter agariperforans
Zotu6188,0.0,0.0,0.0,0.0,0.0,0.0,0.0,0.0,bacteria,pseudomonadota,gammaproteobacteria,moraxellales,moraxellaceae,acinetobacter,acinetobacter seohaensis
Zotu6189,0.0,0.0,0.0,0.0,0.0,0.0,0.0,0.0,bacteria,bacteroidota,cytophagia,cytophagales,hymenobacteraceae,adhaeribacter,adhaeribacter aerophilus
Zotu6190,0.0,0.0,0.0,0.0,0.0,0.0,0.0,0.0,bacteria,myxococcota,myxococcia,myxococcales,archangiaceae,hyalangium,hyalangium minutum
Zotu6192,0.0,0.0,0.0,0.0,0.0,0.104722,0.0,0.0,bacteria,verrucomicrobiota,verrucomicrobiae,verrucomicrobiales,verrucomicrobia subdivision 3,pedosphaera,pedosphaera parvula
Zotu6193,0.0,0.0,0.0,0.0,0.0,0.0,0.0,0.0,bacteria,bacteroidota,chitinophagia,chitinophagales,chitinophagaceae,segetibacter,segetibacter aerophilus
Zotu6194,0.0,0.0,0.0,0.0,0.0,0.0,0.0,0.0,bacteria,actinomycetota,actinomycetes,propionibacteriales,nocardioidaceae,nocardioides,nocardioides solisilvae
Zotu6195,0.0,0.0,0.0,0.0,0.0,0.0,0.0,0.0,bacteria,thermodesulfobacteriota,desulfobulbia,desulfobulbales,desulfobulbaceae,desulfolithobacter,desulfolithobacter dissulfuricans
Zotu6196,0.0,0.0,0.0,0.0,0.0,0.0,0.0,0.0,bacteria,cyanobacteriota,cyanobacteria,nostocales,scytonemataceae,scytonema,scytonema ocellatum
Zotu6198,0.0,0.064796,0.0,0.0,0.0,0.0,0.025116,0.0,bacteria,bacillota,bacilli,bacillales,paenibacillaceae,paenibacillus,paenibacillus phyllosphaerae
Zotu6199,0.0,0.0,0.0,0.0,0.0,0.0,0.0,0.0,bacteria,actinomycetota,thermoleophilia,solirubrobacterales,parviterribacteraceae,parviterribacter,parviterribacter multiflagellatus
Zotu6200,0.0,0.0,0.0,0.0,0.0,0.0,0.0,0.0,bacteria,bacteroidota,sphingobacteriia,sphingobacteriales,sphingobacteriaceae,pedobacter,pedobacter xinjiangensis
Zotu6201,0.0,0.0,0.0,0.0,0.038946,0.0,0.0,0.0,bacteria,pseudomonadota,alphaproteobacteria,hyphomicrobiales,boseaceae,bosea,bosea thiooxidans
Zotu6202,0.0,0.0,0.0,0.0,0.0,0.0,0.00314,0.0,bacteria,planctomycetota,planctomycetia,pirellulales,pirellulaceae,rosistilla,rosistilla oblonga
Zotu6203,0.0,0.0,0.0,0.0,0.0,0.0,0.00314,0.059664,bacteria,pseudomonadota,deltaproteobacteria,myxococcales,anaeromyxobacteraceae,anaeromyxobacter,anaeromyxobacter dehalogenans
Zotu6205,0.0,0.0,0.0,0.0,0.0,0.0,0.0,0.0,bacteria,pseudomonadota,alphaproteobacteria,hyphomicrobiales,methylobacteriaceae,microvirga,microvirga guangxiensis
Zotu6206,0.0,0.0,0.0,0.0,0.0,0.0,0.0,0.0,bacteria,actinomycetota,rubrobacteria,rubrobacterales,rubrobacteraceae,rubrobacter,rubrobacter xylanophilus
Zotu6207,0.0,0.0,0.0,0.0,0.0,0.0,0.0,0.0,bacteria,bacteroidota,cytophagia,cytophagales,flexibacteraceae,flexibacter,flexibacter flexilis
Zotu6208,0.010022,0.009719,0.0,0.0,0.0,0.003173,0.009419,0.0,bacteria,actinomycetota,rubrobacteria,rubrobacterales,rubrobacteraceae,rubrobacter,rubrobacter naiadicus
Zotu6210,0.0,0.0,0.0,0.0,0.0,0.0,0.0,0.0,bacteria,ignavibacteriota,ignavibacteria,ignavibacteriales,ignavibacteriaceae,ignavibacterium,ignavibacterium album
Zotu6211,0.0,0.0,0.0,0.0,0.0,0.0,0.0,0.00314,bacteria,chloroflexota,chloroflexia,kallotenuales,kallotenuaceae,kallotenue,kallotenue papyrolyticum
Zotu6212,0.090195,0.0,0.0,0.0,0.0,0.0,0.0,0.0,bacteria,planctomycetota,planctomycetia,pirellulales,lacipirellulaceae,aeoliella,aeoliella mucimassa
Zotu6213,0.030065,0.029158,0.0,0.0,0.0357,0.0,0.015698,0.00314,bacteria,myxococcota,myxococcia,myxococcales,myxococcaceae,simulacricoccus,simulacricoccus ruber
Zotu6214,0.0,0.0,0.0,0.0,0.0,0.0,0.0,0.0,bacteria,actinomycetota,rubrobacteria,rubrobacterales,rubrobacteraceae,rubrobacter,rubrobacter taiwanensis
Zotu6216,0.0,0.0,0.0,0.0,0.087628,0.0,0.0,0.0,bacteria,pseudomonadota,alphaproteobacteria,hyphomicrobiales,propylenellaceae,propylenella,propylenella binzhouense
Zotu6217,0.0,0.0,0.0,0.0,0.0,0.0,0.0,0.0,bacteria,acidobacteriota,vicinamibacteria,vicinamibacterales,vicinamibacteraceae,luteitalea,luteitalea pratensis
Zotu6218,0.0,0.0,0.079322,0.0,0.0,0.003173,0.0,0.0,bacteria,bacillota,clostridia,eubacteriales,peptococcaceae,desulforamulus,desulforamulus ferrireducens
Zotu6219,0.0,0.0,0.0,0.0,0.0,0.0,0.006279,0.0,bacteria,bacteroidota,cytophagia,cytophagales,cytophagaceae,rhodocytophaga,rhodocytophaga rosea
Zotu6220,0.0,0.0,0.0,0.0,0.0,0.0,0.0,0.0,bacteria,pseudomonadota,alphaproteobacteria,sphingomonadales,sphingomonadaceae,sphingomonas,sphingomonas sediminicola
Zotu6221,0.006681,0.0,0.0,0.0,0.0,0.003173,0.0,0.0,bacteria,bacillota,clostridia,eubacteriales,symbiobacteriaceae,symbiobacterium,symbiobacterium terraclitae
Zotu6222,0.0,0.0,0.0,0.003074,0.0,0.0,0.0,0.0,bacteria,chloroflexota,chloroflexota,chloroflexota,chloroflexota,thermobaculum,thermobaculum terrenum
Zotu6223,0.090195,0.0,0.0,0.0,0.0,0.0,0.0,0.0,bacteria,bacillota,clostridia,peptostreptococcales,thermotaleaceae,anaeromicrobium,anaeromicrobium sediminis
Zotu6224,0.043427,0.0,0.0,0.0,0.0,0.0,0.0,0.0,bacteria,bacillota,clostridia,moorellales,moorellaceae,moorella,moorella humiferrea
Zotu6225,0.0,0.0,0.0,0.0,0.0,0.0,0.0,0.00314,bacteria,actinomycetota,actinomycetes,geodermatophilales,geodermatophilaceae,geodermatophilus,geodermatophilus chilensis
Zotu6226,0.0,0.0,0.0,0.0,0.019473,0.003173,0.0,0.0,bacteria,myxococcota,myxococcota,haliangiales,kofleriaceae,haliangium,haliangium ochraceum
Zotu6227,0.0,0.0,0.0,0.0,0.0,0.0,0.0,0.0,bacteria,bacillota,clostridia,eubacteriales,thermincolaceae,thermincola,thermincola carboxydiphila
Zotu6228,0.0,0.0,0.0,0.0,0.0,0.0,0.00314,0.0,bacteria,bacteroidota,cytophagia,cytophagales,hymenobacteraceae,adhaeribacter,adhaeribacter aquaticus
Zotu6229,0.0,0.0,0.0,0.0,0.0,0.0,0.0,0.0,bacteria,bacteroidota,sphingobacteriia,sphingobacteriales,aurantibacillaceae,aurantibacillus,aurantibacillus circumpalustris
Zotu6230,0.0,0.0,0.0,0.0,0.0,0.003173,0.0,0.0,archaea,methanobacteriota,thermoplasmata,methanomassiliicoccales,methanomassiliicoccaceae,methanomassiliicoccus,candidatus methanomassiliicoccus intestinalis
Zotu6231,0.0,0.0,0.0,0.0,0.0,0.0,0.0,0.0,archaea,methanobacteriota,thermoplasmata,methanomassiliicoccales,methanomassiliicoccaceae,methanomassiliicoccus,candidatus methanomassiliicoccus intestinalis
Zotu6232,0.0,0.0,0.0,0.0,0.0,0.0,0.0,0.0,bacteria,actinomycetota,thermoleophilia,solirubrobacterales,conexibacteraceae,conexibacter,conexibacter stalactiti
Zotu6234,0.0,0.0,0.0,0.0,0.0,0.0,0.0,0.0,bacteria,bacillota,bacilli,bacillales,paenibacillaceae,paenibacillus,paenibacillus antri
Zotu6235,0.006681,0.0,0.0,0.0,0.0,0.0,0.0,0.0,bacteria,actinomycetota,rubrobacteria,rubrobacterales,rubrobacteraceae,rubrobacter,rubrobacter xylanophilus
Zotu6236,0.0,0.0,0.0,0.0,0.0,0.0,0.0,0.0,bacteria,pseudomonadota,alphaproteobacteria,caulobacterales,caulobacteraceae,phenylobacterium,phenylobacterium lituiforme
Zotu6237,0.0,0.0,0.0,0.0,0.0,0.0,0.0,0.0,bacteria,candidatus saccharibacteria,candidatus saccharibacteria,candidatus saccharibacteria,candidatus saccharibacteria,candidatus saccharimonas,candidatus saccharimonas aalborgensis
Zotu6238,0.0,0.0,0.0,0.0,0.0,0.0,0.0,0.0,bacteria,chloroflexota,chloroflexia,kallotenuales,kallotenuaceae,kallotenue,kallotenue papyrolyticum
Zotu6239,0.0,0.00324,0.0,0.0,0.0,0.0,0.00314,0.0,bacteria,bacillota,clostridia,eubacteriales,symbiobacteriaceae,symbiobacterium,symbiobacterium terraclitae
Zotu6240,0.030065,0.0,0.003173,0.0,0.084383,0.003173,0.0,0.0,bacteria,chloroflexota,tepidiformia,tepidiformales,tepidiformaceae,tepidiforma,tepidiforma bonchosmolovskayae
Zotu6241,0.033406,0.0,0.0,0.0,0.0,0.0,0.0,0.0,bacteria,planctomycetota,planctomycetia,gemmatales,gemmataceae,gemmata,gemmata obscuriglobus
Zotu6242,0.0,0.0,0.0,0.0,0.0,0.0,0.0,0.0,bacteria,actinomycetota,thermoleophilia,solirubrobacterales,solirubrobacteraceae,solirubrobacter,solirubrobacter phytolaccae
Zotu6243,0.0,0.0,0.0,0.0,0.0,0.0,0.0,0.0,bacteria,bacillota,bacilli,bacillales,bacillales family x. incertae sedis,brockia,brockia lithotrophica
Zotu6244,0.0,0.0,0.0,0.0,0.0,0.0,0.00314,0.0,bacteria,chloroflexota,chloroflexia,kallotenuales,kallotenuaceae,kallotenue,kallotenue papyrolyticum
Zotu6245,0.0,0.0,0.0,0.0,0.0,0.0,0.053372,0.0,bacteria,bacillota,bacillota,bacillota,bacillota,capillibacterium,capillibacterium thermochitinicola
Zotu6246,0.030065,0.00324,0.006346,0.0,0.0,0.003173,0.0,0.0,bacteria,myxococcota,myxococcota,polyangiales,polyangiaceae,byssovorax,byssovorax cruenta
Zotu6247,0.020043,0.0,0.0,0.0,0.0,0.0,0.0,0.0,bacteria,pseudomonadota,hydrogenophilia,hydrogenophilia,hydrogenophilia,pelomicrobium,pelomicrobium methylotrophicum
Zotu6248,0.0,0.0,0.0,0.0,0.0,0.0,0.0,0.0,bacteria,pseudomonadota,alphaproteobacteria,hyphomicrobiales,brucellaceae,brucella,brucella intermedia
Zotu6249,0.0,0.0,0.0,0.0,0.0,0.079335,0.0,0.0,bacteria,verrucomicrobiota,verrucomicrobiae,verrucomicrobiales,verrucomicrobia subdivision 3,pedosphaera,pedosphaera parvula
Zotu6250,0.050109,0.051837,0.0,0.0,0.0,0.0,0.0,0.0,bacteria,planctomycetota,planctomycetia,pirellulales,lacipirellulaceae,lacipirellula,lacipirellula limnantheis
Zotu6251,0.0,0.0,0.0,0.0,0.0,0.0,0.0,0.0,bacteria,actinomycetota,thermoleophilia,solirubrobacterales,parviterribacteraceae,parviterribacter,parviterribacter kavangonensis
Zotu6252,0.040087,0.016199,0.0,0.0,0.0,0.0,0.0,0.0,bacteria,pseudomonadota,deltaproteobacteria,desulfuromonadales,desulfuromonadaceae,desulfuromonas,desulfuromonas svalbardensis
Zotu6253,0.0,0.0,0.0,0.0,0.0,0.0,0.0,0.00628,bacteria,actinomycetota,rubrobacteria,rubrobacterales,rubrobacteraceae,rubrobacter,rubrobacter spartanus
Zotu6254,0.0,0.0,0.0,0.0,0.0,0.0,0.0,0.0,bacteria,pseudomonadota,gammaproteobacteria,legionellales,coxiellaceae,coxiella,coxiella cheraxi
Zotu6256,0.0,0.0,0.0,0.0,0.0,0.0,0.0,0.0,bacteria,pseudomonadota,betaproteobacteria,rhodocyclales,zoogloeaceae,thauera,thauera mechernichensis
Zotu6257,0.0,0.0,0.0,0.0,0.0,0.0,0.006279,0.0,bacteria,actinomycetota,rubrobacteria,gaiellales,gaiellaceae,gaiella,gaiella occulta
Zotu6258,0.0,0.0,0.0,0.0,0.0,0.0,0.00314,0.00314,bacteria,actinomycetota,rubrobacteria,gaiellales,gaiellaceae,gaiella,gaiella occulta
Zotu6259,0.0,0.0,0.0,0.0,0.0,0.0,0.021977,0.0,bacteria,actinomycetota,acidimicrobiia,acidimicrobiales,iamiaceae,iamia,iamia majanohamensis
Zotu6260,0.0,0.0,0.0,0.0,0.0,0.0,0.0,0.0,bacteria,actinomycetota,thermoleophilia,solirubrobacterales,conexibacteraceae,conexibacter,conexibacter stalactiti
Zotu6261,0.0,0.0,0.028556,0.0,0.048682,0.00952,0.078488,0.075365,bacteria,gemmatimonadota,longimicrobiia,longimicrobiales,longimicrobiaceae,longimicrobium,longimicrobium terrae
Zotu6262,0.0,0.0,0.0,0.0,0.0,0.0,0.0,0.0,bacteria,bacteroidota,chitinophagia,chitinophagales,chitinophagaceae,paracnuella,paracnuella aquatica
Zotu6263,0.0,0.0,0.0,0.0,0.0,0.0,0.0,0.0,bacteria,thermodesulfobacteriota,desulfuromonadia,geobacterales,geobacteraceae,geobacter,geobacter argillaceus
Zotu6264,0.0,0.0,0.0,0.0,0.0,0.0,0.0,0.0,bacteria,bacteroidota,cytophagia,cytophagales,hymenobacteraceae,pontibacter,pontibacter amylolyticus
Zotu6265,0.0,0.0,0.0,0.0,0.113592,0.0,0.0,0.0,bacteria,myxococcota,myxococcota,polyangiales,polyangiaceae,racemicystis,racemicystis persica
Zotu6266,0.0,0.00324,0.0,0.0,0.0,0.0,0.0,0.0,bacteria,pseudomonadota,alphaproteobacteria,hyphomicrobiales,methylobacteriaceae,enterovirga,enterovirga rhinocerotis
Zotu6267,0.0,0.0,0.0,0.0,0.0,0.034907,0.015698,0.0,bacteria,chloroflexota,tepidiformia,tepidiformales,tepidiformaceae,tepidiforma,tepidiforma bonchosmolovskayae
Zotu6268,0.0,0.0,0.0,0.0,0.003245,0.0,0.0,0.0,bacteria,bacillota,bacilli,bacillales,bacillaceae,bacillus,bacillus kwashiorkori
Zotu6269,0.0,0.0,0.0,0.0,0.0,0.0,0.025116,0.047103,bacteria,chloroflexota,chloroflexia,herpetosiphonales,herpetosiphonaceae,herpetosiphon,herpetosiphon aurantiacus
Zotu6270,0.003341,0.019439,0.0,0.0,0.0,0.003173,0.0,0.0,archaea,methanobacteriota,thermoplasmata,methanomassiliicoccales,methanomassiliicoccaceae,methanomassiliicoccus,candidatus methanomassiliicoccus intestinalis
Zotu6271,0.003341,0.0,0.0,0.0,0.029209,0.0,0.0,0.0,bacteria,actinomycetota,actinomycetes,geodermatophilales,geodermatophilaceae,geodermatophilus,geodermatophilus saharensis
Zotu6272,0.036746,0.032398,0.0,0.0,0.0,0.0,0.0,0.00314,bacteria,pseudomonadota,betaproteobacteria,burkholderiales,burkholderiaceae,burkholderia,burkholderia sordidicola
Zotu6273,0.0,0.0,0.0,0.0,0.0,0.0,0.0,0.0,bacteria,actinomycetota,actinomycetes,micrococcales,promicromonosporaceae,cellulosimicrobium,cellulosimicrobium cellulans
Zotu6274,0.030065,0.025918,0.0,0.0,0.0,0.0,0.0,0.0,bacteria,actinomycetota,rubrobacteria,rubrobacterales,rubrobacteraceae,rubrobacter,rubrobacter xylanophilus
Zotu6275,0.0,0.0,0.0,0.0,0.0,0.0,0.0,0.0,bacteria,pseudomonadota,alphaproteobacteria,rhodospirillales,thalassobaculaceae,thalassobaculum,thalassobaculum litoreum
Zotu6276,0.0,0.0,0.0,0.0,0.0,0.0,0.0,0.0,archaea,methanobacteriota,halobacteria,halobacteriales,halobacteriaceae,natronomonas,natronomonas moolapensis
Zotu6277,0.0,0.0,0.0,0.0,0.0,0.0,0.0,0.0,bacteria,gemmatimonadota,gemmatimonadetes,gemmatimonadales,gemmatimonadaceae,roseisolibacter,roseisolibacter agri
Zotu6279,0.0,0.0,0.0,0.0,0.0,0.0,0.0,0.0,bacteria,pseudomonadota,alphaproteobacteria,sphingomonadales,sphingosinicellaceae,sphingosinicella,sphingosinicella ginsenosidimutans
Zotu6280,0.0,0.0,0.0,0.0,0.0,0.0,0.0,0.0,bacteria,pseudomonadota,alphaproteobacteria,hyphomicrobiales,hyphomicrobiaceae,rhodoplanes,rhodoplanes serenus
Zotu6281,0.0,0.0,0.0,0.0,0.0,0.0,0.0,0.0,bacteria,bacteroidota,cytophagia,cytophagales,cytophagaceae,rhodocytophaga,rhodocytophaga aerolata
Zotu6282,0.003341,0.0,0.117397,0.0,0.0,0.0,0.0,0.0,archaea,methanobacteriota,thermococci,thermococcales,thermococcaceae,thermococcus,thermococcus litoralis
Zotu6283,0.0,0.0,0.0,0.0,0.0,0.0,0.0,0.0,bacteria,bacillota,clostridia,eubacteriales,desulfotomaculaceae,desulfotomaculum,desulfotomaculum nigrificans
Zotu6284,0.0,0.0,0.0,0.0,0.0,0.0,0.0,0.0,bacteria,gemmatimonadota,longimicrobiia,longimicrobiales,longimicrobiaceae,longimicrobium,longimicrobium terrae
Zotu6346,0.0,0.0,0.0,0.0,0.0,0.0,0.0,0.0,bacteria,planctomycetota,planctomycetia,planctomycetales,planctomycetaceae,calycomorphotria,calycomorphotria hydatis
Zotu6347,0.0,0.0,0.0,0.0,0.0,0.0,0.0,0.0,bacteria,chloroflexota,anaerolineae,anaerolineales,anaerolineaceae,leptolinea,leptolinea tardivitalis
Zotu6348,0.006681,0.0,0.060285,0.0,0.045437,0.003173,0.00314,0.0,bacteria,acidobacteriota,vicinamibacteria,vicinamibacterales,vicinamibacteraceae,vicinamibacter,vicinamibacter silvestris
Zotu6349,0.0,0.0,0.0,0.0,0.0,0.0,0.0,0.0,archaea,methanobacteriota,methanomicrobia,methanomicrobiales,methanomicrobiaceae,methanoculleus,methanoculleus sediminis
Zotu6350,0.0,0.0,0.0,0.0,0.0,0.0,0.0,0.0,bacteria,planctomycetota,phycisphaerae,tepidisphaerales,tepidisphaeraceae,tepidisphaera,tepidisphaera mucosa
Zotu6351,0.0,0.0,0.0,0.0,0.0,0.0,0.0,0.0,bacteria,actinomycetota,actinomycetes,pseudonocardiales,pseudonocardiaceae,allokutzneria,allokutzneria oryzae
Zotu6353,0.0,0.0,0.0,0.0,0.0,0.0,0.0,0.0,bacteria,pseudomonadota,alphaproteobacteria,sphingomonadales,erythrobacteraceae,porphyrobacter,porphyrobacter donghaensis
Zotu6354,0.003341,0.0,0.0,0.0,0.0,0.0,0.00314,0.0,archaea,methanobacteriota,thermoplasmata,methanomassiliicoccales,methanomassiliicoccaceae,methanomassiliicoccus,candidatus methanomassiliicoccus intestinalis
Zotu6355,0.0,0.0,0.0,0.0,0.0,0.0,0.00314,0.00314,bacteria,pseudomonadota,betaproteobacteria,burkholderiales,comamonadaceae,acidovorax,acidovorax oryzae
Zotu6356,0.010022,0.0,0.0,0.0,0.0,0.0,0.00314,0.0,bacteria,pseudomonadota,gammaproteobacteria,acidiferrobacterales,acidiferrobacteraceae,sulfuricaulis,sulfuricaulis limicola
Zotu6357,0.0,0.0,0.0,0.0,0.0,0.0,0.0,0.00314,bacteria,bacillota,bacilli,bacillales,paenibacillaceae,paenibacillus,paenibacillus antri
Zotu6358,0.0,0.0,0.0,0.0,0.0,0.050774,0.0,0.0,bacteria,pseudomonadota,alphaproteobacteria,rhodospirillales,azospirillaceae,indioceanicola,indioceanicola profundi
Zotu6359,0.0,0.0,0.0,0.0,0.0,0.057121,0.0,0.0,bacteria,planctomycetota,planctomycetia,pirellulales,pirellulaceae,candidatus anammoximicrobium,candidatus anammoximicrobium moscowii
Zotu6360,0.0,0.0,0.0,0.0,0.0,0.0,0.0,0.0,bacteria,pseudomonadota,alphaproteobacteria,hyphomicrobiales,aurantimonadaceae,aureimonas,aureimonas altamirensis
Zotu6361,0.003341,0.012959,0.0,0.0,0.009736,0.015867,0.0,0.0,bacteria,actinomycetota,rubrobacteria,rubrobacterales,rubrobacteraceae,rubrobacter,rubrobacter spartanus
Zotu6362,0.0,0.016199,0.0,0.0,0.0,0.0,0.0,0.0,bacteria,acidobacteriota,vicinamibacteria,vicinamibacterales,vicinamibacteraceae,luteitalea,luteitalea pratensis
Zotu6363,0.0,0.0,0.0,0.0,0.0,0.0,0.0,0.0,bacteria,bacillota,clostridia,moorellales,moorellaceae,moorella,moorella glycerini
Zotu6364,0.0,0.0,0.0,0.0,0.0,0.0,0.0,0.0,bacteria,gemmatimonadota,longimicrobiia,longimicrobiales,longimicrobiaceae,longimicrobium,longimicrobium terrae
Zotu6365,0.0,0.00324,0.038075,0.0,0.003245,0.0,0.0,0.0,bacteria,actinomycetota,rubrobacteria,rubrobacterales,rubrobacteraceae,rubrobacter,rubrobacter spartanus
Zotu6366,0.003341,0.022679,0.0,0.0,0.055173,0.00952,0.0,0.0,bacteria,actinomycetota,thermoleophilia,solirubrobacterales,parviterribacteraceae,parviterribacter,parviterribacter kavangonensis
Zotu6367,0.0,0.00324,0.003173,0.0,0.0,0.0,0.0,0.0,bacteria,myxococcota,myxococcota,haliangiales,kofleriaceae,haliangium,haliangium ochraceum
Zotu6368,0.0,0.0,0.0,0.0,0.0,0.0,0.0,0.0,bacteria,actinomycetota,acidimicrobiia,acidimicrobiales,iamiaceae,actinomarinicola,actinomarinicola tropica
Zotu6369,0.0,0.0,0.0,0.0,0.0,0.031734,0.0,0.0,bacteria,chloroflexota,chloroflexia,kallotenuales,kallotenuaceae,kallotenue,kallotenue papyrolyticum
Zotu6370,0.0,0.0,0.0,0.0,0.0,0.0,0.0,0.0,bacteria,actinomycetota,thermoleophilia,solirubrobacterales,conexibacteraceae,conexibacter,conexibacter arvalis
Zotu6371,0.0,0.0,0.0,0.0,0.0,0.0,0.0,0.0,bacteria,bacteroidota,chitinophagia,chitinophagales,chitinophagaceae,flavisolibacter,flavisolibacter ginsengiterrae
Zotu6372,0.0,0.0,0.0,0.0,0.0,0.0,0.0,0.0,bacteria,planctomycetota,planctomycetia,pirellulales,pirellulaceae,pirellula,pirellula staleyi
Zotu6373,0.0,0.00648,0.0,0.0,0.0,0.0,0.0,0.0,bacteria,bacteroidota,flavobacteriia,flavobacteriales,schleiferiaceae,owenweeksia,owenweeksia hongkongensis
Zotu6374,0.0,0.0,0.0,0.0,0.0,0.0,0.0,0.0,bacteria,gemmatimonadota,longimicrobiia,longimicrobiales,longimicrobiaceae,longimicrobium,longimicrobium terrae
Zotu6375,0.0,0.0,0.0,0.0,0.0,0.0,0.0,0.0,bacteria,gemmatimonadota,longimicrobiia,longimicrobiales,longimicrobiaceae,longimicrobium,longimicrobium terrae
Zotu6376,0.0,0.0,0.0,0.0,0.0,0.0,0.0,0.0,bacteria,planctomycetota,planctomycetia,planctomycetales,planctomycetaceae,symmachiella,symmachiella dynata
Zotu6377,0.0,0.0,0.0,0.003074,0.0,0.0,0.0,0.040823,bacteria,actinomycetota,thermoleophilia,solirubrobacterales,conexibacteraceae,conexibacter,conexibacter arvalis
Zotu6378,0.0,0.068036,0.0,0.003074,0.0,0.0,0.0,0.0,bacteria,chloroflexota,anaerolineae,anaerolineales,anaerolineaceae,thermomarinilinea,thermomarinilinea lacunifontana
Zotu6379,0.0,0.0,0.0,0.0,0.0,0.0,0.00314,0.0,bacteria,actinomycetota,actinomycetes,streptosporangiales,thermomonosporaceae,actinocorallia,actinocorallia longicatena
Zotu6380,0.0,0.0,0.0,0.0,0.003245,0.0,0.0,0.0,bacteria,actinomycetota,thermoleophilia,solirubrobacterales,parviterribacteraceae,parviterribacter,parviterribacter multiflagellatus
Zotu6381,0.0,0.0,0.0,0.0,0.0,0.0,0.0,0.0,bacteria,bacillota,limnochordia,limnochordales,limnochordaceae,limnochorda,limnochorda pilosa
Zotu6382,0.0,0.0,0.0,0.0,0.0,0.0,0.0,0.0,bacteria,verrucomicrobiota,verrucomicrobiae,verrucomicrobiales,verrucomicrobia subdivision 3,pedosphaera,pedosphaera parvula
Zotu6383,0.0,0.0,0.0,0.0,0.0,0.0,0.0,0.0,bacteria,chloroflexota,chloroflexota,chloroflexota,chloroflexota,thermobaculum,thermobaculum terrenum
Zotu6384,0.0,0.0,0.0,0.0,0.0,0.0,0.0,0.0,bacteria,actinomycetota,thermoleophilia,solirubrobacterales,solirubrobacteraceae,solirubrobacter,solirubrobacter ginsenosidimutans
Zotu6386,0.0,0.0,0.0,0.0,0.0,0.003173,0.0,0.0,bacteria,actinomycetota,thermoleophilia,solirubrobacterales,conexibacteraceae,conexibacter,conexibacter arvalis
Zotu6387,0.0,0.0,0.0,0.0,0.003245,0.0,0.0,0.0,bacteria,bacillota,bacilli,bacillales,paenibacillaceae,paenibacillus,paenibacillus mucilaginosus
Zotu6388,0.0,0.0,0.0,0.0,0.0,0.0,0.0,0.0,bacteria,actinomycetota,nitriliruptoria,euzebyales,euzebyaceae,euzebya,euzebya pacifica
Zotu6389,0.0,0.0,0.0,0.003074,0.019473,0.0,0.00314,0.0,bacteria,gemmatimonadota,longimicrobiia,longimicrobiales,longimicrobiaceae,longimicrobium,longimicrobium terrae
Zotu6390,0.010022,0.042118,0.0,0.0,0.084383,0.0,0.043953,0.0,archaea,methanobacteriota,thermoplasmata,methanomassiliicoccales,candidatus methanomethylophilaceae,candidatus methanomethylophilus,candidatus methanomethylophilus alvus
Zotu6391,0.003341,0.051837,0.0,0.0,0.0,0.0,0.0,0.0,bacteria,acidobacteriota,vicinamibacteria,vicinamibacterales,vicinamibacteraceae,luteitalea,luteitalea pratensis
Zotu6392,0.0,0.0,0.0,0.0,0.0,0.0,0.0,0.0,bacteria,actinomycetota,rubrobacteria,rubrobacterales,rubrobacteraceae,rubrobacter,rubrobacter xylanophilus
Zotu6393,0.0,0.0,0.0,0.046113,0.0,0.0,0.0,0.0,archaea,methanobacteriota,thermoplasmata,methanomassiliicoccales,methanomassiliicoccaceae,methanomassiliicoccus,candidatus methanomassiliicoccus intestinalis
Zotu6394,0.0,0.0,0.0,0.0,0.0,0.0,0.0,0.0,bacteria,bacteroidota,cytophagia,cytophagales,fulvivirgaceae,ohtaekwangia,ohtaekwangia koreensis
Zotu6395,0.0,0.0,0.0,0.0,0.0,0.0,0.0,0.0,bacteria,actinomycetota,actinomycetes,micrococcales,microbacteriaceae,microbacterium,microbacterium arborescens
Zotu6396,0.0,0.0,0.0,0.0,0.003245,0.0,0.0,0.0,bacteria,actinomycetota,rubrobacteria,rubrobacterales,rubrobacteraceae,rubrobacter,rubrobacter spartanus
Zotu6397,0.0,0.0,0.0,0.0,0.0,0.0,0.0,0.0,bacteria,gemmatimonadota,gemmatimonadetes,gemmatimonadales,gemmatimonadaceae,gemmatimonas,gemmatimonas phototrophica
Zotu6398,0.0,0.0,0.0,0.0,0.0,0.0,0.0,0.0,bacteria,myxococcota,myxococcia,myxococcales,vulgatibacteraceae,vulgatibacter,vulgatibacter incomptus
Zotu6399,0.020043,0.0,0.0,0.0,0.0,0.0,0.0,0.0,bacteria,pseudomonadota,alphaproteobacteria,rhodospirillales,azospirillaceae,skermanella,skermanella pratensis
Zotu6400,0.0,0.0,0.0,0.0,0.0,0.0,0.0,0.0,bacteria,pseudomonadota,betaproteobacteria,burkholderiales,burkholderiales,rhizobacter,rhizobacter dauci
Zotu6401,0.0,0.0,0.0,0.0,0.0,0.0,0.0,0.0,bacteria,myxococcota,myxococcota,haliangiales,kofleriaceae,kofleria,kofleria flava
Zotu6402,0.0,0.0,0.0,0.0,0.0,0.0,0.0,0.0,bacteria,thermomicrobiota,thermomicrobia,sphaerobacterales,sphaerobacteraceae,sphaerobacter,sphaerobacter thermophilus
Zotu6403,0.003341,0.0,0.0,0.0,0.0,0.0,0.009419,0.0,bacteria,bacillota,clostridia,eubacteriales,symbiobacteriaceae,symbiobacterium,symbiobacterium terraclitae
Zotu6404,0.0,0.0,0.0,0.0,0.0,0.0,0.0,0.0,bacteria,bacteroidota,bacteroidia,bacteroidales,lentimicrobiaceae,lentimicrobium,lentimicrobium saccharophilum
Zotu6405,0.0,0.0,0.0,0.0,0.0,0.0,0.0,0.0,bacteria,actinomycetota,actinomycetes,pseudonocardiales,pseudonocardiaceae,pseudonocardia,pseudonocardia halophobica
Zotu6406,0.003341,0.0,0.0,0.0,0.0,0.0,0.0,0.0,bacteria,myxococcota,myxococcota,polyangiales,sandaracinaceae,sandaracinus,sandaracinus amylolyticus
Zotu6407,0.0,0.0,0.0,0.0,0.0,0.0,0.0,0.0,bacteria,planctomycetota,planctomycetia,gemmatales,gemmataceae,gemmata,gemmata obscuriglobus
Zotu6408,0.0,0.0,0.0,0.0,0.0,0.0,0.0,0.0,bacteria,pseudomonadota,gammaproteobacteria,xanthomonadales,xanthomonadaceae,lysobacter,lysobacter enzymogenes
Zotu6409,0.0,0.0,0.0,0.0,0.0,0.0,0.081628,0.0,bacteria,verrucomicrobiota,verrucomicrobiae,verrucomicrobiales,verrucomicrobia subdivision 3,pedosphaera,pedosphaera parvula
Zotu6410,0.0,0.0,0.0,0.003074,0.0,0.0,0.006279,0.0,bacteria,chloroflexota,chloroflexia,kallotenuales,kallotenuaceae,kallotenue,kallotenue papyrolyticum
Zotu6411,0.0,0.0,0.0,0.0,0.0,0.0,0.0,0.047103,bacteria,pseudomonadota,alphaproteobacteria,sphingomonadales,sphingomonadaceae,novosphingobium,novosphingobium endophyticum
Zotu6412,0.0,0.0,0.0,0.0,0.0,0.0,0.0,0.0,bacteria,bacteroidota,flavobacteriia,flavobacteriales,owenweeksiaceae,owenweeksia,owenweeksia hongkongensis
